change_type,plan_id,base_plan_id,host_mno,plan_category,plan_name,field,old_value,new_value,source_url
신규,LPZ1008252,LPZ1008252,LGU+,LGU+-키즈 | LGU+-청소년,데이터플랜150GB(키즈/청소년),,,,https://www.lguplus.com/mobile/plan/mplan/5g-all/5g-youth/LPZ1008252
신규,LPZ1008253,LPZ1008253,LGU+,LGU+-키즈 | LGU+-청소년,데이터플랜125GB(키즈/청소년),,,,https://www.lguplus.com/mobile/plan/mplan/5g-all/5g-youth/LPZ1008253
신규,LPZ1008254,LPZ1008254,LGU+,LGU+-키즈 | LGU+-청소년,데이터플랜95GB(키즈/청소년),,,,https://www.lguplus.com/mobile/plan/mplan/5g-all/5g-youth/LPZ1008254
신규,LPZ1008255,LPZ1008255,LGU+,LGU+-키즈 | LGU+-청소년,데이터플랜80GB(키즈/청소년),,,,https://www.lguplus.com/mobile/plan/mplan/5g-all/5g-youth/LPZ1008255
신규,LPZ1008256,LPZ1008256,LGU+,LGU+-키즈 | LGU+-청소년,데이터플랜50GB(키즈/청소년),,,,https://www.lguplus.com/mobile/plan/mplan/5g-all/5g-youth/LPZ1008256
신규,LPZ1008257,LPZ1008257,LGU+,LGU+-키즈 | LGU+-청소년,데이터플랜31GB(키즈/청소년),,,,https://www.lguplus.com/mobile/plan/mplan/5g-all/5g-youth/LPZ1008257
신규,LPZ1008258,LPZ1008258,LGU+,LGU+-키즈 | LGU+-청소년,데이터플랜24GB(키즈/청소년),,,,https://www.lguplus.com/mobile/plan/mplan/5g-all/5g-youth/LPZ1008258
신규,LPZ1008259,LPZ1008259,LGU+,LGU+-키즈 | LGU+-청소년,데이터플랜14GB(키즈/청소년),,,,https://www.lguplus.com/mobile/plan/mplan/5g-all/5g-youth/LPZ1008259
신규,37457,37457,LGU+,moyo,티플 외국인 7GB＋3Mbps_평생요금,,,,https://www.moyoplan.com/plans/37457
신규,37459,37459,SKT,moyo,[S] 데이터 100GB+,,,,https://www.moyoplan.com/plans/37459
신규,37458,37458,SKT,moyo,[S] 데이터 11GB+,,,,https://www.moyoplan.com/plans/37458
단종,26315,26315,LGU+,moyo,[모빌카드 스페셜] 유심 5G 125GB+,,,,https://www.moyoplan.com/plans/26315
단종,36649,36649,LGU+,moyo,5G 티플온 150GB+_평생 할인,,,,https://www.moyoplan.com/plans/36649
단종,37269,37269,SKT,moyo,[S] 데이터 100GB+,,,,https://www.moyoplan.com/plans/37269
단종,37264,37264,SKT,moyo,[S] 데이터 11GB+,,,,https://www.moyoplan.com/plans/37264
변경,1692_초이스 더블 유튜브 프리미엄+넷플릭스,1692_초이스 더블 유튜브 프리미엄+넷플릭스,KT,KT-통합요금제,초이스 더블 유튜브 프리미엄+넷플릭스,voice_extra_minutes,300.0,300,https://product.kt.com/wDic/productDetail.do?ItemCode=1692
변경,1692_초이스 더블 유튜브 프리미엄+ Google AI Plus,1692_초이스 더블 유튜브 프리미엄+ Google AI Plus,KT,KT-통합요금제,초이스 더블 유튜브 프리미엄+ Google AI Plus,voice_extra_minutes,300.0,300,https://product.kt.com/wDic/productDetail.do?ItemCode=1692
변경,1692_초이스 더블 유튜브 프리미엄+디바이스,1692_초이스 더블 유튜브 프리미엄+디바이스,KT,KT-통합요금제,초이스 더블 유튜브 프리미엄+디바이스,voice_extra_minutes,300.0,300,https://product.kt.com/wDic/productDetail.do?ItemCode=1692
변경,1692_초이스 더블 디바이스,1692_초이스 더블 디바이스,KT,KT-통합요금제,초이스 더블 디바이스,voice_extra_minutes,300.0,300,https://product.kt.com/wDic/productDetail.do?ItemCode=1692
변경,1692_초이스 더블 디즈니플러스+폰케어,1692_초이스 더블 디즈니플러스+폰케어,KT,KT-통합요금제,초이스 더블 디즈니플러스+폰케어,voice_extra_minutes,300.0,300,https://product.kt.com/wDic/productDetail.do?ItemCode=1692
변경,1692_초이스 더블 유튜브 프리미엄+넷플릭스_만 34세 이하,1692_초이스 더블 유튜브 프리미엄+넷플릭스,KT,KT-통합요금제,초이스 더블 유튜브 프리미엄+넷플릭스,voice_extra_minutes,300.0,300,https://product.kt.com/wDic/productDetail.do?ItemCode=1692
변경,1692_초이스 더블 유튜브 프리미엄+ Google AI Plus_만 34세 이하,1692_초이스 더블 유튜브 프리미엄+ Google AI Plus,KT,KT-통합요금제,초이스 더블 유튜브 프리미엄+ Google AI Plus,voice_extra_minutes,300.0,300,https://product.kt.com/wDic/productDetail.do?ItemCode=1692
변경,1692_초이스 더블 유튜브 프리미엄+디바이스_만 34세 이하,1692_초이스 더블 유튜브 프리미엄+디바이스,KT,KT-통합요금제,초이스 더블 유튜브 프리미엄+디바이스,voice_extra_minutes,300.0,300,https://product.kt.com/wDic/productDetail.do?ItemCode=1692
변경,1692_초이스 더블 디바이스_만 34세 이하,1692_초이스 더블 디바이스,KT,KT-통합요금제,초이스 더블 디바이스,voice_extra_minutes,300.0,300,https://product.kt.com/wDic/productDetail.do?ItemCode=1692
변경,1692_초이스 더블 디즈니플러스+폰케어_만 34세 이하,1692_초이스 더블 디즈니플러스+폰케어,KT,KT-통합요금제,초이스 더블 디즈니플러스+폰케어,voice_extra_minutes,300.0,300,https://product.kt.com/wDic/productDetail.do?ItemCode=1692
변경,1692_초이스 더블 유튜브 프리미엄+넷플릭스_만 65세 이상,1692_초이스 더블 유튜브 프리미엄+넷플릭스,KT,KT-통합요금제,초이스 더블 유튜브 프리미엄+넷플릭스,voice_extra_minutes,300.0,300,https://product.kt.com/wDic/productDetail.do?ItemCode=1692
변경,1692_초이스 더블 유튜브 프리미엄+ Google AI Plus_만 65세 이상,1692_초이스 더블 유튜브 프리미엄+ Google AI Plus,KT,KT-통합요금제,초이스 더블 유튜브 프리미엄+ Google AI Plus,voice_extra_minutes,300.0,300,https://product.kt.com/wDic/productDetail.do?ItemCode=1692
변경,1692_초이스 더블 유튜브 프리미엄+디바이스_만 65세 이상,1692_초이스 더블 유튜브 프리미엄+디바이스,KT,KT-통합요금제,초이스 더블 유튜브 프리미엄+디바이스,voice_extra_minutes,300.0,300,https://product.kt.com/wDic/productDetail.do?ItemCode=1692
변경,1692_초이스 더블 디바이스_만 65세 이상,1692_초이스 더블 디바이스,KT,KT-통합요금제,초이스 더블 디바이스,voice_extra_minutes,300.0,300,https://product.kt.com/wDic/productDetail.do?ItemCode=1692
변경,1692_초이스 더블 디즈니플러스+폰케어_만 65세 이상,1692_초이스 더블 디즈니플러스+폰케어,KT,KT-통합요금제,초이스 더블 디즈니플러스+폰케어,voice_extra_minutes,300.0,300,https://product.kt.com/wDic/productDetail.do?ItemCode=1692
변경,1692_초이스 더블 유튜브 프리미엄+넷플릭스_만 75세 이상,1692_초이스 더블 유튜브 프리미엄+넷플릭스,KT,KT-통합요금제,초이스 더블 유튜브 프리미엄+넷플릭스,voice_extra_minutes,300.0,300,https://product.kt.com/wDic/productDetail.do?ItemCode=1692
변경,1692_초이스 더블 유튜브 프리미엄+ Google AI Plus_만 75세 이상,1692_초이스 더블 유튜브 프리미엄+ Google AI Plus,KT,KT-통합요금제,초이스 더블 유튜브 프리미엄+ Google AI Plus,voice_extra_minutes,300.0,300,https://product.kt.com/wDic/productDetail.do?ItemCode=1692
변경,1692_초이스 더블 유튜브 프리미엄+디바이스_만 75세 이상,1692_초이스 더블 유튜브 프리미엄+디바이스,KT,KT-통합요금제,초이스 더블 유튜브 프리미엄+디바이스,voice_extra_minutes,300.0,300,https://product.kt.com/wDic/productDetail.do?ItemCode=1692
변경,1692_초이스 더블 디바이스_만 75세 이상,1692_초이스 더블 디바이스,KT,KT-통합요금제,초이스 더블 디바이스,voice_extra_minutes,300.0,300,https://product.kt.com/wDic/productDetail.do?ItemCode=1692
변경,1692_초이스 더블 디즈니플러스+폰케어_만 75세 이상,1692_초이스 더블 디즈니플러스+폰케어,KT,KT-통합요금제,초이스 더블 디즈니플러스+폰케어,voice_extra_minutes,300.0,300,https://product.kt.com/wDic/productDetail.do?ItemCode=1692
변경,1681_초이스130_유튜브프리미엄,1681_초이스130,KT,KT-통합요금제,초이스130 (유튜브 프리미엄),voice_extra_minutes,300.0,300,https://product.kt.com/wDic/productDetail.do?ItemCode=1681
변경,1681_초이스130_넷플릭스,1681_초이스130,KT,KT-통합요금제,초이스130 (넷플릭스),voice_extra_minutes,300.0,300,https://product.kt.com/wDic/productDetail.do?ItemCode=1681
변경,1681_초이스130_디즈니+,1681_초이스130,KT,KT-통합요금제,초이스130 (디즈니+),voice_extra_minutes,300.0,300,https://product.kt.com/wDic/productDetail.do?ItemCode=1681
변경,1681_초이스130_티빙/지니/밀리,1681_초이스130,KT,KT-통합요금제,초이스130 (티빙/지니/밀리),voice_extra_minutes,300.0,300,https://product.kt.com/wDic/productDetail.do?ItemCode=1681
변경,1681_초이스130_GoogleAIPlus(400GB),1681_초이스130,KT,KT-통합요금제,초이스130 (GoogleAI Plus (400GB)),voice_extra_minutes,300.0,300,https://product.kt.com/wDic/productDetail.do?ItemCode=1681
변경,1681_초이스130_폰케어,1681_초이스130,KT,KT-통합요금제,초이스130 (폰케어),voice_extra_minutes,300.0,300,https://product.kt.com/wDic/productDetail.do?ItemCode=1681
변경,1681_초이스130_삼성,1681_초이스130,KT,KT-통합요금제,초이스130 (삼성),voice_extra_minutes,300.0,300,https://product.kt.com/wDic/productDetail.do?ItemCode=1681
변경,1681_초이스130_디바이스,1681_초이스130,KT,KT-통합요금제,초이스130 (디바이스),voice_extra_minutes,300.0,300,https://product.kt.com/wDic/productDetail.do?ItemCode=1681
변경,1681_초이스130_가전구독,1681_초이스130,KT,KT-통합요금제,초이스130 (가전구독),voice_extra_minutes,300.0,300,https://product.kt.com/wDic/productDetail.do?ItemCode=1681
변경,1681_초이스130_위버스,1681_초이스130,KT,KT-통합요금제,초이스130 (위버스),voice_extra_minutes,300.0,300,https://product.kt.com/wDic/productDetail.do?ItemCode=1681
변경,1681_초이스110_유튜브프리미엄,1681_초이스110,KT,KT-통합요금제,초이스110 (유튜브 프리미엄),voice_extra_minutes,300.0,300,https://product.kt.com/wDic/productDetail.do?ItemCode=1681
변경,1681_초이스110_넷플릭스,1681_초이스110,KT,KT-통합요금제,초이스110 (넷플릭스),voice_extra_minutes,300.0,300,https://product.kt.com/wDic/productDetail.do?ItemCode=1681
변경,1681_초이스110_디즈니+,1681_초이스110,KT,KT-통합요금제,초이스110 (디즈니+),voice_extra_minutes,300.0,300,https://product.kt.com/wDic/productDetail.do?ItemCode=1681
변경,1681_초이스110_티빙/지니/밀리,1681_초이스110,KT,KT-통합요금제,초이스110 (티빙/지니/밀리),voice_extra_minutes,300.0,300,https://product.kt.com/wDic/productDetail.do?ItemCode=1681
변경,1681_초이스110_GoogleAIPlus(400GB),1681_초이스110,KT,KT-통합요금제,초이스110 (GoogleAI Plus (400GB)),voice_extra_minutes,300.0,300,https://product.kt.com/wDic/productDetail.do?ItemCode=1681
변경,1681_초이스110_폰케어,1681_초이스110,KT,KT-통합요금제,초이스110 (폰케어),voice_extra_minutes,300.0,300,https://product.kt.com/wDic/productDetail.do?ItemCode=1681
변경,1681_초이스110_삼성,1681_초이스110,KT,KT-통합요금제,초이스110 (삼성),voice_extra_minutes,300.0,300,https://product.kt.com/wDic/productDetail.do?ItemCode=1681
변경,1681_초이스110_디바이스,1681_초이스110,KT,KT-통합요금제,초이스110 (디바이스),voice_extra_minutes,300.0,300,https://product.kt.com/wDic/productDetail.do?ItemCode=1681
변경,1681_초이스110_가전구독,1681_초이스110,KT,KT-통합요금제,초이스110 (가전구독),voice_extra_minutes,300.0,300,https://product.kt.com/wDic/productDetail.do?ItemCode=1681
변경,1681_초이스110_위버스,1681_초이스110,KT,KT-통합요금제,초이스110 (위버스),voice_extra_minutes,300.0,300,https://product.kt.com/wDic/productDetail.do?ItemCode=1681
변경,1681_초이스90_유튜브프리미엄,1681_초이스90,KT,KT-통합요금제,초이스90 (유튜브 프리미엄),voice_extra_minutes,300.0,300,https://product.kt.com/wDic/productDetail.do?ItemCode=1681
변경,1681_초이스90_넷플릭스,1681_초이스90,KT,KT-통합요금제,초이스90 (넷플릭스),voice_extra_minutes,300.0,300,https://product.kt.com/wDic/productDetail.do?ItemCode=1681
변경,1681_초이스90_디즈니+,1681_초이스90,KT,KT-통합요금제,초이스90 (디즈니+),voice_extra_minutes,300.0,300,https://product.kt.com/wDic/productDetail.do?ItemCode=1681
변경,1681_초이스90_티빙/지니/밀리,1681_초이스90,KT,KT-통합요금제,초이스90 (티빙/지니/밀리),voice_extra_minutes,300.0,300,https://product.kt.com/wDic/productDetail.do?ItemCode=1681
변경,1681_초이스90_GoogleAIPlus(400GB),1681_초이스90,KT,KT-통합요금제,초이스90 (GoogleAI Plus (400GB)),voice_extra_minutes,300.0,300,https://product.kt.com/wDic/productDetail.do?ItemCode=1681
변경,1681_초이스90_폰케어,1681_초이스90,KT,KT-통합요금제,초이스90 (폰케어),voice_extra_minutes,300.0,300,https://product.kt.com/wDic/productDetail.do?ItemCode=1681
변경,1681_초이스90_삼성,1681_초이스90,KT,KT-통합요금제,초이스90 (삼성),voice_extra_minutes,300.0,300,https://product.kt.com/wDic/productDetail.do?ItemCode=1681
변경,1681_초이스90_디바이스,1681_초이스90,KT,KT-통합요금제,초이스90 (디바이스),voice_extra_minutes,300.0,300,https://product.kt.com/wDic/productDetail.do?ItemCode=1681
변경,1681_초이스90_가전구독,1681_초이스90,KT,KT-통합요금제,초이스90 (가전구독),voice_extra_minutes,300.0,300,https://product.kt.com/wDic/productDetail.do?ItemCode=1681
변경,1681_초이스90_위버스,1681_초이스90,KT,KT-통합요금제,초이스90 (위버스),voice_extra_minutes,300.0,300,https://product.kt.com/wDic/productDetail.do?ItemCode=1681
변경,1681_초이스130_만 34세 이하_유튜브프리미엄,1681_초이스130,KT,KT-통합요금제,초이스130 (유튜브 프리미엄),voice_extra_minutes,300.0,300,https://product.kt.com/wDic/productDetail.do?ItemCode=1681
변경,1681_초이스130_만 34세 이하_넷플릭스,1681_초이스130,KT,KT-통합요금제,초이스130 (넷플릭스),voice_extra_minutes,300.0,300,https://product.kt.com/wDic/productDetail.do?ItemCode=1681
변경,1681_초이스130_만 34세 이하_디즈니+,1681_초이스130,KT,KT-통합요금제,초이스130 (디즈니+),voice_extra_minutes,300.0,300,https://product.kt.com/wDic/productDetail.do?ItemCode=1681
변경,1681_초이스130_만 34세 이하_티빙/지니/밀리,1681_초이스130,KT,KT-통합요금제,초이스130 (티빙/지니/밀리),voice_extra_minutes,300.0,300,https://product.kt.com/wDic/productDetail.do?ItemCode=1681
변경,1681_초이스130_만 34세 이하_GoogleAIPlus(400GB),1681_초이스130,KT,KT-통합요금제,초이스130 (GoogleAI Plus (400GB)),voice_extra_minutes,300.0,300,https://product.kt.com/wDic/productDetail.do?ItemCode=1681
변경,1681_초이스130_만 34세 이하_폰케어,1681_초이스130,KT,KT-통합요금제,초이스130 (폰케어),voice_extra_minutes,300.0,300,https://product.kt.com/wDic/productDetail.do?ItemCode=1681
변경,1681_초이스130_만 34세 이하_삼성,1681_초이스130,KT,KT-통합요금제,초이스130 (삼성),voice_extra_minutes,300.0,300,https://product.kt.com/wDic/productDetail.do?ItemCode=1681
변경,1681_초이스130_만 34세 이하_디바이스,1681_초이스130,KT,KT-통합요금제,초이스130 (디바이스),voice_extra_minutes,300.0,300,https://product.kt.com/wDic/productDetail.do?ItemCode=1681
변경,1681_초이스130_만 34세 이하_가전구독,1681_초이스130,KT,KT-통합요금제,초이스130 (가전구독),voice_extra_minutes,300.0,300,https://product.kt.com/wDic/productDetail.do?ItemCode=1681
변경,1681_초이스130_만 34세 이하_위버스,1681_초이스130,KT,KT-통합요금제,초이스130 (위버스),voice_extra_minutes,300.0,300,https://product.kt.com/wDic/productDetail.do?ItemCode=1681
변경,1681_초이스110_만 34세 이하_유튜브프리미엄,1681_초이스110,KT,KT-통합요금제,초이스110 (유튜브 프리미엄),voice_extra_minutes,300.0,300,https://product.kt.com/wDic/productDetail.do?ItemCode=1681
변경,1681_초이스110_만 34세 이하_넷플릭스,1681_초이스110,KT,KT-통합요금제,초이스110 (넷플릭스),voice_extra_minutes,300.0,300,https://product.kt.com/wDic/productDetail.do?ItemCode=1681
변경,1681_초이스110_만 34세 이하_디즈니+,1681_초이스110,KT,KT-통합요금제,초이스110 (디즈니+),voice_extra_minutes,300.0,300,https://product.kt.com/wDic/productDetail.do?ItemCode=1681
변경,1681_초이스110_만 34세 이하_티빙/지니/밀리,1681_초이스110,KT,KT-통합요금제,초이스110 (티빙/지니/밀리),voice_extra_minutes,300.0,300,https://product.kt.com/wDic/productDetail.do?ItemCode=1681
변경,1681_초이스110_만 34세 이하_GoogleAIPlus(400GB),1681_초이스110,KT,KT-통합요금제,초이스110 (GoogleAI Plus (400GB)),voice_extra_minutes,300.0,300,https://product.kt.com/wDic/productDetail.do?ItemCode=1681
변경,1681_초이스110_만 34세 이하_폰케어,1681_초이스110,KT,KT-통합요금제,초이스110 (폰케어),voice_extra_minutes,300.0,300,https://product.kt.com/wDic/productDetail.do?ItemCode=1681
변경,1681_초이스110_만 34세 이하_삼성,1681_초이스110,KT,KT-통합요금제,초이스110 (삼성),voice_extra_minutes,300.0,300,https://product.kt.com/wDic/productDetail.do?ItemCode=1681
변경,1681_초이스110_만 34세 이하_디바이스,1681_초이스110,KT,KT-통합요금제,초이스110 (디바이스),voice_extra_minutes,300.0,300,https://product.kt.com/wDic/productDetail.do?ItemCode=1681
변경,1681_초이스110_만 34세 이하_가전구독,1681_초이스110,KT,KT-통합요금제,초이스110 (가전구독),voice_extra_minutes,300.0,300,https://product.kt.com/wDic/productDetail.do?ItemCode=1681
변경,1681_초이스110_만 34세 이하_위버스,1681_초이스110,KT,KT-통합요금제,초이스110 (위버스),voice_extra_minutes,300.0,300,https://product.kt.com/wDic/productDetail.do?ItemCode=1681
변경,1681_초이스90_만 34세 이하_유튜브프리미엄,1681_초이스90,KT,KT-통합요금제,초이스90 (유튜브 프리미엄),voice_extra_minutes,300.0,300,https://product.kt.com/wDic/productDetail.do?ItemCode=1681
변경,1681_초이스90_만 34세 이하_넷플릭스,1681_초이스90,KT,KT-통합요금제,초이스90 (넷플릭스),voice_extra_minutes,300.0,300,https://product.kt.com/wDic/productDetail.do?ItemCode=1681
변경,1681_초이스90_만 34세 이하_디즈니+,1681_초이스90,KT,KT-통합요금제,초이스90 (디즈니+),voice_extra_minutes,300.0,300,https://product.kt.com/wDic/productDetail.do?ItemCode=1681
변경,1681_초이스90_만 34세 이하_티빙/지니/밀리,1681_초이스90,KT,KT-통합요금제,초이스90 (티빙/지니/밀리),voice_extra_minutes,300.0,300,https://product.kt.com/wDic/productDetail.do?ItemCode=1681
변경,1681_초이스90_만 34세 이하_GoogleAIPlus(400GB),1681_초이스90,KT,KT-통합요금제,초이스90 (GoogleAI Plus (400GB)),voice_extra_minutes,300.0,300,https://product.kt.com/wDic/productDetail.do?ItemCode=1681
변경,1681_초이스90_만 34세 이하_폰케어,1681_초이스90,KT,KT-통합요금제,초이스90 (폰케어),voice_extra_minutes,300.0,300,https://product.kt.com/wDic/productDetail.do?ItemCode=1681
변경,1681_초이스90_만 34세 이하_삼성,1681_초이스90,KT,KT-통합요금제,초이스90 (삼성),voice_extra_minutes,300.0,300,https://product.kt.com/wDic/productDetail.do?ItemCode=1681
변경,1681_초이스90_만 34세 이하_디바이스,1681_초이스90,KT,KT-통합요금제,초이스90 (디바이스),voice_extra_minutes,300.0,300,https://product.kt.com/wDic/productDetail.do?ItemCode=1681
변경,1681_초이스90_만 34세 이하_가전구독,1681_초이스90,KT,KT-통합요금제,초이스90 (가전구독),voice_extra_minutes,300.0,300,https://product.kt.com/wDic/productDetail.do?ItemCode=1681
변경,1681_초이스90_만 34세 이하_위버스,1681_초이스90,KT,KT-통합요금제,초이스90 (위버스),voice_extra_minutes,300.0,300,https://product.kt.com/wDic/productDetail.do?ItemCode=1681
변경,1681_초이스130_만 18세 이하_유튜브프리미엄,1681_초이스130,KT,KT-통합요금제,초이스130 (유튜브 프리미엄),voice_extra_minutes,300.0,300,https://product.kt.com/wDic/productDetail.do?ItemCode=1681
변경,1681_초이스130_만 18세 이하_넷플릭스,1681_초이스130,KT,KT-통합요금제,초이스130 (넷플릭스),voice_extra_minutes,300.0,300,https://product.kt.com/wDic/productDetail.do?ItemCode=1681
변경,1681_초이스130_만 18세 이하_디즈니+,1681_초이스130,KT,KT-통합요금제,초이스130 (디즈니+),voice_extra_minutes,300.0,300,https://product.kt.com/wDic/productDetail.do?ItemCode=1681
변경,1681_초이스130_만 18세 이하_티빙/지니/밀리,1681_초이스130,KT,KT-통합요금제,초이스130 (티빙/지니/밀리),voice_extra_minutes,300.0,300,https://product.kt.com/wDic/productDetail.do?ItemCode=1681
변경,1681_초이스130_만 18세 이하_GoogleAIPlus(400GB),1681_초이스130,KT,KT-통합요금제,초이스130 (GoogleAI Plus (400GB)),voice_extra_minutes,300.0,300,https://product.kt.com/wDic/productDetail.do?ItemCode=1681
변경,1681_초이스130_만 18세 이하_폰케어,1681_초이스130,KT,KT-통합요금제,초이스130 (폰케어),voice_extra_minutes,300.0,300,https://product.kt.com/wDic/productDetail.do?ItemCode=1681
변경,1681_초이스130_만 18세 이하_삼성,1681_초이스130,KT,KT-통합요금제,초이스130 (삼성),voice_extra_minutes,300.0,300,https://product.kt.com/wDic/productDetail.do?ItemCode=1681
변경,1681_초이스130_만 18세 이하_디바이스,1681_초이스130,KT,KT-통합요금제,초이스130 (디바이스),voice_extra_minutes,300.0,300,https://product.kt.com/wDic/productDetail.do?ItemCode=1681
변경,1681_초이스130_만 18세 이하_가전구독,1681_초이스130,KT,KT-통합요금제,초이스130 (가전구독),voice_extra_minutes,300.0,300,https://product.kt.com/wDic/productDetail.do?ItemCode=1681
변경,1681_초이스130_만 18세 이하_위버스,1681_초이스130,KT,KT-통합요금제,초이스130 (위버스),voice_extra_minutes,300.0,300,https://product.kt.com/wDic/productDetail.do?ItemCode=1681
변경,1681_초이스110_만 18세 이하_유튜브프리미엄,1681_초이스110,KT,KT-통합요금제,초이스110 (유튜브 프리미엄),voice_extra_minutes,300.0,300,https://product.kt.com/wDic/productDetail.do?ItemCode=1681
변경,1681_초이스110_만 18세 이하_넷플릭스,1681_초이스110,KT,KT-통합요금제,초이스110 (넷플릭스),voice_extra_minutes,300.0,300,https://product.kt.com/wDic/productDetail.do?ItemCode=1681
변경,1681_초이스110_만 18세 이하_디즈니+,1681_초이스110,KT,KT-통합요금제,초이스110 (디즈니+),voice_extra_minutes,300.0,300,https://product.kt.com/wDic/productDetail.do?ItemCode=1681
변경,1681_초이스110_만 18세 이하_티빙/지니/밀리,1681_초이스110,KT,KT-통합요금제,초이스110 (티빙/지니/밀리),voice_extra_minutes,300.0,300,https://product.kt.com/wDic/productDetail.do?ItemCode=1681
변경,1681_초이스110_만 18세 이하_GoogleAIPlus(400GB),1681_초이스110,KT,KT-통합요금제,초이스110 (GoogleAI Plus (400GB)),voice_extra_minutes,300.0,300,https://product.kt.com/wDic/productDetail.do?ItemCode=1681
변경,1681_초이스110_만 18세 이하_폰케어,1681_초이스110,KT,KT-통합요금제,초이스110 (폰케어),voice_extra_minutes,300.0,300,https://product.kt.com/wDic/productDetail.do?ItemCode=1681
변경,1681_초이스110_만 18세 이하_삼성,1681_초이스110,KT,KT-통합요금제,초이스110 (삼성),voice_extra_minutes,300.0,300,https://product.kt.com/wDic/productDetail.do?ItemCode=1681
변경,1681_초이스110_만 18세 이하_디바이스,1681_초이스110,KT,KT-통합요금제,초이스110 (디바이스),voice_extra_minutes,300.0,300,https://product.kt.com/wDic/productDetail.do?ItemCode=1681
변경,1681_초이스110_만 18세 이하_가전구독,1681_초이스110,KT,KT-통합요금제,초이스110 (가전구독),voice_extra_minutes,300.0,300,https://product.kt.com/wDic/productDetail.do?ItemCode=1681
변경,1681_초이스110_만 18세 이하_위버스,1681_초이스110,KT,KT-통합요금제,초이스110 (위버스),voice_extra_minutes,300.0,300,https://product.kt.com/wDic/productDetail.do?ItemCode=1681
변경,1681_초이스90_만 18세 이하_유튜브프리미엄,1681_초이스90,KT,KT-통합요금제,초이스90 (유튜브 프리미엄),voice_extra_minutes,300.0,300,https://product.kt.com/wDic/productDetail.do?ItemCode=1681
변경,1681_초이스90_만 18세 이하_넷플릭스,1681_초이스90,KT,KT-통합요금제,초이스90 (넷플릭스),voice_extra_minutes,300.0,300,https://product.kt.com/wDic/productDetail.do?ItemCode=1681
변경,1681_초이스90_만 18세 이하_디즈니+,1681_초이스90,KT,KT-통합요금제,초이스90 (디즈니+),voice_extra_minutes,300.0,300,https://product.kt.com/wDic/productDetail.do?ItemCode=1681
변경,1681_초이스90_만 18세 이하_티빙/지니/밀리,1681_초이스90,KT,KT-통합요금제,초이스90 (티빙/지니/밀리),voice_extra_minutes,300.0,300,https://product.kt.com/wDic/productDetail.do?ItemCode=1681
변경,1681_초이스90_만 18세 이하_GoogleAIPlus(400GB),1681_초이스90,KT,KT-통합요금제,초이스90 (GoogleAI Plus (400GB)),voice_extra_minutes,300.0,300,https://product.kt.com/wDic/productDetail.do?ItemCode=1681
변경,1681_초이스90_만 18세 이하_폰케어,1681_초이스90,KT,KT-통합요금제,초이스90 (폰케어),voice_extra_minutes,300.0,300,https://product.kt.com/wDic/productDetail.do?ItemCode=1681
변경,1681_초이스90_만 18세 이하_삼성,1681_초이스90,KT,KT-통합요금제,초이스90 (삼성),voice_extra_minutes,300.0,300,https://product.kt.com/wDic/productDetail.do?ItemCode=1681
변경,1681_초이스90_만 18세 이하_디바이스,1681_초이스90,KT,KT-통합요금제,초이스90 (디바이스),voice_extra_minutes,300.0,300,https://product.kt.com/wDic/productDetail.do?ItemCode=1681
변경,1681_초이스90_만 18세 이하_가전구독,1681_초이스90,KT,KT-통합요금제,초이스90 (가전구독),voice_extra_minutes,300.0,300,https://product.kt.com/wDic/productDetail.do?ItemCode=1681
변경,1681_초이스90_만 18세 이하_위버스,1681_초이스90,KT,KT-통합요금제,초이스90 (위버스),voice_extra_minutes,300.0,300,https://product.kt.com/wDic/productDetail.do?ItemCode=1681
변경,1681_초이스130_만 65세 이상_유튜브프리미엄,1681_초이스130,KT,KT-통합요금제,초이스130 (유튜브 프리미엄),voice_extra_minutes,300.0,300,https://product.kt.com/wDic/productDetail.do?ItemCode=1681
변경,1681_초이스130_만 65세 이상_넷플릭스,1681_초이스130,KT,KT-통합요금제,초이스130 (넷플릭스),voice_extra_minutes,300.0,300,https://product.kt.com/wDic/productDetail.do?ItemCode=1681
변경,1681_초이스130_만 65세 이상_디즈니+,1681_초이스130,KT,KT-통합요금제,초이스130 (디즈니+),voice_extra_minutes,300.0,300,https://product.kt.com/wDic/productDetail.do?ItemCode=1681
변경,1681_초이스130_만 65세 이상_티빙/지니/밀리,1681_초이스130,KT,KT-통합요금제,초이스130 (티빙/지니/밀리),voice_extra_minutes,300.0,300,https://product.kt.com/wDic/productDetail.do?ItemCode=1681
변경,1681_초이스130_만 65세 이상_GoogleAIPlus(400GB),1681_초이스130,KT,KT-통합요금제,초이스130 (GoogleAI Plus (400GB)),voice_extra_minutes,300.0,300,https://product.kt.com/wDic/productDetail.do?ItemCode=1681
변경,1681_초이스130_만 65세 이상_폰케어,1681_초이스130,KT,KT-통합요금제,초이스130 (폰케어),voice_extra_minutes,300.0,300,https://product.kt.com/wDic/productDetail.do?ItemCode=1681
변경,1681_초이스130_만 65세 이상_삼성,1681_초이스130,KT,KT-통합요금제,초이스130 (삼성),voice_extra_minutes,300.0,300,https://product.kt.com/wDic/productDetail.do?ItemCode=1681
변경,1681_초이스130_만 65세 이상_디바이스,1681_초이스130,KT,KT-통합요금제,초이스130 (디바이스),voice_extra_minutes,300.0,300,https://product.kt.com/wDic/productDetail.do?ItemCode=1681
변경,1681_초이스130_만 65세 이상_가전구독,1681_초이스130,KT,KT-통합요금제,초이스130 (가전구독),voice_extra_minutes,300.0,300,https://product.kt.com/wDic/productDetail.do?ItemCode=1681
변경,1681_초이스130_만 65세 이상_위버스,1681_초이스130,KT,KT-통합요금제,초이스130 (위버스),voice_extra_minutes,300.0,300,https://product.kt.com/wDic/productDetail.do?ItemCode=1681
변경,1681_초이스110_만 65세 이상_유튜브프리미엄,1681_초이스110,KT,KT-통합요금제,초이스110 (유튜브 프리미엄),voice_extra_minutes,300.0,300,https://product.kt.com/wDic/productDetail.do?ItemCode=1681
변경,1681_초이스110_만 65세 이상_넷플릭스,1681_초이스110,KT,KT-통합요금제,초이스110 (넷플릭스),voice_extra_minutes,300.0,300,https://product.kt.com/wDic/productDetail.do?ItemCode=1681
변경,1681_초이스110_만 65세 이상_디즈니+,1681_초이스110,KT,KT-통합요금제,초이스110 (디즈니+),voice_extra_minutes,300.0,300,https://product.kt.com/wDic/productDetail.do?ItemCode=1681
변경,1681_초이스110_만 65세 이상_티빙/지니/밀리,1681_초이스110,KT,KT-통합요금제,초이스110 (티빙/지니/밀리),voice_extra_minutes,300.0,300,https://product.kt.com/wDic/productDetail.do?ItemCode=1681
변경,1681_초이스110_만 65세 이상_GoogleAIPlus(400GB),1681_초이스110,KT,KT-통합요금제,초이스110 (GoogleAI Plus (400GB)),voice_extra_minutes,300.0,300,https://product.kt.com/wDic/productDetail.do?ItemCode=1681
변경,1681_초이스110_만 65세 이상_폰케어,1681_초이스110,KT,KT-통합요금제,초이스110 (폰케어),voice_extra_minutes,300.0,300,https://product.kt.com/wDic/productDetail.do?ItemCode=1681
변경,1681_초이스110_만 65세 이상_삼성,1681_초이스110,KT,KT-통합요금제,초이스110 (삼성),voice_extra_minutes,300.0,300,https://product.kt.com/wDic/productDetail.do?ItemCode=1681
변경,1681_초이스110_만 65세 이상_디바이스,1681_초이스110,KT,KT-통합요금제,초이스110 (디바이스),voice_extra_minutes,300.0,300,https://product.kt.com/wDic/productDetail.do?ItemCode=1681
변경,1681_초이스110_만 65세 이상_가전구독,1681_초이스110,KT,KT-통합요금제,초이스110 (가전구독),voice_extra_minutes,300.0,300,https://product.kt.com/wDic/productDetail.do?ItemCode=1681
변경,1681_초이스110_만 65세 이상_위버스,1681_초이스110,KT,KT-통합요금제,초이스110 (위버스),voice_extra_minutes,300.0,300,https://product.kt.com/wDic/productDetail.do?ItemCode=1681
변경,1681_초이스90_만 65세 이상_유튜브프리미엄,1681_초이스90,KT,KT-통합요금제,초이스90 (유튜브 프리미엄),voice_extra_minutes,300.0,300,https://product.kt.com/wDic/productDetail.do?ItemCode=1681
변경,1681_초이스90_만 65세 이상_넷플릭스,1681_초이스90,KT,KT-통합요금제,초이스90 (넷플릭스),voice_extra_minutes,300.0,300,https://product.kt.com/wDic/productDetail.do?ItemCode=1681
변경,1681_초이스90_만 65세 이상_디즈니+,1681_초이스90,KT,KT-통합요금제,초이스90 (디즈니+),voice_extra_minutes,300.0,300,https://product.kt.com/wDic/productDetail.do?ItemCode=1681
변경,1681_초이스90_만 65세 이상_티빙/지니/밀리,1681_초이스90,KT,KT-통합요금제,초이스90 (티빙/지니/밀리),voice_extra_minutes,300.0,300,https://product.kt.com/wDic/productDetail.do?ItemCode=1681
변경,1681_초이스90_만 65세 이상_GoogleAIPlus(400GB),1681_초이스90,KT,KT-통합요금제,초이스90 (GoogleAI Plus (400GB)),voice_extra_minutes,300.0,300,https://product.kt.com/wDic/productDetail.do?ItemCode=1681
변경,1681_초이스90_만 65세 이상_폰케어,1681_초이스90,KT,KT-통합요금제,초이스90 (폰케어),voice_extra_minutes,300.0,300,https://product.kt.com/wDic/productDetail.do?ItemCode=1681
변경,1681_초이스90_만 65세 이상_삼성,1681_초이스90,KT,KT-통합요금제,초이스90 (삼성),voice_extra_minutes,300.0,300,https://product.kt.com/wDic/productDetail.do?ItemCode=1681
변경,1681_초이스90_만 65세 이상_디바이스,1681_초이스90,KT,KT-통합요금제,초이스90 (디바이스),voice_extra_minutes,300.0,300,https://product.kt.com/wDic/productDetail.do?ItemCode=1681
변경,1681_초이스90_만 65세 이상_가전구독,1681_초이스90,KT,KT-통합요금제,초이스90 (가전구독),voice_extra_minutes,300.0,300,https://product.kt.com/wDic/productDetail.do?ItemCode=1681
변경,1681_초이스90_만 65세 이상_위버스,1681_초이스90,KT,KT-통합요금제,초이스90 (위버스),voice_extra_minutes,300.0,300,https://product.kt.com/wDic/productDetail.do?ItemCode=1681
변경,1681_초이스130_만 75세 이상_유튜브프리미엄,1681_초이스130,KT,KT-통합요금제,초이스130 (유튜브 프리미엄),voice_extra_minutes,300.0,300,https://product.kt.com/wDic/productDetail.do?ItemCode=1681
변경,1681_초이스130_만 75세 이상_넷플릭스,1681_초이스130,KT,KT-통합요금제,초이스130 (넷플릭스),voice_extra_minutes,300.0,300,https://product.kt.com/wDic/productDetail.do?ItemCode=1681
변경,1681_초이스130_만 75세 이상_디즈니+,1681_초이스130,KT,KT-통합요금제,초이스130 (디즈니+),voice_extra_minutes,300.0,300,https://product.kt.com/wDic/productDetail.do?ItemCode=1681
변경,1681_초이스130_만 75세 이상_티빙/지니/밀리,1681_초이스130,KT,KT-통합요금제,초이스130 (티빙/지니/밀리),voice_extra_minutes,300.0,300,https://product.kt.com/wDic/productDetail.do?ItemCode=1681
변경,1681_초이스130_만 75세 이상_GoogleAIPlus(400GB),1681_초이스130,KT,KT-통합요금제,초이스130 (GoogleAI Plus (400GB)),voice_extra_minutes,300.0,300,https://product.kt.com/wDic/productDetail.do?ItemCode=1681
변경,1681_초이스130_만 75세 이상_폰케어,1681_초이스130,KT,KT-통합요금제,초이스130 (폰케어),voice_extra_minutes,300.0,300,https://product.kt.com/wDic/productDetail.do?ItemCode=1681
변경,1681_초이스130_만 75세 이상_삼성,1681_초이스130,KT,KT-통합요금제,초이스130 (삼성),voice_extra_minutes,300.0,300,https://product.kt.com/wDic/productDetail.do?ItemCode=1681
변경,1681_초이스130_만 75세 이상_디바이스,1681_초이스130,KT,KT-통합요금제,초이스130 (디바이스),voice_extra_minutes,300.0,300,https://product.kt.com/wDic/productDetail.do?ItemCode=1681
변경,1681_초이스130_만 75세 이상_가전구독,1681_초이스130,KT,KT-통합요금제,초이스130 (가전구독),voice_extra_minutes,300.0,300,https://product.kt.com/wDic/productDetail.do?ItemCode=1681
변경,1681_초이스130_만 75세 이상_위버스,1681_초이스130,KT,KT-통합요금제,초이스130 (위버스),voice_extra_minutes,300.0,300,https://product.kt.com/wDic/productDetail.do?ItemCode=1681
변경,1681_초이스110_만 75세 이상_유튜브프리미엄,1681_초이스110,KT,KT-통합요금제,초이스110 (유튜브 프리미엄),voice_extra_minutes,300.0,300,https://product.kt.com/wDic/productDetail.do?ItemCode=1681
변경,1681_초이스110_만 75세 이상_넷플릭스,1681_초이스110,KT,KT-통합요금제,초이스110 (넷플릭스),voice_extra_minutes,300.0,300,https://product.kt.com/wDic/productDetail.do?ItemCode=1681
변경,1681_초이스110_만 75세 이상_디즈니+,1681_초이스110,KT,KT-통합요금제,초이스110 (디즈니+),voice_extra_minutes,300.0,300,https://product.kt.com/wDic/productDetail.do?ItemCode=1681
변경,1681_초이스110_만 75세 이상_티빙/지니/밀리,1681_초이스110,KT,KT-통합요금제,초이스110 (티빙/지니/밀리),voice_extra_minutes,300.0,300,https://product.kt.com/wDic/productDetail.do?ItemCode=1681
변경,1681_초이스110_만 75세 이상_GoogleAIPlus(400GB),1681_초이스110,KT,KT-통합요금제,초이스110 (GoogleAI Plus (400GB)),voice_extra_minutes,300.0,300,https://product.kt.com/wDic/productDetail.do?ItemCode=1681
변경,1681_초이스110_만 75세 이상_폰케어,1681_초이스110,KT,KT-통합요금제,초이스110 (폰케어),voice_extra_minutes,300.0,300,https://product.kt.com/wDic/productDetail.do?ItemCode=1681
변경,1681_초이스110_만 75세 이상_삼성,1681_초이스110,KT,KT-통합요금제,초이스110 (삼성),voice_extra_minutes,300.0,300,https://product.kt.com/wDic/productDetail.do?ItemCode=1681
변경,1681_초이스110_만 75세 이상_디바이스,1681_초이스110,KT,KT-통합요금제,초이스110 (디바이스),voice_extra_minutes,300.0,300,https://product.kt.com/wDic/productDetail.do?ItemCode=1681
변경,1681_초이스110_만 75세 이상_가전구독,1681_초이스110,KT,KT-통합요금제,초이스110 (가전구독),voice_extra_minutes,300.0,300,https://product.kt.com/wDic/productDetail.do?ItemCode=1681
변경,1681_초이스110_만 75세 이상_위버스,1681_초이스110,KT,KT-통합요금제,초이스110 (위버스),voice_extra_minutes,300.0,300,https://product.kt.com/wDic/productDetail.do?ItemCode=1681
변경,1681_초이스90_만 75세 이상_유튜브프리미엄,1681_초이스90,KT,KT-통합요금제,초이스90 (유튜브 프리미엄),voice_extra_minutes,300.0,300,https://product.kt.com/wDic/productDetail.do?ItemCode=1681
변경,1681_초이스90_만 75세 이상_넷플릭스,1681_초이스90,KT,KT-통합요금제,초이스90 (넷플릭스),voice_extra_minutes,300.0,300,https://product.kt.com/wDic/productDetail.do?ItemCode=1681
변경,1681_초이스90_만 75세 이상_디즈니+,1681_초이스90,KT,KT-통합요금제,초이스90 (디즈니+),voice_extra_minutes,300.0,300,https://product.kt.com/wDic/productDetail.do?ItemCode=1681
변경,1681_초이스90_만 75세 이상_티빙/지니/밀리,1681_초이스90,KT,KT-통합요금제,초이스90 (티빙/지니/밀리),voice_extra_minutes,300.0,300,https://product.kt.com/wDic/productDetail.do?ItemCode=1681
변경,1681_초이스90_만 75세 이상_GoogleAIPlus(400GB),1681_초이스90,KT,KT-통합요금제,초이스90 (GoogleAI Plus (400GB)),voice_extra_minutes,300.0,300,https://product.kt.com/wDic/productDetail.do?ItemCode=1681
변경,1681_초이스90_만 75세 이상_폰케어,1681_초이스90,KT,KT-통합요금제,초이스90 (폰케어),voice_extra_minutes,300.0,300,https://product.kt.com/wDic/productDetail.do?ItemCode=1681
변경,1681_초이스90_만 75세 이상_삼성,1681_초이스90,KT,KT-통합요금제,초이스90 (삼성),voice_extra_minutes,300.0,300,https://product.kt.com/wDic/productDetail.do?ItemCode=1681
변경,1681_초이스90_만 75세 이상_디바이스,1681_초이스90,KT,KT-통합요금제,초이스90 (디바이스),voice_extra_minutes,300.0,300,https://product.kt.com/wDic/productDetail.do?ItemCode=1681
변경,1681_초이스90_만 75세 이상_가전구독,1681_초이스90,KT,KT-통합요금제,초이스90 (가전구독),voice_extra_minutes,300.0,300,https://product.kt.com/wDic/productDetail.do?ItemCode=1681
변경,1681_초이스90_만 75세 이상_위버스,1681_초이스90,KT,KT-통합요금제,초이스90 (위버스),voice_extra_minutes,300.0,300,https://product.kt.com/wDic/productDetail.do?ItemCode=1681
변경,1693_베이직100,1693_베이직100,KT,KT-통합요금제,베이직100,voice_extra_minutes,300.0,300,https://product.kt.com/wDic/productDetail.do?ItemCode=1693
변경,1693_베이직80,1693_베이직80,KT,KT-통합요금제,베이직80,voice_extra_minutes,300.0,300,https://product.kt.com/wDic/productDetail.do?ItemCode=1693
변경,1693_베이직110GB,1693_베이직110GB,KT,KT-통합요금제,베이직110GB,voice_extra_minutes,300.0,300,https://product.kt.com/wDic/productDetail.do?ItemCode=1693
변경,1693_베이직90GB,1693_베이직90GB,KT,KT-통합요금제,베이직90GB,voice_extra_minutes,300.0,300,https://product.kt.com/wDic/productDetail.do?ItemCode=1693
변경,1693_베이직70GB,1693_베이직70GB,KT,KT-통합요금제,베이직70GB,voice_extra_minutes,300.0,300,https://product.kt.com/wDic/productDetail.do?ItemCode=1693
변경,1693_베이직50GB,1693_베이직50GB,KT,KT-통합요금제,베이직50GB,voice_extra_minutes,300.0,300,https://product.kt.com/wDic/productDetail.do?ItemCode=1693
변경,1693_베이직30GB,1693_베이직30GB,KT,KT-통합요금제,베이직30GB,voice_extra_minutes,300.0,300,https://product.kt.com/wDic/productDetail.do?ItemCode=1693
변경,1693_베이직21GB,1693_베이직21GB,KT,KT-통합요금제,베이직21GB,voice_extra_minutes,300.0,300,https://product.kt.com/wDic/productDetail.do?ItemCode=1693
변경,1693_베이직14GB,1693_베이직14GB,KT,KT-통합요금제,베이직14GB,voice_extra_minutes,300.0,300,https://product.kt.com/wDic/productDetail.do?ItemCode=1693
변경,1693_베이직10GB,1693_베이직10GB,KT,KT-통합요금제,베이직10GB,voice_extra_minutes,300.0,300,https://product.kt.com/wDic/productDetail.do?ItemCode=1693
변경,1693_베이직7GB,1693_베이직7GB,KT,KT-통합요금제,베이직7GB,voice_extra_minutes,300.0,300,https://product.kt.com/wDic/productDetail.do?ItemCode=1693
변경,1693_베이직4GB,1693_베이직4GB,KT,KT-통합요금제,베이직4GB,voice_extra_minutes,300.0,300,https://product.kt.com/wDic/productDetail.do?ItemCode=1693
변경,1693_베이직1.4GB,1693_베이직1.4GB,KT,KT-통합요금제,베이직1.4GB,voice_extra_minutes,50.0,50,https://product.kt.com/wDic/productDetail.do?ItemCode=1693
변경,1693_베이직600MB,1693_베이직600MB,KT,KT-통합요금제,베이직600MB,voice_minutes,180.0,180,https://product.kt.com/wDic/productDetail.do?ItemCode=1693
변경,1693_베이직600MB,1693_베이직600MB,KT,KT-통합요금제,베이직600MB,sms_count,180.0,180,https://product.kt.com/wDic/productDetail.do?ItemCode=1693
변경,1693_베이직100_만 34세 이하,1693_베이직100,KT,KT-통합요금제,베이직100,voice_extra_minutes,300.0,300,https://product.kt.com/wDic/productDetail.do?ItemCode=1693
변경,1693_베이직80_만 34세 이하,1693_베이직80,KT,KT-통합요금제,베이직80,voice_extra_minutes,300.0,300,https://product.kt.com/wDic/productDetail.do?ItemCode=1693
변경,1693_베이직110GB_만 34세 이하,1693_베이직110GB,KT,KT-통합요금제,베이직110GB,voice_extra_minutes,300.0,300,https://product.kt.com/wDic/productDetail.do?ItemCode=1693
변경,1693_베이직90GB_만 34세 이하,1693_베이직90GB,KT,KT-통합요금제,베이직90GB,voice_extra_minutes,300.0,300,https://product.kt.com/wDic/productDetail.do?ItemCode=1693
변경,1693_베이직70GB_만 34세 이하,1693_베이직70GB,KT,KT-통합요금제,베이직70GB,voice_extra_minutes,300.0,300,https://product.kt.com/wDic/productDetail.do?ItemCode=1693
변경,1693_베이직50GB_만 34세 이하,1693_베이직50GB,KT,KT-통합요금제,베이직50GB,voice_extra_minutes,300.0,300,https://product.kt.com/wDic/productDetail.do?ItemCode=1693
변경,1693_베이직30GB_만 34세 이하,1693_베이직30GB,KT,KT-통합요금제,베이직30GB,voice_extra_minutes,300.0,300,https://product.kt.com/wDic/productDetail.do?ItemCode=1693
변경,1693_베이직21GB_만 34세 이하,1693_베이직21GB,KT,KT-통합요금제,베이직21GB,voice_extra_minutes,300.0,300,https://product.kt.com/wDic/productDetail.do?ItemCode=1693
변경,1693_베이직14GB_만 34세 이하,1693_베이직14GB,KT,KT-통합요금제,베이직14GB,voice_extra_minutes,300.0,300,https://product.kt.com/wDic/productDetail.do?ItemCode=1693
변경,1693_베이직10GB_만 34세 이하,1693_베이직10GB,KT,KT-통합요금제,베이직10GB,voice_extra_minutes,300.0,300,https://product.kt.com/wDic/productDetail.do?ItemCode=1693
변경,1693_베이직7GB_만 34세 이하,1693_베이직7GB,KT,KT-통합요금제,베이직7GB,voice_extra_minutes,300.0,300,https://product.kt.com/wDic/productDetail.do?ItemCode=1693
변경,1693_베이직4GB_만 34세 이하,1693_베이직4GB,KT,KT-통합요금제,베이직4GB,voice_extra_minutes,300.0,300,https://product.kt.com/wDic/productDetail.do?ItemCode=1693
변경,1693_베이직1.4GB_만 34세 이하,1693_베이직1.4GB,KT,KT-통합요금제,베이직1.4GB,voice_extra_minutes,50.0,50,https://product.kt.com/wDic/productDetail.do?ItemCode=1693
변경,1693_베이직100_만 18세 이하,1693_베이직100,KT,KT-통합요금제,베이직100,voice_extra_minutes,300.0,300,https://product.kt.com/wDic/productDetail.do?ItemCode=1693
변경,1693_베이직80_만 18세 이하,1693_베이직80,KT,KT-통합요금제,베이직80,voice_extra_minutes,300.0,300,https://product.kt.com/wDic/productDetail.do?ItemCode=1693
변경,1693_베이직110GB_만 18세 이하,1693_베이직110GB,KT,KT-통합요금제,베이직110GB,voice_extra_minutes,300.0,300,https://product.kt.com/wDic/productDetail.do?ItemCode=1693
변경,1693_베이직90GB_만 18세 이하,1693_베이직90GB,KT,KT-통합요금제,베이직90GB,voice_extra_minutes,300.0,300,https://product.kt.com/wDic/productDetail.do?ItemCode=1693
변경,1693_베이직70GB_만 18세 이하,1693_베이직70GB,KT,KT-통합요금제,베이직70GB,voice_extra_minutes,300.0,300,https://product.kt.com/wDic/productDetail.do?ItemCode=1693
변경,1693_베이직50GB_만 18세 이하,1693_베이직50GB,KT,KT-통합요금제,베이직50GB,voice_extra_minutes,300.0,300,https://product.kt.com/wDic/productDetail.do?ItemCode=1693
변경,1693_베이직30GB_만 18세 이하,1693_베이직30GB,KT,KT-통합요금제,베이직30GB,voice_extra_minutes,300.0,300,https://product.kt.com/wDic/productDetail.do?ItemCode=1693
변경,1693_베이직21GB_만 18세 이하,1693_베이직21GB,KT,KT-통합요금제,베이직21GB,voice_extra_minutes,300.0,300,https://product.kt.com/wDic/productDetail.do?ItemCode=1693
변경,1693_베이직14GB_만 18세 이하,1693_베이직14GB,KT,KT-통합요금제,베이직14GB,voice_extra_minutes,300.0,300,https://product.kt.com/wDic/productDetail.do?ItemCode=1693
변경,1693_베이직10GB_만 18세 이하,1693_베이직10GB,KT,KT-통합요금제,베이직10GB,voice_extra_minutes,300.0,300,https://product.kt.com/wDic/productDetail.do?ItemCode=1693
변경,1693_베이직7GB_만 18세 이하,1693_베이직7GB,KT,KT-통합요금제,베이직7GB,voice_extra_minutes,300.0,300,https://product.kt.com/wDic/productDetail.do?ItemCode=1693
변경,1693_베이직4GB_만 18세 이하,1693_베이직4GB,KT,KT-통합요금제,베이직4GB,voice_extra_minutes,300.0,300,https://product.kt.com/wDic/productDetail.do?ItemCode=1693
변경,1693_베이직1.4GB_만 18세 이하,1693_베이직1.4GB,KT,KT-통합요금제,베이직1.4GB,voice_extra_minutes,50.0,50,https://product.kt.com/wDic/productDetail.do?ItemCode=1693
변경,1693_베이직600MB_만 18세 이하,1693_베이직600MB,KT,KT-통합요금제,베이직600MB,voice_minutes,180.0,180,https://product.kt.com/wDic/productDetail.do?ItemCode=1693
변경,1693_베이직600MB_만 18세 이하,1693_베이직600MB,KT,KT-통합요금제,베이직600MB,sms_count,180.0,180,https://product.kt.com/wDic/productDetail.do?ItemCode=1693
변경,1693_베이직100_만 65세 이상,1693_베이직100,KT,KT-통합요금제,베이직100,voice_extra_minutes,300.0,300,https://product.kt.com/wDic/productDetail.do?ItemCode=1693
변경,1693_베이직80_만 65세 이상,1693_베이직80,KT,KT-통합요금제,베이직80,voice_extra_minutes,300.0,300,https://product.kt.com/wDic/productDetail.do?ItemCode=1693
변경,1693_베이직110GB_만 65세 이상,1693_베이직110GB,KT,KT-통합요금제,베이직110GB,voice_extra_minutes,300.0,300,https://product.kt.com/wDic/productDetail.do?ItemCode=1693
변경,1693_베이직90GB_만 65세 이상,1693_베이직90GB,KT,KT-통합요금제,베이직90GB,voice_extra_minutes,300.0,300,https://product.kt.com/wDic/productDetail.do?ItemCode=1693
변경,1693_베이직70GB_만 65세 이상,1693_베이직70GB,KT,KT-통합요금제,베이직70GB,voice_extra_minutes,300.0,300,https://product.kt.com/wDic/productDetail.do?ItemCode=1693
변경,1693_베이직50GB_만 65세 이상,1693_베이직50GB,KT,KT-통합요금제,베이직50GB,voice_extra_minutes,300.0,300,https://product.kt.com/wDic/productDetail.do?ItemCode=1693
변경,1693_베이직30GB_만 65세 이상,1693_베이직30GB,KT,KT-통합요금제,베이직30GB,voice_extra_minutes,300.0,300,https://product.kt.com/wDic/productDetail.do?ItemCode=1693
변경,1693_베이직21GB_만 65세 이상,1693_베이직21GB,KT,KT-통합요금제,베이직21GB,voice_extra_minutes,300.0,300,https://product.kt.com/wDic/productDetail.do?ItemCode=1693
변경,1693_베이직14GB_만 65세 이상,1693_베이직14GB,KT,KT-통합요금제,베이직14GB,voice_extra_minutes,300.0,300,https://product.kt.com/wDic/productDetail.do?ItemCode=1693
변경,1693_베이직10GB_만 65세 이상,1693_베이직10GB,KT,KT-통합요금제,베이직10GB,voice_extra_minutes,300.0,300,https://product.kt.com/wDic/productDetail.do?ItemCode=1693
변경,1693_베이직7GB_만 65세 이상,1693_베이직7GB,KT,KT-통합요금제,베이직7GB,voice_extra_minutes,300.0,300,https://product.kt.com/wDic/productDetail.do?ItemCode=1693
변경,1693_베이직4GB_만 65세 이상,1693_베이직4GB,KT,KT-통합요금제,베이직4GB,voice_extra_minutes,300.0,300,https://product.kt.com/wDic/productDetail.do?ItemCode=1693
변경,1693_베이직1.4GB_만 65세 이상,1693_베이직1.4GB,KT,KT-통합요금제,베이직1.4GB,voice_extra_minutes,100.0,100,https://product.kt.com/wDic/productDetail.do?ItemCode=1693
변경,1693_베이직600MB_만 65세 이상,1693_베이직600MB,KT,KT-통합요금제,베이직600MB,voice_extra_minutes,100.0,100,https://product.kt.com/wDic/productDetail.do?ItemCode=1693
변경,1693_베이직600MB_만 65세 이상,1693_베이직600MB,KT,KT-통합요금제,베이직600MB,sms_count,180.0,180,https://product.kt.com/wDic/productDetail.do?ItemCode=1693
변경,1693_베이직100_만 75세 이상,1693_베이직100,KT,KT-통합요금제,베이직100,voice_extra_minutes,300.0,300,https://product.kt.com/wDic/productDetail.do?ItemCode=1693
변경,1693_베이직80_만 75세 이상,1693_베이직80,KT,KT-통합요금제,베이직80,voice_extra_minutes,300.0,300,https://product.kt.com/wDic/productDetail.do?ItemCode=1693
변경,1693_베이직110GB_만 75세 이상,1693_베이직110GB,KT,KT-통합요금제,베이직110GB,voice_extra_minutes,300.0,300,https://product.kt.com/wDic/productDetail.do?ItemCode=1693
변경,1693_베이직90GB_만 75세 이상,1693_베이직90GB,KT,KT-통합요금제,베이직90GB,voice_extra_minutes,300.0,300,https://product.kt.com/wDic/productDetail.do?ItemCode=1693
변경,1693_베이직70GB_만 75세 이상,1693_베이직70GB,KT,KT-통합요금제,베이직70GB,voice_extra_minutes,300.0,300,https://product.kt.com/wDic/productDetail.do?ItemCode=1693
변경,1693_베이직50GB_만 75세 이상,1693_베이직50GB,KT,KT-통합요금제,베이직50GB,voice_extra_minutes,300.0,300,https://product.kt.com/wDic/productDetail.do?ItemCode=1693
변경,1693_베이직30GB_만 75세 이상,1693_베이직30GB,KT,KT-통합요금제,베이직30GB,voice_extra_minutes,300.0,300,https://product.kt.com/wDic/productDetail.do?ItemCode=1693
변경,1693_베이직21GB_만 75세 이상,1693_베이직21GB,KT,KT-통합요금제,베이직21GB,voice_extra_minutes,300.0,300,https://product.kt.com/wDic/productDetail.do?ItemCode=1693
변경,1693_베이직14GB_만 75세 이상,1693_베이직14GB,KT,KT-통합요금제,베이직14GB,voice_extra_minutes,300.0,300,https://product.kt.com/wDic/productDetail.do?ItemCode=1693
변경,1693_베이직10GB_만 75세 이상,1693_베이직10GB,KT,KT-통합요금제,베이직10GB,voice_extra_minutes,300.0,300,https://product.kt.com/wDic/productDetail.do?ItemCode=1693
변경,1693_베이직7GB_만 75세 이상,1693_베이직7GB,KT,KT-통합요금제,베이직7GB,voice_extra_minutes,300.0,300,https://product.kt.com/wDic/productDetail.do?ItemCode=1693
변경,1693_베이직4GB_만 75세 이상,1693_베이직4GB,KT,KT-통합요금제,베이직4GB,voice_extra_minutes,300.0,300,https://product.kt.com/wDic/productDetail.do?ItemCode=1693
변경,1693_베이직1.4GB_만 75세 이상,1693_베이직1.4GB,KT,KT-통합요금제,베이직1.4GB,voice_extra_minutes,100.0,100,https://product.kt.com/wDic/productDetail.do?ItemCode=1693
변경,1693_베이직600MB_만 75세 이상,1693_베이직600MB,KT,KT-통합요금제,베이직600MB,voice_extra_minutes,100.0,100,https://product.kt.com/wDic/productDetail.do?ItemCode=1693
변경,1693_베이직600MB_만 75세 이상,1693_베이직600MB,KT,KT-통합요금제,베이직600MB,sms_count,180.0,180,https://product.kt.com/wDic/productDetail.do?ItemCode=1693
변경,1694_베이직 21GB(이월),1694_베이직 21GB(이월),KT,KT-통합요금제,베이직 21GB(이월),voice_extra_minutes,300.0,300,https://product.kt.com/wDic/productDetail.do?ItemCode=1694
변경,1694_베이직 14GB(이월),1694_베이직 14GB(이월),KT,KT-통합요금제,베이직 14GB(이월),voice_extra_minutes,300.0,300,https://product.kt.com/wDic/productDetail.do?ItemCode=1694
변경,1694_베이직 10GB(이월),1694_베이직 10GB(이월),KT,KT-통합요금제,베이직 10GB(이월),voice_extra_minutes,300.0,300,https://product.kt.com/wDic/productDetail.do?ItemCode=1694
변경,1694_베이직 7GB(이월),1694_베이직 7GB(이월),KT,KT-통합요금제,베이직 7GB(이월),voice_extra_minutes,300.0,300,https://product.kt.com/wDic/productDetail.do?ItemCode=1694
변경,1694_베이직 4GB(이월),1694_베이직 4GB(이월),KT,KT-통합요금제,베이직 4GB(이월),voice_extra_minutes,300.0,300,https://product.kt.com/wDic/productDetail.do?ItemCode=1694
변경,1694_베이직 21GB(이월)_만 34세 이하,1694_베이직 21GB(이월),KT,KT-통합요금제,베이직 21GB(이월),voice_extra_minutes,300.0,300,https://product.kt.com/wDic/productDetail.do?ItemCode=1694
변경,1694_베이직 14GB(이월)_만 34세 이하,1694_베이직 14GB(이월),KT,KT-통합요금제,베이직 14GB(이월),voice_extra_minutes,300.0,300,https://product.kt.com/wDic/productDetail.do?ItemCode=1694
변경,1694_베이직 10GB(이월)_만 34세 이하,1694_베이직 10GB(이월),KT,KT-통합요금제,베이직 10GB(이월),voice_extra_minutes,300.0,300,https://product.kt.com/wDic/productDetail.do?ItemCode=1694
변경,1694_베이직 7GB(이월)_만 34세 이하,1694_베이직 7GB(이월),KT,KT-통합요금제,베이직 7GB(이월),voice_extra_minutes,300.0,300,https://product.kt.com/wDic/productDetail.do?ItemCode=1694
변경,1694_베이직 4GB(이월)_만 34세 이하,1694_베이직 4GB(이월),KT,KT-통합요금제,베이직 4GB(이월),voice_extra_minutes,300.0,300,https://product.kt.com/wDic/productDetail.do?ItemCode=1694
변경,1694_베이직 21GB(이월)_만 18세 이하,1694_베이직 21GB(이월),KT,KT-통합요금제,베이직 21GB(이월),voice_extra_minutes,300.0,300,https://product.kt.com/wDic/productDetail.do?ItemCode=1694
변경,1694_베이직 14GB(이월)_만 18세 이하,1694_베이직 14GB(이월),KT,KT-통합요금제,베이직 14GB(이월),voice_extra_minutes,300.0,300,https://product.kt.com/wDic/productDetail.do?ItemCode=1694
변경,1694_베이직 10GB(이월)_만 18세 이하,1694_베이직 10GB(이월),KT,KT-통합요금제,베이직 10GB(이월),voice_extra_minutes,300.0,300,https://product.kt.com/wDic/productDetail.do?ItemCode=1694
변경,1694_베이직 7GB(이월)_만 18세 이하,1694_베이직 7GB(이월),KT,KT-통합요금제,베이직 7GB(이월),voice_extra_minutes,300.0,300,https://product.kt.com/wDic/productDetail.do?ItemCode=1694
변경,1694_베이직 4GB(이월)_만 18세 이하,1694_베이직 4GB(이월),KT,KT-통합요금제,베이직 4GB(이월),voice_extra_minutes,300.0,300,https://product.kt.com/wDic/productDetail.do?ItemCode=1694
변경,1694_베이직 21GB(이월)_만 65세 이상,1694_베이직 21GB(이월),KT,KT-통합요금제,베이직 21GB(이월),voice_extra_minutes,300.0,300,https://product.kt.com/wDic/productDetail.do?ItemCode=1694
변경,1694_베이직 14GB(이월)_만 65세 이상,1694_베이직 14GB(이월),KT,KT-통합요금제,베이직 14GB(이월),voice_extra_minutes,300.0,300,https://product.kt.com/wDic/productDetail.do?ItemCode=1694
변경,1694_베이직 10GB(이월)_만 65세 이상,1694_베이직 10GB(이월),KT,KT-통합요금제,베이직 10GB(이월),voice_extra_minutes,300.0,300,https://product.kt.com/wDic/productDetail.do?ItemCode=1694
변경,1694_베이직 7GB(이월)_만 65세 이상,1694_베이직 7GB(이월),KT,KT-통합요금제,베이직 7GB(이월),voice_extra_minutes,300.0,300,https://product.kt.com/wDic/productDetail.do?ItemCode=1694
변경,1694_베이직 4GB(이월)_만 65세 이상,1694_베이직 4GB(이월),KT,KT-통합요금제,베이직 4GB(이월),voice_extra_minutes,300.0,300,https://product.kt.com/wDic/productDetail.do?ItemCode=1694
변경,1694_베이직 21GB(이월)_만 75세 이상,1694_베이직 21GB(이월),KT,KT-통합요금제,베이직 21GB(이월),voice_extra_minutes,300.0,300,https://product.kt.com/wDic/productDetail.do?ItemCode=1694
변경,1694_베이직 14GB(이월)_만 75세 이상,1694_베이직 14GB(이월),KT,KT-통합요금제,베이직 14GB(이월),voice_extra_minutes,300.0,300,https://product.kt.com/wDic/productDetail.do?ItemCode=1694
변경,1694_베이직 10GB(이월)_만 75세 이상,1694_베이직 10GB(이월),KT,KT-통합요금제,베이직 10GB(이월),voice_extra_minutes,300.0,300,https://product.kt.com/wDic/productDetail.do?ItemCode=1694
변경,1694_베이직 7GB(이월)_만 75세 이상,1694_베이직 7GB(이월),KT,KT-통합요금제,베이직 7GB(이월),voice_extra_minutes,300.0,300,https://product.kt.com/wDic/productDetail.do?ItemCode=1694
변경,1694_베이직 4GB(이월)_만 75세 이상,1694_베이직 4GB(이월),KT,KT-통합요금제,베이직 4GB(이월),voice_extra_minutes,300.0,300,https://product.kt.com/wDic/productDetail.do?ItemCode=1694
변경,1697_음성 18.7_만 18세 이하,1697_음성 18.7,KT,KT-통합요금제,음성 18.7,voice_minutes,100.0,100,https://product.kt.com/wDic/productDetail.do?ItemCode=1697
변경,1697_음성 18.7_만 18세 이하,1697_음성 18.7,KT,KT-통합요금제,음성 18.7,sms_count,100.0,100,https://product.kt.com/wDic/productDetail.do?ItemCode=1697
변경,1697_음성 18.7_만 65세 이상,1697_음성 18.7,KT,KT-통합요금제,음성 18.7,voice_minutes,130.0,130,https://product.kt.com/wDic/productDetail.do?ItemCode=1697
변경,1697_음성 18.7_만 65세 이상,1697_음성 18.7,KT,KT-통합요금제,음성 18.7,sms_count,150.0,150,https://product.kt.com/wDic/productDetail.do?ItemCode=1697
변경,1697_음성 18.7_만 75세 이상,1697_음성 18.7,KT,KT-통합요금제,음성 18.7,voice_minutes,130.0,130,https://product.kt.com/wDic/productDetail.do?ItemCode=1697
변경,1697_음성 18.7_만 75세 이상,1697_음성 18.7,KT,KT-통합요금제,음성 18.7,sms_count,150.0,150,https://product.kt.com/wDic/productDetail.do?ItemCode=1697
변경,1567_요고 69,1567_요고 69,KT,KT-온라인전용(요고),요고 69,voice_extra_minutes,300.0,300,https://product.kt.com/wDic/productDetail.do?ItemCode=1567
변경,1567_요고 61,1567_요고 61,KT,KT-온라인전용(요고),요고 61,voice_extra_minutes,300.0,300,https://product.kt.com/wDic/productDetail.do?ItemCode=1567
변경,1567_요고 55,1567_요고 55,KT,KT-온라인전용(요고),요고 55,voice_extra_minutes,300.0,300,https://product.kt.com/wDic/productDetail.do?ItemCode=1567
변경,1567_요고 49,1567_요고 49,KT,KT-온라인전용(요고),요고 49,voice_extra_minutes,300.0,300,https://product.kt.com/wDic/productDetail.do?ItemCode=1567
변경,1567_요고 46,1567_요고 46,KT,KT-온라인전용(요고),요고 46,voice_extra_minutes,300.0,300,https://product.kt.com/wDic/productDetail.do?ItemCode=1567
변경,1567_요고 44,1567_요고 44,KT,KT-온라인전용(요고),요고 44,voice_extra_minutes,300.0,300,https://product.kt.com/wDic/productDetail.do?ItemCode=1567
변경,1567_요고 42,1567_요고 42,KT,KT-온라인전용(요고),요고 42,voice_extra_minutes,300.0,300,https://product.kt.com/wDic/productDetail.do?ItemCode=1567
변경,1567_요고 40,1567_요고 40,KT,KT-온라인전용(요고),요고 40,voice_extra_minutes,300.0,300,https://product.kt.com/wDic/productDetail.do?ItemCode=1567
변경,1567_요고 38,1567_요고 38,KT,KT-온라인전용(요고),요고 38,voice_extra_minutes,300.0,300,https://product.kt.com/wDic/productDetail.do?ItemCode=1567
변경,1567_요고 36,1567_요고 36,KT,KT-온라인전용(요고),요고 36,voice_extra_minutes,300.0,300,https://product.kt.com/wDic/productDetail.do?ItemCode=1567
변경,1567_요고 34,1567_요고 34,KT,KT-온라인전용(요고),요고 34,voice_extra_minutes,300.0,300,https://product.kt.com/wDic/productDetail.do?ItemCode=1567
변경,1567_요고 32,1567_요고 32,KT,KT-온라인전용(요고),요고 32,voice_extra_minutes,300.0,300,https://product.kt.com/wDic/productDetail.do?ItemCode=1567
변경,1567_요고 30,1567_요고 30,KT,KT-온라인전용(요고),요고 30,voice_extra_minutes,300.0,300,https://product.kt.com/wDic/productDetail.do?ItemCode=1567
변경,1695_키즈38,1695_키즈38,KT,KT-키즈/외국인,키즈38,voice_extra_minutes,300.0,300,https://product.kt.com/wDic/productDetail.do?ItemCode=1695
변경,1695_키즈28,1695_키즈28,KT,KT-키즈/외국인,키즈28,voice_extra_minutes,100.0,100,https://product.kt.com/wDic/productDetail.do?ItemCode=1695
변경,1695_키즈24,1695_키즈24,KT,KT-키즈/외국인,키즈24,voice_extra_minutes,50.0,50,https://product.kt.com/wDic/productDetail.do?ItemCode=1695
변경,1695_키즈20,1695_키즈20,KT,KT-키즈/외국인,키즈20,voice_extra_minutes,50.0,50,https://product.kt.com/wDic/productDetail.do?ItemCode=1695
변경,NA00009818,NA00009818,SKT,SKT-베스트,베스트 Max(Google AI),voice_extra_minutes,300.0,300,https://www.tworld.co.kr/web/product/callplan/NA00009818
변경,NA00009818_만 34세 이하,NA00009818,SKT,SKT-베스트,베스트 Max(Google AI),voice_extra_minutes,300.0,300,https://www.tworld.co.kr/web/product/callplan/NA00009818
변경,NA00009811,NA00009811,SKT,SKT-베스트,베스트 Pro(Google AI),voice_extra_minutes,300.0,300,https://www.tworld.co.kr/web/product/callplan/NA00009811
변경,NA00009811_만 34세 이하,NA00009811,SKT,SKT-베스트,베스트 Pro(Google AI),voice_extra_minutes,300.0,300,https://www.tworld.co.kr/web/product/callplan/NA00009811
변경,NA00009814,NA00009814,SKT,SKT-베스트,베스트 Max(유튜브 프리미엄),voice_extra_minutes,300.0,300,https://www.tworld.co.kr/web/product/callplan/NA00009814
변경,NA00009814_만 34세 이하,NA00009814,SKT,SKT-베스트,베스트 Max(유튜브 프리미엄),voice_extra_minutes,300.0,300,https://www.tworld.co.kr/web/product/callplan/NA00009814
변경,NA00009807,NA00009807,SKT,SKT-베스트,베스트 Pro(유튜브 프리미엄),voice_extra_minutes,300.0,300,https://www.tworld.co.kr/web/product/callplan/NA00009807
변경,NA00009807_만 34세 이하,NA00009807,SKT,SKT-베스트,베스트 Pro(유튜브 프리미엄),voice_extra_minutes,300.0,300,https://www.tworld.co.kr/web/product/callplan/NA00009807
변경,NA00009815,NA00009815,SKT,SKT-베스트,베스트 Max(넷플릭스),voice_extra_minutes,300.0,300,https://www.tworld.co.kr/web/product/callplan/NA00009815
변경,NA00009815_만 34세 이하,NA00009815,SKT,SKT-베스트,베스트 Max(넷플릭스),voice_extra_minutes,300.0,300,https://www.tworld.co.kr/web/product/callplan/NA00009815
변경,NA00009808,NA00009808,SKT,SKT-베스트,베스트 Pro(넷플릭스),voice_extra_minutes,300.0,300,https://www.tworld.co.kr/web/product/callplan/NA00009808
변경,NA00009808_만 34세 이하,NA00009808,SKT,SKT-베스트,베스트 Pro(넷플릭스),voice_extra_minutes,300.0,300,https://www.tworld.co.kr/web/product/callplan/NA00009808
변경,NA00009817,NA00009817,SKT,SKT-베스트,베스트 Max(티빙&웨이브),voice_extra_minutes,300.0,300,https://www.tworld.co.kr/web/product/callplan/NA00009817
변경,NA00009817_만 34세 이하,NA00009817,SKT,SKT-베스트,베스트 Max(티빙&웨이브),voice_extra_minutes,300.0,300,https://www.tworld.co.kr/web/product/callplan/NA00009817
변경,NA00009810,NA00009810,SKT,SKT-베스트,베스트 Pro(티빙&웨이브),voice_extra_minutes,300.0,300,https://www.tworld.co.kr/web/product/callplan/NA00009810
변경,NA00009810_만 34세 이하,NA00009810,SKT,SKT-베스트,베스트 Pro(티빙&웨이브),voice_extra_minutes,300.0,300,https://www.tworld.co.kr/web/product/callplan/NA00009810
변경,NA00009816,NA00009816,SKT,SKT-베스트,베스트 Max(디즈니+),voice_extra_minutes,300.0,300,https://www.tworld.co.kr/web/product/callplan/NA00009816
변경,NA00009816_만 34세 이하,NA00009816,SKT,SKT-베스트,베스트 Max(디즈니+),voice_extra_minutes,300.0,300,https://www.tworld.co.kr/web/product/callplan/NA00009816
변경,NA00009809,NA00009809,SKT,SKT-베스트,베스트 Pro(디즈니+),voice_extra_minutes,300.0,300,https://www.tworld.co.kr/web/product/callplan/NA00009809
변경,NA00009809_만 34세 이하,NA00009809,SKT,SKT-베스트,베스트 Pro(디즈니+),voice_extra_minutes,300.0,300,https://www.tworld.co.kr/web/product/callplan/NA00009809
변경,NA00009801_YouTubePremium,NA00009801,SKT,SKT-베스트,베스트 109(유튜브 프리미엄) (YouTube Premium),voice_extra_minutes,300.0,300,https://www.tworld.co.kr/web/product/callplan/NA00009801
변경,NA00009801_YouTubePremiumLite&배달의민족,NA00009801,SKT,SKT-베스트,베스트 109(유튜브 프리미엄) (YouTube Premium Lite & 배달의민족),voice_extra_minutes,300.0,300,https://www.tworld.co.kr/web/product/callplan/NA00009801
변경,NA00009801_만 34세 이하_YouTubePremium,NA00009801,SKT,SKT-베스트,베스트 109(유튜브 프리미엄) (YouTube Premium),voice_extra_minutes,300.0,300,https://www.tworld.co.kr/web/product/callplan/NA00009801
변경,NA00009801_만 34세 이하_YouTubePremiumLite&배달의민족,NA00009801,SKT,SKT-베스트,베스트 109(유튜브 프리미엄) (YouTube Premium Lite & 배달의민족),voice_extra_minutes,300.0,300,https://www.tworld.co.kr/web/product/callplan/NA00009801
변경,NA00009802,NA00009802,SKT,SKT-베스트,베스트 109(넷플릭스),voice_extra_minutes,300.0,300,https://www.tworld.co.kr/web/product/callplan/NA00009802
변경,NA00009802_만 34세 이하,NA00009802,SKT,SKT-베스트,베스트 109(넷플릭스),voice_extra_minutes,300.0,300,https://www.tworld.co.kr/web/product/callplan/NA00009802
변경,NA00009797,NA00009797,SKT,SKT-베스트,베스트 99(넷플릭스),voice_extra_minutes,300.0,300,https://www.tworld.co.kr/web/product/callplan/NA00009797
변경,NA00009797_만 34세 이하,NA00009797,SKT,SKT-베스트,베스트 99(넷플릭스),voice_extra_minutes,300.0,300,https://www.tworld.co.kr/web/product/callplan/NA00009797
변경,NA00009793,NA00009793,SKT,SKT-베스트,베스트 89(넷플릭스),voice_extra_minutes,300.0,300,https://www.tworld.co.kr/web/product/callplan/NA00009793
변경,NA00009793_만 34세 이하,NA00009793,SKT,SKT-베스트,베스트 89(넷플릭스),voice_extra_minutes,300.0,300,https://www.tworld.co.kr/web/product/callplan/NA00009793
변경,NA00009803,NA00009803,SKT,SKT-베스트,베스트 109(디즈니+),voice_extra_minutes,300.0,300,https://www.tworld.co.kr/web/product/callplan/NA00009803
변경,NA00009803_만 34세 이하,NA00009803,SKT,SKT-베스트,베스트 109(디즈니+),voice_extra_minutes,300.0,300,https://www.tworld.co.kr/web/product/callplan/NA00009803
변경,NA00009798,NA00009798,SKT,SKT-베스트,베스트 99(디즈니+),voice_extra_minutes,300.0,300,https://www.tworld.co.kr/web/product/callplan/NA00009798
변경,NA00009798_만 34세 이하,NA00009798,SKT,SKT-베스트,베스트 99(디즈니+),voice_extra_minutes,300.0,300,https://www.tworld.co.kr/web/product/callplan/NA00009798
변경,NA00009794,NA00009794,SKT,SKT-베스트,베스트 89(디즈니+),voice_extra_minutes,300.0,300,https://www.tworld.co.kr/web/product/callplan/NA00009794
변경,NA00009794_만 34세 이하,NA00009794,SKT,SKT-베스트,베스트 89(디즈니+),voice_extra_minutes,300.0,300,https://www.tworld.co.kr/web/product/callplan/NA00009794
변경,NA00009804,NA00009804,SKT,SKT-베스트,베스트 109(티빙&웨이브),voice_extra_minutes,300.0,300,https://www.tworld.co.kr/web/product/callplan/NA00009804
변경,NA00009804_만 34세 이하,NA00009804,SKT,SKT-베스트,베스트 109(티빙&웨이브),voice_extra_minutes,300.0,300,https://www.tworld.co.kr/web/product/callplan/NA00009804
변경,NA00009799,NA00009799,SKT,SKT-베스트,베스트 99(티빙&웨이브),voice_extra_minutes,300.0,300,https://www.tworld.co.kr/web/product/callplan/NA00009799
변경,NA00009799_만 34세 이하,NA00009799,SKT,SKT-베스트,베스트 99(티빙&웨이브),voice_extra_minutes,300.0,300,https://www.tworld.co.kr/web/product/callplan/NA00009799
변경,NA00009795,NA00009795,SKT,SKT-베스트,베스트 89(티빙&웨이브),voice_extra_minutes,300.0,300,https://www.tworld.co.kr/web/product/callplan/NA00009795
변경,NA00009795_만 34세 이하,NA00009795,SKT,SKT-베스트,베스트 89(티빙&웨이브),voice_extra_minutes,300.0,300,https://www.tworld.co.kr/web/product/callplan/NA00009795
변경,NA00009813,NA00009813,SKT,SKT-베스트,베스트 Max(T 우주),voice_extra_minutes,300.0,300,https://www.tworld.co.kr/web/product/callplan/NA00009813
변경,NA00009813_만 34세 이하,NA00009813,SKT,SKT-베스트,베스트 Max(T 우주),voice_extra_minutes,300.0,300,https://www.tworld.co.kr/web/product/callplan/NA00009813
변경,NA00009806,NA00009806,SKT,SKT-베스트,베스트 Pro(T 우주),voice_extra_minutes,300.0,300,https://www.tworld.co.kr/web/product/callplan/NA00009806
변경,NA00009806_만 34세 이하,NA00009806,SKT,SKT-베스트,베스트 Pro(T 우주),voice_extra_minutes,300.0,300,https://www.tworld.co.kr/web/product/callplan/NA00009806
변경,NA00009800,NA00009800,SKT,SKT-베스트,베스트 109(T 우주),voice_extra_minutes,300.0,300,https://www.tworld.co.kr/web/product/callplan/NA00009800
변경,NA00009800_만 34세 이하,NA00009800,SKT,SKT-베스트,베스트 109(T 우주),voice_extra_minutes,300.0,300,https://www.tworld.co.kr/web/product/callplan/NA00009800
변경,NA00009796,NA00009796,SKT,SKT-베스트,베스트 99(T 우주),voice_extra_minutes,300.0,300,https://www.tworld.co.kr/web/product/callplan/NA00009796
변경,NA00009796_만 34세 이하,NA00009796,SKT,SKT-베스트,베스트 99(T 우주),voice_extra_minutes,300.0,300,https://www.tworld.co.kr/web/product/callplan/NA00009796
변경,NA00009792,NA00009792,SKT,SKT-베스트,베스트 89(T 우주),voice_extra_minutes,300.0,300,https://www.tworld.co.kr/web/product/callplan/NA00009792
변경,NA00009792_만 34세 이하,NA00009792,SKT,SKT-베스트,베스트 89(T 우주),voice_extra_minutes,300.0,300,https://www.tworld.co.kr/web/product/callplan/NA00009792
변경,NA00009819,NA00009819,SKT,SKT-베스트,베스트 Max(스마트기기),voice_extra_minutes,300.0,300,https://www.tworld.co.kr/web/product/callplan/NA00009819
변경,NA00009819_만 34세 이하,NA00009819,SKT,SKT-베스트,베스트 Max(스마트기기),voice_extra_minutes,300.0,300,https://www.tworld.co.kr/web/product/callplan/NA00009819
변경,NA00009812,NA00009812,SKT,SKT-베스트,베스트 Pro(스마트기기),voice_extra_minutes,300.0,300,https://www.tworld.co.kr/web/product/callplan/NA00009812
변경,NA00009812_만 34세 이하,NA00009812,SKT,SKT-베스트,베스트 Pro(스마트기기),voice_extra_minutes,300.0,300,https://www.tworld.co.kr/web/product/callplan/NA00009812
변경,NA00009805,NA00009805,SKT,SKT-베스트,베스트 109(스마트기기),voice_extra_minutes,300.0,300,https://www.tworld.co.kr/web/product/callplan/NA00009805
변경,NA00009805_만 34세 이하,NA00009805,SKT,SKT-베스트,베스트 109(스마트기기),voice_extra_minutes,300.0,300,https://www.tworld.co.kr/web/product/callplan/NA00009805
변경,NA00009791,NA00009791,SKT,SKT-라이트,라이트 79,voice_extra_minutes,300.0,300,https://www.tworld.co.kr/web/product/callplan/NA00009791
변경,NA00009791_만 34세 이하,NA00009791,SKT,SKT-라이트,라이트 79,voice_extra_minutes,300.0,300,https://www.tworld.co.kr/web/product/callplan/NA00009791
변경,NA00009790,NA00009790,SKT,SKT-라이트,라이트 69,voice_extra_minutes,300.0,300,https://www.tworld.co.kr/web/product/callplan/NA00009790
변경,NA00009790_만 34세 이하,NA00009790,SKT,SKT-라이트,라이트 69,voice_extra_minutes,300.0,300,https://www.tworld.co.kr/web/product/callplan/NA00009790
변경,NA00009789,NA00009789,SKT,SKT-라이트,라이트 59 75GB업,voice_extra_minutes,300.0,300,https://www.tworld.co.kr/web/product/callplan/NA00009789
변경,NA00009789_만 34세 이하,NA00009789,SKT,SKT-라이트,라이트 59 75GB업,voice_extra_minutes,300.0,300,https://www.tworld.co.kr/web/product/callplan/NA00009789
변경,NA00009788,NA00009788,SKT,SKT-라이트,라이트 59 50GB업,voice_extra_minutes,300.0,300,https://www.tworld.co.kr/web/product/callplan/NA00009788
변경,NA00009788_만 34세 이하,NA00009788,SKT,SKT-라이트,라이트 59 50GB업,voice_extra_minutes,300.0,300,https://www.tworld.co.kr/web/product/callplan/NA00009788
변경,NA00009787,NA00009787,SKT,SKT-라이트,라이트 59 30GB업,voice_extra_minutes,300.0,300,https://www.tworld.co.kr/web/product/callplan/NA00009787
변경,NA00009787_만 34세 이하,NA00009787,SKT,SKT-라이트,라이트 59 30GB업,voice_extra_minutes,300.0,300,https://www.tworld.co.kr/web/product/callplan/NA00009787
변경,NA00009786,NA00009786,SKT,SKT-라이트,라이트 59 13GB업,voice_extra_minutes,300.0,300,https://www.tworld.co.kr/web/product/callplan/NA00009786
변경,NA00009786_만 34세 이하,NA00009786,SKT,SKT-라이트,라이트 59 13GB업,voice_extra_minutes,300.0,300,https://www.tworld.co.kr/web/product/callplan/NA00009786
변경,NA00009785,NA00009785,SKT,SKT-라이트,라이트 59,voice_extra_minutes,300.0,300,https://www.tworld.co.kr/web/product/callplan/NA00009785
변경,NA00009785_만 34세 이하,NA00009785,SKT,SKT-라이트,라이트 59,voice_extra_minutes,300.0,300,https://www.tworld.co.kr/web/product/callplan/NA00009785
변경,NA00009784,NA00009784,SKT,SKT-라이트,라이트 55,voice_extra_minutes,300.0,300,https://www.tworld.co.kr/web/product/callplan/NA00009784
변경,NA00009784_만 34세 이하,NA00009784,SKT,SKT-라이트,라이트 55,voice_extra_minutes,300.0,300,https://www.tworld.co.kr/web/product/callplan/NA00009784
변경,NA00009783,NA00009783,SKT,SKT-라이트,라이트 49,voice_extra_minutes,300.0,300,https://www.tworld.co.kr/web/product/callplan/NA00009783
변경,NA00009783_만 34세 이하,NA00009783,SKT,SKT-라이트,라이트 49,voice_extra_minutes,300.0,300,https://www.tworld.co.kr/web/product/callplan/NA00009783
변경,NA00009782,NA00009782,SKT,SKT-라이트,라이트 45,voice_extra_minutes,300.0,300,https://www.tworld.co.kr/web/product/callplan/NA00009782
변경,NA00009782_만 18세 이하,NA00009782,SKT,SKT-라이트,라이트 45,voice_extra_minutes,300.0,300,https://www.tworld.co.kr/web/product/callplan/NA00009782
변경,NA00009782_만 34세 이하,NA00009782,SKT,SKT-라이트,라이트 45,voice_extra_minutes,300.0,300,https://www.tworld.co.kr/web/product/callplan/NA00009782
변경,NA00009782_만 65세 이상,NA00009782,SKT,SKT-라이트,라이트 45,voice_extra_minutes,300.0,300,https://www.tworld.co.kr/web/product/callplan/NA00009782
변경,NA00009781,NA00009781,SKT,SKT-라이트,라이트 39,voice_extra_minutes,300.0,300,https://www.tworld.co.kr/web/product/callplan/NA00009781
변경,NA00009781_만 18세 이하,NA00009781,SKT,SKT-라이트,라이트 39,voice_extra_minutes,300.0,300,https://www.tworld.co.kr/web/product/callplan/NA00009781
변경,NA00009781_만 34세 이하,NA00009781,SKT,SKT-라이트,라이트 39,voice_extra_minutes,300.0,300,https://www.tworld.co.kr/web/product/callplan/NA00009781
변경,NA00009781_만 65세 이상,NA00009781,SKT,SKT-라이트,라이트 39,voice_extra_minutes,300.0,300,https://www.tworld.co.kr/web/product/callplan/NA00009781
변경,NA00009122,NA00009122,SKT,SKT-다이렉트,다이렉트5G 76(유튜브 프리미엄),voice_extra_minutes,300.0,300,https://www.tworld.co.kr/web/product/callplan/NA00009122
변경,NA00008723,NA00008723,SKT,SKT-다이렉트,다이렉트5G 76(넷플릭스),voice_extra_minutes,300.0,300,https://www.tworld.co.kr/web/product/callplan/NA00008723
변경,NA00008724,NA00008724,SKT,SKT-다이렉트,다이렉트5G 69(넷플릭스),voice_extra_minutes,300.0,300,https://www.tworld.co.kr/web/product/callplan/NA00008724
변경,NA00008725,NA00008725,SKT,SKT-다이렉트,다이렉트5G 62(넷플릭스),voice_extra_minutes,300.0,300,https://www.tworld.co.kr/web/product/callplan/NA00008725
변경,NA00008730,NA00008730,SKT,SKT-다이렉트,0 청년 다이렉트 69(넷플릭스),voice_extra_minutes,300.0,300,https://www.tworld.co.kr/web/product/callplan/NA00008730
변경,NA00008731,NA00008731,SKT,SKT-다이렉트,0 청년 다이렉트 62(넷플릭스),voice_extra_minutes,300.0,300,https://www.tworld.co.kr/web/product/callplan/NA00008731
변경,NA00009468,NA00009468,SKT,SKT-다이렉트,다이렉트5G 76(티빙),voice_extra_minutes,300.0,300,https://www.tworld.co.kr/web/product/callplan/NA00009468
변경,NA00009469,NA00009469,SKT,SKT-다이렉트,다이렉트5G 69(티빙),voice_extra_minutes,300.0,300,https://www.tworld.co.kr/web/product/callplan/NA00009469
변경,NA00009472,NA00009472,SKT,SKT-다이렉트,0 청년 다이렉트 69(티빙),voice_extra_minutes,300.0,300,https://www.tworld.co.kr/web/product/callplan/NA00009472
변경,NA00009127,NA00009127,SKT,SKT-다이렉트,다이렉트5G 76(디즈니+),voice_extra_minutes,300.0,300,https://www.tworld.co.kr/web/product/callplan/NA00009127
변경,NA00009128,NA00009128,SKT,SKT-다이렉트,다이렉트5G 69(디즈니+),voice_extra_minutes,300.0,300,https://www.tworld.co.kr/web/product/callplan/NA00009128
변경,NA00009131,NA00009131,SKT,SKT-다이렉트,0 청년 다이렉트 69(디즈니+),voice_extra_minutes,300.0,300,https://www.tworld.co.kr/web/product/callplan/NA00009131
변경,NA00009101,NA00009101,SKT,SKT-다이렉트,다이렉트5G 76(스마트기기),voice_extra_minutes,300.0,300,https://www.tworld.co.kr/web/product/callplan/NA00009101
변경,NA00007492,NA00007492,SKT,SKT-전용,ZEM플랜 퍼펙트,voice_extra_minutes,300.0,300,https://www.tworld.co.kr/web/product/callplan/NA00007492
변경,NA00007493,NA00007493,SKT,SKT-전용,ZEM플랜 베스트,voice_extra_minutes,100.0,100,https://www.tworld.co.kr/web/product/callplan/NA00007493
변경,NA00008234,NA00008234,SKT,SKT-전용,5G 시니어 B형,voice_extra_minutes,400.0,400,https://www.tworld.co.kr/web/product/callplan/NA00008234
변경,NA00008235,NA00008235,SKT,SKT-전용,5G 시니어 C형,voice_extra_minutes,400.0,400,https://www.tworld.co.kr/web/product/callplan/NA00008235
변경,NA00008685,NA00008685,SKT,SKT-다이렉트,다이렉트5G 76(T 우주),voice_extra_minutes,300.0,300,https://www.tworld.co.kr/web/product/callplan/NA00008685
변경,NA00008100,NA00008100,SKT,SKT-다이렉트,다이렉트5G 69(T 우주),voice_extra_minutes,300.0,300,https://www.tworld.co.kr/web/product/callplan/NA00008100
변경,NA00008104,NA00008104,SKT,SKT-다이렉트,다이렉트5G 62,voice_extra_minutes,300.0,300,https://www.tworld.co.kr/web/product/callplan/NA00008104
변경,NA00008099,NA00008099,SKT,SKT-다이렉트,다이렉트5G 55,voice_extra_minutes,300.0,300,https://www.tworld.co.kr/web/product/callplan/NA00008099
변경,NA00008098,NA00008098,SKT,SKT-다이렉트,다이렉트5G 48,voice_extra_minutes,300.0,300,https://www.tworld.co.kr/web/product/callplan/NA00008098
변경,NA00007625,NA00007625,SKT,SKT-다이렉트,다이렉트5G 42,voice_extra_minutes,300.0,300,https://www.tworld.co.kr/web/product/callplan/NA00007625
변경,NA00007164,NA00007164,SKT,SKT-다이렉트,다이렉트5G 38,voice_extra_minutes,300.0,300,https://www.tworld.co.kr/web/product/callplan/NA00007164
변경,NA00007626,NA00007626,SKT,SKT-다이렉트,다이렉트5G 34,voice_extra_minutes,300.0,300,https://www.tworld.co.kr/web/product/callplan/NA00007626
변경,NA00008684,NA00008684,SKT,SKT-다이렉트,다이렉트5G 31,voice_extra_minutes,300.0,300,https://www.tworld.co.kr/web/product/callplan/NA00008684
변경,NA00008683,NA00008683,SKT,SKT-다이렉트,다이렉트5G 27,voice_extra_minutes,300.0,300,https://www.tworld.co.kr/web/product/callplan/NA00008683
변경,NA00008154,NA00008154,SKT,SKT-다이렉트,0 청년 다이렉트 69(T 우주),voice_extra_minutes,300.0,300,https://www.tworld.co.kr/web/product/callplan/NA00008154
변경,NA00008155,NA00008155,SKT,SKT-다이렉트,0 청년 다이렉트 62,voice_extra_minutes,300.0,300,https://www.tworld.co.kr/web/product/callplan/NA00008155
변경,NA00008156,NA00008156,SKT,SKT-다이렉트,0 청년 다이렉트 55,voice_extra_minutes,300.0,300,https://www.tworld.co.kr/web/product/callplan/NA00008156
변경,NA00008157,NA00008157,SKT,SKT-다이렉트,0 청년 다이렉트 48,voice_extra_minutes,300.0,300,https://www.tworld.co.kr/web/product/callplan/NA00008157
변경,NA00008158,NA00008158,SKT,SKT-다이렉트,0 청년 다이렉트 42,voice_extra_minutes,300.0,300,https://www.tworld.co.kr/web/product/callplan/NA00008158
변경,NA00008160,NA00008160,SKT,SKT-다이렉트,0 청년 다이렉트 34,voice_extra_minutes,300.0,300,https://www.tworld.co.kr/web/product/callplan/NA00008160
변경,NA00008285,NA00008285,SKT,SKT-다이렉트,0 청년 다이렉트 30,voice_extra_minutes,300.0,300,https://www.tworld.co.kr/web/product/callplan/NA00008285
변경,NA00006534,NA00006534,SKT,SKT-전용,T플랜 세이브,voice_extra_minutes,100.0,100,https://www.tworld.co.kr/web/product/callplan/NA00006534
변경,NA00006534_만 18세 이하,NA00006534,SKT,SKT-전용,T플랜 세이브,voice_extra_minutes,100.0,100,https://www.tworld.co.kr/web/product/callplan/NA00006534
변경,NA00006534_만 34세 이하,NA00006534,SKT,SKT-전용,T플랜 세이브,voice_extra_minutes,100.0,100,https://www.tworld.co.kr/web/product/callplan/NA00006534
변경,NA00006534_만 65세 이상,NA00006534,SKT,SKT-전용,T플랜 세이브,voice_extra_minutes,100.0,100,https://www.tworld.co.kr/web/product/callplan/NA00006534
변경,NA00007166,NA00007166,SKT,SKT-다이렉트,다이렉트LTE 22,voice_extra_minutes,100.0,100,https://www.tworld.co.kr/web/product/callplan/NA00007166
변경,NA00005628,NA00005628,SKT,SKT-전용,주말엔 팅 3.0G,voice_extra_minutes,50.0,50,https://www.tworld.co.kr/web/product/callplan/NA00005628
변경,NA00005627,NA00005627,SKT,SKT-전용,주말엔 팅 세이브,voice_extra_minutes,50.0,50,https://www.tworld.co.kr/web/product/callplan/NA00005627
변경,NA00004891,NA00004891,SKT,SKT-전용,ZEM플랜 스마트,voice_minutes,2.0,2,https://www.tworld.co.kr/web/product/callplan/NA00004891
변경,NA00004891,NA00004891,SKT,SKT-전용,ZEM플랜 스마트,voice_extra_minutes,60.0,60,https://www.tworld.co.kr/web/product/callplan/NA00004891
변경,LPZ1006729,LPZ1006729,LGU+,LGU+-키즈,데이터플랜9GB(키즈+1GB),voice_extra_minutes,300.0,300,https://www.lguplus.com/mobile/plan/mplan/5g-all/5g-youth/LPZ1006729
변경,LPZ1006734,LPZ1006734,LGU+,LGU+-키즈,데이터플랜5GB(키즈+1GB),voice_extra_minutes,300.0,300,https://www.lguplus.com/mobile/plan/mplan/5g-all/5g-youth/LPZ1006734
변경,LPZ1006736,LPZ1006736,LGU+,LGU+-키즈,데이터플랜750MB(키즈+2.5GB),voice_extra_minutes,100.0,100,https://www.lguplus.com/mobile/plan/mplan/5g-all/5g-youth/LPZ1006736
변경,LPZ1006737,LPZ1006737,LGU+,LGU+-키즈,데이터플랜300MB(키즈+0.7GB),voice_minutes,125.0,125,https://www.lguplus.com/mobile/plan/mplan/5g-all/5g-youth/LPZ1006737
변경,LPZ1007768,LPZ1007768,LGU+,LGU+-키즈,데이터플랜1.5GB(키즈+3.5GB),voice_extra_minutes,110.0,110,https://www.lguplus.com/mobile/plan/mplan/5g-all/5g-youth/LPZ1007768
변경,LPZ1006740,LPZ1006740,LGU+,LGU+-청소년,데이터플랜9GB(청소년+2GB),voice_extra_minutes,300.0,300,https://www.lguplus.com/mobile/plan/mplan/5g-all/5g-youth/LPZ1006740
변경,LPZ1006741,LPZ1006741,LGU+,LGU+-청소년,데이터플랜5GB(청소년+2GB),voice_extra_minutes,300.0,300,https://www.lguplus.com/mobile/plan/mplan/5g-all/5g-youth/LPZ1006741
변경,LPZ1006742,LPZ1006742,LGU+,LGU+-청소년,데이터플랜1.5GB(청소년+1GB),voice_extra_minutes,110.0,110,https://www.lguplus.com/mobile/plan/mplan/5g-all/5g-youth/LPZ1006742
변경,LPZ1007769,LPZ1007769,LGU+,LGU+-청소년,데이터플랜750MB(청소년+0.5GB),voice_minutes,125.0,125,https://www.lguplus.com/mobile/plan/mplan/5g-all/5g-youth/LPZ1007769
변경,LPZ1007770,LPZ1007770,LGU+,LGU+-청소년,데이터플랜300MB(청소년+0.7GB),voice_minutes,125.0,125,https://www.lguplus.com/mobile/plan/mplan/5g-all/5g-youth/LPZ1007770
변경,LPZ1007663,LPZ1007663,LGU+,LGU+-청년(유쓰),데이터플랜1.5GB(유쓰+0.5GB),voice_extra_minutes,110.0,110,https://www.lguplus.com/mobile/plan/mplan/5g-all/5g-young/LPZ1007663
변경,LPZ1007699,LPZ1007699,LGU+,LGU+-청년(유쓰),데이터플랜150GB(유쓰+60GB),voice_extra_minutes,300.0,300,https://www.lguplus.com/mobile/plan/mplan/5g-all/5g-young/LPZ1007699
변경,LPZ1007700,LPZ1007700,LGU+,LGU+-청년(유쓰),데이터플랜125GB(유쓰+60GB),voice_extra_minutes,300.0,300,https://www.lguplus.com/mobile/plan/mplan/5g-all/5g-young/LPZ1007700
변경,LPZ1007701,LPZ1007701,LGU+,LGU+-청년(유쓰),데이터플랜95GB(유쓰+40GB),voice_extra_minutes,300.0,300,https://www.lguplus.com/mobile/plan/mplan/5g-all/5g-young/LPZ1007701
변경,LPZ1007702,LPZ1007702,LGU+,LGU+-청년(유쓰),데이터플랜80GB(유쓰+30GB),voice_extra_minutes,300.0,300,https://www.lguplus.com/mobile/plan/mplan/5g-all/5g-young/LPZ1007702
변경,LPZ1007703,LPZ1007703,LGU+,LGU+-청년(유쓰),데이터플랜50GB(유쓰+20GB),voice_extra_minutes,300.0,300,https://www.lguplus.com/mobile/plan/mplan/5g-all/5g-young/LPZ1007703
변경,LPZ1007704,LPZ1007704,LGU+,LGU+-청년(유쓰),데이터플랜31GB(유쓰+10GB),voice_extra_minutes,300.0,300,https://www.lguplus.com/mobile/plan/mplan/5g-all/5g-young/LPZ1007704
변경,LPZ1007705,LPZ1007705,LGU+,LGU+-청년(유쓰),데이터플랜24GB(유쓰+12GB),voice_extra_minutes,300.0,300,https://www.lguplus.com/mobile/plan/mplan/5g-all/5g-young/LPZ1007705
변경,LPZ1007706,LPZ1007706,LGU+,LGU+-청년(유쓰),데이터플랜14GB(유쓰+12GB),voice_extra_minutes,300.0,300,https://www.lguplus.com/mobile/plan/mplan/5g-all/5g-young/LPZ1007706
변경,LPZ1007707,LPZ1007707,LGU+,LGU+-청년(유쓰),데이터플랜9GB(유쓰+6GB),voice_extra_minutes,300.0,300,https://www.lguplus.com/mobile/plan/mplan/5g-all/5g-young/LPZ1007707
변경,LPZ1007708,LPZ1007708,LGU+,LGU+-청년(유쓰),데이터플랜5GB(유쓰+4GB),voice_extra_minutes,300.0,300,https://www.lguplus.com/mobile/plan/mplan/5g-all/5g-young/LPZ1007708
변경,LPZ1006743,LPZ1006743,LGU+,LGU+-시니어,데이터플랜9GB(시니어+3GB),voice_extra_minutes,400.0,400,https://www.lguplus.com/mobile/plan/mplan/5g-all/5g-senior/LPZ1006743
변경,LPZ1006744,LPZ1006744,LGU+,LGU+-시니어,데이터플랜5GB(시니어+3GB),voice_extra_minutes,400.0,400,https://www.lguplus.com/mobile/plan/mplan/5g-all/5g-senior/LPZ1006744
변경,LPZ1006745,LPZ1006745,LGU+,LGU+-시니어,데이터플랜750MB(시니어+0.5GB),voice_extra_minutes,100.0,100,https://www.lguplus.com/mobile/plan/mplan/5g-all/5g-senior/LPZ1006745
변경,LPZ1006746,LPZ1006746,LGU+,LGU+-시니어,데이터플랜1.5GB(시니어+1GB),voice_extra_minutes,110.0,110,https://www.lguplus.com/mobile/plan/mplan/5g-all/5g-senior/LPZ1006746
변경,LPZ1007662,LPZ1007662,LGU+,LGU+-시니어,데이터플랜300MB(시니어+0.7GB),voice_extra_minutes,100.0,100,https://www.lguplus.com/mobile/plan/mplan/5g-all/5g-senior/LPZ1007662
변경,LPZ0002291,LPZ0002291,LGU+,LGU+-LTE,LTE 시니어 16.5 요금제(New 시니어 A),voice_minutes,100.0,100,https://www.lguplus.com/mobile/plan/mplan/lte-all/lte-senior/LPZ0002291
변경,LPZ0002291,LPZ0002291,LGU+,LGU+-LTE,LTE 시니어 16.5 요금제(New 시니어 A),sms_count,150.0,150,https://www.lguplus.com/mobile/plan/mplan/lte-all/lte-senior/LPZ0002291
변경,LPZ0002473,LPZ0002473,LGU+,LGU+-LTE,LTE 키즈 22(만 12세 이하),voice_minutes,60.0,60,https://www.lguplus.com/mobile/plan/mplan/lte-all/lte-youth/LPZ0002473
변경,LPZ0002506,LPZ0002506,LGU+,LGU+-LTE,현역병사 데이터 33,voice_extra_minutes,110.0,110,https://www.lguplus.com/mobile/plan/mplan/lte-all/lte-soldier/LPZ0002506
변경,LPZ0000596,LPZ0000596,LGU+,LGU+-온라인가입전용(너겟),LTE 다이렉트 22,voice_extra_minutes,100.0,100,https://www.lguplus.com/mobile/plan/mplan/direct/nerget/LPZ0000596
변경,LPZ1004890,LPZ1004890,LGU+,LGU+-온라인가입전용(너겟),너겟46,voice_extra_minutes,300.0,300,https://www.lguplus.com/mobile/plan/mplan/direct/nerget/LPZ1004890
변경,LPZ1004893,LPZ1004893,LGU+,LGU+-온라인가입전용(너겟),너겟43,voice_extra_minutes,300.0,300,https://www.lguplus.com/mobile/plan/mplan/direct/nerget/LPZ1004893
변경,LPZ1004897,LPZ1004897,LGU+,LGU+-온라인가입전용(너겟),너겟39,voice_extra_minutes,300.0,300,https://www.lguplus.com/mobile/plan/mplan/direct/nerget/LPZ1004897
변경,LPZ1004900,LPZ1004900,LGU+,LGU+-온라인가입전용(너겟),너겟36,voice_extra_minutes,300.0,300,https://www.lguplus.com/mobile/plan/mplan/direct/nerget/LPZ1004900
변경,LPZ1004903,LPZ1004903,LGU+,LGU+-온라인가입전용(너겟),너겟33,voice_extra_minutes,300.0,300,https://www.lguplus.com/mobile/plan/mplan/direct/nerget/LPZ1004903
변경,LPZ1004907,LPZ1004907,LGU+,LGU+-온라인가입전용(너겟),너겟26,voice_extra_minutes,300.0,300,https://www.lguplus.com/mobile/plan/mplan/direct/nerget/LPZ1004907
변경,LPZ1007509,LPZ1007509,LGU+,LGU+-온라인가입전용(너겟),너겟49,voice_extra_minutes,300.0,300,https://www.lguplus.com/mobile/plan/mplan/direct/nerget/LPZ1007509
변경,Z202500388_넷플릭스,Z202500388,LGU+,LGU+-온라인가입전용(너겟),너겟65 (넷플릭스),voice_extra_minutes,300.0,300,https://www.lguplus.com/mobile/plan/mplan/direct/nerget/Z202500388
변경,Z202500388_디즈니+&티빙,Z202500388,LGU+,LGU+-온라인가입전용(너겟),너겟65 (디즈니+ & 티빙),voice_extra_minutes,300.0,300,https://www.lguplus.com/mobile/plan/mplan/direct/nerget/Z202500388
변경,Z202500388_구글원,Z202500388,LGU+,LGU+-온라인가입전용(너겟),너겟65 (구글 원),voice_extra_minutes,300.0,300,https://www.lguplus.com/mobile/plan/mplan/direct/nerget/Z202500388
변경,Z202500388_삼성디바이스,Z202500388,LGU+,LGU+-온라인가입전용(너겟),너겟65 (삼성디바이스),voice_extra_minutes,300.0,300,https://www.lguplus.com/mobile/plan/mplan/direct/nerget/Z202500388
변경,Z202500388_애플디바이스,Z202500388,LGU+,LGU+-온라인가입전용(너겟),너겟65 (애플디바이스),voice_extra_minutes,300.0,300,https://www.lguplus.com/mobile/plan/mplan/direct/nerget/Z202500388
변경,Z202500388_마니아디바이스,Z202500388,LGU+,LGU+-온라인가입전용(너겟),너겟65 (마니아디바이스),voice_extra_minutes,300.0,300,https://www.lguplus.com/mobile/plan/mplan/direct/nerget/Z202500388
변경,Z202500388_이마트24,Z202500388,LGU+,LGU+-온라인가입전용(너겟),너겟65 (이마트24),voice_extra_minutes,300.0,300,https://www.lguplus.com/mobile/plan/mplan/direct/nerget/Z202500388
변경,Z202500388_AI구독,Z202500388,LGU+,LGU+-온라인가입전용(너겟),너겟65 (AI 구독),voice_extra_minutes,300.0,300,https://www.lguplus.com/mobile/plan/mplan/direct/nerget/Z202500388
변경,Z202500388_올인원,Z202500388,LGU+,LGU+-온라인가입전용(너겟),너겟65 (올인원),voice_extra_minutes,300.0,300,https://www.lguplus.com/mobile/plan/mplan/direct/nerget/Z202500388
변경,Z202500388_소호,Z202500388,LGU+,LGU+-온라인가입전용(너겟),너겟65 (소호),voice_extra_minutes,300.0,300,https://www.lguplus.com/mobile/plan/mplan/direct/nerget/Z202500388
변경,Z202500388_액션캠,Z202500388,LGU+,LGU+-온라인가입전용(너겟),너겟65 (액션캠),voice_extra_minutes,300.0,300,https://www.lguplus.com/mobile/plan/mplan/direct/nerget/Z202500388
변경,Z202500388_데일리,Z202500388,LGU+,LGU+-온라인가입전용(너겟),너겟65 (데일리),voice_extra_minutes,300.0,300,https://www.lguplus.com/mobile/plan/mplan/direct/nerget/Z202500388
변경,Z202502881_넷플릭스,Z202502881,LGU+,LGU+-온라인가입전용(너겟),너겟59 (넷플릭스),voice_extra_minutes,300.0,300,https://www.lguplus.com/mobile/plan/mplan/direct/nerget/Z202502881
변경,Z202502881_구글원,Z202502881,LGU+,LGU+-온라인가입전용(너겟),너겟59 (구글 원),voice_extra_minutes,300.0,300,https://www.lguplus.com/mobile/plan/mplan/direct/nerget/Z202502881
변경,Z202502881_삼성디바이스,Z202502881,LGU+,LGU+-온라인가입전용(너겟),너겟59 (삼성디바이스),voice_extra_minutes,300.0,300,https://www.lguplus.com/mobile/plan/mplan/direct/nerget/Z202502881
변경,Z202502881_애플디바이스,Z202502881,LGU+,LGU+-온라인가입전용(너겟),너겟59 (애플디바이스),voice_extra_minutes,300.0,300,https://www.lguplus.com/mobile/plan/mplan/direct/nerget/Z202502881
변경,Z202502881_마니아디바이스,Z202502881,LGU+,LGU+-온라인가입전용(너겟),너겟59 (마니아디바이스),voice_extra_minutes,300.0,300,https://www.lguplus.com/mobile/plan/mplan/direct/nerget/Z202502881
변경,Z202502881_AI구독,Z202502881,LGU+,LGU+-온라인가입전용(너겟),너겟59 (AI 구독),voice_extra_minutes,300.0,300,https://www.lguplus.com/mobile/plan/mplan/direct/nerget/Z202502881
변경,Z202502881_올인원,Z202502881,LGU+,LGU+-온라인가입전용(너겟),너겟59 (올인원),voice_extra_minutes,300.0,300,https://www.lguplus.com/mobile/plan/mplan/direct/nerget/Z202502881
변경,Z202502881_소호,Z202502881,LGU+,LGU+-온라인가입전용(너겟),너겟59 (소호),voice_extra_minutes,300.0,300,https://www.lguplus.com/mobile/plan/mplan/direct/nerget/Z202502881
변경,Z202502881_데일리,Z202502881,LGU+,LGU+-온라인가입전용(너겟),너겟59 (데일리),voice_extra_minutes,300.0,300,https://www.lguplus.com/mobile/plan/mplan/direct/nerget/Z202502881
변경,Z202505200_넷플릭스,Z202505200,LGU+,LGU+-온라인가입전용(너겟),너겟69 (넷플릭스),voice_extra_minutes,300.0,300,https://www.lguplus.com/mobile/plan/mplan/direct/nerget/Z202505200
변경,Z202505200_디즈니+&티빙,Z202505200,LGU+,LGU+-온라인가입전용(너겟),너겟69 (디즈니+ & 티빙),voice_extra_minutes,300.0,300,https://www.lguplus.com/mobile/plan/mplan/direct/nerget/Z202505200
변경,Z202505200_구글원,Z202505200,LGU+,LGU+-온라인가입전용(너겟),너겟69 (구글 원),voice_extra_minutes,300.0,300,https://www.lguplus.com/mobile/plan/mplan/direct/nerget/Z202505200
변경,Z202505200_삼성디바이스,Z202505200,LGU+,LGU+-온라인가입전용(너겟),너겟69 (삼성디바이스),voice_extra_minutes,300.0,300,https://www.lguplus.com/mobile/plan/mplan/direct/nerget/Z202505200
변경,Z202505200_애플디바이스,Z202505200,LGU+,LGU+-온라인가입전용(너겟),너겟69 (애플디바이스),voice_extra_minutes,300.0,300,https://www.lguplus.com/mobile/plan/mplan/direct/nerget/Z202505200
변경,Z202505200_마니아디바이스,Z202505200,LGU+,LGU+-온라인가입전용(너겟),너겟69 (마니아디바이스),voice_extra_minutes,300.0,300,https://www.lguplus.com/mobile/plan/mplan/direct/nerget/Z202505200
변경,Z202505200_이마트24,Z202505200,LGU+,LGU+-온라인가입전용(너겟),너겟69 (이마트24),voice_extra_minutes,300.0,300,https://www.lguplus.com/mobile/plan/mplan/direct/nerget/Z202505200
변경,Z202505200_AI구독,Z202505200,LGU+,LGU+-온라인가입전용(너겟),너겟69 (AI 구독),voice_extra_minutes,300.0,300,https://www.lguplus.com/mobile/plan/mplan/direct/nerget/Z202505200
변경,Z202505200_올인원,Z202505200,LGU+,LGU+-온라인가입전용(너겟),너겟69 (올인원),voice_extra_minutes,300.0,300,https://www.lguplus.com/mobile/plan/mplan/direct/nerget/Z202505200
변경,Z202505200_소호,Z202505200,LGU+,LGU+-온라인가입전용(너겟),너겟69 (소호),voice_extra_minutes,300.0,300,https://www.lguplus.com/mobile/plan/mplan/direct/nerget/Z202505200
변경,Z202505200_액션캠,Z202505200,LGU+,LGU+-온라인가입전용(너겟),너겟69 (액션캠),voice_extra_minutes,300.0,300,https://www.lguplus.com/mobile/plan/mplan/direct/nerget/Z202505200
변경,Z202505200_데일리,Z202505200,LGU+,LGU+-온라인가입전용(너겟),너겟69 (데일리),voice_extra_minutes,300.0,300,https://www.lguplus.com/mobile/plan/mplan/direct/nerget/Z202505200
변경,Z202607508_구글원,Z202607508,LGU+,LGU+-온라인가입전용(너겟),너겟75 (구글원),voice_extra_minutes,300.0,300,https://www.lguplus.com/mobile/plan/mplan/direct/nerget/Z202607508
변경,Z202607508_모아진,Z202607508,LGU+,LGU+-온라인가입전용(너겟),너겟75 (모아진),voice_extra_minutes,300.0,300,https://www.lguplus.com/mobile/plan/mplan/direct/nerget/Z202607508
변경,Z202607508_교보문고sam,Z202607508,LGU+,LGU+-온라인가입전용(너겟),너겟75 (교보문고 sam),voice_extra_minutes,300.0,300,https://www.lguplus.com/mobile/plan/mplan/direct/nerget/Z202607508
변경,Z202607508_지니뮤직,Z202607508,LGU+,LGU+-온라인가입전용(너겟),너겟75 (지니뮤직),voice_extra_minutes,300.0,300,https://www.lguplus.com/mobile/plan/mplan/direct/nerget/Z202607508
변경,Z202607508_밀리의서재,Z202607508,LGU+,LGU+-온라인가입전용(너겟),너겟75 (밀리의 서재),voice_extra_minutes,300.0,300,https://www.lguplus.com/mobile/plan/mplan/direct/nerget/Z202607508
변경,LPZ1006509_구글원,LPZ1006509,LGU+,LGU+-통합,플러스플랜95 (구글원),voice_extra_minutes,300.0,300,https://www.lguplus.com/mobile/plan/mplan/5g-all/5g-unlimited/LPZ1006509
변경,LPZ1006509_모아진,LPZ1006509,LGU+,LGU+-통합,플러스플랜95 (모아진),voice_extra_minutes,300.0,300,https://www.lguplus.com/mobile/plan/mplan/5g-all/5g-unlimited/LPZ1006509
변경,LPZ1006509_교보문고sam,LPZ1006509,LGU+,LGU+-통합,플러스플랜95 (교보문고 sam),voice_extra_minutes,300.0,300,https://www.lguplus.com/mobile/plan/mplan/5g-all/5g-unlimited/LPZ1006509
변경,LPZ1006509_지니뮤직,LPZ1006509,LGU+,LGU+-통합,플러스플랜95 (지니뮤직),voice_extra_minutes,300.0,300,https://www.lguplus.com/mobile/plan/mplan/5g-all/5g-unlimited/LPZ1006509
변경,LPZ1006509_밀리의서재,LPZ1006509,LGU+,LGU+-통합,플러스플랜95 (밀리의 서재),voice_extra_minutes,300.0,300,https://www.lguplus.com/mobile/plan/mplan/5g-all/5g-unlimited/LPZ1006509
변경,Z202205251_넷플릭스,Z202205251,LGU+,LGU+-통합,플러스플랜115 (넷플릭스),voice_extra_minutes,300.0,300,https://www.lguplus.com/mobile/plan/mplan/5g-all/5g-unlimited/Z202205251
변경,Z202205251_유튜브프리미엄,Z202205251,LGU+,LGU+-통합,플러스플랜115 (유튜브 프리미엄),voice_extra_minutes,300.0,300,https://www.lguplus.com/mobile/plan/mplan/5g-all/5g-unlimited/Z202205251
변경,Z202205251_디즈니+,Z202205251,LGU+,LGU+-통합,플러스플랜115 (디즈니+),voice_extra_minutes,300.0,300,https://www.lguplus.com/mobile/plan/mplan/5g-all/5g-unlimited/Z202205251
변경,Z202205251_티빙,Z202205251,LGU+,LGU+-통합,플러스플랜115 (티빙),voice_extra_minutes,300.0,300,https://www.lguplus.com/mobile/plan/mplan/5g-all/5g-unlimited/Z202205251
변경,Z202205251_구글원,Z202205251,LGU+,LGU+-통합,플러스플랜115 (구글 원),voice_extra_minutes,300.0,300,https://www.lguplus.com/mobile/plan/mplan/5g-all/5g-unlimited/Z202205251
변경,Z202205251_구글원+보상패스,Z202205251,LGU+,LGU+-통합,플러스플랜115 (구글원+보상패스),voice_extra_minutes,300.0,300,https://www.lguplus.com/mobile/plan/mplan/5g-all/5g-unlimited/Z202205251
변경,Z202205251_삼성디바이스,Z202205251,LGU+,LGU+-통합,플러스플랜115 (삼성디바이스),voice_extra_minutes,300.0,300,https://www.lguplus.com/mobile/plan/mplan/5g-all/5g-unlimited/Z202205251
변경,Z202205251_애플디바이스,Z202205251,LGU+,LGU+-통합,플러스플랜115 (애플디바이스),voice_extra_minutes,300.0,300,https://www.lguplus.com/mobile/plan/mplan/5g-all/5g-unlimited/Z202205251
변경,Z202205251_마니아디바이스,Z202205251,LGU+,LGU+-통합,플러스플랜115 (마니아디바이스),voice_extra_minutes,300.0,300,https://www.lguplus.com/mobile/plan/mplan/5g-all/5g-unlimited/Z202205251
변경,Z202205251_우리집지킴이Easy2+,Z202205251,LGU+,LGU+-통합,플러스플랜115 (우리집지킴이Easy2+),voice_extra_minutes,300.0,300,https://www.lguplus.com/mobile/plan/mplan/5g-all/5g-unlimited/Z202205251
변경,Z202205251_우리집돌봄이Kids,Z202205251,LGU+,LGU+-통합,플러스플랜115 (우리집돌봄이Kids),voice_extra_minutes,300.0,300,https://www.lguplus.com/mobile/plan/mplan/5g-all/5g-unlimited/Z202205251
변경,Z202205251_우리집지킴이도어캠,Z202205251,LGU+,LGU+-통합,플러스플랜115 (우리집지킴이도어캠),voice_extra_minutes,300.0,300,https://www.lguplus.com/mobile/plan/mplan/5g-all/5g-unlimited/Z202205251
변경,Z202205251_AI구독,Z202205251,LGU+,LGU+-통합,플러스플랜115 (AI 구독),voice_extra_minutes,300.0,300,https://www.lguplus.com/mobile/plan/mplan/5g-all/5g-unlimited/Z202205251
변경,Z202205251_데일리,Z202205251,LGU+,LGU+-통합,플러스플랜115 (데일리),voice_extra_minutes,300.0,300,https://www.lguplus.com/mobile/plan/mplan/5g-all/5g-unlimited/Z202205251
변경,Z202205252_넷플릭스,Z202205252,LGU+,LGU+-통합,플러스플랜105 (넷플릭스),voice_extra_minutes,300.0,300,https://www.lguplus.com/mobile/plan/mplan/5g-all/5g-unlimited/Z202205252
변경,Z202205252_유튜브프리미엄,Z202205252,LGU+,LGU+-통합,플러스플랜105 (유튜브 프리미엄),voice_extra_minutes,300.0,300,https://www.lguplus.com/mobile/plan/mplan/5g-all/5g-unlimited/Z202205252
변경,Z202205252_디즈니+,Z202205252,LGU+,LGU+-통합,플러스플랜105 (디즈니+),voice_extra_minutes,300.0,300,https://www.lguplus.com/mobile/plan/mplan/5g-all/5g-unlimited/Z202205252
변경,Z202205252_티빙,Z202205252,LGU+,LGU+-통합,플러스플랜105 (티빙),voice_extra_minutes,300.0,300,https://www.lguplus.com/mobile/plan/mplan/5g-all/5g-unlimited/Z202205252
변경,Z202205252_구글원,Z202205252,LGU+,LGU+-통합,플러스플랜105 (구글 원),voice_extra_minutes,300.0,300,https://www.lguplus.com/mobile/plan/mplan/5g-all/5g-unlimited/Z202205252
변경,Z202205252_구글원+보상패스,Z202205252,LGU+,LGU+-통합,플러스플랜105 (구글원+보상패스),voice_extra_minutes,300.0,300,https://www.lguplus.com/mobile/plan/mplan/5g-all/5g-unlimited/Z202205252
변경,Z202205252_삼성디바이스,Z202205252,LGU+,LGU+-통합,플러스플랜105 (삼성디바이스),voice_extra_minutes,300.0,300,https://www.lguplus.com/mobile/plan/mplan/5g-all/5g-unlimited/Z202205252
변경,Z202205252_애플디바이스,Z202205252,LGU+,LGU+-통합,플러스플랜105 (애플디바이스),voice_extra_minutes,300.0,300,https://www.lguplus.com/mobile/plan/mplan/5g-all/5g-unlimited/Z202205252
변경,Z202205252_마니아디바이스,Z202205252,LGU+,LGU+-통합,플러스플랜105 (마니아디바이스),voice_extra_minutes,300.0,300,https://www.lguplus.com/mobile/plan/mplan/5g-all/5g-unlimited/Z202205252
변경,Z202205252_우리집지킴이Easy2+,Z202205252,LGU+,LGU+-통합,플러스플랜105 (우리집지킴이Easy2+),voice_extra_minutes,300.0,300,https://www.lguplus.com/mobile/plan/mplan/5g-all/5g-unlimited/Z202205252
변경,Z202205252_우리집돌봄이Kids,Z202205252,LGU+,LGU+-통합,플러스플랜105 (우리집돌봄이Kids),voice_extra_minutes,300.0,300,https://www.lguplus.com/mobile/plan/mplan/5g-all/5g-unlimited/Z202205252
변경,Z202205252_AI구독,Z202205252,LGU+,LGU+-통합,플러스플랜105 (AI 구독),voice_extra_minutes,300.0,300,https://www.lguplus.com/mobile/plan/mplan/5g-all/5g-unlimited/Z202205252
변경,Z202205252_데일리,Z202205252,LGU+,LGU+-통합,플러스플랜105 (데일리),voice_extra_minutes,300.0,300,https://www.lguplus.com/mobile/plan/mplan/5g-all/5g-unlimited/Z202205252
변경,Z202205253_넷플릭스,Z202205253,LGU+,LGU+-통합,플러스플랜130 (넷플릭스),voice_extra_minutes,300.0,300,https://www.lguplus.com/mobile/plan/mplan/5g-all/5g-unlimited/Z202205253
변경,Z202205253_유튜브프리미엄,Z202205253,LGU+,LGU+-통합,플러스플랜130 (유튜브 프리미엄),voice_extra_minutes,300.0,300,https://www.lguplus.com/mobile/plan/mplan/5g-all/5g-unlimited/Z202205253
변경,Z202205253_디즈니+,Z202205253,LGU+,LGU+-통합,플러스플랜130 (디즈니+),voice_extra_minutes,300.0,300,https://www.lguplus.com/mobile/plan/mplan/5g-all/5g-unlimited/Z202205253
변경,Z202205253_티빙,Z202205253,LGU+,LGU+-통합,플러스플랜130 (티빙),voice_extra_minutes,300.0,300,https://www.lguplus.com/mobile/plan/mplan/5g-all/5g-unlimited/Z202205253
변경,Z202205253_구글원,Z202205253,LGU+,LGU+-통합,플러스플랜130 (구글 원),voice_extra_minutes,300.0,300,https://www.lguplus.com/mobile/plan/mplan/5g-all/5g-unlimited/Z202205253
변경,Z202205253_구글원+보상패스,Z202205253,LGU+,LGU+-통합,플러스플랜130 (구글원+보상패스),voice_extra_minutes,300.0,300,https://www.lguplus.com/mobile/plan/mplan/5g-all/5g-unlimited/Z202205253
변경,Z202205253_삼성디바이스,Z202205253,LGU+,LGU+-통합,플러스플랜130 (삼성디바이스),voice_extra_minutes,300.0,300,https://www.lguplus.com/mobile/plan/mplan/5g-all/5g-unlimited/Z202205253
변경,Z202205253_애플디바이스,Z202205253,LGU+,LGU+-통합,플러스플랜130 (애플디바이스),voice_extra_minutes,300.0,300,https://www.lguplus.com/mobile/plan/mplan/5g-all/5g-unlimited/Z202205253
변경,Z202205253_마니아디바이스,Z202205253,LGU+,LGU+-통합,플러스플랜130 (마니아디바이스),voice_extra_minutes,300.0,300,https://www.lguplus.com/mobile/plan/mplan/5g-all/5g-unlimited/Z202205253
변경,Z202205253_우리집지킴이Easy2+,Z202205253,LGU+,LGU+-통합,플러스플랜130 (우리집지킴이Easy2+),voice_extra_minutes,300.0,300,https://www.lguplus.com/mobile/plan/mplan/5g-all/5g-unlimited/Z202205253
변경,Z202205253_우리집돌봄이Kids,Z202205253,LGU+,LGU+-통합,플러스플랜130 (우리집돌봄이Kids),voice_extra_minutes,300.0,300,https://www.lguplus.com/mobile/plan/mplan/5g-all/5g-unlimited/Z202205253
변경,Z202205253_우리집지킴이도어캠,Z202205253,LGU+,LGU+-통합,플러스플랜130 (우리집지킴이도어캠),voice_extra_minutes,300.0,300,https://www.lguplus.com/mobile/plan/mplan/5g-all/5g-unlimited/Z202205253
변경,Z202205253_AI구독,Z202205253,LGU+,LGU+-통합,플러스플랜130 (AI 구독),voice_extra_minutes,300.0,300,https://www.lguplus.com/mobile/plan/mplan/5g-all/5g-unlimited/Z202205253
변경,Z202205253_데일리,Z202205253,LGU+,LGU+-통합,플러스플랜130 (데일리),voice_extra_minutes,300.0,300,https://www.lguplus.com/mobile/plan/mplan/5g-all/5g-unlimited/Z202205253
변경,Z202605251,Z202605251,LGU+,LGU+-통합,데이터플랜MAX,voice_extra_minutes,300.0,300,https://www.lguplus.com/mobile/plan/mplan/5g-all/5g-unlimited/Z202605251
변경,Z202605252,Z202605252,LGU+,LGU+-통합,데이터플랜150GB,voice_extra_minutes,300.0,300,https://www.lguplus.com/mobile/plan/mplan/5g-all/5g-unlimited/Z202605252
변경,Z202605253,Z202605253,LGU+,LGU+-통합,데이터플랜125GB,voice_extra_minutes,300.0,300,https://www.lguplus.com/mobile/plan/mplan/5g-all/5g-unlimited/Z202605253
변경,Z202605254,Z202605254,LGU+,LGU+-통합,데이터플랜95GB,voice_extra_minutes,300.0,300,https://www.lguplus.com/mobile/plan/mplan/5g-all/5g-unlimited/Z202605254
변경,Z202605255,Z202605255,LGU+,LGU+-통합,데이터플랜80GB,voice_extra_minutes,300.0,300,https://www.lguplus.com/mobile/plan/mplan/5g-all/5g-unlimited/Z202605255
변경,Z202605256,Z202605256,LGU+,LGU+-통합,데이터플랜50GB,voice_extra_minutes,300.0,300,https://www.lguplus.com/mobile/plan/mplan/5g-all/5g-unlimited/Z202605256
변경,Z202605257,Z202605257,LGU+,LGU+-통합,데이터플랜31GB,voice_extra_minutes,300.0,300,https://www.lguplus.com/mobile/plan/mplan/5g-all/5g-unlimited/Z202605257
변경,Z202605258,Z202605258,LGU+,LGU+-통합,데이터플랜24GB,voice_extra_minutes,300.0,300,https://www.lguplus.com/mobile/plan/mplan/5g-all/5g-unlimited/Z202605258
변경,Z202605259,Z202605259,LGU+,LGU+-통합,데이터플랜14GB,voice_extra_minutes,300.0,300,https://www.lguplus.com/mobile/plan/mplan/5g-all/5g-unlimited/Z202605259
변경,Z202605260,Z202605260,LGU+,LGU+-통합,데이터플랜5GB,voice_extra_minutes,300.0,300,https://www.lguplus.com/mobile/plan/mplan/5g-all/5g-unlimited/Z202605260
변경,Z202605261,Z202605261,LGU+,LGU+-통합,데이터플랜750MB,voice_minutes,125.0,125,https://www.lguplus.com/mobile/plan/mplan/5g-all/5g-unlimited/Z202605261
변경,Z202605261,Z202605261,LGU+,LGU+-통합,데이터플랜750MB,sms_count,150.0,150,https://www.lguplus.com/mobile/plan/mplan/5g-all/5g-unlimited/Z202605261
변경,Z202605262,Z202605262,LGU+,LGU+-통합,데이터플랜300MB,voice_minutes,125.0,125,https://www.lguplus.com/mobile/plan/mplan/5g-all/5g-unlimited/Z202605262
변경,Z202605262,Z202605262,LGU+,LGU+-통합,데이터플랜300MB,sms_count,150.0,150,https://www.lguplus.com/mobile/plan/mplan/5g-all/5g-unlimited/Z202605262
변경,Z202606000,Z202606000,LGU+,LGU+-통합,데이터플랜9GB,voice_extra_minutes,300.0,300,https://www.lguplus.com/mobile/plan/mplan/5g-all/5g-unlimited/Z202606000
변경,Z202606002,Z202606002,LGU+,LGU+-통합,데이터플랜1.5GB,voice_extra_minutes,110.0,110,https://www.lguplus.com/mobile/plan/mplan/5g-all/5g-unlimited/Z202606002
변경,36971,36971,KT,moyo,5G 모두다 맘껏 안심 20GB+,discount_period_months,6.0,6,https://www.moyoplan.com/plans/36971
변경,26257,26257,LGU+,moyo,[평생할인] 7GB+/통화기본,discount_period_months,8.0,8,https://www.moyoplan.com/plans/26257
변경,26613,26613,KT,moyo,[모요only] [모요핫딜] 쉐이크 LTE 100GB+Npay 매월 5천원,discounted_fee,11700,11600,https://www.moyoplan.com/plans/26613
변경,26613,26613,KT,moyo,[모요only] [모요핫딜] 쉐이크 LTE 100GB+Npay 매월 5천원,discount_period_months,7.0,7,https://www.moyoplan.com/plans/26613
변경,36967,36967,KT,moyo,모두다 맘껏 10GB+(밀리의 서재 FREE),discount_period_months,6.0,6,https://www.moyoplan.com/plans/36967
변경,6804,6804,LGU+,moyo,슬림 유심 500MB 50분,discount_period_months,6.0,6,https://www.moyoplan.com/plans/6804
변경,6804,6804,LGU+,moyo,슬림 유심 500MB 50분,voice_minutes,50.0,50,https://www.moyoplan.com/plans/6804
변경,6804,6804,LGU+,moyo,슬림 유심 500MB 50분,sms_count,50.0,50,https://www.moyoplan.com/plans/6804
변경,35498,35498,LGU+,moyo,[평생할인] 5G 15GB+/300분,discount_period_months,10.0,10,https://www.moyoplan.com/plans/35498
변경,35498,35498,LGU+,moyo,[평생할인] 5G 15GB+/300분,voice_minutes,300.0,300,https://www.moyoplan.com/plans/35498
변경,35498,35498,LGU+,moyo,[평생할인] 5G 15GB+/300분,sms_count,300.0,300,https://www.moyoplan.com/plans/35498
변경,26259,26259,LGU+,moyo,[평생할인] 15GB+/통화기본,discount_period_months,8.0,8,https://www.moyoplan.com/plans/26259
변경,37103,37103,KT,moyo,[모요only] [K] 핀다이렉트Z 100GB+(네이버페이) _모요핫딜,discounted_fee,11600,11500,https://www.moyoplan.com/plans/37103
변경,37103,37103,KT,moyo,[모요only] [K] 핀다이렉트Z 100GB+(네이버페이) _모요핫딜,discount_period_months,7.0,7,https://www.moyoplan.com/plans/37103
변경,23450,23450,KT,moyo,통화 충분 15GB,discount_period_months,6.0,6,https://www.moyoplan.com/plans/23450
변경,23450,23450,KT,moyo,통화 충분 15GB,voice_extra_minutes,30.0,30,https://www.moyoplan.com/plans/23450
변경,36963,36963,KT,moyo,모두다 맘껏 안심 4.5GB+,discount_period_months,6.0,6,https://www.moyoplan.com/plans/36963
변경,29062,29062,LGU+,moyo,데일리 너겟59,discount_period_months,6.0,6,https://www.moyoplan.com/plans/29062
변경,6830,6830,LGU+,moyo,DATA 걱정없는 유심 7GB,discount_period_months,8.0,8,https://www.moyoplan.com/plans/6830
변경,37443,37443,KT,moyo,모두다 맘껏 안심 6GB+,discount_period_months,6.0,6,https://www.moyoplan.com/plans/37443
변경,6801,6801,LGU+,moyo,슬림 유심 1GB 100분,discount_period_months,6.0,6,https://www.moyoplan.com/plans/6801
변경,6801,6801,LGU+,moyo,슬림 유심 1GB 100분,voice_minutes,100.0,100,https://www.moyoplan.com/plans/6801
변경,6801,6801,LGU+,moyo,슬림 유심 1GB 100분,sms_count,50.0,50,https://www.moyoplan.com/plans/6801
변경,30954,30954,KT,moyo,[모요only] [K] 핀다이렉트Z 100GB+(네이버페이) _PIN,discounted_fee,11700,11600,https://www.moyoplan.com/plans/30954
변경,30954,30954,KT,moyo,[모요only] [K] 핀다이렉트Z 100GB+(네이버페이) _PIN,discount_period_months,7.0,7,https://www.moyoplan.com/plans/30954
변경,36163,36163,KT,moyo,[모요only] 쉐이크only LTE 100GB+밀리의서재,discount_period_months,7.0,7,https://www.moyoplan.com/plans/36163
변경,26312,26312,LGU+,moyo,[모빌카드 스페셜] 유심 5G 150GB+,discount_period_months,7.0,7,https://www.moyoplan.com/plans/26312
변경,36647,36647,LGU+,moyo,DATA 걱정없는 유심 100GB,discount_period_months,6.0,6,https://www.moyoplan.com/plans/36647
변경,37403,37403,KT,moyo,[모요only] [K] 핀다이렉트Z 100GB+(네이버페이) _PAY,discount_period_months,7.0,7,https://www.moyoplan.com/plans/37403
변경,6836,6836,LGU+,moyo,The 착한 데이터 유심 11GB,discount_period_months,6.0,6,https://www.moyoplan.com/plans/6836
변경,37442,37442,SKT,moyo,[모요only] [S] 핀다이렉트Z Max(네이버페이) _PAY,discount_period_months,7.0,7,https://www.moyoplan.com/plans/37442
변경,6790,6790,LGU+,moyo,보편 안심 유심 15GB 100분,discount_period_months,6.0,6,https://www.moyoplan.com/plans/6790
변경,6790,6790,LGU+,moyo,보편 안심 유심 15GB 100분,voice_minutes,100.0,100,https://www.moyoplan.com/plans/6790
변경,6790,6790,LGU+,moyo,보편 안심 유심 15GB 100분,sms_count,100.0,100,https://www.moyoplan.com/plans/6790
변경,27840,27840,KT,moyo,[모요only] 고고딜 무제한 11GB+3M(Npay 5000P)_12개월,discount_period_months,12.0,12,https://www.moyoplan.com/plans/27840
변경,6803,6803,LGU+,moyo,슬림 유심 2GB 200분,discount_period_months,6.0,6,https://www.moyoplan.com/plans/6803
변경,6803,6803,LGU+,moyo,슬림 유심 2GB 200분,voice_minutes,200.0,200,https://www.moyoplan.com/plans/6803
변경,6803,6803,LGU+,moyo,슬림 유심 2GB 200분,sms_count,150.0,150,https://www.moyoplan.com/plans/6803
변경,18885,18885,LGU+,moyo,DATA 걱정없는 유심 15GB,discount_period_months,8.0,8,https://www.moyoplan.com/plans/18885
변경,37123,37123,LGU+,moyo,[모요핫딜]5G 음성기본 150GB+5Mbps,discount_period_months,7.0,7,https://www.moyoplan.com/plans/37123
변경,23576,23576,KT,moyo,KT 100GB+ (CU 매월 20%+올리브영 매월 5천원 상품권!),discount_period_months,7.0,7,https://www.moyoplan.com/plans/23576
변경,37406,37406,LGU+,moyo,[모요only] 두해5G 통화기본150GB+ 유심비ZERO(일반),discounted_fee,22300,21400,https://www.moyoplan.com/plans/37406
변경,37406,37406,LGU+,moyo,[모요only] 두해5G 통화기본150GB+ 유심비ZERO(일반),discount_period_months,24.0,24,https://www.moyoplan.com/plans/37406
변경,23284,23284,KT,moyo,KT 100GB+ (밀리의서재+올리브영 매월 5천원 상품권!),discount_period_months,7.0,7,https://www.moyoplan.com/plans/23284
변경,12428,12428,KT,moyo,슬림 1GB/100분,voice_minutes,100.0,100,https://www.moyoplan.com/plans/12428
변경,12428,12428,KT,moyo,슬림 1GB/100분,voice_extra_minutes,30.0,30,https://www.moyoplan.com/plans/12428
변경,12428,12428,KT,moyo,슬림 1GB/100분,sms_count,100.0,100,https://www.moyoplan.com/plans/12428
변경,27842,27842,KT,moyo,[모요only] [모요핫딜]무제한 100GB+5M(Npay 5000P),discount_period_months,7.0,7,https://www.moyoplan.com/plans/27842
변경,35207,35207,LGU+,moyo,이지 무제한 5GB+1,discount_period_months,6.0,6,https://www.moyoplan.com/plans/35207
변경,35207,35207,LGU+,moyo,이지 무제한 5GB+1,voice_extra_minutes,300.0,300,https://www.moyoplan.com/plans/35207
변경,28127,28127,LGU+,moyo,[모요only] 마블링 프라임 11GB+매일2GB+3Mbps,discounted_fee,5370,5300,https://www.moyoplan.com/plans/28127
변경,28127,28127,LGU+,moyo,[모요only] 마블링 프라임 11GB+매일2GB+3Mbps,discount_period_months,7.0,7,https://www.moyoplan.com/plans/28127
변경,36263,36263,LGU+,moyo,[일반] 유심 5G 150GB+_24개월,discount_period_months,24.0,24,https://www.moyoplan.com/plans/36263
변경,27680,27680,LGU+,moyo,[모요핫딜] 희망더하기 11GB,discount_period_months,7.0,7,https://www.moyoplan.com/plans/27680
변경,28102,28102,KT,moyo,[모요only] [K] 핀다이렉트Z Max (100GB) _PIN,discount_period_months,7.0,7,https://www.moyoplan.com/plans/28102
변경,37124,37124,LGU+,moyo,[모요핫딜]5G 음성기본 125GB+5Mbps,discount_period_months,7.0,7,https://www.moyoplan.com/plans/37124
변경,37109,37109,LGU+,moyo,[Npay 12만 기본제공] 17GB+/통화기본,discount_period_months,24.0,24,https://www.moyoplan.com/plans/37109
변경,22864,22864,LGU+,moyo,[모요only] 마블링 프라임 100GB+5Mbps,discount_period_months,7.0,7,https://www.moyoplan.com/plans/22864
변경,34377,34377,LGU+,moyo,[모요only] 알찬 음성기본 11GB+일 2GB+3Mbps,monthly_fee,38500,39600,https://www.moyoplan.com/plans/34377
변경,34377,34377,LGU+,moyo,[모요only] 알찬 음성기본 11GB+일 2GB+3Mbps,discounted_fee,5764,6800,https://www.moyoplan.com/plans/34377
변경,34377,34377,LGU+,moyo,[모요only] 알찬 음성기본 11GB+일 2GB+3Mbps,discount_period_months,7.0,7,https://www.moyoplan.com/plans/34377
변경,27837,27837,KT,moyo,[모요only] 고고딜 무제한 7GB+1M(Npay 5000P)_12개월,discount_period_months,12.0,12,https://www.moyoplan.com/plans/27837
변경,32400,32400,LGU+,moyo,쿠폰팩 유심 7GB,discount_period_months,8.0,8,https://www.moyoplan.com/plans/32400
변경,34378,34378,LGU+,moyo,[모요only] [CH]100GB+5Mbps,discount_period_months,7.0,7,https://www.moyoplan.com/plans/34378
변경,31929,31929,KT,moyo,EG 무제한 100GB+5M(밀리의 서재),discount_period_months,6.0,6,https://www.moyoplan.com/plans/31929
변경,32578,32578,KT,moyo,"[모요only] 쉐이크 5G 110GB+_네이버페이 매 월 5,000원",discount_period_months,7.0,7,https://www.moyoplan.com/plans/32578
변경,32578,32578,KT,moyo,"[모요only] 쉐이크 5G 110GB+_네이버페이 매 월 5,000원",voice_extra_minutes,300.0,300,https://www.moyoplan.com/plans/32578
변경,36256,36256,LGU+,moyo,5G 음성기본 150GB+5Mbps_24개월,discount_period_months,24.0,24,https://www.moyoplan.com/plans/36256
변경,28450,28450,LGU+,moyo,데이터 플러스 7GB(평생+10GB 추가 제공 프로모션),voice_extra_minutes,300.0,300,https://www.moyoplan.com/plans/28450
변경,37118,37118,KT,moyo,[모요only] 고고딜 무제한 100GB+5M(Npay 5000P)_12개월,discount_period_months,12.0,12,https://www.moyoplan.com/plans/37118
변경,30853,30853,LGU+,moyo,이지 데이터 10GB+1/100분,discount_period_months,6.0,6,https://www.moyoplan.com/plans/30853
변경,30853,30853,LGU+,moyo,이지 데이터 10GB+1/100분,voice_minutes,100.0,100,https://www.moyoplan.com/plans/30853
변경,30853,30853,LGU+,moyo,이지 데이터 10GB+1/100분,sms_count,100.0,100,https://www.moyoplan.com/plans/30853
변경,30952,30952,LGU+,moyo,이지 무제한 4.5GB+1,discounted_fee,0,10,https://www.moyoplan.com/plans/30952
변경,30952,30952,LGU+,moyo,이지 무제한 4.5GB+1,discount_period_months,6.0,6,https://www.moyoplan.com/plans/30952
변경,23093,23093,LGU+,moyo,보편 안심 유심 15GB 300분,discount_period_months,6.0,6,https://www.moyoplan.com/plans/23093
변경,23093,23093,LGU+,moyo,보편 안심 유심 15GB 300분,voice_minutes,300.0,300,https://www.moyoplan.com/plans/23093
변경,23093,23093,LGU+,moyo,보편 안심 유심 15GB 300분,sms_count,300.0,300,https://www.moyoplan.com/plans/23093
변경,26871,26871,LGU+,moyo,[CHM] 5G 음성기본 150GB+5Mbps,discount_period_months,7.0,7,https://www.moyoplan.com/plans/26871
변경,12438,12438,LGU+,moyo,5G 유심 6GB 200분,discount_period_months,6.0,6,https://www.moyoplan.com/plans/12438
변경,12438,12438,LGU+,moyo,5G 유심 6GB 200분,voice_minutes,200.0,200,https://www.moyoplan.com/plans/12438
변경,12438,12438,LGU+,moyo,5G 유심 6GB 200분,sms_count,100.0,100,https://www.moyoplan.com/plans/12438
변경,11197,11197,LGU+,moyo,보편 안심 유심 1GB 100분,discount_period_months,6.0,6,https://www.moyoplan.com/plans/11197
변경,11197,11197,LGU+,moyo,보편 안심 유심 1GB 100분,voice_minutes,100.0,100,https://www.moyoplan.com/plans/11197
변경,11197,11197,LGU+,moyo,보편 안심 유심 1GB 100분,sms_count,100.0,100,https://www.moyoplan.com/plans/11197
변경,11964,11964,LGU+,moyo,The 착한 데이터 유심 9GB 3000분,discount_period_months,6.0,6,https://www.moyoplan.com/plans/11964
변경,11964,11964,LGU+,moyo,The 착한 데이터 유심 9GB 3000분,voice_minutes,3000.0,3000,https://www.moyoplan.com/plans/11964
변경,11964,11964,LGU+,moyo,The 착한 데이터 유심 9GB 3000분,sms_count,1000.0,1000,https://www.moyoplan.com/plans/11964
변경,33045,33045,KT,moyo,EG 10무제한 11G+3(CU할인),discount_period_months,10.0,10,https://www.moyoplan.com/plans/33045
변경,30890,30890,LGU+,moyo,이지 오래쓰는 데이터 6G/200분,discounted_fee,0,10,https://www.moyoplan.com/plans/30890
변경,30890,30890,LGU+,moyo,이지 오래쓰는 데이터 6G/200분,discount_period_months,12.0,12,https://www.moyoplan.com/plans/30890
변경,30890,30890,LGU+,moyo,이지 오래쓰는 데이터 6G/200분,voice_minutes,200.0,200,https://www.moyoplan.com/plans/30890
변경,30890,30890,LGU+,moyo,이지 오래쓰는 데이터 6G/200분,sms_count,100.0,100,https://www.moyoplan.com/plans/30890
변경,36605,36605,LGU+,moyo,5G_모나기본125G안심5,discount_period_months,24.0,24,https://www.moyoplan.com/plans/36605
변경,26836,26836,KT,moyo,가성비플러스(15GB/350분),discount_period_months,8.0,8,https://www.moyoplan.com/plans/26836
변경,26836,26836,KT,moyo,가성비플러스(15GB/350분),voice_minutes,350.0,350,https://www.moyoplan.com/plans/26836
변경,26836,26836,KT,moyo,가성비플러스(15GB/350분),sms_count,100.0,100,https://www.moyoplan.com/plans/26836
변경,6789,6789,LGU+,moyo,보편 안심 유심 10GB 200분,discount_period_months,8.0,8,https://www.moyoplan.com/plans/6789
변경,6789,6789,LGU+,moyo,보편 안심 유심 10GB 200분,voice_minutes,200.0,200,https://www.moyoplan.com/plans/6789
변경,6789,6789,LGU+,moyo,보편 안심 유심 10GB 200분,sms_count,100.0,100,https://www.moyoplan.com/plans/6789
변경,35523,35523,LGU+,moyo,편의점_데이터11G+일2G,discount_period_months,24.0,24,https://www.moyoplan.com/plans/35523
변경,23975,23975,LGU+,moyo,인스 유심 스트롱 11GB+,discounted_fee,5370,5499,https://www.moyoplan.com/plans/23975
변경,23975,23975,LGU+,moyo,인스 유심 스트롱 11GB+,discount_period_months,7.0,7,https://www.moyoplan.com/plans/23975
변경,10364,10364,LGU+,moyo,DATA 걱정없는 유심 일5GB,discount_period_months,6.0,6,https://www.moyoplan.com/plans/10364
변경,32402,32402,LGU+,moyo,쿠폰팩 유심 15GB,discount_period_months,8.0,8,https://www.moyoplan.com/plans/32402
변경,26275,26275,LGU+,moyo,[평생할인] 500MB/60분,voice_minutes,60.0,60,https://www.moyoplan.com/plans/26275
변경,26275,26275,LGU+,moyo,[평생할인] 500MB/60분,sms_count,50.0,50,https://www.moyoplan.com/plans/26275
변경,37137,37137,KT,moyo,데이터 충분 15GB/100분,voice_minutes,100.0,100,https://www.moyoplan.com/plans/37137
변경,37137,37137,KT,moyo,데이터 충분 15GB/100분,sms_count,100.0,100,https://www.moyoplan.com/plans/37137
변경,37143,37143,KT,moyo,5G 데이터 충분 15GB/200분,voice_minutes,200.0,200,https://www.moyoplan.com/plans/37143
변경,37143,37143,KT,moyo,5G 데이터 충분 15GB/200분,sms_count,100.0,100,https://www.moyoplan.com/plans/37143
변경,37144,37144,KT,moyo,5G 데이터 충분 20GB/200분,voice_minutes,200.0,200,https://www.moyoplan.com/plans/37144
변경,37144,37144,KT,moyo,5G 데이터 충분 20GB/200분,sms_count,100.0,100,https://www.moyoplan.com/plans/37144
변경,23092,23092,LGU+,moyo,보편 안심 유심 15GB 180분,discount_period_months,6.0,6,https://www.moyoplan.com/plans/23092
변경,23092,23092,LGU+,moyo,보편 안심 유심 15GB 180분,voice_minutes,180.0,180,https://www.moyoplan.com/plans/23092
변경,23092,23092,LGU+,moyo,보편 안심 유심 15GB 180분,sms_count,100.0,100,https://www.moyoplan.com/plans/23092
변경,34319,34319,KT,moyo,5G 가성비플러스(15GB/350분),discount_period_months,8.0,8,https://www.moyoplan.com/plans/34319
변경,34319,34319,KT,moyo,5G 가성비플러스(15GB/350분),voice_minutes,350.0,350,https://www.moyoplan.com/plans/34319
변경,34319,34319,KT,moyo,5G 가성비플러스(15GB/350분),sms_count,100.0,100,https://www.moyoplan.com/plans/34319
변경,35324,35324,LGU+,moyo,[모요only] 마블링 무제한 11GB+,discount_period_months,12.0,12,https://www.moyoplan.com/plans/35324
변경,31928,31928,KT,moyo,EG 무제한 71G+3M,discount_period_months,7.0,7,https://www.moyoplan.com/plans/31928
변경,31928,31928,KT,moyo,EG 무제한 71G+3M,voice_extra_minutes,300.0,300,https://www.moyoplan.com/plans/31928
변경,29288,29288,LGU+,moyo,이야기 완전 FREE 71GB,discount_period_months,7.0,7,https://www.moyoplan.com/plans/29288
변경,32403,32403,LGU+,moyo,쿠폰팩 유심 11GB,discount_period_months,6.0,6,https://www.moyoplan.com/plans/32403
변경,34892,34892,LGU+,moyo,[모요only] 두해 통화기본11GB+매일2GB,discount_period_months,24.0,24,https://www.moyoplan.com/plans/34892
변경,36648,36648,LGU+,moyo,5G 티플온 125GB+,discount_period_months,7.0,7,https://www.moyoplan.com/plans/36648
변경,26296,26296,LGU+,moyo,[평생할인] 5G 10GB/200분,voice_minutes,200.0,200,https://www.moyoplan.com/plans/26296
변경,26296,26296,LGU+,moyo,[평생할인] 5G 10GB/200분,sms_count,100.0,100,https://www.moyoplan.com/plans/26296
변경,26297,26297,LGU+,moyo,[평생할인] 5G 15GB/200분,voice_minutes,200.0,200,https://www.moyoplan.com/plans/26297
변경,26297,26297,LGU+,moyo,[평생할인] 5G 15GB/200분,sms_count,100.0,100,https://www.moyoplan.com/plans/26297
변경,36606,36606,LGU+,moyo,5G_모나기본150G안심5,discount_period_months,24.0,24,https://www.moyoplan.com/plans/36606
변경,18704,18704,LGU+,moyo,5G 유심 중간요금제 80GB,discount_period_months,6.0,6,https://www.moyoplan.com/plans/18704
변경,23209,23209,LGU+,moyo,인스 유심 스피드(5G) 150GB+,discount_period_months,7.0,7,https://www.moyoplan.com/plans/23209
변경,36614,36614,KT,moyo,티플 일5G＋(밀리의서재),discount_period_months,7.0,7,https://www.moyoplan.com/plans/36614
변경,36978,36978,KT,moyo,5G 데이터 충분 10GB/200분,voice_minutes,200.0,200,https://www.moyoplan.com/plans/36978
변경,36978,36978,KT,moyo,5G 데이터 충분 10GB/200분,sms_count,100.0,100,https://www.moyoplan.com/plans/36978
변경,32399,32399,LGU+,moyo,쿠폰팩 유심 일5GB,discount_period_months,6.0,6,https://www.moyoplan.com/plans/32399
변경,31927,31927,LGU+,moyo,모나기본4.5G안심1+,discount_period_months,7.0,7,https://www.moyoplan.com/plans/31927
변경,37444,37444,LGU+,moyo,인스 유심 스피드(5G) 125GB+,discount_period_months,7.0,7,https://www.moyoplan.com/plans/37444
변경,36336,36336,LGU+,moyo,모나210분4.5G,discount_period_months,18.0,18,https://www.moyoplan.com/plans/36336
변경,36336,36336,LGU+,moyo,모나210분4.5G,voice_minutes,210.0,210,https://www.moyoplan.com/plans/36336
변경,36336,36336,LGU+,moyo,모나210분4.5G,sms_count,100.0,100,https://www.moyoplan.com/plans/36336
변경,34786,34786,LGU+,moyo,음성기본 5GB+,discount_period_months,6.0,6,https://www.moyoplan.com/plans/34786
변경,35833,35833,KT,moyo,[모요only] [K] 핀다이렉트Z + 밀리의서재(12) _PIN,discount_period_months,12.0,12,https://www.moyoplan.com/plans/35833
변경,36990,36990,LGU+,moyo,[모요only] 5G_신한카드_기본125G안심5,discount_period_months,24.0,24,https://www.moyoplan.com/plans/36990
변경,33071,33071,LGU+,moyo,이지 데이터 7GB,discount_period_months,6.0,6,https://www.moyoplan.com/plans/33071
변경,33071,33071,LGU+,moyo,이지 데이터 7GB,voice_minutes,300.0,300,https://www.moyoplan.com/plans/33071
변경,33071,33071,LGU+,moyo,이지 데이터 7GB,sms_count,100.0,100,https://www.moyoplan.com/plans/33071
변경,35499,35499,LGU+,moyo,[평생할인] 5G 15GB/300분,voice_minutes,300.0,300,https://www.moyoplan.com/plans/35499
변경,35499,35499,LGU+,moyo,[평생할인] 5G 15GB/300분,sms_count,300.0,300,https://www.moyoplan.com/plans/35499
변경,10390,10390,LGU+,moyo,5G 유심 통화 맘편히 3GB,discount_period_months,6.0,6,https://www.moyoplan.com/plans/10390
변경,37138,37138,KT,moyo,데이터 충분 20GB/100분,voice_minutes,100.0,100,https://www.moyoplan.com/plans/37138
변경,37138,37138,KT,moyo,데이터 충분 20GB/100분,sms_count,100.0,100,https://www.moyoplan.com/plans/37138
변경,37104,37104,LGU+,moyo,5G 음성기본 맥스150GB+,discount_period_months,7.0,7,https://www.moyoplan.com/plans/37104
변경,33520,33520,KT,moyo,TOP 15GB 기본 (밀리의서재),discount_period_months,12.0,12,https://www.moyoplan.com/plans/33520
변경,26835,26835,KT,moyo,가성비플러스(10GB/350분),discount_period_months,10.0,10,https://www.moyoplan.com/plans/26835
변경,26835,26835,KT,moyo,가성비플러스(10GB/350분),voice_minutes,350.0,350,https://www.moyoplan.com/plans/26835
변경,26835,26835,KT,moyo,가성비플러스(10GB/350분),sms_count,100.0,100,https://www.moyoplan.com/plans/26835
변경,15001,15001,LGU+,moyo,프레딧 유심 1.5GB 150분,discount_period_months,6.0,6,https://www.moyoplan.com/plans/15001
변경,15001,15001,LGU+,moyo,프레딧 유심 1.5GB 150분,voice_minutes,150.0,150,https://www.moyoplan.com/plans/15001
변경,15001,15001,LGU+,moyo,프레딧 유심 1.5GB 150분,sms_count,150.0,150,https://www.moyoplan.com/plans/15001
변경,36255,36255,LGU+,moyo,5G 음성기본 125GB+5Mbps_24개월,discount_period_months,24.0,24,https://www.moyoplan.com/plans/36255
변경,20321,20321,SKT,moyo,함께이야기해S(100분+15GB),discount_period_months,12.0,12,https://www.moyoplan.com/plans/20321
변경,20321,20321,SKT,moyo,함께이야기해S(100분+15GB),voice_minutes,100.0,100,https://www.moyoplan.com/plans/20321
변경,20321,20321,SKT,moyo,함께이야기해S(100분+15GB),sms_count,150.0,150,https://www.moyoplan.com/plans/20321
변경,36176,36176,LGU+,moyo,이야기 스페셜 무제한 11GB+,discount_period_months,12.0,12,https://www.moyoplan.com/plans/36176
변경,33037,33037,LGU+,moyo,5G 가성비플러스(6GB/350분),discount_period_months,12.0,7,https://www.moyoplan.com/plans/33037
변경,33037,33037,LGU+,moyo,5G 가성비플러스(6GB/350분),voice_minutes,350.0,350,https://www.moyoplan.com/plans/33037
변경,33037,33037,LGU+,moyo,5G 가성비플러스(6GB/350분),sms_count,100.0,100,https://www.moyoplan.com/plans/33037
변경,31029,31029,LGU+,moyo,데이터 플러스 10GB(평생 +10GB 추가 제공 프로모션),voice_extra_minutes,300.0,300,https://www.moyoplan.com/plans/31029
변경,35806,35806,KT,moyo,완전마음껏 100GB＋＋(밀리의서재)_12개월할인,discount_period_months,12.0,12,https://www.moyoplan.com/plans/35806
변경,17602,17602,LGU+,moyo,5G 이야기스페셜 125GB+,discount_period_months,24.0,24,https://www.moyoplan.com/plans/17602
변경,27251,27251,LGU+,moyo,11GB+일2GB+3Mbps,discounted_fee,6085,6800,https://www.moyoplan.com/plans/27251
변경,27251,27251,LGU+,moyo,11GB+일2GB+3Mbps,discount_period_months,7.0,7,https://www.moyoplan.com/plans/27251
변경,6835,6835,LGU+,moyo,The 착한 데이터 유심 1.3GB,discount_period_months,6.0,6,https://www.moyoplan.com/plans/6835
변경,32404,32404,LGU+,moyo,쿠폰팩 유심 15GB 100분,discount_period_months,6.0,6,https://www.moyoplan.com/plans/32404
변경,32404,32404,LGU+,moyo,쿠폰팩 유심 15GB 100분,voice_minutes,100.0,100,https://www.moyoplan.com/plans/32404
변경,32404,32404,LGU+,moyo,쿠폰팩 유심 15GB 100분,sms_count,100.0,100,https://www.moyoplan.com/plans/32404
변경,24543,24543,LGU+,moyo,Sugar 통화마음대로 5GB+,discount_period_months,6.0,6,https://www.moyoplan.com/plans/24543
변경,37405,37405,LGU+,moyo,[모요only] 두해5G 통화기본125GB+ 유심비ZERO(일반),discount_period_months,24.0,24,https://www.moyoplan.com/plans/37405
변경,33038,33038,LGU+,moyo,5G 가성비플러스(10GB/350분),discount_period_months,10.0,7,https://www.moyoplan.com/plans/33038
변경,33038,33038,LGU+,moyo,5G 가성비플러스(10GB/350분),voice_minutes,350.0,350,https://www.moyoplan.com/plans/33038
변경,33038,33038,LGU+,moyo,5G 가성비플러스(10GB/350분),sms_count,100.0,100,https://www.moyoplan.com/plans/33038
변경,26804,26804,LGU+,moyo,가성비플러스(10GB/350분),discount_period_months,10.0,7,https://www.moyoplan.com/plans/26804
변경,26804,26804,LGU+,moyo,가성비플러스(10GB/350분),voice_minutes,350.0,350,https://www.moyoplan.com/plans/26804
변경,26804,26804,LGU+,moyo,가성비플러스(10GB/350분),sms_count,100.0,100,https://www.moyoplan.com/plans/26804
변경,26805,26805,LGU+,moyo,가성비플러스(6GB/350분),discount_period_months,12.0,7,https://www.moyoplan.com/plans/26805
변경,26805,26805,LGU+,moyo,가성비플러스(6GB/350분),voice_minutes,350.0,350,https://www.moyoplan.com/plans/26805
변경,26805,26805,LGU+,moyo,가성비플러스(6GB/350분),sms_count,100.0,100,https://www.moyoplan.com/plans/26805
변경,32401,32401,LGU+,moyo,쿠폰팩 유심 10GB,discount_period_months,8.0,8,https://www.moyoplan.com/plans/32401
변경,35491,35491,LGU+,moyo,5G 티플 가성비(300분/15GB),discount_period_months,7.0,6,https://www.moyoplan.com/plans/35491
변경,35491,35491,LGU+,moyo,5G 티플 가성비(300분/15GB),voice_minutes,300.0,300,https://www.moyoplan.com/plans/35491
변경,35491,35491,LGU+,moyo,5G 티플 가성비(300분/15GB),sms_count,300.0,300,https://www.moyoplan.com/plans/35491
변경,36991,36991,LGU+,moyo,[모요only] 5G_신한카드_기본150G안심5,discount_period_months,24.0,24,https://www.moyoplan.com/plans/36991
변경,37418,37418,KT,moyo,완전마음껏 100GB＋＋(CU 20%)_24개월할인,discount_period_months,24.0,24,https://www.moyoplan.com/plans/37418
변경,30872,30872,KT,moyo,[5G]EG 무제한 110G+5,discount_period_months,6.0,6,https://www.moyoplan.com/plans/30872
변경,17287,17287,LGU+,moyo,티플 데이터마음껏5G(100분),discount_period_months,10.0,7,https://www.moyoplan.com/plans/17287
변경,17287,17287,LGU+,moyo,티플 데이터마음껏5G(100분),voice_minutes,100.0,100,https://www.moyoplan.com/plans/17287
변경,17287,17287,LGU+,moyo,티플 데이터마음껏5G(100분),sms_count,100.0,100,https://www.moyoplan.com/plans/17287
변경,30850,30850,LGU+,moyo,이지 데이터 6G,discounted_fee,0,10,https://www.moyoplan.com/plans/30850
변경,30850,30850,LGU+,moyo,이지 데이터 6G,discount_period_months,6.0,6,https://www.moyoplan.com/plans/30850
변경,30850,30850,LGU+,moyo,이지 데이터 6G,voice_minutes,200.0,200,https://www.moyoplan.com/plans/30850
변경,30850,30850,LGU+,moyo,이지 데이터 6G,sms_count,100.0,100,https://www.moyoplan.com/plans/30850
변경,27292,27292,LGU+,moyo,"[모요 전용] 통화, 데이터 마음대로 11GB+",discount_period_months,7.0,7,https://www.moyoplan.com/plans/27292
변경,27292,27292,LGU+,moyo,"[모요 전용] 통화, 데이터 마음대로 11GB+",voice_extra_minutes,300.0,300,https://www.moyoplan.com/plans/27292
변경,35834,35834,KT,moyo,[모요only] [K] 핀다이렉트Z Max (100GB)(12) _PIN,discount_period_months,12.0,12,https://www.moyoplan.com/plans/35834
변경,18705,18705,LGU+,moyo,5G 유심 중간요금제 95GB,discount_period_months,6.0,6,https://www.moyoplan.com/plans/18705
변경,31772,31772,KT,moyo,[모요only] 5G 200분/20GB,discount_period_months,7.0,7,https://www.moyoplan.com/plans/31772
변경,31772,31772,KT,moyo,[모요only] 5G 200분/20GB,voice_minutes,200.0,200,https://www.moyoplan.com/plans/31772
변경,31772,31772,KT,moyo,[모요only] 5G 200분/20GB,sms_count,100.0,100,https://www.moyoplan.com/plans/31772
변경,35503,35503,LGU+,moyo,[일반] 실속 5G 15GB+/300분,discount_period_months,12.0,12,https://www.moyoplan.com/plans/35503
변경,35503,35503,LGU+,moyo,[일반] 실속 5G 15GB+/300분,voice_minutes,300.0,300,https://www.moyoplan.com/plans/35503
변경,35503,35503,LGU+,moyo,[일반] 실속 5G 15GB+/300분,sms_count,300.0,300,https://www.moyoplan.com/plans/35503
변경,37421,37421,LGU+,moyo,CHM_5G 음성기본 맥스150GB+,discount_period_months,12.0,12,https://www.moyoplan.com/plans/37421
변경,24201,24201,KT,moyo,[모요only] 5G 200분/15GB,discount_period_months,7.0,7,https://www.moyoplan.com/plans/24201
변경,24201,24201,KT,moyo,[모요only] 5G 200분/15GB,voice_minutes,200.0,200,https://www.moyoplan.com/plans/24201
변경,24201,24201,KT,moyo,[모요only] 5G 200분/15GB,sms_count,100.0,100,https://www.moyoplan.com/plans/24201
변경,36213,36213,LGU+,moyo,[평생할인] 데이터 마음대로 (5GB+/100분),voice_minutes,100.0,100,https://www.moyoplan.com/plans/36213
변경,36213,36213,LGU+,moyo,[평생할인] 데이터 마음대로 (5GB+/100분),sms_count,100.0,100,https://www.moyoplan.com/plans/36213
변경,26276,26276,LGU+,moyo,[평생할인] 1GB/60분,voice_minutes,60.0,60,https://www.moyoplan.com/plans/26276
변경,26276,26276,LGU+,moyo,[평생할인] 1GB/60분,sms_count,100.0,100,https://www.moyoplan.com/plans/26276
변경,27457,27457,LGU+,moyo,인스 유심 스트롱 100GB+,discount_period_months,7.0,7,https://www.moyoplan.com/plans/27457
변경,24023,24023,LGU+,moyo,티플포유(5G/100분),plan_name,티플포유(5G/100분)_12개월할인,티플포유(5G/100분),https://www.moyoplan.com/plans/24023
변경,24023,24023,LGU+,moyo,티플포유(5G/100분),discount_period_months,12.0,7,https://www.moyoplan.com/plans/24023
변경,24023,24023,LGU+,moyo,티플포유(5G/100분),voice_minutes,100.0,100,https://www.moyoplan.com/plans/24023
변경,24023,24023,LGU+,moyo,티플포유(5G/100분),sms_count,100.0,100,https://www.moyoplan.com/plans/24023
변경,35496,35496,LGU+,moyo,[CHM]5G 찬스 300분/15GB+,discount_period_months,6.0,6,https://www.moyoplan.com/plans/35496
변경,35496,35496,LGU+,moyo,[CHM]5G 찬스 300분/15GB+,voice_minutes,300.0,300,https://www.moyoplan.com/plans/35496
변경,35496,35496,LGU+,moyo,[CHM]5G 찬스 300분/15GB+,sms_count,300.0,300,https://www.moyoplan.com/plans/35496
변경,26796,26796,SKT,moyo,가성비플러스(6GB/350분),discount_period_months,12.0,12,https://www.moyoplan.com/plans/26796
변경,26796,26796,SKT,moyo,가성비플러스(6GB/350분),voice_minutes,350.0,350,https://www.moyoplan.com/plans/26796
변경,26796,26796,SKT,moyo,가성비플러스(6GB/350분),sms_count,100.0,100,https://www.moyoplan.com/plans/26796
변경,30865,30865,LGU+,moyo,이지 무한 71GB+3,discount_period_months,7.0,7,https://www.moyoplan.com/plans/30865
변경,30865,30865,LGU+,moyo,이지 무한 71GB+3,voice_extra_minutes,300.0,300,https://www.moyoplan.com/plans/30865
변경,36690,36690,LGU+,moyo,[일반] 유심 5G 125GB+_24개월,discount_period_months,24.0,24,https://www.moyoplan.com/plans/36690
변경,19978,19978,LGU+,moyo,티플 데이터마음껏10G(100분),discount_period_months,7.0,6,https://www.moyoplan.com/plans/19978
변경,19978,19978,LGU+,moyo,티플 데이터마음껏10G(100분),voice_minutes,100.0,100,https://www.moyoplan.com/plans/19978
변경,19978,19978,LGU+,moyo,티플 데이터마음껏10G(100분),sms_count,100.0,100,https://www.moyoplan.com/plans/19978
변경,14987,14987,LGU+,moyo,CU 유심 1.5GB 150분,discount_period_months,6.0,6,https://www.moyoplan.com/plans/14987
변경,14987,14987,LGU+,moyo,CU 유심 1.5GB 150분,voice_minutes,150.0,150,https://www.moyoplan.com/plans/14987
변경,14987,14987,LGU+,moyo,CU 유심 1.5GB 150분,sms_count,150.0,150,https://www.moyoplan.com/plans/14987
변경,33461,33461,KT,moyo,TOP 15GB 기본 (후후),discount_period_months,12.0,12,https://www.moyoplan.com/plans/33461
변경,30953,30953,KT,moyo,[모요only] [K] 핀다이렉트Z 11GB+(네이버페이) _PIN,discount_period_months,7.0,7,https://www.moyoplan.com/plans/30953
변경,36239,36239,SKT,moyo,[모요only] [S] 핀다이렉트Z Max _PIN,discount_period_months,7.0,7,https://www.moyoplan.com/plans/36239
변경,36239,36239,SKT,moyo,[모요only] [S] 핀다이렉트Z Max _PIN,voice_extra_minutes,300.0,300,https://www.moyoplan.com/plans/36239
변경,29290,29290,SKT,moyo,이야기 완전 무제한 100GB+,discount_period_months,7.0,7,https://www.moyoplan.com/plans/29290
변경,35515,35515,LGU+,moyo,5G Sugar 세이브+(300분/15GB),discount_period_months,6.0,6,https://www.moyoplan.com/plans/35515
변경,35515,35515,LGU+,moyo,5G Sugar 세이브+(300분/15GB),voice_minutes,300.0,300,https://www.moyoplan.com/plans/35515
변경,35515,35515,LGU+,moyo,5G Sugar 세이브+(300분/15GB),sms_count,300.0,300,https://www.moyoplan.com/plans/35515
변경,35911,35911,LGU+,moyo,Sugar 7GB+1Mbps(R),discount_period_months,6.0,6,https://www.moyoplan.com/plans/35911
변경,35911,35911,LGU+,moyo,Sugar 7GB+1Mbps(R),voice_minutes,1000.0,1000,https://www.moyoplan.com/plans/35911
변경,35911,35911,LGU+,moyo,Sugar 7GB+1Mbps(R),sms_count,200.0,200,https://www.moyoplan.com/plans/35911
변경,23976,23976,LGU+,moyo,인스 유심 스트롱,discount_period_months,7.0,7,https://www.moyoplan.com/plans/23976
변경,27772,27772,KT,moyo,[모요only] 무제한 100GB+5M(매월 네이버페이5000P),discount_period_months,7.0,7,https://www.moyoplan.com/plans/27772
변경,18145,18145,LGU+,moyo,이야기 라이트 4.5GB+,discount_period_months,6.0,6,https://www.moyoplan.com/plans/18145
변경,26356,26356,LGU+,moyo,모나500분6G,discount_period_months,12.0,12,https://www.moyoplan.com/plans/26356
변경,26356,26356,LGU+,moyo,모나500분6G,voice_minutes,500.0,500,https://www.moyoplan.com/plans/26356
변경,26356,26356,LGU+,moyo,모나500분6G,sms_count,200.0,200,https://www.moyoplan.com/plans/26356
변경,26271,26271,LGU+,moyo,[평생할인] 1.5GB/통화기본,voice_extra_minutes,50.0,50,https://www.moyoplan.com/plans/26271
변경,37422,37422,KT,moyo,[모요only] [K] 핀다이렉트 Speed 10GB/200분,discount_period_months,7.0,7,https://www.moyoplan.com/plans/37422
변경,37422,37422,KT,moyo,[모요only] [K] 핀다이렉트 Speed 10GB/200분,voice_minutes,200.0,200,https://www.moyoplan.com/plans/37422
변경,37422,37422,KT,moyo,[모요only] [K] 핀다이렉트 Speed 10GB/200분,sms_count,100.0,100,https://www.moyoplan.com/plans/37422
변경,35812,35812,KT,moyo,완전마음껏 100GB＋＋(CU 20%)_12개월할인,discount_period_months,12.0,12,https://www.moyoplan.com/plans/35812
변경,12429,12429,KT,moyo,슬림 1.5GB/150분,voice_minutes,150.0,150,https://www.moyoplan.com/plans/12429
변경,12429,12429,KT,moyo,슬림 1.5GB/150분,voice_extra_minutes,30.0,30,https://www.moyoplan.com/plans/12429
변경,12429,12429,KT,moyo,슬림 1.5GB/150분,sms_count,150.0,150,https://www.moyoplan.com/plans/12429
변경,8404,8404,SKT,moyo,내맘대로S(100+6GB),discount_period_months,12.0,12,https://www.moyoplan.com/plans/8404
변경,8404,8404,SKT,moyo,내맘대로S(100+6GB),voice_minutes,100.0,100,https://www.moyoplan.com/plans/8404
변경,8404,8404,SKT,moyo,내맘대로S(100+6GB),sms_count,100.0,100,https://www.moyoplan.com/plans/8404
변경,27296,27296,LGU+,moyo,[평생할인] 데이터 마음대로 (10GB+/300분),voice_minutes,300.0,300,https://www.moyoplan.com/plans/27296
변경,27296,27296,LGU+,moyo,[평생할인] 데이터 마음대로 (10GB+/300분),sms_count,100.0,100,https://www.moyoplan.com/plans/27296
변경,26798,26798,SKT,moyo,가성비플러스(15GB/350분),discount_period_months,7.0,7,https://www.moyoplan.com/plans/26798
변경,26798,26798,SKT,moyo,가성비플러스(15GB/350분),voice_minutes,350.0,350,https://www.moyoplan.com/plans/26798
변경,26798,26798,SKT,moyo,가성비플러스(15GB/350분),sms_count,100.0,100,https://www.moyoplan.com/plans/26798
변경,33127,33127,KT,moyo,5G 가성비플러스(20GB/350분),discount_period_months,7.0,7,https://www.moyoplan.com/plans/33127
변경,33127,33127,KT,moyo,5G 가성비플러스(20GB/350분),voice_minutes,350.0,350,https://www.moyoplan.com/plans/33127
변경,33127,33127,KT,moyo,5G 가성비플러스(20GB/350분),sms_count,100.0,100,https://www.moyoplan.com/plans/33127
변경,36676,36676,LGU+,moyo,오래쓰는 ALL FREE,discount_period_months,12.0,12,https://www.moyoplan.com/plans/36676
변경,11741,11741,LGU+,moyo,[모요only] 모두이야기해 6GB+,discount_period_months,6.0,6,https://www.moyoplan.com/plans/11741
변경,11741,11741,LGU+,moyo,[모요only] 모두이야기해 6GB+,voice_minutes,200.0,200,https://www.moyoplan.com/plans/11741
변경,11741,11741,LGU+,moyo,[모요only] 모두이야기해 6GB+,sms_count,100.0,100,https://www.moyoplan.com/plans/11741
변경,26260,26260,LGU+,moyo,[평생할인] 71GB+/통화기본,voice_extra_minutes,300.0,300,https://www.moyoplan.com/plans/26260
변경,31035,31035,LGU+,moyo,[평생할인] 10GB/100분,voice_minutes,100.0,100,https://www.moyoplan.com/plans/31035
변경,31035,31035,LGU+,moyo,[평생할인] 10GB/100분,sms_count,100.0,100,https://www.moyoplan.com/plans/31035
변경,36680,36680,LGU+,moyo,5G_모나300분15G,discount_period_months,6.0,6,https://www.moyoplan.com/plans/36680
변경,36680,36680,LGU+,moyo,5G_모나300분15G,voice_minutes,300.0,300,https://www.moyoplan.com/plans/36680
변경,36680,36680,LGU+,moyo,5G_모나300분15G,sms_count,300.0,300,https://www.moyoplan.com/plans/36680
변경,24432,24432,KT,moyo,완전마음껏 100GB＋＋(네이버페이 매월 5000P),discounted_fee,19500,14900,https://www.moyoplan.com/plans/24432
변경,24432,24432,KT,moyo,완전마음껏 100GB＋＋(네이버페이 매월 5000P),discount_period_months,7.0,7,https://www.moyoplan.com/plans/24432
변경,10394,10394,LGU+,moyo,5G 스탠다드 유심 150GB,discount_period_months,6.0,6,https://www.moyoplan.com/plans/10394
변경,27836,27836,KT,moyo,[모요only] 쉐이크 LTE 100GB+_밀리의서재,discount_period_months,12.0,12,https://www.moyoplan.com/plans/27836
변경,27836,27836,KT,moyo,[모요only] 쉐이크 LTE 100GB+_밀리의서재,voice_extra_minutes,300.0,300,https://www.moyoplan.com/plans/27836
변경,24109,24109,LGU+,moyo,Sugar(120분/7GB),voice_minutes,120.0,120,https://www.moyoplan.com/plans/24109
변경,24109,24109,LGU+,moyo,Sugar(120분/7GB),sms_count,100.0,100,https://www.moyoplan.com/plans/24109
변경,37419,37419,LGU+,moyo,요금걱정 제로 이야기 4.5GB+,discount_period_months,12.0,12,https://www.moyoplan.com/plans/37419
변경,36674,36674,LGU+,moyo,오래쓰는 All 무제한,discount_period_months,12.0,12,https://www.moyoplan.com/plans/36674
변경,36674,36674,LGU+,moyo,오래쓰는 All 무제한,voice_extra_minutes,300.0,300,https://www.moyoplan.com/plans/36674
변경,37417,37417,KT,moyo,완전마음껏 100GB＋＋(밀리의서재)_24개월할인,discount_period_months,24.0,24,https://www.moyoplan.com/plans/37417
변경,23097,23097,SKT,moyo,티플 5GB(5GB/300분),discount_period_months,12.0,12,https://www.moyoplan.com/plans/23097
변경,23097,23097,SKT,moyo,티플 5GB(5GB/300분),voice_minutes,300.0,300,https://www.moyoplan.com/plans/23097
변경,23097,23097,SKT,moyo,티플 5GB(5GB/300분),sms_count,100.0,100,https://www.moyoplan.com/plans/23097
변경,26801,26801,SKT,moyo,통화안심 10GB,discount_period_months,7.0,7,https://www.moyoplan.com/plans/26801
변경,26801,26801,SKT,moyo,통화안심 10GB,sms_count,100.0,100,https://www.moyoplan.com/plans/26801
변경,37404,37404,LGU+,moyo,[모요only] 두해5G 통화기본95GB+ 유심비ZERO(일반),discount_period_months,24.0,24,https://www.moyoplan.com/plans/37404
변경,31034,31034,LGU+,moyo,[평생할인] 100GB+/통화기본,voice_extra_minutes,300.0,300,https://www.moyoplan.com/plans/31034
변경,29285,29285,SKT,moyo,이야기 완전 무제한 11GB+,discount_period_months,7.0,7,https://www.moyoplan.com/plans/29285
변경,35526,35526,LGU+,moyo,5G_모나300분15G안심1,discount_period_months,12.0,12,https://www.moyoplan.com/plans/35526
변경,35526,35526,LGU+,moyo,5G_모나300분15G안심1,voice_minutes,300.0,300,https://www.moyoplan.com/plans/35526
변경,35526,35526,LGU+,moyo,5G_모나300분15G안심1,sms_count,300.0,300,https://www.moyoplan.com/plans/35526
변경,25304,25304,SKT,moyo,USIM 스마일 (500분/10GB),discount_period_months,12.0,12,https://www.moyoplan.com/plans/25304
변경,25304,25304,SKT,moyo,USIM 스마일 (500분/10GB),voice_minutes,500.0,500,https://www.moyoplan.com/plans/25304
변경,25304,25304,SKT,moyo,USIM 스마일 (500분/10GB),sms_count,100.0,100,https://www.moyoplan.com/plans/25304
변경,25340,25340,SKT,moyo,스마일플러스(350분+7GB),discount_period_months,12.0,12,https://www.moyoplan.com/plans/25340
변경,25340,25340,SKT,moyo,스마일플러스(350분+7GB),voice_minutes,350.0,350,https://www.moyoplan.com/plans/25340
변경,25340,25340,SKT,moyo,스마일플러스(350분+7GB),sms_count,100.0,100,https://www.moyoplan.com/plans/25340
변경,12283,12283,SKT,moyo,내맘대로S(200+5GB),discount_period_months,12.0,12,https://www.moyoplan.com/plans/12283
변경,12283,12283,SKT,moyo,내맘대로S(200+5GB),voice_minutes,200.0,200,https://www.moyoplan.com/plans/12283
변경,12283,12283,SKT,moyo,내맘대로S(200+5GB),sms_count,200.0,200,https://www.moyoplan.com/plans/12283
변경,23962,23962,LGU+,moyo,슈가칩2 11GB+매일2GB+,discount_period_months,7.0,7,https://www.moyoplan.com/plans/23962
변경,37423,37423,KT,moyo,[모요only] [K] 핀다이렉트 Speed 20GB/200분,voice_minutes,200.0,200,https://www.moyoplan.com/plans/37423
변경,37423,37423,KT,moyo,[모요only] [K] 핀다이렉트 Speed 20GB/200분,sms_count,100.0,100,https://www.moyoplan.com/plans/37423
변경,23968,23968,LGU+,moyo,슈가칩 100GB++,discount_period_months,7.0,7,https://www.moyoplan.com/plans/23968
변경,34348,34348,KT,moyo,5G 가성비플러스(5GB/350분),discount_period_months,6.0,6,https://www.moyoplan.com/plans/34348
변경,34348,34348,KT,moyo,5G 가성비플러스(5GB/350분),voice_minutes,350.0,350,https://www.moyoplan.com/plans/34348
변경,34348,34348,KT,moyo,5G 가성비플러스(5GB/350분),sms_count,100.0,100,https://www.moyoplan.com/plans/34348
변경,33943,33943,KT,moyo,TOP 15GB 기본 (밀리의서재),discount_period_months,7.0,7,https://www.moyoplan.com/plans/33943
변경,31333,31333,LGU+,moyo,[일반] 데이터 마음대로 (10GB+/200분)_12개월,discount_period_months,12.0,12,https://www.moyoplan.com/plans/31333
변경,31333,31333,LGU+,moyo,[일반] 데이터 마음대로 (10GB+/200분)_12개월,voice_minutes,200.0,200,https://www.moyoplan.com/plans/31333
변경,31333,31333,LGU+,moyo,[일반] 데이터 마음대로 (10GB+/200분)_12개월,sms_count,100.0,100,https://www.moyoplan.com/plans/31333
변경,29088,29088,LGU+,moyo,[CHM] 알찬 실속 데이터7G,discount_period_months,6.0,6,https://www.moyoplan.com/plans/29088
변경,29088,29088,LGU+,moyo,[CHM] 알찬 실속 데이터7G,voice_minutes,250.0,250,https://www.moyoplan.com/plans/29088
변경,29088,29088,LGU+,moyo,[CHM] 알찬 실속 데이터7G,voice_extra_minutes,0.0,0,https://www.moyoplan.com/plans/29088
변경,29088,29088,LGU+,moyo,[CHM] 알찬 실속 데이터7G,sms_count,100.0,100,https://www.moyoplan.com/plans/29088
변경,31761,31761,LGU+,moyo,음성기본 4.5GB+,discount_period_months,6.0,6,https://www.moyoplan.com/plans/31761
변경,31761,31761,LGU+,moyo,음성기본 4.5GB+,voice_extra_minutes,300.0,300,https://www.moyoplan.com/plans/31761
변경,34866,34866,LGU+,moyo,두해 통화기본15GB+,discount_period_months,24.0,24,https://www.moyoplan.com/plans/34866
변경,34866,34866,LGU+,moyo,두해 통화기본15GB+,voice_extra_minutes,300.0,300,https://www.moyoplan.com/plans/34866
변경,14271,14271,LGU+,moyo,인스 유심 스피드(5G) 음성200분+7GB,discount_period_months,6.0,6,https://www.moyoplan.com/plans/14271
변경,14271,14271,LGU+,moyo,인스 유심 스피드(5G) 음성200분+7GB,voice_minutes,200.0,200,https://www.moyoplan.com/plans/14271
변경,14271,14271,LGU+,moyo,인스 유심 스피드(5G) 음성200분+7GB,sms_count,100.0,100,https://www.moyoplan.com/plans/14271
변경,33036,33036,LGU+,moyo,5G 가성비플러스(5GB/350분)_평생요금,monthly_fee,1490,1900,https://www.moyoplan.com/plans/33036
변경,33036,33036,LGU+,moyo,5G 가성비플러스(5GB/350분)_평생요금,discounted_fee,1490,1900,https://www.moyoplan.com/plans/33036
변경,33036,33036,LGU+,moyo,5G 가성비플러스(5GB/350분)_평생요금,voice_minutes,350.0,350,https://www.moyoplan.com/plans/33036
변경,33036,33036,LGU+,moyo,5G 가성비플러스(5GB/350분)_평생요금,sms_count,100.0,100,https://www.moyoplan.com/plans/33036
변경,27851,27851,KT,moyo,[모요only] 쉐이크 5G 110GB+_밀리의서재,discount_period_months,7.0,7,https://www.moyoplan.com/plans/27851
변경,27851,27851,KT,moyo,[모요only] 쉐이크 5G 110GB+_밀리의서재,voice_extra_minutes,300.0,300,https://www.moyoplan.com/plans/27851
변경,31028,31028,LGU+,moyo,데이터 플러스 15GB(평생 +10GB 추가 제공 프로모션),voice_extra_minutes,300.0,300,https://www.moyoplan.com/plans/31028
변경,31120,31120,LGU+,moyo,"[KG모바일 스페셜2] 통화, 데이터 마음대로 100GB+",discount_period_months,7.0,7,https://www.moyoplan.com/plans/31120
변경,29321,29321,LGU+,moyo,Sugar 15GB+1Mbps,discount_period_months,24.0,24,https://www.moyoplan.com/plans/29321
변경,18751,18751,KT,moyo,[모요only] 무제한 100GB+5Mbps(밀리의서재 Free),discount_period_months,7.0,7,https://www.moyoplan.com/plans/18751
변경,18751,18751,KT,moyo,[모요only] 무제한 100GB+5Mbps(밀리의서재 Free),voice_extra_minutes,300.0,300,https://www.moyoplan.com/plans/18751
변경,30365,30365,LGU+,moyo,이야기 6GB 100분,discount_period_months,6.0,6,https://www.moyoplan.com/plans/30365
변경,30365,30365,LGU+,moyo,이야기 6GB 100분,voice_minutes,100.0,100,https://www.moyoplan.com/plans/30365
변경,30365,30365,LGU+,moyo,이야기 6GB 100분,sms_count,100.0,100,https://www.moyoplan.com/plans/30365
변경,33046,33046,KT,moyo,EG 10무제한 100G+5(CU할인),discount_period_months,10.0,10,https://www.moyoplan.com/plans/33046
변경,37146,37146,LGU+,moyo,5G 이야기 완전 무제한 125GB+,discount_period_months,7.0,7,https://www.moyoplan.com/plans/37146
변경,34032,34032,LGU+,moyo,이지 오래쓰는 데이터 10GB+1/100분,discount_period_months,12.0,12,https://www.moyoplan.com/plans/34032
변경,34032,34032,LGU+,moyo,이지 오래쓰는 데이터 10GB+1/100분,voice_minutes,100.0,100,https://www.moyoplan.com/plans/34032
변경,34032,34032,LGU+,moyo,이지 오래쓰는 데이터 10GB+1/100분,sms_count,100.0,100,https://www.moyoplan.com/plans/34032
변경,29087,29087,LGU+,moyo,[CHM] 음성 100분 5GB+,discount_period_months,6.0,6,https://www.moyoplan.com/plans/29087
변경,29087,29087,LGU+,moyo,[CHM] 음성 100분 5GB+,voice_minutes,100.0,100,https://www.moyoplan.com/plans/29087
변경,29087,29087,LGU+,moyo,[CHM] 음성 100분 5GB+,voice_extra_minutes,0.0,0,https://www.moyoplan.com/plans/29087
변경,29087,29087,LGU+,moyo,[CHM] 음성 100분 5GB+,sms_count,100.0,100,https://www.moyoplan.com/plans/29087
변경,16396,16396,KT,moyo,모두 충분 15GB+(밀리의서재),voice_extra_minutes,300.0,300,https://www.moyoplan.com/plans/16396
변경,24200,24200,KT,moyo,[모요only] 5G 200분/10GB,discount_period_months,7.0,7,https://www.moyoplan.com/plans/24200
변경,24200,24200,KT,moyo,[모요only] 5G 200분/10GB,voice_minutes,200.0,200,https://www.moyoplan.com/plans/24200
변경,24200,24200,KT,moyo,[모요only] 5G 200분/10GB,sms_count,100.0,100,https://www.moyoplan.com/plans/24200
변경,18764,18764,KT,moyo,[모요only] LTE 무제한 11GB+3M(밀리의서재 Free),discount_period_months,7.0,7,https://www.moyoplan.com/plans/18764
변경,18764,18764,KT,moyo,[모요only] LTE 무제한 11GB+3M(밀리의서재 Free),voice_extra_minutes,300.0,300,https://www.moyoplan.com/plans/18764
변경,35493,35493,LGU+,moyo,5G 데이터마음껏 15G(300분),discounted_fee,900,1900,https://www.moyoplan.com/plans/35493
변경,35493,35493,LGU+,moyo,5G 데이터마음껏 15G(300분),discount_period_months,6.0,6,https://www.moyoplan.com/plans/35493
변경,35493,35493,LGU+,moyo,5G 데이터마음껏 15G(300분),voice_minutes,300.0,300,https://www.moyoplan.com/plans/35493
변경,35493,35493,LGU+,moyo,5G 데이터마음껏 15G(300분),sms_count,300.0,300,https://www.moyoplan.com/plans/35493
변경,35872,35872,LGU+,moyo,이지 오래쓰는 무제한 4.5GB+1,discount_period_months,12.0,12,https://www.moyoplan.com/plans/35872
변경,37427,37427,KT,moyo,5G 티플 110G＋(밀리의서재),discount_period_months,7.0,7,https://www.moyoplan.com/plans/37427
변경,26888,26888,LGU+,moyo,[CHM] 음성 100분 6GB,discount_period_months,6.0,6,https://www.moyoplan.com/plans/26888
변경,26888,26888,LGU+,moyo,[CHM] 음성 100분 6GB,voice_minutes,100.0,100,https://www.moyoplan.com/plans/26888
변경,26888,26888,LGU+,moyo,[CHM] 음성 100분 6GB,voice_extra_minutes,0.0,0,https://www.moyoplan.com/plans/26888
변경,26888,26888,LGU+,moyo,[CHM] 음성 100분 6GB,sms_count,100.0,100,https://www.moyoplan.com/plans/26888
변경,31007,31007,KT,moyo,5G 가성비플러스(10GB/350분)_평생요금,voice_minutes,350.0,350,https://www.moyoplan.com/plans/31007
변경,31007,31007,KT,moyo,5G 가성비플러스(10GB/350분)_평생요금,sms_count,100.0,100,https://www.moyoplan.com/plans/31007
변경,13909,13909,LGU+,moyo,"[모빌카드 스페셜] 통화, 데이터 마음대로 11GB+",discount_period_months,7.0,7,https://www.moyoplan.com/plans/13909
변경,13909,13909,LGU+,moyo,"[모빌카드 스페셜] 통화, 데이터 마음대로 11GB+",voice_extra_minutes,300.0,300,https://www.moyoplan.com/plans/13909
변경,33070,33070,LGU+,moyo,이지 데이터 5GB,discount_period_months,6.0,6,https://www.moyoplan.com/plans/33070
변경,33070,33070,LGU+,moyo,이지 데이터 5GB,voice_minutes,300.0,300,https://www.moyoplan.com/plans/33070
변경,33070,33070,LGU+,moyo,이지 데이터 5GB,sms_count,100.0,100,https://www.moyoplan.com/plans/33070
변경,36691,36691,LGU+,moyo,[일반] 유심 5G 95GB+_24개월,discount_period_months,24.0,24,https://www.moyoplan.com/plans/36691
변경,33514,33514,LGU+,moyo,5G Sugar 실속(500분/10GB),voice_minutes,500.0,500,https://www.moyoplan.com/plans/33514
변경,33514,33514,LGU+,moyo,5G Sugar 실속(500분/10GB),sms_count,100.0,100,https://www.moyoplan.com/plans/33514
변경,36209,36209,LGU+,moyo,[일반] 데이터 마음대로 (5GB+/100분)_12개월,discount_period_months,12.0,12,https://www.moyoplan.com/plans/36209
변경,36209,36209,LGU+,moyo,[일반] 데이터 마음대로 (5GB+/100분)_12개월,voice_minutes,100.0,100,https://www.moyoplan.com/plans/36209
변경,36209,36209,LGU+,moyo,[일반] 데이터 마음대로 (5GB+/100분)_12개월,sms_count,100.0,100,https://www.moyoplan.com/plans/36209
변경,31061,31061,LGU+,moyo,5G Sugar 실속(300분/15GB),voice_minutes,300.0,300,https://www.moyoplan.com/plans/31061
변경,31061,31061,LGU+,moyo,5G Sugar 실속(300분/15GB),sms_count,200.0,200,https://www.moyoplan.com/plans/31061
변경,34698,34698,KT,moyo,"[모요only] 쉐이크 LTE 15GB+_네이버페이 매 월 5,000원",discount_period_months,12.0,12,https://www.moyoplan.com/plans/34698
변경,37110,37110,LGU+,moyo,[Npay 12만 기본제공] 71GB+/통화기본,discount_period_months,24.0,24,https://www.moyoplan.com/plans/37110
변경,20101,20101,LGU+,moyo,"[일반] 통화, 데이터 마음대로 11GB+_24개월",discount_period_months,24.0,24,https://www.moyoplan.com/plans/20101
변경,13977,13977,SKT,moyo,함께이야기해S(300분+20GB),discount_period_months,12.0,12,https://www.moyoplan.com/plans/13977
변경,13977,13977,SKT,moyo,함께이야기해S(300분+20GB),voice_minutes,300.0,300,https://www.moyoplan.com/plans/13977
변경,13977,13977,SKT,moyo,함께이야기해S(300분+20GB),sms_count,200.0,200,https://www.moyoplan.com/plans/13977
변경,26797,26797,SKT,moyo,가성비플러스(10GB/350분),discount_period_months,9.0,9,https://www.moyoplan.com/plans/26797
변경,26797,26797,SKT,moyo,가성비플러스(10GB/350분),voice_minutes,350.0,350,https://www.moyoplan.com/plans/26797
변경,26797,26797,SKT,moyo,가성비플러스(10GB/350분),sms_count,100.0,100,https://www.moyoplan.com/plans/26797
변경,6074,6074,KT,moyo,스마트 데이터 충분 20GB+,voice_minutes,0.0,0,https://www.moyoplan.com/plans/6074
변경,6074,6074,KT,moyo,스마트 데이터 충분 20GB+,sms_count,0.0,0,https://www.moyoplan.com/plans/6074
변경,30913,30913,LGU+,moyo,이지 더 오래쓰는 무제한 100G+5,discount_period_months,24.0,24,https://www.moyoplan.com/plans/30913
변경,29022,29022,SKT,moyo,5G 음성무제한 15GB,voice_extra_minutes,30.0,30,https://www.moyoplan.com/plans/29022
변경,29022,29022,SKT,moyo,5G 음성무제한 15GB,sms_count,200.0,200,https://www.moyoplan.com/plans/29022
변경,36337,36337,LGU+,moyo,모나300분11G,discount_period_months,7.0,7,https://www.moyoplan.com/plans/36337
변경,36337,36337,LGU+,moyo,모나300분11G,voice_minutes,300.0,300,https://www.moyoplan.com/plans/36337
변경,36337,36337,LGU+,moyo,모나300분11G,sms_count,200.0,200,https://www.moyoplan.com/plans/36337
변경,27294,27294,LGU+,moyo,[평생할인] 데이터 마음대로 (5GB+/200분),voice_minutes,200.0,200,https://www.moyoplan.com/plans/27294
변경,27294,27294,LGU+,moyo,[평생할인] 데이터 마음대로 (5GB+/200분),sms_count,100.0,100,https://www.moyoplan.com/plans/27294
변경,25252,25252,SKT,moyo,USIM 스마일 (200분/10GB),discount_period_months,12.0,12,https://www.moyoplan.com/plans/25252
변경,25252,25252,SKT,moyo,USIM 스마일 (200분/10GB),voice_minutes,200.0,200,https://www.moyoplan.com/plans/25252
변경,25252,25252,SKT,moyo,USIM 스마일 (200분/10GB),sms_count,100.0,100,https://www.moyoplan.com/plans/25252
변경,23770,23770,SKT,moyo,티플 가성비(300분/6GB)_평생요금,voice_minutes,300.0,300,https://www.moyoplan.com/plans/23770
변경,23770,23770,SKT,moyo,티플 가성비(300분/6GB)_평생요금,sms_count,300.0,300,https://www.moyoplan.com/plans/23770
변경,37448,37448,LGU+,moyo,[모요only] 마블링 무제한 15GB+,discount_period_months,12.0,12,https://www.moyoplan.com/plans/37448
변경,23913,23913,KT,moyo,통화 충분 20GB,voice_extra_minutes,30.0,30,https://www.moyoplan.com/plans/23913
변경,24033,24033,LGU+,moyo,5G 음성기본 95GB+3Mbps_24개월,discount_period_months,24.0,24,https://www.moyoplan.com/plans/24033
변경,27771,27771,KT,moyo,[모요only] 무제한 11GB+3M(매월 네이버페이5000P),discount_period_months,7.0,7,https://www.moyoplan.com/plans/27771
변경,26290,26290,LGU+,moyo,[평생할인] 5G 2GB/통화기본,voice_extra_minutes,50.0,50,https://www.moyoplan.com/plans/26290
변경,33129,33129,KT,moyo,5G 가성비플러스(30GB/350분),discount_period_months,7.0,7,https://www.moyoplan.com/plans/33129
변경,33129,33129,KT,moyo,5G 가성비플러스(30GB/350분),voice_minutes,350.0,350,https://www.moyoplan.com/plans/33129
변경,33129,33129,KT,moyo,5G 가성비플러스(30GB/350분),sms_count,100.0,100,https://www.moyoplan.com/plans/33129
변경,26277,26277,LGU+,moyo,[평생할인] 1.5GB/150분,voice_minutes,150.0,150,https://www.moyoplan.com/plans/26277
변경,26277,26277,LGU+,moyo,[평생할인] 1.5GB/150분,sms_count,100.0,100,https://www.moyoplan.com/plans/26277
변경,36335,36335,LGU+,moyo,모나120분4.5G,discount_period_months,12.0,12,https://www.moyoplan.com/plans/36335
변경,36335,36335,LGU+,moyo,모나120분4.5G,voice_minutes,120.0,120,https://www.moyoplan.com/plans/36335
변경,36335,36335,LGU+,moyo,모나120분4.5G,sms_count,100.0,100,https://www.moyoplan.com/plans/36335
변경,35494,35494,LGU+,moyo,이지 오래쓰는 무제한 5G+1,discount_period_months,12.0,12,https://www.moyoplan.com/plans/35494
변경,20572,20572,LGU+,moyo,이야기 10GB 100분,discount_period_months,6.0,6,https://www.moyoplan.com/plans/20572
변경,20572,20572,LGU+,moyo,이야기 10GB 100분,voice_minutes,100.0,100,https://www.moyoplan.com/plans/20572
변경,20572,20572,LGU+,moyo,이야기 10GB 100분,sms_count,100.0,100,https://www.moyoplan.com/plans/20572
변경,12278,12278,SKT,moyo,내맘대로S(300+6GB),discount_period_months,24.0,24,https://www.moyoplan.com/plans/12278
변경,12278,12278,SKT,moyo,내맘대로S(300+6GB),voice_minutes,300.0,300,https://www.moyoplan.com/plans/12278
변경,12278,12278,SKT,moyo,내맘대로S(300+6GB),sms_count,300.0,300,https://www.moyoplan.com/plans/12278
변경,31008,31008,KT,moyo,5G 가성비플러스(15GB/350분)_평생요금,voice_minutes,350.0,350,https://www.moyoplan.com/plans/31008
변경,31008,31008,KT,moyo,5G 가성비플러스(15GB/350분)_평생요금,sms_count,100.0,100,https://www.moyoplan.com/plans/31008
변경,13973,13973,SKT,moyo,함께이야기해S(300분+10GB),discount_period_months,24.0,24,https://www.moyoplan.com/plans/13973
변경,13973,13973,SKT,moyo,함께이야기해S(300분+10GB),voice_minutes,300.0,300,https://www.moyoplan.com/plans/13973
변경,13973,13973,SKT,moyo,함께이야기해S(300분+10GB),sms_count,100.0,100,https://www.moyoplan.com/plans/13973
변경,26799,26799,SKT,moyo,가성비플러스(20GB/350분),discount_period_months,6.0,6,https://www.moyoplan.com/plans/26799
변경,26799,26799,SKT,moyo,가성비플러스(20GB/350분),voice_minutes,350.0,350,https://www.moyoplan.com/plans/26799
변경,26799,26799,SKT,moyo,가성비플러스(20GB/350분),sms_count,100.0,100,https://www.moyoplan.com/plans/26799
변경,26294,26294,LGU+,moyo,[평생할인] 5G 10GB/통화기본,voice_extra_minutes,50.0,50,https://www.moyoplan.com/plans/26294
변경,13784,13784,KT,moyo,통화 충분 6.5GB,voice_extra_minutes,30.0,30,https://www.moyoplan.com/plans/13784
변경,35512,35512,LGU+,moyo,5G 티플 10GB＋(300분),discounted_fee,10,900,https://www.moyoplan.com/plans/35512
변경,35512,35512,LGU+,moyo,5G 티플 10GB＋(300분),discount_period_months,6.0,6,https://www.moyoplan.com/plans/35512
변경,35512,35512,LGU+,moyo,5G 티플 10GB＋(300분),voice_minutes,300.0,300,https://www.moyoplan.com/plans/35512
변경,35512,35512,LGU+,moyo,5G 티플 10GB＋(300분),sms_count,100.0,100,https://www.moyoplan.com/plans/35512
변경,37128,37128,LGU+,moyo,모나400분4.5G,discount_period_months,15.0,15,https://www.moyoplan.com/plans/37128
변경,37128,37128,LGU+,moyo,모나400분4.5G,voice_minutes,400.0,400,https://www.moyoplan.com/plans/37128
변경,37128,37128,LGU+,moyo,모나400분4.5G,sms_count,200.0,200,https://www.moyoplan.com/plans/37128
변경,36993,36993,LGU+,moyo,이지 데이터 15G+1/300분,discount_period_months,6.0,6,https://www.moyoplan.com/plans/36993
변경,36993,36993,LGU+,moyo,이지 데이터 15G+1/300분,voice_minutes,300.0,300,https://www.moyoplan.com/plans/36993
변경,36993,36993,LGU+,moyo,이지 데이터 15G+1/300분,sms_count,300.0,300,https://www.moyoplan.com/plans/36993
변경,36693,36693,LGU+,moyo,인스 유심 스피드(5G) 95GB+,discount_period_months,7.0,7,https://www.moyoplan.com/plans/36693
변경,33651,33651,KT,moyo,TOP 15GB 100분 (올리브영),discount_period_months,12.0,12,https://www.moyoplan.com/plans/33651
변경,33651,33651,KT,moyo,TOP 15GB 100분 (올리브영),voice_minutes,100.0,100,https://www.moyoplan.com/plans/33651
변경,33651,33651,KT,moyo,TOP 15GB 100분 (올리브영),sms_count,100.0,100,https://www.moyoplan.com/plans/33651
변경,36627,36627,LGU+,moyo,NH콕 이야기 15GB+,discount_period_months,12.0,12,https://www.moyoplan.com/plans/36627
변경,36627,36627,LGU+,moyo,NH콕 이야기 15GB+,voice_minutes,100.0,100,https://www.moyoplan.com/plans/36627
변경,36627,36627,LGU+,moyo,NH콕 이야기 15GB+,sms_count,100.0,100,https://www.moyoplan.com/plans/36627
변경,36168,36168,KT,moyo,이야기 K 데이터 11GB+(모아진),discount_period_months,24.0,24,https://www.moyoplan.com/plans/36168
변경,24021,24021,LGU+,moyo,티플포유(6G/500분),discount_period_months,9.0,7,https://www.moyoplan.com/plans/24021
변경,24021,24021,LGU+,moyo,티플포유(6G/500분),voice_minutes,500.0,500,https://www.moyoplan.com/plans/24021
변경,24021,24021,LGU+,moyo,티플포유(6G/500분),sms_count,100.0,100,https://www.moyoplan.com/plans/24021
변경,35809,35809,KT,moyo,완전마음껏 100GB＋＋(CU 20%)_18개월할인,discount_period_months,18.0,18,https://www.moyoplan.com/plans/35809
변경,36688,36688,LGU+,moyo,[평생할인] 유심 5G 125GB+,voice_extra_minutes,300.0,300,https://www.moyoplan.com/plans/36688
변경,18702,18702,LGU+,moyo,5G 유심 중간요금제 31GB,discount_period_months,6.0,6,https://www.moyoplan.com/plans/18702
변경,33073,33073,LGU+,moyo,이지 데이터 10GB,discount_period_months,6.0,6,https://www.moyoplan.com/plans/33073
변경,33073,33073,LGU+,moyo,이지 데이터 10GB,voice_minutes,300.0,300,https://www.moyoplan.com/plans/33073
변경,33073,33073,LGU+,moyo,이지 데이터 10GB,sms_count,100.0,100,https://www.moyoplan.com/plans/33073
변경,27454,27454,LGU+,moyo,Sugar 통화마음대로 11GB+매일2GB+,discount_period_months,24.0,24,https://www.moyoplan.com/plans/27454
변경,24197,24197,KT,moyo,[모요only] LTE 200분/ 10GB,discount_period_months,7.0,7,https://www.moyoplan.com/plans/24197
변경,24197,24197,KT,moyo,[모요only] LTE 200분/ 10GB,voice_minutes,200.0,200,https://www.moyoplan.com/plans/24197
변경,24197,24197,KT,moyo,[모요only] LTE 200분/ 10GB,sms_count,100.0,100,https://www.moyoplan.com/plans/24197
변경,33041,33041,KT,moyo,EG 무제한 15G+3/100분(밀리의 서재),discount_period_months,7.0,7,https://www.moyoplan.com/plans/33041
변경,33041,33041,KT,moyo,EG 무제한 15G+3/100분(밀리의 서재),voice_minutes,100.0,100,https://www.moyoplan.com/plans/33041
변경,33041,33041,KT,moyo,EG 무제한 15G+3/100분(밀리의 서재),sms_count,100.0,100,https://www.moyoplan.com/plans/33041
변경,36253,36253,LGU+,moyo,5G 이야기 스탠다드 95GB+,discount_period_months,24.0,24,https://www.moyoplan.com/plans/36253
변경,37149,37149,KT,moyo,ONE 5G 15GB 100분,discount_period_months,7.0,7,https://www.moyoplan.com/plans/37149
변경,37149,37149,KT,moyo,ONE 5G 15GB 100분,voice_minutes,100.0,100,https://www.moyoplan.com/plans/37149
변경,37149,37149,KT,moyo,ONE 5G 15GB 100분,sms_count,100.0,100,https://www.moyoplan.com/plans/37149
변경,35325,35325,LGU+,moyo,[모요only] 마블링 무제한 100GB+,discount_period_months,12.0,12,https://www.moyoplan.com/plans/35325
변경,35325,35325,LGU+,moyo,[모요only] 마블링 무제한 100GB+,voice_extra_minutes,300.0,300,https://www.moyoplan.com/plans/35325
변경,23107,23107,KT,moyo,모두 충분 15GB+(후후안심),voice_extra_minutes,300.0,300,https://www.moyoplan.com/plans/23107
변경,33942,33942,KT,moyo,TOP 10GB 기본 (CU할인),discount_period_months,7.0,7,https://www.moyoplan.com/plans/33942
변경,37111,37111,KT,moyo,"[모요only] 쉐이크 LTE 100GB+_다이소 매 월 5,000원",discount_period_months,7.0,7,https://www.moyoplan.com/plans/37111
변경,36675,36675,LGU+,moyo,오래쓰는 무한100GB+,discount_period_months,12.0,12,https://www.moyoplan.com/plans/36675
변경,36675,36675,LGU+,moyo,오래쓰는 무한100GB+,voice_extra_minutes,300.0,300,https://www.moyoplan.com/plans/36675
변경,33521,33521,KT,moyo,TOP 15GB 100분 (밀리의서재),discount_period_months,12.0,12,https://www.moyoplan.com/plans/33521
변경,33521,33521,KT,moyo,TOP 15GB 100분 (밀리의서재),voice_minutes,100.0,100,https://www.moyoplan.com/plans/33521
변경,33521,33521,KT,moyo,TOP 15GB 100분 (밀리의서재),sms_count,100.0,100,https://www.moyoplan.com/plans/33521
변경,25295,25295,SKT,moyo,스마일플러스 (100분+6GB),discount_period_months,12.0,12,https://www.moyoplan.com/plans/25295
변경,25295,25295,SKT,moyo,스마일플러스 (100분+6GB),voice_minutes,100.0,100,https://www.moyoplan.com/plans/25295
변경,25295,25295,SKT,moyo,스마일플러스 (100분+6GB),sms_count,100.0,100,https://www.moyoplan.com/plans/25295
변경,34879,34879,LGU+,moyo,두해 통화기본11GB+매일2GB,discount_period_months,24.0,24,https://www.moyoplan.com/plans/34879
변경,12275,12275,SKT,moyo,내맘대로S(150+1GB),discount_period_months,24.0,24,https://www.moyoplan.com/plans/12275
변경,12275,12275,SKT,moyo,내맘대로S(150+1GB),voice_minutes,150.0,150,https://www.moyoplan.com/plans/12275
변경,12275,12275,SKT,moyo,내맘대로S(150+1GB),sms_count,50.0,50,https://www.moyoplan.com/plans/12275
변경,35497,35497,LGU+,moyo,5G 함께이야기해(300분+15GB),discount_period_months,6.0,6,https://www.moyoplan.com/plans/35497
변경,35497,35497,LGU+,moyo,5G 함께이야기해(300분+15GB),voice_minutes,300.0,300,https://www.moyoplan.com/plans/35497
변경,35497,35497,LGU+,moyo,5G 함께이야기해(300분+15GB),sms_count,100.0,100,https://www.moyoplan.com/plans/35497
변경,23502,23502,LGU+,moyo,슈가칩2 15GB+100분,discount_period_months,7.0,7,https://www.moyoplan.com/plans/23502
변경,23502,23502,LGU+,moyo,슈가칩2 15GB+100분,voice_minutes,100.0,100,https://www.moyoplan.com/plans/23502
변경,23502,23502,LGU+,moyo,슈가칩2 15GB+100분,sms_count,100.0,100,https://www.moyoplan.com/plans/23502
변경,24012,24012,KT,moyo,[모요only] LTE 무제한 100GB+5M(CU20%할인),discount_period_months,7.0,7,https://www.moyoplan.com/plans/24012
변경,24012,24012,KT,moyo,[모요only] LTE 무제한 100GB+5M(CU20%할인),voice_extra_minutes,300.0,300,https://www.moyoplan.com/plans/24012
변경,36210,36210,LGU+,moyo,[일반] 데이터 마음대로 (6GB+/200분)_12개월,discount_period_months,12.0,12,https://www.moyoplan.com/plans/36210
변경,36210,36210,LGU+,moyo,[일반] 데이터 마음대로 (6GB+/200분)_12개월,voice_minutes,200.0,200,https://www.moyoplan.com/plans/36210
변경,36210,36210,LGU+,moyo,[일반] 데이터 마음대로 (6GB+/200분)_12개월,sms_count,100.0,100,https://www.moyoplan.com/plans/36210
변경,28100,28100,KT,moyo,[모요only] [K] 핀다이렉트Z + 밀리의서재 _PIN,discount_period_months,7.0,7,https://www.moyoplan.com/plans/28100
변경,37430,37430,SKT,moyo,LTE 100분/10GB_모요,discount_period_months,7.0,7,https://www.moyoplan.com/plans/37430
변경,37430,37430,SKT,moyo,LTE 100분/10GB_모요,voice_minutes,100.0,100,https://www.moyoplan.com/plans/37430
변경,37430,37430,SKT,moyo,LTE 100분/10GB_모요,sms_count,100.0,100,https://www.moyoplan.com/plans/37430
변경,31865,31865,KT,moyo,[모요only] 쉐이크핫딜 LTE 100GB+_모아진 전자 구독,discount_period_months,7.0,7,https://www.moyoplan.com/plans/31865
변경,33944,33944,KT,moyo,TOP 15GB 기본 (후후),discount_period_months,7.0,7,https://www.moyoplan.com/plans/33944
변경,13974,13974,SKT,moyo,함께이야기해S(500분+10GB),discount_period_months,24.0,24,https://www.moyoplan.com/plans/13974
변경,13974,13974,SKT,moyo,함께이야기해S(500분+10GB),voice_minutes,500.0,500,https://www.moyoplan.com/plans/13974
변경,13974,13974,SKT,moyo,함께이야기해S(500분+10GB),sms_count,100.0,100,https://www.moyoplan.com/plans/13974
변경,18993,18993,LGU+,moyo,[L] DIGITAL DETOX 7GB 챌린지,discount_period_months,12.0,12,https://www.moyoplan.com/plans/18993
변경,18993,18993,LGU+,moyo,[L] DIGITAL DETOX 7GB 챌린지,voice_minutes,100.0,100,https://www.moyoplan.com/plans/18993
변경,18993,18993,LGU+,moyo,[L] DIGITAL DETOX 7GB 챌린지,sms_count,100.0,100,https://www.moyoplan.com/plans/18993
변경,36266,36266,LGU+,moyo,[혜택형] 5G 유심 중간요금제 125GB,discount_period_months,24.0,24,https://www.moyoplan.com/plans/36266
변경,30994,30994,KT,moyo,가성비플러스(6GB/350분)_평생요금,voice_minutes,350.0,350,https://www.moyoplan.com/plans/30994
변경,30994,30994,KT,moyo,가성비플러스(6GB/350분)_평생요금,sms_count,100.0,100,https://www.moyoplan.com/plans/30994
변경,11074,11074,LGU+,moyo,데이터 안심 10GB+(USIM),discount_period_months,6.0,6,https://www.moyoplan.com/plans/11074
변경,11074,11074,LGU+,moyo,데이터 안심 10GB+(USIM),voice_minutes,100.0,100,https://www.moyoplan.com/plans/11074
변경,11074,11074,LGU+,moyo,데이터 안심 10GB+(USIM),sms_count,100.0,100,https://www.moyoplan.com/plans/11074
변경,31823,31823,KT,moyo,가성비플러스(5GB/350분),discount_period_months,6.0,6,https://www.moyoplan.com/plans/31823
변경,31823,31823,KT,moyo,가성비플러스(5GB/350분),voice_minutes,350.0,350,https://www.moyoplan.com/plans/31823
변경,31823,31823,KT,moyo,가성비플러스(5GB/350분),sms_count,100.0,100,https://www.moyoplan.com/plans/31823
변경,37158,37158,LGU+,moyo,5G_신한카드_기본95G안심3,discount_period_months,24.0,24,https://www.moyoplan.com/plans/37158
변경,35893,35893,KT,moyo,티플 100G＋(웨이브),discounted_fee,20900,19900,https://www.moyoplan.com/plans/35893
변경,35893,35893,KT,moyo,티플 100G＋(웨이브),discount_period_months,7.0,7,https://www.moyoplan.com/plans/35893
변경,35893,35893,KT,moyo,티플 100G＋(웨이브),benefit_count,5,3,https://www.moyoplan.com/plans/35893
변경,33941,33941,KT,moyo,TOP 10GB 기본 (밀리의서재),discount_period_months,7.0,7,https://www.moyoplan.com/plans/33941
변경,12430,12430,KT,moyo,슬림 2GB/200분,voice_minutes,200.0,200,https://www.moyoplan.com/plans/12430
변경,12430,12430,KT,moyo,슬림 2GB/200분,voice_extra_minutes,30.0,30,https://www.moyoplan.com/plans/12430
변경,12430,12430,KT,moyo,슬림 2GB/200분,sms_count,200.0,200,https://www.moyoplan.com/plans/12430
변경,29931,29931,LGU+,moyo,"[KG모바일 스페셜] 통화, 데이터 마음대로 11GB+",discount_period_months,7.0,7,https://www.moyoplan.com/plans/29931
변경,29931,29931,LGU+,moyo,"[KG모바일 스페셜] 통화, 데이터 마음대로 11GB+",voice_extra_minutes,300.0,300,https://www.moyoplan.com/plans/29931
변경,26316,26316,LGU+,moyo,[모빌카드 스페셜] 유심 5G 95GB+,discount_period_months,7.0,7,https://www.moyoplan.com/plans/26316
변경,25355,25355,KT,moyo,스위트 11GB+(밀리의서재),discount_period_months,12.0,12,https://www.moyoplan.com/plans/25355
변경,25355,25355,KT,moyo,스위트 11GB+(밀리의서재),voice_extra_minutes,300.0,300,https://www.moyoplan.com/plans/25355
변경,34864,34864,LGU+,moyo,두해 통화기본7GB+,discount_period_months,24.0,24,https://www.moyoplan.com/plans/34864
변경,34864,34864,LGU+,moyo,두해 통화기본7GB+,voice_extra_minutes,300.0,300,https://www.moyoplan.com/plans/34864
변경,37139,37139,KT,moyo,데이터 충분 25GB/100분,voice_minutes,100.0,100,https://www.moyoplan.com/plans/37139
변경,37139,37139,KT,moyo,데이터 충분 25GB/100분,sms_count,100.0,100,https://www.moyoplan.com/plans/37139
변경,34881,34881,LGU+,moyo,두해 통화기본100GB+,discount_period_months,24.0,24,https://www.moyoplan.com/plans/34881
변경,27775,27775,LGU+,moyo,시월 무제한 11GB+매일2GB+3Mbps,discount_period_months,7.0,7,https://www.moyoplan.com/plans/27775
변경,25317,25317,KT,moyo,스위트 100GB+(밀리의서재),discount_period_months,12.0,12,https://www.moyoplan.com/plans/25317
변경,25317,25317,KT,moyo,스위트 100GB+(밀리의서재),voice_extra_minutes,300.0,300,https://www.moyoplan.com/plans/25317
변경,10365,10365,LGU+,moyo,슬림 안심 유심 1GB 100분,discount_period_months,6.0,6,https://www.moyoplan.com/plans/10365
변경,10365,10365,LGU+,moyo,슬림 안심 유심 1GB 100분,voice_minutes,100.0,100,https://www.moyoplan.com/plans/10365
변경,10365,10365,LGU+,moyo,슬림 안심 유심 1GB 100분,sms_count,50.0,50,https://www.moyoplan.com/plans/10365
변경,37432,37432,SKT,moyo,LTE 300분/15GB_모요,discount_period_months,7.0,7,https://www.moyoplan.com/plans/37432
변경,37432,37432,SKT,moyo,LTE 300분/15GB_모요,voice_minutes,300.0,300,https://www.moyoplan.com/plans/37432
변경,37432,37432,SKT,moyo,LTE 300분/15GB_모요,sms_count,100.0,100,https://www.moyoplan.com/plans/37432
변경,35835,35835,KT,moyo,[모요only] [K] 핀다이렉트Z Light(12) _PIN,discount_period_months,12.0,12,https://www.moyoplan.com/plans/35835
변경,35835,35835,KT,moyo,[모요only] [K] 핀다이렉트Z Light(12) _PIN,voice_minutes,100.0,100,https://www.moyoplan.com/plans/35835
변경,35835,35835,KT,moyo,[모요only] [K] 핀다이렉트Z Light(12) _PIN,sms_count,100.0,100,https://www.moyoplan.com/plans/35835
변경,30914,30914,LGU+,moyo,이지 더 오래쓰는 무제한 일5G+5,discount_period_months,24.0,24,https://www.moyoplan.com/plans/30914
변경,33936,33936,KT,moyo,ONE 5G 20GB 300분,discount_period_months,7.0,7,https://www.moyoplan.com/plans/33936
변경,33936,33936,KT,moyo,ONE 5G 20GB 300분,voice_minutes,300.0,300,https://www.moyoplan.com/plans/33936
변경,33936,33936,KT,moyo,ONE 5G 20GB 300분,sms_count,200.0,200,https://www.moyoplan.com/plans/33936
변경,26729,26729,LGU+,moyo,"[모빌카드 스페셜] 통화, 데이터 마음대로 100GB+",discount_period_months,7.0,7,https://www.moyoplan.com/plans/26729
변경,26729,26729,LGU+,moyo,"[모빌카드 스페셜] 통화, 데이터 마음대로 100GB+",voice_extra_minutes,300.0,300,https://www.moyoplan.com/plans/26729
변경,37115,37115,LGU+,moyo,5G 스마트 125GB+(24개월),discount_period_months,24.0,24,https://www.moyoplan.com/plans/37115
변경,23449,23449,KT,moyo,모두 충분 15GB+(CU),voice_extra_minutes,300.0,300,https://www.moyoplan.com/plans/23449
변경,30912,30912,LGU+,moyo,이지 더 오래쓰는 무제한 11G+3,discount_period_months,24.0,24,https://www.moyoplan.com/plans/30912
변경,33652,33652,KT,moyo,TOP 15GB 100분 (다이소),discount_period_months,12.0,12,https://www.moyoplan.com/plans/33652
변경,33652,33652,KT,moyo,TOP 15GB 100분 (다이소),voice_minutes,100.0,100,https://www.moyoplan.com/plans/33652
변경,33652,33652,KT,moyo,TOP 15GB 100분 (다이소),sms_count,100.0,100,https://www.moyoplan.com/plans/33652
변경,25701,25701,KT,moyo,이야기K 데이터 11GB+(CU할인),discount_period_months,7.0,7,https://www.moyoplan.com/plans/25701
변경,29223,29223,KT,moyo,"[모요only] 쉐이크 LTE 100GB+_다이소 매 월 5,000원",discount_period_months,12.0,12,https://www.moyoplan.com/plans/29223
변경,29223,29223,KT,moyo,"[모요only] 쉐이크 LTE 100GB+_다이소 매 월 5,000원",voice_extra_minutes,300.0,300,https://www.moyoplan.com/plans/29223
변경,31048,31048,SKT,moyo,티플 11GB+(이디야커피),discount_period_months,7.0,7,https://www.moyoplan.com/plans/31048
변경,15079,15079,LGU+,moyo,5G이야기 스페셜 150GB+,discount_period_months,24.0,24,https://www.moyoplan.com/plans/15079
변경,27746,27746,LGU+,moyo,시월 100분15GB+3Mbps,discount_period_months,7.0,7,https://www.moyoplan.com/plans/27746
변경,27746,27746,LGU+,moyo,시월 100분15GB+3Mbps,voice_minutes,100.0,100,https://www.moyoplan.com/plans/27746
변경,27746,27746,LGU+,moyo,시월 100분15GB+3Mbps,sms_count,100.0,100,https://www.moyoplan.com/plans/27746
변경,27743,27743,LGU+,moyo,"[일반] 통화, 데이터 마음대로 100GB+_24개월",discount_period_months,24.0,24,https://www.moyoplan.com/plans/27743
변경,26268,26268,LGU+,moyo,[평생할인] 15GB+/100분,voice_minutes,100.0,100,https://www.moyoplan.com/plans/26268
변경,26268,26268,LGU+,moyo,[평생할인] 15GB+/100분,sms_count,100.0,100,https://www.moyoplan.com/plans/26268
변경,33937,33937,KT,moyo,TOP 7GB 기본 (밀리의서재),discount_period_months,7.0,7,https://www.moyoplan.com/plans/33937
변경,26291,26291,LGU+,moyo,[평생할인] 5G 3GB/통화기본,voice_extra_minutes,50.0,50,https://www.moyoplan.com/plans/26291
변경,13987,13987,SKT,moyo,5G 함께이야기해S (200분+15GB),voice_minutes,200.0,200,https://www.moyoplan.com/plans/13987
변경,13987,13987,SKT,moyo,5G 함께이야기해S (200분+15GB),sms_count,100.0,100,https://www.moyoplan.com/plans/13987
변경,36238,36238,SKT,moyo,[모요only] [S] 핀다이렉트Z _PIN,discount_period_months,7.0,7,https://www.moyoplan.com/plans/36238
변경,36238,36238,SKT,moyo,[모요only] [S] 핀다이렉트Z _PIN,voice_extra_minutes,300.0,300,https://www.moyoplan.com/plans/36238
변경,26837,26837,KT,moyo,가성비플러스(20GB/350분),discount_period_months,7.0,7,https://www.moyoplan.com/plans/26837
변경,26837,26837,KT,moyo,가성비플러스(20GB/350분),voice_minutes,350.0,350,https://www.moyoplan.com/plans/26837
변경,26837,26837,KT,moyo,가성비플러스(20GB/350분),sms_count,100.0,100,https://www.moyoplan.com/plans/26837
변경,20100,20100,LGU+,moyo,"[일반] 통화, 데이터 마음대로 Pro_24개월",discount_period_months,24.0,24,https://www.moyoplan.com/plans/20100
변경,35808,35808,KT,moyo,완전마음껏 100GB＋＋(밀리의서재)_18개월할인,discount_period_months,18.0,18,https://www.moyoplan.com/plans/35808
변경,28696,28696,LGU+,moyo,Sugar 실속(300분/15GB),voice_minutes,300.0,300,https://www.moyoplan.com/plans/28696
변경,28696,28696,LGU+,moyo,Sugar 실속(300분/15GB),sms_count,200.0,200,https://www.moyoplan.com/plans/28696
변경,37147,37147,LGU+,moyo,5G 이야기 완전 무제한 95GB+,discount_period_months,7.0,7,https://www.moyoplan.com/plans/37147
변경,34808,34808,LGU+,moyo,음성기본 11GB+일 2GB+_24개월,discount_period_months,24.0,24,https://www.moyoplan.com/plans/34808
변경,34808,34808,LGU+,moyo,음성기본 11GB+일 2GB+_24개월,voice_extra_minutes,300.0,300,https://www.moyoplan.com/plans/34808
변경,35907,35907,KT,moyo,[모요only] 쉐이크 LTE 100GB+_웨이브,discount_period_months,7.0,7,https://www.moyoplan.com/plans/35907
변경,26178,26178,LGU+,moyo,이야기 데이터 스페셜 (20GB),discount_period_months,12.0,12,https://www.moyoplan.com/plans/26178
변경,26178,26178,LGU+,moyo,이야기 데이터 스페셜 (20GB),voice_minutes,0.0,0,https://www.moyoplan.com/plans/26178
변경,26178,26178,LGU+,moyo,이야기 데이터 스페셜 (20GB),sms_count,0.0,0,https://www.moyoplan.com/plans/26178
변경,13785,13785,KT,moyo,모두 충분 1.5GB+,voice_extra_minutes,30.0,30,https://www.moyoplan.com/plans/13785
변경,37148,37148,LGU+,moyo,5G 이야기 완전 무제한 150GB+,discount_period_months,7.0,7,https://www.moyoplan.com/plans/37148
변경,6073,6073,KT,moyo,스마트 데이터 충분 10GB+,voice_minutes,0.0,0,https://www.moyoplan.com/plans/6073
변경,6073,6073,KT,moyo,스마트 데이터 충분 10GB+,sms_count,0.0,0,https://www.moyoplan.com/plans/6073
변경,27200,27200,LGU+,moyo,알찬5G 실속8G,discount_period_months,6.0,6,https://www.moyoplan.com/plans/27200
변경,27200,27200,LGU+,moyo,알찬5G 실속8G,voice_minutes,150.0,150,https://www.moyoplan.com/plans/27200
변경,27200,27200,LGU+,moyo,알찬5G 실속8G,voice_extra_minutes,0.0,0,https://www.moyoplan.com/plans/27200
변경,27200,27200,LGU+,moyo,알찬5G 실속8G,sms_count,100.0,100,https://www.moyoplan.com/plans/27200
변경,32616,32616,LGU+,moyo,데이터충분히(10G+200분),discount_period_months,8.0,8,https://www.moyoplan.com/plans/32616
변경,32616,32616,LGU+,moyo,데이터충분히(10G+200분),voice_minutes,200.0,200,https://www.moyoplan.com/plans/32616
변경,32616,32616,LGU+,moyo,데이터충분히(10G+200분),sms_count,100.0,100,https://www.moyoplan.com/plans/32616
변경,36597,36597,LGU+,moyo,[모요only] 마블링 프라임 15GB+1Mbps,discount_period_months,7.0,7,https://www.moyoplan.com/plans/36597
변경,11078,11078,LGU+,moyo,올프리 4.5GB+(USIM),discount_period_months,6.0,6,https://www.moyoplan.com/plans/11078
변경,11078,11078,LGU+,moyo,올프리 4.5GB+(USIM),voice_extra_minutes,300.0,300,https://www.moyoplan.com/plans/11078
변경,35509,35509,LGU+,moyo,5G 티플온 95GB+_24개월 할인,discount_period_months,24.0,24,https://www.moyoplan.com/plans/35509
변경,34897,34897,KT,moyo,이야기K 데이터 11GB+(후후안심),discount_period_months,24.0,24,https://www.moyoplan.com/plans/34897
변경,23191,23191,LGU+,moyo,슈가칩 매일5GB++,discount_period_months,7.0,7,https://www.moyoplan.com/plans/23191
변경,31739,31739,KT,moyo,USIM 스위트 심플(200분+7GB),discount_period_months,7.0,7,https://www.moyoplan.com/plans/31739
변경,31739,31739,KT,moyo,USIM 스위트 심플(200분+7GB),voice_minutes,200.0,200,https://www.moyoplan.com/plans/31739
변경,31739,31739,KT,moyo,USIM 스위트 심플(200분+7GB),sms_count,100.0,100,https://www.moyoplan.com/plans/31739
변경,12431,12431,KT,moyo,슬림 3GB/300분,voice_minutes,300.0,300,https://www.moyoplan.com/plans/12431
변경,12431,12431,KT,moyo,슬림 3GB/300분,voice_extra_minutes,30.0,30,https://www.moyoplan.com/plans/12431
변경,12431,12431,KT,moyo,슬림 3GB/300분,sms_count,300.0,300,https://www.moyoplan.com/plans/12431
변경,18583,18583,KT,moyo,모두 충분 11GB+(밀리의서재),voice_extra_minutes,300.0,300,https://www.moyoplan.com/plans/18583
변경,23771,23771,LGU+,moyo,티플 가성비(300분/6GB)_평생요금,voice_minutes,300.0,300,https://www.moyoplan.com/plans/23771
변경,23771,23771,LGU+,moyo,티플 가성비(300분/6GB)_평생요금,sms_count,300.0,300,https://www.moyoplan.com/plans/23771
변경,35279,35279,SKT,moyo,티플북 11G+(도서문화상품권 매월 5000P),discount_period_months,7.0,7,https://www.moyoplan.com/plans/35279
변경,29034,29034,SKT,moyo,티플 올리브영 100GB+(매월 5000P),discount_period_months,7.0,7,https://www.moyoplan.com/plans/29034
변경,24528,24528,LGU+,moyo,실속 200분+3GB(USIM),discount_period_months,6.0,6,https://www.moyoplan.com/plans/24528
변경,24528,24528,LGU+,moyo,실속 200분+3GB(USIM),voice_minutes,200.0,200,https://www.moyoplan.com/plans/24528
변경,24528,24528,LGU+,moyo,실속 200분+3GB(USIM),sms_count,50.0,50,https://www.moyoplan.com/plans/24528
변경,32240,32240,KT,moyo,가성비플러스(20GB/350분)_평생요금,voice_minutes,350.0,350,https://www.moyoplan.com/plans/32240
변경,32240,32240,KT,moyo,가성비플러스(20GB/350분)_평생요금,sms_count,100.0,100,https://www.moyoplan.com/plans/32240
변경,35280,35280,SKT,moyo,티플북 100G+(도서문화상품권 매월 5000P),discount_period_months,7.0,7,https://www.moyoplan.com/plans/35280
변경,25282,25282,SKT,moyo,스마일플러스 (200분+5GB),discount_period_months,12.0,12,https://www.moyoplan.com/plans/25282
변경,25282,25282,SKT,moyo,스마일플러스 (200분+5GB),voice_minutes,200.0,200,https://www.moyoplan.com/plans/25282
변경,25282,25282,SKT,moyo,스마일플러스 (200분+5GB),sms_count,100.0,100,https://www.moyoplan.com/plans/25282
변경,30902,30902,KT,moyo,EG CU 무제한 100G+5(CU할인),discount_period_months,7.0,7,https://www.moyoplan.com/plans/30902
변경,30902,30902,KT,moyo,EG CU 무제한 100G+5(CU할인),voice_extra_minutes,300.0,300,https://www.moyoplan.com/plans/30902
변경,33551,33551,LGU+,moyo,실속 10GB+1Mbps,discount_period_months,12.0,12,https://www.moyoplan.com/plans/33551
변경,33551,33551,LGU+,moyo,실속 10GB+1Mbps,voice_minutes,200.0,200,https://www.moyoplan.com/plans/33551
변경,33551,33551,LGU+,moyo,실속 10GB+1Mbps,voice_extra_minutes,0.0,0,https://www.moyoplan.com/plans/33551
변경,33551,33551,LGU+,moyo,실속 10GB+1Mbps,sms_count,100.0,100,https://www.moyoplan.com/plans/33551
변경,32420,32420,KT,moyo,모두 충분 15GB+(모아진),voice_extra_minutes,300.0,300,https://www.moyoplan.com/plans/32420
변경,26255,26255,LGU+,moyo,[평생할인] 1GB+/통화기본,voice_extra_minutes,110.0,110,https://www.moyoplan.com/plans/26255
변경,33935,33935,KT,moyo,ONE 5G 15GB 300분,discount_period_months,7.0,7,https://www.moyoplan.com/plans/33935
변경,33935,33935,KT,moyo,ONE 5G 15GB 300분,voice_minutes,300.0,300,https://www.moyoplan.com/plans/33935
변경,33935,33935,KT,moyo,ONE 5G 15GB 300분,sms_count,200.0,200,https://www.moyoplan.com/plans/33935
변경,13986,13986,SKT,moyo,5G 함께이야기해S (200분+10GB),voice_minutes,200.0,200,https://www.moyoplan.com/plans/13986
변경,13986,13986,SKT,moyo,5G 함께이야기해S (200분+10GB),sms_count,100.0,100,https://www.moyoplan.com/plans/13986
변경,36252,36252,LGU+,moyo,5G 스마트 95GB+(24개월),discount_period_months,24.0,24,https://www.moyoplan.com/plans/36252
변경,11073,11073,LGU+,moyo,데이터 안심 6GB+(USIM),discount_period_months,6.0,6,https://www.moyoplan.com/plans/11073
변경,11073,11073,LGU+,moyo,데이터 안심 6GB+(USIM),voice_minutes,200.0,200,https://www.moyoplan.com/plans/11073
변경,11073,11073,LGU+,moyo,데이터 안심 6GB+(USIM),sms_count,100.0,100,https://www.moyoplan.com/plans/11073
변경,34304,34304,KT,moyo,가성비플러스(30GB/350분),discount_period_months,7.0,7,https://www.moyoplan.com/plans/34304
변경,34304,34304,KT,moyo,가성비플러스(30GB/350분),voice_minutes,350.0,350,https://www.moyoplan.com/plans/34304
변경,34304,34304,KT,moyo,가성비플러스(30GB/350분),sms_count,100.0,100,https://www.moyoplan.com/plans/34304
변경,31831,31831,LGU+,moyo,"[모요 전용] 통화, 데이터 마음대로 100GB+",discount_period_months,7.0,7,https://www.moyoplan.com/plans/31831
변경,31831,31831,LGU+,moyo,"[모요 전용] 통화, 데이터 마음대로 100GB+",voice_extra_minutes,300.0,300,https://www.moyoplan.com/plans/31831
변경,37433,37433,SKT,moyo,LTE 200분/20GB_모요,discount_period_months,7.0,7,https://www.moyoplan.com/plans/37433
변경,37433,37433,SKT,moyo,LTE 200분/20GB_모요,voice_minutes,200.0,200,https://www.moyoplan.com/plans/37433
변경,37433,37433,SKT,moyo,LTE 200분/20GB_모요,sms_count,100.0,100,https://www.moyoplan.com/plans/37433
변경,26273,26273,LGU+,moyo,[평생할인] 4GB/통화기본,voice_extra_minutes,50.0,50,https://www.moyoplan.com/plans/26273
변경,31330,31330,LGU+,moyo,음성 200분 6GB+,discount_period_months,6.0,6,https://www.moyoplan.com/plans/31330
변경,31330,31330,LGU+,moyo,음성 200분 6GB+,voice_minutes,200.0,200,https://www.moyoplan.com/plans/31330
변경,31330,31330,LGU+,moyo,음성 200분 6GB+,voice_extra_minutes,0.0,0,https://www.moyoplan.com/plans/31330
변경,31330,31330,LGU+,moyo,음성 200분 6GB+,sms_count,100.0,100,https://www.moyoplan.com/plans/31330
변경,31049,31049,SKT,moyo,티플 100GB+(이디야커피),discount_period_months,7.0,7,https://www.moyoplan.com/plans/31049
변경,35889,35889,SKT,moyo,티플 100G＋(CU멤버십＋매월 5000P),discount_period_months,7.0,7,https://www.moyoplan.com/plans/35889
변경,13972,13972,SKT,moyo,함께이야기해S(100분+10GB),discount_period_months,24.0,24,https://www.moyoplan.com/plans/13972
변경,13972,13972,SKT,moyo,함께이야기해S(100분+10GB),voice_minutes,100.0,100,https://www.moyoplan.com/plans/13972
변경,13972,13972,SKT,moyo,함께이야기해S(100분+10GB),sms_count,100.0,100,https://www.moyoplan.com/plans/13972
변경,34816,34816,LGU+,moyo,음성기본,discount_period_months,24.0,24,https://www.moyoplan.com/plans/34816
변경,29033,29033,SKT,moyo,티플 올리브영 11GB+(매월 5000P),discount_period_months,7.0,7,https://www.moyoplan.com/plans/29033
변경,36166,36166,LGU+,moyo,NH콕 이야기 7GB+,discount_period_months,12.0,12,https://www.moyoplan.com/plans/36166
변경,23033,23033,LGU+,moyo,[24개월] 인스 유심 스트롱 15GB+,discount_period_months,24.0,24,https://www.moyoplan.com/plans/23033
변경,23033,23033,LGU+,moyo,[24개월] 인스 유심 스트롱 15GB+,voice_minutes,100.0,100,https://www.moyoplan.com/plans/23033
변경,23033,23033,LGU+,moyo,[24개월] 인스 유심 스트롱 15GB+,sms_count,100.0,100,https://www.moyoplan.com/plans/23033
변경,20739,20739,SKT,moyo,티플 12GB(12GB/300분),discount_period_months,6.0,6,https://www.moyoplan.com/plans/20739
변경,20739,20739,SKT,moyo,티플 12GB(12GB/300분),voice_minutes,300.0,300,https://www.moyoplan.com/plans/20739
변경,20739,20739,SKT,moyo,티플 12GB(12GB/300분),sms_count,100.0,100,https://www.moyoplan.com/plans/20739
변경,34867,34867,LGU+,moyo,두해 100분15GB+,discount_period_months,24.0,24,https://www.moyoplan.com/plans/34867
변경,34867,34867,LGU+,moyo,두해 100분15GB+,voice_minutes,100.0,100,https://www.moyoplan.com/plans/34867
변경,34867,34867,LGU+,moyo,두해 100분15GB+,sms_count,100.0,100,https://www.moyoplan.com/plans/34867
변경,35831,35831,SKT,moyo,고고 LTE 11GB+매일2GB+3M_모요,discount_period_months,7.0,7,https://www.moyoplan.com/plans/35831
변경,35831,35831,SKT,moyo,고고 LTE 11GB+매일2GB+3M_모요,voice_extra_minutes,300.0,300,https://www.moyoplan.com/plans/35831
변경,10388,10388,LGU+,moyo,5G 스페셜 유심 180GB,discount_period_months,6.0,6,https://www.moyoplan.com/plans/10388
변경,28094,28094,LGU+,moyo,스마트 15GB+ (24개월),discount_period_months,24.0,24,https://www.moyoplan.com/plans/28094
변경,20591,20591,SKT,moyo,티플 15GB(15GB/300분)_평생요금,voice_minutes,300.0,300,https://www.moyoplan.com/plans/20591
변경,20591,20591,SKT,moyo,티플 15GB(15GB/300분)_평생요금,sms_count,100.0,100,https://www.moyoplan.com/plans/20591
변경,29236,29236,LGU+,moyo,이야기 데이터 FREE 15GB,discount_period_months,7.0,7,https://www.moyoplan.com/plans/29236
변경,29236,29236,LGU+,moyo,이야기 데이터 FREE 15GB,voice_minutes,100.0,100,https://www.moyoplan.com/plans/29236
변경,29236,29236,LGU+,moyo,이야기 데이터 FREE 15GB,sms_count,100.0,100,https://www.moyoplan.com/plans/29236
변경,29287,29287,LGU+,moyo,이야기 완전 FREE 7GB,discount_period_months,7.0,7,https://www.moyoplan.com/plans/29287
변경,36609,36609,KT,moyo,티플 100G＋(컬쳐랜드),discounted_fee,20900,19900,https://www.moyoplan.com/plans/36609
변경,36609,36609,KT,moyo,티플 100G＋(컬쳐랜드),discount_period_months,7.0,7,https://www.moyoplan.com/plans/36609
변경,36609,36609,KT,moyo,티플 100G＋(컬쳐랜드),benefit_count,5,3,https://www.moyoplan.com/plans/36609
변경,36242,36242,SKT,moyo,[모요only] [S] DIGITAL DETOX 7GB 챌린지 _PIN,discount_period_months,7.0,7,https://www.moyoplan.com/plans/36242
변경,36242,36242,SKT,moyo,[모요only] [S] DIGITAL DETOX 7GB 챌린지 _PIN,voice_minutes,100.0,100,https://www.moyoplan.com/plans/36242
변경,36242,36242,SKT,moyo,[모요only] [S] DIGITAL DETOX 7GB 챌린지 _PIN,sms_count,100.0,100,https://www.moyoplan.com/plans/36242
변경,29026,29026,SKT,moyo,5G 음성무제한 11GB,voice_extra_minutes,30.0,30,https://www.moyoplan.com/plans/29026
변경,29026,29026,SKT,moyo,5G 음성무제한 11GB,sms_count,200.0,200,https://www.moyoplan.com/plans/29026
변경,24722,24722,LGU+,moyo,빽다방 100잔 5G 10GB,voice_extra_minutes,50.0,50,https://www.moyoplan.com/plans/24722
변경,27424,27424,LGU+,moyo,티플 11G＋_24개월 할인,discount_period_months,24.0,24,https://www.moyoplan.com/plans/27424
변경,33069,33069,LGU+,moyo,이지 데이터 4.5GB,discounted_fee,0,10,https://www.moyoplan.com/plans/33069
변경,33069,33069,LGU+,moyo,이지 데이터 4.5GB,discount_period_months,6.0,6,https://www.moyoplan.com/plans/33069
변경,33069,33069,LGU+,moyo,이지 데이터 4.5GB,voice_minutes,350.0,350,https://www.moyoplan.com/plans/33069
변경,33069,33069,LGU+,moyo,이지 데이터 4.5GB,sms_count,100.0,100,https://www.moyoplan.com/plans/33069
변경,14274,14274,LGU+,moyo,데이터 안심 100분+5GB+(USIM),discount_period_months,6.0,6,https://www.moyoplan.com/plans/14274
변경,14274,14274,LGU+,moyo,데이터 안심 100분+5GB+(USIM),voice_minutes,100.0,100,https://www.moyoplan.com/plans/14274
변경,14274,14274,LGU+,moyo,데이터 안심 100분+5GB+(USIM),sms_count,100.0,100,https://www.moyoplan.com/plans/14274
변경,14275,14275,LGU+,moyo,인스 유심 스피드(5G) 음성200분+5GB,discount_period_months,6.0,6,https://www.moyoplan.com/plans/14275
변경,14275,14275,LGU+,moyo,인스 유심 스피드(5G) 음성200분+5GB,voice_minutes,200.0,200,https://www.moyoplan.com/plans/14275
변경,14275,14275,LGU+,moyo,인스 유심 스피드(5G) 음성200분+5GB,sms_count,100.0,100,https://www.moyoplan.com/plans/14275
변경,30830,30830,LGU+,moyo,[모요only] 마블링 프라임 7GB+1Mbps,discount_period_months,7.0,7,https://www.moyoplan.com/plans/30830
변경,36171,36171,KT,moyo,이야기 K 데이터 100GB+(밀리의서재),discount_period_months,18.0,18,https://www.moyoplan.com/plans/36171
변경,34880,34880,LGU+,moyo,두해 통화기본매일5GB+,discount_period_months,24.0,24,https://www.moyoplan.com/plans/34880
변경,30866,30866,LGU+,moyo,이지 무한 100GB+5,discount_period_months,7.0,7,https://www.moyoplan.com/plans/30866
변경,33518,33518,KT,moyo,TOP 10GB 기본 (밀리의서재),discount_period_months,12.0,12,https://www.moyoplan.com/plans/33518
변경,33519,33519,KT,moyo,TOP 10GB 기본 (CU할인),discount_period_months,12.0,12,https://www.moyoplan.com/plans/33519
변경,10385,10385,LGU+,moyo,보편 유심 5GB 200분,discount_period_months,6.0,6,https://www.moyoplan.com/plans/10385
변경,10385,10385,LGU+,moyo,보편 유심 5GB 200분,voice_minutes,200.0,200,https://www.moyoplan.com/plans/10385
변경,10385,10385,LGU+,moyo,보편 유심 5GB 200분,sms_count,100.0,100,https://www.moyoplan.com/plans/10385
변경,27412,27412,SKT,moyo,티플 CGV 100GB＋,discount_period_months,7.0,7,https://www.moyoplan.com/plans/27412
변경,19030,19030,SKT,moyo,[S] 핀다이렉트Z Light,discount_period_months,7.0,7,https://www.moyoplan.com/plans/19030
변경,19030,19030,SKT,moyo,[S] 핀다이렉트Z Light,voice_minutes,100.0,100,https://www.moyoplan.com/plans/19030
변경,19030,19030,SKT,moyo,[S] 핀다이렉트Z Light,sms_count,100.0,100,https://www.moyoplan.com/plans/19030
변경,34752,34752,LGU+,moyo,모두무제한 15GB+_24개월,discount_period_months,7.0,7,https://www.moyoplan.com/plans/34752
변경,36682,36682,LGU+,moyo,5G 슈가통화마음대로 125GB++,discount_period_months,7.0,7,https://www.moyoplan.com/plans/36682
변경,20322,20322,SKT,moyo,함께이야기해S(300분+15GB),discount_period_months,12.0,12,https://www.moyoplan.com/plans/20322
변경,20322,20322,SKT,moyo,함께이야기해S(300분+15GB),voice_minutes,300.0,300,https://www.moyoplan.com/plans/20322
변경,20322,20322,SKT,moyo,함께이야기해S(300분+15GB),sms_count,150.0,150,https://www.moyoplan.com/plans/20322
변경,33072,33072,LGU+,moyo,이지 데이터 8GB,discount_period_months,6.0,6,https://www.moyoplan.com/plans/33072
변경,33072,33072,LGU+,moyo,이지 데이터 8GB,voice_minutes,300.0,300,https://www.moyoplan.com/plans/33072
변경,33072,33072,LGU+,moyo,이지 데이터 8GB,sms_count,100.0,100,https://www.moyoplan.com/plans/33072
변경,27774,27774,LGU+,moyo,시월 무제한 100GB+5Mbps,discount_period_months,7.0,7,https://www.moyoplan.com/plans/27774
변경,36215,36215,LGU+,moyo,[평생할인] 데이터 마음대로 (10GB+/100분),voice_minutes,100.0,100,https://www.moyoplan.com/plans/36215
변경,36215,36215,LGU+,moyo,[평생할인] 데이터 마음대로 (10GB+/100분),sms_count,100.0,100,https://www.moyoplan.com/plans/36215
변경,23998,23998,LGU+,moyo,The 완전마음껏15G＋_24개월 할인,discount_period_months,24.0,24,https://www.moyoplan.com/plans/23998
변경,30860,30860,KT,moyo,EG 무제한 일5G+5,discount_period_months,7.0,7,https://www.moyoplan.com/plans/30860
변경,35525,35525,LGU+,moyo,5G_LOCAL_기본95G안심3,discount_period_months,24.0,24,https://www.moyoplan.com/plans/35525
변경,26875,26875,LGU+,moyo,[CHM] 음성 200분 5GB,discount_period_months,6.0,6,https://www.moyoplan.com/plans/26875
변경,26875,26875,LGU+,moyo,[CHM] 음성 200분 5GB,voice_minutes,200.0,200,https://www.moyoplan.com/plans/26875
변경,26875,26875,LGU+,moyo,[CHM] 음성 200분 5GB,voice_extra_minutes,0.0,0,https://www.moyoplan.com/plans/26875
변경,26875,26875,LGU+,moyo,[CHM] 음성 200분 5GB,sms_count,100.0,100,https://www.moyoplan.com/plans/26875
변경,23997,23997,LGU+,moyo,티플 마음껏 매일5G＋_24개월요금,discount_period_months,24.0,24,https://www.moyoplan.com/plans/23997
변경,36639,36639,LGU+,moyo,이야기 라이트 100분6GB+,discount_period_months,6.0,6,https://www.moyoplan.com/plans/36639
변경,36639,36639,LGU+,moyo,이야기 라이트 100분6GB+,voice_minutes,100.0,100,https://www.moyoplan.com/plans/36639
변경,36639,36639,LGU+,moyo,이야기 라이트 100분6GB+,sms_count,100.0,100,https://www.moyoplan.com/plans/36639
변경,32516,32516,KT,moyo,모두 충분 7GB+(모아진),voice_extra_minutes,300.0,300,https://www.moyoplan.com/plans/32516
변경,24004,24004,SKT,moyo,티플 위드유 100GB＋(G car),discount_period_months,7.0,7,https://www.moyoplan.com/plans/24004
변경,35832,35832,SKT,moyo,고고 LTE 무제한 100GB+5M_모요,discount_period_months,7.0,7,https://www.moyoplan.com/plans/35832
변경,35832,35832,SKT,moyo,고고 LTE 무제한 100GB+5M_모요,voice_extra_minutes,300.0,300,https://www.moyoplan.com/plans/35832
변경,33083,33083,KT,moyo,모두 충분 15GB+(지니뮤직),voice_extra_minutes,300.0,300,https://www.moyoplan.com/plans/33083
변경,36683,36683,LGU+,moyo,5G 슈가통화마음대로 150GB++,discount_period_months,7.0,7,https://www.moyoplan.com/plans/36683
변경,32615,32615,LGU+,moyo,데이터충분히(10G+100분),discount_period_months,8.0,8,https://www.moyoplan.com/plans/32615
변경,32615,32615,LGU+,moyo,데이터충분히(10G+100분),voice_minutes,100.0,100,https://www.moyoplan.com/plans/32615
변경,32615,32615,LGU+,moyo,데이터충분히(10G+100분),sms_count,100.0,100,https://www.moyoplan.com/plans/32615
변경,21269,21269,KT,moyo,모두 충분 100GB+(CU),voice_extra_minutes,300.0,300,https://www.moyoplan.com/plans/21269
변경,10766,10766,KT,moyo,통화 충분 1.5GB,voice_extra_minutes,0.0,0,https://www.moyoplan.com/plans/10766
변경,36338,36338,LGU+,moyo,모나300분4.5G안심1,discount_period_months,12.0,12,https://www.moyoplan.com/plans/36338
변경,36338,36338,LGU+,moyo,모나300분4.5G안심1,voice_minutes,300.0,300,https://www.moyoplan.com/plans/36338
변경,36338,36338,LGU+,moyo,모나300분4.5G안심1,sms_count,200.0,200,https://www.moyoplan.com/plans/36338
변경,27411,27411,SKT,moyo,티플 CGV 11GB＋,discount_period_months,7.0,7,https://www.moyoplan.com/plans/27411
변경,11200,11200,LGU+,moyo,DATA 걱정없는 유심 1GB,discount_period_months,6.0,6,https://www.moyoplan.com/plans/11200
변경,29959,29959,LGU+,moyo,[L] 핀다이렉트 Speed 10GB/200분,discount_period_months,7.0,7,https://www.moyoplan.com/plans/29959
변경,29959,29959,LGU+,moyo,[L] 핀다이렉트 Speed 10GB/200분,voice_minutes,200.0,200,https://www.moyoplan.com/plans/29959
변경,29959,29959,LGU+,moyo,[L] 핀다이렉트 Speed 10GB/200분,sms_count,100.0,100,https://www.moyoplan.com/plans/29959
변경,29058,29058,LGU+,moyo,[일반] 데이터 마음대로 (4.5GB+/200분)_12개월,discount_period_months,12.0,12,https://www.moyoplan.com/plans/29058
변경,29058,29058,LGU+,moyo,[일반] 데이터 마음대로 (4.5GB+/200분)_12개월,voice_minutes,200.0,200,https://www.moyoplan.com/plans/29058
변경,29058,29058,LGU+,moyo,[일반] 데이터 마음대로 (4.5GB+/200분)_12개월,sms_count,0.0,0,https://www.moyoplan.com/plans/29058
변경,23117,23117,KT,moyo,모두 충분 7GB+(후후안심),voice_extra_minutes,300.0,300,https://www.moyoplan.com/plans/23117
변경,24013,24013,KT,moyo,[모요only] LTE 무제한 11GB+3M(CU20%할인),discount_period_months,7.0,7,https://www.moyoplan.com/plans/24013
변경,24013,24013,KT,moyo,[모요only] LTE 무제한 11GB+3M(CU20%할인),voice_extra_minutes,300.0,300,https://www.moyoplan.com/plans/24013
변경,21270,21270,KT,moyo,모두 충분 11GB+(CU),voice_extra_minutes,300.0,300,https://www.moyoplan.com/plans/21270
변경,33128,33128,KT,moyo,5G 가성비플러스(25GB/350분),discount_period_months,7.0,7,https://www.moyoplan.com/plans/33128
변경,33128,33128,KT,moyo,5G 가성비플러스(25GB/350분),voice_minutes,350.0,350,https://www.moyoplan.com/plans/33128
변경,33128,33128,KT,moyo,5G 가성비플러스(25GB/350분),sms_count,100.0,100,https://www.moyoplan.com/plans/33128
변경,26292,26292,LGU+,moyo,[평생할인] 5G 4GB/통화기본,voice_extra_minutes,53.0,53,https://www.moyoplan.com/plans/26292
변경,11420,11420,LGU+,moyo,보편 유심 3.5GB 150분,discount_period_months,6.0,6,https://www.moyoplan.com/plans/11420
변경,11420,11420,LGU+,moyo,보편 유심 3.5GB 150분,voice_minutes,150.0,150,https://www.moyoplan.com/plans/11420
변경,11420,11420,LGU+,moyo,보편 유심 3.5GB 150분,sms_count,100.0,100,https://www.moyoplan.com/plans/11420
변경,30955,30955,KT,moyo,[모요only] [K] 핀다이렉트Z 7GB+(네이버페이) _PIN,discount_period_months,7.0,7,https://www.moyoplan.com/plans/30955
변경,36341,36341,KT,moyo,5G 가성비플러스(30GB/350분)_12개월할인,discount_period_months,12.0,12,https://www.moyoplan.com/plans/36341
변경,36341,36341,KT,moyo,5G 가성비플러스(30GB/350분)_12개월할인,voice_minutes,350.0,350,https://www.moyoplan.com/plans/36341
변경,36341,36341,KT,moyo,5G 가성비플러스(30GB/350분)_12개월할인,sms_count,100.0,100,https://www.moyoplan.com/plans/36341
변경,34753,34753,LGU+,moyo,[5G] 100분5G,discount_period_months,6.0,6,https://www.moyoplan.com/plans/34753
변경,34753,34753,LGU+,moyo,[5G] 100분5G,voice_minutes,100.0,100,https://www.moyoplan.com/plans/34753
변경,34753,34753,LGU+,moyo,[5G] 100분5G,voice_extra_minutes,0.0,0,https://www.moyoplan.com/plans/34753
변경,34753,34753,LGU+,moyo,[5G] 100분5G,sms_count,50.0,50,https://www.moyoplan.com/plans/34753
변경,26295,26295,LGU+,moyo,[평생할인] 5G 5GB/200분,voice_minutes,200.0,200,https://www.moyoplan.com/plans/26295
변경,26295,26295,LGU+,moyo,[평생할인] 5G 5GB/200분,sms_count,100.0,100,https://www.moyoplan.com/plans/26295
변경,18586,18586,KT,moyo,모두 충분 11GB+(Pay_5000),voice_extra_minutes,300.0,300,https://www.moyoplan.com/plans/18586
변경,23106,23106,KT,moyo,모두 충분 11GB+(후후안심),voice_extra_minutes,300.0,300,https://www.moyoplan.com/plans/23106
변경,26263,26263,LGU+,moyo,[평생할인] 1GB+/100분,voice_minutes,100.0,100,https://www.moyoplan.com/plans/26263
변경,26263,26263,LGU+,moyo,[평생할인] 1GB+/100분,sms_count,100.0,100,https://www.moyoplan.com/plans/26263
변경,35495,35495,LGU+,moyo,[CHM]5G 찬스 300분/15GB,discount_period_months,6.0,6,https://www.moyoplan.com/plans/35495
변경,35495,35495,LGU+,moyo,[CHM]5G 찬스 300분/15GB,voice_minutes,300.0,300,https://www.moyoplan.com/plans/35495
변경,35495,35495,LGU+,moyo,[CHM]5G 찬스 300분/15GB,sms_count,300.0,300,https://www.moyoplan.com/plans/35495
변경,25236,25236,SKT,moyo,스마일 11GB+,discount_period_months,7.0,7,https://www.moyoplan.com/plans/25236
변경,25236,25236,SKT,moyo,스마일 11GB+,voice_extra_minutes,300.0,300,https://www.moyoplan.com/plans/25236
변경,18589,18589,KT,moyo,모두 충분 7GB+(밀리의서재),voice_extra_minutes,300.0,300,https://www.moyoplan.com/plans/18589
변경,37113,37113,LGU+,moyo,[Npay 12만 기본제공] 5G 150GB+/통화기본,discount_period_months,24.0,24,https://www.moyoplan.com/plans/37113
변경,36241,36241,SKT,moyo,[모요only] [S] DIGITAL DETOX 5GB 챌린지 _PIN,discount_period_months,12.0,12,https://www.moyoplan.com/plans/36241
변경,36241,36241,SKT,moyo,[모요only] [S] DIGITAL DETOX 5GB 챌린지 _PIN,voice_minutes,100.0,100,https://www.moyoplan.com/plans/36241
변경,36241,36241,SKT,moyo,[모요only] [S] DIGITAL DETOX 5GB 챌린지 _PIN,sms_count,100.0,100,https://www.moyoplan.com/plans/36241
변경,36246,36246,KT,moyo,TOP 11GB 기본 (쿠팡캐시),discount_period_months,12.0,12,https://www.moyoplan.com/plans/36246
변경,36246,36246,KT,moyo,TOP 11GB 기본 (쿠팡캐시),voice_extra_minutes,300.0,300,https://www.moyoplan.com/plans/36246
변경,35888,35888,SKT,moyo,티플 11G＋(CU멤버십＋매월 5000P),discount_period_months,7.0,7,https://www.moyoplan.com/plans/35888
변경,31771,31771,KT,moyo,[모요only] 5G 200분/12GB,discount_period_months,7.0,7,https://www.moyoplan.com/plans/31771
변경,31771,31771,KT,moyo,[모요only] 5G 200분/12GB,voice_minutes,200.0,200,https://www.moyoplan.com/plans/31771
변경,31771,31771,KT,moyo,[모요only] 5G 200분/12GB,sms_count,100.0,100,https://www.moyoplan.com/plans/31771
변경,23406,23406,LGU+,moyo,NA알뜰11G+일2G+3Mbps,discount_period_months,24.0,24,https://www.moyoplan.com/plans/23406
변경,34865,34865,LGU+,moyo,두해 통화기본10GB+,discount_period_months,24.0,24,https://www.moyoplan.com/plans/34865
변경,34865,34865,LGU+,moyo,두해 통화기본10GB+,voice_extra_minutes,300.0,300,https://www.moyoplan.com/plans/34865
변경,29934,29934,LGU+,moyo,"[KG모바일 스페셜] 통화, 데이터 마음대로 100GB+",discount_period_months,7.0,7,https://www.moyoplan.com/plans/29934
변경,29934,29934,LGU+,moyo,"[KG모바일 스페셜] 통화, 데이터 마음대로 100GB+",voice_extra_minutes,300.0,300,https://www.moyoplan.com/plans/29934
변경,23974,23974,LGU+,moyo,인스유심 스트롱 15GB+,discount_period_months,7.0,7,https://www.moyoplan.com/plans/23974
변경,23974,23974,LGU+,moyo,인스유심 스트롱 15GB+,voice_minutes,100.0,100,https://www.moyoplan.com/plans/23974
변경,23974,23974,LGU+,moyo,인스유심 스트롱 15GB+,sms_count,100.0,100,https://www.moyoplan.com/plans/23974
변경,33126,33126,KT,moyo,5G 가성비플러스(6GB/350분),discount_period_months,6.0,6,https://www.moyoplan.com/plans/33126
변경,33126,33126,KT,moyo,5G 가성비플러스(6GB/350분),voice_minutes,350.0,350,https://www.moyoplan.com/plans/33126
변경,33126,33126,KT,moyo,5G 가성비플러스(6GB/350분),sms_count,100.0,100,https://www.moyoplan.com/plans/33126
변경,25358,25358,KT,moyo,KT 11GB+ (밀리의서재+올리브영 매월 5천원 상품권!),discount_period_months,7.0,7,https://www.moyoplan.com/plans/25358
변경,18584,18584,KT,moyo,모두 충분 100GB+(밀리의서재),voice_extra_minutes,300.0,300,https://www.moyoplan.com/plans/18584
변경,20103,20103,LGU+,moyo,[일반] 데이터 마음대로 (15GB+/100분)_24개월,discount_period_months,24.0,24,https://www.moyoplan.com/plans/20103
변경,20103,20103,LGU+,moyo,[일반] 데이터 마음대로 (15GB+/100분)_24개월,voice_minutes,100.0,100,https://www.moyoplan.com/plans/20103
변경,20103,20103,LGU+,moyo,[일반] 데이터 마음대로 (15GB+/100분)_24개월,sms_count,100.0,100,https://www.moyoplan.com/plans/20103
변경,36608,36608,KT,moyo,티플 100G＋(쿠팡캐시),discounted_fee,20900,19900,https://www.moyoplan.com/plans/36608
변경,36608,36608,KT,moyo,티플 100G＋(쿠팡캐시),discount_period_months,7.0,7,https://www.moyoplan.com/plans/36608
변경,10898,10898,SKT,moyo,내맘대로S(100+10GB),discount_period_months,7.0,7,https://www.moyoplan.com/plans/10898
변경,10898,10898,SKT,moyo,내맘대로S(100+10GB),voice_minutes,100.0,100,https://www.moyoplan.com/plans/10898
변경,10898,10898,SKT,moyo,내맘대로S(100+10GB),sms_count,100.0,100,https://www.moyoplan.com/plans/10898
변경,10271,10271,KT,moyo,통화 충분 10GB,voice_extra_minutes,30.0,30,https://www.moyoplan.com/plans/10271
변경,26838,26838,KT,moyo,가성비플러스(6GB/350분),discount_period_months,6.0,6,https://www.moyoplan.com/plans/26838
변경,26838,26838,KT,moyo,가성비플러스(6GB/350분),voice_minutes,350.0,350,https://www.moyoplan.com/plans/26838
변경,26838,26838,KT,moyo,가성비플러스(6GB/350분),sms_count,100.0,100,https://www.moyoplan.com/plans/26838
변경,36681,36681,LGU+,moyo,5G 슈가통화마음대로 95GB+,discount_period_months,7.0,7,https://www.moyoplan.com/plans/36681
변경,20569,20569,LGU+,moyo,이야기 6GB 350분,discount_period_months,24.0,24,https://www.moyoplan.com/plans/20569
변경,20569,20569,LGU+,moyo,이야기 6GB 350분,voice_minutes,350.0,350,https://www.moyoplan.com/plans/20569
변경,20569,20569,LGU+,moyo,이야기 6GB 350분,sms_count,100.0,100,https://www.moyoplan.com/plans/20569
변경,33531,33531,KT,moyo,TOP 100GB 기본 (밀리의서재),discount_period_months,12.0,12,https://www.moyoplan.com/plans/33531
변경,33531,33531,KT,moyo,TOP 100GB 기본 (밀리의서재),voice_extra_minutes,300.0,300,https://www.moyoplan.com/plans/33531
변경,30900,30900,KT,moyo,EG CU 무제한 11G+3(CU할인),discount_period_months,7.0,7,https://www.moyoplan.com/plans/30900
변경,30900,30900,KT,moyo,EG CU 무제한 11G+3(CU할인),voice_extra_minutes,300.0,300,https://www.moyoplan.com/plans/30900
변경,23034,23034,LGU+,moyo,[24개월] 인스 유심 스트롱 11GB+,discount_period_months,24.0,24,https://www.moyoplan.com/plans/23034
변경,23034,23034,LGU+,moyo,[24개월] 인스 유심 스트롱 11GB+,voice_extra_minutes,300.0,300,https://www.moyoplan.com/plans/23034
변경,28097,28097,LGU+,moyo,스마트 11GB+ (24개월),discount_period_months,24.0,24,https://www.moyoplan.com/plans/28097
변경,18587,18587,KT,moyo,모두 충분 100GB+(웨이브),voice_extra_minutes,300.0,300,https://www.moyoplan.com/plans/18587
변경,35862,35862,LGU+,moyo,티플온 일5G＋,discount_period_months,7.0,7,https://www.moyoplan.com/plans/35862
변경,36673,36673,LGU+,moyo,오래쓰는 데이터 7G+1,discount_period_months,12.0,12,https://www.moyoplan.com/plans/36673
변경,36673,36673,LGU+,moyo,오래쓰는 데이터 7G+1,voice_extra_minutes,300.0,300,https://www.moyoplan.com/plans/36673
변경,26280,26280,LGU+,moyo,[평생할인] 9GB/3000분,voice_minutes,3000.0,3000,https://www.moyoplan.com/plans/26280
변경,26280,26280,LGU+,moyo,[평생할인] 9GB/3000분,sms_count,1000.0,1000,https://www.moyoplan.com/plans/26280
변경,28699,28699,LGU+,moyo,MANIA 통화무제한 100GB++,discount_period_months,24.0,24,https://www.moyoplan.com/plans/28699
변경,35860,35860,LGU+,moyo,티플온 11G＋,discount_period_months,7.0,7,https://www.moyoplan.com/plans/35860
변경,13286,13286,LGU+,moyo,[평생할인]실속 300분+5GB(USIM),voice_minutes,300.0,300,https://www.moyoplan.com/plans/13286
변경,13286,13286,LGU+,moyo,[평생할인]실속 300분+5GB(USIM),sms_count,100.0,100,https://www.moyoplan.com/plans/13286
변경,10899,10899,SKT,moyo,내맘대로S(200+10GB),discount_period_months,12.0,12,https://www.moyoplan.com/plans/10899
변경,10899,10899,SKT,moyo,내맘대로S(200+10GB),voice_minutes,200.0,200,https://www.moyoplan.com/plans/10899
변경,10899,10899,SKT,moyo,내맘대로S(200+10GB),sms_count,200.0,200,https://www.moyoplan.com/plans/10899
변경,37116,37116,LGU+,moyo,5G 스마트 125GB+,discount_period_months,7.0,7,https://www.moyoplan.com/plans/37116
변경,37116,37116,LGU+,moyo,5G 스마트 125GB+,voice_extra_minutes,300.0,300,https://www.moyoplan.com/plans/37116
변경,27745,27745,LGU+,moyo,모나기본100G안심5,discount_period_months,24.0,24,https://www.moyoplan.com/plans/27745
변경,27453,27453,LGU+,moyo,Sugar 데이터안심 매일5GB++,discount_period_months,24.0,24,https://www.moyoplan.com/plans/27453
변경,35912,35912,LGU+,moyo,Sugar 10GB+1Mbps(R),voice_minutes,1000.0,1000,https://www.moyoplan.com/plans/35912
변경,35912,35912,LGU+,moyo,Sugar 10GB+1Mbps(R),sms_count,200.0,200,https://www.moyoplan.com/plans/35912
변경,33931,33931,KT,moyo,ONE 5G 12GB 100분,discount_period_months,7.0,7,https://www.moyoplan.com/plans/33931
변경,33931,33931,KT,moyo,ONE 5G 12GB 100분,voice_minutes,100.0,100,https://www.moyoplan.com/plans/33931
변경,33931,33931,KT,moyo,ONE 5G 12GB 100분,sms_count,100.0,100,https://www.moyoplan.com/plans/33931
변경,30877,30877,KT,moyo,EG 5G스탠다드 지니 110G+(지니뮤직),discount_period_months,12.0,12,https://www.moyoplan.com/plans/30877
변경,30877,30877,KT,moyo,EG 5G스탠다드 지니 110G+(지니뮤직),voice_extra_minutes,300.0,300,https://www.moyoplan.com/plans/30877
변경,13988,13988,SKT,moyo,5G 함께이야기해S (200분+20GB),voice_minutes,200.0,200,https://www.moyoplan.com/plans/13988
변경,13988,13988,SKT,moyo,5G 함께이야기해S (200분+20GB),sms_count,100.0,100,https://www.moyoplan.com/plans/13988
변경,23170,23170,LGU+,moyo,5G Sugar 통화마음대로 125GB++,discount_period_months,24.0,24,https://www.moyoplan.com/plans/23170
변경,33946,33946,KT,moyo,TOP 15GB 100분 (밀리의서재),discount_period_months,7.0,7,https://www.moyoplan.com/plans/33946
변경,33946,33946,KT,moyo,TOP 15GB 100분 (밀리의서재),voice_minutes,100.0,100,https://www.moyoplan.com/plans/33946
변경,33946,33946,KT,moyo,TOP 15GB 100분 (밀리의서재),sms_count,100.0,100,https://www.moyoplan.com/plans/33946
변경,9629,9629,KT,moyo,데이터 충분 15GB+/300분,voice_minutes,300.0,300,https://www.moyoplan.com/plans/9629
변경,9629,9629,KT,moyo,데이터 충분 15GB+/300분,voice_extra_minutes,0.0,0,https://www.moyoplan.com/plans/9629
변경,9629,9629,KT,moyo,데이터 충분 15GB+/300분,sms_count,300.0,300,https://www.moyoplan.com/plans/9629
변경,36686,36686,LGU+,moyo,슈가안심차단100분1G,voice_minutes,100.0,100,https://www.moyoplan.com/plans/36686
변경,36686,36686,LGU+,moyo,슈가안심차단100분1G,sms_count,50.0,50,https://www.moyoplan.com/plans/36686
변경,13910,13910,LGU+,moyo,"[모빌카드 스페셜] 통화, 데이터 마음대로 Pro",discount_period_months,7.0,7,https://www.moyoplan.com/plans/13910
변경,32633,32633,LGU+,moyo,Sugar 세이브+(300분/10GB),voice_minutes,300.0,300,https://www.moyoplan.com/plans/32633
변경,32633,32633,LGU+,moyo,Sugar 세이브+(300분/10GB),sms_count,100.0,100,https://www.moyoplan.com/plans/32633
변경,36265,36265,LGU+,moyo,[혜택형] 5G 유심 중간요금제 95GB,discount_period_months,24.0,24,https://www.moyoplan.com/plans/36265
변경,36264,36264,LGU+,moyo,[평생할인] 유심 5G 150GB+,voice_extra_minutes,300.0,300,https://www.moyoplan.com/plans/36264
변경,15076,15076,LGU+,moyo,이야기 라이트 100분10GB+,discount_period_months,24.0,24,https://www.moyoplan.com/plans/15076
변경,15076,15076,LGU+,moyo,이야기 라이트 100분10GB+,voice_minutes,100.0,100,https://www.moyoplan.com/plans/15076
변경,15076,15076,LGU+,moyo,이야기 라이트 100분10GB+,sms_count,100.0,100,https://www.moyoplan.com/plans/15076
변경,27747,27747,LGU+,moyo,시월 300분15GB+3Mbps,discount_period_months,7.0,7,https://www.moyoplan.com/plans/27747
변경,27747,27747,LGU+,moyo,시월 300분15GB+3Mbps,voice_minutes,300.0,300,https://www.moyoplan.com/plans/27747
변경,27747,27747,LGU+,moyo,시월 300분15GB+3Mbps,sms_count,300.0,300,https://www.moyoplan.com/plans/27747
변경,25700,25700,KT,moyo,이야기K 데이터 11GB+(밀리의서재),discount_period_months,7.0,7,https://www.moyoplan.com/plans/25700
변경,23408,23408,LGU+,moyo,NA알뜰매일5GB+5Mbps,discount_period_months,24.0,24,https://www.moyoplan.com/plans/23408
변경,15372,15372,LGU+,moyo,[평생할인]인스 유심 음성 100분+1GB,voice_minutes,100.0,100,https://www.moyoplan.com/plans/15372
변경,15372,15372,LGU+,moyo,[평생할인]인스 유심 음성 100분+1GB,sms_count,50.0,50,https://www.moyoplan.com/plans/15372
변경,37424,37424,KT,moyo,[모요only] [K] 핀다이렉트 Speed 30GB/200분,discount_period_months,7.0,7,https://www.moyoplan.com/plans/37424
변경,37424,37424,KT,moyo,[모요only] [K] 핀다이렉트 Speed 30GB/200분,voice_minutes,200.0,200,https://www.moyoplan.com/plans/37424
변경,37424,37424,KT,moyo,[모요only] [K] 핀다이렉트 Speed 30GB/200분,sms_count,100.0,100,https://www.moyoplan.com/plans/37424
변경,33044,33044,KT,moyo,EG 10무제한 15G+1(CU할인+매월10GB),discount_period_months,10.0,10,https://www.moyoplan.com/plans/33044
변경,33515,33515,KT,moyo,TOP 7GB 기본 (밀리의서재),discount_period_months,12.0,12,https://www.moyoplan.com/plans/33515
변경,27770,27770,KT,moyo,[모요only] 무제한 7GB+1M(매월 네이버페이5000P),discount_period_months,7.0,7,https://www.moyoplan.com/plans/27770
변경,36196,36196,SKT,moyo,고고 LTE 300분/5GB_모요,discount_period_months,7.0,7,https://www.moyoplan.com/plans/36196
변경,36196,36196,SKT,moyo,고고 LTE 300분/5GB_모요,voice_minutes,300.0,300,https://www.moyoplan.com/plans/36196
변경,36196,36196,SKT,moyo,고고 LTE 300분/5GB_모요,sms_count,300.0,300,https://www.moyoplan.com/plans/36196
변경,33900,33900,KT,moyo,TOP 100GB 기본 (네이버페이),discount_period_months,12.0,12,https://www.moyoplan.com/plans/33900
변경,33900,33900,KT,moyo,TOP 100GB 기본 (네이버페이),voice_extra_minutes,300.0,300,https://www.moyoplan.com/plans/33900
변경,23094,23094,LGU+,moyo,5G 라이트 유심 14GB,discount_period_months,6.0,6,https://www.moyoplan.com/plans/23094
변경,33533,33533,KT,moyo,TOP 100GB 기본 (다이소),discount_period_months,12.0,12,https://www.moyoplan.com/plans/33533
변경,33533,33533,KT,moyo,TOP 100GB 기본 (다이소),voice_extra_minutes,300.0,300,https://www.moyoplan.com/plans/33533
변경,35861,35861,LGU+,moyo,티플온 100G＋,discount_period_months,7.0,7,https://www.moyoplan.com/plans/35861
변경,33532,33532,KT,moyo,TOP 100GB 기본 (올리브영),discount_period_months,12.0,12,https://www.moyoplan.com/plans/33532
변경,33532,33532,KT,moyo,TOP 100GB 기본 (올리브영),voice_extra_minutes,300.0,300,https://www.moyoplan.com/plans/33532
변경,28448,28448,LGU+,moyo,데이터 플러스 15GB+/100분(평생 +10GB 추가 제공 프로모션),voice_minutes,100.0,100,https://www.moyoplan.com/plans/28448
변경,28448,28448,LGU+,moyo,데이터 플러스 15GB+/100분(평생 +10GB 추가 제공 프로모션),voice_extra_minutes,100.0,100,https://www.moyoplan.com/plans/28448
변경,28448,28448,LGU+,moyo,데이터 플러스 15GB+/100분(평생 +10GB 추가 제공 프로모션),sms_count,100.0,100,https://www.moyoplan.com/plans/28448
변경,29081,29081,SKT,moyo,함께이야기해S 무한 20GB,discount_period_months,12.0,12,https://www.moyoplan.com/plans/29081
변경,18624,18624,KT,moyo,5G 모두 충분 110GB+(밀리의서재),voice_extra_minutes,300.0,300,https://www.moyoplan.com/plans/18624
변경,29289,29289,SKT,moyo,이야기 완전 무제한 7GB+,discount_period_months,7.0,7,https://www.moyoplan.com/plans/29289
변경,23137,23137,LGU+,moyo,[평생할인]실속 150분+1GB(USIM),voice_minutes,150.0,150,https://www.moyoplan.com/plans/23137
변경,23137,23137,LGU+,moyo,[평생할인]실속 150분+1GB(USIM),voice_extra_minutes,0.0,0,https://www.moyoplan.com/plans/23137
변경,23137,23137,LGU+,moyo,[평생할인]실속 150분+1GB(USIM),sms_count,50.0,50,https://www.moyoplan.com/plans/23137
변경,34750,34750,LGU+,moyo,음성 300분 15GB+3Mbps_24개월,discount_period_months,24.0,24,https://www.moyoplan.com/plans/34750
변경,34750,34750,LGU+,moyo,음성 300분 15GB+3Mbps_24개월,voice_minutes,300.0,300,https://www.moyoplan.com/plans/34750
변경,34750,34750,LGU+,moyo,음성 300분 15GB+3Mbps_24개월,voice_extra_minutes,0.0,0,https://www.moyoplan.com/plans/34750
변경,34750,34750,LGU+,moyo,음성 300분 15GB+3Mbps_24개월,sms_count,300.0,300,https://www.moyoplan.com/plans/34750
변경,31784,31784,LGU+,moyo,The 마음껏 매일5G+(카톡 이모티콘+예스24e북),discount_period_months,24.0,24,https://www.moyoplan.com/plans/31784
변경,31339,31339,LGU+,moyo,The 마음껏 매일5G+(컬쳐랜드 문화상품권 매월 5000P),discount_period_months,24.0,24,https://www.moyoplan.com/plans/31339
변경,23505,23505,LGU+,moyo,슈가칩 15GB+300분,discount_period_months,7.0,7,https://www.moyoplan.com/plans/23505
변경,23505,23505,LGU+,moyo,슈가칩 15GB+300분,voice_minutes,300.0,300,https://www.moyoplan.com/plans/23505
변경,23505,23505,LGU+,moyo,슈가칩 15GB+300분,sms_count,300.0,300,https://www.moyoplan.com/plans/23505
변경,10392,10392,LGU+,moyo,5G 유심 통화 맘편히 9GB,discount_period_months,6.0,6,https://www.moyoplan.com/plans/10392
변경,28095,28095,LGU+,moyo,스마트 100분/15GB+ (24개월),discount_period_months,24.0,24,https://www.moyoplan.com/plans/28095
변경,28095,28095,LGU+,moyo,스마트 100분/15GB+ (24개월),voice_minutes,100.0,100,https://www.moyoplan.com/plans/28095
변경,28095,28095,LGU+,moyo,스마트 100분/15GB+ (24개월),sms_count,100.0,100,https://www.moyoplan.com/plans/28095
변경,20325,20325,SKT,moyo,함께이야기해S(200분+20GB),discount_period_months,12.0,12,https://www.moyoplan.com/plans/20325
변경,20325,20325,SKT,moyo,함께이야기해S(200분+20GB),voice_minutes,200.0,200,https://www.moyoplan.com/plans/20325
변경,20325,20325,SKT,moyo,함께이야기해S(200분+20GB),sms_count,200.0,200,https://www.moyoplan.com/plans/20325
변경,35531,35531,KT,moyo,TOP 11GB 기본 (CU할인),discount_period_months,7.0,7,https://www.moyoplan.com/plans/35531
변경,23404,23404,LGU+,moyo,NA수다100데이터15GB+,discount_period_months,24.0,24,https://www.moyoplan.com/plans/23404
변경,23404,23404,LGU+,moyo,NA수다100데이터15GB+,voice_minutes,100.0,100,https://www.moyoplan.com/plans/23404
변경,23404,23404,LGU+,moyo,NA수다100데이터15GB+,sms_count,100.0,100,https://www.moyoplan.com/plans/23404
변경,36269,36269,LGU+,moyo,5G 음성기본 95GB+3Mbps,discount_period_months,7.0,7,https://www.moyoplan.com/plans/36269
변경,36269,36269,LGU+,moyo,5G 음성기본 95GB+3Mbps,voice_extra_minutes,300.0,300,https://www.moyoplan.com/plans/36269
변경,30868,30868,LGU+,moyo,이지 무한 일5GB+5,discount_period_months,7.0,7,https://www.moyoplan.com/plans/30868
변경,35502,35502,LGU+,moyo,[일반] 실속 5G 15GB/300분,discount_period_months,12.0,12,https://www.moyoplan.com/plans/35502
변경,35502,35502,LGU+,moyo,[일반] 실속 5G 15GB/300분,voice_minutes,300.0,300,https://www.moyoplan.com/plans/35502
변경,35502,35502,LGU+,moyo,[일반] 실속 5G 15GB/300분,sms_count,300.0,300,https://www.moyoplan.com/plans/35502
변경,35840,35840,KT,moyo,티플 100G＋(올리브영 매월 5000P),discounted_fee,23000,19900,https://www.moyoplan.com/plans/35840
변경,35840,35840,KT,moyo,티플 100G＋(올리브영 매월 5000P),discount_period_months,7.0,7,https://www.moyoplan.com/plans/35840
변경,35507,35507,LGU+,moyo,The 완전마음껏 100G+(올리브영 매월 5000P),discount_period_months,24.0,24,https://www.moyoplan.com/plans/35507
변경,26611,26611,KT,moyo,"[모요only] 쉐이크 LTE 7GB+_네이버페이 매 월 5,000원",discount_period_months,12.0,12,https://www.moyoplan.com/plans/26611
변경,36992,36992,LGU+,moyo,이지 데이터 15G/300분,discount_period_months,6.0,6,https://www.moyoplan.com/plans/36992
변경,36992,36992,LGU+,moyo,이지 데이터 15G/300분,voice_minutes,300.0,300,https://www.moyoplan.com/plans/36992
변경,36992,36992,LGU+,moyo,이지 데이터 15G/300분,sms_count,300.0,300,https://www.moyoplan.com/plans/36992
변경,33088,33088,LGU+,moyo,The 완전마음껏11G＋(올리브영 매월 5000P),discount_period_months,24.0,24,https://www.moyoplan.com/plans/33088
변경,34743,34743,LGU+,moyo,[5G]이지 무제한 95GB+3M,discount_period_months,7.0,7,https://www.moyoplan.com/plans/34743
변경,34743,34743,LGU+,moyo,[5G]이지 무제한 95GB+3M,voice_extra_minutes,300.0,300,https://www.moyoplan.com/plans/34743
변경,33961,33961,KT,moyo,TOP 5G 110GB 기본 (밀리의서재),discount_period_months,7.0,7,https://www.moyoplan.com/plans/33961
변경,23124,23124,LGU+,moyo,5G Sugar 통화마음대로 95GB+,discount_period_months,24.0,24,https://www.moyoplan.com/plans/23124
변경,33623,33623,LGU+,moyo,이야기스페셜 100GB+(24개월),discount_period_months,24.0,24,https://www.moyoplan.com/plans/33623
변경,33898,33898,KT,moyo,TOP 7GB 기본 (네이버페이),discount_period_months,12.0,12,https://www.moyoplan.com/plans/33898
변경,36267,36267,LGU+,moyo,[혜택형] 5G 스탠다드 유심 150GB,discount_period_months,24.0,24,https://www.moyoplan.com/plans/36267
변경,23777,23777,LGU+,moyo,티플 10GB(10GB/0분),voice_minutes,0.0,0,https://www.moyoplan.com/plans/23777
변경,23777,23777,LGU+,moyo,티플 10GB(10GB/0분),sms_count,0.0,0,https://www.moyoplan.com/plans/23777
변경,22834,22834,LGU+,moyo,수다맘껏데이터71G+,discount_period_months,12.0,12,https://www.moyoplan.com/plans/22834
변경,22834,22834,LGU+,moyo,수다맘껏데이터71G+,voice_extra_minutes,300.0,300,https://www.moyoplan.com/plans/22834
변경,30910,30910,LGU+,moyo,이지 더 오래쓰는 무제한 10G+1,discount_period_months,24.0,24,https://www.moyoplan.com/plans/30910
변경,30940,30940,KT,moyo,무제한 11GB+3M(다이소 매월 5000원),voice_extra_minutes,300.0,300,https://www.moyoplan.com/plans/30940
변경,20018,20018,KT,moyo,무제한11GB+3M(네이버페이 매월 5000P),voice_extra_minutes,300.0,300,https://www.moyoplan.com/plans/20018
변경,36197,36197,SKT,moyo,고고 LTE 200분/10GB_모요,discount_period_months,7.0,7,https://www.moyoplan.com/plans/36197
변경,36197,36197,SKT,moyo,고고 LTE 200분/10GB_모요,voice_minutes,200.0,200,https://www.moyoplan.com/plans/36197
변경,36197,36197,SKT,moyo,고고 LTE 200분/10GB_모요,sms_count,200.0,200,https://www.moyoplan.com/plans/36197
변경,26179,26179,LGU+,moyo,이야기 데이터 심플(10GB),discount_period_months,12.0,12,https://www.moyoplan.com/plans/26179
변경,26179,26179,LGU+,moyo,이야기 데이터 심플(10GB),voice_minutes,0.0,0,https://www.moyoplan.com/plans/26179
변경,26179,26179,LGU+,moyo,이야기 데이터 심플(10GB),sms_count,0.0,0,https://www.moyoplan.com/plans/26179
변경,37117,37117,LGU+,moyo,[Npay 12만 기본제공] 5G 95GB+/통화기본,discount_period_months,24.0,24,https://www.moyoplan.com/plans/37117
변경,23773,23773,SKT,moyo,티플 10GB(10GB/0분),voice_minutes,0.0,0,https://www.moyoplan.com/plans/23773
변경,23773,23773,SKT,moyo,티플 10GB(10GB/0분),sms_count,0.0,0,https://www.moyoplan.com/plans/23773
변경,35505,35505,LGU+,moyo,The 완전마음껏 100G+(컬쳐랜드 문화상품권 매월 5000P),discount_period_months,24.0,24,https://www.moyoplan.com/plans/35505
변경,25223,25223,LGU+,moyo,USIM 심플 (100분 + 6GB),discount_period_months,10.0,10,https://www.moyoplan.com/plans/25223
변경,25223,25223,LGU+,moyo,USIM 심플 (100분 + 6GB),voice_minutes,100.0,100,https://www.moyoplan.com/plans/25223
변경,25223,25223,LGU+,moyo,USIM 심플 (100분 + 6GB),sms_count,100.0,100,https://www.moyoplan.com/plans/25223
변경,25280,25280,LGU+,moyo,USIM 심플 (200분 + 5GB),discount_period_months,10.0,10,https://www.moyoplan.com/plans/25280
변경,25280,25280,LGU+,moyo,USIM 심플 (200분 + 5GB),voice_minutes,200.0,200,https://www.moyoplan.com/plans/25280
변경,25280,25280,LGU+,moyo,USIM 심플 (200분 + 5GB),sms_count,100.0,100,https://www.moyoplan.com/plans/25280
변경,28098,28098,LGU+,moyo,스마트,discount_period_months,24.0,24,https://www.moyoplan.com/plans/28098
변경,35822,35822,KT,moyo,TOP 100GB 기본 (CU할인),discount_period_months,12.0,12,https://www.moyoplan.com/plans/35822
변경,35822,35822,KT,moyo,TOP 100GB 기본 (CU할인),voice_extra_minutes,300.0,300,https://www.moyoplan.com/plans/35822
변경,18625,18625,KT,moyo,5G 모두 충분 200GB+(밀리의서재),voice_extra_minutes,300.0,300,https://www.moyoplan.com/plans/18625
변경,33963,33963,KT,moyo,TOP 5G 110GB 기본 (다이소),discount_period_months,7.0,7,https://www.moyoplan.com/plans/33963
변경,24530,24530,LGU+,moyo,실속 300분+5GB(USIM),discount_period_months,6.0,6,https://www.moyoplan.com/plans/24530
변경,24530,24530,LGU+,moyo,실속 300분+5GB(USIM),voice_minutes,300.0,300,https://www.moyoplan.com/plans/24530
변경,24530,24530,LGU+,moyo,실속 300분+5GB(USIM),sms_count,100.0,100,https://www.moyoplan.com/plans/24530
변경,35836,35836,KT,moyo,[모요only] [K] 핀다이렉트Z Mini + 밀리의서재(12) _PIN,discount_period_months,12.0,12,https://www.moyoplan.com/plans/35836
변경,34904,34904,LGU+,moyo,The 마음껏 매일5G＋(스타벅스 매월 5000P),discount_period_months,24.0,24,https://www.moyoplan.com/plans/34904
변경,35520,35520,LGU+,moyo,모나400분11G,discount_period_months,12.0,12,https://www.moyoplan.com/plans/35520
변경,35520,35520,LGU+,moyo,모나400분11G,voice_minutes,398.0,398,https://www.moyoplan.com/plans/35520
변경,35520,35520,LGU+,moyo,모나400분11G,sms_count,200.0,200,https://www.moyoplan.com/plans/35520
변경,31433,31433,KT,moyo,[모요only] 쉐이크 5G 200GB+_밀리의서재,discount_period_months,12.0,12,https://www.moyoplan.com/plans/31433
변경,31433,31433,KT,moyo,[모요only] 쉐이크 5G 200GB+_밀리의서재,voice_extra_minutes,300.0,300,https://www.moyoplan.com/plans/31433
변경,31063,31063,LGU+,moyo,5G Sugar 실속(300분/6GB),voice_minutes,300.0,300,https://www.moyoplan.com/plans/31063
변경,31063,31063,LGU+,moyo,5G Sugar 실속(300분/6GB),sms_count,200.0,200,https://www.moyoplan.com/plans/31063
변경,29977,29977,KT,moyo,모두 충분 15GB+(다이소_5000),voice_extra_minutes,1.0,1,https://www.moyoplan.com/plans/29977
변경,32515,32515,KT,moyo,모두 충분 15GB+(Pay_5000),voice_extra_minutes,300.0,300,https://www.moyoplan.com/plans/32515
변경,26991,26991,LGU+,moyo,The 완전마음껏11G+(다이소 매월 5000P),discount_period_months,24.0,24,https://www.moyoplan.com/plans/26991
변경,31458,31458,KT,moyo,모두 충분 100GB+(모아진),voice_extra_minutes,300.0,300,https://www.moyoplan.com/plans/31458
변경,31945,31945,KT,moyo,[모요only] CU 스위트 무제한 100GB+,discount_period_months,12.0,12,https://www.moyoplan.com/plans/31945
변경,31945,31945,KT,moyo,[모요only] CU 스위트 무제한 100GB+,voice_minutes,9997.0,9997,https://www.moyoplan.com/plans/31945
변경,31945,31945,KT,moyo,[모요only] CU 스위트 무제한 100GB+,voice_extra_minutes,300.0,300,https://www.moyoplan.com/plans/31945
변경,24714,24714,LGU+,moyo,교보문고 북 플러스알파 15GB+,voice_extra_minutes,300.0,300,https://www.moyoplan.com/plans/24714
변경,36211,36211,LGU+,moyo,[평생할인] 데이터 마음대로 (4.5GB+/200분),voice_minutes,200.0,200,https://www.moyoplan.com/plans/36211
변경,36211,36211,LGU+,moyo,[평생할인] 데이터 마음대로 (4.5GB+/200분),sms_count,100.0,100,https://www.moyoplan.com/plans/36211
변경,30011,30011,LGU+,moyo,[올리브영 12만원] 9GB/3000분,voice_minutes,3000.0,3000,https://www.moyoplan.com/plans/30011
변경,30011,30011,LGU+,moyo,[올리브영 12만원] 9GB/3000분,sms_count,1000.0,1000,https://www.moyoplan.com/plans/30011
변경,34903,34903,LGU+,moyo,The 완전마음껏11G＋(스타벅스 매월 5000P),discount_period_months,24.0,24,https://www.moyoplan.com/plans/34903
변경,27456,27456,LGU+,moyo,슈가칩3 7GB+,discount_period_months,24.0,24,https://www.moyoplan.com/plans/27456
변경,31336,31336,LGU+,moyo,The 완전마음껏11G+(컬쳐랜드 문화상품권 매월 5000P),discount_period_months,24.0,24,https://www.moyoplan.com/plans/31336
변경,11084,11084,LGU+,moyo,데이터 안심 5GB+(USIM),discount_period_months,6.0,6,https://www.moyoplan.com/plans/11084
변경,11084,11084,LGU+,moyo,데이터 안심 5GB+(USIM),voice_minutes,200.0,200,https://www.moyoplan.com/plans/11084
변경,11084,11084,LGU+,moyo,데이터 안심 5GB+(USIM),sms_count,100.0,100,https://www.moyoplan.com/plans/11084
변경,26319,26319,LGU+,moyo,[일반] 유심 5G 125GB+,discount_period_months,12.0,12,https://www.moyoplan.com/plans/26319
변경,26319,26319,LGU+,moyo,[일반] 유심 5G 125GB+,voice_extra_minutes,300.0,300,https://www.moyoplan.com/plans/26319
변경,24187,24187,KT,moyo,[모요only] LTE 무제한 15GB+1M(CU20%할인),discount_period_months,7.0,7,https://www.moyoplan.com/plans/24187
변경,24187,24187,KT,moyo,[모요only] LTE 무제한 15GB+1M(CU20%할인),voice_extra_minutes,300.0,300,https://www.moyoplan.com/plans/24187
변경,29027,29027,SKT,moyo,LTE 음성무제한 8GB,discount_period_months,7.0,7,https://www.moyoplan.com/plans/29027
변경,29027,29027,SKT,moyo,LTE 음성무제한 8GB,voice_extra_minutes,30.0,30,https://www.moyoplan.com/plans/29027
변경,29027,29027,SKT,moyo,LTE 음성무제한 8GB,sms_count,200.0,200,https://www.moyoplan.com/plans/29027
변경,24005,24005,SKT,moyo,티플 위드유 11GB＋(G car),discount_period_months,7.0,7,https://www.moyoplan.com/plans/24005
변경,31783,31783,LGU+,moyo,The 완전마음껏11G+(카톡 이모티콘+예스24e북),discount_period_months,24.0,24,https://www.moyoplan.com/plans/31783
변경,20264,20264,KT,moyo,안심무한330,voice_minutes,100.0,100,https://www.moyoplan.com/plans/20264
변경,20264,20264,KT,moyo,안심무한330,voice_extra_minutes,0.0,0,https://www.moyoplan.com/plans/20264
변경,20264,20264,KT,moyo,안심무한330,sms_count,100.0,100,https://www.moyoplan.com/plans/20264
변경,31047,31047,SKT,moyo,티플 15GB+(300분)(이디야커피),discount_period_months,7.0,7,https://www.moyoplan.com/plans/31047
변경,31047,31047,SKT,moyo,티플 15GB+(300분)(이디야커피),voice_minutes,300.0,300,https://www.moyoplan.com/plans/31047
변경,31047,31047,SKT,moyo,티플 15GB+(300분)(이디야커피),sms_count,300.0,300,https://www.moyoplan.com/plans/31047
변경,34303,34303,KT,moyo,가성비플러스(25GB/350분),discount_period_months,7.0,7,https://www.moyoplan.com/plans/34303
변경,34303,34303,KT,moyo,가성비플러스(25GB/350분),voice_minutes,350.0,350,https://www.moyoplan.com/plans/34303
변경,34303,34303,KT,moyo,가성비플러스(25GB/350분),sms_count,100.0,100,https://www.moyoplan.com/plans/34303
변경,36167,36167,KT,moyo,이야기 K 데이터 100GB+(모아진),discount_period_months,7.0,7,https://www.moyoplan.com/plans/36167
변경,36174,36174,KT,moyo,이야기 K 데이터 100GB+(CU할인),discount_period_months,7.0,7,https://www.moyoplan.com/plans/36174
변경,33952,33952,KT,moyo,TOP 11GB 기본 (밀리의서재),discount_period_months,7.0,7,https://www.moyoplan.com/plans/33952
변경,33130,33130,LGU+,moyo,시월 무제한 매일5GB+5Mbps,discount_period_months,7.0,7,https://www.moyoplan.com/plans/33130
변경,33957,33957,KT,moyo,TOP 100GB 기본 (밀리의서재),discount_period_months,7.0,7,https://www.moyoplan.com/plans/33957
변경,26272,26272,LGU+,moyo,[평생할인] 2.5GB/통화기본,voice_extra_minutes,50.0,50,https://www.moyoplan.com/plans/26272
변경,21322,21322,KT,moyo,[모요only] 쉐이크 LTE 7GB+_밀리의서재,discount_period_months,12.0,12,https://www.moyoplan.com/plans/21322
변경,21322,21322,KT,moyo,[모요only] 쉐이크 LTE 7GB+_밀리의서재,voice_extra_minutes,300.0,300,https://www.moyoplan.com/plans/21322
변경,14984,14984,KT,moyo,5G 통화 충분 30GB,voice_extra_minutes,30.0,30,https://www.moyoplan.com/plans/14984
변경,24006,24006,SKT,moyo,티플 위드유 15GB＋(300분)(G car),discount_period_months,7.0,7,https://www.moyoplan.com/plans/24006
변경,24006,24006,SKT,moyo,티플 위드유 15GB＋(300분)(G car),voice_minutes,300.0,300,https://www.moyoplan.com/plans/24006
변경,24006,24006,SKT,moyo,티플 위드유 15GB＋(300분)(G car),sms_count,300.0,300,https://www.moyoplan.com/plans/24006
변경,31457,31457,KT,moyo,모두 충분 100GB+(다이소_5000),voice_extra_minutes,300.0,300,https://www.moyoplan.com/plans/31457
변경,27678,27678,SKT,moyo,티플 CGV 15GB＋(300분),discount_period_months,7.0,7,https://www.moyoplan.com/plans/27678
변경,27678,27678,SKT,moyo,티플 CGV 15GB＋(300분),voice_minutes,300.0,300,https://www.moyoplan.com/plans/27678
변경,27678,27678,SKT,moyo,티플 CGV 15GB＋(300분),sms_count,300.0,300,https://www.moyoplan.com/plans/27678
변경,31003,31003,KT,moyo,모두 충분 11GB+(모아진),voice_extra_minutes,300.0,300,https://www.moyoplan.com/plans/31003
변경,34916,34916,KT,moyo,ONE 5G 20GB 기본,discount_period_months,9.0,9,https://www.moyoplan.com/plans/34916
변경,35791,35791,KT,moyo,EG 무제한 11GB+3(모아진),discount_period_months,7.0,7,https://www.moyoplan.com/plans/35791
변경,35791,35791,KT,moyo,EG 무제한 11GB+3(모아진),voice_extra_minutes,300.0,300,https://www.moyoplan.com/plans/35791
변경,31741,31741,KT,moyo,USIM 스위트 (100분/10GB),discount_period_months,6.0,6,https://www.moyoplan.com/plans/31741
변경,31741,31741,KT,moyo,USIM 스위트 (100분/10GB),voice_minutes,100.0,100,https://www.moyoplan.com/plans/31741
변경,31741,31741,KT,moyo,USIM 스위트 (100분/10GB),sms_count,100.0,100,https://www.moyoplan.com/plans/31741
변경,18588,18588,KT,moyo,모두 충분 100GB+(Pay_5000),voice_extra_minutes,300.0,300,https://www.moyoplan.com/plans/18588
변경,14479,14479,LGU+,moyo,마블링 스탠다드 1GB,discount_period_months,6.0,6,https://www.moyoplan.com/plans/14479
변경,14479,14479,LGU+,moyo,마블링 스탠다드 1GB,voice_minutes,100.0,100,https://www.moyoplan.com/plans/14479
변경,14479,14479,LGU+,moyo,마블링 스탠다드 1GB,sms_count,50.0,50,https://www.moyoplan.com/plans/14479
변경,33947,33947,KT,moyo,TOP 15GB 100분 (올리브영),discount_period_months,7.0,7,https://www.moyoplan.com/plans/33947
변경,33947,33947,KT,moyo,TOP 15GB 100분 (올리브영),voice_minutes,100.0,100,https://www.moyoplan.com/plans/33947
변경,33947,33947,KT,moyo,TOP 15GB 100분 (올리브영),sms_count,100.0,100,https://www.moyoplan.com/plans/33947
변경,35524,35524,LGU+,moyo,캐시_데이터11G+일2G,discount_period_months,24.0,24,https://www.moyoplan.com/plans/35524
변경,33940,33940,KT,moyo,TOP 7GB 기본 (네이버페이),discount_period_months,7.0,7,https://www.moyoplan.com/plans/33940
변경,35820,35820,KT,moyo,TOP 10GB 기본 (네이버페이),discount_period_months,12.0,12,https://www.moyoplan.com/plans/35820
변경,33513,33513,LGU+,moyo,실속데이터 100분 10GB,discount_period_months,6.0,6,https://www.moyoplan.com/plans/33513
변경,33513,33513,LGU+,moyo,실속데이터 100분 10GB,voice_minutes,100.0,100,https://www.moyoplan.com/plans/33513
변경,33513,33513,LGU+,moyo,실속데이터 100분 10GB,sms_count,100.0,100,https://www.moyoplan.com/plans/33513
변경,30942,30942,KT,moyo,무제한 7GB+1M(다이소 매월 5000원),voice_extra_minutes,300.0,300,https://www.moyoplan.com/plans/30942
변경,29933,29933,LGU+,moyo,"[KG모바일 스페셜] 통화, 데이터 마음대로 Pro",discount_period_months,7.0,7,https://www.moyoplan.com/plans/29933
변경,35819,35819,KT,moyo,TOP 10GB 기본 (다이소),discount_period_months,12.0,12,https://www.moyoplan.com/plans/35819
변경,35818,35818,KT,moyo,TOP 10GB 기본 (올리브영),discount_period_months,12.0,12,https://www.moyoplan.com/plans/35818
변경,23171,23171,LGU+,moyo,5G Sugar 통화마음대로 150GB++,discount_period_months,24.0,24,https://www.moyoplan.com/plans/23171
변경,27688,27688,LGU+,moyo,[24개월] 인스 유심 스트롱 100GB+,discount_period_months,24.0,24,https://www.moyoplan.com/plans/27688
변경,27688,27688,LGU+,moyo,[24개월] 인스 유심 스트롱 100GB+,voice_extra_minutes,300.0,300,https://www.moyoplan.com/plans/27688
변경,15068,15068,LGU+,moyo,이야기 스탠다드 11GB+,discount_period_months,7.0,7,https://www.moyoplan.com/plans/15068
변경,23035,23035,LGU+,moyo,[24개월] 인스 유심 스트롱,discount_period_months,24.0,24,https://www.moyoplan.com/plans/23035
변경,35508,35508,LGU+,moyo,The 완전마음껏 100G+(스타벅스 매월 5000P),discount_period_months,24.0,24,https://www.moyoplan.com/plans/35508
변경,37151,37151,KT,moyo,ONE 5G 10GB 200분,discount_period_months,7.0,7,https://www.moyoplan.com/plans/37151
변경,37151,37151,KT,moyo,ONE 5G 10GB 200분,voice_minutes,200.0,200,https://www.moyoplan.com/plans/37151
변경,37151,37151,KT,moyo,ONE 5G 10GB 200분,sms_count,100.0,100,https://www.moyoplan.com/plans/37151
변경,34918,34918,KT,moyo,[모요only] 100분/15GB+3M(밀리의서재 Free),discount_period_months,7.0,7,https://www.moyoplan.com/plans/34918
변경,34918,34918,KT,moyo,[모요only] 100분/15GB+3M(밀리의서재 Free),voice_minutes,100.0,100,https://www.moyoplan.com/plans/34918
변경,34918,34918,KT,moyo,[모요only] 100분/15GB+3M(밀리의서재 Free),sms_count,100.0,100,https://www.moyoplan.com/plans/34918
변경,21271,21271,KT,moyo,데이터 충분 15GB+/100분(CU),voice_minutes,100.0,100,https://www.moyoplan.com/plans/21271
변경,21271,21271,KT,moyo,데이터 충분 15GB+/100분(CU),voice_extra_minutes,0.0,0,https://www.moyoplan.com/plans/21271
변경,21271,21271,KT,moyo,데이터 충분 15GB+/100분(CU),sms_count,100.0,100,https://www.moyoplan.com/plans/21271
변경,12279,12279,SKT,moyo,내맘대로S(300+10GB),discount_period_months,12.0,12,https://www.moyoplan.com/plans/12279
변경,12279,12279,SKT,moyo,내맘대로S(300+10GB),voice_minutes,300.0,300,https://www.moyoplan.com/plans/12279
변경,12279,12279,SKT,moyo,내맘대로S(300+10GB),sms_count,300.0,300,https://www.moyoplan.com/plans/12279
변경,27452,27452,LGU+,moyo,Sugar 데이터많이 15GB+100분,discount_period_months,24.0,24,https://www.moyoplan.com/plans/27452
변경,27452,27452,LGU+,moyo,Sugar 데이터많이 15GB+100분,voice_minutes,100.0,100,https://www.moyoplan.com/plans/27452
변경,27452,27452,LGU+,moyo,Sugar 데이터많이 15GB+100분,sms_count,100.0,100,https://www.moyoplan.com/plans/27452
변경,32415,32415,KT,moyo,EG 무제한 11G+3(매월 NPAY5000P),discount_period_months,7.0,7,https://www.moyoplan.com/plans/32415
변경,32415,32415,KT,moyo,EG 무제한 11G+3(매월 NPAY5000P),voice_extra_minutes,300.0,300,https://www.moyoplan.com/plans/32415
변경,35519,35519,LGU+,moyo,모나500분8G,discount_period_months,12.0,12,https://www.moyoplan.com/plans/35519
변경,35519,35519,LGU+,moyo,모나500분8G,voice_minutes,500.0,500,https://www.moyoplan.com/plans/35519
변경,35519,35519,LGU+,moyo,모나500분8G,sms_count,200.0,200,https://www.moyoplan.com/plans/35519
변경,36248,36248,KT,moyo,TOP 100GB 기본 (쿠팡캐시),discount_period_months,12.0,12,https://www.moyoplan.com/plans/36248
변경,36248,36248,KT,moyo,TOP 100GB 기본 (쿠팡캐시),voice_extra_minutes,300.0,300,https://www.moyoplan.com/plans/36248
변경,9577,9577,KT,moyo,데이터 충분 15GB+/100분,voice_minutes,100.0,100,https://www.moyoplan.com/plans/9577
변경,9577,9577,KT,moyo,데이터 충분 15GB+/100분,voice_extra_minutes,0.0,0,https://www.moyoplan.com/plans/9577
변경,9577,9577,KT,moyo,데이터 충분 15GB+/100분,sms_count,100.0,100,https://www.moyoplan.com/plans/9577
변경,37093,37093,KT,moyo,[모요only] 5G 200분/10GB_12개월,discount_period_months,12.0,12,https://www.moyoplan.com/plans/37093
변경,37093,37093,KT,moyo,[모요only] 5G 200분/10GB_12개월,voice_minutes,200.0,200,https://www.moyoplan.com/plans/37093
변경,37093,37093,KT,moyo,[모요only] 5G 200분/10GB_12개월,sms_count,100.0,100,https://www.moyoplan.com/plans/37093
변경,26278,26278,LGU+,moyo,[평생할인] 2.5GB/200분,voice_minutes,200.0,200,https://www.moyoplan.com/plans/26278
변경,26278,26278,LGU+,moyo,[평생할인] 2.5GB/200분,sms_count,100.0,100,https://www.moyoplan.com/plans/26278
변경,18612,18612,LGU+,moyo,[12개월]인스 유심 스트롱 11GB+,discount_period_months,12.0,12,https://www.moyoplan.com/plans/18612
변경,18612,18612,LGU+,moyo,[12개월]인스 유심 스트롱 11GB+,voice_extra_minutes,300.0,300,https://www.moyoplan.com/plans/18612
변경,35506,35506,LGU+,moyo,The 완전마음껏 100G+(카톡 이모티콘+예스24e북),discount_period_months,24.0,24,https://www.moyoplan.com/plans/35506
변경,26288,26288,LGU+,moyo,[평생할인] 5G 150GB+/통화기본,voice_extra_minutes,300.0,300,https://www.moyoplan.com/plans/26288
변경,30861,30861,LGU+,moyo,이지 15G(100)+,discount_period_months,7.0,7,https://www.moyoplan.com/plans/30861
변경,30861,30861,LGU+,moyo,이지 15G(100)+,voice_minutes,100.0,100,https://www.moyoplan.com/plans/30861
변경,30861,30861,LGU+,moyo,이지 15G(100)+,sms_count,100.0,100,https://www.moyoplan.com/plans/30861
변경,23370,23370,KT,moyo,[모요only] 쉐이크 LTE 15GB+/100분_CU,discount_period_months,12.0,12,https://www.moyoplan.com/plans/23370
변경,23370,23370,KT,moyo,[모요only] 쉐이크 LTE 15GB+/100분_CU,voice_minutes,100.0,100,https://www.moyoplan.com/plans/23370
변경,23370,23370,KT,moyo,[모요only] 쉐이크 LTE 15GB+/100분_CU,sms_count,100.0,100,https://www.moyoplan.com/plans/23370
변경,33517,33517,KT,moyo,TOP 7GB 기본 (다이소),discount_period_months,12.0,12,https://www.moyoplan.com/plans/33517
변경,18747,18747,KT,moyo,[모요only] 무제한 15GB+1M(밀리의서재 Free),discount_period_months,7.0,7,https://www.moyoplan.com/plans/18747
변경,18747,18747,KT,moyo,[모요only] 무제한 15GB+1M(밀리의서재 Free),voice_extra_minutes,300.0,300,https://www.moyoplan.com/plans/18747
변경,25271,25271,LGU+,moyo,USIM 스마트(100분/10GB+),discount_period_months,12.0,12,https://www.moyoplan.com/plans/25271
변경,25271,25271,LGU+,moyo,USIM 스마트(100분/10GB+),voice_minutes,100.0,100,https://www.moyoplan.com/plans/25271
변경,25271,25271,LGU+,moyo,USIM 스마트(100분/10GB+),sms_count,100.0,100,https://www.moyoplan.com/plans/25271
변경,33955,33955,KT,moyo,TOP 11GB 기본 (네이버페이),discount_period_months,7.0,7,https://www.moyoplan.com/plans/33955
변경,17273,17273,LGU+,moyo,티플포유(1G/100분),voice_minutes,100.0,100,https://www.moyoplan.com/plans/17273
변경,17273,17273,LGU+,moyo,티플포유(1G/100분),sms_count,100.0,100,https://www.moyoplan.com/plans/17273
변경,37092,37092,KT,moyo,[모요only] LTE 200분/ 10GB_12개월,discount_period_months,12.0,12,https://www.moyoplan.com/plans/37092
변경,37092,37092,KT,moyo,[모요only] LTE 200분/ 10GB_12개월,voice_minutes,200.0,200,https://www.moyoplan.com/plans/37092
변경,37092,37092,KT,moyo,[모요only] LTE 200분/ 10GB_12개월,sms_count,100.0,100,https://www.moyoplan.com/plans/37092
변경,28101,28101,KT,moyo,[모요only] [K] 핀다이렉트Z Max _PIN,discount_period_months,7.0,7,https://www.moyoplan.com/plans/28101
변경,35504,35504,LGU+,moyo,The 완전마음껏 100G+(다이소 매월 5000P),discount_period_months,24.0,24,https://www.moyoplan.com/plans/35504
변경,14757,14757,KT,moyo,모두 충분 11.0GB+(기프티쇼),voice_extra_minutes,300.0,300,https://www.moyoplan.com/plans/14757
변경,33953,33953,KT,moyo,TOP 11GB 기본 (올리브영),discount_period_months,7.0,7,https://www.moyoplan.com/plans/33953
변경,24195,24195,KT,moyo,5G200분/15GB,voice_minutes,200.0,200,https://www.moyoplan.com/plans/24195
변경,24195,24195,KT,moyo,5G200분/15GB,sms_count,100.0,100,https://www.moyoplan.com/plans/24195
변경,33948,33948,KT,moyo,TOP 15GB 100분 (다이소),discount_period_months,7.0,7,https://www.moyoplan.com/plans/33948
변경,33948,33948,KT,moyo,TOP 15GB 100분 (다이소),voice_minutes,100.0,100,https://www.moyoplan.com/plans/33948
변경,33948,33948,KT,moyo,TOP 15GB 100분 (다이소),sms_count,100.0,100,https://www.moyoplan.com/plans/33948
변경,30863,30863,KT,moyo,EG 5G평생 2.5GB,voice_minutes,100.0,100,https://www.moyoplan.com/plans/30863
변경,30863,30863,KT,moyo,EG 5G평생 2.5GB,sms_count,100.0,100,https://www.moyoplan.com/plans/30863
변경,26992,26992,LGU+,moyo,The 마음껏 매일5G+(다이소 매월 5000P),discount_period_months,24.0,24,https://www.moyoplan.com/plans/26992
변경,12281,12281,SKT,moyo,내맘대로S(200+1GB),discount_period_months,24.0,24,https://www.moyoplan.com/plans/12281
변경,12281,12281,SKT,moyo,내맘대로S(200+1GB),voice_minutes,200.0,200,https://www.moyoplan.com/plans/12281
변경,12281,12281,SKT,moyo,내맘대로S(200+1GB),sms_count,200.0,200,https://www.moyoplan.com/plans/12281
변경,13892,13892,LGU+,moyo,"[일반] 통화, 데이터 마음대로 11GB+",discount_period_months,12.0,12,https://www.moyoplan.com/plans/13892
변경,13892,13892,LGU+,moyo,"[일반] 통화, 데이터 마음대로 11GB+",voice_extra_minutes,300.0,300,https://www.moyoplan.com/plans/13892
변경,20104,20104,LGU+,moyo,"[일반] 통화, 데이터 마음대로 7GB+_24개월",discount_period_months,24.0,24,https://www.moyoplan.com/plans/20104
변경,20102,20102,LGU+,moyo,[일반] 데이터 마음대로 (15GB+/300분)_24개월,discount_period_months,24.0,24,https://www.moyoplan.com/plans/20102
변경,20102,20102,LGU+,moyo,[일반] 데이터 마음대로 (15GB+/300분)_24개월,voice_minutes,300.0,300,https://www.moyoplan.com/plans/20102
변경,20102,20102,LGU+,moyo,[일반] 데이터 마음대로 (15GB+/300분)_24개월,sms_count,300.0,300,https://www.moyoplan.com/plans/20102
변경,20323,20323,SKT,moyo,함께이야기해S(200분+10GB),discount_period_months,12.0,12,https://www.moyoplan.com/plans/20323
변경,20323,20323,SKT,moyo,함께이야기해S(200분+10GB),voice_minutes,200.0,200,https://www.moyoplan.com/plans/20323
변경,20323,20323,SKT,moyo,함께이야기해S(200분+10GB),sms_count,100.0,100,https://www.moyoplan.com/plans/20323
변경,31779,31779,LGU+,moyo,The 완전마음껏7G+(카톡 이모티콘+예스24e북),discount_period_months,24.0,24,https://www.moyoplan.com/plans/31779
변경,31460,31460,KT,moyo,모두 충분 11GB+(다이소_5000),voice_extra_minutes,300.0,300,https://www.moyoplan.com/plans/31460
변경,24431,24431,KT,moyo,완전마음껏 7GB＋＋(네이버페이 매월 5000P),discount_period_months,7.0,7,https://www.moyoplan.com/plans/24431
변경,35530,35530,KT,moyo,TOP 10GB 기본 (네이버페이),discount_period_months,7.0,7,https://www.moyoplan.com/plans/35530
변경,25336,25336,LGU+,moyo,5G 심플(350분+7GB),discount_period_months,6.0,6,https://www.moyoplan.com/plans/25336
변경,25336,25336,LGU+,moyo,5G 심플(350분+7GB),voice_minutes,350.0,350,https://www.moyoplan.com/plans/25336
변경,25336,25336,LGU+,moyo,5G 심플(350분+7GB),sms_count,100.0,100,https://www.moyoplan.com/plans/25336
변경,28152,28152,LGU+,moyo,[모요 전용] 데이터 마음대로 (15GB+/100분),discount_period_months,7.0,7,https://www.moyoplan.com/plans/28152
변경,28152,28152,LGU+,moyo,[모요 전용] 데이터 마음대로 (15GB+/100분),voice_minutes,100.0,100,https://www.moyoplan.com/plans/28152
변경,28152,28152,LGU+,moyo,[모요 전용] 데이터 마음대로 (15GB+/100분),sms_count,100.0,100,https://www.moyoplan.com/plans/28152
변경,34381,34381,LGU+,moyo,[모요only] 알찬 100분 15GB+3Mbps,discount_period_months,7.0,7,https://www.moyoplan.com/plans/34381
변경,34381,34381,LGU+,moyo,[모요only] 알찬 100분 15GB+3Mbps,voice_minutes,100.0,100,https://www.moyoplan.com/plans/34381
변경,34381,34381,LGU+,moyo,[모요only] 알찬 100분 15GB+3Mbps,sms_count,100.0,100,https://www.moyoplan.com/plans/34381
변경,29400,29400,KT,moyo,모두 충분 15GB+(올리브영_5000),voice_extra_minutes,300.0,300,https://www.moyoplan.com/plans/29400
변경,31745,31745,KT,moyo,USIM 스위트 5G망(100분/10GB),discount_period_months,6.0,6,https://www.moyoplan.com/plans/31745
변경,31745,31745,KT,moyo,USIM 스위트 5G망(100분/10GB),voice_minutes,100.0,100,https://www.moyoplan.com/plans/31745
변경,31745,31745,KT,moyo,USIM 스위트 5G망(100분/10GB),sms_count,100.0,100,https://www.moyoplan.com/plans/31745
변경,26287,26287,LGU+,moyo,[평생할인] 5G 125GB+/통화기본,voice_extra_minutes,300.0,300,https://www.moyoplan.com/plans/26287
변경,34901,34901,LGU+,moyo,The 데이터마음껏15G＋(100분)(스타벅스 매월 5000P),discount_period_months,24.0,24,https://www.moyoplan.com/plans/34901
변경,34901,34901,LGU+,moyo,The 데이터마음껏15G＋(100분)(스타벅스 매월 5000P),voice_minutes,100.0,100,https://www.moyoplan.com/plans/34901
변경,34901,34901,LGU+,moyo,The 데이터마음껏15G＋(100분)(스타벅스 매월 5000P),sms_count,100.0,100,https://www.moyoplan.com/plans/34901
변경,35871,35871,LGU+,moyo,[티머니 12만원] 1GB+/통화기본,voice_extra_minutes,110.0,110,https://www.moyoplan.com/plans/35871
변경,23966,23966,LGU+,moyo,Sugar(180분/9GB),voice_minutes,180.0,180,https://www.moyoplan.com/plans/23966
변경,23966,23966,LGU+,moyo,Sugar(180분/9GB),sms_count,150.0,150,https://www.moyoplan.com/plans/23966
변경,29031,29031,SKT,moyo,티플 올리브영 15GB+(100분)(매월 5000P),discount_period_months,7.0,7,https://www.moyoplan.com/plans/29031
변경,29031,29031,SKT,moyo,티플 올리브영 15GB+(100분)(매월 5000P),voice_minutes,100.0,100,https://www.moyoplan.com/plans/29031
변경,29031,29031,SKT,moyo,티플 올리브영 15GB+(100분)(매월 5000P),sms_count,100.0,100,https://www.moyoplan.com/plans/29031
변경,36689,36689,LGU+,moyo,[평생할인] 유심 5G 95GB+,voice_extra_minutes,300.0,300,https://www.moyoplan.com/plans/36689
변경,33089,33089,LGU+,moyo,The 마음껏 매일5G＋(올리브영 매월 5000P),discount_period_months,24.0,24,https://www.moyoplan.com/plans/33089
변경,31337,31337,LGU+,moyo,The 완전마음껏15G+(100분)(컬쳐랜드 문화상품권 매월 5000P),discount_period_months,24.0,24,https://www.moyoplan.com/plans/31337
변경,31337,31337,LGU+,moyo,The 완전마음껏15G+(100분)(컬쳐랜드 문화상품권 매월 5000P),voice_minutes,100.0,100,https://www.moyoplan.com/plans/31337
변경,31337,31337,LGU+,moyo,The 완전마음껏15G+(100분)(컬쳐랜드 문화상품권 매월 5000P),sms_count,100.0,100,https://www.moyoplan.com/plans/31337
변경,35802,35802,KT,moyo,[5G]EG 무제한 110GB+5(올영5000원),discount_period_months,7.0,7,https://www.moyoplan.com/plans/35802
변경,35802,35802,KT,moyo,[5G]EG 무제한 110GB+5(올영5000원),voice_extra_minutes,300.0,300,https://www.moyoplan.com/plans/35802
변경,29082,29082,SKT,moyo,함께이야기해S 무한 10GB,discount_period_months,12.0,12,https://www.moyoplan.com/plans/29082
변경,29035,29035,SKT,moyo,5G 음성무제한 20GB,voice_extra_minutes,30.0,30,https://www.moyoplan.com/plans/29035
변경,29035,29035,SKT,moyo,5G 음성무제한 20GB,sms_count,200.0,200,https://www.moyoplan.com/plans/29035
변경,32020,32020,LGU+,moyo,이지 더 오래쓰는 무제한 7G+1,discount_period_months,24.0,24,https://www.moyoplan.com/plans/32020
변경,13976,13976,SKT,moyo,함께이야기해S(100분+20GB),discount_period_months,12.0,12,https://www.moyoplan.com/plans/13976
변경,13976,13976,SKT,moyo,함께이야기해S(100분+20GB),voice_minutes,100.0,100,https://www.moyoplan.com/plans/13976
변경,13976,13976,SKT,moyo,함께이야기해S(100분+20GB),sms_count,200.0,200,https://www.moyoplan.com/plans/13976
변경,27455,27455,LGU+,moyo,Sugar 데이터많이 15GB+300분,discount_period_months,24.0,24,https://www.moyoplan.com/plans/27455
변경,27455,27455,LGU+,moyo,Sugar 데이터많이 15GB+300분,voice_minutes,300.0,300,https://www.moyoplan.com/plans/27455
변경,27455,27455,LGU+,moyo,Sugar 데이터많이 15GB+300분,sms_count,300.0,300,https://www.moyoplan.com/plans/27455
변경,11198,11198,LGU+,moyo,슬림 안심 유심 2.5GB 200분,discount_period_months,6.0,6,https://www.moyoplan.com/plans/11198
변경,11198,11198,LGU+,moyo,슬림 안심 유심 2.5GB 200분,voice_minutes,200.0,200,https://www.moyoplan.com/plans/11198
변경,11198,11198,LGU+,moyo,슬림 안심 유심 2.5GB 200분,sms_count,100.0,100,https://www.moyoplan.com/plans/11198
변경,36306,36306,LGU+,moyo,[평생할인] 데이터 마음대로 (10GB+/200분),voice_minutes,200.0,200,https://www.moyoplan.com/plans/36306
변경,36306,36306,LGU+,moyo,[평생할인] 데이터 마음대로 (10GB+/200분),sms_count,100.0,100,https://www.moyoplan.com/plans/36306
변경,25699,25699,KT,moyo,이야기K 데이터 15GB+(CU할인),discount_period_months,7.0,7,https://www.moyoplan.com/plans/25699
변경,25699,25699,KT,moyo,이야기K 데이터 15GB+(CU할인),voice_minutes,100.0,100,https://www.moyoplan.com/plans/25699
변경,25699,25699,KT,moyo,이야기K 데이터 15GB+(CU할인),sms_count,100.0,100,https://www.moyoplan.com/plans/25699
변경,29976,29976,KT,moyo,모두 충분 10GB+(다이소_5000),voice_extra_minutes,300.0,300,https://www.moyoplan.com/plans/29976
변경,14985,14985,KT,moyo,5G 모두 충분 110GB+,voice_extra_minutes,300.0,300,https://www.moyoplan.com/plans/14985
변경,25233,25233,SKT,moyo,스마일 100GB+,discount_period_months,7.0,7,https://www.moyoplan.com/plans/25233
변경,25233,25233,SKT,moyo,스마일 100GB+,voice_extra_minutes,300.0,300,https://www.moyoplan.com/plans/25233
변경,36254,36254,LGU+,moyo,티플 7G+_24개월할인,discount_period_months,24.0,24,https://www.moyoplan.com/plans/36254
변경,35513,35513,LGU+,moyo,5G 티플 5GB＋(통화기본),discounted_fee,10,900,https://www.moyoplan.com/plans/35513
변경,35513,35513,LGU+,moyo,5G 티플 5GB＋(통화기본),discount_period_months,7.0,6,https://www.moyoplan.com/plans/35513
변경,35513,35513,LGU+,moyo,5G 티플 5GB＋(통화기본),sms_count,100.0,100,https://www.moyoplan.com/plans/35513
변경,26269,26269,LGU+,moyo,[평생할인] 15GB+/180분,voice_minutes,180.0,180,https://www.moyoplan.com/plans/26269
변경,26269,26269,LGU+,moyo,[평생할인] 15GB+/180분,sms_count,100.0,100,https://www.moyoplan.com/plans/26269
변경,35528,35528,KT,moyo,TOP 10GB 기본 (올리브영),discount_period_months,7.0,7,https://www.moyoplan.com/plans/35528
변경,36244,36244,KT,moyo,TOP 7GB 기본 (쿠팡캐시),discount_period_months,12.0,12,https://www.moyoplan.com/plans/36244
변경,35529,35529,KT,moyo,TOP 10GB 기본 (다이소),discount_period_months,7.0,7,https://www.moyoplan.com/plans/35529
변경,10767,10767,KT,moyo,통화 충분 2.5GB,voice_extra_minutes,0.0,0,https://www.moyoplan.com/plans/10767
변경,26360,26360,LGU+,moyo,[평생할인] 데이터 마음대로 (15GB+/100분),voice_minutes,100.0,100,https://www.moyoplan.com/plans/26360
변경,26360,26360,LGU+,moyo,[평생할인] 데이터 마음대로 (15GB+/100분),sms_count,100.0,100,https://www.moyoplan.com/plans/26360
변경,13798,13798,LGU+,moyo,마블링 스탠다드 1GB+1Mbps,discount_period_months,6.0,6,https://www.moyoplan.com/plans/13798
변경,13798,13798,LGU+,moyo,마블링 스탠다드 1GB+1Mbps,voice_minutes,100.0,100,https://www.moyoplan.com/plans/13798
변경,13798,13798,LGU+,moyo,마블링 스탠다드 1GB+1Mbps,sms_count,100.0,100,https://www.moyoplan.com/plans/13798
변경,33516,33516,KT,moyo,TOP 7GB 기본 (올리브영),discount_period_months,12.0,12,https://www.moyoplan.com/plans/33516
변경,18642,18642,KT,moyo,모두 충분 11GB+(배달의 민족),voice_extra_minutes,300.0,300,https://www.moyoplan.com/plans/18642
변경,23447,23447,KT,moyo,데이터 충분 15GB+/300분(CU),voice_minutes,300.0,300,https://www.moyoplan.com/plans/23447
변경,23447,23447,KT,moyo,데이터 충분 15GB+/300분(CU),voice_extra_minutes,0.0,0,https://www.moyoplan.com/plans/23447
변경,23447,23447,KT,moyo,데이터 충분 15GB+/300분(CU),sms_count,300.0,300,https://www.moyoplan.com/plans/23447
변경,31822,31822,KT,moyo,데이터 충분 15GB+/100분(모아진),voice_minutes,100.0,100,https://www.moyoplan.com/plans/31822
변경,31822,31822,KT,moyo,데이터 충분 15GB+/100분(모아진),voice_extra_minutes,0.0,0,https://www.moyoplan.com/plans/31822
변경,31822,31822,KT,moyo,데이터 충분 15GB+/100분(모아진),sms_count,100.0,100,https://www.moyoplan.com/plans/31822
변경,11201,11201,LGU+,moyo,보편 안심 유심 5GB 100분,discount_period_months,6.0,6,https://www.moyoplan.com/plans/11201
변경,11201,11201,LGU+,moyo,보편 안심 유심 5GB 100분,voice_minutes,100.0,100,https://www.moyoplan.com/plans/11201
변경,11201,11201,LGU+,moyo,보편 안심 유심 5GB 100분,sms_count,100.0,100,https://www.moyoplan.com/plans/11201
변경,28092,28092,LGU+,moyo,스마트 7GB+ (24개월),discount_period_months,24.0,24,https://www.moyoplan.com/plans/28092
변경,31396,31396,LGU+,moyo,[L] 핀다이렉트Z 11GB+,discount_period_months,7.0,7,https://www.moyoplan.com/plans/31396
변경,31396,31396,LGU+,moyo,[L] 핀다이렉트Z 11GB+,voice_extra_minutes,300.0,300,https://www.moyoplan.com/plans/31396
변경,36339,36339,KT,moyo,가성비플러스(30GB/350분)_12개월할인,discount_period_months,12.0,12,https://www.moyoplan.com/plans/36339
변경,36339,36339,KT,moyo,가성비플러스(30GB/350분)_12개월할인,voice_minutes,350.0,350,https://www.moyoplan.com/plans/36339
변경,36339,36339,KT,moyo,가성비플러스(30GB/350분)_12개월할인,sms_count,100.0,100,https://www.moyoplan.com/plans/36339
변경,35441,35441,SKT,moyo,[S]올리브영100GB+,discount_period_months,7.0,7,https://www.moyoplan.com/plans/35441
변경,31738,31738,KT,moyo,USIM 스위트 심플(100분+5GB),discount_period_months,7.0,7,https://www.moyoplan.com/plans/31738
변경,31738,31738,KT,moyo,USIM 스위트 심플(100분+5GB),voice_minutes,100.0,100,https://www.moyoplan.com/plans/31738
변경,31738,31738,KT,moyo,USIM 스위트 심플(100분+5GB),sms_count,100.0,100,https://www.moyoplan.com/plans/31738
변경,33954,33954,KT,moyo,TOP 11GB 기본 (다이소),discount_period_months,7.0,7,https://www.moyoplan.com/plans/33954
변경,16287,16287,SKT,moyo,이야기 스탠다드S 11GB+,discount_period_months,7.0,7,https://www.moyoplan.com/plans/16287
변경,34917,34917,KT,moyo,ONE 5G 30GB 기본,discount_period_months,9.0,9,https://www.moyoplan.com/plans/34917
변경,27677,27677,SKT,moyo,티플 CGV 15GB＋(100분),discount_period_months,7.0,7,https://www.moyoplan.com/plans/27677
변경,27677,27677,SKT,moyo,티플 CGV 15GB＋(100분),voice_minutes,100.0,100,https://www.moyoplan.com/plans/27677
변경,27677,27677,SKT,moyo,티플 CGV 15GB＋(100분),sms_count,100.0,100,https://www.moyoplan.com/plans/27677
변경,36245,36245,KT,moyo,TOP 11GB 기본 (쿠팡캐시),discount_period_months,7.0,7,https://www.moyoplan.com/plans/36245
변경,30364,30364,KT,moyo,데이터통화안심 10GB+,sms_count,100.0,100,https://www.moyoplan.com/plans/30364
변경,26995,26995,LGU+,moyo,Sugar 매니아 10GB+1Mbps,discount_period_months,24.0,24,https://www.moyoplan.com/plans/26995
변경,10391,10391,LGU+,moyo,5G 유심 통화 맘편히 6GB,discount_period_months,6.0,6,https://www.moyoplan.com/plans/10391
변경,30859,30859,LGU+,moyo,이지 무한 15GB+1,discount_period_months,7.0,7,https://www.moyoplan.com/plans/30859
변경,30859,30859,LGU+,moyo,이지 무한 15GB+1,voice_extra_minutes,300.0,300,https://www.moyoplan.com/plans/30859
변경,26987,26987,LGU+,moyo,The 완전마음껏7G+(다이소 매월 5000P),discount_period_months,24.0,24,https://www.moyoplan.com/plans/26987
변경,36243,36243,KT,moyo,TOP 7GB 기본 (쿠팡캐시),discount_period_months,7.0,7,https://www.moyoplan.com/plans/36243
변경,36212,36212,LGU+,moyo,[평생할인] 데이터 마음대로 (4.5GB+/100분),voice_minutes,100.0,100,https://www.moyoplan.com/plans/36212
변경,36212,36212,LGU+,moyo,[평생할인] 데이터 마음대로 (4.5GB+/100분),sms_count,100.0,100,https://www.moyoplan.com/plans/36212
변경,8405,8405,SKT,moyo,내맘대로S(200+6GB),discount_period_months,24.0,24,https://www.moyoplan.com/plans/8405
변경,8405,8405,SKT,moyo,내맘대로S(200+6GB),voice_minutes,200.0,200,https://www.moyoplan.com/plans/8405
변경,8405,8405,SKT,moyo,내맘대로S(200+6GB),sms_count,200.0,200,https://www.moyoplan.com/plans/8405
변경,37428,37428,KT,moyo,5G 티플 200G＋(밀리의서재),discount_period_months,7.0,7,https://www.moyoplan.com/plans/37428
변경,26266,26266,LGU+,moyo,[평생할인] 5GB+/100분,voice_minutes,100.0,100,https://www.moyoplan.com/plans/26266
변경,26266,26266,LGU+,moyo,[평생할인] 5GB+/100분,sms_count,100.0,100,https://www.moyoplan.com/plans/26266
변경,18602,18602,KT,moyo,모두 충분 11GB+(웨이브),voice_extra_minutes,300.0,300,https://www.moyoplan.com/plans/18602
변경,29999,29999,LGU+,moyo,더중앙+모나_11G+일2G,discount_period_months,7.0,7,https://www.moyoplan.com/plans/29999
변경,29999,29999,LGU+,moyo,더중앙+모나_11G+일2G,voice_extra_minutes,300.0,300,https://www.moyoplan.com/plans/29999
변경,30882,30882,LGU+,moyo,[5G]이지 무제한 125GB+5M,discount_period_months,7.0,7,https://www.moyoplan.com/plans/30882
변경,30882,30882,LGU+,moyo,[5G]이지 무제한 125GB+5M,voice_extra_minutes,300.0,300,https://www.moyoplan.com/plans/30882
변경,13901,13901,LGU+,moyo,[일반] 데이터 마음대로 (15GB+/100분),discount_period_months,12.0,12,https://www.moyoplan.com/plans/13901
변경,13901,13901,LGU+,moyo,[일반] 데이터 마음대로 (15GB+/100분),voice_minutes,100.0,100,https://www.moyoplan.com/plans/13901
변경,13901,13901,LGU+,moyo,[일반] 데이터 마음대로 (15GB+/100분),sms_count,100.0,100,https://www.moyoplan.com/plans/13901
변경,18596,18596,KT,moyo,5G 모두 충분 70GB+(밀리의서재),voice_extra_minutes,300.0,300,https://www.moyoplan.com/plans/18596
변경,18991,18991,LGU+,moyo,[L] DIGITAL DETOX 5GB 챌린지,discount_period_months,12.0,12,https://www.moyoplan.com/plans/18991
변경,18991,18991,LGU+,moyo,[L] DIGITAL DETOX 5GB 챌린지,voice_minutes,100.0,100,https://www.moyoplan.com/plans/18991
변경,18991,18991,LGU+,moyo,[L] DIGITAL DETOX 5GB 챌린지,sms_count,100.0,100,https://www.moyoplan.com/plans/18991
변경,33039,33039,KT,moyo,EG 무제한 7G+1(NPAY3000),discount_period_months,7.0,7,https://www.moyoplan.com/plans/33039
변경,33039,33039,KT,moyo,EG 무제한 7G+1(NPAY3000),voice_extra_minutes,300.0,300,https://www.moyoplan.com/plans/33039
변경,12276,12276,SKT,moyo,내맘대로S(300+1GB),discount_period_months,24.0,24,https://www.moyoplan.com/plans/12276
변경,12276,12276,SKT,moyo,내맘대로S(300+1GB),voice_minutes,300.0,300,https://www.moyoplan.com/plans/12276
변경,12276,12276,SKT,moyo,내맘대로S(300+1GB),sms_count,300.0,300,https://www.moyoplan.com/plans/12276
변경,35792,35792,KT,moyo,EG 무제한 100GB+5(모아진),discount_period_months,7.0,7,https://www.moyoplan.com/plans/35792
변경,35792,35792,KT,moyo,EG 무제한 100GB+5(모아진),voice_extra_minutes,300.0,300,https://www.moyoplan.com/plans/35792
변경,23983,23983,KT,moyo,모두 충분 7GB+(Pay_3000),voice_extra_minutes,300.0,300,https://www.moyoplan.com/plans/23983
변경,26320,26320,LGU+,moyo,[일반] 유심 5G 95GB+,discount_period_months,12.0,12,https://www.moyoplan.com/plans/26320
변경,26320,26320,LGU+,moyo,[일반] 유심 5G 95GB+,voice_extra_minutes,300.0,300,https://www.moyoplan.com/plans/26320
변경,25227,25227,SKT,moyo,후후 스마일 11GB+,discount_period_months,7.0,7,https://www.moyoplan.com/plans/25227
변경,25227,25227,SKT,moyo,후후 스마일 11GB+,voice_extra_minutes,300.0,300,https://www.moyoplan.com/plans/25227
변경,18985,18985,LGU+,moyo,[L] 핀다이렉트e Xtra 1GB,discount_period_months,7.0,7,https://www.moyoplan.com/plans/18985
변경,18985,18985,LGU+,moyo,[L] 핀다이렉트e Xtra 1GB,voice_minutes,50.0,50,https://www.moyoplan.com/plans/18985
변경,18985,18985,LGU+,moyo,[L] 핀다이렉트e Xtra 1GB,sms_count,50.0,50,https://www.moyoplan.com/plans/18985
변경,19822,19822,KT,moyo,[모요only] 5G 무제한 110GB+5Mbps(밀리의서재)(모요Only),discount_period_months,12.0,12,https://www.moyoplan.com/plans/19822
변경,19822,19822,KT,moyo,[모요only] 5G 무제한 110GB+5Mbps(밀리의서재)(모요Only),voice_extra_minutes,300.0,300,https://www.moyoplan.com/plans/19822
변경,28093,28093,LGU+,moyo,스마트 10GB+ (24개월),discount_period_months,24.0,24,https://www.moyoplan.com/plans/28093
변경,24193,24193,KT,moyo,5G200분/7GB,voice_minutes,200.0,200,https://www.moyoplan.com/plans/24193
변경,24193,24193,KT,moyo,5G200분/7GB,sms_count,100.0,100,https://www.moyoplan.com/plans/24193
변경,26989,26989,LGU+,moyo,The 데이터마음껏15G+(100분)(다이소 매월 5000P),discount_period_months,24.0,24,https://www.moyoplan.com/plans/26989
변경,26989,26989,LGU+,moyo,The 데이터마음껏15G+(100분)(다이소 매월 5000P),voice_minutes,100.0,100,https://www.moyoplan.com/plans/26989
변경,26989,26989,LGU+,moyo,The 데이터마음껏15G+(100분)(다이소 매월 5000P),sms_count,100.0,100,https://www.moyoplan.com/plans/26989
변경,10769,10769,KT,moyo,모두 충분 11.0GB+(지니뮤직),voice_extra_minutes,300.0,300,https://www.moyoplan.com/plans/10769
변경,33962,33962,KT,moyo,TOP 5G 110GB 기본 (올리브영),discount_period_months,7.0,7,https://www.moyoplan.com/plans/33962
변경,23405,23405,LGU+,moyo,NA수다300데이터15GB+,discount_period_months,24.0,24,https://www.moyoplan.com/plans/23405
변경,23405,23405,LGU+,moyo,NA수다300데이터15GB+,voice_minutes,300.0,300,https://www.moyoplan.com/plans/23405
변경,23405,23405,LGU+,moyo,NA수다300데이터15GB+,sms_count,300.0,300,https://www.moyoplan.com/plans/23405
변경,33939,33939,KT,moyo,TOP 7GB 기본 (다이소),discount_period_months,7.0,7,https://www.moyoplan.com/plans/33939
변경,13978,13978,SKT,moyo,함께이야기해S(500분+20GB),voice_minutes,500.0,500,https://www.moyoplan.com/plans/13978
변경,13978,13978,SKT,moyo,함께이야기해S(500분+20GB),sms_count,200.0,200,https://www.moyoplan.com/plans/13978
변경,30009,30009,LGU+,moyo,[올리브영 12만원] 15GB+/300분,voice_minutes,300.0,300,https://www.moyoplan.com/plans/30009
변경,30009,30009,LGU+,moyo,[올리브영 12만원] 15GB+/300분,sms_count,300.0,300,https://www.moyoplan.com/plans/30009
변경,20384,20384,LGU+,moyo,[12개월]인스 유심 스트롱 15GB+,discount_period_months,12.0,12,https://www.moyoplan.com/plans/20384
변경,20384,20384,LGU+,moyo,[12개월]인스 유심 스트롱 15GB+,voice_minutes,100.0,100,https://www.moyoplan.com/plans/20384
변경,20384,20384,LGU+,moyo,[12개월]인스 유심 스트롱 15GB+,voice_extra_minutes,0.0,0,https://www.moyoplan.com/plans/20384
변경,20384,20384,LGU+,moyo,[12개월]인스 유심 스트롱 15GB+,sms_count,100.0,100,https://www.moyoplan.com/plans/20384
변경,33956,33956,KT,moyo,TOP 11GB 기본 (멜론),discount_period_months,7.0,7,https://www.moyoplan.com/plans/33956
변경,29020,29020,SKT,moyo,5G 음성무제한 8GB,voice_extra_minutes,30.0,30,https://www.moyoplan.com/plans/29020
변경,29020,29020,SKT,moyo,5G 음성무제한 8GB,sms_count,200.0,200,https://www.moyoplan.com/plans/29020
변경,33082,33082,KT,moyo,모두 충분 100GB+(지니뮤직),voice_extra_minutes,300.0,300,https://www.moyoplan.com/plans/33082
변경,35532,35532,KT,moyo,TOP 100GB 기본 (CU할인),discount_period_months,7.0,7,https://www.moyoplan.com/plans/35532
변경,35323,35323,LGU+,moyo,[모요only] 마블링 100분 15GB+,discount_period_months,12.0,12,https://www.moyoplan.com/plans/35323
변경,35323,35323,LGU+,moyo,[모요only] 마블링 100분 15GB+,voice_minutes,100.0,100,https://www.moyoplan.com/plans/35323
변경,35323,35323,LGU+,moyo,[모요only] 마블링 100분 15GB+,sms_count,100.0,100,https://www.moyoplan.com/plans/35323
변경,16288,16288,SKT,moyo,이야기 스페셜S 100GB+,discount_period_months,7.0,7,https://www.moyoplan.com/plans/16288
변경,10586,10586,KT,moyo,모두 충분 11GB+(왓챠),voice_extra_minutes,300.0,300,https://www.moyoplan.com/plans/10586
변경,10701,10701,SKT,moyo,이야기 300분+9GB(5G),voice_minutes,300.0,300,https://www.moyoplan.com/plans/10701
변경,10701,10701,SKT,moyo,이야기 300분+9GB(5G),sms_count,50.0,50,https://www.moyoplan.com/plans/10701
변경,29978,29978,KT,moyo,모두 충분 7GB+(다이소_5000),voice_extra_minutes,300.0,300,https://www.moyoplan.com/plans/29978
변경,33005,33005,KT,moyo,EG 무제한 71G+3(밀리의 서재),discount_period_months,7.0,7,https://www.moyoplan.com/plans/33005
변경,33005,33005,KT,moyo,EG 무제한 71G+3(밀리의 서재),voice_extra_minutes,300.0,300,https://www.moyoplan.com/plans/33005
변경,29018,29018,SKT,moyo,LTE 음성무제한 15GB,discount_period_months,7.0,7,https://www.moyoplan.com/plans/29018
변경,29018,29018,SKT,moyo,LTE 음성무제한 15GB,voice_extra_minutes,30.0,30,https://www.moyoplan.com/plans/29018
변경,29018,29018,SKT,moyo,LTE 음성무제한 15GB,sms_count,200.0,200,https://www.moyoplan.com/plans/29018
변경,17407,17407,KT,moyo,5G무제한 70GB+1Mbps,voice_extra_minutes,300.0,300,https://www.moyoplan.com/plans/17407
변경,26824,26824,KT,moyo,모두 충분 10GB+(밀리의서재),voice_extra_minutes,300.0,300,https://www.moyoplan.com/plans/26824
변경,34878,34878,LGU+,moyo,두해 300분15GB+,discount_period_months,24.0,24,https://www.moyoplan.com/plans/34878
변경,34878,34878,LGU+,moyo,두해 300분15GB+,voice_minutes,300.0,300,https://www.moyoplan.com/plans/34878
변경,34878,34878,LGU+,moyo,두해 300분15GB+,sms_count,300.0,300,https://www.moyoplan.com/plans/34878
변경,27295,27295,LGU+,moyo,[평생할인] 데이터 마음대로 (1GB+/300분),voice_minutes,300.0,300,https://www.moyoplan.com/plans/27295
변경,27295,27295,LGU+,moyo,[평생할인] 데이터 마음대로 (1GB+/300분),sms_count,100.0,100,https://www.moyoplan.com/plans/27295
변경,25222,25222,LGU+,moyo,USIM 스마트 (200분/5GB+),discount_period_months,12.0,12,https://www.moyoplan.com/plans/25222
변경,25222,25222,LGU+,moyo,USIM 스마트 (200분/5GB+),voice_minutes,200.0,200,https://www.moyoplan.com/plans/25222
변경,25222,25222,LGU+,moyo,USIM 스마트 (200분/5GB+),sms_count,100.0,100,https://www.moyoplan.com/plans/25222
변경,6065,6065,KT,moyo,모두 충분 2.5GB+,voice_extra_minutes,0.0,0,https://www.moyoplan.com/plans/6065
변경,35469,35469,SKT,moyo,[S]이디야 딥블루 100GB+,discount_period_months,7.0,7,https://www.moyoplan.com/plans/35469
변경,33080,33080,KT,moyo,데이터 충분 15GB+/100분(지니뮤직),voice_minutes,100.0,100,https://www.moyoplan.com/plans/33080
변경,33080,33080,KT,moyo,데이터 충분 15GB+/100분(지니뮤직),voice_extra_minutes,0.0,0,https://www.moyoplan.com/plans/33080
변경,33080,33080,KT,moyo,데이터 충분 15GB+/100분(지니뮤직),sms_count,100.0,100,https://www.moyoplan.com/plans/33080
변경,18613,18613,LGU+,moyo,[12개월]인스 유심 스트롱,discount_period_months,12.0,12,https://www.moyoplan.com/plans/18613
변경,34382,34382,KT,moyo,ONE 5G 5GB 100분,discount_period_months,6.0,6,https://www.moyoplan.com/plans/34382
변경,34382,34382,KT,moyo,ONE 5G 5GB 100분,voice_minutes,100.0,100,https://www.moyoplan.com/plans/34382
변경,34382,34382,KT,moyo,ONE 5G 5GB 100분,sms_count,100.0,100,https://www.moyoplan.com/plans/34382
변경,31743,31743,KT,moyo,USIM 스위트 (500분/10GB),discount_period_months,6.0,6,https://www.moyoplan.com/plans/31743
변경,31743,31743,KT,moyo,USIM 스위트 (500분/10GB),voice_minutes,500.0,500,https://www.moyoplan.com/plans/31743
변경,31743,31743,KT,moyo,USIM 스위트 (500분/10GB),sms_count,100.0,100,https://www.moyoplan.com/plans/31743
변경,29021,29021,SKT,moyo,LTE 음성무제한 20GB,discount_period_months,7.0,7,https://www.moyoplan.com/plans/29021
변경,29021,29021,SKT,moyo,LTE 음성무제한 20GB,voice_extra_minutes,30.0,30,https://www.moyoplan.com/plans/29021
변경,29021,29021,SKT,moyo,LTE 음성무제한 20GB,sms_count,200.0,200,https://www.moyoplan.com/plans/29021
변경,35825,35825,KT,moyo,TOP 5G 200GB 기본 (네이버페이),discount_period_months,12.0,12,https://www.moyoplan.com/plans/35825
변경,35825,35825,KT,moyo,TOP 5G 200GB 기본 (네이버페이),voice_extra_minutes,300.0,300,https://www.moyoplan.com/plans/35825
변경,31461,31461,KT,moyo,모두 충분 11GB+(올리브영_5000),voice_extra_minutes,300.0,300,https://www.moyoplan.com/plans/31461
변경,13427,13427,KT,moyo,웨어러블 Watch,voice_minutes,50.0,50,https://www.moyoplan.com/plans/13427
변경,13427,13427,KT,moyo,웨어러블 Watch,voice_extra_minutes,0.0,0,https://www.moyoplan.com/plans/13427
변경,13427,13427,KT,moyo,웨어러블 Watch,sms_count,250.0,250,https://www.moyoplan.com/plans/13427
변경,36250,36250,KT,moyo,TOP 5G 200GB 기본 (쿠팡캐시),discount_period_months,12.0,12,https://www.moyoplan.com/plans/36250
변경,36250,36250,KT,moyo,TOP 5G 200GB 기본 (쿠팡캐시),voice_extra_minutes,300.0,300,https://www.moyoplan.com/plans/36250
변경,26293,26293,LGU+,moyo,[평생할인] 5G 5GB/통화기본,voice_extra_minutes,50.0,50,https://www.moyoplan.com/plans/26293
변경,14983,14983,KT,moyo,5G 통화 충분 20GB,voice_extra_minutes,30.0,30,https://www.moyoplan.com/plans/14983
변경,18238,18238,KT,moyo,고고100분/1GB-데이터소진후 자동차단,voice_minutes,100.0,100,https://www.moyoplan.com/plans/18238
변경,18238,18238,KT,moyo,고고100분/1GB-데이터소진후 자동차단,sms_count,100.0,100,https://www.moyoplan.com/plans/18238
변경,26823,26823,KT,moyo,모두 충분 10GB+,voice_extra_minutes,30.0,30,https://www.moyoplan.com/plans/26823
변경,16267,16267,KT,moyo,5G 모두 충분 70GB+,voice_extra_minutes,300.0,300,https://www.moyoplan.com/plans/16267
변경,13287,13287,LGU+,moyo,[평생할인]실속 300분+3GB(USIM),voice_minutes,300.0,300,https://www.moyoplan.com/plans/13287
변경,13287,13287,LGU+,moyo,[평생할인]실속 300분+3GB(USIM),sms_count,100.0,100,https://www.moyoplan.com/plans/13287
변경,15069,15069,LGU+,moyo,이야기 스페셜 매일5GB+,discount_period_months,7.0,7,https://www.moyoplan.com/plans/15069
변경,32414,32414,KT,moyo,EG 무제한 11G+3(매월 배민5000P),discount_period_months,7.0,7,https://www.moyoplan.com/plans/32414
변경,32414,32414,KT,moyo,EG 무제한 11G+3(매월 배민5000P),voice_extra_minutes,300.0,300,https://www.moyoplan.com/plans/32414
변경,26359,26359,LGU+,moyo,[평생할인] 데이터 마음대로 (15GB+/300분),voice_minutes,300.0,300,https://www.moyoplan.com/plans/26359
변경,26359,26359,LGU+,moyo,[평생할인] 데이터 마음대로 (15GB+/300분),sms_count,300.0,300,https://www.moyoplan.com/plans/26359
변경,23741,23741,KT,moyo,완전마음껏 11GB＋＋(네이버페이 매월 5000P),discount_period_months,7.0,7,https://www.moyoplan.com/plans/23741
변경,35801,35801,KT,moyo,EG 무제한 11GB+3(올영5000원),discount_period_months,7.0,7,https://www.moyoplan.com/plans/35801
변경,35801,35801,KT,moyo,EG 무제한 11GB+3(올영5000원),voice_extra_minutes,300.0,300,https://www.moyoplan.com/plans/35801
변경,33512,33512,LGU+,moyo,실속데이터 250분 10GB,discount_period_months,12.0,12,https://www.moyoplan.com/plans/33512
변경,33512,33512,LGU+,moyo,실속데이터 250분 10GB,voice_minutes,250.0,250,https://www.moyoplan.com/plans/33512
변경,33512,33512,LGU+,moyo,실속데이터 250분 10GB,sms_count,100.0,100,https://www.moyoplan.com/plans/33512
변경,30875,30875,KT,moyo,EG 5G프리미엄 200G+,discount_period_months,7.0,7,https://www.moyoplan.com/plans/30875
변경,30875,30875,KT,moyo,EG 5G프리미엄 200G+,voice_extra_minutes,300.0,300,https://www.moyoplan.com/plans/30875
변경,30862,30862,LGU+,moyo,이지 15G(300)+,discount_period_months,7.0,7,https://www.moyoplan.com/plans/30862
변경,30862,30862,LGU+,moyo,이지 15G(300)+,voice_minutes,300.0,300,https://www.moyoplan.com/plans/30862
변경,30862,30862,LGU+,moyo,이지 15G(300)+,sms_count,300.0,300,https://www.moyoplan.com/plans/30862
변경,6793,6793,LGU+,moyo,보편 안심 유심 5GB 200분,discount_period_months,6.0,6,https://www.moyoplan.com/plans/6793
변경,6793,6793,LGU+,moyo,보편 안심 유심 5GB 200분,voice_minutes,200.0,200,https://www.moyoplan.com/plans/6793
변경,6793,6793,LGU+,moyo,보편 안심 유심 5GB 200분,sms_count,100.0,100,https://www.moyoplan.com/plans/6793
변경,12274,12274,SKT,moyo,내맘대로S(100+1GB),discount_period_months,4.0,4,https://www.moyoplan.com/plans/12274
변경,12274,12274,SKT,moyo,내맘대로S(100+1GB),voice_minutes,100.0,100,https://www.moyoplan.com/plans/12274
변경,12274,12274,SKT,moyo,내맘대로S(100+1GB),sms_count,100.0,100,https://www.moyoplan.com/plans/12274
변경,13907,13907,LGU+,moyo,[일반] 유심 5G 150GB+,discount_period_months,12.0,12,https://www.moyoplan.com/plans/13907
변경,13907,13907,LGU+,moyo,[일반] 유심 5G 150GB+,voice_extra_minutes,300.0,300,https://www.moyoplan.com/plans/13907
변경,15371,15371,LGU+,moyo,[평생할인]인스 유심 음성 60분+500MB,voice_minutes,60.0,60,https://www.moyoplan.com/plans/15371
변경,15371,15371,LGU+,moyo,[평생할인]인스 유심 음성 60분+500MB,sms_count,50.0,50,https://www.moyoplan.com/plans/15371
변경,36247,36247,KT,moyo,TOP 100GB 기본 (쿠팡캐시),discount_period_months,7.0,7,https://www.moyoplan.com/plans/36247
변경,31746,31746,KT,moyo,USIM 스위트 5G망(500분/10GB),discount_period_months,6.0,6,https://www.moyoplan.com/plans/31746
변경,31746,31746,KT,moyo,USIM 스위트 5G망(500분/10GB),voice_minutes,500.0,500,https://www.moyoplan.com/plans/31746
변경,31746,31746,KT,moyo,USIM 스위트 5G망(500분/10GB),sms_count,100.0,100,https://www.moyoplan.com/plans/31746
변경,35322,35322,LGU+,moyo,[모요only] 마블링 무제한 7GB+,discount_period_months,12.0,12,https://www.moyoplan.com/plans/35322
변경,35322,35322,LGU+,moyo,[모요only] 마블링 무제한 7GB+,voice_extra_minutes,300.0,300,https://www.moyoplan.com/plans/35322
변경,30871,30871,LGU+,moyo,[5G]이지 평생 2.5GB,voice_minutes,200.0,200,https://www.moyoplan.com/plans/30871
변경,30871,30871,LGU+,moyo,[5G]이지 평생 2.5GB,sms_count,100.0,100,https://www.moyoplan.com/plans/30871
변경,32513,32513,KT,moyo,데이터 충분 15GB+/100분(웨이브),voice_minutes,100.0,100,https://www.moyoplan.com/plans/32513
변경,32513,32513,KT,moyo,데이터 충분 15GB+/100분(웨이브),voice_extra_minutes,0.0,0,https://www.moyoplan.com/plans/32513
변경,32513,32513,KT,moyo,데이터 충분 15GB+/100분(웨이브),sms_count,100.0,100,https://www.moyoplan.com/plans/32513
변경,33534,33534,KT,moyo,TOP 5G 110GB 기본 (밀리의서재),discount_period_months,12.0,12,https://www.moyoplan.com/plans/33534
변경,33534,33534,KT,moyo,TOP 5G 110GB 기본 (밀리의서재),voice_extra_minutes,300.0,300,https://www.moyoplan.com/plans/33534
변경,12282,12282,SKT,moyo,내맘대로S(200+2GB),discount_period_months,24.0,24,https://www.moyoplan.com/plans/12282
변경,12282,12282,SKT,moyo,내맘대로S(200+2GB),voice_minutes,200.0,200,https://www.moyoplan.com/plans/12282
변경,12282,12282,SKT,moyo,내맘대로S(200+2GB),sms_count,50.0,50,https://www.moyoplan.com/plans/12282
변경,32417,32417,KT,moyo,EG 무제한 100G+5(매월 Npay5000P),discount_period_months,7.0,7,https://www.moyoplan.com/plans/32417
변경,32417,32417,KT,moyo,EG 무제한 100G+5(매월 Npay5000P),voice_extra_minutes,300.0,300,https://www.moyoplan.com/plans/32417
변경,25698,25698,KT,moyo,이야기K 데이터 15GB+(밀리의서재),discount_period_months,7.0,7,https://www.moyoplan.com/plans/25698
변경,25698,25698,KT,moyo,이야기K 데이터 15GB+(밀리의서재),voice_minutes,100.0,100,https://www.moyoplan.com/plans/25698
변경,25698,25698,KT,moyo,이야기K 데이터 15GB+(밀리의서재),sms_count,100.0,100,https://www.moyoplan.com/plans/25698
변경,13899,13899,LGU+,moyo,[모빌카드 스페셜] 데이터 마음대로 (15GB+/300분),discount_period_months,7.0,7,https://www.moyoplan.com/plans/13899
변경,13899,13899,LGU+,moyo,[모빌카드 스페셜] 데이터 마음대로 (15GB+/300분),voice_minutes,300.0,300,https://www.moyoplan.com/plans/13899
변경,13899,13899,LGU+,moyo,[모빌카드 스페셜] 데이터 마음대로 (15GB+/300분),sms_count,300.0,300,https://www.moyoplan.com/plans/13899
변경,20738,20738,SKT,moyo,티플 8GB(8GB/300분)_평생요금,voice_minutes,300.0,300,https://www.moyoplan.com/plans/20738
변경,20738,20738,SKT,moyo,티플 8GB(8GB/300분)_평생요금,sms_count,100.0,100,https://www.moyoplan.com/plans/20738
변경,36214,36214,LGU+,moyo,[평생할인] 데이터 마음대로 (6GB+/200분),voice_minutes,200.0,200,https://www.moyoplan.com/plans/36214
변경,36214,36214,LGU+,moyo,[평생할인] 데이터 마음대로 (6GB+/200분),sms_count,100.0,100,https://www.moyoplan.com/plans/36214
변경,33960,33960,KT,moyo,TOP 100GB 기본 (네이버페이),discount_period_months,7.0,7,https://www.moyoplan.com/plans/33960
변경,23782,23782,KT,moyo,티플 10GB(10GB/0분),voice_minutes,0.0,0,https://www.moyoplan.com/plans/23782
변경,23782,23782,KT,moyo,티플 10GB(10GB/0분),sms_count,0.0,0,https://www.moyoplan.com/plans/23782
변경,33959,33959,KT,moyo,TOP 100GB 기본 (다이소),discount_period_months,7.0,7,https://www.moyoplan.com/plans/33959
변경,30870,30870,KT,moyo,EG 5G 심플 90GB+,discount_period_months,12.0,12,https://www.moyoplan.com/plans/30870
변경,30870,30870,KT,moyo,EG 5G 심플 90GB+,voice_extra_minutes,300.0,300,https://www.moyoplan.com/plans/30870
변경,33949,33949,KT,moyo,TOP 15GB 300분 (CU할인),discount_period_months,7.0,7,https://www.moyoplan.com/plans/33949
변경,33949,33949,KT,moyo,TOP 15GB 300분 (CU할인),voice_minutes,300.0,300,https://www.moyoplan.com/plans/33949
변경,33949,33949,KT,moyo,TOP 15GB 300분 (CU할인),sms_count,300.0,300,https://www.moyoplan.com/plans/33949
변경,35863,35863,LGU+,moyo,티플온 15G＋(100분),discount_period_months,7.0,7,https://www.moyoplan.com/plans/35863
변경,35863,35863,LGU+,moyo,티플온 15G＋(100분),voice_minutes,100.0,100,https://www.moyoplan.com/plans/35863
변경,35863,35863,LGU+,moyo,티플온 15G＋(100분),sms_count,100.0,100,https://www.moyoplan.com/plans/35863
변경,22901,22901,LGU+,moyo,[일반] 실속 (7GB/100분),discount_period_months,6.0,6,https://www.moyoplan.com/plans/22901
변경,22901,22901,LGU+,moyo,[일반] 실속 (7GB/100분),voice_minutes,100.0,100,https://www.moyoplan.com/plans/22901
변경,22901,22901,LGU+,moyo,[일반] 실속 (7GB/100분),sms_count,100.0,100,https://www.moyoplan.com/plans/22901
변경,26258,26258,LGU+,moyo,[평생할인] 10GB+/통화기본,voice_extra_minutes,300.0,300,https://www.moyoplan.com/plans/26258
변경,6828,6828,LGU+,moyo,DATA 걱정없는 유심 4.5GB,discount_period_months,6.0,6,https://www.moyoplan.com/plans/6828
변경,23743,23743,LGU+,moyo,[일반] 실속 (7GB/300분),discount_period_months,6.0,6,https://www.moyoplan.com/plans/23743
변경,23743,23743,LGU+,moyo,[일반] 실속 (7GB/300분),voice_minutes,300.0,300,https://www.moyoplan.com/plans/23743
변경,23743,23743,LGU+,moyo,[일반] 실속 (7GB/300분),sms_count,100.0,100,https://www.moyoplan.com/plans/23743
변경,35790,35790,KT,moyo,EG 데이터 15GB+3/100분(모아진),discount_period_months,7.0,7,https://www.moyoplan.com/plans/35790
변경,35790,35790,KT,moyo,EG 데이터 15GB+3/100분(모아진),voice_minutes,100.0,100,https://www.moyoplan.com/plans/35790
변경,35790,35790,KT,moyo,EG 데이터 15GB+3/100분(모아진),sms_count,100.0,100,https://www.moyoplan.com/plans/35790
변경,31782,31782,LGU+,moyo,The 완전마음껏15G+(300분)(카톡 이모티콘+예스24e북),discount_period_months,24.0,24,https://www.moyoplan.com/plans/31782
변경,31782,31782,LGU+,moyo,The 완전마음껏15G+(300분)(카톡 이모티콘+예스24e북),voice_minutes,300.0,300,https://www.moyoplan.com/plans/31782
변경,31782,31782,LGU+,moyo,The 완전마음껏15G+(300분)(카톡 이모티콘+예스24e북),sms_count,300.0,300,https://www.moyoplan.com/plans/31782
변경,31338,31338,LGU+,moyo,The 완전마음껏15G+(300분)(컬쳐랜드 문화상품권 매월 5000P),discount_period_months,24.0,24,https://www.moyoplan.com/plans/31338
변경,31338,31338,LGU+,moyo,The 완전마음껏15G+(300분)(컬쳐랜드 문화상품권 매월 5000P),voice_minutes,300.0,300,https://www.moyoplan.com/plans/31338
변경,31338,31338,LGU+,moyo,The 완전마음껏15G+(300분)(컬쳐랜드 문화상품권 매월 5000P),sms_count,300.0,300,https://www.moyoplan.com/plans/31338
변경,37431,37431,SKT,moyo,LTE 300분/10GB_모요,discount_period_months,7.0,7,https://www.moyoplan.com/plans/37431
변경,37431,37431,SKT,moyo,LTE 300분/10GB_모요,voice_minutes,300.0,300,https://www.moyoplan.com/plans/37431
변경,37431,37431,SKT,moyo,LTE 300분/10GB_모요,sms_count,100.0,100,https://www.moyoplan.com/plans/37431
변경,13891,13891,LGU+,moyo,"[일반] 통화, 데이터 마음대로 7GB+",discount_period_months,12.0,12,https://www.moyoplan.com/plans/13891
변경,13891,13891,LGU+,moyo,"[일반] 통화, 데이터 마음대로 7GB+",voice_extra_minutes,300.0,300,https://www.moyoplan.com/plans/13891
변경,35431,35431,KT,moyo,[K]CU&롯시 100GB+,discount_period_months,7.0,7,https://www.moyoplan.com/plans/35431
변경,34902,34902,LGU+,moyo,The 데이터마음껏15G＋(300분)(스타벅스 매월 5000P),discount_period_months,24.0,24,https://www.moyoplan.com/plans/34902
변경,34902,34902,LGU+,moyo,The 데이터마음껏15G＋(300분)(스타벅스 매월 5000P),voice_minutes,300.0,300,https://www.moyoplan.com/plans/34902
변경,34902,34902,LGU+,moyo,The 데이터마음껏15G＋(300분)(스타벅스 매월 5000P),sms_count,300.0,300,https://www.moyoplan.com/plans/34902
변경,31781,31781,LGU+,moyo,The 완전마음껏15G+(100분)(카톡 이모티콘+예스24e북),discount_period_months,24.0,24,https://www.moyoplan.com/plans/31781
변경,31781,31781,LGU+,moyo,The 완전마음껏15G+(100분)(카톡 이모티콘+예스24e북),voice_minutes,100.0,100,https://www.moyoplan.com/plans/31781
변경,31781,31781,LGU+,moyo,The 완전마음껏15G+(100분)(카톡 이모티콘+예스24e북),sms_count,100.0,100,https://www.moyoplan.com/plans/31781
변경,25839,25839,KT,moyo,모두 충분 11GB+(멜론뮤직),voice_extra_minutes,300.0,300,https://www.moyoplan.com/plans/25839
변경,13980,13980,SKT,moyo,함께이야기해S(100분+30GB),voice_minutes,100.0,100,https://www.moyoplan.com/plans/13980
변경,13980,13980,SKT,moyo,함께이야기해S(100분+30GB),sms_count,300.0,300,https://www.moyoplan.com/plans/13980
변경,31045,31045,SKT,moyo,티플 15GB+(100분)(이디야커피),discount_period_months,7.0,7,https://www.moyoplan.com/plans/31045
변경,31045,31045,SKT,moyo,티플 15GB+(100분)(이디야커피),voice_minutes,100.0,100,https://www.moyoplan.com/plans/31045
변경,31045,31045,SKT,moyo,티플 15GB+(100분)(이디야커피),sms_count,100.0,100,https://www.moyoplan.com/plans/31045
변경,16772,16772,LGU+,moyo,[일반] 평생 반값 할인 (1GB/50분),voice_minutes,50.0,50,https://www.moyoplan.com/plans/16772
변경,16772,16772,LGU+,moyo,[일반] 평생 반값 할인 (1GB/50분),sms_count,0.0,0,https://www.moyoplan.com/plans/16772
변경,16842,16842,KT,moyo,이야기K 데이터 11GB+(지니뮤직),discount_period_months,7.0,7,https://www.moyoplan.com/plans/16842
변경,26279,26279,LGU+,moyo,[평생할인] 5GB/300분,voice_minutes,300.0,300,https://www.moyoplan.com/plans/26279
변경,26279,26279,LGU+,moyo,[평생할인] 5GB/300분,sms_count,100.0,100,https://www.moyoplan.com/plans/26279
변경,34899,34899,LGU+,moyo,The 완전마음껏7G＋(스타벅스 매월 5000P),discount_period_months,24.0,24,https://www.moyoplan.com/plans/34899
변경,33086,33086,LGU+,moyo,The 데이터마음껏15G＋(100분)(올리브영 매월 5000P),discount_period_months,24.0,24,https://www.moyoplan.com/plans/33086
변경,33086,33086,LGU+,moyo,The 데이터마음껏15G＋(100분)(올리브영 매월 5000P),voice_minutes,100.0,100,https://www.moyoplan.com/plans/33086
변경,33086,33086,LGU+,moyo,The 데이터마음껏15G＋(100분)(올리브영 매월 5000P),sms_count,100.0,100,https://www.moyoplan.com/plans/33086
변경,31334,31334,LGU+,moyo,The 완전마음껏7G+(컬쳐랜드 문화상품권 매월 5000P),discount_period_months,24.0,24,https://www.moyoplan.com/plans/31334
변경,33040,33040,KT,moyo,EG 무제한 10G+1(밀리의 서재),discount_period_months,7.0,7,https://www.moyoplan.com/plans/33040
변경,33040,33040,KT,moyo,EG 무제한 10G+1(밀리의 서재),voice_extra_minutes,300.0,300,https://www.moyoplan.com/plans/33040
변경,13903,13903,LGU+,moyo,"[일반] 통화, 데이터 마음대로 Pro",discount_period_months,12.0,12,https://www.moyoplan.com/plans/13903
변경,30867,30867,KT,moyo,EG 5G 심플 50GB+,discount_period_months,12.0,12,https://www.moyoplan.com/plans/30867
변경,30867,30867,KT,moyo,EG 5G 심플 50GB+,voice_extra_minutes,300.0,300,https://www.moyoplan.com/plans/30867
변경,27750,27750,LGU+,moyo,시월 무제한 15GB+1Mbps,discount_period_months,7.0,7,https://www.moyoplan.com/plans/27750
변경,24716,24716,LGU+,moyo,교보문고 북 플러스알파 4.5GB+,voice_extra_minutes,300.0,300,https://www.moyoplan.com/plans/24716
변경,23403,23403,LGU+,moyo,NA알뜰7GB+1Mbps,discount_period_months,12.0,12,https://www.moyoplan.com/plans/23403
변경,26256,26256,LGU+,moyo,[평생할인] 4.5GB+/통화기본,voice_extra_minutes,300.0,300,https://www.moyoplan.com/plans/26256
변경,29929,29929,LGU+,moyo,[KG모바일 스페셜] 데이터 마음대로 (15GB+/300분),discount_period_months,7.0,7,https://www.moyoplan.com/plans/29929
변경,29929,29929,LGU+,moyo,[KG모바일 스페셜] 데이터 마음대로 (15GB+/300분),voice_minutes,300.0,300,https://www.moyoplan.com/plans/29929
변경,29929,29929,LGU+,moyo,[KG모바일 스페셜] 데이터 마음대로 (15GB+/300분),sms_count,300.0,300,https://www.moyoplan.com/plans/29929
변경,10768,10768,KT,moyo,통화 충분 4.5GB,voice_extra_minutes,0.0,0,https://www.moyoplan.com/plans/10768
변경,32419,32419,KT,moyo,모두 충분 10GB+(모아진),voice_extra_minutes,300.0,300,https://www.moyoplan.com/plans/32419
변경,23448,23448,KT,moyo,모두 충분 10GB+(CU),voice_extra_minutes,300.0,300,https://www.moyoplan.com/plans/23448
변경,16285,16285,SKT,moyo,이야기 스탠다드S 100분15GB+,discount_period_months,7.0,7,https://www.moyoplan.com/plans/16285
변경,16285,16285,SKT,moyo,이야기 스탠다드S 100분15GB+,voice_minutes,100.0,100,https://www.moyoplan.com/plans/16285
변경,16285,16285,SKT,moyo,이야기 스탠다드S 100분15GB+,sms_count,100.0,100,https://www.moyoplan.com/plans/16285
변경,16269,16269,KT,moyo,5G 모두 충분 200GB+,voice_extra_minutes,300.0,300,https://www.moyoplan.com/plans/16269
변경,35277,35277,SKT,moyo,티플북 15G+(100분)(도서문화상품권 매월 5000P),discount_period_months,7.0,7,https://www.moyoplan.com/plans/35277
변경,35277,35277,SKT,moyo,티플북 15G+(100분)(도서문화상품권 매월 5000P),voice_minutes,100.0,100,https://www.moyoplan.com/plans/35277
변경,35277,35277,SKT,moyo,티플북 15G+(100분)(도서문화상품권 매월 5000P),sms_count,100.0,100,https://www.moyoplan.com/plans/35277
변경,32512,32512,KT,moyo,데이터 충분 15GB+/100분(Pay_5000),voice_minutes,100.0,100,https://www.moyoplan.com/plans/32512
변경,32512,32512,KT,moyo,데이터 충분 15GB+/100분(Pay_5000),voice_extra_minutes,0.0,0,https://www.moyoplan.com/plans/32512
변경,32512,32512,KT,moyo,데이터 충분 15GB+/100분(Pay_5000),sms_count,100.0,100,https://www.moyoplan.com/plans/32512
변경,34357,34357,LGU+,moyo,[모요only] [모요핫딜] 스마트 100GB+,discount_period_months,7.0,7,https://www.moyoplan.com/plans/34357
변경,34357,34357,LGU+,moyo,[모요only] [모요핫딜] 스마트 100GB+,voice_extra_minutes,300.0,300,https://www.moyoplan.com/plans/34357
변경,36251,36251,LGU+,moyo,스마트 5G망 150GB+,discount_period_months,24.0,24,https://www.moyoplan.com/plans/36251
변경,36251,36251,LGU+,moyo,스마트 5G망 150GB+,voice_extra_minutes,300.0,300,https://www.moyoplan.com/plans/36251
변경,8140,8140,LGU+,moyo,내맘대로 (50분+500MB),discount_period_months,12.0,12,https://www.moyoplan.com/plans/8140
변경,8140,8140,LGU+,moyo,내맘대로 (50분+500MB),voice_minutes,50.0,50,https://www.moyoplan.com/plans/8140
변경,8140,8140,LGU+,moyo,내맘대로 (50분+500MB),sms_count,50.0,50,https://www.moyoplan.com/plans/8140
변경,23032,23032,LGU+,moyo,[24개월] 인스 유심 올프리 7GB+,discount_period_months,24.0,24,https://www.moyoplan.com/plans/23032
변경,23032,23032,LGU+,moyo,[24개월] 인스 유심 올프리 7GB+,voice_extra_minutes,300.0,300,https://www.moyoplan.com/plans/23032
변경,27355,27355,LGU+,moyo,[L]5G 데이터125GB+5Mbps,discount_period_months,24.0,24,https://www.moyoplan.com/plans/27355
변경,30878,30878,KT,moyo,EG 5G프리미엄 지니 200G+(지니뮤직),discount_period_months,12.0,12,https://www.moyoplan.com/plans/30878
변경,30878,30878,KT,moyo,EG 5G프리미엄 지니 200G+(지니뮤직),voice_extra_minutes,300.0,300,https://www.moyoplan.com/plans/30878
변경,34906,34906,SKT,moyo,통화안심 5GB_평생요금,sms_count,100.0,100,https://www.moyoplan.com/plans/34906
변경,35886,35886,SKT,moyo,티플 15G＋(100분)(CU멤버십＋매월 5000P),discount_period_months,7.0,7,https://www.moyoplan.com/plans/35886
변경,35886,35886,SKT,moyo,티플 15G＋(100분)(CU멤버십＋매월 5000P),voice_minutes,100.0,100,https://www.moyoplan.com/plans/35886
변경,35886,35886,SKT,moyo,티플 15G＋(100분)(CU멤버십＋매월 5000P),sms_count,100.0,100,https://www.moyoplan.com/plans/35886
변경,30911,30911,KT,moyo,EG 무제한 100G+5(웨이브),discount_period_months,7.0,7,https://www.moyoplan.com/plans/30911
변경,30911,30911,KT,moyo,EG 무제한 100G+5(웨이브),voice_extra_minutes,300.0,300,https://www.moyoplan.com/plans/30911
변경,23577,23577,KT,moyo,KT 11GB+ (CU 매월 20%+올리브영 매월 5천원 상품권!),discount_period_months,7.0,7,https://www.moyoplan.com/plans/23577
변경,25215,25215,SKT,moyo,후후 스마일 100GB+,discount_period_months,7.0,7,https://www.moyoplan.com/plans/25215
변경,25215,25215,SKT,moyo,후후 스마일 100GB+,voice_extra_minutes,300.0,300,https://www.moyoplan.com/plans/25215
변경,18585,18585,KT,moyo,모두 충분 7GB+(Pay_5000),voice_extra_minutes,300.0,300,https://www.moyoplan.com/plans/18585
변경,36173,36173,KT,moyo,이야기 K 데이터 100GB+(N pay 5000P),discount_period_months,7.0,7,https://www.moyoplan.com/plans/36173
변경,20076,20076,LGU+,moyo,[모요only] 내맘대로 (50분+1GB),voice_minutes,50.0,50,https://www.moyoplan.com/plans/20076
변경,20076,20076,LGU+,moyo,[모요only] 내맘대로 (50분+1GB),sms_count,50.0,50,https://www.moyoplan.com/plans/20076
변경,25314,25314,SKT,moyo,스마일플러스(200분+1GB),discount_period_months,5.0,5,https://www.moyoplan.com/plans/25314
변경,25314,25314,SKT,moyo,스마일플러스(200분+1GB),voice_minutes,200.0,200,https://www.moyoplan.com/plans/25314
변경,25314,25314,SKT,moyo,스마일플러스(200분+1GB),sms_count,100.0,100,https://www.moyoplan.com/plans/25314
변경,29032,29032,SKT,moyo,티플 올리브영 15GB+(300분)(매월 5000P),discount_period_months,7.0,7,https://www.moyoplan.com/plans/29032
변경,29032,29032,SKT,moyo,티플 올리브영 15GB+(300분)(매월 5000P),voice_minutes,300.0,300,https://www.moyoplan.com/plans/29032
변경,29032,29032,SKT,moyo,티플 올리브영 15GB+(300분)(매월 5000P),sms_count,300.0,300,https://www.moyoplan.com/plans/29032
변경,19255,19255,LGU+,moyo,"[모빌카드 스페셜] 통화, 데이터 마음대로 7GB+",discount_period_months,7.0,7,https://www.moyoplan.com/plans/19255
변경,19255,19255,LGU+,moyo,"[모빌카드 스페셜] 통화, 데이터 마음대로 7GB+",voice_extra_minutes,300.0,300,https://www.moyoplan.com/plans/19255
변경,10903,10903,KT,moyo,모두 충분 7GB+(지니뮤직),voice_extra_minutes,300.0,300,https://www.moyoplan.com/plans/10903
변경,27423,27423,LGU+,moyo,티플 15G＋(300분)_24개월 할인,discount_period_months,24.0,24,https://www.moyoplan.com/plans/27423
변경,27423,27423,LGU+,moyo,티플 15G＋(300분)_24개월 할인,voice_minutes,300.0,300,https://www.moyoplan.com/plans/27423
변경,27423,27423,LGU+,moyo,티플 15G＋(300분)_24개월 할인,sms_count,300.0,300,https://www.moyoplan.com/plans/27423
변경,28096,28096,LGU+,moyo,스마트 300분/15GB+ (24개월),discount_period_months,24.0,24,https://www.moyoplan.com/plans/28096
변경,28096,28096,LGU+,moyo,스마트 300분/15GB+ (24개월),voice_minutes,300.0,300,https://www.moyoplan.com/plans/28096
변경,28096,28096,LGU+,moyo,스마트 300분/15GB+ (24개월),sms_count,300.0,300,https://www.moyoplan.com/plans/28096
변경,28103,28103,KT,moyo,[모요only] [K] 핀다이렉트Z Light _PIN,discount_period_months,7.0,7,https://www.moyoplan.com/plans/28103
변경,28103,28103,KT,moyo,[모요only] [K] 핀다이렉트Z Light _PIN,voice_minutes,100.0,100,https://www.moyoplan.com/plans/28103
변경,28103,28103,KT,moyo,[모요only] [K] 핀다이렉트Z Light _PIN,sms_count,100.0,100,https://www.moyoplan.com/plans/28103
변경,29930,29930,LGU+,moyo,[KG모바일 스페셜] 데이터 마음대로 (15GB+/100분),discount_period_months,7.0,7,https://www.moyoplan.com/plans/29930
변경,29930,29930,LGU+,moyo,[KG모바일 스페셜] 데이터 마음대로 (15GB+/100분),voice_minutes,100.0,100,https://www.moyoplan.com/plans/29930
변경,29930,29930,LGU+,moyo,[KG모바일 스페셜] 데이터 마음대로 (15GB+/100분),sms_count,100.0,100,https://www.moyoplan.com/plans/29930
변경,37175,37175,KT,moyo,A 올라잇 100GB+ 밀리의서재,discount_period_months,7.0,7,https://www.moyoplan.com/plans/37175
변경,37237,37237,SKT,moyo,A 넥스트 100GB+,discount_period_months,7.0,7,https://www.moyoplan.com/plans/37237
변경,26284,26284,LGU+,moyo,[평생할인] 5G 50GB+/통화기본,voice_extra_minutes,300.0,300,https://www.moyoplan.com/plans/26284
변경,26267,26267,LGU+,moyo,[평생할인] 5GB+/200분,voice_minutes,200.0,200,https://www.moyoplan.com/plans/26267
변경,26267,26267,LGU+,moyo,[평생할인] 5GB+/200분,sms_count,100.0,100,https://www.moyoplan.com/plans/26267
변경,36685,36685,LGU+,moyo,슈가안심차단50분1.5G,voice_minutes,50.0,50,https://www.moyoplan.com/plans/36685
변경,36685,36685,LGU+,moyo,슈가안심차단50분1.5G,sms_count,50.0,50,https://www.moyoplan.com/plans/36685
변경,35788,35788,KT,moyo,EG 무제한 7GB+1(모아진),discount_period_months,7.0,7,https://www.moyoplan.com/plans/35788
변경,35788,35788,KT,moyo,EG 무제한 7GB+1(모아진),voice_extra_minutes,300.0,300,https://www.moyoplan.com/plans/35788
변경,11203,11203,LGU+,moyo,DATA 걱정없는 유심 5GB,discount_period_months,6.0,6,https://www.moyoplan.com/plans/11203
변경,25321,25321,LGU+,moyo,USIM스마트 심플(200분 + 1GB),discount_period_months,6.0,6,https://www.moyoplan.com/plans/25321
변경,25321,25321,LGU+,moyo,USIM스마트 심플(200분 + 1GB),voice_minutes,200.0,200,https://www.moyoplan.com/plans/25321
변경,25321,25321,LGU+,moyo,USIM스마트 심플(200분 + 1GB),sms_count,100.0,100,https://www.moyoplan.com/plans/25321
변경,35857,35857,LGU+,moyo,티플온 15G＋,discount_period_months,7.0,7,https://www.moyoplan.com/plans/35857
변경,35855,35855,LGU+,moyo,티플온 7G＋,discount_period_months,7.0,7,https://www.moyoplan.com/plans/35855
변경,6802,6802,LGU+,moyo,슬림 유심 1GB 50분,voice_minutes,50.0,50,https://www.moyoplan.com/plans/6802
변경,6802,6802,LGU+,moyo,슬림 유심 1GB 50분,sms_count,0.0,0,https://www.moyoplan.com/plans/6802
변경,32018,32018,LGU+,moyo,이지 무한 7G+1,discount_period_months,7.0,7,https://www.moyoplan.com/plans/32018
변경,32018,32018,LGU+,moyo,이지 무한 7G+1,voice_extra_minutes,300.0,300,https://www.moyoplan.com/plans/32018
변경,29028,29028,SKT,moyo,LTE 음성무제한 11GB,discount_period_months,7.0,7,https://www.moyoplan.com/plans/29028
변경,29028,29028,SKT,moyo,LTE 음성무제한 11GB,voice_extra_minutes,30.0,30,https://www.moyoplan.com/plans/29028
변경,29028,29028,SKT,moyo,LTE 음성무제한 11GB,sms_count,200.0,200,https://www.moyoplan.com/plans/29028
변경,36687,36687,LGU+,moyo,슈가안심차단150분500M,voice_minutes,150.0,150,https://www.moyoplan.com/plans/36687
변경,36687,36687,LGU+,moyo,슈가안심차단150분500M,sms_count,50.0,50,https://www.moyoplan.com/plans/36687
변경,36684,36684,LGU+,moyo,슈가안심차단200분100M,voice_minutes,200.0,200,https://www.moyoplan.com/plans/36684
변경,36684,36684,LGU+,moyo,슈가안심차단200분100M,sms_count,50.0,50,https://www.moyoplan.com/plans/36684
변경,37429,37429,SKT,moyo,LTE 200분/5GB_모요,discount_period_months,7.0,7,https://www.moyoplan.com/plans/37429
변경,37429,37429,SKT,moyo,LTE 200분/5GB_모요,voice_minutes,200.0,200,https://www.moyoplan.com/plans/37429
변경,37429,37429,SKT,moyo,LTE 200분/5GB_모요,sms_count,100.0,100,https://www.moyoplan.com/plans/37429
변경,33951,33951,KT,moyo,TOP 15GB 300분 (다이소),discount_period_months,7.0,7,https://www.moyoplan.com/plans/33951
변경,33951,33951,KT,moyo,TOP 15GB 300분 (다이소),voice_minutes,300.0,300,https://www.moyoplan.com/plans/33951
변경,33951,33951,KT,moyo,TOP 15GB 300분 (다이소),sms_count,300.0,300,https://www.moyoplan.com/plans/33951
변경,33938,33938,KT,moyo,TOP 7GB 기본 (올리브영),discount_period_months,7.0,7,https://www.moyoplan.com/plans/33938
변경,35518,35518,LGU+,moyo,요금걱정 제로 이야기 7GB+,discount_period_months,24.0,24,https://www.moyoplan.com/plans/35518
변경,11421,11421,LGU+,moyo,보편 유심 5GB 100분,voice_minutes,100.0,100,https://www.moyoplan.com/plans/11421
변경,11421,11421,LGU+,moyo,보편 유심 5GB 100분,sms_count,50.0,50,https://www.moyoplan.com/plans/11421
변경,29932,29932,LGU+,moyo,"[KG모바일 스페셜] 통화, 데이터 마음대로 7GB+",discount_period_months,7.0,7,https://www.moyoplan.com/plans/29932
변경,29932,29932,LGU+,moyo,"[KG모바일 스페셜] 통화, 데이터 마음대로 7GB+",voice_extra_minutes,300.0,300,https://www.moyoplan.com/plans/29932
변경,26274,26274,LGU+,moyo,[평생할인] 6GB/통화기본,voice_extra_minutes,50.0,50,https://www.moyoplan.com/plans/26274
변경,37221,37221,LGU+,moyo,A 스페셜 100GB+,discount_period_months,7.0,7,https://www.moyoplan.com/plans/37221
변경,34373,34373,LGU+,moyo,[모요only] 알찬 음성기본7GB+,discount_period_months,7.0,7,https://www.moyoplan.com/plans/34373
변경,34373,34373,LGU+,moyo,[모요only] 알찬 음성기본7GB+,voice_extra_minutes,300.0,300,https://www.moyoplan.com/plans/34373
변경,35829,35829,SKT,moyo,고고 LTE 100분+15GB+3M_모요,discount_period_months,7.0,7,https://www.moyoplan.com/plans/35829
변경,35829,35829,SKT,moyo,고고 LTE 100분+15GB+3M_모요,voice_minutes,100.0,100,https://www.moyoplan.com/plans/35829
변경,35829,35829,SKT,moyo,고고 LTE 100분+15GB+3M_모요,sms_count,100.0,100,https://www.moyoplan.com/plans/35829
변경,16284,16284,SKT,moyo,이야기 라이트S 7GB+,discount_period_months,7.0,7,https://www.moyoplan.com/plans/16284
변경,13897,13897,LGU+,moyo,[일반] 데이터 마음대로 (15GB+/300분),discount_period_months,12.0,12,https://www.moyoplan.com/plans/13897
변경,13897,13897,LGU+,moyo,[일반] 데이터 마음대로 (15GB+/300분),voice_minutes,300.0,300,https://www.moyoplan.com/plans/13897
변경,13897,13897,LGU+,moyo,[일반] 데이터 마음대로 (15GB+/300분),sms_count,300.0,300,https://www.moyoplan.com/plans/13897
변경,16769,16769,LGU+,moyo,[일반] 평생 반값 할인 (1.5GB/100분),voice_minutes,100.0,100,https://www.moyoplan.com/plans/16769
변경,16769,16769,LGU+,moyo,[일반] 평생 반값 할인 (1.5GB/100분),sms_count,0.0,0,https://www.moyoplan.com/plans/16769
변경,13786,13786,KT,moyo,모두 충분 4.5GB+,voice_extra_minutes,30.0,30,https://www.moyoplan.com/plans/13786
변경,23781,23781,KT,moyo,티플 10GB(10GB/200분),voice_minutes,200.0,200,https://www.moyoplan.com/plans/23781
변경,23781,23781,KT,moyo,티플 10GB(10GB/200분),sms_count,100.0,100,https://www.moyoplan.com/plans/23781
변경,29948,29948,SKT,moyo,이야기 라이트S 300분 15GB+,voice_minutes,300.0,300,https://www.moyoplan.com/plans/29948
변경,29948,29948,SKT,moyo,이야기 라이트S 300분 15GB+,sms_count,300.0,300,https://www.moyoplan.com/plans/29948
변경,37438,37438,LGU+,moyo,A 5G 스페셜 150GB+,discount_period_months,7.0,7,https://www.moyoplan.com/plans/37438
변경,35350,35350,SKT,moyo,[S]그란데(100분/6GB),discount_period_months,12.0,18,https://www.moyoplan.com/plans/35350
변경,35350,35350,SKT,moyo,[S]그란데(100분/6GB),base_tethering_gb,6.0,,https://www.moyoplan.com/plans/35350
변경,35350,35350,SKT,moyo,[S]그란데(100분/6GB),tethering_gb,6.0,,https://www.moyoplan.com/plans/35350
변경,35350,35350,SKT,moyo,[S]그란데(100분/6GB),voice_minutes,100.0,100,https://www.moyoplan.com/plans/35350
변경,35350,35350,SKT,moyo,[S]그란데(100분/6GB),sms_count,100.0,100,https://www.moyoplan.com/plans/35350
변경,30988,30988,KT,moyo,[모요only] 쉐이크 LTE 7GB+_올리브영 5000원,discount_period_months,12.0,12,https://www.moyoplan.com/plans/30988
변경,30988,30988,KT,moyo,[모요only] 쉐이크 LTE 7GB+_올리브영 5000원,voice_extra_minutes,300.0,300,https://www.moyoplan.com/plans/30988
변경,37150,37150,KT,moyo,ONE 5G 5GB 200분,discount_period_months,6.0,6,https://www.moyoplan.com/plans/37150
변경,37150,37150,KT,moyo,ONE 5G 5GB 200분,voice_minutes,200.0,200,https://www.moyoplan.com/plans/37150
변경,37150,37150,KT,moyo,ONE 5G 5GB 200분,sms_count,100.0,100,https://www.moyoplan.com/plans/37150
변경,30906,30906,KT,moyo,EG 무제한 71G+3(멜론),discount_period_months,7.0,7,https://www.moyoplan.com/plans/30906
변경,30906,30906,KT,moyo,EG 무제한 71G+3(멜론),voice_extra_minutes,300.0,300,https://www.moyoplan.com/plans/30906
변경,37434,37434,LGU+,moyo,티플 외국인 7GB＋3Mbps,discounted_fee,9900,5900,https://www.moyoplan.com/plans/37434
변경,37434,37434,LGU+,moyo,티플 외국인 7GB＋3Mbps,discount_period_months,7.0,7,https://www.moyoplan.com/plans/37434
변경,37434,37434,LGU+,moyo,티플 외국인 7GB＋3Mbps,voice_minutes,500.0,500,https://www.moyoplan.com/plans/37434
변경,37434,37434,LGU+,moyo,티플 외국인 7GB＋3Mbps,sms_count,500.0,500,https://www.moyoplan.com/plans/37434
변경,27776,27776,LGU+,moyo,시월 무제한 7GB+1Mbps,discount_period_months,7.0,7,https://www.moyoplan.com/plans/27776
변경,13904,13904,LGU+,moyo,[모빌카드 스페셜] 데이터 마음대로 (15GB+/100분),discount_period_months,7.0,7,https://www.moyoplan.com/plans/13904
변경,13904,13904,LGU+,moyo,[모빌카드 스페셜] 데이터 마음대로 (15GB+/100분),voice_minutes,100.0,100,https://www.moyoplan.com/plans/13904
변경,13904,13904,LGU+,moyo,[모빌카드 스페셜] 데이터 마음대로 (15GB+/100분),sms_count,100.0,100,https://www.moyoplan.com/plans/13904
변경,31459,31459,KT,moyo,모두 충분 100GB+(올리브영_5000),voice_extra_minutes,300.0,300,https://www.moyoplan.com/plans/31459
변경,20743,20743,SKT,moyo,5G 티플 15GB(15GB/300분),discount_period_months,4.0,4,https://www.moyoplan.com/plans/20743
변경,20743,20743,SKT,moyo,5G 티플 15GB(15GB/300분),voice_minutes,300.0,300,https://www.moyoplan.com/plans/20743
변경,20743,20743,SKT,moyo,5G 티플 15GB(15GB/300분),sms_count,100.0,100,https://www.moyoplan.com/plans/20743
변경,35430,35430,KT,moyo,[K]CU&롯시 11GB+일2GB,discount_period_months,7.0,7,https://www.moyoplan.com/plans/35430
변경,25338,25338,SKT,moyo,5G 스마일플러스(350분+7GB),discount_period_months,5.0,5,https://www.moyoplan.com/plans/25338
변경,25338,25338,SKT,moyo,5G 스마일플러스(350분+7GB),voice_minutes,350.0,350,https://www.moyoplan.com/plans/25338
변경,25338,25338,SKT,moyo,5G 스마일플러스(350분+7GB),sms_count,100.0,100,https://www.moyoplan.com/plans/25338
변경,28104,28104,KT,moyo,[모요only] [K] 핀다이렉트Z Mini + 밀리의서재 _PIN,discount_period_months,7.0,7,https://www.moyoplan.com/plans/28104
변경,26289,26289,LGU+,moyo,[평생할인] 5G 180GB+/통화기본,voice_extra_minutes,300.0,300,https://www.moyoplan.com/plans/26289
변경,36602,36602,LGU+,moyo,[5G]이지 무제한 150GB+5M,discount_period_months,7.0,7,https://www.moyoplan.com/plans/36602
변경,36602,36602,LGU+,moyo,[5G]이지 무제한 150GB+5M,voice_extra_minutes,300.0,300,https://www.moyoplan.com/plans/36602
변경,18615,18615,LGU+,moyo,[12개월]인스 유심 올프리 7GB+,discount_period_months,12.0,12,https://www.moyoplan.com/plans/18615
변경,18615,18615,LGU+,moyo,[12개월]인스 유심 올프리 7GB+,voice_extra_minutes,300.0,300,https://www.moyoplan.com/plans/18615
변경,17408,17408,KT,moyo,5G무제한 90GB+1Mbps,voice_extra_minutes,300.0,300,https://www.moyoplan.com/plans/17408
변경,35426,35426,KT,moyo,[K]롯시&밀리 100GB+,discount_period_months,7.0,7,https://www.moyoplan.com/plans/35426
변경,29286,29286,SKT,moyo,이야기 데이터 무제한 15GB+,discount_period_months,7.0,7,https://www.moyoplan.com/plans/29286
변경,29286,29286,SKT,moyo,이야기 데이터 무제한 15GB+,voice_minutes,100.0,100,https://www.moyoplan.com/plans/29286
변경,29286,29286,SKT,moyo,이야기 데이터 무제한 15GB+,sms_count,100.0,100,https://www.moyoplan.com/plans/29286
변경,25309,25309,LGU+,moyo,스마트 데이터전용 20GB,discount_period_months,6.0,6,https://www.moyoplan.com/plans/25309
변경,25309,25309,LGU+,moyo,스마트 데이터전용 20GB,voice_minutes,0.0,0,https://www.moyoplan.com/plans/25309
변경,25309,25309,LGU+,moyo,스마트 데이터전용 20GB,sms_count,0.0,0,https://www.moyoplan.com/plans/25309
변경,26990,26990,LGU+,moyo,The 데이터마음껏15G+(300분)(다이소 매월 5000P),discount_period_months,24.0,24,https://www.moyoplan.com/plans/26990
변경,26990,26990,LGU+,moyo,The 데이터마음껏15G+(300분)(다이소 매월 5000P),voice_minutes,300.0,300,https://www.moyoplan.com/plans/26990
변경,26990,26990,LGU+,moyo,The 데이터마음껏15G+(300분)(다이소 매월 5000P),sms_count,300.0,300,https://www.moyoplan.com/plans/26990
변경,11317,11317,LGU+,moyo,[평생할인]인스 유심 스트롱 11GB+,voice_extra_minutes,300.0,300,https://www.moyoplan.com/plans/11317
변경,37217,37217,LGU+,moyo,A 스페셜 100GB+ (24개월),discount_period_months,24.0,24,https://www.moyoplan.com/plans/37217
변경,36984,36984,LGU+,moyo,5G 스텐다드(150GB+5Mbps),discount_period_months,7.0,7,https://www.moyoplan.com/plans/36984
변경,33535,33535,KT,moyo,TOP 5G 110GB 기본 (올리브영),discount_period_months,12.0,12,https://www.moyoplan.com/plans/33535
변경,33535,33535,KT,moyo,TOP 5G 110GB 기본 (올리브영),voice_extra_minutes,300.0,300,https://www.moyoplan.com/plans/33535
변경,37152,37152,KT,moyo,ONE 5G 10GB 300분,discount_period_months,7.0,7,https://www.moyoplan.com/plans/37152
변경,37152,37152,KT,moyo,ONE 5G 10GB 300분,voice_minutes,300.0,300,https://www.moyoplan.com/plans/37152
변경,37152,37152,KT,moyo,ONE 5G 10GB 300분,sms_count,200.0,200,https://www.moyoplan.com/plans/37152
변경,35386,35386,KT,moyo,[K]무한11GB+ Npay,discount_period_months,7.0,7,https://www.moyoplan.com/plans/35386
변경,25347,25347,KT,moyo,스위트 15GB+(후후) (+10GB 24개월간 추가 제공),discount_period_months,36.0,36,https://www.moyoplan.com/plans/25347
변경,25347,25347,KT,moyo,스위트 15GB+(후후) (+10GB 24개월간 추가 제공),voice_extra_minutes,300.0,300,https://www.moyoplan.com/plans/25347
변경,24191,24191,KT,moyo,LTE200분/ 10GB,voice_minutes,200.0,200,https://www.moyoplan.com/plans/24191
변경,24191,24191,KT,moyo,LTE200분/ 10GB,sms_count,100.0,100,https://www.moyoplan.com/plans/24191
변경,33536,33536,KT,moyo,TOP 5G 110GB 기본 (다이소),discount_period_months,12.0,12,https://www.moyoplan.com/plans/33536
변경,33536,33536,KT,moyo,TOP 5G 110GB 기본 (다이소),voice_extra_minutes,300.0,300,https://www.moyoplan.com/plans/33536
변경,23772,23772,LGU+,moyo,티플 10GB(10GB/100분),voice_minutes,100.0,100,https://www.moyoplan.com/plans/23772
변경,23772,23772,LGU+,moyo,티플 10GB(10GB/100분),sms_count,100.0,100,https://www.moyoplan.com/plans/23772
변경,35522,35522,LGU+,moyo,모나300분6G안심1,discount_period_months,12.0,12,https://www.moyoplan.com/plans/35522
변경,35522,35522,LGU+,moyo,모나300분6G안심1,voice_minutes,300.0,300,https://www.moyoplan.com/plans/35522
변경,35522,35522,LGU+,moyo,모나300분6G안심1,sms_count,200.0,200,https://www.moyoplan.com/plans/35522
변경,29401,29401,KT,moyo,모두 충분 7GB+(올리브영_5000),voice_extra_minutes,300.0,300,https://www.moyoplan.com/plans/29401
변경,11419,11419,LGU+,moyo,보편 안심 유심 3GB 200분,discount_period_months,6.0,6,https://www.moyoplan.com/plans/11419
변경,11419,11419,LGU+,moyo,보편 안심 유심 3GB 200분,voice_minutes,200.0,200,https://www.moyoplan.com/plans/11419
변경,11419,11419,LGU+,moyo,보편 안심 유심 3GB 200분,sms_count,100.0,100,https://www.moyoplan.com/plans/11419
변경,31399,31399,LGU+,moyo,[L] 핀다이렉트Z 15GB+/100분,discount_period_months,7.0,7,https://www.moyoplan.com/plans/31399
변경,31399,31399,LGU+,moyo,[L] 핀다이렉트Z 15GB+/100분,voice_minutes,100.0,100,https://www.moyoplan.com/plans/31399
변경,31399,31399,LGU+,moyo,[L] 핀다이렉트Z 15GB+/100분,sms_count,100.0,100,https://www.moyoplan.com/plans/31399
변경,23774,23774,SKT,moyo,티플 10GB(10GB/100분),voice_minutes,100.0,100,https://www.moyoplan.com/plans/23774
변경,23774,23774,SKT,moyo,티플 10GB(10GB/100분),sms_count,100.0,100,https://www.moyoplan.com/plans/23774
변경,33958,33958,KT,moyo,TOP 100GB 기본 (올리브영),discount_period_months,7.0,7,https://www.moyoplan.com/plans/33958
변경,29019,29019,SKT,moyo,LTE 음성무제한 25GB,discount_period_months,7.0,7,https://www.moyoplan.com/plans/29019
변경,29019,29019,SKT,moyo,LTE 음성무제한 25GB,voice_extra_minutes,30.0,30,https://www.moyoplan.com/plans/29019
변경,29019,29019,SKT,moyo,LTE 음성무제한 25GB,sms_count,200.0,200,https://www.moyoplan.com/plans/29019
변경,37218,37218,LGU+,moyo,A 스페셜,discount_period_months,24.0,24,https://www.moyoplan.com/plans/37218
변경,31744,31744,KT,moyo,USIM 스위트 5G망(300분/10GB),discount_period_months,6.0,6,https://www.moyoplan.com/plans/31744
변경,31744,31744,KT,moyo,USIM 스위트 5G망(300분/10GB),voice_minutes,300.0,300,https://www.moyoplan.com/plans/31744
변경,31744,31744,KT,moyo,USIM 스위트 5G망(300분/10GB),sms_count,100.0,100,https://www.moyoplan.com/plans/31744
변경,23783,23783,KT,moyo,티플 10GB(10GB/100분),voice_minutes,100.0,100,https://www.moyoplan.com/plans/23783
변경,23783,23783,KT,moyo,티플 10GB(10GB/100분),sms_count,100.0,100,https://www.moyoplan.com/plans/23783
변경,36986,36986,LGU+,moyo,[L]5G 데이터150GB+,discount_period_months,24.0,24,https://www.moyoplan.com/plans/36986
변경,10700,10700,SKT,moyo,이야기 300분+7GB(5G),voice_minutes,300.0,300,https://www.moyoplan.com/plans/10700
변경,10700,10700,SKT,moyo,이야기 300분+7GB(5G),sms_count,50.0,50,https://www.moyoplan.com/plans/10700
변경,33950,33950,KT,moyo,TOP 15GB 300분 (올리브영),discount_period_months,7.0,7,https://www.moyoplan.com/plans/33950
변경,33950,33950,KT,moyo,TOP 15GB 300분 (올리브영),voice_minutes,300.0,300,https://www.moyoplan.com/plans/33950
변경,33950,33950,KT,moyo,TOP 15GB 300분 (올리브영),sms_count,300.0,300,https://www.moyoplan.com/plans/33950
변경,25316,25316,SKT,moyo,스마일 15GB+,discount_period_months,7.0,7,https://www.moyoplan.com/plans/25316
변경,25316,25316,SKT,moyo,스마일 15GB+,voice_minutes,100.0,100,https://www.moyoplan.com/plans/25316
변경,25316,25316,SKT,moyo,스마일 15GB+,sms_count,100.0,100,https://www.moyoplan.com/plans/25316
변경,35278,35278,SKT,moyo,티플북 15G+(300분)(도서문화상품권 매월 5000P),discount_period_months,7.0,7,https://www.moyoplan.com/plans/35278
변경,35278,35278,SKT,moyo,티플북 15G+(300분)(도서문화상품권 매월 5000P),voice_minutes,300.0,300,https://www.moyoplan.com/plans/35278
변경,35278,35278,SKT,moyo,티플북 15G+(300분)(도서문화상품권 매월 5000P),sms_count,300.0,300,https://www.moyoplan.com/plans/35278
변경,26286,26286,LGU+,moyo,[평생할인] 5G 95GB+/통화기본,voice_extra_minutes,300.0,300,https://www.moyoplan.com/plans/26286
변경,35436,35436,SKT,moyo,아이즈(100분/5GB),monthly_fee,660,500,https://www.moyoplan.com/plans/35436
변경,35436,35436,SKT,moyo,아이즈(100분/5GB),discounted_fee,660,500,https://www.moyoplan.com/plans/35436
변경,35436,35436,SKT,moyo,아이즈(100분/5GB),voice_minutes,100.0,100,https://www.moyoplan.com/plans/35436
변경,35436,35436,SKT,moyo,아이즈(100분/5GB),sms_count,50.0,50,https://www.moyoplan.com/plans/35436
변경,30897,30897,KT,moyo,EG CU 데이터 15G+3/100분(CU할인),discount_period_months,7.0,7,https://www.moyoplan.com/plans/30897
변경,30897,30897,KT,moyo,EG CU 데이터 15G+3/100분(CU할인),voice_minutes,100.0,100,https://www.moyoplan.com/plans/30897
변경,30897,30897,KT,moyo,EG CU 데이터 15G+3/100분(CU할인),sms_count,100.0,100,https://www.moyoplan.com/plans/30897
변경,35403,35403,SKT,moyo,[S]아이즈특판100GB+,discount_period_months,7.0,7,https://www.moyoplan.com/plans/35403
변경,35403,35403,SKT,moyo,[S]아이즈특판100GB+,voice_extra_minutes,300.0,300,https://www.moyoplan.com/plans/35403
변경,33087,33087,LGU+,moyo,The 데이터마음껏15G＋(300분)(올리브영 매월 5000P),discount_period_months,24.0,24,https://www.moyoplan.com/plans/33087
변경,33087,33087,LGU+,moyo,The 데이터마음껏15G＋(300분)(올리브영 매월 5000P),voice_minutes,300.0,300,https://www.moyoplan.com/plans/33087
변경,33087,33087,LGU+,moyo,The 데이터마음껏15G＋(300분)(올리브영 매월 5000P),sms_count,300.0,300,https://www.moyoplan.com/plans/33087
변경,25234,25234,LGU+,moyo,스마트 데이터전용 10GB,discount_period_months,6.0,6,https://www.moyoplan.com/plans/25234
변경,25234,25234,LGU+,moyo,스마트 데이터전용 10GB,voice_minutes,0.0,0,https://www.moyoplan.com/plans/25234
변경,25234,25234,LGU+,moyo,스마트 데이터전용 10GB,sms_count,0.0,0,https://www.moyoplan.com/plans/25234
변경,27860,27860,LGU+,moyo,스마트 11GB+,discount_period_months,7.0,7,https://www.moyoplan.com/plans/27860
변경,27860,27860,LGU+,moyo,스마트 11GB+,voice_extra_minutes,300.0,300,https://www.moyoplan.com/plans/27860
변경,32514,32514,KT,moyo,모두 충분 10GB+(Pay_5000),voice_extra_minutes,300.0,300,https://www.moyoplan.com/plans/32514
변경,35521,35521,LGU+,moyo,교보sam_11G+일2G,discount_period_months,7.0,7,https://www.moyoplan.com/plans/35521
변경,35521,35521,LGU+,moyo,교보sam_11G+일2G,voice_extra_minutes,300.0,300,https://www.moyoplan.com/plans/35521
변경,26264,26264,LGU+,moyo,[평생할인] 2.5GB+/200분,voice_minutes,200.0,200,https://www.moyoplan.com/plans/26264
변경,26264,26264,LGU+,moyo,[평생할인] 2.5GB+/200분,sms_count,100.0,100,https://www.moyoplan.com/plans/26264
변경,33085,33085,LGU+,moyo,The 완전마음껏10G＋(올리브영 매월 5000P),discount_period_months,24.0,24,https://www.moyoplan.com/plans/33085
변경,31780,31780,LGU+,moyo,The 완전마음껏10G+(카톡 이모티콘+예스24e북),discount_period_months,24.0,24,https://www.moyoplan.com/plans/31780
변경,26988,26988,LGU+,moyo,The 완전마음껏10G+(다이소 매월 5000P),discount_period_months,24.0,24,https://www.moyoplan.com/plans/26988
변경,33084,33084,LGU+,moyo,The 완전마음껏7G＋(올리브영 매월 5000P),discount_period_months,24.0,24,https://www.moyoplan.com/plans/33084
변경,31335,31335,LGU+,moyo,The 완전마음껏10G+(컬쳐랜드 문화상품권 매월 5000P),discount_period_months,24.0,24,https://www.moyoplan.com/plans/31335
변경,35354,35354,SKT,moyo,[S]벤티(300분/7GB),discounted_fee,100,90,https://www.moyoplan.com/plans/35354
변경,35354,35354,SKT,moyo,[S]벤티(300분/7GB),discount_period_months,7.0,12,https://www.moyoplan.com/plans/35354
변경,35354,35354,SKT,moyo,[S]벤티(300분/7GB),base_tethering_gb,7.0,,https://www.moyoplan.com/plans/35354
변경,35354,35354,SKT,moyo,[S]벤티(300분/7GB),tethering_gb,7.0,,https://www.moyoplan.com/plans/35354
변경,35354,35354,SKT,moyo,[S]벤티(300분/7GB),voice_minutes,300.0,300,https://www.moyoplan.com/plans/35354
변경,35354,35354,SKT,moyo,[S]벤티(300분/7GB),sms_count,100.0,100,https://www.moyoplan.com/plans/35354
변경,23376,23376,KT,moyo,[모요only] 5G 무제한 90GB+1Mbps,discount_period_months,12.0,12,https://www.moyoplan.com/plans/23376
변경,23376,23376,KT,moyo,[모요only] 5G 무제한 90GB+1Mbps,voice_extra_minutes,300.0,300,https://www.moyoplan.com/plans/23376
변경,24009,24009,SKT,moyo,티플 위드유 7GB＋(G car),discount_period_months,7.0,7,https://www.moyoplan.com/plans/24009
변경,30864,30864,KT,moyo,[5G]EG 데이터 5GB/100분,discount_period_months,7.0,7,https://www.moyoplan.com/plans/30864
변경,30864,30864,KT,moyo,[5G]EG 데이터 5GB/100분,voice_minutes,100.0,100,https://www.moyoplan.com/plans/30864
변경,30864,30864,KT,moyo,[5G]EG 데이터 5GB/100분,sms_count,100.0,100,https://www.moyoplan.com/plans/30864
변경,37251,37251,SKT,moyo,[S] 데이터 10GB,discount_period_months,7.0,7,https://www.moyoplan.com/plans/37251
변경,37251,37251,SKT,moyo,[S] 데이터 10GB,sms_count,200.0,200,https://www.moyoplan.com/plans/37251
변경,26176,26176,LGU+,moyo,[평생할인]데이터 안심 10GB+(USIM),voice_minutes,100.0,100,https://www.moyoplan.com/plans/26176
변경,26176,26176,LGU+,moyo,[평생할인]데이터 안심 10GB+(USIM),sms_count,100.0,100,https://www.moyoplan.com/plans/26176
변경,37094,37094,KT,moyo,[모요only] 5G 200분/12GB_12개월,discount_period_months,12.0,12,https://www.moyoplan.com/plans/37094
변경,37094,37094,KT,moyo,[모요only] 5G 200분/12GB_12개월,voice_minutes,200.0,200,https://www.moyoplan.com/plans/37094
변경,37094,37094,KT,moyo,[모요only] 5G 200분/12GB_12개월,sms_count,100.0,100,https://www.moyoplan.com/plans/37094
변경,30869,30869,KT,moyo,EG 5G 심플 70GB+,discount_period_months,12.0,12,https://www.moyoplan.com/plans/30869
변경,30869,30869,KT,moyo,EG 5G 심플 70GB+,voice_extra_minutes,300.0,300,https://www.moyoplan.com/plans/30869
변경,17463,17463,KT,moyo,5G무제한 30GB+1Mbps,voice_extra_minutes,300.0,300,https://www.moyoplan.com/plans/17463
변경,17404,17404,KT,moyo,5G무제한 50GB+1Mbps,voice_extra_minutes,300.0,300,https://www.moyoplan.com/plans/17404
변경,34223,34223,KT,moyo,[모요only] 무제한 100GB+5M(다이소 5000원),discount_period_months,7.0,7,https://www.moyoplan.com/plans/34223
변경,34223,34223,KT,moyo,[모요only] 무제한 100GB+5M(다이소 5000원),voice_extra_minutes,300.0,300,https://www.moyoplan.com/plans/34223
변경,25302,25302,SKT,moyo,후후 스마일 15GB+,discount_period_months,7.0,7,https://www.moyoplan.com/plans/25302
변경,25302,25302,SKT,moyo,후후 스마일 15GB+,voice_minutes,100.0,100,https://www.moyoplan.com/plans/25302
변경,25302,25302,SKT,moyo,후후 스마일 15GB+,sms_count,100.0,100,https://www.moyoplan.com/plans/25302
변경,37126,37126,LGU+,moyo,5G_모나데이터180G안심10,discount_period_months,12.0,12,https://www.moyoplan.com/plans/37126
변경,17268,17268,SKT,moyo,The 완전마음껏 100GB＋,discount_period_months,7.0,7,https://www.moyoplan.com/plans/17268
변경,17268,17268,SKT,moyo,The 완전마음껏 100GB＋,voice_extra_minutes,300.0,300,https://www.moyoplan.com/plans/17268
변경,34224,34224,KT,moyo,[모요only] 무제한 100GB+5M(올리브영 5000원),discount_period_months,7.0,7,https://www.moyoplan.com/plans/34224
변경,34224,34224,KT,moyo,[모요only] 무제한 100GB+5M(올리브영 5000원),voice_extra_minutes,300.0,300,https://www.moyoplan.com/plans/34224
변경,33081,33081,KT,moyo,모두 충분 10GB+(지니뮤직),voice_extra_minutes,300.0,300,https://www.moyoplan.com/plans/33081
변경,34755,34755,LGU+,moyo,[5G] 300분9G,discount_period_months,12.0,12,https://www.moyoplan.com/plans/34755
변경,34755,34755,LGU+,moyo,[5G] 300분9G,voice_minutes,300.0,300,https://www.moyoplan.com/plans/34755
변경,34755,34755,LGU+,moyo,[5G] 300분9G,voice_extra_minutes,0.0,0,https://www.moyoplan.com/plans/34755
변경,34755,34755,LGU+,moyo,[5G] 300분9G,sms_count,100.0,100,https://www.moyoplan.com/plans/34755
변경,34754,34754,LGU+,moyo,[5G] 250분9G,discount_period_months,12.0,12,https://www.moyoplan.com/plans/34754
변경,34754,34754,LGU+,moyo,[5G] 250분9G,voice_minutes,250.0,250,https://www.moyoplan.com/plans/34754
변경,34754,34754,LGU+,moyo,[5G] 250분9G,voice_extra_minutes,0.0,0,https://www.moyoplan.com/plans/34754
변경,34754,34754,LGU+,moyo,[5G] 250분9G,sms_count,50.0,50,https://www.moyoplan.com/plans/34754
변경,29029,29029,SKT,moyo,티플 올리브영 7GB+(매월 5000P),discount_period_months,7.0,7,https://www.moyoplan.com/plans/29029
변경,27407,27407,SKT,moyo,티플 CGV 7GB＋,discount_period_months,7.0,7,https://www.moyoplan.com/plans/27407
변경,37353,37353,LGU+,moyo,[L] 5G 300분15GB,discount_period_months,6.0,6,https://www.moyoplan.com/plans/37353
변경,37353,37353,LGU+,moyo,[L] 5G 300분15GB,voice_minutes,300.0,300,https://www.moyoplan.com/plans/37353
변경,37353,37353,LGU+,moyo,[L] 5G 300분15GB,sms_count,300.0,300,https://www.moyoplan.com/plans/37353
변경,29220,29220,KT,moyo,"[모요only] 쉐이크 LTE 7GB+_다이소 매 월 5,000원",discount_period_months,12.0,12,https://www.moyoplan.com/plans/29220
변경,29220,29220,KT,moyo,"[모요only] 쉐이크 LTE 7GB+_다이소 매 월 5,000원",voice_extra_minutes,300.0,300,https://www.moyoplan.com/plans/29220
변경,26213,26213,LGU+,moyo,Sugar 10GB+1Mbps,discount_period_months,7.0,7,https://www.moyoplan.com/plans/26213
변경,26896,26896,LGU+,moyo,모두무제한 15GB+,discount_period_months,7.0,7,https://www.moyoplan.com/plans/26896
변경,26896,26896,LGU+,moyo,모두무제한 15GB+,voice_extra_minutes,300.0,300,https://www.moyoplan.com/plans/26896
변경,36692,36692,LGU+,moyo,[L]5G 무한125GB+5Mbps,discount_period_months,7.0,7,https://www.moyoplan.com/plans/36692
변경,31920,31920,KT,moyo,스위트 100GB+(올영 3000),discount_period_months,7.0,7,https://www.moyoplan.com/plans/31920
변경,31920,31920,KT,moyo,스위트 100GB+(올영 3000),voice_extra_minutes,300.0,300,https://www.moyoplan.com/plans/31920
변경,29024,29024,SKT,moyo,LTE 음성무제한 5GB,discount_period_months,10.0,10,https://www.moyoplan.com/plans/29024
변경,29024,29024,SKT,moyo,LTE 음성무제한 5GB,sms_count,200.0,200,https://www.moyoplan.com/plans/29024
변경,37435,37435,LGU+,moyo,A 스페셜 11GB+,discount_period_months,7.0,7,https://www.moyoplan.com/plans/37435
변경,11202,11202,LGU+,moyo,보편 안심 유심 6GB 200분,discount_period_months,6.0,6,https://www.moyoplan.com/plans/11202
변경,11202,11202,LGU+,moyo,보편 안심 유심 6GB 200분,voice_minutes,200.0,200,https://www.moyoplan.com/plans/11202
변경,11202,11202,LGU+,moyo,보편 안심 유심 6GB 200분,sms_count,100.0,100,https://www.moyoplan.com/plans/11202
변경,37219,37219,LGU+,moyo,요금폭탄방지,discount_period_months,7.0,7,https://www.moyoplan.com/plans/37219
변경,27777,27777,LGU+,moyo,[모요only] 프라임 15GB+3Mbps 100분,discount_period_months,7.0,7,https://www.moyoplan.com/plans/27777
변경,27777,27777,LGU+,moyo,[모요only] 프라임 15GB+3Mbps 100분,voice_minutes,100.0,100,https://www.moyoplan.com/plans/27777
변경,27777,27777,LGU+,moyo,[모요only] 프라임 15GB+3Mbps 100분,sms_count,100.0,100,https://www.moyoplan.com/plans/27777
변경,20015,20015,KT,moyo,무제한15GB+1M(밀리의서재 매월 무료),voice_extra_minutes,300.0,300,https://www.moyoplan.com/plans/20015
변경,23775,23775,SKT,moyo,티플 10GB(10GB/200분),voice_minutes,200.0,200,https://www.moyoplan.com/plans/23775
변경,23775,23775,SKT,moyo,티플 10GB(10GB/200분),sms_count,100.0,100,https://www.moyoplan.com/plans/23775
변경,13975,13975,SKT,moyo,함께이야기해S(1000분+10GB),discount_period_months,12.0,12,https://www.moyoplan.com/plans/13975
변경,13975,13975,SKT,moyo,함께이야기해S(1000분+10GB),voice_minutes,1000.0,1000,https://www.moyoplan.com/plans/13975
변경,13975,13975,SKT,moyo,함께이야기해S(1000분+10GB),sms_count,100.0,100,https://www.moyoplan.com/plans/13975
변경,31397,31397,LGU+,moyo,[L] 핀다이렉트Z 100GB+,discount_period_months,7.0,7,https://www.moyoplan.com/plans/31397
변경,31397,31397,LGU+,moyo,[L] 핀다이렉트Z 100GB+,voice_extra_minutes,300.0,300,https://www.moyoplan.com/plans/31397
변경,20306,20306,LGU+,moyo,"[일반] 통화, 데이터 마음대로 10GB+",discount_period_months,12.0,12,https://www.moyoplan.com/plans/20306
변경,20306,20306,LGU+,moyo,"[일반] 통화, 데이터 마음대로 10GB+",voice_extra_minutes,300.0,300,https://www.moyoplan.com/plans/20306
변경,36169,36169,KT,moyo,이야기 K 데이터 11GB+(다이소 5000P),discount_period_months,7.0,7,https://www.moyoplan.com/plans/36169
변경,30856,30856,LGU+,moyo,이지 무한 10G+1,discount_period_months,7.0,7,https://www.moyoplan.com/plans/30856
변경,30856,30856,LGU+,moyo,이지 무한 10G+1,voice_extra_minutes,300.0,300,https://www.moyoplan.com/plans/30856
변경,11793,11793,KT,moyo,모두 충분 11GB+(요기요),voice_extra_minutes,300.0,300,https://www.moyoplan.com/plans/11793
변경,26748,26748,KT,moyo,이야기K 데이터 11GB+(배달의 민족 5000P),discount_period_months,7.0,7,https://www.moyoplan.com/plans/26748
변경,25345,25345,KT,moyo,스위트 11GB+(후후),discount_period_months,36.0,36,https://www.moyoplan.com/plans/25345
변경,25345,25345,KT,moyo,스위트 11GB+(후후),voice_extra_minutes,300.0,300,https://www.moyoplan.com/plans/25345
변경,16843,16843,KT,moyo,이야기K 데이터 11GB+(왓차_베이직),discount_period_months,7.0,7,https://www.moyoplan.com/plans/16843
변경,20326,20326,SKT,moyo,함께이야기해S(200분+30GB),voice_minutes,200.0,200,https://www.moyoplan.com/plans/20326
변경,20326,20326,SKT,moyo,함께이야기해S(200분+30GB),sms_count,300.0,300,https://www.moyoplan.com/plans/20326
변경,37267,37267,SKT,moyo,[S] 5G 모빙 500분15GB,voice_minutes,500.0,500,https://www.moyoplan.com/plans/37267
변경,37267,37267,SKT,moyo,[S] 5G 모빙 500분15GB,sms_count,100.0,100,https://www.moyoplan.com/plans/37267
변경,33538,33538,KT,moyo,TOP 5G 200GB 기본 (지니뮤직),discount_period_months,12.0,12,https://www.moyoplan.com/plans/33538
변경,33538,33538,KT,moyo,TOP 5G 200GB 기본 (지니뮤직),voice_extra_minutes,300.0,300,https://www.moyoplan.com/plans/33538
변경,35824,35824,KT,moyo,TOP 5G 200GB 기본 (다이소),discount_period_months,12.0,12,https://www.moyoplan.com/plans/35824
변경,35824,35824,KT,moyo,TOP 5G 200GB 기본 (다이소),voice_extra_minutes,300.0,300,https://www.moyoplan.com/plans/35824
변경,11080,11080,LGU+,moyo,실속 150분+1GB(USIM),discount_period_months,6.0,6,https://www.moyoplan.com/plans/11080
변경,11080,11080,LGU+,moyo,실속 150분+1GB(USIM),voice_minutes,150.0,150,https://www.moyoplan.com/plans/11080
변경,11080,11080,LGU+,moyo,실속 150분+1GB(USIM),sms_count,50.0,50,https://www.moyoplan.com/plans/11080
변경,27847,27847,LGU+,moyo,이야기 스페셜 100GB+,discount_period_months,7.0,7,https://www.moyoplan.com/plans/27847
변경,17274,17274,LGU+,moyo,티플포유(1.8G/50분),voice_minutes,50.0,50,https://www.moyoplan.com/plans/17274
변경,17274,17274,LGU+,moyo,티플포유(1.8G/50분),sms_count,50.0,50,https://www.moyoplan.com/plans/17274
변경,20261,20261,KT,moyo,[KT]WELL 250분+600MB,voice_minutes,250.0,250,https://www.moyoplan.com/plans/20261
변경,20261,20261,KT,moyo,[KT]WELL 250분+600MB,sms_count,50.0,50,https://www.moyoplan.com/plans/20261
변경,15306,15306,LGU+,moyo,인스 유심 올프리 7GB+,discount_period_months,7.0,7,https://www.moyoplan.com/plans/15306
변경,27734,27734,KT,moyo,[모요only] 쉐이크 LTE 7GB+_지니뮤직,discount_period_months,12.0,12,https://www.moyoplan.com/plans/27734
변경,27734,27734,KT,moyo,[모요only] 쉐이크 LTE 7GB+_지니뮤직,voice_extra_minutes,300.0,300,https://www.moyoplan.com/plans/27734
변경,30894,30894,KT,moyo,EG CU 무제한 15G+1(CU할인),discount_period_months,7.0,7,https://www.moyoplan.com/plans/30894
변경,30894,30894,KT,moyo,EG CU 무제한 15G+1(CU할인),voice_extra_minutes,300.0,300,https://www.moyoplan.com/plans/30894
변경,26866,26866,LGU+,moyo,음성기본,discount_period_months,7.0,7,https://www.moyoplan.com/plans/26866
변경,36321,36321,LGU+,moyo,[L]5G 데이터안심(기본제공/4.5GB+),discount_period_months,7.0,7,https://www.moyoplan.com/plans/36321
변경,24007,24007,SKT,moyo,티플 위드유 15GB＋(100분)(G car),discount_period_months,7.0,7,https://www.moyoplan.com/plans/24007
변경,24007,24007,SKT,moyo,티플 위드유 15GB＋(100분)(G car),voice_minutes,100.0,100,https://www.moyoplan.com/plans/24007
변경,24007,24007,SKT,moyo,티플 위드유 15GB＋(100분)(G car),sms_count,100.0,100,https://www.moyoplan.com/plans/24007
변경,35425,35425,KT,moyo,[K]롯시&밀리 11GB+일2GB,discount_period_months,7.0,7,https://www.moyoplan.com/plans/35425
변경,37437,37437,LGU+,moyo,A 5G 스페셜 에센셜,discount_period_months,7.0,7,https://www.moyoplan.com/plans/37437
변경,30833,30833,LGU+,moyo,[모요only] 프라임,discount_period_months,7.0,7,https://www.moyoplan.com/plans/30833
변경,13979,13979,SKT,moyo,함께이야기해S(1000분+20GB),discount_period_months,12.0,12,https://www.moyoplan.com/plans/13979
변경,13979,13979,SKT,moyo,함께이야기해S(1000분+20GB),voice_minutes,1000.0,1000,https://www.moyoplan.com/plans/13979
변경,13979,13979,SKT,moyo,함께이야기해S(1000분+20GB),sms_count,200.0,200,https://www.moyoplan.com/plans/13979
변경,13852,13852,LGU+,moyo,[L]그란데(100분/6GB),discount_period_months,18.0,18,https://www.moyoplan.com/plans/13852
변경,13852,13852,LGU+,moyo,[L]그란데(100분/6GB),voice_minutes,100.0,100,https://www.moyoplan.com/plans/13852
변경,13852,13852,LGU+,moyo,[L]그란데(100분/6GB),sms_count,100.0,100,https://www.moyoplan.com/plans/13852
변경,36982,36982,LGU+,moyo,[L] 핀다이렉트Z Speed 125GB+,discount_period_months,7.0,7,https://www.moyoplan.com/plans/36982
변경,36982,36982,LGU+,moyo,[L] 핀다이렉트Z Speed 125GB+,voice_extra_minutes,300.0,300,https://www.moyoplan.com/plans/36982
변경,33024,33024,LGU+,moyo,Sugar 실속(500분/5GB),voice_minutes,500.0,500,https://www.moyoplan.com/plans/33024
변경,33024,33024,LGU+,moyo,Sugar 실속(500분/5GB),sms_count,100.0,100,https://www.moyoplan.com/plans/33024
변경,37202,37202,LGU+,moyo,A 스페셜 4.5GB+,discount_period_months,7.0,7,https://www.moyoplan.com/plans/37202
변경,30851,30851,KT,moyo,EG 무제한 15GB+1(밀리의 서재),discount_period_months,7.0,7,https://www.moyoplan.com/plans/30851
변경,30851,30851,KT,moyo,EG 무제한 15GB+1(밀리의 서재),voice_extra_minutes,300.0,300,https://www.moyoplan.com/plans/30851
변경,23574,23574,KT,moyo,KT 15GB+(300분) (CU 매월 20%+올리브영 매월 5천원 상품권!),discount_period_months,7.0,7,https://www.moyoplan.com/plans/23574
변경,23574,23574,KT,moyo,KT 15GB+(300분) (CU 매월 20%+올리브영 매월 5천원 상품권!),voice_minutes,300.0,300,https://www.moyoplan.com/plans/23574
변경,23574,23574,KT,moyo,KT 15GB+(300분) (CU 매월 20%+올리브영 매월 5천원 상품권!),sms_count,300.0,300,https://www.moyoplan.com/plans/23574
변경,35789,35789,KT,moyo,EG 무제한 10GB+1(모아진),discount_period_months,7.0,7,https://www.moyoplan.com/plans/35789
변경,35789,35789,KT,moyo,EG 무제한 10GB+1(모아진),voice_extra_minutes,300.0,300,https://www.moyoplan.com/plans/35789
변경,36981,36981,LGU+,moyo,[L] 핀다이렉트Z Speed 95GB+,discount_period_months,7.0,7,https://www.moyoplan.com/plans/36981
변경,36981,36981,LGU+,moyo,[L] 핀다이렉트Z Speed 95GB+,voice_extra_minutes,300.0,300,https://www.moyoplan.com/plans/36981
변경,9628,9628,KT,moyo,데이터 충분 5GB+/100분,voice_minutes,100.0,100,https://www.moyoplan.com/plans/9628
변경,9628,9628,KT,moyo,데이터 충분 5GB+/100분,voice_extra_minutes,0.0,0,https://www.moyoplan.com/plans/9628
변경,9628,9628,KT,moyo,데이터 충분 5GB+/100분,sms_count,100.0,100,https://www.moyoplan.com/plans/9628
변경,24186,24186,KT,moyo,LTE무제한 15GB+1M(CU20%할인),voice_extra_minutes,300.0,300,https://www.moyoplan.com/plans/24186
변경,37182,37182,KT,moyo,A 스탠다드 25GB/300분,discount_period_months,7.0,7,https://www.moyoplan.com/plans/37182
변경,37182,37182,KT,moyo,A 스탠다드 25GB/300분,voice_minutes,300.0,300,https://www.moyoplan.com/plans/37182
변경,37182,37182,KT,moyo,A 스탠다드 25GB/300분,sms_count,100.0,100,https://www.moyoplan.com/plans/37182
변경,25313,25313,KT,moyo,스위트3 10GB+(밀리의서재) (+10GB 24개월간 추가 제공),discount_period_months,12.0,12,https://www.moyoplan.com/plans/25313
변경,25313,25313,KT,moyo,스위트3 10GB+(밀리의서재) (+10GB 24개월간 추가 제공),voice_extra_minutes,300.0,300,https://www.moyoplan.com/plans/25313
변경,35340,35340,SKT,moyo,아이즈우정(300분/5G),discount_period_months,12.0,18,https://www.moyoplan.com/plans/35340
변경,35340,35340,SKT,moyo,아이즈우정(300분/5G),voice_minutes,300.0,300,https://www.moyoplan.com/plans/35340
변경,35340,35340,SKT,moyo,아이즈우정(300분/5G),sms_count,100.0,100,https://www.moyoplan.com/plans/35340
변경,15066,15066,LGU+,moyo,이야기 스탠다드 100분15GB+,voice_minutes,100.0,100,https://www.moyoplan.com/plans/15066
변경,15066,15066,LGU+,moyo,이야기 스탠다드 100분15GB+,sms_count,100.0,100,https://www.moyoplan.com/plans/15066
변경,36323,36323,LGU+,moyo,[L]5G 데이터안심(100분/10GB+),discount_period_months,7.0,7,https://www.moyoplan.com/plans/36323
변경,36323,36323,LGU+,moyo,[L]5G 데이터안심(100분/10GB+),voice_minutes,100.0,100,https://www.moyoplan.com/plans/36323
변경,36323,36323,LGU+,moyo,[L]5G 데이터안심(100분/10GB+),sms_count,100.0,100,https://www.moyoplan.com/plans/36323
변경,31349,31349,LGU+,moyo,쿠폰팩 통화기본11GB+매일2GB,discount_period_months,7.0,7,https://www.moyoplan.com/plans/31349
변경,31349,31349,LGU+,moyo,쿠폰팩 통화기본11GB+매일2GB,voice_extra_minutes,300.0,300,https://www.moyoplan.com/plans/31349
변경,16286,16286,SKT,moyo,이야기 스탠다드S 300분15GB+,discount_period_months,7.0,7,https://www.moyoplan.com/plans/16286
변경,16286,16286,SKT,moyo,이야기 스탠다드S 300분15GB+,voice_minutes,300.0,300,https://www.moyoplan.com/plans/16286
변경,16286,16286,SKT,moyo,이야기 스탠다드S 300분15GB+,sms_count,300.0,300,https://www.moyoplan.com/plans/16286
변경,29025,29025,SKT,moyo,5G 음성무제한 5GB,voice_extra_minutes,30.0,30,https://www.moyoplan.com/plans/29025
변경,29025,29025,SKT,moyo,5G 음성무제한 5GB,sms_count,200.0,200,https://www.moyoplan.com/plans/29025
변경,37183,37183,KT,moyo,A 스탠다드 10GB/200분,discount_period_months,12.0,12,https://www.moyoplan.com/plans/37183
변경,37183,37183,KT,moyo,A 스탠다드 10GB/200분,voice_minutes,200.0,200,https://www.moyoplan.com/plans/37183
변경,37183,37183,KT,moyo,A 스탠다드 10GB/200분,sms_count,100.0,100,https://www.moyoplan.com/plans/37183
변경,37456,37456,LGU+,moyo,[L] 5G 300분5GB,discount_period_months,12.0,12,https://www.moyoplan.com/plans/37456
변경,37456,37456,LGU+,moyo,[L] 5G 300분5GB,voice_minutes,300.0,300,https://www.moyoplan.com/plans/37456
변경,37456,37456,LGU+,moyo,[L] 5G 300분5GB,sms_count,100.0,100,https://www.moyoplan.com/plans/37456
변경,37216,37216,LGU+,moyo,A 스페셜 11GB+ (24개월),discount_period_months,24.0,24,https://www.moyoplan.com/plans/37216
변경,23776,23776,SKT,moyo,티플 10GB(10GB/300분)_평생요금,voice_minutes,300.0,300,https://www.moyoplan.com/plans/23776
변경,23776,23776,SKT,moyo,티플 10GB(10GB/300분)_평생요금,sms_count,100.0,100,https://www.moyoplan.com/plans/23776
변경,35329,35329,SKT,moyo,아이즈 (10GB/300분),monthly_fee,3900,24200,https://www.moyoplan.com/plans/35329
변경,35329,35329,SKT,moyo,아이즈 (10GB/300분),discounted_fee,3900,900,https://www.moyoplan.com/plans/35329
변경,35329,35329,SKT,moyo,아이즈 (10GB/300분),discount_type,,모요 프로모션 할인,https://www.moyoplan.com/plans/35329
변경,35329,35329,SKT,moyo,아이즈 (10GB/300분),discount_period_months,,12,https://www.moyoplan.com/plans/35329
변경,35329,35329,SKT,moyo,아이즈 (10GB/300분),base_tethering_gb,10.0,,https://www.moyoplan.com/plans/35329
변경,35329,35329,SKT,moyo,아이즈 (10GB/300분),tethering_gb,10.0,,https://www.moyoplan.com/plans/35329
변경,35329,35329,SKT,moyo,아이즈 (10GB/300분),voice_minutes,300.0,300,https://www.moyoplan.com/plans/35329
변경,35329,35329,SKT,moyo,아이즈 (10GB/300분),sms_count,300.0,300,https://www.moyoplan.com/plans/35329
변경,23778,23778,LGU+,moyo,티플 10GB(10GB/200분),voice_minutes,200.0,200,https://www.moyoplan.com/plans/23778
변경,23778,23778,LGU+,moyo,티플 10GB(10GB/200분),sms_count,100.0,100,https://www.moyoplan.com/plans/23778
변경,25308,25308,KT,moyo,스위트 100GB+,discount_period_months,36.0,36,https://www.moyoplan.com/plans/25308
변경,25308,25308,KT,moyo,스위트 100GB+,voice_extra_minutes,300.0,300,https://www.moyoplan.com/plans/25308
변경,18745,18745,KT,moyo,[모요only] 무제한 7GB+1M(밀리의서재 Free),discount_period_months,7.0,7,https://www.moyoplan.com/plans/18745
변경,18745,18745,KT,moyo,[모요only] 무제한 7GB+1M(밀리의서재 Free),voice_extra_minutes,300.0,300,https://www.moyoplan.com/plans/18745
변경,35416,35416,SKT,moyo,[S]울트라(100분/15GB),monthly_fee,5500,4900,https://www.moyoplan.com/plans/35416
변경,35416,35416,SKT,moyo,[S]울트라(100분/15GB),discounted_fee,5500,4900,https://www.moyoplan.com/plans/35416
변경,35416,35416,SKT,moyo,[S]울트라(100분/15GB),base_tethering_gb,15.0,,https://www.moyoplan.com/plans/35416
변경,35416,35416,SKT,moyo,[S]울트라(100분/15GB),tethering_gb,15.0,,https://www.moyoplan.com/plans/35416
변경,35416,35416,SKT,moyo,[S]울트라(100분/15GB),voice_minutes,100.0,100,https://www.moyoplan.com/plans/35416
변경,35416,35416,SKT,moyo,[S]울트라(100분/15GB),sms_count,100.0,100,https://www.moyoplan.com/plans/35416
변경,34909,34909,LGU+,moyo,이야기 라이트 10GB+(24개월),discount_period_months,24.0,24,https://www.moyoplan.com/plans/34909
변경,27749,27749,LGU+,moyo,시월 무제한 10GB+1Mbps,discount_period_months,7.0,7,https://www.moyoplan.com/plans/27749
변경,30898,30898,KT,moyo,EG CU 데이터 15G+3/300분(CU할인),discount_period_months,7.0,7,https://www.moyoplan.com/plans/30898
변경,30898,30898,KT,moyo,EG CU 데이터 15G+3/300분(CU할인),voice_minutes,300.0,300,https://www.moyoplan.com/plans/30898
변경,30898,30898,KT,moyo,EG CU 데이터 15G+3/300분(CU할인),sms_count,300.0,300,https://www.moyoplan.com/plans/30898
변경,29085,29085,SKT,moyo,함께이야기해S 무한 30GB,discount_period_months,12.0,12,https://www.moyoplan.com/plans/29085
변경,37391,37391,LGU+,moyo,[L] 5G 데이터 150GB+_2y_plus,discount_period_months,24.0,24,https://www.moyoplan.com/plans/37391
변경,22900,22900,LGU+,moyo,[일반] 실속 (10GB/100분),discount_period_months,6.0,6,https://www.moyoplan.com/plans/22900
변경,22900,22900,LGU+,moyo,[일반] 실속 (10GB/100분),voice_minutes,100.0,100,https://www.moyoplan.com/plans/22900
변경,22900,22900,LGU+,moyo,[일반] 실속 (10GB/100분),sms_count,100.0,100,https://www.moyoplan.com/plans/22900
변경,16406,16406,SKT,moyo,이야기 무한 10GB+,discount_period_months,7.0,7,https://www.moyoplan.com/plans/16406
변경,35330,35330,SKT,moyo,아이즈 (10GB/400분),monthly_fee,25300,2900,https://www.moyoplan.com/plans/35330
변경,35330,35330,SKT,moyo,아이즈 (10GB/400분),discount_type,모요 프로모션 할인,,https://www.moyoplan.com/plans/35330
변경,35330,35330,SKT,moyo,아이즈 (10GB/400분),discount_period_months,12.0,,https://www.moyoplan.com/plans/35330
변경,35330,35330,SKT,moyo,아이즈 (10GB/400분),base_tethering_gb,10.0,,https://www.moyoplan.com/plans/35330
변경,35330,35330,SKT,moyo,아이즈 (10GB/400분),tethering_gb,10.0,,https://www.moyoplan.com/plans/35330
변경,35330,35330,SKT,moyo,아이즈 (10GB/400분),voice_minutes,400.0,400,https://www.moyoplan.com/plans/35330
변경,35330,35330,SKT,moyo,아이즈 (10GB/400분),sms_count,400.0,400,https://www.moyoplan.com/plans/35330
변경,37265,37265,SKT,moyo,[S] 5G 모빙 300분15GB,voice_minutes,300.0,300,https://www.moyoplan.com/plans/37265
변경,37265,37265,SKT,moyo,[S] 5G 모빙 300분15GB,sms_count,100.0,100,https://www.moyoplan.com/plans/37265
변경,24205,24205,KT,moyo,LTE무제한 100GB+5M(CU20%할인),voice_extra_minutes,300.0,300,https://www.moyoplan.com/plans/24205
변경,29023,29023,SKT,moyo,5G 음성무제한 25GB,voice_extra_minutes,30.0,30,https://www.moyoplan.com/plans/29023
변경,29023,29023,SKT,moyo,5G 음성무제한 25GB,sms_count,200.0,200,https://www.moyoplan.com/plans/29023
변경,37238,37238,SKT,moyo,A 스마트 20GB/100분,discount_period_months,7.0,7,https://www.moyoplan.com/plans/37238
변경,37238,37238,SKT,moyo,A 스마트 20GB/100분,voice_minutes,100.0,100,https://www.moyoplan.com/plans/37238
변경,37238,37238,SKT,moyo,A 스마트 20GB/100분,sms_count,100.0,100,https://www.moyoplan.com/plans/37238
변경,29004,29004,LGU+,moyo,[L]아이즈11GB+일2GB,discount_period_months,7.0,7,https://www.moyoplan.com/plans/29004
변경,11199,11199,LGU+,moyo,슬림 안심 유심 2.5GB 250분,discount_period_months,6.0,6,https://www.moyoplan.com/plans/11199
변경,11199,11199,LGU+,moyo,슬림 안심 유심 2.5GB 250분,voice_minutes,250.0,250,https://www.moyoplan.com/plans/11199
변경,11199,11199,LGU+,moyo,슬림 안심 유심 2.5GB 250분,sms_count,250.0,250,https://www.moyoplan.com/plans/11199
변경,35446,35446,KT,moyo,[K]울트라(100분/20GB),discount_period_months,7.0,7,https://www.moyoplan.com/plans/35446
변경,35446,35446,KT,moyo,[K]울트라(100분/20GB),voice_minutes,100.0,100,https://www.moyoplan.com/plans/35446
변경,35446,35446,KT,moyo,[K]울트라(100분/20GB),sms_count,100.0,100,https://www.moyoplan.com/plans/35446
변경,30892,30892,KT,moyo,EG CU 무제한 10G+1(CU할인),discount_period_months,7.0,7,https://www.moyoplan.com/plans/30892
변경,30892,30892,KT,moyo,EG CU 무제한 10G+1(CU할인),voice_extra_minutes,300.0,300,https://www.moyoplan.com/plans/30892
변경,30849,30849,KT,moyo,EG 무제한 10GB+1(밀리의 서재),discount_period_months,7.0,7,https://www.moyoplan.com/plans/30849
변경,30849,30849,KT,moyo,EG 무제한 10GB+1(밀리의 서재),voice_extra_minutes,300.0,300,https://www.moyoplan.com/plans/30849
변경,25323,25323,LGU+,moyo,USIM스마트 심플(100분+2.5GB),discount_period_months,12.0,12,https://www.moyoplan.com/plans/25323
변경,25323,25323,LGU+,moyo,USIM스마트 심플(100분+2.5GB),voice_minutes,100.0,100,https://www.moyoplan.com/plans/25323
변경,25323,25323,LGU+,moyo,USIM스마트 심플(100분+2.5GB),sms_count,100.0,100,https://www.moyoplan.com/plans/25323
변경,25350,25350,KT,moyo,CU 스위트 무제한 11GB+,discount_period_months,7.0,7,https://www.moyoplan.com/plans/25350
변경,25350,25350,KT,moyo,CU 스위트 무제한 11GB+,voice_extra_minutes,300.0,300,https://www.moyoplan.com/plans/25350
변경,24723,24723,LGU+,moyo,빽다방 100잔 5G 5GB,voice_extra_minutes,50.0,50,https://www.moyoplan.com/plans/24723
변경,30992,30992,LGU+,moyo,우주LTE데이터(11GB+),voice_extra_minutes,300.0,300,https://www.moyoplan.com/plans/30992
변경,35445,35445,KT,moyo,[K]울트라(300분/15GB),discount_period_months,10.0,10,https://www.moyoplan.com/plans/35445
변경,35445,35445,KT,moyo,[K]울트라(300분/15GB),voice_minutes,300.0,300,https://www.moyoplan.com/plans/35445
변경,35445,35445,KT,moyo,[K]울트라(300분/15GB),sms_count,200.0,200,https://www.moyoplan.com/plans/35445
변경,37380,37380,LGU+,moyo,[L] 데이터 15GB+_2y_plus,discount_period_months,24.0,24,https://www.moyoplan.com/plans/37380
변경,37174,37174,KT,moyo,A 올라잇,discount_period_months,7.0,7,https://www.moyoplan.com/plans/37174
변경,36172,36172,KT,moyo,이야기 K 데이터 100GB+(다이소 5000P),discount_period_months,7.0,7,https://www.moyoplan.com/plans/36172
변경,37378,37378,LGU+,moyo,[L] 데이터 11GB+,discount_period_months,7.0,7,https://www.moyoplan.com/plans/37378
변경,36170,36170,KT,moyo,이야기 K 데이터 100GB+(배달의 민족 5000P),discount_period_months,7.0,7,https://www.moyoplan.com/plans/36170
변경,22902,22902,LGU+,moyo,[일반] 실속 (5GB/100분),discount_period_months,6.0,6,https://www.moyoplan.com/plans/22902
변경,22902,22902,LGU+,moyo,[일반] 실속 (5GB/100분),voice_minutes,100.0,100,https://www.moyoplan.com/plans/22902
변경,22902,22902,LGU+,moyo,[일반] 실속 (5GB/100분),sms_count,100.0,100,https://www.moyoplan.com/plans/22902
변경,16836,16836,KT,moyo,이야기K 데이터 7GB+(지니뮤직),discount_period_months,7.0,7,https://www.moyoplan.com/plans/16836
변경,35417,35417,SKT,moyo,[S]울트라(300분/15GB),discounted_fee,3300,10,https://www.moyoplan.com/plans/35417
변경,35417,35417,SKT,moyo,[S]울트라(300분/15GB),discount_period_months,7.0,7,https://www.moyoplan.com/plans/35417
변경,35417,35417,SKT,moyo,[S]울트라(300분/15GB),base_tethering_gb,15.0,,https://www.moyoplan.com/plans/35417
변경,35417,35417,SKT,moyo,[S]울트라(300분/15GB),tethering_gb,15.0,,https://www.moyoplan.com/plans/35417
변경,35417,35417,SKT,moyo,[S]울트라(300분/15GB),voice_minutes,300.0,300,https://www.moyoplan.com/plans/35417
변경,35417,35417,SKT,moyo,[S]울트라(300분/15GB),sms_count,100.0,100,https://www.moyoplan.com/plans/35417
변경,16266,16266,KT,moyo,5G 모두 충분 50GB+,voice_extra_minutes,300.0,300,https://www.moyoplan.com/plans/16266
변경,8166,8166,LGU+,moyo,내맘대로 차단형 (50분+500MB),voice_minutes,50.0,50,https://www.moyoplan.com/plans/8166
변경,8166,8166,LGU+,moyo,내맘대로 차단형 (50분+500MB),sms_count,50.0,50,https://www.moyoplan.com/plans/8166
변경,37250,37250,SKT,moyo,모빙 300분15GB,discount_period_months,7.0,7,https://www.moyoplan.com/plans/37250
변경,37250,37250,SKT,moyo,모빙 300분15GB,voice_minutes,300.0,300,https://www.moyoplan.com/plans/37250
변경,37250,37250,SKT,moyo,모빙 300분15GB,sms_count,300.0,300,https://www.moyoplan.com/plans/37250
변경,13787,13787,KT,moyo,모두 충분 6GB+,voice_extra_minutes,30.0,30,https://www.moyoplan.com/plans/13787
변경,37176,37176,KT,moyo,A 스탠다드 20GB/300분,discount_period_months,7.0,7,https://www.moyoplan.com/plans/37176
변경,37176,37176,KT,moyo,A 스탠다드 20GB/300분,voice_minutes,300.0,300,https://www.moyoplan.com/plans/37176
변경,37176,37176,KT,moyo,A 스탠다드 20GB/300분,sms_count,100.0,100,https://www.moyoplan.com/plans/37176
변경,31354,31354,LGU+,moyo,쿠폰팩 통화기본100GB+,discount_period_months,7.0,7,https://www.moyoplan.com/plans/31354
변경,31354,31354,LGU+,moyo,쿠폰팩 통화기본100GB+,voice_extra_minutes,300.0,300,https://www.moyoplan.com/plans/31354
변경,25229,25229,KT,moyo,5G 스위트 110GB,discount_period_months,36.0,36,https://www.moyoplan.com/plans/25229
변경,25229,25229,KT,moyo,5G 스위트 110GB,voice_extra_minutes,300.0,300,https://www.moyoplan.com/plans/25229
변경,37272,37272,SKT,moyo,[S] 5G 모빙 300분20GB,voice_minutes,300.0,300,https://www.moyoplan.com/plans/37272
변경,37272,37272,SKT,moyo,[S] 5G 모빙 300분20GB,sms_count,100.0,100,https://www.moyoplan.com/plans/37272
변경,30845,30845,LGU+,moyo,이지톡 1G,discount_period_months,6.0,6,https://www.moyoplan.com/plans/30845
변경,30845,30845,LGU+,moyo,이지톡 1G,voice_minutes,100.0,100,https://www.moyoplan.com/plans/30845
변경,30845,30845,LGU+,moyo,이지톡 1G,sms_count,100.0,100,https://www.moyoplan.com/plans/30845
변경,37451,37451,SKT,moyo,[S] 데이터 7GB,discount_period_months,12.0,12,https://www.moyoplan.com/plans/37451
변경,37451,37451,SKT,moyo,[S] 데이터 7GB,sms_count,200.0,200,https://www.moyoplan.com/plans/37451
변경,23286,23286,KT,moyo,KT 7GB+ (밀리의서재+올리브영 매월 5천원 상품권!),discount_period_months,7.0,7,https://www.moyoplan.com/plans/23286
변경,37436,37436,LGU+,moyo,A 5G 스페셜 슈퍼,discount_period_months,7.0,7,https://www.moyoplan.com/plans/37436
변경,24328,24328,KT,moyo,KT 15GB+ (CU 매월 20%+올리브영 매월 5천원 상품권!),discount_period_months,7.0,7,https://www.moyoplan.com/plans/24328
변경,16846,16846,KT,moyo,이야기K 안심 데이터 100G+(왓차_프리미엄),discount_period_months,7.0,7,https://www.moyoplan.com/plans/16846
변경,31937,31937,KT,moyo,[K]울트라(500분/20GB),voice_minutes,500.0,500,https://www.moyoplan.com/plans/31937
변경,31937,31937,KT,moyo,[K]울트라(500분/20GB),sms_count,300.0,300,https://www.moyoplan.com/plans/31937
변경,23539,23539,LGU+,moyo,Sugar 7GB+1M,discount_period_months,7.0,7,https://www.moyoplan.com/plans/23539
변경,31398,31398,LGU+,moyo,[L] 핀다이렉트Z 일5GB+,discount_period_months,7.0,7,https://www.moyoplan.com/plans/31398
변경,35448,35448,KT,moyo,[K]울트라(500분/15GB),discount_period_months,7.0,7,https://www.moyoplan.com/plans/35448
변경,35448,35448,KT,moyo,[K]울트라(500분/15GB),voice_minutes,500.0,500,https://www.moyoplan.com/plans/35448
변경,35448,35448,KT,moyo,[K]울트라(500분/15GB),sms_count,300.0,300,https://www.moyoplan.com/plans/35448
변경,37296,37296,KT,moyo,5G 쏙쏙 300분15GB,discount_period_months,7.0,7,https://www.moyoplan.com/plans/37296
변경,37296,37296,KT,moyo,5G 쏙쏙 300분15GB,voice_minutes,300.0,300,https://www.moyoplan.com/plans/37296
변경,37296,37296,KT,moyo,5G 쏙쏙 300분15GB,sms_count,100.0,100,https://www.moyoplan.com/plans/37296
변경,27258,27258,SKT,moyo,티플 SNOW 11GB+ [12개월간 SNOW앱 무료],discount_period_months,7.0,7,https://www.moyoplan.com/plans/27258
변경,34718,34718,LGU+,moyo,[L]5G 데이터95GB+3Mbps,discount_period_months,24.0,24,https://www.moyoplan.com/plans/34718
변경,31478,31478,LGU+,moyo,쿠폰팩 통화기본매일5GB+,discount_period_months,7.0,7,https://www.moyoplan.com/plans/31478
변경,30941,30941,KT,moyo,무제한 15GB+1M(다이소 매월 5000원),voice_extra_minutes,300.0,300,https://www.moyoplan.com/plans/30941
변경,24194,24194,KT,moyo,5G200분/10GB,voice_minutes,200.0,200,https://www.moyoplan.com/plans/24194
변경,24194,24194,KT,moyo,5G200분/10GB,sms_count,100.0,100,https://www.moyoplan.com/plans/24194
변경,20571,20571,LGU+,moyo,이야기 9GB 350분,discount_period_months,6.0,6,https://www.moyoplan.com/plans/20571
변경,20571,20571,LGU+,moyo,이야기 9GB 350분,voice_minutes,350.0,350,https://www.moyoplan.com/plans/20571
변경,20571,20571,LGU+,moyo,이야기 9GB 350분,sms_count,100.0,100,https://www.moyoplan.com/plans/20571
변경,30945,30945,KT,moyo,무제한 15GB+1M(올리브영 매월 5000원),voice_extra_minutes,300.0,300,https://www.moyoplan.com/plans/30945
변경,29903,29903,SKT,moyo,티플 위드유 11GB+(G car+세차클링),discount_period_months,7.0,7,https://www.moyoplan.com/plans/29903
변경,33903,33903,LGU+,moyo,모나300분10G안심1,discount_period_months,7.0,7,https://www.moyoplan.com/plans/33903
변경,33903,33903,LGU+,moyo,모나300분10G안심1,voice_minutes,300.0,300,https://www.moyoplan.com/plans/33903
변경,33903,33903,LGU+,moyo,모나300분10G안심1,sms_count,200.0,200,https://www.moyoplan.com/plans/33903
변경,33964,33964,KT,moyo,TOP 5G 200GB 기본 (밀리의서재),discount_period_months,7.0,7,https://www.moyoplan.com/plans/33964
변경,33964,33964,KT,moyo,TOP 5G 200GB 기본 (밀리의서재),voice_extra_minutes,300.0,300,https://www.moyoplan.com/plans/33964
변경,36324,36324,LGU+,moyo,[L]5G 데이터안심(200분/6GB+),discount_period_months,7.0,7,https://www.moyoplan.com/plans/36324
변경,36324,36324,LGU+,moyo,[L]5G 데이터안심(200분/6GB+),voice_minutes,200.0,200,https://www.moyoplan.com/plans/36324
변경,36324,36324,LGU+,moyo,[L]5G 데이터안심(200분/6GB+),sms_count,100.0,100,https://www.moyoplan.com/plans/36324
변경,16840,16840,KT,moyo,이야기K 데이터 11GB+(멜론),discount_period_months,7.0,7,https://www.moyoplan.com/plans/16840
변경,13981,13981,SKT,moyo,함께이야기해S(300분+30GB),discount_period_months,12.0,12,https://www.moyoplan.com/plans/13981
변경,13981,13981,SKT,moyo,함께이야기해S(300분+30GB),voice_minutes,300.0,300,https://www.moyoplan.com/plans/13981
변경,13981,13981,SKT,moyo,함께이야기해S(300분+30GB),sms_count,300.0,300,https://www.moyoplan.com/plans/13981
변경,24189,24189,KT,moyo,LTE200분/ 7GB,voice_minutes,200.0,200,https://www.moyoplan.com/plans/24189
변경,24189,24189,KT,moyo,LTE200분/ 7GB,sms_count,100.0,100,https://www.moyoplan.com/plans/24189
변경,26752,26752,KT,moyo,이야기K 데이터 11GB+(N Pay 5000P),discount_period_months,7.0,7,https://www.moyoplan.com/plans/26752
변경,27858,27858,LGU+,moyo,스마트,discount_period_months,7.0,7,https://www.moyoplan.com/plans/27858
변경,35390,35390,SKT,moyo,[S]음성자유/5GB,monthly_fee,2300,1590,https://www.moyoplan.com/plans/35390
변경,35390,35390,SKT,moyo,[S]음성자유/5GB,discounted_fee,2300,1590,https://www.moyoplan.com/plans/35390
변경,35390,35390,SKT,moyo,[S]음성자유/5GB,sms_count,100.0,100,https://www.moyoplan.com/plans/35390
변경,37270,37270,SKT,moyo,[S] 5G 데이터 15GB,sms_count,100.0,100,https://www.moyoplan.com/plans/37270
변경,36220,36220,LGU+,moyo,[L]5G 울트라(300분/15GB),discount_period_months,6.0,6,https://www.moyoplan.com/plans/36220
변경,36220,36220,LGU+,moyo,[L]5G 울트라(300분/15GB),voice_minutes,300.0,300,https://www.moyoplan.com/plans/36220
변경,36220,36220,LGU+,moyo,[L]5G 울트라(300분/15GB),sms_count,300.0,300,https://www.moyoplan.com/plans/36220
변경,26265,26265,LGU+,moyo,[평생할인] 3GB+/100분,voice_minutes,100.0,100,https://www.moyoplan.com/plans/26265
변경,26265,26265,LGU+,moyo,[평생할인] 3GB+/100분,sms_count,100.0,100,https://www.moyoplan.com/plans/26265
변경,37114,37114,LGU+,moyo,5G 스마트 95GB+,discount_period_months,7.0,7,https://www.moyoplan.com/plans/37114
변경,35482,35482,SKT,moyo,[S]울트라(500분/20GB),monthly_fee,9900,7300,https://www.moyoplan.com/plans/35482
변경,35482,35482,SKT,moyo,[S]울트라(500분/20GB),discounted_fee,9900,7300,https://www.moyoplan.com/plans/35482
변경,35482,35482,SKT,moyo,[S]울트라(500분/20GB),voice_minutes,500.0,500,https://www.moyoplan.com/plans/35482
변경,35482,35482,SKT,moyo,[S]울트라(500분/20GB),sms_count,100.0,100,https://www.moyoplan.com/plans/35482
변경,36985,36985,LGU+,moyo,[L]5G 아이즈95GB+3Mbps,discount_period_months,7.0,7,https://www.moyoplan.com/plans/36985
변경,25242,25242,KT,moyo,스위트 15GB+,discount_period_months,36.0,36,https://www.moyoplan.com/plans/25242
변경,25242,25242,KT,moyo,스위트 15GB+,voice_minutes,100.0,100,https://www.moyoplan.com/plans/25242
변경,25242,25242,KT,moyo,스위트 15GB+,sms_count,100.0,100,https://www.moyoplan.com/plans/25242
변경,24433,24433,KT,moyo,데이터마음껏 15GB＋＋(300분)(네이버페이 매월 5000P),discount_period_months,7.0,7,https://www.moyoplan.com/plans/24433
변경,24433,24433,KT,moyo,데이터마음껏 15GB＋＋(300분)(네이버페이 매월 5000P),voice_minutes,300.0,300,https://www.moyoplan.com/plans/24433
변경,24433,24433,KT,moyo,데이터마음껏 15GB＋＋(300분)(네이버페이 매월 5000P),sms_count,300.0,300,https://www.moyoplan.com/plans/24433
변경,29399,29399,KT,moyo,모두 충분 10GB+(올리브영_5000),voice_extra_minutes,300.0,300,https://www.moyoplan.com/plans/29399
변경,35440,35440,SKT,moyo,[S]올리브영11GB+,discount_period_months,7.0,7,https://www.moyoplan.com/plans/35440
변경,33163,33163,SKT,moyo,5G 통화안심 20GB,discount_period_months,4.0,4,https://www.moyoplan.com/plans/33163
변경,33163,33163,SKT,moyo,5G 통화안심 20GB,sms_count,100.0,100,https://www.moyoplan.com/plans/33163
변경,25261,25261,LGU+,moyo,5G스마트플러스(100분 + 3GB),discount_period_months,12.0,12,https://www.moyoplan.com/plans/25261
변경,25261,25261,LGU+,moyo,5G스마트플러스(100분 + 3GB),voice_minutes,100.0,100,https://www.moyoplan.com/plans/25261
변경,25261,25261,LGU+,moyo,5G스마트플러스(100분 + 3GB),sms_count,100.0,100,https://www.moyoplan.com/plans/25261
변경,34900,34900,LGU+,moyo,The 완전마음껏10G＋(스타벅스 매월 5000P),discount_period_months,24.0,24,https://www.moyoplan.com/plans/34900
변경,33904,33904,SKT,moyo,5G 통화안심 15GB,discount_period_months,4.0,4,https://www.moyoplan.com/plans/33904
변경,33904,33904,SKT,moyo,5G 통화안심 15GB,sms_count,100.0,100,https://www.moyoplan.com/plans/33904
변경,35481,35481,SKT,moyo,[S]음성자유/10GB,discounted_fee,2200,10,https://www.moyoplan.com/plans/35481
변경,35481,35481,SKT,moyo,[S]음성자유/10GB,discount_period_months,7.0,7,https://www.moyoplan.com/plans/35481
변경,35481,35481,SKT,moyo,[S]음성자유/10GB,base_tethering_gb,10.0,,https://www.moyoplan.com/plans/35481
변경,35481,35481,SKT,moyo,[S]음성자유/10GB,tethering_gb,10.0,,https://www.moyoplan.com/plans/35481
변경,35481,35481,SKT,moyo,[S]음성자유/10GB,voice_extra_minutes,30.0,,https://www.moyoplan.com/plans/35481
변경,35481,35481,SKT,moyo,[S]음성자유/10GB,sms_count,500.0,500,https://www.moyoplan.com/plans/35481
변경,24008,24008,SKT,moyo,티플 위드유 10GB＋(G car),discount_period_months,7.0,7,https://www.moyoplan.com/plans/24008
변경,37352,37352,LGU+,moyo,[L] 5G 100분10GB,discount_period_months,7.0,7,https://www.moyoplan.com/plans/37352
변경,37352,37352,LGU+,moyo,[L] 5G 100분10GB,voice_minutes,100.0,100,https://www.moyoplan.com/plans/37352
변경,37352,37352,LGU+,moyo,[L] 5G 100분10GB,sms_count,100.0,100,https://www.moyoplan.com/plans/37352
변경,25248,25248,SKT,moyo,후후 플러스 (200분+1GB),discount_period_months,5.0,5,https://www.moyoplan.com/plans/25248
변경,25248,25248,SKT,moyo,후후 플러스 (200분+1GB),voice_minutes,200.0,200,https://www.moyoplan.com/plans/25248
변경,25248,25248,SKT,moyo,후후 플러스 (200분+1GB),sms_count,100.0,100,https://www.moyoplan.com/plans/25248
변경,27487,27487,LGU+,moyo,[평생할인]인스 유심 스트롱 100GB+,voice_extra_minutes,300.0,300,https://www.moyoplan.com/plans/27487
변경,37231,37231,SKT,moyo,A 스마트 10GB,discount_period_months,7.0,7,https://www.moyoplan.com/plans/37231
변경,25352,25352,KT,moyo,5G 스위트 110GB+(지니뮤직),discount_period_months,36.0,36,https://www.moyoplan.com/plans/25352
변경,25352,25352,KT,moyo,5G 스위트 110GB+(지니뮤직),voice_extra_minutes,300.0,300,https://www.moyoplan.com/plans/25352
변경,31742,31742,KT,moyo,USIM 스위트 (300분/10GB),discount_period_months,6.0,6,https://www.moyoplan.com/plans/31742
변경,31742,31742,KT,moyo,USIM 스위트 (300분/10GB),voice_minutes,300.0,300,https://www.moyoplan.com/plans/31742
변경,31742,31742,KT,moyo,USIM 스위트 (300분/10GB),sms_count,100.0,100,https://www.moyoplan.com/plans/31742
변경,29904,29904,SKT,moyo,티플 위드유 100GB+(G car+세차클링),discount_period_months,7.0,7,https://www.moyoplan.com/plans/29904
변경,19143,19143,KT,moyo,고고100분/5GB+1Mbps,voice_minutes,100.0,100,https://www.moyoplan.com/plans/19143
변경,19143,19143,KT,moyo,고고100분/5GB+1Mbps,sms_count,100.0,100,https://www.moyoplan.com/plans/19143
변경,35432,35432,SKT,moyo,[S]음성자유/7GB,discounted_fee,3400,1980,https://www.moyoplan.com/plans/35432
변경,35432,35432,SKT,moyo,[S]음성자유/7GB,discount_period_months,12.0,12,https://www.moyoplan.com/plans/35432
변경,35432,35432,SKT,moyo,[S]음성자유/7GB,sms_count,100.0,100,https://www.moyoplan.com/plans/35432
변경,37392,37392,LGU+,moyo,[L] 5G 데이터 95GB+_2y_plus,discount_period_months,24.0,24,https://www.moyoplan.com/plans/37392
변경,23742,23742,LGU+,moyo,[일반] 실속 (10GB/300분),discount_period_months,6.0,6,https://www.moyoplan.com/plans/23742
변경,23742,23742,LGU+,moyo,[일반] 실속 (10GB/300분),voice_minutes,300.0,300,https://www.moyoplan.com/plans/23742
변경,23742,23742,LGU+,moyo,[일반] 실속 (10GB/300분),sms_count,100.0,100,https://www.moyoplan.com/plans/23742
변경,13985,13985,SKT,moyo,5G 함께이야기해S (200분+6GB),voice_minutes,200.0,200,https://www.moyoplan.com/plans/13985
변경,13985,13985,SKT,moyo,5G 함께이야기해S (200분+6GB),sms_count,100.0,100,https://www.moyoplan.com/plans/13985
변경,25322,25322,LGU+,moyo,USIM스마트 심플(100분+3.5GB),discount_period_months,12.0,12,https://www.moyoplan.com/plans/25322
변경,25322,25322,LGU+,moyo,USIM스마트 심플(100분+3.5GB),voice_minutes,100.0,100,https://www.moyoplan.com/plans/25322
변경,25322,25322,LGU+,moyo,USIM스마트 심플(100분+3.5GB),sms_count,100.0,100,https://www.moyoplan.com/plans/25322
변경,25262,25262,LGU+,moyo,5G 스마트플러스 (200분+3GB),discount_period_months,12.0,12,https://www.moyoplan.com/plans/25262
변경,25262,25262,LGU+,moyo,5G 스마트플러스 (200분+3GB),voice_minutes,200.0,200,https://www.moyoplan.com/plans/25262
변경,25262,25262,LGU+,moyo,5G 스마트플러스 (200분+3GB),sms_count,100.0,100,https://www.moyoplan.com/plans/25262
변경,29949,29949,SKT,moyo,이야기 라이트S 100분 15GB+,voice_minutes,100.0,100,https://www.moyoplan.com/plans/29949
변경,29949,29949,SKT,moyo,이야기 라이트S 100분 15GB+,sms_count,100.0,100,https://www.moyoplan.com/plans/29949
변경,12152,12152,SKT,moyo,5G 이야기 무한 110GB,discount_period_months,7.0,7,https://www.moyoplan.com/plans/12152
변경,37393,37393,LGU+,moyo,홈결합 스페셜A,discount_period_months,12.0,12,https://www.moyoplan.com/plans/37393
변경,36221,36221,LGU+,moyo,[L]100GB+5Mbps,discount_period_months,7.0,7,https://www.moyoplan.com/plans/36221
변경,36221,36221,LGU+,moyo,[L]100GB+5Mbps,voice_extra_minutes,300.0,300,https://www.moyoplan.com/plans/36221
변경,37275,37275,SKT,moyo,[S] 5G 모빙 500분20GB,voice_minutes,500.0,500,https://www.moyoplan.com/plans/37275
변경,37275,37275,SKT,moyo,[S] 5G 모빙 500분20GB,sms_count,100.0,100,https://www.moyoplan.com/plans/37275
변경,35535,35535,KT,moyo,TOP 5G 200GB 기본 (네이버페이),discount_period_months,7.0,7,https://www.moyoplan.com/plans/35535
변경,35535,35535,KT,moyo,TOP 5G 200GB 기본 (네이버페이),voice_extra_minutes,300.0,300,https://www.moyoplan.com/plans/35535
변경,25357,25357,KT,moyo,스위트 7GB+(밀리의서재) (+10GB 24개월간 추가 제공),discount_period_months,12.0,12,https://www.moyoplan.com/plans/25357
변경,25357,25357,KT,moyo,스위트 7GB+(밀리의서재) (+10GB 24개월간 추가 제공),voice_extra_minutes,300.0,300,https://www.moyoplan.com/plans/25357
변경,8165,8165,LGU+,moyo,내맘대로 차단형 (0분+500MB),voice_minutes,0.0,0,https://www.moyoplan.com/plans/8165
변경,8165,8165,LGU+,moyo,내맘대로 차단형 (0분+500MB),sms_count,0.0,0,https://www.moyoplan.com/plans/8165
변경,31925,31925,KT,moyo,스위트 100GB+(다이소 3000),discount_period_months,7.0,7,https://www.moyoplan.com/plans/31925
변경,31925,31925,KT,moyo,스위트 100GB+(다이소 3000),voice_extra_minutes,300.0,300,https://www.moyoplan.com/plans/31925
변경,35864,35864,LGU+,moyo,티플온 15G＋(300분),discount_period_months,7.0,7,https://www.moyoplan.com/plans/35864
변경,35864,35864,LGU+,moyo,티플온 15G＋(300분),voice_minutes,300.0,300,https://www.moyoplan.com/plans/35864
변경,35864,35864,LGU+,moyo,티플온 15G＋(300분),sms_count,300.0,300,https://www.moyoplan.com/plans/35864
변경,37212,37212,LGU+,moyo,A 갓성비 20GB/100분 (기본 10GB+추가 10GB 제공),discount_period_months,7.0,7,https://www.moyoplan.com/plans/37212
변경,37212,37212,LGU+,moyo,A 갓성비 20GB/100분 (기본 10GB+추가 10GB 제공),voice_minutes,100.0,100,https://www.moyoplan.com/plans/37212
변경,37212,37212,LGU+,moyo,A 갓성비 20GB/100분 (기본 10GB+추가 10GB 제공),sms_count,100.0,100,https://www.moyoplan.com/plans/37212
변경,25286,25286,KT,moyo,스위트 11GB+,discount_period_months,36.0,36,https://www.moyoplan.com/plans/25286
변경,25286,25286,KT,moyo,스위트 11GB+,voice_extra_minutes,300.0,300,https://www.moyoplan.com/plans/25286
변경,37354,37354,LGU+,moyo,실속 200분6GB+,discount_period_months,6.0,6,https://www.moyoplan.com/plans/37354
변경,37354,37354,LGU+,moyo,실속 200분6GB+,voice_minutes,200.0,200,https://www.moyoplan.com/plans/37354
변경,37354,37354,LGU+,moyo,실속 200분6GB+,sms_count,100.0,100,https://www.moyoplan.com/plans/37354
변경,37290,37290,KT,moyo,쏙쏙 300분7GB,discount_period_months,5.0,5,https://www.moyoplan.com/plans/37290
변경,37290,37290,KT,moyo,쏙쏙 300분7GB,voice_minutes,300.0,300,https://www.moyoplan.com/plans/37290
변경,37290,37290,KT,moyo,쏙쏙 300분7GB,sms_count,100.0,100,https://www.moyoplan.com/plans/37290
변경,27856,27856,LGU+,moyo,후후 스마트 11GB+,discount_period_months,7.0,7,https://www.moyoplan.com/plans/27856
변경,15373,15373,LGU+,moyo,[평생할인]인스 유심 음성 120분+1.5GB,voice_minutes,120.0,120,https://www.moyoplan.com/plans/15373
변경,15373,15373,LGU+,moyo,[평생할인]인스 유심 음성 120분+1.5GB,voice_extra_minutes,0.0,0,https://www.moyoplan.com/plans/15373
변경,15373,15373,LGU+,moyo,[평생할인]인스 유심 음성 120분+1.5GB,sms_count,100.0,100,https://www.moyoplan.com/plans/15373
변경,31004,31004,KT,moyo,[모요only] 쉐이크 LTE 11GB+_모아진 전자 구독,discount_period_months,7.0,7,https://www.moyoplan.com/plans/31004
변경,31004,31004,KT,moyo,[모요only] 쉐이크 LTE 11GB+_모아진 전자 구독,voice_extra_minutes,300.0,300,https://www.moyoplan.com/plans/31004
변경,35823,35823,KT,moyo,TOP 5G 200GB 기본 (올리브영),discount_period_months,12.0,12,https://www.moyoplan.com/plans/35823
변경,35823,35823,KT,moyo,TOP 5G 200GB 기본 (올리브영),voice_extra_minutes,300.0,300,https://www.moyoplan.com/plans/35823
변경,35326,35326,SKT,moyo,아이즈 (10GB/200분),monthly_fee,3600,2500,https://www.moyoplan.com/plans/35326
변경,35326,35326,SKT,moyo,아이즈 (10GB/200분),discounted_fee,3600,2500,https://www.moyoplan.com/plans/35326
변경,35326,35326,SKT,moyo,아이즈 (10GB/200분),base_tethering_gb,10.0,,https://www.moyoplan.com/plans/35326
변경,35326,35326,SKT,moyo,아이즈 (10GB/200분),tethering_gb,10.0,,https://www.moyoplan.com/plans/35326
변경,35326,35326,SKT,moyo,아이즈 (10GB/200분),voice_minutes,200.0,200,https://www.moyoplan.com/plans/35326
변경,35326,35326,SKT,moyo,아이즈 (10GB/200분),sms_count,200.0,200,https://www.moyoplan.com/plans/35326
변경,37395,37395,LGU+,moyo,[L] 데이터11GB+_2y_plus,discount_period_months,24.0,24,https://www.moyoplan.com/plans/37395
변경,13955,13955,LGU+,moyo,세이브머니유심(100분/10GB+),voice_minutes,100.0,100,https://www.moyoplan.com/plans/13955
변경,13955,13955,LGU+,moyo,세이브머니유심(100분/10GB+),sms_count,100.0,100,https://www.moyoplan.com/plans/13955
변경,29953,29953,SKT,moyo,이야기 라이트S 100분 10GB+,voice_minutes,100.0,100,https://www.moyoplan.com/plans/29953
변경,29953,29953,SKT,moyo,이야기 라이트S 100분 10GB+,sms_count,100.0,100,https://www.moyoplan.com/plans/29953
변경,25244,25244,SKT,moyo,USIM 알뜰 15GB+,voice_minutes,100.0,100,https://www.moyoplan.com/plans/25244
변경,25244,25244,SKT,moyo,USIM 알뜰 15GB+,sms_count,100.0,100,https://www.moyoplan.com/plans/25244
변경,24010,24010,KT,moyo,LTE무제한 11GB+3M(CU20%할인),voice_extra_minutes,300.0,300,https://www.moyoplan.com/plans/24010
변경,25349,25349,KT,moyo,CU 스위트 무제한 15GB+ (+10GB 24개월간 추가 제공),discount_period_months,7.0,7,https://www.moyoplan.com/plans/25349
변경,25349,25349,KT,moyo,CU 스위트 무제한 15GB+ (+10GB 24개월간 추가 제공),voice_extra_minutes,300.0,300,https://www.moyoplan.com/plans/25349
변경,27420,27420,LGU+,moyo,[L]스페셜300분/15GB+,discount_period_months,7.0,7,https://www.moyoplan.com/plans/27420
변경,27420,27420,LGU+,moyo,[L]스페셜300분/15GB+,voice_minutes,300.0,300,https://www.moyoplan.com/plans/27420
변경,27420,27420,LGU+,moyo,[L]스페셜300분/15GB+,sms_count,300.0,300,https://www.moyoplan.com/plans/27420
변경,25320,25320,KT,moyo,스위트3 15GB+(밀리의서재) (+10GB 24개월간 추가 제공),discount_period_months,7.0,7,https://www.moyoplan.com/plans/25320
변경,25320,25320,KT,moyo,스위트3 15GB+(밀리의서재) (+10GB 24개월간 추가 제공),voice_extra_minutes,300.0,300,https://www.moyoplan.com/plans/25320
변경,24434,24434,KT,moyo,KT 15GB+ (밀리의서재+올리브영 매월 5천원 상품권!),discount_period_months,7.0,7,https://www.moyoplan.com/plans/24434
변경,25334,25334,SKT,moyo,USIM 스마일 5G망 (200분/10GB),discount_period_months,5.0,5,https://www.moyoplan.com/plans/25334
변경,25334,25334,SKT,moyo,USIM 스마일 5G망 (200분/10GB),voice_minutes,200.0,200,https://www.moyoplan.com/plans/25334
변경,25334,25334,SKT,moyo,USIM 스마일 5G망 (200분/10GB),sms_count,100.0,100,https://www.moyoplan.com/plans/25334
변경,28116,28116,LGU+,moyo,세이브머니유심(100분/5GB),voice_minutes,100.0,100,https://www.moyoplan.com/plans/28116
변경,28116,28116,LGU+,moyo,세이브머니유심(100분/5GB),sms_count,50.0,50,https://www.moyoplan.com/plans/28116
변경,6826,6826,LGU+,moyo,DATA 걱정없는 유심 2.5GB,voice_extra_minutes,110.0,110,https://www.moyoplan.com/plans/6826
변경,30951,30951,LGU+,moyo,[모요only] 프라임 15GB+3Mbps 300분,discount_period_months,7.0,7,https://www.moyoplan.com/plans/30951
변경,30951,30951,LGU+,moyo,[모요only] 프라임 15GB+3Mbps 300분,voice_minutes,300.0,300,https://www.moyoplan.com/plans/30951
변경,30951,30951,LGU+,moyo,[모요only] 프라임 15GB+3Mbps 300분,sms_count,300.0,300,https://www.moyoplan.com/plans/30951
변경,30010,30010,LGU+,moyo,[올리브영 12만원] 6GB/통화기본,voice_extra_minutes,50.0,50,https://www.moyoplan.com/plans/30010
변경,11318,11318,LGU+,moyo,[평생할인]인스 유심 올프리 7GB+,voice_extra_minutes,300.0,300,https://www.moyoplan.com/plans/11318
변경,29956,29956,KT,moyo,[K] DIGITAL DETOX 3GB 챌린지,discount_period_months,7.0,7,https://www.moyoplan.com/plans/29956
변경,29956,29956,KT,moyo,[K] DIGITAL DETOX 3GB 챌린지,voice_minutes,100.0,100,https://www.moyoplan.com/plans/29956
변경,29956,29956,KT,moyo,[K] DIGITAL DETOX 3GB 챌린지,sms_count,100.0,100,https://www.moyoplan.com/plans/29956
변경,35276,35276,SKT,moyo,티플북 10G+(도서문화상품권 매월 5000P),discount_period_months,7.0,7,https://www.moyoplan.com/plans/35276
변경,35327,35327,SKT,moyo,아이즈 (10GB/100분),discounted_fee,900,10,https://www.moyoplan.com/plans/35327
변경,35327,35327,SKT,moyo,아이즈 (10GB/100분),discount_period_months,7.0,7,https://www.moyoplan.com/plans/35327
변경,35327,35327,SKT,moyo,아이즈 (10GB/100분),base_tethering_gb,10.0,,https://www.moyoplan.com/plans/35327
변경,35327,35327,SKT,moyo,아이즈 (10GB/100분),tethering_gb,10.0,,https://www.moyoplan.com/plans/35327
변경,35327,35327,SKT,moyo,아이즈 (10GB/100분),voice_minutes,100.0,100,https://www.moyoplan.com/plans/35327
변경,35327,35327,SKT,moyo,아이즈 (10GB/100분),sms_count,100.0,100,https://www.moyoplan.com/plans/35327
변경,35327,35327,SKT,moyo,아이즈 (10GB/100분),benefit_count,0,1,https://www.moyoplan.com/plans/35327
변경,37236,37236,SKT,moyo,A 넥스트 71GB+,discount_period_months,7.0,7,https://www.moyoplan.com/plans/37236
변경,11321,11321,LGU+,moyo,[평생할인]인스 유심 스트롱 15GB+,voice_minutes,100.0,100,https://www.moyoplan.com/plans/11321
변경,11321,11321,LGU+,moyo,[평생할인]인스 유심 스트롱 15GB+,voice_extra_minutes,0.0,0,https://www.moyoplan.com/plans/11321
변경,11321,11321,LGU+,moyo,[평생할인]인스 유심 스트롱 15GB+,sms_count,100.0,100,https://www.moyoplan.com/plans/11321
변경,37294,37294,KT,moyo,[K] 5G 200분15GB,discount_period_months,7.0,7,https://www.moyoplan.com/plans/37294
변경,37294,37294,KT,moyo,[K] 5G 200분15GB,voice_minutes,200.0,200,https://www.moyoplan.com/plans/37294
변경,37294,37294,KT,moyo,[K] 5G 200분15GB,sms_count,100.0,100,https://www.moyoplan.com/plans/37294
변경,37356,37356,LGU+,moyo,실속 500분10GB,discount_period_months,12.0,12,https://www.moyoplan.com/plans/37356
변경,37356,37356,LGU+,moyo,실속 500분10GB,voice_minutes,500.0,500,https://www.moyoplan.com/plans/37356
변경,37356,37356,LGU+,moyo,실속 500분10GB,sms_count,100.0,100,https://www.moyoplan.com/plans/37356
변경,13288,13288,LGU+,moyo,[평생할인]실속 200분+2GB(USIM),voice_minutes,200.0,200,https://www.moyoplan.com/plans/13288
변경,13288,13288,LGU+,moyo,[평생할인]실속 200분+2GB(USIM),voice_extra_minutes,0.0,0,https://www.moyoplan.com/plans/13288
변경,13288,13288,LGU+,moyo,[평생할인]실속 200분+2GB(USIM),sms_count,50.0,50,https://www.moyoplan.com/plans/13288
변경,25232,25232,SKT,moyo,USIM 알뜰데이터2 15GB+,discount_period_months,7.0,7,https://www.moyoplan.com/plans/25232
변경,25232,25232,SKT,moyo,USIM 알뜰데이터2 15GB+,voice_minutes,300.0,300,https://www.moyoplan.com/plans/25232
변경,25232,25232,SKT,moyo,USIM 알뜰데이터2 15GB+,sms_count,300.0,300,https://www.moyoplan.com/plans/25232
변경,37319,37319,KT,moyo,[K] 후후 안심 11GB+,discount_period_months,7.0,7,https://www.moyoplan.com/plans/37319
변경,15305,15305,LGU+,moyo,인스 유심 스피드(5G) 180GB+,discount_period_months,7.0,7,https://www.moyoplan.com/plans/15305
변경,35534,35534,KT,moyo,TOP 5G 200GB 기본 (다이소),discount_period_months,7.0,7,https://www.moyoplan.com/plans/35534
변경,35534,35534,KT,moyo,TOP 5G 200GB 기본 (다이소),voice_extra_minutes,300.0,300,https://www.moyoplan.com/plans/35534
변경,31921,31921,KT,moyo,스위트 100GB+(올영 5000),discount_period_months,7.0,7,https://www.moyoplan.com/plans/31921
변경,31921,31921,KT,moyo,스위트 100GB+(올영 5000),voice_extra_minutes,300.0,300,https://www.moyoplan.com/plans/31921
변경,25341,25341,KT,moyo,스위트 7GB+(후후) (+10GB 24개월간 추가 제공),discount_period_months,36.0,36,https://www.moyoplan.com/plans/25341
변경,25341,25341,KT,moyo,스위트 7GB+(후후) (+10GB 24개월간 추가 제공),voice_extra_minutes,300.0,300,https://www.moyoplan.com/plans/25341
변경,37256,37256,SKT,moyo,[S] 100분1GB,voice_minutes,100.0,100,https://www.moyoplan.com/plans/37256
변경,37256,37256,SKT,moyo,[S] 100분1GB,sms_count,100.0,100,https://www.moyoplan.com/plans/37256
변경,37224,37224,SKT,moyo,A 5G 스마트 15GB/300분,discount_period_months,7.0,7,https://www.moyoplan.com/plans/37224
변경,37224,37224,SKT,moyo,A 5G 스마트 15GB/300분,voice_minutes,300.0,300,https://www.moyoplan.com/plans/37224
변경,37224,37224,SKT,moyo,A 5G 스마트 15GB/300분,sms_count,100.0,100,https://www.moyoplan.com/plans/37224
변경,37229,37229,SKT,moyo,A 스마트 5GB/100분,discount_period_months,12.0,12,https://www.moyoplan.com/plans/37229
변경,37229,37229,SKT,moyo,A 스마트 5GB/100분,voice_minutes,100.0,100,https://www.moyoplan.com/plans/37229
변경,37229,37229,SKT,moyo,A 스마트 5GB/100분,sms_count,100.0,100,https://www.moyoplan.com/plans/37229
변경,37450,37450,SKT,moyo,모빙 200분7GB,discount_period_months,12.0,12,https://www.moyoplan.com/plans/37450
변경,37450,37450,SKT,moyo,모빙 200분7GB,voice_minutes,200.0,200,https://www.moyoplan.com/plans/37450
변경,37450,37450,SKT,moyo,모빙 200분7GB,sms_count,200.0,200,https://www.moyoplan.com/plans/37450
변경,35411,35411,KT,moyo,[K]무한100GB+ Npay,discount_period_months,7.0,7,https://www.moyoplan.com/plans/35411
변경,35411,35411,KT,moyo,[K]무한100GB+ Npay,voice_extra_minutes,300.0,300,https://www.moyoplan.com/plans/35411
변경,33042,33042,KT,moyo,EG 10무제한 7G+1(밀리의 서재+매월10GB),discount_period_months,10.0,10,https://www.moyoplan.com/plans/33042
변경,18307,18307,LGU+,moyo,[L]벤티(200분/10GB),discount_period_months,7.0,7,https://www.moyoplan.com/plans/18307
변경,18307,18307,LGU+,moyo,[L]벤티(200분/10GB),voice_minutes,200.0,200,https://www.moyoplan.com/plans/18307
변경,18307,18307,LGU+,moyo,[L]벤티(200분/10GB),sms_count,100.0,100,https://www.moyoplan.com/plans/18307
변경,25264,25264,KT,moyo,스위트 11GB+(지니뮤직),discount_period_months,36.0,36,https://www.moyoplan.com/plans/25264
변경,25264,25264,KT,moyo,스위트 11GB+(지니뮤직),voice_extra_minutes,300.0,300,https://www.moyoplan.com/plans/25264
변경,25276,25276,KT,moyo,스위트 11GB+(왓챠),discount_period_months,36.0,36,https://www.moyoplan.com/plans/25276
변경,25276,25276,KT,moyo,스위트 11GB+(왓챠),voice_extra_minutes,300.0,300,https://www.moyoplan.com/plans/25276
변경,35479,35479,SKT,moyo,[S]아이즈팩 100GB+,discount_period_months,7.0,7,https://www.moyoplan.com/plans/35479
변경,35479,35479,SKT,moyo,[S]아이즈팩 100GB+,voice_extra_minutes,300.0,300,https://www.moyoplan.com/plans/35479
변경,29960,29960,LGU+,moyo,더중앙+모나_100G+5M,discount_period_months,7.0,7,https://www.moyoplan.com/plans/29960
변경,29960,29960,LGU+,moyo,더중앙+모나_100G+5M,voice_extra_minutes,300.0,300,https://www.moyoplan.com/plans/29960
변경,34850,34850,LGU+,moyo,[L]벤티(100분/10GB),discount_period_months,7.0,7,https://www.moyoplan.com/plans/34850
변경,34850,34850,LGU+,moyo,[L]벤티(100분/10GB),voice_minutes,100.0,100,https://www.moyoplan.com/plans/34850
변경,34850,34850,LGU+,moyo,[L]벤티(100분/10GB),sms_count,100.0,100,https://www.moyoplan.com/plans/34850
변경,25287,25287,KT,moyo,스위트 11GB+(멜론),discount_period_months,36.0,36,https://www.moyoplan.com/plans/25287
변경,25287,25287,KT,moyo,스위트 11GB+(멜론),voice_extra_minutes,300.0,300,https://www.moyoplan.com/plans/25287
변경,30991,30991,LGU+,moyo,우주LTE데이터(15GB+),voice_minutes,100.0,100,https://www.moyoplan.com/plans/30991
변경,30991,30991,LGU+,moyo,우주LTE데이터(15GB+),sms_count,100.0,100,https://www.moyoplan.com/plans/30991
변경,23368,23368,KT,moyo,[모요only] 쉐이크 LTE 11GB+_CU,discount_period_months,7.0,7,https://www.moyoplan.com/plans/23368
변경,23368,23368,KT,moyo,[모요only] 쉐이크 LTE 11GB+_CU,voice_extra_minutes,300.0,300,https://www.moyoplan.com/plans/23368
변경,25268,25268,SKT,moyo,USIM 스마일 5G망 (500분/10GB),discount_period_months,5.0,5,https://www.moyoplan.com/plans/25268
변경,25268,25268,SKT,moyo,USIM 스마일 5G망 (500분/10GB),voice_minutes,500.0,500,https://www.moyoplan.com/plans/25268
변경,25268,25268,SKT,moyo,USIM 스마일 5G망 (500분/10GB),sms_count,100.0,100,https://www.moyoplan.com/plans/25268
변경,26864,26864,LGU+,moyo,음성 300분 15GB+3Mbps,discount_period_months,7.0,7,https://www.moyoplan.com/plans/26864
변경,26864,26864,LGU+,moyo,음성 300분 15GB+3Mbps,voice_minutes,300.0,300,https://www.moyoplan.com/plans/26864
변경,26864,26864,LGU+,moyo,음성 300분 15GB+3Mbps,voice_extra_minutes,0.0,0,https://www.moyoplan.com/plans/26864
변경,26864,26864,LGU+,moyo,음성 300분 15GB+3Mbps,sms_count,300.0,300,https://www.moyoplan.com/plans/26864
변경,20876,20876,LGU+,moyo,[평생할인]올프리 1GB+(USIM),voice_extra_minutes,110.0,110,https://www.moyoplan.com/plans/20876
변경,25258,25258,SKT,moyo,스마일 1GB+,discount_period_months,7.0,7,https://www.moyoplan.com/plans/25258
변경,25258,25258,SKT,moyo,스마일 1GB+,voice_extra_minutes,100.0,100,https://www.moyoplan.com/plans/25258
변경,35468,35468,SKT,moyo,[S]이디야 블루 11GB+,discount_period_months,7.0,7,https://www.moyoplan.com/plans/35468
변경,23373,23373,KT,moyo,[모요only] 5G 무제한 30GB+1Mbps,discount_period_months,12.0,12,https://www.moyoplan.com/plans/23373
변경,23373,23373,KT,moyo,[모요only] 5G 무제한 30GB+1Mbps,voice_extra_minutes,300.0,300,https://www.moyoplan.com/plans/23373
변경,35467,35467,SKT,moyo,[S]OK캐쉬백 100GB+,discount_period_months,12.0,12,https://www.moyoplan.com/plans/35467
변경,13982,13982,SKT,moyo,함께이야기해S(500분+30GB),voice_minutes,500.0,500,https://www.moyoplan.com/plans/13982
변경,13982,13982,SKT,moyo,함께이야기해S(500분+30GB),sms_count,300.0,300,https://www.moyoplan.com/plans/13982
변경,15071,15071,LGU+,moyo,이야기 라이트 100분5GB+,discount_period_months,24.0,24,https://www.moyoplan.com/plans/15071
변경,15071,15071,LGU+,moyo,이야기 라이트 100분5GB+,voice_minutes,100.0,100,https://www.moyoplan.com/plans/15071
변경,15071,15071,LGU+,moyo,이야기 라이트 100분5GB+,sms_count,100.0,100,https://www.moyoplan.com/plans/15071
변경,37125,37125,LGU+,moyo,5G_모나데이터50G안심1,discount_period_months,12.0,12,https://www.moyoplan.com/plans/37125
변경,25241,25241,KT,moyo,스위트 100GB+(왓챠 프리미엄),discount_period_months,36.0,36,https://www.moyoplan.com/plans/25241
변경,25241,25241,KT,moyo,스위트 100GB+(왓챠 프리미엄),voice_extra_minutes,300.0,300,https://www.moyoplan.com/plans/25241
변경,37243,37243,SKT,moyo,A 넥스트 100GB+(네이버페이 1만x7개월),discount_period_months,7.0,7,https://www.moyoplan.com/plans/37243
변경,22790,22790,KT,moyo,[모요only] 쉐이크 LTE 11GB+_밀리의서재,discount_period_months,7.0,7,https://www.moyoplan.com/plans/22790
변경,22790,22790,KT,moyo,[모요only] 쉐이크 LTE 11GB+_밀리의서재,voice_extra_minutes,300.0,300,https://www.moyoplan.com/plans/22790
변경,20077,20077,LGU+,moyo,[모요only] 내맘대로 (100분+1GB),voice_minutes,100.0,100,https://www.moyoplan.com/plans/20077
변경,20077,20077,LGU+,moyo,[모요only] 내맘대로 (100분+1GB),sms_count,50.0,50,https://www.moyoplan.com/plans/20077
변경,37227,37227,SKT,moyo,A 스마트 15GB,discount_period_months,7.0,7,https://www.moyoplan.com/plans/37227
변경,25306,25306,KT,moyo,스위트 100GB+(왓챠),discount_period_months,36.0,36,https://www.moyoplan.com/plans/25306
변경,25306,25306,KT,moyo,스위트 100GB+(왓챠),voice_extra_minutes,300.0,300,https://www.moyoplan.com/plans/25306
변경,37367,37367,LGU+,moyo,[L] 5G 300분15GB+,discount_period_months,6.0,6,https://www.moyoplan.com/plans/37367
변경,37367,37367,LGU+,moyo,[L] 5G 300분15GB+,voice_minutes,300.0,300,https://www.moyoplan.com/plans/37367
변경,37367,37367,LGU+,moyo,[L] 5G 300분15GB+,sms_count,300.0,300,https://www.moyoplan.com/plans/37367
변경,37255,37255,SKT,moyo,[S] 200분10GB,discount_period_months,12.0,12,https://www.moyoplan.com/plans/37255
변경,37255,37255,SKT,moyo,[S] 200분10GB,voice_minutes,200.0,200,https://www.moyoplan.com/plans/37255
변경,37255,37255,SKT,moyo,[S] 200분10GB,sms_count,200.0,200,https://www.moyoplan.com/plans/37255
변경,20918,20918,KT,moyo,WELL ON 비디오,voice_extra_minutes,300.0,300,https://www.moyoplan.com/plans/20918
변경,15070,15070,LGU+,moyo,이야기 라이트 100분1GB+,discount_period_months,12.0,12,https://www.moyoplan.com/plans/15070
변경,15070,15070,LGU+,moyo,이야기 라이트 100분1GB+,voice_minutes,100.0,100,https://www.moyoplan.com/plans/15070
변경,15070,15070,LGU+,moyo,이야기 라이트 100분1GB+,sms_count,100.0,100,https://www.moyoplan.com/plans/15070
변경,37398,37398,LGU+,moyo,[L] 데이터 매일5GB+_24개월,discount_period_months,24.0,24,https://www.moyoplan.com/plans/37398
변경,26742,26742,KT,moyo,이야기K 데이터 15GB+(N Pay 5000P),discount_period_months,7.0,7,https://www.moyoplan.com/plans/26742
변경,26742,26742,KT,moyo,이야기K 데이터 15GB+(N Pay 5000P),voice_minutes,300.0,300,https://www.moyoplan.com/plans/26742
변경,26742,26742,KT,moyo,이야기K 데이터 15GB+(N Pay 5000P),sms_count,300.0,300,https://www.moyoplan.com/plans/26742
변경,35470,35470,SKT,moyo,[S]이디야 화이트 20GB,voice_minutes,200.0,200,https://www.moyoplan.com/plans/35470
변경,35470,35470,SKT,moyo,[S]이디야 화이트 20GB,sms_count,100.0,100,https://www.moyoplan.com/plans/35470
변경,25297,25297,LGU+,moyo,USIM 스마트 4.5GB+,discount_period_months,12.0,12,https://www.moyoplan.com/plans/25297
변경,25297,25297,LGU+,moyo,USIM 스마트 4.5GB+,voice_extra_minutes,300.0,300,https://www.moyoplan.com/plans/25297
변경,31749,31749,KT,moyo,스위트 300분 15GB+(밀리의서재),discount_period_months,7.0,7,https://www.moyoplan.com/plans/31749
변경,31749,31749,KT,moyo,스위트 300분 15GB+(밀리의서재),voice_minutes,300.0,300,https://www.moyoplan.com/plans/31749
변경,31749,31749,KT,moyo,스위트 300분 15GB+(밀리의서재),sms_count,300.0,300,https://www.moyoplan.com/plans/31749
변경,27375,27375,LGU+,moyo,세이브머니유심(태블릿/스마트기기 20GB),voice_minutes,0.0,0,https://www.moyoplan.com/plans/27375
변경,27375,27375,LGU+,moyo,세이브머니유심(태블릿/스마트기기 20GB),sms_count,0.0,0,https://www.moyoplan.com/plans/27375
변경,31350,31350,LGU+,moyo,쿠폰팩 100분15GB+,discount_period_months,7.0,7,https://www.moyoplan.com/plans/31350
변경,31350,31350,LGU+,moyo,쿠폰팩 100분15GB+,voice_minutes,100.0,100,https://www.moyoplan.com/plans/31350
변경,31350,31350,LGU+,moyo,쿠폰팩 100분15GB+,sms_count,100.0,100,https://www.moyoplan.com/plans/31350
변경,16838,16838,KT,moyo,이야기K 데이터 15GB+(멜론),discount_period_months,7.0,7,https://www.moyoplan.com/plans/16838
변경,16838,16838,KT,moyo,이야기K 데이터 15GB+(멜론),voice_minutes,100.0,100,https://www.moyoplan.com/plans/16838
변경,16838,16838,KT,moyo,이야기K 데이터 15GB+(멜론),sms_count,100.0,100,https://www.moyoplan.com/plans/16838
변경,16837,16837,KT,moyo,이야기K 데이터 15GB+(지니뮤직),discount_period_months,7.0,7,https://www.moyoplan.com/plans/16837
변경,16837,16837,KT,moyo,이야기K 데이터 15GB+(지니뮤직),voice_minutes,100.0,100,https://www.moyoplan.com/plans/16837
변경,16837,16837,KT,moyo,이야기K 데이터 15GB+(지니뮤직),sms_count,100.0,100,https://www.moyoplan.com/plans/16837
변경,27852,27852,LGU+,moyo,후후 스마트,discount_period_months,7.0,7,https://www.moyoplan.com/plans/27852
변경,20742,20742,SKT,moyo,5G 티플 10GB(10GB/300분)_평생요금,voice_minutes,300.0,300,https://www.moyoplan.com/plans/20742
변경,20742,20742,SKT,moyo,5G 티플 10GB(10GB/300분)_평생요금,sms_count,100.0,100,https://www.moyoplan.com/plans/20742
변경,24192,24192,KT,moyo,LTE200분/5GB+1M,voice_minutes,200.0,200,https://www.moyoplan.com/plans/24192
변경,24192,24192,KT,moyo,LTE200분/5GB+1M,sms_count,100.0,100,https://www.moyoplan.com/plans/24192
변경,34222,34222,KT,moyo,[모요only] 무제한 11GB+3M(올리브영 5000원),discount_period_months,7.0,7,https://www.moyoplan.com/plans/34222
변경,34222,34222,KT,moyo,[모요only] 무제한 11GB+3M(올리브영 5000원),voice_extra_minutes,300.0,300,https://www.moyoplan.com/plans/34222
변경,27854,27854,LGU+,moyo,스마트 15GB+,discount_period_months,7.0,7,https://www.moyoplan.com/plans/27854
변경,27854,27854,LGU+,moyo,스마트 15GB+,voice_minutes,100.0,100,https://www.moyoplan.com/plans/27854
변경,27854,27854,LGU+,moyo,스마트 15GB+,sms_count,100.0,100,https://www.moyoplan.com/plans/27854
변경,34221,34221,KT,moyo,[모요only] 무제한 11GB+3M(다이소 5000원),discount_period_months,7.0,7,https://www.moyoplan.com/plans/34221
변경,34221,34221,KT,moyo,[모요only] 무제한 11GB+3M(다이소 5000원),voice_extra_minutes,300.0,300,https://www.moyoplan.com/plans/34221
변경,31924,31924,KT,moyo,스위트 11GB+(다이소 3000),discount_period_months,7.0,7,https://www.moyoplan.com/plans/31924
변경,31924,31924,KT,moyo,스위트 11GB+(다이소 3000),voice_extra_minutes,300.0,300,https://www.moyoplan.com/plans/31924
변경,37173,37173,KT,moyo,A 올라잇 11GB+ 밀리의서재,discount_period_months,7.0,7,https://www.moyoplan.com/plans/37173
변경,22789,22789,KT,moyo,[모요only] 쉐이크 LTE 7GB+_밀리의서재,discount_period_months,7.0,7,https://www.moyoplan.com/plans/22789
변경,22789,22789,KT,moyo,[모요only] 쉐이크 LTE 7GB+_밀리의서재,voice_extra_minutes,300.0,300,https://www.moyoplan.com/plans/22789
변경,25346,25346,KT,moyo,CU 스위트 100분/15GB+,discount_period_months,7.0,7,https://www.moyoplan.com/plans/25346
변경,25346,25346,KT,moyo,CU 스위트 100분/15GB+,voice_minutes,100.0,100,https://www.moyoplan.com/plans/25346
변경,25346,25346,KT,moyo,CU 스위트 100분/15GB+,sms_count,100.0,100,https://www.moyoplan.com/plans/25346
변경,36240,36240,SKT,moyo,[모요only] [S] 핀다이렉트Z Mini _PIN,discount_period_months,7.0,7,https://www.moyoplan.com/plans/36240
변경,36240,36240,SKT,moyo,[모요only] [S] 핀다이렉트Z Mini _PIN,voice_extra_minutes,300.0,300,https://www.moyoplan.com/plans/36240
변경,37299,37299,KT,moyo,5G 쏙쏙 300분20GB,discount_period_months,7.0,7,https://www.moyoplan.com/plans/37299
변경,37299,37299,KT,moyo,5G 쏙쏙 300분20GB,voice_minutes,300.0,300,https://www.moyoplan.com/plans/37299
변경,37299,37299,KT,moyo,5G 쏙쏙 300분20GB,sms_count,100.0,100,https://www.moyoplan.com/plans/37299
변경,18523,18523,SKT,moyo,The 완전마음껏 11GB＋,discount_period_months,7.0,7,https://www.moyoplan.com/plans/18523
변경,35447,35447,KT,moyo,[K]울트라(300분/20GB),discount_period_months,7.0,7,https://www.moyoplan.com/plans/35447
변경,35447,35447,KT,moyo,[K]울트라(300분/20GB),voice_minutes,300.0,300,https://www.moyoplan.com/plans/35447
변경,35447,35447,KT,moyo,[K]울트라(300분/20GB),sms_count,200.0,200,https://www.moyoplan.com/plans/35447
변경,37449,37449,SKT,moyo,[S] 500분10GB,discount_period_months,12.0,12,https://www.moyoplan.com/plans/37449
변경,37449,37449,SKT,moyo,[S] 500분10GB,voice_minutes,500.0,500,https://www.moyoplan.com/plans/37449
변경,37449,37449,SKT,moyo,[S] 500분10GB,sms_count,500.0,500,https://www.moyoplan.com/plans/37449
변경,37258,37258,SKT,moyo,[S] 데이터 1GB,discount_period_months,24.0,24,https://www.moyoplan.com/plans/37258
변경,37258,37258,SKT,moyo,[S] 데이터 1GB,sms_count,100.0,100,https://www.moyoplan.com/plans/37258
변경,25250,25250,SKT,moyo,스마일프리미엄2 7GB+,voice_extra_minutes,300.0,300,https://www.moyoplan.com/plans/25250
변경,35442,35442,KT,moyo,아이즈 100분 10GB,discount_period_months,7.0,7,https://www.moyoplan.com/plans/35442
변경,35442,35442,KT,moyo,아이즈 100분 10GB,voice_minutes,100.0,100,https://www.moyoplan.com/plans/35442
변경,35442,35442,KT,moyo,아이즈 100분 10GB,sms_count,100.0,100,https://www.moyoplan.com/plans/35442
변경,36219,36219,LGU+,moyo,[L]무한100GB+,voice_extra_minutes,300.0,300,https://www.moyoplan.com/plans/36219
변경,37420,37420,KT,moyo,[K]5G 네이버페이 110GB+,discount_period_months,7.0,7,https://www.moyoplan.com/plans/37420
변경,37225,37225,SKT,moyo,A 5G 스마트 20GB/300분,discount_period_months,7.0,7,https://www.moyoplan.com/plans/37225
변경,37225,37225,SKT,moyo,A 5G 스마트 20GB/300분,voice_minutes,300.0,300,https://www.moyoplan.com/plans/37225
변경,37225,37225,SKT,moyo,A 5G 스마트 20GB/300분,sms_count,100.0,100,https://www.moyoplan.com/plans/37225
변경,36249,36249,KT,moyo,TOP 5G 200GB 기본 (쿠팡캐시),discount_period_months,7.0,7,https://www.moyoplan.com/plans/36249
변경,36249,36249,KT,moyo,TOP 5G 200GB 기본 (쿠팡캐시),voice_extra_minutes,300.0,300,https://www.moyoplan.com/plans/36249
변경,37254,37254,SKT,moyo,[S] 300분5GB,discount_period_months,12.0,12,https://www.moyoplan.com/plans/37254
변경,37254,37254,SKT,moyo,[S] 300분5GB,voice_minutes,300.0,300,https://www.moyoplan.com/plans/37254
변경,37254,37254,SKT,moyo,[S] 300분5GB,sms_count,300.0,300,https://www.moyoplan.com/plans/37254
변경,27259,27259,SKT,moyo,티플 SNOW 100GB+ [12개월간 SNOW앱 무료],discount_period_months,7.0,7,https://www.moyoplan.com/plans/27259
변경,20025,20025,KT,moyo,무제한11GB+3Mbps(지니뮤직 매월 무료),voice_extra_minutes,300.0,300,https://www.moyoplan.com/plans/20025
변경,31355,31355,LGU+,moyo,쿠폰팩 통화기본15GB+,discount_period_months,7.0,7,https://www.moyoplan.com/plans/31355
변경,31355,31355,LGU+,moyo,쿠폰팩 통화기본15GB+,voice_extra_minutes,300.0,300,https://www.moyoplan.com/plans/31355
변경,23683,23683,LGU+,moyo,티플 데이터마음껏15G＋(100분),voice_minutes,100.0,100,https://www.moyoplan.com/plans/23683
변경,23683,23683,LGU+,moyo,티플 데이터마음껏15G＋(100분),sms_count,100.0,100,https://www.moyoplan.com/plans/23683
변경,25292,25292,KT,moyo,스위트 15GB+(지니뮤직),discount_period_months,36.0,36,https://www.moyoplan.com/plans/25292
변경,25292,25292,KT,moyo,스위트 15GB+(지니뮤직),voice_minutes,100.0,100,https://www.moyoplan.com/plans/25292
변경,25292,25292,KT,moyo,스위트 15GB+(지니뮤직),sms_count,100.0,100,https://www.moyoplan.com/plans/25292
변경,25353,25353,KT,moyo,스위트 15GB+(멜론),discount_period_months,36.0,36,https://www.moyoplan.com/plans/25353
변경,25353,25353,KT,moyo,스위트 15GB+(멜론),voice_minutes,100.0,100,https://www.moyoplan.com/plans/25353
변경,25353,25353,KT,moyo,스위트 15GB+(멜론),sms_count,100.0,100,https://www.moyoplan.com/plans/25353
변경,25240,25240,KT,moyo,스위트 15GB+(네이버페이),discount_period_months,36.0,36,https://www.moyoplan.com/plans/25240
변경,25240,25240,KT,moyo,스위트 15GB+(네이버페이),voice_minutes,100.0,100,https://www.moyoplan.com/plans/25240
변경,25240,25240,KT,moyo,스위트 15GB+(네이버페이),sms_count,100.0,100,https://www.moyoplan.com/plans/25240
변경,23780,23780,KT,moyo,티플 10GB(10GB/300분),voice_minutes,300.0,300,https://www.moyoplan.com/plans/23780
변경,23780,23780,KT,moyo,티플 10GB(10GB/300분),sms_count,100.0,100,https://www.moyoplan.com/plans/23780
변경,35533,35533,KT,moyo,TOP 5G 200GB 기본 (올리브영),discount_period_months,7.0,7,https://www.moyoplan.com/plans/35533
변경,35533,35533,KT,moyo,TOP 5G 200GB 기본 (올리브영),voice_extra_minutes,300.0,300,https://www.moyoplan.com/plans/35533
변경,35378,35378,KT,moyo,[K]벤티(200분/10GB),voice_minutes,200.0,200,https://www.moyoplan.com/plans/35378
변경,35378,35378,KT,moyo,[K]벤티(200분/10GB),sms_count,100.0,100,https://www.moyoplan.com/plans/35378
변경,30944,30944,KT,moyo,무제한 11GB+3M(올리브영 매월 5000원),voice_extra_minutes,300.0,300,https://www.moyoplan.com/plans/30944
변경,18746,18746,KT,moyo,[모요only] 무제한 10GB+1M(밀리의서재 Free),discount_period_months,7.0,7,https://www.moyoplan.com/plans/18746
변경,18746,18746,KT,moyo,[모요only] 무제한 10GB+1M(밀리의서재 Free),voice_extra_minutes,300.0,300,https://www.moyoplan.com/plans/18746
변경,22824,22824,LGU+,moyo,수다맘껏데이터150G+,discount_period_months,7.0,7,https://www.moyoplan.com/plans/22824
변경,24190,24190,KT,moyo,5G100분/1GB-데이터소진후 자동차단,voice_minutes,100.0,100,https://www.moyoplan.com/plans/24190
변경,24190,24190,KT,moyo,5G100분/1GB-데이터소진후 자동차단,sms_count,100.0,100,https://www.moyoplan.com/plans/24190
변경,23401,23401,SKT,moyo,5G 티플 12GB(12GB/300분),discount_period_months,4.0,4,https://www.moyoplan.com/plans/23401
변경,23401,23401,SKT,moyo,5G 티플 12GB(12GB/300분),voice_minutes,300.0,300,https://www.moyoplan.com/plans/23401
변경,23401,23401,SKT,moyo,5G 티플 12GB(12GB/300분),sms_count,100.0,100,https://www.moyoplan.com/plans/23401
변경,12280,12280,SKT,moyo,내맘대로S(350+4GB),discount_period_months,12.0,12,https://www.moyoplan.com/plans/12280
변경,12280,12280,SKT,moyo,내맘대로S(350+4GB),voice_minutes,350.0,350,https://www.moyoplan.com/plans/12280
변경,12280,12280,SKT,moyo,내맘대로S(350+4GB),sms_count,100.0,100,https://www.moyoplan.com/plans/12280
변경,35787,35787,LGU+,moyo,[L]5G 데이터안심(300분/15GB+),discount_period_months,7.0,7,https://www.moyoplan.com/plans/35787
변경,35787,35787,LGU+,moyo,[L]5G 데이터안심(300분/15GB+),voice_minutes,300.0,300,https://www.moyoplan.com/plans/35787
변경,35787,35787,LGU+,moyo,[L]5G 데이터안심(300분/15GB+),sms_count,300.0,300,https://www.moyoplan.com/plans/35787
변경,25356,25356,SKT,moyo,스마일 7GB+,discount_period_months,7.0,7,https://www.moyoplan.com/plans/25356
변경,25356,25356,SKT,moyo,스마일 7GB+,voice_extra_minutes,300.0,300,https://www.moyoplan.com/plans/25356
변경,25226,25226,SKT,moyo,후후 스마일 7GB+,discount_period_months,7.0,7,https://www.moyoplan.com/plans/25226
변경,25226,25226,SKT,moyo,후후 스마일 7GB+,voice_extra_minutes,300.0,300,https://www.moyoplan.com/plans/25226
변경,35444,35444,KT,moyo,[K]울트라(100분/15GB),voice_minutes,100.0,100,https://www.moyoplan.com/plans/35444
변경,35444,35444,KT,moyo,[K]울트라(100분/15GB),sms_count,100.0,100,https://www.moyoplan.com/plans/35444
변경,35466,35466,SKT,moyo,[S]OK캐쉬백 11GB+,discount_period_months,12.0,12,https://www.moyoplan.com/plans/35466
변경,37415,37415,SKT,moyo,[S] 컬쳐랜드 11GB+,discount_period_months,7.0,7,https://www.moyoplan.com/plans/37415
변경,29902,29902,SKT,moyo,티플 위드유 15GB+(100분)(G car+세차클링),discount_period_months,7.0,7,https://www.moyoplan.com/plans/29902
변경,29902,29902,SKT,moyo,티플 위드유 15GB+(100분)(G car+세차클링),voice_minutes,100.0,100,https://www.moyoplan.com/plans/29902
변경,29902,29902,SKT,moyo,티플 위드유 15GB+(100분)(G car+세차클링),sms_count,100.0,100,https://www.moyoplan.com/plans/29902
변경,31351,31351,LGU+,moyo,쿠폰팩 통화기본7GB+,discount_period_months,7.0,7,https://www.moyoplan.com/plans/31351
변경,31351,31351,LGU+,moyo,쿠폰팩 통화기본7GB+,voice_extra_minutes,300.0,300,https://www.moyoplan.com/plans/31351
변경,27260,27260,SKT,moyo,티플 SNOW 15GB+(100분) [12개월간 SNOW앱 무료],discount_period_months,7.0,7,https://www.moyoplan.com/plans/27260
변경,27260,27260,SKT,moyo,티플 SNOW 15GB+(100분) [12개월간 SNOW앱 무료],voice_minutes,100.0,100,https://www.moyoplan.com/plans/27260
변경,27260,27260,SKT,moyo,티플 SNOW 15GB+(100분) [12개월간 SNOW앱 무료],sms_count,100.0,100,https://www.moyoplan.com/plans/27260
변경,35793,35793,KT,moyo,[5G]EG 12무제한 110G+5(모아진),discount_period_months,10.0,10,https://www.moyoplan.com/plans/35793
변경,35887,35887,SKT,moyo,티플 15G＋(300분)(CU멤버십＋매월 5000P),discount_period_months,7.0,7,https://www.moyoplan.com/plans/35887
변경,35887,35887,SKT,moyo,티플 15G＋(300분)(CU멤버십＋매월 5000P),voice_minutes,300.0,300,https://www.moyoplan.com/plans/35887
변경,35887,35887,SKT,moyo,티플 15G＋(300분)(CU멤버십＋매월 5000P),sms_count,300.0,300,https://www.moyoplan.com/plans/35887
변경,25265,25265,KT,moyo,스위트2 15GB+(지니뮤직),discount_period_months,36.0,36,https://www.moyoplan.com/plans/25265
변경,25265,25265,KT,moyo,스위트2 15GB+(지니뮤직),voice_minutes,300.0,300,https://www.moyoplan.com/plans/25265
변경,25265,25265,KT,moyo,스위트2 15GB+(지니뮤직),sms_count,300.0,300,https://www.moyoplan.com/plans/25265
변경,27855,27855,LGU+,moyo,스마트 7GB+,discount_period_months,7.0,7,https://www.moyoplan.com/plans/27855
변경,27855,27855,LGU+,moyo,스마트 7GB+,voice_extra_minutes,300.0,300,https://www.moyoplan.com/plans/27855
변경,37439,37439,LGU+,moyo,실속 100분4.5GB,discount_period_months,16.0,16,https://www.moyoplan.com/plans/37439
변경,37439,37439,LGU+,moyo,실속 100분4.5GB,voice_minutes,100.0,100,https://www.moyoplan.com/plans/37439
변경,37439,37439,LGU+,moyo,실속 100분4.5GB,sms_count,100.0,100,https://www.moyoplan.com/plans/37439
변경,36325,36325,LGU+,moyo,[L]5G 데이터안심(100분/5GB+),discount_period_months,10.0,10,https://www.moyoplan.com/plans/36325
변경,36325,36325,LGU+,moyo,[L]5G 데이터안심(100분/5GB+),voice_minutes,100.0,100,https://www.moyoplan.com/plans/36325
변경,36325,36325,LGU+,moyo,[L]5G 데이터안심(100분/5GB+),sms_count,100.0,100,https://www.moyoplan.com/plans/36325
변경,25230,25230,SKT,moyo,USIM 안심데이터 11GB,voice_extra_minutes,300.0,300,https://www.moyoplan.com/plans/25230
변경,37385,37385,LGU+,moyo,[L] 데이터 100GB+,discount_period_months,7.0,7,https://www.moyoplan.com/plans/37385
변경,37215,37215,LGU+,moyo,A 스페셜 15GB+/300분,discount_period_months,7.0,7,https://www.moyoplan.com/plans/37215
변경,37215,37215,LGU+,moyo,A 스페셜 15GB+/300분,voice_minutes,300.0,300,https://www.moyoplan.com/plans/37215
변경,37215,37215,LGU+,moyo,A 스페셜 15GB+/300분,sms_count,300.0,300,https://www.moyoplan.com/plans/37215
변경,35418,35418,SKT,moyo,[S]울트라(200분/20GB),discount_period_months,7.0,7,https://www.moyoplan.com/plans/35418
변경,35418,35418,SKT,moyo,[S]울트라(200분/20GB),voice_minutes,200.0,200,https://www.moyoplan.com/plans/35418
변경,35418,35418,SKT,moyo,[S]울트라(200분/20GB),sms_count,100.0,100,https://www.moyoplan.com/plans/35418
변경,37228,37228,SKT,moyo,A 스마트 20GB,discount_period_months,7.0,7,https://www.moyoplan.com/plans/37228
변경,37213,37213,LGU+,moyo,A 갓성비 15GB/300분,discount_period_months,6.0,6,https://www.moyoplan.com/plans/37213
변경,37213,37213,LGU+,moyo,A 갓성비 15GB/300분,voice_minutes,300.0,300,https://www.moyoplan.com/plans/37213
변경,37213,37213,LGU+,moyo,A 갓성비 15GB/300분,sms_count,300.0,300,https://www.moyoplan.com/plans/37213
변경,23744,23744,LGU+,moyo,[일반] 실속 (5GB/300분),discount_period_months,6.0,6,https://www.moyoplan.com/plans/23744
변경,23744,23744,LGU+,moyo,[일반] 실속 (5GB/300분),voice_minutes,300.0,300,https://www.moyoplan.com/plans/23744
변경,23744,23744,LGU+,moyo,[일반] 실속 (5GB/300분),sms_count,100.0,100,https://www.moyoplan.com/plans/23744
변경,34741,34741,LGU+,moyo,EG-5G 24레귤러 50G+,discount_period_months,7.0,7,https://www.moyoplan.com/plans/34741
변경,34741,34741,LGU+,moyo,EG-5G 24레귤러 50G+,voice_extra_minutes,300.0,300,https://www.moyoplan.com/plans/34741
변경,25221,25221,KT,moyo,스위트 10GB+ (+10GB 24개월간 추가 제공),discount_period_months,36.0,36,https://www.moyoplan.com/plans/25221
변경,25221,25221,KT,moyo,스위트 10GB+ (+10GB 24개월간 추가 제공),voice_extra_minutes,300.0,300,https://www.moyoplan.com/plans/25221
변경,35474,35474,SKT,moyo,[S]이디야 블루 15GB+/300분,discount_period_months,7.0,7,https://www.moyoplan.com/plans/35474
변경,35474,35474,SKT,moyo,[S]이디야 블루 15GB+/300분,voice_minutes,300.0,300,https://www.moyoplan.com/plans/35474
변경,35474,35474,SKT,moyo,[S]이디야 블루 15GB+/300분,sms_count,300.0,300,https://www.moyoplan.com/plans/35474
변경,20002,20002,KT,moyo,LTE300분/5GB-데이터소진후 자동차단,voice_minutes,300.0,300,https://www.moyoplan.com/plans/20002
변경,20002,20002,KT,moyo,LTE300분/5GB-데이터소진후 자동차단,sms_count,300.0,300,https://www.moyoplan.com/plans/20002
변경,37357,37357,LGU+,moyo,실속 100분10GB+,discount_period_months,6.0,6,https://www.moyoplan.com/plans/37357
변경,37357,37357,LGU+,moyo,실속 100분10GB+,voice_minutes,100.0,100,https://www.moyoplan.com/plans/37357
변경,37357,37357,LGU+,moyo,실속 100분10GB+,sms_count,100.0,100,https://www.moyoplan.com/plans/37357
변경,31043,31043,SKT,moyo,티플 7GB+(이디야커피),discount_period_months,7.0,7,https://www.moyoplan.com/plans/31043
변경,25697,25697,KT,moyo,이야기K 데이터 7GB+(밀리의서재),discount_period_months,7.0,7,https://www.moyoplan.com/plans/25697
변경,37207,37207,LGU+,moyo,A 스페셜 15GB+,discount_period_months,7.0,7,https://www.moyoplan.com/plans/37207
변경,37397,37397,LGU+,moyo,[L] 데이터 100GB+_24개월,discount_period_months,24.0,24,https://www.moyoplan.com/plans/37397
변경,37386,37386,LGU+,moyo,실속 데이터 매일5GB+,discount_period_months,7.0,7,https://www.moyoplan.com/plans/37386
변경,37387,37387,LGU+,moyo,[L] 5G 데이터 150GB+,discount_period_months,7.0,7,https://www.moyoplan.com/plans/37387
변경,37253,37253,SKT,moyo,[S] 200분5GB,discount_period_months,12.0,12,https://www.moyoplan.com/plans/37253
변경,37253,37253,SKT,moyo,[S] 200분5GB,voice_minutes,200.0,200,https://www.moyoplan.com/plans/37253
변경,37253,37253,SKT,moyo,[S] 200분5GB,sms_count,100.0,100,https://www.moyoplan.com/plans/37253
변경,37214,37214,LGU+,moyo,A 스페셜 15GB+/100분,discount_period_months,7.0,7,https://www.moyoplan.com/plans/37214
변경,37214,37214,LGU+,moyo,A 스페셜 15GB+/100분,voice_minutes,100.0,100,https://www.moyoplan.com/plans/37214
변경,37214,37214,LGU+,moyo,A 스페셜 15GB+/100분,sms_count,100.0,100,https://www.moyoplan.com/plans/37214
변경,31922,31922,KT,moyo,스위트 11GB+(다이소 5000),discount_period_months,7.0,7,https://www.moyoplan.com/plans/31922
변경,31922,31922,KT,moyo,스위트 11GB+(다이소 5000),voice_extra_minutes,300.0,300,https://www.moyoplan.com/plans/31922
변경,33160,33160,SKT,moyo,5G 통화안심 10GB,discount_period_months,4.0,4,https://www.moyoplan.com/plans/33160
변경,33160,33160,SKT,moyo,5G 통화안심 10GB,sms_count,100.0,100,https://www.moyoplan.com/plans/33160
변경,36206,36206,KT,moyo,WELL60분+500MB,voice_minutes,60.0,60,https://www.moyoplan.com/plans/36206
변경,36206,36206,KT,moyo,WELL60분+500MB,sms_count,60.0,60,https://www.moyoplan.com/plans/36206
변경,20568,20568,LGU+,moyo,내맘대로 (100분+3.5GB),voice_minutes,100.0,100,https://www.moyoplan.com/plans/20568
변경,20568,20568,LGU+,moyo,내맘대로 (100분+3.5GB),sms_count,0.0,0,https://www.moyoplan.com/plans/20568
변경,25310,25310,SKT,moyo,스마일 플러스(50분+1.8GB),discount_period_months,5.0,5,https://www.moyoplan.com/plans/25310
변경,25310,25310,SKT,moyo,스마일 플러스(50분+1.8GB),voice_minutes,50.0,50,https://www.moyoplan.com/plans/25310
변경,25310,25310,SKT,moyo,스마일 플러스(50분+1.8GB),sms_count,50.0,50,https://www.moyoplan.com/plans/25310
변경,37455,37455,SKT,moyo,모빙 300분20GB,voice_minutes,300.0,300,https://www.moyoplan.com/plans/37455
변경,37455,37455,SKT,moyo,모빙 300분20GB,sms_count,300.0,300,https://www.moyoplan.com/plans/37455
변경,31400,31400,LGU+,moyo,[L] 핀다이렉트Z 7GB+,discount_period_months,7.0,7,https://www.moyoplan.com/plans/31400
변경,31400,31400,LGU+,moyo,[L] 핀다이렉트Z 7GB+,voice_extra_minutes,300.0,300,https://www.moyoplan.com/plans/31400
변경,37388,37388,LGU+,moyo,[L] 100분15GB+_2y_plus,discount_period_months,24.0,24,https://www.moyoplan.com/plans/37388
변경,37388,37388,LGU+,moyo,[L] 100분15GB+_2y_plus,voice_minutes,100.0,100,https://www.moyoplan.com/plans/37388
변경,37388,37388,LGU+,moyo,[L] 100분15GB+_2y_plus,sms_count,100.0,100,https://www.moyoplan.com/plans/37388
변경,31352,31352,LGU+,moyo,쿠폰팩 300분15GB+,discount_period_months,7.0,7,https://www.moyoplan.com/plans/31352
변경,31352,31352,LGU+,moyo,쿠폰팩 300분15GB+,voice_minutes,300.0,300,https://www.moyoplan.com/plans/31352
변경,31352,31352,LGU+,moyo,쿠폰팩 300분15GB+,sms_count,300.0,300,https://www.moyoplan.com/plans/31352
변경,25315,25315,KT,moyo,5G 스위트 200GB+(지니뮤직),discount_period_months,36.0,36,https://www.moyoplan.com/plans/25315
변경,25315,25315,KT,moyo,5G 스위트 200GB+(지니뮤직),voice_extra_minutes,300.0,300,https://www.moyoplan.com/plans/25315
변경,37235,37235,SKT,moyo,A 넥스트 15GB+/300분,discount_period_months,7.0,7,https://www.moyoplan.com/plans/37235
변경,37235,37235,SKT,moyo,A 넥스트 15GB+/300분,voice_minutes,300.0,300,https://www.moyoplan.com/plans/37235
변경,37235,37235,SKT,moyo,A 넥스트 15GB+/300분,sms_count,300.0,300,https://www.moyoplan.com/plans/37235
변경,11088,11088,LGU+,moyo,실속 200분+2GB(USIM),discount_period_months,6.0,6,https://www.moyoplan.com/plans/11088
변경,11088,11088,LGU+,moyo,실속 200분+2GB(USIM),voice_minutes,200.0,200,https://www.moyoplan.com/plans/11088
변경,11088,11088,LGU+,moyo,실속 200분+2GB(USIM),sms_count,50.0,50,https://www.moyoplan.com/plans/11088
변경,34697,34697,KT,moyo,[모요only] 쉐이크 LTE 7GB+_모아진 전자 구독,discount_period_months,7.0,7,https://www.moyoplan.com/plans/34697
변경,34697,34697,KT,moyo,[모요only] 쉐이크 LTE 7GB+_모아진 전자 구독,voice_extra_minutes,300.0,300,https://www.moyoplan.com/plans/34697
변경,23287,23287,KT,moyo,The 완전마음껏 15GB＋,discount_period_months,7.0,7,https://www.moyoplan.com/plans/23287
변경,26741,26741,LGU+,moyo,내맘대로(100분+6GB)(5G),voice_minutes,100.0,100,https://www.moyoplan.com/plans/26741
변경,26741,26741,LGU+,moyo,내맘대로(100분+6GB)(5G),sms_count,100.0,100,https://www.moyoplan.com/plans/26741
변경,37323,37323,KT,moyo,[K] 데이터 15GB+,discount_period_months,24.0,24,https://www.moyoplan.com/plans/37323
변경,27859,27859,LGU+,moyo,스마트2 15GB+,discount_period_months,7.0,7,https://www.moyoplan.com/plans/27859
변경,27859,27859,LGU+,moyo,스마트2 15GB+,voice_minutes,300.0,300,https://www.moyoplan.com/plans/27859
변경,27859,27859,LGU+,moyo,스마트2 15GB+,sms_count,300.0,300,https://www.moyoplan.com/plans/27859
변경,37234,37234,SKT,moyo,A 넥스트 15GB+/100분,discount_period_months,7.0,7,https://www.moyoplan.com/plans/37234
변경,37234,37234,SKT,moyo,A 넥스트 15GB+/100분,voice_minutes,100.0,100,https://www.moyoplan.com/plans/37234
변경,37234,37234,SKT,moyo,A 넥스트 15GB+/100분,sms_count,100.0,100,https://www.moyoplan.com/plans/37234
변경,37339,37339,KT,moyo,[K] 페이포인트 11GB+,discount_period_months,24.0,24,https://www.moyoplan.com/plans/37339
변경,11090,11090,LGU+,moyo,실속 300분+3GB(USIM),discount_period_months,6.0,6,https://www.moyoplan.com/plans/11090
변경,11090,11090,LGU+,moyo,실속 300분+3GB(USIM),voice_minutes,300.0,300,https://www.moyoplan.com/plans/11090
변경,11090,11090,LGU+,moyo,실속 300분+3GB(USIM),sms_count,100.0,100,https://www.moyoplan.com/plans/11090
변경,27857,27857,LGU+,moyo,후후 스마트 15GB+,discount_period_months,7.0,7,https://www.moyoplan.com/plans/27857
변경,27857,27857,LGU+,moyo,후후 스마트 15GB+,voice_minutes,100.0,100,https://www.moyoplan.com/plans/27857
변경,27857,27857,LGU+,moyo,후후 스마트 15GB+,sms_count,100.0,100,https://www.moyoplan.com/plans/27857
변경,35402,35402,SKT,moyo,[S]아이즈특판11GB+일2GB,discount_period_months,7.0,7,https://www.moyoplan.com/plans/35402
변경,35402,35402,SKT,moyo,[S]아이즈특판11GB+일2GB,voice_extra_minutes,300.0,300,https://www.moyoplan.com/plans/35402
변경,37325,37325,KT,moyo,[K] 모아진 11GB+,discount_period_months,7.0,7,https://www.moyoplan.com/plans/37325
변경,30946,30946,KT,moyo,무제한 7GB+1M(올리브영 매월 5000원),voice_extra_minutes,300.0,300,https://www.moyoplan.com/plans/30946
변경,37295,37295,KT,moyo,쏙쏙 200분10GB,discount_period_months,5.0,5,https://www.moyoplan.com/plans/37295
변경,37295,37295,KT,moyo,쏙쏙 200분10GB,voice_minutes,200.0,200,https://www.moyoplan.com/plans/37295
변경,37295,37295,KT,moyo,쏙쏙 200분10GB,sms_count,200.0,200,https://www.moyoplan.com/plans/37295
변경,35275,35275,SKT,moyo,티플북 7G+(도서문화상품권 매월 5000P),discount_period_months,7.0,7,https://www.moyoplan.com/plans/35275
변경,37333,37333,KT,moyo,[K] 데이터 100GB+,discount_period_months,7.0,7,https://www.moyoplan.com/plans/37333
변경,37172,37172,KT,moyo,A 올라잇 11GB+ 네이버페이,discount_period_months,7.0,7,https://www.moyoplan.com/plans/37172
변경,29898,29898,SKT,moyo,티플 위드유 7GB+ (G car+세차클링),discount_period_months,7.0,7,https://www.moyoplan.com/plans/29898
변경,27254,27254,SKT,moyo,티플 SNOW 7GB+ [12개월간 SNOW앱 무료],discount_period_months,7.0,7,https://www.moyoplan.com/plans/27254
변경,18525,18525,SKT,moyo,The 완전마음껏 7GB＋,discount_period_months,7.0,7,https://www.moyoplan.com/plans/18525
변경,35892,35892,KT,moyo,티플 11G＋(웨이브),discount_period_months,7.0,7,https://www.moyoplan.com/plans/35892
변경,35830,35830,SKT,moyo,고고 LTE 300분+15GB+3M_모요,discount_period_months,7.0,7,https://www.moyoplan.com/plans/35830
변경,35830,35830,SKT,moyo,고고 LTE 300분+15GB+3M_모요,voice_minutes,300.0,300,https://www.moyoplan.com/plans/35830
변경,35830,35830,SKT,moyo,고고 LTE 300분+15GB+3M_모요,sms_count,300.0,300,https://www.moyoplan.com/plans/35830
변경,37384,37384,LGU+,moyo,[L] 5G 데이터 125GB+,discount_period_months,7.0,7,https://www.moyoplan.com/plans/37384
변경,34216,34216,KT,moyo,[모요only] 무제한 7GB+1M(올리브영 5000원),discount_period_months,7.0,7,https://www.moyoplan.com/plans/34216
변경,34216,34216,KT,moyo,[모요only] 무제한 7GB+1M(올리브영 5000원),voice_extra_minutes,300.0,300,https://www.moyoplan.com/plans/34216
변경,25344,25344,KT,moyo,CU 스위트 300분/15GB+,discount_period_months,7.0,7,https://www.moyoplan.com/plans/25344
변경,25344,25344,KT,moyo,CU 스위트 300분/15GB+,voice_minutes,300.0,300,https://www.moyoplan.com/plans/25344
변경,25344,25344,KT,moyo,CU 스위트 300분/15GB+,sms_count,300.0,300,https://www.moyoplan.com/plans/25344
변경,34215,34215,KT,moyo,[모요only] 무제한 7GB+1M(다이소 5000원),discount_period_months,7.0,7,https://www.moyoplan.com/plans/34215
변경,34215,34215,KT,moyo,[모요only] 무제한 7GB+1M(다이소 5000원),voice_extra_minutes,300.0,300,https://www.moyoplan.com/plans/34215
변경,37340,37340,KT,moyo,[K] 요기요 11GB+,discount_period_months,24.0,24,https://www.moyoplan.com/plans/37340
변경,31919,31919,KT,moyo,스위트 7GB+(올영 3000),discount_period_months,7.0,7,https://www.moyoplan.com/plans/31919
변경,31919,31919,KT,moyo,스위트 7GB+(올영 3000),voice_extra_minutes,300.0,300,https://www.moyoplan.com/plans/31919
변경,36983,36983,LGU+,moyo,[L] 핀다이렉트Z Speed 150GB+,discount_period_months,7.0,7,https://www.moyoplan.com/plans/36983
변경,36983,36983,LGU+,moyo,[L] 핀다이렉트Z Speed 150GB+,voice_extra_minutes,300.0,300,https://www.moyoplan.com/plans/36983
변경,37365,37365,LGU+,moyo,실속 300분7GB,voice_minutes,300.0,300,https://www.moyoplan.com/plans/37365
변경,37365,37365,LGU+,moyo,실속 300분7GB,sms_count,300.0,300,https://www.moyoplan.com/plans/37365
변경,31923,31923,KT,moyo,스위트 7GB+(다이소 3000),discount_period_months,7.0,7,https://www.moyoplan.com/plans/31923
변경,31923,31923,KT,moyo,스위트 7GB+(다이소 3000),voice_extra_minutes,300.0,300,https://www.moyoplan.com/plans/31923
변경,20075,20075,LGU+,moyo,[모요only] 내맘대로 (0분+1GB),voice_minutes,0.0,0,https://www.moyoplan.com/plans/20075
변경,20075,20075,LGU+,moyo,[모요only] 내맘대로 (0분+1GB),sms_count,0.0,0,https://www.moyoplan.com/plans/20075
변경,20014,20014,KT,moyo,무제한10GB+1M(밀리의서재 매월 무료),voice_extra_minutes,300.0,300,https://www.moyoplan.com/plans/20014
변경,31773,31773,KT,moyo,스위트 100분 15GB+(밀리의서재),discount_period_months,7.0,7,https://www.moyoplan.com/plans/31773
변경,31773,31773,KT,moyo,스위트 100분 15GB+(밀리의서재),voice_minutes,100.0,100,https://www.moyoplan.com/plans/31773
변경,31773,31773,KT,moyo,스위트 100분 15GB+(밀리의서재),sms_count,100.0,100,https://www.moyoplan.com/plans/31773
변경,23680,23680,LGU+,moyo,티플 데이터마음껏15G＋(300분),voice_minutes,300.0,300,https://www.moyoplan.com/plans/23680
변경,23680,23680,LGU+,moyo,티플 데이터마음껏15G＋(300분),sms_count,300.0,300,https://www.moyoplan.com/plans/23680
변경,35424,35424,KT,moyo,[K]롯시&밀리 100분/15GB+,discount_period_months,7.0,7,https://www.moyoplan.com/plans/35424
변경,35424,35424,KT,moyo,[K]롯시&밀리 100분/15GB+,voice_minutes,100.0,100,https://www.moyoplan.com/plans/35424
변경,35424,35424,KT,moyo,[K]롯시&밀리 100분/15GB+,sms_count,100.0,100,https://www.moyoplan.com/plans/35424
변경,37330,37330,KT,moyo,[K] 데이터 일5GB+,discount_period_months,7.0,7,https://www.moyoplan.com/plans/37330
변경,34220,34220,KT,moyo,[모요only] 무제한 15GB+1M(올리브영 5000원),discount_period_months,7.0,7,https://www.moyoplan.com/plans/34220
변경,34220,34220,KT,moyo,[모요only] 무제한 15GB+1M(올리브영 5000원),voice_extra_minutes,300.0,300,https://www.moyoplan.com/plans/34220
변경,34219,34219,KT,moyo,[모요only] 무제한 15GB+1M(다이소 5000원),discount_period_months,7.0,7,https://www.moyoplan.com/plans/34219
변경,34219,34219,KT,moyo,[모요only] 무제한 15GB+1M(다이소 5000원),voice_extra_minutes,300.0,300,https://www.moyoplan.com/plans/34219
변경,25318,25318,KT,moyo,스위트 11GB+(네이버페이),discount_period_months,36.0,36,https://www.moyoplan.com/plans/25318
변경,25318,25318,KT,moyo,스위트 11GB+(네이버페이),voice_extra_minutes,300.0,300,https://www.moyoplan.com/plans/25318
변경,22812,22812,KT,moyo,요고 49,voice_extra_minutes,300.0,300,https://www.moyoplan.com/plans/22812
변경,26892,26892,LGU+,moyo,음성기본 10GB+,discount_period_months,7.0,7,https://www.moyoplan.com/plans/26892
변경,26892,26892,LGU+,moyo,음성기본 10GB+,voice_extra_minutes,300.0,300,https://www.moyoplan.com/plans/26892
변경,37297,37297,KT,moyo,[K] 5G 200분20GB,discount_period_months,7.0,7,https://www.moyoplan.com/plans/37297
변경,37297,37297,KT,moyo,[K] 5G 200분20GB,voice_minutes,200.0,200,https://www.moyoplan.com/plans/37297
변경,37297,37297,KT,moyo,[K] 5G 200분20GB,sms_count,100.0,100,https://www.moyoplan.com/plans/37297
변경,20019,20019,KT,moyo,무제한7GB+1M(지니뮤직 매월 무료),voice_extra_minutes,300.0,300,https://www.moyoplan.com/plans/20019
변경,25279,25279,KT,moyo,스위트 7GB+(지니뮤직) (+10GB 24개월간 추가 제공),discount_period_months,36.0,36,https://www.moyoplan.com/plans/25279
변경,25279,25279,KT,moyo,스위트 7GB+(지니뮤직) (+10GB 24개월간 추가 제공),voice_extra_minutes,300.0,300,https://www.moyoplan.com/plans/25279
변경,37162,37162,KT,moyo,A 올라잇 1GB/150분,discount_period_months,7.0,7,https://www.moyoplan.com/plans/37162
변경,37162,37162,KT,moyo,A 올라잇 1GB/150분,voice_minutes,150.0,150,https://www.moyoplan.com/plans/37162
변경,37162,37162,KT,moyo,A 올라잇 1GB/150분,sms_count,100.0,100,https://www.moyoplan.com/plans/37162
변경,37293,37293,KT,moyo,[K] 5G 300분6GB,discount_period_months,5.0,5,https://www.moyoplan.com/plans/37293
변경,37293,37293,KT,moyo,[K] 5G 300분6GB,voice_minutes,300.0,300,https://www.moyoplan.com/plans/37293
변경,37293,37293,KT,moyo,[K] 5G 300분6GB,sms_count,300.0,300,https://www.moyoplan.com/plans/37293
변경,23375,23375,KT,moyo,[모요only] 5G 무제한 70GB+1Mbps,discount_period_months,12.0,12,https://www.moyoplan.com/plans/23375
변경,23375,23375,KT,moyo,[모요only] 5G 무제한 70GB+1Mbps,voice_extra_minutes,300.0,300,https://www.moyoplan.com/plans/23375
변경,30943,30943,KT,moyo,무제한 10GB+1M(다이소 매월 5000원),voice_extra_minutes,300.0,300,https://www.moyoplan.com/plans/30943
변경,29952,29952,SKT,moyo,이야기 라이트S 100분 7GB+,voice_minutes,100.0,100,https://www.moyoplan.com/plans/29952
변경,29952,29952,SKT,moyo,이야기 라이트S 100분 7GB+,sms_count,100.0,100,https://www.moyoplan.com/plans/29952
변경,29950,29950,SKT,moyo,이야기 라이트S 100분 20GB+,voice_minutes,100.0,100,https://www.moyoplan.com/plans/29950
변경,29950,29950,SKT,moyo,이야기 라이트S 100분 20GB+,sms_count,100.0,100,https://www.moyoplan.com/plans/29950
변경,30947,30947,KT,moyo,무제한 10GB+1M(올리브영 매월 5000원),voice_extra_minutes,300.0,300,https://www.moyoplan.com/plans/30947
변경,34863,34863,LGU+,moyo,티플 데이터마음껏5G(100분)_24개월 할인,discount_period_months,24.0,24,https://www.moyoplan.com/plans/34863
변경,34863,34863,LGU+,moyo,티플 데이터마음껏5G(100분)_24개월 할인,voice_minutes,100.0,100,https://www.moyoplan.com/plans/34863
변경,34863,34863,LGU+,moyo,티플 데이터마음껏5G(100분)_24개월 할인,sms_count,100.0,100,https://www.moyoplan.com/plans/34863
변경,24435,24435,KT,moyo,KT 10GB+ (밀리의서재+올리브영 매월 5천원 상품권!),discount_period_months,7.0,7,https://www.moyoplan.com/plans/24435
변경,37453,37453,SKT,moyo,[S] 데이터 5GB,sms_count,200.0,200,https://www.moyoplan.com/plans/37453
변경,36328,36328,KT,moyo,"7GB+1Mbps(다이소쿠폰 5,000P)",voice_extra_minutes,300.0,300,https://www.moyoplan.com/plans/36328
변경,29901,29901,SKT,moyo,티플 위드유 15GB+(300분) (G car+세차클링),discount_period_months,7.0,7,https://www.moyoplan.com/plans/29901
변경,29901,29901,SKT,moyo,티플 위드유 15GB+(300분) (G car+세차클링),voice_minutes,300.0,300,https://www.moyoplan.com/plans/29901
변경,29901,29901,SKT,moyo,티플 위드유 15GB+(300분) (G car+세차클링),sms_count,300.0,300,https://www.moyoplan.com/plans/29901
변경,36180,36180,KT,moyo,7GB+1Mbps(밀리의서재 무료구독),voice_extra_minutes,300.0,300,https://www.moyoplan.com/plans/36180
변경,35478,35478,SKT,moyo,[S]아이즈팩 11GB+,discount_period_months,7.0,7,https://www.moyoplan.com/plans/35478
변경,35478,35478,SKT,moyo,[S]아이즈팩 11GB+,voice_extra_minutes,300.0,300,https://www.moyoplan.com/plans/35478
변경,35385,35385,KT,moyo,[K]무한100분/15GB+ Npay,discount_period_months,7.0,7,https://www.moyoplan.com/plans/35385
변경,35385,35385,KT,moyo,[K]무한100분/15GB+ Npay,voice_minutes,100.0,100,https://www.moyoplan.com/plans/35385
변경,35385,35385,KT,moyo,[K]무한100분/15GB+ Npay,sms_count,100.0,100,https://www.moyoplan.com/plans/35385
변경,17267,17267,SKT,moyo,The 데이터마음껏 15GB＋(300분),discount_period_months,7.0,7,https://www.moyoplan.com/plans/17267
변경,17267,17267,SKT,moyo,The 데이터마음껏 15GB＋(300분),voice_minutes,300.0,300,https://www.moyoplan.com/plans/17267
변경,17267,17267,SKT,moyo,The 데이터마음껏 15GB＋(300분),sms_count,300.0,300,https://www.moyoplan.com/plans/17267
변경,27261,27261,SKT,moyo,티플 SNOW 15GB+(300분) [12개월간 SNOW앱 무료],discount_period_months,7.0,7,https://www.moyoplan.com/plans/27261
변경,27261,27261,SKT,moyo,티플 SNOW 15GB+(300분) [12개월간 SNOW앱 무료],voice_minutes,300.0,300,https://www.moyoplan.com/plans/27261
변경,27261,27261,SKT,moyo,티플 SNOW 15GB+(300분) [12개월간 SNOW앱 무료],sms_count,300.0,300,https://www.moyoplan.com/plans/27261
변경,25289,25289,LGU+,moyo,5G 스마트 150GB,voice_extra_minutes,300.0,300,https://www.moyoplan.com/plans/25289
변경,35827,35827,SKT,moyo,고고 LTE 무제한 7GB+1M_모요,discount_period_months,7.0,7,https://www.moyoplan.com/plans/35827
변경,35827,35827,SKT,moyo,고고 LTE 무제한 7GB+1M_모요,voice_extra_minutes,300.0,300,https://www.moyoplan.com/plans/35827
변경,23369,23369,KT,moyo,[모요only] 쉐이크 LTE 15GB+_CU,discount_period_months,7.0,7,https://www.moyoplan.com/plans/23369
변경,23369,23369,KT,moyo,[모요only] 쉐이크 LTE 15GB+_CU,voice_extra_minutes,300.0,300,https://www.moyoplan.com/plans/23369
변경,19928,19928,LGU+,moyo,[L]무한15GB+1Mbps,voice_extra_minutes,300.0,300,https://www.moyoplan.com/plans/19928
변경,13905,13905,LGU+,moyo,[일반] 유심 5G 180GB+,discount_period_months,12.0,12,https://www.moyoplan.com/plans/13905
변경,13905,13905,LGU+,moyo,[일반] 유심 5G 180GB+,voice_extra_minutes,300.0,300,https://www.moyoplan.com/plans/13905
변경,8169,8169,LGU+,moyo,내맘대로 차단형 (50분+1GB),voice_minutes,50.0,50,https://www.moyoplan.com/plans/8169
변경,8169,8169,LGU+,moyo,내맘대로 차단형 (50분+1GB),sms_count,50.0,50,https://www.moyoplan.com/plans/8169
변경,35885,35885,SKT,moyo,티플 10G＋(CU멤버십＋매월 5000P),discount_period_months,7.0,7,https://www.moyoplan.com/plans/35885
변경,35429,35429,KT,moyo,[K]CU&롯시 300분/15GB+,discount_period_months,7.0,7,https://www.moyoplan.com/plans/35429
변경,35429,35429,KT,moyo,[K]CU&롯시 300분/15GB+,voice_minutes,300.0,300,https://www.moyoplan.com/plans/35429
변경,35429,35429,KT,moyo,[K]CU&롯시 300분/15GB+,sms_count,300.0,300,https://www.moyoplan.com/plans/35429
변경,37351,37351,LGU+,moyo,[L] 5G 데이터 4.5GB+,discount_period_months,6.0,6,https://www.moyoplan.com/plans/37351
변경,37351,37351,LGU+,moyo,[L] 5G 데이터 4.5GB+,sms_count,100.0,100,https://www.moyoplan.com/plans/37351
변경,19642,19642,LGU+,moyo,[L]무한100분/15GB+,voice_minutes,100.0,100,https://www.moyoplan.com/plans/19642
변경,19642,19642,LGU+,moyo,[L]무한100분/15GB+,sms_count,100.0,100,https://www.moyoplan.com/plans/19642
변경,24527,24527,LGU+,moyo,실속 150분+3GB(USIM),discount_period_months,6.0,6,https://www.moyoplan.com/plans/24527
변경,24527,24527,LGU+,moyo,실속 150분+3GB(USIM),voice_minutes,150.0,150,https://www.moyoplan.com/plans/24527
변경,24527,24527,LGU+,moyo,실속 150분+3GB(USIM),sms_count,50.0,50,https://www.moyoplan.com/plans/24527
변경,13984,13984,SKT,moyo,5G 함께이야기해S (200분+3GB),voice_minutes,200.0,200,https://www.moyoplan.com/plans/13984
변경,13984,13984,SKT,moyo,5G 함께이야기해S (200분+3GB),sms_count,100.0,100,https://www.moyoplan.com/plans/13984
변경,37205,37205,LGU+,moyo,A 갓성비 10GB/100분 6,discount_period_months,6.0,6,https://www.moyoplan.com/plans/37205
변경,37205,37205,LGU+,moyo,A 갓성비 10GB/100분 6,voice_minutes,100.0,100,https://www.moyoplan.com/plans/37205
변경,37205,37205,LGU+,moyo,A 갓성비 10GB/100분 6,sms_count,100.0,100,https://www.moyoplan.com/plans/37205
변경,15067,15067,LGU+,moyo,이야기 스탠다드 300분15GB+,discount_period_months,7.0,7,https://www.moyoplan.com/plans/15067
변경,15067,15067,LGU+,moyo,이야기 스탠다드 300분15GB+,voice_minutes,300.0,300,https://www.moyoplan.com/plans/15067
변경,15067,15067,LGU+,moyo,이야기 스탠다드 300분15GB+,sms_count,300.0,300,https://www.moyoplan.com/plans/15067
변경,37341,37341,KT,moyo,[K] 다이소 100GB+,discount_period_months,24.0,24,https://www.moyoplan.com/plans/37341
변경,37203,37203,LGU+,moyo,A 스페셜 7GB+,discount_period_months,7.0,7,https://www.moyoplan.com/plans/37203
변경,25245,25245,KT,moyo,스위트2 15GB+(네이버페이),discount_period_months,36.0,36,https://www.moyoplan.com/plans/25245
변경,25245,25245,KT,moyo,스위트2 15GB+(네이버페이),voice_minutes,300.0,300,https://www.moyoplan.com/plans/25245
변경,25245,25245,KT,moyo,스위트2 15GB+(네이버페이),sms_count,300.0,300,https://www.moyoplan.com/plans/25245
변경,35401,35401,SKT,moyo,[S]아이즈특판300분/15GB+,discount_period_months,7.0,7,https://www.moyoplan.com/plans/35401
변경,35401,35401,SKT,moyo,[S]아이즈특판300분/15GB+,voice_minutes,300.0,300,https://www.moyoplan.com/plans/35401
변경,35401,35401,SKT,moyo,[S]아이즈특판300분/15GB+,sms_count,300.0,300,https://www.moyoplan.com/plans/35401
변경,35428,35428,KT,moyo,[K]CU&롯시 100분/15GB+,discount_period_months,7.0,7,https://www.moyoplan.com/plans/35428
변경,35428,35428,KT,moyo,[K]CU&롯시 100분/15GB+,voice_minutes,100.0,100,https://www.moyoplan.com/plans/35428
변경,35428,35428,KT,moyo,[K]CU&롯시 100분/15GB+,sms_count,100.0,100,https://www.moyoplan.com/plans/35428
변경,37232,37232,SKT,moyo,A 스마트 10GB/100분,discount_period_months,7.0,7,https://www.moyoplan.com/plans/37232
변경,37232,37232,SKT,moyo,A 스마트 10GB/100분,voice_minutes,100.0,100,https://www.moyoplan.com/plans/37232
변경,37232,37232,SKT,moyo,A 스마트 10GB/100분,sms_count,100.0,100,https://www.moyoplan.com/plans/37232
변경,37334,37334,KT,moyo,[K] 웨이브베이직 100GB+,discount_period_months,7.0,7,https://www.moyoplan.com/plans/37334
변경,16500,16500,LGU+,moyo,[L]무한7GB+,voice_extra_minutes,300.0,300,https://www.moyoplan.com/plans/16500
변경,23749,23749,KT,moyo,완전마음껏 11GB＋＋(멜론 매월 6900P),discount_period_months,7.0,7,https://www.moyoplan.com/plans/23749
변경,37180,37180,KT,moyo,A 올라잇,discount_period_months,7.0,7,https://www.moyoplan.com/plans/37180
변경,37335,37335,KT,moyo,[K] 밀리의 서재 100GB+,discount_period_months,7.0,7,https://www.moyoplan.com/plans/37335
변경,26373,26373,KT,moyo,[모요only] 쉐이크 LTE 15GB+/100분_밀리의서재,discount_period_months,7.0,7,https://www.moyoplan.com/plans/26373
변경,26373,26373,KT,moyo,[모요only] 쉐이크 LTE 15GB+/100분_밀리의서재,voice_minutes,100.0,100,https://www.moyoplan.com/plans/26373
변경,26373,26373,KT,moyo,[모요only] 쉐이크 LTE 15GB+/100분_밀리의서재,sms_count,100.0,100,https://www.moyoplan.com/plans/26373
변경,37454,37454,SKT,moyo,모빙 500분 7GB,voice_minutes,500.0,500,https://www.moyoplan.com/plans/37454
변경,37454,37454,SKT,moyo,모빙 500분 7GB,sms_count,500.0,500,https://www.moyoplan.com/plans/37454
변경,27853,27853,LGU+,moyo,후후 스마트 7GB+,discount_period_months,7.0,7,https://www.moyoplan.com/plans/27853
변경,23560,23560,KT,moyo,완전마음껏 11GB＋＋(배달의민족 매월 5000P),discount_period_months,7.0,7,https://www.moyoplan.com/plans/23560
변경,25325,25325,LGU+,moyo,USIM스마트 심플(200분+4GB),discount_period_months,12.0,12,https://www.moyoplan.com/plans/25325
변경,25325,25325,LGU+,moyo,USIM스마트 심플(200분+4GB),voice_minutes,200.0,200,https://www.moyoplan.com/plans/25325
변경,25325,25325,LGU+,moyo,USIM스마트 심플(200분+4GB),sms_count,100.0,100,https://www.moyoplan.com/plans/25325
변경,20060,20060,LGU+,moyo,세이브머니유심(100분/5GB+),voice_minutes,100.0,100,https://www.moyoplan.com/plans/20060
변경,20060,20060,LGU+,moyo,세이브머니유심(100분/5GB+),sms_count,100.0,100,https://www.moyoplan.com/plans/20060
변경,23748,23748,KT,moyo,완전마음껏 11GB＋＋(왓챠 베이직 매월 무료),discount_period_months,7.0,7,https://www.moyoplan.com/plans/23748
변경,37379,37379,LGU+,moyo,[L] 100분15GB+,discount_period_months,7.0,7,https://www.moyoplan.com/plans/37379
변경,37379,37379,LGU+,moyo,[L] 100분15GB+,voice_minutes,100.0,100,https://www.moyoplan.com/plans/37379
변경,37379,37379,LGU+,moyo,[L] 100분15GB+,sms_count,100.0,100,https://www.moyoplan.com/plans/37379
변경,26736,26736,LGU+,moyo,티플포유(2G/100분),voice_minutes,100.0,100,https://www.moyoplan.com/plans/26736
변경,26736,26736,LGU+,moyo,티플포유(2G/100분),sms_count,100.0,100,https://www.moyoplan.com/plans/26736
변경,26861,26861,KT,moyo,The 데이터마음껏 15GB+(100분),discount_period_months,7.0,7,https://www.moyoplan.com/plans/26861
변경,26861,26861,KT,moyo,The 데이터마음껏 15GB+(100분),voice_minutes,100.0,100,https://www.moyoplan.com/plans/26861
변경,26861,26861,KT,moyo,The 데이터마음껏 15GB+(100분),sms_count,100.0,100,https://www.moyoplan.com/plans/26861
변경,23374,23374,KT,moyo,[모요only] 5G 무제한 50GB+1Mbps,discount_period_months,12.0,12,https://www.moyoplan.com/plans/23374
변경,23374,23374,KT,moyo,[모요only] 5G 무제한 50GB+1Mbps,voice_extra_minutes,300.0,300,https://www.moyoplan.com/plans/23374
변경,13796,13796,LGU+,moyo,마블링 프라임(5G) 150GB+5Mbps,discount_period_months,7.0,7,https://www.moyoplan.com/plans/13796
변경,13796,13796,LGU+,moyo,마블링 프라임(5G) 150GB+5Mbps,voice_extra_minutes,300.0,300,https://www.moyoplan.com/plans/13796
변경,18597,18597,KT,moyo,5G 모두 충분 90GB+(밀리의서재),voice_extra_minutes,300.0,300,https://www.moyoplan.com/plans/18597
변경,26321,26321,LGU+,moyo,[일반] 유심 5G 50GB+,discount_period_months,12.0,12,https://www.moyoplan.com/plans/26321
변경,26321,26321,LGU+,moyo,[일반] 유심 5G 50GB+,voice_extra_minutes,300.0,300,https://www.moyoplan.com/plans/26321
변경,35826,35826,KT,moyo,[모요only] 쉐이크 5G 90GB+_밀리의서재,discount_period_months,7.0,7,https://www.moyoplan.com/plans/35826
변경,35826,35826,KT,moyo,[모요only] 쉐이크 5G 90GB+_밀리의서재,voice_extra_minutes,300.0,300,https://www.moyoplan.com/plans/35826
변경,37209,37209,LGU+,moyo,A 스페셜 15GB+ (24개월),discount_period_months,24.0,24,https://www.moyoplan.com/plans/37209
변경,37350,37350,LGU+,moyo,[L] 데이터 10GB+_2y_plus,discount_period_months,24.0,24,https://www.moyoplan.com/plans/37350
변경,15034,15034,LGU+,moyo,마블링 프라임(5G) 125GB+5Mbps,discount_period_months,7.0,7,https://www.moyoplan.com/plans/15034
변경,15034,15034,LGU+,moyo,마블링 프라임(5G) 125GB+5Mbps,voice_extra_minutes,300.0,300,https://www.moyoplan.com/plans/15034
변경,37179,37179,KT,moyo,A 올라잇 11GB+ 네이버페이(+추가 네이버페이 1만x7개월),discount_period_months,7.0,7,https://www.moyoplan.com/plans/37179
변경,18989,18989,LGU+,moyo,[L] DIGITAL DETOX 3GB 챌린지,discount_period_months,7.0,7,https://www.moyoplan.com/plans/18989
변경,18989,18989,LGU+,moyo,[L] DIGITAL DETOX 3GB 챌린지,voice_minutes,100.0,100,https://www.moyoplan.com/plans/18989
변경,18989,18989,LGU+,moyo,[L] DIGITAL DETOX 3GB 챌린지,sms_count,100.0,100,https://www.moyoplan.com/plans/18989
변경,17446,17446,KT,moyo,고고200분/2GB-데이터소진후 자동차단,voice_minutes,200.0,200,https://www.moyoplan.com/plans/17446
변경,17446,17446,KT,moyo,고고200분/2GB-데이터소진후 자동차단,sms_count,200.0,200,https://www.moyoplan.com/plans/17446
변경,23779,23779,LGU+,moyo,티플 10GB(10GB/300분),voice_minutes,300.0,300,https://www.moyoplan.com/plans/23779
변경,23779,23779,LGU+,moyo,티플 10GB(10GB/300분),sms_count,100.0,100,https://www.moyoplan.com/plans/23779
변경,37210,37210,LGU+,moyo,A 스페셜 15GB+/100분 (24개월),discount_period_months,24.0,24,https://www.moyoplan.com/plans/37210
변경,37210,37210,LGU+,moyo,A 스페셜 15GB+/100분 (24개월),voice_minutes,100.0,100,https://www.moyoplan.com/plans/37210
변경,37210,37210,LGU+,moyo,A 스페셜 15GB+/100분 (24개월),sms_count,100.0,100,https://www.moyoplan.com/plans/37210
변경,37416,37416,SKT,moyo,[S] 컬쳐랜드 100GB+,discount_period_months,7.0,7,https://www.moyoplan.com/plans/37416
변경,34742,34742,LGU+,moyo,EG-5G 24플러스 80G+,discount_period_months,7.0,7,https://www.moyoplan.com/plans/34742
변경,34742,34742,LGU+,moyo,EG-5G 24플러스 80G+,voice_extra_minutes,300.0,300,https://www.moyoplan.com/plans/34742
변경,37382,37382,LGU+,moyo,[L] 5G 데이터 95GB+,discount_period_months,7.0,7,https://www.moyoplan.com/plans/37382
변경,36322,36322,LGU+,moyo,[L]5G 데이터안심(기본제공/5GB+),discount_period_months,7.0,7,https://www.moyoplan.com/plans/36322
변경,35884,35884,SKT,moyo,티플 7G＋(CU멤버십＋매월 5000P),discount_period_months,7.0,7,https://www.moyoplan.com/plans/35884
변경,13983,13983,SKT,moyo,함께이야기해S(1000분+30GB),discount_period_months,12.0,12,https://www.moyoplan.com/plans/13983
변경,13983,13983,SKT,moyo,함께이야기해S(1000분+30GB),voice_minutes,1000.0,1000,https://www.moyoplan.com/plans/13983
변경,13983,13983,SKT,moyo,함께이야기해S(1000분+30GB),sms_count,300.0,300,https://www.moyoplan.com/plans/13983
변경,37377,37377,LGU+,moyo,[L] 데이터 15GB+,discount_period_months,7.0,7,https://www.moyoplan.com/plans/37377
변경,37242,37242,SKT,moyo,A 넥스트 71GB+(네이버페이 1만x7개월),discount_period_months,7.0,7,https://www.moyoplan.com/plans/37242
변경,37233,37233,SKT,moyo,A 5G 스마트 10GB/200분,discount_period_months,7.0,7,https://www.moyoplan.com/plans/37233
변경,37233,37233,SKT,moyo,A 5G 스마트 10GB/200분,voice_minutes,200.0,200,https://www.moyoplan.com/plans/37233
변경,37233,37233,SKT,moyo,A 5G 스마트 10GB/200분,sms_count,100.0,100,https://www.moyoplan.com/plans/37233
변경,37399,37399,LGU+,moyo,[L] 라운지프리 11GB+,discount_period_months,24.0,24,https://www.moyoplan.com/plans/37399
변경,29935,29935,LGU+,moyo,"[KG모바일 스페셜] 통화, 데이터 마음대로 10GB+",discount_period_months,7.0,7,https://www.moyoplan.com/plans/29935
변경,29935,29935,LGU+,moyo,"[KG모바일 스페셜] 통화, 데이터 마음대로 10GB+",voice_extra_minutes,300.0,300,https://www.moyoplan.com/plans/29935
변경,17599,17599,SKT,moyo,5G 함께이야기해S (500분+30GB),voice_minutes,500.0,500,https://www.moyoplan.com/plans/17599
변경,17599,17599,SKT,moyo,5G 함께이야기해S (500분+30GB),sms_count,200.0,200,https://www.moyoplan.com/plans/17599
변경,26730,26730,LGU+,moyo,"[모빌카드 스페셜] 통화, 데이터 마음대로 10GB+",discount_period_months,7.0,7,https://www.moyoplan.com/plans/26730
변경,26730,26730,LGU+,moyo,"[모빌카드 스페셜] 통화, 데이터 마음대로 10GB+",voice_extra_minutes,300.0,300,https://www.moyoplan.com/plans/26730
변경,37200,37200,LGU+,moyo,A 갓성비 6GB/200분 6,discount_period_months,6.0,6,https://www.moyoplan.com/plans/37200
변경,37200,37200,LGU+,moyo,A 갓성비 6GB/200분 6,voice_minutes,200.0,200,https://www.moyoplan.com/plans/37200
변경,37200,37200,LGU+,moyo,A 갓성비 6GB/200분 6,sms_count,100.0,100,https://www.moyoplan.com/plans/37200
변경,37316,37316,KT,moyo,[K] 데이터 10GB+,discount_period_months,24.0,24,https://www.moyoplan.com/plans/37316
변경,37336,37336,KT,moyo,[K] 300분15GB+,discount_period_months,24.0,24,https://www.moyoplan.com/plans/37336
변경,37336,37336,KT,moyo,[K] 300분15GB+,voice_minutes,300.0,300,https://www.moyoplan.com/plans/37336
변경,37336,37336,KT,moyo,[K] 300분15GB+,sms_count,300.0,300,https://www.moyoplan.com/plans/37336
변경,37414,37414,SKT,moyo,[S] 컬쳐랜드 100분15GB+,discount_period_months,7.0,7,https://www.moyoplan.com/plans/37414
변경,37414,37414,SKT,moyo,[S] 컬쳐랜드 100분15GB+,voice_minutes,100.0,100,https://www.moyoplan.com/plans/37414
변경,37414,37414,SKT,moyo,[S] 컬쳐랜드 100분15GB+,sms_count,100.0,100,https://www.moyoplan.com/plans/37414
변경,20408,20408,KT,moyo,5G 가성비,voice_minutes,50.0,50,https://www.moyoplan.com/plans/20408
변경,20408,20408,KT,moyo,5G 가성비,sms_count,50.0,50,https://www.moyoplan.com/plans/20408
변경,21356,21356,KT,moyo,조은 88,voice_minutes,120.0,120,https://www.moyoplan.com/plans/21356
변경,21356,21356,KT,moyo,조은 88,sms_count,120.0,120,https://www.moyoplan.com/plans/21356
변경,33965,33965,KT,moyo,TOP 5G 200GB 기본 (지니뮤직),discount_period_months,7.0,7,https://www.moyoplan.com/plans/33965
변경,33965,33965,KT,moyo,TOP 5G 200GB 기본 (지니뮤직),voice_extra_minutes,300.0,300,https://www.moyoplan.com/plans/33965
변경,22833,22833,LGU+,moyo,수다맘껏데이터7G+,discount_period_months,7.0,7,https://www.moyoplan.com/plans/22833
변경,22833,22833,LGU+,moyo,수다맘껏데이터7G+,voice_extra_minutes,300.0,300,https://www.moyoplan.com/plans/22833
변경,24548,24548,LGU+,moyo,[평생할인] 올프리 5GB+(USIM),voice_extra_minutes,300.0,300,https://www.moyoplan.com/plans/24548
변경,30968,30968,LGU+,moyo,USIM 스마트 15GB+,discount_period_months,7.0,7,https://www.moyoplan.com/plans/30968
변경,30968,30968,LGU+,moyo,USIM 스마트 15GB+,voice_minutes,100.0,100,https://www.moyoplan.com/plans/30968
변경,30968,30968,LGU+,moyo,USIM 스마트 15GB+,sms_count,100.0,100,https://www.moyoplan.com/plans/30968
변경,35400,35400,SKT,moyo,[S]아이즈특판100분/15GB+,discount_period_months,7.0,7,https://www.moyoplan.com/plans/35400
변경,35400,35400,SKT,moyo,[S]아이즈특판100분/15GB+,voice_minutes,100.0,100,https://www.moyoplan.com/plans/35400
변경,35400,35400,SKT,moyo,[S]아이즈특판100분/15GB+,sms_count,100.0,100,https://www.moyoplan.com/plans/35400
변경,35423,35423,KT,moyo,[K]롯시&밀리 15GB+,discount_period_months,7.0,7,https://www.moyoplan.com/plans/35423
변경,37344,37344,KT,moyo,[K] 5G 데이터 110GB+,discount_period_months,12.0,12,https://www.moyoplan.com/plans/37344
변경,37178,37178,KT,moyo,A 올라잇 11GB+ 밀리의서재(+추가 네이버페이 1만x7개월),discount_period_months,7.0,7,https://www.moyoplan.com/plans/37178
변경,27408,27408,SKT,moyo,티플 CGV 10GB＋,discount_period_months,7.0,7,https://www.moyoplan.com/plans/27408
변경,18524,18524,SKT,moyo,The 데이터마음껏 15GB＋(100분),discount_period_months,7.0,7,https://www.moyoplan.com/plans/18524
변경,18524,18524,SKT,moyo,The 데이터마음껏 15GB＋(100분),voice_minutes,100.0,100,https://www.moyoplan.com/plans/18524
변경,18524,18524,SKT,moyo,The 데이터마음껏 15GB＋(100분),sms_count,100.0,100,https://www.moyoplan.com/plans/18524
변경,20054,20054,LGU+,moyo,청년도약 LTE 71GB+,discount_period_months,36.0,36,https://www.moyoplan.com/plans/20054
변경,20054,20054,LGU+,moyo,청년도약 LTE 71GB+,voice_extra_minutes,300.0,300,https://www.moyoplan.com/plans/20054
변경,37400,37400,LGU+,moyo,[L] 라운지프리 100GB+,discount_period_months,24.0,24,https://www.moyoplan.com/plans/37400
변경,35473,35473,SKT,moyo,[S]이디야 블루 15GB+/100분,discount_period_months,7.0,7,https://www.moyoplan.com/plans/35473
변경,35473,35473,SKT,moyo,[S]이디야 블루 15GB+/100분,voice_minutes,100.0,100,https://www.moyoplan.com/plans/35473
변경,35473,35473,SKT,moyo,[S]이디야 블루 15GB+/100분,sms_count,100.0,100,https://www.moyoplan.com/plans/35473
변경,37329,37329,KT,moyo,[K] 모아진 100GB+,discount_period_months,7.0,7,https://www.moyoplan.com/plans/37329
변경,27850,27850,KT,moyo,[모요only] 쉐이크 5G 70GB+_밀리의서재,discount_period_months,7.0,7,https://www.moyoplan.com/plans/27850
변경,27850,27850,KT,moyo,[모요only] 쉐이크 5G 70GB+_밀리의서재,voice_extra_minutes,300.0,300,https://www.moyoplan.com/plans/27850
변경,35421,35421,KT,moyo,[K]롯시&밀리 7GB+,discount_period_months,7.0,7,https://www.moyoplan.com/plans/35421
변경,15073,15073,LGU+,moyo,이야기 라이트 250분2.5GB+,voice_minutes,250.0,250,https://www.moyoplan.com/plans/15073
변경,15073,15073,LGU+,moyo,이야기 라이트 250분2.5GB+,sms_count,250.0,250,https://www.moyoplan.com/plans/15073
변경,20001,20001,KT,moyo,5G100분/3GB-데이터소진후 자동차단,voice_minutes,100.0,100,https://www.moyoplan.com/plans/20001
변경,20001,20001,KT,moyo,5G100분/3GB-데이터소진후 자동차단,sms_count,100.0,100,https://www.moyoplan.com/plans/20001
변경,34217,34217,KT,moyo,[모요only] 무제한 10GB+1M(다이소 5000원),discount_period_months,7.0,7,https://www.moyoplan.com/plans/34217
변경,34217,34217,KT,moyo,[모요only] 무제한 10GB+1M(다이소 5000원),voice_extra_minutes,300.0,300,https://www.moyoplan.com/plans/34217
변경,35379,35379,SKT,moyo,[S]무한11GB+,voice_extra_minutes,300.0,300,https://www.moyoplan.com/plans/35379
변경,34218,34218,KT,moyo,[모요only] 무제한 10GB+1M(올리브영 5000원),discount_period_months,7.0,7,https://www.moyoplan.com/plans/34218
변경,34218,34218,KT,moyo,[모요only] 무제한 10GB+1M(올리브영 5000원),voice_extra_minutes,300.0,300,https://www.moyoplan.com/plans/34218
변경,32019,32019,LGU+,moyo,[5G]이지 무제한 180G+10,discount_period_months,7.0,7,https://www.moyoplan.com/plans/32019
변경,32019,32019,LGU+,moyo,[5G]이지 무제한 180G+10,voice_extra_minutes,300.0,300,https://www.moyoplan.com/plans/32019
변경,31356,31356,LGU+,moyo,쿠폰팩 통화기본10GB+,discount_period_months,7.0,7,https://www.moyoplan.com/plans/31356
변경,31356,31356,LGU+,moyo,쿠폰팩 통화기본10GB+,voice_extra_minutes,300.0,300,https://www.moyoplan.com/plans/31356
변경,37201,37201,LGU+,moyo,A 갓성비 7GB/100분 6,discount_period_months,6.0,6,https://www.moyoplan.com/plans/37201
변경,37201,37201,LGU+,moyo,A 갓성비 7GB/100분 6,voice_minutes,100.0,100,https://www.moyoplan.com/plans/37201
변경,37201,37201,LGU+,moyo,A 갓성비 7GB/100분 6,sms_count,100.0,100,https://www.moyoplan.com/plans/37201
변경,25307,25307,KT,moyo,스위트 11GB+(왓챠 프리미엄),discount_period_months,36.0,36,https://www.moyoplan.com/plans/25307
변경,25307,25307,KT,moyo,스위트 11GB+(왓챠 프리미엄),voice_extra_minutes,300.0,300,https://www.moyoplan.com/plans/25307
변경,30000,30000,LGU+,moyo,카카오이모티콘+_100G+5M,discount_period_months,7.0,7,https://www.moyoplan.com/plans/30000
변경,30000,30000,LGU+,moyo,카카오이모티콘+_100G+5M,voice_extra_minutes,300.0,300,https://www.moyoplan.com/plans/30000
변경,32944,32944,KT,moyo,[모요only] [모요핫딜]CU 스위트 무제한 10GB+,discount_period_months,7.0,7,https://www.moyoplan.com/plans/32944
변경,32944,32944,KT,moyo,[모요only] [모요핫딜]CU 스위트 무제한 10GB+,voice_extra_minutes,300.0,300,https://www.moyoplan.com/plans/32944
변경,37185,37185,LGU+,moyo,A 5G 갓성비 10GB/200분,discount_period_months,6.0,6,https://www.moyoplan.com/plans/37185
변경,37185,37185,LGU+,moyo,A 5G 갓성비 10GB/200분,voice_minutes,200.0,200,https://www.moyoplan.com/plans/37185
변경,37185,37185,LGU+,moyo,A 5G 갓성비 10GB/200분,sms_count,100.0,100,https://www.moyoplan.com/plans/37185
변경,20078,20078,LGU+,moyo,[모요only] 내맘대로 (200분+1GB),voice_minutes,200.0,200,https://www.moyoplan.com/plans/20078
변경,20078,20078,LGU+,moyo,[모요only] 내맘대로 (200분+1GB),sms_count,50.0,50,https://www.moyoplan.com/plans/20078
변경,37276,37276,SKT,moyo,[S] 5G 데이터 20GB,sms_count,100.0,100,https://www.moyoplan.com/plans/37276
변경,37211,37211,LGU+,moyo,A 스페셜 15GB+/300분 (24개월),discount_period_months,24.0,24,https://www.moyoplan.com/plans/37211
변경,37211,37211,LGU+,moyo,A 스페셜 15GB+/300분 (24개월),voice_minutes,300.0,300,https://www.moyoplan.com/plans/37211
변경,37211,37211,LGU+,moyo,A 스페셜 15GB+/300분 (24개월),sms_count,300.0,300,https://www.moyoplan.com/plans/37211
변경,17966,17966,SKT,moyo,티플 드림(2GB/200분),voice_minutes,200.0,200,https://www.moyoplan.com/plans/17966
변경,17966,17966,SKT,moyo,티플 드림(2GB/200분),sms_count,200.0,200,https://www.moyoplan.com/plans/17966
변경,35906,35906,KT,moyo,[모요only] 쉐이크 LTE 7GB+_웨이브(OTT),discount_period_months,7.0,7,https://www.moyoplan.com/plans/35906
변경,35906,35906,KT,moyo,[모요only] 쉐이크 LTE 7GB+_웨이브(OTT),voice_extra_minutes,300.0,300,https://www.moyoplan.com/plans/35906
변경,37289,37289,KT,moyo,쏙쏙 300분5GB,discount_period_months,5.0,5,https://www.moyoplan.com/plans/37289
변경,37289,37289,KT,moyo,쏙쏙 300분5GB,voice_minutes,300.0,300,https://www.moyoplan.com/plans/37289
변경,37289,37289,KT,moyo,쏙쏙 300분5GB,sms_count,100.0,100,https://www.moyoplan.com/plans/37289
변경,35828,35828,SKT,moyo,고고 LTE 무제한 10GB+1M_모요,discount_period_months,7.0,7,https://www.moyoplan.com/plans/35828
변경,35828,35828,SKT,moyo,고고 LTE 무제한 10GB+1M_모요,voice_extra_minutes,300.0,300,https://www.moyoplan.com/plans/35828
변경,15075,15075,LGU+,moyo,이야기 라이트 200분6GB+,discount_period_months,24.0,24,https://www.moyoplan.com/plans/15075
변경,15075,15075,LGU+,moyo,이야기 라이트 200분6GB+,voice_minutes,200.0,200,https://www.moyoplan.com/plans/15075
변경,15075,15075,LGU+,moyo,이야기 라이트 200분6GB+,sms_count,100.0,100,https://www.moyoplan.com/plans/15075
변경,17600,17600,SKT,moyo,5G 함께이야기해S (500분+50GB),discount_period_months,12.0,12,https://www.moyoplan.com/plans/17600
변경,17600,17600,SKT,moyo,5G 함께이야기해S (500분+50GB),voice_minutes,500.0,500,https://www.moyoplan.com/plans/17600
변경,17600,17600,SKT,moyo,5G 함께이야기해S (500분+50GB),sms_count,200.0,200,https://www.moyoplan.com/plans/17600
변경,37332,37332,KT,moyo,[K] 지니뮤직 11GB+,discount_period_months,7.0,7,https://www.moyoplan.com/plans/37332
변경,15033,15033,LGU+,moyo,마블링 프라임(5G) 95GB+3Mbps,discount_period_months,7.0,7,https://www.moyoplan.com/plans/15033
변경,15033,15033,LGU+,moyo,마블링 프라임(5G) 95GB+3Mbps,voice_extra_minutes,300.0,300,https://www.moyoplan.com/plans/15033
변경,35438,35438,SKT,moyo,[S]올리브영100분/15GB+,discount_period_months,7.0,7,https://www.moyoplan.com/plans/35438
변경,35438,35438,SKT,moyo,[S]올리브영100분/15GB+,voice_minutes,100.0,100,https://www.moyoplan.com/plans/35438
변경,35438,35438,SKT,moyo,[S]올리브영100분/15GB+,sms_count,100.0,100,https://www.moyoplan.com/plans/35438
변경,37328,37328,KT,moyo,[K] 웨이브베이직 11GB+,discount_period_months,7.0,7,https://www.moyoplan.com/plans/37328
변경,25247,25247,LGU+,moyo,5G 스마트플러스(200분 + 5GB),discount_period_months,12.0,12,https://www.moyoplan.com/plans/25247
변경,25247,25247,LGU+,moyo,5G 스마트플러스(200분 + 5GB),voice_minutes,200.0,200,https://www.moyoplan.com/plans/25247
변경,25247,25247,LGU+,moyo,5G 스마트플러스(200분 + 5GB),sms_count,100.0,100,https://www.moyoplan.com/plans/25247
변경,37327,37327,KT,moyo,[K] 다이소 11GB+,discount_period_months,7.0,7,https://www.moyoplan.com/plans/37327
변경,17961,17961,SKT,moyo,티플 드림(1GB/200분),voice_minutes,200.0,200,https://www.moyoplan.com/plans/17961
변경,17961,17961,SKT,moyo,티플 드림(1GB/200분),sms_count,200.0,200,https://www.moyoplan.com/plans/17961
변경,37306,37306,KT,moyo,쏙쏙 100분(10GB),voice_minutes,100.0,100,https://www.moyoplan.com/plans/37306
변경,37306,37306,KT,moyo,쏙쏙 100분(10GB),sms_count,100.0,100,https://www.moyoplan.com/plans/37306
변경,37345,37345,KT,moyo,[K] 5G 지니뮤직 110GB+,discount_period_months,12.0,12,https://www.moyoplan.com/plans/37345
변경,35464,35464,SKT,moyo,[S]OK캐쉬백 100분/15GB+,discount_period_months,12.0,12,https://www.moyoplan.com/plans/35464
변경,35464,35464,SKT,moyo,[S]OK캐쉬백 100분/15GB+,voice_minutes,100.0,100,https://www.moyoplan.com/plans/35464
변경,35464,35464,SKT,moyo,[S]OK캐쉬백 100분/15GB+,sms_count,100.0,100,https://www.moyoplan.com/plans/35464
변경,31477,31477,LGU+,moyo,모나기본10G안심1,discount_period_months,7.0,7,https://www.moyoplan.com/plans/31477
변경,31477,31477,LGU+,moyo,모나기본10G안심1,voice_extra_minutes,300.0,300,https://www.moyoplan.com/plans/31477
변경,37181,37181,KT,moyo,A 올라잇 100GB+ 밀리의서재(+추가 네이버페이 1만x7개월),discount_period_months,7.0,7,https://www.moyoplan.com/plans/37181
변경,23371,23371,KT,moyo,[모요only] 쉐이크 LTE 15GB+/300분_CU,discount_period_months,7.0,7,https://www.moyoplan.com/plans/23371
변경,23371,23371,KT,moyo,[모요only] 쉐이크 LTE 15GB+/300분_CU,voice_minutes,300.0,300,https://www.moyoplan.com/plans/23371
변경,23371,23371,KT,moyo,[모요only] 쉐이크 LTE 15GB+/300분_CU,sms_count,300.0,300,https://www.moyoplan.com/plans/23371
변경,25266,25266,KT,moyo,5G 스위트 70GB+,discount_period_months,36.0,36,https://www.moyoplan.com/plans/25266
변경,25266,25266,KT,moyo,5G 스위트 70GB+,voice_extra_minutes,300.0,300,https://www.moyoplan.com/plans/25266
변경,19641,19641,LGU+,moyo,[L]무한300분/15GB+,voice_minutes,300.0,300,https://www.moyoplan.com/plans/19641
변경,19641,19641,LGU+,moyo,[L]무한300분/15GB+,sms_count,300.0,300,https://www.moyoplan.com/plans/19641
변경,37376,37376,LGU+,moyo,[L] 데이터7GB+_2y_plus,discount_period_months,24.0,24,https://www.moyoplan.com/plans/37376
변경,27344,27344,LGU+,moyo,세이브머니유심(태블릿/스마트기기 10GB),voice_minutes,0.0,0,https://www.moyoplan.com/plans/27344
변경,27344,27344,LGU+,moyo,세이브머니유심(태블릿/스마트기기 10GB),sms_count,0.0,0,https://www.moyoplan.com/plans/27344
변경,25311,25311,KT,moyo,5G 스위트 10GB,voice_extra_minutes,300.0,300,https://www.moyoplan.com/plans/25311
변경,37342,37342,KT,moyo,[K] 페이포인트 100GB+,discount_period_months,24.0,24,https://www.moyoplan.com/plans/37342
변경,35427,35427,KT,moyo,[K]CU&롯시 15GB+,discount_period_months,7.0,7,https://www.moyoplan.com/plans/35427
변경,15080,15080,LGU+,moyo,5G 이야기 프리미엄 180GB+,discount_period_months,7.0,7,https://www.moyoplan.com/plans/15080
변경,33124,33124,KT,moyo,[K]다이소 100GB+,discount_period_months,7.0,7,https://www.moyoplan.com/plans/33124
변경,33124,33124,KT,moyo,[K]다이소 100GB+,voice_extra_minutes,300.0,300,https://www.moyoplan.com/plans/33124
변경,26322,26322,LGU+,moyo,[일반] 유심 5G 31GB+,discount_period_months,12.0,12,https://www.moyoplan.com/plans/26322
변경,26322,26322,LGU+,moyo,[일반] 유심 5G 31GB+,voice_extra_minutes,300.0,300,https://www.moyoplan.com/plans/26322
변경,30873,30873,LGU+,moyo,[5G]이지 무제한 14G+1,discount_period_months,7.0,7,https://www.moyoplan.com/plans/30873
변경,30873,30873,LGU+,moyo,[5G]이지 무제한 14G+1,voice_extra_minutes,300.0,300,https://www.moyoplan.com/plans/30873
변경,20079,20079,LGU+,moyo,[모요only] 내맘대로 (300분+1GB),voice_minutes,300.0,300,https://www.moyoplan.com/plans/20079
변경,20079,20079,LGU+,moyo,[모요only] 내맘대로 (300분+1GB),sms_count,50.0,50,https://www.moyoplan.com/plans/20079
변경,37362,37362,LGU+,moyo,[L] 5G 100분5GB,voice_minutes,100.0,100,https://www.moyoplan.com/plans/37362
변경,37362,37362,LGU+,moyo,[L] 5G 100분5GB,sms_count,100.0,100,https://www.moyoplan.com/plans/37362
변경,24443,24443,KT,moyo,[모요only] 쉐이크 LTE 10GB+_CU,discount_period_months,7.0,7,https://www.moyoplan.com/plans/24443
변경,24443,24443,KT,moyo,[모요only] 쉐이크 LTE 10GB+_CU,voice_extra_minutes,300.0,300,https://www.moyoplan.com/plans/24443
변경,37317,37317,KT,moyo,[K] CU편의점 15GB+,discount_period_months,7.0,7,https://www.moyoplan.com/plans/37317
변경,36613,36613,KT,moyo,티플 7G＋(CU),discount_period_months,7.0,7,https://www.moyoplan.com/plans/36613
변경,20853,20853,LGU+,moyo,보이스피싱예방 LTE 15GB+(100분/100건),discount_period_months,12.0,12,https://www.moyoplan.com/plans/20853
변경,20853,20853,LGU+,moyo,보이스피싱예방 LTE 15GB+(100분/100건),voice_minutes,100.0,100,https://www.moyoplan.com/plans/20853
변경,20853,20853,LGU+,moyo,보이스피싱예방 LTE 15GB+(100분/100건),sms_count,100.0,100,https://www.moyoplan.com/plans/20853
변경,37360,37360,LGU+,moyo,[L] 200분2GB,voice_minutes,200.0,200,https://www.moyoplan.com/plans/37360
변경,37360,37360,LGU+,moyo,[L] 200분2GB,sms_count,200.0,200,https://www.moyoplan.com/plans/37360
변경,37315,37315,KT,moyo,[K] 다이소 15GB+,discount_period_months,7.0,7,https://www.moyoplan.com/plans/37315
변경,37318,37318,KT,moyo,[K] 밀리의서재 15GB+,discount_period_months,7.0,7,https://www.moyoplan.com/plans/37318
변경,37389,37389,LGU+,moyo,홈결합 100분15GB+,discount_period_months,12.0,12,https://www.moyoplan.com/plans/37389
변경,37389,37389,LGU+,moyo,홈결합 100분15GB+,voice_minutes,100.0,100,https://www.moyoplan.com/plans/37389
변경,37389,37389,LGU+,moyo,홈결합 100분15GB+,sms_count,100.0,100,https://www.moyoplan.com/plans/37389
변경,23402,23402,SKT,moyo,5G 티플 8GB(8GB/300분),discount_period_months,4.0,4,https://www.moyoplan.com/plans/23402
변경,23402,23402,SKT,moyo,5G 티플 8GB(8GB/300분),voice_minutes,300.0,300,https://www.moyoplan.com/plans/23402
변경,23402,23402,SKT,moyo,5G 티플 8GB(8GB/300분),sms_count,100.0,100,https://www.moyoplan.com/plans/23402
변경,26317,26317,LGU+,moyo,[모빌카드 스페셜] 유심 5G 50GB+,discount_period_months,7.0,7,https://www.moyoplan.com/plans/26317
변경,26317,26317,LGU+,moyo,[모빌카드 스페셜] 유심 5G 50GB+,voice_extra_minutes,300.0,300,https://www.moyoplan.com/plans/26317
변경,37206,37206,LGU+,moyo,A 스페셜 10GB+,discount_period_months,7.0,7,https://www.moyoplan.com/plans/37206
변경,26803,26803,SKT,moyo,데이터안심 10GB＋(100분),discount_period_months,7.0,7,https://www.moyoplan.com/plans/26803
변경,26803,26803,SKT,moyo,데이터안심 10GB＋(100분),voice_minutes,100.0,100,https://www.moyoplan.com/plans/26803
변경,26803,26803,SKT,moyo,데이터안심 10GB＋(100분),sms_count,100.0,100,https://www.moyoplan.com/plans/26803
변경,18750,18750,KT,moyo,[모요only] 데이터 무제한 300분/15GB+3Mbps,discount_period_months,7.0,7,https://www.moyoplan.com/plans/18750
변경,18750,18750,KT,moyo,[모요only] 데이터 무제한 300분/15GB+3Mbps,voice_minutes,300.0,300,https://www.moyoplan.com/plans/18750
변경,18750,18750,KT,moyo,[모요only] 데이터 무제한 300분/15GB+3Mbps,sms_count,300.0,300,https://www.moyoplan.com/plans/18750
변경,35384,35384,SKT,moyo,[S]무한100GB+,voice_extra_minutes,300.0,300,https://www.moyoplan.com/plans/35384
변경,25284,25284,SKT,moyo,후후 스마일 (200분/5GB+),voice_minutes,200.0,200,https://www.moyoplan.com/plans/25284
변경,25284,25284,SKT,moyo,후후 스마일 (200분/5GB+),sms_count,100.0,100,https://www.moyoplan.com/plans/25284
변경,29899,29899,SKT,moyo,티플 위드유 10GB+ (G car+세차클링),discount_period_months,7.0,7,https://www.moyoplan.com/plans/29899
변경,34214,34214,SKT,moyo,티플 SNOW 10GB+ [12개월간 SNOW앱 무료],discount_period_months,7.0,7,https://www.moyoplan.com/plans/34214
변경,37410,37410,SKT,moyo,[S] 100분15GB+,discount_period_months,7.0,7,https://www.moyoplan.com/plans/37410
변경,37410,37410,SKT,moyo,[S] 100분15GB+,voice_minutes,100.0,100,https://www.moyoplan.com/plans/37410
변경,37410,37410,SKT,moyo,[S] 100분15GB+,sms_count,100.0,100,https://www.moyoplan.com/plans/37410
변경,20269,20269,LGU+,moyo,LTE 71GB+,discount_period_months,12.0,12,https://www.moyoplan.com/plans/20269
변경,20269,20269,LGU+,moyo,LTE 71GB+,voice_extra_minutes,300.0,300,https://www.moyoplan.com/plans/20269
변경,16771,16771,LGU+,moyo,[일반] 평생 반값 할인 (3GB/300분),voice_minutes,300.0,300,https://www.moyoplan.com/plans/16771
변경,16771,16771,LGU+,moyo,[일반] 평생 반값 할인 (3GB/300분),sms_count,0.0,0,https://www.moyoplan.com/plans/16771
변경,21275,21275,KT,moyo,완전마음껏 10GB＋,discount_period_months,7.0,7,https://www.moyoplan.com/plans/21275
변경,18960,18960,SKT,moyo,The 완전마음껏 10GB＋,discount_period_months,7.0,7,https://www.moyoplan.com/plans/18960
변경,35471,35471,SKT,moyo,[S]이디야 화이트 7GB+,discount_period_months,7.0,7,https://www.moyoplan.com/plans/35471
변경,37257,37257,SKT,moyo,[S] 300분1GB,voice_minutes,300.0,300,https://www.moyoplan.com/plans/37257
변경,37257,37257,SKT,moyo,[S] 300분1GB,sms_count,300.0,300,https://www.moyoplan.com/plans/37257
변경,37381,37381,LGU+,moyo,실속 300분15GB+,discount_period_months,7.0,7,https://www.moyoplan.com/plans/37381
변경,37381,37381,LGU+,moyo,실속 300분15GB+,voice_minutes,300.0,300,https://www.moyoplan.com/plans/37381
변경,37381,37381,LGU+,moyo,실속 300분15GB+,sms_count,300.0,300,https://www.moyoplan.com/plans/37381
변경,37262,37262,SKT,moyo,[S] 5G 300분6GB,voice_minutes,300.0,300,https://www.moyoplan.com/plans/37262
변경,37262,37262,SKT,moyo,[S] 5G 300분6GB,sms_count,300.0,300,https://www.moyoplan.com/plans/37262
변경,37230,37230,SKT,moyo,A 넥스트 7GB+,discount_period_months,7.0,7,https://www.moyoplan.com/plans/37230
변경,18987,18987,LGU+,moyo,[L] 핀다이렉트e Xtra 2GB,discount_period_months,7.0,7,https://www.moyoplan.com/plans/18987
변경,18987,18987,LGU+,moyo,[L] 핀다이렉트e Xtra 2GB,voice_minutes,100.0,100,https://www.moyoplan.com/plans/18987
변경,18987,18987,LGU+,moyo,[L] 핀다이렉트e Xtra 2GB,sms_count,100.0,100,https://www.moyoplan.com/plans/18987
변경,37401,37401,LGU+,moyo,5G 홈결합 150GB+,discount_period_months,12.0,12,https://www.moyoplan.com/plans/37401
변경,29951,29951,SKT,moyo,이야기 라이트S 100분 11GB+,voice_minutes,100.0,100,https://www.moyoplan.com/plans/29951
변경,29951,29951,SKT,moyo,이야기 라이트S 100분 11GB+,sms_count,100.0,100,https://www.moyoplan.com/plans/29951
변경,29030,29030,SKT,moyo,티플 올리브영 10GB+(매월 5000P),discount_period_months,7.0,7,https://www.moyoplan.com/plans/29030
변경,17276,17276,LGU+,moyo,티플포유(2G/200분),voice_minutes,200.0,200,https://www.moyoplan.com/plans/17276
변경,17276,17276,LGU+,moyo,티플포유(2G/200분),sms_count,100.0,100,https://www.moyoplan.com/plans/17276
변경,10699,10699,SKT,moyo,이야기 300분+5GB (5G),voice_minutes,300.0,300,https://www.moyoplan.com/plans/10699
변경,10699,10699,SKT,moyo,이야기 300분+5GB (5G),sms_count,50.0,50,https://www.moyoplan.com/plans/10699
변경,29007,29007,LGU+,moyo,[L]아이즈100분/15GB+,discount_period_months,7.0,7,https://www.moyoplan.com/plans/29007
변경,29007,29007,LGU+,moyo,[L]아이즈100분/15GB+,voice_minutes,100.0,100,https://www.moyoplan.com/plans/29007
변경,29007,29007,LGU+,moyo,[L]아이즈100분/15GB+,sms_count,100.0,100,https://www.moyoplan.com/plans/29007
변경,37390,37390,LGU+,moyo,[L] 라운지프리 100분15GB+,discount_period_months,24.0,24,https://www.moyoplan.com/plans/37390
변경,37390,37390,LGU+,moyo,[L] 라운지프리 100분15GB+,voice_minutes,100.0,100,https://www.moyoplan.com/plans/37390
변경,37390,37390,LGU+,moyo,[L] 라운지프리 100분15GB+,sms_count,100.0,100,https://www.moyoplan.com/plans/37390
변경,35443,35443,SKT,moyo,[S]올리브영7GB+,discount_period_months,7.0,7,https://www.moyoplan.com/plans/35443
변경,11320,11320,LGU+,moyo,[평생할인]데이터 안심 5GB+(USIM),voice_minutes,200.0,200,https://www.moyoplan.com/plans/11320
변경,11320,11320,LGU+,moyo,[평생할인]데이터 안심 5GB+(USIM),sms_count,100.0,100,https://www.moyoplan.com/plans/11320
변경,37196,37196,LGU+,moyo,A 갓성비 유독 5GB+ 7,discount_period_months,7.0,7,https://www.moyoplan.com/plans/37196
변경,37196,37196,LGU+,moyo,A 갓성비 유독 5GB+ 7,voice_minutes,100.0,100,https://www.moyoplan.com/plans/37196
변경,37196,37196,LGU+,moyo,A 갓성비 유독 5GB+ 7,sms_count,100.0,100,https://www.moyoplan.com/plans/37196
변경,26996,26996,LGU+,moyo,세이브머니유심(200분/5GB+),voice_minutes,200.0,200,https://www.moyoplan.com/plans/26996
변경,26996,26996,LGU+,moyo,세이브머니유심(200분/5GB+),sms_count,100.0,100,https://www.moyoplan.com/plans/26996
변경,26313,26313,LGU+,moyo,[모빌카드 스페셜] 유심 5G 180GB+,discount_period_months,7.0,7,https://www.moyoplan.com/plans/26313
변경,26313,26313,LGU+,moyo,[모빌카드 스페셜] 유심 5G 180GB+,voice_extra_minutes,300.0,300,https://www.moyoplan.com/plans/26313
변경,25255,25255,KT,moyo,스위트 7GB+ (+10GB 24개월간 추가 제공),discount_period_months,36.0,36,https://www.moyoplan.com/plans/25255
변경,25255,25255,KT,moyo,스위트 7GB+ (+10GB 24개월간 추가 제공),voice_extra_minutes,300.0,300,https://www.moyoplan.com/plans/25255
변경,26180,26180,LGU+,moyo,내맘대로(200분+6GB)(5G),voice_minutes,200.0,200,https://www.moyoplan.com/plans/26180
변경,26180,26180,LGU+,moyo,내맘대로(200분+6GB)(5G),sms_count,200.0,200,https://www.moyoplan.com/plans/26180
변경,25219,25219,KT,moyo,5G 스위트 50GB+,discount_period_months,36.0,36,https://www.moyoplan.com/plans/25219
변경,25219,25219,KT,moyo,5G 스위트 50GB+,voice_extra_minutes,300.0,300,https://www.moyoplan.com/plans/25219
변경,22817,22817,KT,moyo,요고 38,voice_extra_minutes,300.0,300,https://www.moyoplan.com/plans/22817
변경,37369,37369,LGU+,moyo,[L] 300분9GB,voice_minutes,300.0,300,https://www.moyoplan.com/plans/37369
변경,37369,37369,LGU+,moyo,[L] 300분9GB,sms_count,100.0,100,https://www.moyoplan.com/plans/37369
변경,18990,18990,SKT,moyo,[S] DIGITAL DETOX 3GB 챌린지,discount_period_months,7.0,7,https://www.moyoplan.com/plans/18990
변경,18990,18990,SKT,moyo,[S] DIGITAL DETOX 3GB 챌린지,voice_minutes,100.0,100,https://www.moyoplan.com/plans/18990
변경,18990,18990,SKT,moyo,[S] DIGITAL DETOX 3GB 챌린지,sms_count,100.0,100,https://www.moyoplan.com/plans/18990
변경,31740,31740,KT,moyo,USIM 스위트 음성 무제한 5GB,discount_period_months,36.0,36,https://www.moyoplan.com/plans/31740
변경,8217,8217,SKT,moyo,5G 이야기 무한 200GB,discount_period_months,7.0,7,https://www.moyoplan.com/plans/8217
변경,37370,37370,LGU+,moyo,실속 250분10GB,voice_minutes,250.0,250,https://www.moyoplan.com/plans/37370
변경,37370,37370,LGU+,moyo,실속 250분10GB,sms_count,100.0,100,https://www.moyoplan.com/plans/37370
변경,25299,25299,LGU+,moyo,USIM 심플 (50분 + 1.8GB),discount_period_months,6.0,6,https://www.moyoplan.com/plans/25299
변경,25299,25299,LGU+,moyo,USIM 심플 (50분 + 1.8GB),voice_minutes,50.0,50,https://www.moyoplan.com/plans/25299
변경,25299,25299,LGU+,moyo,USIM 심플 (50분 + 1.8GB),sms_count,50.0,50,https://www.moyoplan.com/plans/25299
변경,16806,16806,LGU+,moyo,티플 데이터마음껏1G(100분),voice_minutes,100.0,100,https://www.moyoplan.com/plans/16806
변경,16806,16806,LGU+,moyo,티플 데이터마음껏1G(100분),sms_count,100.0,100,https://www.moyoplan.com/plans/16806
변경,37322,37322,KT,moyo,[K] 모아진 100분15GB+,discount_period_months,7.0,7,https://www.moyoplan.com/plans/37322
변경,37322,37322,KT,moyo,[K] 모아진 100분15GB+,voice_minutes,100.0,100,https://www.moyoplan.com/plans/37322
변경,37322,37322,KT,moyo,[K] 모아진 100분15GB+,sms_count,100.0,100,https://www.moyoplan.com/plans/37322
변경,37320,37320,KT,moyo,[K] 페이포인트 100분15GB+,discount_period_months,7.0,7,https://www.moyoplan.com/plans/37320
변경,37320,37320,KT,moyo,[K] 페이포인트 100분15GB+,voice_minutes,100.0,100,https://www.moyoplan.com/plans/37320
변경,37320,37320,KT,moyo,[K] 페이포인트 100분15GB+,sms_count,100.0,100,https://www.moyoplan.com/plans/37320
변경,17964,17964,SKT,moyo,The 데이터마음껏 5GB＋(200분),voice_minutes,200.0,200,https://www.moyoplan.com/plans/17964
변경,17964,17964,SKT,moyo,The 데이터마음껏 5GB＋(200분),sms_count,100.0,100,https://www.moyoplan.com/plans/17964
변경,37321,37321,KT,moyo,[K] 다이소 100분15GB+,discount_period_months,7.0,7,https://www.moyoplan.com/plans/37321
변경,37321,37321,KT,moyo,[K] 다이소 100분15GB+,voice_minutes,100.0,100,https://www.moyoplan.com/plans/37321
변경,37321,37321,KT,moyo,[K] 다이소 100분15GB+,sms_count,100.0,100,https://www.moyoplan.com/plans/37321
변경,31044,31044,SKT,moyo,티플 10GB+(이디야커피),discount_period_months,7.0,7,https://www.moyoplan.com/plans/31044
변경,37346,37346,KT,moyo,[K] 5G 데이터 200GB+,discount_period_months,12.0,12,https://www.moyoplan.com/plans/37346
변경,37347,37347,KT,moyo,[K] 5G 밀리의서재 200GB+,discount_period_months,12.0,12,https://www.moyoplan.com/plans/37347
변경,37184,37184,LGU+,moyo,A 갓성비 1GB/100분,discount_period_months,6.0,6,https://www.moyoplan.com/plans/37184
변경,37184,37184,LGU+,moyo,A 갓성비 1GB/100분,voice_minutes,100.0,100,https://www.moyoplan.com/plans/37184
변경,37184,37184,LGU+,moyo,A 갓성비 1GB/100분,sms_count,50.0,50,https://www.moyoplan.com/plans/37184
변경,27231,27231,LGU+,moyo,[L]벤티(300분/9GB),discount_period_months,6.0,6,https://www.moyoplan.com/plans/27231
변경,27231,27231,LGU+,moyo,[L]벤티(300분/9GB),voice_minutes,300.0,300,https://www.moyoplan.com/plans/27231
변경,27231,27231,LGU+,moyo,[L]벤티(300분/9GB),sms_count,100.0,100,https://www.moyoplan.com/plans/27231
변경,37127,37127,LGU+,moyo,5G_모나데이터12G안심1,discount_period_months,12.0,12,https://www.moyoplan.com/plans/37127
변경,37226,37226,SKT,moyo,A 스마트 13GB,discount_period_months,7.0,7,https://www.moyoplan.com/plans/37226
변경,37240,37240,SKT,moyo,A 넥스트 15GB+/100분(네이버페이 1만x7개월),discount_period_months,7.0,7,https://www.moyoplan.com/plans/37240
변경,37240,37240,SKT,moyo,A 넥스트 15GB+/100분(네이버페이 1만x7개월),voice_minutes,100.0,100,https://www.moyoplan.com/plans/37240
변경,37240,37240,SKT,moyo,A 넥스트 15GB+/100분(네이버페이 1만x7개월),sms_count,100.0,100,https://www.moyoplan.com/plans/37240
변경,17601,17601,LGU+,moyo,5G 이야기 라이트 80GB+,discount_period_months,7.0,7,https://www.moyoplan.com/plans/17601
변경,35359,35359,SKT,moyo,[S]벤티(200분/10GB),voice_minutes,200.0,200,https://www.moyoplan.com/plans/35359
변경,35359,35359,SKT,moyo,[S]벤티(200분/10GB),sms_count,100.0,100,https://www.moyoplan.com/plans/35359
변경,37366,37366,LGU+,moyo,실속 100분5GB+,discount_period_months,24.0,24,https://www.moyoplan.com/plans/37366
변경,37366,37366,LGU+,moyo,실속 100분5GB+,voice_minutes,100.0,100,https://www.moyoplan.com/plans/37366
변경,37366,37366,LGU+,moyo,실속 100분5GB+,sms_count,100.0,100,https://www.moyoplan.com/plans/37366
변경,35381,35381,SKT,moyo,[S]무한100분/15GB+,voice_minutes,100.0,100,https://www.moyoplan.com/plans/35381
변경,35381,35381,SKT,moyo,[S]무한100분/15GB+,sms_count,100.0,100,https://www.moyoplan.com/plans/35381
변경,25319,25319,SKT,moyo,스마일플러스(100분+1.5GB),discount_period_months,5.0,5,https://www.moyoplan.com/plans/25319
변경,25319,25319,SKT,moyo,스마일플러스(100분+1.5GB),voice_minutes,100.0,100,https://www.moyoplan.com/plans/25319
변경,25319,25319,SKT,moyo,스마일플러스(100분+1.5GB),sms_count,100.0,100,https://www.moyoplan.com/plans/25319
변경,15848,15848,SKT,moyo,이야기 무한 1GB+,discount_period_months,7.0,7,https://www.moyoplan.com/plans/15848
변경,20270,20270,LGU+,moyo,LTE 150GB+,discount_period_months,12.0,12,https://www.moyoplan.com/plans/20270
변경,36268,36268,LGU+,moyo,5G 음성기본 스탠다드31+,discount_period_months,7.0,7,https://www.moyoplan.com/plans/36268
변경,36268,36268,LGU+,moyo,5G 음성기본 스탠다드31+,voice_extra_minutes,300.0,300,https://www.moyoplan.com/plans/36268
변경,37305,37305,KT,moyo,쏙쏙 500분10GB,voice_minutes,500.0,500,https://www.moyoplan.com/plans/37305
변경,37305,37305,KT,moyo,쏙쏙 500분10GB,sms_count,500.0,500,https://www.moyoplan.com/plans/37305
변경,27849,27849,LGU+,moyo,이야기 라이트 10GB+,discount_period_months,7.0,7,https://www.moyoplan.com/plans/27849
변경,37363,37363,LGU+,moyo,실속 200분5GB,voice_minutes,200.0,200,https://www.moyoplan.com/plans/37363
변경,37363,37363,LGU+,moyo,실속 200분5GB,sms_count,100.0,100,https://www.moyoplan.com/plans/37363
변경,16297,16297,SKT,moyo,5G 이야기 무한 74GB,discount_period_months,7.0,7,https://www.moyoplan.com/plans/16297
변경,37452,37452,SKT,moyo,[S] 데이터 3GB,sms_count,100.0,100,https://www.moyoplan.com/plans/37452
변경,36947,36947,LGU+,moyo,5G 음성기본 180GB+,discount_period_months,7.0,7,https://www.moyoplan.com/plans/36947
변경,36947,36947,LGU+,moyo,5G 음성기본 180GB+,voice_extra_minutes,300.0,300,https://www.moyoplan.com/plans/36947
변경,25331,25331,LGU+,moyo,5G 심플(300분+5GB),discount_period_months,7.0,7,https://www.moyoplan.com/plans/25331
변경,25331,25331,LGU+,moyo,5G 심플(300분+5GB),voice_minutes,300.0,300,https://www.moyoplan.com/plans/25331
변경,25331,25331,LGU+,moyo,5G 심플(300분+5GB),sms_count,100.0,100,https://www.moyoplan.com/plans/25331
변경,12277,12277,SKT,moyo,내맘대로S(300+3GB),discount_period_months,4.0,4,https://www.moyoplan.com/plans/12277
변경,12277,12277,SKT,moyo,내맘대로S(300+3GB),voice_minutes,300.0,300,https://www.moyoplan.com/plans/12277
변경,12277,12277,SKT,moyo,내맘대로S(300+3GB),sms_count,300.0,300,https://www.moyoplan.com/plans/12277
변경,25293,25293,LGU+,moyo,USIM 심플 (100분 + 3GB),discount_period_months,6.0,6,https://www.moyoplan.com/plans/25293
변경,25293,25293,LGU+,moyo,USIM 심플 (100분 + 3GB),voice_minutes,100.0,100,https://www.moyoplan.com/plans/25293
변경,25293,25293,LGU+,moyo,USIM 심플 (100분 + 3GB),sms_count,100.0,100,https://www.moyoplan.com/plans/25293
변경,25274,25274,LGU+,moyo,USIM 심플 (100분+2.2GB),discount_period_months,6.0,6,https://www.moyoplan.com/plans/25274
변경,25274,25274,LGU+,moyo,USIM 심플 (100분+2.2GB),voice_minutes,100.0,100,https://www.moyoplan.com/plans/25274
변경,25274,25274,LGU+,moyo,USIM 심플 (100분+2.2GB),sms_count,100.0,100,https://www.moyoplan.com/plans/25274
변경,25260,25260,LGU+,moyo,USIM 심플 (500분 + 2GB),discount_period_months,6.0,6,https://www.moyoplan.com/plans/25260
변경,25260,25260,LGU+,moyo,USIM 심플 (500분 + 2GB),voice_minutes,500.0,500,https://www.moyoplan.com/plans/25260
변경,25260,25260,LGU+,moyo,USIM 심플 (500분 + 2GB),sms_count,100.0,100,https://www.moyoplan.com/plans/25260
변경,25285,25285,LGU+,moyo,USIM 심플 (200분 + 1.5GB),discount_period_months,6.0,6,https://www.moyoplan.com/plans/25285
변경,25285,25285,LGU+,moyo,USIM 심플 (200분 + 1.5GB),voice_minutes,200.0,200,https://www.moyoplan.com/plans/25285
변경,25285,25285,LGU+,moyo,USIM 심플 (200분 + 1.5GB),sms_count,100.0,100,https://www.moyoplan.com/plans/25285
변경,25324,25324,LGU+,moyo,USIM스마트 심플(100분+1.5GB),discount_period_months,6.0,6,https://www.moyoplan.com/plans/25324
변경,25324,25324,LGU+,moyo,USIM스마트 심플(100분+1.5GB),voice_minutes,100.0,100,https://www.moyoplan.com/plans/25324
변경,25324,25324,LGU+,moyo,USIM스마트 심플(100분+1.5GB),sms_count,100.0,100,https://www.moyoplan.com/plans/25324
변경,29006,29006,LGU+,moyo,[L]아이즈7GB+,discount_period_months,7.0,7,https://www.moyoplan.com/plans/29006
변경,22818,22818,KT,moyo,요고 36,voice_extra_minutes,300.0,300,https://www.moyoplan.com/plans/22818
변경,37394,37394,LGU+,moyo,[L] 라운지프리 300분15GB+,discount_period_months,24.0,24,https://www.moyoplan.com/plans/37394
변경,37394,37394,LGU+,moyo,[L] 라운지프리 300분15GB+,voice_minutes,300.0,300,https://www.moyoplan.com/plans/37394
변경,37394,37394,LGU+,moyo,[L] 라운지프리 300분15GB+,sms_count,300.0,300,https://www.moyoplan.com/plans/37394
변경,37198,37198,LGU+,moyo,A 스페셜 7GB+ (24개월),discount_period_months,24.0,24,https://www.moyoplan.com/plans/37198
변경,24529,24529,LGU+,moyo,실속 300분+4GB(USIM),discount_period_months,6.0,6,https://www.moyoplan.com/plans/24529
변경,24529,24529,LGU+,moyo,실속 300분+4GB(USIM),voice_minutes,300.0,300,https://www.moyoplan.com/plans/24529
변경,24529,24529,LGU+,moyo,실속 300분+4GB(USIM),sms_count,100.0,100,https://www.moyoplan.com/plans/24529
변경,37191,37191,LGU+,moyo,A 5G 갓성비 5GB/100분,discount_period_months,6.0,6,https://www.moyoplan.com/plans/37191
변경,37191,37191,LGU+,moyo,A 5G 갓성비 5GB/100분,voice_minutes,100.0,100,https://www.moyoplan.com/plans/37191
변경,37191,37191,LGU+,moyo,A 5G 갓성비 5GB/100분,sms_count,50.0,50,https://www.moyoplan.com/plans/37191
변경,15323,15323,LGU+,moyo,인스 유심 올프리 6GB+,discount_period_months,7.0,7,https://www.moyoplan.com/plans/15323
변경,35383,35383,SKT,moyo,[S]무한300분/15GB+,voice_minutes,300.0,300,https://www.moyoplan.com/plans/35383
변경,35383,35383,SKT,moyo,[S]무한300분/15GB+,sms_count,300.0,300,https://www.moyoplan.com/plans/35383
변경,16298,16298,SKT,moyo,5G 이야기 무한 99GB,discount_period_months,7.0,7,https://www.moyoplan.com/plans/16298
변경,25214,25214,SKT,moyo,후후 스마일 (200분/3GB+),voice_minutes,200.0,200,https://www.moyoplan.com/plans/25214
변경,25214,25214,SKT,moyo,후후 스마일 (200분/3GB+),sms_count,100.0,100,https://www.moyoplan.com/plans/25214
변경,34769,34769,LGU+,moyo,5G 이야기 라이트 50GB+,discount_period_months,7.0,7,https://www.moyoplan.com/plans/34769
변경,25291,25291,SKT,moyo,후후 플러스 (100분+1.5GB),discount_period_months,5.0,5,https://www.moyoplan.com/plans/25291
변경,25291,25291,SKT,moyo,후후 플러스 (100분+1.5GB),voice_minutes,100.0,100,https://www.moyoplan.com/plans/25291
변경,25291,25291,SKT,moyo,후후 플러스 (100분+1.5GB),sms_count,100.0,100,https://www.moyoplan.com/plans/25291
변경,37371,37371,LGU+,moyo,[L] 5G 데이터 1GB+,sms_count,100.0,100,https://www.moyoplan.com/plans/37371
변경,19921,19921,LGU+,moyo,[L]그란데(300분/5GB),discount_period_months,24.0,24,https://www.moyoplan.com/plans/19921
변경,19921,19921,LGU+,moyo,[L]그란데(300분/5GB),voice_minutes,300.0,300,https://www.moyoplan.com/plans/19921
변경,19921,19921,LGU+,moyo,[L]그란데(300분/5GB),sms_count,100.0,100,https://www.moyoplan.com/plans/19921
변경,37359,37359,LGU+,moyo,실속 100분3GB,voice_minutes,100.0,100,https://www.moyoplan.com/plans/37359
변경,37359,37359,LGU+,moyo,실속 100분3GB,sms_count,100.0,100,https://www.moyoplan.com/plans/37359
변경,37300,37300,KT,moyo,5G 쏙쏙 500분15GB,discount_period_months,7.0,7,https://www.moyoplan.com/plans/37300
변경,37300,37300,KT,moyo,5G 쏙쏙 500분15GB,voice_minutes,500.0,500,https://www.moyoplan.com/plans/37300
변경,37300,37300,KT,moyo,5G 쏙쏙 500분15GB,sms_count,500.0,500,https://www.moyoplan.com/plans/37300
변경,20061,20061,LGU+,moyo,세이브머니유심(200분/6GB+),voice_minutes,200.0,200,https://www.moyoplan.com/plans/20061
변경,20061,20061,LGU+,moyo,세이브머니유심(200분/6GB+),sms_count,100.0,100,https://www.moyoplan.com/plans/20061
변경,11720,11720,KT,moyo,LTE 무제한 11GB+,discount_period_months,12.0,12,https://www.moyoplan.com/plans/11720
변경,11720,11720,KT,moyo,LTE 무제한 11GB+,voice_extra_minutes,200.0,200,https://www.moyoplan.com/plans/11720
변경,37309,37309,KT,moyo,5G 쏙쏙 500분20GB,discount_period_months,7.0,7,https://www.moyoplan.com/plans/37309
변경,37309,37309,KT,moyo,5G 쏙쏙 500분20GB,voice_minutes,500.0,500,https://www.moyoplan.com/plans/37309
변경,37309,37309,KT,moyo,5G 쏙쏙 500분20GB,sms_count,500.0,500,https://www.moyoplan.com/plans/37309
변경,37358,37358,LGU+,moyo,[L] 5G 데이터 5GB+,discount_period_months,6.0,6,https://www.moyoplan.com/plans/37358
변경,37358,37358,LGU+,moyo,[L] 5G 데이터 5GB+,sms_count,100.0,100,https://www.moyoplan.com/plans/37358
변경,21233,21233,SKT,moyo,5G 이야기 무한 15GB,discount_period_months,7.0,7,https://www.moyoplan.com/plans/21233
변경,26318,26318,LGU+,moyo,[모빌카드 스페셜] 유심 5G 31GB+,discount_period_months,7.0,7,https://www.moyoplan.com/plans/26318
변경,26318,26318,LGU+,moyo,[모빌카드 스페셜] 유심 5G 31GB+,voice_extra_minutes,300.0,300,https://www.moyoplan.com/plans/26318
변경,37409,37409,SKT,moyo,[S] 데이터 7GB+,discount_period_months,7.0,7,https://www.moyoplan.com/plans/37409
변경,37412,37412,SKT,moyo,[S] 데이터 10GB+,discount_period_months,7.0,7,https://www.moyoplan.com/plans/37412
변경,11079,11079,LGU+,moyo,올프리 1GB+(USIM),discount_period_months,6.0,6,https://www.moyoplan.com/plans/11079
변경,25238,25238,SKT,moyo,후후 플러스 (50분+1.8GB),discount_period_months,5.0,5,https://www.moyoplan.com/plans/25238
변경,25238,25238,SKT,moyo,후후 플러스 (50분+1.8GB),voice_minutes,50.0,50,https://www.moyoplan.com/plans/25238
변경,25238,25238,SKT,moyo,후후 플러스 (50분+1.8GB),sms_count,50.0,50,https://www.moyoplan.com/plans/25238
변경,33043,33043,KT,moyo,EG 10무제한 10G+1(CU할인+매월10GB),discount_period_months,10.0,10,https://www.moyoplan.com/plans/33043
변경,35477,35477,SKT,moyo,[S]아이즈팩 100분/15GB+,discount_period_months,7.0,7,https://www.moyoplan.com/plans/35477
변경,35477,35477,SKT,moyo,[S]아이즈팩 100분/15GB+,voice_minutes,100.0,100,https://www.moyoplan.com/plans/35477
변경,35477,35477,SKT,moyo,[S]아이즈팩 100분/15GB+,sms_count,100.0,100,https://www.moyoplan.com/plans/35477
변경,37284,37284,SKT,moyo,[S] 5G 데이터 110GB+,discount_period_months,24.0,24,https://www.moyoplan.com/plans/37284
변경,29398,29398,KT,moyo,5G 모두 충분 14GB+,voice_extra_minutes,300.0,300,https://www.moyoplan.com/plans/29398
변경,15072,15072,LGU+,moyo,이야기 라이트 200분2.5GB+,discount_period_months,6.0,6,https://www.moyoplan.com/plans/15072
변경,15072,15072,LGU+,moyo,이야기 라이트 200분2.5GB+,voice_minutes,200.0,200,https://www.moyoplan.com/plans/15072
변경,15072,15072,LGU+,moyo,이야기 라이트 200분2.5GB+,sms_count,100.0,100,https://www.moyoplan.com/plans/15072
변경,33035,33035,LGU+,moyo,5G 가성비플러스(3GB/350분),discount_period_months,6.0,6,https://www.moyoplan.com/plans/33035
변경,33035,33035,LGU+,moyo,5G 가성비플러스(3GB/350분),voice_minutes,350.0,350,https://www.moyoplan.com/plans/33035
변경,33035,33035,LGU+,moyo,5G 가성비플러스(3GB/350분),sms_count,100.0,100,https://www.moyoplan.com/plans/33035
변경,23484,23484,KT,moyo,보이스피싱예방LTE 15GB+(안심직거래),discount_period_months,12.0,12,https://www.moyoplan.com/plans/23484
변경,23484,23484,KT,moyo,보이스피싱예방LTE 15GB+(안심직거래),voice_extra_minutes,300.0,300,https://www.moyoplan.com/plans/23484
변경,25275,25275,LGU+,moyo,USIM 심플 (500분 + 1GB),discount_period_months,6.0,6,https://www.moyoplan.com/plans/25275
변경,25275,25275,LGU+,moyo,USIM 심플 (500분 + 1GB),voice_minutes,500.0,500,https://www.moyoplan.com/plans/25275
변경,25275,25275,LGU+,moyo,USIM 심플 (500분 + 1GB),sms_count,100.0,100,https://www.moyoplan.com/plans/25275
변경,37313,37313,KT,moyo,[K] 다이소 10GB+,discount_period_months,7.0,7,https://www.moyoplan.com/plans/37313
변경,37312,37312,KT,moyo,[K] CU편의점 10GB+,discount_period_months,7.0,7,https://www.moyoplan.com/plans/37312
변경,35410,35410,KT,moyo,[K]무한7GB+ Npay,discount_period_months,7.0,7,https://www.moyoplan.com/plans/35410
변경,37314,37314,KT,moyo,[K] 밀리의서재 10GB+,discount_period_months,7.0,7,https://www.moyoplan.com/plans/37314
변경,11082,11082,LGU+,moyo,실속 150분+2GB(USIM),discount_period_months,6.0,6,https://www.moyoplan.com/plans/11082
변경,11082,11082,LGU+,moyo,실속 150분+2GB(USIM),voice_minutes,150.0,150,https://www.moyoplan.com/plans/11082
변경,11082,11082,LGU+,moyo,실속 150분+2GB(USIM),voice_extra_minutes,0.0,0,https://www.moyoplan.com/plans/11082
변경,11082,11082,LGU+,moyo,실속 150분+2GB(USIM),sms_count,50.0,50,https://www.moyoplan.com/plans/11082
변경,37324,37324,KT,moyo,[K] CU편의점 300분15GB+,discount_period_months,7.0,7,https://www.moyoplan.com/plans/37324
변경,37324,37324,KT,moyo,[K] CU편의점 300분15GB+,voice_minutes,300.0,300,https://www.moyoplan.com/plans/37324
변경,37324,37324,KT,moyo,[K] CU편의점 300분15GB+,sms_count,300.0,300,https://www.moyoplan.com/plans/37324
변경,37372,37372,LGU+,moyo,[L] 5G 300분10GB,voice_minutes,300.0,300,https://www.moyoplan.com/plans/37372
변경,37372,37372,LGU+,moyo,[L] 5G 300분10GB,sms_count,100.0,100,https://www.moyoplan.com/plans/37372
변경,37408,37408,KT,moyo,[K]5G 네이버페이 200GB+,discount_period_months,7.0,7,https://www.moyoplan.com/plans/37408
변경,25272,25272,KT,moyo,5G 스위트 90GB+,discount_period_months,36.0,36,https://www.moyoplan.com/plans/25272
변경,25272,25272,KT,moyo,5G 스위트 90GB+,voice_extra_minutes,300.0,300,https://www.moyoplan.com/plans/25272
변경,13768,13768,SKT,moyo,5G 이야기 무한 24GB,discount_period_months,7.0,7,https://www.moyoplan.com/plans/13768
변경,35462,35462,SKT,moyo,[S]OK캐쉬백 7GB+,discount_period_months,12.0,12,https://www.moyoplan.com/plans/35462
변경,37383,37383,LGU+,moyo,[L] 라운지프리 7GB+,discount_period_months,24.0,24,https://www.moyoplan.com/plans/37383
변경,25257,25257,KT,moyo,5G 스위트 30GB+,discount_period_months,36.0,36,https://www.moyoplan.com/plans/25257
변경,25257,25257,KT,moyo,5G 스위트 30GB+,voice_extra_minutes,300.0,300,https://www.moyoplan.com/plans/25257
변경,16296,16296,SKT,moyo,5G 이야기 무한 54GB,discount_period_months,7.0,7,https://www.moyoplan.com/plans/16296
변경,25351,25351,SKT,moyo,스마일 10GB+,discount_period_months,7.0,7,https://www.moyoplan.com/plans/25351
변경,25351,25351,SKT,moyo,스마일 10GB+,voice_extra_minutes,300.0,300,https://www.moyoplan.com/plans/25351
변경,35452,35452,KT,moyo,[K]다이소 11GB+일2GB,discount_period_months,7.0,7,https://www.moyoplan.com/plans/35452
변경,35452,35452,KT,moyo,[K]다이소 11GB+일2GB,voice_extra_minutes,300.0,300,https://www.moyoplan.com/plans/35452
변경,29003,29003,LGU+,moyo,[L]아이즈15GB+1Mbps,discount_period_months,7.0,7,https://www.moyoplan.com/plans/29003
변경,29003,29003,LGU+,moyo,[L]아이즈15GB+1Mbps,voice_extra_minutes,300.0,300,https://www.moyoplan.com/plans/29003
변경,25288,25288,SKT,moyo,스마일플러스(200분+1.5GB),discount_period_months,5.0,5,https://www.moyoplan.com/plans/25288
변경,25288,25288,SKT,moyo,스마일플러스(200분+1.5GB),voice_minutes,200.0,200,https://www.moyoplan.com/plans/25288
변경,25288,25288,SKT,moyo,스마일플러스(200분+1.5GB),sms_count,100.0,100,https://www.moyoplan.com/plans/25288
변경,35458,35458,KT,moyo,[K]올리브영 11GB+일2GB,discount_period_months,7.0,7,https://www.moyoplan.com/plans/35458
변경,35458,35458,KT,moyo,[K]올리브영 11GB+일2GB,voice_extra_minutes,300.0,300,https://www.moyoplan.com/plans/35458
변경,37286,37286,KT,moyo,[K] 250분2.5GB,discount_period_months,5.0,5,https://www.moyoplan.com/plans/37286
변경,37286,37286,KT,moyo,[K] 250분2.5GB,voice_minutes,250.0,250,https://www.moyoplan.com/plans/37286
변경,37286,37286,KT,moyo,[K] 250분2.5GB,sms_count,250.0,250,https://www.moyoplan.com/plans/37286
변경,27733,27733,LGU+,moyo,시월5G 무제한 180GB+10Mbps,discount_period_months,7.0,7,https://www.moyoplan.com/plans/27733
변경,27733,27733,LGU+,moyo,시월5G 무제한 180GB+10Mbps,voice_extra_minutes,300.0,300,https://www.moyoplan.com/plans/27733
변경,17960,17960,SKT,moyo,티플 드림(2GB/100분),voice_minutes,100.0,100,https://www.moyoplan.com/plans/17960
변경,17960,17960,SKT,moyo,티플 드림(2GB/100분),sms_count,100.0,100,https://www.moyoplan.com/plans/17960
변경,15077,15077,LGU+,moyo,5G 이야기 라이트 9GB+,discount_period_months,7.0,7,https://www.moyoplan.com/plans/15077
변경,37204,37204,LGU+,moyo,A 갓성비 6GB/300분 6,discount_period_months,6.0,6,https://www.moyoplan.com/plans/37204
변경,37204,37204,LGU+,moyo,A 갓성비 6GB/300분 6,voice_minutes,300.0,300,https://www.moyoplan.com/plans/37204
변경,37204,37204,LGU+,moyo,A 갓성비 6GB/300분 6,sms_count,100.0,100,https://www.moyoplan.com/plans/37204
변경,37199,37199,LGU+,moyo,A 갓성비 5GB/230분 6,discount_period_months,6.0,6,https://www.moyoplan.com/plans/37199
변경,37199,37199,LGU+,moyo,A 갓성비 5GB/230분 6,voice_minutes,230.0,230,https://www.moyoplan.com/plans/37199
변경,37199,37199,LGU+,moyo,A 갓성비 5GB/230분 6,sms_count,100.0,100,https://www.moyoplan.com/plans/37199
변경,37291,37291,KT,moyo,[K] 100분3GB,discount_period_months,5.0,5,https://www.moyoplan.com/plans/37291
변경,37291,37291,KT,moyo,[K] 100분3GB,voice_minutes,100.0,100,https://www.moyoplan.com/plans/37291
변경,37291,37291,KT,moyo,[K] 100분3GB,sms_count,100.0,100,https://www.moyoplan.com/plans/37291
변경,24339,24339,SKT,moyo,5G 티플 5GB(5GB/300분),discount_period_months,4.0,4,https://www.moyoplan.com/plans/24339
변경,24339,24339,SKT,moyo,5G 티플 5GB(5GB/300분),voice_minutes,300.0,300,https://www.moyoplan.com/plans/24339
변경,24339,24339,SKT,moyo,5G 티플 5GB(5GB/300분),sms_count,100.0,100,https://www.moyoplan.com/plans/24339
변경,37348,37348,KT,moyo,5G 200GB+ 지니뮤직,discount_period_months,12.0,12,https://www.moyoplan.com/plans/37348
변경,25213,25213,SKT,moyo,후후 스마일 10GB+,discount_period_months,7.0,7,https://www.moyoplan.com/plans/25213
변경,25213,25213,SKT,moyo,후후 스마일 10GB+,voice_extra_minutes,300.0,300,https://www.moyoplan.com/plans/25213
변경,24240,24240,LGU+,moyo,5G 이야기 라이트 12GB+,discount_period_months,7.0,7,https://www.moyoplan.com/plans/24240
변경,35351,35351,SKT,moyo,[S]그란데(200분/6GB),voice_minutes,200.0,200,https://www.moyoplan.com/plans/35351
변경,35351,35351,SKT,moyo,[S]그란데(200분/6GB),sms_count,100.0,100,https://www.moyoplan.com/plans/35351
변경,8136,8136,SKT,moyo,안심무약정1+700MB,voice_minutes,100.0,100,https://www.moyoplan.com/plans/8136
변경,8136,8136,SKT,moyo,안심무약정1+700MB,sms_count,100.0,100,https://www.moyoplan.com/plans/8136
변경,35459,35459,KT,moyo,[K]올리브영 100GB+,discount_period_months,7.0,7,https://www.moyoplan.com/plans/35459
변경,35459,35459,KT,moyo,[K]올리브영 100GB+,voice_extra_minutes,300.0,300,https://www.moyoplan.com/plans/35459
변경,29581,29581,LGU+,moyo,시월5G 무제한 50GB+1Mbps,discount_period_months,7.0,7,https://www.moyoplan.com/plans/29581
변경,29581,29581,LGU+,moyo,시월5G 무제한 50GB+1Mbps,voice_extra_minutes,300.0,300,https://www.moyoplan.com/plans/29581
변경,13753,13753,SKT,moyo,5G 이야기 무한 11GB,discount_period_months,7.0,7,https://www.moyoplan.com/plans/13753
변경,37292,37292,KT,moyo,[K] 500분5GB,discount_period_months,7.0,7,https://www.moyoplan.com/plans/37292
변경,37292,37292,KT,moyo,[K] 500분5GB,voice_minutes,500.0,500,https://www.moyoplan.com/plans/37292
변경,37292,37292,KT,moyo,[K] 500분5GB,sms_count,500.0,500,https://www.moyoplan.com/plans/37292
변경,22815,22815,KT,moyo,요고 42,voice_extra_minutes,300.0,300,https://www.moyoplan.com/plans/22815
변경,8167,8167,LGU+,moyo,내맘대로 차단형 (100분+500MB),voice_minutes,100.0,100,https://www.moyoplan.com/plans/8167
변경,8167,8167,LGU+,moyo,내맘대로 차단형 (100분+500MB),sms_count,50.0,50,https://www.moyoplan.com/plans/8167
변경,35435,35435,KT,moyo,[K]CU&롯시 10GB+,discount_period_months,7.0,7,https://www.moyoplan.com/plans/35435
변경,37239,37239,SKT,moyo,A 넥스트 10GB+,discount_period_months,7.0,7,https://www.moyoplan.com/plans/37239
변경,37368,37368,LGU+,moyo,[L] 100분1GB+,voice_minutes,100.0,100,https://www.moyoplan.com/plans/37368
변경,37368,37368,LGU+,moyo,[L] 100분1GB+,sms_count,100.0,100,https://www.moyoplan.com/plans/37368
변경,37343,37343,KT,moyo,[K] 5G 데이터 90GB+,discount_period_months,12.0,12,https://www.moyoplan.com/plans/37343
변경,35465,35465,SKT,moyo,[S]OK캐쉬백 300분/15GB+,discount_period_months,12.0,12,https://www.moyoplan.com/plans/35465
변경,35465,35465,SKT,moyo,[S]OK캐쉬백 300분/15GB+,voice_minutes,300.0,300,https://www.moyoplan.com/plans/35465
변경,35465,35465,SKT,moyo,[S]OK캐쉬백 300분/15GB+,sms_count,300.0,300,https://www.moyoplan.com/plans/35465
변경,26314,26314,LGU+,moyo,[모빌카드 스페셜] 유심 5G 12GB+,discount_period_months,7.0,7,https://www.moyoplan.com/plans/26314
변경,26314,26314,LGU+,moyo,[모빌카드 스페셜] 유심 5G 12GB+,voice_extra_minutes,300.0,300,https://www.moyoplan.com/plans/26314
변경,19578,19578,KT,moyo,LTE 무제한 11GB+ (지니뮤직),discount_period_months,12.0,12,https://www.moyoplan.com/plans/19578
변경,19578,19578,KT,moyo,LTE 무제한 11GB+ (지니뮤직),voice_extra_minutes,300.0,300,https://www.moyoplan.com/plans/19578
변경,37307,37307,KT,moyo,[K] 지니뮤직 7GB+,discount_period_months,7.0,7,https://www.moyoplan.com/plans/37307
변경,37302,37302,KT,moyo,[K] 300분3GB,voice_minutes,300.0,300,https://www.moyoplan.com/plans/37302
변경,37302,37302,KT,moyo,[K] 300분3GB,sms_count,300.0,300,https://www.moyoplan.com/plans/37302
변경,30956,30956,LGU+,moyo,[L] 핀다이렉트Z Speed 50GB+,discount_period_months,7.0,7,https://www.moyoplan.com/plans/30956
변경,30956,30956,LGU+,moyo,[L] 핀다이렉트Z Speed 50GB+,voice_extra_minutes,300.0,300,https://www.moyoplan.com/plans/30956
변경,20274,20274,LGU+,moyo,LTE 15GB+(100분/100건),discount_period_months,12.0,12,https://www.moyoplan.com/plans/20274
변경,20274,20274,LGU+,moyo,LTE 15GB+(100분/100건),voice_minutes,100.0,100,https://www.moyoplan.com/plans/20274
변경,20274,20274,LGU+,moyo,LTE 15GB+(100분/100건),voice_extra_minutes,100.0,100,https://www.moyoplan.com/plans/20274
변경,20274,20274,LGU+,moyo,LTE 15GB+(100분/100건),sms_count,100.0,100,https://www.moyoplan.com/plans/20274
변경,35373,35373,KT,moyo,[K]벤티(300분/7GB),voice_minutes,300.0,300,https://www.moyoplan.com/plans/35373
변경,35373,35373,KT,moyo,[K]벤티(300분/7GB),sms_count,100.0,100,https://www.moyoplan.com/plans/35373
변경,25305,25305,SKT,moyo,5G 스마일 플러스 (300분+5GB),discount_period_months,5.0,5,https://www.moyoplan.com/plans/25305
변경,25305,25305,SKT,moyo,5G 스마일 플러스 (300분+5GB),voice_minutes,300.0,300,https://www.moyoplan.com/plans/25305
변경,25305,25305,SKT,moyo,5G 스마일 플러스 (300분+5GB),sms_count,100.0,100,https://www.moyoplan.com/plans/25305
변경,37303,37303,KT,moyo,쏙쏙 100분(6GB),voice_minutes,100.0,100,https://www.moyoplan.com/plans/37303
변경,37303,37303,KT,moyo,쏙쏙 100분(6GB),sms_count,100.0,100,https://www.moyoplan.com/plans/37303
변경,13914,13914,LGU+,moyo,[일반] 유심 5G 12GB+,discount_period_months,12.0,12,https://www.moyoplan.com/plans/13914
변경,13914,13914,LGU+,moyo,[일반] 유심 5G 12GB+,voice_extra_minutes,300.0,300,https://www.moyoplan.com/plans/13914
변경,35389,35389,SKT,moyo,[S]음성자유/3GB,voice_extra_minutes,30.0,30,https://www.moyoplan.com/plans/35389
변경,35389,35389,SKT,moyo,[S]음성자유/3GB,sms_count,100.0,100,https://www.moyoplan.com/plans/35389
변경,20854,20854,LGU+,moyo,보이스피싱예방LTE15GB+(300분/300건),discount_period_months,12.0,12,https://www.moyoplan.com/plans/20854
변경,20854,20854,LGU+,moyo,보이스피싱예방LTE15GB+(300분/300건),voice_minutes,300.0,300,https://www.moyoplan.com/plans/20854
변경,20854,20854,LGU+,moyo,보이스피싱예방LTE15GB+(300분/300건),sms_count,300.0,300,https://www.moyoplan.com/plans/20854
변경,29580,29580,LGU+,moyo,시월5G 무제한 80GB+1Mbps,discount_period_months,7.0,7,https://www.moyoplan.com/plans/29580
변경,29580,29580,LGU+,moyo,시월5G 무제한 80GB+1Mbps,voice_extra_minutes,300.0,300,https://www.moyoplan.com/plans/29580
변경,35387,35387,SKT,moyo,[S]무한10GB+,voice_extra_minutes,300.0,300,https://www.moyoplan.com/plans/35387
변경,20544,20544,LGU+,moyo,LTE 100GB+,discount_period_months,12.0,12,https://www.moyoplan.com/plans/20544
변경,20544,20544,LGU+,moyo,LTE 100GB+,voice_extra_minutes,300.0,300,https://www.moyoplan.com/plans/20544
변경,37374,37374,LGU+,moyo,[L] 데이터 7GB+,discount_period_months,7.0,7,https://www.moyoplan.com/plans/37374
변경,8402,8402,SKT,moyo,내맘대로S(100+3GB),discount_period_months,4.0,4,https://www.moyoplan.com/plans/8402
변경,8402,8402,SKT,moyo,내맘대로S(100+3GB),voice_minutes,100.0,100,https://www.moyoplan.com/plans/8402
변경,8402,8402,SKT,moyo,내맘대로S(100+3GB),sms_count,100.0,100,https://www.moyoplan.com/plans/8402
변경,25228,25228,SKT,moyo,5G 스마일 플러스 (200분+5GB),discount_period_months,5.0,5,https://www.moyoplan.com/plans/25228
변경,25228,25228,SKT,moyo,5G 스마일 플러스 (200분+5GB),voice_minutes,200.0,200,https://www.moyoplan.com/plans/25228
변경,25228,25228,SKT,moyo,5G 스마일 플러스 (200분+5GB),sms_count,100.0,100,https://www.moyoplan.com/plans/25228
변경,37166,37166,KT,moyo,A 올라잇 7GB+ 밀리의서재,discount_period_months,7.0,7,https://www.moyoplan.com/plans/37166
변경,35856,35856,LGU+,moyo,티플온 10G＋,discount_period_months,7.0,7,https://www.moyoplan.com/plans/35856
변경,35856,35856,LGU+,moyo,티플온 10G＋,voice_minutes,9996.0,9996,https://www.moyoplan.com/plans/35856
변경,35422,35422,KT,moyo,[K]롯시&밀리 10GB+,discount_period_months,7.0,7,https://www.moyoplan.com/plans/35422
변경,37402,37402,LGU+,moyo,[L] 5G 데이터 180GB+,discount_period_months,24.0,24,https://www.moyoplan.com/plans/37402
변경,22819,22819,KT,moyo,요고 34,voice_extra_minutes,300.0,300,https://www.moyoplan.com/plans/22819
변경,37338,37338,KT,moyo,모두다 막힘없이 일5GB+ 왓챠,discount_period_months,7.0,7,https://www.moyoplan.com/plans/37338
변경,19590,19590,KT,moyo,LTE 무제한 일 5GB+(블라이스),discount_period_months,12.0,12,https://www.moyoplan.com/plans/19590
변경,35398,35398,SKT,moyo,[S]아이즈특판7GB+1Mbps,discount_period_months,7.0,7,https://www.moyoplan.com/plans/35398
변경,35398,35398,SKT,moyo,[S]아이즈특판7GB+1Mbps,voice_extra_minutes,300.0,300,https://www.moyoplan.com/plans/35398
변경,15332,15332,LGU+,moyo,인스 유심 스피드(5G) 9GB+,discount_period_months,7.0,7,https://www.moyoplan.com/plans/15332
변경,26889,26889,LGU+,moyo,5G 음성기본 50GB+,discount_period_months,7.0,7,https://www.moyoplan.com/plans/26889
변경,26889,26889,LGU+,moyo,5G 음성기본 50GB+,voice_extra_minutes,300.0,300,https://www.moyoplan.com/plans/26889
변경,12273,12273,SKT,moyo,내맘대로S(500+500MB),discount_period_months,12.0,12,https://www.moyoplan.com/plans/12273
변경,12273,12273,SKT,moyo,내맘대로S(500+500MB),voice_minutes,500.0,500,https://www.moyoplan.com/plans/12273
변경,12273,12273,SKT,moyo,내맘대로S(500+500MB),sms_count,500.0,500,https://www.moyoplan.com/plans/12273
변경,16808,16808,LGU+,moyo,티플 데이터마음껏3G(100분),voice_minutes,100.0,100,https://www.moyoplan.com/plans/16808
변경,16808,16808,LGU+,moyo,티플 데이터마음껏3G(100분),sms_count,100.0,100,https://www.moyoplan.com/plans/16808
변경,23483,23483,KT,moyo,보이스피싱예방LTE7GB+(안심직거래),discount_period_months,12.0,12,https://www.moyoplan.com/plans/23483
변경,23483,23483,KT,moyo,보이스피싱예방LTE7GB+(안심직거래),voice_extra_minutes,300.0,300,https://www.moyoplan.com/plans/23483
변경,37165,37165,KT,moyo,A 올라잇 5GB/200분,discount_period_months,7.0,7,https://www.moyoplan.com/plans/37165
변경,37165,37165,KT,moyo,A 올라잇 5GB/200분,voice_minutes,200.0,200,https://www.moyoplan.com/plans/37165
변경,37165,37165,KT,moyo,A 올라잇 5GB/200분,sms_count,100.0,100,https://www.moyoplan.com/plans/37165
변경,22811,22811,KT,moyo,요고 55,voice_extra_minutes,300.0,300,https://www.moyoplan.com/plans/22811
변경,26890,26890,LGU+,moyo,5G 음성기본 80GB+,discount_period_months,7.0,7,https://www.moyoplan.com/plans/26890
변경,26890,26890,LGU+,moyo,5G 음성기본 80GB+,voice_extra_minutes,300.0,300,https://www.moyoplan.com/plans/26890
변경,22903,22903,LGU+,moyo,[일반] 데이터 마음대로 (1GB+/100분),discount_period_months,6.0,6,https://www.moyoplan.com/plans/22903
변경,22903,22903,LGU+,moyo,[일반] 데이터 마음대로 (1GB+/100분),voice_minutes,100.0,100,https://www.moyoplan.com/plans/22903
변경,22903,22903,LGU+,moyo,[일반] 데이터 마음대로 (1GB+/100분),sms_count,100.0,100,https://www.moyoplan.com/plans/22903
변경,37167,37167,KT,moyo,A 올라잇 15GB+ 밀리의서재,discount_period_months,7.0,7,https://www.moyoplan.com/plans/37167
변경,35463,35463,SKT,moyo,[S]OK캐쉬백 10GB+,discount_period_months,12.0,12,https://www.moyoplan.com/plans/35463
변경,37308,37308,KT,moyo,[K] 페이포인트 7GB+,discount_period_months,7.0,7,https://www.moyoplan.com/plans/37308
변경,25251,25251,SKT,moyo,후후 플러스 (100분+2.2GB),discount_period_months,5.0,5,https://www.moyoplan.com/plans/25251
변경,25251,25251,SKT,moyo,후후 플러스 (100분+2.2GB),voice_minutes,100.0,100,https://www.moyoplan.com/plans/25251
변경,25251,25251,SKT,moyo,후후 플러스 (100분+2.2GB),sms_count,100.0,100,https://www.moyoplan.com/plans/25251
변경,25278,25278,SKT,moyo,후후 플러스 (200분+1.5GB),discount_period_months,5.0,5,https://www.moyoplan.com/plans/25278
변경,25278,25278,SKT,moyo,후후 플러스 (200분+1.5GB),voice_minutes,200.0,200,https://www.moyoplan.com/plans/25278
변경,25278,25278,SKT,moyo,후후 플러스 (200분+1.5GB),sms_count,100.0,100,https://www.moyoplan.com/plans/25278
변경,22820,22820,KT,moyo,요고 32,voice_extra_minutes,300.0,300,https://www.moyoplan.com/plans/22820
변경,37163,37163,KT,moyo,A 올라잇 2.5GB/200분,discount_period_months,7.0,7,https://www.moyoplan.com/plans/37163
변경,37163,37163,KT,moyo,A 올라잇 2.5GB/200분,voice_minutes,200.0,200,https://www.moyoplan.com/plans/37163
변경,37163,37163,KT,moyo,A 올라잇 2.5GB/200분,sms_count,200.0,200,https://www.moyoplan.com/plans/37163
변경,32617,32617,LGU+,moyo,데이터충분히(10G+300분),discount_period_months,8.0,8,https://www.moyoplan.com/plans/32617
변경,32617,32617,LGU+,moyo,데이터충분히(10G+300분),voice_minutes,300.0,300,https://www.moyoplan.com/plans/32617
변경,32617,32617,LGU+,moyo,데이터충분히(10G+300분),sms_count,100.0,100,https://www.moyoplan.com/plans/32617
변경,37168,37168,KT,moyo,A 올라잇 15GB+/100분 밀리의서재,discount_period_months,7.0,7,https://www.moyoplan.com/plans/37168
변경,37168,37168,KT,moyo,A 올라잇 15GB+/100분 밀리의서재,voice_minutes,100.0,100,https://www.moyoplan.com/plans/37168
변경,37168,37168,KT,moyo,A 올라잇 15GB+/100분 밀리의서재,sms_count,100.0,100,https://www.moyoplan.com/plans/37168
변경,37298,37298,KT,moyo,[K] 5G 200분3GB,voice_minutes,200.0,200,https://www.moyoplan.com/plans/37298
변경,37298,37298,KT,moyo,[K] 5G 200분3GB,sms_count,200.0,200,https://www.moyoplan.com/plans/37298
변경,19579,19579,KT,moyo,LTE 무제한 11GB+(NPay),discount_period_months,12.0,12,https://www.moyoplan.com/plans/19579
변경,19579,19579,KT,moyo,LTE 무제한 11GB+(NPay),voice_extra_minutes,300.0,300,https://www.moyoplan.com/plans/19579
변경,17959,17959,SKT,moyo,티플 드림(3GB/100분),discount_period_months,4.0,4,https://www.moyoplan.com/plans/17959
변경,17959,17959,SKT,moyo,티플 드림(3GB/100분),voice_minutes,100.0,100,https://www.moyoplan.com/plans/17959
변경,17959,17959,SKT,moyo,티플 드림(3GB/100분),sms_count,100.0,100,https://www.moyoplan.com/plans/17959
변경,35472,35472,SKT,moyo,[S]이디야 화이트 10GB+,discount_period_months,7.0,7,https://www.moyoplan.com/plans/35472
변경,37413,37413,SKT,moyo,[S] 컬쳐랜드 10GB+,discount_period_months,7.0,7,https://www.moyoplan.com/plans/37413
변경,37349,37349,LGU+,moyo,5G 실속 200분3GB,voice_minutes,200.0,200,https://www.moyoplan.com/plans/37349
변경,37349,37349,LGU+,moyo,5G 실속 200분3GB,sms_count,200.0,200,https://www.moyoplan.com/plans/37349
변경,35439,35439,SKT,moyo,[S]올리브영10GB+1Mbps,discount_period_months,7.0,7,https://www.moyoplan.com/plans/35439
변경,37282,37282,SKT,moyo,[S] 밀리패스 100GB+,discount_period_months,7.0,7,https://www.moyoplan.com/plans/37282
변경,37186,37186,LGU+,moyo,A 갓성비 10GB+/200분,discount_period_months,7.0,7,https://www.moyoplan.com/plans/37186
변경,37186,37186,LGU+,moyo,A 갓성비 10GB+/200분,voice_minutes,200.0,200,https://www.moyoplan.com/plans/37186
변경,37186,37186,LGU+,moyo,A 갓성비 10GB+/200분,sms_count,100.0,100,https://www.moyoplan.com/plans/37186
변경,37326,37326,KT,moyo,쏙쏙 시니어 8GB+,discount_period_months,24.0,24,https://www.moyoplan.com/plans/37326
변경,37164,37164,KT,moyo,A 올라잇 4.5GB/100분,discount_period_months,7.0,7,https://www.moyoplan.com/plans/37164
변경,37164,37164,KT,moyo,A 올라잇 4.5GB/100분,voice_minutes,100.0,100,https://www.moyoplan.com/plans/37164
변경,37164,37164,KT,moyo,A 올라잇 4.5GB/100분,sms_count,100.0,100,https://www.moyoplan.com/plans/37164
변경,25267,25267,LGU+,moyo,후후 심플 (100분 + 3GB),discount_period_months,6.0,6,https://www.moyoplan.com/plans/25267
변경,25267,25267,LGU+,moyo,후후 심플 (100분 + 3GB),voice_minutes,100.0,100,https://www.moyoplan.com/plans/25267
변경,25267,25267,LGU+,moyo,후후 심플 (100분 + 3GB),sms_count,100.0,100,https://www.moyoplan.com/plans/25267
변경,25212,25212,LGU+,moyo,후후 심플 (100분 + 2.2GB),discount_period_months,6.0,6,https://www.moyoplan.com/plans/25212
변경,25212,25212,LGU+,moyo,후후 심플 (100분 + 2.2GB),voice_minutes,100.0,100,https://www.moyoplan.com/plans/25212
변경,25212,25212,LGU+,moyo,후후 심플 (100분 + 2.2GB),sms_count,100.0,100,https://www.moyoplan.com/plans/25212
변경,25294,25294,LGU+,moyo,후후 심플 (50분 + 1.8GB),discount_period_months,6.0,6,https://www.moyoplan.com/plans/25294
변경,25294,25294,LGU+,moyo,후후 심플 (50분 + 1.8GB),voice_minutes,50.0,50,https://www.moyoplan.com/plans/25294
변경,25294,25294,LGU+,moyo,후후 심플 (50분 + 1.8GB),sms_count,50.0,50,https://www.moyoplan.com/plans/25294
변경,25224,25224,LGU+,moyo,후후 심플 (200분 + 1.5GB),discount_period_months,6.0,6,https://www.moyoplan.com/plans/25224
변경,25224,25224,LGU+,moyo,후후 심플 (200분 + 1.5GB),voice_minutes,200.0,200,https://www.moyoplan.com/plans/25224
변경,25224,25224,LGU+,moyo,후후 심플 (200분 + 1.5GB),sms_count,100.0,100,https://www.moyoplan.com/plans/25224
변경,37259,37259,SKT,moyo,[S] 200분3GB,voice_minutes,200.0,200,https://www.moyoplan.com/plans/37259
변경,37259,37259,SKT,moyo,[S] 200분3GB,sms_count,200.0,200,https://www.moyoplan.com/plans/37259
변경,25231,25231,SKT,moyo,스마일 플러스 (100분 + 2.2GB),discount_period_months,5.0,5,https://www.moyoplan.com/plans/25231
변경,25231,25231,SKT,moyo,스마일 플러스 (100분 + 2.2GB),voice_minutes,100.0,100,https://www.moyoplan.com/plans/25231
변경,25231,25231,SKT,moyo,스마일 플러스 (100분 + 2.2GB),sms_count,100.0,100,https://www.moyoplan.com/plans/25231
변경,33165,33165,SKT,moyo,5G 통화안심 30GB,discount_period_months,4.0,4,https://www.moyoplan.com/plans/33165
변경,33165,33165,SKT,moyo,5G 통화안심 30GB,sms_count,100.0,100,https://www.moyoplan.com/plans/33165
변경,8403,8403,SKT,moyo,내맘대로S(200+3GB),discount_period_months,4.0,4,https://www.moyoplan.com/plans/8403
변경,8403,8403,SKT,moyo,내맘대로S(200+3GB),voice_minutes,200.0,200,https://www.moyoplan.com/plans/8403
변경,8403,8403,SKT,moyo,내맘대로S(200+3GB),sms_count,200.0,200,https://www.moyoplan.com/plans/8403
변경,23208,23208,LGU+,moyo,인스 유심 스피드(5G) 12GB+,discount_period_months,7.0,7,https://www.moyoplan.com/plans/23208
변경,37244,37244,SKT,moyo,A 넥스트 7GB+(네이버페이 1만x7개월),discount_period_months,7.0,7,https://www.moyoplan.com/plans/37244
변경,11717,11717,KT,moyo,LTE 실속 15GB+(100분) / 11월에 개통하면 최대 11.9만원 혜택,discount_period_months,12.0,12,https://www.moyoplan.com/plans/11717
변경,11717,11717,KT,moyo,LTE 실속 15GB+(100분) / 11월에 개통하면 최대 11.9만원 혜택,voice_minutes,100.0,100,https://www.moyoplan.com/plans/11717
변경,11717,11717,KT,moyo,LTE 실속 15GB+(100분) / 11월에 개통하면 최대 11.9만원 혜택,voice_extra_minutes,100.0,100,https://www.moyoplan.com/plans/11717
변경,11717,11717,KT,moyo,LTE 실속 15GB+(100분) / 11월에 개통하면 최대 11.9만원 혜택,sms_count,100.0,100,https://www.moyoplan.com/plans/11717
변경,25838,25838,LGU+,moyo,스마트 프로 10GB+,discount_period_months,7.0,7,https://www.moyoplan.com/plans/25838
변경,25838,25838,LGU+,moyo,스마트 프로 10GB+,voice_extra_minutes,300.0,300,https://www.moyoplan.com/plans/25838
변경,35475,35475,SKT,moyo,[S]아이즈팩 7GB+,discount_period_months,7.0,7,https://www.moyoplan.com/plans/35475
변경,35475,35475,SKT,moyo,[S]아이즈팩 7GB+,voice_extra_minutes,300.0,300,https://www.moyoplan.com/plans/35475
변경,37375,37375,LGU+,moyo,[L] 데이터 10GB+,discount_period_months,7.0,7,https://www.moyoplan.com/plans/37375
변경,25269,25269,SKT,moyo,5G 스마일 플러스 (100분+3GB),discount_period_months,5.0,5,https://www.moyoplan.com/plans/25269
변경,25269,25269,SKT,moyo,5G 스마일 플러스 (100분+3GB),voice_minutes,100.0,100,https://www.moyoplan.com/plans/25269
변경,25269,25269,SKT,moyo,5G 스마일 플러스 (100분+3GB),sms_count,100.0,100,https://www.moyoplan.com/plans/25269
변경,37361,37361,LGU+,moyo,[L] 400분4GB,voice_minutes,400.0,400,https://www.moyoplan.com/plans/37361
변경,37361,37361,LGU+,moyo,[L] 400분4GB,sms_count,100.0,100,https://www.moyoplan.com/plans/37361
변경,37161,37161,KT,moyo,더 빠른 110GB+,discount_period_months,7.0,7,https://www.moyoplan.com/plans/37161
변경,20004,20004,KT,moyo,LTE200분/3GB-데이터소진후 자동차단,voice_minutes,200.0,200,https://www.moyoplan.com/plans/20004
변경,20004,20004,KT,moyo,LTE200분/3GB-데이터소진후 자동차단,sms_count,200.0,200,https://www.moyoplan.com/plans/20004
변경,37241,37241,SKT,moyo,A 넥스트 15GB+/300분(네이버페이 1만x7개월),discount_period_months,7.0,7,https://www.moyoplan.com/plans/37241
변경,37241,37241,SKT,moyo,A 넥스트 15GB+/300분(네이버페이 1만x7개월),voice_minutes,300.0,300,https://www.moyoplan.com/plans/37241
변경,37241,37241,SKT,moyo,A 넥스트 15GB+/300분(네이버페이 1만x7개월),sms_count,300.0,300,https://www.moyoplan.com/plans/37241
변경,11718,11718,KT,moyo,LTE 실속 15GB+(300분),discount_period_months,12.0,12,https://www.moyoplan.com/plans/11718
변경,11718,11718,KT,moyo,LTE 실속 15GB+(300분),voice_minutes,300.0,300,https://www.moyoplan.com/plans/11718
변경,11718,11718,KT,moyo,LTE 실속 15GB+(300분),voice_extra_minutes,300.0,300,https://www.moyoplan.com/plans/11718
변경,11718,11718,KT,moyo,LTE 실속 15GB+(300분),sms_count,300.0,300,https://www.moyoplan.com/plans/11718
변경,37337,37337,KT,moyo,모두다 막힘없이 11GB+ 왓챠,discount_period_months,7.0,7,https://www.moyoplan.com/plans/37337
변경,27752,27752,LGU+,moyo,시월5G 무제한 31GB+1Mbps,discount_period_months,7.0,7,https://www.moyoplan.com/plans/27752
변경,27752,27752,LGU+,moyo,시월5G 무제한 31GB+1Mbps,voice_minutes,300.0,300,https://www.moyoplan.com/plans/27752
변경,27752,27752,LGU+,moyo,시월5G 무제한 31GB+1Mbps,voice_extra_minutes,300.0,300,https://www.moyoplan.com/plans/27752
변경,27752,27752,LGU+,moyo,시월5G 무제한 31GB+1Mbps,sms_count,300.0,300,https://www.moyoplan.com/plans/27752
변경,37208,37208,LGU+,moyo,A 스페셜 10GB+ (24개월),discount_period_months,24.0,24,https://www.moyoplan.com/plans/37208
변경,35380,35380,SKT,moyo,[S]무한7GB+,voice_extra_minutes,300.0,300,https://www.moyoplan.com/plans/35380
변경,25254,25254,LGU+,moyo,USIM 스마트 7GB+,discount_period_months,7.0,7,https://www.moyoplan.com/plans/25254
변경,25254,25254,LGU+,moyo,USIM 스마트 7GB+,voice_extra_minutes,300.0,300,https://www.moyoplan.com/plans/25254
변경,13524,13524,KT,moyo,5G무제한 110GB+,discount_period_months,12.0,12,https://www.moyoplan.com/plans/13524
변경,13524,13524,KT,moyo,5G무제한 110GB+,voice_extra_minutes,300.0,300,https://www.moyoplan.com/plans/13524
변경,37170,37170,KT,moyo,A 올라잇 15GB+/300분,discount_period_months,7.0,7,https://www.moyoplan.com/plans/37170
변경,37170,37170,KT,moyo,A 올라잇 15GB+/300분,voice_minutes,300.0,300,https://www.moyoplan.com/plans/37170
변경,37170,37170,KT,moyo,A 올라잇 15GB+/300분,sms_count,300.0,300,https://www.moyoplan.com/plans/37170
변경,37411,37411,SKT,moyo,[S] 컬쳐랜드 7GB+,discount_period_months,7.0,7,https://www.moyoplan.com/plans/37411
변경,18208,18208,LGU+,moyo,세이브머니유심(기본제공/1GB+),voice_extra_minutes,110.0,110,https://www.moyoplan.com/plans/18208
변경,37281,37281,SKT,moyo,[S] 밀리패스 11GB+,discount_period_months,7.0,7,https://www.moyoplan.com/plans/37281
변경,22813,22813,KT,moyo,요고 46,voice_extra_minutes,300.0,300,https://www.moyoplan.com/plans/22813
변경,35456,35456,KT,moyo,[K]올리브영 100분/15GB+,voice_minutes,100.0,100,https://www.moyoplan.com/plans/35456
변경,35456,35456,KT,moyo,[K]올리브영 100분/15GB+,sms_count,100.0,100,https://www.moyoplan.com/plans/35456
변경,35450,35450,KT,moyo,[K]다이소 100분/15GB+,voice_minutes,100.0,100,https://www.moyoplan.com/plans/35450
변경,35450,35450,KT,moyo,[K]다이소 100분/15GB+,sms_count,100.0,100,https://www.moyoplan.com/plans/35450
변경,37301,37301,KT,moyo,쏙쏙 250분(5GB),voice_minutes,250.0,250,https://www.moyoplan.com/plans/37301
변경,37301,37301,KT,moyo,쏙쏙 250분(5GB),sms_count,250.0,250,https://www.moyoplan.com/plans/37301
변경,35409,35409,KT,moyo,[K]아이즈특판100GB+,voice_extra_minutes,300.0,300,https://www.moyoplan.com/plans/35409
변경,8168,8168,LGU+,moyo,내맘대로 차단형 (200분+500MB),voice_minutes,200.0,200,https://www.moyoplan.com/plans/8168
변경,8168,8168,LGU+,moyo,내맘대로 차단형 (200분+500MB),sms_count,50.0,50,https://www.moyoplan.com/plans/8168
변경,25296,25296,SKT,moyo,후후 플러스 (100분+3GB),discount_period_months,5.0,5,https://www.moyoplan.com/plans/25296
변경,25296,25296,SKT,moyo,후후 플러스 (100분+3GB),voice_minutes,100.0,100,https://www.moyoplan.com/plans/25296
변경,25296,25296,SKT,moyo,후후 플러스 (100분+3GB),sms_count,100.0,100,https://www.moyoplan.com/plans/25296
변경,25259,25259,LGU+,moyo,5G 스마트 12GB,voice_extra_minutes,300.0,300,https://www.moyoplan.com/plans/25259
변경,22814,22814,KT,moyo,요고 44,voice_extra_minutes,300.0,300,https://www.moyoplan.com/plans/22814
변경,37311,37311,KT,moyo,[K] 다이소 7GB+,discount_period_months,7.0,7,https://www.moyoplan.com/plans/37311
변경,35345,35345,SKT,moyo,[S]톨(200분/3GB),voice_minutes,200.0,200,https://www.moyoplan.com/plans/35345
변경,35345,35345,SKT,moyo,[S]톨(200분/3GB),sms_count,100.0,100,https://www.moyoplan.com/plans/35345
변경,19576,19576,KT,moyo,LTE 실속 15GB+(100분),discount_period_months,12.0,12,https://www.moyoplan.com/plans/19576
변경,19576,19576,KT,moyo,LTE 실속 15GB+(100분),voice_minutes,100.0,100,https://www.moyoplan.com/plans/19576
변경,19576,19576,KT,moyo,LTE 실속 15GB+(100분),voice_extra_minutes,100.0,100,https://www.moyoplan.com/plans/19576
변경,19576,19576,KT,moyo,LTE 실속 15GB+(100분),sms_count,100.0,100,https://www.moyoplan.com/plans/19576
변경,25263,25263,SKT,moyo,후후 플러스 (500분+1GB),discount_period_months,5.0,5,https://www.moyoplan.com/plans/25263
변경,25263,25263,SKT,moyo,후후 플러스 (500분+1GB),voice_minutes,500.0,500,https://www.moyoplan.com/plans/25263
변경,25263,25263,SKT,moyo,후후 플러스 (500분+1GB),sms_count,100.0,100,https://www.moyoplan.com/plans/25263
변경,33164,33164,SKT,moyo,5G 통화안심 25GB,discount_period_months,4.0,4,https://www.moyoplan.com/plans/33164
변경,33164,33164,SKT,moyo,5G 통화안심 25GB,sms_count,100.0,100,https://www.moyoplan.com/plans/33164
변경,25239,25239,SKT,moyo,5G 스마일 플러스 (200분+3GB),discount_period_months,5.0,5,https://www.moyoplan.com/plans/25239
변경,25239,25239,SKT,moyo,5G 스마일 플러스 (200분+3GB),voice_minutes,200.0,200,https://www.moyoplan.com/plans/25239
변경,25239,25239,SKT,moyo,5G 스마일 플러스 (200분+3GB),sms_count,100.0,100,https://www.moyoplan.com/plans/25239
변경,35406,35406,KT,moyo,[K]아이즈특판100분/15GB+,voice_minutes,100.0,100,https://www.moyoplan.com/plans/35406
변경,35406,35406,KT,moyo,[K]아이즈특판100분/15GB+,sms_count,100.0,100,https://www.moyoplan.com/plans/35406
변경,37287,37287,KT,moyo,쏙쏙 매일30분3GB,voice_minutes,900.0,900,https://www.moyoplan.com/plans/37287
변경,37287,37287,KT,moyo,쏙쏙 매일30분3GB,sms_count,100.0,100,https://www.moyoplan.com/plans/37287
변경,35368,35368,KT,moyo,[K]그란데(300분/5GB),voice_minutes,300.0,300,https://www.moyoplan.com/plans/35368
변경,35368,35368,KT,moyo,[K]그란데(300분/5GB),sms_count,100.0,100,https://www.moyoplan.com/plans/35368
변경,11719,11719,KT,moyo,LTE 무제한 7GB+,discount_period_months,12.0,12,https://www.moyoplan.com/plans/11719
변경,11719,11719,KT,moyo,LTE 무제한 7GB+,voice_extra_minutes,300.0,300,https://www.moyoplan.com/plans/11719
변경,35408,35408,KT,moyo,[K]아이즈특판11GB+일2GB,voice_extra_minutes,200.0,200,https://www.moyoplan.com/plans/35408
변경,22816,22816,KT,moyo,요고 40,voice_extra_minutes,300.0,300,https://www.moyoplan.com/plans/22816
변경,37288,37288,KT,moyo,[K] 밀리의 서재 7GB+,discount_period_months,7.0,7,https://www.moyoplan.com/plans/37288
변경,17963,17963,SKT,moyo,The 데이터마음껏 3GB＋(200분),voice_minutes,200.0,200,https://www.moyoplan.com/plans/17963
변경,17963,17963,SKT,moyo,The 데이터마음껏 3GB＋(200분),sms_count,100.0,100,https://www.moyoplan.com/plans/17963
변경,26867,26867,LGU+,moyo,5G 음성기본 9GB+1Mbps,discount_period_months,7.0,7,https://www.moyoplan.com/plans/26867
변경,26867,26867,LGU+,moyo,5G 음성기본 9GB+1Mbps,voice_extra_minutes,300.0,300,https://www.moyoplan.com/plans/26867
변경,34905,34905,KT,moyo,요고 30,voice_extra_minutes,300.0,300,https://www.moyoplan.com/plans/34905
변경,37169,37169,KT,moyo,A 올라잇 15GB+/100분 네이버페이,discount_period_months,7.0,7,https://www.moyoplan.com/plans/37169
변경,37169,37169,KT,moyo,A 올라잇 15GB+/100분 네이버페이,voice_minutes,100.0,100,https://www.moyoplan.com/plans/37169
변경,37169,37169,KT,moyo,A 올라잇 15GB+/100분 네이버페이,sms_count,100.0,100,https://www.moyoplan.com/plans/37169
변경,37159,37159,KT,moyo,A 5G 스페셜,discount_period_months,7.0,7,https://www.moyoplan.com/plans/37159
변경,37171,37171,KT,moyo,A 올라잇 15GB+/300분 네이버페이,discount_period_months,7.0,7,https://www.moyoplan.com/plans/37171
변경,37171,37171,KT,moyo,A 올라잇 15GB+/300분 네이버페이,voice_minutes,300.0,300,https://www.moyoplan.com/plans/37171
변경,37171,37171,KT,moyo,A 올라잇 15GB+/300분 네이버페이,sms_count,300.0,300,https://www.moyoplan.com/plans/37171
변경,35364,35364,KT,moyo,[K]톨(100분/3GB),voice_minutes,100.0,100,https://www.moyoplan.com/plans/35364
변경,35364,35364,KT,moyo,[K]톨(100분/3GB),sms_count,100.0,100,https://www.moyoplan.com/plans/35364
변경,20275,20275,LGU+,moyo,LTE 15GB+(300분/300건),discount_period_months,12.0,12,https://www.moyoplan.com/plans/20275
변경,20275,20275,LGU+,moyo,LTE 15GB+(300분/300건),voice_minutes,300.0,300,https://www.moyoplan.com/plans/20275
변경,20275,20275,LGU+,moyo,LTE 15GB+(300분/300건),voice_extra_minutes,300.0,300,https://www.moyoplan.com/plans/20275
변경,20275,20275,LGU+,moyo,LTE 15GB+(300분/300건),sms_count,300.0,300,https://www.moyoplan.com/plans/20275
변경,37285,37285,SKT,moyo,5G U모빙 200GB+,discount_period_months,24.0,24,https://www.moyoplan.com/plans/37285
변경,26868,26868,LGU+,moyo,5G 음성기본 12GB+1Mbps,discount_period_months,7.0,7,https://www.moyoplan.com/plans/26868
변경,26868,26868,LGU+,moyo,5G 음성기본 12GB+1Mbps,voice_extra_minutes,300.0,300,https://www.moyoplan.com/plans/26868
변경,35449,35449,KT,moyo,[K]다이소 300분/15GB+,voice_minutes,300.0,300,https://www.moyoplan.com/plans/35449
변경,35449,35449,KT,moyo,[K]다이소 300분/15GB+,sms_count,300.0,300,https://www.moyoplan.com/plans/35449
변경,35457,35457,KT,moyo,[K]올리브영 300분/15GB+,voice_minutes,300.0,300,https://www.moyoplan.com/plans/35457
변경,35457,35457,KT,moyo,[K]올리브영 300분/15GB+,sms_count,300.0,300,https://www.moyoplan.com/plans/35457
변경,20003,20003,KT,moyo,LTE200분/4GB-데이터소진후 자동차단,voice_minutes,200.0,200,https://www.moyoplan.com/plans/20003
변경,20003,20003,KT,moyo,LTE200분/4GB-데이터소진후 자동차단,sms_count,200.0,200,https://www.moyoplan.com/plans/20003
변경,26904,26904,LGU+,moyo,음성 100분 1GB+,discount_period_months,6.0,6,https://www.moyoplan.com/plans/26904
변경,26904,26904,LGU+,moyo,음성 100분 1GB+,voice_minutes,100.0,100,https://www.moyoplan.com/plans/26904
변경,26904,26904,LGU+,moyo,음성 100분 1GB+,voice_extra_minutes,0.0,0,https://www.moyoplan.com/plans/26904
변경,26904,26904,LGU+,moyo,음성 100분 1GB+,sms_count,100.0,100,https://www.moyoplan.com/plans/26904
변경,37177,37177,KT,moyo,A 올라잇 10GB+ 밀리의서재,discount_period_months,7.0,7,https://www.moyoplan.com/plans/37177
변경,36294,36294,SKT,moyo,[S]스페셜100분/15GB+,voice_minutes,100.0,100,https://www.moyoplan.com/plans/36294
변경,36294,36294,SKT,moyo,[S]스페셜100분/15GB+,sms_count,100.0,100,https://www.moyoplan.com/plans/36294
변경,35399,35399,SKT,moyo,[S]아이즈특판10GB+1Mbps,discount_period_months,7.0,7,https://www.moyoplan.com/plans/35399
변경,35399,35399,SKT,moyo,[S]아이즈특판10GB+1Mbps,voice_extra_minutes,300.0,300,https://www.moyoplan.com/plans/35399
변경,35407,35407,KT,moyo,[K]아이즈특판300분/15GB+,voice_minutes,300.0,300,https://www.moyoplan.com/plans/35407
변경,35407,35407,KT,moyo,[K]아이즈특판300분/15GB+,sms_count,300.0,300,https://www.moyoplan.com/plans/35407
변경,37194,37194,LGU+,moyo,A 갓성비 7GB/100분 9,discount_period_months,9.0,9,https://www.moyoplan.com/plans/37194
변경,37194,37194,LGU+,moyo,A 갓성비 7GB/100분 9,voice_minutes,100.0,100,https://www.moyoplan.com/plans/37194
변경,37194,37194,LGU+,moyo,A 갓성비 7GB/100분 9,sms_count,100.0,100,https://www.moyoplan.com/plans/37194
변경,19577,19577,KT,moyo,LTE 실속 15GB+(300분)NPay,discount_period_months,12.0,12,https://www.moyoplan.com/plans/19577
변경,19577,19577,KT,moyo,LTE 실속 15GB+(300분)NPay,voice_minutes,300.0,300,https://www.moyoplan.com/plans/19577
변경,19577,19577,KT,moyo,LTE 실속 15GB+(300분)NPay,voice_extra_minutes,300.0,300,https://www.moyoplan.com/plans/19577
변경,19577,19577,KT,moyo,LTE 실속 15GB+(300분)NPay,sms_count,300.0,300,https://www.moyoplan.com/plans/19577
변경,35404,35404,KT,moyo,[K]아이즈특판7GB+,voice_extra_minutes,300.0,300,https://www.moyoplan.com/plans/35404
변경,17965,17965,SKT,moyo,티플 드림(3GB/200분),discount_period_months,4.0,4,https://www.moyoplan.com/plans/17965
변경,17965,17965,SKT,moyo,티플 드림(3GB/200분),voice_minutes,200.0,200,https://www.moyoplan.com/plans/17965
변경,17965,17965,SKT,moyo,티플 드림(3GB/200분),sms_count,200.0,200,https://www.moyoplan.com/plans/17965
변경,11076,11076,LGU+,moyo,데이터 안심 1GB+(USIM),discount_period_months,6.0,6,https://www.moyoplan.com/plans/11076
변경,11076,11076,LGU+,moyo,데이터 안심 1GB+(USIM),voice_minutes,100.0,100,https://www.moyoplan.com/plans/11076
변경,11076,11076,LGU+,moyo,데이터 안심 1GB+(USIM),sms_count,100.0,100,https://www.moyoplan.com/plans/11076
변경,37373,37373,LGU+,moyo,[L] 5G 데이터 3GB+,sms_count,100.0,100,https://www.moyoplan.com/plans/37373
변경,35342,35342,SKT,moyo,[S]톨(300분/2GB),voice_minutes,300.0,300,https://www.moyoplan.com/plans/35342
변경,35342,35342,SKT,moyo,[S]톨(300분/2GB),sms_count,100.0,100,https://www.moyoplan.com/plans/35342
변경,25290,25290,LGU+,moyo,후후 심플 (200분 + 5GB),discount_period_months,6.0,6,https://www.moyoplan.com/plans/25290
변경,25290,25290,LGU+,moyo,후후 심플 (200분 + 5GB),voice_minutes,200.0,200,https://www.moyoplan.com/plans/25290
변경,25290,25290,LGU+,moyo,후후 심플 (200분 + 5GB),sms_count,100.0,100,https://www.moyoplan.com/plans/25290
변경,25303,25303,SKT,moyo,스마일플러스 (500분+2GB),discount_period_months,5.0,5,https://www.moyoplan.com/plans/25303
변경,25303,25303,SKT,moyo,스마일플러스 (500분+2GB),voice_minutes,500.0,500,https://www.moyoplan.com/plans/25303
변경,25303,25303,SKT,moyo,스마일플러스 (500분+2GB),sms_count,100.0,100,https://www.moyoplan.com/plans/25303
변경,19929,19929,LGU+,moyo,[L]무한10GB+1Mbps,voice_extra_minutes,300.0,300,https://www.moyoplan.com/plans/19929
변경,37160,37160,KT,moyo,5G 슬림,discount_period_months,7.0,7,https://www.moyoplan.com/plans/37160
변경,25225,25225,LGU+,moyo,후후 심플 (500분 + 1GB),discount_period_months,6.0,6,https://www.moyoplan.com/plans/25225
변경,25225,25225,LGU+,moyo,후후 심플 (500분 + 1GB),voice_minutes,500.0,500,https://www.moyoplan.com/plans/25225
변경,25225,25225,LGU+,moyo,후후 심플 (500분 + 1GB),sms_count,100.0,100,https://www.moyoplan.com/plans/25225
변경,34362,34362,LGU+,moyo,"더블업 LTE 20GB+ (10+10 24개월) / 평생가 20,000원",voice_extra_minutes,300.0,300,https://www.moyoplan.com/plans/34362
변경,25220,25220,SKT,moyo,스마일플러스(100분+3GB),discount_period_months,5.0,5,https://www.moyoplan.com/plans/25220
변경,25220,25220,SKT,moyo,스마일플러스(100분+3GB),voice_minutes,100.0,100,https://www.moyoplan.com/plans/25220
변경,25220,25220,SKT,moyo,스마일플러스(100분+3GB),sms_count,100.0,100,https://www.moyoplan.com/plans/25220
변경,25216,25216,SKT,moyo,후후 플러스 (500분+2GB),discount_period_months,5.0,5,https://www.moyoplan.com/plans/25216
변경,25216,25216,SKT,moyo,후후 플러스 (500분+2GB),voice_minutes,500.0,500,https://www.moyoplan.com/plans/25216
변경,25216,25216,SKT,moyo,후후 플러스 (500분+2GB),sms_count,100.0,100,https://www.moyoplan.com/plans/25216
변경,13520,13520,KT,moyo,LTE 무제한 7GB+(지니뮤직),discount_period_months,12.0,12,https://www.moyoplan.com/plans/13520
변경,13520,13520,KT,moyo,LTE 무제한 7GB+(지니뮤직),voice_extra_minutes,300.0,300,https://www.moyoplan.com/plans/13520
변경,37248,37248,SKT,moyo,[S] 300분15GB+,discount_period_months,8.0,8,https://www.moyoplan.com/plans/37248
변경,37248,37248,SKT,moyo,[S] 300분15GB+,voice_minutes,300.0,300,https://www.moyoplan.com/plans/37248
변경,37248,37248,SKT,moyo,[S] 300분15GB+,sms_count,300.0,300,https://www.moyoplan.com/plans/37248
변경,35405,35405,KT,moyo,[K]아이즈특판10GB+,voice_extra_minutes,300.0,300,https://www.moyoplan.com/plans/35405
변경,35369,35369,KT,moyo,[K]그란데(100분/6GB),voice_minutes,100.0,100,https://www.moyoplan.com/plans/35369
변경,35369,35369,KT,moyo,[K]그란데(100분/6GB),sms_count,100.0,100,https://www.moyoplan.com/plans/35369
변경,27376,27376,LGU+,moyo,세이브머니유심(태블릿/스마트기기 25GB+),voice_minutes,0.0,0,https://www.moyoplan.com/plans/27376
변경,27376,27376,LGU+,moyo,세이브머니유심(태블릿/스마트기기 25GB+),sms_count,0.0,0,https://www.moyoplan.com/plans/27376
변경,37188,37188,LGU+,moyo,A 5G 스페셜,discount_period_months,7.0,7,https://www.moyoplan.com/plans/37188
변경,20000,20000,KT,moyo,5G200분/6GB-데이터소진후 자동차단,voice_minutes,200.0,200,https://www.moyoplan.com/plans/20000
변경,20000,20000,KT,moyo,5G200분/6GB-데이터소진후 자동차단,sms_count,200.0,200,https://www.moyoplan.com/plans/20000
변경,8432,8432,LGU+,moyo,LTE 든든 7GB,discount_period_months,12.0,12,https://www.moyoplan.com/plans/8432
변경,8432,8432,LGU+,moyo,LTE 든든 7GB,voice_extra_minutes,300.0,300,https://www.moyoplan.com/plans/8432
변경,25237,25237,SKT,moyo,스마일플러스 (500분+1GB),discount_period_months,5.0,5,https://www.moyoplan.com/plans/25237
변경,25237,25237,SKT,moyo,스마일플러스 (500분+1GB),voice_minutes,500.0,500,https://www.moyoplan.com/plans/25237
변경,25237,25237,SKT,moyo,스마일플러스 (500분+1GB),sms_count,100.0,100,https://www.moyoplan.com/plans/25237
변경,35420,35420,KT,moyo,[K]무한100GB+ Wavve,voice_extra_minutes,300.0,300,https://www.moyoplan.com/plans/35420
변경,13525,13525,KT,moyo,5G무제한 200GB+,discount_period_months,12.0,12,https://www.moyoplan.com/plans/13525
변경,13525,13525,KT,moyo,5G무제한 200GB+,voice_extra_minutes,300.0,300,https://www.moyoplan.com/plans/13525
변경,37190,37190,LGU+,moyo,A 5G 스페셜 레귤러,discount_period_months,7.0,7,https://www.moyoplan.com/plans/37190
변경,37283,37283,SKT,moyo,5G 모빙 데이터 24GB+,discount_period_months,24.0,24,https://www.moyoplan.com/plans/37283
변경,8438,8438,LGU+,moyo,5G 든든 4GB,discount_period_months,12.0,12,https://www.moyoplan.com/plans/8438
변경,8438,8438,LGU+,moyo,5G 든든 4GB,voice_extra_minutes,50.0,50,https://www.moyoplan.com/plans/8438
변경,36295,36295,SKT,moyo,[S]스페셜100GB+,voice_extra_minutes,300.0,300,https://www.moyoplan.com/plans/36295
변경,34361,34361,LGU+,moyo,"더블업 LTE 17GB+ (7+10 24개월) / 평생가 17,000원",voice_extra_minutes,300.0,300,https://www.moyoplan.com/plans/34361
변경,35480,35480,SKT,moyo,[S]스페셜10GB+,voice_extra_minutes,300.0,300,https://www.moyoplan.com/plans/35480
변경,36293,36293,SKT,moyo,[S]스페셜7GB+,voice_extra_minutes,300.0,300,https://www.moyoplan.com/plans/36293
변경,35476,35476,SKT,moyo,[S]아이즈팩 10GB+,discount_period_months,7.0,7,https://www.moyoplan.com/plans/35476
변경,35476,35476,SKT,moyo,[S]아이즈팩 10GB+,voice_extra_minutes,300.0,300,https://www.moyoplan.com/plans/35476
변경,8171,8171,LGU+,moyo,내맘대로 차단형 (200분+1GB),voice_minutes,200.0,200,https://www.moyoplan.com/plans/8171
변경,8171,8171,LGU+,moyo,내맘대로 차단형 (200분+1GB),sms_count,50.0,50,https://www.moyoplan.com/plans/8171
변경,36292,36292,SKT,moyo,[S]스페셜11GB+,voice_extra_minutes,300.0,300,https://www.moyoplan.com/plans/36292
변경,29002,29002,LGU+,moyo,[L]아이즈10GB+1Mbps,discount_period_months,7.0,7,https://www.moyoplan.com/plans/29002
변경,29002,29002,LGU+,moyo,[L]아이즈10GB+1Mbps,voice_extra_minutes,300.0,300,https://www.moyoplan.com/plans/29002
변경,35346,35346,SKT,moyo,[S]톨(500분/3GB),voice_minutes,500.0,500,https://www.moyoplan.com/plans/35346
변경,35346,35346,SKT,moyo,[S]톨(500분/3GB),sms_count,100.0,100,https://www.moyoplan.com/plans/35346
변경,37304,37304,KT,moyo,쏙쏙 매일30분5GB,voice_minutes,900.0,900,https://www.moyoplan.com/plans/37304
변경,37304,37304,KT,moyo,쏙쏙 매일30분5GB,sms_count,100.0,100,https://www.moyoplan.com/plans/37304
변경,37189,37189,LGU+,moyo,A 5G 스페셜 플러스,discount_period_months,7.0,7,https://www.moyoplan.com/plans/37189
변경,37197,37197,LGU+,moyo,A 갓성비 6GB/200분 9,discount_period_months,9.0,9,https://www.moyoplan.com/plans/37197
변경,37197,37197,LGU+,moyo,A 갓성비 6GB/200분 9,voice_minutes,200.0,200,https://www.moyoplan.com/plans/37197
변경,37197,37197,LGU+,moyo,A 갓성비 6GB/200분 9,sms_count,100.0,100,https://www.moyoplan.com/plans/37197
변경,20123,20123,LGU+,moyo,[L]벤티(300분/8GB),voice_minutes,300.0,300,https://www.moyoplan.com/plans/20123
변경,20123,20123,LGU+,moyo,[L]벤티(300분/8GB),sms_count,100.0,100,https://www.moyoplan.com/plans/20123
변경,35413,35413,KT,moyo,[K]글로벌로밍100분/15GB+,voice_minutes,100.0,100,https://www.moyoplan.com/plans/35413
변경,35413,35413,KT,moyo,[K]글로벌로밍100분/15GB+,sms_count,100.0,100,https://www.moyoplan.com/plans/35413
변경,37396,37396,LGU+,moyo,5G 홈결합 12GB+,discount_period_months,12.0,12,https://www.moyoplan.com/plans/37396
변경,37195,37195,LGU+,moyo,A 갓성비 10GB/100분 9,discount_period_months,9.0,9,https://www.moyoplan.com/plans/37195
변경,37195,37195,LGU+,moyo,A 갓성비 10GB/100분 9,voice_minutes,100.0,100,https://www.moyoplan.com/plans/37195
변경,37195,37195,LGU+,moyo,A 갓성비 10GB/100분 9,sms_count,100.0,100,https://www.moyoplan.com/plans/37195
변경,35391,35391,SKT,moyo,[S]글로벌로밍7GB+,voice_extra_minutes,300.0,300,https://www.moyoplan.com/plans/35391
변경,35412,35412,KT,moyo,[K]글로벌로밍7GB+,voice_extra_minutes,300.0,300,https://www.moyoplan.com/plans/35412
변경,35419,35419,KT,moyo,[K]무한11GB+ Wavve,voice_extra_minutes,300.0,300,https://www.moyoplan.com/plans/35419
변경,35415,35415,KT,moyo,[K]글로벌로밍100GB+,voice_extra_minutes,300.0,300,https://www.moyoplan.com/plans/35415
변경,34363,34363,LGU+,moyo,"더블업 LTE 25GB+ (15+10 24개월) / 평생가 22,000원",voice_extra_minutes,300.0,300,https://www.moyoplan.com/plans/34363
변경,35393,35393,SKT,moyo,[S]글로벌로밍11GB+,voice_extra_minutes,300.0,300,https://www.moyoplan.com/plans/35393
변경,35394,35394,SKT,moyo,[S]글로벌로밍100GB+,voice_extra_minutes,300.0,300,https://www.moyoplan.com/plans/35394
변경,37331,37331,KT,moyo,쏙쏙 청소년 300분 1GB+,voice_minutes,300.0,300,https://www.moyoplan.com/plans/37331
변경,37331,37331,KT,moyo,쏙쏙 청소년 300분 1GB+,sms_count,300.0,300,https://www.moyoplan.com/plans/37331
변경,36957,36957,LGU+,moyo,LTE 71GB+(라이더),voice_extra_minutes,300.0,300,https://www.moyoplan.com/plans/36957
변경,36208,36208,KT,moyo,WELL200분+10GB,voice_minutes,200.0,200,https://www.moyoplan.com/plans/36208
변경,36208,36208,KT,moyo,WELL200분+10GB,sms_count,50.0,50,https://www.moyoplan.com/plans/36208
변경,18774,18774,LGU+,moyo,5G 무제한 31GB+(LGU+망),discount_period_months,12.0,12,https://www.moyoplan.com/plans/18774
변경,18774,18774,LGU+,moyo,5G 무제한 31GB+(LGU+망),voice_extra_minutes,300.0,300,https://www.moyoplan.com/plans/18774
변경,36960,36960,LGU+,moyo,LTE 71GB+(청년미래),voice_extra_minutes,300.0,300,https://www.moyoplan.com/plans/36960
변경,37187,37187,LGU+,moyo,A 5G 라이트,discount_period_months,7.0,7,https://www.moyoplan.com/plans/37187
변경,17625,17625,KT,moyo,5G 무제한 50GB+,discount_period_months,12.0,12,https://www.moyoplan.com/plans/17625
변경,17625,17625,KT,moyo,5G 무제한 50GB+,voice_extra_minutes,300.0,300,https://www.moyoplan.com/plans/17625
변경,8437,8437,LGU+,moyo,5G 든든 2GB,discount_period_months,12.0,12,https://www.moyoplan.com/plans/8437
변경,8437,8437,LGU+,moyo,5G 든든 2GB,voice_extra_minutes,50.0,50,https://www.moyoplan.com/plans/8437
변경,35392,35392,SKT,moyo,[S]글로벌로밍100분/15GB+,voice_minutes,100.0,100,https://www.moyoplan.com/plans/35392
변경,35392,35392,SKT,moyo,[S]글로벌로밍100분/15GB+,sms_count,100.0,100,https://www.moyoplan.com/plans/35392
변경,33159,33159,SKT,moyo,5G 통화안심 6GB,discount_period_months,4.0,4,https://www.moyoplan.com/plans/33159
변경,33159,33159,SKT,moyo,5G 통화안심 6GB,sms_count,100.0,100,https://www.moyoplan.com/plans/33159
변경,8431,8431,LGU+,moyo,LTE 든든 5GB,discount_period_months,12.0,12,https://www.moyoplan.com/plans/8431
변경,8431,8431,LGU+,moyo,LTE 든든 5GB,voice_extra_minutes,50.0,50,https://www.moyoplan.com/plans/8431
변경,16502,16502,LGU+,moyo,세이브머니유심(250분/2.5GB+),voice_minutes,250.0,250,https://www.moyoplan.com/plans/16502
변경,16502,16502,LGU+,moyo,세이브머니유심(250분/2.5GB+),sms_count,250.0,250,https://www.moyoplan.com/plans/16502
변경,8440,8440,LGU+,moyo,5G 든든 8GB,discount_period_months,12.0,12,https://www.moyoplan.com/plans/8440
변경,8440,8440,LGU+,moyo,5G 든든 8GB,voice_extra_minutes,300.0,300,https://www.moyoplan.com/plans/8440
변경,34915,34915,LGU+,moyo,LTE 71GB+(평생),voice_extra_minutes,300.0,300,https://www.moyoplan.com/plans/34915
변경,11083,11083,LGU+,moyo,데이터 안심 2.5GB+(USIM),discount_period_months,6.0,6,https://www.moyoplan.com/plans/11083
변경,11083,11083,LGU+,moyo,데이터 안심 2.5GB+(USIM),voice_minutes,200.0,200,https://www.moyoplan.com/plans/11083
변경,11083,11083,LGU+,moyo,데이터 안심 2.5GB+(USIM),sms_count,100.0,100,https://www.moyoplan.com/plans/11083
변경,18775,18775,LGU+,moyo,5G 무제한 50GB+(LGU+망),discount_period_months,12.0,12,https://www.moyoplan.com/plans/18775
변경,18775,18775,LGU+,moyo,5G 무제한 50GB+(LGU+망),voice_extra_minutes,300.0,300,https://www.moyoplan.com/plans/18775
변경,20057,20057,LGU+,moyo,아이즈(100분/1GB+),voice_minutes,100.0,100,https://www.moyoplan.com/plans/20057
변경,20057,20057,LGU+,moyo,아이즈(100분/1GB+),sms_count,100.0,100,https://www.moyoplan.com/plans/20057
변경,37310,37310,KT,moyo,쏙쏙 시니어 4GB+,discount_period_months,24.0,24,https://www.moyoplan.com/plans/37310
변경,35414,35414,KT,moyo,[K]글로벌로밍11GB+,voice_extra_minutes,200.0,200,https://www.moyoplan.com/plans/35414
변경,36327,36327,KT,moyo,"7GB+1Mbps(네이버페이 5,000P)",voice_extra_minutes,300.0,300,https://www.moyoplan.com/plans/36327
변경,24242,24242,LGU+,moyo,ESG LTE 3GB+(100분),discount_period_months,12.0,12,https://www.moyoplan.com/plans/24242
변경,24242,24242,LGU+,moyo,ESG LTE 3GB+(100분),voice_minutes,100.0,100,https://www.moyoplan.com/plans/24242
변경,24242,24242,LGU+,moyo,ESG LTE 3GB+(100분),voice_extra_minutes,0.0,0,https://www.moyoplan.com/plans/24242
변경,24242,24242,LGU+,moyo,ESG LTE 3GB+(100분),sms_count,100.0,100,https://www.moyoplan.com/plans/24242
변경,14273,14273,LGU+,moyo,데이터 안심 250분+2.5GB+(USIM),discount_period_months,6.0,6,https://www.moyoplan.com/plans/14273
변경,14273,14273,LGU+,moyo,데이터 안심 250분+2.5GB+(USIM),voice_minutes,250.0,250,https://www.moyoplan.com/plans/14273
변경,14273,14273,LGU+,moyo,데이터 안심 250분+2.5GB+(USIM),sms_count,250.0,250,https://www.moyoplan.com/plans/14273
변경,35352,35352,SKT,moyo,[S]그란데(500분/6GB),voice_minutes,500.0,500,https://www.moyoplan.com/plans/35352
변경,35352,35352,SKT,moyo,[S]그란데(500분/6GB),sms_count,100.0,100,https://www.moyoplan.com/plans/35352
변경,36222,36222,LGU+,moyo,아이즈 6GB+,voice_extra_minutes,300.0,300,https://www.moyoplan.com/plans/36222
변경,30363,30363,KT,moyo,데이터통화안심 5GB+,discount_period_months,6.0,6,https://www.moyoplan.com/plans/30363
변경,30363,30363,KT,moyo,데이터통화안심 5GB+,sms_count,100.0,100,https://www.moyoplan.com/plans/30363
변경,37192,37192,LGU+,moyo,A 갓성비 5GB/230분 9,discount_period_months,9.0,9,https://www.moyoplan.com/plans/37192
변경,37192,37192,LGU+,moyo,A 갓성비 5GB/230분 9,voice_minutes,230.0,230,https://www.moyoplan.com/plans/37192
변경,37192,37192,LGU+,moyo,A 갓성비 5GB/230분 9,sms_count,100.0,100,https://www.moyoplan.com/plans/37192
변경,35850,35850,LGU+,moyo,LTE 71GB+(혜택형),voice_extra_minutes,300.0,300,https://www.moyoplan.com/plans/35850
변경,35273,35273,LGU+,moyo,LTE 7GB+(평생),voice_extra_minutes,300.0,300,https://www.moyoplan.com/plans/35273
변경,8439,8439,LGU+,moyo,5G 든든 6GB,discount_period_months,12.0,12,https://www.moyoplan.com/plans/8439
변경,8439,8439,LGU+,moyo,5G 든든 6GB,voice_extra_minutes,300.0,300,https://www.moyoplan.com/plans/8439
변경,8441,8441,LGU+,moyo,5G 든든무제한 12GB+,discount_period_months,12.0,12,https://www.moyoplan.com/plans/8441
변경,8441,8441,LGU+,moyo,5G 든든무제한 12GB+,voice_extra_minutes,300.0,300,https://www.moyoplan.com/plans/8441
변경,23485,23485,KT,moyo,5G무제한 14GB+(KT망),discount_period_months,12.0,12,https://www.moyoplan.com/plans/23485
변경,23485,23485,KT,moyo,5G무제한 14GB+(KT망),voice_extra_minutes,300.0,300,https://www.moyoplan.com/plans/23485
변경,17624,17624,KT,moyo,5G 무제한 30GB+,discount_period_months,12.0,12,https://www.moyoplan.com/plans/17624
변경,17624,17624,KT,moyo,5G 무제한 30GB+,voice_extra_minutes,300.0,300,https://www.moyoplan.com/plans/17624
변경,35328,35328,SKT,moyo,아이즈포스트(500분/5G),voice_minutes,500.0,500,https://www.moyoplan.com/plans/35328
변경,35328,35328,SKT,moyo,아이즈포스트(500분/5G),sms_count,500.0,500,https://www.moyoplan.com/plans/35328
변경,12573,12573,SKT,moyo,LTE 무제한 11GB+,voice_extra_minutes,300.0,300,https://www.moyoplan.com/plans/12573
변경,36959,36959,LGU+,moyo,LTE 15GB+(100분)(청년미래),voice_minutes,100.0,100,https://www.moyoplan.com/plans/36959
변경,36959,36959,LGU+,moyo,LTE 15GB+(100분)(청년미래),voice_extra_minutes,300.0,300,https://www.moyoplan.com/plans/36959
변경,36959,36959,LGU+,moyo,LTE 15GB+(100분)(청년미래),sms_count,100.0,100,https://www.moyoplan.com/plans/36959
변경,36954,36954,KT,moyo,LTE 15GB+(CU),voice_extra_minutes,300.0,300,https://www.moyoplan.com/plans/36954
변경,26802,26802,SKT,moyo,데이터안심 5GB＋(100분),discount_period_months,7.0,7,https://www.moyoplan.com/plans/26802
변경,26802,26802,SKT,moyo,데이터안심 5GB＋(100분),voice_minutes,100.0,100,https://www.moyoplan.com/plans/26802
변경,26802,26802,SKT,moyo,데이터안심 5GB＋(100분),sms_count,100.0,100,https://www.moyoplan.com/plans/26802
변경,36950,36950,KT,moyo,LTE 15GB+(밀리의서재),voice_extra_minutes,300.0,300,https://www.moyoplan.com/plans/36950
변경,15409,15409,SKT,moyo,0 청년 다이렉트 48,voice_extra_minutes,300.0,300,https://www.moyoplan.com/plans/15409
변경,36207,36207,KT,moyo,WELL200분+5GB,voice_minutes,200.0,200,https://www.moyoplan.com/plans/36207
변경,36207,36207,KT,moyo,WELL200분+5GB,sms_count,50.0,50,https://www.moyoplan.com/plans/36207
변경,37193,37193,LGU+,moyo,A 갓성비 6GB/300분 9,discount_period_months,9.0,9,https://www.moyoplan.com/plans/37193
변경,37193,37193,LGU+,moyo,A 갓성비 6GB/300분 9,voice_minutes,300.0,300,https://www.moyoplan.com/plans/37193
변경,37193,37193,LGU+,moyo,A 갓성비 6GB/300분 9,sms_count,100.0,100,https://www.moyoplan.com/plans/37193
변경,36958,36958,LGU+,moyo,5G 95GB+(라이더),voice_extra_minutes,300.0,300,https://www.moyoplan.com/plans/36958
변경,36997,36997,LGU+,moyo,홈쇼핑 스페셜 7GB+,voice_extra_minutes,300.0,300,https://www.moyoplan.com/plans/36997
변경,12574,12574,SKT,moyo,LTE 무제한 100GB+,voice_extra_minutes,300.0,300,https://www.moyoplan.com/plans/12574
변경,14831,14831,SKT,moyo,다이렉트5G 48,voice_extra_minutes,300.0,300,https://www.moyoplan.com/plans/14831
변경,12576,12576,SKT,moyo,5G 무제한 110GB+,voice_extra_minutes,300.0,300,https://www.moyoplan.com/plans/12576
변경,36955,36955,KT,moyo,LTE 71GB+(CU),voice_extra_minutes,300.0,300,https://www.moyoplan.com/plans/36955
변경,36988,36988,LGU+,moyo,홈쇼핑 스페셜 71GB+,voice_extra_minutes,300.0,300,https://www.moyoplan.com/plans/36988
변경,35851,35851,LGU+,moyo,5G 95GB+(혜택형),voice_extra_minutes,300.0,300,https://www.moyoplan.com/plans/35851
변경,12568,12568,SKT,moyo,LTE 실속 10GB(100분),voice_minutes,100.0,100,https://www.moyoplan.com/plans/12568
변경,12568,12568,SKT,moyo,LTE 실속 10GB(100분),voice_extra_minutes,100.0,100,https://www.moyoplan.com/plans/12568
변경,12568,12568,SKT,moyo,LTE 실속 10GB(100분),sms_count,100.0,100,https://www.moyoplan.com/plans/12568
변경,36961,36961,LGU+,moyo,5G 95GB+(청년미래),voice_extra_minutes,300.0,300,https://www.moyoplan.com/plans/36961
변경,36953,36953,KT,moyo,LTE 7GB+(CU),voice_extra_minutes,300.0,300,https://www.moyoplan.com/plans/36953
변경,12572,12572,SKT,moyo,LTE 무제한 7GB+,voice_extra_minutes,300.0,300,https://www.moyoplan.com/plans/12572
변경,19591,19591,SKT,moyo,LTE 실속 15GB+ (100분)(SKT망),voice_minutes,100.0,100,https://www.moyoplan.com/plans/19591
변경,19591,19591,SKT,moyo,LTE 실속 15GB+ (100분)(SKT망),voice_extra_minutes,100.0,100,https://www.moyoplan.com/plans/19591
변경,19591,19591,SKT,moyo,LTE 실속 15GB+ (100분)(SKT망),sms_count,100.0,100,https://www.moyoplan.com/plans/19591
변경,12570,12570,SKT,moyo,LTE 실속 5GB+(200분),voice_minutes,200.0,200,https://www.moyoplan.com/plans/12570
변경,12570,12570,SKT,moyo,LTE 실속 5GB+(200분),voice_extra_minutes,200.0,200,https://www.moyoplan.com/plans/12570
변경,12570,12570,SKT,moyo,LTE 실속 5GB+(200분),sms_count,100.0,100,https://www.moyoplan.com/plans/12570
변경,36951,36951,KT,moyo,LTE 71GB+(밀리의서재),voice_extra_minutes,300.0,300,https://www.moyoplan.com/plans/36951
변경,36329,36329,LGU+,moyo,5G 든든무제한 150GB+,voice_extra_minutes,300.0,300,https://www.moyoplan.com/plans/36329
변경,15408,15408,SKT,moyo,0 청년 다이렉트 55,voice_extra_minutes,300.0,300,https://www.moyoplan.com/plans/15408
변경,12567,12567,SKT,moyo,LTE 실속 5GB(200분),voice_minutes,200.0,200,https://www.moyoplan.com/plans/12567
변경,12567,12567,SKT,moyo,LTE 실속 5GB(200분),voice_extra_minutes,200.0,200,https://www.moyoplan.com/plans/12567
변경,12567,12567,SKT,moyo,LTE 실속 5GB(200분),sms_count,100.0,100,https://www.moyoplan.com/plans/12567
변경,35852,35852,LGU+,moyo,LTE 71GB+(초알뜰),voice_extra_minutes,300.0,300,https://www.moyoplan.com/plans/35852
변경,31867,31867,SKT,moyo,다이렉트5G 38,voice_extra_minutes,300.0,300,https://www.moyoplan.com/plans/31867
변경,36949,36949,KT,moyo,LTE 7GB+(밀리의서재),voice_extra_minutes,300.0,300,https://www.moyoplan.com/plans/36949
변경,21266,21266,SKT,moyo,5G 무제한 15GB+,voice_extra_minutes,300.0,300,https://www.moyoplan.com/plans/21266
변경,14830,14830,SKT,moyo,다이렉트5G 55,voice_extra_minutes,300.0,300,https://www.moyoplan.com/plans/14830
변경,15410,15410,SKT,moyo,0 청년 다이렉트 42,voice_extra_minutes,300.0,300,https://www.moyoplan.com/plans/15410
변경,35274,35274,LGU+,moyo,5G 95GB+(평생),voice_extra_minutes,300.0,300,https://www.moyoplan.com/plans/35274
변경,12566,12566,SKT,moyo,LTE 실속 3GB(200분),voice_minutes,200.0,200,https://www.moyoplan.com/plans/12566
변경,12566,12566,SKT,moyo,LTE 실속 3GB(200분),voice_extra_minutes,200.0,200,https://www.moyoplan.com/plans/12566
변경,12566,12566,SKT,moyo,LTE 실속 3GB(200분),sms_count,100.0,100,https://www.moyoplan.com/plans/12566
변경,20278,20278,SKT,moyo,다이렉트5G 27,voice_extra_minutes,300.0,300,https://www.moyoplan.com/plans/20278
변경,36989,36989,LGU+,moyo,홈쇼핑 스페셜 5G 95GB+,voice_extra_minutes,300.0,300,https://www.moyoplan.com/plans/36989
변경,15411,15411,SKT,moyo,0 청년 다이렉트 34,voice_extra_minutes,300.0,300,https://www.moyoplan.com/plans/15411
변경,14832,14832,SKT,moyo,다이렉트5G 42,voice_extra_minutes,300.0,300,https://www.moyoplan.com/plans/14832
변경,12569,12569,SKT,moyo,LTE 실속 3GB+(200분),voice_minutes,200.0,200,https://www.moyoplan.com/plans/12569
변경,12569,12569,SKT,moyo,LTE 실속 3GB+(200분),voice_extra_minutes,200.0,200,https://www.moyoplan.com/plans/12569
변경,12569,12569,SKT,moyo,LTE 실속 3GB+(200분),sms_count,100.0,100,https://www.moyoplan.com/plans/12569
변경,12577,12577,SKT,moyo,5G 무제한 200GB+,voice_extra_minutes,300.0,300,https://www.moyoplan.com/plans/12577
변경,12565,12565,SKT,moyo,LTE 실속 2GB(200분),voice_minutes,200.0,200,https://www.moyoplan.com/plans/12565
변경,12565,12565,SKT,moyo,LTE 실속 2GB(200분),voice_extra_minutes,200.0,200,https://www.moyoplan.com/plans/12565
변경,12565,12565,SKT,moyo,LTE 실속 2GB(200분),sms_count,100.0,100,https://www.moyoplan.com/plans/12565
변경,35853,35853,LGU+,moyo,5G 95GB+(초알뜰),voice_extra_minutes,300.0,300,https://www.moyoplan.com/plans/35853
변경,12578,12578,SKT,moyo,5G 무제한 250GB+,voice_extra_minutes,300.0,300,https://www.moyoplan.com/plans/12578
변경,17627,17627,SKT,moyo,5G 무제한 54GB+,voice_extra_minutes,300.0,300,https://www.moyoplan.com/plans/17627
변경,15412,15412,SKT,moyo,0 청년 다이렉트 30,voice_extra_minutes,300.0,300,https://www.moyoplan.com/plans/15412
변경,20279,20279,SKT,moyo,다이렉트5G 31,voice_extra_minutes,300.0,300,https://www.moyoplan.com/plans/20279
변경,17626,17626,SKT,moyo,5G 무제한 24GB+,voice_extra_minutes,300.0,300,https://www.moyoplan.com/plans/17626
변경,14839,14839,SKT,moyo,다이렉트LTE 22,voice_extra_minutes,100.0,100,https://www.moyoplan.com/plans/14839
변경,31866,31866,SKT,moyo,다이렉트5G 34,voice_extra_minutes,300.0,300,https://www.moyoplan.com/plans/31866
변경,34245,34245,SKT,moyo,든든한 200분6G,voice_minutes,200.0,200,https://www.moyoplan.com/plans/34245
변경,34245,34245,SKT,moyo,든든한 200분6G,sms_count,100.0,100,https://www.moyoplan.com/plans/34245
변경,34890,34890,SKT,moyo,더든든한500분20G,voice_minutes,500.0,500,https://www.moyoplan.com/plans/34890
변경,34890,34890,SKT,moyo,더든든한500분20G,sms_count,100.0,100,https://www.moyoplan.com/plans/34890
변경,36331,36331,KT,moyo,(5G)더든든한200분15G,voice_minutes,200.0,200,https://www.moyoplan.com/plans/36331
변경,36331,36331,KT,moyo,(5G)더든든한200분15G,sms_count,100.0,100,https://www.moyoplan.com/plans/36331
변경,35514,35514,LGU+,moyo,더든든한안심15G+1M,discount_period_months,7.0,7,https://www.moyoplan.com/plans/35514
변경,35514,35514,LGU+,moyo,더든든한안심15G+1M,voice_minutes,300.0,300,https://www.moyoplan.com/plans/35514
변경,35514,35514,LGU+,moyo,더든든한안심15G+1M,sms_count,300.0,300,https://www.moyoplan.com/plans/35514
변경,33146,33146,KT,moyo,더든든한200분20G,discount_period_months,7.0,7,https://www.moyoplan.com/plans/33146
변경,33146,33146,KT,moyo,더든든한200분20G,voice_minutes,200.0,200,https://www.moyoplan.com/plans/33146
변경,33146,33146,KT,moyo,더든든한200분20G,sms_count,100.0,100,https://www.moyoplan.com/plans/33146
변경,34259,34259,LGU+,moyo,데이터팡팡매일5G+,discount_period_months,7.0,7,https://www.moyoplan.com/plans/34259
변경,34259,34259,LGU+,moyo,데이터팡팡매일5G+,voice_minutes,0.0,0,https://www.moyoplan.com/plans/34259
변경,34259,34259,LGU+,moyo,데이터팡팡매일5G+,sms_count,0.0,0,https://www.moyoplan.com/plans/34259
변경,33837,33837,SKT,moyo,(5G)하나은행 500분20G,discount_period_months,12.0,12,https://www.moyoplan.com/plans/33837
변경,33837,33837,SKT,moyo,(5G)하나은행 500분20G,voice_minutes,500.0,500,https://www.moyoplan.com/plans/33837
변경,33837,33837,SKT,moyo,(5G)하나은행 500분20G,sms_count,100.0,100,https://www.moyoplan.com/plans/33837
변경,34336,34336,KT,moyo,더든든한500분20G,voice_minutes,500.0,500,https://www.moyoplan.com/plans/34336
변경,34336,34336,KT,moyo,더든든한500분20G,sms_count,100.0,100,https://www.moyoplan.com/plans/34336
변경,34887,34887,SKT,moyo,더든든한500분15G,voice_minutes,500.0,500,https://www.moyoplan.com/plans/34887
변경,34887,34887,SKT,moyo,더든든한500분15G,sms_count,100.0,100,https://www.moyoplan.com/plans/34887
변경,15945,15945,KT,moyo,더든든한200분15G,discount_period_months,10.0,10,https://www.moyoplan.com/plans/15945
변경,15945,15945,KT,moyo,더든든한200분15G,voice_minutes,200.0,200,https://www.moyoplan.com/plans/15945
변경,15945,15945,KT,moyo,더든든한200분15G,sms_count,100.0,100,https://www.moyoplan.com/plans/15945
변경,34888,34888,SKT,moyo,음성기본데이터10G,discount_period_months,10.0,10,https://www.moyoplan.com/plans/34888
변경,34888,34888,SKT,moyo,음성기본데이터10G,voice_minutes,0.0,0,https://www.moyoplan.com/plans/34888
변경,34888,34888,SKT,moyo,음성기본데이터10G,sms_count,0.0,0,https://www.moyoplan.com/plans/34888
변경,34256,34256,LGU+,moyo,유심프리티데이터중심11G+,discount_period_months,7.0,7,https://www.moyoplan.com/plans/34256
변경,34256,34256,LGU+,moyo,유심프리티데이터중심11G+,voice_minutes,0.0,0,https://www.moyoplan.com/plans/34256
변경,34256,34256,LGU+,moyo,유심프리티데이터중심11G+,sms_count,0.0,0,https://www.moyoplan.com/plans/34256
변경,33925,33925,LGU+,moyo,더든든한500분20G,voice_minutes,500.0,500,https://www.moyoplan.com/plans/33925
변경,33925,33925,LGU+,moyo,더든든한500분20G,sms_count,100.0,100,https://www.moyoplan.com/plans/33925
변경,34891,34891,SKT,moyo,더든든한500분30G,voice_minutes,500.0,500,https://www.moyoplan.com/plans/34891
변경,34891,34891,SKT,moyo,더든든한500분30G,sms_count,100.0,100,https://www.moyoplan.com/plans/34891
변경,34889,34889,SKT,moyo,든든한350분5G,discount_period_months,12.0,12,https://www.moyoplan.com/plans/34889
변경,34889,34889,SKT,moyo,든든한350분5G,voice_minutes,350.0,350,https://www.moyoplan.com/plans/34889
변경,34889,34889,SKT,moyo,든든한350분5G,sms_count,100.0,100,https://www.moyoplan.com/plans/34889
변경,34886,34886,SKT,moyo,더든든한200분15G,discount_period_months,7.0,7,https://www.moyoplan.com/plans/34886
변경,34886,34886,SKT,moyo,더든든한200분15G,voice_minutes,200.0,200,https://www.moyoplan.com/plans/34886
변경,34886,34886,SKT,moyo,더든든한200분15G,sms_count,100.0,100,https://www.moyoplan.com/plans/34886
변경,16085,16085,LGU+,moyo,프리티든든한 5G,voice_minutes,100.0,100,https://www.moyoplan.com/plans/16085
변경,16085,16085,LGU+,moyo,프리티든든한 5G,sms_count,100.0,100,https://www.moyoplan.com/plans/16085
변경,33920,33920,LGU+,moyo,든든한 350분5G,voice_minutes,350.0,350,https://www.moyoplan.com/plans/33920
변경,33920,33920,LGU+,moyo,든든한 350분5G,sms_count,100.0,100,https://www.moyoplan.com/plans/33920
변경,34884,34884,SKT,moyo,음성기본데이터7G,voice_minutes,0.0,0,https://www.moyoplan.com/plans/34884
변경,34884,34884,SKT,moyo,음성기본데이터7G,sms_count,200.0,200,https://www.moyoplan.com/plans/34884
변경,27291,27291,LGU+,moyo,(5G)더든든한500분15G,voice_minutes,500.0,500,https://www.moyoplan.com/plans/27291
변경,27291,27291,LGU+,moyo,(5G)더든든한500분15G,sms_count,100.0,100,https://www.moyoplan.com/plans/27291
변경,33845,33845,SKT,moyo,(5G)하나은행 200분30G,discount_period_months,12.0,12,https://www.moyoplan.com/plans/33845
변경,33845,33845,SKT,moyo,(5G)하나은행 200분30G,voice_minutes,200.0,200,https://www.moyoplan.com/plans/33845
변경,33845,33845,SKT,moyo,(5G)하나은행 200분30G,sms_count,100.0,100,https://www.moyoplan.com/plans/33845
변경,36332,36332,KT,moyo,(5G)더든든한200분20G,voice_minutes,200.0,200,https://www.moyoplan.com/plans/36332
변경,36332,36332,KT,moyo,(5G)더든든한200분20G,sms_count,100.0,100,https://www.moyoplan.com/plans/36332
변경,33543,33543,LGU+,moyo,5G 든든한200분7G,discount_period_months,12.0,12,https://www.moyoplan.com/plans/33543
변경,33543,33543,LGU+,moyo,5G 든든한200분7G,voice_minutes,200.0,200,https://www.moyoplan.com/plans/33543
변경,33543,33543,LGU+,moyo,5G 든든한200분7G,sms_count,150.0,150,https://www.moyoplan.com/plans/33543
변경,19692,19692,KT,moyo,5G 든든한200분5G,voice_minutes,200.0,200,https://www.moyoplan.com/plans/19692
변경,19692,19692,KT,moyo,5G 든든한200분5G,sms_count,100.0,100,https://www.moyoplan.com/plans/19692
변경,34247,34247,SKT,moyo,든든한200분10G,voice_minutes,200.0,200,https://www.moyoplan.com/plans/34247
변경,34247,34247,SKT,moyo,든든한200분10G,sms_count,100.0,100,https://www.moyoplan.com/plans/34247
변경,34676,34676,KT,moyo,더든든한200분30G,voice_minutes,200.0,200,https://www.moyoplan.com/plans/34676
변경,34676,34676,KT,moyo,더든든한200분30G,sms_count,100.0,100,https://www.moyoplan.com/plans/34676
변경,23271,23271,KT,moyo,5G 든든한200분10G,voice_minutes,200.0,200,https://www.moyoplan.com/plans/23271
변경,23271,23271,KT,moyo,5G 든든한200분10G,sms_count,200.0,200,https://www.moyoplan.com/plans/23271
변경,36204,36204,SKT,moyo,프리티 해외여행 11G+,discount_period_months,12.0,12,https://www.moyoplan.com/plans/36204
변경,36204,36204,SKT,moyo,프리티 해외여행 11G+,voice_minutes,0.0,0,https://www.moyoplan.com/plans/36204
변경,36204,36204,SKT,moyo,프리티 해외여행 11G+,sms_count,0.0,0,https://www.moyoplan.com/plans/36204
변경,35517,35517,SKT,moyo,프리티데이터팡팡,discounted_fee,9990,14940,https://www.moyoplan.com/plans/35517
변경,35517,35517,SKT,moyo,프리티데이터팡팡,discount_period_months,6.0,7,https://www.moyoplan.com/plans/35517
변경,35517,35517,SKT,moyo,프리티데이터팡팡,voice_minutes,0.0,0,https://www.moyoplan.com/plans/35517
변경,35517,35517,SKT,moyo,프리티데이터팡팡,sms_count,0.0,0,https://www.moyoplan.com/plans/35517
변경,34885,34885,SKT,moyo,든든한 500분10G,voice_minutes,500.0,500,https://www.moyoplan.com/plans/34885
변경,34885,34885,SKT,moyo,든든한 500분10G,sms_count,200.0,200,https://www.moyoplan.com/plans/34885
변경,33867,33867,SKT,moyo,하나은행 11G+,discount_period_months,12.0,12,https://www.moyoplan.com/plans/33867
변경,33867,33867,SKT,moyo,하나은행 11G+,voice_minutes,0.0,0,https://www.moyoplan.com/plans/33867
변경,33867,33867,SKT,moyo,하나은행 11G+,sms_count,0.0,0,https://www.moyoplan.com/plans/33867
변경,33542,33542,LGU+,moyo,5G 든든한200분5G,discount_period_months,12.0,12,https://www.moyoplan.com/plans/33542
변경,33542,33542,LGU+,moyo,5G 든든한200분5G,voice_minutes,200.0,200,https://www.moyoplan.com/plans/33542
변경,33542,33542,LGU+,moyo,5G 든든한200분5G,sms_count,100.0,100,https://www.moyoplan.com/plans/33542
변경,30444,30444,LGU+,moyo,프리티데이터매일5G+,discount_period_months,24.0,24,https://www.moyoplan.com/plans/30444
변경,30444,30444,LGU+,moyo,프리티데이터매일5G+,voice_minutes,0.0,0,https://www.moyoplan.com/plans/30444
변경,30444,30444,LGU+,moyo,프리티데이터매일5G+,sms_count,0.0,0,https://www.moyoplan.com/plans/30444
변경,33858,33858,SKT,moyo,CGV 1+1쿠폰 11G+,discount_period_months,7.0,7,https://www.moyoplan.com/plans/33858
변경,33858,33858,SKT,moyo,CGV 1+1쿠폰 11G+,voice_minutes,0.0,0,https://www.moyoplan.com/plans/33858
변경,33858,33858,SKT,moyo,CGV 1+1쿠폰 11G+,sms_count,0.0,0,https://www.moyoplan.com/plans/33858
변경,36205,36205,SKT,moyo,프리티 해외여행 100G+,discount_period_months,12.0,12,https://www.moyoplan.com/plans/36205
변경,36205,36205,SKT,moyo,프리티 해외여행 100G+,voice_minutes,0.0,0,https://www.moyoplan.com/plans/36205
변경,36205,36205,SKT,moyo,프리티 해외여행 100G+,sms_count,0.0,0,https://www.moyoplan.com/plans/36205
변경,37154,37154,LGU+,moyo,페이스페이 71GB+,discount_period_months,7.0,7,https://www.moyoplan.com/plans/37154
변경,37447,37447,LGU+,moyo,프리티 편의점금액권 5000 150G+,discount_period_months,24.0,24,https://www.moyoplan.com/plans/37447
변경,37447,37447,LGU+,moyo,프리티 편의점금액권 5000 150G+,voice_minutes,0.0,0,https://www.moyoplan.com/plans/37447
변경,37447,37447,LGU+,moyo,프리티 편의점금액권 5000 150G+,sms_count,0.0,0,https://www.moyoplan.com/plans/37447
변경,35916,35916,KT,moyo,쿠팡캐시 100G+,discount_period_months,7.0,7,https://www.moyoplan.com/plans/35916
변경,35916,35916,KT,moyo,쿠팡캐시 100G+,voice_minutes,0.0,0,https://www.moyoplan.com/plans/35916
변경,35916,35916,KT,moyo,쿠팡캐시 100G+,sms_count,0.0,0,https://www.moyoplan.com/plans/35916
변경,28473,28473,LGU+,moyo,5G더빠른150G,discount_period_months,7.0,7,https://www.moyoplan.com/plans/28473
변경,28473,28473,LGU+,moyo,5G더빠른150G,voice_minutes,0.0,0,https://www.moyoplan.com/plans/28473
변경,28473,28473,LGU+,moyo,5G더빠른150G,sms_count,0.0,0,https://www.moyoplan.com/plans/28473
변경,36303,36303,SKT,moyo,프리티 편의점금액권 11G+,discounted_fee,12540,15950,https://www.moyoplan.com/plans/36303
변경,36303,36303,SKT,moyo,프리티 편의점금액권 11G+,discount_period_months,6.0,7,https://www.moyoplan.com/plans/36303
변경,36303,36303,SKT,moyo,프리티 편의점금액권 11G+,voice_minutes,0.0,0,https://www.moyoplan.com/plans/36303
변경,36303,36303,SKT,moyo,프리티 편의점금액권 11G+,sms_count,0.0,0,https://www.moyoplan.com/plans/36303
변경,33870,33870,SKT,moyo,CGV 1+1쿠폰 100G+,discount_period_months,7.0,7,https://www.moyoplan.com/plans/33870
변경,33870,33870,SKT,moyo,CGV 1+1쿠폰 100G+,voice_minutes,0.0,0,https://www.moyoplan.com/plans/33870
변경,33870,33870,SKT,moyo,CGV 1+1쿠폰 100G+,sms_count,0.0,0,https://www.moyoplan.com/plans/33870
변경,36299,36299,LGU+,moyo,프리티 편의점금액권 5000 11G+,discount_period_months,24.0,24,https://www.moyoplan.com/plans/36299
변경,36299,36299,LGU+,moyo,프리티 편의점금액권 5000 11G+,voice_minutes,0.0,0,https://www.moyoplan.com/plans/36299
변경,36299,36299,LGU+,moyo,프리티 편의점금액권 5000 11G+,sms_count,0.0,0,https://www.moyoplan.com/plans/36299
변경,30443,30443,LGU+,moyo,프리티데이터중심11G,discount_period_months,24.0,24,https://www.moyoplan.com/plans/30443
변경,30443,30443,LGU+,moyo,프리티데이터중심11G,voice_minutes,0.0,0,https://www.moyoplan.com/plans/30443
변경,30443,30443,LGU+,moyo,프리티데이터중심11G,sms_count,0.0,0,https://www.moyoplan.com/plans/30443
변경,34674,34674,SKT,moyo,하나은행 100G+,discount_period_months,12.0,12,https://www.moyoplan.com/plans/34674
변경,34674,34674,SKT,moyo,하나은행 100G+,voice_minutes,0.0,0,https://www.moyoplan.com/plans/34674
변경,34674,34674,SKT,moyo,하나은행 100G+,sms_count,0.0,0,https://www.moyoplan.com/plans/34674
변경,16039,16039,LGU+,moyo,이마트24_Short+,voice_minutes,50.0,50,https://www.moyoplan.com/plans/16039
변경,16039,16039,LGU+,moyo,이마트24_Short+,sms_count,50.0,50,https://www.moyoplan.com/plans/16039
변경,34677,34677,KT,moyo,CGV 1+1 100G+,discount_period_months,7.0,7,https://www.moyoplan.com/plans/34677
변경,34677,34677,KT,moyo,CGV 1+1 100G+,voice_minutes,0.0,0,https://www.moyoplan.com/plans/34677
변경,34677,34677,KT,moyo,CGV 1+1 100G+,sms_count,0.0,0,https://www.moyoplan.com/plans/34677
변경,34883,34883,SKT,moyo,음성기본데이터5G,voice_minutes,0.0,0,https://www.moyoplan.com/plans/34883
변경,34883,34883,SKT,moyo,음성기본데이터5G,sms_count,150.0,150,https://www.moyoplan.com/plans/34883
변경,31431,31431,KT,moyo,다이소 100G+,discount_period_months,7.0,7,https://www.moyoplan.com/plans/31431
변경,31431,31431,KT,moyo,다이소 100G+,voice_minutes,0.0,0,https://www.moyoplan.com/plans/31431
변경,31431,31431,KT,moyo,다이소 100G+,sms_count,0.0,0,https://www.moyoplan.com/plans/31431
변경,37446,37446,LGU+,moyo,프리티 편의점금액권 5000 125G+,discount_period_months,24.0,24,https://www.moyoplan.com/plans/37446
변경,37446,37446,LGU+,moyo,프리티 편의점금액권 5000 125G+,voice_minutes,0.0,0,https://www.moyoplan.com/plans/37446
변경,37446,37446,LGU+,moyo,프리티 편의점금액권 5000 125G+,sms_count,0.0,0,https://www.moyoplan.com/plans/37446
변경,37145,37145,LGU+,moyo,프리티데이터 15G+,discount_period_months,24.0,24,https://www.moyoplan.com/plans/37145
변경,37145,37145,LGU+,moyo,프리티데이터 15G+,voice_minutes,100.0,100,https://www.moyoplan.com/plans/37145
변경,37145,37145,LGU+,moyo,프리티데이터 15G+,sms_count,100.0,100,https://www.moyoplan.com/plans/37145
변경,33849,33849,SKT,moyo,하나은행 100분15G+,discount_period_months,12.0,12,https://www.moyoplan.com/plans/33849
변경,33849,33849,SKT,moyo,하나은행 100분15G+,voice_minutes,100.0,100,https://www.moyoplan.com/plans/33849
변경,33849,33849,SKT,moyo,하나은행 100분15G+,sms_count,100.0,100,https://www.moyoplan.com/plans/33849
변경,36300,36300,LGU+,moyo,프리티 편의점금액권 5000 100G+,discount_period_months,24.0,24,https://www.moyoplan.com/plans/36300
변경,36300,36300,LGU+,moyo,프리티 편의점금액권 5000 100G+,voice_minutes,0.0,0,https://www.moyoplan.com/plans/36300
변경,36300,36300,LGU+,moyo,프리티 편의점금액권 5000 100G+,sms_count,0.0,0,https://www.moyoplan.com/plans/36300
변경,15735,15735,LGU+,moyo,데이터안심무제한7G+,discount_period_months,7.0,7,https://www.moyoplan.com/plans/15735
변경,15735,15735,LGU+,moyo,데이터안심무제한7G+,voice_minutes,0.0,0,https://www.moyoplan.com/plans/15735
변경,15735,15735,LGU+,moyo,데이터안심무제한7G+,sms_count,0.0,0,https://www.moyoplan.com/plans/15735
변경,34831,34831,LGU+,moyo,데이터안심100분10G+1M,discount_period_months,10.0,10,https://www.moyoplan.com/plans/34831
변경,34831,34831,LGU+,moyo,데이터안심100분10G+1M,voice_minutes,100.0,100,https://www.moyoplan.com/plans/34831
변경,34831,34831,LGU+,moyo,데이터안심100분10G+1M,sms_count,100.0,100,https://www.moyoplan.com/plans/34831
변경,37153,37153,LGU+,moyo,페이스페이 100GB+,discount_period_months,7.0,7,https://www.moyoplan.com/plans/37153
변경,36298,36298,LGU+,moyo,프리티 편의점금액권 5000 15G+,discount_period_months,24.0,24,https://www.moyoplan.com/plans/36298
변경,36298,36298,LGU+,moyo,프리티 편의점금액권 5000 15G+,voice_minutes,100.0,100,https://www.moyoplan.com/plans/36298
변경,36298,36298,LGU+,moyo,프리티 편의점금액권 5000 15G+,sms_count,100.0,100,https://www.moyoplan.com/plans/36298
변경,33864,33864,SKT,moyo,후후 안전통화생활 11G+,discount_period_months,7.0,7,https://www.moyoplan.com/plans/33864
변경,33864,33864,SKT,moyo,후후 안전통화생활 11G+,voice_minutes,0.0,0,https://www.moyoplan.com/plans/33864
변경,33864,33864,SKT,moyo,후후 안전통화생활 11G+,sms_count,0.0,0,https://www.moyoplan.com/plans/33864
변경,36203,36203,SKT,moyo,프리티 해외여행 15G+,discount_period_months,12.0,12,https://www.moyoplan.com/plans/36203
변경,36203,36203,SKT,moyo,프리티 해외여행 15G+,voice_minutes,100.0,100,https://www.moyoplan.com/plans/36203
변경,36203,36203,SKT,moyo,프리티 해외여행 15G+,sms_count,100.0,100,https://www.moyoplan.com/plans/36203
변경,30442,30442,LGU+,moyo,데이터안심300분15G+,discount_period_months,24.0,24,https://www.moyoplan.com/plans/30442
변경,30442,30442,LGU+,moyo,데이터안심300분15G+,voice_minutes,300.0,300,https://www.moyoplan.com/plans/30442
변경,30442,30442,LGU+,moyo,데이터안심300분15G+,sms_count,300.0,300,https://www.moyoplan.com/plans/30442
변경,33843,33843,SKT,moyo,(5G)더든든한500분15G,discount_period_months,7.0,7,https://www.moyoplan.com/plans/33843
변경,33843,33843,SKT,moyo,(5G)더든든한500분15G,voice_minutes,500.0,500,https://www.moyoplan.com/plans/33843
변경,33843,33843,SKT,moyo,(5G)더든든한500분15G,sms_count,100.0,100,https://www.moyoplan.com/plans/33843
변경,36200,36200,LGU+,moyo,프리티 해외여행 11G+,discount_period_months,12.0,12,https://www.moyoplan.com/plans/36200
변경,36200,36200,LGU+,moyo,프리티 해외여행 11G+,voice_minutes,0.0,0,https://www.moyoplan.com/plans/36200
변경,36200,36200,LGU+,moyo,프리티 해외여행 11G+,sms_count,0.0,0,https://www.moyoplan.com/plans/36200
변경,33840,33840,SKT,moyo,하나은행 7G+1M,discount_period_months,12.0,12,https://www.moyoplan.com/plans/33840
변경,33840,33840,SKT,moyo,하나은행 7G+1M,voice_minutes,0.0,0,https://www.moyoplan.com/plans/33840
변경,33840,33840,SKT,moyo,하나은행 7G+1M,sms_count,0.0,0,https://www.moyoplan.com/plans/33840
변경,36304,36304,SKT,moyo,프리티 편의점금액권 100G+,discounted_fee,13750,18700,https://www.moyoplan.com/plans/36304
변경,36304,36304,SKT,moyo,프리티 편의점금액권 100G+,discount_period_months,6.0,7,https://www.moyoplan.com/plans/36304
변경,36304,36304,SKT,moyo,프리티 편의점금액권 100G+,voice_minutes,0.0,0,https://www.moyoplan.com/plans/36304
변경,36304,36304,SKT,moyo,프리티 편의점금액권 100G+,sms_count,0.0,0,https://www.moyoplan.com/plans/36304
변경,15928,15928,LGU+,moyo,(5G)더빠른125G+,discount_period_months,7.0,7,https://www.moyoplan.com/plans/15928
변경,15928,15928,LGU+,moyo,(5G)더빠른125G+,voice_minutes,0.0,0,https://www.moyoplan.com/plans/15928
변경,15928,15928,LGU+,moyo,(5G)더빠른125G+,sms_count,0.0,0,https://www.moyoplan.com/plans/15928
변경,36201,36201,LGU+,moyo,프리티 해외여행 100G+,discount_period_months,12.0,12,https://www.moyoplan.com/plans/36201
변경,36201,36201,LGU+,moyo,프리티 해외여행 100G+,voice_minutes,0.0,0,https://www.moyoplan.com/plans/36201
변경,36201,36201,LGU+,moyo,프리티 해외여행 100G+,sms_count,0.0,0,https://www.moyoplan.com/plans/36201
변경,37445,37445,LGU+,moyo,프리티 편의점금액권 5000 95G+,discount_period_months,24.0,24,https://www.moyoplan.com/plans/37445
변경,37445,37445,LGU+,moyo,프리티 편의점금액권 5000 95G+,voice_minutes,0.0,0,https://www.moyoplan.com/plans/37445
변경,37445,37445,LGU+,moyo,프리티 편의점금액권 5000 95G+,sms_count,0.0,0,https://www.moyoplan.com/plans/37445
변경,33873,33873,SKT,moyo,후후 안전통화생활 100G+,discount_period_months,7.0,7,https://www.moyoplan.com/plans/33873
변경,33873,33873,SKT,moyo,후후 안전통화생활 100G+,voice_minutes,0.0,0,https://www.moyoplan.com/plans/33873
변경,33873,33873,SKT,moyo,후후 안전통화생활 100G+,sms_count,0.0,0,https://www.moyoplan.com/plans/33873
변경,15741,15741,LGU+,moyo,데이터안심15G+,discount_period_months,7.0,7,https://www.moyoplan.com/plans/15741
변경,15741,15741,LGU+,moyo,데이터안심15G+,voice_minutes,100.0,100,https://www.moyoplan.com/plans/15741
변경,15741,15741,LGU+,moyo,데이터안심15G+,sms_count,100.0,100,https://www.moyoplan.com/plans/15741
변경,20874,20874,KT,moyo,보이스피싱 안심보상11G+,discount_period_months,7.0,7,https://www.moyoplan.com/plans/20874
변경,20874,20874,KT,moyo,보이스피싱 안심보상11G+,voice_minutes,0.0,0,https://www.moyoplan.com/plans/20874
변경,20874,20874,KT,moyo,보이스피싱 안심보상11G+,sms_count,0.0,0,https://www.moyoplan.com/plans/20874
변경,21265,21265,KT,moyo,USIM데이터11G(CU 멤버십)+,discount_period_months,7.0,7,https://www.moyoplan.com/plans/21265
변경,21265,21265,KT,moyo,USIM데이터11G(CU 멤버십)+,voice_minutes,0.0,0,https://www.moyoplan.com/plans/21265
변경,21265,21265,KT,moyo,USIM데이터11G(CU 멤버십)+,sms_count,0.0,0,https://www.moyoplan.com/plans/21265
변경,33872,33872,SKT,moyo,예스24크레마클럽e북 구독 11G+,discount_period_months,7.0,7,https://www.moyoplan.com/plans/33872
변경,33872,33872,SKT,moyo,예스24크레마클럽e북 구독 11G+,voice_minutes,0.0,0,https://www.moyoplan.com/plans/33872
변경,33872,33872,SKT,moyo,예스24크레마클럽e북 구독 11G+,sms_count,0.0,0,https://www.moyoplan.com/plans/33872
변경,16228,16228,KT,moyo,USIM데이터11G(밀리의서재)+,discount_period_months,7.0,7,https://www.moyoplan.com/plans/16228
변경,16228,16228,KT,moyo,USIM데이터11G(밀리의서재)+,voice_minutes,0.0,0,https://www.moyoplan.com/plans/16228
변경,16228,16228,KT,moyo,USIM데이터11G(밀리의서재)+,sms_count,0.0,0,https://www.moyoplan.com/plans/16228
변경,33854,33854,SKT,moyo,프리티데이터안심15G+,discount_period_months,7.0,7,https://www.moyoplan.com/plans/33854
변경,33854,33854,SKT,moyo,프리티데이터안심15G+,voice_minutes,100.0,100,https://www.moyoplan.com/plans/33854
변경,33854,33854,SKT,moyo,프리티데이터안심15G+,sms_count,100.0,100,https://www.moyoplan.com/plans/33854
변경,37155,37155,LGU+,moyo,페이스페이 100분/15GB+,discount_period_months,7.0,7,https://www.moyoplan.com/plans/37155
변경,37155,37155,LGU+,moyo,페이스페이 100분/15GB+,voice_minutes,100.0,100,https://www.moyoplan.com/plans/37155
변경,37155,37155,LGU+,moyo,페이스페이 100분/15GB+,sms_count,100.0,100,https://www.moyoplan.com/plans/37155
변경,34832,34832,LGU+,moyo,(5G)더빠른95G+,discount_period_months,7.0,7,https://www.moyoplan.com/plans/34832
변경,34832,34832,LGU+,moyo,(5G)더빠른95G+,voice_minutes,0.0,0,https://www.moyoplan.com/plans/34832
변경,34832,34832,LGU+,moyo,(5G)더빠른95G+,sms_count,0.0,0,https://www.moyoplan.com/plans/34832
변경,31425,31425,KT,moyo,다이소 7G+1M,discount_period_months,7.0,7,https://www.moyoplan.com/plans/31425
변경,31425,31425,KT,moyo,다이소 7G+1M,voice_minutes,0.0,0,https://www.moyoplan.com/plans/31425
변경,31425,31425,KT,moyo,다이소 7G+1M,sms_count,0.0,0,https://www.moyoplan.com/plans/31425
변경,30438,30438,LGU+,moyo,프리티데이터7G+1M,discount_period_months,24.0,24,https://www.moyoplan.com/plans/30438
변경,30438,30438,LGU+,moyo,프리티데이터7G+1M,voice_minutes,0.0,0,https://www.moyoplan.com/plans/30438
변경,30438,30438,LGU+,moyo,프리티데이터7G+1M,sms_count,0.0,0,https://www.moyoplan.com/plans/30438
변경,35914,35914,KT,moyo,쿠팡캐시 7G+1M,discount_period_months,7.0,7,https://www.moyoplan.com/plans/35914
변경,35914,35914,KT,moyo,쿠팡캐시 7G+1M,voice_minutes,0.0,0,https://www.moyoplan.com/plans/35914
변경,35914,35914,KT,moyo,쿠팡캐시 7G+1M,sms_count,0.0,0,https://www.moyoplan.com/plans/35914
변경,33853,33853,SKT,moyo,CGV 1+1쿠폰 15G+,discount_period_months,7.0,7,https://www.moyoplan.com/plans/33853
변경,33853,33853,SKT,moyo,CGV 1+1쿠폰 15G+,voice_minutes,100.0,100,https://www.moyoplan.com/plans/33853
변경,33853,33853,SKT,moyo,CGV 1+1쿠폰 15G+,sms_count,100.0,100,https://www.moyoplan.com/plans/33853
변경,37157,37157,LGU+,moyo,페이스페이 7GB+,discount_period_months,7.0,7,https://www.moyoplan.com/plans/37157
변경,30439,30439,LGU+,moyo,프리티데이터10G+1M,discount_period_months,24.0,24,https://www.moyoplan.com/plans/30439
변경,30439,30439,LGU+,moyo,프리티데이터10G+1M,voice_minutes,0.0,0,https://www.moyoplan.com/plans/30439
변경,30439,30439,LGU+,moyo,프리티데이터10G+1M,sms_count,0.0,0,https://www.moyoplan.com/plans/30439
변경,33842,33842,SKT,moyo,음성기본7G+1M,discount_period_months,7.0,7,https://www.moyoplan.com/plans/33842
변경,33842,33842,SKT,moyo,음성기본7G+1M,voice_minutes,0.0,0,https://www.moyoplan.com/plans/33842
변경,33842,33842,SKT,moyo,음성기본7G+1M,sms_count,0.0,0,https://www.moyoplan.com/plans/33842
변경,33844,33844,SKT,moyo,NH더드림 든든 9.9,discount_period_months,24.0,24,https://www.moyoplan.com/plans/33844
변경,33844,33844,SKT,moyo,NH더드림 든든 9.9,voice_minutes,2000.0,2000,https://www.moyoplan.com/plans/33844
변경,33844,33844,SKT,moyo,NH더드림 든든 9.9,sms_count,200.0,200,https://www.moyoplan.com/plans/33844
변경,37156,37156,LGU+,moyo,페이스페이 10GB+,discount_period_months,7.0,7,https://www.moyoplan.com/plans/37156
변경,36297,36297,LGU+,moyo,프리티 편의점금액권 5000 7G+1M,discount_period_months,24.0,24,https://www.moyoplan.com/plans/36297
변경,36297,36297,LGU+,moyo,프리티 편의점금액권 5000 7G+1M,voice_minutes,0.0,0,https://www.moyoplan.com/plans/36297
변경,36297,36297,LGU+,moyo,프리티 편의점금액권 5000 7G+1M,sms_count,0.0,0,https://www.moyoplan.com/plans/36297
변경,33850,33850,SKT,moyo,(5G)더든든한500분20G,discount_period_months,7.0,7,https://www.moyoplan.com/plans/33850
변경,33850,33850,SKT,moyo,(5G)더든든한500분20G,voice_minutes,500.0,500,https://www.moyoplan.com/plans/33850
변경,33850,33850,SKT,moyo,(5G)더든든한500분20G,sms_count,100.0,100,https://www.moyoplan.com/plans/33850
변경,33539,33539,LGU+,moyo,든든한500분10G,discount_period_months,10.0,10,https://www.moyoplan.com/plans/33539
변경,33539,33539,LGU+,moyo,든든한500분10G,voice_minutes,500.0,500,https://www.moyoplan.com/plans/33539
변경,33539,33539,LGU+,moyo,든든한500분10G,sms_count,200.0,200,https://www.moyoplan.com/plans/33539
변경,33862,33862,SKT,moyo,예스24크레마클럽e북 구독 15G+,discount_period_months,7.0,7,https://www.moyoplan.com/plans/33862
변경,33862,33862,SKT,moyo,예스24크레마클럽e북 구독 15G+,voice_minutes,100.0,100,https://www.moyoplan.com/plans/33862
변경,33862,33862,SKT,moyo,예스24크레마클럽e북 구독 15G+,sms_count,100.0,100,https://www.moyoplan.com/plans/33862
변경,36199,36199,LGU+,moyo,프리티 해외여행 15G+,discount_period_months,12.0,12,https://www.moyoplan.com/plans/36199
변경,36199,36199,LGU+,moyo,프리티 해외여행 15G+,voice_minutes,100.0,100,https://www.moyoplan.com/plans/36199
변경,36199,36199,LGU+,moyo,프리티 해외여행 15G+,sms_count,100.0,100,https://www.moyoplan.com/plans/36199
변경,36202,36202,SKT,moyo,프리티 해외여행 7G+1M,discount_period_months,12.0,12,https://www.moyoplan.com/plans/36202
변경,36202,36202,SKT,moyo,프리티 해외여행 7G+1M,voice_minutes,0.0,0,https://www.moyoplan.com/plans/36202
변경,36202,36202,SKT,moyo,프리티 해외여행 7G+1M,sms_count,0.0,0,https://www.moyoplan.com/plans/36202
변경,34258,34258,LGU+,moyo,예스24크레마클럽e북 구독 11G+,discount_period_months,7.0,7,https://www.moyoplan.com/plans/34258
변경,34258,34258,LGU+,moyo,예스24크레마클럽e북 구독 11G+,voice_minutes,0.0,0,https://www.moyoplan.com/plans/34258
변경,34258,34258,LGU+,moyo,예스24크레마클럽e북 구독 11G+,sms_count,0.0,0,https://www.moyoplan.com/plans/34258
변경,33831,33831,SKT,moyo,NH더드림 알뜰 2.2,discount_period_months,24.0,24,https://www.moyoplan.com/plans/33831
변경,33831,33831,SKT,moyo,NH더드림 알뜰 2.2,voice_minutes,330.0,330,https://www.moyoplan.com/plans/33831
변경,33831,33831,SKT,moyo,NH더드림 알뜰 2.2,sms_count,110.0,110,https://www.moyoplan.com/plans/33831
변경,35489,35489,SKT,moyo,프리티 글로벌통화 300 11G+,discount_period_months,24.0,24,https://www.moyoplan.com/plans/35489
변경,35489,35489,SKT,moyo,프리티 글로벌통화 300 11G+,voice_minutes,0.0,0,https://www.moyoplan.com/plans/35489
변경,35489,35489,SKT,moyo,프리티 글로벌통화 300 11G+,sms_count,0.0,0,https://www.moyoplan.com/plans/35489
변경,33877,33877,SKT,moyo,예스24크레마클럽e북 구독 100G+,discount_period_months,7.0,7,https://www.moyoplan.com/plans/33877
변경,33877,33877,SKT,moyo,예스24크레마클럽e북 구독 100G+,voice_minutes,0.0,0,https://www.moyoplan.com/plans/33877
변경,33877,33877,SKT,moyo,예스24크레마클럽e북 구독 100G+,sms_count,0.0,0,https://www.moyoplan.com/plans/33877
변경,31310,31310,KT,moyo,올리브영 100G+,discount_period_months,7.0,7,https://www.moyoplan.com/plans/31310
변경,31310,31310,KT,moyo,올리브영 100G+,voice_minutes,0.0,0,https://www.moyoplan.com/plans/31310
변경,31310,31310,KT,moyo,올리브영 100G+,sms_count,0.0,0,https://www.moyoplan.com/plans/31310
변경,35915,35915,KT,moyo,쿠팡캐시 11G+,discount_period_months,7.0,7,https://www.moyoplan.com/plans/35915
변경,35915,35915,KT,moyo,쿠팡캐시 11G+,voice_minutes,0.0,0,https://www.moyoplan.com/plans/35915
변경,35915,35915,KT,moyo,쿠팡캐시 11G+,sms_count,0.0,0,https://www.moyoplan.com/plans/35915
변경,30367,30367,KT,moyo,올리브영 11G+,discount_period_months,7.0,7,https://www.moyoplan.com/plans/30367
변경,30367,30367,KT,moyo,올리브영 11G+,voice_minutes,0.0,0,https://www.moyoplan.com/plans/30367
변경,30367,30367,KT,moyo,올리브영 11G+,sms_count,0.0,0,https://www.moyoplan.com/plans/30367
변경,36302,36302,SKT,moyo,프리티 편의점금액권 15G+,discount_period_months,7.0,7,https://www.moyoplan.com/plans/36302
변경,36302,36302,SKT,moyo,프리티 편의점금액권 15G+,voice_minutes,100.0,100,https://www.moyoplan.com/plans/36302
변경,36302,36302,SKT,moyo,프리티 편의점금액권 15G+,sms_count,100.0,100,https://www.moyoplan.com/plans/36302
변경,31309,31309,KT,moyo,다이소 11G+,discount_period_months,7.0,7,https://www.moyoplan.com/plans/31309
변경,31309,31309,KT,moyo,다이소 11G+,voice_minutes,0.0,0,https://www.moyoplan.com/plans/31309
변경,31309,31309,KT,moyo,다이소 11G+,sms_count,0.0,0,https://www.moyoplan.com/plans/31309
변경,33865,33865,SKT,moyo,CGV 15G+,discount_period_months,7.0,7,https://www.moyoplan.com/plans/33865
변경,33865,33865,SKT,moyo,CGV 15G+,voice_minutes,100.0,100,https://www.moyoplan.com/plans/33865
변경,33865,33865,SKT,moyo,CGV 15G+,sms_count,100.0,100,https://www.moyoplan.com/plans/33865
변경,33860,33860,SKT,moyo,프리티구독1000분15G(스타벅스금액권),discount_period_months,12.0,12,https://www.moyoplan.com/plans/33860
변경,33860,33860,SKT,moyo,프리티구독1000분15G(스타벅스금액권),voice_minutes,1000.0,1000,https://www.moyoplan.com/plans/33860
변경,33860,33860,SKT,moyo,프리티구독1000분15G(스타벅스금액권),sms_count,100.0,100,https://www.moyoplan.com/plans/33860
변경,33875,33875,SKT,moyo,CGV 11G+,discount_period_months,7.0,7,https://www.moyoplan.com/plans/33875
변경,33875,33875,SKT,moyo,CGV 11G+,voice_minutes,0.0,0,https://www.moyoplan.com/plans/33875
변경,33875,33875,SKT,moyo,CGV 11G+,sms_count,0.0,0,https://www.moyoplan.com/plans/33875
변경,19180,19180,KT,moyo,데이터100G(밀리의서재)+,discount_period_months,7.0,7,https://www.moyoplan.com/plans/19180
변경,19180,19180,KT,moyo,데이터100G(밀리의서재)+,voice_minutes,0.0,0,https://www.moyoplan.com/plans/19180
변경,19180,19180,KT,moyo,데이터100G(밀리의서재)+,sms_count,0.0,0,https://www.moyoplan.com/plans/19180
변경,21263,21263,KT,moyo,데이터100G(CU 멤버십)+,discount_period_months,7.0,7,https://www.moyoplan.com/plans/21263
변경,21263,21263,KT,moyo,데이터100G(CU 멤버십)+,voice_minutes,0.0,0,https://www.moyoplan.com/plans/21263
변경,21263,21263,KT,moyo,데이터100G(CU 멤버십)+,sms_count,0.0,0,https://www.moyoplan.com/plans/21263
변경,21264,21264,KT,moyo,데이터안심15G(CU 멤버십)+,discount_period_months,7.0,7,https://www.moyoplan.com/plans/21264
변경,21264,21264,KT,moyo,데이터안심15G(CU 멤버십)+,voice_minutes,100.0,100,https://www.moyoplan.com/plans/21264
변경,21264,21264,KT,moyo,데이터안심15G(CU 멤버십)+,sms_count,100.0,100,https://www.moyoplan.com/plans/21264
변경,18730,18730,KT,moyo,데이터안심15G(밀리의서재)+,discount_period_months,7.0,7,https://www.moyoplan.com/plans/18730
변경,18730,18730,KT,moyo,데이터안심15G(밀리의서재)+,voice_minutes,100.0,100,https://www.moyoplan.com/plans/18730
변경,18730,18730,KT,moyo,데이터안심15G(밀리의서재)+,sms_count,100.0,100,https://www.moyoplan.com/plans/18730
변경,33841,33841,SKT,moyo,CGV 1+1쿠폰 7G+1M,discount_period_months,7.0,7,https://www.moyoplan.com/plans/33841
변경,33841,33841,SKT,moyo,CGV 1+1쿠폰 7G+1M,voice_minutes,0.0,0,https://www.moyoplan.com/plans/33841
변경,33841,33841,SKT,moyo,CGV 1+1쿠폰 7G+1M,sms_count,0.0,0,https://www.moyoplan.com/plans/33841
변경,16036,16036,LGU+,moyo,이마트24_Star,voice_minutes,0.0,0,https://www.moyoplan.com/plans/16036
변경,16036,16036,LGU+,moyo,이마트24_Star,sms_count,0.0,0,https://www.moyoplan.com/plans/16036
변경,36198,36198,LGU+,moyo,프리티 해외여행 7G+1M,discount_period_months,12.0,12,https://www.moyoplan.com/plans/36198
변경,36198,36198,LGU+,moyo,프리티 해외여행 7G+1M,voice_minutes,0.0,0,https://www.moyoplan.com/plans/36198
변경,36198,36198,LGU+,moyo,프리티 해외여행 7G+1M,sms_count,0.0,0,https://www.moyoplan.com/plans/36198
변경,33863,33863,SKT,moyo,(5G)더든든한200분30GB,discount_period_months,7.0,7,https://www.moyoplan.com/plans/33863
변경,33863,33863,SKT,moyo,(5G)더든든한200분30GB,voice_minutes,200.0,200,https://www.moyoplan.com/plans/33863
변경,33863,33863,SKT,moyo,(5G)더든든한200분30GB,sms_count,100.0,100,https://www.moyoplan.com/plans/33863
변경,33879,33879,SKT,moyo,CGV 100G+,discount_period_months,7.0,7,https://www.moyoplan.com/plans/33879
변경,33879,33879,SKT,moyo,CGV 100G+,voice_minutes,0.0,0,https://www.moyoplan.com/plans/33879
변경,33879,33879,SKT,moyo,CGV 100G+,sms_count,0.0,0,https://www.moyoplan.com/plans/33879
변경,29927,29927,LGU+,moyo,NH올원프리덤11G+,voice_minutes,0.0,0,https://www.moyoplan.com/plans/29927
변경,29927,29927,LGU+,moyo,NH올원프리덤11G+,sms_count,0.0,0,https://www.moyoplan.com/plans/29927
변경,28131,28131,KT,moyo,예스24크레마클럽e북 구독 100G+,discount_period_months,7.0,7,https://www.moyoplan.com/plans/28131
변경,28131,28131,KT,moyo,예스24크레마클럽e북 구독 100G+,voice_minutes,0.0,0,https://www.moyoplan.com/plans/28131
변경,28131,28131,KT,moyo,예스24크레마클럽e북 구독 100G+,sms_count,0.0,0,https://www.moyoplan.com/plans/28131
변경,35490,35490,SKT,moyo,프리티 글로벌통화 300 100G+,discount_period_months,24.0,24,https://www.moyoplan.com/plans/35490
변경,35490,35490,SKT,moyo,프리티 글로벌통화 300 100G+,voice_minutes,0.0,0,https://www.moyoplan.com/plans/35490
변경,35490,35490,SKT,moyo,프리티 글로벌통화 300 100G+,sms_count,0.0,0,https://www.moyoplan.com/plans/35490
변경,33911,33911,SKT,moyo,프리미엄데이터100분15G+,discount_period_months,24.0,24,https://www.moyoplan.com/plans/33911
변경,33911,33911,SKT,moyo,프리미엄데이터100분15G+,voice_minutes,100.0,100,https://www.moyoplan.com/plans/33911
변경,33911,33911,SKT,moyo,프리미엄데이터100분15G+,sms_count,100.0,100,https://www.moyoplan.com/plans/33911
변경,16038,16038,LGU+,moyo,이마트24_Tall+,voice_minutes,240.0,240,https://www.moyoplan.com/plans/16038
변경,16038,16038,LGU+,moyo,이마트24_Tall+,sms_count,240.0,240,https://www.moyoplan.com/plans/16038
변경,36301,36301,SKT,moyo,프리티 편의점금액권 7G+1M,discount_period_months,7.0,7,https://www.moyoplan.com/plans/36301
변경,36301,36301,SKT,moyo,프리티 편의점금액권 7G+1M,voice_minutes,0.0,0,https://www.moyoplan.com/plans/36301
변경,36301,36301,SKT,moyo,프리티 편의점금액권 7G+1M,sms_count,0.0,0,https://www.moyoplan.com/plans/36301
변경,30440,30440,LGU+,moyo,데이터안심15G+1M,discount_period_months,7.0,7,https://www.moyoplan.com/plans/30440
변경,30440,30440,LGU+,moyo,데이터안심15G+1M,voice_minutes,0.0,0,https://www.moyoplan.com/plans/30440
변경,30440,30440,LGU+,moyo,데이터안심15G+1M,sms_count,0.0,0,https://www.moyoplan.com/plans/30440
변경,33913,33913,SKT,moyo,프리미엄데이터100G+,discount_period_months,24.0,24,https://www.moyoplan.com/plans/33913
변경,33913,33913,SKT,moyo,프리미엄데이터100G+,voice_minutes,0.0,0,https://www.moyoplan.com/plans/33913
변경,33913,33913,SKT,moyo,프리미엄데이터100G+,sms_count,0.0,0,https://www.moyoplan.com/plans/33913
변경,34672,34672,SKT,moyo,NH프리덤11G+,discount_period_months,7.0,7,https://www.moyoplan.com/plans/34672
변경,34672,34672,SKT,moyo,NH프리덤11G+,voice_minutes,0.0,0,https://www.moyoplan.com/plans/34672
변경,34672,34672,SKT,moyo,NH프리덤11G+,sms_count,0.0,0,https://www.moyoplan.com/plans/34672
변경,22854,22854,KT,moyo,데이터안심15G(CU 멤버십)+1M,discount_period_months,7.0,7,https://www.moyoplan.com/plans/22854
변경,22854,22854,KT,moyo,데이터안심15G(CU 멤버십)+1M,voice_minutes,0.0,0,https://www.moyoplan.com/plans/22854
변경,22854,22854,KT,moyo,데이터안심15G(CU 멤버십)+1M,sms_count,0.0,0,https://www.moyoplan.com/plans/22854
변경,26815,26815,KT,moyo,CU+CGV 100G+,discount_period_months,7.0,7,https://www.moyoplan.com/plans/26815
변경,26815,26815,KT,moyo,CU+CGV 100G+,voice_minutes,0.0,0,https://www.moyoplan.com/plans/26815
변경,26815,26815,KT,moyo,CU+CGV 100G+,sms_count,0.0,0,https://www.moyoplan.com/plans/26815
변경,34261,34261,LGU+,moyo,예스24크레마클럽e북 구독 일5G+,discount_period_months,7.0,7,https://www.moyoplan.com/plans/34261
변경,34261,34261,LGU+,moyo,예스24크레마클럽e북 구독 일5G+,voice_minutes,0.0,0,https://www.moyoplan.com/plans/34261
변경,34261,34261,LGU+,moyo,예스24크레마클럽e북 구독 일5G+,sms_count,0.0,0,https://www.moyoplan.com/plans/34261
변경,35206,35206,LGU+,moyo,데이터안심4.5G+1Mbps,discount_period_months,10.0,10,https://www.moyoplan.com/plans/35206
변경,35206,35206,LGU+,moyo,데이터안심4.5G+1Mbps,voice_minutes,0.0,0,https://www.moyoplan.com/plans/35206
변경,35206,35206,LGU+,moyo,데이터안심4.5G+1Mbps,sms_count,0.0,0,https://www.moyoplan.com/plans/35206
변경,27445,27445,LGU+,moyo,후후 안전통화생활 15G+1M,discount_period_months,7.0,7,https://www.moyoplan.com/plans/27445
변경,27445,27445,LGU+,moyo,후후 안전통화생활 15G+1M,voice_minutes,0.0,0,https://www.moyoplan.com/plans/27445
변경,27445,27445,LGU+,moyo,후후 안전통화생활 15G+1M,sms_count,0.0,0,https://www.moyoplan.com/plans/27445
변경,27791,27791,LGU+,moyo,예스24크레마클럽e북 구독 15G+,discount_period_months,7.0,7,https://www.moyoplan.com/plans/27791
변경,27791,27791,LGU+,moyo,예스24크레마클럽e북 구독 15G+,voice_minutes,100.0,100,https://www.moyoplan.com/plans/27791
변경,27791,27791,LGU+,moyo,예스24크레마클럽e북 구독 15G+,sms_count,100.0,100,https://www.moyoplan.com/plans/27791
변경,26814,26814,KT,moyo,CU+CGV 11G+,discount_period_months,7.0,7,https://www.moyoplan.com/plans/26814
변경,26814,26814,KT,moyo,CU+CGV 11G+,voice_minutes,0.0,0,https://www.moyoplan.com/plans/26814
변경,26814,26814,KT,moyo,CU+CGV 11G+,sms_count,0.0,0,https://www.moyoplan.com/plans/26814
변경,23988,23988,KT,moyo,보이스피싱 안심보상7G+1M,discount_period_months,7.0,7,https://www.moyoplan.com/plans/23988
변경,23988,23988,KT,moyo,보이스피싱 안심보상7G+1M,voice_minutes,0.0,0,https://www.moyoplan.com/plans/23988
변경,23988,23988,KT,moyo,보이스피싱 안심보상7G+1M,sms_count,0.0,0,https://www.moyoplan.com/plans/23988
변경,16697,16697,KT,moyo,음성기본7G(밀리의서재)+1M,discount_period_months,7.0,7,https://www.moyoplan.com/plans/16697
변경,16697,16697,KT,moyo,음성기본7G(밀리의서재)+1M,voice_minutes,0.0,0,https://www.moyoplan.com/plans/16697
변경,16697,16697,KT,moyo,음성기본7G(밀리의서재)+1M,sms_count,0.0,0,https://www.moyoplan.com/plans/16697
변경,20873,20873,KT,moyo,보이스피싱 안심보상15G+1M,discount_period_months,7.0,7,https://www.moyoplan.com/plans/20873
변경,20873,20873,KT,moyo,보이스피싱 안심보상15G+1M,voice_minutes,0.0,0,https://www.moyoplan.com/plans/20873
변경,20873,20873,KT,moyo,보이스피싱 안심보상15G+1M,sms_count,0.0,0,https://www.moyoplan.com/plans/20873
변경,33848,33848,SKT,moyo,예스24크레마클럽e북 구독 7G+1M,discount_period_months,7.0,7,https://www.moyoplan.com/plans/33848
변경,33848,33848,SKT,moyo,예스24크레마클럽e북 구독 7G+1M,voice_minutes,0.0,0,https://www.moyoplan.com/plans/33848
변경,33848,33848,SKT,moyo,예스24크레마클럽e북 구독 7G+1M,sms_count,0.0,0,https://www.moyoplan.com/plans/33848
변경,16083,16083,LGU+,moyo,이마트24_Venti,voice_minutes,100.0,100,https://www.moyoplan.com/plans/16083
변경,16083,16083,LGU+,moyo,이마트24_Venti,sms_count,100.0,100,https://www.moyoplan.com/plans/16083
변경,29928,29928,LGU+,moyo,NH올원프리덤100G+,voice_minutes,0.0,0,https://www.moyoplan.com/plans/29928
변경,29928,29928,LGU+,moyo,NH올원프리덤100G+,sms_count,0.0,0,https://www.moyoplan.com/plans/29928
변경,29579,29579,KT,moyo,올리브영 7G+1M,discount_period_months,7.0,7,https://www.moyoplan.com/plans/29579
변경,29579,29579,KT,moyo,올리브영 7G+1M,voice_minutes,0.0,0,https://www.moyoplan.com/plans/29579
변경,29579,29579,KT,moyo,올리브영 7G+1M,sms_count,0.0,0,https://www.moyoplan.com/plans/29579
변경,33846,33846,SKT,moyo,데이터안심10G+1M,discount_period_months,7.0,7,https://www.moyoplan.com/plans/33846
변경,33846,33846,SKT,moyo,데이터안심10G+1M,voice_minutes,0.0,0,https://www.moyoplan.com/plans/33846
변경,33846,33846,SKT,moyo,데이터안심10G+1M,sms_count,0.0,0,https://www.moyoplan.com/plans/33846
변경,34302,34302,SKT,moyo,NH프리덤100G+5M,discount_period_months,7.0,7,https://www.moyoplan.com/plans/34302
변경,34302,34302,SKT,moyo,NH프리덤100G+5M,voice_minutes,0.0,0,https://www.moyoplan.com/plans/34302
변경,34302,34302,SKT,moyo,NH프리덤100G+5M,sms_count,0.0,0,https://www.moyoplan.com/plans/34302
변경,31308,31308,KT,moyo,올리브영 15G+1M,discount_period_months,7.0,7,https://www.moyoplan.com/plans/31308
변경,31308,31308,KT,moyo,올리브영 15G+1M,voice_minutes,0.0,0,https://www.moyoplan.com/plans/31308
변경,31308,31308,KT,moyo,올리브영 15G+1M,sms_count,0.0,0,https://www.moyoplan.com/plans/31308
변경,31427,31427,KT,moyo,다이소 15G+1M,discount_period_months,7.0,7,https://www.moyoplan.com/plans/31427
변경,31427,31427,KT,moyo,다이소 15G+1M,voice_minutes,0.0,0,https://www.moyoplan.com/plans/31427
변경,31427,31427,KT,moyo,다이소 15G+1M,sms_count,0.0,0,https://www.moyoplan.com/plans/31427
변경,33856,33856,SKT,moyo,(5G)더든든한200분25GB,discount_period_months,7.0,7,https://www.moyoplan.com/plans/33856
변경,33856,33856,SKT,moyo,(5G)더든든한200분25GB,voice_minutes,200.0,200,https://www.moyoplan.com/plans/33856
변경,33856,33856,SKT,moyo,(5G)더든든한200분25GB,sms_count,100.0,100,https://www.moyoplan.com/plans/33856
변경,26813,26813,KT,moyo,CU+CGV 15G+,discount_period_months,7.0,7,https://www.moyoplan.com/plans/26813
변경,26813,26813,KT,moyo,CU+CGV 15G+,voice_minutes,100.0,100,https://www.moyoplan.com/plans/26813
변경,26813,26813,KT,moyo,CU+CGV 15G+,sms_count,100.0,100,https://www.moyoplan.com/plans/26813
변경,33868,33868,SKT,moyo,(5G)프리티구독1000분20G(스타벅스금액권),voice_minutes,1000.0,1000,https://www.moyoplan.com/plans/33868
변경,33868,33868,SKT,moyo,(5G)프리티구독1000분20G(스타벅스금액권),sms_count,200.0,200,https://www.moyoplan.com/plans/33868
변경,34675,34675,KT,moyo,모아진 구독 7G+1M,discount_period_months,7.0,7,https://www.moyoplan.com/plans/34675
변경,34675,34675,KT,moyo,모아진 구독 7G+1M,voice_minutes,0.0,0,https://www.moyoplan.com/plans/34675
변경,34675,34675,KT,moyo,모아진 구독 7G+1M,sms_count,0.0,0,https://www.moyoplan.com/plans/34675
변경,15948,15948,KT,moyo,(5G)더빠른110G+,discount_period_months,7.0,7,https://www.moyoplan.com/plans/15948
변경,15948,15948,KT,moyo,(5G)더빠른110G+,voice_minutes,0.0,0,https://www.moyoplan.com/plans/15948
변경,15948,15948,KT,moyo,(5G)더빠른110G+,sms_count,0.0,0,https://www.moyoplan.com/plans/15948
변경,32940,32940,LGU+,moyo,프리티구독매일5G+5M(스타벅스금액권),discount_period_months,7.0,7,https://www.moyoplan.com/plans/32940
변경,32940,32940,LGU+,moyo,프리티구독매일5G+5M(스타벅스금액권),voice_minutes,0.0,0,https://www.moyoplan.com/plans/32940
변경,32940,32940,LGU+,moyo,프리티구독매일5G+5M(스타벅스금액권),sms_count,0.0,0,https://www.moyoplan.com/plans/32940
변경,33866,33866,SKT,moyo,(5G)더든든한500분30GB,discount_period_months,7.0,7,https://www.moyoplan.com/plans/33866
변경,33866,33866,SKT,moyo,(5G)더든든한500분30GB,voice_minutes,500.0,500,https://www.moyoplan.com/plans/33866
변경,33866,33866,SKT,moyo,(5G)더든든한500분30GB,sms_count,100.0,100,https://www.moyoplan.com/plans/33866
변경,33880,33880,SKT,moyo,프리티구독100G+5M(스타벅스금액권),discount_period_months,7.0,7,https://www.moyoplan.com/plans/33880
변경,33880,33880,SKT,moyo,프리티구독100G+5M(스타벅스금액권),voice_minutes,0.0,0,https://www.moyoplan.com/plans/33880
변경,33880,33880,SKT,moyo,프리티구독100G+5M(스타벅스금액권),sms_count,0.0,0,https://www.moyoplan.com/plans/33880
변경,33857,33857,SKT,moyo,(5G)더든든한500분25GB,discount_period_months,7.0,7,https://www.moyoplan.com/plans/33857
변경,33857,33857,SKT,moyo,(5G)더든든한500분25GB,voice_minutes,500.0,500,https://www.moyoplan.com/plans/33857
변경,33857,33857,SKT,moyo,(5G)더든든한500분25GB,sms_count,100.0,100,https://www.moyoplan.com/plans/33857
변경,35898,35898,SKT,moyo,프리티구독7G+1M(대한항공 기프트카드),voice_minutes,0.0,0,https://www.moyoplan.com/plans/35898
변경,35898,35898,SKT,moyo,프리티구독7G+1M(대한항공 기프트카드),sms_count,0.0,0,https://www.moyoplan.com/plans/35898
변경,33910,33910,SKT,moyo,프리미엄데이터7G+1M,discount_period_months,24.0,24,https://www.moyoplan.com/plans/33910
변경,33910,33910,SKT,moyo,프리미엄데이터7G+1M,voice_minutes,0.0,0,https://www.moyoplan.com/plans/33910
변경,33910,33910,SKT,moyo,프리미엄데이터7G+1M,sms_count,0.0,0,https://www.moyoplan.com/plans/33910
변경,35894,35894,LGU+,moyo,프리티구독7G+(대한항공 기프트카드),voice_minutes,0.0,0,https://www.moyoplan.com/plans/35894
변경,35894,35894,LGU+,moyo,프리티구독7G+(대한항공 기프트카드),sms_count,0.0,0,https://www.moyoplan.com/plans/35894
변경,35897,35897,LGU+,moyo,프리티구독매일5G+5M(대한항공 기프트카드),discount_period_months,7.0,7,https://www.moyoplan.com/plans/35897
변경,35897,35897,LGU+,moyo,프리티구독매일5G+5M(대한항공 기프트카드),voice_minutes,0.0,0,https://www.moyoplan.com/plans/35897
변경,35897,35897,LGU+,moyo,프리티구독매일5G+5M(대한항공 기프트카드),sms_count,0.0,0,https://www.moyoplan.com/plans/35897
변경,33878,33878,SKT,moyo,프리티구독11G+3M(스타벅스금액권),discount_period_months,7.0,7,https://www.moyoplan.com/plans/33878
변경,33878,33878,SKT,moyo,프리티구독11G+3M(스타벅스금액권),voice_minutes,0.0,0,https://www.moyoplan.com/plans/33878
변경,33878,33878,SKT,moyo,프리티구독11G+3M(스타벅스금액권),sms_count,0.0,0,https://www.moyoplan.com/plans/33878
변경,19283,19283,LGU+,moyo,데이터안심10G+1M,discount_period_months,7.0,7,https://www.moyoplan.com/plans/19283
변경,19283,19283,LGU+,moyo,데이터안심10G+1M,voice_minutes,0.0,0,https://www.moyoplan.com/plans/19283
변경,19283,19283,LGU+,moyo,데이터안심10G+1M,sms_count,0.0,0,https://www.moyoplan.com/plans/19283
변경,32943,32943,LGU+,moyo,프리티구독11G+3M(스타벅스금액권),discount_period_months,7.0,7,https://www.moyoplan.com/plans/32943
변경,32943,32943,LGU+,moyo,프리티구독11G+3M(스타벅스금액권),voice_minutes,0.0,0,https://www.moyoplan.com/plans/32943
변경,32943,32943,LGU+,moyo,프리티구독11G+3M(스타벅스금액권),sms_count,0.0,0,https://www.moyoplan.com/plans/32943
변경,29926,29926,LGU+,moyo,NH올원프리덤7G+,voice_minutes,0.0,0,https://www.moyoplan.com/plans/29926
변경,29926,29926,LGU+,moyo,NH올원프리덤7G+,sms_count,0.0,0,https://www.moyoplan.com/plans/29926
변경,15947,15947,KT,moyo,(5G)더빠른200G+,discount_period_months,7.0,7,https://www.moyoplan.com/plans/15947
변경,15947,15947,KT,moyo,(5G)더빠른200G+,voice_minutes,0.0,0,https://www.moyoplan.com/plans/15947
변경,15947,15947,KT,moyo,(5G)더빠른200G+,sms_count,0.0,0,https://www.moyoplan.com/plans/15947
변경,35896,35896,LGU+,moyo,프리티구독11G+3M(대한항공 기프트카드),discount_period_months,7.0,7,https://www.moyoplan.com/plans/35896
변경,35896,35896,LGU+,moyo,프리티구독11G+3M(대한항공 기프트카드),voice_minutes,0.0,0,https://www.moyoplan.com/plans/35896
변경,35896,35896,LGU+,moyo,프리티구독11G+3M(대한항공 기프트카드),sms_count,0.0,0,https://www.moyoplan.com/plans/35896
변경,35900,35900,SKT,moyo,프리티구독 11G+3M(대한항공 기프트카드),discount_period_months,7.0,7,https://www.moyoplan.com/plans/35900
변경,35900,35900,SKT,moyo,프리티구독 11G+3M(대한항공 기프트카드),voice_minutes,0.0,0,https://www.moyoplan.com/plans/35900
변경,35900,35900,SKT,moyo,프리티구독 11G+3M(대한항공 기프트카드),sms_count,0.0,0,https://www.moyoplan.com/plans/35900
변경,27444,27444,LGU+,moyo,후후 안전통화생활 10G+1M,discount_period_months,7.0,7,https://www.moyoplan.com/plans/27444
변경,27444,27444,LGU+,moyo,후후 안전통화생활 10G+1M,voice_minutes,0.0,0,https://www.moyoplan.com/plans/27444
변경,27444,27444,LGU+,moyo,후후 안전통화생활 10G+1M,sms_count,0.0,0,https://www.moyoplan.com/plans/27444
변경,27195,27195,LGU+,moyo,NH더드림 안심+,discount_period_months,24.0,24,https://www.moyoplan.com/plans/27195
변경,27195,27195,LGU+,moyo,NH더드림 안심+,voice_minutes,0.0,0,https://www.moyoplan.com/plans/27195
변경,27195,27195,LGU+,moyo,NH더드림 안심+,sms_count,0.0,0,https://www.moyoplan.com/plans/27195
변경,35901,35901,SKT,moyo,프리티구독 100G+5M(대한항공 기프트카드),discount_period_months,7.0,7,https://www.moyoplan.com/plans/35901
변경,35901,35901,SKT,moyo,프리티구독 100G+5M(대한항공 기프트카드),voice_minutes,0.0,0,https://www.moyoplan.com/plans/35901
변경,35901,35901,SKT,moyo,프리티구독 100G+5M(대한항공 기프트카드),sms_count,0.0,0,https://www.moyoplan.com/plans/35901
변경,28130,28130,KT,moyo,예스24크레마클럽e북 구독 10G+,discount_period_months,7.0,7,https://www.moyoplan.com/plans/28130
변경,28130,28130,KT,moyo,예스24크레마클럽e북 구독 10G+,voice_minutes,0.0,0,https://www.moyoplan.com/plans/28130
변경,28130,28130,KT,moyo,예스24크레마클럽e북 구독 10G+,sms_count,0.0,0,https://www.moyoplan.com/plans/28130
변경,35899,35899,SKT,moyo,프리티구독15G+3M(대한항공 기프트카드),discount_period_months,7.0,7,https://www.moyoplan.com/plans/35899
변경,35899,35899,SKT,moyo,프리티구독15G+3M(대한항공 기프트카드),voice_minutes,100.0,100,https://www.moyoplan.com/plans/35899
변경,35899,35899,SKT,moyo,프리티구독15G+3M(대한항공 기프트카드),sms_count,100.0,100,https://www.moyoplan.com/plans/35899
변경,35895,35895,LGU+,moyo,프리티구독15G+3M(대한항공 기프트카드),discount_period_months,7.0,7,https://www.moyoplan.com/plans/35895
변경,35895,35895,LGU+,moyo,프리티구독15G+3M(대한항공 기프트카드),voice_minutes,100.0,100,https://www.moyoplan.com/plans/35895
변경,35895,35895,LGU+,moyo,프리티구독15G+3M(대한항공 기프트카드),sms_count,100.0,100,https://www.moyoplan.com/plans/35895
변경,33874,33874,SKT,moyo,프리티구독15G+3M(스타벅스금액권),discount_period_months,7.0,7,https://www.moyoplan.com/plans/33874
변경,33874,33874,SKT,moyo,프리티구독15G+3M(스타벅스금액권),voice_minutes,100.0,100,https://www.moyoplan.com/plans/33874
변경,33874,33874,SKT,moyo,프리티구독15G+3M(스타벅스금액권),sms_count,100.0,100,https://www.moyoplan.com/plans/33874
변경,34671,34671,SKT,moyo,NH프리덤7G+1M,discount_period_months,7.0,7,https://www.moyoplan.com/plans/34671
변경,34671,34671,SKT,moyo,NH프리덤7G+1M,voice_minutes,0.0,0,https://www.moyoplan.com/plans/34671
변경,34671,34671,SKT,moyo,NH프리덤7G+1M,sms_count,0.0,0,https://www.moyoplan.com/plans/34671
변경,32942,32942,LGU+,moyo,프리티구독15G+3M(스타벅스금액권),discount_period_months,7.0,7,https://www.moyoplan.com/plans/32942
변경,32942,32942,LGU+,moyo,프리티구독15G+3M(스타벅스금액권),voice_minutes,100.0,100,https://www.moyoplan.com/plans/32942
변경,32942,32942,LGU+,moyo,프리티구독15G+3M(스타벅스금액권),sms_count,100.0,100,https://www.moyoplan.com/plans/32942
변경,27790,27790,LGU+,moyo,예스24크레마클럽e북 구독 7G+1M,discount_period_months,7.0,7,https://www.moyoplan.com/plans/27790
변경,27790,27790,LGU+,moyo,예스24크레마클럽e북 구독 7G+1M,voice_minutes,0.0,0,https://www.moyoplan.com/plans/27790
변경,27790,27790,LGU+,moyo,예스24크레마클럽e북 구독 7G+1M,sms_count,0.0,0,https://www.moyoplan.com/plans/27790
변경,16037,16037,LGU+,moyo,이마트24_Grande+,voice_minutes,240.0,240,https://www.moyoplan.com/plans/16037
변경,16037,16037,LGU+,moyo,이마트24_Grande+,sms_count,240.0,240,https://www.moyoplan.com/plans/16037
변경,33883,33883,SKT,moyo,5G 더빠른200G+,voice_minutes,0.0,0,https://www.moyoplan.com/plans/33883
변경,33883,33883,SKT,moyo,5G 더빠른200G+,sms_count,0.0,0,https://www.moyoplan.com/plans/33883
변경,35913,35913,KT,moyo,CGV 1+1 7G+1M,discount_period_months,7.0,7,https://www.moyoplan.com/plans/35913
변경,35913,35913,KT,moyo,CGV 1+1 7G+1M,voice_minutes,0.0,0,https://www.moyoplan.com/plans/35913
변경,35913,35913,KT,moyo,CGV 1+1 7G+1M,sms_count,0.0,0,https://www.moyoplan.com/plans/35913
변경,31432,31432,KT,moyo,(5G)올리브영 200G+,discount_period_months,7.0,7,https://www.moyoplan.com/plans/31432
변경,31432,31432,KT,moyo,(5G)올리브영 200G+,voice_minutes,0.0,0,https://www.moyoplan.com/plans/31432
변경,31432,31432,KT,moyo,(5G)올리브영 200G+,sms_count,0.0,0,https://www.moyoplan.com/plans/31432
변경,31926,31926,KT,moyo,(5G)다이소 200G+,discount_period_months,7.0,7,https://www.moyoplan.com/plans/31926
변경,31926,31926,KT,moyo,(5G)다이소 200G+,voice_minutes,0.0,0,https://www.moyoplan.com/plans/31926
변경,31926,31926,KT,moyo,(5G)다이소 200G+,sms_count,0.0,0,https://www.moyoplan.com/plans/31926
변경,35488,35488,SKT,moyo,프리티 글로벌통화 300 7G+,discount_period_months,24.0,24,https://www.moyoplan.com/plans/35488
변경,35488,35488,SKT,moyo,프리티 글로벌통화 300 7G+,voice_minutes,0.0,0,https://www.moyoplan.com/plans/35488
변경,35488,35488,SKT,moyo,프리티 글로벌통화 300 7G+,sms_count,0.0,0,https://www.moyoplan.com/plans/35488
변경,33852,33852,SKT,moyo,CGV 7G+1M,discount_period_months,7.0,7,https://www.moyoplan.com/plans/33852
변경,33852,33852,SKT,moyo,CGV 7G+1M,voice_minutes,0.0,0,https://www.moyoplan.com/plans/33852
변경,33852,33852,SKT,moyo,CGV 7G+1M,sms_count,0.0,0,https://www.moyoplan.com/plans/33852
변경,33851,33851,SKT,moyo,음성기본1G+1M,voice_minutes,0.0,0,https://www.moyoplan.com/plans/33851
변경,33851,33851,SKT,moyo,음성기본1G+1M,sms_count,0.0,0,https://www.moyoplan.com/plans/33851
변경,19626,19626,LGU+,moyo,데이터안심무제한6G+,voice_minutes,0.0,0,https://www.moyoplan.com/plans/19626
변경,19626,19626,LGU+,moyo,데이터안심무제한6G+,sms_count,0.0,0,https://www.moyoplan.com/plans/19626
변경,33861,33861,SKT,moyo,프리티구독7G+1M(스타벅스금액권),discount_period_months,7.0,7,https://www.moyoplan.com/plans/33861
변경,33861,33861,SKT,moyo,프리티구독7G+1M(스타벅스금액권),voice_minutes,0.0,0,https://www.moyoplan.com/plans/33861
변경,33861,33861,SKT,moyo,프리티구독7G+1M(스타벅스금액권),sms_count,0.0,0,https://www.moyoplan.com/plans/33861
변경,32941,32941,LGU+,moyo,프리티구독7G+1M(스타벅스금액권),discount_period_months,7.0,7,https://www.moyoplan.com/plans/32941
변경,32941,32941,LGU+,moyo,프리티구독7G+1M(스타벅스금액권),voice_minutes,0.0,0,https://www.moyoplan.com/plans/32941
변경,32941,32941,LGU+,moyo,프리티구독7G+1M(스타벅스금액권),sms_count,0.0,0,https://www.moyoplan.com/plans/32941
변경,33882,33882,SKT,moyo,(5G)더빠른99G+1M,voice_minutes,0.0,0,https://www.moyoplan.com/plans/33882
변경,33882,33882,SKT,moyo,(5G)더빠른99G+1M,sms_count,0.0,0,https://www.moyoplan.com/plans/33882
변경,29778,29778,SKT,moyo,[셀프] LTE 유심 (15GB+/300분),voice_minutes,300.0,300,https://www.moyoplan.com/plans/29778
변경,29778,29778,SKT,moyo,[셀프] LTE 유심 (15GB+/300분),sms_count,300.0,300,https://www.moyoplan.com/plans/29778
변경,29865,29865,SKT,moyo,10% 포인트 (2GB/200분),voice_minutes,200.0,200,https://www.moyoplan.com/plans/29865
변경,29865,29865,SKT,moyo,10% 포인트 (2GB/200분),sms_count,100.0,100,https://www.moyoplan.com/plans/29865
변경,29813,29813,SKT,moyo,LTE 유심 (8GB+/1000분),voice_minutes,1000.0,1000,https://www.moyoplan.com/plans/29813
변경,29813,29813,SKT,moyo,LTE 유심 (8GB+/1000분),sms_count,100.0,100,https://www.moyoplan.com/plans/29813
변경,29857,29857,SKT,moyo,LTE 유심 (4GB/2000분),voice_minutes,2000.0,2000,https://www.moyoplan.com/plans/29857
변경,29857,29857,SKT,moyo,LTE 유심 (4GB/2000분),sms_count,2000.0,2000,https://www.moyoplan.com/plans/29857
변경,29858,29858,SKT,moyo,번개 유심 (4GB/2000분),voice_minutes,2000.0,2000,https://www.moyoplan.com/plans/29858
변경,29858,29858,SKT,moyo,번개 유심 (4GB/2000분),sms_count,2000.0,2000,https://www.moyoplan.com/plans/29858
변경,29848,29848,SKT,moyo,5G 유심 (5GB/1000분),voice_minutes,1000.0,1000,https://www.moyoplan.com/plans/29848
변경,29848,29848,SKT,moyo,5G 유심 (5GB/1000분),sms_count,100.0,100,https://www.moyoplan.com/plans/29848
변경,29768,29768,SKT,moyo,[Online] CMLink (15GB+),voice_minutes,100.0,100,https://www.moyoplan.com/plans/29768
변경,29768,29768,SKT,moyo,[Online] CMLink (15GB+),sms_count,100.0,100,https://www.moyoplan.com/plans/29768
변경,29817,29817,SKT,moyo,번개 유심 (5GB+/200분),voice_minutes,200.0,200,https://www.moyoplan.com/plans/29817
변경,29817,29817,SKT,moyo,번개 유심 (5GB+/200분),sms_count,100.0,100,https://www.moyoplan.com/plans/29817
변경,29811,29811,SKT,moyo,10% 포인트 (5GB+/200분),voice_minutes,200.0,200,https://www.moyoplan.com/plans/29811
변경,29811,29811,SKT,moyo,10% 포인트 (5GB+/200분),sms_count,100.0,100,https://www.moyoplan.com/plans/29811
변경,29854,29854,SKT,moyo,[셀프] LTE 유심 (6GB/2000분),voice_minutes,2000.0,2000,https://www.moyoplan.com/plans/29854
변경,29854,29854,SKT,moyo,[셀프] LTE 유심 (6GB/2000분),sms_count,2000.0,2000,https://www.moyoplan.com/plans/29854
변경,29786,29786,SKT,moyo,LTE 유심 (20GB+/1000분),voice_minutes,1000.0,1000,https://www.moyoplan.com/plans/29786
변경,29786,29786,SKT,moyo,LTE 유심 (20GB+/1000분),sms_count,100.0,100,https://www.moyoplan.com/plans/29786
변경,29805,29805,SKT,moyo,LTE 유심 (10GB+/1000분),voice_minutes,1000.0,1000,https://www.moyoplan.com/plans/29805
변경,29805,29805,SKT,moyo,LTE 유심 (10GB+/1000분),sms_count,100.0,100,https://www.moyoplan.com/plans/29805
변경,29846,29846,SKT,moyo,LTE 유심 (6GB/2000분),voice_minutes,2000.0,2000,https://www.moyoplan.com/plans/29846
변경,29846,29846,SKT,moyo,LTE 유심 (6GB/2000분),sms_count,2000.0,2000,https://www.moyoplan.com/plans/29846
변경,29847,29847,SKT,moyo,번개 유심 (6GB/2000분),voice_minutes,2000.0,2000,https://www.moyoplan.com/plans/29847
변경,29847,29847,SKT,moyo,번개 유심 (6GB/2000분),sms_count,2000.0,2000,https://www.moyoplan.com/plans/29847
변경,29841,29841,SKT,moyo,10% 포인트 (4GB/200분),voice_minutes,200.0,200,https://www.moyoplan.com/plans/29841
변경,29841,29841,SKT,moyo,10% 포인트 (4GB/200분),sms_count,100.0,100,https://www.moyoplan.com/plans/29841
변경,29821,29821,SKT,moyo,LTE 유심 (6GB+/1000분),voice_minutes,1000.0,1000,https://www.moyoplan.com/plans/29821
변경,29821,29821,SKT,moyo,LTE 유심 (6GB+/1000분),sms_count,100.0,100,https://www.moyoplan.com/plans/29821
변경,35798,35798,SKT,moyo,5G 안심 (6GB+/2000분),voice_minutes,2000.0,2000,https://www.moyoplan.com/plans/35798
변경,35798,35798,SKT,moyo,5G 안심 (6GB+/2000분),sms_count,2000.0,2000,https://www.moyoplan.com/plans/35798
변경,29837,29837,SKT,moyo,LTE 안심 (5GB+/1000분),voice_minutes,1000.0,1000,https://www.moyoplan.com/plans/29837
변경,29837,29837,SKT,moyo,LTE 안심 (5GB+/1000분),sms_count,1000.0,1000,https://www.moyoplan.com/plans/29837
변경,29826,29826,SKT,moyo,LTE 유심 (3GB+/200분),voice_minutes,200.0,200,https://www.moyoplan.com/plans/29826
변경,29826,29826,SKT,moyo,LTE 유심 (3GB+/200분),sms_count,100.0,100,https://www.moyoplan.com/plans/29826
변경,29827,29827,SKT,moyo,번개 유심 (3GB+/200분),voice_minutes,200.0,200,https://www.moyoplan.com/plans/29827
변경,29827,29827,SKT,moyo,번개 유심 (3GB+/200분),sms_count,100.0,100,https://www.moyoplan.com/plans/29827
변경,29823,29823,SKT,moyo,10% 포인트 (3GB+/200분),voice_minutes,200.0,200,https://www.moyoplan.com/plans/29823
변경,29823,29823,SKT,moyo,10% 포인트 (3GB+/200분),sms_count,100.0,100,https://www.moyoplan.com/plans/29823
