plan_id,host_mno,plan_name,benefit_category,benefit_name,benefit_service,benefit_tier,benefit_value_won,user_pay_won,is_selectable,select_group,benefit_detail,source_url
1692_초이스 더블 유튜브 프리미엄+넷플릭스_지니스마트음악감상,KT,초이스 더블 유튜브 프리미엄+넷플릭스 (지니 스마트 음악감상),OTT/구독,지니 스마트 음악감상,지니뮤직,,,,True,플러스 혜택,지니 스마트 음악감상 / 밀리의서재 / 쇼핑라운지 할인 쿠폰 (5천원권) / 모아진,https://product.kt.com/wDic/productDetail.do?ItemCode=1692
1692_초이스 더블 유튜브 프리미엄+넷플릭스_지니스마트음악감상,KT,초이스 더블 유튜브 프리미엄+넷플릭스 (지니 스마트 음악감상),OTT/구독,유튜브 프리미엄 라이트,유튜브 프리미엄,,,,False,,유튜브 프리미엄 라이트 / 넷플릭스 광고형 스탠다드,https://product.kt.com/wDic/productDetail.do?ItemCode=1692
1692_초이스 더블 유튜브 프리미엄+넷플릭스_지니스마트음악감상,KT,초이스 더블 유튜브 프리미엄+넷플릭스 (지니 스마트 음악감상),OTT/구독,넷플릭스 광고형 스탠다드,넷플릭스,광고형 스탠다드,,,False,,유튜브 프리미엄 라이트 / 넷플릭스 광고형 스탠다드,https://product.kt.com/wDic/productDetail.do?ItemCode=1692
1692_초이스 더블 유튜브 프리미엄+넷플릭스_지니스마트음악감상,KT,초이스 더블 유튜브 프리미엄+넷플릭스 (지니 스마트 음악감상),멤버십,멤버십 VVIP,,,,,False,,멤버십: VVIP,https://product.kt.com/wDic/productDetail.do?ItemCode=1692
1692_초이스 더블 유튜브 프리미엄+넷플릭스_지니스마트음악감상,KT,초이스 더블 유튜브 프리미엄+넷플릭스 (지니 스마트 음악감상),기타,"단말보험 최대 4,500원 할인 2)",,,,,False,,"단말보험: 최대 4,500원 할인 2)",https://product.kt.com/wDic/productDetail.do?ItemCode=1692
1692_초이스 더블 유튜브 프리미엄+넷플릭스_지니스마트음악감상,KT,초이스 더블 유튜브 프리미엄+넷플릭스 (지니 스마트 음악감상),스마트기기,스마트기기 또는 데이터 쉐어링 스마트 기기 월정액 / 데이터 쉐어링 월정액 각 1회선 할인,,,,,False,,스마트기기 또는 데이터 쉐어링: 스마트 기기 월정액 / 데이터 쉐어링 월정액 각 1회선 할인,https://product.kt.com/wDic/productDetail.do?ItemCode=1692
1692_초이스 더블 유튜브 프리미엄+넷플릭스_지니스마트음악감상,KT,초이스 더블 유튜브 프리미엄+넷플릭스 (지니 스마트 음악감상),추가데이터,공유데이터 90GB,,,,,False,,공유데이터: 90GB,https://product.kt.com/wDic/productDetail.do?ItemCode=1692
1692_초이스 더블 유튜브 프리미엄+넷플릭스_밀리의서재,KT,초이스 더블 유튜브 프리미엄+넷플릭스 (밀리의서재),OTT/구독,밀리의서재,밀리의서재,,,,True,플러스 혜택,지니 스마트 음악감상 / 밀리의서재 / 쇼핑라운지 할인 쿠폰 (5천원권) / 모아진,https://product.kt.com/wDic/productDetail.do?ItemCode=1692
1692_초이스 더블 유튜브 프리미엄+넷플릭스_밀리의서재,KT,초이스 더블 유튜브 프리미엄+넷플릭스 (밀리의서재),OTT/구독,유튜브 프리미엄 라이트,유튜브 프리미엄,,,,False,,유튜브 프리미엄 라이트 / 넷플릭스 광고형 스탠다드,https://product.kt.com/wDic/productDetail.do?ItemCode=1692
1692_초이스 더블 유튜브 프리미엄+넷플릭스_밀리의서재,KT,초이스 더블 유튜브 프리미엄+넷플릭스 (밀리의서재),OTT/구독,넷플릭스 광고형 스탠다드,넷플릭스,광고형 스탠다드,,,False,,유튜브 프리미엄 라이트 / 넷플릭스 광고형 스탠다드,https://product.kt.com/wDic/productDetail.do?ItemCode=1692
1692_초이스 더블 유튜브 프리미엄+넷플릭스_밀리의서재,KT,초이스 더블 유튜브 프리미엄+넷플릭스 (밀리의서재),멤버십,멤버십 VVIP,,,,,False,,멤버십: VVIP,https://product.kt.com/wDic/productDetail.do?ItemCode=1692
1692_초이스 더블 유튜브 프리미엄+넷플릭스_밀리의서재,KT,초이스 더블 유튜브 프리미엄+넷플릭스 (밀리의서재),기타,"단말보험 최대 4,500원 할인 2)",,,,,False,,"단말보험: 최대 4,500원 할인 2)",https://product.kt.com/wDic/productDetail.do?ItemCode=1692
1692_초이스 더블 유튜브 프리미엄+넷플릭스_밀리의서재,KT,초이스 더블 유튜브 프리미엄+넷플릭스 (밀리의서재),스마트기기,스마트기기 또는 데이터 쉐어링 스마트 기기 월정액 / 데이터 쉐어링 월정액 각 1회선 할인,,,,,False,,스마트기기 또는 데이터 쉐어링: 스마트 기기 월정액 / 데이터 쉐어링 월정액 각 1회선 할인,https://product.kt.com/wDic/productDetail.do?ItemCode=1692
1692_초이스 더블 유튜브 프리미엄+넷플릭스_밀리의서재,KT,초이스 더블 유튜브 프리미엄+넷플릭스 (밀리의서재),추가데이터,공유데이터 90GB,,,,,False,,공유데이터: 90GB,https://product.kt.com/wDic/productDetail.do?ItemCode=1692
1692_초이스 더블 유튜브 프리미엄+넷플릭스_쇼핑라운지할인쿠폰(5천원권),KT,초이스 더블 유튜브 프리미엄+넷플릭스 (쇼핑라운지 할인 쿠폰 (5천원권)),사은품/페이백,쇼핑라운지 할인 쿠폰 (5천원권),,,,,True,플러스 혜택,지니 스마트 음악감상 / 밀리의서재 / 쇼핑라운지 할인 쿠폰 (5천원권) / 모아진,https://product.kt.com/wDic/productDetail.do?ItemCode=1692
1692_초이스 더블 유튜브 프리미엄+넷플릭스_쇼핑라운지할인쿠폰(5천원권),KT,초이스 더블 유튜브 프리미엄+넷플릭스 (쇼핑라운지 할인 쿠폰 (5천원권)),OTT/구독,유튜브 프리미엄 라이트,유튜브 프리미엄,,,,False,,유튜브 프리미엄 라이트 / 넷플릭스 광고형 스탠다드,https://product.kt.com/wDic/productDetail.do?ItemCode=1692
1692_초이스 더블 유튜브 프리미엄+넷플릭스_쇼핑라운지할인쿠폰(5천원권),KT,초이스 더블 유튜브 프리미엄+넷플릭스 (쇼핑라운지 할인 쿠폰 (5천원권)),OTT/구독,넷플릭스 광고형 스탠다드,넷플릭스,광고형 스탠다드,,,False,,유튜브 프리미엄 라이트 / 넷플릭스 광고형 스탠다드,https://product.kt.com/wDic/productDetail.do?ItemCode=1692
1692_초이스 더블 유튜브 프리미엄+넷플릭스_쇼핑라운지할인쿠폰(5천원권),KT,초이스 더블 유튜브 프리미엄+넷플릭스 (쇼핑라운지 할인 쿠폰 (5천원권)),멤버십,멤버십 VVIP,,,,,False,,멤버십: VVIP,https://product.kt.com/wDic/productDetail.do?ItemCode=1692
1692_초이스 더블 유튜브 프리미엄+넷플릭스_쇼핑라운지할인쿠폰(5천원권),KT,초이스 더블 유튜브 프리미엄+넷플릭스 (쇼핑라운지 할인 쿠폰 (5천원권)),기타,"단말보험 최대 4,500원 할인 2)",,,,,False,,"단말보험: 최대 4,500원 할인 2)",https://product.kt.com/wDic/productDetail.do?ItemCode=1692
1692_초이스 더블 유튜브 프리미엄+넷플릭스_쇼핑라운지할인쿠폰(5천원권),KT,초이스 더블 유튜브 프리미엄+넷플릭스 (쇼핑라운지 할인 쿠폰 (5천원권)),스마트기기,스마트기기 또는 데이터 쉐어링 스마트 기기 월정액 / 데이터 쉐어링 월정액 각 1회선 할인,,,,,False,,스마트기기 또는 데이터 쉐어링: 스마트 기기 월정액 / 데이터 쉐어링 월정액 각 1회선 할인,https://product.kt.com/wDic/productDetail.do?ItemCode=1692
1692_초이스 더블 유튜브 프리미엄+넷플릭스_쇼핑라운지할인쿠폰(5천원권),KT,초이스 더블 유튜브 프리미엄+넷플릭스 (쇼핑라운지 할인 쿠폰 (5천원권)),추가데이터,공유데이터 90GB,,,,,False,,공유데이터: 90GB,https://product.kt.com/wDic/productDetail.do?ItemCode=1692
1692_초이스 더블 유튜브 프리미엄+넷플릭스_모아진,KT,초이스 더블 유튜브 프리미엄+넷플릭스 (모아진),OTT/구독,모아진,,,,,True,플러스 혜택,지니 스마트 음악감상 / 밀리의서재 / 쇼핑라운지 할인 쿠폰 (5천원권) / 모아진,https://product.kt.com/wDic/productDetail.do?ItemCode=1692
1692_초이스 더블 유튜브 프리미엄+넷플릭스_모아진,KT,초이스 더블 유튜브 프리미엄+넷플릭스 (모아진),OTT/구독,유튜브 프리미엄 라이트,유튜브 프리미엄,,,,False,,유튜브 프리미엄 라이트 / 넷플릭스 광고형 스탠다드,https://product.kt.com/wDic/productDetail.do?ItemCode=1692
1692_초이스 더블 유튜브 프리미엄+넷플릭스_모아진,KT,초이스 더블 유튜브 프리미엄+넷플릭스 (모아진),OTT/구독,넷플릭스 광고형 스탠다드,넷플릭스,광고형 스탠다드,,,False,,유튜브 프리미엄 라이트 / 넷플릭스 광고형 스탠다드,https://product.kt.com/wDic/productDetail.do?ItemCode=1692
1692_초이스 더블 유튜브 프리미엄+넷플릭스_모아진,KT,초이스 더블 유튜브 프리미엄+넷플릭스 (모아진),멤버십,멤버십 VVIP,,,,,False,,멤버십: VVIP,https://product.kt.com/wDic/productDetail.do?ItemCode=1692
1692_초이스 더블 유튜브 프리미엄+넷플릭스_모아진,KT,초이스 더블 유튜브 프리미엄+넷플릭스 (모아진),기타,"단말보험 최대 4,500원 할인 2)",,,,,False,,"단말보험: 최대 4,500원 할인 2)",https://product.kt.com/wDic/productDetail.do?ItemCode=1692
1692_초이스 더블 유튜브 프리미엄+넷플릭스_모아진,KT,초이스 더블 유튜브 프리미엄+넷플릭스 (모아진),스마트기기,스마트기기 또는 데이터 쉐어링 스마트 기기 월정액 / 데이터 쉐어링 월정액 각 1회선 할인,,,,,False,,스마트기기 또는 데이터 쉐어링: 스마트 기기 월정액 / 데이터 쉐어링 월정액 각 1회선 할인,https://product.kt.com/wDic/productDetail.do?ItemCode=1692
1692_초이스 더블 유튜브 프리미엄+넷플릭스_모아진,KT,초이스 더블 유튜브 프리미엄+넷플릭스 (모아진),추가데이터,공유데이터 90GB,,,,,False,,공유데이터: 90GB,https://product.kt.com/wDic/productDetail.do?ItemCode=1692
1692_초이스 더블 유튜브 프리미엄+디바이스_지니스마트음악감상,KT,초이스 더블 유튜브 프리미엄+디바이스 (지니 스마트 음악감상),OTT/구독,지니 스마트 음악감상,지니뮤직,,,,True,플러스 혜택,지니 스마트 음악감상 / 밀리의서재 / 쇼핑라운지 할인 쿠폰 (5천원권) / 모아진,https://product.kt.com/wDic/productDetail.do?ItemCode=1692
1692_초이스 더블 유튜브 프리미엄+디바이스_지니스마트음악감상,KT,초이스 더블 유튜브 프리미엄+디바이스 (지니 스마트 음악감상),OTT/구독,유튜브 프리미엄 라이트,유튜브 프리미엄,,,,False,,유튜브 프리미엄 라이트 / 디바이스 할인(최대 6천원),https://product.kt.com/wDic/productDetail.do?ItemCode=1692
1692_초이스 더블 유튜브 프리미엄+디바이스_지니스마트음악감상,KT,초이스 더블 유튜브 프리미엄+디바이스 (지니 스마트 음악감상),스마트기기,디바이스 할인(최대 6천원),,,,,False,,유튜브 프리미엄 라이트 / 디바이스 할인(최대 6천원),https://product.kt.com/wDic/productDetail.do?ItemCode=1692
1692_초이스 더블 유튜브 프리미엄+디바이스_지니스마트음악감상,KT,초이스 더블 유튜브 프리미엄+디바이스 (지니 스마트 음악감상),멤버십,멤버십 VVIP,,,,,False,,멤버십: VVIP,https://product.kt.com/wDic/productDetail.do?ItemCode=1692
1692_초이스 더블 유튜브 프리미엄+디바이스_지니스마트음악감상,KT,초이스 더블 유튜브 프리미엄+디바이스 (지니 스마트 음악감상),기타,"단말보험 최대 4,500원 할인 2)",,,,,False,,"단말보험: 최대 4,500원 할인 2)",https://product.kt.com/wDic/productDetail.do?ItemCode=1692
1692_초이스 더블 유튜브 프리미엄+디바이스_지니스마트음악감상,KT,초이스 더블 유튜브 프리미엄+디바이스 (지니 스마트 음악감상),스마트기기,스마트기기 또는 데이터 쉐어링 스마트 기기 월정액 / 데이터 쉐어링 월정액 각 1회선 할인,,,,,False,,스마트기기 또는 데이터 쉐어링: 스마트 기기 월정액 / 데이터 쉐어링 월정액 각 1회선 할인,https://product.kt.com/wDic/productDetail.do?ItemCode=1692
1692_초이스 더블 유튜브 프리미엄+디바이스_지니스마트음악감상,KT,초이스 더블 유튜브 프리미엄+디바이스 (지니 스마트 음악감상),추가데이터,공유데이터 90GB,,,,,False,,공유데이터: 90GB,https://product.kt.com/wDic/productDetail.do?ItemCode=1692
1692_초이스 더블 유튜브 프리미엄+디바이스_밀리의서재,KT,초이스 더블 유튜브 프리미엄+디바이스 (밀리의서재),OTT/구독,밀리의서재,밀리의서재,,,,True,플러스 혜택,지니 스마트 음악감상 / 밀리의서재 / 쇼핑라운지 할인 쿠폰 (5천원권) / 모아진,https://product.kt.com/wDic/productDetail.do?ItemCode=1692
1692_초이스 더블 유튜브 프리미엄+디바이스_밀리의서재,KT,초이스 더블 유튜브 프리미엄+디바이스 (밀리의서재),OTT/구독,유튜브 프리미엄 라이트,유튜브 프리미엄,,,,False,,유튜브 프리미엄 라이트 / 디바이스 할인(최대 6천원),https://product.kt.com/wDic/productDetail.do?ItemCode=1692
1692_초이스 더블 유튜브 프리미엄+디바이스_밀리의서재,KT,초이스 더블 유튜브 프리미엄+디바이스 (밀리의서재),스마트기기,디바이스 할인(최대 6천원),,,,,False,,유튜브 프리미엄 라이트 / 디바이스 할인(최대 6천원),https://product.kt.com/wDic/productDetail.do?ItemCode=1692
1692_초이스 더블 유튜브 프리미엄+디바이스_밀리의서재,KT,초이스 더블 유튜브 프리미엄+디바이스 (밀리의서재),멤버십,멤버십 VVIP,,,,,False,,멤버십: VVIP,https://product.kt.com/wDic/productDetail.do?ItemCode=1692
1692_초이스 더블 유튜브 프리미엄+디바이스_밀리의서재,KT,초이스 더블 유튜브 프리미엄+디바이스 (밀리의서재),기타,"단말보험 최대 4,500원 할인 2)",,,,,False,,"단말보험: 최대 4,500원 할인 2)",https://product.kt.com/wDic/productDetail.do?ItemCode=1692
1692_초이스 더블 유튜브 프리미엄+디바이스_밀리의서재,KT,초이스 더블 유튜브 프리미엄+디바이스 (밀리의서재),스마트기기,스마트기기 또는 데이터 쉐어링 스마트 기기 월정액 / 데이터 쉐어링 월정액 각 1회선 할인,,,,,False,,스마트기기 또는 데이터 쉐어링: 스마트 기기 월정액 / 데이터 쉐어링 월정액 각 1회선 할인,https://product.kt.com/wDic/productDetail.do?ItemCode=1692
1692_초이스 더블 유튜브 프리미엄+디바이스_밀리의서재,KT,초이스 더블 유튜브 프리미엄+디바이스 (밀리의서재),추가데이터,공유데이터 90GB,,,,,False,,공유데이터: 90GB,https://product.kt.com/wDic/productDetail.do?ItemCode=1692
1692_초이스 더블 유튜브 프리미엄+디바이스_쇼핑라운지할인쿠폰(5천원권),KT,초이스 더블 유튜브 프리미엄+디바이스 (쇼핑라운지 할인 쿠폰 (5천원권)),사은품/페이백,쇼핑라운지 할인 쿠폰 (5천원권),,,,,True,플러스 혜택,지니 스마트 음악감상 / 밀리의서재 / 쇼핑라운지 할인 쿠폰 (5천원권) / 모아진,https://product.kt.com/wDic/productDetail.do?ItemCode=1692
1692_초이스 더블 유튜브 프리미엄+디바이스_쇼핑라운지할인쿠폰(5천원권),KT,초이스 더블 유튜브 프리미엄+디바이스 (쇼핑라운지 할인 쿠폰 (5천원권)),OTT/구독,유튜브 프리미엄 라이트,유튜브 프리미엄,,,,False,,유튜브 프리미엄 라이트 / 디바이스 할인(최대 6천원),https://product.kt.com/wDic/productDetail.do?ItemCode=1692
1692_초이스 더블 유튜브 프리미엄+디바이스_쇼핑라운지할인쿠폰(5천원권),KT,초이스 더블 유튜브 프리미엄+디바이스 (쇼핑라운지 할인 쿠폰 (5천원권)),스마트기기,디바이스 할인(최대 6천원),,,,,False,,유튜브 프리미엄 라이트 / 디바이스 할인(최대 6천원),https://product.kt.com/wDic/productDetail.do?ItemCode=1692
1692_초이스 더블 유튜브 프리미엄+디바이스_쇼핑라운지할인쿠폰(5천원권),KT,초이스 더블 유튜브 프리미엄+디바이스 (쇼핑라운지 할인 쿠폰 (5천원권)),멤버십,멤버십 VVIP,,,,,False,,멤버십: VVIP,https://product.kt.com/wDic/productDetail.do?ItemCode=1692
1692_초이스 더블 유튜브 프리미엄+디바이스_쇼핑라운지할인쿠폰(5천원권),KT,초이스 더블 유튜브 프리미엄+디바이스 (쇼핑라운지 할인 쿠폰 (5천원권)),기타,"단말보험 최대 4,500원 할인 2)",,,,,False,,"단말보험: 최대 4,500원 할인 2)",https://product.kt.com/wDic/productDetail.do?ItemCode=1692
1692_초이스 더블 유튜브 프리미엄+디바이스_쇼핑라운지할인쿠폰(5천원권),KT,초이스 더블 유튜브 프리미엄+디바이스 (쇼핑라운지 할인 쿠폰 (5천원권)),스마트기기,스마트기기 또는 데이터 쉐어링 스마트 기기 월정액 / 데이터 쉐어링 월정액 각 1회선 할인,,,,,False,,스마트기기 또는 데이터 쉐어링: 스마트 기기 월정액 / 데이터 쉐어링 월정액 각 1회선 할인,https://product.kt.com/wDic/productDetail.do?ItemCode=1692
1692_초이스 더블 유튜브 프리미엄+디바이스_쇼핑라운지할인쿠폰(5천원권),KT,초이스 더블 유튜브 프리미엄+디바이스 (쇼핑라운지 할인 쿠폰 (5천원권)),추가데이터,공유데이터 90GB,,,,,False,,공유데이터: 90GB,https://product.kt.com/wDic/productDetail.do?ItemCode=1692
1692_초이스 더블 유튜브 프리미엄+디바이스_모아진,KT,초이스 더블 유튜브 프리미엄+디바이스 (모아진),OTT/구독,모아진,,,,,True,플러스 혜택,지니 스마트 음악감상 / 밀리의서재 / 쇼핑라운지 할인 쿠폰 (5천원권) / 모아진,https://product.kt.com/wDic/productDetail.do?ItemCode=1692
1692_초이스 더블 유튜브 프리미엄+디바이스_모아진,KT,초이스 더블 유튜브 프리미엄+디바이스 (모아진),OTT/구독,유튜브 프리미엄 라이트,유튜브 프리미엄,,,,False,,유튜브 프리미엄 라이트 / 디바이스 할인(최대 6천원),https://product.kt.com/wDic/productDetail.do?ItemCode=1692
1692_초이스 더블 유튜브 프리미엄+디바이스_모아진,KT,초이스 더블 유튜브 프리미엄+디바이스 (모아진),스마트기기,디바이스 할인(최대 6천원),,,,,False,,유튜브 프리미엄 라이트 / 디바이스 할인(최대 6천원),https://product.kt.com/wDic/productDetail.do?ItemCode=1692
1692_초이스 더블 유튜브 프리미엄+디바이스_모아진,KT,초이스 더블 유튜브 프리미엄+디바이스 (모아진),멤버십,멤버십 VVIP,,,,,False,,멤버십: VVIP,https://product.kt.com/wDic/productDetail.do?ItemCode=1692
1692_초이스 더블 유튜브 프리미엄+디바이스_모아진,KT,초이스 더블 유튜브 프리미엄+디바이스 (모아진),기타,"단말보험 최대 4,500원 할인 2)",,,,,False,,"단말보험: 최대 4,500원 할인 2)",https://product.kt.com/wDic/productDetail.do?ItemCode=1692
1692_초이스 더블 유튜브 프리미엄+디바이스_모아진,KT,초이스 더블 유튜브 프리미엄+디바이스 (모아진),스마트기기,스마트기기 또는 데이터 쉐어링 스마트 기기 월정액 / 데이터 쉐어링 월정액 각 1회선 할인,,,,,False,,스마트기기 또는 데이터 쉐어링: 스마트 기기 월정액 / 데이터 쉐어링 월정액 각 1회선 할인,https://product.kt.com/wDic/productDetail.do?ItemCode=1692
1692_초이스 더블 유튜브 프리미엄+디바이스_모아진,KT,초이스 더블 유튜브 프리미엄+디바이스 (모아진),추가데이터,공유데이터 90GB,,,,,False,,공유데이터: 90GB,https://product.kt.com/wDic/productDetail.do?ItemCode=1692
1692_초이스 더블 디바이스_지니스마트음악감상,KT,초이스 더블 디바이스 (지니 스마트 음악감상),OTT/구독,지니 스마트 음악감상,지니뮤직,,,,True,플러스 혜택,지니 스마트 음악감상 / 밀리의서재 / 쇼핑라운지 할인 쿠폰 (5천원권) / 모아진,https://product.kt.com/wDic/productDetail.do?ItemCode=1692
1692_초이스 더블 디바이스_지니스마트음악감상,KT,초이스 더블 디바이스 (지니 스마트 음악감상),스마트기기,디바이스 할인 (1개 or 2개 선택 가능) 1개 선택 시 최대 12천원 할인 2개 선택 시 각 최대 6천원 할인,,,,,False,,디바이스 할인 (1개 or 2개 선택 가능) 1개 선택 시 최대 12천원 할인 2개 선택 시 각 최대 6천원 할인 / 1개 선택 시 최대 12천원 할인 / 2개 선택 시 각 최대 6천원 할인,https://product.kt.com/wDic/productDetail.do?ItemCode=1692
1692_초이스 더블 디바이스_지니스마트음악감상,KT,초이스 더블 디바이스 (지니 스마트 음악감상),OTT/구독,1개 선택 시 최대 12천원 할인,,,,,False,,디바이스 할인 (1개 or 2개 선택 가능) 1개 선택 시 최대 12천원 할인 2개 선택 시 각 최대 6천원 할인 / 1개 선택 시 최대 12천원 할인 / 2개 선택 시 각 최대 6천원 할인,https://product.kt.com/wDic/productDetail.do?ItemCode=1692
1692_초이스 더블 디바이스_지니스마트음악감상,KT,초이스 더블 디바이스 (지니 스마트 음악감상),OTT/구독,2개 선택 시 각 최대 6천원 할인,,,,,False,,디바이스 할인 (1개 or 2개 선택 가능) 1개 선택 시 최대 12천원 할인 2개 선택 시 각 최대 6천원 할인 / 1개 선택 시 최대 12천원 할인 / 2개 선택 시 각 최대 6천원 할인,https://product.kt.com/wDic/productDetail.do?ItemCode=1692
1692_초이스 더블 디바이스_지니스마트음악감상,KT,초이스 더블 디바이스 (지니 스마트 음악감상),멤버십,멤버십 VVIP,,,,,False,,멤버십: VVIP,https://product.kt.com/wDic/productDetail.do?ItemCode=1692
1692_초이스 더블 디바이스_지니스마트음악감상,KT,초이스 더블 디바이스 (지니 스마트 음악감상),기타,"단말보험 최대 4,500원 할인 2)",,,,,False,,"단말보험: 최대 4,500원 할인 2)",https://product.kt.com/wDic/productDetail.do?ItemCode=1692
1692_초이스 더블 디바이스_지니스마트음악감상,KT,초이스 더블 디바이스 (지니 스마트 음악감상),스마트기기,스마트기기 또는 데이터 쉐어링 스마트 기기 월정액 / 데이터 쉐어링 월정액 각 1회선 할인,,,,,False,,스마트기기 또는 데이터 쉐어링: 스마트 기기 월정액 / 데이터 쉐어링 월정액 각 1회선 할인,https://product.kt.com/wDic/productDetail.do?ItemCode=1692
1692_초이스 더블 디바이스_지니스마트음악감상,KT,초이스 더블 디바이스 (지니 스마트 음악감상),추가데이터,공유데이터 90GB,,,,,False,,공유데이터: 90GB,https://product.kt.com/wDic/productDetail.do?ItemCode=1692
1692_초이스 더블 디바이스_밀리의서재,KT,초이스 더블 디바이스 (밀리의서재),OTT/구독,밀리의서재,밀리의서재,,,,True,플러스 혜택,지니 스마트 음악감상 / 밀리의서재 / 쇼핑라운지 할인 쿠폰 (5천원권) / 모아진,https://product.kt.com/wDic/productDetail.do?ItemCode=1692
1692_초이스 더블 디바이스_밀리의서재,KT,초이스 더블 디바이스 (밀리의서재),스마트기기,디바이스 할인 (1개 or 2개 선택 가능) 1개 선택 시 최대 12천원 할인 2개 선택 시 각 최대 6천원 할인,,,,,False,,디바이스 할인 (1개 or 2개 선택 가능) 1개 선택 시 최대 12천원 할인 2개 선택 시 각 최대 6천원 할인 / 1개 선택 시 최대 12천원 할인 / 2개 선택 시 각 최대 6천원 할인,https://product.kt.com/wDic/productDetail.do?ItemCode=1692
1692_초이스 더블 디바이스_밀리의서재,KT,초이스 더블 디바이스 (밀리의서재),OTT/구독,1개 선택 시 최대 12천원 할인,,,,,False,,디바이스 할인 (1개 or 2개 선택 가능) 1개 선택 시 최대 12천원 할인 2개 선택 시 각 최대 6천원 할인 / 1개 선택 시 최대 12천원 할인 / 2개 선택 시 각 최대 6천원 할인,https://product.kt.com/wDic/productDetail.do?ItemCode=1692
1692_초이스 더블 디바이스_밀리의서재,KT,초이스 더블 디바이스 (밀리의서재),OTT/구독,2개 선택 시 각 최대 6천원 할인,,,,,False,,디바이스 할인 (1개 or 2개 선택 가능) 1개 선택 시 최대 12천원 할인 2개 선택 시 각 최대 6천원 할인 / 1개 선택 시 최대 12천원 할인 / 2개 선택 시 각 최대 6천원 할인,https://product.kt.com/wDic/productDetail.do?ItemCode=1692
1692_초이스 더블 디바이스_밀리의서재,KT,초이스 더블 디바이스 (밀리의서재),멤버십,멤버십 VVIP,,,,,False,,멤버십: VVIP,https://product.kt.com/wDic/productDetail.do?ItemCode=1692
1692_초이스 더블 디바이스_밀리의서재,KT,초이스 더블 디바이스 (밀리의서재),기타,"단말보험 최대 4,500원 할인 2)",,,,,False,,"단말보험: 최대 4,500원 할인 2)",https://product.kt.com/wDic/productDetail.do?ItemCode=1692
1692_초이스 더블 디바이스_밀리의서재,KT,초이스 더블 디바이스 (밀리의서재),스마트기기,스마트기기 또는 데이터 쉐어링 스마트 기기 월정액 / 데이터 쉐어링 월정액 각 1회선 할인,,,,,False,,스마트기기 또는 데이터 쉐어링: 스마트 기기 월정액 / 데이터 쉐어링 월정액 각 1회선 할인,https://product.kt.com/wDic/productDetail.do?ItemCode=1692
1692_초이스 더블 디바이스_밀리의서재,KT,초이스 더블 디바이스 (밀리의서재),추가데이터,공유데이터 90GB,,,,,False,,공유데이터: 90GB,https://product.kt.com/wDic/productDetail.do?ItemCode=1692
1692_초이스 더블 디바이스_쇼핑라운지할인쿠폰(5천원권),KT,초이스 더블 디바이스 (쇼핑라운지 할인 쿠폰 (5천원권)),사은품/페이백,쇼핑라운지 할인 쿠폰 (5천원권),,,,,True,플러스 혜택,지니 스마트 음악감상 / 밀리의서재 / 쇼핑라운지 할인 쿠폰 (5천원권) / 모아진,https://product.kt.com/wDic/productDetail.do?ItemCode=1692
1692_초이스 더블 디바이스_쇼핑라운지할인쿠폰(5천원권),KT,초이스 더블 디바이스 (쇼핑라운지 할인 쿠폰 (5천원권)),스마트기기,디바이스 할인 (1개 or 2개 선택 가능) 1개 선택 시 최대 12천원 할인 2개 선택 시 각 최대 6천원 할인,,,,,False,,디바이스 할인 (1개 or 2개 선택 가능) 1개 선택 시 최대 12천원 할인 2개 선택 시 각 최대 6천원 할인 / 1개 선택 시 최대 12천원 할인 / 2개 선택 시 각 최대 6천원 할인,https://product.kt.com/wDic/productDetail.do?ItemCode=1692
1692_초이스 더블 디바이스_쇼핑라운지할인쿠폰(5천원권),KT,초이스 더블 디바이스 (쇼핑라운지 할인 쿠폰 (5천원권)),OTT/구독,1개 선택 시 최대 12천원 할인,,,,,False,,디바이스 할인 (1개 or 2개 선택 가능) 1개 선택 시 최대 12천원 할인 2개 선택 시 각 최대 6천원 할인 / 1개 선택 시 최대 12천원 할인 / 2개 선택 시 각 최대 6천원 할인,https://product.kt.com/wDic/productDetail.do?ItemCode=1692
1692_초이스 더블 디바이스_쇼핑라운지할인쿠폰(5천원권),KT,초이스 더블 디바이스 (쇼핑라운지 할인 쿠폰 (5천원권)),OTT/구독,2개 선택 시 각 최대 6천원 할인,,,,,False,,디바이스 할인 (1개 or 2개 선택 가능) 1개 선택 시 최대 12천원 할인 2개 선택 시 각 최대 6천원 할인 / 1개 선택 시 최대 12천원 할인 / 2개 선택 시 각 최대 6천원 할인,https://product.kt.com/wDic/productDetail.do?ItemCode=1692
1692_초이스 더블 디바이스_쇼핑라운지할인쿠폰(5천원권),KT,초이스 더블 디바이스 (쇼핑라운지 할인 쿠폰 (5천원권)),멤버십,멤버십 VVIP,,,,,False,,멤버십: VVIP,https://product.kt.com/wDic/productDetail.do?ItemCode=1692
1692_초이스 더블 디바이스_쇼핑라운지할인쿠폰(5천원권),KT,초이스 더블 디바이스 (쇼핑라운지 할인 쿠폰 (5천원권)),기타,"단말보험 최대 4,500원 할인 2)",,,,,False,,"단말보험: 최대 4,500원 할인 2)",https://product.kt.com/wDic/productDetail.do?ItemCode=1692
1692_초이스 더블 디바이스_쇼핑라운지할인쿠폰(5천원권),KT,초이스 더블 디바이스 (쇼핑라운지 할인 쿠폰 (5천원권)),스마트기기,스마트기기 또는 데이터 쉐어링 스마트 기기 월정액 / 데이터 쉐어링 월정액 각 1회선 할인,,,,,False,,스마트기기 또는 데이터 쉐어링: 스마트 기기 월정액 / 데이터 쉐어링 월정액 각 1회선 할인,https://product.kt.com/wDic/productDetail.do?ItemCode=1692
1692_초이스 더블 디바이스_쇼핑라운지할인쿠폰(5천원권),KT,초이스 더블 디바이스 (쇼핑라운지 할인 쿠폰 (5천원권)),추가데이터,공유데이터 90GB,,,,,False,,공유데이터: 90GB,https://product.kt.com/wDic/productDetail.do?ItemCode=1692
1692_초이스 더블 디바이스_모아진,KT,초이스 더블 디바이스 (모아진),OTT/구독,모아진,,,,,True,플러스 혜택,지니 스마트 음악감상 / 밀리의서재 / 쇼핑라운지 할인 쿠폰 (5천원권) / 모아진,https://product.kt.com/wDic/productDetail.do?ItemCode=1692
1692_초이스 더블 디바이스_모아진,KT,초이스 더블 디바이스 (모아진),스마트기기,디바이스 할인 (1개 or 2개 선택 가능) 1개 선택 시 최대 12천원 할인 2개 선택 시 각 최대 6천원 할인,,,,,False,,디바이스 할인 (1개 or 2개 선택 가능) 1개 선택 시 최대 12천원 할인 2개 선택 시 각 최대 6천원 할인 / 1개 선택 시 최대 12천원 할인 / 2개 선택 시 각 최대 6천원 할인,https://product.kt.com/wDic/productDetail.do?ItemCode=1692
1692_초이스 더블 디바이스_모아진,KT,초이스 더블 디바이스 (모아진),OTT/구독,1개 선택 시 최대 12천원 할인,,,,,False,,디바이스 할인 (1개 or 2개 선택 가능) 1개 선택 시 최대 12천원 할인 2개 선택 시 각 최대 6천원 할인 / 1개 선택 시 최대 12천원 할인 / 2개 선택 시 각 최대 6천원 할인,https://product.kt.com/wDic/productDetail.do?ItemCode=1692
1692_초이스 더블 디바이스_모아진,KT,초이스 더블 디바이스 (모아진),OTT/구독,2개 선택 시 각 최대 6천원 할인,,,,,False,,디바이스 할인 (1개 or 2개 선택 가능) 1개 선택 시 최대 12천원 할인 2개 선택 시 각 최대 6천원 할인 / 1개 선택 시 최대 12천원 할인 / 2개 선택 시 각 최대 6천원 할인,https://product.kt.com/wDic/productDetail.do?ItemCode=1692
1692_초이스 더블 디바이스_모아진,KT,초이스 더블 디바이스 (모아진),멤버십,멤버십 VVIP,,,,,False,,멤버십: VVIP,https://product.kt.com/wDic/productDetail.do?ItemCode=1692
1692_초이스 더블 디바이스_모아진,KT,초이스 더블 디바이스 (모아진),기타,"단말보험 최대 4,500원 할인 2)",,,,,False,,"단말보험: 최대 4,500원 할인 2)",https://product.kt.com/wDic/productDetail.do?ItemCode=1692
1692_초이스 더블 디바이스_모아진,KT,초이스 더블 디바이스 (모아진),스마트기기,스마트기기 또는 데이터 쉐어링 스마트 기기 월정액 / 데이터 쉐어링 월정액 각 1회선 할인,,,,,False,,스마트기기 또는 데이터 쉐어링: 스마트 기기 월정액 / 데이터 쉐어링 월정액 각 1회선 할인,https://product.kt.com/wDic/productDetail.do?ItemCode=1692
1692_초이스 더블 디바이스_모아진,KT,초이스 더블 디바이스 (모아진),추가데이터,공유데이터 90GB,,,,,False,,공유데이터: 90GB,https://product.kt.com/wDic/productDetail.do?ItemCode=1692
1692_초이스 더블 디즈니플러스+폰케어_지니스마트음악감상,KT,초이스 더블 디즈니플러스+폰케어 (지니 스마트 음악감상),OTT/구독,지니 스마트 음악감상,지니뮤직,,,,True,플러스 혜택,지니 스마트 음악감상 / 밀리의서재 / 쇼핑라운지 할인 쿠폰 (5천원권) / 모아진,https://product.kt.com/wDic/productDetail.do?ItemCode=1692
1692_초이스 더블 디즈니플러스+폰케어_지니스마트음악감상,KT,초이스 더블 디즈니플러스+폰케어 (지니 스마트 음악감상),OTT/구독,디즈니 플러스 스탠다드,디즈니+,스탠다드,,,False,,"디즈니 플러스 스탠다드 / 폰케어 할인(최대 5,500원)",https://product.kt.com/wDic/productDetail.do?ItemCode=1692
1692_초이스 더블 디즈니플러스+폰케어_지니스마트음악감상,KT,초이스 더블 디즈니플러스+폰케어 (지니 스마트 음악감상),기타,"폰케어 할인(최대 5,500원)",폰케어,,,,False,,"디즈니 플러스 스탠다드 / 폰케어 할인(최대 5,500원)",https://product.kt.com/wDic/productDetail.do?ItemCode=1692
1692_초이스 더블 디즈니플러스+폰케어_지니스마트음악감상,KT,초이스 더블 디즈니플러스+폰케어 (지니 스마트 음악감상),멤버십,멤버십 VVIP,,,,,False,,멤버십: VVIP,https://product.kt.com/wDic/productDetail.do?ItemCode=1692
1692_초이스 더블 디즈니플러스+폰케어_지니스마트음악감상,KT,초이스 더블 디즈니플러스+폰케어 (지니 스마트 음악감상),기타,"단말보험 최대 4,500원 할인 2)",,,,,False,,"단말보험: 최대 4,500원 할인 2)",https://product.kt.com/wDic/productDetail.do?ItemCode=1692
1692_초이스 더블 디즈니플러스+폰케어_지니스마트음악감상,KT,초이스 더블 디즈니플러스+폰케어 (지니 스마트 음악감상),스마트기기,스마트기기 또는 데이터 쉐어링 스마트 기기 월정액 / 데이터 쉐어링 월정액 각 1회선 할인,,,,,False,,스마트기기 또는 데이터 쉐어링: 스마트 기기 월정액 / 데이터 쉐어링 월정액 각 1회선 할인,https://product.kt.com/wDic/productDetail.do?ItemCode=1692
1692_초이스 더블 디즈니플러스+폰케어_지니스마트음악감상,KT,초이스 더블 디즈니플러스+폰케어 (지니 스마트 음악감상),추가데이터,공유데이터 90GB,,,,,False,,공유데이터: 90GB,https://product.kt.com/wDic/productDetail.do?ItemCode=1692
1692_초이스 더블 디즈니플러스+폰케어_밀리의서재,KT,초이스 더블 디즈니플러스+폰케어 (밀리의서재),OTT/구독,밀리의서재,밀리의서재,,,,True,플러스 혜택,지니 스마트 음악감상 / 밀리의서재 / 쇼핑라운지 할인 쿠폰 (5천원권) / 모아진,https://product.kt.com/wDic/productDetail.do?ItemCode=1692
1692_초이스 더블 디즈니플러스+폰케어_밀리의서재,KT,초이스 더블 디즈니플러스+폰케어 (밀리의서재),OTT/구독,디즈니 플러스 스탠다드,디즈니+,스탠다드,,,False,,"디즈니 플러스 스탠다드 / 폰케어 할인(최대 5,500원)",https://product.kt.com/wDic/productDetail.do?ItemCode=1692
1692_초이스 더블 디즈니플러스+폰케어_밀리의서재,KT,초이스 더블 디즈니플러스+폰케어 (밀리의서재),기타,"폰케어 할인(최대 5,500원)",폰케어,,,,False,,"디즈니 플러스 스탠다드 / 폰케어 할인(최대 5,500원)",https://product.kt.com/wDic/productDetail.do?ItemCode=1692
1692_초이스 더블 디즈니플러스+폰케어_밀리의서재,KT,초이스 더블 디즈니플러스+폰케어 (밀리의서재),멤버십,멤버십 VVIP,,,,,False,,멤버십: VVIP,https://product.kt.com/wDic/productDetail.do?ItemCode=1692
1692_초이스 더블 디즈니플러스+폰케어_밀리의서재,KT,초이스 더블 디즈니플러스+폰케어 (밀리의서재),기타,"단말보험 최대 4,500원 할인 2)",,,,,False,,"단말보험: 최대 4,500원 할인 2)",https://product.kt.com/wDic/productDetail.do?ItemCode=1692
1692_초이스 더블 디즈니플러스+폰케어_밀리의서재,KT,초이스 더블 디즈니플러스+폰케어 (밀리의서재),스마트기기,스마트기기 또는 데이터 쉐어링 스마트 기기 월정액 / 데이터 쉐어링 월정액 각 1회선 할인,,,,,False,,스마트기기 또는 데이터 쉐어링: 스마트 기기 월정액 / 데이터 쉐어링 월정액 각 1회선 할인,https://product.kt.com/wDic/productDetail.do?ItemCode=1692
1692_초이스 더블 디즈니플러스+폰케어_밀리의서재,KT,초이스 더블 디즈니플러스+폰케어 (밀리의서재),추가데이터,공유데이터 90GB,,,,,False,,공유데이터: 90GB,https://product.kt.com/wDic/productDetail.do?ItemCode=1692
1692_초이스 더블 디즈니플러스+폰케어_쇼핑라운지할인쿠폰(5천원권),KT,초이스 더블 디즈니플러스+폰케어 (쇼핑라운지 할인 쿠폰 (5천원권)),사은품/페이백,쇼핑라운지 할인 쿠폰 (5천원권),,,,,True,플러스 혜택,지니 스마트 음악감상 / 밀리의서재 / 쇼핑라운지 할인 쿠폰 (5천원권) / 모아진,https://product.kt.com/wDic/productDetail.do?ItemCode=1692
1692_초이스 더블 디즈니플러스+폰케어_쇼핑라운지할인쿠폰(5천원권),KT,초이스 더블 디즈니플러스+폰케어 (쇼핑라운지 할인 쿠폰 (5천원권)),OTT/구독,디즈니 플러스 스탠다드,디즈니+,스탠다드,,,False,,"디즈니 플러스 스탠다드 / 폰케어 할인(최대 5,500원)",https://product.kt.com/wDic/productDetail.do?ItemCode=1692
1692_초이스 더블 디즈니플러스+폰케어_쇼핑라운지할인쿠폰(5천원권),KT,초이스 더블 디즈니플러스+폰케어 (쇼핑라운지 할인 쿠폰 (5천원권)),기타,"폰케어 할인(최대 5,500원)",폰케어,,,,False,,"디즈니 플러스 스탠다드 / 폰케어 할인(최대 5,500원)",https://product.kt.com/wDic/productDetail.do?ItemCode=1692
1692_초이스 더블 디즈니플러스+폰케어_쇼핑라운지할인쿠폰(5천원권),KT,초이스 더블 디즈니플러스+폰케어 (쇼핑라운지 할인 쿠폰 (5천원권)),멤버십,멤버십 VVIP,,,,,False,,멤버십: VVIP,https://product.kt.com/wDic/productDetail.do?ItemCode=1692
1692_초이스 더블 디즈니플러스+폰케어_쇼핑라운지할인쿠폰(5천원권),KT,초이스 더블 디즈니플러스+폰케어 (쇼핑라운지 할인 쿠폰 (5천원권)),기타,"단말보험 최대 4,500원 할인 2)",,,,,False,,"단말보험: 최대 4,500원 할인 2)",https://product.kt.com/wDic/productDetail.do?ItemCode=1692
1692_초이스 더블 디즈니플러스+폰케어_쇼핑라운지할인쿠폰(5천원권),KT,초이스 더블 디즈니플러스+폰케어 (쇼핑라운지 할인 쿠폰 (5천원권)),스마트기기,스마트기기 또는 데이터 쉐어링 스마트 기기 월정액 / 데이터 쉐어링 월정액 각 1회선 할인,,,,,False,,스마트기기 또는 데이터 쉐어링: 스마트 기기 월정액 / 데이터 쉐어링 월정액 각 1회선 할인,https://product.kt.com/wDic/productDetail.do?ItemCode=1692
1692_초이스 더블 디즈니플러스+폰케어_쇼핑라운지할인쿠폰(5천원권),KT,초이스 더블 디즈니플러스+폰케어 (쇼핑라운지 할인 쿠폰 (5천원권)),추가데이터,공유데이터 90GB,,,,,False,,공유데이터: 90GB,https://product.kt.com/wDic/productDetail.do?ItemCode=1692
1692_초이스 더블 디즈니플러스+폰케어_모아진,KT,초이스 더블 디즈니플러스+폰케어 (모아진),OTT/구독,모아진,,,,,True,플러스 혜택,지니 스마트 음악감상 / 밀리의서재 / 쇼핑라운지 할인 쿠폰 (5천원권) / 모아진,https://product.kt.com/wDic/productDetail.do?ItemCode=1692
1692_초이스 더블 디즈니플러스+폰케어_모아진,KT,초이스 더블 디즈니플러스+폰케어 (모아진),OTT/구독,디즈니 플러스 스탠다드,디즈니+,스탠다드,,,False,,"디즈니 플러스 스탠다드 / 폰케어 할인(최대 5,500원)",https://product.kt.com/wDic/productDetail.do?ItemCode=1692
1692_초이스 더블 디즈니플러스+폰케어_모아진,KT,초이스 더블 디즈니플러스+폰케어 (모아진),기타,"폰케어 할인(최대 5,500원)",폰케어,,,,False,,"디즈니 플러스 스탠다드 / 폰케어 할인(최대 5,500원)",https://product.kt.com/wDic/productDetail.do?ItemCode=1692
1692_초이스 더블 디즈니플러스+폰케어_모아진,KT,초이스 더블 디즈니플러스+폰케어 (모아진),멤버십,멤버십 VVIP,,,,,False,,멤버십: VVIP,https://product.kt.com/wDic/productDetail.do?ItemCode=1692
1692_초이스 더블 디즈니플러스+폰케어_모아진,KT,초이스 더블 디즈니플러스+폰케어 (모아진),기타,"단말보험 최대 4,500원 할인 2)",,,,,False,,"단말보험: 최대 4,500원 할인 2)",https://product.kt.com/wDic/productDetail.do?ItemCode=1692
1692_초이스 더블 디즈니플러스+폰케어_모아진,KT,초이스 더블 디즈니플러스+폰케어 (모아진),스마트기기,스마트기기 또는 데이터 쉐어링 스마트 기기 월정액 / 데이터 쉐어링 월정액 각 1회선 할인,,,,,False,,스마트기기 또는 데이터 쉐어링: 스마트 기기 월정액 / 데이터 쉐어링 월정액 각 1회선 할인,https://product.kt.com/wDic/productDetail.do?ItemCode=1692
1692_초이스 더블 디즈니플러스+폰케어_모아진,KT,초이스 더블 디즈니플러스+폰케어 (모아진),추가데이터,공유데이터 90GB,,,,,False,,공유데이터: 90GB,https://product.kt.com/wDic/productDetail.do?ItemCode=1692
1692_초이스 더블 유튜브 프리미엄+넷플릭스_만 34세 이하_지니스마트음악감상,KT,초이스 더블 유튜브 프리미엄+넷플릭스 (지니 스마트 음악감상),OTT/구독,지니 스마트 음악감상,지니뮤직,,,,True,플러스 혜택,지니 스마트 음악감상 / 밀리의서재 / 쇼핑라운지 할인 쿠폰 (5천원권) / 모아진,https://product.kt.com/wDic/productDetail.do?ItemCode=1692
1692_초이스 더블 유튜브 프리미엄+넷플릭스_만 34세 이하_지니스마트음악감상,KT,초이스 더블 유튜브 프리미엄+넷플릭스 (지니 스마트 음악감상),OTT/구독,유튜브 프리미엄 라이트,유튜브 프리미엄,,,,False,,유튜브 프리미엄 라이트 / 넷플릭스 광고형 스탠다드,https://product.kt.com/wDic/productDetail.do?ItemCode=1692
1692_초이스 더블 유튜브 프리미엄+넷플릭스_만 34세 이하_지니스마트음악감상,KT,초이스 더블 유튜브 프리미엄+넷플릭스 (지니 스마트 음악감상),OTT/구독,넷플릭스 광고형 스탠다드,넷플릭스,광고형 스탠다드,,,False,,유튜브 프리미엄 라이트 / 넷플릭스 광고형 스탠다드,https://product.kt.com/wDic/productDetail.do?ItemCode=1692
1692_초이스 더블 유튜브 프리미엄+넷플릭스_만 34세 이하_지니스마트음악감상,KT,초이스 더블 유튜브 프리미엄+넷플릭스 (지니 스마트 음악감상),멤버십,멤버십 VVIP,,,,,False,,멤버십: VVIP,https://product.kt.com/wDic/productDetail.do?ItemCode=1692
1692_초이스 더블 유튜브 프리미엄+넷플릭스_만 34세 이하_지니스마트음악감상,KT,초이스 더블 유튜브 프리미엄+넷플릭스 (지니 스마트 음악감상),기타,"단말보험 최대 4,500원 할인 2)",,,,,False,,"단말보험: 최대 4,500원 할인 2)",https://product.kt.com/wDic/productDetail.do?ItemCode=1692
1692_초이스 더블 유튜브 프리미엄+넷플릭스_만 34세 이하_지니스마트음악감상,KT,초이스 더블 유튜브 프리미엄+넷플릭스 (지니 스마트 음악감상),스마트기기,스마트기기 또는 데이터 쉐어링 스마트 기기 월정액 / 데이터 쉐어링 월정액 각 1회선 할인,,,,,False,,스마트기기 또는 데이터 쉐어링: 스마트 기기 월정액 / 데이터 쉐어링 월정액 각 1회선 할인,https://product.kt.com/wDic/productDetail.do?ItemCode=1692
1692_초이스 더블 유튜브 프리미엄+넷플릭스_만 34세 이하_지니스마트음악감상,KT,초이스 더블 유튜브 프리미엄+넷플릭스 (지니 스마트 음악감상),추가데이터,공유데이터 90GB,,,,,False,,공유데이터: 90GB,https://product.kt.com/wDic/productDetail.do?ItemCode=1692
1692_초이스 더블 유튜브 프리미엄+넷플릭스_만 34세 이하_지니스마트음악감상,KT,초이스 더블 유튜브 프리미엄+넷플릭스 (지니 스마트 음악감상),추가데이터,만 34세 이하 +90GB,,,,,False,,제공 혜택_Y덤 혜택_공유 데이터: +90GB,https://product.kt.com/wDic/productDetail.do?ItemCode=1692
1692_초이스 더블 유튜브 프리미엄+넷플릭스_만 34세 이하_밀리의서재,KT,초이스 더블 유튜브 프리미엄+넷플릭스 (밀리의서재),OTT/구독,밀리의서재,밀리의서재,,,,True,플러스 혜택,지니 스마트 음악감상 / 밀리의서재 / 쇼핑라운지 할인 쿠폰 (5천원권) / 모아진,https://product.kt.com/wDic/productDetail.do?ItemCode=1692
1692_초이스 더블 유튜브 프리미엄+넷플릭스_만 34세 이하_밀리의서재,KT,초이스 더블 유튜브 프리미엄+넷플릭스 (밀리의서재),OTT/구독,유튜브 프리미엄 라이트,유튜브 프리미엄,,,,False,,유튜브 프리미엄 라이트 / 넷플릭스 광고형 스탠다드,https://product.kt.com/wDic/productDetail.do?ItemCode=1692
1692_초이스 더블 유튜브 프리미엄+넷플릭스_만 34세 이하_밀리의서재,KT,초이스 더블 유튜브 프리미엄+넷플릭스 (밀리의서재),OTT/구독,넷플릭스 광고형 스탠다드,넷플릭스,광고형 스탠다드,,,False,,유튜브 프리미엄 라이트 / 넷플릭스 광고형 스탠다드,https://product.kt.com/wDic/productDetail.do?ItemCode=1692
1692_초이스 더블 유튜브 프리미엄+넷플릭스_만 34세 이하_밀리의서재,KT,초이스 더블 유튜브 프리미엄+넷플릭스 (밀리의서재),멤버십,멤버십 VVIP,,,,,False,,멤버십: VVIP,https://product.kt.com/wDic/productDetail.do?ItemCode=1692
1692_초이스 더블 유튜브 프리미엄+넷플릭스_만 34세 이하_밀리의서재,KT,초이스 더블 유튜브 프리미엄+넷플릭스 (밀리의서재),기타,"단말보험 최대 4,500원 할인 2)",,,,,False,,"단말보험: 최대 4,500원 할인 2)",https://product.kt.com/wDic/productDetail.do?ItemCode=1692
1692_초이스 더블 유튜브 프리미엄+넷플릭스_만 34세 이하_밀리의서재,KT,초이스 더블 유튜브 프리미엄+넷플릭스 (밀리의서재),스마트기기,스마트기기 또는 데이터 쉐어링 스마트 기기 월정액 / 데이터 쉐어링 월정액 각 1회선 할인,,,,,False,,스마트기기 또는 데이터 쉐어링: 스마트 기기 월정액 / 데이터 쉐어링 월정액 각 1회선 할인,https://product.kt.com/wDic/productDetail.do?ItemCode=1692
1692_초이스 더블 유튜브 프리미엄+넷플릭스_만 34세 이하_밀리의서재,KT,초이스 더블 유튜브 프리미엄+넷플릭스 (밀리의서재),추가데이터,공유데이터 90GB,,,,,False,,공유데이터: 90GB,https://product.kt.com/wDic/productDetail.do?ItemCode=1692
1692_초이스 더블 유튜브 프리미엄+넷플릭스_만 34세 이하_밀리의서재,KT,초이스 더블 유튜브 프리미엄+넷플릭스 (밀리의서재),추가데이터,만 34세 이하 +90GB,,,,,False,,제공 혜택_Y덤 혜택_공유 데이터: +90GB,https://product.kt.com/wDic/productDetail.do?ItemCode=1692
1692_초이스 더블 유튜브 프리미엄+넷플릭스_만 34세 이하_쇼핑라운지할인쿠폰(5천원권),KT,초이스 더블 유튜브 프리미엄+넷플릭스 (쇼핑라운지 할인 쿠폰 (5천원권)),사은품/페이백,쇼핑라운지 할인 쿠폰 (5천원권),,,,,True,플러스 혜택,지니 스마트 음악감상 / 밀리의서재 / 쇼핑라운지 할인 쿠폰 (5천원권) / 모아진,https://product.kt.com/wDic/productDetail.do?ItemCode=1692
1692_초이스 더블 유튜브 프리미엄+넷플릭스_만 34세 이하_쇼핑라운지할인쿠폰(5천원권),KT,초이스 더블 유튜브 프리미엄+넷플릭스 (쇼핑라운지 할인 쿠폰 (5천원권)),OTT/구독,유튜브 프리미엄 라이트,유튜브 프리미엄,,,,False,,유튜브 프리미엄 라이트 / 넷플릭스 광고형 스탠다드,https://product.kt.com/wDic/productDetail.do?ItemCode=1692
1692_초이스 더블 유튜브 프리미엄+넷플릭스_만 34세 이하_쇼핑라운지할인쿠폰(5천원권),KT,초이스 더블 유튜브 프리미엄+넷플릭스 (쇼핑라운지 할인 쿠폰 (5천원권)),OTT/구독,넷플릭스 광고형 스탠다드,넷플릭스,광고형 스탠다드,,,False,,유튜브 프리미엄 라이트 / 넷플릭스 광고형 스탠다드,https://product.kt.com/wDic/productDetail.do?ItemCode=1692
1692_초이스 더블 유튜브 프리미엄+넷플릭스_만 34세 이하_쇼핑라운지할인쿠폰(5천원권),KT,초이스 더블 유튜브 프리미엄+넷플릭스 (쇼핑라운지 할인 쿠폰 (5천원권)),멤버십,멤버십 VVIP,,,,,False,,멤버십: VVIP,https://product.kt.com/wDic/productDetail.do?ItemCode=1692
1692_초이스 더블 유튜브 프리미엄+넷플릭스_만 34세 이하_쇼핑라운지할인쿠폰(5천원권),KT,초이스 더블 유튜브 프리미엄+넷플릭스 (쇼핑라운지 할인 쿠폰 (5천원권)),기타,"단말보험 최대 4,500원 할인 2)",,,,,False,,"단말보험: 최대 4,500원 할인 2)",https://product.kt.com/wDic/productDetail.do?ItemCode=1692
1692_초이스 더블 유튜브 프리미엄+넷플릭스_만 34세 이하_쇼핑라운지할인쿠폰(5천원권),KT,초이스 더블 유튜브 프리미엄+넷플릭스 (쇼핑라운지 할인 쿠폰 (5천원권)),스마트기기,스마트기기 또는 데이터 쉐어링 스마트 기기 월정액 / 데이터 쉐어링 월정액 각 1회선 할인,,,,,False,,스마트기기 또는 데이터 쉐어링: 스마트 기기 월정액 / 데이터 쉐어링 월정액 각 1회선 할인,https://product.kt.com/wDic/productDetail.do?ItemCode=1692
1692_초이스 더블 유튜브 프리미엄+넷플릭스_만 34세 이하_쇼핑라운지할인쿠폰(5천원권),KT,초이스 더블 유튜브 프리미엄+넷플릭스 (쇼핑라운지 할인 쿠폰 (5천원권)),추가데이터,공유데이터 90GB,,,,,False,,공유데이터: 90GB,https://product.kt.com/wDic/productDetail.do?ItemCode=1692
1692_초이스 더블 유튜브 프리미엄+넷플릭스_만 34세 이하_쇼핑라운지할인쿠폰(5천원권),KT,초이스 더블 유튜브 프리미엄+넷플릭스 (쇼핑라운지 할인 쿠폰 (5천원권)),추가데이터,만 34세 이하 +90GB,,,,,False,,제공 혜택_Y덤 혜택_공유 데이터: +90GB,https://product.kt.com/wDic/productDetail.do?ItemCode=1692
1692_초이스 더블 유튜브 프리미엄+넷플릭스_만 34세 이하_모아진,KT,초이스 더블 유튜브 프리미엄+넷플릭스 (모아진),OTT/구독,모아진,,,,,True,플러스 혜택,지니 스마트 음악감상 / 밀리의서재 / 쇼핑라운지 할인 쿠폰 (5천원권) / 모아진,https://product.kt.com/wDic/productDetail.do?ItemCode=1692
1692_초이스 더블 유튜브 프리미엄+넷플릭스_만 34세 이하_모아진,KT,초이스 더블 유튜브 프리미엄+넷플릭스 (모아진),OTT/구독,유튜브 프리미엄 라이트,유튜브 프리미엄,,,,False,,유튜브 프리미엄 라이트 / 넷플릭스 광고형 스탠다드,https://product.kt.com/wDic/productDetail.do?ItemCode=1692
1692_초이스 더블 유튜브 프리미엄+넷플릭스_만 34세 이하_모아진,KT,초이스 더블 유튜브 프리미엄+넷플릭스 (모아진),OTT/구독,넷플릭스 광고형 스탠다드,넷플릭스,광고형 스탠다드,,,False,,유튜브 프리미엄 라이트 / 넷플릭스 광고형 스탠다드,https://product.kt.com/wDic/productDetail.do?ItemCode=1692
1692_초이스 더블 유튜브 프리미엄+넷플릭스_만 34세 이하_모아진,KT,초이스 더블 유튜브 프리미엄+넷플릭스 (모아진),멤버십,멤버십 VVIP,,,,,False,,멤버십: VVIP,https://product.kt.com/wDic/productDetail.do?ItemCode=1692
1692_초이스 더블 유튜브 프리미엄+넷플릭스_만 34세 이하_모아진,KT,초이스 더블 유튜브 프리미엄+넷플릭스 (모아진),기타,"단말보험 최대 4,500원 할인 2)",,,,,False,,"단말보험: 최대 4,500원 할인 2)",https://product.kt.com/wDic/productDetail.do?ItemCode=1692
1692_초이스 더블 유튜브 프리미엄+넷플릭스_만 34세 이하_모아진,KT,초이스 더블 유튜브 프리미엄+넷플릭스 (모아진),스마트기기,스마트기기 또는 데이터 쉐어링 스마트 기기 월정액 / 데이터 쉐어링 월정액 각 1회선 할인,,,,,False,,스마트기기 또는 데이터 쉐어링: 스마트 기기 월정액 / 데이터 쉐어링 월정액 각 1회선 할인,https://product.kt.com/wDic/productDetail.do?ItemCode=1692
1692_초이스 더블 유튜브 프리미엄+넷플릭스_만 34세 이하_모아진,KT,초이스 더블 유튜브 프리미엄+넷플릭스 (모아진),추가데이터,공유데이터 90GB,,,,,False,,공유데이터: 90GB,https://product.kt.com/wDic/productDetail.do?ItemCode=1692
1692_초이스 더블 유튜브 프리미엄+넷플릭스_만 34세 이하_모아진,KT,초이스 더블 유튜브 프리미엄+넷플릭스 (모아진),추가데이터,만 34세 이하 +90GB,,,,,False,,제공 혜택_Y덤 혜택_공유 데이터: +90GB,https://product.kt.com/wDic/productDetail.do?ItemCode=1692
1692_초이스 더블 유튜브 프리미엄+디바이스_만 34세 이하_지니스마트음악감상,KT,초이스 더블 유튜브 프리미엄+디바이스 (지니 스마트 음악감상),OTT/구독,지니 스마트 음악감상,지니뮤직,,,,True,플러스 혜택,지니 스마트 음악감상 / 밀리의서재 / 쇼핑라운지 할인 쿠폰 (5천원권) / 모아진,https://product.kt.com/wDic/productDetail.do?ItemCode=1692
1692_초이스 더블 유튜브 프리미엄+디바이스_만 34세 이하_지니스마트음악감상,KT,초이스 더블 유튜브 프리미엄+디바이스 (지니 스마트 음악감상),OTT/구독,유튜브 프리미엄 라이트,유튜브 프리미엄,,,,False,,유튜브 프리미엄 라이트 / 디바이스 할인(최대 6천원),https://product.kt.com/wDic/productDetail.do?ItemCode=1692
1692_초이스 더블 유튜브 프리미엄+디바이스_만 34세 이하_지니스마트음악감상,KT,초이스 더블 유튜브 프리미엄+디바이스 (지니 스마트 음악감상),스마트기기,디바이스 할인(최대 6천원),,,,,False,,유튜브 프리미엄 라이트 / 디바이스 할인(최대 6천원),https://product.kt.com/wDic/productDetail.do?ItemCode=1692
1692_초이스 더블 유튜브 프리미엄+디바이스_만 34세 이하_지니스마트음악감상,KT,초이스 더블 유튜브 프리미엄+디바이스 (지니 스마트 음악감상),멤버십,멤버십 VVIP,,,,,False,,멤버십: VVIP,https://product.kt.com/wDic/productDetail.do?ItemCode=1692
1692_초이스 더블 유튜브 프리미엄+디바이스_만 34세 이하_지니스마트음악감상,KT,초이스 더블 유튜브 프리미엄+디바이스 (지니 스마트 음악감상),기타,"단말보험 최대 4,500원 할인 2)",,,,,False,,"단말보험: 최대 4,500원 할인 2)",https://product.kt.com/wDic/productDetail.do?ItemCode=1692
1692_초이스 더블 유튜브 프리미엄+디바이스_만 34세 이하_지니스마트음악감상,KT,초이스 더블 유튜브 프리미엄+디바이스 (지니 스마트 음악감상),스마트기기,스마트기기 또는 데이터 쉐어링 스마트 기기 월정액 / 데이터 쉐어링 월정액 각 1회선 할인,,,,,False,,스마트기기 또는 데이터 쉐어링: 스마트 기기 월정액 / 데이터 쉐어링 월정액 각 1회선 할인,https://product.kt.com/wDic/productDetail.do?ItemCode=1692
1692_초이스 더블 유튜브 프리미엄+디바이스_만 34세 이하_지니스마트음악감상,KT,초이스 더블 유튜브 프리미엄+디바이스 (지니 스마트 음악감상),추가데이터,공유데이터 90GB,,,,,False,,공유데이터: 90GB,https://product.kt.com/wDic/productDetail.do?ItemCode=1692
1692_초이스 더블 유튜브 프리미엄+디바이스_만 34세 이하_지니스마트음악감상,KT,초이스 더블 유튜브 프리미엄+디바이스 (지니 스마트 음악감상),추가데이터,만 34세 이하 +90GB,,,,,False,,제공 혜택_Y덤 혜택_공유 데이터: +90GB,https://product.kt.com/wDic/productDetail.do?ItemCode=1692
1692_초이스 더블 유튜브 프리미엄+디바이스_만 34세 이하_밀리의서재,KT,초이스 더블 유튜브 프리미엄+디바이스 (밀리의서재),OTT/구독,밀리의서재,밀리의서재,,,,True,플러스 혜택,지니 스마트 음악감상 / 밀리의서재 / 쇼핑라운지 할인 쿠폰 (5천원권) / 모아진,https://product.kt.com/wDic/productDetail.do?ItemCode=1692
1692_초이스 더블 유튜브 프리미엄+디바이스_만 34세 이하_밀리의서재,KT,초이스 더블 유튜브 프리미엄+디바이스 (밀리의서재),OTT/구독,유튜브 프리미엄 라이트,유튜브 프리미엄,,,,False,,유튜브 프리미엄 라이트 / 디바이스 할인(최대 6천원),https://product.kt.com/wDic/productDetail.do?ItemCode=1692
1692_초이스 더블 유튜브 프리미엄+디바이스_만 34세 이하_밀리의서재,KT,초이스 더블 유튜브 프리미엄+디바이스 (밀리의서재),스마트기기,디바이스 할인(최대 6천원),,,,,False,,유튜브 프리미엄 라이트 / 디바이스 할인(최대 6천원),https://product.kt.com/wDic/productDetail.do?ItemCode=1692
1692_초이스 더블 유튜브 프리미엄+디바이스_만 34세 이하_밀리의서재,KT,초이스 더블 유튜브 프리미엄+디바이스 (밀리의서재),멤버십,멤버십 VVIP,,,,,False,,멤버십: VVIP,https://product.kt.com/wDic/productDetail.do?ItemCode=1692
1692_초이스 더블 유튜브 프리미엄+디바이스_만 34세 이하_밀리의서재,KT,초이스 더블 유튜브 프리미엄+디바이스 (밀리의서재),기타,"단말보험 최대 4,500원 할인 2)",,,,,False,,"단말보험: 최대 4,500원 할인 2)",https://product.kt.com/wDic/productDetail.do?ItemCode=1692
1692_초이스 더블 유튜브 프리미엄+디바이스_만 34세 이하_밀리의서재,KT,초이스 더블 유튜브 프리미엄+디바이스 (밀리의서재),스마트기기,스마트기기 또는 데이터 쉐어링 스마트 기기 월정액 / 데이터 쉐어링 월정액 각 1회선 할인,,,,,False,,스마트기기 또는 데이터 쉐어링: 스마트 기기 월정액 / 데이터 쉐어링 월정액 각 1회선 할인,https://product.kt.com/wDic/productDetail.do?ItemCode=1692
1692_초이스 더블 유튜브 프리미엄+디바이스_만 34세 이하_밀리의서재,KT,초이스 더블 유튜브 프리미엄+디바이스 (밀리의서재),추가데이터,공유데이터 90GB,,,,,False,,공유데이터: 90GB,https://product.kt.com/wDic/productDetail.do?ItemCode=1692
1692_초이스 더블 유튜브 프리미엄+디바이스_만 34세 이하_밀리의서재,KT,초이스 더블 유튜브 프리미엄+디바이스 (밀리의서재),추가데이터,만 34세 이하 +90GB,,,,,False,,제공 혜택_Y덤 혜택_공유 데이터: +90GB,https://product.kt.com/wDic/productDetail.do?ItemCode=1692
1692_초이스 더블 유튜브 프리미엄+디바이스_만 34세 이하_쇼핑라운지할인쿠폰(5천원권),KT,초이스 더블 유튜브 프리미엄+디바이스 (쇼핑라운지 할인 쿠폰 (5천원권)),사은품/페이백,쇼핑라운지 할인 쿠폰 (5천원권),,,,,True,플러스 혜택,지니 스마트 음악감상 / 밀리의서재 / 쇼핑라운지 할인 쿠폰 (5천원권) / 모아진,https://product.kt.com/wDic/productDetail.do?ItemCode=1692
1692_초이스 더블 유튜브 프리미엄+디바이스_만 34세 이하_쇼핑라운지할인쿠폰(5천원권),KT,초이스 더블 유튜브 프리미엄+디바이스 (쇼핑라운지 할인 쿠폰 (5천원권)),OTT/구독,유튜브 프리미엄 라이트,유튜브 프리미엄,,,,False,,유튜브 프리미엄 라이트 / 디바이스 할인(최대 6천원),https://product.kt.com/wDic/productDetail.do?ItemCode=1692
1692_초이스 더블 유튜브 프리미엄+디바이스_만 34세 이하_쇼핑라운지할인쿠폰(5천원권),KT,초이스 더블 유튜브 프리미엄+디바이스 (쇼핑라운지 할인 쿠폰 (5천원권)),스마트기기,디바이스 할인(최대 6천원),,,,,False,,유튜브 프리미엄 라이트 / 디바이스 할인(최대 6천원),https://product.kt.com/wDic/productDetail.do?ItemCode=1692
1692_초이스 더블 유튜브 프리미엄+디바이스_만 34세 이하_쇼핑라운지할인쿠폰(5천원권),KT,초이스 더블 유튜브 프리미엄+디바이스 (쇼핑라운지 할인 쿠폰 (5천원권)),멤버십,멤버십 VVIP,,,,,False,,멤버십: VVIP,https://product.kt.com/wDic/productDetail.do?ItemCode=1692
1692_초이스 더블 유튜브 프리미엄+디바이스_만 34세 이하_쇼핑라운지할인쿠폰(5천원권),KT,초이스 더블 유튜브 프리미엄+디바이스 (쇼핑라운지 할인 쿠폰 (5천원권)),기타,"단말보험 최대 4,500원 할인 2)",,,,,False,,"단말보험: 최대 4,500원 할인 2)",https://product.kt.com/wDic/productDetail.do?ItemCode=1692
1692_초이스 더블 유튜브 프리미엄+디바이스_만 34세 이하_쇼핑라운지할인쿠폰(5천원권),KT,초이스 더블 유튜브 프리미엄+디바이스 (쇼핑라운지 할인 쿠폰 (5천원권)),스마트기기,스마트기기 또는 데이터 쉐어링 스마트 기기 월정액 / 데이터 쉐어링 월정액 각 1회선 할인,,,,,False,,스마트기기 또는 데이터 쉐어링: 스마트 기기 월정액 / 데이터 쉐어링 월정액 각 1회선 할인,https://product.kt.com/wDic/productDetail.do?ItemCode=1692
1692_초이스 더블 유튜브 프리미엄+디바이스_만 34세 이하_쇼핑라운지할인쿠폰(5천원권),KT,초이스 더블 유튜브 프리미엄+디바이스 (쇼핑라운지 할인 쿠폰 (5천원권)),추가데이터,공유데이터 90GB,,,,,False,,공유데이터: 90GB,https://product.kt.com/wDic/productDetail.do?ItemCode=1692
1692_초이스 더블 유튜브 프리미엄+디바이스_만 34세 이하_쇼핑라운지할인쿠폰(5천원권),KT,초이스 더블 유튜브 프리미엄+디바이스 (쇼핑라운지 할인 쿠폰 (5천원권)),추가데이터,만 34세 이하 +90GB,,,,,False,,제공 혜택_Y덤 혜택_공유 데이터: +90GB,https://product.kt.com/wDic/productDetail.do?ItemCode=1692
1692_초이스 더블 유튜브 프리미엄+디바이스_만 34세 이하_모아진,KT,초이스 더블 유튜브 프리미엄+디바이스 (모아진),OTT/구독,모아진,,,,,True,플러스 혜택,지니 스마트 음악감상 / 밀리의서재 / 쇼핑라운지 할인 쿠폰 (5천원권) / 모아진,https://product.kt.com/wDic/productDetail.do?ItemCode=1692
1692_초이스 더블 유튜브 프리미엄+디바이스_만 34세 이하_모아진,KT,초이스 더블 유튜브 프리미엄+디바이스 (모아진),OTT/구독,유튜브 프리미엄 라이트,유튜브 프리미엄,,,,False,,유튜브 프리미엄 라이트 / 디바이스 할인(최대 6천원),https://product.kt.com/wDic/productDetail.do?ItemCode=1692
1692_초이스 더블 유튜브 프리미엄+디바이스_만 34세 이하_모아진,KT,초이스 더블 유튜브 프리미엄+디바이스 (모아진),스마트기기,디바이스 할인(최대 6천원),,,,,False,,유튜브 프리미엄 라이트 / 디바이스 할인(최대 6천원),https://product.kt.com/wDic/productDetail.do?ItemCode=1692
1692_초이스 더블 유튜브 프리미엄+디바이스_만 34세 이하_모아진,KT,초이스 더블 유튜브 프리미엄+디바이스 (모아진),멤버십,멤버십 VVIP,,,,,False,,멤버십: VVIP,https://product.kt.com/wDic/productDetail.do?ItemCode=1692
1692_초이스 더블 유튜브 프리미엄+디바이스_만 34세 이하_모아진,KT,초이스 더블 유튜브 프리미엄+디바이스 (모아진),기타,"단말보험 최대 4,500원 할인 2)",,,,,False,,"단말보험: 최대 4,500원 할인 2)",https://product.kt.com/wDic/productDetail.do?ItemCode=1692
1692_초이스 더블 유튜브 프리미엄+디바이스_만 34세 이하_모아진,KT,초이스 더블 유튜브 프리미엄+디바이스 (모아진),스마트기기,스마트기기 또는 데이터 쉐어링 스마트 기기 월정액 / 데이터 쉐어링 월정액 각 1회선 할인,,,,,False,,스마트기기 또는 데이터 쉐어링: 스마트 기기 월정액 / 데이터 쉐어링 월정액 각 1회선 할인,https://product.kt.com/wDic/productDetail.do?ItemCode=1692
1692_초이스 더블 유튜브 프리미엄+디바이스_만 34세 이하_모아진,KT,초이스 더블 유튜브 프리미엄+디바이스 (모아진),추가데이터,공유데이터 90GB,,,,,False,,공유데이터: 90GB,https://product.kt.com/wDic/productDetail.do?ItemCode=1692
1692_초이스 더블 유튜브 프리미엄+디바이스_만 34세 이하_모아진,KT,초이스 더블 유튜브 프리미엄+디바이스 (모아진),추가데이터,만 34세 이하 +90GB,,,,,False,,제공 혜택_Y덤 혜택_공유 데이터: +90GB,https://product.kt.com/wDic/productDetail.do?ItemCode=1692
1692_초이스 더블 디바이스_만 34세 이하_지니스마트음악감상,KT,초이스 더블 디바이스 (지니 스마트 음악감상),OTT/구독,지니 스마트 음악감상,지니뮤직,,,,True,플러스 혜택,지니 스마트 음악감상 / 밀리의서재 / 쇼핑라운지 할인 쿠폰 (5천원권) / 모아진,https://product.kt.com/wDic/productDetail.do?ItemCode=1692
1692_초이스 더블 디바이스_만 34세 이하_지니스마트음악감상,KT,초이스 더블 디바이스 (지니 스마트 음악감상),스마트기기,디바이스 할인 (1개 or 2개 선택 가능) 1개 선택 시 최대 12천원 할인 2개 선택 시 각 최대 6천원 할인,,,,,False,,디바이스 할인 (1개 or 2개 선택 가능) 1개 선택 시 최대 12천원 할인 2개 선택 시 각 최대 6천원 할인 / 1개 선택 시 최대 12천원 할인 / 2개 선택 시 각 최대 6천원 할인,https://product.kt.com/wDic/productDetail.do?ItemCode=1692
1692_초이스 더블 디바이스_만 34세 이하_지니스마트음악감상,KT,초이스 더블 디바이스 (지니 스마트 음악감상),OTT/구독,1개 선택 시 최대 12천원 할인,,,,,False,,디바이스 할인 (1개 or 2개 선택 가능) 1개 선택 시 최대 12천원 할인 2개 선택 시 각 최대 6천원 할인 / 1개 선택 시 최대 12천원 할인 / 2개 선택 시 각 최대 6천원 할인,https://product.kt.com/wDic/productDetail.do?ItemCode=1692
1692_초이스 더블 디바이스_만 34세 이하_지니스마트음악감상,KT,초이스 더블 디바이스 (지니 스마트 음악감상),OTT/구독,2개 선택 시 각 최대 6천원 할인,,,,,False,,디바이스 할인 (1개 or 2개 선택 가능) 1개 선택 시 최대 12천원 할인 2개 선택 시 각 최대 6천원 할인 / 1개 선택 시 최대 12천원 할인 / 2개 선택 시 각 최대 6천원 할인,https://product.kt.com/wDic/productDetail.do?ItemCode=1692
1692_초이스 더블 디바이스_만 34세 이하_지니스마트음악감상,KT,초이스 더블 디바이스 (지니 스마트 음악감상),멤버십,멤버십 VVIP,,,,,False,,멤버십: VVIP,https://product.kt.com/wDic/productDetail.do?ItemCode=1692
1692_초이스 더블 디바이스_만 34세 이하_지니스마트음악감상,KT,초이스 더블 디바이스 (지니 스마트 음악감상),기타,"단말보험 최대 4,500원 할인 2)",,,,,False,,"단말보험: 최대 4,500원 할인 2)",https://product.kt.com/wDic/productDetail.do?ItemCode=1692
1692_초이스 더블 디바이스_만 34세 이하_지니스마트음악감상,KT,초이스 더블 디바이스 (지니 스마트 음악감상),스마트기기,스마트기기 또는 데이터 쉐어링 스마트 기기 월정액 / 데이터 쉐어링 월정액 각 1회선 할인,,,,,False,,스마트기기 또는 데이터 쉐어링: 스마트 기기 월정액 / 데이터 쉐어링 월정액 각 1회선 할인,https://product.kt.com/wDic/productDetail.do?ItemCode=1692
1692_초이스 더블 디바이스_만 34세 이하_지니스마트음악감상,KT,초이스 더블 디바이스 (지니 스마트 음악감상),추가데이터,공유데이터 90GB,,,,,False,,공유데이터: 90GB,https://product.kt.com/wDic/productDetail.do?ItemCode=1692
1692_초이스 더블 디바이스_만 34세 이하_지니스마트음악감상,KT,초이스 더블 디바이스 (지니 스마트 음악감상),추가데이터,만 34세 이하 +90GB,,,,,False,,제공 혜택_Y덤 혜택_공유 데이터: +90GB,https://product.kt.com/wDic/productDetail.do?ItemCode=1692
1692_초이스 더블 디바이스_만 34세 이하_밀리의서재,KT,초이스 더블 디바이스 (밀리의서재),OTT/구독,밀리의서재,밀리의서재,,,,True,플러스 혜택,지니 스마트 음악감상 / 밀리의서재 / 쇼핑라운지 할인 쿠폰 (5천원권) / 모아진,https://product.kt.com/wDic/productDetail.do?ItemCode=1692
1692_초이스 더블 디바이스_만 34세 이하_밀리의서재,KT,초이스 더블 디바이스 (밀리의서재),스마트기기,디바이스 할인 (1개 or 2개 선택 가능) 1개 선택 시 최대 12천원 할인 2개 선택 시 각 최대 6천원 할인,,,,,False,,디바이스 할인 (1개 or 2개 선택 가능) 1개 선택 시 최대 12천원 할인 2개 선택 시 각 최대 6천원 할인 / 1개 선택 시 최대 12천원 할인 / 2개 선택 시 각 최대 6천원 할인,https://product.kt.com/wDic/productDetail.do?ItemCode=1692
1692_초이스 더블 디바이스_만 34세 이하_밀리의서재,KT,초이스 더블 디바이스 (밀리의서재),OTT/구독,1개 선택 시 최대 12천원 할인,,,,,False,,디바이스 할인 (1개 or 2개 선택 가능) 1개 선택 시 최대 12천원 할인 2개 선택 시 각 최대 6천원 할인 / 1개 선택 시 최대 12천원 할인 / 2개 선택 시 각 최대 6천원 할인,https://product.kt.com/wDic/productDetail.do?ItemCode=1692
1692_초이스 더블 디바이스_만 34세 이하_밀리의서재,KT,초이스 더블 디바이스 (밀리의서재),OTT/구독,2개 선택 시 각 최대 6천원 할인,,,,,False,,디바이스 할인 (1개 or 2개 선택 가능) 1개 선택 시 최대 12천원 할인 2개 선택 시 각 최대 6천원 할인 / 1개 선택 시 최대 12천원 할인 / 2개 선택 시 각 최대 6천원 할인,https://product.kt.com/wDic/productDetail.do?ItemCode=1692
1692_초이스 더블 디바이스_만 34세 이하_밀리의서재,KT,초이스 더블 디바이스 (밀리의서재),멤버십,멤버십 VVIP,,,,,False,,멤버십: VVIP,https://product.kt.com/wDic/productDetail.do?ItemCode=1692
1692_초이스 더블 디바이스_만 34세 이하_밀리의서재,KT,초이스 더블 디바이스 (밀리의서재),기타,"단말보험 최대 4,500원 할인 2)",,,,,False,,"단말보험: 최대 4,500원 할인 2)",https://product.kt.com/wDic/productDetail.do?ItemCode=1692
1692_초이스 더블 디바이스_만 34세 이하_밀리의서재,KT,초이스 더블 디바이스 (밀리의서재),스마트기기,스마트기기 또는 데이터 쉐어링 스마트 기기 월정액 / 데이터 쉐어링 월정액 각 1회선 할인,,,,,False,,스마트기기 또는 데이터 쉐어링: 스마트 기기 월정액 / 데이터 쉐어링 월정액 각 1회선 할인,https://product.kt.com/wDic/productDetail.do?ItemCode=1692
1692_초이스 더블 디바이스_만 34세 이하_밀리의서재,KT,초이스 더블 디바이스 (밀리의서재),추가데이터,공유데이터 90GB,,,,,False,,공유데이터: 90GB,https://product.kt.com/wDic/productDetail.do?ItemCode=1692
1692_초이스 더블 디바이스_만 34세 이하_밀리의서재,KT,초이스 더블 디바이스 (밀리의서재),추가데이터,만 34세 이하 +90GB,,,,,False,,제공 혜택_Y덤 혜택_공유 데이터: +90GB,https://product.kt.com/wDic/productDetail.do?ItemCode=1692
1692_초이스 더블 디바이스_만 34세 이하_쇼핑라운지할인쿠폰(5천원권),KT,초이스 더블 디바이스 (쇼핑라운지 할인 쿠폰 (5천원권)),사은품/페이백,쇼핑라운지 할인 쿠폰 (5천원권),,,,,True,플러스 혜택,지니 스마트 음악감상 / 밀리의서재 / 쇼핑라운지 할인 쿠폰 (5천원권) / 모아진,https://product.kt.com/wDic/productDetail.do?ItemCode=1692
1692_초이스 더블 디바이스_만 34세 이하_쇼핑라운지할인쿠폰(5천원권),KT,초이스 더블 디바이스 (쇼핑라운지 할인 쿠폰 (5천원권)),스마트기기,디바이스 할인 (1개 or 2개 선택 가능) 1개 선택 시 최대 12천원 할인 2개 선택 시 각 최대 6천원 할인,,,,,False,,디바이스 할인 (1개 or 2개 선택 가능) 1개 선택 시 최대 12천원 할인 2개 선택 시 각 최대 6천원 할인 / 1개 선택 시 최대 12천원 할인 / 2개 선택 시 각 최대 6천원 할인,https://product.kt.com/wDic/productDetail.do?ItemCode=1692
1692_초이스 더블 디바이스_만 34세 이하_쇼핑라운지할인쿠폰(5천원권),KT,초이스 더블 디바이스 (쇼핑라운지 할인 쿠폰 (5천원권)),OTT/구독,1개 선택 시 최대 12천원 할인,,,,,False,,디바이스 할인 (1개 or 2개 선택 가능) 1개 선택 시 최대 12천원 할인 2개 선택 시 각 최대 6천원 할인 / 1개 선택 시 최대 12천원 할인 / 2개 선택 시 각 최대 6천원 할인,https://product.kt.com/wDic/productDetail.do?ItemCode=1692
1692_초이스 더블 디바이스_만 34세 이하_쇼핑라운지할인쿠폰(5천원권),KT,초이스 더블 디바이스 (쇼핑라운지 할인 쿠폰 (5천원권)),OTT/구독,2개 선택 시 각 최대 6천원 할인,,,,,False,,디바이스 할인 (1개 or 2개 선택 가능) 1개 선택 시 최대 12천원 할인 2개 선택 시 각 최대 6천원 할인 / 1개 선택 시 최대 12천원 할인 / 2개 선택 시 각 최대 6천원 할인,https://product.kt.com/wDic/productDetail.do?ItemCode=1692
1692_초이스 더블 디바이스_만 34세 이하_쇼핑라운지할인쿠폰(5천원권),KT,초이스 더블 디바이스 (쇼핑라운지 할인 쿠폰 (5천원권)),멤버십,멤버십 VVIP,,,,,False,,멤버십: VVIP,https://product.kt.com/wDic/productDetail.do?ItemCode=1692
1692_초이스 더블 디바이스_만 34세 이하_쇼핑라운지할인쿠폰(5천원권),KT,초이스 더블 디바이스 (쇼핑라운지 할인 쿠폰 (5천원권)),기타,"단말보험 최대 4,500원 할인 2)",,,,,False,,"단말보험: 최대 4,500원 할인 2)",https://product.kt.com/wDic/productDetail.do?ItemCode=1692
1692_초이스 더블 디바이스_만 34세 이하_쇼핑라운지할인쿠폰(5천원권),KT,초이스 더블 디바이스 (쇼핑라운지 할인 쿠폰 (5천원권)),스마트기기,스마트기기 또는 데이터 쉐어링 스마트 기기 월정액 / 데이터 쉐어링 월정액 각 1회선 할인,,,,,False,,스마트기기 또는 데이터 쉐어링: 스마트 기기 월정액 / 데이터 쉐어링 월정액 각 1회선 할인,https://product.kt.com/wDic/productDetail.do?ItemCode=1692
1692_초이스 더블 디바이스_만 34세 이하_쇼핑라운지할인쿠폰(5천원권),KT,초이스 더블 디바이스 (쇼핑라운지 할인 쿠폰 (5천원권)),추가데이터,공유데이터 90GB,,,,,False,,공유데이터: 90GB,https://product.kt.com/wDic/productDetail.do?ItemCode=1692
1692_초이스 더블 디바이스_만 34세 이하_쇼핑라운지할인쿠폰(5천원권),KT,초이스 더블 디바이스 (쇼핑라운지 할인 쿠폰 (5천원권)),추가데이터,만 34세 이하 +90GB,,,,,False,,제공 혜택_Y덤 혜택_공유 데이터: +90GB,https://product.kt.com/wDic/productDetail.do?ItemCode=1692
1692_초이스 더블 디바이스_만 34세 이하_모아진,KT,초이스 더블 디바이스 (모아진),OTT/구독,모아진,,,,,True,플러스 혜택,지니 스마트 음악감상 / 밀리의서재 / 쇼핑라운지 할인 쿠폰 (5천원권) / 모아진,https://product.kt.com/wDic/productDetail.do?ItemCode=1692
1692_초이스 더블 디바이스_만 34세 이하_모아진,KT,초이스 더블 디바이스 (모아진),스마트기기,디바이스 할인 (1개 or 2개 선택 가능) 1개 선택 시 최대 12천원 할인 2개 선택 시 각 최대 6천원 할인,,,,,False,,디바이스 할인 (1개 or 2개 선택 가능) 1개 선택 시 최대 12천원 할인 2개 선택 시 각 최대 6천원 할인 / 1개 선택 시 최대 12천원 할인 / 2개 선택 시 각 최대 6천원 할인,https://product.kt.com/wDic/productDetail.do?ItemCode=1692
1692_초이스 더블 디바이스_만 34세 이하_모아진,KT,초이스 더블 디바이스 (모아진),OTT/구독,1개 선택 시 최대 12천원 할인,,,,,False,,디바이스 할인 (1개 or 2개 선택 가능) 1개 선택 시 최대 12천원 할인 2개 선택 시 각 최대 6천원 할인 / 1개 선택 시 최대 12천원 할인 / 2개 선택 시 각 최대 6천원 할인,https://product.kt.com/wDic/productDetail.do?ItemCode=1692
1692_초이스 더블 디바이스_만 34세 이하_모아진,KT,초이스 더블 디바이스 (모아진),OTT/구독,2개 선택 시 각 최대 6천원 할인,,,,,False,,디바이스 할인 (1개 or 2개 선택 가능) 1개 선택 시 최대 12천원 할인 2개 선택 시 각 최대 6천원 할인 / 1개 선택 시 최대 12천원 할인 / 2개 선택 시 각 최대 6천원 할인,https://product.kt.com/wDic/productDetail.do?ItemCode=1692
1692_초이스 더블 디바이스_만 34세 이하_모아진,KT,초이스 더블 디바이스 (모아진),멤버십,멤버십 VVIP,,,,,False,,멤버십: VVIP,https://product.kt.com/wDic/productDetail.do?ItemCode=1692
1692_초이스 더블 디바이스_만 34세 이하_모아진,KT,초이스 더블 디바이스 (모아진),기타,"단말보험 최대 4,500원 할인 2)",,,,,False,,"단말보험: 최대 4,500원 할인 2)",https://product.kt.com/wDic/productDetail.do?ItemCode=1692
1692_초이스 더블 디바이스_만 34세 이하_모아진,KT,초이스 더블 디바이스 (모아진),스마트기기,스마트기기 또는 데이터 쉐어링 스마트 기기 월정액 / 데이터 쉐어링 월정액 각 1회선 할인,,,,,False,,스마트기기 또는 데이터 쉐어링: 스마트 기기 월정액 / 데이터 쉐어링 월정액 각 1회선 할인,https://product.kt.com/wDic/productDetail.do?ItemCode=1692
1692_초이스 더블 디바이스_만 34세 이하_모아진,KT,초이스 더블 디바이스 (모아진),추가데이터,공유데이터 90GB,,,,,False,,공유데이터: 90GB,https://product.kt.com/wDic/productDetail.do?ItemCode=1692
1692_초이스 더블 디바이스_만 34세 이하_모아진,KT,초이스 더블 디바이스 (모아진),추가데이터,만 34세 이하 +90GB,,,,,False,,제공 혜택_Y덤 혜택_공유 데이터: +90GB,https://product.kt.com/wDic/productDetail.do?ItemCode=1692
1692_초이스 더블 디즈니플러스+폰케어_만 34세 이하_지니스마트음악감상,KT,초이스 더블 디즈니플러스+폰케어 (지니 스마트 음악감상),OTT/구독,지니 스마트 음악감상,지니뮤직,,,,True,플러스 혜택,지니 스마트 음악감상 / 밀리의서재 / 쇼핑라운지 할인 쿠폰 (5천원권) / 모아진,https://product.kt.com/wDic/productDetail.do?ItemCode=1692
1692_초이스 더블 디즈니플러스+폰케어_만 34세 이하_지니스마트음악감상,KT,초이스 더블 디즈니플러스+폰케어 (지니 스마트 음악감상),OTT/구독,디즈니 플러스 스탠다드,디즈니+,스탠다드,,,False,,"디즈니 플러스 스탠다드 / 폰케어 할인(최대 5,500원)",https://product.kt.com/wDic/productDetail.do?ItemCode=1692
1692_초이스 더블 디즈니플러스+폰케어_만 34세 이하_지니스마트음악감상,KT,초이스 더블 디즈니플러스+폰케어 (지니 스마트 음악감상),기타,"폰케어 할인(최대 5,500원)",폰케어,,,,False,,"디즈니 플러스 스탠다드 / 폰케어 할인(최대 5,500원)",https://product.kt.com/wDic/productDetail.do?ItemCode=1692
1692_초이스 더블 디즈니플러스+폰케어_만 34세 이하_지니스마트음악감상,KT,초이스 더블 디즈니플러스+폰케어 (지니 스마트 음악감상),멤버십,멤버십 VVIP,,,,,False,,멤버십: VVIP,https://product.kt.com/wDic/productDetail.do?ItemCode=1692
1692_초이스 더블 디즈니플러스+폰케어_만 34세 이하_지니스마트음악감상,KT,초이스 더블 디즈니플러스+폰케어 (지니 스마트 음악감상),기타,"단말보험 최대 4,500원 할인 2)",,,,,False,,"단말보험: 최대 4,500원 할인 2)",https://product.kt.com/wDic/productDetail.do?ItemCode=1692
1692_초이스 더블 디즈니플러스+폰케어_만 34세 이하_지니스마트음악감상,KT,초이스 더블 디즈니플러스+폰케어 (지니 스마트 음악감상),스마트기기,스마트기기 또는 데이터 쉐어링 스마트 기기 월정액 / 데이터 쉐어링 월정액 각 1회선 할인,,,,,False,,스마트기기 또는 데이터 쉐어링: 스마트 기기 월정액 / 데이터 쉐어링 월정액 각 1회선 할인,https://product.kt.com/wDic/productDetail.do?ItemCode=1692
1692_초이스 더블 디즈니플러스+폰케어_만 34세 이하_지니스마트음악감상,KT,초이스 더블 디즈니플러스+폰케어 (지니 스마트 음악감상),추가데이터,공유데이터 90GB,,,,,False,,공유데이터: 90GB,https://product.kt.com/wDic/productDetail.do?ItemCode=1692
1692_초이스 더블 디즈니플러스+폰케어_만 34세 이하_지니스마트음악감상,KT,초이스 더블 디즈니플러스+폰케어 (지니 스마트 음악감상),추가데이터,만 34세 이하 +90GB,,,,,False,,제공 혜택_Y덤 혜택_공유 데이터: +90GB,https://product.kt.com/wDic/productDetail.do?ItemCode=1692
1692_초이스 더블 디즈니플러스+폰케어_만 34세 이하_밀리의서재,KT,초이스 더블 디즈니플러스+폰케어 (밀리의서재),OTT/구독,밀리의서재,밀리의서재,,,,True,플러스 혜택,지니 스마트 음악감상 / 밀리의서재 / 쇼핑라운지 할인 쿠폰 (5천원권) / 모아진,https://product.kt.com/wDic/productDetail.do?ItemCode=1692
1692_초이스 더블 디즈니플러스+폰케어_만 34세 이하_밀리의서재,KT,초이스 더블 디즈니플러스+폰케어 (밀리의서재),OTT/구독,디즈니 플러스 스탠다드,디즈니+,스탠다드,,,False,,"디즈니 플러스 스탠다드 / 폰케어 할인(최대 5,500원)",https://product.kt.com/wDic/productDetail.do?ItemCode=1692
1692_초이스 더블 디즈니플러스+폰케어_만 34세 이하_밀리의서재,KT,초이스 더블 디즈니플러스+폰케어 (밀리의서재),기타,"폰케어 할인(최대 5,500원)",폰케어,,,,False,,"디즈니 플러스 스탠다드 / 폰케어 할인(최대 5,500원)",https://product.kt.com/wDic/productDetail.do?ItemCode=1692
1692_초이스 더블 디즈니플러스+폰케어_만 34세 이하_밀리의서재,KT,초이스 더블 디즈니플러스+폰케어 (밀리의서재),멤버십,멤버십 VVIP,,,,,False,,멤버십: VVIP,https://product.kt.com/wDic/productDetail.do?ItemCode=1692
1692_초이스 더블 디즈니플러스+폰케어_만 34세 이하_밀리의서재,KT,초이스 더블 디즈니플러스+폰케어 (밀리의서재),기타,"단말보험 최대 4,500원 할인 2)",,,,,False,,"단말보험: 최대 4,500원 할인 2)",https://product.kt.com/wDic/productDetail.do?ItemCode=1692
1692_초이스 더블 디즈니플러스+폰케어_만 34세 이하_밀리의서재,KT,초이스 더블 디즈니플러스+폰케어 (밀리의서재),스마트기기,스마트기기 또는 데이터 쉐어링 스마트 기기 월정액 / 데이터 쉐어링 월정액 각 1회선 할인,,,,,False,,스마트기기 또는 데이터 쉐어링: 스마트 기기 월정액 / 데이터 쉐어링 월정액 각 1회선 할인,https://product.kt.com/wDic/productDetail.do?ItemCode=1692
1692_초이스 더블 디즈니플러스+폰케어_만 34세 이하_밀리의서재,KT,초이스 더블 디즈니플러스+폰케어 (밀리의서재),추가데이터,공유데이터 90GB,,,,,False,,공유데이터: 90GB,https://product.kt.com/wDic/productDetail.do?ItemCode=1692
1692_초이스 더블 디즈니플러스+폰케어_만 34세 이하_밀리의서재,KT,초이스 더블 디즈니플러스+폰케어 (밀리의서재),추가데이터,만 34세 이하 +90GB,,,,,False,,제공 혜택_Y덤 혜택_공유 데이터: +90GB,https://product.kt.com/wDic/productDetail.do?ItemCode=1692
1692_초이스 더블 디즈니플러스+폰케어_만 34세 이하_쇼핑라운지할인쿠폰(5천원권),KT,초이스 더블 디즈니플러스+폰케어 (쇼핑라운지 할인 쿠폰 (5천원권)),사은품/페이백,쇼핑라운지 할인 쿠폰 (5천원권),,,,,True,플러스 혜택,지니 스마트 음악감상 / 밀리의서재 / 쇼핑라운지 할인 쿠폰 (5천원권) / 모아진,https://product.kt.com/wDic/productDetail.do?ItemCode=1692
1692_초이스 더블 디즈니플러스+폰케어_만 34세 이하_쇼핑라운지할인쿠폰(5천원권),KT,초이스 더블 디즈니플러스+폰케어 (쇼핑라운지 할인 쿠폰 (5천원권)),OTT/구독,디즈니 플러스 스탠다드,디즈니+,스탠다드,,,False,,"디즈니 플러스 스탠다드 / 폰케어 할인(최대 5,500원)",https://product.kt.com/wDic/productDetail.do?ItemCode=1692
1692_초이스 더블 디즈니플러스+폰케어_만 34세 이하_쇼핑라운지할인쿠폰(5천원권),KT,초이스 더블 디즈니플러스+폰케어 (쇼핑라운지 할인 쿠폰 (5천원권)),기타,"폰케어 할인(최대 5,500원)",폰케어,,,,False,,"디즈니 플러스 스탠다드 / 폰케어 할인(최대 5,500원)",https://product.kt.com/wDic/productDetail.do?ItemCode=1692
1692_초이스 더블 디즈니플러스+폰케어_만 34세 이하_쇼핑라운지할인쿠폰(5천원권),KT,초이스 더블 디즈니플러스+폰케어 (쇼핑라운지 할인 쿠폰 (5천원권)),멤버십,멤버십 VVIP,,,,,False,,멤버십: VVIP,https://product.kt.com/wDic/productDetail.do?ItemCode=1692
1692_초이스 더블 디즈니플러스+폰케어_만 34세 이하_쇼핑라운지할인쿠폰(5천원권),KT,초이스 더블 디즈니플러스+폰케어 (쇼핑라운지 할인 쿠폰 (5천원권)),기타,"단말보험 최대 4,500원 할인 2)",,,,,False,,"단말보험: 최대 4,500원 할인 2)",https://product.kt.com/wDic/productDetail.do?ItemCode=1692
1692_초이스 더블 디즈니플러스+폰케어_만 34세 이하_쇼핑라운지할인쿠폰(5천원권),KT,초이스 더블 디즈니플러스+폰케어 (쇼핑라운지 할인 쿠폰 (5천원권)),스마트기기,스마트기기 또는 데이터 쉐어링 스마트 기기 월정액 / 데이터 쉐어링 월정액 각 1회선 할인,,,,,False,,스마트기기 또는 데이터 쉐어링: 스마트 기기 월정액 / 데이터 쉐어링 월정액 각 1회선 할인,https://product.kt.com/wDic/productDetail.do?ItemCode=1692
1692_초이스 더블 디즈니플러스+폰케어_만 34세 이하_쇼핑라운지할인쿠폰(5천원권),KT,초이스 더블 디즈니플러스+폰케어 (쇼핑라운지 할인 쿠폰 (5천원권)),추가데이터,공유데이터 90GB,,,,,False,,공유데이터: 90GB,https://product.kt.com/wDic/productDetail.do?ItemCode=1692
1692_초이스 더블 디즈니플러스+폰케어_만 34세 이하_쇼핑라운지할인쿠폰(5천원권),KT,초이스 더블 디즈니플러스+폰케어 (쇼핑라운지 할인 쿠폰 (5천원권)),추가데이터,만 34세 이하 +90GB,,,,,False,,제공 혜택_Y덤 혜택_공유 데이터: +90GB,https://product.kt.com/wDic/productDetail.do?ItemCode=1692
1692_초이스 더블 디즈니플러스+폰케어_만 34세 이하_모아진,KT,초이스 더블 디즈니플러스+폰케어 (모아진),OTT/구독,모아진,,,,,True,플러스 혜택,지니 스마트 음악감상 / 밀리의서재 / 쇼핑라운지 할인 쿠폰 (5천원권) / 모아진,https://product.kt.com/wDic/productDetail.do?ItemCode=1692
1692_초이스 더블 디즈니플러스+폰케어_만 34세 이하_모아진,KT,초이스 더블 디즈니플러스+폰케어 (모아진),OTT/구독,디즈니 플러스 스탠다드,디즈니+,스탠다드,,,False,,"디즈니 플러스 스탠다드 / 폰케어 할인(최대 5,500원)",https://product.kt.com/wDic/productDetail.do?ItemCode=1692
1692_초이스 더블 디즈니플러스+폰케어_만 34세 이하_모아진,KT,초이스 더블 디즈니플러스+폰케어 (모아진),기타,"폰케어 할인(최대 5,500원)",폰케어,,,,False,,"디즈니 플러스 스탠다드 / 폰케어 할인(최대 5,500원)",https://product.kt.com/wDic/productDetail.do?ItemCode=1692
1692_초이스 더블 디즈니플러스+폰케어_만 34세 이하_모아진,KT,초이스 더블 디즈니플러스+폰케어 (모아진),멤버십,멤버십 VVIP,,,,,False,,멤버십: VVIP,https://product.kt.com/wDic/productDetail.do?ItemCode=1692
1692_초이스 더블 디즈니플러스+폰케어_만 34세 이하_모아진,KT,초이스 더블 디즈니플러스+폰케어 (모아진),기타,"단말보험 최대 4,500원 할인 2)",,,,,False,,"단말보험: 최대 4,500원 할인 2)",https://product.kt.com/wDic/productDetail.do?ItemCode=1692
1692_초이스 더블 디즈니플러스+폰케어_만 34세 이하_모아진,KT,초이스 더블 디즈니플러스+폰케어 (모아진),스마트기기,스마트기기 또는 데이터 쉐어링 스마트 기기 월정액 / 데이터 쉐어링 월정액 각 1회선 할인,,,,,False,,스마트기기 또는 데이터 쉐어링: 스마트 기기 월정액 / 데이터 쉐어링 월정액 각 1회선 할인,https://product.kt.com/wDic/productDetail.do?ItemCode=1692
1692_초이스 더블 디즈니플러스+폰케어_만 34세 이하_모아진,KT,초이스 더블 디즈니플러스+폰케어 (모아진),추가데이터,공유데이터 90GB,,,,,False,,공유데이터: 90GB,https://product.kt.com/wDic/productDetail.do?ItemCode=1692
1692_초이스 더블 디즈니플러스+폰케어_만 34세 이하_모아진,KT,초이스 더블 디즈니플러스+폰케어 (모아진),추가데이터,만 34세 이하 +90GB,,,,,False,,제공 혜택_Y덤 혜택_공유 데이터: +90GB,https://product.kt.com/wDic/productDetail.do?ItemCode=1692
1692_초이스 더블 유튜브 프리미엄+넷플릭스_만 65세 이상_지니스마트음악감상,KT,초이스 더블 유튜브 프리미엄+넷플릭스 (지니 스마트 음악감상),OTT/구독,지니 스마트 음악감상,지니뮤직,,,,True,플러스 혜택,지니 스마트 음악감상 / 밀리의서재 / 쇼핑라운지 할인 쿠폰 (5천원권) / 모아진,https://product.kt.com/wDic/productDetail.do?ItemCode=1692
1692_초이스 더블 유튜브 프리미엄+넷플릭스_만 65세 이상_지니스마트음악감상,KT,초이스 더블 유튜브 프리미엄+넷플릭스 (지니 스마트 음악감상),OTT/구독,유튜브 프리미엄 라이트,유튜브 프리미엄,,,,False,,유튜브 프리미엄 라이트 / 넷플릭스 광고형 스탠다드,https://product.kt.com/wDic/productDetail.do?ItemCode=1692
1692_초이스 더블 유튜브 프리미엄+넷플릭스_만 65세 이상_지니스마트음악감상,KT,초이스 더블 유튜브 프리미엄+넷플릭스 (지니 스마트 음악감상),OTT/구독,넷플릭스 광고형 스탠다드,넷플릭스,광고형 스탠다드,,,False,,유튜브 프리미엄 라이트 / 넷플릭스 광고형 스탠다드,https://product.kt.com/wDic/productDetail.do?ItemCode=1692
1692_초이스 더블 유튜브 프리미엄+넷플릭스_만 65세 이상_지니스마트음악감상,KT,초이스 더블 유튜브 프리미엄+넷플릭스 (지니 스마트 음악감상),멤버십,멤버십 VVIP,,,,,False,,멤버십: VVIP,https://product.kt.com/wDic/productDetail.do?ItemCode=1692
1692_초이스 더블 유튜브 프리미엄+넷플릭스_만 65세 이상_지니스마트음악감상,KT,초이스 더블 유튜브 프리미엄+넷플릭스 (지니 스마트 음악감상),기타,"단말보험 최대 4,500원 할인 2)",,,,,False,,"단말보험: 최대 4,500원 할인 2)",https://product.kt.com/wDic/productDetail.do?ItemCode=1692
1692_초이스 더블 유튜브 프리미엄+넷플릭스_만 65세 이상_지니스마트음악감상,KT,초이스 더블 유튜브 프리미엄+넷플릭스 (지니 스마트 음악감상),스마트기기,스마트기기 또는 데이터 쉐어링 스마트 기기 월정액 / 데이터 쉐어링 월정액 각 1회선 할인,,,,,False,,스마트기기 또는 데이터 쉐어링: 스마트 기기 월정액 / 데이터 쉐어링 월정액 각 1회선 할인,https://product.kt.com/wDic/productDetail.do?ItemCode=1692
1692_초이스 더블 유튜브 프리미엄+넷플릭스_만 65세 이상_지니스마트음악감상,KT,초이스 더블 유튜브 프리미엄+넷플릭스 (지니 스마트 음악감상),추가데이터,공유데이터 90GB,,,,,False,,공유데이터: 90GB,https://product.kt.com/wDic/productDetail.do?ItemCode=1692
1692_초이스 더블 유튜브 프리미엄+넷플릭스_만 65세 이상_지니스마트음악감상,KT,초이스 더블 유튜브 프리미엄+넷플릭스 (지니 스마트 음악감상),추가데이터,만 65세 이상 +45GB,,,,,False,,제공 혜택_65+ 덤 혜택_공유 데이터: +45GB,https://product.kt.com/wDic/productDetail.do?ItemCode=1692
1692_초이스 더블 유튜브 프리미엄+넷플릭스_만 65세 이상_지니스마트음악감상,KT,초이스 더블 유튜브 프리미엄+넷플릭스 (지니 스마트 음악감상),기타,만 65세 이상 안심박스,,,,,False,,제공 혜택_65+ 덤 혜택_추가 혜택: 안심박스 자세히보기,https://product.kt.com/wDic/productDetail.do?ItemCode=1692
1692_초이스 더블 유튜브 프리미엄+넷플릭스_만 65세 이상_밀리의서재,KT,초이스 더블 유튜브 프리미엄+넷플릭스 (밀리의서재),OTT/구독,밀리의서재,밀리의서재,,,,True,플러스 혜택,지니 스마트 음악감상 / 밀리의서재 / 쇼핑라운지 할인 쿠폰 (5천원권) / 모아진,https://product.kt.com/wDic/productDetail.do?ItemCode=1692
1692_초이스 더블 유튜브 프리미엄+넷플릭스_만 65세 이상_밀리의서재,KT,초이스 더블 유튜브 프리미엄+넷플릭스 (밀리의서재),OTT/구독,유튜브 프리미엄 라이트,유튜브 프리미엄,,,,False,,유튜브 프리미엄 라이트 / 넷플릭스 광고형 스탠다드,https://product.kt.com/wDic/productDetail.do?ItemCode=1692
1692_초이스 더블 유튜브 프리미엄+넷플릭스_만 65세 이상_밀리의서재,KT,초이스 더블 유튜브 프리미엄+넷플릭스 (밀리의서재),OTT/구독,넷플릭스 광고형 스탠다드,넷플릭스,광고형 스탠다드,,,False,,유튜브 프리미엄 라이트 / 넷플릭스 광고형 스탠다드,https://product.kt.com/wDic/productDetail.do?ItemCode=1692
1692_초이스 더블 유튜브 프리미엄+넷플릭스_만 65세 이상_밀리의서재,KT,초이스 더블 유튜브 프리미엄+넷플릭스 (밀리의서재),멤버십,멤버십 VVIP,,,,,False,,멤버십: VVIP,https://product.kt.com/wDic/productDetail.do?ItemCode=1692
1692_초이스 더블 유튜브 프리미엄+넷플릭스_만 65세 이상_밀리의서재,KT,초이스 더블 유튜브 프리미엄+넷플릭스 (밀리의서재),기타,"단말보험 최대 4,500원 할인 2)",,,,,False,,"단말보험: 최대 4,500원 할인 2)",https://product.kt.com/wDic/productDetail.do?ItemCode=1692
1692_초이스 더블 유튜브 프리미엄+넷플릭스_만 65세 이상_밀리의서재,KT,초이스 더블 유튜브 프리미엄+넷플릭스 (밀리의서재),스마트기기,스마트기기 또는 데이터 쉐어링 스마트 기기 월정액 / 데이터 쉐어링 월정액 각 1회선 할인,,,,,False,,스마트기기 또는 데이터 쉐어링: 스마트 기기 월정액 / 데이터 쉐어링 월정액 각 1회선 할인,https://product.kt.com/wDic/productDetail.do?ItemCode=1692
1692_초이스 더블 유튜브 프리미엄+넷플릭스_만 65세 이상_밀리의서재,KT,초이스 더블 유튜브 프리미엄+넷플릭스 (밀리의서재),추가데이터,공유데이터 90GB,,,,,False,,공유데이터: 90GB,https://product.kt.com/wDic/productDetail.do?ItemCode=1692
1692_초이스 더블 유튜브 프리미엄+넷플릭스_만 65세 이상_밀리의서재,KT,초이스 더블 유튜브 프리미엄+넷플릭스 (밀리의서재),추가데이터,만 65세 이상 +45GB,,,,,False,,제공 혜택_65+ 덤 혜택_공유 데이터: +45GB,https://product.kt.com/wDic/productDetail.do?ItemCode=1692
1692_초이스 더블 유튜브 프리미엄+넷플릭스_만 65세 이상_밀리의서재,KT,초이스 더블 유튜브 프리미엄+넷플릭스 (밀리의서재),기타,만 65세 이상 안심박스,,,,,False,,제공 혜택_65+ 덤 혜택_추가 혜택: 안심박스 자세히보기,https://product.kt.com/wDic/productDetail.do?ItemCode=1692
1692_초이스 더블 유튜브 프리미엄+넷플릭스_만 65세 이상_쇼핑라운지할인쿠폰(5천원권),KT,초이스 더블 유튜브 프리미엄+넷플릭스 (쇼핑라운지 할인 쿠폰 (5천원권)),사은품/페이백,쇼핑라운지 할인 쿠폰 (5천원권),,,,,True,플러스 혜택,지니 스마트 음악감상 / 밀리의서재 / 쇼핑라운지 할인 쿠폰 (5천원권) / 모아진,https://product.kt.com/wDic/productDetail.do?ItemCode=1692
1692_초이스 더블 유튜브 프리미엄+넷플릭스_만 65세 이상_쇼핑라운지할인쿠폰(5천원권),KT,초이스 더블 유튜브 프리미엄+넷플릭스 (쇼핑라운지 할인 쿠폰 (5천원권)),OTT/구독,유튜브 프리미엄 라이트,유튜브 프리미엄,,,,False,,유튜브 프리미엄 라이트 / 넷플릭스 광고형 스탠다드,https://product.kt.com/wDic/productDetail.do?ItemCode=1692
1692_초이스 더블 유튜브 프리미엄+넷플릭스_만 65세 이상_쇼핑라운지할인쿠폰(5천원권),KT,초이스 더블 유튜브 프리미엄+넷플릭스 (쇼핑라운지 할인 쿠폰 (5천원권)),OTT/구독,넷플릭스 광고형 스탠다드,넷플릭스,광고형 스탠다드,,,False,,유튜브 프리미엄 라이트 / 넷플릭스 광고형 스탠다드,https://product.kt.com/wDic/productDetail.do?ItemCode=1692
1692_초이스 더블 유튜브 프리미엄+넷플릭스_만 65세 이상_쇼핑라운지할인쿠폰(5천원권),KT,초이스 더블 유튜브 프리미엄+넷플릭스 (쇼핑라운지 할인 쿠폰 (5천원권)),멤버십,멤버십 VVIP,,,,,False,,멤버십: VVIP,https://product.kt.com/wDic/productDetail.do?ItemCode=1692
1692_초이스 더블 유튜브 프리미엄+넷플릭스_만 65세 이상_쇼핑라운지할인쿠폰(5천원권),KT,초이스 더블 유튜브 프리미엄+넷플릭스 (쇼핑라운지 할인 쿠폰 (5천원권)),기타,"단말보험 최대 4,500원 할인 2)",,,,,False,,"단말보험: 최대 4,500원 할인 2)",https://product.kt.com/wDic/productDetail.do?ItemCode=1692
1692_초이스 더블 유튜브 프리미엄+넷플릭스_만 65세 이상_쇼핑라운지할인쿠폰(5천원권),KT,초이스 더블 유튜브 프리미엄+넷플릭스 (쇼핑라운지 할인 쿠폰 (5천원권)),스마트기기,스마트기기 또는 데이터 쉐어링 스마트 기기 월정액 / 데이터 쉐어링 월정액 각 1회선 할인,,,,,False,,스마트기기 또는 데이터 쉐어링: 스마트 기기 월정액 / 데이터 쉐어링 월정액 각 1회선 할인,https://product.kt.com/wDic/productDetail.do?ItemCode=1692
1692_초이스 더블 유튜브 프리미엄+넷플릭스_만 65세 이상_쇼핑라운지할인쿠폰(5천원권),KT,초이스 더블 유튜브 프리미엄+넷플릭스 (쇼핑라운지 할인 쿠폰 (5천원권)),추가데이터,공유데이터 90GB,,,,,False,,공유데이터: 90GB,https://product.kt.com/wDic/productDetail.do?ItemCode=1692
1692_초이스 더블 유튜브 프리미엄+넷플릭스_만 65세 이상_쇼핑라운지할인쿠폰(5천원권),KT,초이스 더블 유튜브 프리미엄+넷플릭스 (쇼핑라운지 할인 쿠폰 (5천원권)),추가데이터,만 65세 이상 +45GB,,,,,False,,제공 혜택_65+ 덤 혜택_공유 데이터: +45GB,https://product.kt.com/wDic/productDetail.do?ItemCode=1692
1692_초이스 더블 유튜브 프리미엄+넷플릭스_만 65세 이상_쇼핑라운지할인쿠폰(5천원권),KT,초이스 더블 유튜브 프리미엄+넷플릭스 (쇼핑라운지 할인 쿠폰 (5천원권)),기타,만 65세 이상 안심박스,,,,,False,,제공 혜택_65+ 덤 혜택_추가 혜택: 안심박스 자세히보기,https://product.kt.com/wDic/productDetail.do?ItemCode=1692
1692_초이스 더블 유튜브 프리미엄+넷플릭스_만 65세 이상_모아진,KT,초이스 더블 유튜브 프리미엄+넷플릭스 (모아진),OTT/구독,모아진,,,,,True,플러스 혜택,지니 스마트 음악감상 / 밀리의서재 / 쇼핑라운지 할인 쿠폰 (5천원권) / 모아진,https://product.kt.com/wDic/productDetail.do?ItemCode=1692
1692_초이스 더블 유튜브 프리미엄+넷플릭스_만 65세 이상_모아진,KT,초이스 더블 유튜브 프리미엄+넷플릭스 (모아진),OTT/구독,유튜브 프리미엄 라이트,유튜브 프리미엄,,,,False,,유튜브 프리미엄 라이트 / 넷플릭스 광고형 스탠다드,https://product.kt.com/wDic/productDetail.do?ItemCode=1692
1692_초이스 더블 유튜브 프리미엄+넷플릭스_만 65세 이상_모아진,KT,초이스 더블 유튜브 프리미엄+넷플릭스 (모아진),OTT/구독,넷플릭스 광고형 스탠다드,넷플릭스,광고형 스탠다드,,,False,,유튜브 프리미엄 라이트 / 넷플릭스 광고형 스탠다드,https://product.kt.com/wDic/productDetail.do?ItemCode=1692
1692_초이스 더블 유튜브 프리미엄+넷플릭스_만 65세 이상_모아진,KT,초이스 더블 유튜브 프리미엄+넷플릭스 (모아진),멤버십,멤버십 VVIP,,,,,False,,멤버십: VVIP,https://product.kt.com/wDic/productDetail.do?ItemCode=1692
1692_초이스 더블 유튜브 프리미엄+넷플릭스_만 65세 이상_모아진,KT,초이스 더블 유튜브 프리미엄+넷플릭스 (모아진),기타,"단말보험 최대 4,500원 할인 2)",,,,,False,,"단말보험: 최대 4,500원 할인 2)",https://product.kt.com/wDic/productDetail.do?ItemCode=1692
1692_초이스 더블 유튜브 프리미엄+넷플릭스_만 65세 이상_모아진,KT,초이스 더블 유튜브 프리미엄+넷플릭스 (모아진),스마트기기,스마트기기 또는 데이터 쉐어링 스마트 기기 월정액 / 데이터 쉐어링 월정액 각 1회선 할인,,,,,False,,스마트기기 또는 데이터 쉐어링: 스마트 기기 월정액 / 데이터 쉐어링 월정액 각 1회선 할인,https://product.kt.com/wDic/productDetail.do?ItemCode=1692
1692_초이스 더블 유튜브 프리미엄+넷플릭스_만 65세 이상_모아진,KT,초이스 더블 유튜브 프리미엄+넷플릭스 (모아진),추가데이터,공유데이터 90GB,,,,,False,,공유데이터: 90GB,https://product.kt.com/wDic/productDetail.do?ItemCode=1692
1692_초이스 더블 유튜브 프리미엄+넷플릭스_만 65세 이상_모아진,KT,초이스 더블 유튜브 프리미엄+넷플릭스 (모아진),추가데이터,만 65세 이상 +45GB,,,,,False,,제공 혜택_65+ 덤 혜택_공유 데이터: +45GB,https://product.kt.com/wDic/productDetail.do?ItemCode=1692
1692_초이스 더블 유튜브 프리미엄+넷플릭스_만 65세 이상_모아진,KT,초이스 더블 유튜브 프리미엄+넷플릭스 (모아진),기타,만 65세 이상 안심박스,,,,,False,,제공 혜택_65+ 덤 혜택_추가 혜택: 안심박스 자세히보기,https://product.kt.com/wDic/productDetail.do?ItemCode=1692
1692_초이스 더블 유튜브 프리미엄+디바이스_만 65세 이상_지니스마트음악감상,KT,초이스 더블 유튜브 프리미엄+디바이스 (지니 스마트 음악감상),OTT/구독,지니 스마트 음악감상,지니뮤직,,,,True,플러스 혜택,지니 스마트 음악감상 / 밀리의서재 / 쇼핑라운지 할인 쿠폰 (5천원권) / 모아진,https://product.kt.com/wDic/productDetail.do?ItemCode=1692
1692_초이스 더블 유튜브 프리미엄+디바이스_만 65세 이상_지니스마트음악감상,KT,초이스 더블 유튜브 프리미엄+디바이스 (지니 스마트 음악감상),OTT/구독,유튜브 프리미엄 라이트,유튜브 프리미엄,,,,False,,유튜브 프리미엄 라이트 / 디바이스 할인(최대 6천원),https://product.kt.com/wDic/productDetail.do?ItemCode=1692
1692_초이스 더블 유튜브 프리미엄+디바이스_만 65세 이상_지니스마트음악감상,KT,초이스 더블 유튜브 프리미엄+디바이스 (지니 스마트 음악감상),스마트기기,디바이스 할인(최대 6천원),,,,,False,,유튜브 프리미엄 라이트 / 디바이스 할인(최대 6천원),https://product.kt.com/wDic/productDetail.do?ItemCode=1692
1692_초이스 더블 유튜브 프리미엄+디바이스_만 65세 이상_지니스마트음악감상,KT,초이스 더블 유튜브 프리미엄+디바이스 (지니 스마트 음악감상),멤버십,멤버십 VVIP,,,,,False,,멤버십: VVIP,https://product.kt.com/wDic/productDetail.do?ItemCode=1692
1692_초이스 더블 유튜브 프리미엄+디바이스_만 65세 이상_지니스마트음악감상,KT,초이스 더블 유튜브 프리미엄+디바이스 (지니 스마트 음악감상),기타,"단말보험 최대 4,500원 할인 2)",,,,,False,,"단말보험: 최대 4,500원 할인 2)",https://product.kt.com/wDic/productDetail.do?ItemCode=1692
1692_초이스 더블 유튜브 프리미엄+디바이스_만 65세 이상_지니스마트음악감상,KT,초이스 더블 유튜브 프리미엄+디바이스 (지니 스마트 음악감상),스마트기기,스마트기기 또는 데이터 쉐어링 스마트 기기 월정액 / 데이터 쉐어링 월정액 각 1회선 할인,,,,,False,,스마트기기 또는 데이터 쉐어링: 스마트 기기 월정액 / 데이터 쉐어링 월정액 각 1회선 할인,https://product.kt.com/wDic/productDetail.do?ItemCode=1692
1692_초이스 더블 유튜브 프리미엄+디바이스_만 65세 이상_지니스마트음악감상,KT,초이스 더블 유튜브 프리미엄+디바이스 (지니 스마트 음악감상),추가데이터,공유데이터 90GB,,,,,False,,공유데이터: 90GB,https://product.kt.com/wDic/productDetail.do?ItemCode=1692
1692_초이스 더블 유튜브 프리미엄+디바이스_만 65세 이상_지니스마트음악감상,KT,초이스 더블 유튜브 프리미엄+디바이스 (지니 스마트 음악감상),추가데이터,만 65세 이상 +45GB,,,,,False,,제공 혜택_65+ 덤 혜택_공유 데이터: +45GB,https://product.kt.com/wDic/productDetail.do?ItemCode=1692
1692_초이스 더블 유튜브 프리미엄+디바이스_만 65세 이상_지니스마트음악감상,KT,초이스 더블 유튜브 프리미엄+디바이스 (지니 스마트 음악감상),기타,만 65세 이상 안심박스,,,,,False,,제공 혜택_65+ 덤 혜택_추가 혜택: 안심박스 자세히보기,https://product.kt.com/wDic/productDetail.do?ItemCode=1692
1692_초이스 더블 유튜브 프리미엄+디바이스_만 65세 이상_밀리의서재,KT,초이스 더블 유튜브 프리미엄+디바이스 (밀리의서재),OTT/구독,밀리의서재,밀리의서재,,,,True,플러스 혜택,지니 스마트 음악감상 / 밀리의서재 / 쇼핑라운지 할인 쿠폰 (5천원권) / 모아진,https://product.kt.com/wDic/productDetail.do?ItemCode=1692
1692_초이스 더블 유튜브 프리미엄+디바이스_만 65세 이상_밀리의서재,KT,초이스 더블 유튜브 프리미엄+디바이스 (밀리의서재),OTT/구독,유튜브 프리미엄 라이트,유튜브 프리미엄,,,,False,,유튜브 프리미엄 라이트 / 디바이스 할인(최대 6천원),https://product.kt.com/wDic/productDetail.do?ItemCode=1692
1692_초이스 더블 유튜브 프리미엄+디바이스_만 65세 이상_밀리의서재,KT,초이스 더블 유튜브 프리미엄+디바이스 (밀리의서재),스마트기기,디바이스 할인(최대 6천원),,,,,False,,유튜브 프리미엄 라이트 / 디바이스 할인(최대 6천원),https://product.kt.com/wDic/productDetail.do?ItemCode=1692
1692_초이스 더블 유튜브 프리미엄+디바이스_만 65세 이상_밀리의서재,KT,초이스 더블 유튜브 프리미엄+디바이스 (밀리의서재),멤버십,멤버십 VVIP,,,,,False,,멤버십: VVIP,https://product.kt.com/wDic/productDetail.do?ItemCode=1692
1692_초이스 더블 유튜브 프리미엄+디바이스_만 65세 이상_밀리의서재,KT,초이스 더블 유튜브 프리미엄+디바이스 (밀리의서재),기타,"단말보험 최대 4,500원 할인 2)",,,,,False,,"단말보험: 최대 4,500원 할인 2)",https://product.kt.com/wDic/productDetail.do?ItemCode=1692
1692_초이스 더블 유튜브 프리미엄+디바이스_만 65세 이상_밀리의서재,KT,초이스 더블 유튜브 프리미엄+디바이스 (밀리의서재),스마트기기,스마트기기 또는 데이터 쉐어링 스마트 기기 월정액 / 데이터 쉐어링 월정액 각 1회선 할인,,,,,False,,스마트기기 또는 데이터 쉐어링: 스마트 기기 월정액 / 데이터 쉐어링 월정액 각 1회선 할인,https://product.kt.com/wDic/productDetail.do?ItemCode=1692
1692_초이스 더블 유튜브 프리미엄+디바이스_만 65세 이상_밀리의서재,KT,초이스 더블 유튜브 프리미엄+디바이스 (밀리의서재),추가데이터,공유데이터 90GB,,,,,False,,공유데이터: 90GB,https://product.kt.com/wDic/productDetail.do?ItemCode=1692
1692_초이스 더블 유튜브 프리미엄+디바이스_만 65세 이상_밀리의서재,KT,초이스 더블 유튜브 프리미엄+디바이스 (밀리의서재),추가데이터,만 65세 이상 +45GB,,,,,False,,제공 혜택_65+ 덤 혜택_공유 데이터: +45GB,https://product.kt.com/wDic/productDetail.do?ItemCode=1692
1692_초이스 더블 유튜브 프리미엄+디바이스_만 65세 이상_밀리의서재,KT,초이스 더블 유튜브 프리미엄+디바이스 (밀리의서재),기타,만 65세 이상 안심박스,,,,,False,,제공 혜택_65+ 덤 혜택_추가 혜택: 안심박스 자세히보기,https://product.kt.com/wDic/productDetail.do?ItemCode=1692
1692_초이스 더블 유튜브 프리미엄+디바이스_만 65세 이상_쇼핑라운지할인쿠폰(5천원권),KT,초이스 더블 유튜브 프리미엄+디바이스 (쇼핑라운지 할인 쿠폰 (5천원권)),사은품/페이백,쇼핑라운지 할인 쿠폰 (5천원권),,,,,True,플러스 혜택,지니 스마트 음악감상 / 밀리의서재 / 쇼핑라운지 할인 쿠폰 (5천원권) / 모아진,https://product.kt.com/wDic/productDetail.do?ItemCode=1692
1692_초이스 더블 유튜브 프리미엄+디바이스_만 65세 이상_쇼핑라운지할인쿠폰(5천원권),KT,초이스 더블 유튜브 프리미엄+디바이스 (쇼핑라운지 할인 쿠폰 (5천원권)),OTT/구독,유튜브 프리미엄 라이트,유튜브 프리미엄,,,,False,,유튜브 프리미엄 라이트 / 디바이스 할인(최대 6천원),https://product.kt.com/wDic/productDetail.do?ItemCode=1692
1692_초이스 더블 유튜브 프리미엄+디바이스_만 65세 이상_쇼핑라운지할인쿠폰(5천원권),KT,초이스 더블 유튜브 프리미엄+디바이스 (쇼핑라운지 할인 쿠폰 (5천원권)),스마트기기,디바이스 할인(최대 6천원),,,,,False,,유튜브 프리미엄 라이트 / 디바이스 할인(최대 6천원),https://product.kt.com/wDic/productDetail.do?ItemCode=1692
1692_초이스 더블 유튜브 프리미엄+디바이스_만 65세 이상_쇼핑라운지할인쿠폰(5천원권),KT,초이스 더블 유튜브 프리미엄+디바이스 (쇼핑라운지 할인 쿠폰 (5천원권)),멤버십,멤버십 VVIP,,,,,False,,멤버십: VVIP,https://product.kt.com/wDic/productDetail.do?ItemCode=1692
1692_초이스 더블 유튜브 프리미엄+디바이스_만 65세 이상_쇼핑라운지할인쿠폰(5천원권),KT,초이스 더블 유튜브 프리미엄+디바이스 (쇼핑라운지 할인 쿠폰 (5천원권)),기타,"단말보험 최대 4,500원 할인 2)",,,,,False,,"단말보험: 최대 4,500원 할인 2)",https://product.kt.com/wDic/productDetail.do?ItemCode=1692
1692_초이스 더블 유튜브 프리미엄+디바이스_만 65세 이상_쇼핑라운지할인쿠폰(5천원권),KT,초이스 더블 유튜브 프리미엄+디바이스 (쇼핑라운지 할인 쿠폰 (5천원권)),스마트기기,스마트기기 또는 데이터 쉐어링 스마트 기기 월정액 / 데이터 쉐어링 월정액 각 1회선 할인,,,,,False,,스마트기기 또는 데이터 쉐어링: 스마트 기기 월정액 / 데이터 쉐어링 월정액 각 1회선 할인,https://product.kt.com/wDic/productDetail.do?ItemCode=1692
1692_초이스 더블 유튜브 프리미엄+디바이스_만 65세 이상_쇼핑라운지할인쿠폰(5천원권),KT,초이스 더블 유튜브 프리미엄+디바이스 (쇼핑라운지 할인 쿠폰 (5천원권)),추가데이터,공유데이터 90GB,,,,,False,,공유데이터: 90GB,https://product.kt.com/wDic/productDetail.do?ItemCode=1692
1692_초이스 더블 유튜브 프리미엄+디바이스_만 65세 이상_쇼핑라운지할인쿠폰(5천원권),KT,초이스 더블 유튜브 프리미엄+디바이스 (쇼핑라운지 할인 쿠폰 (5천원권)),추가데이터,만 65세 이상 +45GB,,,,,False,,제공 혜택_65+ 덤 혜택_공유 데이터: +45GB,https://product.kt.com/wDic/productDetail.do?ItemCode=1692
1692_초이스 더블 유튜브 프리미엄+디바이스_만 65세 이상_쇼핑라운지할인쿠폰(5천원권),KT,초이스 더블 유튜브 프리미엄+디바이스 (쇼핑라운지 할인 쿠폰 (5천원권)),기타,만 65세 이상 안심박스,,,,,False,,제공 혜택_65+ 덤 혜택_추가 혜택: 안심박스 자세히보기,https://product.kt.com/wDic/productDetail.do?ItemCode=1692
1692_초이스 더블 유튜브 프리미엄+디바이스_만 65세 이상_모아진,KT,초이스 더블 유튜브 프리미엄+디바이스 (모아진),OTT/구독,모아진,,,,,True,플러스 혜택,지니 스마트 음악감상 / 밀리의서재 / 쇼핑라운지 할인 쿠폰 (5천원권) / 모아진,https://product.kt.com/wDic/productDetail.do?ItemCode=1692
1692_초이스 더블 유튜브 프리미엄+디바이스_만 65세 이상_모아진,KT,초이스 더블 유튜브 프리미엄+디바이스 (모아진),OTT/구독,유튜브 프리미엄 라이트,유튜브 프리미엄,,,,False,,유튜브 프리미엄 라이트 / 디바이스 할인(최대 6천원),https://product.kt.com/wDic/productDetail.do?ItemCode=1692
1692_초이스 더블 유튜브 프리미엄+디바이스_만 65세 이상_모아진,KT,초이스 더블 유튜브 프리미엄+디바이스 (모아진),스마트기기,디바이스 할인(최대 6천원),,,,,False,,유튜브 프리미엄 라이트 / 디바이스 할인(최대 6천원),https://product.kt.com/wDic/productDetail.do?ItemCode=1692
1692_초이스 더블 유튜브 프리미엄+디바이스_만 65세 이상_모아진,KT,초이스 더블 유튜브 프리미엄+디바이스 (모아진),멤버십,멤버십 VVIP,,,,,False,,멤버십: VVIP,https://product.kt.com/wDic/productDetail.do?ItemCode=1692
1692_초이스 더블 유튜브 프리미엄+디바이스_만 65세 이상_모아진,KT,초이스 더블 유튜브 프리미엄+디바이스 (모아진),기타,"단말보험 최대 4,500원 할인 2)",,,,,False,,"단말보험: 최대 4,500원 할인 2)",https://product.kt.com/wDic/productDetail.do?ItemCode=1692
1692_초이스 더블 유튜브 프리미엄+디바이스_만 65세 이상_모아진,KT,초이스 더블 유튜브 프리미엄+디바이스 (모아진),스마트기기,스마트기기 또는 데이터 쉐어링 스마트 기기 월정액 / 데이터 쉐어링 월정액 각 1회선 할인,,,,,False,,스마트기기 또는 데이터 쉐어링: 스마트 기기 월정액 / 데이터 쉐어링 월정액 각 1회선 할인,https://product.kt.com/wDic/productDetail.do?ItemCode=1692
1692_초이스 더블 유튜브 프리미엄+디바이스_만 65세 이상_모아진,KT,초이스 더블 유튜브 프리미엄+디바이스 (모아진),추가데이터,공유데이터 90GB,,,,,False,,공유데이터: 90GB,https://product.kt.com/wDic/productDetail.do?ItemCode=1692
1692_초이스 더블 유튜브 프리미엄+디바이스_만 65세 이상_모아진,KT,초이스 더블 유튜브 프리미엄+디바이스 (모아진),추가데이터,만 65세 이상 +45GB,,,,,False,,제공 혜택_65+ 덤 혜택_공유 데이터: +45GB,https://product.kt.com/wDic/productDetail.do?ItemCode=1692
1692_초이스 더블 유튜브 프리미엄+디바이스_만 65세 이상_모아진,KT,초이스 더블 유튜브 프리미엄+디바이스 (모아진),기타,만 65세 이상 안심박스,,,,,False,,제공 혜택_65+ 덤 혜택_추가 혜택: 안심박스 자세히보기,https://product.kt.com/wDic/productDetail.do?ItemCode=1692
1692_초이스 더블 디바이스_만 65세 이상_지니스마트음악감상,KT,초이스 더블 디바이스 (지니 스마트 음악감상),OTT/구독,지니 스마트 음악감상,지니뮤직,,,,True,플러스 혜택,지니 스마트 음악감상 / 밀리의서재 / 쇼핑라운지 할인 쿠폰 (5천원권) / 모아진,https://product.kt.com/wDic/productDetail.do?ItemCode=1692
1692_초이스 더블 디바이스_만 65세 이상_지니스마트음악감상,KT,초이스 더블 디바이스 (지니 스마트 음악감상),스마트기기,디바이스 할인 (1개 or 2개 선택 가능) 1개 선택 시 최대 12천원 할인 2개 선택 시 각 최대 6천원 할인,,,,,False,,디바이스 할인 (1개 or 2개 선택 가능) 1개 선택 시 최대 12천원 할인 2개 선택 시 각 최대 6천원 할인 / 1개 선택 시 최대 12천원 할인 / 2개 선택 시 각 최대 6천원 할인,https://product.kt.com/wDic/productDetail.do?ItemCode=1692
1692_초이스 더블 디바이스_만 65세 이상_지니스마트음악감상,KT,초이스 더블 디바이스 (지니 스마트 음악감상),OTT/구독,1개 선택 시 최대 12천원 할인,,,,,False,,디바이스 할인 (1개 or 2개 선택 가능) 1개 선택 시 최대 12천원 할인 2개 선택 시 각 최대 6천원 할인 / 1개 선택 시 최대 12천원 할인 / 2개 선택 시 각 최대 6천원 할인,https://product.kt.com/wDic/productDetail.do?ItemCode=1692
1692_초이스 더블 디바이스_만 65세 이상_지니스마트음악감상,KT,초이스 더블 디바이스 (지니 스마트 음악감상),OTT/구독,2개 선택 시 각 최대 6천원 할인,,,,,False,,디바이스 할인 (1개 or 2개 선택 가능) 1개 선택 시 최대 12천원 할인 2개 선택 시 각 최대 6천원 할인 / 1개 선택 시 최대 12천원 할인 / 2개 선택 시 각 최대 6천원 할인,https://product.kt.com/wDic/productDetail.do?ItemCode=1692
1692_초이스 더블 디바이스_만 65세 이상_지니스마트음악감상,KT,초이스 더블 디바이스 (지니 스마트 음악감상),멤버십,멤버십 VVIP,,,,,False,,멤버십: VVIP,https://product.kt.com/wDic/productDetail.do?ItemCode=1692
1692_초이스 더블 디바이스_만 65세 이상_지니스마트음악감상,KT,초이스 더블 디바이스 (지니 스마트 음악감상),기타,"단말보험 최대 4,500원 할인 2)",,,,,False,,"단말보험: 최대 4,500원 할인 2)",https://product.kt.com/wDic/productDetail.do?ItemCode=1692
1692_초이스 더블 디바이스_만 65세 이상_지니스마트음악감상,KT,초이스 더블 디바이스 (지니 스마트 음악감상),스마트기기,스마트기기 또는 데이터 쉐어링 스마트 기기 월정액 / 데이터 쉐어링 월정액 각 1회선 할인,,,,,False,,스마트기기 또는 데이터 쉐어링: 스마트 기기 월정액 / 데이터 쉐어링 월정액 각 1회선 할인,https://product.kt.com/wDic/productDetail.do?ItemCode=1692
1692_초이스 더블 디바이스_만 65세 이상_지니스마트음악감상,KT,초이스 더블 디바이스 (지니 스마트 음악감상),추가데이터,공유데이터 90GB,,,,,False,,공유데이터: 90GB,https://product.kt.com/wDic/productDetail.do?ItemCode=1692
1692_초이스 더블 디바이스_만 65세 이상_지니스마트음악감상,KT,초이스 더블 디바이스 (지니 스마트 음악감상),추가데이터,만 65세 이상 +45GB,,,,,False,,제공 혜택_65+ 덤 혜택_공유 데이터: +45GB,https://product.kt.com/wDic/productDetail.do?ItemCode=1692
1692_초이스 더블 디바이스_만 65세 이상_지니스마트음악감상,KT,초이스 더블 디바이스 (지니 스마트 음악감상),기타,만 65세 이상 안심박스,,,,,False,,제공 혜택_65+ 덤 혜택_추가 혜택: 안심박스 자세히보기,https://product.kt.com/wDic/productDetail.do?ItemCode=1692
1692_초이스 더블 디바이스_만 65세 이상_밀리의서재,KT,초이스 더블 디바이스 (밀리의서재),OTT/구독,밀리의서재,밀리의서재,,,,True,플러스 혜택,지니 스마트 음악감상 / 밀리의서재 / 쇼핑라운지 할인 쿠폰 (5천원권) / 모아진,https://product.kt.com/wDic/productDetail.do?ItemCode=1692
1692_초이스 더블 디바이스_만 65세 이상_밀리의서재,KT,초이스 더블 디바이스 (밀리의서재),스마트기기,디바이스 할인 (1개 or 2개 선택 가능) 1개 선택 시 최대 12천원 할인 2개 선택 시 각 최대 6천원 할인,,,,,False,,디바이스 할인 (1개 or 2개 선택 가능) 1개 선택 시 최대 12천원 할인 2개 선택 시 각 최대 6천원 할인 / 1개 선택 시 최대 12천원 할인 / 2개 선택 시 각 최대 6천원 할인,https://product.kt.com/wDic/productDetail.do?ItemCode=1692
1692_초이스 더블 디바이스_만 65세 이상_밀리의서재,KT,초이스 더블 디바이스 (밀리의서재),OTT/구독,1개 선택 시 최대 12천원 할인,,,,,False,,디바이스 할인 (1개 or 2개 선택 가능) 1개 선택 시 최대 12천원 할인 2개 선택 시 각 최대 6천원 할인 / 1개 선택 시 최대 12천원 할인 / 2개 선택 시 각 최대 6천원 할인,https://product.kt.com/wDic/productDetail.do?ItemCode=1692
1692_초이스 더블 디바이스_만 65세 이상_밀리의서재,KT,초이스 더블 디바이스 (밀리의서재),OTT/구독,2개 선택 시 각 최대 6천원 할인,,,,,False,,디바이스 할인 (1개 or 2개 선택 가능) 1개 선택 시 최대 12천원 할인 2개 선택 시 각 최대 6천원 할인 / 1개 선택 시 최대 12천원 할인 / 2개 선택 시 각 최대 6천원 할인,https://product.kt.com/wDic/productDetail.do?ItemCode=1692
1692_초이스 더블 디바이스_만 65세 이상_밀리의서재,KT,초이스 더블 디바이스 (밀리의서재),멤버십,멤버십 VVIP,,,,,False,,멤버십: VVIP,https://product.kt.com/wDic/productDetail.do?ItemCode=1692
1692_초이스 더블 디바이스_만 65세 이상_밀리의서재,KT,초이스 더블 디바이스 (밀리의서재),기타,"단말보험 최대 4,500원 할인 2)",,,,,False,,"단말보험: 최대 4,500원 할인 2)",https://product.kt.com/wDic/productDetail.do?ItemCode=1692
1692_초이스 더블 디바이스_만 65세 이상_밀리의서재,KT,초이스 더블 디바이스 (밀리의서재),스마트기기,스마트기기 또는 데이터 쉐어링 스마트 기기 월정액 / 데이터 쉐어링 월정액 각 1회선 할인,,,,,False,,스마트기기 또는 데이터 쉐어링: 스마트 기기 월정액 / 데이터 쉐어링 월정액 각 1회선 할인,https://product.kt.com/wDic/productDetail.do?ItemCode=1692
1692_초이스 더블 디바이스_만 65세 이상_밀리의서재,KT,초이스 더블 디바이스 (밀리의서재),추가데이터,공유데이터 90GB,,,,,False,,공유데이터: 90GB,https://product.kt.com/wDic/productDetail.do?ItemCode=1692
1692_초이스 더블 디바이스_만 65세 이상_밀리의서재,KT,초이스 더블 디바이스 (밀리의서재),추가데이터,만 65세 이상 +45GB,,,,,False,,제공 혜택_65+ 덤 혜택_공유 데이터: +45GB,https://product.kt.com/wDic/productDetail.do?ItemCode=1692
1692_초이스 더블 디바이스_만 65세 이상_밀리의서재,KT,초이스 더블 디바이스 (밀리의서재),기타,만 65세 이상 안심박스,,,,,False,,제공 혜택_65+ 덤 혜택_추가 혜택: 안심박스 자세히보기,https://product.kt.com/wDic/productDetail.do?ItemCode=1692
1692_초이스 더블 디바이스_만 65세 이상_쇼핑라운지할인쿠폰(5천원권),KT,초이스 더블 디바이스 (쇼핑라운지 할인 쿠폰 (5천원권)),사은품/페이백,쇼핑라운지 할인 쿠폰 (5천원권),,,,,True,플러스 혜택,지니 스마트 음악감상 / 밀리의서재 / 쇼핑라운지 할인 쿠폰 (5천원권) / 모아진,https://product.kt.com/wDic/productDetail.do?ItemCode=1692
1692_초이스 더블 디바이스_만 65세 이상_쇼핑라운지할인쿠폰(5천원권),KT,초이스 더블 디바이스 (쇼핑라운지 할인 쿠폰 (5천원권)),스마트기기,디바이스 할인 (1개 or 2개 선택 가능) 1개 선택 시 최대 12천원 할인 2개 선택 시 각 최대 6천원 할인,,,,,False,,디바이스 할인 (1개 or 2개 선택 가능) 1개 선택 시 최대 12천원 할인 2개 선택 시 각 최대 6천원 할인 / 1개 선택 시 최대 12천원 할인 / 2개 선택 시 각 최대 6천원 할인,https://product.kt.com/wDic/productDetail.do?ItemCode=1692
1692_초이스 더블 디바이스_만 65세 이상_쇼핑라운지할인쿠폰(5천원권),KT,초이스 더블 디바이스 (쇼핑라운지 할인 쿠폰 (5천원권)),OTT/구독,1개 선택 시 최대 12천원 할인,,,,,False,,디바이스 할인 (1개 or 2개 선택 가능) 1개 선택 시 최대 12천원 할인 2개 선택 시 각 최대 6천원 할인 / 1개 선택 시 최대 12천원 할인 / 2개 선택 시 각 최대 6천원 할인,https://product.kt.com/wDic/productDetail.do?ItemCode=1692
1692_초이스 더블 디바이스_만 65세 이상_쇼핑라운지할인쿠폰(5천원권),KT,초이스 더블 디바이스 (쇼핑라운지 할인 쿠폰 (5천원권)),OTT/구독,2개 선택 시 각 최대 6천원 할인,,,,,False,,디바이스 할인 (1개 or 2개 선택 가능) 1개 선택 시 최대 12천원 할인 2개 선택 시 각 최대 6천원 할인 / 1개 선택 시 최대 12천원 할인 / 2개 선택 시 각 최대 6천원 할인,https://product.kt.com/wDic/productDetail.do?ItemCode=1692
1692_초이스 더블 디바이스_만 65세 이상_쇼핑라운지할인쿠폰(5천원권),KT,초이스 더블 디바이스 (쇼핑라운지 할인 쿠폰 (5천원권)),멤버십,멤버십 VVIP,,,,,False,,멤버십: VVIP,https://product.kt.com/wDic/productDetail.do?ItemCode=1692
1692_초이스 더블 디바이스_만 65세 이상_쇼핑라운지할인쿠폰(5천원권),KT,초이스 더블 디바이스 (쇼핑라운지 할인 쿠폰 (5천원권)),기타,"단말보험 최대 4,500원 할인 2)",,,,,False,,"단말보험: 최대 4,500원 할인 2)",https://product.kt.com/wDic/productDetail.do?ItemCode=1692
1692_초이스 더블 디바이스_만 65세 이상_쇼핑라운지할인쿠폰(5천원권),KT,초이스 더블 디바이스 (쇼핑라운지 할인 쿠폰 (5천원권)),스마트기기,스마트기기 또는 데이터 쉐어링 스마트 기기 월정액 / 데이터 쉐어링 월정액 각 1회선 할인,,,,,False,,스마트기기 또는 데이터 쉐어링: 스마트 기기 월정액 / 데이터 쉐어링 월정액 각 1회선 할인,https://product.kt.com/wDic/productDetail.do?ItemCode=1692
1692_초이스 더블 디바이스_만 65세 이상_쇼핑라운지할인쿠폰(5천원권),KT,초이스 더블 디바이스 (쇼핑라운지 할인 쿠폰 (5천원권)),추가데이터,공유데이터 90GB,,,,,False,,공유데이터: 90GB,https://product.kt.com/wDic/productDetail.do?ItemCode=1692
1692_초이스 더블 디바이스_만 65세 이상_쇼핑라운지할인쿠폰(5천원권),KT,초이스 더블 디바이스 (쇼핑라운지 할인 쿠폰 (5천원권)),추가데이터,만 65세 이상 +45GB,,,,,False,,제공 혜택_65+ 덤 혜택_공유 데이터: +45GB,https://product.kt.com/wDic/productDetail.do?ItemCode=1692
1692_초이스 더블 디바이스_만 65세 이상_쇼핑라운지할인쿠폰(5천원권),KT,초이스 더블 디바이스 (쇼핑라운지 할인 쿠폰 (5천원권)),기타,만 65세 이상 안심박스,,,,,False,,제공 혜택_65+ 덤 혜택_추가 혜택: 안심박스 자세히보기,https://product.kt.com/wDic/productDetail.do?ItemCode=1692
1692_초이스 더블 디바이스_만 65세 이상_모아진,KT,초이스 더블 디바이스 (모아진),OTT/구독,모아진,,,,,True,플러스 혜택,지니 스마트 음악감상 / 밀리의서재 / 쇼핑라운지 할인 쿠폰 (5천원권) / 모아진,https://product.kt.com/wDic/productDetail.do?ItemCode=1692
1692_초이스 더블 디바이스_만 65세 이상_모아진,KT,초이스 더블 디바이스 (모아진),스마트기기,디바이스 할인 (1개 or 2개 선택 가능) 1개 선택 시 최대 12천원 할인 2개 선택 시 각 최대 6천원 할인,,,,,False,,디바이스 할인 (1개 or 2개 선택 가능) 1개 선택 시 최대 12천원 할인 2개 선택 시 각 최대 6천원 할인 / 1개 선택 시 최대 12천원 할인 / 2개 선택 시 각 최대 6천원 할인,https://product.kt.com/wDic/productDetail.do?ItemCode=1692
1692_초이스 더블 디바이스_만 65세 이상_모아진,KT,초이스 더블 디바이스 (모아진),OTT/구독,1개 선택 시 최대 12천원 할인,,,,,False,,디바이스 할인 (1개 or 2개 선택 가능) 1개 선택 시 최대 12천원 할인 2개 선택 시 각 최대 6천원 할인 / 1개 선택 시 최대 12천원 할인 / 2개 선택 시 각 최대 6천원 할인,https://product.kt.com/wDic/productDetail.do?ItemCode=1692
1692_초이스 더블 디바이스_만 65세 이상_모아진,KT,초이스 더블 디바이스 (모아진),OTT/구독,2개 선택 시 각 최대 6천원 할인,,,,,False,,디바이스 할인 (1개 or 2개 선택 가능) 1개 선택 시 최대 12천원 할인 2개 선택 시 각 최대 6천원 할인 / 1개 선택 시 최대 12천원 할인 / 2개 선택 시 각 최대 6천원 할인,https://product.kt.com/wDic/productDetail.do?ItemCode=1692
1692_초이스 더블 디바이스_만 65세 이상_모아진,KT,초이스 더블 디바이스 (모아진),멤버십,멤버십 VVIP,,,,,False,,멤버십: VVIP,https://product.kt.com/wDic/productDetail.do?ItemCode=1692
1692_초이스 더블 디바이스_만 65세 이상_모아진,KT,초이스 더블 디바이스 (모아진),기타,"단말보험 최대 4,500원 할인 2)",,,,,False,,"단말보험: 최대 4,500원 할인 2)",https://product.kt.com/wDic/productDetail.do?ItemCode=1692
1692_초이스 더블 디바이스_만 65세 이상_모아진,KT,초이스 더블 디바이스 (모아진),스마트기기,스마트기기 또는 데이터 쉐어링 스마트 기기 월정액 / 데이터 쉐어링 월정액 각 1회선 할인,,,,,False,,스마트기기 또는 데이터 쉐어링: 스마트 기기 월정액 / 데이터 쉐어링 월정액 각 1회선 할인,https://product.kt.com/wDic/productDetail.do?ItemCode=1692
1692_초이스 더블 디바이스_만 65세 이상_모아진,KT,초이스 더블 디바이스 (모아진),추가데이터,공유데이터 90GB,,,,,False,,공유데이터: 90GB,https://product.kt.com/wDic/productDetail.do?ItemCode=1692
1692_초이스 더블 디바이스_만 65세 이상_모아진,KT,초이스 더블 디바이스 (모아진),추가데이터,만 65세 이상 +45GB,,,,,False,,제공 혜택_65+ 덤 혜택_공유 데이터: +45GB,https://product.kt.com/wDic/productDetail.do?ItemCode=1692
1692_초이스 더블 디바이스_만 65세 이상_모아진,KT,초이스 더블 디바이스 (모아진),기타,만 65세 이상 안심박스,,,,,False,,제공 혜택_65+ 덤 혜택_추가 혜택: 안심박스 자세히보기,https://product.kt.com/wDic/productDetail.do?ItemCode=1692
1692_초이스 더블 디즈니플러스+폰케어_만 65세 이상_지니스마트음악감상,KT,초이스 더블 디즈니플러스+폰케어 (지니 스마트 음악감상),OTT/구독,지니 스마트 음악감상,지니뮤직,,,,True,플러스 혜택,지니 스마트 음악감상 / 밀리의서재 / 쇼핑라운지 할인 쿠폰 (5천원권) / 모아진,https://product.kt.com/wDic/productDetail.do?ItemCode=1692
1692_초이스 더블 디즈니플러스+폰케어_만 65세 이상_지니스마트음악감상,KT,초이스 더블 디즈니플러스+폰케어 (지니 스마트 음악감상),OTT/구독,디즈니 플러스 스탠다드,디즈니+,스탠다드,,,False,,"디즈니 플러스 스탠다드 / 폰케어 할인(최대 5,500원)",https://product.kt.com/wDic/productDetail.do?ItemCode=1692
1692_초이스 더블 디즈니플러스+폰케어_만 65세 이상_지니스마트음악감상,KT,초이스 더블 디즈니플러스+폰케어 (지니 스마트 음악감상),기타,"폰케어 할인(최대 5,500원)",폰케어,,,,False,,"디즈니 플러스 스탠다드 / 폰케어 할인(최대 5,500원)",https://product.kt.com/wDic/productDetail.do?ItemCode=1692
1692_초이스 더블 디즈니플러스+폰케어_만 65세 이상_지니스마트음악감상,KT,초이스 더블 디즈니플러스+폰케어 (지니 스마트 음악감상),멤버십,멤버십 VVIP,,,,,False,,멤버십: VVIP,https://product.kt.com/wDic/productDetail.do?ItemCode=1692
1692_초이스 더블 디즈니플러스+폰케어_만 65세 이상_지니스마트음악감상,KT,초이스 더블 디즈니플러스+폰케어 (지니 스마트 음악감상),기타,"단말보험 최대 4,500원 할인 2)",,,,,False,,"단말보험: 최대 4,500원 할인 2)",https://product.kt.com/wDic/productDetail.do?ItemCode=1692
1692_초이스 더블 디즈니플러스+폰케어_만 65세 이상_지니스마트음악감상,KT,초이스 더블 디즈니플러스+폰케어 (지니 스마트 음악감상),스마트기기,스마트기기 또는 데이터 쉐어링 스마트 기기 월정액 / 데이터 쉐어링 월정액 각 1회선 할인,,,,,False,,스마트기기 또는 데이터 쉐어링: 스마트 기기 월정액 / 데이터 쉐어링 월정액 각 1회선 할인,https://product.kt.com/wDic/productDetail.do?ItemCode=1692
1692_초이스 더블 디즈니플러스+폰케어_만 65세 이상_지니스마트음악감상,KT,초이스 더블 디즈니플러스+폰케어 (지니 스마트 음악감상),추가데이터,공유데이터 90GB,,,,,False,,공유데이터: 90GB,https://product.kt.com/wDic/productDetail.do?ItemCode=1692
1692_초이스 더블 디즈니플러스+폰케어_만 65세 이상_지니스마트음악감상,KT,초이스 더블 디즈니플러스+폰케어 (지니 스마트 음악감상),추가데이터,만 65세 이상 +45GB,,,,,False,,제공 혜택_65+ 덤 혜택_공유 데이터: +45GB,https://product.kt.com/wDic/productDetail.do?ItemCode=1692
1692_초이스 더블 디즈니플러스+폰케어_만 65세 이상_지니스마트음악감상,KT,초이스 더블 디즈니플러스+폰케어 (지니 스마트 음악감상),기타,만 65세 이상 안심박스,,,,,False,,제공 혜택_65+ 덤 혜택_추가 혜택: 안심박스 자세히보기,https://product.kt.com/wDic/productDetail.do?ItemCode=1692
1692_초이스 더블 디즈니플러스+폰케어_만 65세 이상_밀리의서재,KT,초이스 더블 디즈니플러스+폰케어 (밀리의서재),OTT/구독,밀리의서재,밀리의서재,,,,True,플러스 혜택,지니 스마트 음악감상 / 밀리의서재 / 쇼핑라운지 할인 쿠폰 (5천원권) / 모아진,https://product.kt.com/wDic/productDetail.do?ItemCode=1692
1692_초이스 더블 디즈니플러스+폰케어_만 65세 이상_밀리의서재,KT,초이스 더블 디즈니플러스+폰케어 (밀리의서재),OTT/구독,디즈니 플러스 스탠다드,디즈니+,스탠다드,,,False,,"디즈니 플러스 스탠다드 / 폰케어 할인(최대 5,500원)",https://product.kt.com/wDic/productDetail.do?ItemCode=1692
1692_초이스 더블 디즈니플러스+폰케어_만 65세 이상_밀리의서재,KT,초이스 더블 디즈니플러스+폰케어 (밀리의서재),기타,"폰케어 할인(최대 5,500원)",폰케어,,,,False,,"디즈니 플러스 스탠다드 / 폰케어 할인(최대 5,500원)",https://product.kt.com/wDic/productDetail.do?ItemCode=1692
1692_초이스 더블 디즈니플러스+폰케어_만 65세 이상_밀리의서재,KT,초이스 더블 디즈니플러스+폰케어 (밀리의서재),멤버십,멤버십 VVIP,,,,,False,,멤버십: VVIP,https://product.kt.com/wDic/productDetail.do?ItemCode=1692
1692_초이스 더블 디즈니플러스+폰케어_만 65세 이상_밀리의서재,KT,초이스 더블 디즈니플러스+폰케어 (밀리의서재),기타,"단말보험 최대 4,500원 할인 2)",,,,,False,,"단말보험: 최대 4,500원 할인 2)",https://product.kt.com/wDic/productDetail.do?ItemCode=1692
1692_초이스 더블 디즈니플러스+폰케어_만 65세 이상_밀리의서재,KT,초이스 더블 디즈니플러스+폰케어 (밀리의서재),스마트기기,스마트기기 또는 데이터 쉐어링 스마트 기기 월정액 / 데이터 쉐어링 월정액 각 1회선 할인,,,,,False,,스마트기기 또는 데이터 쉐어링: 스마트 기기 월정액 / 데이터 쉐어링 월정액 각 1회선 할인,https://product.kt.com/wDic/productDetail.do?ItemCode=1692
1692_초이스 더블 디즈니플러스+폰케어_만 65세 이상_밀리의서재,KT,초이스 더블 디즈니플러스+폰케어 (밀리의서재),추가데이터,공유데이터 90GB,,,,,False,,공유데이터: 90GB,https://product.kt.com/wDic/productDetail.do?ItemCode=1692
1692_초이스 더블 디즈니플러스+폰케어_만 65세 이상_밀리의서재,KT,초이스 더블 디즈니플러스+폰케어 (밀리의서재),추가데이터,만 65세 이상 +45GB,,,,,False,,제공 혜택_65+ 덤 혜택_공유 데이터: +45GB,https://product.kt.com/wDic/productDetail.do?ItemCode=1692
1692_초이스 더블 디즈니플러스+폰케어_만 65세 이상_밀리의서재,KT,초이스 더블 디즈니플러스+폰케어 (밀리의서재),기타,만 65세 이상 안심박스,,,,,False,,제공 혜택_65+ 덤 혜택_추가 혜택: 안심박스 자세히보기,https://product.kt.com/wDic/productDetail.do?ItemCode=1692
1692_초이스 더블 디즈니플러스+폰케어_만 65세 이상_쇼핑라운지할인쿠폰(5천원권),KT,초이스 더블 디즈니플러스+폰케어 (쇼핑라운지 할인 쿠폰 (5천원권)),사은품/페이백,쇼핑라운지 할인 쿠폰 (5천원권),,,,,True,플러스 혜택,지니 스마트 음악감상 / 밀리의서재 / 쇼핑라운지 할인 쿠폰 (5천원권) / 모아진,https://product.kt.com/wDic/productDetail.do?ItemCode=1692
1692_초이스 더블 디즈니플러스+폰케어_만 65세 이상_쇼핑라운지할인쿠폰(5천원권),KT,초이스 더블 디즈니플러스+폰케어 (쇼핑라운지 할인 쿠폰 (5천원권)),OTT/구독,디즈니 플러스 스탠다드,디즈니+,스탠다드,,,False,,"디즈니 플러스 스탠다드 / 폰케어 할인(최대 5,500원)",https://product.kt.com/wDic/productDetail.do?ItemCode=1692
1692_초이스 더블 디즈니플러스+폰케어_만 65세 이상_쇼핑라운지할인쿠폰(5천원권),KT,초이스 더블 디즈니플러스+폰케어 (쇼핑라운지 할인 쿠폰 (5천원권)),기타,"폰케어 할인(최대 5,500원)",폰케어,,,,False,,"디즈니 플러스 스탠다드 / 폰케어 할인(최대 5,500원)",https://product.kt.com/wDic/productDetail.do?ItemCode=1692
1692_초이스 더블 디즈니플러스+폰케어_만 65세 이상_쇼핑라운지할인쿠폰(5천원권),KT,초이스 더블 디즈니플러스+폰케어 (쇼핑라운지 할인 쿠폰 (5천원권)),멤버십,멤버십 VVIP,,,,,False,,멤버십: VVIP,https://product.kt.com/wDic/productDetail.do?ItemCode=1692
1692_초이스 더블 디즈니플러스+폰케어_만 65세 이상_쇼핑라운지할인쿠폰(5천원권),KT,초이스 더블 디즈니플러스+폰케어 (쇼핑라운지 할인 쿠폰 (5천원권)),기타,"단말보험 최대 4,500원 할인 2)",,,,,False,,"단말보험: 최대 4,500원 할인 2)",https://product.kt.com/wDic/productDetail.do?ItemCode=1692
1692_초이스 더블 디즈니플러스+폰케어_만 65세 이상_쇼핑라운지할인쿠폰(5천원권),KT,초이스 더블 디즈니플러스+폰케어 (쇼핑라운지 할인 쿠폰 (5천원권)),스마트기기,스마트기기 또는 데이터 쉐어링 스마트 기기 월정액 / 데이터 쉐어링 월정액 각 1회선 할인,,,,,False,,스마트기기 또는 데이터 쉐어링: 스마트 기기 월정액 / 데이터 쉐어링 월정액 각 1회선 할인,https://product.kt.com/wDic/productDetail.do?ItemCode=1692
1692_초이스 더블 디즈니플러스+폰케어_만 65세 이상_쇼핑라운지할인쿠폰(5천원권),KT,초이스 더블 디즈니플러스+폰케어 (쇼핑라운지 할인 쿠폰 (5천원권)),추가데이터,공유데이터 90GB,,,,,False,,공유데이터: 90GB,https://product.kt.com/wDic/productDetail.do?ItemCode=1692
1692_초이스 더블 디즈니플러스+폰케어_만 65세 이상_쇼핑라운지할인쿠폰(5천원권),KT,초이스 더블 디즈니플러스+폰케어 (쇼핑라운지 할인 쿠폰 (5천원권)),추가데이터,만 65세 이상 +45GB,,,,,False,,제공 혜택_65+ 덤 혜택_공유 데이터: +45GB,https://product.kt.com/wDic/productDetail.do?ItemCode=1692
1692_초이스 더블 디즈니플러스+폰케어_만 65세 이상_쇼핑라운지할인쿠폰(5천원권),KT,초이스 더블 디즈니플러스+폰케어 (쇼핑라운지 할인 쿠폰 (5천원권)),기타,만 65세 이상 안심박스,,,,,False,,제공 혜택_65+ 덤 혜택_추가 혜택: 안심박스 자세히보기,https://product.kt.com/wDic/productDetail.do?ItemCode=1692
1692_초이스 더블 디즈니플러스+폰케어_만 65세 이상_모아진,KT,초이스 더블 디즈니플러스+폰케어 (모아진),OTT/구독,모아진,,,,,True,플러스 혜택,지니 스마트 음악감상 / 밀리의서재 / 쇼핑라운지 할인 쿠폰 (5천원권) / 모아진,https://product.kt.com/wDic/productDetail.do?ItemCode=1692
1692_초이스 더블 디즈니플러스+폰케어_만 65세 이상_모아진,KT,초이스 더블 디즈니플러스+폰케어 (모아진),OTT/구독,디즈니 플러스 스탠다드,디즈니+,스탠다드,,,False,,"디즈니 플러스 스탠다드 / 폰케어 할인(최대 5,500원)",https://product.kt.com/wDic/productDetail.do?ItemCode=1692
1692_초이스 더블 디즈니플러스+폰케어_만 65세 이상_모아진,KT,초이스 더블 디즈니플러스+폰케어 (모아진),기타,"폰케어 할인(최대 5,500원)",폰케어,,,,False,,"디즈니 플러스 스탠다드 / 폰케어 할인(최대 5,500원)",https://product.kt.com/wDic/productDetail.do?ItemCode=1692
1692_초이스 더블 디즈니플러스+폰케어_만 65세 이상_모아진,KT,초이스 더블 디즈니플러스+폰케어 (모아진),멤버십,멤버십 VVIP,,,,,False,,멤버십: VVIP,https://product.kt.com/wDic/productDetail.do?ItemCode=1692
1692_초이스 더블 디즈니플러스+폰케어_만 65세 이상_모아진,KT,초이스 더블 디즈니플러스+폰케어 (모아진),기타,"단말보험 최대 4,500원 할인 2)",,,,,False,,"단말보험: 최대 4,500원 할인 2)",https://product.kt.com/wDic/productDetail.do?ItemCode=1692
1692_초이스 더블 디즈니플러스+폰케어_만 65세 이상_모아진,KT,초이스 더블 디즈니플러스+폰케어 (모아진),스마트기기,스마트기기 또는 데이터 쉐어링 스마트 기기 월정액 / 데이터 쉐어링 월정액 각 1회선 할인,,,,,False,,스마트기기 또는 데이터 쉐어링: 스마트 기기 월정액 / 데이터 쉐어링 월정액 각 1회선 할인,https://product.kt.com/wDic/productDetail.do?ItemCode=1692
1692_초이스 더블 디즈니플러스+폰케어_만 65세 이상_모아진,KT,초이스 더블 디즈니플러스+폰케어 (모아진),추가데이터,공유데이터 90GB,,,,,False,,공유데이터: 90GB,https://product.kt.com/wDic/productDetail.do?ItemCode=1692
1692_초이스 더블 디즈니플러스+폰케어_만 65세 이상_모아진,KT,초이스 더블 디즈니플러스+폰케어 (모아진),추가데이터,만 65세 이상 +45GB,,,,,False,,제공 혜택_65+ 덤 혜택_공유 데이터: +45GB,https://product.kt.com/wDic/productDetail.do?ItemCode=1692
1692_초이스 더블 디즈니플러스+폰케어_만 65세 이상_모아진,KT,초이스 더블 디즈니플러스+폰케어 (모아진),기타,만 65세 이상 안심박스,,,,,False,,제공 혜택_65+ 덤 혜택_추가 혜택: 안심박스 자세히보기,https://product.kt.com/wDic/productDetail.do?ItemCode=1692
1692_초이스 더블 유튜브 프리미엄+넷플릭스_만 75세 이상_지니스마트음악감상,KT,초이스 더블 유튜브 프리미엄+넷플릭스 (지니 스마트 음악감상),OTT/구독,지니 스마트 음악감상,지니뮤직,,,,True,플러스 혜택,지니 스마트 음악감상 / 밀리의서재 / 쇼핑라운지 할인 쿠폰 (5천원권) / 모아진,https://product.kt.com/wDic/productDetail.do?ItemCode=1692
1692_초이스 더블 유튜브 프리미엄+넷플릭스_만 75세 이상_지니스마트음악감상,KT,초이스 더블 유튜브 프리미엄+넷플릭스 (지니 스마트 음악감상),OTT/구독,유튜브 프리미엄 라이트,유튜브 프리미엄,,,,False,,유튜브 프리미엄 라이트 / 넷플릭스 광고형 스탠다드,https://product.kt.com/wDic/productDetail.do?ItemCode=1692
1692_초이스 더블 유튜브 프리미엄+넷플릭스_만 75세 이상_지니스마트음악감상,KT,초이스 더블 유튜브 프리미엄+넷플릭스 (지니 스마트 음악감상),OTT/구독,넷플릭스 광고형 스탠다드,넷플릭스,광고형 스탠다드,,,False,,유튜브 프리미엄 라이트 / 넷플릭스 광고형 스탠다드,https://product.kt.com/wDic/productDetail.do?ItemCode=1692
1692_초이스 더블 유튜브 프리미엄+넷플릭스_만 75세 이상_지니스마트음악감상,KT,초이스 더블 유튜브 프리미엄+넷플릭스 (지니 스마트 음악감상),멤버십,멤버십 VVIP,,,,,False,,멤버십: VVIP,https://product.kt.com/wDic/productDetail.do?ItemCode=1692
1692_초이스 더블 유튜브 프리미엄+넷플릭스_만 75세 이상_지니스마트음악감상,KT,초이스 더블 유튜브 프리미엄+넷플릭스 (지니 스마트 음악감상),기타,"단말보험 최대 4,500원 할인 2)",,,,,False,,"단말보험: 최대 4,500원 할인 2)",https://product.kt.com/wDic/productDetail.do?ItemCode=1692
1692_초이스 더블 유튜브 프리미엄+넷플릭스_만 75세 이상_지니스마트음악감상,KT,초이스 더블 유튜브 프리미엄+넷플릭스 (지니 스마트 음악감상),스마트기기,스마트기기 또는 데이터 쉐어링 스마트 기기 월정액 / 데이터 쉐어링 월정액 각 1회선 할인,,,,,False,,스마트기기 또는 데이터 쉐어링: 스마트 기기 월정액 / 데이터 쉐어링 월정액 각 1회선 할인,https://product.kt.com/wDic/productDetail.do?ItemCode=1692
1692_초이스 더블 유튜브 프리미엄+넷플릭스_만 75세 이상_지니스마트음악감상,KT,초이스 더블 유튜브 프리미엄+넷플릭스 (지니 스마트 음악감상),추가데이터,공유데이터 90GB,,,,,False,,공유데이터: 90GB,https://product.kt.com/wDic/productDetail.do?ItemCode=1692
1692_초이스 더블 유튜브 프리미엄+넷플릭스_만 75세 이상_지니스마트음악감상,KT,초이스 더블 유튜브 프리미엄+넷플릭스 (지니 스마트 음악감상),추가데이터,만 75세 이상 +90GB,,,,,False,,제공 혜택_75+ 덤 혜택_공유 데이터: +90GB,https://product.kt.com/wDic/productDetail.do?ItemCode=1692
1692_초이스 더블 유튜브 프리미엄+넷플릭스_만 75세 이상_지니스마트음악감상,KT,초이스 더블 유튜브 프리미엄+넷플릭스 (지니 스마트 음악감상),기타,만 75세 이상 안심박스,,,,,False,,제공 혜택_75+ 덤 혜택_추가 혜택: 안심박스 자세히보기,https://product.kt.com/wDic/productDetail.do?ItemCode=1692
1692_초이스 더블 유튜브 프리미엄+넷플릭스_만 75세 이상_밀리의서재,KT,초이스 더블 유튜브 프리미엄+넷플릭스 (밀리의서재),OTT/구독,밀리의서재,밀리의서재,,,,True,플러스 혜택,지니 스마트 음악감상 / 밀리의서재 / 쇼핑라운지 할인 쿠폰 (5천원권) / 모아진,https://product.kt.com/wDic/productDetail.do?ItemCode=1692
1692_초이스 더블 유튜브 프리미엄+넷플릭스_만 75세 이상_밀리의서재,KT,초이스 더블 유튜브 프리미엄+넷플릭스 (밀리의서재),OTT/구독,유튜브 프리미엄 라이트,유튜브 프리미엄,,,,False,,유튜브 프리미엄 라이트 / 넷플릭스 광고형 스탠다드,https://product.kt.com/wDic/productDetail.do?ItemCode=1692
1692_초이스 더블 유튜브 프리미엄+넷플릭스_만 75세 이상_밀리의서재,KT,초이스 더블 유튜브 프리미엄+넷플릭스 (밀리의서재),OTT/구독,넷플릭스 광고형 스탠다드,넷플릭스,광고형 스탠다드,,,False,,유튜브 프리미엄 라이트 / 넷플릭스 광고형 스탠다드,https://product.kt.com/wDic/productDetail.do?ItemCode=1692
1692_초이스 더블 유튜브 프리미엄+넷플릭스_만 75세 이상_밀리의서재,KT,초이스 더블 유튜브 프리미엄+넷플릭스 (밀리의서재),멤버십,멤버십 VVIP,,,,,False,,멤버십: VVIP,https://product.kt.com/wDic/productDetail.do?ItemCode=1692
1692_초이스 더블 유튜브 프리미엄+넷플릭스_만 75세 이상_밀리의서재,KT,초이스 더블 유튜브 프리미엄+넷플릭스 (밀리의서재),기타,"단말보험 최대 4,500원 할인 2)",,,,,False,,"단말보험: 최대 4,500원 할인 2)",https://product.kt.com/wDic/productDetail.do?ItemCode=1692
1692_초이스 더블 유튜브 프리미엄+넷플릭스_만 75세 이상_밀리의서재,KT,초이스 더블 유튜브 프리미엄+넷플릭스 (밀리의서재),스마트기기,스마트기기 또는 데이터 쉐어링 스마트 기기 월정액 / 데이터 쉐어링 월정액 각 1회선 할인,,,,,False,,스마트기기 또는 데이터 쉐어링: 스마트 기기 월정액 / 데이터 쉐어링 월정액 각 1회선 할인,https://product.kt.com/wDic/productDetail.do?ItemCode=1692
1692_초이스 더블 유튜브 프리미엄+넷플릭스_만 75세 이상_밀리의서재,KT,초이스 더블 유튜브 프리미엄+넷플릭스 (밀리의서재),추가데이터,공유데이터 90GB,,,,,False,,공유데이터: 90GB,https://product.kt.com/wDic/productDetail.do?ItemCode=1692
1692_초이스 더블 유튜브 프리미엄+넷플릭스_만 75세 이상_밀리의서재,KT,초이스 더블 유튜브 프리미엄+넷플릭스 (밀리의서재),추가데이터,만 75세 이상 +90GB,,,,,False,,제공 혜택_75+ 덤 혜택_공유 데이터: +90GB,https://product.kt.com/wDic/productDetail.do?ItemCode=1692
1692_초이스 더블 유튜브 프리미엄+넷플릭스_만 75세 이상_밀리의서재,KT,초이스 더블 유튜브 프리미엄+넷플릭스 (밀리의서재),기타,만 75세 이상 안심박스,,,,,False,,제공 혜택_75+ 덤 혜택_추가 혜택: 안심박스 자세히보기,https://product.kt.com/wDic/productDetail.do?ItemCode=1692
1692_초이스 더블 유튜브 프리미엄+넷플릭스_만 75세 이상_쇼핑라운지할인쿠폰(5천원권),KT,초이스 더블 유튜브 프리미엄+넷플릭스 (쇼핑라운지 할인 쿠폰 (5천원권)),사은품/페이백,쇼핑라운지 할인 쿠폰 (5천원권),,,,,True,플러스 혜택,지니 스마트 음악감상 / 밀리의서재 / 쇼핑라운지 할인 쿠폰 (5천원권) / 모아진,https://product.kt.com/wDic/productDetail.do?ItemCode=1692
1692_초이스 더블 유튜브 프리미엄+넷플릭스_만 75세 이상_쇼핑라운지할인쿠폰(5천원권),KT,초이스 더블 유튜브 프리미엄+넷플릭스 (쇼핑라운지 할인 쿠폰 (5천원권)),OTT/구독,유튜브 프리미엄 라이트,유튜브 프리미엄,,,,False,,유튜브 프리미엄 라이트 / 넷플릭스 광고형 스탠다드,https://product.kt.com/wDic/productDetail.do?ItemCode=1692
1692_초이스 더블 유튜브 프리미엄+넷플릭스_만 75세 이상_쇼핑라운지할인쿠폰(5천원권),KT,초이스 더블 유튜브 프리미엄+넷플릭스 (쇼핑라운지 할인 쿠폰 (5천원권)),OTT/구독,넷플릭스 광고형 스탠다드,넷플릭스,광고형 스탠다드,,,False,,유튜브 프리미엄 라이트 / 넷플릭스 광고형 스탠다드,https://product.kt.com/wDic/productDetail.do?ItemCode=1692
1692_초이스 더블 유튜브 프리미엄+넷플릭스_만 75세 이상_쇼핑라운지할인쿠폰(5천원권),KT,초이스 더블 유튜브 프리미엄+넷플릭스 (쇼핑라운지 할인 쿠폰 (5천원권)),멤버십,멤버십 VVIP,,,,,False,,멤버십: VVIP,https://product.kt.com/wDic/productDetail.do?ItemCode=1692
1692_초이스 더블 유튜브 프리미엄+넷플릭스_만 75세 이상_쇼핑라운지할인쿠폰(5천원권),KT,초이스 더블 유튜브 프리미엄+넷플릭스 (쇼핑라운지 할인 쿠폰 (5천원권)),기타,"단말보험 최대 4,500원 할인 2)",,,,,False,,"단말보험: 최대 4,500원 할인 2)",https://product.kt.com/wDic/productDetail.do?ItemCode=1692
1692_초이스 더블 유튜브 프리미엄+넷플릭스_만 75세 이상_쇼핑라운지할인쿠폰(5천원권),KT,초이스 더블 유튜브 프리미엄+넷플릭스 (쇼핑라운지 할인 쿠폰 (5천원권)),스마트기기,스마트기기 또는 데이터 쉐어링 스마트 기기 월정액 / 데이터 쉐어링 월정액 각 1회선 할인,,,,,False,,스마트기기 또는 데이터 쉐어링: 스마트 기기 월정액 / 데이터 쉐어링 월정액 각 1회선 할인,https://product.kt.com/wDic/productDetail.do?ItemCode=1692
1692_초이스 더블 유튜브 프리미엄+넷플릭스_만 75세 이상_쇼핑라운지할인쿠폰(5천원권),KT,초이스 더블 유튜브 프리미엄+넷플릭스 (쇼핑라운지 할인 쿠폰 (5천원권)),추가데이터,공유데이터 90GB,,,,,False,,공유데이터: 90GB,https://product.kt.com/wDic/productDetail.do?ItemCode=1692
1692_초이스 더블 유튜브 프리미엄+넷플릭스_만 75세 이상_쇼핑라운지할인쿠폰(5천원권),KT,초이스 더블 유튜브 프리미엄+넷플릭스 (쇼핑라운지 할인 쿠폰 (5천원권)),추가데이터,만 75세 이상 +90GB,,,,,False,,제공 혜택_75+ 덤 혜택_공유 데이터: +90GB,https://product.kt.com/wDic/productDetail.do?ItemCode=1692
1692_초이스 더블 유튜브 프리미엄+넷플릭스_만 75세 이상_쇼핑라운지할인쿠폰(5천원권),KT,초이스 더블 유튜브 프리미엄+넷플릭스 (쇼핑라운지 할인 쿠폰 (5천원권)),기타,만 75세 이상 안심박스,,,,,False,,제공 혜택_75+ 덤 혜택_추가 혜택: 안심박스 자세히보기,https://product.kt.com/wDic/productDetail.do?ItemCode=1692
1692_초이스 더블 유튜브 프리미엄+넷플릭스_만 75세 이상_모아진,KT,초이스 더블 유튜브 프리미엄+넷플릭스 (모아진),OTT/구독,모아진,,,,,True,플러스 혜택,지니 스마트 음악감상 / 밀리의서재 / 쇼핑라운지 할인 쿠폰 (5천원권) / 모아진,https://product.kt.com/wDic/productDetail.do?ItemCode=1692
1692_초이스 더블 유튜브 프리미엄+넷플릭스_만 75세 이상_모아진,KT,초이스 더블 유튜브 프리미엄+넷플릭스 (모아진),OTT/구독,유튜브 프리미엄 라이트,유튜브 프리미엄,,,,False,,유튜브 프리미엄 라이트 / 넷플릭스 광고형 스탠다드,https://product.kt.com/wDic/productDetail.do?ItemCode=1692
1692_초이스 더블 유튜브 프리미엄+넷플릭스_만 75세 이상_모아진,KT,초이스 더블 유튜브 프리미엄+넷플릭스 (모아진),OTT/구독,넷플릭스 광고형 스탠다드,넷플릭스,광고형 스탠다드,,,False,,유튜브 프리미엄 라이트 / 넷플릭스 광고형 스탠다드,https://product.kt.com/wDic/productDetail.do?ItemCode=1692
1692_초이스 더블 유튜브 프리미엄+넷플릭스_만 75세 이상_모아진,KT,초이스 더블 유튜브 프리미엄+넷플릭스 (모아진),멤버십,멤버십 VVIP,,,,,False,,멤버십: VVIP,https://product.kt.com/wDic/productDetail.do?ItemCode=1692
1692_초이스 더블 유튜브 프리미엄+넷플릭스_만 75세 이상_모아진,KT,초이스 더블 유튜브 프리미엄+넷플릭스 (모아진),기타,"단말보험 최대 4,500원 할인 2)",,,,,False,,"단말보험: 최대 4,500원 할인 2)",https://product.kt.com/wDic/productDetail.do?ItemCode=1692
1692_초이스 더블 유튜브 프리미엄+넷플릭스_만 75세 이상_모아진,KT,초이스 더블 유튜브 프리미엄+넷플릭스 (모아진),스마트기기,스마트기기 또는 데이터 쉐어링 스마트 기기 월정액 / 데이터 쉐어링 월정액 각 1회선 할인,,,,,False,,스마트기기 또는 데이터 쉐어링: 스마트 기기 월정액 / 데이터 쉐어링 월정액 각 1회선 할인,https://product.kt.com/wDic/productDetail.do?ItemCode=1692
1692_초이스 더블 유튜브 프리미엄+넷플릭스_만 75세 이상_모아진,KT,초이스 더블 유튜브 프리미엄+넷플릭스 (모아진),추가데이터,공유데이터 90GB,,,,,False,,공유데이터: 90GB,https://product.kt.com/wDic/productDetail.do?ItemCode=1692
1692_초이스 더블 유튜브 프리미엄+넷플릭스_만 75세 이상_모아진,KT,초이스 더블 유튜브 프리미엄+넷플릭스 (모아진),추가데이터,만 75세 이상 +90GB,,,,,False,,제공 혜택_75+ 덤 혜택_공유 데이터: +90GB,https://product.kt.com/wDic/productDetail.do?ItemCode=1692
1692_초이스 더블 유튜브 프리미엄+넷플릭스_만 75세 이상_모아진,KT,초이스 더블 유튜브 프리미엄+넷플릭스 (모아진),기타,만 75세 이상 안심박스,,,,,False,,제공 혜택_75+ 덤 혜택_추가 혜택: 안심박스 자세히보기,https://product.kt.com/wDic/productDetail.do?ItemCode=1692
1692_초이스 더블 유튜브 프리미엄+디바이스_만 75세 이상_지니스마트음악감상,KT,초이스 더블 유튜브 프리미엄+디바이스 (지니 스마트 음악감상),OTT/구독,지니 스마트 음악감상,지니뮤직,,,,True,플러스 혜택,지니 스마트 음악감상 / 밀리의서재 / 쇼핑라운지 할인 쿠폰 (5천원권) / 모아진,https://product.kt.com/wDic/productDetail.do?ItemCode=1692
1692_초이스 더블 유튜브 프리미엄+디바이스_만 75세 이상_지니스마트음악감상,KT,초이스 더블 유튜브 프리미엄+디바이스 (지니 스마트 음악감상),OTT/구독,유튜브 프리미엄 라이트,유튜브 프리미엄,,,,False,,유튜브 프리미엄 라이트 / 디바이스 할인(최대 6천원),https://product.kt.com/wDic/productDetail.do?ItemCode=1692
1692_초이스 더블 유튜브 프리미엄+디바이스_만 75세 이상_지니스마트음악감상,KT,초이스 더블 유튜브 프리미엄+디바이스 (지니 스마트 음악감상),스마트기기,디바이스 할인(최대 6천원),,,,,False,,유튜브 프리미엄 라이트 / 디바이스 할인(최대 6천원),https://product.kt.com/wDic/productDetail.do?ItemCode=1692
1692_초이스 더블 유튜브 프리미엄+디바이스_만 75세 이상_지니스마트음악감상,KT,초이스 더블 유튜브 프리미엄+디바이스 (지니 스마트 음악감상),멤버십,멤버십 VVIP,,,,,False,,멤버십: VVIP,https://product.kt.com/wDic/productDetail.do?ItemCode=1692
1692_초이스 더블 유튜브 프리미엄+디바이스_만 75세 이상_지니스마트음악감상,KT,초이스 더블 유튜브 프리미엄+디바이스 (지니 스마트 음악감상),기타,"단말보험 최대 4,500원 할인 2)",,,,,False,,"단말보험: 최대 4,500원 할인 2)",https://product.kt.com/wDic/productDetail.do?ItemCode=1692
1692_초이스 더블 유튜브 프리미엄+디바이스_만 75세 이상_지니스마트음악감상,KT,초이스 더블 유튜브 프리미엄+디바이스 (지니 스마트 음악감상),스마트기기,스마트기기 또는 데이터 쉐어링 스마트 기기 월정액 / 데이터 쉐어링 월정액 각 1회선 할인,,,,,False,,스마트기기 또는 데이터 쉐어링: 스마트 기기 월정액 / 데이터 쉐어링 월정액 각 1회선 할인,https://product.kt.com/wDic/productDetail.do?ItemCode=1692
1692_초이스 더블 유튜브 프리미엄+디바이스_만 75세 이상_지니스마트음악감상,KT,초이스 더블 유튜브 프리미엄+디바이스 (지니 스마트 음악감상),추가데이터,공유데이터 90GB,,,,,False,,공유데이터: 90GB,https://product.kt.com/wDic/productDetail.do?ItemCode=1692
1692_초이스 더블 유튜브 프리미엄+디바이스_만 75세 이상_지니스마트음악감상,KT,초이스 더블 유튜브 프리미엄+디바이스 (지니 스마트 음악감상),추가데이터,만 75세 이상 +90GB,,,,,False,,제공 혜택_75+ 덤 혜택_공유 데이터: +90GB,https://product.kt.com/wDic/productDetail.do?ItemCode=1692
1692_초이스 더블 유튜브 프리미엄+디바이스_만 75세 이상_지니스마트음악감상,KT,초이스 더블 유튜브 프리미엄+디바이스 (지니 스마트 음악감상),기타,만 75세 이상 안심박스,,,,,False,,제공 혜택_75+ 덤 혜택_추가 혜택: 안심박스 자세히보기,https://product.kt.com/wDic/productDetail.do?ItemCode=1692
1692_초이스 더블 유튜브 프리미엄+디바이스_만 75세 이상_밀리의서재,KT,초이스 더블 유튜브 프리미엄+디바이스 (밀리의서재),OTT/구독,밀리의서재,밀리의서재,,,,True,플러스 혜택,지니 스마트 음악감상 / 밀리의서재 / 쇼핑라운지 할인 쿠폰 (5천원권) / 모아진,https://product.kt.com/wDic/productDetail.do?ItemCode=1692
1692_초이스 더블 유튜브 프리미엄+디바이스_만 75세 이상_밀리의서재,KT,초이스 더블 유튜브 프리미엄+디바이스 (밀리의서재),OTT/구독,유튜브 프리미엄 라이트,유튜브 프리미엄,,,,False,,유튜브 프리미엄 라이트 / 디바이스 할인(최대 6천원),https://product.kt.com/wDic/productDetail.do?ItemCode=1692
1692_초이스 더블 유튜브 프리미엄+디바이스_만 75세 이상_밀리의서재,KT,초이스 더블 유튜브 프리미엄+디바이스 (밀리의서재),스마트기기,디바이스 할인(최대 6천원),,,,,False,,유튜브 프리미엄 라이트 / 디바이스 할인(최대 6천원),https://product.kt.com/wDic/productDetail.do?ItemCode=1692
1692_초이스 더블 유튜브 프리미엄+디바이스_만 75세 이상_밀리의서재,KT,초이스 더블 유튜브 프리미엄+디바이스 (밀리의서재),멤버십,멤버십 VVIP,,,,,False,,멤버십: VVIP,https://product.kt.com/wDic/productDetail.do?ItemCode=1692
1692_초이스 더블 유튜브 프리미엄+디바이스_만 75세 이상_밀리의서재,KT,초이스 더블 유튜브 프리미엄+디바이스 (밀리의서재),기타,"단말보험 최대 4,500원 할인 2)",,,,,False,,"단말보험: 최대 4,500원 할인 2)",https://product.kt.com/wDic/productDetail.do?ItemCode=1692
1692_초이스 더블 유튜브 프리미엄+디바이스_만 75세 이상_밀리의서재,KT,초이스 더블 유튜브 프리미엄+디바이스 (밀리의서재),스마트기기,스마트기기 또는 데이터 쉐어링 스마트 기기 월정액 / 데이터 쉐어링 월정액 각 1회선 할인,,,,,False,,스마트기기 또는 데이터 쉐어링: 스마트 기기 월정액 / 데이터 쉐어링 월정액 각 1회선 할인,https://product.kt.com/wDic/productDetail.do?ItemCode=1692
1692_초이스 더블 유튜브 프리미엄+디바이스_만 75세 이상_밀리의서재,KT,초이스 더블 유튜브 프리미엄+디바이스 (밀리의서재),추가데이터,공유데이터 90GB,,,,,False,,공유데이터: 90GB,https://product.kt.com/wDic/productDetail.do?ItemCode=1692
1692_초이스 더블 유튜브 프리미엄+디바이스_만 75세 이상_밀리의서재,KT,초이스 더블 유튜브 프리미엄+디바이스 (밀리의서재),추가데이터,만 75세 이상 +90GB,,,,,False,,제공 혜택_75+ 덤 혜택_공유 데이터: +90GB,https://product.kt.com/wDic/productDetail.do?ItemCode=1692
1692_초이스 더블 유튜브 프리미엄+디바이스_만 75세 이상_밀리의서재,KT,초이스 더블 유튜브 프리미엄+디바이스 (밀리의서재),기타,만 75세 이상 안심박스,,,,,False,,제공 혜택_75+ 덤 혜택_추가 혜택: 안심박스 자세히보기,https://product.kt.com/wDic/productDetail.do?ItemCode=1692
1692_초이스 더블 유튜브 프리미엄+디바이스_만 75세 이상_쇼핑라운지할인쿠폰(5천원권),KT,초이스 더블 유튜브 프리미엄+디바이스 (쇼핑라운지 할인 쿠폰 (5천원권)),사은품/페이백,쇼핑라운지 할인 쿠폰 (5천원권),,,,,True,플러스 혜택,지니 스마트 음악감상 / 밀리의서재 / 쇼핑라운지 할인 쿠폰 (5천원권) / 모아진,https://product.kt.com/wDic/productDetail.do?ItemCode=1692
1692_초이스 더블 유튜브 프리미엄+디바이스_만 75세 이상_쇼핑라운지할인쿠폰(5천원권),KT,초이스 더블 유튜브 프리미엄+디바이스 (쇼핑라운지 할인 쿠폰 (5천원권)),OTT/구독,유튜브 프리미엄 라이트,유튜브 프리미엄,,,,False,,유튜브 프리미엄 라이트 / 디바이스 할인(최대 6천원),https://product.kt.com/wDic/productDetail.do?ItemCode=1692
1692_초이스 더블 유튜브 프리미엄+디바이스_만 75세 이상_쇼핑라운지할인쿠폰(5천원권),KT,초이스 더블 유튜브 프리미엄+디바이스 (쇼핑라운지 할인 쿠폰 (5천원권)),스마트기기,디바이스 할인(최대 6천원),,,,,False,,유튜브 프리미엄 라이트 / 디바이스 할인(최대 6천원),https://product.kt.com/wDic/productDetail.do?ItemCode=1692
1692_초이스 더블 유튜브 프리미엄+디바이스_만 75세 이상_쇼핑라운지할인쿠폰(5천원권),KT,초이스 더블 유튜브 프리미엄+디바이스 (쇼핑라운지 할인 쿠폰 (5천원권)),멤버십,멤버십 VVIP,,,,,False,,멤버십: VVIP,https://product.kt.com/wDic/productDetail.do?ItemCode=1692
1692_초이스 더블 유튜브 프리미엄+디바이스_만 75세 이상_쇼핑라운지할인쿠폰(5천원권),KT,초이스 더블 유튜브 프리미엄+디바이스 (쇼핑라운지 할인 쿠폰 (5천원권)),기타,"단말보험 최대 4,500원 할인 2)",,,,,False,,"단말보험: 최대 4,500원 할인 2)",https://product.kt.com/wDic/productDetail.do?ItemCode=1692
1692_초이스 더블 유튜브 프리미엄+디바이스_만 75세 이상_쇼핑라운지할인쿠폰(5천원권),KT,초이스 더블 유튜브 프리미엄+디바이스 (쇼핑라운지 할인 쿠폰 (5천원권)),스마트기기,스마트기기 또는 데이터 쉐어링 스마트 기기 월정액 / 데이터 쉐어링 월정액 각 1회선 할인,,,,,False,,스마트기기 또는 데이터 쉐어링: 스마트 기기 월정액 / 데이터 쉐어링 월정액 각 1회선 할인,https://product.kt.com/wDic/productDetail.do?ItemCode=1692
1692_초이스 더블 유튜브 프리미엄+디바이스_만 75세 이상_쇼핑라운지할인쿠폰(5천원권),KT,초이스 더블 유튜브 프리미엄+디바이스 (쇼핑라운지 할인 쿠폰 (5천원권)),추가데이터,공유데이터 90GB,,,,,False,,공유데이터: 90GB,https://product.kt.com/wDic/productDetail.do?ItemCode=1692
1692_초이스 더블 유튜브 프리미엄+디바이스_만 75세 이상_쇼핑라운지할인쿠폰(5천원권),KT,초이스 더블 유튜브 프리미엄+디바이스 (쇼핑라운지 할인 쿠폰 (5천원권)),추가데이터,만 75세 이상 +90GB,,,,,False,,제공 혜택_75+ 덤 혜택_공유 데이터: +90GB,https://product.kt.com/wDic/productDetail.do?ItemCode=1692
1692_초이스 더블 유튜브 프리미엄+디바이스_만 75세 이상_쇼핑라운지할인쿠폰(5천원권),KT,초이스 더블 유튜브 프리미엄+디바이스 (쇼핑라운지 할인 쿠폰 (5천원권)),기타,만 75세 이상 안심박스,,,,,False,,제공 혜택_75+ 덤 혜택_추가 혜택: 안심박스 자세히보기,https://product.kt.com/wDic/productDetail.do?ItemCode=1692
1692_초이스 더블 유튜브 프리미엄+디바이스_만 75세 이상_모아진,KT,초이스 더블 유튜브 프리미엄+디바이스 (모아진),OTT/구독,모아진,,,,,True,플러스 혜택,지니 스마트 음악감상 / 밀리의서재 / 쇼핑라운지 할인 쿠폰 (5천원권) / 모아진,https://product.kt.com/wDic/productDetail.do?ItemCode=1692
1692_초이스 더블 유튜브 프리미엄+디바이스_만 75세 이상_모아진,KT,초이스 더블 유튜브 프리미엄+디바이스 (모아진),OTT/구독,유튜브 프리미엄 라이트,유튜브 프리미엄,,,,False,,유튜브 프리미엄 라이트 / 디바이스 할인(최대 6천원),https://product.kt.com/wDic/productDetail.do?ItemCode=1692
1692_초이스 더블 유튜브 프리미엄+디바이스_만 75세 이상_모아진,KT,초이스 더블 유튜브 프리미엄+디바이스 (모아진),스마트기기,디바이스 할인(최대 6천원),,,,,False,,유튜브 프리미엄 라이트 / 디바이스 할인(최대 6천원),https://product.kt.com/wDic/productDetail.do?ItemCode=1692
1692_초이스 더블 유튜브 프리미엄+디바이스_만 75세 이상_모아진,KT,초이스 더블 유튜브 프리미엄+디바이스 (모아진),멤버십,멤버십 VVIP,,,,,False,,멤버십: VVIP,https://product.kt.com/wDic/productDetail.do?ItemCode=1692
1692_초이스 더블 유튜브 프리미엄+디바이스_만 75세 이상_모아진,KT,초이스 더블 유튜브 프리미엄+디바이스 (모아진),기타,"단말보험 최대 4,500원 할인 2)",,,,,False,,"단말보험: 최대 4,500원 할인 2)",https://product.kt.com/wDic/productDetail.do?ItemCode=1692
1692_초이스 더블 유튜브 프리미엄+디바이스_만 75세 이상_모아진,KT,초이스 더블 유튜브 프리미엄+디바이스 (모아진),스마트기기,스마트기기 또는 데이터 쉐어링 스마트 기기 월정액 / 데이터 쉐어링 월정액 각 1회선 할인,,,,,False,,스마트기기 또는 데이터 쉐어링: 스마트 기기 월정액 / 데이터 쉐어링 월정액 각 1회선 할인,https://product.kt.com/wDic/productDetail.do?ItemCode=1692
1692_초이스 더블 유튜브 프리미엄+디바이스_만 75세 이상_모아진,KT,초이스 더블 유튜브 프리미엄+디바이스 (모아진),추가데이터,공유데이터 90GB,,,,,False,,공유데이터: 90GB,https://product.kt.com/wDic/productDetail.do?ItemCode=1692
1692_초이스 더블 유튜브 프리미엄+디바이스_만 75세 이상_모아진,KT,초이스 더블 유튜브 프리미엄+디바이스 (모아진),추가데이터,만 75세 이상 +90GB,,,,,False,,제공 혜택_75+ 덤 혜택_공유 데이터: +90GB,https://product.kt.com/wDic/productDetail.do?ItemCode=1692
1692_초이스 더블 유튜브 프리미엄+디바이스_만 75세 이상_모아진,KT,초이스 더블 유튜브 프리미엄+디바이스 (모아진),기타,만 75세 이상 안심박스,,,,,False,,제공 혜택_75+ 덤 혜택_추가 혜택: 안심박스 자세히보기,https://product.kt.com/wDic/productDetail.do?ItemCode=1692
1692_초이스 더블 디바이스_만 75세 이상_지니스마트음악감상,KT,초이스 더블 디바이스 (지니 스마트 음악감상),OTT/구독,지니 스마트 음악감상,지니뮤직,,,,True,플러스 혜택,지니 스마트 음악감상 / 밀리의서재 / 쇼핑라운지 할인 쿠폰 (5천원권) / 모아진,https://product.kt.com/wDic/productDetail.do?ItemCode=1692
1692_초이스 더블 디바이스_만 75세 이상_지니스마트음악감상,KT,초이스 더블 디바이스 (지니 스마트 음악감상),스마트기기,디바이스 할인 (1개 or 2개 선택 가능) 1개 선택 시 최대 12천원 할인 2개 선택 시 각 최대 6천원 할인,,,,,False,,디바이스 할인 (1개 or 2개 선택 가능) 1개 선택 시 최대 12천원 할인 2개 선택 시 각 최대 6천원 할인 / 1개 선택 시 최대 12천원 할인 / 2개 선택 시 각 최대 6천원 할인,https://product.kt.com/wDic/productDetail.do?ItemCode=1692
1692_초이스 더블 디바이스_만 75세 이상_지니스마트음악감상,KT,초이스 더블 디바이스 (지니 스마트 음악감상),OTT/구독,1개 선택 시 최대 12천원 할인,,,,,False,,디바이스 할인 (1개 or 2개 선택 가능) 1개 선택 시 최대 12천원 할인 2개 선택 시 각 최대 6천원 할인 / 1개 선택 시 최대 12천원 할인 / 2개 선택 시 각 최대 6천원 할인,https://product.kt.com/wDic/productDetail.do?ItemCode=1692
1692_초이스 더블 디바이스_만 75세 이상_지니스마트음악감상,KT,초이스 더블 디바이스 (지니 스마트 음악감상),OTT/구독,2개 선택 시 각 최대 6천원 할인,,,,,False,,디바이스 할인 (1개 or 2개 선택 가능) 1개 선택 시 최대 12천원 할인 2개 선택 시 각 최대 6천원 할인 / 1개 선택 시 최대 12천원 할인 / 2개 선택 시 각 최대 6천원 할인,https://product.kt.com/wDic/productDetail.do?ItemCode=1692
1692_초이스 더블 디바이스_만 75세 이상_지니스마트음악감상,KT,초이스 더블 디바이스 (지니 스마트 음악감상),멤버십,멤버십 VVIP,,,,,False,,멤버십: VVIP,https://product.kt.com/wDic/productDetail.do?ItemCode=1692
1692_초이스 더블 디바이스_만 75세 이상_지니스마트음악감상,KT,초이스 더블 디바이스 (지니 스마트 음악감상),기타,"단말보험 최대 4,500원 할인 2)",,,,,False,,"단말보험: 최대 4,500원 할인 2)",https://product.kt.com/wDic/productDetail.do?ItemCode=1692
1692_초이스 더블 디바이스_만 75세 이상_지니스마트음악감상,KT,초이스 더블 디바이스 (지니 스마트 음악감상),스마트기기,스마트기기 또는 데이터 쉐어링 스마트 기기 월정액 / 데이터 쉐어링 월정액 각 1회선 할인,,,,,False,,스마트기기 또는 데이터 쉐어링: 스마트 기기 월정액 / 데이터 쉐어링 월정액 각 1회선 할인,https://product.kt.com/wDic/productDetail.do?ItemCode=1692
1692_초이스 더블 디바이스_만 75세 이상_지니스마트음악감상,KT,초이스 더블 디바이스 (지니 스마트 음악감상),추가데이터,공유데이터 90GB,,,,,False,,공유데이터: 90GB,https://product.kt.com/wDic/productDetail.do?ItemCode=1692
1692_초이스 더블 디바이스_만 75세 이상_지니스마트음악감상,KT,초이스 더블 디바이스 (지니 스마트 음악감상),추가데이터,만 75세 이상 +90GB,,,,,False,,제공 혜택_75+ 덤 혜택_공유 데이터: +90GB,https://product.kt.com/wDic/productDetail.do?ItemCode=1692
1692_초이스 더블 디바이스_만 75세 이상_지니스마트음악감상,KT,초이스 더블 디바이스 (지니 스마트 음악감상),기타,만 75세 이상 안심박스,,,,,False,,제공 혜택_75+ 덤 혜택_추가 혜택: 안심박스 자세히보기,https://product.kt.com/wDic/productDetail.do?ItemCode=1692
1692_초이스 더블 디바이스_만 75세 이상_밀리의서재,KT,초이스 더블 디바이스 (밀리의서재),OTT/구독,밀리의서재,밀리의서재,,,,True,플러스 혜택,지니 스마트 음악감상 / 밀리의서재 / 쇼핑라운지 할인 쿠폰 (5천원권) / 모아진,https://product.kt.com/wDic/productDetail.do?ItemCode=1692
1692_초이스 더블 디바이스_만 75세 이상_밀리의서재,KT,초이스 더블 디바이스 (밀리의서재),스마트기기,디바이스 할인 (1개 or 2개 선택 가능) 1개 선택 시 최대 12천원 할인 2개 선택 시 각 최대 6천원 할인,,,,,False,,디바이스 할인 (1개 or 2개 선택 가능) 1개 선택 시 최대 12천원 할인 2개 선택 시 각 최대 6천원 할인 / 1개 선택 시 최대 12천원 할인 / 2개 선택 시 각 최대 6천원 할인,https://product.kt.com/wDic/productDetail.do?ItemCode=1692
1692_초이스 더블 디바이스_만 75세 이상_밀리의서재,KT,초이스 더블 디바이스 (밀리의서재),OTT/구독,1개 선택 시 최대 12천원 할인,,,,,False,,디바이스 할인 (1개 or 2개 선택 가능) 1개 선택 시 최대 12천원 할인 2개 선택 시 각 최대 6천원 할인 / 1개 선택 시 최대 12천원 할인 / 2개 선택 시 각 최대 6천원 할인,https://product.kt.com/wDic/productDetail.do?ItemCode=1692
1692_초이스 더블 디바이스_만 75세 이상_밀리의서재,KT,초이스 더블 디바이스 (밀리의서재),OTT/구독,2개 선택 시 각 최대 6천원 할인,,,,,False,,디바이스 할인 (1개 or 2개 선택 가능) 1개 선택 시 최대 12천원 할인 2개 선택 시 각 최대 6천원 할인 / 1개 선택 시 최대 12천원 할인 / 2개 선택 시 각 최대 6천원 할인,https://product.kt.com/wDic/productDetail.do?ItemCode=1692
1692_초이스 더블 디바이스_만 75세 이상_밀리의서재,KT,초이스 더블 디바이스 (밀리의서재),멤버십,멤버십 VVIP,,,,,False,,멤버십: VVIP,https://product.kt.com/wDic/productDetail.do?ItemCode=1692
1692_초이스 더블 디바이스_만 75세 이상_밀리의서재,KT,초이스 더블 디바이스 (밀리의서재),기타,"단말보험 최대 4,500원 할인 2)",,,,,False,,"단말보험: 최대 4,500원 할인 2)",https://product.kt.com/wDic/productDetail.do?ItemCode=1692
1692_초이스 더블 디바이스_만 75세 이상_밀리의서재,KT,초이스 더블 디바이스 (밀리의서재),스마트기기,스마트기기 또는 데이터 쉐어링 스마트 기기 월정액 / 데이터 쉐어링 월정액 각 1회선 할인,,,,,False,,스마트기기 또는 데이터 쉐어링: 스마트 기기 월정액 / 데이터 쉐어링 월정액 각 1회선 할인,https://product.kt.com/wDic/productDetail.do?ItemCode=1692
1692_초이스 더블 디바이스_만 75세 이상_밀리의서재,KT,초이스 더블 디바이스 (밀리의서재),추가데이터,공유데이터 90GB,,,,,False,,공유데이터: 90GB,https://product.kt.com/wDic/productDetail.do?ItemCode=1692
1692_초이스 더블 디바이스_만 75세 이상_밀리의서재,KT,초이스 더블 디바이스 (밀리의서재),추가데이터,만 75세 이상 +90GB,,,,,False,,제공 혜택_75+ 덤 혜택_공유 데이터: +90GB,https://product.kt.com/wDic/productDetail.do?ItemCode=1692
1692_초이스 더블 디바이스_만 75세 이상_밀리의서재,KT,초이스 더블 디바이스 (밀리의서재),기타,만 75세 이상 안심박스,,,,,False,,제공 혜택_75+ 덤 혜택_추가 혜택: 안심박스 자세히보기,https://product.kt.com/wDic/productDetail.do?ItemCode=1692
1692_초이스 더블 디바이스_만 75세 이상_쇼핑라운지할인쿠폰(5천원권),KT,초이스 더블 디바이스 (쇼핑라운지 할인 쿠폰 (5천원권)),사은품/페이백,쇼핑라운지 할인 쿠폰 (5천원권),,,,,True,플러스 혜택,지니 스마트 음악감상 / 밀리의서재 / 쇼핑라운지 할인 쿠폰 (5천원권) / 모아진,https://product.kt.com/wDic/productDetail.do?ItemCode=1692
1692_초이스 더블 디바이스_만 75세 이상_쇼핑라운지할인쿠폰(5천원권),KT,초이스 더블 디바이스 (쇼핑라운지 할인 쿠폰 (5천원권)),스마트기기,디바이스 할인 (1개 or 2개 선택 가능) 1개 선택 시 최대 12천원 할인 2개 선택 시 각 최대 6천원 할인,,,,,False,,디바이스 할인 (1개 or 2개 선택 가능) 1개 선택 시 최대 12천원 할인 2개 선택 시 각 최대 6천원 할인 / 1개 선택 시 최대 12천원 할인 / 2개 선택 시 각 최대 6천원 할인,https://product.kt.com/wDic/productDetail.do?ItemCode=1692
1692_초이스 더블 디바이스_만 75세 이상_쇼핑라운지할인쿠폰(5천원권),KT,초이스 더블 디바이스 (쇼핑라운지 할인 쿠폰 (5천원권)),OTT/구독,1개 선택 시 최대 12천원 할인,,,,,False,,디바이스 할인 (1개 or 2개 선택 가능) 1개 선택 시 최대 12천원 할인 2개 선택 시 각 최대 6천원 할인 / 1개 선택 시 최대 12천원 할인 / 2개 선택 시 각 최대 6천원 할인,https://product.kt.com/wDic/productDetail.do?ItemCode=1692
1692_초이스 더블 디바이스_만 75세 이상_쇼핑라운지할인쿠폰(5천원권),KT,초이스 더블 디바이스 (쇼핑라운지 할인 쿠폰 (5천원권)),OTT/구독,2개 선택 시 각 최대 6천원 할인,,,,,False,,디바이스 할인 (1개 or 2개 선택 가능) 1개 선택 시 최대 12천원 할인 2개 선택 시 각 최대 6천원 할인 / 1개 선택 시 최대 12천원 할인 / 2개 선택 시 각 최대 6천원 할인,https://product.kt.com/wDic/productDetail.do?ItemCode=1692
1692_초이스 더블 디바이스_만 75세 이상_쇼핑라운지할인쿠폰(5천원권),KT,초이스 더블 디바이스 (쇼핑라운지 할인 쿠폰 (5천원권)),멤버십,멤버십 VVIP,,,,,False,,멤버십: VVIP,https://product.kt.com/wDic/productDetail.do?ItemCode=1692
1692_초이스 더블 디바이스_만 75세 이상_쇼핑라운지할인쿠폰(5천원권),KT,초이스 더블 디바이스 (쇼핑라운지 할인 쿠폰 (5천원권)),기타,"단말보험 최대 4,500원 할인 2)",,,,,False,,"단말보험: 최대 4,500원 할인 2)",https://product.kt.com/wDic/productDetail.do?ItemCode=1692
1692_초이스 더블 디바이스_만 75세 이상_쇼핑라운지할인쿠폰(5천원권),KT,초이스 더블 디바이스 (쇼핑라운지 할인 쿠폰 (5천원권)),스마트기기,스마트기기 또는 데이터 쉐어링 스마트 기기 월정액 / 데이터 쉐어링 월정액 각 1회선 할인,,,,,False,,스마트기기 또는 데이터 쉐어링: 스마트 기기 월정액 / 데이터 쉐어링 월정액 각 1회선 할인,https://product.kt.com/wDic/productDetail.do?ItemCode=1692
1692_초이스 더블 디바이스_만 75세 이상_쇼핑라운지할인쿠폰(5천원권),KT,초이스 더블 디바이스 (쇼핑라운지 할인 쿠폰 (5천원권)),추가데이터,공유데이터 90GB,,,,,False,,공유데이터: 90GB,https://product.kt.com/wDic/productDetail.do?ItemCode=1692
1692_초이스 더블 디바이스_만 75세 이상_쇼핑라운지할인쿠폰(5천원권),KT,초이스 더블 디바이스 (쇼핑라운지 할인 쿠폰 (5천원권)),추가데이터,만 75세 이상 +90GB,,,,,False,,제공 혜택_75+ 덤 혜택_공유 데이터: +90GB,https://product.kt.com/wDic/productDetail.do?ItemCode=1692
1692_초이스 더블 디바이스_만 75세 이상_쇼핑라운지할인쿠폰(5천원권),KT,초이스 더블 디바이스 (쇼핑라운지 할인 쿠폰 (5천원권)),기타,만 75세 이상 안심박스,,,,,False,,제공 혜택_75+ 덤 혜택_추가 혜택: 안심박스 자세히보기,https://product.kt.com/wDic/productDetail.do?ItemCode=1692
1692_초이스 더블 디바이스_만 75세 이상_모아진,KT,초이스 더블 디바이스 (모아진),OTT/구독,모아진,,,,,True,플러스 혜택,지니 스마트 음악감상 / 밀리의서재 / 쇼핑라운지 할인 쿠폰 (5천원권) / 모아진,https://product.kt.com/wDic/productDetail.do?ItemCode=1692
1692_초이스 더블 디바이스_만 75세 이상_모아진,KT,초이스 더블 디바이스 (모아진),스마트기기,디바이스 할인 (1개 or 2개 선택 가능) 1개 선택 시 최대 12천원 할인 2개 선택 시 각 최대 6천원 할인,,,,,False,,디바이스 할인 (1개 or 2개 선택 가능) 1개 선택 시 최대 12천원 할인 2개 선택 시 각 최대 6천원 할인 / 1개 선택 시 최대 12천원 할인 / 2개 선택 시 각 최대 6천원 할인,https://product.kt.com/wDic/productDetail.do?ItemCode=1692
1692_초이스 더블 디바이스_만 75세 이상_모아진,KT,초이스 더블 디바이스 (모아진),OTT/구독,1개 선택 시 최대 12천원 할인,,,,,False,,디바이스 할인 (1개 or 2개 선택 가능) 1개 선택 시 최대 12천원 할인 2개 선택 시 각 최대 6천원 할인 / 1개 선택 시 최대 12천원 할인 / 2개 선택 시 각 최대 6천원 할인,https://product.kt.com/wDic/productDetail.do?ItemCode=1692
1692_초이스 더블 디바이스_만 75세 이상_모아진,KT,초이스 더블 디바이스 (모아진),OTT/구독,2개 선택 시 각 최대 6천원 할인,,,,,False,,디바이스 할인 (1개 or 2개 선택 가능) 1개 선택 시 최대 12천원 할인 2개 선택 시 각 최대 6천원 할인 / 1개 선택 시 최대 12천원 할인 / 2개 선택 시 각 최대 6천원 할인,https://product.kt.com/wDic/productDetail.do?ItemCode=1692
1692_초이스 더블 디바이스_만 75세 이상_모아진,KT,초이스 더블 디바이스 (모아진),멤버십,멤버십 VVIP,,,,,False,,멤버십: VVIP,https://product.kt.com/wDic/productDetail.do?ItemCode=1692
1692_초이스 더블 디바이스_만 75세 이상_모아진,KT,초이스 더블 디바이스 (모아진),기타,"단말보험 최대 4,500원 할인 2)",,,,,False,,"단말보험: 최대 4,500원 할인 2)",https://product.kt.com/wDic/productDetail.do?ItemCode=1692
1692_초이스 더블 디바이스_만 75세 이상_모아진,KT,초이스 더블 디바이스 (모아진),스마트기기,스마트기기 또는 데이터 쉐어링 스마트 기기 월정액 / 데이터 쉐어링 월정액 각 1회선 할인,,,,,False,,스마트기기 또는 데이터 쉐어링: 스마트 기기 월정액 / 데이터 쉐어링 월정액 각 1회선 할인,https://product.kt.com/wDic/productDetail.do?ItemCode=1692
1692_초이스 더블 디바이스_만 75세 이상_모아진,KT,초이스 더블 디바이스 (모아진),추가데이터,공유데이터 90GB,,,,,False,,공유데이터: 90GB,https://product.kt.com/wDic/productDetail.do?ItemCode=1692
1692_초이스 더블 디바이스_만 75세 이상_모아진,KT,초이스 더블 디바이스 (모아진),추가데이터,만 75세 이상 +90GB,,,,,False,,제공 혜택_75+ 덤 혜택_공유 데이터: +90GB,https://product.kt.com/wDic/productDetail.do?ItemCode=1692
1692_초이스 더블 디바이스_만 75세 이상_모아진,KT,초이스 더블 디바이스 (모아진),기타,만 75세 이상 안심박스,,,,,False,,제공 혜택_75+ 덤 혜택_추가 혜택: 안심박스 자세히보기,https://product.kt.com/wDic/productDetail.do?ItemCode=1692
1692_초이스 더블 디즈니플러스+폰케어_만 75세 이상_지니스마트음악감상,KT,초이스 더블 디즈니플러스+폰케어 (지니 스마트 음악감상),OTT/구독,지니 스마트 음악감상,지니뮤직,,,,True,플러스 혜택,지니 스마트 음악감상 / 밀리의서재 / 쇼핑라운지 할인 쿠폰 (5천원권) / 모아진,https://product.kt.com/wDic/productDetail.do?ItemCode=1692
1692_초이스 더블 디즈니플러스+폰케어_만 75세 이상_지니스마트음악감상,KT,초이스 더블 디즈니플러스+폰케어 (지니 스마트 음악감상),OTT/구독,디즈니 플러스 스탠다드,디즈니+,스탠다드,,,False,,"디즈니 플러스 스탠다드 / 폰케어 할인(최대 5,500원)",https://product.kt.com/wDic/productDetail.do?ItemCode=1692
1692_초이스 더블 디즈니플러스+폰케어_만 75세 이상_지니스마트음악감상,KT,초이스 더블 디즈니플러스+폰케어 (지니 스마트 음악감상),기타,"폰케어 할인(최대 5,500원)",폰케어,,,,False,,"디즈니 플러스 스탠다드 / 폰케어 할인(최대 5,500원)",https://product.kt.com/wDic/productDetail.do?ItemCode=1692
1692_초이스 더블 디즈니플러스+폰케어_만 75세 이상_지니스마트음악감상,KT,초이스 더블 디즈니플러스+폰케어 (지니 스마트 음악감상),멤버십,멤버십 VVIP,,,,,False,,멤버십: VVIP,https://product.kt.com/wDic/productDetail.do?ItemCode=1692
1692_초이스 더블 디즈니플러스+폰케어_만 75세 이상_지니스마트음악감상,KT,초이스 더블 디즈니플러스+폰케어 (지니 스마트 음악감상),기타,"단말보험 최대 4,500원 할인 2)",,,,,False,,"단말보험: 최대 4,500원 할인 2)",https://product.kt.com/wDic/productDetail.do?ItemCode=1692
1692_초이스 더블 디즈니플러스+폰케어_만 75세 이상_지니스마트음악감상,KT,초이스 더블 디즈니플러스+폰케어 (지니 스마트 음악감상),스마트기기,스마트기기 또는 데이터 쉐어링 스마트 기기 월정액 / 데이터 쉐어링 월정액 각 1회선 할인,,,,,False,,스마트기기 또는 데이터 쉐어링: 스마트 기기 월정액 / 데이터 쉐어링 월정액 각 1회선 할인,https://product.kt.com/wDic/productDetail.do?ItemCode=1692
1692_초이스 더블 디즈니플러스+폰케어_만 75세 이상_지니스마트음악감상,KT,초이스 더블 디즈니플러스+폰케어 (지니 스마트 음악감상),추가데이터,공유데이터 90GB,,,,,False,,공유데이터: 90GB,https://product.kt.com/wDic/productDetail.do?ItemCode=1692
1692_초이스 더블 디즈니플러스+폰케어_만 75세 이상_지니스마트음악감상,KT,초이스 더블 디즈니플러스+폰케어 (지니 스마트 음악감상),추가데이터,만 75세 이상 +90GB,,,,,False,,제공 혜택_75+ 덤 혜택_공유 데이터: +90GB,https://product.kt.com/wDic/productDetail.do?ItemCode=1692
1692_초이스 더블 디즈니플러스+폰케어_만 75세 이상_지니스마트음악감상,KT,초이스 더블 디즈니플러스+폰케어 (지니 스마트 음악감상),기타,만 75세 이상 안심박스,,,,,False,,제공 혜택_75+ 덤 혜택_추가 혜택: 안심박스 자세히보기,https://product.kt.com/wDic/productDetail.do?ItemCode=1692
1692_초이스 더블 디즈니플러스+폰케어_만 75세 이상_밀리의서재,KT,초이스 더블 디즈니플러스+폰케어 (밀리의서재),OTT/구독,밀리의서재,밀리의서재,,,,True,플러스 혜택,지니 스마트 음악감상 / 밀리의서재 / 쇼핑라운지 할인 쿠폰 (5천원권) / 모아진,https://product.kt.com/wDic/productDetail.do?ItemCode=1692
1692_초이스 더블 디즈니플러스+폰케어_만 75세 이상_밀리의서재,KT,초이스 더블 디즈니플러스+폰케어 (밀리의서재),OTT/구독,디즈니 플러스 스탠다드,디즈니+,스탠다드,,,False,,"디즈니 플러스 스탠다드 / 폰케어 할인(최대 5,500원)",https://product.kt.com/wDic/productDetail.do?ItemCode=1692
1692_초이스 더블 디즈니플러스+폰케어_만 75세 이상_밀리의서재,KT,초이스 더블 디즈니플러스+폰케어 (밀리의서재),기타,"폰케어 할인(최대 5,500원)",폰케어,,,,False,,"디즈니 플러스 스탠다드 / 폰케어 할인(최대 5,500원)",https://product.kt.com/wDic/productDetail.do?ItemCode=1692
1692_초이스 더블 디즈니플러스+폰케어_만 75세 이상_밀리의서재,KT,초이스 더블 디즈니플러스+폰케어 (밀리의서재),멤버십,멤버십 VVIP,,,,,False,,멤버십: VVIP,https://product.kt.com/wDic/productDetail.do?ItemCode=1692
1692_초이스 더블 디즈니플러스+폰케어_만 75세 이상_밀리의서재,KT,초이스 더블 디즈니플러스+폰케어 (밀리의서재),기타,"단말보험 최대 4,500원 할인 2)",,,,,False,,"단말보험: 최대 4,500원 할인 2)",https://product.kt.com/wDic/productDetail.do?ItemCode=1692
1692_초이스 더블 디즈니플러스+폰케어_만 75세 이상_밀리의서재,KT,초이스 더블 디즈니플러스+폰케어 (밀리의서재),스마트기기,스마트기기 또는 데이터 쉐어링 스마트 기기 월정액 / 데이터 쉐어링 월정액 각 1회선 할인,,,,,False,,스마트기기 또는 데이터 쉐어링: 스마트 기기 월정액 / 데이터 쉐어링 월정액 각 1회선 할인,https://product.kt.com/wDic/productDetail.do?ItemCode=1692
1692_초이스 더블 디즈니플러스+폰케어_만 75세 이상_밀리의서재,KT,초이스 더블 디즈니플러스+폰케어 (밀리의서재),추가데이터,공유데이터 90GB,,,,,False,,공유데이터: 90GB,https://product.kt.com/wDic/productDetail.do?ItemCode=1692
1692_초이스 더블 디즈니플러스+폰케어_만 75세 이상_밀리의서재,KT,초이스 더블 디즈니플러스+폰케어 (밀리의서재),추가데이터,만 75세 이상 +90GB,,,,,False,,제공 혜택_75+ 덤 혜택_공유 데이터: +90GB,https://product.kt.com/wDic/productDetail.do?ItemCode=1692
1692_초이스 더블 디즈니플러스+폰케어_만 75세 이상_밀리의서재,KT,초이스 더블 디즈니플러스+폰케어 (밀리의서재),기타,만 75세 이상 안심박스,,,,,False,,제공 혜택_75+ 덤 혜택_추가 혜택: 안심박스 자세히보기,https://product.kt.com/wDic/productDetail.do?ItemCode=1692
1692_초이스 더블 디즈니플러스+폰케어_만 75세 이상_쇼핑라운지할인쿠폰(5천원권),KT,초이스 더블 디즈니플러스+폰케어 (쇼핑라운지 할인 쿠폰 (5천원권)),사은품/페이백,쇼핑라운지 할인 쿠폰 (5천원권),,,,,True,플러스 혜택,지니 스마트 음악감상 / 밀리의서재 / 쇼핑라운지 할인 쿠폰 (5천원권) / 모아진,https://product.kt.com/wDic/productDetail.do?ItemCode=1692
1692_초이스 더블 디즈니플러스+폰케어_만 75세 이상_쇼핑라운지할인쿠폰(5천원권),KT,초이스 더블 디즈니플러스+폰케어 (쇼핑라운지 할인 쿠폰 (5천원권)),OTT/구독,디즈니 플러스 스탠다드,디즈니+,스탠다드,,,False,,"디즈니 플러스 스탠다드 / 폰케어 할인(최대 5,500원)",https://product.kt.com/wDic/productDetail.do?ItemCode=1692
1692_초이스 더블 디즈니플러스+폰케어_만 75세 이상_쇼핑라운지할인쿠폰(5천원권),KT,초이스 더블 디즈니플러스+폰케어 (쇼핑라운지 할인 쿠폰 (5천원권)),기타,"폰케어 할인(최대 5,500원)",폰케어,,,,False,,"디즈니 플러스 스탠다드 / 폰케어 할인(최대 5,500원)",https://product.kt.com/wDic/productDetail.do?ItemCode=1692
1692_초이스 더블 디즈니플러스+폰케어_만 75세 이상_쇼핑라운지할인쿠폰(5천원권),KT,초이스 더블 디즈니플러스+폰케어 (쇼핑라운지 할인 쿠폰 (5천원권)),멤버십,멤버십 VVIP,,,,,False,,멤버십: VVIP,https://product.kt.com/wDic/productDetail.do?ItemCode=1692
1692_초이스 더블 디즈니플러스+폰케어_만 75세 이상_쇼핑라운지할인쿠폰(5천원권),KT,초이스 더블 디즈니플러스+폰케어 (쇼핑라운지 할인 쿠폰 (5천원권)),기타,"단말보험 최대 4,500원 할인 2)",,,,,False,,"단말보험: 최대 4,500원 할인 2)",https://product.kt.com/wDic/productDetail.do?ItemCode=1692
1692_초이스 더블 디즈니플러스+폰케어_만 75세 이상_쇼핑라운지할인쿠폰(5천원권),KT,초이스 더블 디즈니플러스+폰케어 (쇼핑라운지 할인 쿠폰 (5천원권)),스마트기기,스마트기기 또는 데이터 쉐어링 스마트 기기 월정액 / 데이터 쉐어링 월정액 각 1회선 할인,,,,,False,,스마트기기 또는 데이터 쉐어링: 스마트 기기 월정액 / 데이터 쉐어링 월정액 각 1회선 할인,https://product.kt.com/wDic/productDetail.do?ItemCode=1692
1692_초이스 더블 디즈니플러스+폰케어_만 75세 이상_쇼핑라운지할인쿠폰(5천원권),KT,초이스 더블 디즈니플러스+폰케어 (쇼핑라운지 할인 쿠폰 (5천원권)),추가데이터,공유데이터 90GB,,,,,False,,공유데이터: 90GB,https://product.kt.com/wDic/productDetail.do?ItemCode=1692
1692_초이스 더블 디즈니플러스+폰케어_만 75세 이상_쇼핑라운지할인쿠폰(5천원권),KT,초이스 더블 디즈니플러스+폰케어 (쇼핑라운지 할인 쿠폰 (5천원권)),추가데이터,만 75세 이상 +90GB,,,,,False,,제공 혜택_75+ 덤 혜택_공유 데이터: +90GB,https://product.kt.com/wDic/productDetail.do?ItemCode=1692
1692_초이스 더블 디즈니플러스+폰케어_만 75세 이상_쇼핑라운지할인쿠폰(5천원권),KT,초이스 더블 디즈니플러스+폰케어 (쇼핑라운지 할인 쿠폰 (5천원권)),기타,만 75세 이상 안심박스,,,,,False,,제공 혜택_75+ 덤 혜택_추가 혜택: 안심박스 자세히보기,https://product.kt.com/wDic/productDetail.do?ItemCode=1692
1692_초이스 더블 디즈니플러스+폰케어_만 75세 이상_모아진,KT,초이스 더블 디즈니플러스+폰케어 (모아진),OTT/구독,모아진,,,,,True,플러스 혜택,지니 스마트 음악감상 / 밀리의서재 / 쇼핑라운지 할인 쿠폰 (5천원권) / 모아진,https://product.kt.com/wDic/productDetail.do?ItemCode=1692
1692_초이스 더블 디즈니플러스+폰케어_만 75세 이상_모아진,KT,초이스 더블 디즈니플러스+폰케어 (모아진),OTT/구독,디즈니 플러스 스탠다드,디즈니+,스탠다드,,,False,,"디즈니 플러스 스탠다드 / 폰케어 할인(최대 5,500원)",https://product.kt.com/wDic/productDetail.do?ItemCode=1692
1692_초이스 더블 디즈니플러스+폰케어_만 75세 이상_모아진,KT,초이스 더블 디즈니플러스+폰케어 (모아진),기타,"폰케어 할인(최대 5,500원)",폰케어,,,,False,,"디즈니 플러스 스탠다드 / 폰케어 할인(최대 5,500원)",https://product.kt.com/wDic/productDetail.do?ItemCode=1692
1692_초이스 더블 디즈니플러스+폰케어_만 75세 이상_모아진,KT,초이스 더블 디즈니플러스+폰케어 (모아진),멤버십,멤버십 VVIP,,,,,False,,멤버십: VVIP,https://product.kt.com/wDic/productDetail.do?ItemCode=1692
1692_초이스 더블 디즈니플러스+폰케어_만 75세 이상_모아진,KT,초이스 더블 디즈니플러스+폰케어 (모아진),기타,"단말보험 최대 4,500원 할인 2)",,,,,False,,"단말보험: 최대 4,500원 할인 2)",https://product.kt.com/wDic/productDetail.do?ItemCode=1692
1692_초이스 더블 디즈니플러스+폰케어_만 75세 이상_모아진,KT,초이스 더블 디즈니플러스+폰케어 (모아진),스마트기기,스마트기기 또는 데이터 쉐어링 스마트 기기 월정액 / 데이터 쉐어링 월정액 각 1회선 할인,,,,,False,,스마트기기 또는 데이터 쉐어링: 스마트 기기 월정액 / 데이터 쉐어링 월정액 각 1회선 할인,https://product.kt.com/wDic/productDetail.do?ItemCode=1692
1692_초이스 더블 디즈니플러스+폰케어_만 75세 이상_모아진,KT,초이스 더블 디즈니플러스+폰케어 (모아진),추가데이터,공유데이터 90GB,,,,,False,,공유데이터: 90GB,https://product.kt.com/wDic/productDetail.do?ItemCode=1692
1692_초이스 더블 디즈니플러스+폰케어_만 75세 이상_모아진,KT,초이스 더블 디즈니플러스+폰케어 (모아진),추가데이터,만 75세 이상 +90GB,,,,,False,,제공 혜택_75+ 덤 혜택_공유 데이터: +90GB,https://product.kt.com/wDic/productDetail.do?ItemCode=1692
1692_초이스 더블 디즈니플러스+폰케어_만 75세 이상_모아진,KT,초이스 더블 디즈니플러스+폰케어 (모아진),기타,만 75세 이상 안심박스,,,,,False,,제공 혜택_75+ 덤 혜택_추가 혜택: 안심박스 자세히보기,https://product.kt.com/wDic/productDetail.do?ItemCode=1692
1681_초이스130_유튜브프리미엄,KT,초이스130 (유튜브 프리미엄),OTT/구독,유튜브 프리미엄,유튜브 프리미엄,,,,True,초이스 (택1),유튜브 프리미엄 2) / 넷플릭스 / 디즈니+ / 티빙/지니/밀리 / 폰케어 / 삼성 / 디바이스 / 가전구독 / 위버스,https://product.kt.com/wDic/productDetail.do?ItemCode=1681
1681_초이스130_유튜브프리미엄,KT,초이스130 (유튜브 프리미엄),OTT/구독,지니뮤직,지니뮤직,,,,True,플러스 (택1),지니뮤직 / 밀리의서재 / 쇼핑라운지 할인쿠폰 5천원권 / 모아진,https://product.kt.com/wDic/productDetail.do?ItemCode=1681
1681_초이스130_유튜브프리미엄,KT,초이스130 (유튜브 프리미엄),OTT/구독,밀리의서재,밀리의서재,,,,True,플러스 (택1),지니뮤직 / 밀리의서재 / 쇼핑라운지 할인쿠폰 5천원권 / 모아진,https://product.kt.com/wDic/productDetail.do?ItemCode=1681
1681_초이스130_유튜브프리미엄,KT,초이스130 (유튜브 프리미엄),사은품/페이백,쇼핑라운지 할인쿠폰 5천원권,,,,,True,플러스 (택1),지니뮤직 / 밀리의서재 / 쇼핑라운지 할인쿠폰 5천원권 / 모아진,https://product.kt.com/wDic/productDetail.do?ItemCode=1681
1681_초이스130_유튜브프리미엄,KT,초이스130 (유튜브 프리미엄),OTT/구독,모아진,,,,,True,플러스 (택1),지니뮤직 / 밀리의서재 / 쇼핑라운지 할인쿠폰 5천원권 / 모아진,https://product.kt.com/wDic/productDetail.do?ItemCode=1681
1681_초이스130_유튜브프리미엄,KT,초이스130 (유튜브 프리미엄),멤버십,멤버십 VVIP,,,,,False,,멤버십: VVIP,https://product.kt.com/wDic/productDetail.do?ItemCode=1681
1681_초이스130_유튜브프리미엄,KT,초이스130 (유튜브 프리미엄),기타,"단말보험 최대 4,500원 할인 3)",,,,,False,,"단말보험: 최대 4,500원 할인 3)",https://product.kt.com/wDic/productDetail.do?ItemCode=1681
1681_초이스130_유튜브프리미엄,KT,초이스130 (유튜브 프리미엄),스마트기기,스마트기기 또는 데이터 쉐어링 스마트기기 월정액 2회선 / 데이터 쉐어링 1회선 할인,,,,,False,,스마트기기 또는 데이터 쉐어링: 스마트기기 월정액 2회선 / 데이터 쉐어링 1회선 할인,https://product.kt.com/wDic/productDetail.do?ItemCode=1681
1681_초이스130_유튜브프리미엄,KT,초이스130 (유튜브 프리미엄),추가데이터,공유데이터 100GB,,,,,False,,공유데이터: 100GB,https://product.kt.com/wDic/productDetail.do?ItemCode=1681
1681_초이스130_넷플릭스,KT,초이스130 (넷플릭스),OTT/구독,넷플릭스,넷플릭스,,,,True,초이스 (택1),유튜브 프리미엄 2) / 넷플릭스 / 디즈니+ / 티빙/지니/밀리 / 폰케어 / 삼성 / 디바이스 / 가전구독 / 위버스,https://product.kt.com/wDic/productDetail.do?ItemCode=1681
1681_초이스130_넷플릭스,KT,초이스130 (넷플릭스),OTT/구독,지니뮤직,지니뮤직,,,,True,플러스 (택1),지니뮤직 / 밀리의서재 / 쇼핑라운지 할인쿠폰 5천원권 / 모아진,https://product.kt.com/wDic/productDetail.do?ItemCode=1681
1681_초이스130_넷플릭스,KT,초이스130 (넷플릭스),OTT/구독,밀리의서재,밀리의서재,,,,True,플러스 (택1),지니뮤직 / 밀리의서재 / 쇼핑라운지 할인쿠폰 5천원권 / 모아진,https://product.kt.com/wDic/productDetail.do?ItemCode=1681
1681_초이스130_넷플릭스,KT,초이스130 (넷플릭스),사은품/페이백,쇼핑라운지 할인쿠폰 5천원권,,,,,True,플러스 (택1),지니뮤직 / 밀리의서재 / 쇼핑라운지 할인쿠폰 5천원권 / 모아진,https://product.kt.com/wDic/productDetail.do?ItemCode=1681
1681_초이스130_넷플릭스,KT,초이스130 (넷플릭스),OTT/구독,모아진,,,,,True,플러스 (택1),지니뮤직 / 밀리의서재 / 쇼핑라운지 할인쿠폰 5천원권 / 모아진,https://product.kt.com/wDic/productDetail.do?ItemCode=1681
1681_초이스130_넷플릭스,KT,초이스130 (넷플릭스),멤버십,멤버십 VVIP,,,,,False,,멤버십: VVIP,https://product.kt.com/wDic/productDetail.do?ItemCode=1681
1681_초이스130_넷플릭스,KT,초이스130 (넷플릭스),기타,"단말보험 최대 4,500원 할인 3)",,,,,False,,"단말보험: 최대 4,500원 할인 3)",https://product.kt.com/wDic/productDetail.do?ItemCode=1681
1681_초이스130_넷플릭스,KT,초이스130 (넷플릭스),스마트기기,스마트기기 또는 데이터 쉐어링 스마트기기 월정액 2회선 / 데이터 쉐어링 1회선 할인,,,,,False,,스마트기기 또는 데이터 쉐어링: 스마트기기 월정액 2회선 / 데이터 쉐어링 1회선 할인,https://product.kt.com/wDic/productDetail.do?ItemCode=1681
1681_초이스130_넷플릭스,KT,초이스130 (넷플릭스),추가데이터,공유데이터 100GB,,,,,False,,공유데이터: 100GB,https://product.kt.com/wDic/productDetail.do?ItemCode=1681
1681_초이스130_디즈니+,KT,초이스130 (디즈니+),OTT/구독,디즈니+,디즈니+,,,,True,초이스 (택1),유튜브 프리미엄 2) / 넷플릭스 / 디즈니+ / 티빙/지니/밀리 / 폰케어 / 삼성 / 디바이스 / 가전구독 / 위버스,https://product.kt.com/wDic/productDetail.do?ItemCode=1681
1681_초이스130_디즈니+,KT,초이스130 (디즈니+),OTT/구독,지니뮤직,지니뮤직,,,,True,플러스 (택1),지니뮤직 / 밀리의서재 / 쇼핑라운지 할인쿠폰 5천원권 / 모아진,https://product.kt.com/wDic/productDetail.do?ItemCode=1681
1681_초이스130_디즈니+,KT,초이스130 (디즈니+),OTT/구독,밀리의서재,밀리의서재,,,,True,플러스 (택1),지니뮤직 / 밀리의서재 / 쇼핑라운지 할인쿠폰 5천원권 / 모아진,https://product.kt.com/wDic/productDetail.do?ItemCode=1681
1681_초이스130_디즈니+,KT,초이스130 (디즈니+),사은품/페이백,쇼핑라운지 할인쿠폰 5천원권,,,,,True,플러스 (택1),지니뮤직 / 밀리의서재 / 쇼핑라운지 할인쿠폰 5천원권 / 모아진,https://product.kt.com/wDic/productDetail.do?ItemCode=1681
1681_초이스130_디즈니+,KT,초이스130 (디즈니+),OTT/구독,모아진,,,,,True,플러스 (택1),지니뮤직 / 밀리의서재 / 쇼핑라운지 할인쿠폰 5천원권 / 모아진,https://product.kt.com/wDic/productDetail.do?ItemCode=1681
1681_초이스130_디즈니+,KT,초이스130 (디즈니+),멤버십,멤버십 VVIP,,,,,False,,멤버십: VVIP,https://product.kt.com/wDic/productDetail.do?ItemCode=1681
1681_초이스130_디즈니+,KT,초이스130 (디즈니+),기타,"단말보험 최대 4,500원 할인 3)",,,,,False,,"단말보험: 최대 4,500원 할인 3)",https://product.kt.com/wDic/productDetail.do?ItemCode=1681
1681_초이스130_디즈니+,KT,초이스130 (디즈니+),스마트기기,스마트기기 또는 데이터 쉐어링 스마트기기 월정액 2회선 / 데이터 쉐어링 1회선 할인,,,,,False,,스마트기기 또는 데이터 쉐어링: 스마트기기 월정액 2회선 / 데이터 쉐어링 1회선 할인,https://product.kt.com/wDic/productDetail.do?ItemCode=1681
1681_초이스130_디즈니+,KT,초이스130 (디즈니+),추가데이터,공유데이터 100GB,,,,,False,,공유데이터: 100GB,https://product.kt.com/wDic/productDetail.do?ItemCode=1681
1681_초이스130_티빙/지니/밀리,KT,초이스130 (티빙/지니/밀리),OTT/구독,티빙/지니/밀리,티빙,,,,True,초이스 (택1),유튜브 프리미엄 2) / 넷플릭스 / 디즈니+ / 티빙/지니/밀리 / 폰케어 / 삼성 / 디바이스 / 가전구독 / 위버스,https://product.kt.com/wDic/productDetail.do?ItemCode=1681
1681_초이스130_티빙/지니/밀리,KT,초이스130 (티빙/지니/밀리),OTT/구독,지니뮤직,지니뮤직,,,,True,플러스 (택1),지니뮤직 / 밀리의서재 / 쇼핑라운지 할인쿠폰 5천원권 / 모아진,https://product.kt.com/wDic/productDetail.do?ItemCode=1681
1681_초이스130_티빙/지니/밀리,KT,초이스130 (티빙/지니/밀리),OTT/구독,밀리의서재,밀리의서재,,,,True,플러스 (택1),지니뮤직 / 밀리의서재 / 쇼핑라운지 할인쿠폰 5천원권 / 모아진,https://product.kt.com/wDic/productDetail.do?ItemCode=1681
1681_초이스130_티빙/지니/밀리,KT,초이스130 (티빙/지니/밀리),사은품/페이백,쇼핑라운지 할인쿠폰 5천원권,,,,,True,플러스 (택1),지니뮤직 / 밀리의서재 / 쇼핑라운지 할인쿠폰 5천원권 / 모아진,https://product.kt.com/wDic/productDetail.do?ItemCode=1681
1681_초이스130_티빙/지니/밀리,KT,초이스130 (티빙/지니/밀리),OTT/구독,모아진,,,,,True,플러스 (택1),지니뮤직 / 밀리의서재 / 쇼핑라운지 할인쿠폰 5천원권 / 모아진,https://product.kt.com/wDic/productDetail.do?ItemCode=1681
1681_초이스130_티빙/지니/밀리,KT,초이스130 (티빙/지니/밀리),멤버십,멤버십 VVIP,,,,,False,,멤버십: VVIP,https://product.kt.com/wDic/productDetail.do?ItemCode=1681
1681_초이스130_티빙/지니/밀리,KT,초이스130 (티빙/지니/밀리),기타,"단말보험 최대 4,500원 할인 3)",,,,,False,,"단말보험: 최대 4,500원 할인 3)",https://product.kt.com/wDic/productDetail.do?ItemCode=1681
1681_초이스130_티빙/지니/밀리,KT,초이스130 (티빙/지니/밀리),스마트기기,스마트기기 또는 데이터 쉐어링 스마트기기 월정액 2회선 / 데이터 쉐어링 1회선 할인,,,,,False,,스마트기기 또는 데이터 쉐어링: 스마트기기 월정액 2회선 / 데이터 쉐어링 1회선 할인,https://product.kt.com/wDic/productDetail.do?ItemCode=1681
1681_초이스130_티빙/지니/밀리,KT,초이스130 (티빙/지니/밀리),추가데이터,공유데이터 100GB,,,,,False,,공유데이터: 100GB,https://product.kt.com/wDic/productDetail.do?ItemCode=1681
1681_초이스130_폰케어,KT,초이스130 (폰케어),기타,폰케어,폰케어,,,,True,초이스 (택1),유튜브 프리미엄 2) / 넷플릭스 / 디즈니+ / 티빙/지니/밀리 / 폰케어 / 삼성 / 디바이스 / 가전구독 / 위버스,https://product.kt.com/wDic/productDetail.do?ItemCode=1681
1681_초이스130_폰케어,KT,초이스130 (폰케어),OTT/구독,지니뮤직,지니뮤직,,,,True,플러스 (택1),지니뮤직 / 밀리의서재 / 쇼핑라운지 할인쿠폰 5천원권 / 모아진,https://product.kt.com/wDic/productDetail.do?ItemCode=1681
1681_초이스130_폰케어,KT,초이스130 (폰케어),OTT/구독,밀리의서재,밀리의서재,,,,True,플러스 (택1),지니뮤직 / 밀리의서재 / 쇼핑라운지 할인쿠폰 5천원권 / 모아진,https://product.kt.com/wDic/productDetail.do?ItemCode=1681
1681_초이스130_폰케어,KT,초이스130 (폰케어),사은품/페이백,쇼핑라운지 할인쿠폰 5천원권,,,,,True,플러스 (택1),지니뮤직 / 밀리의서재 / 쇼핑라운지 할인쿠폰 5천원권 / 모아진,https://product.kt.com/wDic/productDetail.do?ItemCode=1681
1681_초이스130_폰케어,KT,초이스130 (폰케어),OTT/구독,모아진,,,,,True,플러스 (택1),지니뮤직 / 밀리의서재 / 쇼핑라운지 할인쿠폰 5천원권 / 모아진,https://product.kt.com/wDic/productDetail.do?ItemCode=1681
1681_초이스130_폰케어,KT,초이스130 (폰케어),멤버십,멤버십 VVIP,,,,,False,,멤버십: VVIP,https://product.kt.com/wDic/productDetail.do?ItemCode=1681
1681_초이스130_폰케어,KT,초이스130 (폰케어),기타,"단말보험 최대 4,500원 할인 3)",,,,,False,,"단말보험: 최대 4,500원 할인 3)",https://product.kt.com/wDic/productDetail.do?ItemCode=1681
1681_초이스130_폰케어,KT,초이스130 (폰케어),스마트기기,스마트기기 또는 데이터 쉐어링 스마트기기 월정액 2회선 / 데이터 쉐어링 1회선 할인,,,,,False,,스마트기기 또는 데이터 쉐어링: 스마트기기 월정액 2회선 / 데이터 쉐어링 1회선 할인,https://product.kt.com/wDic/productDetail.do?ItemCode=1681
1681_초이스130_폰케어,KT,초이스130 (폰케어),추가데이터,공유데이터 100GB,,,,,False,,공유데이터: 100GB,https://product.kt.com/wDic/productDetail.do?ItemCode=1681
1681_초이스130_삼성,KT,초이스130 (삼성),OTT/구독,삼성,삼성 디바이스,,,,True,초이스 (택1),유튜브 프리미엄 2) / 넷플릭스 / 디즈니+ / 티빙/지니/밀리 / 폰케어 / 삼성 / 디바이스 / 가전구독 / 위버스,https://product.kt.com/wDic/productDetail.do?ItemCode=1681
1681_초이스130_삼성,KT,초이스130 (삼성),OTT/구독,지니뮤직,지니뮤직,,,,True,플러스 (택1),지니뮤직 / 밀리의서재 / 쇼핑라운지 할인쿠폰 5천원권 / 모아진,https://product.kt.com/wDic/productDetail.do?ItemCode=1681
1681_초이스130_삼성,KT,초이스130 (삼성),OTT/구독,밀리의서재,밀리의서재,,,,True,플러스 (택1),지니뮤직 / 밀리의서재 / 쇼핑라운지 할인쿠폰 5천원권 / 모아진,https://product.kt.com/wDic/productDetail.do?ItemCode=1681
1681_초이스130_삼성,KT,초이스130 (삼성),사은품/페이백,쇼핑라운지 할인쿠폰 5천원권,,,,,True,플러스 (택1),지니뮤직 / 밀리의서재 / 쇼핑라운지 할인쿠폰 5천원권 / 모아진,https://product.kt.com/wDic/productDetail.do?ItemCode=1681
1681_초이스130_삼성,KT,초이스130 (삼성),OTT/구독,모아진,,,,,True,플러스 (택1),지니뮤직 / 밀리의서재 / 쇼핑라운지 할인쿠폰 5천원권 / 모아진,https://product.kt.com/wDic/productDetail.do?ItemCode=1681
1681_초이스130_삼성,KT,초이스130 (삼성),멤버십,멤버십 VVIP,,,,,False,,멤버십: VVIP,https://product.kt.com/wDic/productDetail.do?ItemCode=1681
1681_초이스130_삼성,KT,초이스130 (삼성),기타,"단말보험 최대 4,500원 할인 3)",,,,,False,,"단말보험: 최대 4,500원 할인 3)",https://product.kt.com/wDic/productDetail.do?ItemCode=1681
1681_초이스130_삼성,KT,초이스130 (삼성),스마트기기,스마트기기 또는 데이터 쉐어링 스마트기기 월정액 2회선 / 데이터 쉐어링 1회선 할인,,,,,False,,스마트기기 또는 데이터 쉐어링: 스마트기기 월정액 2회선 / 데이터 쉐어링 1회선 할인,https://product.kt.com/wDic/productDetail.do?ItemCode=1681
1681_초이스130_삼성,KT,초이스130 (삼성),추가데이터,공유데이터 100GB,,,,,False,,공유데이터: 100GB,https://product.kt.com/wDic/productDetail.do?ItemCode=1681
1681_초이스130_디바이스,KT,초이스130 (디바이스),스마트기기,디바이스,,,,,True,초이스 (택1),유튜브 프리미엄 2) / 넷플릭스 / 디즈니+ / 티빙/지니/밀리 / 폰케어 / 삼성 / 디바이스 / 가전구독 / 위버스,https://product.kt.com/wDic/productDetail.do?ItemCode=1681
1681_초이스130_디바이스,KT,초이스130 (디바이스),OTT/구독,지니뮤직,지니뮤직,,,,True,플러스 (택1),지니뮤직 / 밀리의서재 / 쇼핑라운지 할인쿠폰 5천원권 / 모아진,https://product.kt.com/wDic/productDetail.do?ItemCode=1681
1681_초이스130_디바이스,KT,초이스130 (디바이스),OTT/구독,밀리의서재,밀리의서재,,,,True,플러스 (택1),지니뮤직 / 밀리의서재 / 쇼핑라운지 할인쿠폰 5천원권 / 모아진,https://product.kt.com/wDic/productDetail.do?ItemCode=1681
1681_초이스130_디바이스,KT,초이스130 (디바이스),사은품/페이백,쇼핑라운지 할인쿠폰 5천원권,,,,,True,플러스 (택1),지니뮤직 / 밀리의서재 / 쇼핑라운지 할인쿠폰 5천원권 / 모아진,https://product.kt.com/wDic/productDetail.do?ItemCode=1681
1681_초이스130_디바이스,KT,초이스130 (디바이스),OTT/구독,모아진,,,,,True,플러스 (택1),지니뮤직 / 밀리의서재 / 쇼핑라운지 할인쿠폰 5천원권 / 모아진,https://product.kt.com/wDic/productDetail.do?ItemCode=1681
1681_초이스130_디바이스,KT,초이스130 (디바이스),멤버십,멤버십 VVIP,,,,,False,,멤버십: VVIP,https://product.kt.com/wDic/productDetail.do?ItemCode=1681
1681_초이스130_디바이스,KT,초이스130 (디바이스),기타,"단말보험 최대 4,500원 할인 3)",,,,,False,,"단말보험: 최대 4,500원 할인 3)",https://product.kt.com/wDic/productDetail.do?ItemCode=1681
1681_초이스130_디바이스,KT,초이스130 (디바이스),스마트기기,스마트기기 또는 데이터 쉐어링 스마트기기 월정액 2회선 / 데이터 쉐어링 1회선 할인,,,,,False,,스마트기기 또는 데이터 쉐어링: 스마트기기 월정액 2회선 / 데이터 쉐어링 1회선 할인,https://product.kt.com/wDic/productDetail.do?ItemCode=1681
1681_초이스130_디바이스,KT,초이스130 (디바이스),추가데이터,공유데이터 100GB,,,,,False,,공유데이터: 100GB,https://product.kt.com/wDic/productDetail.do?ItemCode=1681
1681_초이스130_가전구독,KT,초이스130 (가전구독),OTT/구독,가전구독,가전구독,,,,True,초이스 (택1),유튜브 프리미엄 2) / 넷플릭스 / 디즈니+ / 티빙/지니/밀리 / 폰케어 / 삼성 / 디바이스 / 가전구독 / 위버스,https://product.kt.com/wDic/productDetail.do?ItemCode=1681
1681_초이스130_가전구독,KT,초이스130 (가전구독),OTT/구독,지니뮤직,지니뮤직,,,,True,플러스 (택1),지니뮤직 / 밀리의서재 / 쇼핑라운지 할인쿠폰 5천원권 / 모아진,https://product.kt.com/wDic/productDetail.do?ItemCode=1681
1681_초이스130_가전구독,KT,초이스130 (가전구독),OTT/구독,밀리의서재,밀리의서재,,,,True,플러스 (택1),지니뮤직 / 밀리의서재 / 쇼핑라운지 할인쿠폰 5천원권 / 모아진,https://product.kt.com/wDic/productDetail.do?ItemCode=1681
1681_초이스130_가전구독,KT,초이스130 (가전구독),사은품/페이백,쇼핑라운지 할인쿠폰 5천원권,,,,,True,플러스 (택1),지니뮤직 / 밀리의서재 / 쇼핑라운지 할인쿠폰 5천원권 / 모아진,https://product.kt.com/wDic/productDetail.do?ItemCode=1681
1681_초이스130_가전구독,KT,초이스130 (가전구독),OTT/구독,모아진,,,,,True,플러스 (택1),지니뮤직 / 밀리의서재 / 쇼핑라운지 할인쿠폰 5천원권 / 모아진,https://product.kt.com/wDic/productDetail.do?ItemCode=1681
1681_초이스130_가전구독,KT,초이스130 (가전구독),멤버십,멤버십 VVIP,,,,,False,,멤버십: VVIP,https://product.kt.com/wDic/productDetail.do?ItemCode=1681
1681_초이스130_가전구독,KT,초이스130 (가전구독),기타,"단말보험 최대 4,500원 할인 3)",,,,,False,,"단말보험: 최대 4,500원 할인 3)",https://product.kt.com/wDic/productDetail.do?ItemCode=1681
1681_초이스130_가전구독,KT,초이스130 (가전구독),스마트기기,스마트기기 또는 데이터 쉐어링 스마트기기 월정액 2회선 / 데이터 쉐어링 1회선 할인,,,,,False,,스마트기기 또는 데이터 쉐어링: 스마트기기 월정액 2회선 / 데이터 쉐어링 1회선 할인,https://product.kt.com/wDic/productDetail.do?ItemCode=1681
1681_초이스130_가전구독,KT,초이스130 (가전구독),추가데이터,공유데이터 100GB,,,,,False,,공유데이터: 100GB,https://product.kt.com/wDic/productDetail.do?ItemCode=1681
1681_초이스130_위버스,KT,초이스130 (위버스),OTT/구독,위버스,위버스,,,,True,초이스 (택1),유튜브 프리미엄 2) / 넷플릭스 / 디즈니+ / 티빙/지니/밀리 / 폰케어 / 삼성 / 디바이스 / 가전구독 / 위버스,https://product.kt.com/wDic/productDetail.do?ItemCode=1681
1681_초이스130_위버스,KT,초이스130 (위버스),OTT/구독,지니뮤직,지니뮤직,,,,True,플러스 (택1),지니뮤직 / 밀리의서재 / 쇼핑라운지 할인쿠폰 5천원권 / 모아진,https://product.kt.com/wDic/productDetail.do?ItemCode=1681
1681_초이스130_위버스,KT,초이스130 (위버스),OTT/구독,밀리의서재,밀리의서재,,,,True,플러스 (택1),지니뮤직 / 밀리의서재 / 쇼핑라운지 할인쿠폰 5천원권 / 모아진,https://product.kt.com/wDic/productDetail.do?ItemCode=1681
1681_초이스130_위버스,KT,초이스130 (위버스),사은품/페이백,쇼핑라운지 할인쿠폰 5천원권,,,,,True,플러스 (택1),지니뮤직 / 밀리의서재 / 쇼핑라운지 할인쿠폰 5천원권 / 모아진,https://product.kt.com/wDic/productDetail.do?ItemCode=1681
1681_초이스130_위버스,KT,초이스130 (위버스),OTT/구독,모아진,,,,,True,플러스 (택1),지니뮤직 / 밀리의서재 / 쇼핑라운지 할인쿠폰 5천원권 / 모아진,https://product.kt.com/wDic/productDetail.do?ItemCode=1681
1681_초이스130_위버스,KT,초이스130 (위버스),멤버십,멤버십 VVIP,,,,,False,,멤버십: VVIP,https://product.kt.com/wDic/productDetail.do?ItemCode=1681
1681_초이스130_위버스,KT,초이스130 (위버스),기타,"단말보험 최대 4,500원 할인 3)",,,,,False,,"단말보험: 최대 4,500원 할인 3)",https://product.kt.com/wDic/productDetail.do?ItemCode=1681
1681_초이스130_위버스,KT,초이스130 (위버스),스마트기기,스마트기기 또는 데이터 쉐어링 스마트기기 월정액 2회선 / 데이터 쉐어링 1회선 할인,,,,,False,,스마트기기 또는 데이터 쉐어링: 스마트기기 월정액 2회선 / 데이터 쉐어링 1회선 할인,https://product.kt.com/wDic/productDetail.do?ItemCode=1681
1681_초이스130_위버스,KT,초이스130 (위버스),추가데이터,공유데이터 100GB,,,,,False,,공유데이터: 100GB,https://product.kt.com/wDic/productDetail.do?ItemCode=1681
1681_초이스110_유튜브프리미엄,KT,초이스110 (유튜브 프리미엄),OTT/구독,유튜브 프리미엄,유튜브 프리미엄,,,,True,초이스 (택1),유튜브 프리미엄 2) / 넷플릭스 / 디즈니+ / 티빙/지니/밀리 / 폰케어 / 삼성 / 디바이스 / 가전구독 / 위버스,https://product.kt.com/wDic/productDetail.do?ItemCode=1681
1681_초이스110_유튜브프리미엄,KT,초이스110 (유튜브 프리미엄),OTT/구독,지니뮤직,지니뮤직,,,,True,플러스 (택1),지니뮤직 / 밀리의서재 / 쇼핑라운지 할인쿠폰 5천원권 / 모아진,https://product.kt.com/wDic/productDetail.do?ItemCode=1681
1681_초이스110_유튜브프리미엄,KT,초이스110 (유튜브 프리미엄),OTT/구독,밀리의서재,밀리의서재,,,,True,플러스 (택1),지니뮤직 / 밀리의서재 / 쇼핑라운지 할인쿠폰 5천원권 / 모아진,https://product.kt.com/wDic/productDetail.do?ItemCode=1681
1681_초이스110_유튜브프리미엄,KT,초이스110 (유튜브 프리미엄),사은품/페이백,쇼핑라운지 할인쿠폰 5천원권,,,,,True,플러스 (택1),지니뮤직 / 밀리의서재 / 쇼핑라운지 할인쿠폰 5천원권 / 모아진,https://product.kt.com/wDic/productDetail.do?ItemCode=1681
1681_초이스110_유튜브프리미엄,KT,초이스110 (유튜브 프리미엄),OTT/구독,모아진,,,,,True,플러스 (택1),지니뮤직 / 밀리의서재 / 쇼핑라운지 할인쿠폰 5천원권 / 모아진,https://product.kt.com/wDic/productDetail.do?ItemCode=1681
1681_초이스110_유튜브프리미엄,KT,초이스110 (유튜브 프리미엄),멤버십,멤버십 VVIP,,,,,False,,멤버십: VVIP,https://product.kt.com/wDic/productDetail.do?ItemCode=1681
1681_초이스110_유튜브프리미엄,KT,초이스110 (유튜브 프리미엄),기타,"단말보험 최대 4,500원 할인 3)",,,,,False,,"단말보험: 최대 4,500원 할인 3)",https://product.kt.com/wDic/productDetail.do?ItemCode=1681
1681_초이스110_유튜브프리미엄,KT,초이스110 (유튜브 프리미엄),스마트기기,스마트기기 또는 데이터 쉐어링 스마트기기 월정액 / 데이터 쉐어링 각 1회선 할인,,,,,False,,스마트기기 또는 데이터 쉐어링: 스마트기기 월정액 / 데이터 쉐어링 각 1회선 할인,https://product.kt.com/wDic/productDetail.do?ItemCode=1681
1681_초이스110_유튜브프리미엄,KT,초이스110 (유튜브 프리미엄),추가데이터,공유데이터 80GB,,,,,False,,공유데이터: 80GB,https://product.kt.com/wDic/productDetail.do?ItemCode=1681
1681_초이스110_넷플릭스,KT,초이스110 (넷플릭스),OTT/구독,넷플릭스,넷플릭스,,,,True,초이스 (택1),유튜브 프리미엄 2) / 넷플릭스 / 디즈니+ / 티빙/지니/밀리 / 폰케어 / 삼성 / 디바이스 / 가전구독 / 위버스,https://product.kt.com/wDic/productDetail.do?ItemCode=1681
1681_초이스110_넷플릭스,KT,초이스110 (넷플릭스),OTT/구독,지니뮤직,지니뮤직,,,,True,플러스 (택1),지니뮤직 / 밀리의서재 / 쇼핑라운지 할인쿠폰 5천원권 / 모아진,https://product.kt.com/wDic/productDetail.do?ItemCode=1681
1681_초이스110_넷플릭스,KT,초이스110 (넷플릭스),OTT/구독,밀리의서재,밀리의서재,,,,True,플러스 (택1),지니뮤직 / 밀리의서재 / 쇼핑라운지 할인쿠폰 5천원권 / 모아진,https://product.kt.com/wDic/productDetail.do?ItemCode=1681
1681_초이스110_넷플릭스,KT,초이스110 (넷플릭스),사은품/페이백,쇼핑라운지 할인쿠폰 5천원권,,,,,True,플러스 (택1),지니뮤직 / 밀리의서재 / 쇼핑라운지 할인쿠폰 5천원권 / 모아진,https://product.kt.com/wDic/productDetail.do?ItemCode=1681
1681_초이스110_넷플릭스,KT,초이스110 (넷플릭스),OTT/구독,모아진,,,,,True,플러스 (택1),지니뮤직 / 밀리의서재 / 쇼핑라운지 할인쿠폰 5천원권 / 모아진,https://product.kt.com/wDic/productDetail.do?ItemCode=1681
1681_초이스110_넷플릭스,KT,초이스110 (넷플릭스),멤버십,멤버십 VVIP,,,,,False,,멤버십: VVIP,https://product.kt.com/wDic/productDetail.do?ItemCode=1681
1681_초이스110_넷플릭스,KT,초이스110 (넷플릭스),기타,"단말보험 최대 4,500원 할인 3)",,,,,False,,"단말보험: 최대 4,500원 할인 3)",https://product.kt.com/wDic/productDetail.do?ItemCode=1681
1681_초이스110_넷플릭스,KT,초이스110 (넷플릭스),스마트기기,스마트기기 또는 데이터 쉐어링 스마트기기 월정액 / 데이터 쉐어링 각 1회선 할인,,,,,False,,스마트기기 또는 데이터 쉐어링: 스마트기기 월정액 / 데이터 쉐어링 각 1회선 할인,https://product.kt.com/wDic/productDetail.do?ItemCode=1681
1681_초이스110_넷플릭스,KT,초이스110 (넷플릭스),추가데이터,공유데이터 80GB,,,,,False,,공유데이터: 80GB,https://product.kt.com/wDic/productDetail.do?ItemCode=1681
1681_초이스110_디즈니+,KT,초이스110 (디즈니+),OTT/구독,디즈니+,디즈니+,,,,True,초이스 (택1),유튜브 프리미엄 2) / 넷플릭스 / 디즈니+ / 티빙/지니/밀리 / 폰케어 / 삼성 / 디바이스 / 가전구독 / 위버스,https://product.kt.com/wDic/productDetail.do?ItemCode=1681
1681_초이스110_디즈니+,KT,초이스110 (디즈니+),OTT/구독,지니뮤직,지니뮤직,,,,True,플러스 (택1),지니뮤직 / 밀리의서재 / 쇼핑라운지 할인쿠폰 5천원권 / 모아진,https://product.kt.com/wDic/productDetail.do?ItemCode=1681
1681_초이스110_디즈니+,KT,초이스110 (디즈니+),OTT/구독,밀리의서재,밀리의서재,,,,True,플러스 (택1),지니뮤직 / 밀리의서재 / 쇼핑라운지 할인쿠폰 5천원권 / 모아진,https://product.kt.com/wDic/productDetail.do?ItemCode=1681
1681_초이스110_디즈니+,KT,초이스110 (디즈니+),사은품/페이백,쇼핑라운지 할인쿠폰 5천원권,,,,,True,플러스 (택1),지니뮤직 / 밀리의서재 / 쇼핑라운지 할인쿠폰 5천원권 / 모아진,https://product.kt.com/wDic/productDetail.do?ItemCode=1681
1681_초이스110_디즈니+,KT,초이스110 (디즈니+),OTT/구독,모아진,,,,,True,플러스 (택1),지니뮤직 / 밀리의서재 / 쇼핑라운지 할인쿠폰 5천원권 / 모아진,https://product.kt.com/wDic/productDetail.do?ItemCode=1681
1681_초이스110_디즈니+,KT,초이스110 (디즈니+),멤버십,멤버십 VVIP,,,,,False,,멤버십: VVIP,https://product.kt.com/wDic/productDetail.do?ItemCode=1681
1681_초이스110_디즈니+,KT,초이스110 (디즈니+),기타,"단말보험 최대 4,500원 할인 3)",,,,,False,,"단말보험: 최대 4,500원 할인 3)",https://product.kt.com/wDic/productDetail.do?ItemCode=1681
1681_초이스110_디즈니+,KT,초이스110 (디즈니+),스마트기기,스마트기기 또는 데이터 쉐어링 스마트기기 월정액 / 데이터 쉐어링 각 1회선 할인,,,,,False,,스마트기기 또는 데이터 쉐어링: 스마트기기 월정액 / 데이터 쉐어링 각 1회선 할인,https://product.kt.com/wDic/productDetail.do?ItemCode=1681
1681_초이스110_디즈니+,KT,초이스110 (디즈니+),추가데이터,공유데이터 80GB,,,,,False,,공유데이터: 80GB,https://product.kt.com/wDic/productDetail.do?ItemCode=1681
1681_초이스110_티빙/지니/밀리,KT,초이스110 (티빙/지니/밀리),OTT/구독,티빙/지니/밀리,티빙,,,,True,초이스 (택1),유튜브 프리미엄 2) / 넷플릭스 / 디즈니+ / 티빙/지니/밀리 / 폰케어 / 삼성 / 디바이스 / 가전구독 / 위버스,https://product.kt.com/wDic/productDetail.do?ItemCode=1681
1681_초이스110_티빙/지니/밀리,KT,초이스110 (티빙/지니/밀리),OTT/구독,지니뮤직,지니뮤직,,,,True,플러스 (택1),지니뮤직 / 밀리의서재 / 쇼핑라운지 할인쿠폰 5천원권 / 모아진,https://product.kt.com/wDic/productDetail.do?ItemCode=1681
1681_초이스110_티빙/지니/밀리,KT,초이스110 (티빙/지니/밀리),OTT/구독,밀리의서재,밀리의서재,,,,True,플러스 (택1),지니뮤직 / 밀리의서재 / 쇼핑라운지 할인쿠폰 5천원권 / 모아진,https://product.kt.com/wDic/productDetail.do?ItemCode=1681
1681_초이스110_티빙/지니/밀리,KT,초이스110 (티빙/지니/밀리),사은품/페이백,쇼핑라운지 할인쿠폰 5천원권,,,,,True,플러스 (택1),지니뮤직 / 밀리의서재 / 쇼핑라운지 할인쿠폰 5천원권 / 모아진,https://product.kt.com/wDic/productDetail.do?ItemCode=1681
1681_초이스110_티빙/지니/밀리,KT,초이스110 (티빙/지니/밀리),OTT/구독,모아진,,,,,True,플러스 (택1),지니뮤직 / 밀리의서재 / 쇼핑라운지 할인쿠폰 5천원권 / 모아진,https://product.kt.com/wDic/productDetail.do?ItemCode=1681
1681_초이스110_티빙/지니/밀리,KT,초이스110 (티빙/지니/밀리),멤버십,멤버십 VVIP,,,,,False,,멤버십: VVIP,https://product.kt.com/wDic/productDetail.do?ItemCode=1681
1681_초이스110_티빙/지니/밀리,KT,초이스110 (티빙/지니/밀리),기타,"단말보험 최대 4,500원 할인 3)",,,,,False,,"단말보험: 최대 4,500원 할인 3)",https://product.kt.com/wDic/productDetail.do?ItemCode=1681
1681_초이스110_티빙/지니/밀리,KT,초이스110 (티빙/지니/밀리),스마트기기,스마트기기 또는 데이터 쉐어링 스마트기기 월정액 / 데이터 쉐어링 각 1회선 할인,,,,,False,,스마트기기 또는 데이터 쉐어링: 스마트기기 월정액 / 데이터 쉐어링 각 1회선 할인,https://product.kt.com/wDic/productDetail.do?ItemCode=1681
1681_초이스110_티빙/지니/밀리,KT,초이스110 (티빙/지니/밀리),추가데이터,공유데이터 80GB,,,,,False,,공유데이터: 80GB,https://product.kt.com/wDic/productDetail.do?ItemCode=1681
1681_초이스110_폰케어,KT,초이스110 (폰케어),기타,폰케어,폰케어,,,,True,초이스 (택1),유튜브 프리미엄 2) / 넷플릭스 / 디즈니+ / 티빙/지니/밀리 / 폰케어 / 삼성 / 디바이스 / 가전구독 / 위버스,https://product.kt.com/wDic/productDetail.do?ItemCode=1681
1681_초이스110_폰케어,KT,초이스110 (폰케어),OTT/구독,지니뮤직,지니뮤직,,,,True,플러스 (택1),지니뮤직 / 밀리의서재 / 쇼핑라운지 할인쿠폰 5천원권 / 모아진,https://product.kt.com/wDic/productDetail.do?ItemCode=1681
1681_초이스110_폰케어,KT,초이스110 (폰케어),OTT/구독,밀리의서재,밀리의서재,,,,True,플러스 (택1),지니뮤직 / 밀리의서재 / 쇼핑라운지 할인쿠폰 5천원권 / 모아진,https://product.kt.com/wDic/productDetail.do?ItemCode=1681
1681_초이스110_폰케어,KT,초이스110 (폰케어),사은품/페이백,쇼핑라운지 할인쿠폰 5천원권,,,,,True,플러스 (택1),지니뮤직 / 밀리의서재 / 쇼핑라운지 할인쿠폰 5천원권 / 모아진,https://product.kt.com/wDic/productDetail.do?ItemCode=1681
1681_초이스110_폰케어,KT,초이스110 (폰케어),OTT/구독,모아진,,,,,True,플러스 (택1),지니뮤직 / 밀리의서재 / 쇼핑라운지 할인쿠폰 5천원권 / 모아진,https://product.kt.com/wDic/productDetail.do?ItemCode=1681
1681_초이스110_폰케어,KT,초이스110 (폰케어),멤버십,멤버십 VVIP,,,,,False,,멤버십: VVIP,https://product.kt.com/wDic/productDetail.do?ItemCode=1681
1681_초이스110_폰케어,KT,초이스110 (폰케어),기타,"단말보험 최대 4,500원 할인 3)",,,,,False,,"단말보험: 최대 4,500원 할인 3)",https://product.kt.com/wDic/productDetail.do?ItemCode=1681
1681_초이스110_폰케어,KT,초이스110 (폰케어),스마트기기,스마트기기 또는 데이터 쉐어링 스마트기기 월정액 / 데이터 쉐어링 각 1회선 할인,,,,,False,,스마트기기 또는 데이터 쉐어링: 스마트기기 월정액 / 데이터 쉐어링 각 1회선 할인,https://product.kt.com/wDic/productDetail.do?ItemCode=1681
1681_초이스110_폰케어,KT,초이스110 (폰케어),추가데이터,공유데이터 80GB,,,,,False,,공유데이터: 80GB,https://product.kt.com/wDic/productDetail.do?ItemCode=1681
1681_초이스110_삼성,KT,초이스110 (삼성),OTT/구독,삼성,삼성 디바이스,,,,True,초이스 (택1),유튜브 프리미엄 2) / 넷플릭스 / 디즈니+ / 티빙/지니/밀리 / 폰케어 / 삼성 / 디바이스 / 가전구독 / 위버스,https://product.kt.com/wDic/productDetail.do?ItemCode=1681
1681_초이스110_삼성,KT,초이스110 (삼성),OTT/구독,지니뮤직,지니뮤직,,,,True,플러스 (택1),지니뮤직 / 밀리의서재 / 쇼핑라운지 할인쿠폰 5천원권 / 모아진,https://product.kt.com/wDic/productDetail.do?ItemCode=1681
1681_초이스110_삼성,KT,초이스110 (삼성),OTT/구독,밀리의서재,밀리의서재,,,,True,플러스 (택1),지니뮤직 / 밀리의서재 / 쇼핑라운지 할인쿠폰 5천원권 / 모아진,https://product.kt.com/wDic/productDetail.do?ItemCode=1681
1681_초이스110_삼성,KT,초이스110 (삼성),사은품/페이백,쇼핑라운지 할인쿠폰 5천원권,,,,,True,플러스 (택1),지니뮤직 / 밀리의서재 / 쇼핑라운지 할인쿠폰 5천원권 / 모아진,https://product.kt.com/wDic/productDetail.do?ItemCode=1681
1681_초이스110_삼성,KT,초이스110 (삼성),OTT/구독,모아진,,,,,True,플러스 (택1),지니뮤직 / 밀리의서재 / 쇼핑라운지 할인쿠폰 5천원권 / 모아진,https://product.kt.com/wDic/productDetail.do?ItemCode=1681
1681_초이스110_삼성,KT,초이스110 (삼성),멤버십,멤버십 VVIP,,,,,False,,멤버십: VVIP,https://product.kt.com/wDic/productDetail.do?ItemCode=1681
1681_초이스110_삼성,KT,초이스110 (삼성),기타,"단말보험 최대 4,500원 할인 3)",,,,,False,,"단말보험: 최대 4,500원 할인 3)",https://product.kt.com/wDic/productDetail.do?ItemCode=1681
1681_초이스110_삼성,KT,초이스110 (삼성),스마트기기,스마트기기 또는 데이터 쉐어링 스마트기기 월정액 / 데이터 쉐어링 각 1회선 할인,,,,,False,,스마트기기 또는 데이터 쉐어링: 스마트기기 월정액 / 데이터 쉐어링 각 1회선 할인,https://product.kt.com/wDic/productDetail.do?ItemCode=1681
1681_초이스110_삼성,KT,초이스110 (삼성),추가데이터,공유데이터 80GB,,,,,False,,공유데이터: 80GB,https://product.kt.com/wDic/productDetail.do?ItemCode=1681
1681_초이스110_디바이스,KT,초이스110 (디바이스),스마트기기,디바이스,,,,,True,초이스 (택1),유튜브 프리미엄 2) / 넷플릭스 / 디즈니+ / 티빙/지니/밀리 / 폰케어 / 삼성 / 디바이스 / 가전구독 / 위버스,https://product.kt.com/wDic/productDetail.do?ItemCode=1681
1681_초이스110_디바이스,KT,초이스110 (디바이스),OTT/구독,지니뮤직,지니뮤직,,,,True,플러스 (택1),지니뮤직 / 밀리의서재 / 쇼핑라운지 할인쿠폰 5천원권 / 모아진,https://product.kt.com/wDic/productDetail.do?ItemCode=1681
1681_초이스110_디바이스,KT,초이스110 (디바이스),OTT/구독,밀리의서재,밀리의서재,,,,True,플러스 (택1),지니뮤직 / 밀리의서재 / 쇼핑라운지 할인쿠폰 5천원권 / 모아진,https://product.kt.com/wDic/productDetail.do?ItemCode=1681
1681_초이스110_디바이스,KT,초이스110 (디바이스),사은품/페이백,쇼핑라운지 할인쿠폰 5천원권,,,,,True,플러스 (택1),지니뮤직 / 밀리의서재 / 쇼핑라운지 할인쿠폰 5천원권 / 모아진,https://product.kt.com/wDic/productDetail.do?ItemCode=1681
1681_초이스110_디바이스,KT,초이스110 (디바이스),OTT/구독,모아진,,,,,True,플러스 (택1),지니뮤직 / 밀리의서재 / 쇼핑라운지 할인쿠폰 5천원권 / 모아진,https://product.kt.com/wDic/productDetail.do?ItemCode=1681
1681_초이스110_디바이스,KT,초이스110 (디바이스),멤버십,멤버십 VVIP,,,,,False,,멤버십: VVIP,https://product.kt.com/wDic/productDetail.do?ItemCode=1681
1681_초이스110_디바이스,KT,초이스110 (디바이스),기타,"단말보험 최대 4,500원 할인 3)",,,,,False,,"단말보험: 최대 4,500원 할인 3)",https://product.kt.com/wDic/productDetail.do?ItemCode=1681
1681_초이스110_디바이스,KT,초이스110 (디바이스),스마트기기,스마트기기 또는 데이터 쉐어링 스마트기기 월정액 / 데이터 쉐어링 각 1회선 할인,,,,,False,,스마트기기 또는 데이터 쉐어링: 스마트기기 월정액 / 데이터 쉐어링 각 1회선 할인,https://product.kt.com/wDic/productDetail.do?ItemCode=1681
1681_초이스110_디바이스,KT,초이스110 (디바이스),추가데이터,공유데이터 80GB,,,,,False,,공유데이터: 80GB,https://product.kt.com/wDic/productDetail.do?ItemCode=1681
1681_초이스110_가전구독,KT,초이스110 (가전구독),OTT/구독,가전구독,가전구독,,,,True,초이스 (택1),유튜브 프리미엄 2) / 넷플릭스 / 디즈니+ / 티빙/지니/밀리 / 폰케어 / 삼성 / 디바이스 / 가전구독 / 위버스,https://product.kt.com/wDic/productDetail.do?ItemCode=1681
1681_초이스110_가전구독,KT,초이스110 (가전구독),OTT/구독,지니뮤직,지니뮤직,,,,True,플러스 (택1),지니뮤직 / 밀리의서재 / 쇼핑라운지 할인쿠폰 5천원권 / 모아진,https://product.kt.com/wDic/productDetail.do?ItemCode=1681
1681_초이스110_가전구독,KT,초이스110 (가전구독),OTT/구독,밀리의서재,밀리의서재,,,,True,플러스 (택1),지니뮤직 / 밀리의서재 / 쇼핑라운지 할인쿠폰 5천원권 / 모아진,https://product.kt.com/wDic/productDetail.do?ItemCode=1681
1681_초이스110_가전구독,KT,초이스110 (가전구독),사은품/페이백,쇼핑라운지 할인쿠폰 5천원권,,,,,True,플러스 (택1),지니뮤직 / 밀리의서재 / 쇼핑라운지 할인쿠폰 5천원권 / 모아진,https://product.kt.com/wDic/productDetail.do?ItemCode=1681
1681_초이스110_가전구독,KT,초이스110 (가전구독),OTT/구독,모아진,,,,,True,플러스 (택1),지니뮤직 / 밀리의서재 / 쇼핑라운지 할인쿠폰 5천원권 / 모아진,https://product.kt.com/wDic/productDetail.do?ItemCode=1681
1681_초이스110_가전구독,KT,초이스110 (가전구독),멤버십,멤버십 VVIP,,,,,False,,멤버십: VVIP,https://product.kt.com/wDic/productDetail.do?ItemCode=1681
1681_초이스110_가전구독,KT,초이스110 (가전구독),기타,"단말보험 최대 4,500원 할인 3)",,,,,False,,"단말보험: 최대 4,500원 할인 3)",https://product.kt.com/wDic/productDetail.do?ItemCode=1681
1681_초이스110_가전구독,KT,초이스110 (가전구독),스마트기기,스마트기기 또는 데이터 쉐어링 스마트기기 월정액 / 데이터 쉐어링 각 1회선 할인,,,,,False,,스마트기기 또는 데이터 쉐어링: 스마트기기 월정액 / 데이터 쉐어링 각 1회선 할인,https://product.kt.com/wDic/productDetail.do?ItemCode=1681
1681_초이스110_가전구독,KT,초이스110 (가전구독),추가데이터,공유데이터 80GB,,,,,False,,공유데이터: 80GB,https://product.kt.com/wDic/productDetail.do?ItemCode=1681
1681_초이스110_위버스,KT,초이스110 (위버스),OTT/구독,위버스,위버스,,,,True,초이스 (택1),유튜브 프리미엄 2) / 넷플릭스 / 디즈니+ / 티빙/지니/밀리 / 폰케어 / 삼성 / 디바이스 / 가전구독 / 위버스,https://product.kt.com/wDic/productDetail.do?ItemCode=1681
1681_초이스110_위버스,KT,초이스110 (위버스),OTT/구독,지니뮤직,지니뮤직,,,,True,플러스 (택1),지니뮤직 / 밀리의서재 / 쇼핑라운지 할인쿠폰 5천원권 / 모아진,https://product.kt.com/wDic/productDetail.do?ItemCode=1681
1681_초이스110_위버스,KT,초이스110 (위버스),OTT/구독,밀리의서재,밀리의서재,,,,True,플러스 (택1),지니뮤직 / 밀리의서재 / 쇼핑라운지 할인쿠폰 5천원권 / 모아진,https://product.kt.com/wDic/productDetail.do?ItemCode=1681
1681_초이스110_위버스,KT,초이스110 (위버스),사은품/페이백,쇼핑라운지 할인쿠폰 5천원권,,,,,True,플러스 (택1),지니뮤직 / 밀리의서재 / 쇼핑라운지 할인쿠폰 5천원권 / 모아진,https://product.kt.com/wDic/productDetail.do?ItemCode=1681
1681_초이스110_위버스,KT,초이스110 (위버스),OTT/구독,모아진,,,,,True,플러스 (택1),지니뮤직 / 밀리의서재 / 쇼핑라운지 할인쿠폰 5천원권 / 모아진,https://product.kt.com/wDic/productDetail.do?ItemCode=1681
1681_초이스110_위버스,KT,초이스110 (위버스),멤버십,멤버십 VVIP,,,,,False,,멤버십: VVIP,https://product.kt.com/wDic/productDetail.do?ItemCode=1681
1681_초이스110_위버스,KT,초이스110 (위버스),기타,"단말보험 최대 4,500원 할인 3)",,,,,False,,"단말보험: 최대 4,500원 할인 3)",https://product.kt.com/wDic/productDetail.do?ItemCode=1681
1681_초이스110_위버스,KT,초이스110 (위버스),스마트기기,스마트기기 또는 데이터 쉐어링 스마트기기 월정액 / 데이터 쉐어링 각 1회선 할인,,,,,False,,스마트기기 또는 데이터 쉐어링: 스마트기기 월정액 / 데이터 쉐어링 각 1회선 할인,https://product.kt.com/wDic/productDetail.do?ItemCode=1681
1681_초이스110_위버스,KT,초이스110 (위버스),추가데이터,공유데이터 80GB,,,,,False,,공유데이터: 80GB,https://product.kt.com/wDic/productDetail.do?ItemCode=1681
1681_초이스90_유튜브프리미엄,KT,초이스90 (유튜브 프리미엄),OTT/구독,유튜브 프리미엄,유튜브 프리미엄,,,,True,초이스 (택1),유튜브 프리미엄 2) / 넷플릭스 / 디즈니+ / 티빙/지니/밀리 / 폰케어 / 삼성 / 디바이스 / 가전구독 / 위버스,https://product.kt.com/wDic/productDetail.do?ItemCode=1681
1681_초이스90_유튜브프리미엄,KT,초이스90 (유튜브 프리미엄),멤버십,멤버십 VIP,,,,,False,,멤버십: VIP,https://product.kt.com/wDic/productDetail.do?ItemCode=1681
1681_초이스90_유튜브프리미엄,KT,초이스90 (유튜브 프리미엄),스마트기기,스마트기기 또는 데이터 쉐어링 데이터 쉐어링 1회선 할인,,,,,False,,스마트기기 또는 데이터 쉐어링: 데이터 쉐어링 1회선 할인,https://product.kt.com/wDic/productDetail.do?ItemCode=1681
1681_초이스90_유튜브프리미엄,KT,초이스90 (유튜브 프리미엄),추가데이터,공유데이터 60GB,,,,,False,,공유데이터: 60GB,https://product.kt.com/wDic/productDetail.do?ItemCode=1681
1681_초이스90_넷플릭스,KT,초이스90 (넷플릭스),OTT/구독,넷플릭스,넷플릭스,,,,True,초이스 (택1),유튜브 프리미엄 2) / 넷플릭스 / 디즈니+ / 티빙/지니/밀리 / 폰케어 / 삼성 / 디바이스 / 가전구독 / 위버스,https://product.kt.com/wDic/productDetail.do?ItemCode=1681
1681_초이스90_넷플릭스,KT,초이스90 (넷플릭스),멤버십,멤버십 VIP,,,,,False,,멤버십: VIP,https://product.kt.com/wDic/productDetail.do?ItemCode=1681
1681_초이스90_넷플릭스,KT,초이스90 (넷플릭스),스마트기기,스마트기기 또는 데이터 쉐어링 데이터 쉐어링 1회선 할인,,,,,False,,스마트기기 또는 데이터 쉐어링: 데이터 쉐어링 1회선 할인,https://product.kt.com/wDic/productDetail.do?ItemCode=1681
1681_초이스90_넷플릭스,KT,초이스90 (넷플릭스),추가데이터,공유데이터 60GB,,,,,False,,공유데이터: 60GB,https://product.kt.com/wDic/productDetail.do?ItemCode=1681
1681_초이스90_디즈니+,KT,초이스90 (디즈니+),OTT/구독,디즈니+,디즈니+,,,,True,초이스 (택1),유튜브 프리미엄 2) / 넷플릭스 / 디즈니+ / 티빙/지니/밀리 / 폰케어 / 삼성 / 디바이스 / 가전구독 / 위버스,https://product.kt.com/wDic/productDetail.do?ItemCode=1681
1681_초이스90_디즈니+,KT,초이스90 (디즈니+),멤버십,멤버십 VIP,,,,,False,,멤버십: VIP,https://product.kt.com/wDic/productDetail.do?ItemCode=1681
1681_초이스90_디즈니+,KT,초이스90 (디즈니+),스마트기기,스마트기기 또는 데이터 쉐어링 데이터 쉐어링 1회선 할인,,,,,False,,스마트기기 또는 데이터 쉐어링: 데이터 쉐어링 1회선 할인,https://product.kt.com/wDic/productDetail.do?ItemCode=1681
1681_초이스90_디즈니+,KT,초이스90 (디즈니+),추가데이터,공유데이터 60GB,,,,,False,,공유데이터: 60GB,https://product.kt.com/wDic/productDetail.do?ItemCode=1681
1681_초이스90_티빙/지니/밀리,KT,초이스90 (티빙/지니/밀리),OTT/구독,티빙/지니/밀리,티빙,,,,True,초이스 (택1),유튜브 프리미엄 2) / 넷플릭스 / 디즈니+ / 티빙/지니/밀리 / 폰케어 / 삼성 / 디바이스 / 가전구독 / 위버스,https://product.kt.com/wDic/productDetail.do?ItemCode=1681
1681_초이스90_티빙/지니/밀리,KT,초이스90 (티빙/지니/밀리),멤버십,멤버십 VIP,,,,,False,,멤버십: VIP,https://product.kt.com/wDic/productDetail.do?ItemCode=1681
1681_초이스90_티빙/지니/밀리,KT,초이스90 (티빙/지니/밀리),스마트기기,스마트기기 또는 데이터 쉐어링 데이터 쉐어링 1회선 할인,,,,,False,,스마트기기 또는 데이터 쉐어링: 데이터 쉐어링 1회선 할인,https://product.kt.com/wDic/productDetail.do?ItemCode=1681
1681_초이스90_티빙/지니/밀리,KT,초이스90 (티빙/지니/밀리),추가데이터,공유데이터 60GB,,,,,False,,공유데이터: 60GB,https://product.kt.com/wDic/productDetail.do?ItemCode=1681
1681_초이스90_폰케어,KT,초이스90 (폰케어),기타,폰케어,폰케어,,,,True,초이스 (택1),유튜브 프리미엄 2) / 넷플릭스 / 디즈니+ / 티빙/지니/밀리 / 폰케어 / 삼성 / 디바이스 / 가전구독 / 위버스,https://product.kt.com/wDic/productDetail.do?ItemCode=1681
1681_초이스90_폰케어,KT,초이스90 (폰케어),멤버십,멤버십 VIP,,,,,False,,멤버십: VIP,https://product.kt.com/wDic/productDetail.do?ItemCode=1681
1681_초이스90_폰케어,KT,초이스90 (폰케어),스마트기기,스마트기기 또는 데이터 쉐어링 데이터 쉐어링 1회선 할인,,,,,False,,스마트기기 또는 데이터 쉐어링: 데이터 쉐어링 1회선 할인,https://product.kt.com/wDic/productDetail.do?ItemCode=1681
1681_초이스90_폰케어,KT,초이스90 (폰케어),추가데이터,공유데이터 60GB,,,,,False,,공유데이터: 60GB,https://product.kt.com/wDic/productDetail.do?ItemCode=1681
1681_초이스90_삼성,KT,초이스90 (삼성),OTT/구독,삼성,삼성 디바이스,,,,True,초이스 (택1),유튜브 프리미엄 2) / 넷플릭스 / 디즈니+ / 티빙/지니/밀리 / 폰케어 / 삼성 / 디바이스 / 가전구독 / 위버스,https://product.kt.com/wDic/productDetail.do?ItemCode=1681
1681_초이스90_삼성,KT,초이스90 (삼성),멤버십,멤버십 VIP,,,,,False,,멤버십: VIP,https://product.kt.com/wDic/productDetail.do?ItemCode=1681
1681_초이스90_삼성,KT,초이스90 (삼성),스마트기기,스마트기기 또는 데이터 쉐어링 데이터 쉐어링 1회선 할인,,,,,False,,스마트기기 또는 데이터 쉐어링: 데이터 쉐어링 1회선 할인,https://product.kt.com/wDic/productDetail.do?ItemCode=1681
1681_초이스90_삼성,KT,초이스90 (삼성),추가데이터,공유데이터 60GB,,,,,False,,공유데이터: 60GB,https://product.kt.com/wDic/productDetail.do?ItemCode=1681
1681_초이스90_디바이스,KT,초이스90 (디바이스),스마트기기,디바이스,,,,,True,초이스 (택1),유튜브 프리미엄 2) / 넷플릭스 / 디즈니+ / 티빙/지니/밀리 / 폰케어 / 삼성 / 디바이스 / 가전구독 / 위버스,https://product.kt.com/wDic/productDetail.do?ItemCode=1681
1681_초이스90_디바이스,KT,초이스90 (디바이스),멤버십,멤버십 VIP,,,,,False,,멤버십: VIP,https://product.kt.com/wDic/productDetail.do?ItemCode=1681
1681_초이스90_디바이스,KT,초이스90 (디바이스),스마트기기,스마트기기 또는 데이터 쉐어링 데이터 쉐어링 1회선 할인,,,,,False,,스마트기기 또는 데이터 쉐어링: 데이터 쉐어링 1회선 할인,https://product.kt.com/wDic/productDetail.do?ItemCode=1681
1681_초이스90_디바이스,KT,초이스90 (디바이스),추가데이터,공유데이터 60GB,,,,,False,,공유데이터: 60GB,https://product.kt.com/wDic/productDetail.do?ItemCode=1681
1681_초이스90_가전구독,KT,초이스90 (가전구독),OTT/구독,가전구독,가전구독,,,,True,초이스 (택1),유튜브 프리미엄 2) / 넷플릭스 / 디즈니+ / 티빙/지니/밀리 / 폰케어 / 삼성 / 디바이스 / 가전구독 / 위버스,https://product.kt.com/wDic/productDetail.do?ItemCode=1681
1681_초이스90_가전구독,KT,초이스90 (가전구독),멤버십,멤버십 VIP,,,,,False,,멤버십: VIP,https://product.kt.com/wDic/productDetail.do?ItemCode=1681
1681_초이스90_가전구독,KT,초이스90 (가전구독),스마트기기,스마트기기 또는 데이터 쉐어링 데이터 쉐어링 1회선 할인,,,,,False,,스마트기기 또는 데이터 쉐어링: 데이터 쉐어링 1회선 할인,https://product.kt.com/wDic/productDetail.do?ItemCode=1681
1681_초이스90_가전구독,KT,초이스90 (가전구독),추가데이터,공유데이터 60GB,,,,,False,,공유데이터: 60GB,https://product.kt.com/wDic/productDetail.do?ItemCode=1681
1681_초이스90_위버스,KT,초이스90 (위버스),OTT/구독,위버스,위버스,,,,True,초이스 (택1),유튜브 프리미엄 2) / 넷플릭스 / 디즈니+ / 티빙/지니/밀리 / 폰케어 / 삼성 / 디바이스 / 가전구독 / 위버스,https://product.kt.com/wDic/productDetail.do?ItemCode=1681
1681_초이스90_위버스,KT,초이스90 (위버스),멤버십,멤버십 VIP,,,,,False,,멤버십: VIP,https://product.kt.com/wDic/productDetail.do?ItemCode=1681
1681_초이스90_위버스,KT,초이스90 (위버스),스마트기기,스마트기기 또는 데이터 쉐어링 데이터 쉐어링 1회선 할인,,,,,False,,스마트기기 또는 데이터 쉐어링: 데이터 쉐어링 1회선 할인,https://product.kt.com/wDic/productDetail.do?ItemCode=1681
1681_초이스90_위버스,KT,초이스90 (위버스),추가데이터,공유데이터 60GB,,,,,False,,공유데이터: 60GB,https://product.kt.com/wDic/productDetail.do?ItemCode=1681
1681_초이스130_만 34세 이하_유튜브프리미엄,KT,초이스130 (유튜브 프리미엄),OTT/구독,유튜브 프리미엄,유튜브 프리미엄,,,,True,초이스 (택1),유튜브 프리미엄 2) / 넷플릭스 / 디즈니+ / 티빙/지니/밀리 / 폰케어 / 삼성 / 디바이스 / 가전구독 / 위버스,https://product.kt.com/wDic/productDetail.do?ItemCode=1681
1681_초이스130_만 34세 이하_유튜브프리미엄,KT,초이스130 (유튜브 프리미엄),OTT/구독,지니뮤직,지니뮤직,,,,True,플러스 (택1),지니뮤직 / 밀리의서재 / 쇼핑라운지 할인쿠폰 5천원권 / 모아진,https://product.kt.com/wDic/productDetail.do?ItemCode=1681
1681_초이스130_만 34세 이하_유튜브프리미엄,KT,초이스130 (유튜브 프리미엄),OTT/구독,밀리의서재,밀리의서재,,,,True,플러스 (택1),지니뮤직 / 밀리의서재 / 쇼핑라운지 할인쿠폰 5천원권 / 모아진,https://product.kt.com/wDic/productDetail.do?ItemCode=1681
1681_초이스130_만 34세 이하_유튜브프리미엄,KT,초이스130 (유튜브 프리미엄),사은품/페이백,쇼핑라운지 할인쿠폰 5천원권,,,,,True,플러스 (택1),지니뮤직 / 밀리의서재 / 쇼핑라운지 할인쿠폰 5천원권 / 모아진,https://product.kt.com/wDic/productDetail.do?ItemCode=1681
1681_초이스130_만 34세 이하_유튜브프리미엄,KT,초이스130 (유튜브 프리미엄),OTT/구독,모아진,,,,,True,플러스 (택1),지니뮤직 / 밀리의서재 / 쇼핑라운지 할인쿠폰 5천원권 / 모아진,https://product.kt.com/wDic/productDetail.do?ItemCode=1681
1681_초이스130_만 34세 이하_유튜브프리미엄,KT,초이스130 (유튜브 프리미엄),멤버십,멤버십 VVIP,,,,,False,,멤버십: VVIP,https://product.kt.com/wDic/productDetail.do?ItemCode=1681
1681_초이스130_만 34세 이하_유튜브프리미엄,KT,초이스130 (유튜브 프리미엄),기타,"단말보험 최대 4,500원 할인 3)",,,,,False,,"단말보험: 최대 4,500원 할인 3)",https://product.kt.com/wDic/productDetail.do?ItemCode=1681
1681_초이스130_만 34세 이하_유튜브프리미엄,KT,초이스130 (유튜브 프리미엄),스마트기기,스마트기기 또는 데이터 쉐어링 스마트기기 월정액 2회선 / 데이터 쉐어링 1회선 할인,,,,,False,,스마트기기 또는 데이터 쉐어링: 스마트기기 월정액 2회선 / 데이터 쉐어링 1회선 할인,https://product.kt.com/wDic/productDetail.do?ItemCode=1681
1681_초이스130_만 34세 이하_유튜브프리미엄,KT,초이스130 (유튜브 프리미엄),추가데이터,공유데이터 100GB,,,,,False,,공유데이터: 100GB,https://product.kt.com/wDic/productDetail.do?ItemCode=1681
1681_초이스130_만 34세 이하_유튜브프리미엄,KT,초이스130 (유튜브 프리미엄),추가데이터,만 34세 이하 +100GB,,,,,False,,제공 혜택_Y덤 혜택_공유데이터: +100GB,https://product.kt.com/wDic/productDetail.do?ItemCode=1681
1681_초이스130_만 34세 이하_넷플릭스,KT,초이스130 (넷플릭스),OTT/구독,넷플릭스,넷플릭스,,,,True,초이스 (택1),유튜브 프리미엄 2) / 넷플릭스 / 디즈니+ / 티빙/지니/밀리 / 폰케어 / 삼성 / 디바이스 / 가전구독 / 위버스,https://product.kt.com/wDic/productDetail.do?ItemCode=1681
1681_초이스130_만 34세 이하_넷플릭스,KT,초이스130 (넷플릭스),OTT/구독,지니뮤직,지니뮤직,,,,True,플러스 (택1),지니뮤직 / 밀리의서재 / 쇼핑라운지 할인쿠폰 5천원권 / 모아진,https://product.kt.com/wDic/productDetail.do?ItemCode=1681
1681_초이스130_만 34세 이하_넷플릭스,KT,초이스130 (넷플릭스),OTT/구독,밀리의서재,밀리의서재,,,,True,플러스 (택1),지니뮤직 / 밀리의서재 / 쇼핑라운지 할인쿠폰 5천원권 / 모아진,https://product.kt.com/wDic/productDetail.do?ItemCode=1681
1681_초이스130_만 34세 이하_넷플릭스,KT,초이스130 (넷플릭스),사은품/페이백,쇼핑라운지 할인쿠폰 5천원권,,,,,True,플러스 (택1),지니뮤직 / 밀리의서재 / 쇼핑라운지 할인쿠폰 5천원권 / 모아진,https://product.kt.com/wDic/productDetail.do?ItemCode=1681
1681_초이스130_만 34세 이하_넷플릭스,KT,초이스130 (넷플릭스),OTT/구독,모아진,,,,,True,플러스 (택1),지니뮤직 / 밀리의서재 / 쇼핑라운지 할인쿠폰 5천원권 / 모아진,https://product.kt.com/wDic/productDetail.do?ItemCode=1681
1681_초이스130_만 34세 이하_넷플릭스,KT,초이스130 (넷플릭스),멤버십,멤버십 VVIP,,,,,False,,멤버십: VVIP,https://product.kt.com/wDic/productDetail.do?ItemCode=1681
1681_초이스130_만 34세 이하_넷플릭스,KT,초이스130 (넷플릭스),기타,"단말보험 최대 4,500원 할인 3)",,,,,False,,"단말보험: 최대 4,500원 할인 3)",https://product.kt.com/wDic/productDetail.do?ItemCode=1681
1681_초이스130_만 34세 이하_넷플릭스,KT,초이스130 (넷플릭스),스마트기기,스마트기기 또는 데이터 쉐어링 스마트기기 월정액 2회선 / 데이터 쉐어링 1회선 할인,,,,,False,,스마트기기 또는 데이터 쉐어링: 스마트기기 월정액 2회선 / 데이터 쉐어링 1회선 할인,https://product.kt.com/wDic/productDetail.do?ItemCode=1681
1681_초이스130_만 34세 이하_넷플릭스,KT,초이스130 (넷플릭스),추가데이터,공유데이터 100GB,,,,,False,,공유데이터: 100GB,https://product.kt.com/wDic/productDetail.do?ItemCode=1681
1681_초이스130_만 34세 이하_넷플릭스,KT,초이스130 (넷플릭스),추가데이터,만 34세 이하 +100GB,,,,,False,,제공 혜택_Y덤 혜택_공유데이터: +100GB,https://product.kt.com/wDic/productDetail.do?ItemCode=1681
1681_초이스130_만 34세 이하_디즈니+,KT,초이스130 (디즈니+),OTT/구독,디즈니+,디즈니+,,,,True,초이스 (택1),유튜브 프리미엄 2) / 넷플릭스 / 디즈니+ / 티빙/지니/밀리 / 폰케어 / 삼성 / 디바이스 / 가전구독 / 위버스,https://product.kt.com/wDic/productDetail.do?ItemCode=1681
1681_초이스130_만 34세 이하_디즈니+,KT,초이스130 (디즈니+),OTT/구독,지니뮤직,지니뮤직,,,,True,플러스 (택1),지니뮤직 / 밀리의서재 / 쇼핑라운지 할인쿠폰 5천원권 / 모아진,https://product.kt.com/wDic/productDetail.do?ItemCode=1681
1681_초이스130_만 34세 이하_디즈니+,KT,초이스130 (디즈니+),OTT/구독,밀리의서재,밀리의서재,,,,True,플러스 (택1),지니뮤직 / 밀리의서재 / 쇼핑라운지 할인쿠폰 5천원권 / 모아진,https://product.kt.com/wDic/productDetail.do?ItemCode=1681
1681_초이스130_만 34세 이하_디즈니+,KT,초이스130 (디즈니+),사은품/페이백,쇼핑라운지 할인쿠폰 5천원권,,,,,True,플러스 (택1),지니뮤직 / 밀리의서재 / 쇼핑라운지 할인쿠폰 5천원권 / 모아진,https://product.kt.com/wDic/productDetail.do?ItemCode=1681
1681_초이스130_만 34세 이하_디즈니+,KT,초이스130 (디즈니+),OTT/구독,모아진,,,,,True,플러스 (택1),지니뮤직 / 밀리의서재 / 쇼핑라운지 할인쿠폰 5천원권 / 모아진,https://product.kt.com/wDic/productDetail.do?ItemCode=1681
1681_초이스130_만 34세 이하_디즈니+,KT,초이스130 (디즈니+),멤버십,멤버십 VVIP,,,,,False,,멤버십: VVIP,https://product.kt.com/wDic/productDetail.do?ItemCode=1681
1681_초이스130_만 34세 이하_디즈니+,KT,초이스130 (디즈니+),기타,"단말보험 최대 4,500원 할인 3)",,,,,False,,"단말보험: 최대 4,500원 할인 3)",https://product.kt.com/wDic/productDetail.do?ItemCode=1681
1681_초이스130_만 34세 이하_디즈니+,KT,초이스130 (디즈니+),스마트기기,스마트기기 또는 데이터 쉐어링 스마트기기 월정액 2회선 / 데이터 쉐어링 1회선 할인,,,,,False,,스마트기기 또는 데이터 쉐어링: 스마트기기 월정액 2회선 / 데이터 쉐어링 1회선 할인,https://product.kt.com/wDic/productDetail.do?ItemCode=1681
1681_초이스130_만 34세 이하_디즈니+,KT,초이스130 (디즈니+),추가데이터,공유데이터 100GB,,,,,False,,공유데이터: 100GB,https://product.kt.com/wDic/productDetail.do?ItemCode=1681
1681_초이스130_만 34세 이하_디즈니+,KT,초이스130 (디즈니+),추가데이터,만 34세 이하 +100GB,,,,,False,,제공 혜택_Y덤 혜택_공유데이터: +100GB,https://product.kt.com/wDic/productDetail.do?ItemCode=1681
1681_초이스130_만 34세 이하_티빙/지니/밀리,KT,초이스130 (티빙/지니/밀리),OTT/구독,티빙/지니/밀리,티빙,,,,True,초이스 (택1),유튜브 프리미엄 2) / 넷플릭스 / 디즈니+ / 티빙/지니/밀리 / 폰케어 / 삼성 / 디바이스 / 가전구독 / 위버스,https://product.kt.com/wDic/productDetail.do?ItemCode=1681
1681_초이스130_만 34세 이하_티빙/지니/밀리,KT,초이스130 (티빙/지니/밀리),OTT/구독,지니뮤직,지니뮤직,,,,True,플러스 (택1),지니뮤직 / 밀리의서재 / 쇼핑라운지 할인쿠폰 5천원권 / 모아진,https://product.kt.com/wDic/productDetail.do?ItemCode=1681
1681_초이스130_만 34세 이하_티빙/지니/밀리,KT,초이스130 (티빙/지니/밀리),OTT/구독,밀리의서재,밀리의서재,,,,True,플러스 (택1),지니뮤직 / 밀리의서재 / 쇼핑라운지 할인쿠폰 5천원권 / 모아진,https://product.kt.com/wDic/productDetail.do?ItemCode=1681
1681_초이스130_만 34세 이하_티빙/지니/밀리,KT,초이스130 (티빙/지니/밀리),사은품/페이백,쇼핑라운지 할인쿠폰 5천원권,,,,,True,플러스 (택1),지니뮤직 / 밀리의서재 / 쇼핑라운지 할인쿠폰 5천원권 / 모아진,https://product.kt.com/wDic/productDetail.do?ItemCode=1681
1681_초이스130_만 34세 이하_티빙/지니/밀리,KT,초이스130 (티빙/지니/밀리),OTT/구독,모아진,,,,,True,플러스 (택1),지니뮤직 / 밀리의서재 / 쇼핑라운지 할인쿠폰 5천원권 / 모아진,https://product.kt.com/wDic/productDetail.do?ItemCode=1681
1681_초이스130_만 34세 이하_티빙/지니/밀리,KT,초이스130 (티빙/지니/밀리),멤버십,멤버십 VVIP,,,,,False,,멤버십: VVIP,https://product.kt.com/wDic/productDetail.do?ItemCode=1681
1681_초이스130_만 34세 이하_티빙/지니/밀리,KT,초이스130 (티빙/지니/밀리),기타,"단말보험 최대 4,500원 할인 3)",,,,,False,,"단말보험: 최대 4,500원 할인 3)",https://product.kt.com/wDic/productDetail.do?ItemCode=1681
1681_초이스130_만 34세 이하_티빙/지니/밀리,KT,초이스130 (티빙/지니/밀리),스마트기기,스마트기기 또는 데이터 쉐어링 스마트기기 월정액 2회선 / 데이터 쉐어링 1회선 할인,,,,,False,,스마트기기 또는 데이터 쉐어링: 스마트기기 월정액 2회선 / 데이터 쉐어링 1회선 할인,https://product.kt.com/wDic/productDetail.do?ItemCode=1681
1681_초이스130_만 34세 이하_티빙/지니/밀리,KT,초이스130 (티빙/지니/밀리),추가데이터,공유데이터 100GB,,,,,False,,공유데이터: 100GB,https://product.kt.com/wDic/productDetail.do?ItemCode=1681
1681_초이스130_만 34세 이하_티빙/지니/밀리,KT,초이스130 (티빙/지니/밀리),추가데이터,만 34세 이하 +100GB,,,,,False,,제공 혜택_Y덤 혜택_공유데이터: +100GB,https://product.kt.com/wDic/productDetail.do?ItemCode=1681
1681_초이스130_만 34세 이하_폰케어,KT,초이스130 (폰케어),기타,폰케어,폰케어,,,,True,초이스 (택1),유튜브 프리미엄 2) / 넷플릭스 / 디즈니+ / 티빙/지니/밀리 / 폰케어 / 삼성 / 디바이스 / 가전구독 / 위버스,https://product.kt.com/wDic/productDetail.do?ItemCode=1681
1681_초이스130_만 34세 이하_폰케어,KT,초이스130 (폰케어),OTT/구독,지니뮤직,지니뮤직,,,,True,플러스 (택1),지니뮤직 / 밀리의서재 / 쇼핑라운지 할인쿠폰 5천원권 / 모아진,https://product.kt.com/wDic/productDetail.do?ItemCode=1681
1681_초이스130_만 34세 이하_폰케어,KT,초이스130 (폰케어),OTT/구독,밀리의서재,밀리의서재,,,,True,플러스 (택1),지니뮤직 / 밀리의서재 / 쇼핑라운지 할인쿠폰 5천원권 / 모아진,https://product.kt.com/wDic/productDetail.do?ItemCode=1681
1681_초이스130_만 34세 이하_폰케어,KT,초이스130 (폰케어),사은품/페이백,쇼핑라운지 할인쿠폰 5천원권,,,,,True,플러스 (택1),지니뮤직 / 밀리의서재 / 쇼핑라운지 할인쿠폰 5천원권 / 모아진,https://product.kt.com/wDic/productDetail.do?ItemCode=1681
1681_초이스130_만 34세 이하_폰케어,KT,초이스130 (폰케어),OTT/구독,모아진,,,,,True,플러스 (택1),지니뮤직 / 밀리의서재 / 쇼핑라운지 할인쿠폰 5천원권 / 모아진,https://product.kt.com/wDic/productDetail.do?ItemCode=1681
1681_초이스130_만 34세 이하_폰케어,KT,초이스130 (폰케어),멤버십,멤버십 VVIP,,,,,False,,멤버십: VVIP,https://product.kt.com/wDic/productDetail.do?ItemCode=1681
1681_초이스130_만 34세 이하_폰케어,KT,초이스130 (폰케어),기타,"단말보험 최대 4,500원 할인 3)",,,,,False,,"단말보험: 최대 4,500원 할인 3)",https://product.kt.com/wDic/productDetail.do?ItemCode=1681
1681_초이스130_만 34세 이하_폰케어,KT,초이스130 (폰케어),스마트기기,스마트기기 또는 데이터 쉐어링 스마트기기 월정액 2회선 / 데이터 쉐어링 1회선 할인,,,,,False,,스마트기기 또는 데이터 쉐어링: 스마트기기 월정액 2회선 / 데이터 쉐어링 1회선 할인,https://product.kt.com/wDic/productDetail.do?ItemCode=1681
1681_초이스130_만 34세 이하_폰케어,KT,초이스130 (폰케어),추가데이터,공유데이터 100GB,,,,,False,,공유데이터: 100GB,https://product.kt.com/wDic/productDetail.do?ItemCode=1681
1681_초이스130_만 34세 이하_폰케어,KT,초이스130 (폰케어),추가데이터,만 34세 이하 +100GB,,,,,False,,제공 혜택_Y덤 혜택_공유데이터: +100GB,https://product.kt.com/wDic/productDetail.do?ItemCode=1681
1681_초이스130_만 34세 이하_삼성,KT,초이스130 (삼성),OTT/구독,삼성,삼성 디바이스,,,,True,초이스 (택1),유튜브 프리미엄 2) / 넷플릭스 / 디즈니+ / 티빙/지니/밀리 / 폰케어 / 삼성 / 디바이스 / 가전구독 / 위버스,https://product.kt.com/wDic/productDetail.do?ItemCode=1681
1681_초이스130_만 34세 이하_삼성,KT,초이스130 (삼성),OTT/구독,지니뮤직,지니뮤직,,,,True,플러스 (택1),지니뮤직 / 밀리의서재 / 쇼핑라운지 할인쿠폰 5천원권 / 모아진,https://product.kt.com/wDic/productDetail.do?ItemCode=1681
1681_초이스130_만 34세 이하_삼성,KT,초이스130 (삼성),OTT/구독,밀리의서재,밀리의서재,,,,True,플러스 (택1),지니뮤직 / 밀리의서재 / 쇼핑라운지 할인쿠폰 5천원권 / 모아진,https://product.kt.com/wDic/productDetail.do?ItemCode=1681
1681_초이스130_만 34세 이하_삼성,KT,초이스130 (삼성),사은품/페이백,쇼핑라운지 할인쿠폰 5천원권,,,,,True,플러스 (택1),지니뮤직 / 밀리의서재 / 쇼핑라운지 할인쿠폰 5천원권 / 모아진,https://product.kt.com/wDic/productDetail.do?ItemCode=1681
1681_초이스130_만 34세 이하_삼성,KT,초이스130 (삼성),OTT/구독,모아진,,,,,True,플러스 (택1),지니뮤직 / 밀리의서재 / 쇼핑라운지 할인쿠폰 5천원권 / 모아진,https://product.kt.com/wDic/productDetail.do?ItemCode=1681
1681_초이스130_만 34세 이하_삼성,KT,초이스130 (삼성),멤버십,멤버십 VVIP,,,,,False,,멤버십: VVIP,https://product.kt.com/wDic/productDetail.do?ItemCode=1681
1681_초이스130_만 34세 이하_삼성,KT,초이스130 (삼성),기타,"단말보험 최대 4,500원 할인 3)",,,,,False,,"단말보험: 최대 4,500원 할인 3)",https://product.kt.com/wDic/productDetail.do?ItemCode=1681
1681_초이스130_만 34세 이하_삼성,KT,초이스130 (삼성),스마트기기,스마트기기 또는 데이터 쉐어링 스마트기기 월정액 2회선 / 데이터 쉐어링 1회선 할인,,,,,False,,스마트기기 또는 데이터 쉐어링: 스마트기기 월정액 2회선 / 데이터 쉐어링 1회선 할인,https://product.kt.com/wDic/productDetail.do?ItemCode=1681
1681_초이스130_만 34세 이하_삼성,KT,초이스130 (삼성),추가데이터,공유데이터 100GB,,,,,False,,공유데이터: 100GB,https://product.kt.com/wDic/productDetail.do?ItemCode=1681
1681_초이스130_만 34세 이하_삼성,KT,초이스130 (삼성),추가데이터,만 34세 이하 +100GB,,,,,False,,제공 혜택_Y덤 혜택_공유데이터: +100GB,https://product.kt.com/wDic/productDetail.do?ItemCode=1681
1681_초이스130_만 34세 이하_디바이스,KT,초이스130 (디바이스),스마트기기,디바이스,,,,,True,초이스 (택1),유튜브 프리미엄 2) / 넷플릭스 / 디즈니+ / 티빙/지니/밀리 / 폰케어 / 삼성 / 디바이스 / 가전구독 / 위버스,https://product.kt.com/wDic/productDetail.do?ItemCode=1681
1681_초이스130_만 34세 이하_디바이스,KT,초이스130 (디바이스),OTT/구독,지니뮤직,지니뮤직,,,,True,플러스 (택1),지니뮤직 / 밀리의서재 / 쇼핑라운지 할인쿠폰 5천원권 / 모아진,https://product.kt.com/wDic/productDetail.do?ItemCode=1681
1681_초이스130_만 34세 이하_디바이스,KT,초이스130 (디바이스),OTT/구독,밀리의서재,밀리의서재,,,,True,플러스 (택1),지니뮤직 / 밀리의서재 / 쇼핑라운지 할인쿠폰 5천원권 / 모아진,https://product.kt.com/wDic/productDetail.do?ItemCode=1681
1681_초이스130_만 34세 이하_디바이스,KT,초이스130 (디바이스),사은품/페이백,쇼핑라운지 할인쿠폰 5천원권,,,,,True,플러스 (택1),지니뮤직 / 밀리의서재 / 쇼핑라운지 할인쿠폰 5천원권 / 모아진,https://product.kt.com/wDic/productDetail.do?ItemCode=1681
1681_초이스130_만 34세 이하_디바이스,KT,초이스130 (디바이스),OTT/구독,모아진,,,,,True,플러스 (택1),지니뮤직 / 밀리의서재 / 쇼핑라운지 할인쿠폰 5천원권 / 모아진,https://product.kt.com/wDic/productDetail.do?ItemCode=1681
1681_초이스130_만 34세 이하_디바이스,KT,초이스130 (디바이스),멤버십,멤버십 VVIP,,,,,False,,멤버십: VVIP,https://product.kt.com/wDic/productDetail.do?ItemCode=1681
1681_초이스130_만 34세 이하_디바이스,KT,초이스130 (디바이스),기타,"단말보험 최대 4,500원 할인 3)",,,,,False,,"단말보험: 최대 4,500원 할인 3)",https://product.kt.com/wDic/productDetail.do?ItemCode=1681
1681_초이스130_만 34세 이하_디바이스,KT,초이스130 (디바이스),스마트기기,스마트기기 또는 데이터 쉐어링 스마트기기 월정액 2회선 / 데이터 쉐어링 1회선 할인,,,,,False,,스마트기기 또는 데이터 쉐어링: 스마트기기 월정액 2회선 / 데이터 쉐어링 1회선 할인,https://product.kt.com/wDic/productDetail.do?ItemCode=1681
1681_초이스130_만 34세 이하_디바이스,KT,초이스130 (디바이스),추가데이터,공유데이터 100GB,,,,,False,,공유데이터: 100GB,https://product.kt.com/wDic/productDetail.do?ItemCode=1681
1681_초이스130_만 34세 이하_디바이스,KT,초이스130 (디바이스),추가데이터,만 34세 이하 +100GB,,,,,False,,제공 혜택_Y덤 혜택_공유데이터: +100GB,https://product.kt.com/wDic/productDetail.do?ItemCode=1681
1681_초이스130_만 34세 이하_가전구독,KT,초이스130 (가전구독),OTT/구독,가전구독,가전구독,,,,True,초이스 (택1),유튜브 프리미엄 2) / 넷플릭스 / 디즈니+ / 티빙/지니/밀리 / 폰케어 / 삼성 / 디바이스 / 가전구독 / 위버스,https://product.kt.com/wDic/productDetail.do?ItemCode=1681
1681_초이스130_만 34세 이하_가전구독,KT,초이스130 (가전구독),OTT/구독,지니뮤직,지니뮤직,,,,True,플러스 (택1),지니뮤직 / 밀리의서재 / 쇼핑라운지 할인쿠폰 5천원권 / 모아진,https://product.kt.com/wDic/productDetail.do?ItemCode=1681
1681_초이스130_만 34세 이하_가전구독,KT,초이스130 (가전구독),OTT/구독,밀리의서재,밀리의서재,,,,True,플러스 (택1),지니뮤직 / 밀리의서재 / 쇼핑라운지 할인쿠폰 5천원권 / 모아진,https://product.kt.com/wDic/productDetail.do?ItemCode=1681
1681_초이스130_만 34세 이하_가전구독,KT,초이스130 (가전구독),사은품/페이백,쇼핑라운지 할인쿠폰 5천원권,,,,,True,플러스 (택1),지니뮤직 / 밀리의서재 / 쇼핑라운지 할인쿠폰 5천원권 / 모아진,https://product.kt.com/wDic/productDetail.do?ItemCode=1681
1681_초이스130_만 34세 이하_가전구독,KT,초이스130 (가전구독),OTT/구독,모아진,,,,,True,플러스 (택1),지니뮤직 / 밀리의서재 / 쇼핑라운지 할인쿠폰 5천원권 / 모아진,https://product.kt.com/wDic/productDetail.do?ItemCode=1681
1681_초이스130_만 34세 이하_가전구독,KT,초이스130 (가전구독),멤버십,멤버십 VVIP,,,,,False,,멤버십: VVIP,https://product.kt.com/wDic/productDetail.do?ItemCode=1681
1681_초이스130_만 34세 이하_가전구독,KT,초이스130 (가전구독),기타,"단말보험 최대 4,500원 할인 3)",,,,,False,,"단말보험: 최대 4,500원 할인 3)",https://product.kt.com/wDic/productDetail.do?ItemCode=1681
1681_초이스130_만 34세 이하_가전구독,KT,초이스130 (가전구독),스마트기기,스마트기기 또는 데이터 쉐어링 스마트기기 월정액 2회선 / 데이터 쉐어링 1회선 할인,,,,,False,,스마트기기 또는 데이터 쉐어링: 스마트기기 월정액 2회선 / 데이터 쉐어링 1회선 할인,https://product.kt.com/wDic/productDetail.do?ItemCode=1681
1681_초이스130_만 34세 이하_가전구독,KT,초이스130 (가전구독),추가데이터,공유데이터 100GB,,,,,False,,공유데이터: 100GB,https://product.kt.com/wDic/productDetail.do?ItemCode=1681
1681_초이스130_만 34세 이하_가전구독,KT,초이스130 (가전구독),추가데이터,만 34세 이하 +100GB,,,,,False,,제공 혜택_Y덤 혜택_공유데이터: +100GB,https://product.kt.com/wDic/productDetail.do?ItemCode=1681
1681_초이스130_만 34세 이하_위버스,KT,초이스130 (위버스),OTT/구독,위버스,위버스,,,,True,초이스 (택1),유튜브 프리미엄 2) / 넷플릭스 / 디즈니+ / 티빙/지니/밀리 / 폰케어 / 삼성 / 디바이스 / 가전구독 / 위버스,https://product.kt.com/wDic/productDetail.do?ItemCode=1681
1681_초이스130_만 34세 이하_위버스,KT,초이스130 (위버스),OTT/구독,지니뮤직,지니뮤직,,,,True,플러스 (택1),지니뮤직 / 밀리의서재 / 쇼핑라운지 할인쿠폰 5천원권 / 모아진,https://product.kt.com/wDic/productDetail.do?ItemCode=1681
1681_초이스130_만 34세 이하_위버스,KT,초이스130 (위버스),OTT/구독,밀리의서재,밀리의서재,,,,True,플러스 (택1),지니뮤직 / 밀리의서재 / 쇼핑라운지 할인쿠폰 5천원권 / 모아진,https://product.kt.com/wDic/productDetail.do?ItemCode=1681
1681_초이스130_만 34세 이하_위버스,KT,초이스130 (위버스),사은품/페이백,쇼핑라운지 할인쿠폰 5천원권,,,,,True,플러스 (택1),지니뮤직 / 밀리의서재 / 쇼핑라운지 할인쿠폰 5천원권 / 모아진,https://product.kt.com/wDic/productDetail.do?ItemCode=1681
1681_초이스130_만 34세 이하_위버스,KT,초이스130 (위버스),OTT/구독,모아진,,,,,True,플러스 (택1),지니뮤직 / 밀리의서재 / 쇼핑라운지 할인쿠폰 5천원권 / 모아진,https://product.kt.com/wDic/productDetail.do?ItemCode=1681
1681_초이스130_만 34세 이하_위버스,KT,초이스130 (위버스),멤버십,멤버십 VVIP,,,,,False,,멤버십: VVIP,https://product.kt.com/wDic/productDetail.do?ItemCode=1681
1681_초이스130_만 34세 이하_위버스,KT,초이스130 (위버스),기타,"단말보험 최대 4,500원 할인 3)",,,,,False,,"단말보험: 최대 4,500원 할인 3)",https://product.kt.com/wDic/productDetail.do?ItemCode=1681
1681_초이스130_만 34세 이하_위버스,KT,초이스130 (위버스),스마트기기,스마트기기 또는 데이터 쉐어링 스마트기기 월정액 2회선 / 데이터 쉐어링 1회선 할인,,,,,False,,스마트기기 또는 데이터 쉐어링: 스마트기기 월정액 2회선 / 데이터 쉐어링 1회선 할인,https://product.kt.com/wDic/productDetail.do?ItemCode=1681
1681_초이스130_만 34세 이하_위버스,KT,초이스130 (위버스),추가데이터,공유데이터 100GB,,,,,False,,공유데이터: 100GB,https://product.kt.com/wDic/productDetail.do?ItemCode=1681
1681_초이스130_만 34세 이하_위버스,KT,초이스130 (위버스),추가데이터,만 34세 이하 +100GB,,,,,False,,제공 혜택_Y덤 혜택_공유데이터: +100GB,https://product.kt.com/wDic/productDetail.do?ItemCode=1681
1681_초이스110_만 34세 이하_유튜브프리미엄,KT,초이스110 (유튜브 프리미엄),OTT/구독,유튜브 프리미엄,유튜브 프리미엄,,,,True,초이스 (택1),유튜브 프리미엄 2) / 넷플릭스 / 디즈니+ / 티빙/지니/밀리 / 폰케어 / 삼성 / 디바이스 / 가전구독 / 위버스,https://product.kt.com/wDic/productDetail.do?ItemCode=1681
1681_초이스110_만 34세 이하_유튜브프리미엄,KT,초이스110 (유튜브 프리미엄),OTT/구독,지니뮤직,지니뮤직,,,,True,플러스 (택1),지니뮤직 / 밀리의서재 / 쇼핑라운지 할인쿠폰 5천원권 / 모아진,https://product.kt.com/wDic/productDetail.do?ItemCode=1681
1681_초이스110_만 34세 이하_유튜브프리미엄,KT,초이스110 (유튜브 프리미엄),OTT/구독,밀리의서재,밀리의서재,,,,True,플러스 (택1),지니뮤직 / 밀리의서재 / 쇼핑라운지 할인쿠폰 5천원권 / 모아진,https://product.kt.com/wDic/productDetail.do?ItemCode=1681
1681_초이스110_만 34세 이하_유튜브프리미엄,KT,초이스110 (유튜브 프리미엄),사은품/페이백,쇼핑라운지 할인쿠폰 5천원권,,,,,True,플러스 (택1),지니뮤직 / 밀리의서재 / 쇼핑라운지 할인쿠폰 5천원권 / 모아진,https://product.kt.com/wDic/productDetail.do?ItemCode=1681
1681_초이스110_만 34세 이하_유튜브프리미엄,KT,초이스110 (유튜브 프리미엄),OTT/구독,모아진,,,,,True,플러스 (택1),지니뮤직 / 밀리의서재 / 쇼핑라운지 할인쿠폰 5천원권 / 모아진,https://product.kt.com/wDic/productDetail.do?ItemCode=1681
1681_초이스110_만 34세 이하_유튜브프리미엄,KT,초이스110 (유튜브 프리미엄),멤버십,멤버십 VVIP,,,,,False,,멤버십: VVIP,https://product.kt.com/wDic/productDetail.do?ItemCode=1681
1681_초이스110_만 34세 이하_유튜브프리미엄,KT,초이스110 (유튜브 프리미엄),기타,"단말보험 최대 4,500원 할인 3)",,,,,False,,"단말보험: 최대 4,500원 할인 3)",https://product.kt.com/wDic/productDetail.do?ItemCode=1681
1681_초이스110_만 34세 이하_유튜브프리미엄,KT,초이스110 (유튜브 프리미엄),스마트기기,스마트기기 또는 데이터 쉐어링 스마트기기 월정액 / 데이터 쉐어링 각 1회선 할인,,,,,False,,스마트기기 또는 데이터 쉐어링: 스마트기기 월정액 / 데이터 쉐어링 각 1회선 할인,https://product.kt.com/wDic/productDetail.do?ItemCode=1681
1681_초이스110_만 34세 이하_유튜브프리미엄,KT,초이스110 (유튜브 프리미엄),추가데이터,공유데이터 80GB,,,,,False,,공유데이터: 80GB,https://product.kt.com/wDic/productDetail.do?ItemCode=1681
1681_초이스110_만 34세 이하_유튜브프리미엄,KT,초이스110 (유튜브 프리미엄),추가데이터,만 34세 이하 +80GB,,,,,False,,제공 혜택_Y덤 혜택_공유데이터: +80GB,https://product.kt.com/wDic/productDetail.do?ItemCode=1681
1681_초이스110_만 34세 이하_넷플릭스,KT,초이스110 (넷플릭스),OTT/구독,넷플릭스,넷플릭스,,,,True,초이스 (택1),유튜브 프리미엄 2) / 넷플릭스 / 디즈니+ / 티빙/지니/밀리 / 폰케어 / 삼성 / 디바이스 / 가전구독 / 위버스,https://product.kt.com/wDic/productDetail.do?ItemCode=1681
1681_초이스110_만 34세 이하_넷플릭스,KT,초이스110 (넷플릭스),OTT/구독,지니뮤직,지니뮤직,,,,True,플러스 (택1),지니뮤직 / 밀리의서재 / 쇼핑라운지 할인쿠폰 5천원권 / 모아진,https://product.kt.com/wDic/productDetail.do?ItemCode=1681
1681_초이스110_만 34세 이하_넷플릭스,KT,초이스110 (넷플릭스),OTT/구독,밀리의서재,밀리의서재,,,,True,플러스 (택1),지니뮤직 / 밀리의서재 / 쇼핑라운지 할인쿠폰 5천원권 / 모아진,https://product.kt.com/wDic/productDetail.do?ItemCode=1681
1681_초이스110_만 34세 이하_넷플릭스,KT,초이스110 (넷플릭스),사은품/페이백,쇼핑라운지 할인쿠폰 5천원권,,,,,True,플러스 (택1),지니뮤직 / 밀리의서재 / 쇼핑라운지 할인쿠폰 5천원권 / 모아진,https://product.kt.com/wDic/productDetail.do?ItemCode=1681
1681_초이스110_만 34세 이하_넷플릭스,KT,초이스110 (넷플릭스),OTT/구독,모아진,,,,,True,플러스 (택1),지니뮤직 / 밀리의서재 / 쇼핑라운지 할인쿠폰 5천원권 / 모아진,https://product.kt.com/wDic/productDetail.do?ItemCode=1681
1681_초이스110_만 34세 이하_넷플릭스,KT,초이스110 (넷플릭스),멤버십,멤버십 VVIP,,,,,False,,멤버십: VVIP,https://product.kt.com/wDic/productDetail.do?ItemCode=1681
1681_초이스110_만 34세 이하_넷플릭스,KT,초이스110 (넷플릭스),기타,"단말보험 최대 4,500원 할인 3)",,,,,False,,"단말보험: 최대 4,500원 할인 3)",https://product.kt.com/wDic/productDetail.do?ItemCode=1681
1681_초이스110_만 34세 이하_넷플릭스,KT,초이스110 (넷플릭스),스마트기기,스마트기기 또는 데이터 쉐어링 스마트기기 월정액 / 데이터 쉐어링 각 1회선 할인,,,,,False,,스마트기기 또는 데이터 쉐어링: 스마트기기 월정액 / 데이터 쉐어링 각 1회선 할인,https://product.kt.com/wDic/productDetail.do?ItemCode=1681
1681_초이스110_만 34세 이하_넷플릭스,KT,초이스110 (넷플릭스),추가데이터,공유데이터 80GB,,,,,False,,공유데이터: 80GB,https://product.kt.com/wDic/productDetail.do?ItemCode=1681
1681_초이스110_만 34세 이하_넷플릭스,KT,초이스110 (넷플릭스),추가데이터,만 34세 이하 +80GB,,,,,False,,제공 혜택_Y덤 혜택_공유데이터: +80GB,https://product.kt.com/wDic/productDetail.do?ItemCode=1681
1681_초이스110_만 34세 이하_디즈니+,KT,초이스110 (디즈니+),OTT/구독,디즈니+,디즈니+,,,,True,초이스 (택1),유튜브 프리미엄 2) / 넷플릭스 / 디즈니+ / 티빙/지니/밀리 / 폰케어 / 삼성 / 디바이스 / 가전구독 / 위버스,https://product.kt.com/wDic/productDetail.do?ItemCode=1681
1681_초이스110_만 34세 이하_디즈니+,KT,초이스110 (디즈니+),OTT/구독,지니뮤직,지니뮤직,,,,True,플러스 (택1),지니뮤직 / 밀리의서재 / 쇼핑라운지 할인쿠폰 5천원권 / 모아진,https://product.kt.com/wDic/productDetail.do?ItemCode=1681
1681_초이스110_만 34세 이하_디즈니+,KT,초이스110 (디즈니+),OTT/구독,밀리의서재,밀리의서재,,,,True,플러스 (택1),지니뮤직 / 밀리의서재 / 쇼핑라운지 할인쿠폰 5천원권 / 모아진,https://product.kt.com/wDic/productDetail.do?ItemCode=1681
1681_초이스110_만 34세 이하_디즈니+,KT,초이스110 (디즈니+),사은품/페이백,쇼핑라운지 할인쿠폰 5천원권,,,,,True,플러스 (택1),지니뮤직 / 밀리의서재 / 쇼핑라운지 할인쿠폰 5천원권 / 모아진,https://product.kt.com/wDic/productDetail.do?ItemCode=1681
1681_초이스110_만 34세 이하_디즈니+,KT,초이스110 (디즈니+),OTT/구독,모아진,,,,,True,플러스 (택1),지니뮤직 / 밀리의서재 / 쇼핑라운지 할인쿠폰 5천원권 / 모아진,https://product.kt.com/wDic/productDetail.do?ItemCode=1681
1681_초이스110_만 34세 이하_디즈니+,KT,초이스110 (디즈니+),멤버십,멤버십 VVIP,,,,,False,,멤버십: VVIP,https://product.kt.com/wDic/productDetail.do?ItemCode=1681
1681_초이스110_만 34세 이하_디즈니+,KT,초이스110 (디즈니+),기타,"단말보험 최대 4,500원 할인 3)",,,,,False,,"단말보험: 최대 4,500원 할인 3)",https://product.kt.com/wDic/productDetail.do?ItemCode=1681
1681_초이스110_만 34세 이하_디즈니+,KT,초이스110 (디즈니+),스마트기기,스마트기기 또는 데이터 쉐어링 스마트기기 월정액 / 데이터 쉐어링 각 1회선 할인,,,,,False,,스마트기기 또는 데이터 쉐어링: 스마트기기 월정액 / 데이터 쉐어링 각 1회선 할인,https://product.kt.com/wDic/productDetail.do?ItemCode=1681
1681_초이스110_만 34세 이하_디즈니+,KT,초이스110 (디즈니+),추가데이터,공유데이터 80GB,,,,,False,,공유데이터: 80GB,https://product.kt.com/wDic/productDetail.do?ItemCode=1681
1681_초이스110_만 34세 이하_디즈니+,KT,초이스110 (디즈니+),추가데이터,만 34세 이하 +80GB,,,,,False,,제공 혜택_Y덤 혜택_공유데이터: +80GB,https://product.kt.com/wDic/productDetail.do?ItemCode=1681
1681_초이스110_만 34세 이하_티빙/지니/밀리,KT,초이스110 (티빙/지니/밀리),OTT/구독,티빙/지니/밀리,티빙,,,,True,초이스 (택1),유튜브 프리미엄 2) / 넷플릭스 / 디즈니+ / 티빙/지니/밀리 / 폰케어 / 삼성 / 디바이스 / 가전구독 / 위버스,https://product.kt.com/wDic/productDetail.do?ItemCode=1681
1681_초이스110_만 34세 이하_티빙/지니/밀리,KT,초이스110 (티빙/지니/밀리),OTT/구독,지니뮤직,지니뮤직,,,,True,플러스 (택1),지니뮤직 / 밀리의서재 / 쇼핑라운지 할인쿠폰 5천원권 / 모아진,https://product.kt.com/wDic/productDetail.do?ItemCode=1681
1681_초이스110_만 34세 이하_티빙/지니/밀리,KT,초이스110 (티빙/지니/밀리),OTT/구독,밀리의서재,밀리의서재,,,,True,플러스 (택1),지니뮤직 / 밀리의서재 / 쇼핑라운지 할인쿠폰 5천원권 / 모아진,https://product.kt.com/wDic/productDetail.do?ItemCode=1681
1681_초이스110_만 34세 이하_티빙/지니/밀리,KT,초이스110 (티빙/지니/밀리),사은품/페이백,쇼핑라운지 할인쿠폰 5천원권,,,,,True,플러스 (택1),지니뮤직 / 밀리의서재 / 쇼핑라운지 할인쿠폰 5천원권 / 모아진,https://product.kt.com/wDic/productDetail.do?ItemCode=1681
1681_초이스110_만 34세 이하_티빙/지니/밀리,KT,초이스110 (티빙/지니/밀리),OTT/구독,모아진,,,,,True,플러스 (택1),지니뮤직 / 밀리의서재 / 쇼핑라운지 할인쿠폰 5천원권 / 모아진,https://product.kt.com/wDic/productDetail.do?ItemCode=1681
1681_초이스110_만 34세 이하_티빙/지니/밀리,KT,초이스110 (티빙/지니/밀리),멤버십,멤버십 VVIP,,,,,False,,멤버십: VVIP,https://product.kt.com/wDic/productDetail.do?ItemCode=1681
1681_초이스110_만 34세 이하_티빙/지니/밀리,KT,초이스110 (티빙/지니/밀리),기타,"단말보험 최대 4,500원 할인 3)",,,,,False,,"단말보험: 최대 4,500원 할인 3)",https://product.kt.com/wDic/productDetail.do?ItemCode=1681
1681_초이스110_만 34세 이하_티빙/지니/밀리,KT,초이스110 (티빙/지니/밀리),스마트기기,스마트기기 또는 데이터 쉐어링 스마트기기 월정액 / 데이터 쉐어링 각 1회선 할인,,,,,False,,스마트기기 또는 데이터 쉐어링: 스마트기기 월정액 / 데이터 쉐어링 각 1회선 할인,https://product.kt.com/wDic/productDetail.do?ItemCode=1681
1681_초이스110_만 34세 이하_티빙/지니/밀리,KT,초이스110 (티빙/지니/밀리),추가데이터,공유데이터 80GB,,,,,False,,공유데이터: 80GB,https://product.kt.com/wDic/productDetail.do?ItemCode=1681
1681_초이스110_만 34세 이하_티빙/지니/밀리,KT,초이스110 (티빙/지니/밀리),추가데이터,만 34세 이하 +80GB,,,,,False,,제공 혜택_Y덤 혜택_공유데이터: +80GB,https://product.kt.com/wDic/productDetail.do?ItemCode=1681
1681_초이스110_만 34세 이하_폰케어,KT,초이스110 (폰케어),기타,폰케어,폰케어,,,,True,초이스 (택1),유튜브 프리미엄 2) / 넷플릭스 / 디즈니+ / 티빙/지니/밀리 / 폰케어 / 삼성 / 디바이스 / 가전구독 / 위버스,https://product.kt.com/wDic/productDetail.do?ItemCode=1681
1681_초이스110_만 34세 이하_폰케어,KT,초이스110 (폰케어),OTT/구독,지니뮤직,지니뮤직,,,,True,플러스 (택1),지니뮤직 / 밀리의서재 / 쇼핑라운지 할인쿠폰 5천원권 / 모아진,https://product.kt.com/wDic/productDetail.do?ItemCode=1681
1681_초이스110_만 34세 이하_폰케어,KT,초이스110 (폰케어),OTT/구독,밀리의서재,밀리의서재,,,,True,플러스 (택1),지니뮤직 / 밀리의서재 / 쇼핑라운지 할인쿠폰 5천원권 / 모아진,https://product.kt.com/wDic/productDetail.do?ItemCode=1681
1681_초이스110_만 34세 이하_폰케어,KT,초이스110 (폰케어),사은품/페이백,쇼핑라운지 할인쿠폰 5천원권,,,,,True,플러스 (택1),지니뮤직 / 밀리의서재 / 쇼핑라운지 할인쿠폰 5천원권 / 모아진,https://product.kt.com/wDic/productDetail.do?ItemCode=1681
1681_초이스110_만 34세 이하_폰케어,KT,초이스110 (폰케어),OTT/구독,모아진,,,,,True,플러스 (택1),지니뮤직 / 밀리의서재 / 쇼핑라운지 할인쿠폰 5천원권 / 모아진,https://product.kt.com/wDic/productDetail.do?ItemCode=1681
1681_초이스110_만 34세 이하_폰케어,KT,초이스110 (폰케어),멤버십,멤버십 VVIP,,,,,False,,멤버십: VVIP,https://product.kt.com/wDic/productDetail.do?ItemCode=1681
1681_초이스110_만 34세 이하_폰케어,KT,초이스110 (폰케어),기타,"단말보험 최대 4,500원 할인 3)",,,,,False,,"단말보험: 최대 4,500원 할인 3)",https://product.kt.com/wDic/productDetail.do?ItemCode=1681
1681_초이스110_만 34세 이하_폰케어,KT,초이스110 (폰케어),스마트기기,스마트기기 또는 데이터 쉐어링 스마트기기 월정액 / 데이터 쉐어링 각 1회선 할인,,,,,False,,스마트기기 또는 데이터 쉐어링: 스마트기기 월정액 / 데이터 쉐어링 각 1회선 할인,https://product.kt.com/wDic/productDetail.do?ItemCode=1681
1681_초이스110_만 34세 이하_폰케어,KT,초이스110 (폰케어),추가데이터,공유데이터 80GB,,,,,False,,공유데이터: 80GB,https://product.kt.com/wDic/productDetail.do?ItemCode=1681
1681_초이스110_만 34세 이하_폰케어,KT,초이스110 (폰케어),추가데이터,만 34세 이하 +80GB,,,,,False,,제공 혜택_Y덤 혜택_공유데이터: +80GB,https://product.kt.com/wDic/productDetail.do?ItemCode=1681
1681_초이스110_만 34세 이하_삼성,KT,초이스110 (삼성),OTT/구독,삼성,삼성 디바이스,,,,True,초이스 (택1),유튜브 프리미엄 2) / 넷플릭스 / 디즈니+ / 티빙/지니/밀리 / 폰케어 / 삼성 / 디바이스 / 가전구독 / 위버스,https://product.kt.com/wDic/productDetail.do?ItemCode=1681
1681_초이스110_만 34세 이하_삼성,KT,초이스110 (삼성),OTT/구독,지니뮤직,지니뮤직,,,,True,플러스 (택1),지니뮤직 / 밀리의서재 / 쇼핑라운지 할인쿠폰 5천원권 / 모아진,https://product.kt.com/wDic/productDetail.do?ItemCode=1681
1681_초이스110_만 34세 이하_삼성,KT,초이스110 (삼성),OTT/구독,밀리의서재,밀리의서재,,,,True,플러스 (택1),지니뮤직 / 밀리의서재 / 쇼핑라운지 할인쿠폰 5천원권 / 모아진,https://product.kt.com/wDic/productDetail.do?ItemCode=1681
1681_초이스110_만 34세 이하_삼성,KT,초이스110 (삼성),사은품/페이백,쇼핑라운지 할인쿠폰 5천원권,,,,,True,플러스 (택1),지니뮤직 / 밀리의서재 / 쇼핑라운지 할인쿠폰 5천원권 / 모아진,https://product.kt.com/wDic/productDetail.do?ItemCode=1681
1681_초이스110_만 34세 이하_삼성,KT,초이스110 (삼성),OTT/구독,모아진,,,,,True,플러스 (택1),지니뮤직 / 밀리의서재 / 쇼핑라운지 할인쿠폰 5천원권 / 모아진,https://product.kt.com/wDic/productDetail.do?ItemCode=1681
1681_초이스110_만 34세 이하_삼성,KT,초이스110 (삼성),멤버십,멤버십 VVIP,,,,,False,,멤버십: VVIP,https://product.kt.com/wDic/productDetail.do?ItemCode=1681
1681_초이스110_만 34세 이하_삼성,KT,초이스110 (삼성),기타,"단말보험 최대 4,500원 할인 3)",,,,,False,,"단말보험: 최대 4,500원 할인 3)",https://product.kt.com/wDic/productDetail.do?ItemCode=1681
1681_초이스110_만 34세 이하_삼성,KT,초이스110 (삼성),스마트기기,스마트기기 또는 데이터 쉐어링 스마트기기 월정액 / 데이터 쉐어링 각 1회선 할인,,,,,False,,스마트기기 또는 데이터 쉐어링: 스마트기기 월정액 / 데이터 쉐어링 각 1회선 할인,https://product.kt.com/wDic/productDetail.do?ItemCode=1681
1681_초이스110_만 34세 이하_삼성,KT,초이스110 (삼성),추가데이터,공유데이터 80GB,,,,,False,,공유데이터: 80GB,https://product.kt.com/wDic/productDetail.do?ItemCode=1681
1681_초이스110_만 34세 이하_삼성,KT,초이스110 (삼성),추가데이터,만 34세 이하 +80GB,,,,,False,,제공 혜택_Y덤 혜택_공유데이터: +80GB,https://product.kt.com/wDic/productDetail.do?ItemCode=1681
1681_초이스110_만 34세 이하_디바이스,KT,초이스110 (디바이스),스마트기기,디바이스,,,,,True,초이스 (택1),유튜브 프리미엄 2) / 넷플릭스 / 디즈니+ / 티빙/지니/밀리 / 폰케어 / 삼성 / 디바이스 / 가전구독 / 위버스,https://product.kt.com/wDic/productDetail.do?ItemCode=1681
1681_초이스110_만 34세 이하_디바이스,KT,초이스110 (디바이스),OTT/구독,지니뮤직,지니뮤직,,,,True,플러스 (택1),지니뮤직 / 밀리의서재 / 쇼핑라운지 할인쿠폰 5천원권 / 모아진,https://product.kt.com/wDic/productDetail.do?ItemCode=1681
1681_초이스110_만 34세 이하_디바이스,KT,초이스110 (디바이스),OTT/구독,밀리의서재,밀리의서재,,,,True,플러스 (택1),지니뮤직 / 밀리의서재 / 쇼핑라운지 할인쿠폰 5천원권 / 모아진,https://product.kt.com/wDic/productDetail.do?ItemCode=1681
1681_초이스110_만 34세 이하_디바이스,KT,초이스110 (디바이스),사은품/페이백,쇼핑라운지 할인쿠폰 5천원권,,,,,True,플러스 (택1),지니뮤직 / 밀리의서재 / 쇼핑라운지 할인쿠폰 5천원권 / 모아진,https://product.kt.com/wDic/productDetail.do?ItemCode=1681
1681_초이스110_만 34세 이하_디바이스,KT,초이스110 (디바이스),OTT/구독,모아진,,,,,True,플러스 (택1),지니뮤직 / 밀리의서재 / 쇼핑라운지 할인쿠폰 5천원권 / 모아진,https://product.kt.com/wDic/productDetail.do?ItemCode=1681
1681_초이스110_만 34세 이하_디바이스,KT,초이스110 (디바이스),멤버십,멤버십 VVIP,,,,,False,,멤버십: VVIP,https://product.kt.com/wDic/productDetail.do?ItemCode=1681
1681_초이스110_만 34세 이하_디바이스,KT,초이스110 (디바이스),기타,"단말보험 최대 4,500원 할인 3)",,,,,False,,"단말보험: 최대 4,500원 할인 3)",https://product.kt.com/wDic/productDetail.do?ItemCode=1681
1681_초이스110_만 34세 이하_디바이스,KT,초이스110 (디바이스),스마트기기,스마트기기 또는 데이터 쉐어링 스마트기기 월정액 / 데이터 쉐어링 각 1회선 할인,,,,,False,,스마트기기 또는 데이터 쉐어링: 스마트기기 월정액 / 데이터 쉐어링 각 1회선 할인,https://product.kt.com/wDic/productDetail.do?ItemCode=1681
1681_초이스110_만 34세 이하_디바이스,KT,초이스110 (디바이스),추가데이터,공유데이터 80GB,,,,,False,,공유데이터: 80GB,https://product.kt.com/wDic/productDetail.do?ItemCode=1681
1681_초이스110_만 34세 이하_디바이스,KT,초이스110 (디바이스),추가데이터,만 34세 이하 +80GB,,,,,False,,제공 혜택_Y덤 혜택_공유데이터: +80GB,https://product.kt.com/wDic/productDetail.do?ItemCode=1681
1681_초이스110_만 34세 이하_가전구독,KT,초이스110 (가전구독),OTT/구독,가전구독,가전구독,,,,True,초이스 (택1),유튜브 프리미엄 2) / 넷플릭스 / 디즈니+ / 티빙/지니/밀리 / 폰케어 / 삼성 / 디바이스 / 가전구독 / 위버스,https://product.kt.com/wDic/productDetail.do?ItemCode=1681
1681_초이스110_만 34세 이하_가전구독,KT,초이스110 (가전구독),OTT/구독,지니뮤직,지니뮤직,,,,True,플러스 (택1),지니뮤직 / 밀리의서재 / 쇼핑라운지 할인쿠폰 5천원권 / 모아진,https://product.kt.com/wDic/productDetail.do?ItemCode=1681
1681_초이스110_만 34세 이하_가전구독,KT,초이스110 (가전구독),OTT/구독,밀리의서재,밀리의서재,,,,True,플러스 (택1),지니뮤직 / 밀리의서재 / 쇼핑라운지 할인쿠폰 5천원권 / 모아진,https://product.kt.com/wDic/productDetail.do?ItemCode=1681
1681_초이스110_만 34세 이하_가전구독,KT,초이스110 (가전구독),사은품/페이백,쇼핑라운지 할인쿠폰 5천원권,,,,,True,플러스 (택1),지니뮤직 / 밀리의서재 / 쇼핑라운지 할인쿠폰 5천원권 / 모아진,https://product.kt.com/wDic/productDetail.do?ItemCode=1681
1681_초이스110_만 34세 이하_가전구독,KT,초이스110 (가전구독),OTT/구독,모아진,,,,,True,플러스 (택1),지니뮤직 / 밀리의서재 / 쇼핑라운지 할인쿠폰 5천원권 / 모아진,https://product.kt.com/wDic/productDetail.do?ItemCode=1681
1681_초이스110_만 34세 이하_가전구독,KT,초이스110 (가전구독),멤버십,멤버십 VVIP,,,,,False,,멤버십: VVIP,https://product.kt.com/wDic/productDetail.do?ItemCode=1681
1681_초이스110_만 34세 이하_가전구독,KT,초이스110 (가전구독),기타,"단말보험 최대 4,500원 할인 3)",,,,,False,,"단말보험: 최대 4,500원 할인 3)",https://product.kt.com/wDic/productDetail.do?ItemCode=1681
1681_초이스110_만 34세 이하_가전구독,KT,초이스110 (가전구독),스마트기기,스마트기기 또는 데이터 쉐어링 스마트기기 월정액 / 데이터 쉐어링 각 1회선 할인,,,,,False,,스마트기기 또는 데이터 쉐어링: 스마트기기 월정액 / 데이터 쉐어링 각 1회선 할인,https://product.kt.com/wDic/productDetail.do?ItemCode=1681
1681_초이스110_만 34세 이하_가전구독,KT,초이스110 (가전구독),추가데이터,공유데이터 80GB,,,,,False,,공유데이터: 80GB,https://product.kt.com/wDic/productDetail.do?ItemCode=1681
1681_초이스110_만 34세 이하_가전구독,KT,초이스110 (가전구독),추가데이터,만 34세 이하 +80GB,,,,,False,,제공 혜택_Y덤 혜택_공유데이터: +80GB,https://product.kt.com/wDic/productDetail.do?ItemCode=1681
1681_초이스110_만 34세 이하_위버스,KT,초이스110 (위버스),OTT/구독,위버스,위버스,,,,True,초이스 (택1),유튜브 프리미엄 2) / 넷플릭스 / 디즈니+ / 티빙/지니/밀리 / 폰케어 / 삼성 / 디바이스 / 가전구독 / 위버스,https://product.kt.com/wDic/productDetail.do?ItemCode=1681
1681_초이스110_만 34세 이하_위버스,KT,초이스110 (위버스),OTT/구독,지니뮤직,지니뮤직,,,,True,플러스 (택1),지니뮤직 / 밀리의서재 / 쇼핑라운지 할인쿠폰 5천원권 / 모아진,https://product.kt.com/wDic/productDetail.do?ItemCode=1681
1681_초이스110_만 34세 이하_위버스,KT,초이스110 (위버스),OTT/구독,밀리의서재,밀리의서재,,,,True,플러스 (택1),지니뮤직 / 밀리의서재 / 쇼핑라운지 할인쿠폰 5천원권 / 모아진,https://product.kt.com/wDic/productDetail.do?ItemCode=1681
1681_초이스110_만 34세 이하_위버스,KT,초이스110 (위버스),사은품/페이백,쇼핑라운지 할인쿠폰 5천원권,,,,,True,플러스 (택1),지니뮤직 / 밀리의서재 / 쇼핑라운지 할인쿠폰 5천원권 / 모아진,https://product.kt.com/wDic/productDetail.do?ItemCode=1681
1681_초이스110_만 34세 이하_위버스,KT,초이스110 (위버스),OTT/구독,모아진,,,,,True,플러스 (택1),지니뮤직 / 밀리의서재 / 쇼핑라운지 할인쿠폰 5천원권 / 모아진,https://product.kt.com/wDic/productDetail.do?ItemCode=1681
1681_초이스110_만 34세 이하_위버스,KT,초이스110 (위버스),멤버십,멤버십 VVIP,,,,,False,,멤버십: VVIP,https://product.kt.com/wDic/productDetail.do?ItemCode=1681
1681_초이스110_만 34세 이하_위버스,KT,초이스110 (위버스),기타,"단말보험 최대 4,500원 할인 3)",,,,,False,,"단말보험: 최대 4,500원 할인 3)",https://product.kt.com/wDic/productDetail.do?ItemCode=1681
1681_초이스110_만 34세 이하_위버스,KT,초이스110 (위버스),스마트기기,스마트기기 또는 데이터 쉐어링 스마트기기 월정액 / 데이터 쉐어링 각 1회선 할인,,,,,False,,스마트기기 또는 데이터 쉐어링: 스마트기기 월정액 / 데이터 쉐어링 각 1회선 할인,https://product.kt.com/wDic/productDetail.do?ItemCode=1681
1681_초이스110_만 34세 이하_위버스,KT,초이스110 (위버스),추가데이터,공유데이터 80GB,,,,,False,,공유데이터: 80GB,https://product.kt.com/wDic/productDetail.do?ItemCode=1681
1681_초이스110_만 34세 이하_위버스,KT,초이스110 (위버스),추가데이터,만 34세 이하 +80GB,,,,,False,,제공 혜택_Y덤 혜택_공유데이터: +80GB,https://product.kt.com/wDic/productDetail.do?ItemCode=1681
1681_초이스90_만 34세 이하_유튜브프리미엄,KT,초이스90 (유튜브 프리미엄),OTT/구독,유튜브 프리미엄,유튜브 프리미엄,,,,True,초이스 (택1),유튜브 프리미엄 2) / 넷플릭스 / 디즈니+ / 티빙/지니/밀리 / 폰케어 / 삼성 / 디바이스 / 가전구독 / 위버스,https://product.kt.com/wDic/productDetail.do?ItemCode=1681
1681_초이스90_만 34세 이하_유튜브프리미엄,KT,초이스90 (유튜브 프리미엄),멤버십,멤버십 VIP,,,,,False,,멤버십: VIP,https://product.kt.com/wDic/productDetail.do?ItemCode=1681
1681_초이스90_만 34세 이하_유튜브프리미엄,KT,초이스90 (유튜브 프리미엄),스마트기기,스마트기기 또는 데이터 쉐어링 데이터 쉐어링 1회선 할인,,,,,False,,스마트기기 또는 데이터 쉐어링: 데이터 쉐어링 1회선 할인,https://product.kt.com/wDic/productDetail.do?ItemCode=1681
1681_초이스90_만 34세 이하_유튜브프리미엄,KT,초이스90 (유튜브 프리미엄),추가데이터,공유데이터 60GB,,,,,False,,공유데이터: 60GB,https://product.kt.com/wDic/productDetail.do?ItemCode=1681
1681_초이스90_만 34세 이하_유튜브프리미엄,KT,초이스90 (유튜브 프리미엄),추가데이터,만 34세 이하 +60GB,,,,,False,,제공 혜택_Y덤 혜택_공유데이터: +60GB,https://product.kt.com/wDic/productDetail.do?ItemCode=1681
1681_초이스90_만 34세 이하_유튜브프리미엄,KT,초이스90 (유튜브 프리미엄),기타,만 34세 이하 스마트기기 월정액 또는 데이터 쉐어링 중 1회선 할인(택1),,,,,False,,제공 혜택_Y덤 혜택_추가 혜택: 스마트기기 월정액 또는 데이터 쉐어링 중 1회선 할인(택1),https://product.kt.com/wDic/productDetail.do?ItemCode=1681
1681_초이스90_만 34세 이하_넷플릭스,KT,초이스90 (넷플릭스),OTT/구독,넷플릭스,넷플릭스,,,,True,초이스 (택1),유튜브 프리미엄 2) / 넷플릭스 / 디즈니+ / 티빙/지니/밀리 / 폰케어 / 삼성 / 디바이스 / 가전구독 / 위버스,https://product.kt.com/wDic/productDetail.do?ItemCode=1681
1681_초이스90_만 34세 이하_넷플릭스,KT,초이스90 (넷플릭스),멤버십,멤버십 VIP,,,,,False,,멤버십: VIP,https://product.kt.com/wDic/productDetail.do?ItemCode=1681
1681_초이스90_만 34세 이하_넷플릭스,KT,초이스90 (넷플릭스),스마트기기,스마트기기 또는 데이터 쉐어링 데이터 쉐어링 1회선 할인,,,,,False,,스마트기기 또는 데이터 쉐어링: 데이터 쉐어링 1회선 할인,https://product.kt.com/wDic/productDetail.do?ItemCode=1681
1681_초이스90_만 34세 이하_넷플릭스,KT,초이스90 (넷플릭스),추가데이터,공유데이터 60GB,,,,,False,,공유데이터: 60GB,https://product.kt.com/wDic/productDetail.do?ItemCode=1681
1681_초이스90_만 34세 이하_넷플릭스,KT,초이스90 (넷플릭스),추가데이터,만 34세 이하 +60GB,,,,,False,,제공 혜택_Y덤 혜택_공유데이터: +60GB,https://product.kt.com/wDic/productDetail.do?ItemCode=1681
1681_초이스90_만 34세 이하_넷플릭스,KT,초이스90 (넷플릭스),기타,만 34세 이하 스마트기기 월정액 또는 데이터 쉐어링 중 1회선 할인(택1),,,,,False,,제공 혜택_Y덤 혜택_추가 혜택: 스마트기기 월정액 또는 데이터 쉐어링 중 1회선 할인(택1),https://product.kt.com/wDic/productDetail.do?ItemCode=1681
1681_초이스90_만 34세 이하_디즈니+,KT,초이스90 (디즈니+),OTT/구독,디즈니+,디즈니+,,,,True,초이스 (택1),유튜브 프리미엄 2) / 넷플릭스 / 디즈니+ / 티빙/지니/밀리 / 폰케어 / 삼성 / 디바이스 / 가전구독 / 위버스,https://product.kt.com/wDic/productDetail.do?ItemCode=1681
1681_초이스90_만 34세 이하_디즈니+,KT,초이스90 (디즈니+),멤버십,멤버십 VIP,,,,,False,,멤버십: VIP,https://product.kt.com/wDic/productDetail.do?ItemCode=1681
1681_초이스90_만 34세 이하_디즈니+,KT,초이스90 (디즈니+),스마트기기,스마트기기 또는 데이터 쉐어링 데이터 쉐어링 1회선 할인,,,,,False,,스마트기기 또는 데이터 쉐어링: 데이터 쉐어링 1회선 할인,https://product.kt.com/wDic/productDetail.do?ItemCode=1681
1681_초이스90_만 34세 이하_디즈니+,KT,초이스90 (디즈니+),추가데이터,공유데이터 60GB,,,,,False,,공유데이터: 60GB,https://product.kt.com/wDic/productDetail.do?ItemCode=1681
1681_초이스90_만 34세 이하_디즈니+,KT,초이스90 (디즈니+),추가데이터,만 34세 이하 +60GB,,,,,False,,제공 혜택_Y덤 혜택_공유데이터: +60GB,https://product.kt.com/wDic/productDetail.do?ItemCode=1681
1681_초이스90_만 34세 이하_디즈니+,KT,초이스90 (디즈니+),기타,만 34세 이하 스마트기기 월정액 또는 데이터 쉐어링 중 1회선 할인(택1),,,,,False,,제공 혜택_Y덤 혜택_추가 혜택: 스마트기기 월정액 또는 데이터 쉐어링 중 1회선 할인(택1),https://product.kt.com/wDic/productDetail.do?ItemCode=1681
1681_초이스90_만 34세 이하_티빙/지니/밀리,KT,초이스90 (티빙/지니/밀리),OTT/구독,티빙/지니/밀리,티빙,,,,True,초이스 (택1),유튜브 프리미엄 2) / 넷플릭스 / 디즈니+ / 티빙/지니/밀리 / 폰케어 / 삼성 / 디바이스 / 가전구독 / 위버스,https://product.kt.com/wDic/productDetail.do?ItemCode=1681
1681_초이스90_만 34세 이하_티빙/지니/밀리,KT,초이스90 (티빙/지니/밀리),멤버십,멤버십 VIP,,,,,False,,멤버십: VIP,https://product.kt.com/wDic/productDetail.do?ItemCode=1681
1681_초이스90_만 34세 이하_티빙/지니/밀리,KT,초이스90 (티빙/지니/밀리),스마트기기,스마트기기 또는 데이터 쉐어링 데이터 쉐어링 1회선 할인,,,,,False,,스마트기기 또는 데이터 쉐어링: 데이터 쉐어링 1회선 할인,https://product.kt.com/wDic/productDetail.do?ItemCode=1681
1681_초이스90_만 34세 이하_티빙/지니/밀리,KT,초이스90 (티빙/지니/밀리),추가데이터,공유데이터 60GB,,,,,False,,공유데이터: 60GB,https://product.kt.com/wDic/productDetail.do?ItemCode=1681
1681_초이스90_만 34세 이하_티빙/지니/밀리,KT,초이스90 (티빙/지니/밀리),추가데이터,만 34세 이하 +60GB,,,,,False,,제공 혜택_Y덤 혜택_공유데이터: +60GB,https://product.kt.com/wDic/productDetail.do?ItemCode=1681
1681_초이스90_만 34세 이하_티빙/지니/밀리,KT,초이스90 (티빙/지니/밀리),기타,만 34세 이하 스마트기기 월정액 또는 데이터 쉐어링 중 1회선 할인(택1),,,,,False,,제공 혜택_Y덤 혜택_추가 혜택: 스마트기기 월정액 또는 데이터 쉐어링 중 1회선 할인(택1),https://product.kt.com/wDic/productDetail.do?ItemCode=1681
1681_초이스90_만 34세 이하_폰케어,KT,초이스90 (폰케어),기타,폰케어,폰케어,,,,True,초이스 (택1),유튜브 프리미엄 2) / 넷플릭스 / 디즈니+ / 티빙/지니/밀리 / 폰케어 / 삼성 / 디바이스 / 가전구독 / 위버스,https://product.kt.com/wDic/productDetail.do?ItemCode=1681
1681_초이스90_만 34세 이하_폰케어,KT,초이스90 (폰케어),멤버십,멤버십 VIP,,,,,False,,멤버십: VIP,https://product.kt.com/wDic/productDetail.do?ItemCode=1681
1681_초이스90_만 34세 이하_폰케어,KT,초이스90 (폰케어),스마트기기,스마트기기 또는 데이터 쉐어링 데이터 쉐어링 1회선 할인,,,,,False,,스마트기기 또는 데이터 쉐어링: 데이터 쉐어링 1회선 할인,https://product.kt.com/wDic/productDetail.do?ItemCode=1681
1681_초이스90_만 34세 이하_폰케어,KT,초이스90 (폰케어),추가데이터,공유데이터 60GB,,,,,False,,공유데이터: 60GB,https://product.kt.com/wDic/productDetail.do?ItemCode=1681
1681_초이스90_만 34세 이하_폰케어,KT,초이스90 (폰케어),추가데이터,만 34세 이하 +60GB,,,,,False,,제공 혜택_Y덤 혜택_공유데이터: +60GB,https://product.kt.com/wDic/productDetail.do?ItemCode=1681
1681_초이스90_만 34세 이하_폰케어,KT,초이스90 (폰케어),기타,만 34세 이하 스마트기기 월정액 또는 데이터 쉐어링 중 1회선 할인(택1),,,,,False,,제공 혜택_Y덤 혜택_추가 혜택: 스마트기기 월정액 또는 데이터 쉐어링 중 1회선 할인(택1),https://product.kt.com/wDic/productDetail.do?ItemCode=1681
1681_초이스90_만 34세 이하_삼성,KT,초이스90 (삼성),OTT/구독,삼성,삼성 디바이스,,,,True,초이스 (택1),유튜브 프리미엄 2) / 넷플릭스 / 디즈니+ / 티빙/지니/밀리 / 폰케어 / 삼성 / 디바이스 / 가전구독 / 위버스,https://product.kt.com/wDic/productDetail.do?ItemCode=1681
1681_초이스90_만 34세 이하_삼성,KT,초이스90 (삼성),멤버십,멤버십 VIP,,,,,False,,멤버십: VIP,https://product.kt.com/wDic/productDetail.do?ItemCode=1681
1681_초이스90_만 34세 이하_삼성,KT,초이스90 (삼성),스마트기기,스마트기기 또는 데이터 쉐어링 데이터 쉐어링 1회선 할인,,,,,False,,스마트기기 또는 데이터 쉐어링: 데이터 쉐어링 1회선 할인,https://product.kt.com/wDic/productDetail.do?ItemCode=1681
1681_초이스90_만 34세 이하_삼성,KT,초이스90 (삼성),추가데이터,공유데이터 60GB,,,,,False,,공유데이터: 60GB,https://product.kt.com/wDic/productDetail.do?ItemCode=1681
1681_초이스90_만 34세 이하_삼성,KT,초이스90 (삼성),추가데이터,만 34세 이하 +60GB,,,,,False,,제공 혜택_Y덤 혜택_공유데이터: +60GB,https://product.kt.com/wDic/productDetail.do?ItemCode=1681
1681_초이스90_만 34세 이하_삼성,KT,초이스90 (삼성),기타,만 34세 이하 스마트기기 월정액 또는 데이터 쉐어링 중 1회선 할인(택1),,,,,False,,제공 혜택_Y덤 혜택_추가 혜택: 스마트기기 월정액 또는 데이터 쉐어링 중 1회선 할인(택1),https://product.kt.com/wDic/productDetail.do?ItemCode=1681
1681_초이스90_만 34세 이하_디바이스,KT,초이스90 (디바이스),스마트기기,디바이스,,,,,True,초이스 (택1),유튜브 프리미엄 2) / 넷플릭스 / 디즈니+ / 티빙/지니/밀리 / 폰케어 / 삼성 / 디바이스 / 가전구독 / 위버스,https://product.kt.com/wDic/productDetail.do?ItemCode=1681
1681_초이스90_만 34세 이하_디바이스,KT,초이스90 (디바이스),멤버십,멤버십 VIP,,,,,False,,멤버십: VIP,https://product.kt.com/wDic/productDetail.do?ItemCode=1681
1681_초이스90_만 34세 이하_디바이스,KT,초이스90 (디바이스),스마트기기,스마트기기 또는 데이터 쉐어링 데이터 쉐어링 1회선 할인,,,,,False,,스마트기기 또는 데이터 쉐어링: 데이터 쉐어링 1회선 할인,https://product.kt.com/wDic/productDetail.do?ItemCode=1681
1681_초이스90_만 34세 이하_디바이스,KT,초이스90 (디바이스),추가데이터,공유데이터 60GB,,,,,False,,공유데이터: 60GB,https://product.kt.com/wDic/productDetail.do?ItemCode=1681
1681_초이스90_만 34세 이하_디바이스,KT,초이스90 (디바이스),추가데이터,만 34세 이하 +60GB,,,,,False,,제공 혜택_Y덤 혜택_공유데이터: +60GB,https://product.kt.com/wDic/productDetail.do?ItemCode=1681
1681_초이스90_만 34세 이하_디바이스,KT,초이스90 (디바이스),기타,만 34세 이하 스마트기기 월정액 또는 데이터 쉐어링 중 1회선 할인(택1),,,,,False,,제공 혜택_Y덤 혜택_추가 혜택: 스마트기기 월정액 또는 데이터 쉐어링 중 1회선 할인(택1),https://product.kt.com/wDic/productDetail.do?ItemCode=1681
1681_초이스90_만 34세 이하_가전구독,KT,초이스90 (가전구독),OTT/구독,가전구독,가전구독,,,,True,초이스 (택1),유튜브 프리미엄 2) / 넷플릭스 / 디즈니+ / 티빙/지니/밀리 / 폰케어 / 삼성 / 디바이스 / 가전구독 / 위버스,https://product.kt.com/wDic/productDetail.do?ItemCode=1681
1681_초이스90_만 34세 이하_가전구독,KT,초이스90 (가전구독),멤버십,멤버십 VIP,,,,,False,,멤버십: VIP,https://product.kt.com/wDic/productDetail.do?ItemCode=1681
1681_초이스90_만 34세 이하_가전구독,KT,초이스90 (가전구독),스마트기기,스마트기기 또는 데이터 쉐어링 데이터 쉐어링 1회선 할인,,,,,False,,스마트기기 또는 데이터 쉐어링: 데이터 쉐어링 1회선 할인,https://product.kt.com/wDic/productDetail.do?ItemCode=1681
1681_초이스90_만 34세 이하_가전구독,KT,초이스90 (가전구독),추가데이터,공유데이터 60GB,,,,,False,,공유데이터: 60GB,https://product.kt.com/wDic/productDetail.do?ItemCode=1681
1681_초이스90_만 34세 이하_가전구독,KT,초이스90 (가전구독),추가데이터,만 34세 이하 +60GB,,,,,False,,제공 혜택_Y덤 혜택_공유데이터: +60GB,https://product.kt.com/wDic/productDetail.do?ItemCode=1681
1681_초이스90_만 34세 이하_가전구독,KT,초이스90 (가전구독),기타,만 34세 이하 스마트기기 월정액 또는 데이터 쉐어링 중 1회선 할인(택1),,,,,False,,제공 혜택_Y덤 혜택_추가 혜택: 스마트기기 월정액 또는 데이터 쉐어링 중 1회선 할인(택1),https://product.kt.com/wDic/productDetail.do?ItemCode=1681
1681_초이스90_만 34세 이하_위버스,KT,초이스90 (위버스),OTT/구독,위버스,위버스,,,,True,초이스 (택1),유튜브 프리미엄 2) / 넷플릭스 / 디즈니+ / 티빙/지니/밀리 / 폰케어 / 삼성 / 디바이스 / 가전구독 / 위버스,https://product.kt.com/wDic/productDetail.do?ItemCode=1681
1681_초이스90_만 34세 이하_위버스,KT,초이스90 (위버스),멤버십,멤버십 VIP,,,,,False,,멤버십: VIP,https://product.kt.com/wDic/productDetail.do?ItemCode=1681
1681_초이스90_만 34세 이하_위버스,KT,초이스90 (위버스),스마트기기,스마트기기 또는 데이터 쉐어링 데이터 쉐어링 1회선 할인,,,,,False,,스마트기기 또는 데이터 쉐어링: 데이터 쉐어링 1회선 할인,https://product.kt.com/wDic/productDetail.do?ItemCode=1681
1681_초이스90_만 34세 이하_위버스,KT,초이스90 (위버스),추가데이터,공유데이터 60GB,,,,,False,,공유데이터: 60GB,https://product.kt.com/wDic/productDetail.do?ItemCode=1681
1681_초이스90_만 34세 이하_위버스,KT,초이스90 (위버스),추가데이터,만 34세 이하 +60GB,,,,,False,,제공 혜택_Y덤 혜택_공유데이터: +60GB,https://product.kt.com/wDic/productDetail.do?ItemCode=1681
1681_초이스90_만 34세 이하_위버스,KT,초이스90 (위버스),기타,만 34세 이하 스마트기기 월정액 또는 데이터 쉐어링 중 1회선 할인(택1),,,,,False,,제공 혜택_Y덤 혜택_추가 혜택: 스마트기기 월정액 또는 데이터 쉐어링 중 1회선 할인(택1),https://product.kt.com/wDic/productDetail.do?ItemCode=1681
1681_초이스130_만 18세 이하_유튜브프리미엄,KT,초이스130 (유튜브 프리미엄),OTT/구독,유튜브 프리미엄,유튜브 프리미엄,,,,True,초이스 (택1),유튜브 프리미엄 2) / 넷플릭스 / 디즈니+ / 티빙/지니/밀리 / 폰케어 / 삼성 / 디바이스 / 가전구독 / 위버스,https://product.kt.com/wDic/productDetail.do?ItemCode=1681
1681_초이스130_만 18세 이하_유튜브프리미엄,KT,초이스130 (유튜브 프리미엄),OTT/구독,지니뮤직,지니뮤직,,,,True,플러스 (택1),지니뮤직 / 밀리의서재 / 쇼핑라운지 할인쿠폰 5천원권 / 모아진,https://product.kt.com/wDic/productDetail.do?ItemCode=1681
1681_초이스130_만 18세 이하_유튜브프리미엄,KT,초이스130 (유튜브 프리미엄),OTT/구독,밀리의서재,밀리의서재,,,,True,플러스 (택1),지니뮤직 / 밀리의서재 / 쇼핑라운지 할인쿠폰 5천원권 / 모아진,https://product.kt.com/wDic/productDetail.do?ItemCode=1681
1681_초이스130_만 18세 이하_유튜브프리미엄,KT,초이스130 (유튜브 프리미엄),사은품/페이백,쇼핑라운지 할인쿠폰 5천원권,,,,,True,플러스 (택1),지니뮤직 / 밀리의서재 / 쇼핑라운지 할인쿠폰 5천원권 / 모아진,https://product.kt.com/wDic/productDetail.do?ItemCode=1681
1681_초이스130_만 18세 이하_유튜브프리미엄,KT,초이스130 (유튜브 프리미엄),OTT/구독,모아진,,,,,True,플러스 (택1),지니뮤직 / 밀리의서재 / 쇼핑라운지 할인쿠폰 5천원권 / 모아진,https://product.kt.com/wDic/productDetail.do?ItemCode=1681
1681_초이스130_만 18세 이하_유튜브프리미엄,KT,초이스130 (유튜브 프리미엄),멤버십,멤버십 VVIP,,,,,False,,멤버십: VVIP,https://product.kt.com/wDic/productDetail.do?ItemCode=1681
1681_초이스130_만 18세 이하_유튜브프리미엄,KT,초이스130 (유튜브 프리미엄),기타,"단말보험 최대 4,500원 할인 3)",,,,,False,,"단말보험: 최대 4,500원 할인 3)",https://product.kt.com/wDic/productDetail.do?ItemCode=1681
1681_초이스130_만 18세 이하_유튜브프리미엄,KT,초이스130 (유튜브 프리미엄),스마트기기,스마트기기 또는 데이터 쉐어링 스마트기기 월정액 2회선 / 데이터 쉐어링 1회선 할인,,,,,False,,스마트기기 또는 데이터 쉐어링: 스마트기기 월정액 2회선 / 데이터 쉐어링 1회선 할인,https://product.kt.com/wDic/productDetail.do?ItemCode=1681
1681_초이스130_만 18세 이하_유튜브프리미엄,KT,초이스130 (유튜브 프리미엄),추가데이터,공유데이터 100GB,,,,,False,,공유데이터: 100GB,https://product.kt.com/wDic/productDetail.do?ItemCode=1681
1681_초이스130_만 18세 이하_유튜브프리미엄,KT,초이스130 (유튜브 프리미엄),추가데이터,만 18세 이하 +100GB,,,,,False,,제공 혜택_스쿨덤 혜택_공유데이터: +100GB,https://product.kt.com/wDic/productDetail.do?ItemCode=1681
1681_초이스130_만 18세 이하_유튜브프리미엄,KT,초이스130 (유튜브 프리미엄),기타,만 18세 이하 안심박스,,,,,False,,제공 혜택_스쿨덤 혜택_추가 혜택: 안심박스 자세히보기,https://product.kt.com/wDic/productDetail.do?ItemCode=1681
1681_초이스130_만 18세 이하_넷플릭스,KT,초이스130 (넷플릭스),OTT/구독,넷플릭스,넷플릭스,,,,True,초이스 (택1),유튜브 프리미엄 2) / 넷플릭스 / 디즈니+ / 티빙/지니/밀리 / 폰케어 / 삼성 / 디바이스 / 가전구독 / 위버스,https://product.kt.com/wDic/productDetail.do?ItemCode=1681
1681_초이스130_만 18세 이하_넷플릭스,KT,초이스130 (넷플릭스),OTT/구독,지니뮤직,지니뮤직,,,,True,플러스 (택1),지니뮤직 / 밀리의서재 / 쇼핑라운지 할인쿠폰 5천원권 / 모아진,https://product.kt.com/wDic/productDetail.do?ItemCode=1681
1681_초이스130_만 18세 이하_넷플릭스,KT,초이스130 (넷플릭스),OTT/구독,밀리의서재,밀리의서재,,,,True,플러스 (택1),지니뮤직 / 밀리의서재 / 쇼핑라운지 할인쿠폰 5천원권 / 모아진,https://product.kt.com/wDic/productDetail.do?ItemCode=1681
1681_초이스130_만 18세 이하_넷플릭스,KT,초이스130 (넷플릭스),사은품/페이백,쇼핑라운지 할인쿠폰 5천원권,,,,,True,플러스 (택1),지니뮤직 / 밀리의서재 / 쇼핑라운지 할인쿠폰 5천원권 / 모아진,https://product.kt.com/wDic/productDetail.do?ItemCode=1681
1681_초이스130_만 18세 이하_넷플릭스,KT,초이스130 (넷플릭스),OTT/구독,모아진,,,,,True,플러스 (택1),지니뮤직 / 밀리의서재 / 쇼핑라운지 할인쿠폰 5천원권 / 모아진,https://product.kt.com/wDic/productDetail.do?ItemCode=1681
1681_초이스130_만 18세 이하_넷플릭스,KT,초이스130 (넷플릭스),멤버십,멤버십 VVIP,,,,,False,,멤버십: VVIP,https://product.kt.com/wDic/productDetail.do?ItemCode=1681
1681_초이스130_만 18세 이하_넷플릭스,KT,초이스130 (넷플릭스),기타,"단말보험 최대 4,500원 할인 3)",,,,,False,,"단말보험: 최대 4,500원 할인 3)",https://product.kt.com/wDic/productDetail.do?ItemCode=1681
1681_초이스130_만 18세 이하_넷플릭스,KT,초이스130 (넷플릭스),스마트기기,스마트기기 또는 데이터 쉐어링 스마트기기 월정액 2회선 / 데이터 쉐어링 1회선 할인,,,,,False,,스마트기기 또는 데이터 쉐어링: 스마트기기 월정액 2회선 / 데이터 쉐어링 1회선 할인,https://product.kt.com/wDic/productDetail.do?ItemCode=1681
1681_초이스130_만 18세 이하_넷플릭스,KT,초이스130 (넷플릭스),추가데이터,공유데이터 100GB,,,,,False,,공유데이터: 100GB,https://product.kt.com/wDic/productDetail.do?ItemCode=1681
1681_초이스130_만 18세 이하_넷플릭스,KT,초이스130 (넷플릭스),추가데이터,만 18세 이하 +100GB,,,,,False,,제공 혜택_스쿨덤 혜택_공유데이터: +100GB,https://product.kt.com/wDic/productDetail.do?ItemCode=1681
1681_초이스130_만 18세 이하_넷플릭스,KT,초이스130 (넷플릭스),기타,만 18세 이하 안심박스,,,,,False,,제공 혜택_스쿨덤 혜택_추가 혜택: 안심박스 자세히보기,https://product.kt.com/wDic/productDetail.do?ItemCode=1681
1681_초이스130_만 18세 이하_디즈니+,KT,초이스130 (디즈니+),OTT/구독,디즈니+,디즈니+,,,,True,초이스 (택1),유튜브 프리미엄 2) / 넷플릭스 / 디즈니+ / 티빙/지니/밀리 / 폰케어 / 삼성 / 디바이스 / 가전구독 / 위버스,https://product.kt.com/wDic/productDetail.do?ItemCode=1681
1681_초이스130_만 18세 이하_디즈니+,KT,초이스130 (디즈니+),OTT/구독,지니뮤직,지니뮤직,,,,True,플러스 (택1),지니뮤직 / 밀리의서재 / 쇼핑라운지 할인쿠폰 5천원권 / 모아진,https://product.kt.com/wDic/productDetail.do?ItemCode=1681
1681_초이스130_만 18세 이하_디즈니+,KT,초이스130 (디즈니+),OTT/구독,밀리의서재,밀리의서재,,,,True,플러스 (택1),지니뮤직 / 밀리의서재 / 쇼핑라운지 할인쿠폰 5천원권 / 모아진,https://product.kt.com/wDic/productDetail.do?ItemCode=1681
1681_초이스130_만 18세 이하_디즈니+,KT,초이스130 (디즈니+),사은품/페이백,쇼핑라운지 할인쿠폰 5천원권,,,,,True,플러스 (택1),지니뮤직 / 밀리의서재 / 쇼핑라운지 할인쿠폰 5천원권 / 모아진,https://product.kt.com/wDic/productDetail.do?ItemCode=1681
1681_초이스130_만 18세 이하_디즈니+,KT,초이스130 (디즈니+),OTT/구독,모아진,,,,,True,플러스 (택1),지니뮤직 / 밀리의서재 / 쇼핑라운지 할인쿠폰 5천원권 / 모아진,https://product.kt.com/wDic/productDetail.do?ItemCode=1681
1681_초이스130_만 18세 이하_디즈니+,KT,초이스130 (디즈니+),멤버십,멤버십 VVIP,,,,,False,,멤버십: VVIP,https://product.kt.com/wDic/productDetail.do?ItemCode=1681
1681_초이스130_만 18세 이하_디즈니+,KT,초이스130 (디즈니+),기타,"단말보험 최대 4,500원 할인 3)",,,,,False,,"단말보험: 최대 4,500원 할인 3)",https://product.kt.com/wDic/productDetail.do?ItemCode=1681
1681_초이스130_만 18세 이하_디즈니+,KT,초이스130 (디즈니+),스마트기기,스마트기기 또는 데이터 쉐어링 스마트기기 월정액 2회선 / 데이터 쉐어링 1회선 할인,,,,,False,,스마트기기 또는 데이터 쉐어링: 스마트기기 월정액 2회선 / 데이터 쉐어링 1회선 할인,https://product.kt.com/wDic/productDetail.do?ItemCode=1681
1681_초이스130_만 18세 이하_디즈니+,KT,초이스130 (디즈니+),추가데이터,공유데이터 100GB,,,,,False,,공유데이터: 100GB,https://product.kt.com/wDic/productDetail.do?ItemCode=1681
1681_초이스130_만 18세 이하_디즈니+,KT,초이스130 (디즈니+),추가데이터,만 18세 이하 +100GB,,,,,False,,제공 혜택_스쿨덤 혜택_공유데이터: +100GB,https://product.kt.com/wDic/productDetail.do?ItemCode=1681
1681_초이스130_만 18세 이하_디즈니+,KT,초이스130 (디즈니+),기타,만 18세 이하 안심박스,,,,,False,,제공 혜택_스쿨덤 혜택_추가 혜택: 안심박스 자세히보기,https://product.kt.com/wDic/productDetail.do?ItemCode=1681
1681_초이스130_만 18세 이하_티빙/지니/밀리,KT,초이스130 (티빙/지니/밀리),OTT/구독,티빙/지니/밀리,티빙,,,,True,초이스 (택1),유튜브 프리미엄 2) / 넷플릭스 / 디즈니+ / 티빙/지니/밀리 / 폰케어 / 삼성 / 디바이스 / 가전구독 / 위버스,https://product.kt.com/wDic/productDetail.do?ItemCode=1681
1681_초이스130_만 18세 이하_티빙/지니/밀리,KT,초이스130 (티빙/지니/밀리),OTT/구독,지니뮤직,지니뮤직,,,,True,플러스 (택1),지니뮤직 / 밀리의서재 / 쇼핑라운지 할인쿠폰 5천원권 / 모아진,https://product.kt.com/wDic/productDetail.do?ItemCode=1681
1681_초이스130_만 18세 이하_티빙/지니/밀리,KT,초이스130 (티빙/지니/밀리),OTT/구독,밀리의서재,밀리의서재,,,,True,플러스 (택1),지니뮤직 / 밀리의서재 / 쇼핑라운지 할인쿠폰 5천원권 / 모아진,https://product.kt.com/wDic/productDetail.do?ItemCode=1681
1681_초이스130_만 18세 이하_티빙/지니/밀리,KT,초이스130 (티빙/지니/밀리),사은품/페이백,쇼핑라운지 할인쿠폰 5천원권,,,,,True,플러스 (택1),지니뮤직 / 밀리의서재 / 쇼핑라운지 할인쿠폰 5천원권 / 모아진,https://product.kt.com/wDic/productDetail.do?ItemCode=1681
1681_초이스130_만 18세 이하_티빙/지니/밀리,KT,초이스130 (티빙/지니/밀리),OTT/구독,모아진,,,,,True,플러스 (택1),지니뮤직 / 밀리의서재 / 쇼핑라운지 할인쿠폰 5천원권 / 모아진,https://product.kt.com/wDic/productDetail.do?ItemCode=1681
1681_초이스130_만 18세 이하_티빙/지니/밀리,KT,초이스130 (티빙/지니/밀리),멤버십,멤버십 VVIP,,,,,False,,멤버십: VVIP,https://product.kt.com/wDic/productDetail.do?ItemCode=1681
1681_초이스130_만 18세 이하_티빙/지니/밀리,KT,초이스130 (티빙/지니/밀리),기타,"단말보험 최대 4,500원 할인 3)",,,,,False,,"단말보험: 최대 4,500원 할인 3)",https://product.kt.com/wDic/productDetail.do?ItemCode=1681
1681_초이스130_만 18세 이하_티빙/지니/밀리,KT,초이스130 (티빙/지니/밀리),스마트기기,스마트기기 또는 데이터 쉐어링 스마트기기 월정액 2회선 / 데이터 쉐어링 1회선 할인,,,,,False,,스마트기기 또는 데이터 쉐어링: 스마트기기 월정액 2회선 / 데이터 쉐어링 1회선 할인,https://product.kt.com/wDic/productDetail.do?ItemCode=1681
1681_초이스130_만 18세 이하_티빙/지니/밀리,KT,초이스130 (티빙/지니/밀리),추가데이터,공유데이터 100GB,,,,,False,,공유데이터: 100GB,https://product.kt.com/wDic/productDetail.do?ItemCode=1681
1681_초이스130_만 18세 이하_티빙/지니/밀리,KT,초이스130 (티빙/지니/밀리),추가데이터,만 18세 이하 +100GB,,,,,False,,제공 혜택_스쿨덤 혜택_공유데이터: +100GB,https://product.kt.com/wDic/productDetail.do?ItemCode=1681
1681_초이스130_만 18세 이하_티빙/지니/밀리,KT,초이스130 (티빙/지니/밀리),기타,만 18세 이하 안심박스,,,,,False,,제공 혜택_스쿨덤 혜택_추가 혜택: 안심박스 자세히보기,https://product.kt.com/wDic/productDetail.do?ItemCode=1681
1681_초이스130_만 18세 이하_폰케어,KT,초이스130 (폰케어),기타,폰케어,폰케어,,,,True,초이스 (택1),유튜브 프리미엄 2) / 넷플릭스 / 디즈니+ / 티빙/지니/밀리 / 폰케어 / 삼성 / 디바이스 / 가전구독 / 위버스,https://product.kt.com/wDic/productDetail.do?ItemCode=1681
1681_초이스130_만 18세 이하_폰케어,KT,초이스130 (폰케어),OTT/구독,지니뮤직,지니뮤직,,,,True,플러스 (택1),지니뮤직 / 밀리의서재 / 쇼핑라운지 할인쿠폰 5천원권 / 모아진,https://product.kt.com/wDic/productDetail.do?ItemCode=1681
1681_초이스130_만 18세 이하_폰케어,KT,초이스130 (폰케어),OTT/구독,밀리의서재,밀리의서재,,,,True,플러스 (택1),지니뮤직 / 밀리의서재 / 쇼핑라운지 할인쿠폰 5천원권 / 모아진,https://product.kt.com/wDic/productDetail.do?ItemCode=1681
1681_초이스130_만 18세 이하_폰케어,KT,초이스130 (폰케어),사은품/페이백,쇼핑라운지 할인쿠폰 5천원권,,,,,True,플러스 (택1),지니뮤직 / 밀리의서재 / 쇼핑라운지 할인쿠폰 5천원권 / 모아진,https://product.kt.com/wDic/productDetail.do?ItemCode=1681
1681_초이스130_만 18세 이하_폰케어,KT,초이스130 (폰케어),OTT/구독,모아진,,,,,True,플러스 (택1),지니뮤직 / 밀리의서재 / 쇼핑라운지 할인쿠폰 5천원권 / 모아진,https://product.kt.com/wDic/productDetail.do?ItemCode=1681
1681_초이스130_만 18세 이하_폰케어,KT,초이스130 (폰케어),멤버십,멤버십 VVIP,,,,,False,,멤버십: VVIP,https://product.kt.com/wDic/productDetail.do?ItemCode=1681
1681_초이스130_만 18세 이하_폰케어,KT,초이스130 (폰케어),기타,"단말보험 최대 4,500원 할인 3)",,,,,False,,"단말보험: 최대 4,500원 할인 3)",https://product.kt.com/wDic/productDetail.do?ItemCode=1681
1681_초이스130_만 18세 이하_폰케어,KT,초이스130 (폰케어),스마트기기,스마트기기 또는 데이터 쉐어링 스마트기기 월정액 2회선 / 데이터 쉐어링 1회선 할인,,,,,False,,스마트기기 또는 데이터 쉐어링: 스마트기기 월정액 2회선 / 데이터 쉐어링 1회선 할인,https://product.kt.com/wDic/productDetail.do?ItemCode=1681
1681_초이스130_만 18세 이하_폰케어,KT,초이스130 (폰케어),추가데이터,공유데이터 100GB,,,,,False,,공유데이터: 100GB,https://product.kt.com/wDic/productDetail.do?ItemCode=1681
1681_초이스130_만 18세 이하_폰케어,KT,초이스130 (폰케어),추가데이터,만 18세 이하 +100GB,,,,,False,,제공 혜택_스쿨덤 혜택_공유데이터: +100GB,https://product.kt.com/wDic/productDetail.do?ItemCode=1681
1681_초이스130_만 18세 이하_폰케어,KT,초이스130 (폰케어),기타,만 18세 이하 안심박스,,,,,False,,제공 혜택_스쿨덤 혜택_추가 혜택: 안심박스 자세히보기,https://product.kt.com/wDic/productDetail.do?ItemCode=1681
1681_초이스130_만 18세 이하_삼성,KT,초이스130 (삼성),OTT/구독,삼성,삼성 디바이스,,,,True,초이스 (택1),유튜브 프리미엄 2) / 넷플릭스 / 디즈니+ / 티빙/지니/밀리 / 폰케어 / 삼성 / 디바이스 / 가전구독 / 위버스,https://product.kt.com/wDic/productDetail.do?ItemCode=1681
1681_초이스130_만 18세 이하_삼성,KT,초이스130 (삼성),OTT/구독,지니뮤직,지니뮤직,,,,True,플러스 (택1),지니뮤직 / 밀리의서재 / 쇼핑라운지 할인쿠폰 5천원권 / 모아진,https://product.kt.com/wDic/productDetail.do?ItemCode=1681
1681_초이스130_만 18세 이하_삼성,KT,초이스130 (삼성),OTT/구독,밀리의서재,밀리의서재,,,,True,플러스 (택1),지니뮤직 / 밀리의서재 / 쇼핑라운지 할인쿠폰 5천원권 / 모아진,https://product.kt.com/wDic/productDetail.do?ItemCode=1681
1681_초이스130_만 18세 이하_삼성,KT,초이스130 (삼성),사은품/페이백,쇼핑라운지 할인쿠폰 5천원권,,,,,True,플러스 (택1),지니뮤직 / 밀리의서재 / 쇼핑라운지 할인쿠폰 5천원권 / 모아진,https://product.kt.com/wDic/productDetail.do?ItemCode=1681
1681_초이스130_만 18세 이하_삼성,KT,초이스130 (삼성),OTT/구독,모아진,,,,,True,플러스 (택1),지니뮤직 / 밀리의서재 / 쇼핑라운지 할인쿠폰 5천원권 / 모아진,https://product.kt.com/wDic/productDetail.do?ItemCode=1681
1681_초이스130_만 18세 이하_삼성,KT,초이스130 (삼성),멤버십,멤버십 VVIP,,,,,False,,멤버십: VVIP,https://product.kt.com/wDic/productDetail.do?ItemCode=1681
1681_초이스130_만 18세 이하_삼성,KT,초이스130 (삼성),기타,"단말보험 최대 4,500원 할인 3)",,,,,False,,"단말보험: 최대 4,500원 할인 3)",https://product.kt.com/wDic/productDetail.do?ItemCode=1681
1681_초이스130_만 18세 이하_삼성,KT,초이스130 (삼성),스마트기기,스마트기기 또는 데이터 쉐어링 스마트기기 월정액 2회선 / 데이터 쉐어링 1회선 할인,,,,,False,,스마트기기 또는 데이터 쉐어링: 스마트기기 월정액 2회선 / 데이터 쉐어링 1회선 할인,https://product.kt.com/wDic/productDetail.do?ItemCode=1681
1681_초이스130_만 18세 이하_삼성,KT,초이스130 (삼성),추가데이터,공유데이터 100GB,,,,,False,,공유데이터: 100GB,https://product.kt.com/wDic/productDetail.do?ItemCode=1681
1681_초이스130_만 18세 이하_삼성,KT,초이스130 (삼성),추가데이터,만 18세 이하 +100GB,,,,,False,,제공 혜택_스쿨덤 혜택_공유데이터: +100GB,https://product.kt.com/wDic/productDetail.do?ItemCode=1681
1681_초이스130_만 18세 이하_삼성,KT,초이스130 (삼성),기타,만 18세 이하 안심박스,,,,,False,,제공 혜택_스쿨덤 혜택_추가 혜택: 안심박스 자세히보기,https://product.kt.com/wDic/productDetail.do?ItemCode=1681
1681_초이스130_만 18세 이하_디바이스,KT,초이스130 (디바이스),스마트기기,디바이스,,,,,True,초이스 (택1),유튜브 프리미엄 2) / 넷플릭스 / 디즈니+ / 티빙/지니/밀리 / 폰케어 / 삼성 / 디바이스 / 가전구독 / 위버스,https://product.kt.com/wDic/productDetail.do?ItemCode=1681
1681_초이스130_만 18세 이하_디바이스,KT,초이스130 (디바이스),OTT/구독,지니뮤직,지니뮤직,,,,True,플러스 (택1),지니뮤직 / 밀리의서재 / 쇼핑라운지 할인쿠폰 5천원권 / 모아진,https://product.kt.com/wDic/productDetail.do?ItemCode=1681
1681_초이스130_만 18세 이하_디바이스,KT,초이스130 (디바이스),OTT/구독,밀리의서재,밀리의서재,,,,True,플러스 (택1),지니뮤직 / 밀리의서재 / 쇼핑라운지 할인쿠폰 5천원권 / 모아진,https://product.kt.com/wDic/productDetail.do?ItemCode=1681
1681_초이스130_만 18세 이하_디바이스,KT,초이스130 (디바이스),사은품/페이백,쇼핑라운지 할인쿠폰 5천원권,,,,,True,플러스 (택1),지니뮤직 / 밀리의서재 / 쇼핑라운지 할인쿠폰 5천원권 / 모아진,https://product.kt.com/wDic/productDetail.do?ItemCode=1681
1681_초이스130_만 18세 이하_디바이스,KT,초이스130 (디바이스),OTT/구독,모아진,,,,,True,플러스 (택1),지니뮤직 / 밀리의서재 / 쇼핑라운지 할인쿠폰 5천원권 / 모아진,https://product.kt.com/wDic/productDetail.do?ItemCode=1681
1681_초이스130_만 18세 이하_디바이스,KT,초이스130 (디바이스),멤버십,멤버십 VVIP,,,,,False,,멤버십: VVIP,https://product.kt.com/wDic/productDetail.do?ItemCode=1681
1681_초이스130_만 18세 이하_디바이스,KT,초이스130 (디바이스),기타,"단말보험 최대 4,500원 할인 3)",,,,,False,,"단말보험: 최대 4,500원 할인 3)",https://product.kt.com/wDic/productDetail.do?ItemCode=1681
1681_초이스130_만 18세 이하_디바이스,KT,초이스130 (디바이스),스마트기기,스마트기기 또는 데이터 쉐어링 스마트기기 월정액 2회선 / 데이터 쉐어링 1회선 할인,,,,,False,,스마트기기 또는 데이터 쉐어링: 스마트기기 월정액 2회선 / 데이터 쉐어링 1회선 할인,https://product.kt.com/wDic/productDetail.do?ItemCode=1681
1681_초이스130_만 18세 이하_디바이스,KT,초이스130 (디바이스),추가데이터,공유데이터 100GB,,,,,False,,공유데이터: 100GB,https://product.kt.com/wDic/productDetail.do?ItemCode=1681
1681_초이스130_만 18세 이하_디바이스,KT,초이스130 (디바이스),추가데이터,만 18세 이하 +100GB,,,,,False,,제공 혜택_스쿨덤 혜택_공유데이터: +100GB,https://product.kt.com/wDic/productDetail.do?ItemCode=1681
1681_초이스130_만 18세 이하_디바이스,KT,초이스130 (디바이스),기타,만 18세 이하 안심박스,,,,,False,,제공 혜택_스쿨덤 혜택_추가 혜택: 안심박스 자세히보기,https://product.kt.com/wDic/productDetail.do?ItemCode=1681
1681_초이스130_만 18세 이하_가전구독,KT,초이스130 (가전구독),OTT/구독,가전구독,가전구독,,,,True,초이스 (택1),유튜브 프리미엄 2) / 넷플릭스 / 디즈니+ / 티빙/지니/밀리 / 폰케어 / 삼성 / 디바이스 / 가전구독 / 위버스,https://product.kt.com/wDic/productDetail.do?ItemCode=1681
1681_초이스130_만 18세 이하_가전구독,KT,초이스130 (가전구독),OTT/구독,지니뮤직,지니뮤직,,,,True,플러스 (택1),지니뮤직 / 밀리의서재 / 쇼핑라운지 할인쿠폰 5천원권 / 모아진,https://product.kt.com/wDic/productDetail.do?ItemCode=1681
1681_초이스130_만 18세 이하_가전구독,KT,초이스130 (가전구독),OTT/구독,밀리의서재,밀리의서재,,,,True,플러스 (택1),지니뮤직 / 밀리의서재 / 쇼핑라운지 할인쿠폰 5천원권 / 모아진,https://product.kt.com/wDic/productDetail.do?ItemCode=1681
1681_초이스130_만 18세 이하_가전구독,KT,초이스130 (가전구독),사은품/페이백,쇼핑라운지 할인쿠폰 5천원권,,,,,True,플러스 (택1),지니뮤직 / 밀리의서재 / 쇼핑라운지 할인쿠폰 5천원권 / 모아진,https://product.kt.com/wDic/productDetail.do?ItemCode=1681
1681_초이스130_만 18세 이하_가전구독,KT,초이스130 (가전구독),OTT/구독,모아진,,,,,True,플러스 (택1),지니뮤직 / 밀리의서재 / 쇼핑라운지 할인쿠폰 5천원권 / 모아진,https://product.kt.com/wDic/productDetail.do?ItemCode=1681
1681_초이스130_만 18세 이하_가전구독,KT,초이스130 (가전구독),멤버십,멤버십 VVIP,,,,,False,,멤버십: VVIP,https://product.kt.com/wDic/productDetail.do?ItemCode=1681
1681_초이스130_만 18세 이하_가전구독,KT,초이스130 (가전구독),기타,"단말보험 최대 4,500원 할인 3)",,,,,False,,"단말보험: 최대 4,500원 할인 3)",https://product.kt.com/wDic/productDetail.do?ItemCode=1681
1681_초이스130_만 18세 이하_가전구독,KT,초이스130 (가전구독),스마트기기,스마트기기 또는 데이터 쉐어링 스마트기기 월정액 2회선 / 데이터 쉐어링 1회선 할인,,,,,False,,스마트기기 또는 데이터 쉐어링: 스마트기기 월정액 2회선 / 데이터 쉐어링 1회선 할인,https://product.kt.com/wDic/productDetail.do?ItemCode=1681
1681_초이스130_만 18세 이하_가전구독,KT,초이스130 (가전구독),추가데이터,공유데이터 100GB,,,,,False,,공유데이터: 100GB,https://product.kt.com/wDic/productDetail.do?ItemCode=1681
1681_초이스130_만 18세 이하_가전구독,KT,초이스130 (가전구독),추가데이터,만 18세 이하 +100GB,,,,,False,,제공 혜택_스쿨덤 혜택_공유데이터: +100GB,https://product.kt.com/wDic/productDetail.do?ItemCode=1681
1681_초이스130_만 18세 이하_가전구독,KT,초이스130 (가전구독),기타,만 18세 이하 안심박스,,,,,False,,제공 혜택_스쿨덤 혜택_추가 혜택: 안심박스 자세히보기,https://product.kt.com/wDic/productDetail.do?ItemCode=1681
1681_초이스130_만 18세 이하_위버스,KT,초이스130 (위버스),OTT/구독,위버스,위버스,,,,True,초이스 (택1),유튜브 프리미엄 2) / 넷플릭스 / 디즈니+ / 티빙/지니/밀리 / 폰케어 / 삼성 / 디바이스 / 가전구독 / 위버스,https://product.kt.com/wDic/productDetail.do?ItemCode=1681
1681_초이스130_만 18세 이하_위버스,KT,초이스130 (위버스),OTT/구독,지니뮤직,지니뮤직,,,,True,플러스 (택1),지니뮤직 / 밀리의서재 / 쇼핑라운지 할인쿠폰 5천원권 / 모아진,https://product.kt.com/wDic/productDetail.do?ItemCode=1681
1681_초이스130_만 18세 이하_위버스,KT,초이스130 (위버스),OTT/구독,밀리의서재,밀리의서재,,,,True,플러스 (택1),지니뮤직 / 밀리의서재 / 쇼핑라운지 할인쿠폰 5천원권 / 모아진,https://product.kt.com/wDic/productDetail.do?ItemCode=1681
1681_초이스130_만 18세 이하_위버스,KT,초이스130 (위버스),사은품/페이백,쇼핑라운지 할인쿠폰 5천원권,,,,,True,플러스 (택1),지니뮤직 / 밀리의서재 / 쇼핑라운지 할인쿠폰 5천원권 / 모아진,https://product.kt.com/wDic/productDetail.do?ItemCode=1681
1681_초이스130_만 18세 이하_위버스,KT,초이스130 (위버스),OTT/구독,모아진,,,,,True,플러스 (택1),지니뮤직 / 밀리의서재 / 쇼핑라운지 할인쿠폰 5천원권 / 모아진,https://product.kt.com/wDic/productDetail.do?ItemCode=1681
1681_초이스130_만 18세 이하_위버스,KT,초이스130 (위버스),멤버십,멤버십 VVIP,,,,,False,,멤버십: VVIP,https://product.kt.com/wDic/productDetail.do?ItemCode=1681
1681_초이스130_만 18세 이하_위버스,KT,초이스130 (위버스),기타,"단말보험 최대 4,500원 할인 3)",,,,,False,,"단말보험: 최대 4,500원 할인 3)",https://product.kt.com/wDic/productDetail.do?ItemCode=1681
1681_초이스130_만 18세 이하_위버스,KT,초이스130 (위버스),스마트기기,스마트기기 또는 데이터 쉐어링 스마트기기 월정액 2회선 / 데이터 쉐어링 1회선 할인,,,,,False,,스마트기기 또는 데이터 쉐어링: 스마트기기 월정액 2회선 / 데이터 쉐어링 1회선 할인,https://product.kt.com/wDic/productDetail.do?ItemCode=1681
1681_초이스130_만 18세 이하_위버스,KT,초이스130 (위버스),추가데이터,공유데이터 100GB,,,,,False,,공유데이터: 100GB,https://product.kt.com/wDic/productDetail.do?ItemCode=1681
1681_초이스130_만 18세 이하_위버스,KT,초이스130 (위버스),추가데이터,만 18세 이하 +100GB,,,,,False,,제공 혜택_스쿨덤 혜택_공유데이터: +100GB,https://product.kt.com/wDic/productDetail.do?ItemCode=1681
1681_초이스130_만 18세 이하_위버스,KT,초이스130 (위버스),기타,만 18세 이하 안심박스,,,,,False,,제공 혜택_스쿨덤 혜택_추가 혜택: 안심박스 자세히보기,https://product.kt.com/wDic/productDetail.do?ItemCode=1681
1681_초이스110_만 18세 이하_유튜브프리미엄,KT,초이스110 (유튜브 프리미엄),OTT/구독,유튜브 프리미엄,유튜브 프리미엄,,,,True,초이스 (택1),유튜브 프리미엄 2) / 넷플릭스 / 디즈니+ / 티빙/지니/밀리 / 폰케어 / 삼성 / 디바이스 / 가전구독 / 위버스,https://product.kt.com/wDic/productDetail.do?ItemCode=1681
1681_초이스110_만 18세 이하_유튜브프리미엄,KT,초이스110 (유튜브 프리미엄),OTT/구독,지니뮤직,지니뮤직,,,,True,플러스 (택1),지니뮤직 / 밀리의서재 / 쇼핑라운지 할인쿠폰 5천원권 / 모아진,https://product.kt.com/wDic/productDetail.do?ItemCode=1681
1681_초이스110_만 18세 이하_유튜브프리미엄,KT,초이스110 (유튜브 프리미엄),OTT/구독,밀리의서재,밀리의서재,,,,True,플러스 (택1),지니뮤직 / 밀리의서재 / 쇼핑라운지 할인쿠폰 5천원권 / 모아진,https://product.kt.com/wDic/productDetail.do?ItemCode=1681
1681_초이스110_만 18세 이하_유튜브프리미엄,KT,초이스110 (유튜브 프리미엄),사은품/페이백,쇼핑라운지 할인쿠폰 5천원권,,,,,True,플러스 (택1),지니뮤직 / 밀리의서재 / 쇼핑라운지 할인쿠폰 5천원권 / 모아진,https://product.kt.com/wDic/productDetail.do?ItemCode=1681
1681_초이스110_만 18세 이하_유튜브프리미엄,KT,초이스110 (유튜브 프리미엄),OTT/구독,모아진,,,,,True,플러스 (택1),지니뮤직 / 밀리의서재 / 쇼핑라운지 할인쿠폰 5천원권 / 모아진,https://product.kt.com/wDic/productDetail.do?ItemCode=1681
1681_초이스110_만 18세 이하_유튜브프리미엄,KT,초이스110 (유튜브 프리미엄),멤버십,멤버십 VVIP,,,,,False,,멤버십: VVIP,https://product.kt.com/wDic/productDetail.do?ItemCode=1681
1681_초이스110_만 18세 이하_유튜브프리미엄,KT,초이스110 (유튜브 프리미엄),기타,"단말보험 최대 4,500원 할인 3)",,,,,False,,"단말보험: 최대 4,500원 할인 3)",https://product.kt.com/wDic/productDetail.do?ItemCode=1681
1681_초이스110_만 18세 이하_유튜브프리미엄,KT,초이스110 (유튜브 프리미엄),스마트기기,스마트기기 또는 데이터 쉐어링 스마트기기 월정액 / 데이터 쉐어링 각 1회선 할인,,,,,False,,스마트기기 또는 데이터 쉐어링: 스마트기기 월정액 / 데이터 쉐어링 각 1회선 할인,https://product.kt.com/wDic/productDetail.do?ItemCode=1681
1681_초이스110_만 18세 이하_유튜브프리미엄,KT,초이스110 (유튜브 프리미엄),추가데이터,공유데이터 80GB,,,,,False,,공유데이터: 80GB,https://product.kt.com/wDic/productDetail.do?ItemCode=1681
1681_초이스110_만 18세 이하_유튜브프리미엄,KT,초이스110 (유튜브 프리미엄),추가데이터,만 18세 이하 +80GB,,,,,False,,제공 혜택_스쿨덤 혜택_공유데이터: +80GB,https://product.kt.com/wDic/productDetail.do?ItemCode=1681
1681_초이스110_만 18세 이하_유튜브프리미엄,KT,초이스110 (유튜브 프리미엄),기타,만 18세 이하 안심박스,,,,,False,,제공 혜택_스쿨덤 혜택_추가 혜택: 안심박스 자세히보기,https://product.kt.com/wDic/productDetail.do?ItemCode=1681
1681_초이스110_만 18세 이하_넷플릭스,KT,초이스110 (넷플릭스),OTT/구독,넷플릭스,넷플릭스,,,,True,초이스 (택1),유튜브 프리미엄 2) / 넷플릭스 / 디즈니+ / 티빙/지니/밀리 / 폰케어 / 삼성 / 디바이스 / 가전구독 / 위버스,https://product.kt.com/wDic/productDetail.do?ItemCode=1681
1681_초이스110_만 18세 이하_넷플릭스,KT,초이스110 (넷플릭스),OTT/구독,지니뮤직,지니뮤직,,,,True,플러스 (택1),지니뮤직 / 밀리의서재 / 쇼핑라운지 할인쿠폰 5천원권 / 모아진,https://product.kt.com/wDic/productDetail.do?ItemCode=1681
1681_초이스110_만 18세 이하_넷플릭스,KT,초이스110 (넷플릭스),OTT/구독,밀리의서재,밀리의서재,,,,True,플러스 (택1),지니뮤직 / 밀리의서재 / 쇼핑라운지 할인쿠폰 5천원권 / 모아진,https://product.kt.com/wDic/productDetail.do?ItemCode=1681
1681_초이스110_만 18세 이하_넷플릭스,KT,초이스110 (넷플릭스),사은품/페이백,쇼핑라운지 할인쿠폰 5천원권,,,,,True,플러스 (택1),지니뮤직 / 밀리의서재 / 쇼핑라운지 할인쿠폰 5천원권 / 모아진,https://product.kt.com/wDic/productDetail.do?ItemCode=1681
1681_초이스110_만 18세 이하_넷플릭스,KT,초이스110 (넷플릭스),OTT/구독,모아진,,,,,True,플러스 (택1),지니뮤직 / 밀리의서재 / 쇼핑라운지 할인쿠폰 5천원권 / 모아진,https://product.kt.com/wDic/productDetail.do?ItemCode=1681
1681_초이스110_만 18세 이하_넷플릭스,KT,초이스110 (넷플릭스),멤버십,멤버십 VVIP,,,,,False,,멤버십: VVIP,https://product.kt.com/wDic/productDetail.do?ItemCode=1681
1681_초이스110_만 18세 이하_넷플릭스,KT,초이스110 (넷플릭스),기타,"단말보험 최대 4,500원 할인 3)",,,,,False,,"단말보험: 최대 4,500원 할인 3)",https://product.kt.com/wDic/productDetail.do?ItemCode=1681
1681_초이스110_만 18세 이하_넷플릭스,KT,초이스110 (넷플릭스),스마트기기,스마트기기 또는 데이터 쉐어링 스마트기기 월정액 / 데이터 쉐어링 각 1회선 할인,,,,,False,,스마트기기 또는 데이터 쉐어링: 스마트기기 월정액 / 데이터 쉐어링 각 1회선 할인,https://product.kt.com/wDic/productDetail.do?ItemCode=1681
1681_초이스110_만 18세 이하_넷플릭스,KT,초이스110 (넷플릭스),추가데이터,공유데이터 80GB,,,,,False,,공유데이터: 80GB,https://product.kt.com/wDic/productDetail.do?ItemCode=1681
1681_초이스110_만 18세 이하_넷플릭스,KT,초이스110 (넷플릭스),추가데이터,만 18세 이하 +80GB,,,,,False,,제공 혜택_스쿨덤 혜택_공유데이터: +80GB,https://product.kt.com/wDic/productDetail.do?ItemCode=1681
1681_초이스110_만 18세 이하_넷플릭스,KT,초이스110 (넷플릭스),기타,만 18세 이하 안심박스,,,,,False,,제공 혜택_스쿨덤 혜택_추가 혜택: 안심박스 자세히보기,https://product.kt.com/wDic/productDetail.do?ItemCode=1681
1681_초이스110_만 18세 이하_디즈니+,KT,초이스110 (디즈니+),OTT/구독,디즈니+,디즈니+,,,,True,초이스 (택1),유튜브 프리미엄 2) / 넷플릭스 / 디즈니+ / 티빙/지니/밀리 / 폰케어 / 삼성 / 디바이스 / 가전구독 / 위버스,https://product.kt.com/wDic/productDetail.do?ItemCode=1681
1681_초이스110_만 18세 이하_디즈니+,KT,초이스110 (디즈니+),OTT/구독,지니뮤직,지니뮤직,,,,True,플러스 (택1),지니뮤직 / 밀리의서재 / 쇼핑라운지 할인쿠폰 5천원권 / 모아진,https://product.kt.com/wDic/productDetail.do?ItemCode=1681
1681_초이스110_만 18세 이하_디즈니+,KT,초이스110 (디즈니+),OTT/구독,밀리의서재,밀리의서재,,,,True,플러스 (택1),지니뮤직 / 밀리의서재 / 쇼핑라운지 할인쿠폰 5천원권 / 모아진,https://product.kt.com/wDic/productDetail.do?ItemCode=1681
1681_초이스110_만 18세 이하_디즈니+,KT,초이스110 (디즈니+),사은품/페이백,쇼핑라운지 할인쿠폰 5천원권,,,,,True,플러스 (택1),지니뮤직 / 밀리의서재 / 쇼핑라운지 할인쿠폰 5천원권 / 모아진,https://product.kt.com/wDic/productDetail.do?ItemCode=1681
1681_초이스110_만 18세 이하_디즈니+,KT,초이스110 (디즈니+),OTT/구독,모아진,,,,,True,플러스 (택1),지니뮤직 / 밀리의서재 / 쇼핑라운지 할인쿠폰 5천원권 / 모아진,https://product.kt.com/wDic/productDetail.do?ItemCode=1681
1681_초이스110_만 18세 이하_디즈니+,KT,초이스110 (디즈니+),멤버십,멤버십 VVIP,,,,,False,,멤버십: VVIP,https://product.kt.com/wDic/productDetail.do?ItemCode=1681
1681_초이스110_만 18세 이하_디즈니+,KT,초이스110 (디즈니+),기타,"단말보험 최대 4,500원 할인 3)",,,,,False,,"단말보험: 최대 4,500원 할인 3)",https://product.kt.com/wDic/productDetail.do?ItemCode=1681
1681_초이스110_만 18세 이하_디즈니+,KT,초이스110 (디즈니+),스마트기기,스마트기기 또는 데이터 쉐어링 스마트기기 월정액 / 데이터 쉐어링 각 1회선 할인,,,,,False,,스마트기기 또는 데이터 쉐어링: 스마트기기 월정액 / 데이터 쉐어링 각 1회선 할인,https://product.kt.com/wDic/productDetail.do?ItemCode=1681
1681_초이스110_만 18세 이하_디즈니+,KT,초이스110 (디즈니+),추가데이터,공유데이터 80GB,,,,,False,,공유데이터: 80GB,https://product.kt.com/wDic/productDetail.do?ItemCode=1681
1681_초이스110_만 18세 이하_디즈니+,KT,초이스110 (디즈니+),추가데이터,만 18세 이하 +80GB,,,,,False,,제공 혜택_스쿨덤 혜택_공유데이터: +80GB,https://product.kt.com/wDic/productDetail.do?ItemCode=1681
1681_초이스110_만 18세 이하_디즈니+,KT,초이스110 (디즈니+),기타,만 18세 이하 안심박스,,,,,False,,제공 혜택_스쿨덤 혜택_추가 혜택: 안심박스 자세히보기,https://product.kt.com/wDic/productDetail.do?ItemCode=1681
1681_초이스110_만 18세 이하_티빙/지니/밀리,KT,초이스110 (티빙/지니/밀리),OTT/구독,티빙/지니/밀리,티빙,,,,True,초이스 (택1),유튜브 프리미엄 2) / 넷플릭스 / 디즈니+ / 티빙/지니/밀리 / 폰케어 / 삼성 / 디바이스 / 가전구독 / 위버스,https://product.kt.com/wDic/productDetail.do?ItemCode=1681
1681_초이스110_만 18세 이하_티빙/지니/밀리,KT,초이스110 (티빙/지니/밀리),OTT/구독,지니뮤직,지니뮤직,,,,True,플러스 (택1),지니뮤직 / 밀리의서재 / 쇼핑라운지 할인쿠폰 5천원권 / 모아진,https://product.kt.com/wDic/productDetail.do?ItemCode=1681
1681_초이스110_만 18세 이하_티빙/지니/밀리,KT,초이스110 (티빙/지니/밀리),OTT/구독,밀리의서재,밀리의서재,,,,True,플러스 (택1),지니뮤직 / 밀리의서재 / 쇼핑라운지 할인쿠폰 5천원권 / 모아진,https://product.kt.com/wDic/productDetail.do?ItemCode=1681
1681_초이스110_만 18세 이하_티빙/지니/밀리,KT,초이스110 (티빙/지니/밀리),사은품/페이백,쇼핑라운지 할인쿠폰 5천원권,,,,,True,플러스 (택1),지니뮤직 / 밀리의서재 / 쇼핑라운지 할인쿠폰 5천원권 / 모아진,https://product.kt.com/wDic/productDetail.do?ItemCode=1681
1681_초이스110_만 18세 이하_티빙/지니/밀리,KT,초이스110 (티빙/지니/밀리),OTT/구독,모아진,,,,,True,플러스 (택1),지니뮤직 / 밀리의서재 / 쇼핑라운지 할인쿠폰 5천원권 / 모아진,https://product.kt.com/wDic/productDetail.do?ItemCode=1681
1681_초이스110_만 18세 이하_티빙/지니/밀리,KT,초이스110 (티빙/지니/밀리),멤버십,멤버십 VVIP,,,,,False,,멤버십: VVIP,https://product.kt.com/wDic/productDetail.do?ItemCode=1681
1681_초이스110_만 18세 이하_티빙/지니/밀리,KT,초이스110 (티빙/지니/밀리),기타,"단말보험 최대 4,500원 할인 3)",,,,,False,,"단말보험: 최대 4,500원 할인 3)",https://product.kt.com/wDic/productDetail.do?ItemCode=1681
1681_초이스110_만 18세 이하_티빙/지니/밀리,KT,초이스110 (티빙/지니/밀리),스마트기기,스마트기기 또는 데이터 쉐어링 스마트기기 월정액 / 데이터 쉐어링 각 1회선 할인,,,,,False,,스마트기기 또는 데이터 쉐어링: 스마트기기 월정액 / 데이터 쉐어링 각 1회선 할인,https://product.kt.com/wDic/productDetail.do?ItemCode=1681
1681_초이스110_만 18세 이하_티빙/지니/밀리,KT,초이스110 (티빙/지니/밀리),추가데이터,공유데이터 80GB,,,,,False,,공유데이터: 80GB,https://product.kt.com/wDic/productDetail.do?ItemCode=1681
1681_초이스110_만 18세 이하_티빙/지니/밀리,KT,초이스110 (티빙/지니/밀리),추가데이터,만 18세 이하 +80GB,,,,,False,,제공 혜택_스쿨덤 혜택_공유데이터: +80GB,https://product.kt.com/wDic/productDetail.do?ItemCode=1681
1681_초이스110_만 18세 이하_티빙/지니/밀리,KT,초이스110 (티빙/지니/밀리),기타,만 18세 이하 안심박스,,,,,False,,제공 혜택_스쿨덤 혜택_추가 혜택: 안심박스 자세히보기,https://product.kt.com/wDic/productDetail.do?ItemCode=1681
1681_초이스110_만 18세 이하_폰케어,KT,초이스110 (폰케어),기타,폰케어,폰케어,,,,True,초이스 (택1),유튜브 프리미엄 2) / 넷플릭스 / 디즈니+ / 티빙/지니/밀리 / 폰케어 / 삼성 / 디바이스 / 가전구독 / 위버스,https://product.kt.com/wDic/productDetail.do?ItemCode=1681
1681_초이스110_만 18세 이하_폰케어,KT,초이스110 (폰케어),OTT/구독,지니뮤직,지니뮤직,,,,True,플러스 (택1),지니뮤직 / 밀리의서재 / 쇼핑라운지 할인쿠폰 5천원권 / 모아진,https://product.kt.com/wDic/productDetail.do?ItemCode=1681
1681_초이스110_만 18세 이하_폰케어,KT,초이스110 (폰케어),OTT/구독,밀리의서재,밀리의서재,,,,True,플러스 (택1),지니뮤직 / 밀리의서재 / 쇼핑라운지 할인쿠폰 5천원권 / 모아진,https://product.kt.com/wDic/productDetail.do?ItemCode=1681
1681_초이스110_만 18세 이하_폰케어,KT,초이스110 (폰케어),사은품/페이백,쇼핑라운지 할인쿠폰 5천원권,,,,,True,플러스 (택1),지니뮤직 / 밀리의서재 / 쇼핑라운지 할인쿠폰 5천원권 / 모아진,https://product.kt.com/wDic/productDetail.do?ItemCode=1681
1681_초이스110_만 18세 이하_폰케어,KT,초이스110 (폰케어),OTT/구독,모아진,,,,,True,플러스 (택1),지니뮤직 / 밀리의서재 / 쇼핑라운지 할인쿠폰 5천원권 / 모아진,https://product.kt.com/wDic/productDetail.do?ItemCode=1681
1681_초이스110_만 18세 이하_폰케어,KT,초이스110 (폰케어),멤버십,멤버십 VVIP,,,,,False,,멤버십: VVIP,https://product.kt.com/wDic/productDetail.do?ItemCode=1681
1681_초이스110_만 18세 이하_폰케어,KT,초이스110 (폰케어),기타,"단말보험 최대 4,500원 할인 3)",,,,,False,,"단말보험: 최대 4,500원 할인 3)",https://product.kt.com/wDic/productDetail.do?ItemCode=1681
1681_초이스110_만 18세 이하_폰케어,KT,초이스110 (폰케어),스마트기기,스마트기기 또는 데이터 쉐어링 스마트기기 월정액 / 데이터 쉐어링 각 1회선 할인,,,,,False,,스마트기기 또는 데이터 쉐어링: 스마트기기 월정액 / 데이터 쉐어링 각 1회선 할인,https://product.kt.com/wDic/productDetail.do?ItemCode=1681
1681_초이스110_만 18세 이하_폰케어,KT,초이스110 (폰케어),추가데이터,공유데이터 80GB,,,,,False,,공유데이터: 80GB,https://product.kt.com/wDic/productDetail.do?ItemCode=1681
1681_초이스110_만 18세 이하_폰케어,KT,초이스110 (폰케어),추가데이터,만 18세 이하 +80GB,,,,,False,,제공 혜택_스쿨덤 혜택_공유데이터: +80GB,https://product.kt.com/wDic/productDetail.do?ItemCode=1681
1681_초이스110_만 18세 이하_폰케어,KT,초이스110 (폰케어),기타,만 18세 이하 안심박스,,,,,False,,제공 혜택_스쿨덤 혜택_추가 혜택: 안심박스 자세히보기,https://product.kt.com/wDic/productDetail.do?ItemCode=1681
1681_초이스110_만 18세 이하_삼성,KT,초이스110 (삼성),OTT/구독,삼성,삼성 디바이스,,,,True,초이스 (택1),유튜브 프리미엄 2) / 넷플릭스 / 디즈니+ / 티빙/지니/밀리 / 폰케어 / 삼성 / 디바이스 / 가전구독 / 위버스,https://product.kt.com/wDic/productDetail.do?ItemCode=1681
1681_초이스110_만 18세 이하_삼성,KT,초이스110 (삼성),OTT/구독,지니뮤직,지니뮤직,,,,True,플러스 (택1),지니뮤직 / 밀리의서재 / 쇼핑라운지 할인쿠폰 5천원권 / 모아진,https://product.kt.com/wDic/productDetail.do?ItemCode=1681
1681_초이스110_만 18세 이하_삼성,KT,초이스110 (삼성),OTT/구독,밀리의서재,밀리의서재,,,,True,플러스 (택1),지니뮤직 / 밀리의서재 / 쇼핑라운지 할인쿠폰 5천원권 / 모아진,https://product.kt.com/wDic/productDetail.do?ItemCode=1681
1681_초이스110_만 18세 이하_삼성,KT,초이스110 (삼성),사은품/페이백,쇼핑라운지 할인쿠폰 5천원권,,,,,True,플러스 (택1),지니뮤직 / 밀리의서재 / 쇼핑라운지 할인쿠폰 5천원권 / 모아진,https://product.kt.com/wDic/productDetail.do?ItemCode=1681
1681_초이스110_만 18세 이하_삼성,KT,초이스110 (삼성),OTT/구독,모아진,,,,,True,플러스 (택1),지니뮤직 / 밀리의서재 / 쇼핑라운지 할인쿠폰 5천원권 / 모아진,https://product.kt.com/wDic/productDetail.do?ItemCode=1681
1681_초이스110_만 18세 이하_삼성,KT,초이스110 (삼성),멤버십,멤버십 VVIP,,,,,False,,멤버십: VVIP,https://product.kt.com/wDic/productDetail.do?ItemCode=1681
1681_초이스110_만 18세 이하_삼성,KT,초이스110 (삼성),기타,"단말보험 최대 4,500원 할인 3)",,,,,False,,"단말보험: 최대 4,500원 할인 3)",https://product.kt.com/wDic/productDetail.do?ItemCode=1681
1681_초이스110_만 18세 이하_삼성,KT,초이스110 (삼성),스마트기기,스마트기기 또는 데이터 쉐어링 스마트기기 월정액 / 데이터 쉐어링 각 1회선 할인,,,,,False,,스마트기기 또는 데이터 쉐어링: 스마트기기 월정액 / 데이터 쉐어링 각 1회선 할인,https://product.kt.com/wDic/productDetail.do?ItemCode=1681
1681_초이스110_만 18세 이하_삼성,KT,초이스110 (삼성),추가데이터,공유데이터 80GB,,,,,False,,공유데이터: 80GB,https://product.kt.com/wDic/productDetail.do?ItemCode=1681
1681_초이스110_만 18세 이하_삼성,KT,초이스110 (삼성),추가데이터,만 18세 이하 +80GB,,,,,False,,제공 혜택_스쿨덤 혜택_공유데이터: +80GB,https://product.kt.com/wDic/productDetail.do?ItemCode=1681
1681_초이스110_만 18세 이하_삼성,KT,초이스110 (삼성),기타,만 18세 이하 안심박스,,,,,False,,제공 혜택_스쿨덤 혜택_추가 혜택: 안심박스 자세히보기,https://product.kt.com/wDic/productDetail.do?ItemCode=1681
1681_초이스110_만 18세 이하_디바이스,KT,초이스110 (디바이스),스마트기기,디바이스,,,,,True,초이스 (택1),유튜브 프리미엄 2) / 넷플릭스 / 디즈니+ / 티빙/지니/밀리 / 폰케어 / 삼성 / 디바이스 / 가전구독 / 위버스,https://product.kt.com/wDic/productDetail.do?ItemCode=1681
1681_초이스110_만 18세 이하_디바이스,KT,초이스110 (디바이스),OTT/구독,지니뮤직,지니뮤직,,,,True,플러스 (택1),지니뮤직 / 밀리의서재 / 쇼핑라운지 할인쿠폰 5천원권 / 모아진,https://product.kt.com/wDic/productDetail.do?ItemCode=1681
1681_초이스110_만 18세 이하_디바이스,KT,초이스110 (디바이스),OTT/구독,밀리의서재,밀리의서재,,,,True,플러스 (택1),지니뮤직 / 밀리의서재 / 쇼핑라운지 할인쿠폰 5천원권 / 모아진,https://product.kt.com/wDic/productDetail.do?ItemCode=1681
1681_초이스110_만 18세 이하_디바이스,KT,초이스110 (디바이스),사은품/페이백,쇼핑라운지 할인쿠폰 5천원권,,,,,True,플러스 (택1),지니뮤직 / 밀리의서재 / 쇼핑라운지 할인쿠폰 5천원권 / 모아진,https://product.kt.com/wDic/productDetail.do?ItemCode=1681
1681_초이스110_만 18세 이하_디바이스,KT,초이스110 (디바이스),OTT/구독,모아진,,,,,True,플러스 (택1),지니뮤직 / 밀리의서재 / 쇼핑라운지 할인쿠폰 5천원권 / 모아진,https://product.kt.com/wDic/productDetail.do?ItemCode=1681
1681_초이스110_만 18세 이하_디바이스,KT,초이스110 (디바이스),멤버십,멤버십 VVIP,,,,,False,,멤버십: VVIP,https://product.kt.com/wDic/productDetail.do?ItemCode=1681
1681_초이스110_만 18세 이하_디바이스,KT,초이스110 (디바이스),기타,"단말보험 최대 4,500원 할인 3)",,,,,False,,"단말보험: 최대 4,500원 할인 3)",https://product.kt.com/wDic/productDetail.do?ItemCode=1681
1681_초이스110_만 18세 이하_디바이스,KT,초이스110 (디바이스),스마트기기,스마트기기 또는 데이터 쉐어링 스마트기기 월정액 / 데이터 쉐어링 각 1회선 할인,,,,,False,,스마트기기 또는 데이터 쉐어링: 스마트기기 월정액 / 데이터 쉐어링 각 1회선 할인,https://product.kt.com/wDic/productDetail.do?ItemCode=1681
1681_초이스110_만 18세 이하_디바이스,KT,초이스110 (디바이스),추가데이터,공유데이터 80GB,,,,,False,,공유데이터: 80GB,https://product.kt.com/wDic/productDetail.do?ItemCode=1681
1681_초이스110_만 18세 이하_디바이스,KT,초이스110 (디바이스),추가데이터,만 18세 이하 +80GB,,,,,False,,제공 혜택_스쿨덤 혜택_공유데이터: +80GB,https://product.kt.com/wDic/productDetail.do?ItemCode=1681
1681_초이스110_만 18세 이하_디바이스,KT,초이스110 (디바이스),기타,만 18세 이하 안심박스,,,,,False,,제공 혜택_스쿨덤 혜택_추가 혜택: 안심박스 자세히보기,https://product.kt.com/wDic/productDetail.do?ItemCode=1681
1681_초이스110_만 18세 이하_가전구독,KT,초이스110 (가전구독),OTT/구독,가전구독,가전구독,,,,True,초이스 (택1),유튜브 프리미엄 2) / 넷플릭스 / 디즈니+ / 티빙/지니/밀리 / 폰케어 / 삼성 / 디바이스 / 가전구독 / 위버스,https://product.kt.com/wDic/productDetail.do?ItemCode=1681
1681_초이스110_만 18세 이하_가전구독,KT,초이스110 (가전구독),OTT/구독,지니뮤직,지니뮤직,,,,True,플러스 (택1),지니뮤직 / 밀리의서재 / 쇼핑라운지 할인쿠폰 5천원권 / 모아진,https://product.kt.com/wDic/productDetail.do?ItemCode=1681
1681_초이스110_만 18세 이하_가전구독,KT,초이스110 (가전구독),OTT/구독,밀리의서재,밀리의서재,,,,True,플러스 (택1),지니뮤직 / 밀리의서재 / 쇼핑라운지 할인쿠폰 5천원권 / 모아진,https://product.kt.com/wDic/productDetail.do?ItemCode=1681
1681_초이스110_만 18세 이하_가전구독,KT,초이스110 (가전구독),사은품/페이백,쇼핑라운지 할인쿠폰 5천원권,,,,,True,플러스 (택1),지니뮤직 / 밀리의서재 / 쇼핑라운지 할인쿠폰 5천원권 / 모아진,https://product.kt.com/wDic/productDetail.do?ItemCode=1681
1681_초이스110_만 18세 이하_가전구독,KT,초이스110 (가전구독),OTT/구독,모아진,,,,,True,플러스 (택1),지니뮤직 / 밀리의서재 / 쇼핑라운지 할인쿠폰 5천원권 / 모아진,https://product.kt.com/wDic/productDetail.do?ItemCode=1681
1681_초이스110_만 18세 이하_가전구독,KT,초이스110 (가전구독),멤버십,멤버십 VVIP,,,,,False,,멤버십: VVIP,https://product.kt.com/wDic/productDetail.do?ItemCode=1681
1681_초이스110_만 18세 이하_가전구독,KT,초이스110 (가전구독),기타,"단말보험 최대 4,500원 할인 3)",,,,,False,,"단말보험: 최대 4,500원 할인 3)",https://product.kt.com/wDic/productDetail.do?ItemCode=1681
1681_초이스110_만 18세 이하_가전구독,KT,초이스110 (가전구독),스마트기기,스마트기기 또는 데이터 쉐어링 스마트기기 월정액 / 데이터 쉐어링 각 1회선 할인,,,,,False,,스마트기기 또는 데이터 쉐어링: 스마트기기 월정액 / 데이터 쉐어링 각 1회선 할인,https://product.kt.com/wDic/productDetail.do?ItemCode=1681
1681_초이스110_만 18세 이하_가전구독,KT,초이스110 (가전구독),추가데이터,공유데이터 80GB,,,,,False,,공유데이터: 80GB,https://product.kt.com/wDic/productDetail.do?ItemCode=1681
1681_초이스110_만 18세 이하_가전구독,KT,초이스110 (가전구독),추가데이터,만 18세 이하 +80GB,,,,,False,,제공 혜택_스쿨덤 혜택_공유데이터: +80GB,https://product.kt.com/wDic/productDetail.do?ItemCode=1681
1681_초이스110_만 18세 이하_가전구독,KT,초이스110 (가전구독),기타,만 18세 이하 안심박스,,,,,False,,제공 혜택_스쿨덤 혜택_추가 혜택: 안심박스 자세히보기,https://product.kt.com/wDic/productDetail.do?ItemCode=1681
1681_초이스110_만 18세 이하_위버스,KT,초이스110 (위버스),OTT/구독,위버스,위버스,,,,True,초이스 (택1),유튜브 프리미엄 2) / 넷플릭스 / 디즈니+ / 티빙/지니/밀리 / 폰케어 / 삼성 / 디바이스 / 가전구독 / 위버스,https://product.kt.com/wDic/productDetail.do?ItemCode=1681
1681_초이스110_만 18세 이하_위버스,KT,초이스110 (위버스),OTT/구독,지니뮤직,지니뮤직,,,,True,플러스 (택1),지니뮤직 / 밀리의서재 / 쇼핑라운지 할인쿠폰 5천원권 / 모아진,https://product.kt.com/wDic/productDetail.do?ItemCode=1681
1681_초이스110_만 18세 이하_위버스,KT,초이스110 (위버스),OTT/구독,밀리의서재,밀리의서재,,,,True,플러스 (택1),지니뮤직 / 밀리의서재 / 쇼핑라운지 할인쿠폰 5천원권 / 모아진,https://product.kt.com/wDic/productDetail.do?ItemCode=1681
1681_초이스110_만 18세 이하_위버스,KT,초이스110 (위버스),사은품/페이백,쇼핑라운지 할인쿠폰 5천원권,,,,,True,플러스 (택1),지니뮤직 / 밀리의서재 / 쇼핑라운지 할인쿠폰 5천원권 / 모아진,https://product.kt.com/wDic/productDetail.do?ItemCode=1681
1681_초이스110_만 18세 이하_위버스,KT,초이스110 (위버스),OTT/구독,모아진,,,,,True,플러스 (택1),지니뮤직 / 밀리의서재 / 쇼핑라운지 할인쿠폰 5천원권 / 모아진,https://product.kt.com/wDic/productDetail.do?ItemCode=1681
1681_초이스110_만 18세 이하_위버스,KT,초이스110 (위버스),멤버십,멤버십 VVIP,,,,,False,,멤버십: VVIP,https://product.kt.com/wDic/productDetail.do?ItemCode=1681
1681_초이스110_만 18세 이하_위버스,KT,초이스110 (위버스),기타,"단말보험 최대 4,500원 할인 3)",,,,,False,,"단말보험: 최대 4,500원 할인 3)",https://product.kt.com/wDic/productDetail.do?ItemCode=1681
1681_초이스110_만 18세 이하_위버스,KT,초이스110 (위버스),스마트기기,스마트기기 또는 데이터 쉐어링 스마트기기 월정액 / 데이터 쉐어링 각 1회선 할인,,,,,False,,스마트기기 또는 데이터 쉐어링: 스마트기기 월정액 / 데이터 쉐어링 각 1회선 할인,https://product.kt.com/wDic/productDetail.do?ItemCode=1681
1681_초이스110_만 18세 이하_위버스,KT,초이스110 (위버스),추가데이터,공유데이터 80GB,,,,,False,,공유데이터: 80GB,https://product.kt.com/wDic/productDetail.do?ItemCode=1681
1681_초이스110_만 18세 이하_위버스,KT,초이스110 (위버스),추가데이터,만 18세 이하 +80GB,,,,,False,,제공 혜택_스쿨덤 혜택_공유데이터: +80GB,https://product.kt.com/wDic/productDetail.do?ItemCode=1681
1681_초이스110_만 18세 이하_위버스,KT,초이스110 (위버스),기타,만 18세 이하 안심박스,,,,,False,,제공 혜택_스쿨덤 혜택_추가 혜택: 안심박스 자세히보기,https://product.kt.com/wDic/productDetail.do?ItemCode=1681
1681_초이스90_만 18세 이하_유튜브프리미엄,KT,초이스90 (유튜브 프리미엄),OTT/구독,유튜브 프리미엄,유튜브 프리미엄,,,,True,초이스 (택1),유튜브 프리미엄 2) / 넷플릭스 / 디즈니+ / 티빙/지니/밀리 / 폰케어 / 삼성 / 디바이스 / 가전구독 / 위버스,https://product.kt.com/wDic/productDetail.do?ItemCode=1681
1681_초이스90_만 18세 이하_유튜브프리미엄,KT,초이스90 (유튜브 프리미엄),멤버십,멤버십 VIP,,,,,False,,멤버십: VIP,https://product.kt.com/wDic/productDetail.do?ItemCode=1681
1681_초이스90_만 18세 이하_유튜브프리미엄,KT,초이스90 (유튜브 프리미엄),스마트기기,스마트기기 또는 데이터 쉐어링 데이터 쉐어링 1회선 할인,,,,,False,,스마트기기 또는 데이터 쉐어링: 데이터 쉐어링 1회선 할인,https://product.kt.com/wDic/productDetail.do?ItemCode=1681
1681_초이스90_만 18세 이하_유튜브프리미엄,KT,초이스90 (유튜브 프리미엄),추가데이터,공유데이터 60GB,,,,,False,,공유데이터: 60GB,https://product.kt.com/wDic/productDetail.do?ItemCode=1681
1681_초이스90_만 18세 이하_유튜브프리미엄,KT,초이스90 (유튜브 프리미엄),추가데이터,만 18세 이하 +60GB,,,,,False,,제공 혜택_스쿨덤 혜택_공유데이터: +60GB,https://product.kt.com/wDic/productDetail.do?ItemCode=1681
1681_초이스90_만 18세 이하_유튜브프리미엄,KT,초이스90 (유튜브 프리미엄),기타,만 18세 이하 안심박스,,,,,False,,제공 혜택_스쿨덤 혜택_추가 혜택: 안심박스 자세히보기,https://product.kt.com/wDic/productDetail.do?ItemCode=1681
1681_초이스90_만 18세 이하_넷플릭스,KT,초이스90 (넷플릭스),OTT/구독,넷플릭스,넷플릭스,,,,True,초이스 (택1),유튜브 프리미엄 2) / 넷플릭스 / 디즈니+ / 티빙/지니/밀리 / 폰케어 / 삼성 / 디바이스 / 가전구독 / 위버스,https://product.kt.com/wDic/productDetail.do?ItemCode=1681
1681_초이스90_만 18세 이하_넷플릭스,KT,초이스90 (넷플릭스),멤버십,멤버십 VIP,,,,,False,,멤버십: VIP,https://product.kt.com/wDic/productDetail.do?ItemCode=1681
1681_초이스90_만 18세 이하_넷플릭스,KT,초이스90 (넷플릭스),스마트기기,스마트기기 또는 데이터 쉐어링 데이터 쉐어링 1회선 할인,,,,,False,,스마트기기 또는 데이터 쉐어링: 데이터 쉐어링 1회선 할인,https://product.kt.com/wDic/productDetail.do?ItemCode=1681
1681_초이스90_만 18세 이하_넷플릭스,KT,초이스90 (넷플릭스),추가데이터,공유데이터 60GB,,,,,False,,공유데이터: 60GB,https://product.kt.com/wDic/productDetail.do?ItemCode=1681
1681_초이스90_만 18세 이하_넷플릭스,KT,초이스90 (넷플릭스),추가데이터,만 18세 이하 +60GB,,,,,False,,제공 혜택_스쿨덤 혜택_공유데이터: +60GB,https://product.kt.com/wDic/productDetail.do?ItemCode=1681
1681_초이스90_만 18세 이하_넷플릭스,KT,초이스90 (넷플릭스),기타,만 18세 이하 안심박스,,,,,False,,제공 혜택_스쿨덤 혜택_추가 혜택: 안심박스 자세히보기,https://product.kt.com/wDic/productDetail.do?ItemCode=1681
1681_초이스90_만 18세 이하_디즈니+,KT,초이스90 (디즈니+),OTT/구독,디즈니+,디즈니+,,,,True,초이스 (택1),유튜브 프리미엄 2) / 넷플릭스 / 디즈니+ / 티빙/지니/밀리 / 폰케어 / 삼성 / 디바이스 / 가전구독 / 위버스,https://product.kt.com/wDic/productDetail.do?ItemCode=1681
1681_초이스90_만 18세 이하_디즈니+,KT,초이스90 (디즈니+),멤버십,멤버십 VIP,,,,,False,,멤버십: VIP,https://product.kt.com/wDic/productDetail.do?ItemCode=1681
1681_초이스90_만 18세 이하_디즈니+,KT,초이스90 (디즈니+),스마트기기,스마트기기 또는 데이터 쉐어링 데이터 쉐어링 1회선 할인,,,,,False,,스마트기기 또는 데이터 쉐어링: 데이터 쉐어링 1회선 할인,https://product.kt.com/wDic/productDetail.do?ItemCode=1681
1681_초이스90_만 18세 이하_디즈니+,KT,초이스90 (디즈니+),추가데이터,공유데이터 60GB,,,,,False,,공유데이터: 60GB,https://product.kt.com/wDic/productDetail.do?ItemCode=1681
1681_초이스90_만 18세 이하_디즈니+,KT,초이스90 (디즈니+),추가데이터,만 18세 이하 +60GB,,,,,False,,제공 혜택_스쿨덤 혜택_공유데이터: +60GB,https://product.kt.com/wDic/productDetail.do?ItemCode=1681
1681_초이스90_만 18세 이하_디즈니+,KT,초이스90 (디즈니+),기타,만 18세 이하 안심박스,,,,,False,,제공 혜택_스쿨덤 혜택_추가 혜택: 안심박스 자세히보기,https://product.kt.com/wDic/productDetail.do?ItemCode=1681
1681_초이스90_만 18세 이하_티빙/지니/밀리,KT,초이스90 (티빙/지니/밀리),OTT/구독,티빙/지니/밀리,티빙,,,,True,초이스 (택1),유튜브 프리미엄 2) / 넷플릭스 / 디즈니+ / 티빙/지니/밀리 / 폰케어 / 삼성 / 디바이스 / 가전구독 / 위버스,https://product.kt.com/wDic/productDetail.do?ItemCode=1681
1681_초이스90_만 18세 이하_티빙/지니/밀리,KT,초이스90 (티빙/지니/밀리),멤버십,멤버십 VIP,,,,,False,,멤버십: VIP,https://product.kt.com/wDic/productDetail.do?ItemCode=1681
1681_초이스90_만 18세 이하_티빙/지니/밀리,KT,초이스90 (티빙/지니/밀리),스마트기기,스마트기기 또는 데이터 쉐어링 데이터 쉐어링 1회선 할인,,,,,False,,스마트기기 또는 데이터 쉐어링: 데이터 쉐어링 1회선 할인,https://product.kt.com/wDic/productDetail.do?ItemCode=1681
1681_초이스90_만 18세 이하_티빙/지니/밀리,KT,초이스90 (티빙/지니/밀리),추가데이터,공유데이터 60GB,,,,,False,,공유데이터: 60GB,https://product.kt.com/wDic/productDetail.do?ItemCode=1681
1681_초이스90_만 18세 이하_티빙/지니/밀리,KT,초이스90 (티빙/지니/밀리),추가데이터,만 18세 이하 +60GB,,,,,False,,제공 혜택_스쿨덤 혜택_공유데이터: +60GB,https://product.kt.com/wDic/productDetail.do?ItemCode=1681
1681_초이스90_만 18세 이하_티빙/지니/밀리,KT,초이스90 (티빙/지니/밀리),기타,만 18세 이하 안심박스,,,,,False,,제공 혜택_스쿨덤 혜택_추가 혜택: 안심박스 자세히보기,https://product.kt.com/wDic/productDetail.do?ItemCode=1681
1681_초이스90_만 18세 이하_폰케어,KT,초이스90 (폰케어),기타,폰케어,폰케어,,,,True,초이스 (택1),유튜브 프리미엄 2) / 넷플릭스 / 디즈니+ / 티빙/지니/밀리 / 폰케어 / 삼성 / 디바이스 / 가전구독 / 위버스,https://product.kt.com/wDic/productDetail.do?ItemCode=1681
1681_초이스90_만 18세 이하_폰케어,KT,초이스90 (폰케어),멤버십,멤버십 VIP,,,,,False,,멤버십: VIP,https://product.kt.com/wDic/productDetail.do?ItemCode=1681
1681_초이스90_만 18세 이하_폰케어,KT,초이스90 (폰케어),스마트기기,스마트기기 또는 데이터 쉐어링 데이터 쉐어링 1회선 할인,,,,,False,,스마트기기 또는 데이터 쉐어링: 데이터 쉐어링 1회선 할인,https://product.kt.com/wDic/productDetail.do?ItemCode=1681
1681_초이스90_만 18세 이하_폰케어,KT,초이스90 (폰케어),추가데이터,공유데이터 60GB,,,,,False,,공유데이터: 60GB,https://product.kt.com/wDic/productDetail.do?ItemCode=1681
1681_초이스90_만 18세 이하_폰케어,KT,초이스90 (폰케어),추가데이터,만 18세 이하 +60GB,,,,,False,,제공 혜택_스쿨덤 혜택_공유데이터: +60GB,https://product.kt.com/wDic/productDetail.do?ItemCode=1681
1681_초이스90_만 18세 이하_폰케어,KT,초이스90 (폰케어),기타,만 18세 이하 안심박스,,,,,False,,제공 혜택_스쿨덤 혜택_추가 혜택: 안심박스 자세히보기,https://product.kt.com/wDic/productDetail.do?ItemCode=1681
1681_초이스90_만 18세 이하_삼성,KT,초이스90 (삼성),OTT/구독,삼성,삼성 디바이스,,,,True,초이스 (택1),유튜브 프리미엄 2) / 넷플릭스 / 디즈니+ / 티빙/지니/밀리 / 폰케어 / 삼성 / 디바이스 / 가전구독 / 위버스,https://product.kt.com/wDic/productDetail.do?ItemCode=1681
1681_초이스90_만 18세 이하_삼성,KT,초이스90 (삼성),멤버십,멤버십 VIP,,,,,False,,멤버십: VIP,https://product.kt.com/wDic/productDetail.do?ItemCode=1681
1681_초이스90_만 18세 이하_삼성,KT,초이스90 (삼성),스마트기기,스마트기기 또는 데이터 쉐어링 데이터 쉐어링 1회선 할인,,,,,False,,스마트기기 또는 데이터 쉐어링: 데이터 쉐어링 1회선 할인,https://product.kt.com/wDic/productDetail.do?ItemCode=1681
1681_초이스90_만 18세 이하_삼성,KT,초이스90 (삼성),추가데이터,공유데이터 60GB,,,,,False,,공유데이터: 60GB,https://product.kt.com/wDic/productDetail.do?ItemCode=1681
1681_초이스90_만 18세 이하_삼성,KT,초이스90 (삼성),추가데이터,만 18세 이하 +60GB,,,,,False,,제공 혜택_스쿨덤 혜택_공유데이터: +60GB,https://product.kt.com/wDic/productDetail.do?ItemCode=1681
1681_초이스90_만 18세 이하_삼성,KT,초이스90 (삼성),기타,만 18세 이하 안심박스,,,,,False,,제공 혜택_스쿨덤 혜택_추가 혜택: 안심박스 자세히보기,https://product.kt.com/wDic/productDetail.do?ItemCode=1681
1681_초이스90_만 18세 이하_디바이스,KT,초이스90 (디바이스),스마트기기,디바이스,,,,,True,초이스 (택1),유튜브 프리미엄 2) / 넷플릭스 / 디즈니+ / 티빙/지니/밀리 / 폰케어 / 삼성 / 디바이스 / 가전구독 / 위버스,https://product.kt.com/wDic/productDetail.do?ItemCode=1681
1681_초이스90_만 18세 이하_디바이스,KT,초이스90 (디바이스),멤버십,멤버십 VIP,,,,,False,,멤버십: VIP,https://product.kt.com/wDic/productDetail.do?ItemCode=1681
1681_초이스90_만 18세 이하_디바이스,KT,초이스90 (디바이스),스마트기기,스마트기기 또는 데이터 쉐어링 데이터 쉐어링 1회선 할인,,,,,False,,스마트기기 또는 데이터 쉐어링: 데이터 쉐어링 1회선 할인,https://product.kt.com/wDic/productDetail.do?ItemCode=1681
1681_초이스90_만 18세 이하_디바이스,KT,초이스90 (디바이스),추가데이터,공유데이터 60GB,,,,,False,,공유데이터: 60GB,https://product.kt.com/wDic/productDetail.do?ItemCode=1681
1681_초이스90_만 18세 이하_디바이스,KT,초이스90 (디바이스),추가데이터,만 18세 이하 +60GB,,,,,False,,제공 혜택_스쿨덤 혜택_공유데이터: +60GB,https://product.kt.com/wDic/productDetail.do?ItemCode=1681
1681_초이스90_만 18세 이하_디바이스,KT,초이스90 (디바이스),기타,만 18세 이하 안심박스,,,,,False,,제공 혜택_스쿨덤 혜택_추가 혜택: 안심박스 자세히보기,https://product.kt.com/wDic/productDetail.do?ItemCode=1681
1681_초이스90_만 18세 이하_가전구독,KT,초이스90 (가전구독),OTT/구독,가전구독,가전구독,,,,True,초이스 (택1),유튜브 프리미엄 2) / 넷플릭스 / 디즈니+ / 티빙/지니/밀리 / 폰케어 / 삼성 / 디바이스 / 가전구독 / 위버스,https://product.kt.com/wDic/productDetail.do?ItemCode=1681
1681_초이스90_만 18세 이하_가전구독,KT,초이스90 (가전구독),멤버십,멤버십 VIP,,,,,False,,멤버십: VIP,https://product.kt.com/wDic/productDetail.do?ItemCode=1681
1681_초이스90_만 18세 이하_가전구독,KT,초이스90 (가전구독),스마트기기,스마트기기 또는 데이터 쉐어링 데이터 쉐어링 1회선 할인,,,,,False,,스마트기기 또는 데이터 쉐어링: 데이터 쉐어링 1회선 할인,https://product.kt.com/wDic/productDetail.do?ItemCode=1681
1681_초이스90_만 18세 이하_가전구독,KT,초이스90 (가전구독),추가데이터,공유데이터 60GB,,,,,False,,공유데이터: 60GB,https://product.kt.com/wDic/productDetail.do?ItemCode=1681
1681_초이스90_만 18세 이하_가전구독,KT,초이스90 (가전구독),추가데이터,만 18세 이하 +60GB,,,,,False,,제공 혜택_스쿨덤 혜택_공유데이터: +60GB,https://product.kt.com/wDic/productDetail.do?ItemCode=1681
1681_초이스90_만 18세 이하_가전구독,KT,초이스90 (가전구독),기타,만 18세 이하 안심박스,,,,,False,,제공 혜택_스쿨덤 혜택_추가 혜택: 안심박스 자세히보기,https://product.kt.com/wDic/productDetail.do?ItemCode=1681
1681_초이스90_만 18세 이하_위버스,KT,초이스90 (위버스),OTT/구독,위버스,위버스,,,,True,초이스 (택1),유튜브 프리미엄 2) / 넷플릭스 / 디즈니+ / 티빙/지니/밀리 / 폰케어 / 삼성 / 디바이스 / 가전구독 / 위버스,https://product.kt.com/wDic/productDetail.do?ItemCode=1681
1681_초이스90_만 18세 이하_위버스,KT,초이스90 (위버스),멤버십,멤버십 VIP,,,,,False,,멤버십: VIP,https://product.kt.com/wDic/productDetail.do?ItemCode=1681
1681_초이스90_만 18세 이하_위버스,KT,초이스90 (위버스),스마트기기,스마트기기 또는 데이터 쉐어링 데이터 쉐어링 1회선 할인,,,,,False,,스마트기기 또는 데이터 쉐어링: 데이터 쉐어링 1회선 할인,https://product.kt.com/wDic/productDetail.do?ItemCode=1681
1681_초이스90_만 18세 이하_위버스,KT,초이스90 (위버스),추가데이터,공유데이터 60GB,,,,,False,,공유데이터: 60GB,https://product.kt.com/wDic/productDetail.do?ItemCode=1681
1681_초이스90_만 18세 이하_위버스,KT,초이스90 (위버스),추가데이터,만 18세 이하 +60GB,,,,,False,,제공 혜택_스쿨덤 혜택_공유데이터: +60GB,https://product.kt.com/wDic/productDetail.do?ItemCode=1681
1681_초이스90_만 18세 이하_위버스,KT,초이스90 (위버스),기타,만 18세 이하 안심박스,,,,,False,,제공 혜택_스쿨덤 혜택_추가 혜택: 안심박스 자세히보기,https://product.kt.com/wDic/productDetail.do?ItemCode=1681
1681_초이스130_만 65세 이상_유튜브프리미엄,KT,초이스130 (유튜브 프리미엄),OTT/구독,유튜브 프리미엄,유튜브 프리미엄,,,,True,초이스 (택1),유튜브 프리미엄 2) / 넷플릭스 / 디즈니+ / 티빙/지니/밀리 / 폰케어 / 삼성 / 디바이스 / 가전구독 / 위버스,https://product.kt.com/wDic/productDetail.do?ItemCode=1681
1681_초이스130_만 65세 이상_유튜브프리미엄,KT,초이스130 (유튜브 프리미엄),OTT/구독,지니뮤직,지니뮤직,,,,True,플러스 (택1),지니뮤직 / 밀리의서재 / 쇼핑라운지 할인쿠폰 5천원권 / 모아진,https://product.kt.com/wDic/productDetail.do?ItemCode=1681
1681_초이스130_만 65세 이상_유튜브프리미엄,KT,초이스130 (유튜브 프리미엄),OTT/구독,밀리의서재,밀리의서재,,,,True,플러스 (택1),지니뮤직 / 밀리의서재 / 쇼핑라운지 할인쿠폰 5천원권 / 모아진,https://product.kt.com/wDic/productDetail.do?ItemCode=1681
1681_초이스130_만 65세 이상_유튜브프리미엄,KT,초이스130 (유튜브 프리미엄),사은품/페이백,쇼핑라운지 할인쿠폰 5천원권,,,,,True,플러스 (택1),지니뮤직 / 밀리의서재 / 쇼핑라운지 할인쿠폰 5천원권 / 모아진,https://product.kt.com/wDic/productDetail.do?ItemCode=1681
1681_초이스130_만 65세 이상_유튜브프리미엄,KT,초이스130 (유튜브 프리미엄),OTT/구독,모아진,,,,,True,플러스 (택1),지니뮤직 / 밀리의서재 / 쇼핑라운지 할인쿠폰 5천원권 / 모아진,https://product.kt.com/wDic/productDetail.do?ItemCode=1681
1681_초이스130_만 65세 이상_유튜브프리미엄,KT,초이스130 (유튜브 프리미엄),멤버십,멤버십 VVIP,,,,,False,,멤버십: VVIP,https://product.kt.com/wDic/productDetail.do?ItemCode=1681
1681_초이스130_만 65세 이상_유튜브프리미엄,KT,초이스130 (유튜브 프리미엄),기타,"단말보험 최대 4,500원 할인 3)",,,,,False,,"단말보험: 최대 4,500원 할인 3)",https://product.kt.com/wDic/productDetail.do?ItemCode=1681
1681_초이스130_만 65세 이상_유튜브프리미엄,KT,초이스130 (유튜브 프리미엄),스마트기기,스마트기기 또는 데이터 쉐어링 스마트기기 월정액 2회선 / 데이터 쉐어링 1회선 할인,,,,,False,,스마트기기 또는 데이터 쉐어링: 스마트기기 월정액 2회선 / 데이터 쉐어링 1회선 할인,https://product.kt.com/wDic/productDetail.do?ItemCode=1681
1681_초이스130_만 65세 이상_유튜브프리미엄,KT,초이스130 (유튜브 프리미엄),추가데이터,공유데이터 100GB,,,,,False,,공유데이터: 100GB,https://product.kt.com/wDic/productDetail.do?ItemCode=1681
1681_초이스130_만 65세 이상_유튜브프리미엄,KT,초이스130 (유튜브 프리미엄),추가데이터,만 65세 이상 +50GB,,,,,False,,제공 혜택_65+덤 혜택_공유데이터: +50GB,https://product.kt.com/wDic/productDetail.do?ItemCode=1681
1681_초이스130_만 65세 이상_유튜브프리미엄,KT,초이스130 (유튜브 프리미엄),기타,만 65세 이상 안심박스,,,,,False,,제공 혜택_65+덤 혜택_추가 혜택: 안심박스 자세히보기,https://product.kt.com/wDic/productDetail.do?ItemCode=1681
1681_초이스130_만 65세 이상_넷플릭스,KT,초이스130 (넷플릭스),OTT/구독,넷플릭스,넷플릭스,,,,True,초이스 (택1),유튜브 프리미엄 2) / 넷플릭스 / 디즈니+ / 티빙/지니/밀리 / 폰케어 / 삼성 / 디바이스 / 가전구독 / 위버스,https://product.kt.com/wDic/productDetail.do?ItemCode=1681
1681_초이스130_만 65세 이상_넷플릭스,KT,초이스130 (넷플릭스),OTT/구독,지니뮤직,지니뮤직,,,,True,플러스 (택1),지니뮤직 / 밀리의서재 / 쇼핑라운지 할인쿠폰 5천원권 / 모아진,https://product.kt.com/wDic/productDetail.do?ItemCode=1681
1681_초이스130_만 65세 이상_넷플릭스,KT,초이스130 (넷플릭스),OTT/구독,밀리의서재,밀리의서재,,,,True,플러스 (택1),지니뮤직 / 밀리의서재 / 쇼핑라운지 할인쿠폰 5천원권 / 모아진,https://product.kt.com/wDic/productDetail.do?ItemCode=1681
1681_초이스130_만 65세 이상_넷플릭스,KT,초이스130 (넷플릭스),사은품/페이백,쇼핑라운지 할인쿠폰 5천원권,,,,,True,플러스 (택1),지니뮤직 / 밀리의서재 / 쇼핑라운지 할인쿠폰 5천원권 / 모아진,https://product.kt.com/wDic/productDetail.do?ItemCode=1681
1681_초이스130_만 65세 이상_넷플릭스,KT,초이스130 (넷플릭스),OTT/구독,모아진,,,,,True,플러스 (택1),지니뮤직 / 밀리의서재 / 쇼핑라운지 할인쿠폰 5천원권 / 모아진,https://product.kt.com/wDic/productDetail.do?ItemCode=1681
1681_초이스130_만 65세 이상_넷플릭스,KT,초이스130 (넷플릭스),멤버십,멤버십 VVIP,,,,,False,,멤버십: VVIP,https://product.kt.com/wDic/productDetail.do?ItemCode=1681
1681_초이스130_만 65세 이상_넷플릭스,KT,초이스130 (넷플릭스),기타,"단말보험 최대 4,500원 할인 3)",,,,,False,,"단말보험: 최대 4,500원 할인 3)",https://product.kt.com/wDic/productDetail.do?ItemCode=1681
1681_초이스130_만 65세 이상_넷플릭스,KT,초이스130 (넷플릭스),스마트기기,스마트기기 또는 데이터 쉐어링 스마트기기 월정액 2회선 / 데이터 쉐어링 1회선 할인,,,,,False,,스마트기기 또는 데이터 쉐어링: 스마트기기 월정액 2회선 / 데이터 쉐어링 1회선 할인,https://product.kt.com/wDic/productDetail.do?ItemCode=1681
1681_초이스130_만 65세 이상_넷플릭스,KT,초이스130 (넷플릭스),추가데이터,공유데이터 100GB,,,,,False,,공유데이터: 100GB,https://product.kt.com/wDic/productDetail.do?ItemCode=1681
1681_초이스130_만 65세 이상_넷플릭스,KT,초이스130 (넷플릭스),추가데이터,만 65세 이상 +50GB,,,,,False,,제공 혜택_65+덤 혜택_공유데이터: +50GB,https://product.kt.com/wDic/productDetail.do?ItemCode=1681
1681_초이스130_만 65세 이상_넷플릭스,KT,초이스130 (넷플릭스),기타,만 65세 이상 안심박스,,,,,False,,제공 혜택_65+덤 혜택_추가 혜택: 안심박스 자세히보기,https://product.kt.com/wDic/productDetail.do?ItemCode=1681
1681_초이스130_만 65세 이상_디즈니+,KT,초이스130 (디즈니+),OTT/구독,디즈니+,디즈니+,,,,True,초이스 (택1),유튜브 프리미엄 2) / 넷플릭스 / 디즈니+ / 티빙/지니/밀리 / 폰케어 / 삼성 / 디바이스 / 가전구독 / 위버스,https://product.kt.com/wDic/productDetail.do?ItemCode=1681
1681_초이스130_만 65세 이상_디즈니+,KT,초이스130 (디즈니+),OTT/구독,지니뮤직,지니뮤직,,,,True,플러스 (택1),지니뮤직 / 밀리의서재 / 쇼핑라운지 할인쿠폰 5천원권 / 모아진,https://product.kt.com/wDic/productDetail.do?ItemCode=1681
1681_초이스130_만 65세 이상_디즈니+,KT,초이스130 (디즈니+),OTT/구독,밀리의서재,밀리의서재,,,,True,플러스 (택1),지니뮤직 / 밀리의서재 / 쇼핑라운지 할인쿠폰 5천원권 / 모아진,https://product.kt.com/wDic/productDetail.do?ItemCode=1681
1681_초이스130_만 65세 이상_디즈니+,KT,초이스130 (디즈니+),사은품/페이백,쇼핑라운지 할인쿠폰 5천원권,,,,,True,플러스 (택1),지니뮤직 / 밀리의서재 / 쇼핑라운지 할인쿠폰 5천원권 / 모아진,https://product.kt.com/wDic/productDetail.do?ItemCode=1681
1681_초이스130_만 65세 이상_디즈니+,KT,초이스130 (디즈니+),OTT/구독,모아진,,,,,True,플러스 (택1),지니뮤직 / 밀리의서재 / 쇼핑라운지 할인쿠폰 5천원권 / 모아진,https://product.kt.com/wDic/productDetail.do?ItemCode=1681
1681_초이스130_만 65세 이상_디즈니+,KT,초이스130 (디즈니+),멤버십,멤버십 VVIP,,,,,False,,멤버십: VVIP,https://product.kt.com/wDic/productDetail.do?ItemCode=1681
1681_초이스130_만 65세 이상_디즈니+,KT,초이스130 (디즈니+),기타,"단말보험 최대 4,500원 할인 3)",,,,,False,,"단말보험: 최대 4,500원 할인 3)",https://product.kt.com/wDic/productDetail.do?ItemCode=1681
1681_초이스130_만 65세 이상_디즈니+,KT,초이스130 (디즈니+),스마트기기,스마트기기 또는 데이터 쉐어링 스마트기기 월정액 2회선 / 데이터 쉐어링 1회선 할인,,,,,False,,스마트기기 또는 데이터 쉐어링: 스마트기기 월정액 2회선 / 데이터 쉐어링 1회선 할인,https://product.kt.com/wDic/productDetail.do?ItemCode=1681
1681_초이스130_만 65세 이상_디즈니+,KT,초이스130 (디즈니+),추가데이터,공유데이터 100GB,,,,,False,,공유데이터: 100GB,https://product.kt.com/wDic/productDetail.do?ItemCode=1681
1681_초이스130_만 65세 이상_디즈니+,KT,초이스130 (디즈니+),추가데이터,만 65세 이상 +50GB,,,,,False,,제공 혜택_65+덤 혜택_공유데이터: +50GB,https://product.kt.com/wDic/productDetail.do?ItemCode=1681
1681_초이스130_만 65세 이상_디즈니+,KT,초이스130 (디즈니+),기타,만 65세 이상 안심박스,,,,,False,,제공 혜택_65+덤 혜택_추가 혜택: 안심박스 자세히보기,https://product.kt.com/wDic/productDetail.do?ItemCode=1681
1681_초이스130_만 65세 이상_티빙/지니/밀리,KT,초이스130 (티빙/지니/밀리),OTT/구독,티빙/지니/밀리,티빙,,,,True,초이스 (택1),유튜브 프리미엄 2) / 넷플릭스 / 디즈니+ / 티빙/지니/밀리 / 폰케어 / 삼성 / 디바이스 / 가전구독 / 위버스,https://product.kt.com/wDic/productDetail.do?ItemCode=1681
1681_초이스130_만 65세 이상_티빙/지니/밀리,KT,초이스130 (티빙/지니/밀리),OTT/구독,지니뮤직,지니뮤직,,,,True,플러스 (택1),지니뮤직 / 밀리의서재 / 쇼핑라운지 할인쿠폰 5천원권 / 모아진,https://product.kt.com/wDic/productDetail.do?ItemCode=1681
1681_초이스130_만 65세 이상_티빙/지니/밀리,KT,초이스130 (티빙/지니/밀리),OTT/구독,밀리의서재,밀리의서재,,,,True,플러스 (택1),지니뮤직 / 밀리의서재 / 쇼핑라운지 할인쿠폰 5천원권 / 모아진,https://product.kt.com/wDic/productDetail.do?ItemCode=1681
1681_초이스130_만 65세 이상_티빙/지니/밀리,KT,초이스130 (티빙/지니/밀리),사은품/페이백,쇼핑라운지 할인쿠폰 5천원권,,,,,True,플러스 (택1),지니뮤직 / 밀리의서재 / 쇼핑라운지 할인쿠폰 5천원권 / 모아진,https://product.kt.com/wDic/productDetail.do?ItemCode=1681
1681_초이스130_만 65세 이상_티빙/지니/밀리,KT,초이스130 (티빙/지니/밀리),OTT/구독,모아진,,,,,True,플러스 (택1),지니뮤직 / 밀리의서재 / 쇼핑라운지 할인쿠폰 5천원권 / 모아진,https://product.kt.com/wDic/productDetail.do?ItemCode=1681
1681_초이스130_만 65세 이상_티빙/지니/밀리,KT,초이스130 (티빙/지니/밀리),멤버십,멤버십 VVIP,,,,,False,,멤버십: VVIP,https://product.kt.com/wDic/productDetail.do?ItemCode=1681
1681_초이스130_만 65세 이상_티빙/지니/밀리,KT,초이스130 (티빙/지니/밀리),기타,"단말보험 최대 4,500원 할인 3)",,,,,False,,"단말보험: 최대 4,500원 할인 3)",https://product.kt.com/wDic/productDetail.do?ItemCode=1681
1681_초이스130_만 65세 이상_티빙/지니/밀리,KT,초이스130 (티빙/지니/밀리),스마트기기,스마트기기 또는 데이터 쉐어링 스마트기기 월정액 2회선 / 데이터 쉐어링 1회선 할인,,,,,False,,스마트기기 또는 데이터 쉐어링: 스마트기기 월정액 2회선 / 데이터 쉐어링 1회선 할인,https://product.kt.com/wDic/productDetail.do?ItemCode=1681
1681_초이스130_만 65세 이상_티빙/지니/밀리,KT,초이스130 (티빙/지니/밀리),추가데이터,공유데이터 100GB,,,,,False,,공유데이터: 100GB,https://product.kt.com/wDic/productDetail.do?ItemCode=1681
1681_초이스130_만 65세 이상_티빙/지니/밀리,KT,초이스130 (티빙/지니/밀리),추가데이터,만 65세 이상 +50GB,,,,,False,,제공 혜택_65+덤 혜택_공유데이터: +50GB,https://product.kt.com/wDic/productDetail.do?ItemCode=1681
1681_초이스130_만 65세 이상_티빙/지니/밀리,KT,초이스130 (티빙/지니/밀리),기타,만 65세 이상 안심박스,,,,,False,,제공 혜택_65+덤 혜택_추가 혜택: 안심박스 자세히보기,https://product.kt.com/wDic/productDetail.do?ItemCode=1681
1681_초이스130_만 65세 이상_폰케어,KT,초이스130 (폰케어),기타,폰케어,폰케어,,,,True,초이스 (택1),유튜브 프리미엄 2) / 넷플릭스 / 디즈니+ / 티빙/지니/밀리 / 폰케어 / 삼성 / 디바이스 / 가전구독 / 위버스,https://product.kt.com/wDic/productDetail.do?ItemCode=1681
1681_초이스130_만 65세 이상_폰케어,KT,초이스130 (폰케어),OTT/구독,지니뮤직,지니뮤직,,,,True,플러스 (택1),지니뮤직 / 밀리의서재 / 쇼핑라운지 할인쿠폰 5천원권 / 모아진,https://product.kt.com/wDic/productDetail.do?ItemCode=1681
1681_초이스130_만 65세 이상_폰케어,KT,초이스130 (폰케어),OTT/구독,밀리의서재,밀리의서재,,,,True,플러스 (택1),지니뮤직 / 밀리의서재 / 쇼핑라운지 할인쿠폰 5천원권 / 모아진,https://product.kt.com/wDic/productDetail.do?ItemCode=1681
1681_초이스130_만 65세 이상_폰케어,KT,초이스130 (폰케어),사은품/페이백,쇼핑라운지 할인쿠폰 5천원권,,,,,True,플러스 (택1),지니뮤직 / 밀리의서재 / 쇼핑라운지 할인쿠폰 5천원권 / 모아진,https://product.kt.com/wDic/productDetail.do?ItemCode=1681
1681_초이스130_만 65세 이상_폰케어,KT,초이스130 (폰케어),OTT/구독,모아진,,,,,True,플러스 (택1),지니뮤직 / 밀리의서재 / 쇼핑라운지 할인쿠폰 5천원권 / 모아진,https://product.kt.com/wDic/productDetail.do?ItemCode=1681
1681_초이스130_만 65세 이상_폰케어,KT,초이스130 (폰케어),멤버십,멤버십 VVIP,,,,,False,,멤버십: VVIP,https://product.kt.com/wDic/productDetail.do?ItemCode=1681
1681_초이스130_만 65세 이상_폰케어,KT,초이스130 (폰케어),기타,"단말보험 최대 4,500원 할인 3)",,,,,False,,"단말보험: 최대 4,500원 할인 3)",https://product.kt.com/wDic/productDetail.do?ItemCode=1681
1681_초이스130_만 65세 이상_폰케어,KT,초이스130 (폰케어),스마트기기,스마트기기 또는 데이터 쉐어링 스마트기기 월정액 2회선 / 데이터 쉐어링 1회선 할인,,,,,False,,스마트기기 또는 데이터 쉐어링: 스마트기기 월정액 2회선 / 데이터 쉐어링 1회선 할인,https://product.kt.com/wDic/productDetail.do?ItemCode=1681
1681_초이스130_만 65세 이상_폰케어,KT,초이스130 (폰케어),추가데이터,공유데이터 100GB,,,,,False,,공유데이터: 100GB,https://product.kt.com/wDic/productDetail.do?ItemCode=1681
1681_초이스130_만 65세 이상_폰케어,KT,초이스130 (폰케어),추가데이터,만 65세 이상 +50GB,,,,,False,,제공 혜택_65+덤 혜택_공유데이터: +50GB,https://product.kt.com/wDic/productDetail.do?ItemCode=1681
1681_초이스130_만 65세 이상_폰케어,KT,초이스130 (폰케어),기타,만 65세 이상 안심박스,,,,,False,,제공 혜택_65+덤 혜택_추가 혜택: 안심박스 자세히보기,https://product.kt.com/wDic/productDetail.do?ItemCode=1681
1681_초이스130_만 65세 이상_삼성,KT,초이스130 (삼성),OTT/구독,삼성,삼성 디바이스,,,,True,초이스 (택1),유튜브 프리미엄 2) / 넷플릭스 / 디즈니+ / 티빙/지니/밀리 / 폰케어 / 삼성 / 디바이스 / 가전구독 / 위버스,https://product.kt.com/wDic/productDetail.do?ItemCode=1681
1681_초이스130_만 65세 이상_삼성,KT,초이스130 (삼성),OTT/구독,지니뮤직,지니뮤직,,,,True,플러스 (택1),지니뮤직 / 밀리의서재 / 쇼핑라운지 할인쿠폰 5천원권 / 모아진,https://product.kt.com/wDic/productDetail.do?ItemCode=1681
1681_초이스130_만 65세 이상_삼성,KT,초이스130 (삼성),OTT/구독,밀리의서재,밀리의서재,,,,True,플러스 (택1),지니뮤직 / 밀리의서재 / 쇼핑라운지 할인쿠폰 5천원권 / 모아진,https://product.kt.com/wDic/productDetail.do?ItemCode=1681
1681_초이스130_만 65세 이상_삼성,KT,초이스130 (삼성),사은품/페이백,쇼핑라운지 할인쿠폰 5천원권,,,,,True,플러스 (택1),지니뮤직 / 밀리의서재 / 쇼핑라운지 할인쿠폰 5천원권 / 모아진,https://product.kt.com/wDic/productDetail.do?ItemCode=1681
1681_초이스130_만 65세 이상_삼성,KT,초이스130 (삼성),OTT/구독,모아진,,,,,True,플러스 (택1),지니뮤직 / 밀리의서재 / 쇼핑라운지 할인쿠폰 5천원권 / 모아진,https://product.kt.com/wDic/productDetail.do?ItemCode=1681
1681_초이스130_만 65세 이상_삼성,KT,초이스130 (삼성),멤버십,멤버십 VVIP,,,,,False,,멤버십: VVIP,https://product.kt.com/wDic/productDetail.do?ItemCode=1681
1681_초이스130_만 65세 이상_삼성,KT,초이스130 (삼성),기타,"단말보험 최대 4,500원 할인 3)",,,,,False,,"단말보험: 최대 4,500원 할인 3)",https://product.kt.com/wDic/productDetail.do?ItemCode=1681
1681_초이스130_만 65세 이상_삼성,KT,초이스130 (삼성),스마트기기,스마트기기 또는 데이터 쉐어링 스마트기기 월정액 2회선 / 데이터 쉐어링 1회선 할인,,,,,False,,스마트기기 또는 데이터 쉐어링: 스마트기기 월정액 2회선 / 데이터 쉐어링 1회선 할인,https://product.kt.com/wDic/productDetail.do?ItemCode=1681
1681_초이스130_만 65세 이상_삼성,KT,초이스130 (삼성),추가데이터,공유데이터 100GB,,,,,False,,공유데이터: 100GB,https://product.kt.com/wDic/productDetail.do?ItemCode=1681
1681_초이스130_만 65세 이상_삼성,KT,초이스130 (삼성),추가데이터,만 65세 이상 +50GB,,,,,False,,제공 혜택_65+덤 혜택_공유데이터: +50GB,https://product.kt.com/wDic/productDetail.do?ItemCode=1681
1681_초이스130_만 65세 이상_삼성,KT,초이스130 (삼성),기타,만 65세 이상 안심박스,,,,,False,,제공 혜택_65+덤 혜택_추가 혜택: 안심박스 자세히보기,https://product.kt.com/wDic/productDetail.do?ItemCode=1681
1681_초이스130_만 65세 이상_디바이스,KT,초이스130 (디바이스),스마트기기,디바이스,,,,,True,초이스 (택1),유튜브 프리미엄 2) / 넷플릭스 / 디즈니+ / 티빙/지니/밀리 / 폰케어 / 삼성 / 디바이스 / 가전구독 / 위버스,https://product.kt.com/wDic/productDetail.do?ItemCode=1681
1681_초이스130_만 65세 이상_디바이스,KT,초이스130 (디바이스),OTT/구독,지니뮤직,지니뮤직,,,,True,플러스 (택1),지니뮤직 / 밀리의서재 / 쇼핑라운지 할인쿠폰 5천원권 / 모아진,https://product.kt.com/wDic/productDetail.do?ItemCode=1681
1681_초이스130_만 65세 이상_디바이스,KT,초이스130 (디바이스),OTT/구독,밀리의서재,밀리의서재,,,,True,플러스 (택1),지니뮤직 / 밀리의서재 / 쇼핑라운지 할인쿠폰 5천원권 / 모아진,https://product.kt.com/wDic/productDetail.do?ItemCode=1681
1681_초이스130_만 65세 이상_디바이스,KT,초이스130 (디바이스),사은품/페이백,쇼핑라운지 할인쿠폰 5천원권,,,,,True,플러스 (택1),지니뮤직 / 밀리의서재 / 쇼핑라운지 할인쿠폰 5천원권 / 모아진,https://product.kt.com/wDic/productDetail.do?ItemCode=1681
1681_초이스130_만 65세 이상_디바이스,KT,초이스130 (디바이스),OTT/구독,모아진,,,,,True,플러스 (택1),지니뮤직 / 밀리의서재 / 쇼핑라운지 할인쿠폰 5천원권 / 모아진,https://product.kt.com/wDic/productDetail.do?ItemCode=1681
1681_초이스130_만 65세 이상_디바이스,KT,초이스130 (디바이스),멤버십,멤버십 VVIP,,,,,False,,멤버십: VVIP,https://product.kt.com/wDic/productDetail.do?ItemCode=1681
1681_초이스130_만 65세 이상_디바이스,KT,초이스130 (디바이스),기타,"단말보험 최대 4,500원 할인 3)",,,,,False,,"단말보험: 최대 4,500원 할인 3)",https://product.kt.com/wDic/productDetail.do?ItemCode=1681
1681_초이스130_만 65세 이상_디바이스,KT,초이스130 (디바이스),스마트기기,스마트기기 또는 데이터 쉐어링 스마트기기 월정액 2회선 / 데이터 쉐어링 1회선 할인,,,,,False,,스마트기기 또는 데이터 쉐어링: 스마트기기 월정액 2회선 / 데이터 쉐어링 1회선 할인,https://product.kt.com/wDic/productDetail.do?ItemCode=1681
1681_초이스130_만 65세 이상_디바이스,KT,초이스130 (디바이스),추가데이터,공유데이터 100GB,,,,,False,,공유데이터: 100GB,https://product.kt.com/wDic/productDetail.do?ItemCode=1681
1681_초이스130_만 65세 이상_디바이스,KT,초이스130 (디바이스),추가데이터,만 65세 이상 +50GB,,,,,False,,제공 혜택_65+덤 혜택_공유데이터: +50GB,https://product.kt.com/wDic/productDetail.do?ItemCode=1681
1681_초이스130_만 65세 이상_디바이스,KT,초이스130 (디바이스),기타,만 65세 이상 안심박스,,,,,False,,제공 혜택_65+덤 혜택_추가 혜택: 안심박스 자세히보기,https://product.kt.com/wDic/productDetail.do?ItemCode=1681
1681_초이스130_만 65세 이상_가전구독,KT,초이스130 (가전구독),OTT/구독,가전구독,가전구독,,,,True,초이스 (택1),유튜브 프리미엄 2) / 넷플릭스 / 디즈니+ / 티빙/지니/밀리 / 폰케어 / 삼성 / 디바이스 / 가전구독 / 위버스,https://product.kt.com/wDic/productDetail.do?ItemCode=1681
1681_초이스130_만 65세 이상_가전구독,KT,초이스130 (가전구독),OTT/구독,지니뮤직,지니뮤직,,,,True,플러스 (택1),지니뮤직 / 밀리의서재 / 쇼핑라운지 할인쿠폰 5천원권 / 모아진,https://product.kt.com/wDic/productDetail.do?ItemCode=1681
1681_초이스130_만 65세 이상_가전구독,KT,초이스130 (가전구독),OTT/구독,밀리의서재,밀리의서재,,,,True,플러스 (택1),지니뮤직 / 밀리의서재 / 쇼핑라운지 할인쿠폰 5천원권 / 모아진,https://product.kt.com/wDic/productDetail.do?ItemCode=1681
1681_초이스130_만 65세 이상_가전구독,KT,초이스130 (가전구독),사은품/페이백,쇼핑라운지 할인쿠폰 5천원권,,,,,True,플러스 (택1),지니뮤직 / 밀리의서재 / 쇼핑라운지 할인쿠폰 5천원권 / 모아진,https://product.kt.com/wDic/productDetail.do?ItemCode=1681
1681_초이스130_만 65세 이상_가전구독,KT,초이스130 (가전구독),OTT/구독,모아진,,,,,True,플러스 (택1),지니뮤직 / 밀리의서재 / 쇼핑라운지 할인쿠폰 5천원권 / 모아진,https://product.kt.com/wDic/productDetail.do?ItemCode=1681
1681_초이스130_만 65세 이상_가전구독,KT,초이스130 (가전구독),멤버십,멤버십 VVIP,,,,,False,,멤버십: VVIP,https://product.kt.com/wDic/productDetail.do?ItemCode=1681
1681_초이스130_만 65세 이상_가전구독,KT,초이스130 (가전구독),기타,"단말보험 최대 4,500원 할인 3)",,,,,False,,"단말보험: 최대 4,500원 할인 3)",https://product.kt.com/wDic/productDetail.do?ItemCode=1681
1681_초이스130_만 65세 이상_가전구독,KT,초이스130 (가전구독),스마트기기,스마트기기 또는 데이터 쉐어링 스마트기기 월정액 2회선 / 데이터 쉐어링 1회선 할인,,,,,False,,스마트기기 또는 데이터 쉐어링: 스마트기기 월정액 2회선 / 데이터 쉐어링 1회선 할인,https://product.kt.com/wDic/productDetail.do?ItemCode=1681
1681_초이스130_만 65세 이상_가전구독,KT,초이스130 (가전구독),추가데이터,공유데이터 100GB,,,,,False,,공유데이터: 100GB,https://product.kt.com/wDic/productDetail.do?ItemCode=1681
1681_초이스130_만 65세 이상_가전구독,KT,초이스130 (가전구독),추가데이터,만 65세 이상 +50GB,,,,,False,,제공 혜택_65+덤 혜택_공유데이터: +50GB,https://product.kt.com/wDic/productDetail.do?ItemCode=1681
1681_초이스130_만 65세 이상_가전구독,KT,초이스130 (가전구독),기타,만 65세 이상 안심박스,,,,,False,,제공 혜택_65+덤 혜택_추가 혜택: 안심박스 자세히보기,https://product.kt.com/wDic/productDetail.do?ItemCode=1681
1681_초이스130_만 65세 이상_위버스,KT,초이스130 (위버스),OTT/구독,위버스,위버스,,,,True,초이스 (택1),유튜브 프리미엄 2) / 넷플릭스 / 디즈니+ / 티빙/지니/밀리 / 폰케어 / 삼성 / 디바이스 / 가전구독 / 위버스,https://product.kt.com/wDic/productDetail.do?ItemCode=1681
1681_초이스130_만 65세 이상_위버스,KT,초이스130 (위버스),OTT/구독,지니뮤직,지니뮤직,,,,True,플러스 (택1),지니뮤직 / 밀리의서재 / 쇼핑라운지 할인쿠폰 5천원권 / 모아진,https://product.kt.com/wDic/productDetail.do?ItemCode=1681
1681_초이스130_만 65세 이상_위버스,KT,초이스130 (위버스),OTT/구독,밀리의서재,밀리의서재,,,,True,플러스 (택1),지니뮤직 / 밀리의서재 / 쇼핑라운지 할인쿠폰 5천원권 / 모아진,https://product.kt.com/wDic/productDetail.do?ItemCode=1681
1681_초이스130_만 65세 이상_위버스,KT,초이스130 (위버스),사은품/페이백,쇼핑라운지 할인쿠폰 5천원권,,,,,True,플러스 (택1),지니뮤직 / 밀리의서재 / 쇼핑라운지 할인쿠폰 5천원권 / 모아진,https://product.kt.com/wDic/productDetail.do?ItemCode=1681
1681_초이스130_만 65세 이상_위버스,KT,초이스130 (위버스),OTT/구독,모아진,,,,,True,플러스 (택1),지니뮤직 / 밀리의서재 / 쇼핑라운지 할인쿠폰 5천원권 / 모아진,https://product.kt.com/wDic/productDetail.do?ItemCode=1681
1681_초이스130_만 65세 이상_위버스,KT,초이스130 (위버스),멤버십,멤버십 VVIP,,,,,False,,멤버십: VVIP,https://product.kt.com/wDic/productDetail.do?ItemCode=1681
1681_초이스130_만 65세 이상_위버스,KT,초이스130 (위버스),기타,"단말보험 최대 4,500원 할인 3)",,,,,False,,"단말보험: 최대 4,500원 할인 3)",https://product.kt.com/wDic/productDetail.do?ItemCode=1681
1681_초이스130_만 65세 이상_위버스,KT,초이스130 (위버스),스마트기기,스마트기기 또는 데이터 쉐어링 스마트기기 월정액 2회선 / 데이터 쉐어링 1회선 할인,,,,,False,,스마트기기 또는 데이터 쉐어링: 스마트기기 월정액 2회선 / 데이터 쉐어링 1회선 할인,https://product.kt.com/wDic/productDetail.do?ItemCode=1681
1681_초이스130_만 65세 이상_위버스,KT,초이스130 (위버스),추가데이터,공유데이터 100GB,,,,,False,,공유데이터: 100GB,https://product.kt.com/wDic/productDetail.do?ItemCode=1681
1681_초이스130_만 65세 이상_위버스,KT,초이스130 (위버스),추가데이터,만 65세 이상 +50GB,,,,,False,,제공 혜택_65+덤 혜택_공유데이터: +50GB,https://product.kt.com/wDic/productDetail.do?ItemCode=1681
1681_초이스130_만 65세 이상_위버스,KT,초이스130 (위버스),기타,만 65세 이상 안심박스,,,,,False,,제공 혜택_65+덤 혜택_추가 혜택: 안심박스 자세히보기,https://product.kt.com/wDic/productDetail.do?ItemCode=1681
1681_초이스110_만 65세 이상_유튜브프리미엄,KT,초이스110 (유튜브 프리미엄),OTT/구독,유튜브 프리미엄,유튜브 프리미엄,,,,True,초이스 (택1),유튜브 프리미엄 2) / 넷플릭스 / 디즈니+ / 티빙/지니/밀리 / 폰케어 / 삼성 / 디바이스 / 가전구독 / 위버스,https://product.kt.com/wDic/productDetail.do?ItemCode=1681
1681_초이스110_만 65세 이상_유튜브프리미엄,KT,초이스110 (유튜브 프리미엄),OTT/구독,지니뮤직,지니뮤직,,,,True,플러스 (택1),지니뮤직 / 밀리의서재 / 쇼핑라운지 할인쿠폰 5천원권 / 모아진,https://product.kt.com/wDic/productDetail.do?ItemCode=1681
1681_초이스110_만 65세 이상_유튜브프리미엄,KT,초이스110 (유튜브 프리미엄),OTT/구독,밀리의서재,밀리의서재,,,,True,플러스 (택1),지니뮤직 / 밀리의서재 / 쇼핑라운지 할인쿠폰 5천원권 / 모아진,https://product.kt.com/wDic/productDetail.do?ItemCode=1681
1681_초이스110_만 65세 이상_유튜브프리미엄,KT,초이스110 (유튜브 프리미엄),사은품/페이백,쇼핑라운지 할인쿠폰 5천원권,,,,,True,플러스 (택1),지니뮤직 / 밀리의서재 / 쇼핑라운지 할인쿠폰 5천원권 / 모아진,https://product.kt.com/wDic/productDetail.do?ItemCode=1681
1681_초이스110_만 65세 이상_유튜브프리미엄,KT,초이스110 (유튜브 프리미엄),OTT/구독,모아진,,,,,True,플러스 (택1),지니뮤직 / 밀리의서재 / 쇼핑라운지 할인쿠폰 5천원권 / 모아진,https://product.kt.com/wDic/productDetail.do?ItemCode=1681
1681_초이스110_만 65세 이상_유튜브프리미엄,KT,초이스110 (유튜브 프리미엄),멤버십,멤버십 VVIP,,,,,False,,멤버십: VVIP,https://product.kt.com/wDic/productDetail.do?ItemCode=1681
1681_초이스110_만 65세 이상_유튜브프리미엄,KT,초이스110 (유튜브 프리미엄),기타,"단말보험 최대 4,500원 할인 3)",,,,,False,,"단말보험: 최대 4,500원 할인 3)",https://product.kt.com/wDic/productDetail.do?ItemCode=1681
1681_초이스110_만 65세 이상_유튜브프리미엄,KT,초이스110 (유튜브 프리미엄),스마트기기,스마트기기 또는 데이터 쉐어링 스마트기기 월정액 / 데이터 쉐어링 각 1회선 할인,,,,,False,,스마트기기 또는 데이터 쉐어링: 스마트기기 월정액 / 데이터 쉐어링 각 1회선 할인,https://product.kt.com/wDic/productDetail.do?ItemCode=1681
1681_초이스110_만 65세 이상_유튜브프리미엄,KT,초이스110 (유튜브 프리미엄),추가데이터,공유데이터 80GB,,,,,False,,공유데이터: 80GB,https://product.kt.com/wDic/productDetail.do?ItemCode=1681
1681_초이스110_만 65세 이상_유튜브프리미엄,KT,초이스110 (유튜브 프리미엄),추가데이터,만 65세 이상 +40GB,,,,,False,,제공 혜택_65+덤 혜택_공유데이터: +40GB,https://product.kt.com/wDic/productDetail.do?ItemCode=1681
1681_초이스110_만 65세 이상_유튜브프리미엄,KT,초이스110 (유튜브 프리미엄),기타,만 65세 이상 안심박스,,,,,False,,제공 혜택_65+덤 혜택_추가 혜택: 안심박스 자세히보기,https://product.kt.com/wDic/productDetail.do?ItemCode=1681
1681_초이스110_만 65세 이상_넷플릭스,KT,초이스110 (넷플릭스),OTT/구독,넷플릭스,넷플릭스,,,,True,초이스 (택1),유튜브 프리미엄 2) / 넷플릭스 / 디즈니+ / 티빙/지니/밀리 / 폰케어 / 삼성 / 디바이스 / 가전구독 / 위버스,https://product.kt.com/wDic/productDetail.do?ItemCode=1681
1681_초이스110_만 65세 이상_넷플릭스,KT,초이스110 (넷플릭스),OTT/구독,지니뮤직,지니뮤직,,,,True,플러스 (택1),지니뮤직 / 밀리의서재 / 쇼핑라운지 할인쿠폰 5천원권 / 모아진,https://product.kt.com/wDic/productDetail.do?ItemCode=1681
1681_초이스110_만 65세 이상_넷플릭스,KT,초이스110 (넷플릭스),OTT/구독,밀리의서재,밀리의서재,,,,True,플러스 (택1),지니뮤직 / 밀리의서재 / 쇼핑라운지 할인쿠폰 5천원권 / 모아진,https://product.kt.com/wDic/productDetail.do?ItemCode=1681
1681_초이스110_만 65세 이상_넷플릭스,KT,초이스110 (넷플릭스),사은품/페이백,쇼핑라운지 할인쿠폰 5천원권,,,,,True,플러스 (택1),지니뮤직 / 밀리의서재 / 쇼핑라운지 할인쿠폰 5천원권 / 모아진,https://product.kt.com/wDic/productDetail.do?ItemCode=1681
1681_초이스110_만 65세 이상_넷플릭스,KT,초이스110 (넷플릭스),OTT/구독,모아진,,,,,True,플러스 (택1),지니뮤직 / 밀리의서재 / 쇼핑라운지 할인쿠폰 5천원권 / 모아진,https://product.kt.com/wDic/productDetail.do?ItemCode=1681
1681_초이스110_만 65세 이상_넷플릭스,KT,초이스110 (넷플릭스),멤버십,멤버십 VVIP,,,,,False,,멤버십: VVIP,https://product.kt.com/wDic/productDetail.do?ItemCode=1681
1681_초이스110_만 65세 이상_넷플릭스,KT,초이스110 (넷플릭스),기타,"단말보험 최대 4,500원 할인 3)",,,,,False,,"단말보험: 최대 4,500원 할인 3)",https://product.kt.com/wDic/productDetail.do?ItemCode=1681
1681_초이스110_만 65세 이상_넷플릭스,KT,초이스110 (넷플릭스),스마트기기,스마트기기 또는 데이터 쉐어링 스마트기기 월정액 / 데이터 쉐어링 각 1회선 할인,,,,,False,,스마트기기 또는 데이터 쉐어링: 스마트기기 월정액 / 데이터 쉐어링 각 1회선 할인,https://product.kt.com/wDic/productDetail.do?ItemCode=1681
1681_초이스110_만 65세 이상_넷플릭스,KT,초이스110 (넷플릭스),추가데이터,공유데이터 80GB,,,,,False,,공유데이터: 80GB,https://product.kt.com/wDic/productDetail.do?ItemCode=1681
1681_초이스110_만 65세 이상_넷플릭스,KT,초이스110 (넷플릭스),추가데이터,만 65세 이상 +40GB,,,,,False,,제공 혜택_65+덤 혜택_공유데이터: +40GB,https://product.kt.com/wDic/productDetail.do?ItemCode=1681
1681_초이스110_만 65세 이상_넷플릭스,KT,초이스110 (넷플릭스),기타,만 65세 이상 안심박스,,,,,False,,제공 혜택_65+덤 혜택_추가 혜택: 안심박스 자세히보기,https://product.kt.com/wDic/productDetail.do?ItemCode=1681
1681_초이스110_만 65세 이상_디즈니+,KT,초이스110 (디즈니+),OTT/구독,디즈니+,디즈니+,,,,True,초이스 (택1),유튜브 프리미엄 2) / 넷플릭스 / 디즈니+ / 티빙/지니/밀리 / 폰케어 / 삼성 / 디바이스 / 가전구독 / 위버스,https://product.kt.com/wDic/productDetail.do?ItemCode=1681
1681_초이스110_만 65세 이상_디즈니+,KT,초이스110 (디즈니+),OTT/구독,지니뮤직,지니뮤직,,,,True,플러스 (택1),지니뮤직 / 밀리의서재 / 쇼핑라운지 할인쿠폰 5천원권 / 모아진,https://product.kt.com/wDic/productDetail.do?ItemCode=1681
1681_초이스110_만 65세 이상_디즈니+,KT,초이스110 (디즈니+),OTT/구독,밀리의서재,밀리의서재,,,,True,플러스 (택1),지니뮤직 / 밀리의서재 / 쇼핑라운지 할인쿠폰 5천원권 / 모아진,https://product.kt.com/wDic/productDetail.do?ItemCode=1681
1681_초이스110_만 65세 이상_디즈니+,KT,초이스110 (디즈니+),사은품/페이백,쇼핑라운지 할인쿠폰 5천원권,,,,,True,플러스 (택1),지니뮤직 / 밀리의서재 / 쇼핑라운지 할인쿠폰 5천원권 / 모아진,https://product.kt.com/wDic/productDetail.do?ItemCode=1681
1681_초이스110_만 65세 이상_디즈니+,KT,초이스110 (디즈니+),OTT/구독,모아진,,,,,True,플러스 (택1),지니뮤직 / 밀리의서재 / 쇼핑라운지 할인쿠폰 5천원권 / 모아진,https://product.kt.com/wDic/productDetail.do?ItemCode=1681
1681_초이스110_만 65세 이상_디즈니+,KT,초이스110 (디즈니+),멤버십,멤버십 VVIP,,,,,False,,멤버십: VVIP,https://product.kt.com/wDic/productDetail.do?ItemCode=1681
1681_초이스110_만 65세 이상_디즈니+,KT,초이스110 (디즈니+),기타,"단말보험 최대 4,500원 할인 3)",,,,,False,,"단말보험: 최대 4,500원 할인 3)",https://product.kt.com/wDic/productDetail.do?ItemCode=1681
1681_초이스110_만 65세 이상_디즈니+,KT,초이스110 (디즈니+),스마트기기,스마트기기 또는 데이터 쉐어링 스마트기기 월정액 / 데이터 쉐어링 각 1회선 할인,,,,,False,,스마트기기 또는 데이터 쉐어링: 스마트기기 월정액 / 데이터 쉐어링 각 1회선 할인,https://product.kt.com/wDic/productDetail.do?ItemCode=1681
1681_초이스110_만 65세 이상_디즈니+,KT,초이스110 (디즈니+),추가데이터,공유데이터 80GB,,,,,False,,공유데이터: 80GB,https://product.kt.com/wDic/productDetail.do?ItemCode=1681
1681_초이스110_만 65세 이상_디즈니+,KT,초이스110 (디즈니+),추가데이터,만 65세 이상 +40GB,,,,,False,,제공 혜택_65+덤 혜택_공유데이터: +40GB,https://product.kt.com/wDic/productDetail.do?ItemCode=1681
1681_초이스110_만 65세 이상_디즈니+,KT,초이스110 (디즈니+),기타,만 65세 이상 안심박스,,,,,False,,제공 혜택_65+덤 혜택_추가 혜택: 안심박스 자세히보기,https://product.kt.com/wDic/productDetail.do?ItemCode=1681
1681_초이스110_만 65세 이상_티빙/지니/밀리,KT,초이스110 (티빙/지니/밀리),OTT/구독,티빙/지니/밀리,티빙,,,,True,초이스 (택1),유튜브 프리미엄 2) / 넷플릭스 / 디즈니+ / 티빙/지니/밀리 / 폰케어 / 삼성 / 디바이스 / 가전구독 / 위버스,https://product.kt.com/wDic/productDetail.do?ItemCode=1681
1681_초이스110_만 65세 이상_티빙/지니/밀리,KT,초이스110 (티빙/지니/밀리),OTT/구독,지니뮤직,지니뮤직,,,,True,플러스 (택1),지니뮤직 / 밀리의서재 / 쇼핑라운지 할인쿠폰 5천원권 / 모아진,https://product.kt.com/wDic/productDetail.do?ItemCode=1681
1681_초이스110_만 65세 이상_티빙/지니/밀리,KT,초이스110 (티빙/지니/밀리),OTT/구독,밀리의서재,밀리의서재,,,,True,플러스 (택1),지니뮤직 / 밀리의서재 / 쇼핑라운지 할인쿠폰 5천원권 / 모아진,https://product.kt.com/wDic/productDetail.do?ItemCode=1681
1681_초이스110_만 65세 이상_티빙/지니/밀리,KT,초이스110 (티빙/지니/밀리),사은품/페이백,쇼핑라운지 할인쿠폰 5천원권,,,,,True,플러스 (택1),지니뮤직 / 밀리의서재 / 쇼핑라운지 할인쿠폰 5천원권 / 모아진,https://product.kt.com/wDic/productDetail.do?ItemCode=1681
1681_초이스110_만 65세 이상_티빙/지니/밀리,KT,초이스110 (티빙/지니/밀리),OTT/구독,모아진,,,,,True,플러스 (택1),지니뮤직 / 밀리의서재 / 쇼핑라운지 할인쿠폰 5천원권 / 모아진,https://product.kt.com/wDic/productDetail.do?ItemCode=1681
1681_초이스110_만 65세 이상_티빙/지니/밀리,KT,초이스110 (티빙/지니/밀리),멤버십,멤버십 VVIP,,,,,False,,멤버십: VVIP,https://product.kt.com/wDic/productDetail.do?ItemCode=1681
1681_초이스110_만 65세 이상_티빙/지니/밀리,KT,초이스110 (티빙/지니/밀리),기타,"단말보험 최대 4,500원 할인 3)",,,,,False,,"단말보험: 최대 4,500원 할인 3)",https://product.kt.com/wDic/productDetail.do?ItemCode=1681
1681_초이스110_만 65세 이상_티빙/지니/밀리,KT,초이스110 (티빙/지니/밀리),스마트기기,스마트기기 또는 데이터 쉐어링 스마트기기 월정액 / 데이터 쉐어링 각 1회선 할인,,,,,False,,스마트기기 또는 데이터 쉐어링: 스마트기기 월정액 / 데이터 쉐어링 각 1회선 할인,https://product.kt.com/wDic/productDetail.do?ItemCode=1681
1681_초이스110_만 65세 이상_티빙/지니/밀리,KT,초이스110 (티빙/지니/밀리),추가데이터,공유데이터 80GB,,,,,False,,공유데이터: 80GB,https://product.kt.com/wDic/productDetail.do?ItemCode=1681
1681_초이스110_만 65세 이상_티빙/지니/밀리,KT,초이스110 (티빙/지니/밀리),추가데이터,만 65세 이상 +40GB,,,,,False,,제공 혜택_65+덤 혜택_공유데이터: +40GB,https://product.kt.com/wDic/productDetail.do?ItemCode=1681
1681_초이스110_만 65세 이상_티빙/지니/밀리,KT,초이스110 (티빙/지니/밀리),기타,만 65세 이상 안심박스,,,,,False,,제공 혜택_65+덤 혜택_추가 혜택: 안심박스 자세히보기,https://product.kt.com/wDic/productDetail.do?ItemCode=1681
1681_초이스110_만 65세 이상_폰케어,KT,초이스110 (폰케어),기타,폰케어,폰케어,,,,True,초이스 (택1),유튜브 프리미엄 2) / 넷플릭스 / 디즈니+ / 티빙/지니/밀리 / 폰케어 / 삼성 / 디바이스 / 가전구독 / 위버스,https://product.kt.com/wDic/productDetail.do?ItemCode=1681
1681_초이스110_만 65세 이상_폰케어,KT,초이스110 (폰케어),OTT/구독,지니뮤직,지니뮤직,,,,True,플러스 (택1),지니뮤직 / 밀리의서재 / 쇼핑라운지 할인쿠폰 5천원권 / 모아진,https://product.kt.com/wDic/productDetail.do?ItemCode=1681
1681_초이스110_만 65세 이상_폰케어,KT,초이스110 (폰케어),OTT/구독,밀리의서재,밀리의서재,,,,True,플러스 (택1),지니뮤직 / 밀리의서재 / 쇼핑라운지 할인쿠폰 5천원권 / 모아진,https://product.kt.com/wDic/productDetail.do?ItemCode=1681
1681_초이스110_만 65세 이상_폰케어,KT,초이스110 (폰케어),사은품/페이백,쇼핑라운지 할인쿠폰 5천원권,,,,,True,플러스 (택1),지니뮤직 / 밀리의서재 / 쇼핑라운지 할인쿠폰 5천원권 / 모아진,https://product.kt.com/wDic/productDetail.do?ItemCode=1681
1681_초이스110_만 65세 이상_폰케어,KT,초이스110 (폰케어),OTT/구독,모아진,,,,,True,플러스 (택1),지니뮤직 / 밀리의서재 / 쇼핑라운지 할인쿠폰 5천원권 / 모아진,https://product.kt.com/wDic/productDetail.do?ItemCode=1681
1681_초이스110_만 65세 이상_폰케어,KT,초이스110 (폰케어),멤버십,멤버십 VVIP,,,,,False,,멤버십: VVIP,https://product.kt.com/wDic/productDetail.do?ItemCode=1681
1681_초이스110_만 65세 이상_폰케어,KT,초이스110 (폰케어),기타,"단말보험 최대 4,500원 할인 3)",,,,,False,,"단말보험: 최대 4,500원 할인 3)",https://product.kt.com/wDic/productDetail.do?ItemCode=1681
1681_초이스110_만 65세 이상_폰케어,KT,초이스110 (폰케어),스마트기기,스마트기기 또는 데이터 쉐어링 스마트기기 월정액 / 데이터 쉐어링 각 1회선 할인,,,,,False,,스마트기기 또는 데이터 쉐어링: 스마트기기 월정액 / 데이터 쉐어링 각 1회선 할인,https://product.kt.com/wDic/productDetail.do?ItemCode=1681
1681_초이스110_만 65세 이상_폰케어,KT,초이스110 (폰케어),추가데이터,공유데이터 80GB,,,,,False,,공유데이터: 80GB,https://product.kt.com/wDic/productDetail.do?ItemCode=1681
1681_초이스110_만 65세 이상_폰케어,KT,초이스110 (폰케어),추가데이터,만 65세 이상 +40GB,,,,,False,,제공 혜택_65+덤 혜택_공유데이터: +40GB,https://product.kt.com/wDic/productDetail.do?ItemCode=1681
1681_초이스110_만 65세 이상_폰케어,KT,초이스110 (폰케어),기타,만 65세 이상 안심박스,,,,,False,,제공 혜택_65+덤 혜택_추가 혜택: 안심박스 자세히보기,https://product.kt.com/wDic/productDetail.do?ItemCode=1681
1681_초이스110_만 65세 이상_삼성,KT,초이스110 (삼성),OTT/구독,삼성,삼성 디바이스,,,,True,초이스 (택1),유튜브 프리미엄 2) / 넷플릭스 / 디즈니+ / 티빙/지니/밀리 / 폰케어 / 삼성 / 디바이스 / 가전구독 / 위버스,https://product.kt.com/wDic/productDetail.do?ItemCode=1681
1681_초이스110_만 65세 이상_삼성,KT,초이스110 (삼성),OTT/구독,지니뮤직,지니뮤직,,,,True,플러스 (택1),지니뮤직 / 밀리의서재 / 쇼핑라운지 할인쿠폰 5천원권 / 모아진,https://product.kt.com/wDic/productDetail.do?ItemCode=1681
1681_초이스110_만 65세 이상_삼성,KT,초이스110 (삼성),OTT/구독,밀리의서재,밀리의서재,,,,True,플러스 (택1),지니뮤직 / 밀리의서재 / 쇼핑라운지 할인쿠폰 5천원권 / 모아진,https://product.kt.com/wDic/productDetail.do?ItemCode=1681
1681_초이스110_만 65세 이상_삼성,KT,초이스110 (삼성),사은품/페이백,쇼핑라운지 할인쿠폰 5천원권,,,,,True,플러스 (택1),지니뮤직 / 밀리의서재 / 쇼핑라운지 할인쿠폰 5천원권 / 모아진,https://product.kt.com/wDic/productDetail.do?ItemCode=1681
1681_초이스110_만 65세 이상_삼성,KT,초이스110 (삼성),OTT/구독,모아진,,,,,True,플러스 (택1),지니뮤직 / 밀리의서재 / 쇼핑라운지 할인쿠폰 5천원권 / 모아진,https://product.kt.com/wDic/productDetail.do?ItemCode=1681
1681_초이스110_만 65세 이상_삼성,KT,초이스110 (삼성),멤버십,멤버십 VVIP,,,,,False,,멤버십: VVIP,https://product.kt.com/wDic/productDetail.do?ItemCode=1681
1681_초이스110_만 65세 이상_삼성,KT,초이스110 (삼성),기타,"단말보험 최대 4,500원 할인 3)",,,,,False,,"단말보험: 최대 4,500원 할인 3)",https://product.kt.com/wDic/productDetail.do?ItemCode=1681
1681_초이스110_만 65세 이상_삼성,KT,초이스110 (삼성),스마트기기,스마트기기 또는 데이터 쉐어링 스마트기기 월정액 / 데이터 쉐어링 각 1회선 할인,,,,,False,,스마트기기 또는 데이터 쉐어링: 스마트기기 월정액 / 데이터 쉐어링 각 1회선 할인,https://product.kt.com/wDic/productDetail.do?ItemCode=1681
1681_초이스110_만 65세 이상_삼성,KT,초이스110 (삼성),추가데이터,공유데이터 80GB,,,,,False,,공유데이터: 80GB,https://product.kt.com/wDic/productDetail.do?ItemCode=1681
1681_초이스110_만 65세 이상_삼성,KT,초이스110 (삼성),추가데이터,만 65세 이상 +40GB,,,,,False,,제공 혜택_65+덤 혜택_공유데이터: +40GB,https://product.kt.com/wDic/productDetail.do?ItemCode=1681
1681_초이스110_만 65세 이상_삼성,KT,초이스110 (삼성),기타,만 65세 이상 안심박스,,,,,False,,제공 혜택_65+덤 혜택_추가 혜택: 안심박스 자세히보기,https://product.kt.com/wDic/productDetail.do?ItemCode=1681
1681_초이스110_만 65세 이상_디바이스,KT,초이스110 (디바이스),스마트기기,디바이스,,,,,True,초이스 (택1),유튜브 프리미엄 2) / 넷플릭스 / 디즈니+ / 티빙/지니/밀리 / 폰케어 / 삼성 / 디바이스 / 가전구독 / 위버스,https://product.kt.com/wDic/productDetail.do?ItemCode=1681
1681_초이스110_만 65세 이상_디바이스,KT,초이스110 (디바이스),OTT/구독,지니뮤직,지니뮤직,,,,True,플러스 (택1),지니뮤직 / 밀리의서재 / 쇼핑라운지 할인쿠폰 5천원권 / 모아진,https://product.kt.com/wDic/productDetail.do?ItemCode=1681
1681_초이스110_만 65세 이상_디바이스,KT,초이스110 (디바이스),OTT/구독,밀리의서재,밀리의서재,,,,True,플러스 (택1),지니뮤직 / 밀리의서재 / 쇼핑라운지 할인쿠폰 5천원권 / 모아진,https://product.kt.com/wDic/productDetail.do?ItemCode=1681
1681_초이스110_만 65세 이상_디바이스,KT,초이스110 (디바이스),사은품/페이백,쇼핑라운지 할인쿠폰 5천원권,,,,,True,플러스 (택1),지니뮤직 / 밀리의서재 / 쇼핑라운지 할인쿠폰 5천원권 / 모아진,https://product.kt.com/wDic/productDetail.do?ItemCode=1681
1681_초이스110_만 65세 이상_디바이스,KT,초이스110 (디바이스),OTT/구독,모아진,,,,,True,플러스 (택1),지니뮤직 / 밀리의서재 / 쇼핑라운지 할인쿠폰 5천원권 / 모아진,https://product.kt.com/wDic/productDetail.do?ItemCode=1681
1681_초이스110_만 65세 이상_디바이스,KT,초이스110 (디바이스),멤버십,멤버십 VVIP,,,,,False,,멤버십: VVIP,https://product.kt.com/wDic/productDetail.do?ItemCode=1681
1681_초이스110_만 65세 이상_디바이스,KT,초이스110 (디바이스),기타,"단말보험 최대 4,500원 할인 3)",,,,,False,,"단말보험: 최대 4,500원 할인 3)",https://product.kt.com/wDic/productDetail.do?ItemCode=1681
1681_초이스110_만 65세 이상_디바이스,KT,초이스110 (디바이스),스마트기기,스마트기기 또는 데이터 쉐어링 스마트기기 월정액 / 데이터 쉐어링 각 1회선 할인,,,,,False,,스마트기기 또는 데이터 쉐어링: 스마트기기 월정액 / 데이터 쉐어링 각 1회선 할인,https://product.kt.com/wDic/productDetail.do?ItemCode=1681
1681_초이스110_만 65세 이상_디바이스,KT,초이스110 (디바이스),추가데이터,공유데이터 80GB,,,,,False,,공유데이터: 80GB,https://product.kt.com/wDic/productDetail.do?ItemCode=1681
1681_초이스110_만 65세 이상_디바이스,KT,초이스110 (디바이스),추가데이터,만 65세 이상 +40GB,,,,,False,,제공 혜택_65+덤 혜택_공유데이터: +40GB,https://product.kt.com/wDic/productDetail.do?ItemCode=1681
1681_초이스110_만 65세 이상_디바이스,KT,초이스110 (디바이스),기타,만 65세 이상 안심박스,,,,,False,,제공 혜택_65+덤 혜택_추가 혜택: 안심박스 자세히보기,https://product.kt.com/wDic/productDetail.do?ItemCode=1681
1681_초이스110_만 65세 이상_가전구독,KT,초이스110 (가전구독),OTT/구독,가전구독,가전구독,,,,True,초이스 (택1),유튜브 프리미엄 2) / 넷플릭스 / 디즈니+ / 티빙/지니/밀리 / 폰케어 / 삼성 / 디바이스 / 가전구독 / 위버스,https://product.kt.com/wDic/productDetail.do?ItemCode=1681
1681_초이스110_만 65세 이상_가전구독,KT,초이스110 (가전구독),OTT/구독,지니뮤직,지니뮤직,,,,True,플러스 (택1),지니뮤직 / 밀리의서재 / 쇼핑라운지 할인쿠폰 5천원권 / 모아진,https://product.kt.com/wDic/productDetail.do?ItemCode=1681
1681_초이스110_만 65세 이상_가전구독,KT,초이스110 (가전구독),OTT/구독,밀리의서재,밀리의서재,,,,True,플러스 (택1),지니뮤직 / 밀리의서재 / 쇼핑라운지 할인쿠폰 5천원권 / 모아진,https://product.kt.com/wDic/productDetail.do?ItemCode=1681
1681_초이스110_만 65세 이상_가전구독,KT,초이스110 (가전구독),사은품/페이백,쇼핑라운지 할인쿠폰 5천원권,,,,,True,플러스 (택1),지니뮤직 / 밀리의서재 / 쇼핑라운지 할인쿠폰 5천원권 / 모아진,https://product.kt.com/wDic/productDetail.do?ItemCode=1681
1681_초이스110_만 65세 이상_가전구독,KT,초이스110 (가전구독),OTT/구독,모아진,,,,,True,플러스 (택1),지니뮤직 / 밀리의서재 / 쇼핑라운지 할인쿠폰 5천원권 / 모아진,https://product.kt.com/wDic/productDetail.do?ItemCode=1681
1681_초이스110_만 65세 이상_가전구독,KT,초이스110 (가전구독),멤버십,멤버십 VVIP,,,,,False,,멤버십: VVIP,https://product.kt.com/wDic/productDetail.do?ItemCode=1681
1681_초이스110_만 65세 이상_가전구독,KT,초이스110 (가전구독),기타,"단말보험 최대 4,500원 할인 3)",,,,,False,,"단말보험: 최대 4,500원 할인 3)",https://product.kt.com/wDic/productDetail.do?ItemCode=1681
1681_초이스110_만 65세 이상_가전구독,KT,초이스110 (가전구독),스마트기기,스마트기기 또는 데이터 쉐어링 스마트기기 월정액 / 데이터 쉐어링 각 1회선 할인,,,,,False,,스마트기기 또는 데이터 쉐어링: 스마트기기 월정액 / 데이터 쉐어링 각 1회선 할인,https://product.kt.com/wDic/productDetail.do?ItemCode=1681
1681_초이스110_만 65세 이상_가전구독,KT,초이스110 (가전구독),추가데이터,공유데이터 80GB,,,,,False,,공유데이터: 80GB,https://product.kt.com/wDic/productDetail.do?ItemCode=1681
1681_초이스110_만 65세 이상_가전구독,KT,초이스110 (가전구독),추가데이터,만 65세 이상 +40GB,,,,,False,,제공 혜택_65+덤 혜택_공유데이터: +40GB,https://product.kt.com/wDic/productDetail.do?ItemCode=1681
1681_초이스110_만 65세 이상_가전구독,KT,초이스110 (가전구독),기타,만 65세 이상 안심박스,,,,,False,,제공 혜택_65+덤 혜택_추가 혜택: 안심박스 자세히보기,https://product.kt.com/wDic/productDetail.do?ItemCode=1681
1681_초이스110_만 65세 이상_위버스,KT,초이스110 (위버스),OTT/구독,위버스,위버스,,,,True,초이스 (택1),유튜브 프리미엄 2) / 넷플릭스 / 디즈니+ / 티빙/지니/밀리 / 폰케어 / 삼성 / 디바이스 / 가전구독 / 위버스,https://product.kt.com/wDic/productDetail.do?ItemCode=1681
1681_초이스110_만 65세 이상_위버스,KT,초이스110 (위버스),OTT/구독,지니뮤직,지니뮤직,,,,True,플러스 (택1),지니뮤직 / 밀리의서재 / 쇼핑라운지 할인쿠폰 5천원권 / 모아진,https://product.kt.com/wDic/productDetail.do?ItemCode=1681
1681_초이스110_만 65세 이상_위버스,KT,초이스110 (위버스),OTT/구독,밀리의서재,밀리의서재,,,,True,플러스 (택1),지니뮤직 / 밀리의서재 / 쇼핑라운지 할인쿠폰 5천원권 / 모아진,https://product.kt.com/wDic/productDetail.do?ItemCode=1681
1681_초이스110_만 65세 이상_위버스,KT,초이스110 (위버스),사은품/페이백,쇼핑라운지 할인쿠폰 5천원권,,,,,True,플러스 (택1),지니뮤직 / 밀리의서재 / 쇼핑라운지 할인쿠폰 5천원권 / 모아진,https://product.kt.com/wDic/productDetail.do?ItemCode=1681
1681_초이스110_만 65세 이상_위버스,KT,초이스110 (위버스),OTT/구독,모아진,,,,,True,플러스 (택1),지니뮤직 / 밀리의서재 / 쇼핑라운지 할인쿠폰 5천원권 / 모아진,https://product.kt.com/wDic/productDetail.do?ItemCode=1681
1681_초이스110_만 65세 이상_위버스,KT,초이스110 (위버스),멤버십,멤버십 VVIP,,,,,False,,멤버십: VVIP,https://product.kt.com/wDic/productDetail.do?ItemCode=1681
1681_초이스110_만 65세 이상_위버스,KT,초이스110 (위버스),기타,"단말보험 최대 4,500원 할인 3)",,,,,False,,"단말보험: 최대 4,500원 할인 3)",https://product.kt.com/wDic/productDetail.do?ItemCode=1681
1681_초이스110_만 65세 이상_위버스,KT,초이스110 (위버스),스마트기기,스마트기기 또는 데이터 쉐어링 스마트기기 월정액 / 데이터 쉐어링 각 1회선 할인,,,,,False,,스마트기기 또는 데이터 쉐어링: 스마트기기 월정액 / 데이터 쉐어링 각 1회선 할인,https://product.kt.com/wDic/productDetail.do?ItemCode=1681
1681_초이스110_만 65세 이상_위버스,KT,초이스110 (위버스),추가데이터,공유데이터 80GB,,,,,False,,공유데이터: 80GB,https://product.kt.com/wDic/productDetail.do?ItemCode=1681
1681_초이스110_만 65세 이상_위버스,KT,초이스110 (위버스),추가데이터,만 65세 이상 +40GB,,,,,False,,제공 혜택_65+덤 혜택_공유데이터: +40GB,https://product.kt.com/wDic/productDetail.do?ItemCode=1681
1681_초이스110_만 65세 이상_위버스,KT,초이스110 (위버스),기타,만 65세 이상 안심박스,,,,,False,,제공 혜택_65+덤 혜택_추가 혜택: 안심박스 자세히보기,https://product.kt.com/wDic/productDetail.do?ItemCode=1681
1681_초이스90_만 65세 이상_유튜브프리미엄,KT,초이스90 (유튜브 프리미엄),OTT/구독,유튜브 프리미엄,유튜브 프리미엄,,,,True,초이스 (택1),유튜브 프리미엄 2) / 넷플릭스 / 디즈니+ / 티빙/지니/밀리 / 폰케어 / 삼성 / 디바이스 / 가전구독 / 위버스,https://product.kt.com/wDic/productDetail.do?ItemCode=1681
1681_초이스90_만 65세 이상_유튜브프리미엄,KT,초이스90 (유튜브 프리미엄),멤버십,멤버십 VIP,,,,,False,,멤버십: VIP,https://product.kt.com/wDic/productDetail.do?ItemCode=1681
1681_초이스90_만 65세 이상_유튜브프리미엄,KT,초이스90 (유튜브 프리미엄),스마트기기,스마트기기 또는 데이터 쉐어링 데이터 쉐어링 1회선 할인,,,,,False,,스마트기기 또는 데이터 쉐어링: 데이터 쉐어링 1회선 할인,https://product.kt.com/wDic/productDetail.do?ItemCode=1681
1681_초이스90_만 65세 이상_유튜브프리미엄,KT,초이스90 (유튜브 프리미엄),추가데이터,공유데이터 60GB,,,,,False,,공유데이터: 60GB,https://product.kt.com/wDic/productDetail.do?ItemCode=1681
1681_초이스90_만 65세 이상_유튜브프리미엄,KT,초이스90 (유튜브 프리미엄),추가데이터,만 65세 이상 +30GB,,,,,False,,제공 혜택_65+덤 혜택_공유데이터: +30GB,https://product.kt.com/wDic/productDetail.do?ItemCode=1681
1681_초이스90_만 65세 이상_유튜브프리미엄,KT,초이스90 (유튜브 프리미엄),기타,만 65세 이상 안심박스,,,,,False,,제공 혜택_65+덤 혜택_추가 혜택: 안심박스 자세히보기,https://product.kt.com/wDic/productDetail.do?ItemCode=1681
1681_초이스90_만 65세 이상_넷플릭스,KT,초이스90 (넷플릭스),OTT/구독,넷플릭스,넷플릭스,,,,True,초이스 (택1),유튜브 프리미엄 2) / 넷플릭스 / 디즈니+ / 티빙/지니/밀리 / 폰케어 / 삼성 / 디바이스 / 가전구독 / 위버스,https://product.kt.com/wDic/productDetail.do?ItemCode=1681
1681_초이스90_만 65세 이상_넷플릭스,KT,초이스90 (넷플릭스),멤버십,멤버십 VIP,,,,,False,,멤버십: VIP,https://product.kt.com/wDic/productDetail.do?ItemCode=1681
1681_초이스90_만 65세 이상_넷플릭스,KT,초이스90 (넷플릭스),스마트기기,스마트기기 또는 데이터 쉐어링 데이터 쉐어링 1회선 할인,,,,,False,,스마트기기 또는 데이터 쉐어링: 데이터 쉐어링 1회선 할인,https://product.kt.com/wDic/productDetail.do?ItemCode=1681
1681_초이스90_만 65세 이상_넷플릭스,KT,초이스90 (넷플릭스),추가데이터,공유데이터 60GB,,,,,False,,공유데이터: 60GB,https://product.kt.com/wDic/productDetail.do?ItemCode=1681
1681_초이스90_만 65세 이상_넷플릭스,KT,초이스90 (넷플릭스),추가데이터,만 65세 이상 +30GB,,,,,False,,제공 혜택_65+덤 혜택_공유데이터: +30GB,https://product.kt.com/wDic/productDetail.do?ItemCode=1681
1681_초이스90_만 65세 이상_넷플릭스,KT,초이스90 (넷플릭스),기타,만 65세 이상 안심박스,,,,,False,,제공 혜택_65+덤 혜택_추가 혜택: 안심박스 자세히보기,https://product.kt.com/wDic/productDetail.do?ItemCode=1681
1681_초이스90_만 65세 이상_디즈니+,KT,초이스90 (디즈니+),OTT/구독,디즈니+,디즈니+,,,,True,초이스 (택1),유튜브 프리미엄 2) / 넷플릭스 / 디즈니+ / 티빙/지니/밀리 / 폰케어 / 삼성 / 디바이스 / 가전구독 / 위버스,https://product.kt.com/wDic/productDetail.do?ItemCode=1681
1681_초이스90_만 65세 이상_디즈니+,KT,초이스90 (디즈니+),멤버십,멤버십 VIP,,,,,False,,멤버십: VIP,https://product.kt.com/wDic/productDetail.do?ItemCode=1681
1681_초이스90_만 65세 이상_디즈니+,KT,초이스90 (디즈니+),스마트기기,스마트기기 또는 데이터 쉐어링 데이터 쉐어링 1회선 할인,,,,,False,,스마트기기 또는 데이터 쉐어링: 데이터 쉐어링 1회선 할인,https://product.kt.com/wDic/productDetail.do?ItemCode=1681
1681_초이스90_만 65세 이상_디즈니+,KT,초이스90 (디즈니+),추가데이터,공유데이터 60GB,,,,,False,,공유데이터: 60GB,https://product.kt.com/wDic/productDetail.do?ItemCode=1681
1681_초이스90_만 65세 이상_디즈니+,KT,초이스90 (디즈니+),추가데이터,만 65세 이상 +30GB,,,,,False,,제공 혜택_65+덤 혜택_공유데이터: +30GB,https://product.kt.com/wDic/productDetail.do?ItemCode=1681
1681_초이스90_만 65세 이상_디즈니+,KT,초이스90 (디즈니+),기타,만 65세 이상 안심박스,,,,,False,,제공 혜택_65+덤 혜택_추가 혜택: 안심박스 자세히보기,https://product.kt.com/wDic/productDetail.do?ItemCode=1681
1681_초이스90_만 65세 이상_티빙/지니/밀리,KT,초이스90 (티빙/지니/밀리),OTT/구독,티빙/지니/밀리,티빙,,,,True,초이스 (택1),유튜브 프리미엄 2) / 넷플릭스 / 디즈니+ / 티빙/지니/밀리 / 폰케어 / 삼성 / 디바이스 / 가전구독 / 위버스,https://product.kt.com/wDic/productDetail.do?ItemCode=1681
1681_초이스90_만 65세 이상_티빙/지니/밀리,KT,초이스90 (티빙/지니/밀리),멤버십,멤버십 VIP,,,,,False,,멤버십: VIP,https://product.kt.com/wDic/productDetail.do?ItemCode=1681
1681_초이스90_만 65세 이상_티빙/지니/밀리,KT,초이스90 (티빙/지니/밀리),스마트기기,스마트기기 또는 데이터 쉐어링 데이터 쉐어링 1회선 할인,,,,,False,,스마트기기 또는 데이터 쉐어링: 데이터 쉐어링 1회선 할인,https://product.kt.com/wDic/productDetail.do?ItemCode=1681
1681_초이스90_만 65세 이상_티빙/지니/밀리,KT,초이스90 (티빙/지니/밀리),추가데이터,공유데이터 60GB,,,,,False,,공유데이터: 60GB,https://product.kt.com/wDic/productDetail.do?ItemCode=1681
1681_초이스90_만 65세 이상_티빙/지니/밀리,KT,초이스90 (티빙/지니/밀리),추가데이터,만 65세 이상 +30GB,,,,,False,,제공 혜택_65+덤 혜택_공유데이터: +30GB,https://product.kt.com/wDic/productDetail.do?ItemCode=1681
1681_초이스90_만 65세 이상_티빙/지니/밀리,KT,초이스90 (티빙/지니/밀리),기타,만 65세 이상 안심박스,,,,,False,,제공 혜택_65+덤 혜택_추가 혜택: 안심박스 자세히보기,https://product.kt.com/wDic/productDetail.do?ItemCode=1681
1681_초이스90_만 65세 이상_폰케어,KT,초이스90 (폰케어),기타,폰케어,폰케어,,,,True,초이스 (택1),유튜브 프리미엄 2) / 넷플릭스 / 디즈니+ / 티빙/지니/밀리 / 폰케어 / 삼성 / 디바이스 / 가전구독 / 위버스,https://product.kt.com/wDic/productDetail.do?ItemCode=1681
1681_초이스90_만 65세 이상_폰케어,KT,초이스90 (폰케어),멤버십,멤버십 VIP,,,,,False,,멤버십: VIP,https://product.kt.com/wDic/productDetail.do?ItemCode=1681
1681_초이스90_만 65세 이상_폰케어,KT,초이스90 (폰케어),스마트기기,스마트기기 또는 데이터 쉐어링 데이터 쉐어링 1회선 할인,,,,,False,,스마트기기 또는 데이터 쉐어링: 데이터 쉐어링 1회선 할인,https://product.kt.com/wDic/productDetail.do?ItemCode=1681
1681_초이스90_만 65세 이상_폰케어,KT,초이스90 (폰케어),추가데이터,공유데이터 60GB,,,,,False,,공유데이터: 60GB,https://product.kt.com/wDic/productDetail.do?ItemCode=1681
1681_초이스90_만 65세 이상_폰케어,KT,초이스90 (폰케어),추가데이터,만 65세 이상 +30GB,,,,,False,,제공 혜택_65+덤 혜택_공유데이터: +30GB,https://product.kt.com/wDic/productDetail.do?ItemCode=1681
1681_초이스90_만 65세 이상_폰케어,KT,초이스90 (폰케어),기타,만 65세 이상 안심박스,,,,,False,,제공 혜택_65+덤 혜택_추가 혜택: 안심박스 자세히보기,https://product.kt.com/wDic/productDetail.do?ItemCode=1681
1681_초이스90_만 65세 이상_삼성,KT,초이스90 (삼성),OTT/구독,삼성,삼성 디바이스,,,,True,초이스 (택1),유튜브 프리미엄 2) / 넷플릭스 / 디즈니+ / 티빙/지니/밀리 / 폰케어 / 삼성 / 디바이스 / 가전구독 / 위버스,https://product.kt.com/wDic/productDetail.do?ItemCode=1681
1681_초이스90_만 65세 이상_삼성,KT,초이스90 (삼성),멤버십,멤버십 VIP,,,,,False,,멤버십: VIP,https://product.kt.com/wDic/productDetail.do?ItemCode=1681
1681_초이스90_만 65세 이상_삼성,KT,초이스90 (삼성),스마트기기,스마트기기 또는 데이터 쉐어링 데이터 쉐어링 1회선 할인,,,,,False,,스마트기기 또는 데이터 쉐어링: 데이터 쉐어링 1회선 할인,https://product.kt.com/wDic/productDetail.do?ItemCode=1681
1681_초이스90_만 65세 이상_삼성,KT,초이스90 (삼성),추가데이터,공유데이터 60GB,,,,,False,,공유데이터: 60GB,https://product.kt.com/wDic/productDetail.do?ItemCode=1681
1681_초이스90_만 65세 이상_삼성,KT,초이스90 (삼성),추가데이터,만 65세 이상 +30GB,,,,,False,,제공 혜택_65+덤 혜택_공유데이터: +30GB,https://product.kt.com/wDic/productDetail.do?ItemCode=1681
1681_초이스90_만 65세 이상_삼성,KT,초이스90 (삼성),기타,만 65세 이상 안심박스,,,,,False,,제공 혜택_65+덤 혜택_추가 혜택: 안심박스 자세히보기,https://product.kt.com/wDic/productDetail.do?ItemCode=1681
1681_초이스90_만 65세 이상_디바이스,KT,초이스90 (디바이스),스마트기기,디바이스,,,,,True,초이스 (택1),유튜브 프리미엄 2) / 넷플릭스 / 디즈니+ / 티빙/지니/밀리 / 폰케어 / 삼성 / 디바이스 / 가전구독 / 위버스,https://product.kt.com/wDic/productDetail.do?ItemCode=1681
1681_초이스90_만 65세 이상_디바이스,KT,초이스90 (디바이스),멤버십,멤버십 VIP,,,,,False,,멤버십: VIP,https://product.kt.com/wDic/productDetail.do?ItemCode=1681
1681_초이스90_만 65세 이상_디바이스,KT,초이스90 (디바이스),스마트기기,스마트기기 또는 데이터 쉐어링 데이터 쉐어링 1회선 할인,,,,,False,,스마트기기 또는 데이터 쉐어링: 데이터 쉐어링 1회선 할인,https://product.kt.com/wDic/productDetail.do?ItemCode=1681
1681_초이스90_만 65세 이상_디바이스,KT,초이스90 (디바이스),추가데이터,공유데이터 60GB,,,,,False,,공유데이터: 60GB,https://product.kt.com/wDic/productDetail.do?ItemCode=1681
1681_초이스90_만 65세 이상_디바이스,KT,초이스90 (디바이스),추가데이터,만 65세 이상 +30GB,,,,,False,,제공 혜택_65+덤 혜택_공유데이터: +30GB,https://product.kt.com/wDic/productDetail.do?ItemCode=1681
1681_초이스90_만 65세 이상_디바이스,KT,초이스90 (디바이스),기타,만 65세 이상 안심박스,,,,,False,,제공 혜택_65+덤 혜택_추가 혜택: 안심박스 자세히보기,https://product.kt.com/wDic/productDetail.do?ItemCode=1681
1681_초이스90_만 65세 이상_가전구독,KT,초이스90 (가전구독),OTT/구독,가전구독,가전구독,,,,True,초이스 (택1),유튜브 프리미엄 2) / 넷플릭스 / 디즈니+ / 티빙/지니/밀리 / 폰케어 / 삼성 / 디바이스 / 가전구독 / 위버스,https://product.kt.com/wDic/productDetail.do?ItemCode=1681
1681_초이스90_만 65세 이상_가전구독,KT,초이스90 (가전구독),멤버십,멤버십 VIP,,,,,False,,멤버십: VIP,https://product.kt.com/wDic/productDetail.do?ItemCode=1681
1681_초이스90_만 65세 이상_가전구독,KT,초이스90 (가전구독),스마트기기,스마트기기 또는 데이터 쉐어링 데이터 쉐어링 1회선 할인,,,,,False,,스마트기기 또는 데이터 쉐어링: 데이터 쉐어링 1회선 할인,https://product.kt.com/wDic/productDetail.do?ItemCode=1681
1681_초이스90_만 65세 이상_가전구독,KT,초이스90 (가전구독),추가데이터,공유데이터 60GB,,,,,False,,공유데이터: 60GB,https://product.kt.com/wDic/productDetail.do?ItemCode=1681
1681_초이스90_만 65세 이상_가전구독,KT,초이스90 (가전구독),추가데이터,만 65세 이상 +30GB,,,,,False,,제공 혜택_65+덤 혜택_공유데이터: +30GB,https://product.kt.com/wDic/productDetail.do?ItemCode=1681
1681_초이스90_만 65세 이상_가전구독,KT,초이스90 (가전구독),기타,만 65세 이상 안심박스,,,,,False,,제공 혜택_65+덤 혜택_추가 혜택: 안심박스 자세히보기,https://product.kt.com/wDic/productDetail.do?ItemCode=1681
1681_초이스90_만 65세 이상_위버스,KT,초이스90 (위버스),OTT/구독,위버스,위버스,,,,True,초이스 (택1),유튜브 프리미엄 2) / 넷플릭스 / 디즈니+ / 티빙/지니/밀리 / 폰케어 / 삼성 / 디바이스 / 가전구독 / 위버스,https://product.kt.com/wDic/productDetail.do?ItemCode=1681
1681_초이스90_만 65세 이상_위버스,KT,초이스90 (위버스),멤버십,멤버십 VIP,,,,,False,,멤버십: VIP,https://product.kt.com/wDic/productDetail.do?ItemCode=1681
1681_초이스90_만 65세 이상_위버스,KT,초이스90 (위버스),스마트기기,스마트기기 또는 데이터 쉐어링 데이터 쉐어링 1회선 할인,,,,,False,,스마트기기 또는 데이터 쉐어링: 데이터 쉐어링 1회선 할인,https://product.kt.com/wDic/productDetail.do?ItemCode=1681
1681_초이스90_만 65세 이상_위버스,KT,초이스90 (위버스),추가데이터,공유데이터 60GB,,,,,False,,공유데이터: 60GB,https://product.kt.com/wDic/productDetail.do?ItemCode=1681
1681_초이스90_만 65세 이상_위버스,KT,초이스90 (위버스),추가데이터,만 65세 이상 +30GB,,,,,False,,제공 혜택_65+덤 혜택_공유데이터: +30GB,https://product.kt.com/wDic/productDetail.do?ItemCode=1681
1681_초이스90_만 65세 이상_위버스,KT,초이스90 (위버스),기타,만 65세 이상 안심박스,,,,,False,,제공 혜택_65+덤 혜택_추가 혜택: 안심박스 자세히보기,https://product.kt.com/wDic/productDetail.do?ItemCode=1681
1681_초이스130_만 75세 이상_유튜브프리미엄,KT,초이스130 (유튜브 프리미엄),OTT/구독,유튜브 프리미엄,유튜브 프리미엄,,,,True,초이스 (택1),유튜브 프리미엄 2) / 넷플릭스 / 디즈니+ / 티빙/지니/밀리 / 폰케어 / 삼성 / 디바이스 / 가전구독 / 위버스,https://product.kt.com/wDic/productDetail.do?ItemCode=1681
1681_초이스130_만 75세 이상_유튜브프리미엄,KT,초이스130 (유튜브 프리미엄),OTT/구독,지니뮤직,지니뮤직,,,,True,플러스 (택1),지니뮤직 / 밀리의서재 / 쇼핑라운지 할인쿠폰 5천원권 / 모아진,https://product.kt.com/wDic/productDetail.do?ItemCode=1681
1681_초이스130_만 75세 이상_유튜브프리미엄,KT,초이스130 (유튜브 프리미엄),OTT/구독,밀리의서재,밀리의서재,,,,True,플러스 (택1),지니뮤직 / 밀리의서재 / 쇼핑라운지 할인쿠폰 5천원권 / 모아진,https://product.kt.com/wDic/productDetail.do?ItemCode=1681
1681_초이스130_만 75세 이상_유튜브프리미엄,KT,초이스130 (유튜브 프리미엄),사은품/페이백,쇼핑라운지 할인쿠폰 5천원권,,,,,True,플러스 (택1),지니뮤직 / 밀리의서재 / 쇼핑라운지 할인쿠폰 5천원권 / 모아진,https://product.kt.com/wDic/productDetail.do?ItemCode=1681
1681_초이스130_만 75세 이상_유튜브프리미엄,KT,초이스130 (유튜브 프리미엄),OTT/구독,모아진,,,,,True,플러스 (택1),지니뮤직 / 밀리의서재 / 쇼핑라운지 할인쿠폰 5천원권 / 모아진,https://product.kt.com/wDic/productDetail.do?ItemCode=1681
1681_초이스130_만 75세 이상_유튜브프리미엄,KT,초이스130 (유튜브 프리미엄),멤버십,멤버십 VVIP,,,,,False,,멤버십: VVIP,https://product.kt.com/wDic/productDetail.do?ItemCode=1681
1681_초이스130_만 75세 이상_유튜브프리미엄,KT,초이스130 (유튜브 프리미엄),기타,"단말보험 최대 4,500원 할인 3)",,,,,False,,"단말보험: 최대 4,500원 할인 3)",https://product.kt.com/wDic/productDetail.do?ItemCode=1681
1681_초이스130_만 75세 이상_유튜브프리미엄,KT,초이스130 (유튜브 프리미엄),스마트기기,스마트기기 또는 데이터 쉐어링 스마트기기 월정액 2회선 / 데이터 쉐어링 1회선 할인,,,,,False,,스마트기기 또는 데이터 쉐어링: 스마트기기 월정액 2회선 / 데이터 쉐어링 1회선 할인,https://product.kt.com/wDic/productDetail.do?ItemCode=1681
1681_초이스130_만 75세 이상_유튜브프리미엄,KT,초이스130 (유튜브 프리미엄),추가데이터,공유데이터 100GB,,,,,False,,공유데이터: 100GB,https://product.kt.com/wDic/productDetail.do?ItemCode=1681
1681_초이스130_만 75세 이상_유튜브프리미엄,KT,초이스130 (유튜브 프리미엄),추가데이터,만 75세 이상 +100GB,,,,,False,,제공 혜택_75+덤 혜택_공유데이터: +100GB,https://product.kt.com/wDic/productDetail.do?ItemCode=1681
1681_초이스130_만 75세 이상_유튜브프리미엄,KT,초이스130 (유튜브 프리미엄),기타,만 75세 이상 안심박스,,,,,False,,제공 혜택_75+덤 혜택_추가 혜택: 안심박스 자세히보기,https://product.kt.com/wDic/productDetail.do?ItemCode=1681
1681_초이스130_만 75세 이상_넷플릭스,KT,초이스130 (넷플릭스),OTT/구독,넷플릭스,넷플릭스,,,,True,초이스 (택1),유튜브 프리미엄 2) / 넷플릭스 / 디즈니+ / 티빙/지니/밀리 / 폰케어 / 삼성 / 디바이스 / 가전구독 / 위버스,https://product.kt.com/wDic/productDetail.do?ItemCode=1681
1681_초이스130_만 75세 이상_넷플릭스,KT,초이스130 (넷플릭스),OTT/구독,지니뮤직,지니뮤직,,,,True,플러스 (택1),지니뮤직 / 밀리의서재 / 쇼핑라운지 할인쿠폰 5천원권 / 모아진,https://product.kt.com/wDic/productDetail.do?ItemCode=1681
1681_초이스130_만 75세 이상_넷플릭스,KT,초이스130 (넷플릭스),OTT/구독,밀리의서재,밀리의서재,,,,True,플러스 (택1),지니뮤직 / 밀리의서재 / 쇼핑라운지 할인쿠폰 5천원권 / 모아진,https://product.kt.com/wDic/productDetail.do?ItemCode=1681
1681_초이스130_만 75세 이상_넷플릭스,KT,초이스130 (넷플릭스),사은품/페이백,쇼핑라운지 할인쿠폰 5천원권,,,,,True,플러스 (택1),지니뮤직 / 밀리의서재 / 쇼핑라운지 할인쿠폰 5천원권 / 모아진,https://product.kt.com/wDic/productDetail.do?ItemCode=1681
1681_초이스130_만 75세 이상_넷플릭스,KT,초이스130 (넷플릭스),OTT/구독,모아진,,,,,True,플러스 (택1),지니뮤직 / 밀리의서재 / 쇼핑라운지 할인쿠폰 5천원권 / 모아진,https://product.kt.com/wDic/productDetail.do?ItemCode=1681
1681_초이스130_만 75세 이상_넷플릭스,KT,초이스130 (넷플릭스),멤버십,멤버십 VVIP,,,,,False,,멤버십: VVIP,https://product.kt.com/wDic/productDetail.do?ItemCode=1681
1681_초이스130_만 75세 이상_넷플릭스,KT,초이스130 (넷플릭스),기타,"단말보험 최대 4,500원 할인 3)",,,,,False,,"단말보험: 최대 4,500원 할인 3)",https://product.kt.com/wDic/productDetail.do?ItemCode=1681
1681_초이스130_만 75세 이상_넷플릭스,KT,초이스130 (넷플릭스),스마트기기,스마트기기 또는 데이터 쉐어링 스마트기기 월정액 2회선 / 데이터 쉐어링 1회선 할인,,,,,False,,스마트기기 또는 데이터 쉐어링: 스마트기기 월정액 2회선 / 데이터 쉐어링 1회선 할인,https://product.kt.com/wDic/productDetail.do?ItemCode=1681
1681_초이스130_만 75세 이상_넷플릭스,KT,초이스130 (넷플릭스),추가데이터,공유데이터 100GB,,,,,False,,공유데이터: 100GB,https://product.kt.com/wDic/productDetail.do?ItemCode=1681
1681_초이스130_만 75세 이상_넷플릭스,KT,초이스130 (넷플릭스),추가데이터,만 75세 이상 +100GB,,,,,False,,제공 혜택_75+덤 혜택_공유데이터: +100GB,https://product.kt.com/wDic/productDetail.do?ItemCode=1681
1681_초이스130_만 75세 이상_넷플릭스,KT,초이스130 (넷플릭스),기타,만 75세 이상 안심박스,,,,,False,,제공 혜택_75+덤 혜택_추가 혜택: 안심박스 자세히보기,https://product.kt.com/wDic/productDetail.do?ItemCode=1681
1681_초이스130_만 75세 이상_디즈니+,KT,초이스130 (디즈니+),OTT/구독,디즈니+,디즈니+,,,,True,초이스 (택1),유튜브 프리미엄 2) / 넷플릭스 / 디즈니+ / 티빙/지니/밀리 / 폰케어 / 삼성 / 디바이스 / 가전구독 / 위버스,https://product.kt.com/wDic/productDetail.do?ItemCode=1681
1681_초이스130_만 75세 이상_디즈니+,KT,초이스130 (디즈니+),OTT/구독,지니뮤직,지니뮤직,,,,True,플러스 (택1),지니뮤직 / 밀리의서재 / 쇼핑라운지 할인쿠폰 5천원권 / 모아진,https://product.kt.com/wDic/productDetail.do?ItemCode=1681
1681_초이스130_만 75세 이상_디즈니+,KT,초이스130 (디즈니+),OTT/구독,밀리의서재,밀리의서재,,,,True,플러스 (택1),지니뮤직 / 밀리의서재 / 쇼핑라운지 할인쿠폰 5천원권 / 모아진,https://product.kt.com/wDic/productDetail.do?ItemCode=1681
1681_초이스130_만 75세 이상_디즈니+,KT,초이스130 (디즈니+),사은품/페이백,쇼핑라운지 할인쿠폰 5천원권,,,,,True,플러스 (택1),지니뮤직 / 밀리의서재 / 쇼핑라운지 할인쿠폰 5천원권 / 모아진,https://product.kt.com/wDic/productDetail.do?ItemCode=1681
1681_초이스130_만 75세 이상_디즈니+,KT,초이스130 (디즈니+),OTT/구독,모아진,,,,,True,플러스 (택1),지니뮤직 / 밀리의서재 / 쇼핑라운지 할인쿠폰 5천원권 / 모아진,https://product.kt.com/wDic/productDetail.do?ItemCode=1681
1681_초이스130_만 75세 이상_디즈니+,KT,초이스130 (디즈니+),멤버십,멤버십 VVIP,,,,,False,,멤버십: VVIP,https://product.kt.com/wDic/productDetail.do?ItemCode=1681
1681_초이스130_만 75세 이상_디즈니+,KT,초이스130 (디즈니+),기타,"단말보험 최대 4,500원 할인 3)",,,,,False,,"단말보험: 최대 4,500원 할인 3)",https://product.kt.com/wDic/productDetail.do?ItemCode=1681
1681_초이스130_만 75세 이상_디즈니+,KT,초이스130 (디즈니+),스마트기기,스마트기기 또는 데이터 쉐어링 스마트기기 월정액 2회선 / 데이터 쉐어링 1회선 할인,,,,,False,,스마트기기 또는 데이터 쉐어링: 스마트기기 월정액 2회선 / 데이터 쉐어링 1회선 할인,https://product.kt.com/wDic/productDetail.do?ItemCode=1681
1681_초이스130_만 75세 이상_디즈니+,KT,초이스130 (디즈니+),추가데이터,공유데이터 100GB,,,,,False,,공유데이터: 100GB,https://product.kt.com/wDic/productDetail.do?ItemCode=1681
1681_초이스130_만 75세 이상_디즈니+,KT,초이스130 (디즈니+),추가데이터,만 75세 이상 +100GB,,,,,False,,제공 혜택_75+덤 혜택_공유데이터: +100GB,https://product.kt.com/wDic/productDetail.do?ItemCode=1681
1681_초이스130_만 75세 이상_디즈니+,KT,초이스130 (디즈니+),기타,만 75세 이상 안심박스,,,,,False,,제공 혜택_75+덤 혜택_추가 혜택: 안심박스 자세히보기,https://product.kt.com/wDic/productDetail.do?ItemCode=1681
1681_초이스130_만 75세 이상_티빙/지니/밀리,KT,초이스130 (티빙/지니/밀리),OTT/구독,티빙/지니/밀리,티빙,,,,True,초이스 (택1),유튜브 프리미엄 2) / 넷플릭스 / 디즈니+ / 티빙/지니/밀리 / 폰케어 / 삼성 / 디바이스 / 가전구독 / 위버스,https://product.kt.com/wDic/productDetail.do?ItemCode=1681
1681_초이스130_만 75세 이상_티빙/지니/밀리,KT,초이스130 (티빙/지니/밀리),OTT/구독,지니뮤직,지니뮤직,,,,True,플러스 (택1),지니뮤직 / 밀리의서재 / 쇼핑라운지 할인쿠폰 5천원권 / 모아진,https://product.kt.com/wDic/productDetail.do?ItemCode=1681
1681_초이스130_만 75세 이상_티빙/지니/밀리,KT,초이스130 (티빙/지니/밀리),OTT/구독,밀리의서재,밀리의서재,,,,True,플러스 (택1),지니뮤직 / 밀리의서재 / 쇼핑라운지 할인쿠폰 5천원권 / 모아진,https://product.kt.com/wDic/productDetail.do?ItemCode=1681
1681_초이스130_만 75세 이상_티빙/지니/밀리,KT,초이스130 (티빙/지니/밀리),사은품/페이백,쇼핑라운지 할인쿠폰 5천원권,,,,,True,플러스 (택1),지니뮤직 / 밀리의서재 / 쇼핑라운지 할인쿠폰 5천원권 / 모아진,https://product.kt.com/wDic/productDetail.do?ItemCode=1681
1681_초이스130_만 75세 이상_티빙/지니/밀리,KT,초이스130 (티빙/지니/밀리),OTT/구독,모아진,,,,,True,플러스 (택1),지니뮤직 / 밀리의서재 / 쇼핑라운지 할인쿠폰 5천원권 / 모아진,https://product.kt.com/wDic/productDetail.do?ItemCode=1681
1681_초이스130_만 75세 이상_티빙/지니/밀리,KT,초이스130 (티빙/지니/밀리),멤버십,멤버십 VVIP,,,,,False,,멤버십: VVIP,https://product.kt.com/wDic/productDetail.do?ItemCode=1681
1681_초이스130_만 75세 이상_티빙/지니/밀리,KT,초이스130 (티빙/지니/밀리),기타,"단말보험 최대 4,500원 할인 3)",,,,,False,,"단말보험: 최대 4,500원 할인 3)",https://product.kt.com/wDic/productDetail.do?ItemCode=1681
1681_초이스130_만 75세 이상_티빙/지니/밀리,KT,초이스130 (티빙/지니/밀리),스마트기기,스마트기기 또는 데이터 쉐어링 스마트기기 월정액 2회선 / 데이터 쉐어링 1회선 할인,,,,,False,,스마트기기 또는 데이터 쉐어링: 스마트기기 월정액 2회선 / 데이터 쉐어링 1회선 할인,https://product.kt.com/wDic/productDetail.do?ItemCode=1681
1681_초이스130_만 75세 이상_티빙/지니/밀리,KT,초이스130 (티빙/지니/밀리),추가데이터,공유데이터 100GB,,,,,False,,공유데이터: 100GB,https://product.kt.com/wDic/productDetail.do?ItemCode=1681
1681_초이스130_만 75세 이상_티빙/지니/밀리,KT,초이스130 (티빙/지니/밀리),추가데이터,만 75세 이상 +100GB,,,,,False,,제공 혜택_75+덤 혜택_공유데이터: +100GB,https://product.kt.com/wDic/productDetail.do?ItemCode=1681
1681_초이스130_만 75세 이상_티빙/지니/밀리,KT,초이스130 (티빙/지니/밀리),기타,만 75세 이상 안심박스,,,,,False,,제공 혜택_75+덤 혜택_추가 혜택: 안심박스 자세히보기,https://product.kt.com/wDic/productDetail.do?ItemCode=1681
1681_초이스130_만 75세 이상_폰케어,KT,초이스130 (폰케어),기타,폰케어,폰케어,,,,True,초이스 (택1),유튜브 프리미엄 2) / 넷플릭스 / 디즈니+ / 티빙/지니/밀리 / 폰케어 / 삼성 / 디바이스 / 가전구독 / 위버스,https://product.kt.com/wDic/productDetail.do?ItemCode=1681
1681_초이스130_만 75세 이상_폰케어,KT,초이스130 (폰케어),OTT/구독,지니뮤직,지니뮤직,,,,True,플러스 (택1),지니뮤직 / 밀리의서재 / 쇼핑라운지 할인쿠폰 5천원권 / 모아진,https://product.kt.com/wDic/productDetail.do?ItemCode=1681
1681_초이스130_만 75세 이상_폰케어,KT,초이스130 (폰케어),OTT/구독,밀리의서재,밀리의서재,,,,True,플러스 (택1),지니뮤직 / 밀리의서재 / 쇼핑라운지 할인쿠폰 5천원권 / 모아진,https://product.kt.com/wDic/productDetail.do?ItemCode=1681
1681_초이스130_만 75세 이상_폰케어,KT,초이스130 (폰케어),사은품/페이백,쇼핑라운지 할인쿠폰 5천원권,,,,,True,플러스 (택1),지니뮤직 / 밀리의서재 / 쇼핑라운지 할인쿠폰 5천원권 / 모아진,https://product.kt.com/wDic/productDetail.do?ItemCode=1681
1681_초이스130_만 75세 이상_폰케어,KT,초이스130 (폰케어),OTT/구독,모아진,,,,,True,플러스 (택1),지니뮤직 / 밀리의서재 / 쇼핑라운지 할인쿠폰 5천원권 / 모아진,https://product.kt.com/wDic/productDetail.do?ItemCode=1681
1681_초이스130_만 75세 이상_폰케어,KT,초이스130 (폰케어),멤버십,멤버십 VVIP,,,,,False,,멤버십: VVIP,https://product.kt.com/wDic/productDetail.do?ItemCode=1681
1681_초이스130_만 75세 이상_폰케어,KT,초이스130 (폰케어),기타,"단말보험 최대 4,500원 할인 3)",,,,,False,,"단말보험: 최대 4,500원 할인 3)",https://product.kt.com/wDic/productDetail.do?ItemCode=1681
1681_초이스130_만 75세 이상_폰케어,KT,초이스130 (폰케어),스마트기기,스마트기기 또는 데이터 쉐어링 스마트기기 월정액 2회선 / 데이터 쉐어링 1회선 할인,,,,,False,,스마트기기 또는 데이터 쉐어링: 스마트기기 월정액 2회선 / 데이터 쉐어링 1회선 할인,https://product.kt.com/wDic/productDetail.do?ItemCode=1681
1681_초이스130_만 75세 이상_폰케어,KT,초이스130 (폰케어),추가데이터,공유데이터 100GB,,,,,False,,공유데이터: 100GB,https://product.kt.com/wDic/productDetail.do?ItemCode=1681
1681_초이스130_만 75세 이상_폰케어,KT,초이스130 (폰케어),추가데이터,만 75세 이상 +100GB,,,,,False,,제공 혜택_75+덤 혜택_공유데이터: +100GB,https://product.kt.com/wDic/productDetail.do?ItemCode=1681
1681_초이스130_만 75세 이상_폰케어,KT,초이스130 (폰케어),기타,만 75세 이상 안심박스,,,,,False,,제공 혜택_75+덤 혜택_추가 혜택: 안심박스 자세히보기,https://product.kt.com/wDic/productDetail.do?ItemCode=1681
1681_초이스130_만 75세 이상_삼성,KT,초이스130 (삼성),OTT/구독,삼성,삼성 디바이스,,,,True,초이스 (택1),유튜브 프리미엄 2) / 넷플릭스 / 디즈니+ / 티빙/지니/밀리 / 폰케어 / 삼성 / 디바이스 / 가전구독 / 위버스,https://product.kt.com/wDic/productDetail.do?ItemCode=1681
1681_초이스130_만 75세 이상_삼성,KT,초이스130 (삼성),OTT/구독,지니뮤직,지니뮤직,,,,True,플러스 (택1),지니뮤직 / 밀리의서재 / 쇼핑라운지 할인쿠폰 5천원권 / 모아진,https://product.kt.com/wDic/productDetail.do?ItemCode=1681
1681_초이스130_만 75세 이상_삼성,KT,초이스130 (삼성),OTT/구독,밀리의서재,밀리의서재,,,,True,플러스 (택1),지니뮤직 / 밀리의서재 / 쇼핑라운지 할인쿠폰 5천원권 / 모아진,https://product.kt.com/wDic/productDetail.do?ItemCode=1681
1681_초이스130_만 75세 이상_삼성,KT,초이스130 (삼성),사은품/페이백,쇼핑라운지 할인쿠폰 5천원권,,,,,True,플러스 (택1),지니뮤직 / 밀리의서재 / 쇼핑라운지 할인쿠폰 5천원권 / 모아진,https://product.kt.com/wDic/productDetail.do?ItemCode=1681
1681_초이스130_만 75세 이상_삼성,KT,초이스130 (삼성),OTT/구독,모아진,,,,,True,플러스 (택1),지니뮤직 / 밀리의서재 / 쇼핑라운지 할인쿠폰 5천원권 / 모아진,https://product.kt.com/wDic/productDetail.do?ItemCode=1681
1681_초이스130_만 75세 이상_삼성,KT,초이스130 (삼성),멤버십,멤버십 VVIP,,,,,False,,멤버십: VVIP,https://product.kt.com/wDic/productDetail.do?ItemCode=1681
1681_초이스130_만 75세 이상_삼성,KT,초이스130 (삼성),기타,"단말보험 최대 4,500원 할인 3)",,,,,False,,"단말보험: 최대 4,500원 할인 3)",https://product.kt.com/wDic/productDetail.do?ItemCode=1681
1681_초이스130_만 75세 이상_삼성,KT,초이스130 (삼성),스마트기기,스마트기기 또는 데이터 쉐어링 스마트기기 월정액 2회선 / 데이터 쉐어링 1회선 할인,,,,,False,,스마트기기 또는 데이터 쉐어링: 스마트기기 월정액 2회선 / 데이터 쉐어링 1회선 할인,https://product.kt.com/wDic/productDetail.do?ItemCode=1681
1681_초이스130_만 75세 이상_삼성,KT,초이스130 (삼성),추가데이터,공유데이터 100GB,,,,,False,,공유데이터: 100GB,https://product.kt.com/wDic/productDetail.do?ItemCode=1681
1681_초이스130_만 75세 이상_삼성,KT,초이스130 (삼성),추가데이터,만 75세 이상 +100GB,,,,,False,,제공 혜택_75+덤 혜택_공유데이터: +100GB,https://product.kt.com/wDic/productDetail.do?ItemCode=1681
1681_초이스130_만 75세 이상_삼성,KT,초이스130 (삼성),기타,만 75세 이상 안심박스,,,,,False,,제공 혜택_75+덤 혜택_추가 혜택: 안심박스 자세히보기,https://product.kt.com/wDic/productDetail.do?ItemCode=1681
1681_초이스130_만 75세 이상_디바이스,KT,초이스130 (디바이스),스마트기기,디바이스,,,,,True,초이스 (택1),유튜브 프리미엄 2) / 넷플릭스 / 디즈니+ / 티빙/지니/밀리 / 폰케어 / 삼성 / 디바이스 / 가전구독 / 위버스,https://product.kt.com/wDic/productDetail.do?ItemCode=1681
1681_초이스130_만 75세 이상_디바이스,KT,초이스130 (디바이스),OTT/구독,지니뮤직,지니뮤직,,,,True,플러스 (택1),지니뮤직 / 밀리의서재 / 쇼핑라운지 할인쿠폰 5천원권 / 모아진,https://product.kt.com/wDic/productDetail.do?ItemCode=1681
1681_초이스130_만 75세 이상_디바이스,KT,초이스130 (디바이스),OTT/구독,밀리의서재,밀리의서재,,,,True,플러스 (택1),지니뮤직 / 밀리의서재 / 쇼핑라운지 할인쿠폰 5천원권 / 모아진,https://product.kt.com/wDic/productDetail.do?ItemCode=1681
1681_초이스130_만 75세 이상_디바이스,KT,초이스130 (디바이스),사은품/페이백,쇼핑라운지 할인쿠폰 5천원권,,,,,True,플러스 (택1),지니뮤직 / 밀리의서재 / 쇼핑라운지 할인쿠폰 5천원권 / 모아진,https://product.kt.com/wDic/productDetail.do?ItemCode=1681
1681_초이스130_만 75세 이상_디바이스,KT,초이스130 (디바이스),OTT/구독,모아진,,,,,True,플러스 (택1),지니뮤직 / 밀리의서재 / 쇼핑라운지 할인쿠폰 5천원권 / 모아진,https://product.kt.com/wDic/productDetail.do?ItemCode=1681
1681_초이스130_만 75세 이상_디바이스,KT,초이스130 (디바이스),멤버십,멤버십 VVIP,,,,,False,,멤버십: VVIP,https://product.kt.com/wDic/productDetail.do?ItemCode=1681
1681_초이스130_만 75세 이상_디바이스,KT,초이스130 (디바이스),기타,"단말보험 최대 4,500원 할인 3)",,,,,False,,"단말보험: 최대 4,500원 할인 3)",https://product.kt.com/wDic/productDetail.do?ItemCode=1681
1681_초이스130_만 75세 이상_디바이스,KT,초이스130 (디바이스),스마트기기,스마트기기 또는 데이터 쉐어링 스마트기기 월정액 2회선 / 데이터 쉐어링 1회선 할인,,,,,False,,스마트기기 또는 데이터 쉐어링: 스마트기기 월정액 2회선 / 데이터 쉐어링 1회선 할인,https://product.kt.com/wDic/productDetail.do?ItemCode=1681
1681_초이스130_만 75세 이상_디바이스,KT,초이스130 (디바이스),추가데이터,공유데이터 100GB,,,,,False,,공유데이터: 100GB,https://product.kt.com/wDic/productDetail.do?ItemCode=1681
1681_초이스130_만 75세 이상_디바이스,KT,초이스130 (디바이스),추가데이터,만 75세 이상 +100GB,,,,,False,,제공 혜택_75+덤 혜택_공유데이터: +100GB,https://product.kt.com/wDic/productDetail.do?ItemCode=1681
1681_초이스130_만 75세 이상_디바이스,KT,초이스130 (디바이스),기타,만 75세 이상 안심박스,,,,,False,,제공 혜택_75+덤 혜택_추가 혜택: 안심박스 자세히보기,https://product.kt.com/wDic/productDetail.do?ItemCode=1681
1681_초이스130_만 75세 이상_가전구독,KT,초이스130 (가전구독),OTT/구독,가전구독,가전구독,,,,True,초이스 (택1),유튜브 프리미엄 2) / 넷플릭스 / 디즈니+ / 티빙/지니/밀리 / 폰케어 / 삼성 / 디바이스 / 가전구독 / 위버스,https://product.kt.com/wDic/productDetail.do?ItemCode=1681
1681_초이스130_만 75세 이상_가전구독,KT,초이스130 (가전구독),OTT/구독,지니뮤직,지니뮤직,,,,True,플러스 (택1),지니뮤직 / 밀리의서재 / 쇼핑라운지 할인쿠폰 5천원권 / 모아진,https://product.kt.com/wDic/productDetail.do?ItemCode=1681
1681_초이스130_만 75세 이상_가전구독,KT,초이스130 (가전구독),OTT/구독,밀리의서재,밀리의서재,,,,True,플러스 (택1),지니뮤직 / 밀리의서재 / 쇼핑라운지 할인쿠폰 5천원권 / 모아진,https://product.kt.com/wDic/productDetail.do?ItemCode=1681
1681_초이스130_만 75세 이상_가전구독,KT,초이스130 (가전구독),사은품/페이백,쇼핑라운지 할인쿠폰 5천원권,,,,,True,플러스 (택1),지니뮤직 / 밀리의서재 / 쇼핑라운지 할인쿠폰 5천원권 / 모아진,https://product.kt.com/wDic/productDetail.do?ItemCode=1681
1681_초이스130_만 75세 이상_가전구독,KT,초이스130 (가전구독),OTT/구독,모아진,,,,,True,플러스 (택1),지니뮤직 / 밀리의서재 / 쇼핑라운지 할인쿠폰 5천원권 / 모아진,https://product.kt.com/wDic/productDetail.do?ItemCode=1681
1681_초이스130_만 75세 이상_가전구독,KT,초이스130 (가전구독),멤버십,멤버십 VVIP,,,,,False,,멤버십: VVIP,https://product.kt.com/wDic/productDetail.do?ItemCode=1681
1681_초이스130_만 75세 이상_가전구독,KT,초이스130 (가전구독),기타,"단말보험 최대 4,500원 할인 3)",,,,,False,,"단말보험: 최대 4,500원 할인 3)",https://product.kt.com/wDic/productDetail.do?ItemCode=1681
1681_초이스130_만 75세 이상_가전구독,KT,초이스130 (가전구독),스마트기기,스마트기기 또는 데이터 쉐어링 스마트기기 월정액 2회선 / 데이터 쉐어링 1회선 할인,,,,,False,,스마트기기 또는 데이터 쉐어링: 스마트기기 월정액 2회선 / 데이터 쉐어링 1회선 할인,https://product.kt.com/wDic/productDetail.do?ItemCode=1681
1681_초이스130_만 75세 이상_가전구독,KT,초이스130 (가전구독),추가데이터,공유데이터 100GB,,,,,False,,공유데이터: 100GB,https://product.kt.com/wDic/productDetail.do?ItemCode=1681
1681_초이스130_만 75세 이상_가전구독,KT,초이스130 (가전구독),추가데이터,만 75세 이상 +100GB,,,,,False,,제공 혜택_75+덤 혜택_공유데이터: +100GB,https://product.kt.com/wDic/productDetail.do?ItemCode=1681
1681_초이스130_만 75세 이상_가전구독,KT,초이스130 (가전구독),기타,만 75세 이상 안심박스,,,,,False,,제공 혜택_75+덤 혜택_추가 혜택: 안심박스 자세히보기,https://product.kt.com/wDic/productDetail.do?ItemCode=1681
1681_초이스130_만 75세 이상_위버스,KT,초이스130 (위버스),OTT/구독,위버스,위버스,,,,True,초이스 (택1),유튜브 프리미엄 2) / 넷플릭스 / 디즈니+ / 티빙/지니/밀리 / 폰케어 / 삼성 / 디바이스 / 가전구독 / 위버스,https://product.kt.com/wDic/productDetail.do?ItemCode=1681
1681_초이스130_만 75세 이상_위버스,KT,초이스130 (위버스),OTT/구독,지니뮤직,지니뮤직,,,,True,플러스 (택1),지니뮤직 / 밀리의서재 / 쇼핑라운지 할인쿠폰 5천원권 / 모아진,https://product.kt.com/wDic/productDetail.do?ItemCode=1681
1681_초이스130_만 75세 이상_위버스,KT,초이스130 (위버스),OTT/구독,밀리의서재,밀리의서재,,,,True,플러스 (택1),지니뮤직 / 밀리의서재 / 쇼핑라운지 할인쿠폰 5천원권 / 모아진,https://product.kt.com/wDic/productDetail.do?ItemCode=1681
1681_초이스130_만 75세 이상_위버스,KT,초이스130 (위버스),사은품/페이백,쇼핑라운지 할인쿠폰 5천원권,,,,,True,플러스 (택1),지니뮤직 / 밀리의서재 / 쇼핑라운지 할인쿠폰 5천원권 / 모아진,https://product.kt.com/wDic/productDetail.do?ItemCode=1681
1681_초이스130_만 75세 이상_위버스,KT,초이스130 (위버스),OTT/구독,모아진,,,,,True,플러스 (택1),지니뮤직 / 밀리의서재 / 쇼핑라운지 할인쿠폰 5천원권 / 모아진,https://product.kt.com/wDic/productDetail.do?ItemCode=1681
1681_초이스130_만 75세 이상_위버스,KT,초이스130 (위버스),멤버십,멤버십 VVIP,,,,,False,,멤버십: VVIP,https://product.kt.com/wDic/productDetail.do?ItemCode=1681
1681_초이스130_만 75세 이상_위버스,KT,초이스130 (위버스),기타,"단말보험 최대 4,500원 할인 3)",,,,,False,,"단말보험: 최대 4,500원 할인 3)",https://product.kt.com/wDic/productDetail.do?ItemCode=1681
1681_초이스130_만 75세 이상_위버스,KT,초이스130 (위버스),스마트기기,스마트기기 또는 데이터 쉐어링 스마트기기 월정액 2회선 / 데이터 쉐어링 1회선 할인,,,,,False,,스마트기기 또는 데이터 쉐어링: 스마트기기 월정액 2회선 / 데이터 쉐어링 1회선 할인,https://product.kt.com/wDic/productDetail.do?ItemCode=1681
1681_초이스130_만 75세 이상_위버스,KT,초이스130 (위버스),추가데이터,공유데이터 100GB,,,,,False,,공유데이터: 100GB,https://product.kt.com/wDic/productDetail.do?ItemCode=1681
1681_초이스130_만 75세 이상_위버스,KT,초이스130 (위버스),추가데이터,만 75세 이상 +100GB,,,,,False,,제공 혜택_75+덤 혜택_공유데이터: +100GB,https://product.kt.com/wDic/productDetail.do?ItemCode=1681
1681_초이스130_만 75세 이상_위버스,KT,초이스130 (위버스),기타,만 75세 이상 안심박스,,,,,False,,제공 혜택_75+덤 혜택_추가 혜택: 안심박스 자세히보기,https://product.kt.com/wDic/productDetail.do?ItemCode=1681
1681_초이스110_만 75세 이상_유튜브프리미엄,KT,초이스110 (유튜브 프리미엄),OTT/구독,유튜브 프리미엄,유튜브 프리미엄,,,,True,초이스 (택1),유튜브 프리미엄 2) / 넷플릭스 / 디즈니+ / 티빙/지니/밀리 / 폰케어 / 삼성 / 디바이스 / 가전구독 / 위버스,https://product.kt.com/wDic/productDetail.do?ItemCode=1681
1681_초이스110_만 75세 이상_유튜브프리미엄,KT,초이스110 (유튜브 프리미엄),OTT/구독,지니뮤직,지니뮤직,,,,True,플러스 (택1),지니뮤직 / 밀리의서재 / 쇼핑라운지 할인쿠폰 5천원권 / 모아진,https://product.kt.com/wDic/productDetail.do?ItemCode=1681
1681_초이스110_만 75세 이상_유튜브프리미엄,KT,초이스110 (유튜브 프리미엄),OTT/구독,밀리의서재,밀리의서재,,,,True,플러스 (택1),지니뮤직 / 밀리의서재 / 쇼핑라운지 할인쿠폰 5천원권 / 모아진,https://product.kt.com/wDic/productDetail.do?ItemCode=1681
1681_초이스110_만 75세 이상_유튜브프리미엄,KT,초이스110 (유튜브 프리미엄),사은품/페이백,쇼핑라운지 할인쿠폰 5천원권,,,,,True,플러스 (택1),지니뮤직 / 밀리의서재 / 쇼핑라운지 할인쿠폰 5천원권 / 모아진,https://product.kt.com/wDic/productDetail.do?ItemCode=1681
1681_초이스110_만 75세 이상_유튜브프리미엄,KT,초이스110 (유튜브 프리미엄),OTT/구독,모아진,,,,,True,플러스 (택1),지니뮤직 / 밀리의서재 / 쇼핑라운지 할인쿠폰 5천원권 / 모아진,https://product.kt.com/wDic/productDetail.do?ItemCode=1681
1681_초이스110_만 75세 이상_유튜브프리미엄,KT,초이스110 (유튜브 프리미엄),멤버십,멤버십 VVIP,,,,,False,,멤버십: VVIP,https://product.kt.com/wDic/productDetail.do?ItemCode=1681
1681_초이스110_만 75세 이상_유튜브프리미엄,KT,초이스110 (유튜브 프리미엄),기타,"단말보험 최대 4,500원 할인 3)",,,,,False,,"단말보험: 최대 4,500원 할인 3)",https://product.kt.com/wDic/productDetail.do?ItemCode=1681
1681_초이스110_만 75세 이상_유튜브프리미엄,KT,초이스110 (유튜브 프리미엄),스마트기기,스마트기기 또는 데이터 쉐어링 스마트기기 월정액 / 데이터 쉐어링 각 1회선 할인,,,,,False,,스마트기기 또는 데이터 쉐어링: 스마트기기 월정액 / 데이터 쉐어링 각 1회선 할인,https://product.kt.com/wDic/productDetail.do?ItemCode=1681
1681_초이스110_만 75세 이상_유튜브프리미엄,KT,초이스110 (유튜브 프리미엄),추가데이터,공유데이터 80GB,,,,,False,,공유데이터: 80GB,https://product.kt.com/wDic/productDetail.do?ItemCode=1681
1681_초이스110_만 75세 이상_유튜브프리미엄,KT,초이스110 (유튜브 프리미엄),추가데이터,만 75세 이상 +80GB,,,,,False,,제공 혜택_75+덤 혜택_공유데이터: +80GB,https://product.kt.com/wDic/productDetail.do?ItemCode=1681
1681_초이스110_만 75세 이상_유튜브프리미엄,KT,초이스110 (유튜브 프리미엄),기타,만 75세 이상 안심박스,,,,,False,,제공 혜택_75+덤 혜택_추가 혜택: 안심박스 자세히보기,https://product.kt.com/wDic/productDetail.do?ItemCode=1681
1681_초이스110_만 75세 이상_넷플릭스,KT,초이스110 (넷플릭스),OTT/구독,넷플릭스,넷플릭스,,,,True,초이스 (택1),유튜브 프리미엄 2) / 넷플릭스 / 디즈니+ / 티빙/지니/밀리 / 폰케어 / 삼성 / 디바이스 / 가전구독 / 위버스,https://product.kt.com/wDic/productDetail.do?ItemCode=1681
1681_초이스110_만 75세 이상_넷플릭스,KT,초이스110 (넷플릭스),OTT/구독,지니뮤직,지니뮤직,,,,True,플러스 (택1),지니뮤직 / 밀리의서재 / 쇼핑라운지 할인쿠폰 5천원권 / 모아진,https://product.kt.com/wDic/productDetail.do?ItemCode=1681
1681_초이스110_만 75세 이상_넷플릭스,KT,초이스110 (넷플릭스),OTT/구독,밀리의서재,밀리의서재,,,,True,플러스 (택1),지니뮤직 / 밀리의서재 / 쇼핑라운지 할인쿠폰 5천원권 / 모아진,https://product.kt.com/wDic/productDetail.do?ItemCode=1681
1681_초이스110_만 75세 이상_넷플릭스,KT,초이스110 (넷플릭스),사은품/페이백,쇼핑라운지 할인쿠폰 5천원권,,,,,True,플러스 (택1),지니뮤직 / 밀리의서재 / 쇼핑라운지 할인쿠폰 5천원권 / 모아진,https://product.kt.com/wDic/productDetail.do?ItemCode=1681
1681_초이스110_만 75세 이상_넷플릭스,KT,초이스110 (넷플릭스),OTT/구독,모아진,,,,,True,플러스 (택1),지니뮤직 / 밀리의서재 / 쇼핑라운지 할인쿠폰 5천원권 / 모아진,https://product.kt.com/wDic/productDetail.do?ItemCode=1681
1681_초이스110_만 75세 이상_넷플릭스,KT,초이스110 (넷플릭스),멤버십,멤버십 VVIP,,,,,False,,멤버십: VVIP,https://product.kt.com/wDic/productDetail.do?ItemCode=1681
1681_초이스110_만 75세 이상_넷플릭스,KT,초이스110 (넷플릭스),기타,"단말보험 최대 4,500원 할인 3)",,,,,False,,"단말보험: 최대 4,500원 할인 3)",https://product.kt.com/wDic/productDetail.do?ItemCode=1681
1681_초이스110_만 75세 이상_넷플릭스,KT,초이스110 (넷플릭스),스마트기기,스마트기기 또는 데이터 쉐어링 스마트기기 월정액 / 데이터 쉐어링 각 1회선 할인,,,,,False,,스마트기기 또는 데이터 쉐어링: 스마트기기 월정액 / 데이터 쉐어링 각 1회선 할인,https://product.kt.com/wDic/productDetail.do?ItemCode=1681
1681_초이스110_만 75세 이상_넷플릭스,KT,초이스110 (넷플릭스),추가데이터,공유데이터 80GB,,,,,False,,공유데이터: 80GB,https://product.kt.com/wDic/productDetail.do?ItemCode=1681
1681_초이스110_만 75세 이상_넷플릭스,KT,초이스110 (넷플릭스),추가데이터,만 75세 이상 +80GB,,,,,False,,제공 혜택_75+덤 혜택_공유데이터: +80GB,https://product.kt.com/wDic/productDetail.do?ItemCode=1681
1681_초이스110_만 75세 이상_넷플릭스,KT,초이스110 (넷플릭스),기타,만 75세 이상 안심박스,,,,,False,,제공 혜택_75+덤 혜택_추가 혜택: 안심박스 자세히보기,https://product.kt.com/wDic/productDetail.do?ItemCode=1681
1681_초이스110_만 75세 이상_디즈니+,KT,초이스110 (디즈니+),OTT/구독,디즈니+,디즈니+,,,,True,초이스 (택1),유튜브 프리미엄 2) / 넷플릭스 / 디즈니+ / 티빙/지니/밀리 / 폰케어 / 삼성 / 디바이스 / 가전구독 / 위버스,https://product.kt.com/wDic/productDetail.do?ItemCode=1681
1681_초이스110_만 75세 이상_디즈니+,KT,초이스110 (디즈니+),OTT/구독,지니뮤직,지니뮤직,,,,True,플러스 (택1),지니뮤직 / 밀리의서재 / 쇼핑라운지 할인쿠폰 5천원권 / 모아진,https://product.kt.com/wDic/productDetail.do?ItemCode=1681
1681_초이스110_만 75세 이상_디즈니+,KT,초이스110 (디즈니+),OTT/구독,밀리의서재,밀리의서재,,,,True,플러스 (택1),지니뮤직 / 밀리의서재 / 쇼핑라운지 할인쿠폰 5천원권 / 모아진,https://product.kt.com/wDic/productDetail.do?ItemCode=1681
1681_초이스110_만 75세 이상_디즈니+,KT,초이스110 (디즈니+),사은품/페이백,쇼핑라운지 할인쿠폰 5천원권,,,,,True,플러스 (택1),지니뮤직 / 밀리의서재 / 쇼핑라운지 할인쿠폰 5천원권 / 모아진,https://product.kt.com/wDic/productDetail.do?ItemCode=1681
1681_초이스110_만 75세 이상_디즈니+,KT,초이스110 (디즈니+),OTT/구독,모아진,,,,,True,플러스 (택1),지니뮤직 / 밀리의서재 / 쇼핑라운지 할인쿠폰 5천원권 / 모아진,https://product.kt.com/wDic/productDetail.do?ItemCode=1681
1681_초이스110_만 75세 이상_디즈니+,KT,초이스110 (디즈니+),멤버십,멤버십 VVIP,,,,,False,,멤버십: VVIP,https://product.kt.com/wDic/productDetail.do?ItemCode=1681
1681_초이스110_만 75세 이상_디즈니+,KT,초이스110 (디즈니+),기타,"단말보험 최대 4,500원 할인 3)",,,,,False,,"단말보험: 최대 4,500원 할인 3)",https://product.kt.com/wDic/productDetail.do?ItemCode=1681
1681_초이스110_만 75세 이상_디즈니+,KT,초이스110 (디즈니+),스마트기기,스마트기기 또는 데이터 쉐어링 스마트기기 월정액 / 데이터 쉐어링 각 1회선 할인,,,,,False,,스마트기기 또는 데이터 쉐어링: 스마트기기 월정액 / 데이터 쉐어링 각 1회선 할인,https://product.kt.com/wDic/productDetail.do?ItemCode=1681
1681_초이스110_만 75세 이상_디즈니+,KT,초이스110 (디즈니+),추가데이터,공유데이터 80GB,,,,,False,,공유데이터: 80GB,https://product.kt.com/wDic/productDetail.do?ItemCode=1681
1681_초이스110_만 75세 이상_디즈니+,KT,초이스110 (디즈니+),추가데이터,만 75세 이상 +80GB,,,,,False,,제공 혜택_75+덤 혜택_공유데이터: +80GB,https://product.kt.com/wDic/productDetail.do?ItemCode=1681
1681_초이스110_만 75세 이상_디즈니+,KT,초이스110 (디즈니+),기타,만 75세 이상 안심박스,,,,,False,,제공 혜택_75+덤 혜택_추가 혜택: 안심박스 자세히보기,https://product.kt.com/wDic/productDetail.do?ItemCode=1681
1681_초이스110_만 75세 이상_티빙/지니/밀리,KT,초이스110 (티빙/지니/밀리),OTT/구독,티빙/지니/밀리,티빙,,,,True,초이스 (택1),유튜브 프리미엄 2) / 넷플릭스 / 디즈니+ / 티빙/지니/밀리 / 폰케어 / 삼성 / 디바이스 / 가전구독 / 위버스,https://product.kt.com/wDic/productDetail.do?ItemCode=1681
1681_초이스110_만 75세 이상_티빙/지니/밀리,KT,초이스110 (티빙/지니/밀리),OTT/구독,지니뮤직,지니뮤직,,,,True,플러스 (택1),지니뮤직 / 밀리의서재 / 쇼핑라운지 할인쿠폰 5천원권 / 모아진,https://product.kt.com/wDic/productDetail.do?ItemCode=1681
1681_초이스110_만 75세 이상_티빙/지니/밀리,KT,초이스110 (티빙/지니/밀리),OTT/구독,밀리의서재,밀리의서재,,,,True,플러스 (택1),지니뮤직 / 밀리의서재 / 쇼핑라운지 할인쿠폰 5천원권 / 모아진,https://product.kt.com/wDic/productDetail.do?ItemCode=1681
1681_초이스110_만 75세 이상_티빙/지니/밀리,KT,초이스110 (티빙/지니/밀리),사은품/페이백,쇼핑라운지 할인쿠폰 5천원권,,,,,True,플러스 (택1),지니뮤직 / 밀리의서재 / 쇼핑라운지 할인쿠폰 5천원권 / 모아진,https://product.kt.com/wDic/productDetail.do?ItemCode=1681
1681_초이스110_만 75세 이상_티빙/지니/밀리,KT,초이스110 (티빙/지니/밀리),OTT/구독,모아진,,,,,True,플러스 (택1),지니뮤직 / 밀리의서재 / 쇼핑라운지 할인쿠폰 5천원권 / 모아진,https://product.kt.com/wDic/productDetail.do?ItemCode=1681
1681_초이스110_만 75세 이상_티빙/지니/밀리,KT,초이스110 (티빙/지니/밀리),멤버십,멤버십 VVIP,,,,,False,,멤버십: VVIP,https://product.kt.com/wDic/productDetail.do?ItemCode=1681
1681_초이스110_만 75세 이상_티빙/지니/밀리,KT,초이스110 (티빙/지니/밀리),기타,"단말보험 최대 4,500원 할인 3)",,,,,False,,"단말보험: 최대 4,500원 할인 3)",https://product.kt.com/wDic/productDetail.do?ItemCode=1681
1681_초이스110_만 75세 이상_티빙/지니/밀리,KT,초이스110 (티빙/지니/밀리),스마트기기,스마트기기 또는 데이터 쉐어링 스마트기기 월정액 / 데이터 쉐어링 각 1회선 할인,,,,,False,,스마트기기 또는 데이터 쉐어링: 스마트기기 월정액 / 데이터 쉐어링 각 1회선 할인,https://product.kt.com/wDic/productDetail.do?ItemCode=1681
1681_초이스110_만 75세 이상_티빙/지니/밀리,KT,초이스110 (티빙/지니/밀리),추가데이터,공유데이터 80GB,,,,,False,,공유데이터: 80GB,https://product.kt.com/wDic/productDetail.do?ItemCode=1681
1681_초이스110_만 75세 이상_티빙/지니/밀리,KT,초이스110 (티빙/지니/밀리),추가데이터,만 75세 이상 +80GB,,,,,False,,제공 혜택_75+덤 혜택_공유데이터: +80GB,https://product.kt.com/wDic/productDetail.do?ItemCode=1681
1681_초이스110_만 75세 이상_티빙/지니/밀리,KT,초이스110 (티빙/지니/밀리),기타,만 75세 이상 안심박스,,,,,False,,제공 혜택_75+덤 혜택_추가 혜택: 안심박스 자세히보기,https://product.kt.com/wDic/productDetail.do?ItemCode=1681
1681_초이스110_만 75세 이상_폰케어,KT,초이스110 (폰케어),기타,폰케어,폰케어,,,,True,초이스 (택1),유튜브 프리미엄 2) / 넷플릭스 / 디즈니+ / 티빙/지니/밀리 / 폰케어 / 삼성 / 디바이스 / 가전구독 / 위버스,https://product.kt.com/wDic/productDetail.do?ItemCode=1681
1681_초이스110_만 75세 이상_폰케어,KT,초이스110 (폰케어),OTT/구독,지니뮤직,지니뮤직,,,,True,플러스 (택1),지니뮤직 / 밀리의서재 / 쇼핑라운지 할인쿠폰 5천원권 / 모아진,https://product.kt.com/wDic/productDetail.do?ItemCode=1681
1681_초이스110_만 75세 이상_폰케어,KT,초이스110 (폰케어),OTT/구독,밀리의서재,밀리의서재,,,,True,플러스 (택1),지니뮤직 / 밀리의서재 / 쇼핑라운지 할인쿠폰 5천원권 / 모아진,https://product.kt.com/wDic/productDetail.do?ItemCode=1681
1681_초이스110_만 75세 이상_폰케어,KT,초이스110 (폰케어),사은품/페이백,쇼핑라운지 할인쿠폰 5천원권,,,,,True,플러스 (택1),지니뮤직 / 밀리의서재 / 쇼핑라운지 할인쿠폰 5천원권 / 모아진,https://product.kt.com/wDic/productDetail.do?ItemCode=1681
1681_초이스110_만 75세 이상_폰케어,KT,초이스110 (폰케어),OTT/구독,모아진,,,,,True,플러스 (택1),지니뮤직 / 밀리의서재 / 쇼핑라운지 할인쿠폰 5천원권 / 모아진,https://product.kt.com/wDic/productDetail.do?ItemCode=1681
1681_초이스110_만 75세 이상_폰케어,KT,초이스110 (폰케어),멤버십,멤버십 VVIP,,,,,False,,멤버십: VVIP,https://product.kt.com/wDic/productDetail.do?ItemCode=1681
1681_초이스110_만 75세 이상_폰케어,KT,초이스110 (폰케어),기타,"단말보험 최대 4,500원 할인 3)",,,,,False,,"단말보험: 최대 4,500원 할인 3)",https://product.kt.com/wDic/productDetail.do?ItemCode=1681
1681_초이스110_만 75세 이상_폰케어,KT,초이스110 (폰케어),스마트기기,스마트기기 또는 데이터 쉐어링 스마트기기 월정액 / 데이터 쉐어링 각 1회선 할인,,,,,False,,스마트기기 또는 데이터 쉐어링: 스마트기기 월정액 / 데이터 쉐어링 각 1회선 할인,https://product.kt.com/wDic/productDetail.do?ItemCode=1681
1681_초이스110_만 75세 이상_폰케어,KT,초이스110 (폰케어),추가데이터,공유데이터 80GB,,,,,False,,공유데이터: 80GB,https://product.kt.com/wDic/productDetail.do?ItemCode=1681
1681_초이스110_만 75세 이상_폰케어,KT,초이스110 (폰케어),추가데이터,만 75세 이상 +80GB,,,,,False,,제공 혜택_75+덤 혜택_공유데이터: +80GB,https://product.kt.com/wDic/productDetail.do?ItemCode=1681
1681_초이스110_만 75세 이상_폰케어,KT,초이스110 (폰케어),기타,만 75세 이상 안심박스,,,,,False,,제공 혜택_75+덤 혜택_추가 혜택: 안심박스 자세히보기,https://product.kt.com/wDic/productDetail.do?ItemCode=1681
1681_초이스110_만 75세 이상_삼성,KT,초이스110 (삼성),OTT/구독,삼성,삼성 디바이스,,,,True,초이스 (택1),유튜브 프리미엄 2) / 넷플릭스 / 디즈니+ / 티빙/지니/밀리 / 폰케어 / 삼성 / 디바이스 / 가전구독 / 위버스,https://product.kt.com/wDic/productDetail.do?ItemCode=1681
1681_초이스110_만 75세 이상_삼성,KT,초이스110 (삼성),OTT/구독,지니뮤직,지니뮤직,,,,True,플러스 (택1),지니뮤직 / 밀리의서재 / 쇼핑라운지 할인쿠폰 5천원권 / 모아진,https://product.kt.com/wDic/productDetail.do?ItemCode=1681
1681_초이스110_만 75세 이상_삼성,KT,초이스110 (삼성),OTT/구독,밀리의서재,밀리의서재,,,,True,플러스 (택1),지니뮤직 / 밀리의서재 / 쇼핑라운지 할인쿠폰 5천원권 / 모아진,https://product.kt.com/wDic/productDetail.do?ItemCode=1681
1681_초이스110_만 75세 이상_삼성,KT,초이스110 (삼성),사은품/페이백,쇼핑라운지 할인쿠폰 5천원권,,,,,True,플러스 (택1),지니뮤직 / 밀리의서재 / 쇼핑라운지 할인쿠폰 5천원권 / 모아진,https://product.kt.com/wDic/productDetail.do?ItemCode=1681
1681_초이스110_만 75세 이상_삼성,KT,초이스110 (삼성),OTT/구독,모아진,,,,,True,플러스 (택1),지니뮤직 / 밀리의서재 / 쇼핑라운지 할인쿠폰 5천원권 / 모아진,https://product.kt.com/wDic/productDetail.do?ItemCode=1681
1681_초이스110_만 75세 이상_삼성,KT,초이스110 (삼성),멤버십,멤버십 VVIP,,,,,False,,멤버십: VVIP,https://product.kt.com/wDic/productDetail.do?ItemCode=1681
1681_초이스110_만 75세 이상_삼성,KT,초이스110 (삼성),기타,"단말보험 최대 4,500원 할인 3)",,,,,False,,"단말보험: 최대 4,500원 할인 3)",https://product.kt.com/wDic/productDetail.do?ItemCode=1681
1681_초이스110_만 75세 이상_삼성,KT,초이스110 (삼성),스마트기기,스마트기기 또는 데이터 쉐어링 스마트기기 월정액 / 데이터 쉐어링 각 1회선 할인,,,,,False,,스마트기기 또는 데이터 쉐어링: 스마트기기 월정액 / 데이터 쉐어링 각 1회선 할인,https://product.kt.com/wDic/productDetail.do?ItemCode=1681
1681_초이스110_만 75세 이상_삼성,KT,초이스110 (삼성),추가데이터,공유데이터 80GB,,,,,False,,공유데이터: 80GB,https://product.kt.com/wDic/productDetail.do?ItemCode=1681
1681_초이스110_만 75세 이상_삼성,KT,초이스110 (삼성),추가데이터,만 75세 이상 +80GB,,,,,False,,제공 혜택_75+덤 혜택_공유데이터: +80GB,https://product.kt.com/wDic/productDetail.do?ItemCode=1681
1681_초이스110_만 75세 이상_삼성,KT,초이스110 (삼성),기타,만 75세 이상 안심박스,,,,,False,,제공 혜택_75+덤 혜택_추가 혜택: 안심박스 자세히보기,https://product.kt.com/wDic/productDetail.do?ItemCode=1681
1681_초이스110_만 75세 이상_디바이스,KT,초이스110 (디바이스),스마트기기,디바이스,,,,,True,초이스 (택1),유튜브 프리미엄 2) / 넷플릭스 / 디즈니+ / 티빙/지니/밀리 / 폰케어 / 삼성 / 디바이스 / 가전구독 / 위버스,https://product.kt.com/wDic/productDetail.do?ItemCode=1681
1681_초이스110_만 75세 이상_디바이스,KT,초이스110 (디바이스),OTT/구독,지니뮤직,지니뮤직,,,,True,플러스 (택1),지니뮤직 / 밀리의서재 / 쇼핑라운지 할인쿠폰 5천원권 / 모아진,https://product.kt.com/wDic/productDetail.do?ItemCode=1681
1681_초이스110_만 75세 이상_디바이스,KT,초이스110 (디바이스),OTT/구독,밀리의서재,밀리의서재,,,,True,플러스 (택1),지니뮤직 / 밀리의서재 / 쇼핑라운지 할인쿠폰 5천원권 / 모아진,https://product.kt.com/wDic/productDetail.do?ItemCode=1681
1681_초이스110_만 75세 이상_디바이스,KT,초이스110 (디바이스),사은품/페이백,쇼핑라운지 할인쿠폰 5천원권,,,,,True,플러스 (택1),지니뮤직 / 밀리의서재 / 쇼핑라운지 할인쿠폰 5천원권 / 모아진,https://product.kt.com/wDic/productDetail.do?ItemCode=1681
1681_초이스110_만 75세 이상_디바이스,KT,초이스110 (디바이스),OTT/구독,모아진,,,,,True,플러스 (택1),지니뮤직 / 밀리의서재 / 쇼핑라운지 할인쿠폰 5천원권 / 모아진,https://product.kt.com/wDic/productDetail.do?ItemCode=1681
1681_초이스110_만 75세 이상_디바이스,KT,초이스110 (디바이스),멤버십,멤버십 VVIP,,,,,False,,멤버십: VVIP,https://product.kt.com/wDic/productDetail.do?ItemCode=1681
1681_초이스110_만 75세 이상_디바이스,KT,초이스110 (디바이스),기타,"단말보험 최대 4,500원 할인 3)",,,,,False,,"단말보험: 최대 4,500원 할인 3)",https://product.kt.com/wDic/productDetail.do?ItemCode=1681
1681_초이스110_만 75세 이상_디바이스,KT,초이스110 (디바이스),스마트기기,스마트기기 또는 데이터 쉐어링 스마트기기 월정액 / 데이터 쉐어링 각 1회선 할인,,,,,False,,스마트기기 또는 데이터 쉐어링: 스마트기기 월정액 / 데이터 쉐어링 각 1회선 할인,https://product.kt.com/wDic/productDetail.do?ItemCode=1681
1681_초이스110_만 75세 이상_디바이스,KT,초이스110 (디바이스),추가데이터,공유데이터 80GB,,,,,False,,공유데이터: 80GB,https://product.kt.com/wDic/productDetail.do?ItemCode=1681
1681_초이스110_만 75세 이상_디바이스,KT,초이스110 (디바이스),추가데이터,만 75세 이상 +80GB,,,,,False,,제공 혜택_75+덤 혜택_공유데이터: +80GB,https://product.kt.com/wDic/productDetail.do?ItemCode=1681
1681_초이스110_만 75세 이상_디바이스,KT,초이스110 (디바이스),기타,만 75세 이상 안심박스,,,,,False,,제공 혜택_75+덤 혜택_추가 혜택: 안심박스 자세히보기,https://product.kt.com/wDic/productDetail.do?ItemCode=1681
1681_초이스110_만 75세 이상_가전구독,KT,초이스110 (가전구독),OTT/구독,가전구독,가전구독,,,,True,초이스 (택1),유튜브 프리미엄 2) / 넷플릭스 / 디즈니+ / 티빙/지니/밀리 / 폰케어 / 삼성 / 디바이스 / 가전구독 / 위버스,https://product.kt.com/wDic/productDetail.do?ItemCode=1681
1681_초이스110_만 75세 이상_가전구독,KT,초이스110 (가전구독),OTT/구독,지니뮤직,지니뮤직,,,,True,플러스 (택1),지니뮤직 / 밀리의서재 / 쇼핑라운지 할인쿠폰 5천원권 / 모아진,https://product.kt.com/wDic/productDetail.do?ItemCode=1681
1681_초이스110_만 75세 이상_가전구독,KT,초이스110 (가전구독),OTT/구독,밀리의서재,밀리의서재,,,,True,플러스 (택1),지니뮤직 / 밀리의서재 / 쇼핑라운지 할인쿠폰 5천원권 / 모아진,https://product.kt.com/wDic/productDetail.do?ItemCode=1681
1681_초이스110_만 75세 이상_가전구독,KT,초이스110 (가전구독),사은품/페이백,쇼핑라운지 할인쿠폰 5천원권,,,,,True,플러스 (택1),지니뮤직 / 밀리의서재 / 쇼핑라운지 할인쿠폰 5천원권 / 모아진,https://product.kt.com/wDic/productDetail.do?ItemCode=1681
1681_초이스110_만 75세 이상_가전구독,KT,초이스110 (가전구독),OTT/구독,모아진,,,,,True,플러스 (택1),지니뮤직 / 밀리의서재 / 쇼핑라운지 할인쿠폰 5천원권 / 모아진,https://product.kt.com/wDic/productDetail.do?ItemCode=1681
1681_초이스110_만 75세 이상_가전구독,KT,초이스110 (가전구독),멤버십,멤버십 VVIP,,,,,False,,멤버십: VVIP,https://product.kt.com/wDic/productDetail.do?ItemCode=1681
1681_초이스110_만 75세 이상_가전구독,KT,초이스110 (가전구독),기타,"단말보험 최대 4,500원 할인 3)",,,,,False,,"단말보험: 최대 4,500원 할인 3)",https://product.kt.com/wDic/productDetail.do?ItemCode=1681
1681_초이스110_만 75세 이상_가전구독,KT,초이스110 (가전구독),스마트기기,스마트기기 또는 데이터 쉐어링 스마트기기 월정액 / 데이터 쉐어링 각 1회선 할인,,,,,False,,스마트기기 또는 데이터 쉐어링: 스마트기기 월정액 / 데이터 쉐어링 각 1회선 할인,https://product.kt.com/wDic/productDetail.do?ItemCode=1681
1681_초이스110_만 75세 이상_가전구독,KT,초이스110 (가전구독),추가데이터,공유데이터 80GB,,,,,False,,공유데이터: 80GB,https://product.kt.com/wDic/productDetail.do?ItemCode=1681
1681_초이스110_만 75세 이상_가전구독,KT,초이스110 (가전구독),추가데이터,만 75세 이상 +80GB,,,,,False,,제공 혜택_75+덤 혜택_공유데이터: +80GB,https://product.kt.com/wDic/productDetail.do?ItemCode=1681
1681_초이스110_만 75세 이상_가전구독,KT,초이스110 (가전구독),기타,만 75세 이상 안심박스,,,,,False,,제공 혜택_75+덤 혜택_추가 혜택: 안심박스 자세히보기,https://product.kt.com/wDic/productDetail.do?ItemCode=1681
1681_초이스110_만 75세 이상_위버스,KT,초이스110 (위버스),OTT/구독,위버스,위버스,,,,True,초이스 (택1),유튜브 프리미엄 2) / 넷플릭스 / 디즈니+ / 티빙/지니/밀리 / 폰케어 / 삼성 / 디바이스 / 가전구독 / 위버스,https://product.kt.com/wDic/productDetail.do?ItemCode=1681
1681_초이스110_만 75세 이상_위버스,KT,초이스110 (위버스),OTT/구독,지니뮤직,지니뮤직,,,,True,플러스 (택1),지니뮤직 / 밀리의서재 / 쇼핑라운지 할인쿠폰 5천원권 / 모아진,https://product.kt.com/wDic/productDetail.do?ItemCode=1681
1681_초이스110_만 75세 이상_위버스,KT,초이스110 (위버스),OTT/구독,밀리의서재,밀리의서재,,,,True,플러스 (택1),지니뮤직 / 밀리의서재 / 쇼핑라운지 할인쿠폰 5천원권 / 모아진,https://product.kt.com/wDic/productDetail.do?ItemCode=1681
1681_초이스110_만 75세 이상_위버스,KT,초이스110 (위버스),사은품/페이백,쇼핑라운지 할인쿠폰 5천원권,,,,,True,플러스 (택1),지니뮤직 / 밀리의서재 / 쇼핑라운지 할인쿠폰 5천원권 / 모아진,https://product.kt.com/wDic/productDetail.do?ItemCode=1681
1681_초이스110_만 75세 이상_위버스,KT,초이스110 (위버스),OTT/구독,모아진,,,,,True,플러스 (택1),지니뮤직 / 밀리의서재 / 쇼핑라운지 할인쿠폰 5천원권 / 모아진,https://product.kt.com/wDic/productDetail.do?ItemCode=1681
1681_초이스110_만 75세 이상_위버스,KT,초이스110 (위버스),멤버십,멤버십 VVIP,,,,,False,,멤버십: VVIP,https://product.kt.com/wDic/productDetail.do?ItemCode=1681
1681_초이스110_만 75세 이상_위버스,KT,초이스110 (위버스),기타,"단말보험 최대 4,500원 할인 3)",,,,,False,,"단말보험: 최대 4,500원 할인 3)",https://product.kt.com/wDic/productDetail.do?ItemCode=1681
1681_초이스110_만 75세 이상_위버스,KT,초이스110 (위버스),스마트기기,스마트기기 또는 데이터 쉐어링 스마트기기 월정액 / 데이터 쉐어링 각 1회선 할인,,,,,False,,스마트기기 또는 데이터 쉐어링: 스마트기기 월정액 / 데이터 쉐어링 각 1회선 할인,https://product.kt.com/wDic/productDetail.do?ItemCode=1681
1681_초이스110_만 75세 이상_위버스,KT,초이스110 (위버스),추가데이터,공유데이터 80GB,,,,,False,,공유데이터: 80GB,https://product.kt.com/wDic/productDetail.do?ItemCode=1681
1681_초이스110_만 75세 이상_위버스,KT,초이스110 (위버스),추가데이터,만 75세 이상 +80GB,,,,,False,,제공 혜택_75+덤 혜택_공유데이터: +80GB,https://product.kt.com/wDic/productDetail.do?ItemCode=1681
1681_초이스110_만 75세 이상_위버스,KT,초이스110 (위버스),기타,만 75세 이상 안심박스,,,,,False,,제공 혜택_75+덤 혜택_추가 혜택: 안심박스 자세히보기,https://product.kt.com/wDic/productDetail.do?ItemCode=1681
1681_초이스90_만 75세 이상_유튜브프리미엄,KT,초이스90 (유튜브 프리미엄),OTT/구독,유튜브 프리미엄,유튜브 프리미엄,,,,True,초이스 (택1),유튜브 프리미엄 2) / 넷플릭스 / 디즈니+ / 티빙/지니/밀리 / 폰케어 / 삼성 / 디바이스 / 가전구독 / 위버스,https://product.kt.com/wDic/productDetail.do?ItemCode=1681
1681_초이스90_만 75세 이상_유튜브프리미엄,KT,초이스90 (유튜브 프리미엄),멤버십,멤버십 VIP,,,,,False,,멤버십: VIP,https://product.kt.com/wDic/productDetail.do?ItemCode=1681
1681_초이스90_만 75세 이상_유튜브프리미엄,KT,초이스90 (유튜브 프리미엄),스마트기기,스마트기기 또는 데이터 쉐어링 데이터 쉐어링 1회선 할인,,,,,False,,스마트기기 또는 데이터 쉐어링: 데이터 쉐어링 1회선 할인,https://product.kt.com/wDic/productDetail.do?ItemCode=1681
1681_초이스90_만 75세 이상_유튜브프리미엄,KT,초이스90 (유튜브 프리미엄),추가데이터,공유데이터 60GB,,,,,False,,공유데이터: 60GB,https://product.kt.com/wDic/productDetail.do?ItemCode=1681
1681_초이스90_만 75세 이상_유튜브프리미엄,KT,초이스90 (유튜브 프리미엄),추가데이터,만 75세 이상 +60GB,,,,,False,,제공 혜택_75+덤 혜택_공유데이터: +60GB,https://product.kt.com/wDic/productDetail.do?ItemCode=1681
1681_초이스90_만 75세 이상_유튜브프리미엄,KT,초이스90 (유튜브 프리미엄),기타,만 75세 이상 안심박스,,,,,False,,제공 혜택_75+덤 혜택_추가 혜택: 안심박스 자세히보기,https://product.kt.com/wDic/productDetail.do?ItemCode=1681
1681_초이스90_만 75세 이상_넷플릭스,KT,초이스90 (넷플릭스),OTT/구독,넷플릭스,넷플릭스,,,,True,초이스 (택1),유튜브 프리미엄 2) / 넷플릭스 / 디즈니+ / 티빙/지니/밀리 / 폰케어 / 삼성 / 디바이스 / 가전구독 / 위버스,https://product.kt.com/wDic/productDetail.do?ItemCode=1681
1681_초이스90_만 75세 이상_넷플릭스,KT,초이스90 (넷플릭스),멤버십,멤버십 VIP,,,,,False,,멤버십: VIP,https://product.kt.com/wDic/productDetail.do?ItemCode=1681
1681_초이스90_만 75세 이상_넷플릭스,KT,초이스90 (넷플릭스),스마트기기,스마트기기 또는 데이터 쉐어링 데이터 쉐어링 1회선 할인,,,,,False,,스마트기기 또는 데이터 쉐어링: 데이터 쉐어링 1회선 할인,https://product.kt.com/wDic/productDetail.do?ItemCode=1681
1681_초이스90_만 75세 이상_넷플릭스,KT,초이스90 (넷플릭스),추가데이터,공유데이터 60GB,,,,,False,,공유데이터: 60GB,https://product.kt.com/wDic/productDetail.do?ItemCode=1681
1681_초이스90_만 75세 이상_넷플릭스,KT,초이스90 (넷플릭스),추가데이터,만 75세 이상 +60GB,,,,,False,,제공 혜택_75+덤 혜택_공유데이터: +60GB,https://product.kt.com/wDic/productDetail.do?ItemCode=1681
1681_초이스90_만 75세 이상_넷플릭스,KT,초이스90 (넷플릭스),기타,만 75세 이상 안심박스,,,,,False,,제공 혜택_75+덤 혜택_추가 혜택: 안심박스 자세히보기,https://product.kt.com/wDic/productDetail.do?ItemCode=1681
1681_초이스90_만 75세 이상_디즈니+,KT,초이스90 (디즈니+),OTT/구독,디즈니+,디즈니+,,,,True,초이스 (택1),유튜브 프리미엄 2) / 넷플릭스 / 디즈니+ / 티빙/지니/밀리 / 폰케어 / 삼성 / 디바이스 / 가전구독 / 위버스,https://product.kt.com/wDic/productDetail.do?ItemCode=1681
1681_초이스90_만 75세 이상_디즈니+,KT,초이스90 (디즈니+),멤버십,멤버십 VIP,,,,,False,,멤버십: VIP,https://product.kt.com/wDic/productDetail.do?ItemCode=1681
1681_초이스90_만 75세 이상_디즈니+,KT,초이스90 (디즈니+),스마트기기,스마트기기 또는 데이터 쉐어링 데이터 쉐어링 1회선 할인,,,,,False,,스마트기기 또는 데이터 쉐어링: 데이터 쉐어링 1회선 할인,https://product.kt.com/wDic/productDetail.do?ItemCode=1681
1681_초이스90_만 75세 이상_디즈니+,KT,초이스90 (디즈니+),추가데이터,공유데이터 60GB,,,,,False,,공유데이터: 60GB,https://product.kt.com/wDic/productDetail.do?ItemCode=1681
1681_초이스90_만 75세 이상_디즈니+,KT,초이스90 (디즈니+),추가데이터,만 75세 이상 +60GB,,,,,False,,제공 혜택_75+덤 혜택_공유데이터: +60GB,https://product.kt.com/wDic/productDetail.do?ItemCode=1681
1681_초이스90_만 75세 이상_디즈니+,KT,초이스90 (디즈니+),기타,만 75세 이상 안심박스,,,,,False,,제공 혜택_75+덤 혜택_추가 혜택: 안심박스 자세히보기,https://product.kt.com/wDic/productDetail.do?ItemCode=1681
1681_초이스90_만 75세 이상_티빙/지니/밀리,KT,초이스90 (티빙/지니/밀리),OTT/구독,티빙/지니/밀리,티빙,,,,True,초이스 (택1),유튜브 프리미엄 2) / 넷플릭스 / 디즈니+ / 티빙/지니/밀리 / 폰케어 / 삼성 / 디바이스 / 가전구독 / 위버스,https://product.kt.com/wDic/productDetail.do?ItemCode=1681
1681_초이스90_만 75세 이상_티빙/지니/밀리,KT,초이스90 (티빙/지니/밀리),멤버십,멤버십 VIP,,,,,False,,멤버십: VIP,https://product.kt.com/wDic/productDetail.do?ItemCode=1681
1681_초이스90_만 75세 이상_티빙/지니/밀리,KT,초이스90 (티빙/지니/밀리),스마트기기,스마트기기 또는 데이터 쉐어링 데이터 쉐어링 1회선 할인,,,,,False,,스마트기기 또는 데이터 쉐어링: 데이터 쉐어링 1회선 할인,https://product.kt.com/wDic/productDetail.do?ItemCode=1681
1681_초이스90_만 75세 이상_티빙/지니/밀리,KT,초이스90 (티빙/지니/밀리),추가데이터,공유데이터 60GB,,,,,False,,공유데이터: 60GB,https://product.kt.com/wDic/productDetail.do?ItemCode=1681
1681_초이스90_만 75세 이상_티빙/지니/밀리,KT,초이스90 (티빙/지니/밀리),추가데이터,만 75세 이상 +60GB,,,,,False,,제공 혜택_75+덤 혜택_공유데이터: +60GB,https://product.kt.com/wDic/productDetail.do?ItemCode=1681
1681_초이스90_만 75세 이상_티빙/지니/밀리,KT,초이스90 (티빙/지니/밀리),기타,만 75세 이상 안심박스,,,,,False,,제공 혜택_75+덤 혜택_추가 혜택: 안심박스 자세히보기,https://product.kt.com/wDic/productDetail.do?ItemCode=1681
1681_초이스90_만 75세 이상_폰케어,KT,초이스90 (폰케어),기타,폰케어,폰케어,,,,True,초이스 (택1),유튜브 프리미엄 2) / 넷플릭스 / 디즈니+ / 티빙/지니/밀리 / 폰케어 / 삼성 / 디바이스 / 가전구독 / 위버스,https://product.kt.com/wDic/productDetail.do?ItemCode=1681
1681_초이스90_만 75세 이상_폰케어,KT,초이스90 (폰케어),멤버십,멤버십 VIP,,,,,False,,멤버십: VIP,https://product.kt.com/wDic/productDetail.do?ItemCode=1681
1681_초이스90_만 75세 이상_폰케어,KT,초이스90 (폰케어),스마트기기,스마트기기 또는 데이터 쉐어링 데이터 쉐어링 1회선 할인,,,,,False,,스마트기기 또는 데이터 쉐어링: 데이터 쉐어링 1회선 할인,https://product.kt.com/wDic/productDetail.do?ItemCode=1681
1681_초이스90_만 75세 이상_폰케어,KT,초이스90 (폰케어),추가데이터,공유데이터 60GB,,,,,False,,공유데이터: 60GB,https://product.kt.com/wDic/productDetail.do?ItemCode=1681
1681_초이스90_만 75세 이상_폰케어,KT,초이스90 (폰케어),추가데이터,만 75세 이상 +60GB,,,,,False,,제공 혜택_75+덤 혜택_공유데이터: +60GB,https://product.kt.com/wDic/productDetail.do?ItemCode=1681
1681_초이스90_만 75세 이상_폰케어,KT,초이스90 (폰케어),기타,만 75세 이상 안심박스,,,,,False,,제공 혜택_75+덤 혜택_추가 혜택: 안심박스 자세히보기,https://product.kt.com/wDic/productDetail.do?ItemCode=1681
1681_초이스90_만 75세 이상_삼성,KT,초이스90 (삼성),OTT/구독,삼성,삼성 디바이스,,,,True,초이스 (택1),유튜브 프리미엄 2) / 넷플릭스 / 디즈니+ / 티빙/지니/밀리 / 폰케어 / 삼성 / 디바이스 / 가전구독 / 위버스,https://product.kt.com/wDic/productDetail.do?ItemCode=1681
1681_초이스90_만 75세 이상_삼성,KT,초이스90 (삼성),멤버십,멤버십 VIP,,,,,False,,멤버십: VIP,https://product.kt.com/wDic/productDetail.do?ItemCode=1681
1681_초이스90_만 75세 이상_삼성,KT,초이스90 (삼성),스마트기기,스마트기기 또는 데이터 쉐어링 데이터 쉐어링 1회선 할인,,,,,False,,스마트기기 또는 데이터 쉐어링: 데이터 쉐어링 1회선 할인,https://product.kt.com/wDic/productDetail.do?ItemCode=1681
1681_초이스90_만 75세 이상_삼성,KT,초이스90 (삼성),추가데이터,공유데이터 60GB,,,,,False,,공유데이터: 60GB,https://product.kt.com/wDic/productDetail.do?ItemCode=1681
1681_초이스90_만 75세 이상_삼성,KT,초이스90 (삼성),추가데이터,만 75세 이상 +60GB,,,,,False,,제공 혜택_75+덤 혜택_공유데이터: +60GB,https://product.kt.com/wDic/productDetail.do?ItemCode=1681
1681_초이스90_만 75세 이상_삼성,KT,초이스90 (삼성),기타,만 75세 이상 안심박스,,,,,False,,제공 혜택_75+덤 혜택_추가 혜택: 안심박스 자세히보기,https://product.kt.com/wDic/productDetail.do?ItemCode=1681
1681_초이스90_만 75세 이상_디바이스,KT,초이스90 (디바이스),스마트기기,디바이스,,,,,True,초이스 (택1),유튜브 프리미엄 2) / 넷플릭스 / 디즈니+ / 티빙/지니/밀리 / 폰케어 / 삼성 / 디바이스 / 가전구독 / 위버스,https://product.kt.com/wDic/productDetail.do?ItemCode=1681
1681_초이스90_만 75세 이상_디바이스,KT,초이스90 (디바이스),멤버십,멤버십 VIP,,,,,False,,멤버십: VIP,https://product.kt.com/wDic/productDetail.do?ItemCode=1681
1681_초이스90_만 75세 이상_디바이스,KT,초이스90 (디바이스),스마트기기,스마트기기 또는 데이터 쉐어링 데이터 쉐어링 1회선 할인,,,,,False,,스마트기기 또는 데이터 쉐어링: 데이터 쉐어링 1회선 할인,https://product.kt.com/wDic/productDetail.do?ItemCode=1681
1681_초이스90_만 75세 이상_디바이스,KT,초이스90 (디바이스),추가데이터,공유데이터 60GB,,,,,False,,공유데이터: 60GB,https://product.kt.com/wDic/productDetail.do?ItemCode=1681
1681_초이스90_만 75세 이상_디바이스,KT,초이스90 (디바이스),추가데이터,만 75세 이상 +60GB,,,,,False,,제공 혜택_75+덤 혜택_공유데이터: +60GB,https://product.kt.com/wDic/productDetail.do?ItemCode=1681
1681_초이스90_만 75세 이상_디바이스,KT,초이스90 (디바이스),기타,만 75세 이상 안심박스,,,,,False,,제공 혜택_75+덤 혜택_추가 혜택: 안심박스 자세히보기,https://product.kt.com/wDic/productDetail.do?ItemCode=1681
1681_초이스90_만 75세 이상_가전구독,KT,초이스90 (가전구독),OTT/구독,가전구독,가전구독,,,,True,초이스 (택1),유튜브 프리미엄 2) / 넷플릭스 / 디즈니+ / 티빙/지니/밀리 / 폰케어 / 삼성 / 디바이스 / 가전구독 / 위버스,https://product.kt.com/wDic/productDetail.do?ItemCode=1681
1681_초이스90_만 75세 이상_가전구독,KT,초이스90 (가전구독),멤버십,멤버십 VIP,,,,,False,,멤버십: VIP,https://product.kt.com/wDic/productDetail.do?ItemCode=1681
1681_초이스90_만 75세 이상_가전구독,KT,초이스90 (가전구독),스마트기기,스마트기기 또는 데이터 쉐어링 데이터 쉐어링 1회선 할인,,,,,False,,스마트기기 또는 데이터 쉐어링: 데이터 쉐어링 1회선 할인,https://product.kt.com/wDic/productDetail.do?ItemCode=1681
1681_초이스90_만 75세 이상_가전구독,KT,초이스90 (가전구독),추가데이터,공유데이터 60GB,,,,,False,,공유데이터: 60GB,https://product.kt.com/wDic/productDetail.do?ItemCode=1681
1681_초이스90_만 75세 이상_가전구독,KT,초이스90 (가전구독),추가데이터,만 75세 이상 +60GB,,,,,False,,제공 혜택_75+덤 혜택_공유데이터: +60GB,https://product.kt.com/wDic/productDetail.do?ItemCode=1681
1681_초이스90_만 75세 이상_가전구독,KT,초이스90 (가전구독),기타,만 75세 이상 안심박스,,,,,False,,제공 혜택_75+덤 혜택_추가 혜택: 안심박스 자세히보기,https://product.kt.com/wDic/productDetail.do?ItemCode=1681
1681_초이스90_만 75세 이상_위버스,KT,초이스90 (위버스),OTT/구독,위버스,위버스,,,,True,초이스 (택1),유튜브 프리미엄 2) / 넷플릭스 / 디즈니+ / 티빙/지니/밀리 / 폰케어 / 삼성 / 디바이스 / 가전구독 / 위버스,https://product.kt.com/wDic/productDetail.do?ItemCode=1681
1681_초이스90_만 75세 이상_위버스,KT,초이스90 (위버스),멤버십,멤버십 VIP,,,,,False,,멤버십: VIP,https://product.kt.com/wDic/productDetail.do?ItemCode=1681
1681_초이스90_만 75세 이상_위버스,KT,초이스90 (위버스),스마트기기,스마트기기 또는 데이터 쉐어링 데이터 쉐어링 1회선 할인,,,,,False,,스마트기기 또는 데이터 쉐어링: 데이터 쉐어링 1회선 할인,https://product.kt.com/wDic/productDetail.do?ItemCode=1681
1681_초이스90_만 75세 이상_위버스,KT,초이스90 (위버스),추가데이터,공유데이터 60GB,,,,,False,,공유데이터: 60GB,https://product.kt.com/wDic/productDetail.do?ItemCode=1681
1681_초이스90_만 75세 이상_위버스,KT,초이스90 (위버스),추가데이터,만 75세 이상 +60GB,,,,,False,,제공 혜택_75+덤 혜택_공유데이터: +60GB,https://product.kt.com/wDic/productDetail.do?ItemCode=1681
1681_초이스90_만 75세 이상_위버스,KT,초이스90 (위버스),기타,만 75세 이상 안심박스,,,,,False,,제공 혜택_75+덤 혜택_추가 혜택: 안심박스 자세히보기,https://product.kt.com/wDic/productDetail.do?ItemCode=1681
1693_베이직100,KT,베이직100,멤버십,멤버십 VVIP,,,,,False,,멤버십: VVIP,https://product.kt.com/wDic/productDetail.do?ItemCode=1693
1693_베이직100,KT,베이직100,기타,"단말보험 최대 4,500원 할인",,,,,False,,"단말보험: 최대 4,500원 할인",https://product.kt.com/wDic/productDetail.do?ItemCode=1693
1693_베이직100,KT,베이직100,스마트기기,스마트기기 또는 데이터 쉐어링 스마트기기 월정액 or 데이터 쉐어링 1회선 무료,,,,,False,,스마트기기 또는 데이터 쉐어링: 스마트기기 월정액 or 데이터 쉐어링 1회선 무료,https://product.kt.com/wDic/productDetail.do?ItemCode=1693
1693_베이직100,KT,베이직100,추가데이터,공유데이터 70GB,,,,,False,,공유데이터: 공유데이터 70GB,https://product.kt.com/wDic/productDetail.do?ItemCode=1693
1693_베이직80,KT,베이직80,멤버십,멤버십 VIP,,,,,False,,멤버십: VIP,https://product.kt.com/wDic/productDetail.do?ItemCode=1693
1693_베이직80,KT,베이직80,추가데이터,공유데이터 50GB,,,,,False,,공유데이터: 공유데이터 50GB,https://product.kt.com/wDic/productDetail.do?ItemCode=1693
1693_베이직100_만 34세 이하,KT,베이직100,멤버십,멤버십 VVIP,,,,,False,,멤버십: VVIP,https://product.kt.com/wDic/productDetail.do?ItemCode=1693
1693_베이직100_만 34세 이하,KT,베이직100,기타,"단말보험 최대 4,500원 할인",,,,,False,,"단말보험: 최대 4,500원 할인",https://product.kt.com/wDic/productDetail.do?ItemCode=1693
1693_베이직100_만 34세 이하,KT,베이직100,스마트기기,스마트기기 또는 데이터 쉐어링 스마트기기 월정액 or 데이터 쉐어링 1회선 무료,,,,,False,,스마트기기 또는 데이터 쉐어링: 스마트기기 월정액 or 데이터 쉐어링 1회선 무료,https://product.kt.com/wDic/productDetail.do?ItemCode=1693
1693_베이직100_만 34세 이하,KT,베이직100,추가데이터,공유데이터 70GB,,,,,False,,공유데이터: 공유데이터 70GB,https://product.kt.com/wDic/productDetail.do?ItemCode=1693
1693_베이직100_만 34세 이하,KT,베이직100,추가데이터,만 34세 이하 공유데이터 70GB,,,,,False,,제공 혜택_Y덤 혜택_데이터: 공유데이터 70GB,https://product.kt.com/wDic/productDetail.do?ItemCode=1693
1693_베이직80_만 34세 이하,KT,베이직80,멤버십,멤버십 VIP,,,,,False,,멤버십: VIP,https://product.kt.com/wDic/productDetail.do?ItemCode=1693
1693_베이직80_만 34세 이하,KT,베이직80,추가데이터,공유데이터 50GB,,,,,False,,공유데이터: 공유데이터 50GB,https://product.kt.com/wDic/productDetail.do?ItemCode=1693
1693_베이직80_만 34세 이하,KT,베이직80,추가데이터,만 34세 이하 공유데이터 50GB,,,,,False,,제공 혜택_Y덤 혜택_데이터: 공유데이터 50GB,https://product.kt.com/wDic/productDetail.do?ItemCode=1693
1693_베이직80_만 34세 이하,KT,베이직80,기타,만 34세 이하 스마트기기 50% 할인,,,,,False,,제공 혜택_Y덤 혜택_추가혜택: 스마트기기 50% 할인,https://product.kt.com/wDic/productDetail.do?ItemCode=1693
1693_베이직110GB_만 34세 이하,KT,베이직110GB,추가데이터,만 34세 이하 기본데이터 110GB,,,,,False,,제공 혜택_Y덤 혜택_데이터: 기본데이터 110GB,https://product.kt.com/wDic/productDetail.do?ItemCode=1693
1693_베이직90GB_만 34세 이하,KT,베이직90GB,추가데이터,만 34세 이하 기본데이터 90GB,,,,,False,,제공 혜택_Y덤 혜택_데이터: 기본데이터 90GB,https://product.kt.com/wDic/productDetail.do?ItemCode=1693
1693_베이직70GB_만 34세 이하,KT,베이직70GB,추가데이터,만 34세 이하 기본데이터 70GB,,,,,False,,제공 혜택_Y덤 혜택_데이터: 기본데이터 70GB,https://product.kt.com/wDic/productDetail.do?ItemCode=1693
1693_베이직50GB_만 34세 이하,KT,베이직50GB,추가데이터,만 34세 이하 기본데이터 50GB,,,,,False,,제공 혜택_Y덤 혜택_데이터: 기본데이터 50GB,https://product.kt.com/wDic/productDetail.do?ItemCode=1693
1693_베이직30GB_만 34세 이하,KT,베이직30GB,추가데이터,만 34세 이하 기본데이터 30GB,,,,,False,,제공 혜택_Y덤 혜택_데이터: 기본데이터 30GB,https://product.kt.com/wDic/productDetail.do?ItemCode=1693
1693_베이직21GB_만 34세 이하,KT,베이직21GB,추가데이터,만 34세 이하 기본데이터 21GB,,,,,False,,제공 혜택_Y덤 혜택_데이터: 기본데이터 21GB,https://product.kt.com/wDic/productDetail.do?ItemCode=1693
1693_베이직14GB_만 34세 이하,KT,베이직14GB,추가데이터,만 34세 이하 기본데이터 14GB,,,,,False,,제공 혜택_Y덤 혜택_데이터: 기본데이터 14GB,https://product.kt.com/wDic/productDetail.do?ItemCode=1693
1693_베이직10GB_만 34세 이하,KT,베이직10GB,추가데이터,만 34세 이하 기본데이터 10GB,,,,,False,,제공 혜택_Y덤 혜택_데이터: 기본데이터 10GB,https://product.kt.com/wDic/productDetail.do?ItemCode=1693
1693_베이직7GB_만 34세 이하,KT,베이직7GB,추가데이터,만 34세 이하 기본데이터 7GB,,,,,False,,제공 혜택_Y덤 혜택_데이터: 기본데이터 7GB,https://product.kt.com/wDic/productDetail.do?ItemCode=1693
1693_베이직4GB_만 34세 이하,KT,베이직4GB,추가데이터,만 34세 이하 기본데이터 4GB,,,,,False,,제공 혜택_Y덤 혜택_데이터: 기본데이터 4GB,https://product.kt.com/wDic/productDetail.do?ItemCode=1693
1693_베이직1.4GB_만 34세 이하,KT,베이직1.4GB,추가데이터,만 34세 이하 기본데이터 1.4GB,,,,,False,,제공 혜택_Y덤 혜택_데이터: 기본데이터 1.4GB,https://product.kt.com/wDic/productDetail.do?ItemCode=1693
1693_베이직100_만 18세 이하,KT,베이직100,멤버십,멤버십 VVIP,,,,,False,,멤버십: VVIP,https://product.kt.com/wDic/productDetail.do?ItemCode=1693
1693_베이직100_만 18세 이하,KT,베이직100,기타,"단말보험 최대 4,500원 할인",,,,,False,,"단말보험: 최대 4,500원 할인",https://product.kt.com/wDic/productDetail.do?ItemCode=1693
1693_베이직100_만 18세 이하,KT,베이직100,스마트기기,스마트기기 또는 데이터 쉐어링 스마트기기 월정액 or 데이터 쉐어링 1회선 무료,,,,,False,,스마트기기 또는 데이터 쉐어링: 스마트기기 월정액 or 데이터 쉐어링 1회선 무료,https://product.kt.com/wDic/productDetail.do?ItemCode=1693
1693_베이직100_만 18세 이하,KT,베이직100,추가데이터,공유데이터 70GB,,,,,False,,공유데이터: 공유데이터 70GB,https://product.kt.com/wDic/productDetail.do?ItemCode=1693
1693_베이직100_만 18세 이하,KT,베이직100,추가데이터,만 18세 이하 공유데이터 70GB,,,,,False,,제공 혜택_스쿨덤 혜택_데이터: 공유데이터 70GB,https://product.kt.com/wDic/productDetail.do?ItemCode=1693
1693_베이직100_만 18세 이하,KT,베이직100,기타,만 18세 이하 안심박스,,,,,False,,제공 혜택_스쿨덤 혜택_추가혜택: 안심박스 자세히보기,https://product.kt.com/wDic/productDetail.do?ItemCode=1693
1693_베이직80_만 18세 이하,KT,베이직80,멤버십,멤버십 VIP,,,,,False,,멤버십: VIP,https://product.kt.com/wDic/productDetail.do?ItemCode=1693
1693_베이직80_만 18세 이하,KT,베이직80,추가데이터,공유데이터 50GB,,,,,False,,공유데이터: 공유데이터 50GB,https://product.kt.com/wDic/productDetail.do?ItemCode=1693
1693_베이직80_만 18세 이하,KT,베이직80,추가데이터,만 18세 이하 공유데이터 50GB,,,,,False,,제공 혜택_스쿨덤 혜택_데이터: 공유데이터 50GB,https://product.kt.com/wDic/productDetail.do?ItemCode=1693
1693_베이직80_만 18세 이하,KT,베이직80,기타,만 18세 이하 안심박스,,,,,False,,제공 혜택_스쿨덤 혜택_추가혜택: 안심박스 자세히보기,https://product.kt.com/wDic/productDetail.do?ItemCode=1693
1693_베이직110GB_만 18세 이하,KT,베이직110GB,추가데이터,만 18세 이하 기본데이터 110GB,,,,,False,,제공 혜택_스쿨덤 혜택_데이터: 기본데이터 110GB,https://product.kt.com/wDic/productDetail.do?ItemCode=1693
1693_베이직110GB_만 18세 이하,KT,베이직110GB,기타,만 18세 이하 안심박스,,,,,False,,제공 혜택_스쿨덤 혜택_추가혜택: 안심박스 자세히보기,https://product.kt.com/wDic/productDetail.do?ItemCode=1693
1693_베이직90GB_만 18세 이하,KT,베이직90GB,추가데이터,만 18세 이하 기본데이터 90GB,,,,,False,,제공 혜택_스쿨덤 혜택_데이터: 기본데이터 90GB,https://product.kt.com/wDic/productDetail.do?ItemCode=1693
1693_베이직90GB_만 18세 이하,KT,베이직90GB,기타,만 18세 이하 안심박스,,,,,False,,제공 혜택_스쿨덤 혜택_추가혜택: 안심박스 자세히보기,https://product.kt.com/wDic/productDetail.do?ItemCode=1693
1693_베이직70GB_만 18세 이하,KT,베이직70GB,추가데이터,만 18세 이하 기본데이터 70GB,,,,,False,,제공 혜택_스쿨덤 혜택_데이터: 기본데이터 70GB,https://product.kt.com/wDic/productDetail.do?ItemCode=1693
1693_베이직70GB_만 18세 이하,KT,베이직70GB,기타,만 18세 이하 안심박스,,,,,False,,제공 혜택_스쿨덤 혜택_추가혜택: 안심박스 자세히보기,https://product.kt.com/wDic/productDetail.do?ItemCode=1693
1693_베이직50GB_만 18세 이하,KT,베이직50GB,추가데이터,만 18세 이하 기본데이터 50GB,,,,,False,,제공 혜택_스쿨덤 혜택_데이터: 기본데이터 50GB,https://product.kt.com/wDic/productDetail.do?ItemCode=1693
1693_베이직50GB_만 18세 이하,KT,베이직50GB,기타,만 18세 이하 안심박스,,,,,False,,제공 혜택_스쿨덤 혜택_추가혜택: 안심박스 자세히보기,https://product.kt.com/wDic/productDetail.do?ItemCode=1693
1693_베이직30GB_만 18세 이하,KT,베이직30GB,추가데이터,만 18세 이하 기본데이터 30GB,,,,,False,,제공 혜택_스쿨덤 혜택_데이터: 기본데이터 30GB,https://product.kt.com/wDic/productDetail.do?ItemCode=1693
1693_베이직30GB_만 18세 이하,KT,베이직30GB,기타,만 18세 이하 안심박스,,,,,False,,제공 혜택_스쿨덤 혜택_추가혜택: 안심박스 자세히보기,https://product.kt.com/wDic/productDetail.do?ItemCode=1693
1693_베이직21GB_만 18세 이하,KT,베이직21GB,추가데이터,만 18세 이하 기본데이터 21GB,,,,,False,,제공 혜택_스쿨덤 혜택_데이터: 기본데이터 21GB,https://product.kt.com/wDic/productDetail.do?ItemCode=1693
1693_베이직21GB_만 18세 이하,KT,베이직21GB,기타,만 18세 이하 안심박스,,,,,False,,제공 혜택_스쿨덤 혜택_추가혜택: 안심박스 자세히보기,https://product.kt.com/wDic/productDetail.do?ItemCode=1693
1693_베이직14GB_만 18세 이하,KT,베이직14GB,추가데이터,만 18세 이하 기본데이터 14GB,,,,,False,,제공 혜택_스쿨덤 혜택_데이터: 기본데이터 14GB,https://product.kt.com/wDic/productDetail.do?ItemCode=1693
1693_베이직14GB_만 18세 이하,KT,베이직14GB,기타,만 18세 이하 안심박스,,,,,False,,제공 혜택_스쿨덤 혜택_추가혜택: 안심박스 자세히보기,https://product.kt.com/wDic/productDetail.do?ItemCode=1693
1693_베이직10GB_만 18세 이하,KT,베이직10GB,추가데이터,만 18세 이하 기본데이터 10GB +1Mbps,,,,,False,,제공 혜택_스쿨덤 혜택_데이터: 기본데이터 10GB +1Mbps,https://product.kt.com/wDic/productDetail.do?ItemCode=1693
1693_베이직10GB_만 18세 이하,KT,베이직10GB,기타,만 18세 이하 안심박스,,,,,False,,제공 혜택_스쿨덤 혜택_추가혜택: 안심박스 자세히보기,https://product.kt.com/wDic/productDetail.do?ItemCode=1693
1693_베이직7GB_만 18세 이하,KT,베이직7GB,추가데이터,만 18세 이하 기본데이터 7GB,,,,,False,,제공 혜택_스쿨덤 혜택_데이터: 기본데이터 7GB,https://product.kt.com/wDic/productDetail.do?ItemCode=1693
1693_베이직7GB_만 18세 이하,KT,베이직7GB,기타,만 18세 이하 안심박스,,,,,False,,제공 혜택_스쿨덤 혜택_추가혜택: 안심박스 자세히보기,https://product.kt.com/wDic/productDetail.do?ItemCode=1693
1693_베이직4GB_만 18세 이하,KT,베이직4GB,추가데이터,만 18세 이하 기본데이터 4GB,,,,,False,,제공 혜택_스쿨덤 혜택_데이터: 기본데이터 4GB,https://product.kt.com/wDic/productDetail.do?ItemCode=1693
1693_베이직4GB_만 18세 이하,KT,베이직4GB,기타,만 18세 이하 안심박스,,,,,False,,제공 혜택_스쿨덤 혜택_추가혜택: 안심박스 자세히보기,https://product.kt.com/wDic/productDetail.do?ItemCode=1693
1693_베이직1.4GB_만 18세 이하,KT,베이직1.4GB,추가데이터,만 18세 이하 기본데이터 1.4GB,,,,,False,,제공 혜택_스쿨덤 혜택_데이터: 기본데이터 1.4GB,https://product.kt.com/wDic/productDetail.do?ItemCode=1693
1693_베이직1.4GB_만 18세 이하,KT,베이직1.4GB,기타,만 18세 이하 안심박스,,,,,False,,제공 혜택_스쿨덤 혜택_추가혜택: 안심박스 자세히보기,https://product.kt.com/wDic/productDetail.do?ItemCode=1693
1693_베이직600MB_만 18세 이하,KT,베이직600MB,추가데이터,만 18세 이하 기본데이터 400MB,,,,,False,,제공 혜택_스쿨덤 혜택_데이터: 기본데이터 400MB,https://product.kt.com/wDic/productDetail.do?ItemCode=1693
1693_베이직600MB_만 18세 이하,KT,베이직600MB,기타,만 18세 이하 안심박스,,,,,False,,제공 혜택_스쿨덤 혜택_추가혜택: 안심박스 자세히보기,https://product.kt.com/wDic/productDetail.do?ItemCode=1693
1693_베이직100_만 65세 이상,KT,베이직100,멤버십,멤버십 VVIP,,,,,False,,멤버십: VVIP,https://product.kt.com/wDic/productDetail.do?ItemCode=1693
1693_베이직100_만 65세 이상,KT,베이직100,기타,"단말보험 최대 4,500원 할인",,,,,False,,"단말보험: 최대 4,500원 할인",https://product.kt.com/wDic/productDetail.do?ItemCode=1693
1693_베이직100_만 65세 이상,KT,베이직100,스마트기기,스마트기기 또는 데이터 쉐어링 스마트기기 월정액 or 데이터 쉐어링 1회선 무료,,,,,False,,스마트기기 또는 데이터 쉐어링: 스마트기기 월정액 or 데이터 쉐어링 1회선 무료,https://product.kt.com/wDic/productDetail.do?ItemCode=1693
1693_베이직100_만 65세 이상,KT,베이직100,추가데이터,공유데이터 70GB,,,,,False,,공유데이터: 공유데이터 70GB,https://product.kt.com/wDic/productDetail.do?ItemCode=1693
1693_베이직100_만 65세 이상,KT,베이직100,추가데이터,만 65세 이상 공유데이터 35GB,,,,,False,,제공 혜택_65+덤 혜택_데이터: 공유데이터 35GB,https://product.kt.com/wDic/productDetail.do?ItemCode=1693
1693_베이직100_만 65세 이상,KT,베이직100,기타,만 65세 이상 안심박스,,,,,False,,제공 혜택_65+덤 혜택_추가혜택: 안심박스 자세히보기,https://product.kt.com/wDic/productDetail.do?ItemCode=1693
1693_베이직80_만 65세 이상,KT,베이직80,멤버십,멤버십 VIP,,,,,False,,멤버십: VIP,https://product.kt.com/wDic/productDetail.do?ItemCode=1693
1693_베이직80_만 65세 이상,KT,베이직80,추가데이터,공유데이터 50GB,,,,,False,,공유데이터: 공유데이터 50GB,https://product.kt.com/wDic/productDetail.do?ItemCode=1693
1693_베이직80_만 65세 이상,KT,베이직80,추가데이터,만 65세 이상 공유데이터 25GB,,,,,False,,제공 혜택_65+덤 혜택_데이터: 공유데이터 25GB,https://product.kt.com/wDic/productDetail.do?ItemCode=1693
1693_베이직80_만 65세 이상,KT,베이직80,기타,만 65세 이상 안심박스,,,,,False,,제공 혜택_65+덤 혜택_추가혜택: 안심박스 자세히보기,https://product.kt.com/wDic/productDetail.do?ItemCode=1693
1693_베이직110GB_만 65세 이상,KT,베이직110GB,추가데이터,만 65세 이상 기본데이터 55GB,,,,,False,,제공 혜택_65+덤 혜택_데이터: 기본데이터 55GB,https://product.kt.com/wDic/productDetail.do?ItemCode=1693
1693_베이직110GB_만 65세 이상,KT,베이직110GB,기타,만 65세 이상 안심박스,,,,,False,,제공 혜택_65+덤 혜택_추가혜택: 안심박스 자세히보기,https://product.kt.com/wDic/productDetail.do?ItemCode=1693
1693_베이직90GB_만 65세 이상,KT,베이직90GB,추가데이터,만 65세 이상 기본데이터 45GB,,,,,False,,제공 혜택_65+덤 혜택_데이터: 기본데이터 45GB,https://product.kt.com/wDic/productDetail.do?ItemCode=1693
1693_베이직90GB_만 65세 이상,KT,베이직90GB,기타,만 65세 이상 안심박스,,,,,False,,제공 혜택_65+덤 혜택_추가혜택: 안심박스 자세히보기,https://product.kt.com/wDic/productDetail.do?ItemCode=1693
1693_베이직70GB_만 65세 이상,KT,베이직70GB,추가데이터,만 65세 이상 기본데이터 35GB,,,,,False,,제공 혜택_65+덤 혜택_데이터: 기본데이터 35GB,https://product.kt.com/wDic/productDetail.do?ItemCode=1693
1693_베이직70GB_만 65세 이상,KT,베이직70GB,기타,만 65세 이상 안심박스,,,,,False,,제공 혜택_65+덤 혜택_추가혜택: 안심박스 자세히보기,https://product.kt.com/wDic/productDetail.do?ItemCode=1693
1693_베이직50GB_만 65세 이상,KT,베이직50GB,추가데이터,만 65세 이상 기본데이터 25GB,,,,,False,,제공 혜택_65+덤 혜택_데이터: 기본데이터 25GB,https://product.kt.com/wDic/productDetail.do?ItemCode=1693
1693_베이직50GB_만 65세 이상,KT,베이직50GB,기타,만 65세 이상 안심박스,,,,,False,,제공 혜택_65+덤 혜택_추가혜택: 안심박스 자세히보기,https://product.kt.com/wDic/productDetail.do?ItemCode=1693
1693_베이직30GB_만 65세 이상,KT,베이직30GB,추가데이터,만 65세 이상 기본데이터 15GB,,,,,False,,제공 혜택_65+덤 혜택_데이터: 기본데이터 15GB,https://product.kt.com/wDic/productDetail.do?ItemCode=1693
1693_베이직30GB_만 65세 이상,KT,베이직30GB,기타,만 65세 이상 안심박스,,,,,False,,제공 혜택_65+덤 혜택_추가혜택: 안심박스 자세히보기,https://product.kt.com/wDic/productDetail.do?ItemCode=1693
1693_베이직21GB_만 65세 이상,KT,베이직21GB,추가데이터,만 65세 이상 기본데이터 11GB,,,,,False,,제공 혜택_65+덤 혜택_데이터: 기본데이터 11GB,https://product.kt.com/wDic/productDetail.do?ItemCode=1693
1693_베이직21GB_만 65세 이상,KT,베이직21GB,기타,만 65세 이상 안심박스,,,,,False,,제공 혜택_65+덤 혜택_추가혜택: 안심박스 자세히보기,https://product.kt.com/wDic/productDetail.do?ItemCode=1693
1693_베이직14GB_만 65세 이상,KT,베이직14GB,추가데이터,만 65세 이상 기본데이터 7GB,,,,,False,,제공 혜택_65+덤 혜택_데이터: 기본데이터 7GB,https://product.kt.com/wDic/productDetail.do?ItemCode=1693
1693_베이직14GB_만 65세 이상,KT,베이직14GB,기타,만 65세 이상 안심박스,,,,,False,,제공 혜택_65+덤 혜택_추가혜택: 안심박스 자세히보기,https://product.kt.com/wDic/productDetail.do?ItemCode=1693
1693_베이직10GB_만 65세 이상,KT,베이직10GB,추가데이터,만 65세 이상 기본데이터 5GB +1Mbps,,,,,False,,제공 혜택_65+덤 혜택_데이터: 기본데이터 5GB +1Mbps,https://product.kt.com/wDic/productDetail.do?ItemCode=1693
1693_베이직10GB_만 65세 이상,KT,베이직10GB,기타,만 65세 이상 안심박스,,,,,False,,제공 혜택_65+덤 혜택_추가혜택: 안심박스 자세히보기,https://product.kt.com/wDic/productDetail.do?ItemCode=1693
1693_베이직7GB_만 65세 이상,KT,베이직7GB,추가데이터,만 65세 이상 기본데이터 4GB +1Mbps,,,,,False,,제공 혜택_65+덤 혜택_데이터: 기본데이터 4GB +1Mbps,https://product.kt.com/wDic/productDetail.do?ItemCode=1693
1693_베이직7GB_만 65세 이상,KT,베이직7GB,기타,만 65세 이상 안심박스,,,,,False,,제공 혜택_65+덤 혜택_추가혜택: 안심박스 자세히보기,https://product.kt.com/wDic/productDetail.do?ItemCode=1693
1693_베이직4GB_만 65세 이상,KT,베이직4GB,추가데이터,만 65세 이상 기본데이터 2GB,,,,,False,,제공 혜택_65+덤 혜택_데이터: 기본데이터 2GB,https://product.kt.com/wDic/productDetail.do?ItemCode=1693
1693_베이직4GB_만 65세 이상,KT,베이직4GB,기타,만 65세 이상 안심박스,,,,,False,,제공 혜택_65+덤 혜택_추가혜택: 안심박스 자세히보기,https://product.kt.com/wDic/productDetail.do?ItemCode=1693
1693_베이직1.4GB_만 65세 이상,KT,베이직1.4GB,추가데이터,만 65세 이상 기본데이터 700MB,,,,,False,,제공 혜택_65+덤 혜택_데이터: 기본데이터 700MB,https://product.kt.com/wDic/productDetail.do?ItemCode=1693
1693_베이직1.4GB_만 65세 이상,KT,베이직1.4GB,기타,만 65세 이상 50분,,,,,False,,제공 혜택_65+덤 혜택_영상/부가: 50분,https://product.kt.com/wDic/productDetail.do?ItemCode=1693
1693_베이직1.4GB_만 65세 이상,KT,베이직1.4GB,기타,만 65세 이상 안심박스,,,,,False,,제공 혜택_65+덤 혜택_추가혜택: 안심박스 자세히보기,https://product.kt.com/wDic/productDetail.do?ItemCode=1693
1693_베이직600MB_만 65세 이상,KT,베이직600MB,추가데이터,만 65세 이상 기본데이터 200MB,,,,,False,,제공 혜택_65+덤 혜택_데이터: 기본데이터 200MB,https://product.kt.com/wDic/productDetail.do?ItemCode=1693
1693_베이직600MB_만 65세 이상,KT,베이직600MB,기타,만 65세 이상 무제한,,,,,False,,제공 혜택_65+덤 혜택_음성/문자: 무제한,https://product.kt.com/wDic/productDetail.do?ItemCode=1693
1693_베이직600MB_만 65세 이상,KT,베이직600MB,기타,만 65세 이상 100분,,,,,False,,제공 혜택_65+덤 혜택_영상/부가: 100분,https://product.kt.com/wDic/productDetail.do?ItemCode=1693
1693_베이직600MB_만 65세 이상,KT,베이직600MB,기타,만 65세 이상 안심박스,,,,,False,,제공 혜택_65+덤 혜택_추가혜택: 안심박스 자세히보기,https://product.kt.com/wDic/productDetail.do?ItemCode=1693
1693_베이직100_만 75세 이상,KT,베이직100,멤버십,멤버십 VVIP,,,,,False,,멤버십: VVIP,https://product.kt.com/wDic/productDetail.do?ItemCode=1693
1693_베이직100_만 75세 이상,KT,베이직100,기타,"단말보험 최대 4,500원 할인",,,,,False,,"단말보험: 최대 4,500원 할인",https://product.kt.com/wDic/productDetail.do?ItemCode=1693
1693_베이직100_만 75세 이상,KT,베이직100,스마트기기,스마트기기 또는 데이터 쉐어링 스마트기기 월정액 or 데이터 쉐어링 1회선 무료,,,,,False,,스마트기기 또는 데이터 쉐어링: 스마트기기 월정액 or 데이터 쉐어링 1회선 무료,https://product.kt.com/wDic/productDetail.do?ItemCode=1693
1693_베이직100_만 75세 이상,KT,베이직100,추가데이터,공유데이터 70GB,,,,,False,,공유데이터: 공유데이터 70GB,https://product.kt.com/wDic/productDetail.do?ItemCode=1693
1693_베이직100_만 75세 이상,KT,베이직100,추가데이터,만 75세 이상 공유데이터 70GB,,,,,False,,제공 혜택_75+덤 혜택_데이터: 공유데이터 70GB,https://product.kt.com/wDic/productDetail.do?ItemCode=1693
1693_베이직100_만 75세 이상,KT,베이직100,기타,만 75세 이상 안심박스,,,,,False,,제공 혜택_75+덤 혜택_추가혜택: 안심박스 자세히보기,https://product.kt.com/wDic/productDetail.do?ItemCode=1693
1693_베이직80_만 75세 이상,KT,베이직80,멤버십,멤버십 VIP,,,,,False,,멤버십: VIP,https://product.kt.com/wDic/productDetail.do?ItemCode=1693
1693_베이직80_만 75세 이상,KT,베이직80,추가데이터,공유데이터 50GB,,,,,False,,공유데이터: 공유데이터 50GB,https://product.kt.com/wDic/productDetail.do?ItemCode=1693
1693_베이직80_만 75세 이상,KT,베이직80,추가데이터,만 75세 이상 공유데이터 50GB,,,,,False,,제공 혜택_75+덤 혜택_데이터: 공유데이터 50GB,https://product.kt.com/wDic/productDetail.do?ItemCode=1693
1693_베이직80_만 75세 이상,KT,베이직80,기타,만 75세 이상 안심박스,,,,,False,,제공 혜택_75+덤 혜택_추가혜택: 안심박스 자세히보기,https://product.kt.com/wDic/productDetail.do?ItemCode=1693
1693_베이직110GB_만 75세 이상,KT,베이직110GB,추가데이터,만 75세 이상 기본데이터 110GB,,,,,False,,제공 혜택_75+덤 혜택_데이터: 기본데이터 110GB,https://product.kt.com/wDic/productDetail.do?ItemCode=1693
1693_베이직110GB_만 75세 이상,KT,베이직110GB,기타,만 75세 이상 안심박스,,,,,False,,제공 혜택_75+덤 혜택_추가혜택: 안심박스 자세히보기,https://product.kt.com/wDic/productDetail.do?ItemCode=1693
1693_베이직90GB_만 75세 이상,KT,베이직90GB,추가데이터,만 75세 이상 기본데이터 90GB,,,,,False,,제공 혜택_75+덤 혜택_데이터: 기본데이터 90GB,https://product.kt.com/wDic/productDetail.do?ItemCode=1693
1693_베이직90GB_만 75세 이상,KT,베이직90GB,기타,만 75세 이상 안심박스,,,,,False,,제공 혜택_75+덤 혜택_추가혜택: 안심박스 자세히보기,https://product.kt.com/wDic/productDetail.do?ItemCode=1693
1693_베이직70GB_만 75세 이상,KT,베이직70GB,추가데이터,만 75세 이상 기본데이터 70GB,,,,,False,,제공 혜택_75+덤 혜택_데이터: 기본데이터 70GB,https://product.kt.com/wDic/productDetail.do?ItemCode=1693
1693_베이직70GB_만 75세 이상,KT,베이직70GB,기타,만 75세 이상 안심박스,,,,,False,,제공 혜택_75+덤 혜택_추가혜택: 안심박스 자세히보기,https://product.kt.com/wDic/productDetail.do?ItemCode=1693
1693_베이직50GB_만 75세 이상,KT,베이직50GB,추가데이터,만 75세 이상 기본데이터 50GB,,,,,False,,제공 혜택_75+덤 혜택_데이터: 기본데이터 50GB,https://product.kt.com/wDic/productDetail.do?ItemCode=1693
1693_베이직50GB_만 75세 이상,KT,베이직50GB,기타,만 75세 이상 안심박스,,,,,False,,제공 혜택_75+덤 혜택_추가혜택: 안심박스 자세히보기,https://product.kt.com/wDic/productDetail.do?ItemCode=1693
1693_베이직30GB_만 75세 이상,KT,베이직30GB,추가데이터,만 75세 이상 기본데이터 30GB,,,,,False,,제공 혜택_75+덤 혜택_데이터: 기본데이터 30GB,https://product.kt.com/wDic/productDetail.do?ItemCode=1693
1693_베이직30GB_만 75세 이상,KT,베이직30GB,기타,만 75세 이상 안심박스,,,,,False,,제공 혜택_75+덤 혜택_추가혜택: 안심박스 자세히보기,https://product.kt.com/wDic/productDetail.do?ItemCode=1693
1693_베이직21GB_만 75세 이상,KT,베이직21GB,추가데이터,만 75세 이상 기본데이터 21GB,,,,,False,,제공 혜택_75+덤 혜택_데이터: 기본데이터 21GB,https://product.kt.com/wDic/productDetail.do?ItemCode=1693
1693_베이직21GB_만 75세 이상,KT,베이직21GB,기타,만 75세 이상 안심박스,,,,,False,,제공 혜택_75+덤 혜택_추가혜택: 안심박스 자세히보기,https://product.kt.com/wDic/productDetail.do?ItemCode=1693
1693_베이직14GB_만 75세 이상,KT,베이직14GB,추가데이터,만 75세 이상 기본데이터 14GB,,,,,False,,제공 혜택_75+덤 혜택_데이터: 기본데이터 14GB,https://product.kt.com/wDic/productDetail.do?ItemCode=1693
1693_베이직14GB_만 75세 이상,KT,베이직14GB,기타,만 75세 이상 안심박스,,,,,False,,제공 혜택_75+덤 혜택_추가혜택: 안심박스 자세히보기,https://product.kt.com/wDic/productDetail.do?ItemCode=1693
1693_베이직10GB_만 75세 이상,KT,베이직10GB,추가데이터,만 75세 이상 기본데이터 10GB +1Mbps,,,,,False,,제공 혜택_75+덤 혜택_데이터: 기본데이터 10GB +1Mbps,https://product.kt.com/wDic/productDetail.do?ItemCode=1693
1693_베이직10GB_만 75세 이상,KT,베이직10GB,기타,만 75세 이상 안심박스,,,,,False,,제공 혜택_75+덤 혜택_추가혜택: 안심박스 자세히보기,https://product.kt.com/wDic/productDetail.do?ItemCode=1693
1693_베이직7GB_만 75세 이상,KT,베이직7GB,추가데이터,만 75세 이상 기본데이터 7GB +1Mbps,,,,,False,,제공 혜택_75+덤 혜택_데이터: 기본데이터 7GB +1Mbps,https://product.kt.com/wDic/productDetail.do?ItemCode=1693
1693_베이직7GB_만 75세 이상,KT,베이직7GB,기타,만 75세 이상 안심박스,,,,,False,,제공 혜택_75+덤 혜택_추가혜택: 안심박스 자세히보기,https://product.kt.com/wDic/productDetail.do?ItemCode=1693
1693_베이직4GB_만 75세 이상,KT,베이직4GB,추가데이터,만 75세 이상 기본데이터 4GB,,,,,False,,제공 혜택_75+덤 혜택_데이터: 기본데이터 4GB,https://product.kt.com/wDic/productDetail.do?ItemCode=1693
1693_베이직4GB_만 75세 이상,KT,베이직4GB,기타,만 75세 이상 안심박스,,,,,False,,제공 혜택_75+덤 혜택_추가혜택: 안심박스 자세히보기,https://product.kt.com/wDic/productDetail.do?ItemCode=1693
1693_베이직1.4GB_만 75세 이상,KT,베이직1.4GB,추가데이터,만 75세 이상 기본데이터 1.4GB,,,,,False,,제공 혜택_75+덤 혜택_데이터: 기본데이터 1.4GB,https://product.kt.com/wDic/productDetail.do?ItemCode=1693
1693_베이직1.4GB_만 75세 이상,KT,베이직1.4GB,기타,만 75세 이상 50분,,,,,False,,제공 혜택_75+덤 혜택_영상/부가: 50분,https://product.kt.com/wDic/productDetail.do?ItemCode=1693
1693_베이직1.4GB_만 75세 이상,KT,베이직1.4GB,기타,만 75세 이상 안심박스,,,,,False,,제공 혜택_75+덤 혜택_추가혜택: 안심박스 자세히보기,https://product.kt.com/wDic/productDetail.do?ItemCode=1693
1693_베이직600MB_만 75세 이상,KT,베이직600MB,추가데이터,만 75세 이상 기본데이터 400MB,,,,,False,,제공 혜택_75+덤 혜택_데이터: 기본데이터 400MB,https://product.kt.com/wDic/productDetail.do?ItemCode=1693
1693_베이직600MB_만 75세 이상,KT,베이직600MB,기타,만 75세 이상 무제한,,,,,False,,제공 혜택_75+덤 혜택_음성/문자: 무제한,https://product.kt.com/wDic/productDetail.do?ItemCode=1693
1693_베이직600MB_만 75세 이상,KT,베이직600MB,기타,만 75세 이상 100분,,,,,False,,제공 혜택_75+덤 혜택_영상/부가: 100분,https://product.kt.com/wDic/productDetail.do?ItemCode=1693
1693_베이직600MB_만 75세 이상,KT,베이직600MB,기타,만 75세 이상 안심박스,,,,,False,,제공 혜택_75+덤 혜택_추가혜택: 안심박스 자세히보기,https://product.kt.com/wDic/productDetail.do?ItemCode=1693
1694_베이직 21GB(이월)_만 34세 이하,KT,베이직 21GB(이월),추가데이터,만 34세 이하 기본데이터 21GB,,,,,False,,Y덤 혜택_데이터: 기본데이터 21GB,https://product.kt.com/wDic/productDetail.do?ItemCode=1694
1694_베이직 14GB(이월)_만 34세 이하,KT,베이직 14GB(이월),추가데이터,만 34세 이하 기본데이터 14GB,,,,,False,,Y덤 혜택_데이터: 기본데이터 14GB,https://product.kt.com/wDic/productDetail.do?ItemCode=1694
1694_베이직 10GB(이월)_만 34세 이하,KT,베이직 10GB(이월),추가데이터,만 34세 이하 기본데이터 10GB,,,,,False,,Y덤 혜택_데이터: 기본데이터 10GB,https://product.kt.com/wDic/productDetail.do?ItemCode=1694
1694_베이직 7GB(이월)_만 34세 이하,KT,베이직 7GB(이월),추가데이터,만 34세 이하 기본데이터 7GB,,,,,False,,Y덤 혜택_데이터: 기본데이터 7GB,https://product.kt.com/wDic/productDetail.do?ItemCode=1694
1694_베이직 4GB(이월)_만 34세 이하,KT,베이직 4GB(이월),추가데이터,만 34세 이하 기본데이터 4GB,,,,,False,,Y덤 혜택_데이터: 기본데이터 4GB,https://product.kt.com/wDic/productDetail.do?ItemCode=1694
1694_베이직 21GB(이월)_만 18세 이하,KT,베이직 21GB(이월),추가데이터,만 18세 이하 기본데이터 21GB,,,,,False,,스쿨덤 혜택_데이터: 기본데이터 21GB,https://product.kt.com/wDic/productDetail.do?ItemCode=1694
1694_베이직 21GB(이월)_만 18세 이하,KT,베이직 21GB(이월),기타,만 18세 이하 안심박스,,,,,False,,스쿨덤 혜택_추가 혜택: 안심박스 자세히보기,https://product.kt.com/wDic/productDetail.do?ItemCode=1694
1694_베이직 14GB(이월)_만 18세 이하,KT,베이직 14GB(이월),추가데이터,만 18세 이하 기본데이터 14GB,,,,,False,,스쿨덤 혜택_데이터: 기본데이터 14GB,https://product.kt.com/wDic/productDetail.do?ItemCode=1694
1694_베이직 14GB(이월)_만 18세 이하,KT,베이직 14GB(이월),기타,만 18세 이하 안심박스,,,,,False,,스쿨덤 혜택_추가 혜택: 안심박스 자세히보기,https://product.kt.com/wDic/productDetail.do?ItemCode=1694
1694_베이직 10GB(이월)_만 18세 이하,KT,베이직 10GB(이월),추가데이터,만 18세 이하 기본데이터 10GB,,,,,False,,스쿨덤 혜택_데이터: 기본데이터 10GB,https://product.kt.com/wDic/productDetail.do?ItemCode=1694
1694_베이직 10GB(이월)_만 18세 이하,KT,베이직 10GB(이월),기타,만 18세 이하 안심박스,,,,,False,,스쿨덤 혜택_추가 혜택: 안심박스 자세히보기,https://product.kt.com/wDic/productDetail.do?ItemCode=1694
1694_베이직 7GB(이월)_만 18세 이하,KT,베이직 7GB(이월),추가데이터,만 18세 이하 기본데이터 7GB,,,,,False,,스쿨덤 혜택_데이터: 기본데이터 7GB,https://product.kt.com/wDic/productDetail.do?ItemCode=1694
1694_베이직 7GB(이월)_만 18세 이하,KT,베이직 7GB(이월),기타,만 18세 이하 안심박스,,,,,False,,스쿨덤 혜택_추가 혜택: 안심박스 자세히보기,https://product.kt.com/wDic/productDetail.do?ItemCode=1694
1694_베이직 4GB(이월)_만 18세 이하,KT,베이직 4GB(이월),추가데이터,만 18세 이하 기본데이터 4GB,,,,,False,,스쿨덤 혜택_데이터: 기본데이터 4GB,https://product.kt.com/wDic/productDetail.do?ItemCode=1694
1694_베이직 4GB(이월)_만 18세 이하,KT,베이직 4GB(이월),기타,만 18세 이하 안심박스,,,,,False,,스쿨덤 혜택_추가 혜택: 안심박스 자세히보기,https://product.kt.com/wDic/productDetail.do?ItemCode=1694
1694_베이직 21GB(이월)_만 65세 이상,KT,베이직 21GB(이월),추가데이터,만 65세 이상 기본데이터 11GB,,,,,False,,65+덤 혜택_데이터: 기본데이터 11GB,https://product.kt.com/wDic/productDetail.do?ItemCode=1694
1694_베이직 21GB(이월)_만 65세 이상,KT,베이직 21GB(이월),기타,만 65세 이상 안심박스,,,,,False,,65+덤 혜택_추가 혜택: 안심박스 자세히보기,https://product.kt.com/wDic/productDetail.do?ItemCode=1694
1694_베이직 14GB(이월)_만 65세 이상,KT,베이직 14GB(이월),추가데이터,만 65세 이상 기본데이터 7GB,,,,,False,,65+덤 혜택_데이터: 기본데이터 7GB,https://product.kt.com/wDic/productDetail.do?ItemCode=1694
1694_베이직 14GB(이월)_만 65세 이상,KT,베이직 14GB(이월),기타,만 65세 이상 안심박스,,,,,False,,65+덤 혜택_추가 혜택: 안심박스 자세히보기,https://product.kt.com/wDic/productDetail.do?ItemCode=1694
1694_베이직 10GB(이월)_만 65세 이상,KT,베이직 10GB(이월),추가데이터,만 65세 이상 기본데이터 5GB,,,,,False,,65+덤 혜택_데이터: 기본데이터 5GB,https://product.kt.com/wDic/productDetail.do?ItemCode=1694
1694_베이직 10GB(이월)_만 65세 이상,KT,베이직 10GB(이월),기타,만 65세 이상 안심박스,,,,,False,,65+덤 혜택_추가 혜택: 안심박스 자세히보기,https://product.kt.com/wDic/productDetail.do?ItemCode=1694
1694_베이직 7GB(이월)_만 65세 이상,KT,베이직 7GB(이월),추가데이터,만 65세 이상 기본데이터 4GB,,,,,False,,65+덤 혜택_데이터: 기본데이터 4GB,https://product.kt.com/wDic/productDetail.do?ItemCode=1694
1694_베이직 7GB(이월)_만 65세 이상,KT,베이직 7GB(이월),기타,만 65세 이상 안심박스,,,,,False,,65+덤 혜택_추가 혜택: 안심박스 자세히보기,https://product.kt.com/wDic/productDetail.do?ItemCode=1694
1694_베이직 4GB(이월)_만 65세 이상,KT,베이직 4GB(이월),추가데이터,만 65세 이상 기본데이터 2GB,,,,,False,,65+덤 혜택_데이터: 기본데이터 2GB,https://product.kt.com/wDic/productDetail.do?ItemCode=1694
1694_베이직 4GB(이월)_만 65세 이상,KT,베이직 4GB(이월),기타,만 65세 이상 안심박스,,,,,False,,65+덤 혜택_추가 혜택: 안심박스 자세히보기,https://product.kt.com/wDic/productDetail.do?ItemCode=1694
1694_베이직 21GB(이월)_만 75세 이상,KT,베이직 21GB(이월),추가데이터,만 75세 이상 기본데이터 21GB,,,,,False,,75+덤 혜택_데이터: 기본데이터 21GB,https://product.kt.com/wDic/productDetail.do?ItemCode=1694
1694_베이직 21GB(이월)_만 75세 이상,KT,베이직 21GB(이월),기타,만 75세 이상 안심박스,,,,,False,,75+덤 혜택_추가 혜택: 안심박스 자세히보기,https://product.kt.com/wDic/productDetail.do?ItemCode=1694
1694_베이직 14GB(이월)_만 75세 이상,KT,베이직 14GB(이월),추가데이터,만 75세 이상 기본데이터 14GB,,,,,False,,75+덤 혜택_데이터: 기본데이터 14GB,https://product.kt.com/wDic/productDetail.do?ItemCode=1694
1694_베이직 14GB(이월)_만 75세 이상,KT,베이직 14GB(이월),기타,만 75세 이상 안심박스,,,,,False,,75+덤 혜택_추가 혜택: 안심박스 자세히보기,https://product.kt.com/wDic/productDetail.do?ItemCode=1694
1694_베이직 10GB(이월)_만 75세 이상,KT,베이직 10GB(이월),추가데이터,만 75세 이상 기본데이터 10GB,,,,,False,,75+덤 혜택_데이터: 기본데이터 10GB,https://product.kt.com/wDic/productDetail.do?ItemCode=1694
1694_베이직 10GB(이월)_만 75세 이상,KT,베이직 10GB(이월),기타,만 75세 이상 안심박스,,,,,False,,75+덤 혜택_추가 혜택: 안심박스 자세히보기,https://product.kt.com/wDic/productDetail.do?ItemCode=1694
1694_베이직 7GB(이월)_만 75세 이상,KT,베이직 7GB(이월),추가데이터,만 75세 이상 기본데이터 7GB,,,,,False,,75+덤 혜택_데이터: 기본데이터 7GB,https://product.kt.com/wDic/productDetail.do?ItemCode=1694
1694_베이직 7GB(이월)_만 75세 이상,KT,베이직 7GB(이월),기타,만 75세 이상 안심박스,,,,,False,,75+덤 혜택_추가 혜택: 안심박스 자세히보기,https://product.kt.com/wDic/productDetail.do?ItemCode=1694
1694_베이직 4GB(이월)_만 75세 이상,KT,베이직 4GB(이월),추가데이터,만 75세 이상 기본데이터 4GB,,,,,False,,75+덤 혜택_데이터: 기본데이터 4GB,https://product.kt.com/wDic/productDetail.do?ItemCode=1694
1694_베이직 4GB(이월)_만 75세 이상,KT,베이직 4GB(이월),기타,만 75세 이상 안심박스,,,,,False,,75+덤 혜택_추가 혜택: 안심박스 자세히보기,https://product.kt.com/wDic/productDetail.do?ItemCode=1694
1697_음성 18.7_만 18세 이하,KT,음성 18.7,추가데이터,만 18세 이하 600MB (+이월),,,,,False,,스쿨덤 혜택_데이터 제공: 600MB (+이월),https://product.kt.com/wDic/productDetail.do?ItemCode=1697
1697_음성 18.7_만 18세 이하,KT,음성 18.7,기타,만 18세 이하 안심박스,,,,,False,,스쿨덤 혜택_추가혜택: 안심박스 자세히보기,https://product.kt.com/wDic/productDetail.do?ItemCode=1697
1697_음성 18.7_만 65세 이상,KT,음성 18.7,추가데이터,만 65세 이상 300MB (+이월),,,,,False,,65+덤 혜택_데이터 제공: 300MB (+이월),https://product.kt.com/wDic/productDetail.do?ItemCode=1697
1697_음성 18.7_만 65세 이상,KT,음성 18.7,기타,만 65세 이상 +30분,,,,,False,,65+덤 혜택_음성: +30분,https://product.kt.com/wDic/productDetail.do?ItemCode=1697
1697_음성 18.7_만 65세 이상,KT,음성 18.7,기타,만 65세 이상 +50건,,,,,False,,65+덤 혜택_문자: +50건,https://product.kt.com/wDic/productDetail.do?ItemCode=1697
1697_음성 18.7_만 65세 이상,KT,음성 18.7,기타,만 65세 이상 안심박스,,,,,False,,65+덤 혜택_추가혜택: 안심박스 자세히보기,https://product.kt.com/wDic/productDetail.do?ItemCode=1697
1697_음성 18.7_만 75세 이상,KT,음성 18.7,추가데이터,만 75세 이상 300MB (+이월),,,,,False,,75+덤 혜택_데이터 제공: 300MB (+이월),https://product.kt.com/wDic/productDetail.do?ItemCode=1697
1697_음성 18.7_만 75세 이상,KT,음성 18.7,기타,만 75세 이상 +30분,,,,,False,,75+덤 혜택_음성: +30분,https://product.kt.com/wDic/productDetail.do?ItemCode=1697
1697_음성 18.7_만 75세 이상,KT,음성 18.7,기타,만 75세 이상 +50건,,,,,False,,75+덤 혜택_문자: +50건,https://product.kt.com/wDic/productDetail.do?ItemCode=1697
1697_음성 18.7_만 75세 이상,KT,음성 18.7,기타,만 75세 이상 안심박스,,,,,False,,75+덤 혜택_추가혜택: 안심박스 자세히보기,https://product.kt.com/wDic/productDetail.do?ItemCode=1697
1567_요고 69,KT,요고 69,스마트기기,기본 혜택_스마트기기 2회선 최대 100% 할인,,,,,False,,기본 혜택_스마트기기: 2회선 최대 100% 할인,https://product.kt.com/wDic/productDetail.do?ItemCode=1567
1567_요고 69,KT,요고 69,멤버십,기본 혜택_멤버십 VIP,,,,,False,,기본 혜택_멤버십: VIP,https://product.kt.com/wDic/productDetail.do?ItemCode=1567
1567_요고 69,KT,요고 69,OTT/구독,프로모션 혜택_초이스 OTT 2개 또는 디바이스 할인,,,,,False,,프로모션 혜택_초이스: OTT 2개 또는 디바이스 할인,https://product.kt.com/wDic/productDetail.do?ItemCode=1567
1567_요고 69,KT,요고 69,OTT/구독,프로모션 혜택_플러스 콘텐츠 1개,,,,,False,,프로모션 혜택_플러스: 콘텐츠 1개,https://product.kt.com/wDic/productDetail.do?ItemCode=1567
1567_요고 69,KT,요고 69,추가데이터,요고Y덤(만 34세 이하) 공유 데이터 2배,,,,,False,,요고Y덤 혜택: 자세히보기,https://product.kt.com/wDic/productDetail.do?ItemCode=1567
1567_요고 61,KT,요고 61,스마트기기,기본 혜택_스마트기기 1회선 최대 100% 할인,,,,,False,,기본 혜택_스마트기기: 1회선 최대 100% 할인,https://product.kt.com/wDic/productDetail.do?ItemCode=1567
1567_요고 61,KT,요고 61,멤버십,기본 혜택_멤버십 VIP,,,,,False,,기본 혜택_멤버십: VIP,https://product.kt.com/wDic/productDetail.do?ItemCode=1567
1567_요고 61,KT,요고 61,OTT/구독,프로모션 혜택_초이스 OTT 1개 또는 디바이스 할인,,,,,False,,프로모션 혜택_초이스: OTT 1개 또는 디바이스 할인,https://product.kt.com/wDic/productDetail.do?ItemCode=1567
1567_요고 61,KT,요고 61,OTT/구독,프로모션 혜택_플러스 콘텐츠 1개,,,,,False,,프로모션 혜택_플러스: 콘텐츠 1개,https://product.kt.com/wDic/productDetail.do?ItemCode=1567
1567_요고 61,KT,요고 61,추가데이터,요고Y덤(만 34세 이하) 공유 데이터 2배,,,,,False,,요고Y덤 혜택: 자세히보기,https://product.kt.com/wDic/productDetail.do?ItemCode=1567
1567_요고 55,KT,요고 55,스마트기기,기본 혜택_스마트기기 1회선 최대 50% 할인,,,,,False,,기본 혜택_스마트기기: 1회선 최대 50% 할인,https://product.kt.com/wDic/productDetail.do?ItemCode=1567
1567_요고 55,KT,요고 55,멤버십,기본 혜택_멤버십 VIP,,,,,False,,기본 혜택_멤버십: VIP,https://product.kt.com/wDic/productDetail.do?ItemCode=1567
1567_요고 55,KT,요고 55,OTT/구독,프로모션 혜택_초이스 OTT 1개 또는 디바이스 할인,,,,,False,,프로모션 혜택_초이스: OTT 1개 또는 디바이스 할인,https://product.kt.com/wDic/productDetail.do?ItemCode=1567
1567_요고 55,KT,요고 55,OTT/구독,프로모션 혜택_플러스 콘텐츠 1개 50% 할인,,,,,False,,프로모션 혜택_플러스: 콘텐츠 1개 50% 할인,https://product.kt.com/wDic/productDetail.do?ItemCode=1567
1567_요고 55,KT,요고 55,추가데이터,요고Y덤(만 34세 이하) 기본 데이터 2배,,,,,False,,요고Y덤 혜택: 자세히보기,https://product.kt.com/wDic/productDetail.do?ItemCode=1567
1567_요고 49,KT,요고 49,OTT/구독,프로모션 혜택_초이스 OTT 1개,,,,,False,,프로모션 혜택_초이스: OTT 1개,https://product.kt.com/wDic/productDetail.do?ItemCode=1567
1567_요고 49,KT,요고 49,OTT/구독,프로모션 혜택_플러스 콘텐츠 1개 50% 할인,,,,,False,,프로모션 혜택_플러스: 콘텐츠 1개 50% 할인,https://product.kt.com/wDic/productDetail.do?ItemCode=1567
1567_요고 49,KT,요고 49,멤버십,프로모션 혜택_멤버십 VIP,,,,,False,,프로모션 혜택_멤버십: VIP,https://product.kt.com/wDic/productDetail.do?ItemCode=1567
1567_요고 49,KT,요고 49,추가데이터,요고Y덤(만 34세 이하) 기본 데이터 2배,,,,,False,,요고Y덤 혜택: 자세히보기,https://product.kt.com/wDic/productDetail.do?ItemCode=1567
1567_요고 46,KT,요고 46,OTT/구독,프로모션 혜택_초이스 OTT 1개,,,,,False,,프로모션 혜택_초이스: OTT 1개,https://product.kt.com/wDic/productDetail.do?ItemCode=1567
1567_요고 46,KT,요고 46,OTT/구독,프로모션 혜택_플러스 콘텐츠 1개 50% 할인,,,,,False,,프로모션 혜택_플러스: 콘텐츠 1개 50% 할인,https://product.kt.com/wDic/productDetail.do?ItemCode=1567
1567_요고 46,KT,요고 46,멤버십,프로모션 혜택_멤버십 VIP,,,,,False,,프로모션 혜택_멤버십: VIP,https://product.kt.com/wDic/productDetail.do?ItemCode=1567
1567_요고 46,KT,요고 46,추가데이터,요고Y덤(만 34세 이하) 기본 데이터 2배,,,,,False,,요고Y덤 혜택: 자세히보기,https://product.kt.com/wDic/productDetail.do?ItemCode=1567
1567_요고 44,KT,요고 44,OTT/구독,프로모션 혜택_초이스 OTT 1개,,,,,False,,프로모션 혜택_초이스: OTT 1개,https://product.kt.com/wDic/productDetail.do?ItemCode=1567
1567_요고 44,KT,요고 44,OTT/구독,프로모션 혜택_플러스 콘텐츠 1개 50% 할인,,,,,False,,프로모션 혜택_플러스: 콘텐츠 1개 50% 할인,https://product.kt.com/wDic/productDetail.do?ItemCode=1567
1567_요고 44,KT,요고 44,멤버십,프로모션 혜택_멤버십 VIP,,,,,False,,프로모션 혜택_멤버십: VIP,https://product.kt.com/wDic/productDetail.do?ItemCode=1567
1567_요고 44,KT,요고 44,추가데이터,요고Y덤(만 34세 이하) 기본 데이터 2배,,,,,False,,요고Y덤 혜택: 자세히보기,https://product.kt.com/wDic/productDetail.do?ItemCode=1567
1567_요고 42,KT,요고 42,OTT/구독,프로모션 혜택_초이스 OTT 1개,,,,,False,,프로모션 혜택_초이스: OTT 1개,https://product.kt.com/wDic/productDetail.do?ItemCode=1567
1567_요고 42,KT,요고 42,OTT/구독,프로모션 혜택_플러스 콘텐츠 1개 50% 할인,,,,,False,,프로모션 혜택_플러스: 콘텐츠 1개 50% 할인,https://product.kt.com/wDic/productDetail.do?ItemCode=1567
1567_요고 42,KT,요고 42,멤버십,프로모션 혜택_멤버십 VIP,,,,,False,,프로모션 혜택_멤버십: VIP,https://product.kt.com/wDic/productDetail.do?ItemCode=1567
1567_요고 42,KT,요고 42,추가데이터,요고Y덤(만 34세 이하) 기본 데이터 2배,,,,,False,,요고Y덤 혜택: 자세히보기,https://product.kt.com/wDic/productDetail.do?ItemCode=1567
1567_요고 40,KT,요고 40,OTT/구독,프로모션 혜택_초이스 OTT 1개,,,,,False,,프로모션 혜택_초이스: OTT 1개,https://product.kt.com/wDic/productDetail.do?ItemCode=1567
1567_요고 40,KT,요고 40,OTT/구독,프로모션 혜택_플러스 콘텐츠 1개 50% 할인,,,,,False,,프로모션 혜택_플러스: 콘텐츠 1개 50% 할인,https://product.kt.com/wDic/productDetail.do?ItemCode=1567
1567_요고 40,KT,요고 40,추가데이터,요고Y덤(만 34세 이하) 기본 데이터 2배,,,,,False,,요고Y덤 혜택: 자세히보기,https://product.kt.com/wDic/productDetail.do?ItemCode=1567
1567_요고 38,KT,요고 38,OTT/구독,프로모션 혜택_초이스 OTT 1개,,,,,False,,프로모션 혜택_초이스: OTT 1개,https://product.kt.com/wDic/productDetail.do?ItemCode=1567
1567_요고 38,KT,요고 38,OTT/구독,프로모션 혜택_플러스 콘텐츠 1개 50% 할인,,,,,False,,프로모션 혜택_플러스: 콘텐츠 1개 50% 할인,https://product.kt.com/wDic/productDetail.do?ItemCode=1567
1567_요고 38,KT,요고 38,추가데이터,요고Y덤(만 34세 이하) 기본 데이터 2배,,,,,False,,요고Y덤 혜택: 자세히보기,https://product.kt.com/wDic/productDetail.do?ItemCode=1567
1567_요고 36,KT,요고 36,OTT/구독,프로모션 혜택_초이스 OTT 1개,,,,,False,,프로모션 혜택_초이스: OTT 1개,https://product.kt.com/wDic/productDetail.do?ItemCode=1567
1567_요고 36,KT,요고 36,OTT/구독,프로모션 혜택_플러스 콘텐츠 1개 50% 할인,,,,,False,,프로모션 혜택_플러스: 콘텐츠 1개 50% 할인,https://product.kt.com/wDic/productDetail.do?ItemCode=1567
1567_요고 36,KT,요고 36,추가데이터,요고Y덤(만 34세 이하) 기본 데이터 2배,,,,,False,,요고Y덤 혜택: 자세히보기,https://product.kt.com/wDic/productDetail.do?ItemCode=1567
1567_요고 34,KT,요고 34,OTT/구독,프로모션 혜택_초이스 OTT 1개,,,,,False,,프로모션 혜택_초이스: OTT 1개,https://product.kt.com/wDic/productDetail.do?ItemCode=1567
1567_요고 34,KT,요고 34,OTT/구독,프로모션 혜택_플러스 콘텐츠 1개 50% 할인,,,,,False,,프로모션 혜택_플러스: 콘텐츠 1개 50% 할인,https://product.kt.com/wDic/productDetail.do?ItemCode=1567
1567_요고 34,KT,요고 34,추가데이터,요고Y덤(만 34세 이하) 기본 데이터 2배,,,,,False,,요고Y덤 혜택: 자세히보기,https://product.kt.com/wDic/productDetail.do?ItemCode=1567
1567_요고 32,KT,요고 32,OTT/구독,프로모션 혜택_초이스 OTT 1개,,,,,False,,프로모션 혜택_초이스: OTT 1개,https://product.kt.com/wDic/productDetail.do?ItemCode=1567
1567_요고 32,KT,요고 32,OTT/구독,프로모션 혜택_플러스 콘텐츠 1개 50% 할인,,,,,False,,프로모션 혜택_플러스: 콘텐츠 1개 50% 할인,https://product.kt.com/wDic/productDetail.do?ItemCode=1567
1567_요고 32,KT,요고 32,추가데이터,요고Y덤(만 34세 이하) 기본 데이터 2배,,,,,False,,요고Y덤 혜택: 자세히보기,https://product.kt.com/wDic/productDetail.do?ItemCode=1567
1567_요고 30,KT,요고 30,OTT/구독,프로모션 혜택_초이스 OTT 1개,,,,,False,,프로모션 혜택_초이스: OTT 1개,https://product.kt.com/wDic/productDetail.do?ItemCode=1567
1567_요고 30,KT,요고 30,OTT/구독,프로모션 혜택_플러스 콘텐츠 1개 50% 할인,,,,,False,,프로모션 혜택_플러스: 콘텐츠 1개 50% 할인,https://product.kt.com/wDic/productDetail.do?ItemCode=1567
1567_요고 30,KT,요고 30,추가데이터,요고Y덤(만 34세 이하) 기본 데이터 2배,,,,,False,,요고Y덤 혜택: 자세히보기,https://product.kt.com/wDic/productDetail.do?ItemCode=1567
1695_키즈38,KT,키즈38,기타,추가혜택 KT 안심박스 무료제공,,,,,False,,추가혜택: KT 안심박스 무료제공,https://product.kt.com/wDic/productDetail.do?ItemCode=1695
1695_키즈28,KT,키즈28,기타,추가혜택 KT 안심박스 무료제공,,,,,False,,추가혜택: KT 안심박스 무료제공,https://product.kt.com/wDic/productDetail.do?ItemCode=1695
1695_키즈24,KT,키즈24,기타,추가혜택 KT 안심박스 무료제공,,,,,False,,추가혜택: KT 안심박스 무료제공,https://product.kt.com/wDic/productDetail.do?ItemCode=1695
1695_키즈20,KT,키즈20,기타,추가혜택 KT 안심박스 무료제공,,,,,False,,추가혜택: KT 안심박스 무료제공,https://product.kt.com/wDic/productDetail.do?ItemCode=1695
1695_키즈13,KT,키즈13,기타,추가혜택 KT 안심박스 무료제공,,,,,False,,추가혜택: KT 안심박스 무료제공,https://product.kt.com/wDic/productDetail.do?ItemCode=1695
1577_웰컴 5,KT,웰컴 5,기타,전용 혜택 001 Free 무료,,,,,False,,전용 혜택: 001 Free 무료 자세히보기,https://product.kt.com/wDic/productDetail.do?ItemCode=1577
1577_웰컴 3,KT,웰컴 3,기타,전용 혜택 001 Free 무료,,,,,False,,전용 혜택: 001 Free 무료 자세히보기,https://product.kt.com/wDic/productDetail.do?ItemCode=1577
1577_웰컴 1,KT,웰컴 1,기타,전용 혜택 001 Free 무료,,,,,False,,전용 혜택: 001 Free 무료 자세히보기,https://product.kt.com/wDic/productDetail.do?ItemCode=1577
