plan_id,host_mno,plan_name,benefit_category,benefit_name,benefit_service,benefit_tier,benefit_value_won,user_pay_won,is_selectable,select_group,benefit_condition,benefit_detail,source_url
36334,LGU+,너겟49,사은품/페이백,네이버페이 매달 3.4만원 페이백 (6개월),,,204000,,False,,,,https://www.moyoplan.com/plans/36334
36334,LGU+,너겟49,사은품/페이백,네이버페이 매달 8천원 페이백 (12개월),,,96000,,False,,,,https://www.moyoplan.com/plans/36334
26613,KT,[모요only] [모요핫딜] 쉐이크 LTE 100GB+Npay 매월 5천원,사은품/페이백,네이버페이 매달 5천원 페이백 (평생),,,5000,,False,,,,https://www.moyoplan.com/plans/26613
26613,KT,[모요only] [모요핫딜] 쉐이크 LTE 100GB+Npay 매월 5천원,사은품/페이백,매월 1천원 요금할인 (팝테일 가입·인증),,,1000,,False,,,,https://www.moyoplan.com/plans/26613
26613,KT,[모요only] [모요핫딜] 쉐이크 LTE 100GB+Npay 매월 5천원,사은품/페이백,"마트상품권, 네이버페이 최대 2만원",,,20000,,False,,KT바로유심,,https://www.moyoplan.com/plans/26613
26613,KT,[모요only] [모요핫딜] 쉐이크 LTE 100GB+Npay 매월 5천원,추가데이터,SOLO결합(+20GB),,,,,False,,,,https://www.moyoplan.com/plans/26613
26613,KT,[모요only] [모요핫딜] 쉐이크 LTE 100GB+Npay 매월 5천원,추가데이터,데이터쿠폰 20GB,,,,,False,,,"대상: 대상 요금제 개통 후, 지급시기까지 회선 유지 시기: 3개월 단위로 총 3회 제공",https://www.moyoplan.com/plans/26613
6804,LGU+,슬림 유심 500MB 50분,사은품/페이백,네이버페이 매달 2천원 페이백(6개월),,,12000,,False,,,,https://www.moyoplan.com/plans/6804
6804,LGU+,슬림 유심 500MB 50분,사은품/페이백,프레딧 쿠폰 2만원(5천원*4개월),,,20000,,False,,,,https://www.moyoplan.com/plans/6804
6804,LGU+,슬림 유심 500MB 50분,OTT/구독,구글 AI프로+도미노피자 할인쿠폰,,,,,False,,,,https://www.moyoplan.com/plans/6804
6804,LGU+,슬림 유심 500MB 50분,OTT/구독,토스미·오픽미 AI 모의고사,,,,,False,,,,https://www.moyoplan.com/plans/6804
37103,KT,[모요only] [K] 핀다이렉트Z 100GB+(네이버페이) _모요핫딜,사은품/페이백,네이버페이 매달 5천원 페이백 (평생),,,5000,,False,,,,https://www.moyoplan.com/plans/37103
37103,KT,[모요only] [K] 핀다이렉트Z 100GB+(네이버페이) _모요핫딜,사은품/페이백,"네이버페이, 마트 상품권 2만원",,,20000,,False,,KT바로유심,,https://www.moyoplan.com/plans/37103
37103,KT,[모요only] [K] 핀다이렉트Z 100GB+(네이버페이) _모요핫딜,사은품/페이백,데이터 로밍 3일 무료 쿠폰,,,,,False,,,,https://www.moyoplan.com/plans/37103
37103,KT,[모요only] [K] 핀다이렉트Z 100GB+(네이버페이) _모요핫딜,추가데이터,KT 데이터 결합 (추가데이터 20GB),,,,,False,,,,https://www.moyoplan.com/plans/37103
23450,KT,통화 충분 15GB,사은품/페이백,네이버페이 매달 2만원 페이백 (6개월 간),,,120000,,False,,,,https://www.moyoplan.com/plans/23450
36963,KT,모두다 맘껏 안심 4.5GB+,사은품/페이백,네이버페이 매달 1만원 페이백 (6개월),,,60000,,False,,,,https://www.moyoplan.com/plans/36963
36963,KT,모두다 맘껏 안심 4.5GB+,사은품/페이백,삼성 자급제 이벤트 네이버페이 12만원,삼성 디바이스,,120000,,False,,,,https://www.moyoplan.com/plans/36963
36963,KT,모두다 맘껏 안심 4.5GB+,사은품/페이백,M마켓 포인트 4만원(5천원 X 8개월),,,40000,,False,,,,https://www.moyoplan.com/plans/36963
36963,KT,모두다 맘껏 안심 4.5GB+,사은품/페이백,쿠팡유심 개통 시 쿠팡캐시 2만원,,,20000,,False,,쿠팡유심,"대상: 쿠팡 유심 구매·개통 후 혜택 지급까지 유지 시기: 1만원(4개월차), 1만원(7개월차)",https://www.moyoplan.com/plans/36963
36963,KT,모두다 맘껏 안심 4.5GB+,사은품/페이백,3대 마트 + 네이버페이 포인트 2만원,,,20000,,False,,KT바로유심,"대상: 바로유심/바로배송유심 구매·개통 후 혜택 지급까지 유지 시기: 1만원(4개월차), 1만원(7개월차)",https://www.moyoplan.com/plans/36963
29062,LGU+,데일리 너겟59,사은품/페이백,네이버페이 매달 2.5만원 페이백 (12개월),,,300000,,False,,,,https://www.moyoplan.com/plans/29062
29062,LGU+,데일리 너겟59,사은품/페이백,네이버페이 매달 1.5만원 페이백 (6개월),,,90000,,False,,,,https://www.moyoplan.com/plans/29062
29062,LGU+,데일리 너겟59,OTT/구독,"지니뮤직, 밀리의서재, 구글원 등 미디어 혜택",밀리의서재,,,,False,,,,https://www.moyoplan.com/plans/29062
29062,LGU+,데일리 너겟59,멤버십,U+ 멤버십 VIP콕(24개월 간 매월 제공),,,,,False,,,,https://www.moyoplan.com/plans/29062
37443,KT,모두다 맘껏 안심 6GB+,사은품/페이백,네이버페이 매달 1만원 페이백 (6개월),,,60000,,False,,,,https://www.moyoplan.com/plans/37443
37443,KT,모두다 맘껏 안심 6GB+,사은품/페이백,삼성 자급제 이벤트 네이버페이 12만원,삼성 디바이스,,120000,,False,,,,https://www.moyoplan.com/plans/37443
37443,KT,모두다 맘껏 안심 6GB+,사은품/페이백,M마켓 포인트 4만원(5천원 X 8개월),,,40000,,False,,,,https://www.moyoplan.com/plans/37443
37443,KT,모두다 맘껏 안심 6GB+,사은품/페이백,쿠팡유심 개통 시 쿠팡캐시 2만원,,,20000,,False,,쿠팡유심,"대상: 쿠팡 유심 구매·개통 후 혜택 지급까지 유지 시기: 1만원(4개월차), 1만원(7개월차)",https://www.moyoplan.com/plans/37443
37443,KT,모두다 맘껏 안심 6GB+,사은품/페이백,3대 마트 + 네이버페이 포인트 2만원,,,20000,,False,,KT바로유심,"대상: 바로유심/바로배송유심 구매·개통 후 혜택 지급까지 유지 시기: 1만원(4개월차), 1만원(7개월차)",https://www.moyoplan.com/plans/37443
6830,LGU+,DATA 걱정없는 유심 7GB,사은품/페이백,네이버페이 매달 1.6만원 페이백(8개월),,,128000,,False,,,,https://www.moyoplan.com/plans/6830
6830,LGU+,DATA 걱정없는 유심 7GB,사은품/페이백,갤럭시 자급제 이벤트 신세계상품권 10만원,,,100000,,False,,,,https://www.moyoplan.com/plans/6830
6830,LGU+,DATA 걱정없는 유심 7GB,OTT/구독,구글 AI프로+도미노피자 할인쿠폰,,,,,False,,,,https://www.moyoplan.com/plans/6830
6830,LGU+,DATA 걱정없는 유심 7GB,추가데이터,"헬로모바일 결합시, 추가 데이터 5GB 증정",,,,,False,,,"대상: 대상 요금제로 결합 완료 시기: 결합일 익일 제공, 익월부터 매월 1일 제공",https://www.moyoplan.com/plans/6830
6830,LGU+,DATA 걱정없는 유심 7GB,OTT/구독,토스미·오픽미 AI 모의고사,,,,,False,,,대상: 혜택 지급 시점까지 회선 유지 시기: 조건달성한 달 3주차(9월 3주차),https://www.moyoplan.com/plans/6830
6801,LGU+,슬림 유심 1GB 100분,사은품/페이백,네이버페이 매달 3천원 페이백(6개월),,,18000,,False,,,,https://www.moyoplan.com/plans/6801
6801,LGU+,슬림 유심 1GB 100분,사은품/페이백,프레딧 쿠폰 2만원(5천원*4개월),,,20000,,False,,,,https://www.moyoplan.com/plans/6801
6801,LGU+,슬림 유심 1GB 100분,OTT/구독,구글 AI프로+도미노피자 할인쿠폰,,,,,False,,,,https://www.moyoplan.com/plans/6801
6801,LGU+,슬림 유심 1GB 100분,OTT/구독,토스미·오픽미 AI 모의고사,,,,,False,,,,https://www.moyoplan.com/plans/6801
30954,KT,[모요only] [K] 핀다이렉트Z 100GB+(네이버페이) _PIN,사은품/페이백,네이버페이 매달 5천원 페이백 (평생),,,5000,,False,,,,https://www.moyoplan.com/plans/30954
30954,KT,[모요only] [K] 핀다이렉트Z 100GB+(네이버페이) _PIN,사은품/페이백,"네이버페이, 마트 상품권 2만원",,,20000,,False,,KT바로유심,,https://www.moyoplan.com/plans/30954
30954,KT,[모요only] [K] 핀다이렉트Z 100GB+(네이버페이) _PIN,사은품/페이백,데이터 로밍 3일 무료 쿠폰,,,,,False,,,,https://www.moyoplan.com/plans/30954
30954,KT,[모요only] [K] 핀다이렉트Z 100GB+(네이버페이) _PIN,추가데이터,KT 데이터 결합 (추가데이터 20GB),,,,,False,,,,https://www.moyoplan.com/plans/30954
36647,LGU+,DATA 걱정없는 유심 100GB,사은품/페이백,네이버페이 매달 2.5만원 페이백(6개월),,,150000,,False,,,,https://www.moyoplan.com/plans/36647
36647,LGU+,DATA 걱정없는 유심 100GB,사은품/페이백,네이버페이 1만원,,,10000,,False,,,,https://www.moyoplan.com/plans/36647
36647,LGU+,DATA 걱정없는 유심 100GB,사은품/페이백,갤럭시 자급제 이벤트 신세계상품권 10만원,,,100000,,False,,,,https://www.moyoplan.com/plans/36647
36647,LGU+,DATA 걱정없는 유심 100GB,OTT/구독,구글 AI프로+도미노피자 할인쿠폰,,,,,False,,,대상: 1개월 회선 유지 시기: 조건달성한달 5일,https://www.moyoplan.com/plans/36647
36647,LGU+,DATA 걱정없는 유심 100GB,추가데이터,"헬로모바일 결합시, 추가 데이터 20GB 증정",,,,,False,,,"시기: 결합일 익일 제공, 익월부터 매월 1일 제공",https://www.moyoplan.com/plans/36647
36647,LGU+,DATA 걱정없는 유심 100GB,OTT/구독,토스미·오픽미 AI 모의고사,,,,,False,,,대상: 혜택 지급 시점까지 회선 유지 시기: 조건달성한 달 3주차(9월 3주차),https://www.moyoplan.com/plans/36647
36163,KT,[모요only] 쉐이크only LTE 100GB+밀리의서재,OTT/구독,밀리의 서재 구독권 지급 이벤트,밀리의서재,,,,False,,,,https://www.moyoplan.com/plans/36163
36163,KT,[모요only] 쉐이크only LTE 100GB+밀리의서재,사은품/페이백,매월 1천원 요금할인 (팝테일 가입·인증),,,1000,,False,,,,https://www.moyoplan.com/plans/36163
36163,KT,[모요only] 쉐이크only LTE 100GB+밀리의서재,사은품/페이백,"마트상품권, 네이버페이 최대 2만원",,,20000,,False,,KT바로유심,"대상: 바로유심/바로배송유심 구매・개통 후 7개월 회선 유지 시기: 개통 후 4개월차 말일 1만원, 7개월차 말일 1만원",https://www.moyoplan.com/plans/36163
36163,KT,[모요only] 쉐이크only LTE 100GB+밀리의서재,추가데이터,SOLO결합(+20GB),,,,,False,,,,https://www.moyoplan.com/plans/36163
36163,KT,[모요only] 쉐이크only LTE 100GB+밀리의서재,추가데이터,데이터쿠폰 20GB,,,,,False,,,"대상: 대상 요금제 개통 후, 지급시기까지 회선 유지 시기: 3개월 단위로 총 3회 제공",https://www.moyoplan.com/plans/36163
26312,LGU+,[모빌카드 스페셜] 유심 5G 150GB+,사은품/페이백,일반 유심/배송비 무료,,,,,False,,,,https://www.moyoplan.com/plans/26312
34378,LGU+,[모요only] [CH]100GB+5Mbps,사은품/페이백,유심/배송비 무료,,,,,False,,,,https://www.moyoplan.com/plans/34378
37442,SKT,[모요only] [S] 핀다이렉트Z Max(네이버페이) _PAY,사은품/페이백,네이버페이 매달 3만원 페이백 (7개월),,,210000,,False,,,,https://www.moyoplan.com/plans/37442
37442,SKT,[모요only] [S] 핀다이렉트Z Max(네이버페이) _PAY,추가데이터,SKT 데이터 결합 (추가데이터 20GB),,,,,False,,,,https://www.moyoplan.com/plans/37442
6803,LGU+,슬림 유심 2GB 200분,사은품/페이백,네이버페이 매달 4천원 페이백(6개월),,,24000,,False,,,,https://www.moyoplan.com/plans/6803
6803,LGU+,슬림 유심 2GB 200분,사은품/페이백,프레딧 쿠폰 2만원(5천원*4개월),,,20000,,False,,,,https://www.moyoplan.com/plans/6803
6803,LGU+,슬림 유심 2GB 200분,OTT/구독,구글 AI프로+도미노피자 할인쿠폰,,,,,False,,,,https://www.moyoplan.com/plans/6803
6803,LGU+,슬림 유심 2GB 200분,OTT/구독,토스미·오픽미 AI 모의고사,,,,,False,,,,https://www.moyoplan.com/plans/6803
6836,LGU+,The 착한 데이터 유심 11GB,사은품/페이백,네이버페이 매달 2.5만원 페이백(6개월),,,150000,,False,,,,https://www.moyoplan.com/plans/6836
6836,LGU+,The 착한 데이터 유심 11GB,사은품/페이백,네이버페이 1만원,,,10000,,False,,,,https://www.moyoplan.com/plans/6836
6836,LGU+,The 착한 데이터 유심 11GB,사은품/페이백,갤럭시 자급제 이벤트 신세계상품권 10만원,,,100000,,False,,,,https://www.moyoplan.com/plans/6836
6836,LGU+,The 착한 데이터 유심 11GB,OTT/구독,구글 AI프로+도미노피자 할인쿠폰,,,,,False,,,대상: 1개월 회선 유지 시기: 조건달성한달 5일,https://www.moyoplan.com/plans/6836
6836,LGU+,The 착한 데이터 유심 11GB,추가데이터,"헬로모바일 결합시, 추가 데이터 20GB 증정",,,,,False,,,"시기: 결합일 익일 제공, 익월부터 매월 1일 제공",https://www.moyoplan.com/plans/6836
6836,LGU+,The 착한 데이터 유심 11GB,OTT/구독,토스미·오픽미 AI 모의고사,,,,,False,,,대상: 혜택 지급 시점까지 회선 유지 시기: 조건달성한 달 3주차(9월 3주차),https://www.moyoplan.com/plans/6836
37403,KT,[모요only] [K] 핀다이렉트Z 100GB+(네이버페이) _PAY,사은품/페이백,네이버페이 매달 3만원 페이백 (7개월),,,210000,,False,,,,https://www.moyoplan.com/plans/37403
37403,KT,[모요only] [K] 핀다이렉트Z 100GB+(네이버페이) _PAY,사은품/페이백,네이버페이 매달 5천원 페이백 (평생),,,5000,,False,,,,https://www.moyoplan.com/plans/37403
37403,KT,[모요only] [K] 핀다이렉트Z 100GB+(네이버페이) _PAY,사은품/페이백,"네이버페이, 마트 상품권 2만원",,,20000,,False,,KT바로유심,,https://www.moyoplan.com/plans/37403
37403,KT,[모요only] [K] 핀다이렉트Z 100GB+(네이버페이) _PAY,사은품/페이백,데이터 로밍 3일 무료 쿠폰,,,,,False,,,,https://www.moyoplan.com/plans/37403
37403,KT,[모요only] [K] 핀다이렉트Z 100GB+(네이버페이) _PAY,추가데이터,KT 데이터 결합 (추가데이터 20GB),,,,,False,,,,https://www.moyoplan.com/plans/37403
6790,LGU+,보편 안심 유심 15GB 100분,사은품/페이백,네이버페이 매달 2.5만원 페이백(6개월),,,150000,,False,,,,https://www.moyoplan.com/plans/6790
6790,LGU+,보편 안심 유심 15GB 100분,사은품/페이백,네이버페이 1만원,,,10000,,False,,,,https://www.moyoplan.com/plans/6790
6790,LGU+,보편 안심 유심 15GB 100분,사은품/페이백,갤럭시 자급제 이벤트 신세계상품권 10만원,,,100000,,False,,,,https://www.moyoplan.com/plans/6790
6790,LGU+,보편 안심 유심 15GB 100분,OTT/구독,구글 AI프로+도미노피자 할인쿠폰,,,,,False,,,대상: 1개월 회선 유지 시기: 조건달성한달 5일,https://www.moyoplan.com/plans/6790
6790,LGU+,보편 안심 유심 15GB 100분,추가데이터,"헬로모바일 결합시, 추가 데이터 10GB 증정",,,,,False,,,"대상: 대상 요금제로 결합 완료 시기: 결합일 익일 제공, 익월부터 매월 1일 제공",https://www.moyoplan.com/plans/6790
6790,LGU+,보편 안심 유심 15GB 100분,OTT/구독,토스미·오픽미 AI 모의고사,,,,,False,,,대상: 혜택 지급 시점까지 회선 유지 시기: 조건달성한 달 3주차(9월 3주차),https://www.moyoplan.com/plans/6790
27840,KT,[모요only] 고고딜 무제한 11GB+3M(Npay 5000P)_12개월,사은품/페이백,네이버페이 매달 5천원 페이백(12개월),,,60000,,False,,,,https://www.moyoplan.com/plans/27840
27840,KT,[모요only] 고고딜 무제한 11GB+3M(Npay 5000P)_12개월,사은품/페이백,"마트상품권, 네이버페이 최대 2만원",,,20000,,False,,KT바로유심,,https://www.moyoplan.com/plans/27840
27840,KT,[모요only] 고고딜 무제한 11GB+3M(Npay 5000P)_12개월,추가데이터,추가데이터 20GB 제공,,,,,False,,,,https://www.moyoplan.com/plans/27840
27840,KT,[모요only] 고고딜 무제한 11GB+3M(Npay 5000P)_12개월,사은품/페이백,KT유심&배송비 무료,,,,,False,,,,https://www.moyoplan.com/plans/27840
37123,LGU+,[모요핫딜]5G 음성기본 150GB+5Mbps,사은품/페이백,네이버페이 매달 5천원 페이백 (7개월 간),,,35000,,False,,,,https://www.moyoplan.com/plans/37123
37123,LGU+,[모요핫딜]5G 음성기본 150GB+5Mbps,사은품/페이백,유심/배송비 무료,,,,,False,,,,https://www.moyoplan.com/plans/37123
18885,LGU+,DATA 걱정없는 유심 15GB,사은품/페이백,네이버페이 매달 1.6만원 페이백(8개월),,,128000,,False,,,,https://www.moyoplan.com/plans/18885
18885,LGU+,DATA 걱정없는 유심 15GB,사은품/페이백,갤럭시 자급제 이벤트 신세계상품권 10만원,,,100000,,False,,,,https://www.moyoplan.com/plans/18885
18885,LGU+,DATA 걱정없는 유심 15GB,OTT/구독,구글 AI프로+도미노피자 할인쿠폰,,,,,False,,,,https://www.moyoplan.com/plans/18885
18885,LGU+,DATA 걱정없는 유심 15GB,추가데이터,"헬로모바일 결합시, 추가 데이터 10GB 증정",,,,,False,,,"대상: 대상 요금제로 결합 완료 시기: 결합일 익일 제공, 익월부터 매월 1일 제공",https://www.moyoplan.com/plans/18885
18885,LGU+,DATA 걱정없는 유심 15GB,OTT/구독,토스미·오픽미 AI 모의고사,,,,,False,,,대상: 혜택 지급 시점까지 회선 유지 시기: 조건달성한 달 3주차(9월 3주차),https://www.moyoplan.com/plans/18885
23284,KT,KT 100GB+ (밀리의서재+올리브영 매월 5천원 상품권!),OTT/구독,밀리의 서재 전자책 정기구독 혜택 매월 제공,밀리의서재,,,,False,,,대상: 대상 요금제 개통한 고객 시기: 조건 달성한 즉시,https://www.moyoplan.com/plans/23284
23284,KT,KT 100GB+ (밀리의서재+올리브영 매월 5천원 상품권!),사은품/페이백,마트 상품권/네이버페이 1만원 증정,,,10000,,False,,KT바로유심,대상: 바로유심/바로배송유심 구매・개통 후 7개월 회선 유지한 고객 시기: 조건 달성한 달 월말,https://www.moyoplan.com/plans/23284
23284,KT,KT 100GB+ (밀리의서재+올리브영 매월 5천원 상품권!),사은품/페이백,마트 상품권/네이버페이 1만원 증정,,,10000,,False,,KT바로유심,대상: 바로유심/바로배송유심 구매・개통 후 4개월 회선 유지한 고객 시기: 조건 달성한 달 월말,https://www.moyoplan.com/plans/23284
23284,KT,KT 100GB+ (밀리의서재+올리브영 매월 5천원 상품권!),사은품/페이백,"올리브영 12개월간 매월 5,000원 상품권",,,5000,,False,,,대상: 대상 요금제 개통 후 1개월 회선 유지한 고객 시기: 조건 달성한 달 월말,https://www.moyoplan.com/plans/23284
23576,KT,KT 100GB+ (CU 매월 20%+올리브영 매월 5천원 상품권!),사은품/페이백,마트 상품권/네이버페이 1만원 증정,,,10000,,False,,KT바로유심,대상: 바로유심/바로배송유심 구매・개통 후 7개월 회선 유지한 고객 시기: 조건 달성한 달 월말,https://www.moyoplan.com/plans/23576
23576,KT,KT 100GB+ (CU 매월 20%+올리브영 매월 5천원 상품권!),사은품/페이백,마트 상품권/네이버페이 1만원 증정,,,10000,,False,,KT바로유심,대상: 바로유심/바로배송유심 구매・개통 후 4개월 회선 유지한 고객 시기: 조건 달성한 달 월말,https://www.moyoplan.com/plans/23576
23576,KT,KT 100GB+ (CU 매월 20%+올리브영 매월 5천원 상품권!),사은품/페이백,CU 오프라인 점포 결제시 20% 할인 제공,,,,,False,,,대상: 대상 요금제 개통한 고객 시기: 조건 달성한 즉시,https://www.moyoplan.com/plans/23576
23576,KT,KT 100GB+ (CU 매월 20%+올리브영 매월 5천원 상품권!),사은품/페이백,"올리브영 12개월간 매월 5,000원 상품권",,,5000,,False,,,대상: 대상 요금제 개통 후 1개월 회선 유지한 고객 시기: 조건 달성한 달 월말,https://www.moyoplan.com/plans/23576
36263,LGU+,[일반] 유심 5G 150GB+_24개월,사은품/페이백,일반 유심/배송비 무료,,,,,False,,,,https://www.moyoplan.com/plans/36263
27842,KT,[모요only] [모요핫딜]무제한 100GB+5M(Npay 5000P),사은품/페이백,네이버페이 매달 5천원 페이백(7개월),,,35000,,False,,,,https://www.moyoplan.com/plans/27842
27842,KT,[모요only] [모요핫딜]무제한 100GB+5M(Npay 5000P),사은품/페이백,"마트상품권, 네이버페이 최대 2만원",,,20000,,False,,KT바로유심,,https://www.moyoplan.com/plans/27842
27842,KT,[모요only] [모요핫딜]무제한 100GB+5M(Npay 5000P),추가데이터,추가데이터 20GB 제공,,,,,False,,,,https://www.moyoplan.com/plans/27842
27842,KT,[모요only] [모요핫딜]무제한 100GB+5M(Npay 5000P),사은품/페이백,KT유심&배송비 무료,,,,,False,,,,https://www.moyoplan.com/plans/27842
37109,LGU+,[Npay 12만 기본제공] 17GB+/통화기본,사은품/페이백,네이버페이 매달 5천원 페이백 (24개월),,,120000,,False,,,,https://www.moyoplan.com/plans/37109
37109,LGU+,[Npay 12만 기본제공] 17GB+/통화기본,사은품/페이백,매달 hy 금액권 1만원(12만),,,10000,,False,,,,https://www.moyoplan.com/plans/37109
28127,LGU+,[모요only] 마블링 프라임 11GB+매일2GB+3Mbps,사은품/페이백,일반유심/배송비 무료,,,,,False,,택배일반유심,,https://www.moyoplan.com/plans/28127
37406,LGU+,[모요only] 두해5G 통화기본150GB+ 유심비ZERO(일반),사은품/페이백,유심/배송비 무료!,,,,,False,,,,https://www.moyoplan.com/plans/37406
35207,LGU+,이지 무제한 5GB+1,사은품/페이백,일반유심/배송비 무료,,,,,False,,택배일반유심,대상: 대상 요금제 개통 후 일반유심을 택배로 받을래요 신청 후 개통을 완료한 고객 시기: 조건 달성한 즉시,https://www.moyoplan.com/plans/35207
37124,LGU+,[모요핫딜]5G 음성기본 125GB+5Mbps,사은품/페이백,네이버페이 매달 5천원 페이백 (7개월 간),,,35000,,False,,,,https://www.moyoplan.com/plans/37124
37124,LGU+,[모요핫딜]5G 음성기본 125GB+5Mbps,사은품/페이백,유심/배송비 무료,,,,,False,,,,https://www.moyoplan.com/plans/37124
28102,KT,[모요only] [K] 핀다이렉트Z Max (100GB) _PIN,사은품/페이백,"네이버페이, 마트 상품권 2만원",,,20000,,False,,KT바로유심,,https://www.moyoplan.com/plans/28102
28102,KT,[모요only] [K] 핀다이렉트Z Max (100GB) _PIN,사은품/페이백,데이터 로밍 3일 무료 쿠폰,,,,,False,,,,https://www.moyoplan.com/plans/28102
28102,KT,[모요only] [K] 핀다이렉트Z Max (100GB) _PIN,추가데이터,KT 데이터 결합 (추가데이터 20GB),,,,,False,,,,https://www.moyoplan.com/plans/28102
27680,LGU+,[모요핫딜] 희망더하기 11GB,사은품/페이백,네이버페이 매달 5천원 페이백 (7개월),,,35000,,False,,,,https://www.moyoplan.com/plans/27680
27680,LGU+,[모요핫딜] 희망더하기 11GB,사은품/페이백,"네이버페이 5,000원",,,5000,,False,,,,https://www.moyoplan.com/plans/27680
22864,LGU+,[모요only] 마블링 프라임 100GB+5Mbps,사은품/페이백,일반유심/배송비 무료,,,,,False,,택배일반유심,,https://www.moyoplan.com/plans/22864
27837,KT,[모요only] 고고딜 무제한 7GB+1M(Npay 5000P)_12개월,사은품/페이백,네이버페이 매달 5천원 페이백(12개월),,,60000,,False,,,,https://www.moyoplan.com/plans/27837
27837,KT,[모요only] 고고딜 무제한 7GB+1M(Npay 5000P)_12개월,사은품/페이백,"마트상품권, 네이버페이 최대 2만원",,,20000,,False,,KT바로유심,,https://www.moyoplan.com/plans/27837
27837,KT,[모요only] 고고딜 무제한 7GB+1M(Npay 5000P)_12개월,추가데이터,추가데이터 5GB 제공,,,,,False,,,,https://www.moyoplan.com/plans/27837
27837,KT,[모요only] 고고딜 무제한 7GB+1M(Npay 5000P)_12개월,사은품/페이백,KT유심&배송비 무료,,,,,False,,,,https://www.moyoplan.com/plans/27837
32578,KT,"[모요only] 쉐이크 5G 110GB+_네이버페이 매 월 5,000원",사은품/페이백,네이버페이 매달 5천원 페이백 (평생),,,5000,,False,,,,https://www.moyoplan.com/plans/32578
32578,KT,"[모요only] 쉐이크 5G 110GB+_네이버페이 매 월 5,000원",사은품/페이백,매월 1천원 요금할인 (팝테일 가입·인증),,,1000,,False,,,대상: 이벤트 기간 내 대상요금제 개통 후 팝테일 가입·인증한 고객 시기: 개통 후 영업일 기준 D+2일 이내,https://www.moyoplan.com/plans/32578
32578,KT,"[모요only] 쉐이크 5G 110GB+_네이버페이 매 월 5,000원",사은품/페이백,"마트상품권, 네이버페이 최대 2만원",,,20000,,False,,KT바로유심,"대상: 바로유심/바로배송유심 구매・개통 후 7개월 회선 유지한 고객 시기: 개통 후 4개월차 말일 1만원, 7개월차 말일 1만원",https://www.moyoplan.com/plans/32578
32578,KT,"[모요only] 쉐이크 5G 110GB+_네이버페이 매 월 5,000원",추가데이터,데이터쿠폰 20GB,,,,,False,,,"대상: 대상 요금제 개통 후, 지급시기까지 회선 유지한 고객 시기: 3개월 단위로 총 3회 제공",https://www.moyoplan.com/plans/32578
28450,LGU+,데이터 플러스 7GB(평생+10GB 추가 제공 프로모션),추가데이터,"우리결합시, 데이터 5GB 추가 증정",,,,,False,,,대상: 대상 요금제 개통 후 우리 결합 완료한 고객 시기: 조건 달성한 즉시,https://www.moyoplan.com/plans/28450
32400,LGU+,쿠폰팩 유심 7GB,사은품/페이백,네이버페이 매달 1.6만원 페이백(8개월),,,128000,,False,,,,https://www.moyoplan.com/plans/32400
32400,LGU+,쿠폰팩 유심 7GB,사은품/페이백,갤럭시 자급제 이벤트 신세계상품권 10만원,,,100000,,False,,,,https://www.moyoplan.com/plans/32400
32400,LGU+,쿠폰팩 유심 7GB,사은품/페이백,쿠폰팩 24개월(5천원*24개월),,,5000,,False,,,,https://www.moyoplan.com/plans/32400
32400,LGU+,쿠폰팩 유심 7GB,OTT/구독,구글 AI프로+도미노피자 할인쿠폰,,,,,False,,,대상: 1개월 회선 유지 시기: 조건달성한달 5일,https://www.moyoplan.com/plans/32400
32400,LGU+,쿠폰팩 유심 7GB,추가데이터,"헬로모바일 결합시, 추가 데이터 5GB 증정",,,,,False,,,"대상: 대상 요금제로 결합 완료 시기: 결합일 익일 제공, 익월부터 매월 1일 제공",https://www.moyoplan.com/plans/32400
32400,LGU+,쿠폰팩 유심 7GB,OTT/구독,토스미·오픽미 AI 모의고사,,,,,False,,,대상: 혜택 지급 시점까지 회선 유지 시기: 조건달성한 달 3주차(9월 3주차),https://www.moyoplan.com/plans/32400
10364,LGU+,DATA 걱정없는 유심 일5GB,사은품/페이백,네이버페이 매달 2.5만원 페이백(6개월),,,150000,,False,,,,https://www.moyoplan.com/plans/10364
10364,LGU+,DATA 걱정없는 유심 일5GB,사은품/페이백,네이버페이 1만원,,,10000,,False,,,,https://www.moyoplan.com/plans/10364
10364,LGU+,DATA 걱정없는 유심 일5GB,사은품/페이백,갤럭시 자급제 이벤트 신세계상품권 10만원,,,100000,,False,,,,https://www.moyoplan.com/plans/10364
10364,LGU+,DATA 걱정없는 유심 일5GB,OTT/구독,구글 AI프로+도미노피자 할인쿠폰,,,,,False,,,대상: 1개월 회선 유지 시기: 조건달성한달 5일,https://www.moyoplan.com/plans/10364
10364,LGU+,DATA 걱정없는 유심 일5GB,추가데이터,"헬로모바일 결합시, 추가 데이터 20GB 증정",,,,,False,,,"시기: 결합일 익일 제공, 익월부터 매월 1일 제공",https://www.moyoplan.com/plans/10364
10364,LGU+,DATA 걱정없는 유심 일5GB,OTT/구독,토스미·오픽미 AI 모의고사,,,,,False,,,대상: 혜택 지급 시점까지 회선 유지 시기: 조건달성한 달 3주차(9월 3주차),https://www.moyoplan.com/plans/10364
31929,KT,EG 무제한 100GB+5M(밀리의 서재),OTT/구독,밀리의 서재 이용권 제공,밀리의서재,,,,False,,,,https://www.moyoplan.com/plans/31929
31929,KT,EG 무제한 100GB+5M(밀리의 서재),사은품/페이백,일반유심/배송비 무료,,,,,False,,택배일반유심,,https://www.moyoplan.com/plans/31929
12438,LGU+,5G 유심 6GB 200분,사은품/페이백,네이버페이 매달 5천원 페이백(6개월),,,30000,,False,,,,https://www.moyoplan.com/plans/12438
12438,LGU+,5G 유심 6GB 200분,사은품/페이백,프레딧 쿠폰 2만원(5천원*4개월),,,20000,,False,,,,https://www.moyoplan.com/plans/12438
12438,LGU+,5G 유심 6GB 200분,OTT/구독,구글 AI프로+도미노피자 할인쿠폰,,,,,False,,,,https://www.moyoplan.com/plans/12438
12438,LGU+,5G 유심 6GB 200분,OTT/구독,토스미·오픽미 AI 모의고사,,,,,False,,,,https://www.moyoplan.com/plans/12438
36256,LGU+,5G 음성기본 150GB+5Mbps_24개월,사은품/페이백,유심/배송비 무료,,,,,False,,,,https://www.moyoplan.com/plans/36256
23093,LGU+,보편 안심 유심 15GB 300분,사은품/페이백,네이버페이 매달 2.5만원 페이백(6개월),,,150000,,False,,,,https://www.moyoplan.com/plans/23093
23093,LGU+,보편 안심 유심 15GB 300분,사은품/페이백,네이버페이 1만원,,,10000,,False,,,,https://www.moyoplan.com/plans/23093
23093,LGU+,보편 안심 유심 15GB 300분,사은품/페이백,갤럭시 자급제 이벤트 신세계상품권 10만원,,,100000,,False,,,,https://www.moyoplan.com/plans/23093
23093,LGU+,보편 안심 유심 15GB 300분,OTT/구독,구글 AI프로+도미노피자 할인쿠폰,,,,,False,,,대상: 1개월 회선 유지 시기: 조건달성한달 5일,https://www.moyoplan.com/plans/23093
23093,LGU+,보편 안심 유심 15GB 300분,추가데이터,"헬로모바일 결합시, 추가 데이터 10GB 증정",,,,,False,,,"대상: 대상 요금제로 결합 완료 시기: 결합일 익일 제공, 익월부터 매월 1일 제공",https://www.moyoplan.com/plans/23093
23093,LGU+,보편 안심 유심 15GB 300분,OTT/구독,토스미·오픽미 AI 모의고사,,,,,False,,,대상: 혜택 지급 시점까지 회선 유지 시기: 조건달성한 달 3주차(9월 3주차),https://www.moyoplan.com/plans/23093
37118,KT,[모요only] 고고딜 무제한 100GB+5M(Npay 5000P)_12개월,사은품/페이백,네이버페이 매달 5천원 페이백(12개월),,,60000,,False,,,,https://www.moyoplan.com/plans/37118
37118,KT,[모요only] 고고딜 무제한 100GB+5M(Npay 5000P)_12개월,사은품/페이백,"마트상품권, 네이버페이 최대 2만원",,,20000,,False,,KT바로유심,,https://www.moyoplan.com/plans/37118
37118,KT,[모요only] 고고딜 무제한 100GB+5M(Npay 5000P)_12개월,추가데이터,추가데이터 20GB 제공,,,,,False,,,,https://www.moyoplan.com/plans/37118
37118,KT,[모요only] 고고딜 무제한 100GB+5M(Npay 5000P)_12개월,사은품/페이백,KT유심&배송비 무료,,,,,False,,,,https://www.moyoplan.com/plans/37118
30952,LGU+,이지 무제한 4.5GB+1,사은품/페이백,일반유심/배송비 무료,,,,,False,,택배일반유심,,https://www.moyoplan.com/plans/30952
26871,LGU+,[CHM] 5G 음성기본 150GB+5Mbps,사은품/페이백,유심/배송비 무료,,,,,False,,,,https://www.moyoplan.com/plans/26871
30853,LGU+,이지 데이터 10GB+1/100분,사은품/페이백,일반유심/배송비 무료,,,,,False,,택배일반유심,대상: 대상 요금제 개통 후 일반유심을 택배로 받을래요 신청 후 개통을 완료한 고객 시기: 조건 달성한 즉시,https://www.moyoplan.com/plans/30853
11964,LGU+,The 착한 데이터 유심 9GB 3000분,사은품/페이백,네이버페이 매달 1.6만원 페이백(8개월),,,128000,,False,,,,https://www.moyoplan.com/plans/11964
11964,LGU+,The 착한 데이터 유심 9GB 3000분,사은품/페이백,네이버페이 매달 5천원 페이백(6개월),,,30000,,False,,,,https://www.moyoplan.com/plans/11964
11964,LGU+,The 착한 데이터 유심 9GB 3000분,사은품/페이백,갤럭시 자급제 이벤트 신세계상품권 10만원,,,100000,,False,,,,https://www.moyoplan.com/plans/11964
11964,LGU+,The 착한 데이터 유심 9GB 3000분,OTT/구독,구글 AI프로+도미노피자 할인쿠폰,,,,,False,,,,https://www.moyoplan.com/plans/11964
11964,LGU+,The 착한 데이터 유심 9GB 3000분,OTT/구독,토스미·오픽미 AI 모의고사,,,,,False,,,,https://www.moyoplan.com/plans/11964
36605,LGU+,5G_모나기본125G안심5,사은품/페이백,NFC 유심 무료 제공,,,,,False,,,,https://www.moyoplan.com/plans/36605
36605,LGU+,5G_모나기본125G안심5,사은품/페이백,4대 편의점 최대 10.1%적립,,,,,False,,,,https://www.moyoplan.com/plans/36605
34377,LGU+,[모요only] 알찬 음성기본 11GB+일 2GB+3Mbps,사은품/페이백,유심/배송비 무료,,,,,False,,,,https://www.moyoplan.com/plans/34377
30890,LGU+,이지 오래쓰는 데이터 6G/200분,사은품/페이백,일반유심/배송비 무료,,,,,False,,택배일반유심,,https://www.moyoplan.com/plans/30890
26836,KT,가성비플러스(15GB/350분),사은품/페이백,마트 상품권/네이버페이 1만원 증정,,,10000,,False,,KT바로유심,,https://www.moyoplan.com/plans/26836
26836,KT,가성비플러스(15GB/350분),사은품/페이백,마트 상품권/네이버페이 1만원 증정,,,10000,,False,,KT바로유심,,https://www.moyoplan.com/plans/26836
37134,KT,통화 맘껏 15GB,사은품/페이백,M마켓 포인트 12만원 (1.5만 X 8개월),,,120000,,False,,,,https://www.moyoplan.com/plans/37134
37134,KT,통화 맘껏 15GB,사은품/페이백,삼성 자급제 이벤트 네이버페이 12만원,삼성 디바이스,,120000,,False,,,,https://www.moyoplan.com/plans/37134
37134,KT,통화 맘껏 15GB,사은품/페이백,쿠팡유심 개통 시 쿠팡캐시 2만원,,,20000,,False,,쿠팡유심,"대상: 쿠팡 유심 구매·개통 후 혜택 지급까지 유지 시기: 1만원(4개월차), 1만원(7개월차)",https://www.moyoplan.com/plans/37134
37134,KT,통화 맘껏 15GB,사은품/페이백,3대 마트 + 네이버페이 포인트 2만원,,,20000,,False,,KT바로유심,"대상: 바로유심/바로배송유심 구매·개통 후 혜택 지급까지 유지 시기: 1만원(4개월차), 1만원(7개월차)",https://www.moyoplan.com/plans/37134
37143,KT,5G 데이터 충분 15GB/200분,사은품/페이백,M마켓 포인트 12만원 (1.5만 X 8개월),,,120000,,False,,,,https://www.moyoplan.com/plans/37143
37143,KT,5G 데이터 충분 15GB/200분,사은품/페이백,삼성 자급제 이벤트 네이버페이 12만원,삼성 디바이스,,120000,,False,,,,https://www.moyoplan.com/plans/37143
37143,KT,5G 데이터 충분 15GB/200분,사은품/페이백,쿠팡유심 개통 시 쿠팡캐시 2만원,,,20000,,False,,쿠팡유심,"대상: 쿠팡 유심 구매·개통 후 혜택 지급까지 유지 시기: 1만원(4개월차), 1만원(7개월차)",https://www.moyoplan.com/plans/37143
37143,KT,5G 데이터 충분 15GB/200분,사은품/페이백,3대 마트 + 네이버페이 포인트 2만원,,,20000,,False,,KT바로유심,"대상: 바로유심/바로배송유심 구매·개통 후 혜택 지급까지 유지 시기: 1만원(4개월차), 1만원(7개월차)",https://www.moyoplan.com/plans/37143
33045,KT,EG 10무제한 11G+3(CU할인),사은품/페이백,일반유심/배송비 무료,,,,,False,,택배일반유심,,https://www.moyoplan.com/plans/33045
26816,LGU+,데이터차단 (0GB/통화기본),사은품/페이백,매달 hy 금액권 1만원(12만),,,10000,,False,,,,https://www.moyoplan.com/plans/26816
37144,KT,5G 데이터 충분 20GB/200분,사은품/페이백,M마켓 포인트 12만원 (1.5만 X 8개월),,,120000,,False,,,,https://www.moyoplan.com/plans/37144
37144,KT,5G 데이터 충분 20GB/200분,사은품/페이백,삼성 자급제 이벤트 네이버페이 12만원,삼성 디바이스,,120000,,False,,,,https://www.moyoplan.com/plans/37144
37144,KT,5G 데이터 충분 20GB/200분,사은품/페이백,쿠팡유심 개통 시 쿠팡캐시 2만원,,,20000,,False,,쿠팡유심,"대상: 쿠팡 유심 구매·개통 후 혜택 지급까지 유지 시기: 1만원(4개월차), 1만원(7개월차)",https://www.moyoplan.com/plans/37144
37144,KT,5G 데이터 충분 20GB/200분,사은품/페이백,3대 마트 + 네이버페이 포인트 2만원,,,20000,,False,,KT바로유심,"대상: 바로유심/바로배송유심 구매·개통 후 혜택 지급까지 유지 시기: 1만원(4개월차), 1만원(7개월차)",https://www.moyoplan.com/plans/37144
32402,LGU+,쿠폰팩 유심 15GB,사은품/페이백,네이버페이 매달 1.6만원 페이백(8개월),,,128000,,False,,,,https://www.moyoplan.com/plans/32402
32402,LGU+,쿠폰팩 유심 15GB,사은품/페이백,갤럭시 자급제 이벤트 신세계상품권 10만원,,,100000,,False,,,,https://www.moyoplan.com/plans/32402
32402,LGU+,쿠폰팩 유심 15GB,사은품/페이백,쿠폰팩 24개월(5천원*24개월),,,5000,,False,,,,https://www.moyoplan.com/plans/32402
32402,LGU+,쿠폰팩 유심 15GB,OTT/구독,구글 AI프로+도미노피자 할인쿠폰,,,,,False,,,대상: 1개월 회선 유지 시기: 조건달성한달 5일,https://www.moyoplan.com/plans/32402
32402,LGU+,쿠폰팩 유심 15GB,추가데이터,"헬로모바일 결합시, 추가 데이터 10GB 증정",,,,,False,,,"대상: 대상 요금제로 결합 완료 시기: 결합일 익일 제공, 익월부터 매월 1일 제공",https://www.moyoplan.com/plans/32402
32402,LGU+,쿠폰팩 유심 15GB,OTT/구독,토스미·오픽미 AI 모의고사,,,,,False,,,대상: 혜택 지급 시점까지 회선 유지 시기: 조건달성한 달 3주차(9월 3주차),https://www.moyoplan.com/plans/32402
11197,LGU+,보편 안심 유심 1GB 100분,사은품/페이백,네이버페이 매달 5천원 페이백(6개월),,,30000,,False,,,,https://www.moyoplan.com/plans/11197
11197,LGU+,보편 안심 유심 1GB 100분,사은품/페이백,프레딧 쿠폰 2만원(5천원*4개월),,,20000,,False,,,,https://www.moyoplan.com/plans/11197
11197,LGU+,보편 안심 유심 1GB 100분,OTT/구독,구글 AI프로+도미노피자 할인쿠폰,,,,,False,,,,https://www.moyoplan.com/plans/11197
11197,LGU+,보편 안심 유심 1GB 100분,OTT/구독,토스미·오픽미 AI 모의고사,,,,,False,,,,https://www.moyoplan.com/plans/11197
6789,LGU+,보편 안심 유심 10GB 200분,사은품/페이백,네이버페이 매달 1.6만원 페이백(8개월),,,128000,,False,,,,https://www.moyoplan.com/plans/6789
6789,LGU+,보편 안심 유심 10GB 200분,사은품/페이백,갤럭시 자급제 이벤트 신세계상품권 10만원,,,100000,,False,,,,https://www.moyoplan.com/plans/6789
6789,LGU+,보편 안심 유심 10GB 200분,OTT/구독,구글 AI프로+도미노피자 할인쿠폰,,,,,False,,,,https://www.moyoplan.com/plans/6789
6789,LGU+,보편 안심 유심 10GB 200분,추가데이터,"헬로모바일 결합시, 추가 데이터 10GB 증정",,,,,False,,,"대상: 대상 요금제로 결합 완료 시기: 결합일 익일 제공, 익월부터 매월 1일 제공",https://www.moyoplan.com/plans/6789
6789,LGU+,보편 안심 유심 10GB 200분,OTT/구독,토스미·오픽미 AI 모의고사,,,,,False,,,대상: 혜택 지급 시점까지 회선 유지 시기: 조건달성한 달 3주차(9월 3주차),https://www.moyoplan.com/plans/6789
37137,KT,데이터 충분 15GB/100분,사은품/페이백,M마켓 포인트 12만원 (1.5만 X 8개월),,,120000,,False,,,,https://www.moyoplan.com/plans/37137
37137,KT,데이터 충분 15GB/100분,사은품/페이백,삼성 자급제 이벤트 네이버페이 12만원,삼성 디바이스,,120000,,False,,,,https://www.moyoplan.com/plans/37137
37137,KT,데이터 충분 15GB/100분,사은품/페이백,쿠팡유심 개통 시 쿠팡캐시 2만원,,,20000,,False,,쿠팡유심,"대상: 쿠팡 유심 구매·개통 후 혜택 지급까지 유지 시기: 1만원(4개월차), 1만원(7개월차)",https://www.moyoplan.com/plans/37137
37137,KT,데이터 충분 15GB/100분,사은품/페이백,3대 마트 + 네이버페이 포인트 2만원,,,20000,,False,,KT바로유심,"대상: 바로유심/바로배송유심 구매·개통 후 혜택 지급까지 유지 시기: 1만원(4개월차), 1만원(7개월차)",https://www.moyoplan.com/plans/37137
34319,KT,5G 가성비플러스(15GB/350분),사은품/페이백,마트 상품권/네이버페이 1만원 증정,,,10000,,False,,KT바로유심,,https://www.moyoplan.com/plans/34319
34319,KT,5G 가성비플러스(15GB/350분),사은품/페이백,마트 상품권/네이버페이 1만원 증정,,,10000,,False,,KT바로유심,,https://www.moyoplan.com/plans/34319
26259,LGU+,[평생할인] 15GB+/통화기본,사은품/페이백,12만원 혜택(매월 이마트24 5천원),,,120000,,False,,,,https://www.moyoplan.com/plans/26259
26259,LGU+,[평생할인] 15GB+/통화기본,추가데이터,"우리결합시, 데이터 10GB 추가 증정",,,,,False,,,,https://www.moyoplan.com/plans/26259
37135,KT,통화 맘껏 20GB,사은품/페이백,M마켓 포인트 12만원 (1.5만 X 8개월),,,120000,,False,,,,https://www.moyoplan.com/plans/37135
37135,KT,통화 맘껏 20GB,사은품/페이백,삼성 자급제 이벤트 네이버페이 12만원,삼성 디바이스,,120000,,False,,,,https://www.moyoplan.com/plans/37135
37135,KT,통화 맘껏 20GB,사은품/페이백,쿠팡유심 개통 시 쿠팡캐시 2만원,,,20000,,False,,쿠팡유심,"대상: 쿠팡 유심 구매·개통 후 혜택 지급까지 유지 시기: 1만원(4개월차), 1만원(7개월차)",https://www.moyoplan.com/plans/37135
37135,KT,통화 맘껏 20GB,사은품/페이백,3대 마트 + 네이버페이 포인트 2만원,,,20000,,False,,KT바로유심,"대상: 바로유심/바로배송유심 구매·개통 후 혜택 지급까지 유지 시기: 1만원(4개월차), 1만원(7개월차)",https://www.moyoplan.com/plans/37135
35324,LGU+,[모요only] 마블링 무제한 11GB+,사은품/페이백,일반유심/배송비 무료,,,,,False,,택배일반유심,,https://www.moyoplan.com/plans/35324
32403,LGU+,쿠폰팩 유심 11GB,사은품/페이백,네이버페이 매달 2.5만원 페이백(6개월),,,150000,,False,,,,https://www.moyoplan.com/plans/32403
32403,LGU+,쿠폰팩 유심 11GB,사은품/페이백,네이버페이 1만원,,,10000,,False,,,,https://www.moyoplan.com/plans/32403
32403,LGU+,쿠폰팩 유심 11GB,사은품/페이백,갤럭시 자급제 이벤트 신세계상품권 10만원,,,100000,,False,,,,https://www.moyoplan.com/plans/32403
32403,LGU+,쿠폰팩 유심 11GB,사은품/페이백,쿠폰팩 24개월(5천원*24개월),,,5000,,False,,,,https://www.moyoplan.com/plans/32403
32403,LGU+,쿠폰팩 유심 11GB,OTT/구독,구글 AI프로+도미노피자 할인쿠폰,,,,,False,,,대상: 1개월 회선 유지 시기: 조건달성한달 5일,https://www.moyoplan.com/plans/32403
32403,LGU+,쿠폰팩 유심 11GB,추가데이터,"헬로모바일 결합시, 추가 데이터 20GB 증정",,,,,False,,,"시기: 결합일 익일 제공, 익월부터 매월 1일 제공",https://www.moyoplan.com/plans/32403
32403,LGU+,쿠폰팩 유심 11GB,OTT/구독,토스미·오픽미 AI 모의고사,,,,,False,,,대상: 혜택 지급 시점까지 회선 유지 시기: 조건달성한 달 3주차(9월 3주차),https://www.moyoplan.com/plans/32403
31928,KT,EG 무제한 71G+3M,사은품/페이백,일반유심/배송비 무료,,,,,False,,택배일반유심,대상: 대상 요금제 개통 후 일반유심을 택배로 받을래요 신청 후 개통을 완료한 고객 시기: 조건 달성한 즉시,https://www.moyoplan.com/plans/31928
34892,LGU+,[모요only] 두해 통화기본11GB+매일2GB,사은품/페이백,유심/배송비 무료!,,,,,False,,,,https://www.moyoplan.com/plans/34892
33520,KT,TOP 15GB 기본 (밀리의서재),OTT/구독,밀리의서재 평생 무료 구독권,밀리의서재,,,,False,,,,https://www.moyoplan.com/plans/33520
33520,KT,TOP 15GB 기본 (밀리의서재),추가데이터,솔로결합(+10GB),,,,,False,,,,https://www.moyoplan.com/plans/33520
33520,KT,TOP 15GB 기본 (밀리의서재),사은품/페이백,"3대 마트 상품권, 네이버페이 2만원",,,20000,,False,,KT바로유심,시기: 바로유심/바로배송유심 구매・개통 후 7개월 회선유지시,https://www.moyoplan.com/plans/33520
33520,KT,TOP 15GB 기본 (밀리의서재),추가데이터,데이터 10GB 추가 제공(24개월간),,,,,False,,,,https://www.moyoplan.com/plans/33520
23092,LGU+,보편 안심 유심 15GB 180분,사은품/페이백,네이버페이 매달 2.5만원 페이백(6개월),,,150000,,False,,,,https://www.moyoplan.com/plans/23092
23092,LGU+,보편 안심 유심 15GB 180분,사은품/페이백,네이버페이 1만원,,,10000,,False,,,,https://www.moyoplan.com/plans/23092
23092,LGU+,보편 안심 유심 15GB 180분,사은품/페이백,갤럭시 자급제 이벤트 신세계상품권 10만원,,,100000,,False,,,,https://www.moyoplan.com/plans/23092
23092,LGU+,보편 안심 유심 15GB 180분,OTT/구독,구글 AI프로+도미노피자 할인쿠폰,,,,,False,,,대상: 1개월 회선 유지 시기: 조건달성한달 5일,https://www.moyoplan.com/plans/23092
23092,LGU+,보편 안심 유심 15GB 180분,추가데이터,"헬로모바일 결합시, 추가 데이터 10GB 증정",,,,,False,,,"대상: 대상 요금제로 결합 완료 시기: 결합일 익일 제공, 익월부터 매월 1일 제공",https://www.moyoplan.com/plans/23092
23092,LGU+,보편 안심 유심 15GB 180분,OTT/구독,토스미·오픽미 AI 모의고사,,,,,False,,,대상: 혜택 지급 시점까지 회선 유지 시기: 조건달성한 달 3주차(9월 3주차),https://www.moyoplan.com/plans/23092
36606,LGU+,5G_모나기본150G안심5,사은품/페이백,NFC 유심 무료 제공,,,,,False,,,,https://www.moyoplan.com/plans/36606
36606,LGU+,5G_모나기본150G안심5,사은품/페이백,4대 편의점 최대 10.1%적립,,,,,False,,,,https://www.moyoplan.com/plans/36606
18704,LGU+,5G 유심 중간요금제 80GB,사은품/페이백,네이버페이 매달 2.5만원 페이백(6개월),,,150000,,False,,,,https://www.moyoplan.com/plans/18704
18704,LGU+,5G 유심 중간요금제 80GB,사은품/페이백,네이버페이 1만원,,,10000,,False,,,,https://www.moyoplan.com/plans/18704
18704,LGU+,5G 유심 중간요금제 80GB,사은품/페이백,갤럭시 자급제 이벤트 신세계상품권 10만원,,,100000,,False,,,,https://www.moyoplan.com/plans/18704
18704,LGU+,5G 유심 중간요금제 80GB,OTT/구독,구글 AI프로+도미노피자 할인쿠폰,,,,,False,,,대상: 1개월 회선 유지 시기: 조건달성한달 5일,https://www.moyoplan.com/plans/18704
18704,LGU+,5G 유심 중간요금제 80GB,추가데이터,"헬로모바일 결합시, 추가 데이터 10GB 증정",,,,,False,,,"대상: 대상 요금제로 결합 완료 시기: 결합일 익일 제공, 익월부터 매월 1일 제공",https://www.moyoplan.com/plans/18704
18704,LGU+,5G 유심 중간요금제 80GB,OTT/구독,토스미·오픽미 AI 모의고사,,,,,False,,,대상: 혜택 지급 시점까지 회선 유지 시기: 조건달성한 달 3주차(9월 3주차),https://www.moyoplan.com/plans/18704
36614,KT,티플 일5G＋(밀리의서재),OTT/구독,밀리의 서재 전자책 정기구독 혜택 매월 제공,밀리의서재,,,,False,,,,https://www.moyoplan.com/plans/36614
36614,KT,티플 일5G＋(밀리의서재),사은품/페이백,마트 상품권/네이버페이 1만원 증정,,,10000,,False,,KT바로유심,,https://www.moyoplan.com/plans/36614
36614,KT,티플 일5G＋(밀리의서재),사은품/페이백,마트 상품권/네이버페이 1만원 증정,,,10000,,False,,KT바로유심,대상: 바로유심/바로배송유심 구매・개통 후 4개월 회선 유지,https://www.moyoplan.com/plans/36614
36614,KT,티플 일5G＋(밀리의서재),사은품/페이백,"올리브영 12개월간 매월 5,000원 상품권",,,5000,,False,,,,https://www.moyoplan.com/plans/36614
29288,LGU+,이야기 완전 FREE 71GB,사은품/페이백,"네이버페이 5,000원",,,5000,,False,,,,https://www.moyoplan.com/plans/29288
32399,LGU+,쿠폰팩 유심 일5GB,사은품/페이백,네이버페이 매달 2.5만원 페이백(6개월),,,150000,,False,,,,https://www.moyoplan.com/plans/32399
32399,LGU+,쿠폰팩 유심 일5GB,사은품/페이백,네이버페이 1만원,,,10000,,False,,,,https://www.moyoplan.com/plans/32399
32399,LGU+,쿠폰팩 유심 일5GB,사은품/페이백,갤럭시 자급제 이벤트 신세계상품권 10만원,,,100000,,False,,,,https://www.moyoplan.com/plans/32399
32399,LGU+,쿠폰팩 유심 일5GB,사은품/페이백,쿠폰팩 24개월(5천원*24개월),,,5000,,False,,,,https://www.moyoplan.com/plans/32399
32399,LGU+,쿠폰팩 유심 일5GB,OTT/구독,구글 AI프로+도미노피자 할인쿠폰,,,,,False,,,대상: 1개월 회선 유지 시기: 조건달성한달 5일,https://www.moyoplan.com/plans/32399
32399,LGU+,쿠폰팩 유심 일5GB,추가데이터,"헬로모바일 결합시, 추가 데이터 20GB 증정",,,,,False,,,"시기: 결합일 익일 제공, 익월부터 매월 1일 제공",https://www.moyoplan.com/plans/32399
32399,LGU+,쿠폰팩 유심 일5GB,OTT/구독,토스미·오픽미 AI 모의고사,,,,,False,,,대상: 혜택 지급 시점까지 회선 유지 시기: 조건달성한 달 3주차(9월 3주차),https://www.moyoplan.com/plans/32399
31927,LGU+,모나기본4.5G안심1+,사은품/페이백,NFC 유심 무료 제공,,,,,False,,,,https://www.moyoplan.com/plans/31927
31927,LGU+,모나기본4.5G안심1+,사은품/페이백,4대 편의점 최대 10.1%적립,,,,,False,,,,https://www.moyoplan.com/plans/31927
31029,LGU+,데이터 플러스 10GB(평생 +10GB 추가 제공 프로모션),사은품/페이백,매달 hy 금액권 1만원(12만),,,10000,,False,,,대상: 이벤트 기간 내 요금제 개통 후 지급시기까지 회선 유지한 고객 시기: 가입 익월 20일경 부터 12개월간 지급,https://www.moyoplan.com/plans/31029
31029,LGU+,데이터 플러스 10GB(평생 +10GB 추가 제공 프로모션),추가데이터,"우리결합시, 데이터 10GB 추가 증정",,,,,False,,,대상: 대상 요금제 개통 후 우리 결합 완료한 고객 시기: 조건 달성한 즉시,https://www.moyoplan.com/plans/31029
10390,LGU+,5G 유심 통화 맘편히 3GB,사은품/페이백,네이버페이 매달 5천원 페이백(6개월),,,30000,,False,,,,https://www.moyoplan.com/plans/10390
10390,LGU+,5G 유심 통화 맘편히 3GB,사은품/페이백,프레딧 쿠폰 2만원(5천원*4개월),,,20000,,False,,,,https://www.moyoplan.com/plans/10390
10390,LGU+,5G 유심 통화 맘편히 3GB,OTT/구독,구글 AI프로+도미노피자 할인쿠폰,,,,,False,,,,https://www.moyoplan.com/plans/10390
10390,LGU+,5G 유심 통화 맘편히 3GB,OTT/구독,토스미·오픽미 AI 모의고사,,,,,False,,,,https://www.moyoplan.com/plans/10390
33071,LGU+,이지 데이터 7GB,사은품/페이백,일반유심/배송비 무료,,,,,False,,택배일반유심,,https://www.moyoplan.com/plans/33071
36255,LGU+,5G 음성기본 125GB+5Mbps_24개월,사은품/페이백,유심/배송비 무료,,,,,False,,,,https://www.moyoplan.com/plans/36255
26257,LGU+,[평생할인] 7GB+/통화기본,사은품/페이백,12만원 혜택(매월 이마트24 5천원),,,120000,,False,,,,https://www.moyoplan.com/plans/26257
26257,LGU+,[평생할인] 7GB+/통화기본,사은품/페이백,매달 hy 금액권 1만원(12만),,,10000,,False,,,,https://www.moyoplan.com/plans/26257
26257,LGU+,[평생할인] 7GB+/통화기본,추가데이터,"우리결합시, 데이터 5GB 추가 증정",,,,,False,,,,https://www.moyoplan.com/plans/26257
37104,LGU+,5G 음성기본 맥스150GB+,사은품/페이백,네이버페이 매달 5천원 페이백 (7개월 간),,,35000,,False,,,,https://www.moyoplan.com/plans/37104
37104,LGU+,5G 음성기본 맥스150GB+,사은품/페이백,유심/배송비 무료,,,,,False,,,,https://www.moyoplan.com/plans/37104
35833,KT,[모요only] [K] 핀다이렉트Z + 밀리의서재(12) _PIN,OTT/구독,밀리의 서재 평생 무료 구독,밀리의서재,,,,False,,,,https://www.moyoplan.com/plans/35833
35833,KT,[모요only] [K] 핀다이렉트Z + 밀리의서재(12) _PIN,사은품/페이백,"네이버페이, 마트 상품권 2만원",,,20000,,False,,KT바로유심,,https://www.moyoplan.com/plans/35833
35833,KT,[모요only] [K] 핀다이렉트Z + 밀리의서재(12) _PIN,사은품/페이백,데이터 로밍 3일 무료 쿠폰,,,,,False,,,,https://www.moyoplan.com/plans/35833
35833,KT,[모요only] [K] 핀다이렉트Z + 밀리의서재(12) _PIN,추가데이터,KT 데이터 결합 (추가데이터 20GB),,,,,False,,,대상: 결합 완료,https://www.moyoplan.com/plans/35833
34786,LGU+,음성기본 5GB+,사은품/페이백,유심/배송비 무료,,,,,False,,,,https://www.moyoplan.com/plans/34786
26835,KT,가성비플러스(10GB/350분),사은품/페이백,마트 상품권/네이버페이 1만원 증정,,,10000,,False,,KT바로유심,,https://www.moyoplan.com/plans/26835
26835,KT,가성비플러스(10GB/350분),사은품/페이백,마트 상품권/네이버페이 1만원 증정,,,10000,,False,,KT바로유심,,https://www.moyoplan.com/plans/26835
35806,KT,완전마음껏 100GB＋＋(밀리의서재)_12개월할인,OTT/구독,밀리의 서재 전자책 정기구독 혜택 매월 제공,밀리의서재,,,,False,,,,https://www.moyoplan.com/plans/35806
35806,KT,완전마음껏 100GB＋＋(밀리의서재)_12개월할인,사은품/페이백,마트 상품권/네이버페이 1만원 증정,,,10000,,False,,KT바로유심,,https://www.moyoplan.com/plans/35806
35806,KT,완전마음껏 100GB＋＋(밀리의서재)_12개월할인,사은품/페이백,마트 상품권/네이버페이 1만원 증정,,,10000,,False,,KT바로유심,,https://www.moyoplan.com/plans/35806
15001,LGU+,프레딧 유심 1.5GB 150분,사은품/페이백,네이버페이 매달 5천원 페이백(6개월),,,30000,,False,,,,https://www.moyoplan.com/plans/15001
15001,LGU+,프레딧 유심 1.5GB 150분,사은품/페이백,프레딧 쿠폰 2만원(5천원*4개월),,,20000,,False,,,,https://www.moyoplan.com/plans/15001
15001,LGU+,프레딧 유심 1.5GB 150분,OTT/구독,구글 AI프로+도미노피자 할인쿠폰,,,,,False,,,,https://www.moyoplan.com/plans/15001
15001,LGU+,프레딧 유심 1.5GB 150분,OTT/구독,토스미·오픽미 AI 모의고사,,,,,False,,,,https://www.moyoplan.com/plans/15001
36336,LGU+,모나210분4.5G,사은품/페이백,NFC 유심 무료 제공,,,,,False,,,대상: 대상 요금제 개통한 고객 시기: 개통즉시,https://www.moyoplan.com/plans/36336
36336,LGU+,모나210분4.5G,사은품/페이백,4대 편의점 최대 10.1%적립,,,,,False,,,대상: 대상 요금제 개통 후 멤버십카드 등록한 고객 시기: 개통즉시,https://www.moyoplan.com/plans/36336
20321,SKT,함께이야기해S(100분+15GB),사은품/페이백,"네이버페이 5,000원",,,5000,,False,,,,https://www.moyoplan.com/plans/20321
36991,LGU+,[모요only] 5G_신한카드_기본150G안심5,사은품/페이백,NFC 유심 무료 제공,,,,,False,,,,https://www.moyoplan.com/plans/36991
32401,LGU+,쿠폰팩 유심 10GB,사은품/페이백,네이버페이 매달 1.6만원 페이백(8개월),,,128000,,False,,,,https://www.moyoplan.com/plans/32401
32401,LGU+,쿠폰팩 유심 10GB,사은품/페이백,갤럭시 자급제 이벤트 신세계상품권 10만원,,,100000,,False,,,,https://www.moyoplan.com/plans/32401
32401,LGU+,쿠폰팩 유심 10GB,사은품/페이백,쿠폰팩 24개월(5천원*24개월),,,5000,,False,,,,https://www.moyoplan.com/plans/32401
32401,LGU+,쿠폰팩 유심 10GB,OTT/구독,구글 AI프로+도미노피자 할인쿠폰,,,,,False,,,대상: 1개월 회선 유지 시기: 조건달성한달 5일,https://www.moyoplan.com/plans/32401
32401,LGU+,쿠폰팩 유심 10GB,추가데이터,"헬로모바일 결합시, 추가 데이터 10GB 증정",,,,,False,,,"대상: 대상 요금제로 결합 완료 시기: 결합일 익일 제공, 익월부터 매월 1일 제공",https://www.moyoplan.com/plans/32401
32401,LGU+,쿠폰팩 유심 10GB,OTT/구독,토스미·오픽미 AI 모의고사,,,,,False,,,대상: 혜택 지급 시점까지 회선 유지 시기: 조건달성한 달 3주차(9월 3주차),https://www.moyoplan.com/plans/32401
32404,LGU+,쿠폰팩 유심 15GB 100분,사은품/페이백,네이버페이 매달 2.5만원 페이백(6개월),,,150000,,False,,,,https://www.moyoplan.com/plans/32404
32404,LGU+,쿠폰팩 유심 15GB 100분,사은품/페이백,네이버페이 1만원,,,10000,,False,,,,https://www.moyoplan.com/plans/32404
32404,LGU+,쿠폰팩 유심 15GB 100분,사은품/페이백,갤럭시 자급제 이벤트 신세계상품권 10만원,,,100000,,False,,,,https://www.moyoplan.com/plans/32404
32404,LGU+,쿠폰팩 유심 15GB 100분,사은품/페이백,쿠폰팩 24개월(5천원*24개월),,,5000,,False,,,,https://www.moyoplan.com/plans/32404
32404,LGU+,쿠폰팩 유심 15GB 100분,OTT/구독,구글 AI프로+도미노피자 할인쿠폰,,,,,False,,,대상: 1개월 회선 유지 시기: 조건달성한달 5일,https://www.moyoplan.com/plans/32404
32404,LGU+,쿠폰팩 유심 15GB 100분,추가데이터,"헬로모바일 결합시, 추가 데이터 10GB 증정",,,,,False,,,"대상: 대상 요금제로 결합 완료 시기: 결합일 익일 제공, 익월부터 매월 1일 제공",https://www.moyoplan.com/plans/32404
32404,LGU+,쿠폰팩 유심 15GB 100분,OTT/구독,토스미·오픽미 AI 모의고사,,,,,False,,,대상: 혜택 지급 시점까지 회선 유지 시기: 조건달성한 달 3주차(9월 3주차),https://www.moyoplan.com/plans/32404
30872,KT,[5G]EG 무제한 110G+5,사은품/페이백,일반유심/배송비 무료,,,,,False,,택배일반유심,,https://www.moyoplan.com/plans/30872
36213,LGU+,[평생할인] 데이터 마음대로 (5GB+/100분),사은품/페이백,일반 유심/배송비 무료,,,,,False,,,,https://www.moyoplan.com/plans/36213
37405,LGU+,[모요only] 두해5G 통화기본125GB+ 유심비ZERO(일반),사은품/페이백,유심/배송비 무료!,,,,,False,,,,https://www.moyoplan.com/plans/37405
36176,LGU+,이야기 스페셜 무제한 11GB+,사은품/페이백,"네이버페이 5,000원",,,5000,,False,,,대상: 대상 요금제 개통 후 개통월 내 리뷰 작성 후 1개월 회선 유지한 고객 시기: 조건 달성한 달 월말,https://www.moyoplan.com/plans/36176
6835,LGU+,The 착한 데이터 유심 1.3GB,사은품/페이백,네이버페이 매달 5천원 페이백(6개월),,,30000,,False,,,,https://www.moyoplan.com/plans/6835
6835,LGU+,The 착한 데이터 유심 1.3GB,사은품/페이백,프레딧 쿠폰 2만원(5천원*4개월),,,20000,,False,,,,https://www.moyoplan.com/plans/6835
6835,LGU+,The 착한 데이터 유심 1.3GB,OTT/구독,구글 AI프로+도미노피자 할인쿠폰,,,,,False,,,,https://www.moyoplan.com/plans/6835
6835,LGU+,The 착한 데이터 유심 1.3GB,OTT/구독,토스미·오픽미 AI 모의고사,,,,,False,,,,https://www.moyoplan.com/plans/6835
24543,LGU+,Sugar 통화마음대로 5GB+,사은품/페이백,개통완료 시 유심/배송비 무료 1개,,,,,False,,,,https://www.moyoplan.com/plans/24543
18705,LGU+,5G 유심 중간요금제 95GB,사은품/페이백,네이버페이 매달 2.5만원 페이백(6개월),,,150000,,False,,,,https://www.moyoplan.com/plans/18705
18705,LGU+,5G 유심 중간요금제 95GB,사은품/페이백,네이버페이 1만원,,,10000,,False,,,,https://www.moyoplan.com/plans/18705
18705,LGU+,5G 유심 중간요금제 95GB,사은품/페이백,갤럭시 자급제 이벤트 신세계상품권 10만원,,,100000,,False,,,,https://www.moyoplan.com/plans/18705
18705,LGU+,5G 유심 중간요금제 95GB,OTT/구독,구글 AI프로+도미노피자 할인쿠폰,,,,,False,,,대상: 1개월 회선 유지 시기: 조건달성한달 5일,https://www.moyoplan.com/plans/18705
18705,LGU+,5G 유심 중간요금제 95GB,추가데이터,"헬로모바일 결합시, 추가 데이터 10GB 증정",,,,,False,,,"대상: 대상 요금제로 결합 완료 시기: 결합일 익일 제공, 익월부터 매월 1일 제공",https://www.moyoplan.com/plans/18705
18705,LGU+,5G 유심 중간요금제 95GB,OTT/구독,토스미·오픽미 AI 모의고사,,,,,False,,,대상: 혜택 지급 시점까지 회선 유지 시기: 조건달성한 달 3주차(9월 3주차),https://www.moyoplan.com/plans/18705
37418,KT,완전마음껏 100GB＋＋(CU 20%)_24개월할인,사은품/페이백,CU 오프라인 점포 결제시 20% 할인 제공,,,,,False,,,,https://www.moyoplan.com/plans/37418
35812,KT,완전마음껏 100GB＋＋(CU 20%)_12개월할인,사은품/페이백,마트 상품권/네이버페이 1만원 증정,,,10000,,False,,KT바로유심,,https://www.moyoplan.com/plans/35812
35812,KT,완전마음껏 100GB＋＋(CU 20%)_12개월할인,사은품/페이백,마트 상품권/네이버페이 1만원 증정,,,10000,,False,,KT바로유심,,https://www.moyoplan.com/plans/35812
35812,KT,완전마음껏 100GB＋＋(CU 20%)_12개월할인,사은품/페이백,CU 오프라인 점포 결제시 20% 할인 제공,,,,,False,,,,https://www.moyoplan.com/plans/35812
26271,LGU+,[평생할인] 1.5GB/통화기본,사은품/페이백,매달 hy 금액권 1만원(12만),,,10000,,False,,,대상: 이벤트 기간 내 요금제 개통 후 지급시기까지 회선 유지한 고객 시기: 가입 익월 20일경 부터 12개월간 지급,https://www.moyoplan.com/plans/26271
36990,LGU+,[모요only] 5G_신한카드_기본125G안심5,사은품/페이백,NFC 유심 무료 제공,,,,,False,,,,https://www.moyoplan.com/plans/36990
37142,KT,모두다 맘껏 안심 30GB+,사은품/페이백,M마켓 포인트 16만원 (2만 X 8개월),,,160000,,False,,,,https://www.moyoplan.com/plans/37142
37142,KT,모두다 맘껏 안심 30GB+,사은품/페이백,삼성 자급제 이벤트 네이버페이 12만원,삼성 디바이스,,120000,,False,,,,https://www.moyoplan.com/plans/37142
37142,KT,모두다 맘껏 안심 30GB+,사은품/페이백,쿠팡유심 개통 시 쿠팡캐시 2만원,,,20000,,False,,쿠팡유심,"대상: 쿠팡 유심 구매·개통 후 혜택 지급까지 유지 시기: 1만원(4개월차), 1만원(7개월차)",https://www.moyoplan.com/plans/37142
37142,KT,모두다 맘껏 안심 30GB+,사은품/페이백,3대 마트 + 네이버페이 포인트 2만원,,,20000,,False,,KT바로유심,"대상: 바로유심/바로배송유심 구매·개통 후 혜택 지급까지 유지 시기: 1만원(4개월차), 1만원(7개월차)",https://www.moyoplan.com/plans/37142
27292,LGU+,"[모요 전용] 통화, 데이터 마음대로 11GB+",사은품/페이백,"네이버페이 10,000원",,,10000,,False,,,대상: 이벤트 기간 내 요금제 개통 후 1개월 회선 유지한 고객 시기: 조건 달성한 달 월말,https://www.moyoplan.com/plans/27292
30850,LGU+,이지 데이터 6G,사은품/페이백,일반유심/배송비 무료,,,,,False,,택배일반유심,,https://www.moyoplan.com/plans/30850
24201,KT,[모요only] 5G 200분/15GB,사은품/페이백,"3대 마트 상품권, 네이버페이 2만원",,,20000,,False,,KT바로유심,"대상: 바로유심/바로배송유심 구매・개통 후 7개월 회선 유지한 고객 시기: 개통 후 4개월차 중순 1만원, 7개월차 중순 1만원",https://www.moyoplan.com/plans/24201
24201,KT,[모요only] 5G 200분/15GB,사은품/페이백,KT유심&배송비 무료,,,,,False,,,대상: 대상 요금제 개통한 고객 시기: 조건 달성한 즉시,https://www.moyoplan.com/plans/24201
36690,LGU+,[일반] 유심 5G 125GB+_24개월,사은품/페이백,일반 유심/배송비 무료,,,,,False,,,,https://www.moyoplan.com/plans/36690
18145,LGU+,이야기 라이트 4.5GB+,사은품/페이백,"네이버페이 5,000원",,,5000,,False,,,,https://www.moyoplan.com/plans/18145
26796,SKT,가성비플러스(6GB/350분),사은품/페이백,쇼핑엔티 홈쇼핑 3천원 쿠폰 12개월 증정,,,3000,,False,,,,https://www.moyoplan.com/plans/26796
31772,KT,[모요only] 5G 200분/20GB,사은품/페이백,"3대 마트 상품권, 네이버페이 2만원",,,20000,,False,,KT바로유심,"대상: 바로유심/바로배송유심 구매・개통 후 7개월 회선 유지한 고객 시기: 개통 후 4개월차 중순 1만원, 7개월차 중순 1만원",https://www.moyoplan.com/plans/31772
31772,KT,[모요only] 5G 200분/20GB,사은품/페이백,KT유심&배송비 무료,,,,,False,,,대상: 대상 요금제 개통한 고객 시기: 조건 달성한 즉시,https://www.moyoplan.com/plans/31772
35834,KT,[모요only] [K] 핀다이렉트Z Max (100GB)(12) _PIN,사은품/페이백,"네이버페이, 마트 상품권 2만원",,,20000,,False,,KT바로유심,,https://www.moyoplan.com/plans/35834
35834,KT,[모요only] [K] 핀다이렉트Z Max (100GB)(12) _PIN,사은품/페이백,데이터 로밍 3일 무료 쿠폰,,,,,False,,,,https://www.moyoplan.com/plans/35834
35834,KT,[모요only] [K] 핀다이렉트Z Max (100GB)(12) _PIN,추가데이터,KT 데이터 결합 (추가데이터 20GB),,,,,False,,,,https://www.moyoplan.com/plans/35834
37404,LGU+,[모요only] 두해5G 통화기본95GB+ 유심비ZERO(일반),사은품/페이백,유심/배송비 무료!,,,,,False,,,,https://www.moyoplan.com/plans/37404
27296,LGU+,[평생할인] 데이터 마음대로 (10GB+/300분),사은품/페이백,일반 유심/배송비 무료,,,,,False,,,,https://www.moyoplan.com/plans/27296
37136,KT,통화 맘껏 25GB,사은품/페이백,M마켓 포인트 16만원 (2만 X 8개월),,,160000,,False,,,,https://www.moyoplan.com/plans/37136
37136,KT,통화 맘껏 25GB,사은품/페이백,삼성 자급제 이벤트 네이버페이 12만원,삼성 디바이스,,120000,,False,,,,https://www.moyoplan.com/plans/37136
37136,KT,통화 맘껏 25GB,사은품/페이백,쿠팡유심 개통 시 쿠팡캐시 2만원,,,20000,,False,,쿠팡유심,"대상: 쿠팡 유심 구매·개통 후 혜택 지급까지 유지 시기: 1만원(4개월차), 1만원(7개월차)",https://www.moyoplan.com/plans/37136
37136,KT,통화 맘껏 25GB,사은품/페이백,3대 마트 + 네이버페이 포인트 2만원,,,20000,,False,,KT바로유심,"대상: 바로유심/바로배송유심 구매·개통 후 혜택 지급까지 유지 시기: 1만원(4개월차), 1만원(7개월차)",https://www.moyoplan.com/plans/37136
37138,KT,데이터 충분 20GB/100분,사은품/페이백,M마켓 포인트 12만원 (1.5만 X 8개월),,,120000,,False,,,,https://www.moyoplan.com/plans/37138
37138,KT,데이터 충분 20GB/100분,사은품/페이백,삼성 자급제 이벤트 네이버페이 12만원,삼성 디바이스,,120000,,False,,,,https://www.moyoplan.com/plans/37138
37138,KT,데이터 충분 20GB/100분,사은품/페이백,쿠팡유심 개통 시 쿠팡캐시 2만원,,,20000,,False,,쿠팡유심,"대상: 쿠팡 유심 구매·개통 후 혜택 지급까지 유지 시기: 1만원(4개월차), 1만원(7개월차)",https://www.moyoplan.com/plans/37138
37138,KT,데이터 충분 20GB/100분,사은품/페이백,3대 마트 + 네이버페이 포인트 2만원,,,20000,,False,,KT바로유심,"대상: 바로유심/바로배송유심 구매·개통 후 혜택 지급까지 유지 시기: 1만원(4개월차), 1만원(7개월차)",https://www.moyoplan.com/plans/37138
35496,LGU+,[CHM]5G 찬스 300분/15GB+,사은품/페이백,유심/배송비 무료,,,,,False,,,,https://www.moyoplan.com/plans/35496
27251,LGU+,11GB+일2GB+3Mbps,사은품/페이백,유심/배송비 무료,,,,,False,,,,https://www.moyoplan.com/plans/27251
30953,KT,[모요only] [K] 핀다이렉트Z 11GB+(네이버페이) _PIN,사은품/페이백,네이버페이 매달 5천원 페이백 (평생),,,5000,,False,,,,https://www.moyoplan.com/plans/30953
30953,KT,[모요only] [K] 핀다이렉트Z 11GB+(네이버페이) _PIN,사은품/페이백,"네이버페이 5,000P 매월 평생 제공",,,,,False,,,,https://www.moyoplan.com/plans/30953
30953,KT,[모요only] [K] 핀다이렉트Z 11GB+(네이버페이) _PIN,사은품/페이백,"네이버페이, 마트 상품권 2만원",,,20000,,False,,KT바로유심,,https://www.moyoplan.com/plans/30953
30953,KT,[모요only] [K] 핀다이렉트Z 11GB+(네이버페이) _PIN,사은품/페이백,데이터 로밍 3일 무료 쿠폰,,,,,False,,,,https://www.moyoplan.com/plans/30953
30953,KT,[모요only] [K] 핀다이렉트Z 11GB+(네이버페이) _PIN,추가데이터,KT 데이터 결합 (추가데이터 20GB),,,,,False,,,대상: 결합 완료,https://www.moyoplan.com/plans/30953
26260,LGU+,[평생할인] 71GB+/통화기본,사은품/페이백,12만원 혜택(매월 이마트24 5천원),,,120000,,False,,,대상: 대상 요금제 개통한 고객 시기: 가입 완료한 월의 익월 1일~말일,https://www.moyoplan.com/plans/26260
26260,LGU+,[평생할인] 71GB+/통화기본,추가데이터,"우리결합시, 데이터 20GB 추가 증정",,,,,False,,,대상: 대상 요금제 개통 후 우리 결합 완료한 고객 시기: 조건 달성한 즉시,https://www.moyoplan.com/plans/26260
29290,SKT,이야기 완전 무제한 100GB+,사은품/페이백,"네이버페이 5,000원",,,5000,,False,,,,https://www.moyoplan.com/plans/29290
36239,SKT,[모요only] [S] 핀다이렉트Z Max _PIN,추가데이터,SKT 데이터 결합 (추가데이터 20GB),,,,,False,,,대상: 대상 요금제 개통 후 결합 완료한 고객 시기: 조건 달성한 즉시,https://www.moyoplan.com/plans/36239
33461,KT,TOP 15GB 기본 (후후),추가데이터,솔로결합(+10GB),,,,,False,,,,https://www.moyoplan.com/plans/33461
33461,KT,TOP 15GB 기본 (후후),사은품/페이백,"3대 마트 상품권, 네이버페이 2만원",,,20000,,False,,KT바로유심,,https://www.moyoplan.com/plans/33461
33461,KT,TOP 15GB 기본 (후후),추가데이터,데이터 10GB 추가 제공(24개월간),,,,,False,,,,https://www.moyoplan.com/plans/33461
14987,LGU+,CU 유심 1.5GB 150분,사은품/페이백,네이버페이 매달 5천원 페이백(6개월),,,30000,,False,,,,https://www.moyoplan.com/plans/14987
14987,LGU+,CU 유심 1.5GB 150분,사은품/페이백,프레딧 쿠폰 2만원(5천원*4개월),,,20000,,False,,,,https://www.moyoplan.com/plans/14987
14987,LGU+,CU 유심 1.5GB 150분,OTT/구독,구글 AI프로+도미노피자 할인쿠폰,,,,,False,,,,https://www.moyoplan.com/plans/14987
14987,LGU+,CU 유심 1.5GB 150분,OTT/구독,토스미·오픽미 AI 모의고사,,,,,False,,,,https://www.moyoplan.com/plans/14987
31034,LGU+,[평생할인] 100GB+/통화기본,사은품/페이백,12만원 혜택(매월 이마트24 5천원),,,120000,,False,,,대상: 대상 요금제 개통한 고객 시기: 가입 완료한 월의 익월 1일~말일,https://www.moyoplan.com/plans/31034
31034,LGU+,[평생할인] 100GB+/통화기본,추가데이터,"우리결합시, 데이터 20GB 추가 증정",,,,,False,,,대상: 대상 요금제 개통 후 우리 결합 완료한 고객 시기: 조건 달성한 즉시,https://www.moyoplan.com/plans/31034
24033,LGU+,5G 음성기본 95GB+3Mbps_24개월,사은품/페이백,유심/배송비 무료,,,,,False,,,,https://www.moyoplan.com/plans/24033
35515,LGU+,5G Sugar 세이브+(300분/15GB),사은품/페이백,개통완료 시 유심/배송비 무료 1개,,,,,False,,,,https://www.moyoplan.com/plans/35515
26798,SKT,가성비플러스(15GB/350분),사은품/페이백,쇼핑엔티 홈쇼핑 3천원 쿠폰 12개월 증정,,,3000,,False,,,,https://www.moyoplan.com/plans/26798
11741,LGU+,[모요only] 모두이야기해 6GB+,사은품/페이백,네이버페이 매달 5천원 페이백 (6개월),,,30000,,False,,,,https://www.moyoplan.com/plans/11741
8404,SKT,내맘대로S(100+6GB),사은품/페이백,"네이버페이 5,000원",,,5000,,False,,,,https://www.moyoplan.com/plans/8404
35911,LGU+,Sugar 7GB+1Mbps(R),사은품/페이백,개통완료 시 유심/배송비 무료 1개,,,,,False,,,,https://www.moyoplan.com/plans/35911
30865,LGU+,이지 무한 71GB+3,사은품/페이백,일반유심/배송비 무료,,,,,False,,택배일반유심,대상: 대상 요금제 개통 후 일반유심을 택배로 받을래요 신청 후 개통을 완료한 고객 시기: 조건 달성한 즉시,https://www.moyoplan.com/plans/30865
36253,LGU+,5G 이야기 스탠다드 95GB+,사은품/페이백,"네이버페이 5,000원",,,5000,,False,,,,https://www.moyoplan.com/plans/36253
31028,LGU+,데이터 플러스 15GB(평생 +10GB 추가 제공 프로모션),사은품/페이백,매달 hy 금액권 1만원(12만),,,10000,,False,,,대상: 이벤트 기간 내 요금제 개통 후 지급시기까지 회선 유지한 고객 시기: 가입 익월 20일경 부터 12개월간 지급,https://www.moyoplan.com/plans/31028
31028,LGU+,데이터 플러스 15GB(평생 +10GB 추가 제공 프로모션),추가데이터,"우리결합시, 데이터 10GB 추가 증정",,,,,False,,,대상: 대상 요금제 개통 후 우리 결합 완료한 고객 시기: 조건 달성한 즉시,https://www.moyoplan.com/plans/31028
37417,KT,완전마음껏 100GB＋＋(밀리의서재)_24개월할인,OTT/구독,밀리의 서재 전자책 정기구독 혜택 매월 제공,밀리의서재,,,,False,,,,https://www.moyoplan.com/plans/37417
30913,LGU+,이지 더 오래쓰는 무제한 100G+5,사은품/페이백,일반유심/배송비 무료,,,,,False,,택배일반유심,,https://www.moyoplan.com/plans/30913
26356,LGU+,모나500분6G,사은품/페이백,NFC 유심 무료 제공,,,,,False,,,대상: 대상 요금제 개통한 고객 시기: 개통즉시,https://www.moyoplan.com/plans/26356
26356,LGU+,모나500분6G,사은품/페이백,4대 편의점 최대 10.1%적립,,,,,False,,,대상: 대상 요금제 개통 후 멤버십카드 등록한 고객 시기: 개통즉시,https://www.moyoplan.com/plans/26356
27772,KT,[모요only] 무제한 100GB+5M(매월 네이버페이5000P),사은품/페이백,네이버페이 매달 5천원 페이백(7개월),,,35000,,False,,,,https://www.moyoplan.com/plans/27772
27772,KT,[모요only] 무제한 100GB+5M(매월 네이버페이5000P),사은품/페이백,"네이버페이 매월 5,000P 제공",,,,,False,,,,https://www.moyoplan.com/plans/27772
27772,KT,[모요only] 무제한 100GB+5M(매월 네이버페이5000P),사은품/페이백,"마트상품권, 네이버페이 최대 2만원",,,20000,,False,,KT바로유심,,https://www.moyoplan.com/plans/27772
27772,KT,[모요only] 무제한 100GB+5M(매월 네이버페이5000P),추가데이터,추가데이터 20GB 제공,,,,,False,,,대상: 고고모바일 사용자 간 결합,https://www.moyoplan.com/plans/27772
27772,KT,[모요only] 무제한 100GB+5M(매월 네이버페이5000P),사은품/페이백,KT유심&배송비 무료,,,,,False,,,,https://www.moyoplan.com/plans/27772
24109,LGU+,Sugar(120분/7GB),사은품/페이백,개통완료 시 유심/배송비 무료 1개,,,,,False,,,,https://www.moyoplan.com/plans/24109
37110,LGU+,[Npay 12만 기본제공] 71GB+/통화기본,사은품/페이백,네이버페이 매달 5천원 페이백 (24개월),,,120000,,False,,,,https://www.moyoplan.com/plans/37110
33943,KT,TOP 15GB 기본 (밀리의서재),OTT/구독,밀리의서재 평생 무료 구독권,밀리의서재,,,,False,,,,https://www.moyoplan.com/plans/33943
33943,KT,TOP 15GB 기본 (밀리의서재),추가데이터,솔로결합(+10GB),,,,,False,,,,https://www.moyoplan.com/plans/33943
33943,KT,TOP 15GB 기본 (밀리의서재),사은품/페이백,"3대 마트 상품권, 네이버페이 2만원",,,20000,,False,,KT바로유심,시기: 바로유심/바로배송유심 구매・개통 후 7개월 회선유지시,https://www.moyoplan.com/plans/33943
33943,KT,TOP 15GB 기본 (밀리의서재),추가데이터,데이터 10GB 추가 제공(24개월간),,,,,False,,,,https://www.moyoplan.com/plans/33943
24432,KT,완전마음껏 100GB＋＋(네이버페이 매월 5000P),사은품/페이백,네이버페이 매달 5천원 페이백 (평생),,,5000,,False,,,,https://www.moyoplan.com/plans/24432
24432,KT,완전마음껏 100GB＋＋(네이버페이 매월 5000P),사은품/페이백,마트 상품권/네이버페이 1만원 증정,,,10000,,False,,KT바로유심,,https://www.moyoplan.com/plans/24432
24432,KT,완전마음껏 100GB＋＋(네이버페이 매월 5000P),사은품/페이백,마트 상품권/네이버페이 1만원 증정,,,10000,,False,,KT바로유심,,https://www.moyoplan.com/plans/24432
27836,KT,[모요only] 쉐이크 LTE 100GB+_밀리의서재,OTT/구독,밀리의 서재 구독권 지급 이벤트,밀리의서재,,,,False,,,대상: 대상 요금제 개통한 고객 시기: 조건 달성한 즉시,https://www.moyoplan.com/plans/27836
27836,KT,[모요only] 쉐이크 LTE 100GB+_밀리의서재,사은품/페이백,매월 1천원 요금할인 (팝테일 가입·인증),,,1000,,False,,,대상: 이벤트 기간 내 대상요금제 개통 후 팝테일 가입·인증한 고객 시기: 개통 후 영업일 기준 D+2일 이내,https://www.moyoplan.com/plans/27836
27836,KT,[모요only] 쉐이크 LTE 100GB+_밀리의서재,사은품/페이백,"마트상품권, 네이버페이 최대 2만원",,,20000,,False,,KT바로유심,"대상: 바로유심/바로배송유심 구매・개통 후 7개월 회선 유지한 고객 시기: 개통 후 4개월차 말일 1만원, 7개월차 말일 1만원",https://www.moyoplan.com/plans/27836
27836,KT,[모요only] 쉐이크 LTE 100GB+_밀리의서재,추가데이터,SOLO결합(+20GB),,,,,False,,,대상: 대상 요금제 개통한 고객 시기: 조건 달성한 즉시,https://www.moyoplan.com/plans/27836
27836,KT,[모요only] 쉐이크 LTE 100GB+_밀리의서재,추가데이터,데이터쿠폰 20GB,,,,,False,,,"대상: 대상 요금제 개통 후, 지급시기까지 회선 유지한 고객 시기: 3개월 단위로 총 3회 제공",https://www.moyoplan.com/plans/27836
36680,LGU+,5G_모나300분15G,사은품/페이백,NFC 유심 무료 제공,,,,,False,,,대상: 대상 요금제 개통한 고객 시기: 개통즉시,https://www.moyoplan.com/plans/36680
36680,LGU+,5G_모나300분15G,사은품/페이백,4대 편의점 최대 10.1%적립,,,,,False,,,대상: 대상 요금제 개통 후 멤버십카드 등록한 고객 시기: 개통즉시,https://www.moyoplan.com/plans/36680
31333,LGU+,[일반] 데이터 마음대로 (10GB+/200분)_12개월,사은품/페이백,일반 유심/배송비 무료,,,,,False,,,,https://www.moyoplan.com/plans/31333
10394,LGU+,5G 스탠다드 유심 150GB,사은품/페이백,네이버페이 매달 2.5만원 페이백(6개월),,,150000,,False,,,,https://www.moyoplan.com/plans/10394
10394,LGU+,5G 스탠다드 유심 150GB,사은품/페이백,네이버페이 1만원,,,10000,,False,,,,https://www.moyoplan.com/plans/10394
10394,LGU+,5G 스탠다드 유심 150GB,사은품/페이백,갤럭시 자급제 이벤트 신세계상품권 10만원,,,100000,,False,,,,https://www.moyoplan.com/plans/10394
10394,LGU+,5G 스탠다드 유심 150GB,OTT/구독,구글 AI프로+도미노피자 할인쿠폰,,,,,False,,,대상: 1개월 회선 유지 시기: 조건달성한달 5일,https://www.moyoplan.com/plans/10394
10394,LGU+,5G 스탠다드 유심 150GB,추가데이터,"헬로모바일 결합시, 추가 데이터 20GB 증정",,,,,False,,,"시기: 결합일 익일 제공, 익월부터 매월 1일 제공",https://www.moyoplan.com/plans/10394
10394,LGU+,5G 스탠다드 유심 150GB,OTT/구독,토스미·오픽미 AI 모의고사,,,,,False,,,대상: 혜택 지급 시점까지 회선 유지 시기: 조건달성한 달 3주차(9월 3주차),https://www.moyoplan.com/plans/10394
33127,KT,5G 가성비플러스(20GB/350분),사은품/페이백,마트 상품권/네이버페이 1만원 증정,,,10000,,False,,KT바로유심,대상: 바로유심/바로배송유심 구매・개통 후 7개월 회선 유지한 고객 시기: 조건 달성한 달 월말,https://www.moyoplan.com/plans/33127
33127,KT,5G 가성비플러스(20GB/350분),사은품/페이백,마트 상품권/네이버페이 1만원 증정,,,10000,,False,,KT바로유심,대상: 바로유심/바로배송유심 구매・개통 후 4개월 회선 유지한 고객 시기: 조건 달성한 달 월말,https://www.moyoplan.com/plans/33127
29321,LGU+,Sugar 15GB+1Mbps,사은품/페이백,개통완료 시 유심/배송비 무료 1개,,,,,False,,,,https://www.moyoplan.com/plans/29321
37133,KT,통화 맘껏 10GB,사은품/페이백,M마켓 포인트 12만원 (1.5만 X 8개월),,,120000,,False,,,,https://www.moyoplan.com/plans/37133
37133,KT,통화 맘껏 10GB,사은품/페이백,삼성 자급제 이벤트 네이버페이 12만원,삼성 디바이스,,120000,,False,,,,https://www.moyoplan.com/plans/37133
37133,KT,통화 맘껏 10GB,사은품/페이백,쿠팡유심 개통 시 쿠팡캐시 2만원,,,20000,,False,,쿠팡유심,"대상: 쿠팡 유심 구매·개통 후 혜택 지급까지 유지 시기: 1만원(4개월차), 1만원(7개월차)",https://www.moyoplan.com/plans/37133
37133,KT,통화 맘껏 10GB,사은품/페이백,3대 마트 + 네이버페이 포인트 2만원,,,20000,,False,,KT바로유심,"대상: 바로유심/바로배송유심 구매·개통 후 혜택 지급까지 유지 시기: 1만원(4개월차), 1만원(7개월차)",https://www.moyoplan.com/plans/37133
17602,LGU+,5G 이야기스페셜 125GB+,사은품/페이백,"네이버페이 5,000원",,,5000,,False,,,,https://www.moyoplan.com/plans/17602
29285,SKT,이야기 완전 무제한 11GB+,사은품/페이백,"네이버페이 5,000원",,,5000,,False,,,,https://www.moyoplan.com/plans/29285
26294,LGU+,[평생할인] 5G 10GB/통화기본,사은품/페이백,매달 hy 금액권 1만원(12만),,,10000,,False,,,대상: 이벤트 기간 내 요금제 개통 후 지급시기까지 회선 유지한 고객 시기: 가입 익월 20일경 부터 12개월간 지급,https://www.moyoplan.com/plans/26294
30365,LGU+,이야기 6GB 100분,사은품/페이백,"네이버페이 5,000원",,,5000,,False,,,대상: 대상 요금제 개통 후 개통월 내 리뷰 작성 후 1개월 회선 유지한 고객 시기: 조건 달성한 달 월말,https://www.moyoplan.com/plans/30365
37132,KT,모두다 맘껏 안심 2.5GB+,사은품/페이백,삼성 자급제 이벤트 네이버페이 12만원,삼성 디바이스,,120000,,False,,,,https://www.moyoplan.com/plans/37132
37132,KT,모두다 맘껏 안심 2.5GB+,사은품/페이백,M마켓 포인트 6만원 (1만원 X 6개월),,,60000,,False,,,,https://www.moyoplan.com/plans/37132
37132,KT,모두다 맘껏 안심 2.5GB+,사은품/페이백,쿠팡유심 개통 시 쿠팡캐시 2만원,,,20000,,False,,쿠팡유심,"대상: 쿠팡 유심 구매·개통 후 혜택 지급까지 유지 시기: 1만원(4개월차), 1만원(7개월차)",https://www.moyoplan.com/plans/37132
37132,KT,모두다 맘껏 안심 2.5GB+,사은품/페이백,3대 마트 + 네이버페이 포인트 2만원,,,20000,,False,,KT바로유심,"대상: 바로유심/바로배송유심 구매·개통 후 혜택 지급까지 유지 시기: 1만원(4개월차), 1만원(7개월차)",https://www.moyoplan.com/plans/37132
27851,KT,[모요only] 쉐이크 5G 110GB+_밀리의서재,OTT/구독,밀리의 서재 구독권 지급 이벤트,밀리의서재,,,,False,,,대상: 대상 요금제 개통한 고객 시기: 조건 달성한 즉시,https://www.moyoplan.com/plans/27851
27851,KT,[모요only] 쉐이크 5G 110GB+_밀리의서재,사은품/페이백,매월 1천원 요금할인 (팝테일 가입·인증),,,1000,,False,,,대상: 이벤트 기간 내 대상요금제 개통 후 팝테일 가입·인증한 고객 시기: 개통 후 영업일 기준 D+2일 이내,https://www.moyoplan.com/plans/27851
27851,KT,[모요only] 쉐이크 5G 110GB+_밀리의서재,사은품/페이백,"마트상품권, 네이버페이 최대 2만원",,,20000,,False,,KT바로유심,"대상: 바로유심/바로배송유심 구매・개통 후 7개월 회선 유지한 고객 시기: 개통 후 4개월차 말일 1만원, 7개월차 말일 1만원",https://www.moyoplan.com/plans/27851
27851,KT,[모요only] 쉐이크 5G 110GB+_밀리의서재,추가데이터,데이터쿠폰 20GB,,,,,False,,,"대상: 대상 요금제 개통 후, 지급시기까지 회선 유지한 고객 시기: 3개월 단위로 총 3회 제공",https://www.moyoplan.com/plans/27851
23962,LGU+,슈가칩2 11GB+매일2GB+,사은품/페이백,개통완료 시 유심/배송비 무료 1개,,,,,False,,,,https://www.moyoplan.com/plans/23962
35526,LGU+,5G_모나300분15G안심1,사은품/페이백,NFC 유심 무료 제공,,,,,False,,,,https://www.moyoplan.com/plans/35526
35526,LGU+,5G_모나300분15G안심1,사은품/페이백,4대 편의점 최대 10.1%적립,,,,,False,,,,https://www.moyoplan.com/plans/35526
29088,LGU+,[CHM] 알찬 실속 데이터7G,사은품/페이백,유심/배송비 무료,,,,,False,,,대상: 대상 요금제 개통한 고객 시기: 조건 달성한 즉시,https://www.moyoplan.com/plans/29088
18751,KT,[모요only] 무제한 100GB+5Mbps(밀리의서재 Free),OTT/구독,"밀리의 서재 구독권(11,900원 상당) 제공",밀리의서재,,11900,,False,,,대상: 대상 요금제 개통한 고객 시기: 조건 달성한 즉시,https://www.moyoplan.com/plans/18751
18751,KT,[모요only] 무제한 100GB+5Mbps(밀리의서재 Free),사은품/페이백,"3대 마트 상품권, 네이버페이 2만원",,,20000,,False,,KT바로유심,"대상: 바로유심/바로배송유심 구매・개통 후 7개월 회선 유지한 고객 시기: 개통 후 4개월차 중순 1만원, 7개월차 중순 1만원",https://www.moyoplan.com/plans/18751
18751,KT,[모요only] 무제한 100GB+5Mbps(밀리의서재 Free),추가데이터,추가데이터 20GB 제공,,,,,False,,,대상: 대상 요금제 개통 후 고고모바일 사용자 간 결합한 고객 시기: 조건 달성한 즉시,https://www.moyoplan.com/plans/18751
18751,KT,[모요only] 무제한 100GB+5Mbps(밀리의서재 Free),사은품/페이백,KT유심&배송비 무료,,,,,False,,,대상: 대상 요금제 개통한 고객 시기: 조건 달성한 즉시,https://www.moyoplan.com/plans/18751
37146,LGU+,5G 이야기 완전 무제한 125GB+,사은품/페이백,"네이버페이 5,000원",,,5000,,False,,,,https://www.moyoplan.com/plans/37146
37146,LGU+,5G 이야기 완전 무제한 125GB+,사은품/페이백,"링키드 포인트 15,000P 지급",,,,,False,,,,https://www.moyoplan.com/plans/37146
34866,LGU+,두해 통화기본15GB+,사은품/페이백,유심/배송비 무료!,,,,,False,,,대상: 대상 요금제 개통한 고객 시기: 개통 즉시,https://www.moyoplan.com/plans/34866
23097,SKT,티플 5GB(5GB/300분),사은품/페이백,쇼핑엔티 홈쇼핑 3천원 쿠폰 12개월 증정,,,3000,,False,,,,https://www.moyoplan.com/plans/23097
23968,LGU+,슈가칩 100GB++,사은품/페이백,개통완료 시 유심/배송비 무료 1개,,,,,False,,,,https://www.moyoplan.com/plans/23968
26797,SKT,가성비플러스(10GB/350분),사은품/페이백,쇼핑엔티 홈쇼핑 3천원 쿠폰 12개월 증정,,,3000,,False,,,,https://www.moyoplan.com/plans/26797
31761,LGU+,음성기본 4.5GB+,사은품/페이백,유심/배송비 무료,,,,,False,,,대상: 대상 요금제 개통한 고객 시기: 조건 달성한 즉시,https://www.moyoplan.com/plans/31761
31120,LGU+,"[KG모바일 스페셜2] 통화, 데이터 마음대로 100GB+",사은품/페이백,"네이버페이 10,000원",,,10000,,False,,,,https://www.moyoplan.com/plans/31120
31120,LGU+,"[KG모바일 스페셜2] 통화, 데이터 마음대로 100GB+",사은품/페이백,일반 유심/배송비 무료,,,,,False,,,,https://www.moyoplan.com/plans/31120
24200,KT,[모요only] 5G 200분/10GB,사은품/페이백,"3대 마트 상품권, 네이버페이 2만원",,,20000,,False,,KT바로유심,"대상: 바로유심/바로배송유심 구매・개통 후 7개월 회선 유지한 고객 시기: 개통 후 4개월차 중순 1만원, 7개월차 중순 1만원",https://www.moyoplan.com/plans/24200
24200,KT,[모요only] 5G 200분/10GB,사은품/페이백,KT유심&배송비 무료,,,,,False,,,대상: 대상 요금제 개통한 고객 시기: 조건 달성한 즉시,https://www.moyoplan.com/plans/24200
13909,LGU+,"[모빌카드 스페셜] 통화, 데이터 마음대로 11GB+",사은품/페이백,"네이버페이 10,000원",,,10000,,False,,,대상: 이벤트 기간 내 요금제 개통 후 1개월 회선 유지한 고객 시기: 조건 달성한 달 월말,https://www.moyoplan.com/plans/13909
13909,LGU+,"[모빌카드 스페셜] 통화, 데이터 마음대로 11GB+",사은품/페이백,일반 유심/배송비 무료,,,,,False,,,대상: 대상 요금제 개통한 고객 시기: 조건 달성한 즉시,https://www.moyoplan.com/plans/13909
35494,LGU+,이지 오래쓰는 무제한 5G+1,사은품/페이백,일반유심/배송비 무료,,,,,False,,택배일반유심,,https://www.moyoplan.com/plans/35494
16396,KT,모두 충분 15GB+(밀리의서재),OTT/구독,"밀리의서재(매월11,900원)평생 구독권",밀리의서재,,11900,,False,,,대상: 대상 요금제 개통한 고객 시기: 조건 달성한 즉시,https://www.moyoplan.com/plans/16396
16396,KT,모두 충분 15GB+(밀리의서재),사은품/페이백,S-머니3만원(5천원X6개월),,,30000,,False,,모요유심,"대상: 모요에서 신청한 유심 개통 후, 1개월 회선 유지한 고객 시기: 개통월 기준 다음달 말부터 매월 말 지급",https://www.moyoplan.com/plans/16396
16396,KT,모두 충분 15GB+(밀리의서재),사은품/페이백,"3대마트상품권, 네이버페이 2만원",,,20000,,False,,KT바로유심,"대상: 바로유심/바로배송유심 구매 후 모요 개통, 1개월 유지한 고객 시기: 조건 달성한 달 월말",https://www.moyoplan.com/plans/16396
34348,KT,5G 가성비플러스(5GB/350분),사은품/페이백,마트 상품권/네이버페이 1만원 증정,,,10000,,False,,KT바로유심,대상: 바로유심/바로배송유심 구매・개통 후 7개월 회선 유지한 고객 시기: 조건 달성한 달 월말,https://www.moyoplan.com/plans/34348
34348,KT,5G 가성비플러스(5GB/350분),사은품/페이백,마트 상품권/네이버페이 1만원 증정,,,10000,,False,,KT바로유심,대상: 바로유심/바로배송유심 구매・개통 후 4개월 회선 유지한 고객 시기: 조건 달성한 달 월말,https://www.moyoplan.com/plans/34348
37139,KT,데이터 충분 25GB/100분,사은품/페이백,M마켓 포인트 12만원 (1.5만 X 8개월),,,120000,,False,,,,https://www.moyoplan.com/plans/37139
37139,KT,데이터 충분 25GB/100분,사은품/페이백,삼성 자급제 이벤트 네이버페이 12만원,삼성 디바이스,,120000,,False,,,,https://www.moyoplan.com/plans/37139
37139,KT,데이터 충분 25GB/100분,사은품/페이백,쿠팡유심 개통 시 쿠팡캐시 2만원,,,20000,,False,,쿠팡유심,"대상: 쿠팡 유심 구매·개통 후 혜택 지급까지 유지 시기: 1만원(4개월차), 1만원(7개월차)",https://www.moyoplan.com/plans/37139
37139,KT,데이터 충분 25GB/100분,사은품/페이백,3대 마트 + 네이버페이 포인트 2만원,,,20000,,False,,KT바로유심,"대상: 바로유심/바로배송유심 구매·개통 후 혜택 지급까지 유지 시기: 1만원(4개월차), 1만원(7개월차)",https://www.moyoplan.com/plans/37139
29087,LGU+,[CHM] 음성 100분 5GB+,사은품/페이백,유심/배송비 무료,,,,,False,,,대상: 대상 요금제 개통한 고객 시기: 조건 달성한 즉시,https://www.moyoplan.com/plans/29087
18764,KT,[모요only] LTE 무제한 11GB+3M(밀리의서재 Free),OTT/구독,"밀리의 서재 구독권(11,900원 상당) 제공",밀리의서재,,11900,,False,,,대상: 대상 요금제 개통한 고객 시기: 조건 달성한 즉시,https://www.moyoplan.com/plans/18764
18764,KT,[모요only] LTE 무제한 11GB+3M(밀리의서재 Free),사은품/페이백,"3대 마트 상품권, 네이버페이 2만원",,,20000,,False,,KT바로유심,"대상: 바로유심/바로배송유심 구매・개통 후 7개월 회선 유지한 고객 시기: 개통 후 4개월차 중순 1만원, 7개월차 중순 1만원",https://www.moyoplan.com/plans/18764
18764,KT,[모요only] LTE 무제한 11GB+3M(밀리의서재 Free),추가데이터,추가데이터 20GB 제공,,,,,False,,,대상: 대상 요금제 개통 후 고고모바일 사용자 간 결합한 고객 시기: 조건 달성한 즉시,https://www.moyoplan.com/plans/18764
18764,KT,[모요only] LTE 무제한 11GB+3M(밀리의서재 Free),사은품/페이백,KT유심&배송비 무료,,,,,False,,,대상: 대상 요금제 개통한 고객 시기: 조건 달성한 즉시,https://www.moyoplan.com/plans/18764
12283,SKT,내맘대로S(200+5GB),사은품/페이백,"네이버페이 5,000원",,,5000,,False,,,,https://www.moyoplan.com/plans/12283
36691,LGU+,[일반] 유심 5G 95GB+_24개월,사은품/페이백,일반 유심/배송비 무료,,,,,False,,,,https://www.moyoplan.com/plans/36691
36970,KT,5G 통화 맘껏 3GB,사은품/페이백,삼성 자급제 이벤트 네이버페이 12만원,삼성 디바이스,,120000,,False,,,,https://www.moyoplan.com/plans/36970
36970,KT,5G 통화 맘껏 3GB,사은품/페이백,M마켓 포인트 6만원 (1만원 X 6개월),,,60000,,False,,,,https://www.moyoplan.com/plans/36970
36970,KT,5G 통화 맘껏 3GB,사은품/페이백,쿠팡유심 개통 시 쿠팡캐시 2만원,,,20000,,False,,쿠팡유심,"대상: 쿠팡 유심 구매·개통 후 혜택 지급까지 유지 시기: 1만원(4개월차), 1만원(7개월차)",https://www.moyoplan.com/plans/36970
36970,KT,5G 통화 맘껏 3GB,사은품/페이백,3대 마트 + 네이버페이 포인트 2만원,,,20000,,False,,KT바로유심,"대상: 바로유심/바로배송유심 구매·개통 후 혜택 지급까지 유지 시기: 1만원(4개월차), 1만원(7개월차)",https://www.moyoplan.com/plans/36970
27294,LGU+,[평생할인] 데이터 마음대로 (5GB+/200분),사은품/페이백,일반 유심/배송비 무료,,,,,False,,,,https://www.moyoplan.com/plans/27294
37427,KT,5G 티플 110G＋(밀리의서재),OTT/구독,밀리의 서재 전자책 정기구독 혜택 매월 제공,밀리의서재,,,,False,,,,https://www.moyoplan.com/plans/37427
34698,KT,"[모요only] 쉐이크 LTE 15GB+_네이버페이 매 월 5,000원",사은품/페이백,네이버페이 매달 5천원 페이백 (평생),,,5000,,False,,,,https://www.moyoplan.com/plans/34698
34698,KT,"[모요only] 쉐이크 LTE 15GB+_네이버페이 매 월 5,000원",사은품/페이백,매월 1천원 요금할인 (팝테일 가입·인증),,,1000,,False,,,,https://www.moyoplan.com/plans/34698
34698,KT,"[모요only] 쉐이크 LTE 15GB+_네이버페이 매 월 5,000원",사은품/페이백,"마트상품권, 네이버페이 최대 2만원",,,20000,,False,,KT바로유심,,https://www.moyoplan.com/plans/34698
34698,KT,"[모요only] 쉐이크 LTE 15GB+_네이버페이 매 월 5,000원",추가데이터,데이터쿠폰 20GB,,,,,False,,,,https://www.moyoplan.com/plans/34698
20101,LGU+,"[일반] 통화, 데이터 마음대로 11GB+_24개월",사은품/페이백,일반 유심/배송비 무료,,,,,False,,,,https://www.moyoplan.com/plans/20101
36966,KT,모두다 맘껏 11GB+(밀리의 서재 FREE),OTT/구독,밀리의 서재 평생 구독 0원,밀리의서재,,,,False,,,,https://www.moyoplan.com/plans/36966
36966,KT,모두다 맘껏 11GB+(밀리의 서재 FREE),사은품/페이백,M마켓 포인트 16만원 (2만 X 8개월),,,160000,,False,,,,https://www.moyoplan.com/plans/36966
36966,KT,모두다 맘껏 11GB+(밀리의 서재 FREE),사은품/페이백,삼성 자급제 이벤트 네이버페이 12만원,삼성 디바이스,,120000,,False,,,대상: 사은품 지급 시기까지 회선 유지 시기: 개통 후 2개월 말부터,https://www.moyoplan.com/plans/36966
36966,KT,모두다 맘껏 11GB+(밀리의 서재 FREE),사은품/페이백,쿠팡유심 개통 시 쿠팡캐시 2만원,,,20000,,False,,쿠팡유심,"대상: 쿠팡 유심 구매·개통 후 혜택 지급까지 유지 시기: 1만원(4개월차), 1만원(7개월차)",https://www.moyoplan.com/plans/36966
36966,KT,모두다 맘껏 11GB+(밀리의 서재 FREE),사은품/페이백,3대 마트 + 네이버페이 포인트 2만원,,,20000,,False,,KT바로유심,"대상: 바로유심/바로배송유심 구매·개통 후 혜택 지급까지 유지 시기: 1만원(4개월차), 1만원(7개월차)",https://www.moyoplan.com/plans/36966
36966,KT,모두다 맘껏 11GB+(밀리의 서재 FREE),추가데이터,아무나SOLO 결합 데이터 20GB 추가 제공,,,,,False,,,대상: 아무나SOLO 결합 완료 시기: 결합 완료 시 별도의 신청 없이 즉시,https://www.moyoplan.com/plans/36966
36168,KT,이야기 K 데이터 11GB+(모아진),사은품/페이백,"네이버페이, 3대 마트 상품권 2만원",,,20000,,False,,KT바로유심,,https://www.moyoplan.com/plans/36168
36168,KT,이야기 K 데이터 11GB+(모아진),사은품/페이백,"네이버페이 5,000원",,,5000,,False,,,,https://www.moyoplan.com/plans/36168
33070,LGU+,이지 데이터 5GB,사은품/페이백,일반유심/배송비 무료,,,,,False,,택배일반유심,,https://www.moyoplan.com/plans/33070
27775,LGU+,시월 무제한 11GB+매일2GB+3Mbps,사은품/페이백,유심/배송비 무료!,,,,,False,,,,https://www.moyoplan.com/plans/27775
36335,LGU+,모나120분4.5G,사은품/페이백,NFC 유심 무료 제공,,,,,False,,,대상: 대상 요금제 개통한 고객 시기: 개통즉시,https://www.moyoplan.com/plans/36335
36335,LGU+,모나120분4.5G,사은품/페이백,4대 편의점 최대 10.1%적립,,,,,False,,,대상: 대상 요금제 개통 후 멤버십카드 등록한 고객 시기: 개통즉시,https://www.moyoplan.com/plans/36335
23913,KT,통화 충분 20GB,사은품/페이백,S-머니3만원(5천원X6개월),,,30000,,False,,모요유심,"대상: 모요에서 신청한 유심 개통 후, 1개월 회선 유지한 고객 시기: 개통월 기준 다음달 말부터 매월 말 지급",https://www.moyoplan.com/plans/23913
23913,KT,통화 충분 20GB,사은품/페이백,"3대마트상품권, 네이버페이 2만원",,,20000,,False,,KT바로유심,"대상: 바로유심/바로배송유심 구매 후 모요 개통, 1개월 유지한 고객 시기: 조건 달성한 달 월말",https://www.moyoplan.com/plans/23913
33514,LGU+,5G Sugar 실속(500분/10GB),사은품/페이백,개통완료 시 유심/배송비 무료 1개,,,,,False,,,,https://www.moyoplan.com/plans/33514
34032,LGU+,이지 오래쓰는 데이터 10GB+1/100분,사은품/페이백,일반유심/배송비 무료,,,,,False,,택배일반유심,,https://www.moyoplan.com/plans/34032
33046,KT,EG 10무제한 100G+5(CU할인),사은품/페이백,일반유심/배송비 무료,,,,,False,,택배일반유심,,https://www.moyoplan.com/plans/33046
36688,LGU+,[평생할인] 유심 5G 125GB+,사은품/페이백,일반 유심/배송비 무료,,,,,False,,,대상: 대상 요금제 개통한 고객 시기: 조건 달성한 즉시,https://www.moyoplan.com/plans/36688
36969,KT,모두다 맘껏 100GB+(CU 20%할인),사은품/페이백,M마켓 포인트 16만원 (2만 X 8개월),,,160000,,False,,,,https://www.moyoplan.com/plans/36969
36969,KT,모두다 맘껏 100GB+(CU 20%할인),사은품/페이백,삼성 자급제 이벤트 네이버페이 12만원,삼성 디바이스,,120000,,False,,,,https://www.moyoplan.com/plans/36969
36969,KT,모두다 맘껏 100GB+(CU 20%할인),사은품/페이백,쿠팡유심 개통 시 쿠팡캐시 2만원,,,20000,,False,,쿠팡유심,"대상: 쿠팡 유심 구매·개통 후 혜택 지급까지 유지 시기: 1만원(4개월차), 1만원(7개월차)",https://www.moyoplan.com/plans/36969
36969,KT,모두다 맘껏 100GB+(CU 20%할인),사은품/페이백,3대 마트 + 네이버페이 포인트 2만원,,,20000,,False,,KT바로유심,"대상: 바로유심/바로배송유심 구매·개통 후 혜택 지급까지 유지 시기: 1만원(4개월차), 1만원(7개월차)",https://www.moyoplan.com/plans/36969
36969,KT,모두다 맘껏 100GB+(CU 20%할인),사은품/페이백,CU 20% 할인 + 간편식 쿠폰,,,,,False,,,대상: 혜택 지급 기간 동안 요금제 유지,https://www.moyoplan.com/plans/36969
36969,KT,모두다 맘껏 100GB+(CU 20%할인),추가데이터,아무나SOLO 결합 데이터 20GB 추가 제공,,,,,False,,,대상: 아무나SOLO 결합 완료 시기: 결합 완료 시 별도의 신청 없이 즉시,https://www.moyoplan.com/plans/36969
31008,KT,5G 가성비플러스(15GB/350분)_평생요금,사은품/페이백,마트 상품권/네이버페이 1만원 증정,,,10000,,False,,KT바로유심,대상: 바로유심/바로배송유심 구매・개통 후 7개월 회선 유지한 고객 시기: 조건 달성한 달 월말,https://www.moyoplan.com/plans/31008
31008,KT,5G 가성비플러스(15GB/350분)_평생요금,사은품/페이백,마트 상품권/네이버페이 1만원 증정,,,10000,,False,,KT바로유심,대상: 바로유심/바로배송유심 구매・개통 후 4개월 회선 유지한 고객 시기: 조건 달성한 달 월말,https://www.moyoplan.com/plans/31008
26888,LGU+,[CHM] 음성 100분 6GB,사은품/페이백,유심/배송비 무료,,,,,False,,,대상: 대상 요금제 개통한 고객 시기: 조건 달성한 즉시,https://www.moyoplan.com/plans/26888
37149,KT,ONE 5G 15GB 100분,사은품/페이백,"3대 마트 상품권, 네이버페이 2만원",,,20000,,False,,KT바로유심,,https://www.moyoplan.com/plans/37149
31007,KT,5G 가성비플러스(10GB/350분)_평생요금,사은품/페이백,마트 상품권/네이버페이 1만원 증정,,,10000,,False,,KT바로유심,,https://www.moyoplan.com/plans/31007
31007,KT,5G 가성비플러스(10GB/350분)_평생요금,사은품/페이백,마트 상품권/네이버페이 1만원 증정,,,10000,,False,,KT바로유심,,https://www.moyoplan.com/plans/31007
31061,LGU+,5G Sugar 실속(300분/15GB),사은품/페이백,개통완료 시 유심/배송비 무료 1개,,,,,False,,,,https://www.moyoplan.com/plans/31061
18702,LGU+,5G 유심 중간요금제 31GB,사은품/페이백,네이버페이 매달 2.5만원 페이백(6개월),,,150000,,False,,,,https://www.moyoplan.com/plans/18702
18702,LGU+,5G 유심 중간요금제 31GB,사은품/페이백,네이버페이 1만원,,,10000,,False,,,,https://www.moyoplan.com/plans/18702
18702,LGU+,5G 유심 중간요금제 31GB,사은품/페이백,갤럭시 자급제 이벤트 신세계상품권 10만원,,,100000,,False,,,,https://www.moyoplan.com/plans/18702
18702,LGU+,5G 유심 중간요금제 31GB,OTT/구독,구글 AI프로+도미노피자 할인쿠폰,,,,,False,,,대상: 1개월 회선 유지 시기: 조건달성한달 5일,https://www.moyoplan.com/plans/18702
18702,LGU+,5G 유심 중간요금제 31GB,추가데이터,"헬로모바일 결합시, 추가 데이터 10GB 증정",,,,,False,,,"대상: 대상 요금제로 결합 완료 시기: 결합일 익일 제공, 익월부터 매월 1일 제공",https://www.moyoplan.com/plans/18702
18702,LGU+,5G 유심 중간요금제 31GB,OTT/구독,토스미·오픽미 AI 모의고사,,,,,False,,,대상: 혜택 지급 시점까지 회선 유지 시기: 조건달성한 달 3주차(9월 3주차),https://www.moyoplan.com/plans/18702
35523,LGU+,편의점_데이터11G+일2G,사은품/페이백,편의점 상품권(택 1) 매월 제공,,,,,False,,,,https://www.moyoplan.com/plans/35523
35523,LGU+,편의점_데이터11G+일2G,사은품/페이백,NFC 유심 무료 제공,,,,,False,,,,https://www.moyoplan.com/plans/35523
35523,LGU+,편의점_데이터11G+일2G,사은품/페이백,4대 편의점 최대 10.1%적립,,,,,False,,,,https://www.moyoplan.com/plans/35523
23770,SKT,티플 가성비(300분/6GB)_평생요금,사은품/페이백,쇼핑엔티 홈쇼핑 3천원 쿠폰 12개월 증정,,,3000,,False,,,,https://www.moyoplan.com/plans/23770
24197,KT,[모요only] LTE 200분/ 10GB,사은품/페이백,"3대 마트 상품권, 네이버페이 2만원",,,20000,,False,,KT바로유심,"대상: 바로유심/바로배송유심 구매・개통 후 7개월 회선 유지한 고객 시기: 개통 후 4개월차 중순 1만원, 7개월차 중순 1만원",https://www.moyoplan.com/plans/24197
24197,KT,[모요only] LTE 200분/ 10GB,사은품/페이백,KT유심&배송비 무료,,,,,False,,,대상: 대상 요금제 개통한 고객 시기: 조건 달성한 즉시,https://www.moyoplan.com/plans/24197
27771,KT,[모요only] 무제한 11GB+3M(매월 네이버페이5000P),사은품/페이백,네이버페이 매달 5천원 페이백(7개월),,,35000,,False,,,,https://www.moyoplan.com/plans/27771
27771,KT,[모요only] 무제한 11GB+3M(매월 네이버페이5000P),사은품/페이백,"네이버페이 매월 5,000P 제공",,,,,False,,,,https://www.moyoplan.com/plans/27771
27771,KT,[모요only] 무제한 11GB+3M(매월 네이버페이5000P),사은품/페이백,"마트상품권, 네이버페이 최대 2만원",,,20000,,False,,KT바로유심,,https://www.moyoplan.com/plans/27771
27771,KT,[모요only] 무제한 11GB+3M(매월 네이버페이5000P),추가데이터,추가데이터 20GB 제공,,,,,False,,,대상: 고고모바일 사용자 간 결합,https://www.moyoplan.com/plans/27771
27771,KT,[모요only] 무제한 11GB+3M(매월 네이버페이5000P),사은품/페이백,KT유심&배송비 무료,,,,,False,,,,https://www.moyoplan.com/plans/27771
12278,SKT,내맘대로S(300+6GB),사은품/페이백,"네이버페이 5,000원",,,5000,,False,,,,https://www.moyoplan.com/plans/12278
23107,KT,모두 충분 15GB+(후후안심),사은품/페이백,S-머니3만원(5천원X6개월),,,30000,,False,,모요유심,"대상: 모요에서 신청한 유심 개통 후, 1개월 회선 유지한 고객 시기: 개통월 기준 다음달 말부터 매월 말 지급",https://www.moyoplan.com/plans/23107
23107,KT,모두 충분 15GB+(후후안심),사은품/페이백,"3대마트상품권, 네이버페이 2만원",,,20000,,False,,KT바로유심,"대상: 바로유심/바로배송유심 구매 후 모요 개통, 1개월 유지한 고객 시기: 조건 달성한 달 월말",https://www.moyoplan.com/plans/23107
27743,LGU+,"[일반] 통화, 데이터 마음대로 100GB+_24개월",사은품/페이백,일반 유심/배송비 무료,,,,,False,,,,https://www.moyoplan.com/plans/27743
35325,LGU+,[모요only] 마블링 무제한 100GB+,사은품/페이백,일반유심/배송비 무료,,,,,False,,택배일반유심,대상: 일반유심을 '택배로 받을래요 신청 후' 개통을 완료한 고객 시기: 조건 달성한 즉시,https://www.moyoplan.com/plans/35325
13977,SKT,함께이야기해S(300분+20GB),사은품/페이백,"네이버페이 5,000원",,,5000,,False,,,,https://www.moyoplan.com/plans/13977
33129,KT,5G 가성비플러스(30GB/350분),사은품/페이백,마트 상품권/네이버페이 1만원 증정,,,10000,,False,,KT바로유심,,https://www.moyoplan.com/plans/33129
33129,KT,5G 가성비플러스(30GB/350분),사은품/페이백,마트 상품권/네이버페이 1만원 증정,,,10000,,False,,KT바로유심,,https://www.moyoplan.com/plans/33129
27454,LGU+,Sugar 통화마음대로 11GB+매일2GB+,사은품/페이백,개통완료 시 유심/배송비 무료 1개,,,,,False,,,,https://www.moyoplan.com/plans/27454
36627,LGU+,NH콕 이야기 15GB+,사은품/페이백,"네이버페이 5,000원",,,5000,,False,,,,https://www.moyoplan.com/plans/36627
13973,SKT,함께이야기해S(300분+10GB),사은품/페이백,"네이버페이 5,000원",,,5000,,False,,,,https://www.moyoplan.com/plans/13973
23170,LGU+,5G Sugar 통화마음대로 125GB++,사은품/페이백,개통완료 시 유심/배송비 무료 1개,,,,,False,,,,https://www.moyoplan.com/plans/23170
36337,LGU+,모나300분11G,사은품/페이백,NFC 유심 무료 제공,,,,,False,,,대상: 대상 요금제 개통한 고객 시기: 개통즉시,https://www.moyoplan.com/plans/36337
36337,LGU+,모나300분11G,사은품/페이백,4대 편의점 최대 10.1%적립,,,,,False,,,대상: 대상 요금제 개통 후 멤버십카드 등록한 고객 시기: 개통즉시,https://www.moyoplan.com/plans/36337
33651,KT,TOP 15GB 100분 (올리브영),추가데이터,솔로결합(+10GB),,,,,False,,,,https://www.moyoplan.com/plans/33651
33651,KT,TOP 15GB 100분 (올리브영),사은품/페이백,"3대 마트 상품권, 네이버페이 2만원",,,20000,,False,,KT바로유심,,https://www.moyoplan.com/plans/33651
33651,KT,TOP 15GB 100분 (올리브영),사은품/페이백,"올리브영 매월 5,000원 제공",,,5000,,False,,,,https://www.moyoplan.com/plans/33651
34879,LGU+,두해 통화기본11GB+매일2GB,사은품/페이백,유심/배송비 무료!,,,,,False,,,,https://www.moyoplan.com/plans/34879
35809,KT,완전마음껏 100GB＋＋(CU 20%)_18개월할인,사은품/페이백,마트 상품권/네이버페이 1만원 증정,,,10000,,False,,KT바로유심,,https://www.moyoplan.com/plans/35809
35809,KT,완전마음껏 100GB＋＋(CU 20%)_18개월할인,사은품/페이백,마트 상품권/네이버페이 1만원 증정,,,10000,,False,,KT바로유심,,https://www.moyoplan.com/plans/35809
35809,KT,완전마음껏 100GB＋＋(CU 20%)_18개월할인,사은품/페이백,CU 오프라인 점포 결제시 20% 할인 제공,,,,,False,,,,https://www.moyoplan.com/plans/35809
37111,KT,"[모요only] 쉐이크 LTE 100GB+_다이소 매 월 5,000원",사은품/페이백,매월 1천원 요금할인 (팝테일 가입·인증),,,1000,,False,,,,https://www.moyoplan.com/plans/37111
37111,KT,"[모요only] 쉐이크 LTE 100GB+_다이소 매 월 5,000원",사은품/페이백,"마트상품권, 네이버페이 최대 2만원",,,20000,,False,,KT바로유심,,https://www.moyoplan.com/plans/37111
37111,KT,"[모요only] 쉐이크 LTE 100GB+_다이소 매 월 5,000원",사은품/페이백,"다이소 매월 5,000원 제공",,,5000,,False,,,"대상: 대상 요금제 개통 후, 지급시기까지 회선 유지 시기: 실 사용일 수 30일 충족 시, 31일차에 지급",https://www.moyoplan.com/plans/37111
37111,KT,"[모요only] 쉐이크 LTE 100GB+_다이소 매 월 5,000원",추가데이터,SOLO결합(+20GB),,,,,False,,,,https://www.moyoplan.com/plans/37111
37111,KT,"[모요only] 쉐이크 LTE 100GB+_다이소 매 월 5,000원",추가데이터,데이터쿠폰 20GB,,,,,False,,,"대상: 대상 요금제 개통 후, 지급시기까지 회선 유지 시기: 3개월 단위로 총 3회 제공",https://www.moyoplan.com/plans/37111
36651,LGU+,코나아이데이터10G(+10G)+1M,사은품/페이백,NFC 유심 무료 제공,,,,,False,,,,https://www.moyoplan.com/plans/36651
36651,LGU+,코나아이데이터10G(+10G)+1M,추가데이터,추가 데이터 10G 24개월 제공,,,,,False,,,,https://www.moyoplan.com/plans/36651
36651,LGU+,코나아이데이터10G(+10G)+1M,사은품/페이백,4대 편의점 최대 10.1%적립,,,,,False,,,,https://www.moyoplan.com/plans/36651
36652,LGU+,코나아이데이터15G+(+10G)1M,사은품/페이백,NFC 유심 무료 제공,,,,,False,,,,https://www.moyoplan.com/plans/36652
36652,LGU+,코나아이데이터15G+(+10G)1M,추가데이터,추가 데이터 10G 24개월 제공,,,,,False,,,,https://www.moyoplan.com/plans/36652
36652,LGU+,코나아이데이터15G+(+10G)1M,사은품/페이백,4대 편의점 최대 10.1%적립,,,,,False,,,,https://www.moyoplan.com/plans/36652
13784,KT,통화 충분 6.5GB,사은품/페이백,S-머니3만원(5천원X6개월),,,30000,,False,,모요유심,"대상: 모요에서 신청한 유심 개통 후, 1개월 회선 유지한 고객 시기: 개통월 기준 다음달 말부터 매월 말 지급",https://www.moyoplan.com/plans/13784
13784,KT,통화 충분 6.5GB,사은품/페이백,"3대마트상품권, 네이버페이 2만원",,,20000,,False,,KT바로유심,"대상: 바로유심/바로배송유심 구매 후 모요 개통, 1개월 유지한 고객 시기: 조건 달성한 달 월말",https://www.moyoplan.com/plans/13784
36968,KT,모두다 맘껏 100GB+(밀리의 서재 FREE),OTT/구독,밀리의 서재 평생 구독 0원,밀리의서재,,,,False,,,,https://www.moyoplan.com/plans/36968
36968,KT,모두다 맘껏 100GB+(밀리의 서재 FREE),사은품/페이백,M마켓 포인트 16만원 (2만 X 8개월),,,160000,,False,,,,https://www.moyoplan.com/plans/36968
36968,KT,모두다 맘껏 100GB+(밀리의 서재 FREE),사은품/페이백,삼성 자급제 이벤트 네이버페이 12만원,삼성 디바이스,,120000,,False,,,대상: 사은품 지급 시기까지 회선 유지 시기: 개통 후 2개월 말부터,https://www.moyoplan.com/plans/36968
36968,KT,모두다 맘껏 100GB+(밀리의 서재 FREE),사은품/페이백,쿠팡유심 개통 시 쿠팡캐시 2만원,,,20000,,False,,쿠팡유심,"대상: 쿠팡 유심 구매·개통 후 혜택 지급까지 유지 시기: 1만원(4개월차), 1만원(7개월차)",https://www.moyoplan.com/plans/36968
36968,KT,모두다 맘껏 100GB+(밀리의 서재 FREE),사은품/페이백,3대 마트 + 네이버페이 포인트 2만원,,,20000,,False,,KT바로유심,"대상: 바로유심/바로배송유심 구매·개통 후 혜택 지급까지 유지 시기: 1만원(4개월차), 1만원(7개월차)",https://www.moyoplan.com/plans/36968
36968,KT,모두다 맘껏 100GB+(밀리의 서재 FREE),추가데이터,아무나SOLO 결합 데이터 20GB 추가 제공,,,,,False,,,대상: 아무나SOLO 결합 완료 시기: 결합 완료 시 별도의 신청 없이 즉시,https://www.moyoplan.com/plans/36968
33521,KT,TOP 15GB 100분 (밀리의서재),OTT/구독,밀리의서재 평생 무료 구독권,밀리의서재,,,,False,,,,https://www.moyoplan.com/plans/33521
33521,KT,TOP 15GB 100분 (밀리의서재),추가데이터,솔로결합(+10GB),,,,,False,,,,https://www.moyoplan.com/plans/33521
33521,KT,TOP 15GB 100분 (밀리의서재),사은품/페이백,"3대 마트 상품권, 네이버페이 2만원",,,20000,,False,,KT바로유심,,https://www.moyoplan.com/plans/33521
33041,KT,EG 무제한 15G+3/100분(밀리의 서재),OTT/구독,밀리의 서재 이용권 제공,밀리의서재,,,,False,,,대상: 대상 요금제 개통한 고객 시기: 조건 달성한 즉시,https://www.moyoplan.com/plans/33041
33041,KT,EG 무제한 15G+3/100분(밀리의 서재),사은품/페이백,일반유심/배송비 무료,,,,,False,,택배일반유심,대상: 대상 요금제 개통 후 일반유심을 택배로 받을래요 신청 후 개통을 완료한 고객 시기: 조건 달성한 즉시,https://www.moyoplan.com/plans/33041
33942,KT,TOP 10GB 기본 (CU할인),추가데이터,솔로결합(+10GB),,,,,False,,,,https://www.moyoplan.com/plans/33942
33942,KT,TOP 10GB 기본 (CU할인),사은품/페이백,"3대 마트 상품권, 네이버페이 2만원",,,20000,,False,,KT바로유심,,https://www.moyoplan.com/plans/33942
33942,KT,TOP 10GB 기본 (CU할인),사은품/페이백,CU 20% 오프라인 결제할인,,,,,False,,,,https://www.moyoplan.com/plans/33942
33942,KT,TOP 10GB 기본 (CU할인),추가데이터,데이터 10GB 추가 제공(24개월간),,,,,False,,,,https://www.moyoplan.com/plans/33942
36266,LGU+,[혜택형] 5G 유심 중간요금제 125GB,사은품/페이백,네이버페이 매달 1.5만원 페이백(24개월),,,360000,,False,,,,https://www.moyoplan.com/plans/36266
36266,LGU+,[혜택형] 5G 유심 중간요금제 125GB,사은품/페이백,갤럭시 자급제 이벤트 신세계상품권 10만원,,,100000,,False,,,,https://www.moyoplan.com/plans/36266
36266,LGU+,[혜택형] 5G 유심 중간요금제 125GB,사은품/페이백,프레딧 쿠폰 2만원(5천원*4개월),,,20000,,False,,,,https://www.moyoplan.com/plans/36266
36266,LGU+,[혜택형] 5G 유심 중간요금제 125GB,OTT/구독,구글 AI프로+도미노피자 할인쿠폰,,,,,False,,,대상: 1개월 회선 유지 시기: 조건달성한달 5일,https://www.moyoplan.com/plans/36266
36266,LGU+,[혜택형] 5G 유심 중간요금제 125GB,추가데이터,"헬로모바일 결합시, 추가 데이터 20GB 증정",,,,,False,,,"시기: 결합일 익일 제공, 익월부터 매월 1일 제공",https://www.moyoplan.com/plans/36266
36266,LGU+,[혜택형] 5G 유심 중간요금제 125GB,OTT/구독,토스미·오픽미 AI 모의고사,,,,,False,,,대상: 혜택 지급 시점까지 회선 유지 시기: 조건달성한 달 3주차(9월 3주차),https://www.moyoplan.com/plans/36266
33944,KT,TOP 15GB 기본 (후후),추가데이터,솔로결합(+10GB),,,,,False,,,,https://www.moyoplan.com/plans/33944
33944,KT,TOP 15GB 기본 (후후),사은품/페이백,"3대 마트 상품권, 네이버페이 2만원",,,20000,,False,,KT바로유심,,https://www.moyoplan.com/plans/33944
33944,KT,TOP 15GB 기본 (후후),추가데이터,데이터 10GB 추가 제공(24개월간),,,,,False,,,,https://www.moyoplan.com/plans/33944
24012,KT,[모요only] LTE 무제한 100GB+5M(CU20%할인),사은품/페이백,"3대 마트 상품권, 네이버페이 2만원",,,20000,,False,,KT바로유심,"대상: 바로유심/바로배송유심 구매・개통 후 7개월 회선 유지한 고객 시기: 개통 후 4개월차 중순 1만원, 7개월차 중순 1만원",https://www.moyoplan.com/plans/24012
24012,KT,[모요only] LTE 무제한 100GB+5M(CU20%할인),사은품/페이백,CU 20% 오프라인 결제할인,,,,,False,,,대상: 대상 요금제 개통한 고객 시기: 요금제 가입 후 익일에 발송,https://www.moyoplan.com/plans/24012
24012,KT,[모요only] LTE 무제한 100GB+5M(CU20%할인),추가데이터,추가데이터 20GB 제공,,,,,False,,,대상: 대상 요금제 개통 후 고고모바일 사용자 간 결합한 고객 시기: 조건 달성한 즉시,https://www.moyoplan.com/plans/24012
24012,KT,[모요only] LTE 무제한 100GB+5M(CU20%할인),사은품/페이백,KT유심&배송비 무료,,,,,False,,,대상: 대상 요금제 개통한 고객 시기: 조건 달성한 즉시,https://www.moyoplan.com/plans/24012
28100,KT,[모요only] [K] 핀다이렉트Z + 밀리의서재 _PIN,OTT/구독,밀리의 서재 평생 무료 구독,밀리의서재,,,,False,,,,https://www.moyoplan.com/plans/28100
28100,KT,[모요only] [K] 핀다이렉트Z + 밀리의서재 _PIN,사은품/페이백,"네이버페이, 마트 상품권 2만원",,,20000,,False,,KT바로유심,,https://www.moyoplan.com/plans/28100
28100,KT,[모요only] [K] 핀다이렉트Z + 밀리의서재 _PIN,사은품/페이백,데이터 로밍 3일 무료 쿠폰,,,,,False,,,,https://www.moyoplan.com/plans/28100
28100,KT,[모요only] [K] 핀다이렉트Z + 밀리의서재 _PIN,추가데이터,KT 데이터 결합 (추가데이터 20GB),,,,,False,,,대상: 결합 완료,https://www.moyoplan.com/plans/28100
13987,SKT,5G 함께이야기해S (200분+15GB),사은품/페이백,"네이버페이 5,000원",,,5000,,False,,,대상: 대상 요금제 개통 후 개통월 내 리뷰 작성 후 1개월 회선 유지한 고객 시기: 조건 달성한 달 월말,https://www.moyoplan.com/plans/13987
35497,LGU+,5G 함께이야기해(300분+15GB),사은품/페이백,"네이버페이 5,000원",,,5000,,False,,,대상: 대상 요금제 개통 후 개통월 내 리뷰 작성 후 1개월 회선 유지한 고객 시기: 조건 달성한 달 월말,https://www.moyoplan.com/plans/35497
12275,SKT,내맘대로S(150+1GB),사은품/페이백,"네이버페이 5,000원",,,5000,,False,,,,https://www.moyoplan.com/plans/12275
23502,LGU+,슈가칩2 15GB+100분,사은품/페이백,개통완료 시 유심/배송비 무료 1개,,,,,False,,,,https://www.moyoplan.com/plans/23502
26268,LGU+,[평생할인] 15GB+/100분,추가데이터,"우리결합시, 데이터 10GB 추가 증정",,,,,False,,,대상: 대상 요금제 개통 후 우리 결합 완료한 고객 시기: 조건 달성한 즉시,https://www.moyoplan.com/plans/26268
37141,KT,모두다 맘껏 안심 25GB+,사은품/페이백,M마켓 포인트 16만원 (2만 X 8개월),,,160000,,False,,,,https://www.moyoplan.com/plans/37141
37141,KT,모두다 맘껏 안심 25GB+,사은품/페이백,삼성 자급제 이벤트 네이버페이 12만원,삼성 디바이스,,120000,,False,,,,https://www.moyoplan.com/plans/37141
37141,KT,모두다 맘껏 안심 25GB+,사은품/페이백,쿠팡유심 개통 시 쿠팡캐시 2만원,,,20000,,False,,쿠팡유심,"대상: 쿠팡 유심 구매·개통 후 혜택 지급까지 유지 시기: 1만원(4개월차), 1만원(7개월차)",https://www.moyoplan.com/plans/37141
37141,KT,모두다 맘껏 안심 25GB+,사은품/페이백,3대 마트 + 네이버페이 포인트 2만원,,,20000,,False,,KT바로유심,"대상: 바로유심/바로배송유심 구매·개통 후 혜택 지급까지 유지 시기: 1만원(4개월차), 1만원(7개월차)",https://www.moyoplan.com/plans/37141
30994,KT,가성비플러스(6GB/350분)_평생요금,사은품/페이백,마트 상품권/네이버페이 1만원 증정,,,10000,,False,,KT바로유심,대상: 바로유심/바로배송유심 구매・개통 후 7개월 회선 유지한 고객 시기: 조건 달성한 달 월말,https://www.moyoplan.com/plans/30994
30994,KT,가성비플러스(6GB/350분)_평생요금,사은품/페이백,마트 상품권/네이버페이 1만원 증정,,,10000,,False,,KT바로유심,대상: 바로유심/바로배송유심 구매・개통 후 4개월 회선 유지한 고객 시기: 조건 달성한 달 월말,https://www.moyoplan.com/plans/30994
33941,KT,TOP 10GB 기본 (밀리의서재),OTT/구독,밀리의서재 평생 무료 구독권,밀리의서재,,,,False,,,,https://www.moyoplan.com/plans/33941
33941,KT,TOP 10GB 기본 (밀리의서재),추가데이터,솔로결합(+10GB),,,,,False,,,,https://www.moyoplan.com/plans/33941
33941,KT,TOP 10GB 기본 (밀리의서재),사은품/페이백,"3대 마트 상품권, 네이버페이 2만원",,,20000,,False,,KT바로유심,시기: 바로유심/바로배송유심 구매・개통 후 7개월 회선유지시,https://www.moyoplan.com/plans/33941
33941,KT,TOP 10GB 기본 (밀리의서재),추가데이터,데이터 10GB 추가 제공(24개월간),,,,,False,,,,https://www.moyoplan.com/plans/33941
13974,SKT,함께이야기해S(500분+10GB),사은품/페이백,"네이버페이 5,000원",,,5000,,False,,,,https://www.moyoplan.com/plans/13974
36972,KT,5G 모두다 맘껏 안심 10GB+,사은품/페이백,M마켓 포인트 12만원 (1.5만 X 8개월),,,120000,,False,,,,https://www.moyoplan.com/plans/36972
36972,KT,5G 모두다 맘껏 안심 10GB+,사은품/페이백,삼성 자급제 이벤트 네이버페이 12만원,삼성 디바이스,,120000,,False,,,,https://www.moyoplan.com/plans/36972
36972,KT,5G 모두다 맘껏 안심 10GB+,사은품/페이백,쿠팡유심 개통 시 쿠팡캐시 2만원,,,20000,,False,,쿠팡유심,"대상: 쿠팡 유심 구매·개통 후 혜택 지급까지 유지 시기: 1만원(4개월차), 1만원(7개월차)",https://www.moyoplan.com/plans/36972
36972,KT,5G 모두다 맘껏 안심 10GB+,사은품/페이백,3대 마트 + 네이버페이 포인트 2만원,,,20000,,False,,KT바로유심,"대상: 바로유심/바로배송유심 구매·개통 후 혜택 지급까지 유지 시기: 1만원(4개월차), 1만원(7개월차)",https://www.moyoplan.com/plans/36972
18993,LGU+,[L] DIGITAL DETOX 7GB 챌린지,사은품/페이백,데이터 로밍 3일 무료 쿠폰,,,,,False,,,대상: 대상 요금제 개통한 고객 시기: 조건 달성한 즉시,https://www.moyoplan.com/plans/18993
37131,KT,통화 맘껏 2.5GB,사은품/페이백,삼성 자급제 이벤트 네이버페이 12만원,삼성 디바이스,,120000,,False,,,,https://www.moyoplan.com/plans/37131
37131,KT,통화 맘껏 2.5GB,사은품/페이백,M마켓 포인트 6만원 (1만원 X 6개월),,,60000,,False,,,,https://www.moyoplan.com/plans/37131
37131,KT,통화 맘껏 2.5GB,사은품/페이백,쿠팡유심 개통 시 쿠팡캐시 2만원,,,20000,,False,,쿠팡유심,"대상: 쿠팡 유심 구매·개통 후 혜택 지급까지 유지 시기: 1만원(4개월차), 1만원(7개월차)",https://www.moyoplan.com/plans/37131
37131,KT,통화 맘껏 2.5GB,사은품/페이백,3대 마트 + 네이버페이 포인트 2만원,,,20000,,False,,KT바로유심,"대상: 바로유심/바로배송유심 구매·개통 후 혜택 지급까지 유지 시기: 1만원(4개월차), 1만원(7개월차)",https://www.moyoplan.com/plans/37131
36238,SKT,[모요only] [S] 핀다이렉트Z _PIN,추가데이터,SKT 데이터 결합 (추가데이터 20GB),,,,,False,,,대상: 대상 요금제 개통 후 결합 완료한 고객 시기: 조건 달성한 즉시,https://www.moyoplan.com/plans/36238
26316,LGU+,[모빌카드 스페셜] 유심 5G 95GB+,사은품/페이백,일반 유심/배송비 무료,,,,,False,,,,https://www.moyoplan.com/plans/26316
10365,LGU+,슬림 안심 유심 1GB 100분,사은품/페이백,네이버페이 매달 5천원 페이백(6개월),,,30000,,False,,,,https://www.moyoplan.com/plans/10365
10365,LGU+,슬림 안심 유심 1GB 100분,사은품/페이백,프레딧 쿠폰 2만원(5천원*4개월),,,20000,,False,,,,https://www.moyoplan.com/plans/10365
10365,LGU+,슬림 안심 유심 1GB 100분,OTT/구독,구글 AI프로+도미노피자 할인쿠폰,,,,,False,,,,https://www.moyoplan.com/plans/10365
10365,LGU+,슬림 안심 유심 1GB 100분,OTT/구독,토스미·오픽미 AI 모의고사,,,,,False,,,,https://www.moyoplan.com/plans/10365
13785,KT,모두 충분 1.5GB+,사은품/페이백,S-머니3만원(5천원X6개월),,,30000,,False,,모요유심,"대상: 모요에서 신청한 유심 개통 후, 1개월 회선 유지한 고객 시기: 개통월 기준 다음달 말부터 매월 말 지급",https://www.moyoplan.com/plans/13785
13785,KT,모두 충분 1.5GB+,사은품/페이백,[모요 단독] N페이 1만원,,,10000,,False,,모요유심,"대상: 모요에서 신청한 유심 개통 후, 1개월 회선 유지한 고객 시기: 조건 달성한 달 월말",https://www.moyoplan.com/plans/13785
34864,LGU+,두해 통화기본7GB+,사은품/페이백,유심/배송비 무료!,,,,,False,,,대상: 대상 요금제 개통한 고객 시기: 개통 즉시,https://www.moyoplan.com/plans/34864
27200,LGU+,알찬5G 실속8G,사은품/페이백,유심/배송비 무료,,,,,False,,,대상: 대상 요금제 개통한 고객 시기: 조건 달성한 즉시,https://www.moyoplan.com/plans/27200
30914,LGU+,이지 더 오래쓰는 무제한 일5G+5,사은품/페이백,일반유심/배송비 무료,,,,,False,,택배일반유심,,https://www.moyoplan.com/plans/30914
24722,LGU+,빽다방 100잔 5G 10GB,사은품/페이백,빽다방 100잔 (25개월간 매월 4잔),,,,,False,,,대상: 대상 요금제 개통 후 1개월 회선 유지한 고객 시기: 가입일에 따라 1일 또는 15일,https://www.moyoplan.com/plans/24722
23449,KT,모두 충분 15GB+(CU),사은품/페이백,S-머니3만원(5천원X6개월),,,30000,,False,,모요유심,"대상: 모요에서 신청한 유심 개통 후, 1개월 회선 유지한 고객 시기: 개통월 기준 다음달 말부터 매월 말 지급",https://www.moyoplan.com/plans/23449
23449,KT,모두 충분 15GB+(CU),사은품/페이백,CU 연간 6만원 할인 평생 제공,,,60000,,False,,,대상: 대상 요금제 개통한 고객 시기: 조건 달성한 즉시,https://www.moyoplan.com/plans/23449
23449,KT,모두 충분 15GB+(CU),사은품/페이백,"3대마트상품권, 네이버페이 2만원",,,20000,,False,,KT바로유심,"대상: 바로유심/바로배송유심 구매 후 모요 개통, 1개월 유지한 고객 시기: 조건 달성한 달 월말",https://www.moyoplan.com/plans/23449
30912,LGU+,이지 더 오래쓰는 무제한 11G+3,사은품/페이백,일반유심/배송비 무료,,,,,False,,택배일반유심,,https://www.moyoplan.com/plans/30912
34881,LGU+,두해 통화기본100GB+,사은품/페이백,유심/배송비 무료!,,,,,False,,,,https://www.moyoplan.com/plans/34881
26178,LGU+,이야기 데이터 스페셜 (20GB),사은품/페이백,"네이버페이 5,000원",,,5000,,False,,,,https://www.moyoplan.com/plans/26178
29931,LGU+,"[KG모바일 스페셜] 통화, 데이터 마음대로 11GB+",사은품/페이백,"GS25 편의점 상품권 10,000원",,,10000,,False,,,대상: 이벤트 기간 내 요금제 개통 후 1개월 회선 유지한 고객 시기: 조건 달성한 달 월말,https://www.moyoplan.com/plans/29931
29931,LGU+,"[KG모바일 스페셜] 통화, 데이터 마음대로 11GB+",사은품/페이백,일반 유심/배송비 무료,,,,,False,,,대상: 대상 요금제 개통한 고객 시기: 조건 달성한 즉시,https://www.moyoplan.com/plans/29931
33652,KT,TOP 15GB 100분 (다이소),추가데이터,솔로결합(+10GB),,,,,False,,,,https://www.moyoplan.com/plans/33652
33652,KT,TOP 15GB 100분 (다이소),사은품/페이백,"3대 마트 상품권, 네이버페이 2만원",,,20000,,False,,KT바로유심,,https://www.moyoplan.com/plans/33652
33652,KT,TOP 15GB 100분 (다이소),사은품/페이백,"다이소 매월 5,000원 제공",,,5000,,False,,,,https://www.moyoplan.com/plans/33652
37148,LGU+,5G 이야기 완전 무제한 150GB+,사은품/페이백,"네이버페이 5,000원",,,5000,,False,,,,https://www.moyoplan.com/plans/37148
37148,LGU+,5G 이야기 완전 무제한 150GB+,사은품/페이백,"링키드 포인트 15,000P 지급",,,,,False,,,,https://www.moyoplan.com/plans/37148
27746,LGU+,시월 100분15GB+3Mbps,사은품/페이백,유심/배송비 무료!,,,,,False,,,대상: 대상 요금제 개통한 고객 시기: 개통 즉시,https://www.moyoplan.com/plans/27746
22834,LGU+,수다맘껏데이터71G+,사은품/페이백,NFC 유심 무료 제공,,,,,False,,,대상: 대상 요금제 개통한 고객 시기: 개통즉시,https://www.moyoplan.com/plans/22834
22834,LGU+,수다맘껏데이터71G+,사은품/페이백,4대 편의점 최대 10.1%적립,,,,,False,,,대상: 대상 요금제 개통 후 멤버십카드 등록한 고객 시기: 개통즉시,https://www.moyoplan.com/plans/22834
29034,SKT,티플 올리브영 100GB+(매월 5000P),사은품/페이백,"올리브영 12개월간 매월 5,000원 상품권",,,5000,,False,,,대상: 대상 요금제 개통 후 1개월 회선 유지한 고객 시기: 조건 달성한 달 월말,https://www.moyoplan.com/plans/29034
29223,KT,"[모요only] 쉐이크 LTE 100GB+_다이소 매 월 5,000원",사은품/페이백,매월 1천원 요금할인 (팝테일 가입·인증),,,1000,,False,,,대상: 이벤트 기간 내 대상요금제 개통 후 팝테일 가입·인증한 고객 시기: 개통 후 영업일 기준 D+2일 이내,https://www.moyoplan.com/plans/29223
29223,KT,"[모요only] 쉐이크 LTE 100GB+_다이소 매 월 5,000원",사은품/페이백,"마트상품권, 네이버페이 최대 2만원",,,20000,,False,,KT바로유심,"대상: 바로유심/바로배송유심 구매・개통 후 7개월 회선 유지한 고객 시기: 개통 후 4개월차 말일 1만원, 7개월차 말일 1만원",https://www.moyoplan.com/plans/29223
29223,KT,"[모요only] 쉐이크 LTE 100GB+_다이소 매 월 5,000원",사은품/페이백,"다이소 매월 5,000원 제공",,,5000,,False,,,"대상: 대상 요금제 개통 후, 지급시기까지 회선 유지한 고객 시기: 실 사용일 수 30일 충족 시, 31일차에 지급",https://www.moyoplan.com/plans/29223
29223,KT,"[모요only] 쉐이크 LTE 100GB+_다이소 매 월 5,000원",추가데이터,SOLO결합(+20GB),,,,,False,,,대상: 대상 요금제 개통한 고객 시기: 조건 달성한 즉시,https://www.moyoplan.com/plans/29223
29223,KT,"[모요only] 쉐이크 LTE 100GB+_다이소 매 월 5,000원",추가데이터,데이터쿠폰 20GB,,,,,False,,,"대상: 대상 요금제 개통 후, 지급시기까지 회선 유지한 고객 시기: 3개월 단위로 총 3회 제공",https://www.moyoplan.com/plans/29223
15079,LGU+,5G이야기 스페셜 150GB+,사은품/페이백,"네이버페이 5,000원",,,5000,,False,,,,https://www.moyoplan.com/plans/15079
33937,KT,TOP 7GB 기본 (밀리의서재),OTT/구독,밀리의서재 평생 무료 구독권,밀리의서재,,,,False,,,,https://www.moyoplan.com/plans/33937
33937,KT,TOP 7GB 기본 (밀리의서재),추가데이터,솔로결합(+5GB),,,,,False,,,,https://www.moyoplan.com/plans/33937
33937,KT,TOP 7GB 기본 (밀리의서재),사은품/페이백,"3대 마트 상품권, 네이버페이 2만원",,,20000,,False,,KT바로유심,시기: 바로유심/바로배송유심 구매・개통 후 7개월 회선유지시,https://www.moyoplan.com/plans/33937
33937,KT,TOP 7GB 기본 (밀리의서재),추가데이터,데이터 10GB 추가 제공(24개월간),,,,,False,,,,https://www.moyoplan.com/plans/33937
30955,KT,[모요only] [K] 핀다이렉트Z 7GB+(네이버페이) _PIN,사은품/페이백,네이버페이 매달 5천원 페이백 (평생),,,5000,,False,,,,https://www.moyoplan.com/plans/30955
30955,KT,[모요only] [K] 핀다이렉트Z 7GB+(네이버페이) _PIN,사은품/페이백,"네이버페이 5,000P 매월 평생 제공",,,,,False,,,,https://www.moyoplan.com/plans/30955
30955,KT,[모요only] [K] 핀다이렉트Z 7GB+(네이버페이) _PIN,사은품/페이백,"네이버페이, 마트 상품권 2만원",,,20000,,False,,KT바로유심,,https://www.moyoplan.com/plans/30955
30955,KT,[모요only] [K] 핀다이렉트Z 7GB+(네이버페이) _PIN,사은품/페이백,데이터 로밍 3일 무료 쿠폰,,,,,False,,,,https://www.moyoplan.com/plans/30955
30955,KT,[모요only] [K] 핀다이렉트Z 7GB+(네이버페이) _PIN,추가데이터,데이터 매월 10GB 추가 제공 (24개월간),,,,,False,,,,https://www.moyoplan.com/plans/30955
30955,KT,[모요only] [K] 핀다이렉트Z 7GB+(네이버페이) _PIN,추가데이터,KT 데이터 결합 (추가데이터 5GB),,,,,False,,,대상: 결합 완료,https://www.moyoplan.com/plans/30955
34304,KT,가성비플러스(30GB/350분),사은품/페이백,마트 상품권/네이버페이 1만원 증정,,,10000,,False,,KT바로유심,,https://www.moyoplan.com/plans/34304
34304,KT,가성비플러스(30GB/350분),사은품/페이백,마트 상품권/네이버페이 1만원 증정,,,10000,,False,,KT바로유심,,https://www.moyoplan.com/plans/34304
33073,LGU+,이지 데이터 10GB,사은품/페이백,일반유심/배송비 무료,,,,,False,,택배일반유심,,https://www.moyoplan.com/plans/33073
26837,KT,가성비플러스(20GB/350분),사은품/페이백,마트 상품권/네이버페이 1만원 증정,,,10000,,False,,KT바로유심,대상: 바로유심/바로배송유심 구매・개통 후 7개월 회선 유지한 고객 시기: 조건 달성한 달 월말,https://www.moyoplan.com/plans/26837
26837,KT,가성비플러스(20GB/350분),사은품/페이백,마트 상품권/네이버페이 1만원 증정,,,10000,,False,,KT바로유심,대상: 바로유심/바로배송유심 구매・개통 후 4개월 회선 유지한 고객 시기: 조건 달성한 달 월말,https://www.moyoplan.com/plans/26837
33936,KT,ONE 5G 20GB 300분,사은품/페이백,"3대 마트 상품권, 네이버페이 2만원",,,20000,,False,,KT바로유심,,https://www.moyoplan.com/plans/33936
31823,KT,가성비플러스(5GB/350분),사은품/페이백,3대마트 상품권/네이버페이 1만원 증정,,,10000,,False,,KT바로유심,대상: 바로유심/바로배송유심 구매・개통 후 7개월 회선 유지한 고객 시기: 조건 달성한 달 월말,https://www.moyoplan.com/plans/31823
31823,KT,가성비플러스(5GB/350분),사은품/페이백,3대마트 상품권/네이버페이 1만원 증정,,,10000,,False,,KT바로유심,대상: 바로유심/바로배송유심 구매・개통 후 4개월 회선 유지한 고객 시기: 조건 달성한 달 월말,https://www.moyoplan.com/plans/31823
31823,KT,가성비플러스(5GB/350분),사은품/페이백,마트 상품권/네이버페이 1만원 증정,,,10000,,False,,KT바로유심,대상: 바로유심/바로배송유심 구매・개통 후 7개월 회선 유지한 고객 시기: 조건 달성한 달 월말,https://www.moyoplan.com/plans/31823
31823,KT,가성비플러스(5GB/350분),사은품/페이백,마트 상품권/네이버페이 1만원 증정,,,10000,,False,,KT바로유심,대상: 바로유심/바로배송유심 구매・개통 후 4개월 회선 유지한 고객 시기: 조건 달성한 달 월말,https://www.moyoplan.com/plans/31823
23191,LGU+,슈가칩 매일5GB++,사은품/페이백,개통완료 시 유심/배송비 무료 1개,,,,,False,,,,https://www.moyoplan.com/plans/23191
34897,KT,이야기K 데이터 11GB+(후후안심),사은품/페이백,"네이버페이, 3대 마트 상품권 2만원",,,20000,,False,,KT바로유심,,https://www.moyoplan.com/plans/34897
34897,KT,이야기K 데이터 11GB+(후후안심),사은품/페이백,"네이버페이 5,000원",,,5000,,False,,,,https://www.moyoplan.com/plans/34897
31048,SKT,티플 11GB+(이디야커피),사은품/페이백,"12개월간 이디야 모바일권 5,000원권 증정",,,5000,,False,,,대상: 대상 요금제 개통한 고객 시기: 조건 달성한 달 월말,https://www.moyoplan.com/plans/31048
37147,LGU+,5G 이야기 완전 무제한 95GB+,사은품/페이백,"네이버페이 5,000원",,,5000,,False,,,,https://www.moyoplan.com/plans/37147
37147,LGU+,5G 이야기 완전 무제한 95GB+,사은품/페이백,"링키드 포인트 15,000P 지급",,,,,False,,,,https://www.moyoplan.com/plans/37147
35495,LGU+,[CHM]5G 찬스 300분/15GB,사은품/페이백,유심/배송비 무료,,,,,False,,,,https://www.moyoplan.com/plans/35495
26729,LGU+,"[모빌카드 스페셜] 통화, 데이터 마음대로 100GB+",사은품/페이백,"네이버페이 10,000원",,,10000,,False,,,대상: 이벤트 기간 내 요금제 개통 후 1개월 회선 유지한 고객 시기: 조건 달성한 달 월말,https://www.moyoplan.com/plans/26729
26729,LGU+,"[모빌카드 스페셜] 통화, 데이터 마음대로 100GB+",사은품/페이백,일반 유심/배송비 무료,,,,,False,,,대상: 대상 요금제 개통한 고객 시기: 조건 달성한 즉시,https://www.moyoplan.com/plans/26729
35279,SKT,티플북 11G+(도서문화상품권 매월 5000P),사은품/페이백,북앤라이프 5000P 도서문화상품권,,,,,False,,,대상: 대상 요금제 개통한 고객 시기: 개통 후 익월 말일부터 매월 말일,https://www.moyoplan.com/plans/35279
35808,KT,완전마음껏 100GB＋＋(밀리의서재)_18개월할인,OTT/구독,밀리의 서재 전자책 정기구독 혜택 매월 제공,밀리의서재,,,,False,,,,https://www.moyoplan.com/plans/35808
35808,KT,완전마음껏 100GB＋＋(밀리의서재)_18개월할인,사은품/페이백,마트 상품권/네이버페이 1만원 증정,,,10000,,False,,KT바로유심,,https://www.moyoplan.com/plans/35808
35808,KT,완전마음껏 100GB＋＋(밀리의서재)_18개월할인,사은품/페이백,마트 상품권/네이버페이 1만원 증정,,,10000,,False,,KT바로유심,,https://www.moyoplan.com/plans/35808
35907,KT,[모요only] 쉐이크 LTE 100GB+_웨이브,OTT/구독,웨이브(광고형) 구독권 지급 이벤트,웨이브,광고형,,,False,,,,https://www.moyoplan.com/plans/35907
35907,KT,[모요only] 쉐이크 LTE 100GB+_웨이브,사은품/페이백,매월 1천원 요금할인 (팝테일 가입·인증),,,1000,,False,,,,https://www.moyoplan.com/plans/35907
35907,KT,[모요only] 쉐이크 LTE 100GB+_웨이브,사은품/페이백,"마트상품권, 네이버페이 최대 2만원",,,20000,,False,,KT바로유심,"대상: 바로유심/바로배송유심 구매・개통 후 7개월 회선 유지 시기: 개통 후 4개월차 말일 1만원, 7개월차 말일 1만원",https://www.moyoplan.com/plans/35907
35907,KT,[모요only] 쉐이크 LTE 100GB+_웨이브,추가데이터,SOLO결합(+20GB),,,,,False,,,,https://www.moyoplan.com/plans/35907
35907,KT,[모요only] 쉐이크 LTE 100GB+_웨이브,추가데이터,데이터쿠폰 20GB,,,,,False,,,"대상: 대상 요금제 개통 후, 지급시기까지 회선 유지 시기: 3개월 단위로 총 3회 제공",https://www.moyoplan.com/plans/35907
28696,LGU+,Sugar 실속(300분/15GB),사은품/페이백,개통완료 시 유심/배송비 무료 1개,,,,,False,,,,https://www.moyoplan.com/plans/28696
32240,KT,가성비플러스(20GB/350분)_평생요금,사은품/페이백,마트 상품권/네이버페이 1만원 증정,,,10000,,False,,KT바로유심,대상: 바로유심/바로배송유심 구매・개통 후 7개월 회선 유지한 고객 시기: 조건 달성한 달 월말,https://www.moyoplan.com/plans/32240
32240,KT,가성비플러스(20GB/350분)_평생요금,사은품/페이백,마트 상품권/네이버페이 1만원 증정,,,10000,,False,,KT바로유심,대상: 바로유심/바로배송유심 구매・개통 후 4개월 회선 유지한 고객 시기: 조건 달성한 달 월말,https://www.moyoplan.com/plans/32240
36597,LGU+,[모요only] 마블링 프라임 15GB+1Mbps,사은품/페이백,일반유심/배송비 무료,,,,,False,,택배일반유심,,https://www.moyoplan.com/plans/36597
27411,SKT,티플 CGV 11GB＋,사은품/페이백,CGV 2D영화 8천원 관람권 2매,,,8000,,False,,,대상: 대상 요금제 개통 후 1개월 회선 유지한 고객 시기: 조건 달성한 달 월말,https://www.moyoplan.com/plans/27411
27411,SKT,티플 CGV 11GB＋,사은품/페이백,CGV 스몰세트 교환권,,,,,False,,,대상: 대상 요금제 개통 후 1개월 회선 유지한 고객 시기: 조건 달성한 달 월말,https://www.moyoplan.com/plans/27411
12431,KT,슬림 3GB/300분,사은품/페이백,S-머니3만원(5천원X6개월),,,30000,,False,,모요유심,"대상: 모요에서 신청한 유심 개통 후, 1개월 회선 유지한 고객 시기: 개통월 기준 다음달 말부터 매월 말 지급",https://www.moyoplan.com/plans/12431
12431,KT,슬림 3GB/300분,사은품/페이백,"3대마트상품권, 네이버페이 2만원",,,20000,,False,,KT바로유심,"대상: 바로유심/바로배송유심 구매 후 모요 개통, 1개월 유지한 고객 시기: 조건 달성한 달 월말",https://www.moyoplan.com/plans/12431
31865,KT,[모요only] 쉐이크핫딜 LTE 100GB+_모아진 전자 구독,OTT/구독,모아진(전자잡지) 무료 구독권,,,,,False,,,,https://www.moyoplan.com/plans/31865
31865,KT,[모요only] 쉐이크핫딜 LTE 100GB+_모아진 전자 구독,사은품/페이백,매월 1천원 요금할인 (팝테일 가입·인증),,,1000,,False,,,,https://www.moyoplan.com/plans/31865
31865,KT,[모요only] 쉐이크핫딜 LTE 100GB+_모아진 전자 구독,사은품/페이백,"마트상품권, 네이버페이 최대 2만원",,,20000,,False,,KT바로유심,"대상: 바로유심/바로배송유심 구매・개통 후 7개월 회선 유지 시기: 개통 후 4개월차 말일 1만원, 7개월차 말일 1만원",https://www.moyoplan.com/plans/31865
31865,KT,[모요only] 쉐이크핫딜 LTE 100GB+_모아진 전자 구독,추가데이터,SOLO결합(+20GB),,,,,False,,,,https://www.moyoplan.com/plans/31865
31865,KT,[모요only] 쉐이크핫딜 LTE 100GB+_모아진 전자 구독,추가데이터,데이터쿠폰 20GB,,,,,False,,,"대상: 대상 요금제 개통 후, 지급시기까지 회선 유지 시기: 3개월 단위로 총 3회 제공",https://www.moyoplan.com/plans/31865
26255,LGU+,[평생할인] 1GB+/통화기본,사은품/페이백,12만원 혜택(매월 이마트24 5천원),,,120000,,False,,,대상: 대상 요금제 개통한 고객 시기: 가입 완료한 월의 익월 1일~말일,https://www.moyoplan.com/plans/26255
26255,LGU+,[평생할인] 1GB+/통화기본,사은품/페이백,매달 hy 금액권 1만원(12만),,,10000,,False,,,대상: 이벤트 기간 내 요금제 개통 후 지급시기까지 회선 유지한 고객 시기: 가입 익월 20일경 부터 12개월간 지급,https://www.moyoplan.com/plans/26255
36164,LGU+,코나아이데이터11G+일2G,사은품/페이백,NFC 유심 무료 제공,,,,,False,,,,https://www.moyoplan.com/plans/36164
36164,LGU+,코나아이데이터11G+일2G,사은품/페이백,4대 편의점 최대 10.1%적립,,,,,False,,,,https://www.moyoplan.com/plans/36164
33551,LGU+,실속 10GB+1Mbps,사은품/페이백,유심/배송비 무료,,,,,False,,,대상: 대상 요금제 개통한 고객 시기: 조건 달성한 즉시,https://www.moyoplan.com/plans/33551
26273,LGU+,[평생할인] 4GB/통화기본,사은품/페이백,매달 hy 금액권 1만원(12만),,,10000,,False,,,대상: 이벤트 기간 내 요금제 개통 후 지급시기까지 회선 유지한 고객 시기: 가입 익월 20일경 부터 12개월간 지급,https://www.moyoplan.com/plans/26273
20100,LGU+,"[일반] 통화, 데이터 마음대로 Pro_24개월",사은품/페이백,일반 유심/배송비 무료,,,,,False,,,,https://www.moyoplan.com/plans/20100
20572,LGU+,이야기 10GB 100분,사은품/페이백,"네이버페이 5,000원",,,5000,,False,,,대상: 대상 요금제 개통 후 개통월 내 리뷰 작성 후 1개월 회선 유지한 고객 시기: 조건 달성한 달 월말,https://www.moyoplan.com/plans/20572
32420,KT,모두 충분 15GB+(모아진),사은품/페이백,S-머니3만원(5천원X6개월),,,30000,,False,,모요유심,"대상: 모요에서 신청한 유심 개통 후, 1개월 회선 유지한 고객 시기: 개통월 기준 다음달 말부터 매월 말 지급",https://www.moyoplan.com/plans/32420
32420,KT,모두 충분 15GB+(모아진),사은품/페이백,"3대마트상품권, 네이버페이 2만원",,,20000,,False,,KT바로유심,"대상: 바로유심/바로배송유심 구매 후 모요 개통, 1개월 유지한 고객 시기: 조건 달성한 달 월말",https://www.moyoplan.com/plans/32420
37113,LGU+,[Npay 12만 기본제공] 5G 150GB+/통화기본,사은품/페이백,네이버페이 매달 5천원 페이백 (24개월),,,120000,,False,,,,https://www.moyoplan.com/plans/37113
13986,SKT,5G 함께이야기해S (200분+10GB),사은품/페이백,"네이버페이 5,000원",,,5000,,False,,,대상: 대상 요금제 개통 후 개통월 내 리뷰 작성 후 1개월 회선 유지한 고객 시기: 조건 달성한 달 월말,https://www.moyoplan.com/plans/13986
30902,KT,EG CU 무제한 100G+5(CU할인),사은품/페이백,일반유심/배송비 무료,,,,,False,,택배일반유심,대상: 대상 요금제 개통 후 일반유심을 택배로 받을래요 신청 후 개통을 완료한 고객 시기: 조건 달성한 즉시,https://www.moyoplan.com/plans/30902
18583,KT,모두 충분 11GB+(밀리의서재),OTT/구독,"밀리의서재(매월11,900원)평생 구독권",밀리의서재,,11900,,False,,,대상: 대상 요금제 개통한 고객 시기: 조건 달성한 즉시,https://www.moyoplan.com/plans/18583
18583,KT,모두 충분 11GB+(밀리의서재),사은품/페이백,S-머니6만원(1만원X6개월),,,60000,,False,,모요유심,"대상: 모요에서 신청한 유심 개통 후, 1개월 회선 유지한 고객 시기: 개통월 기준 다음달 말부터 매월 말 지급",https://www.moyoplan.com/plans/18583
18583,KT,모두 충분 11GB+(밀리의서재),사은품/페이백,"3대마트상품권, 네이버페이 2만원",,,20000,,False,,KT바로유심,"대상: 바로유심/바로배송유심 구매 후 모요 개통, 1개월 유지한 고객 시기: 조건 달성한 달 월말",https://www.moyoplan.com/plans/18583
31330,LGU+,음성 200분 6GB+,사은품/페이백,유심/배송비 무료,,,,,False,,,대상: 대상 요금제 개통한 고객 시기: 조건 달성한 즉시,https://www.moyoplan.com/plans/31330
36977,KT,5G 모두다 맘껏 110GB+(밀리의 서재 FREE),OTT/구독,밀리의 서재 평생 구독 0원,밀리의서재,,,,False,,,,https://www.moyoplan.com/plans/36977
36977,KT,5G 모두다 맘껏 110GB+(밀리의 서재 FREE),사은품/페이백,M마켓 포인트 16만원 (2만 X 8개월),,,160000,,False,,,,https://www.moyoplan.com/plans/36977
36977,KT,5G 모두다 맘껏 110GB+(밀리의 서재 FREE),사은품/페이백,삼성 자급제 이벤트 네이버페이 12만원,삼성 디바이스,,120000,,False,,,대상: 사은품 지급 시기까지 회선 유지 시기: 개통 후 2개월 말부터,https://www.moyoplan.com/plans/36977
36977,KT,5G 모두다 맘껏 110GB+(밀리의 서재 FREE),사은품/페이백,쿠팡유심 개통 시 쿠팡캐시 2만원,,,20000,,False,,쿠팡유심,"대상: 쿠팡 유심 구매·개통 후 혜택 지급까지 유지 시기: 1만원(4개월차), 1만원(7개월차)",https://www.moyoplan.com/plans/36977
36977,KT,5G 모두다 맘껏 110GB+(밀리의 서재 FREE),사은품/페이백,3대 마트 + 네이버페이 포인트 2만원,,,20000,,False,,KT바로유심,"대상: 바로유심/바로배송유심 구매·개통 후 혜택 지급까지 유지 시기: 1만원(4개월차), 1만원(7개월차)",https://www.moyoplan.com/plans/36977
36977,KT,5G 모두다 맘껏 110GB+(밀리의 서재 FREE),추가데이터,아무나SOLO 결합 데이터 20GB 추가 제공,,,,,False,,,대상: 아무나SOLO 결합 완료 시기: 결합 완료 시 별도의 신청 없이 즉시,https://www.moyoplan.com/plans/36977
25700,KT,이야기K 데이터 11GB+(밀리의서재),사은품/페이백,"네이버페이, 3대 마트 상품권 2만원",,,20000,,False,,KT바로유심,"대상: 대상 요금제 개통 후 바로유심/바로배송유심 구매・개통 후 7개월 회선 유지한 고객 시기: 개통 후 4개월차 말일 1만원, 7개월차 말일 1만원",https://www.moyoplan.com/plans/25700
25700,KT,이야기K 데이터 11GB+(밀리의서재),사은품/페이백,"네이버페이 5,000원",,,5000,,False,,,대상: 대상 요금제 개통 후 개통월 내 리뷰 작성 후 1개월 회선 유지한 고객 시기: 조건 달성한 달 월말,https://www.moyoplan.com/plans/25700
34816,LGU+,음성기본,사은품/페이백,유심/배송비 무료,,,,,False,,,,https://www.moyoplan.com/plans/34816
31831,LGU+,"[모요 전용] 통화, 데이터 마음대로 100GB+",사은품/페이백,"네이버페이 10,000원",,,10000,,False,,,대상: 이벤트 기간 내 요금제 개통 후 1개월 회선 유지한 고객 시기: 조건 달성한 달 월말,https://www.moyoplan.com/plans/31831
29033,SKT,티플 올리브영 11GB+(매월 5000P),사은품/페이백,"올리브영 12개월간 매월 5,000원 상품권",,,5000,,False,,,대상: 대상 요금제 개통 후 1개월 회선 유지한 고객 시기: 조건 달성한 달 월말,https://www.moyoplan.com/plans/29033
31049,SKT,티플 100GB+(이디야커피),사은품/페이백,"12개월간 이디야 모바일권 5,000원권 증정",,,5000,,False,,,대상: 대상 요금제 개통한 고객 시기: 조건 달성한 달 월말,https://www.moyoplan.com/plans/31049
35280,SKT,티플북 100G+(도서문화상품권 매월 5000P),사은품/페이백,북앤라이프 5000P 도서문화상품권,,,,,False,,,대상: 대상 요금제 개통한 고객 시기: 개통 후 익월 말일부터 매월 말일,https://www.moyoplan.com/plans/35280
27774,LGU+,시월 무제한 100GB+5Mbps,사은품/페이백,유심/배송비 무료!,,,,,False,,,,https://www.moyoplan.com/plans/27774
20591,SKT,티플 15GB(15GB/300분)_평생요금,사은품/페이백,쇼핑엔티 홈쇼핑 3천원 쿠폰 12개월 증정,,,3000,,False,,,"대상: 대상 요금제 개통한 고객 시기: 개통 첫달 15일/말일 , 이후 매월 초 지급",https://www.moyoplan.com/plans/20591
36341,KT,5G 가성비플러스(30GB/350분)_12개월할인,사은품/페이백,3대마트 상품권/네이버페이 1만원 증정,,,10000,,False,,KT바로유심,대상: 바로유심/바로배송유심 구매・개통 후 7개월 회선 유지한 고객 시기: 조건 달성한 달 월말,https://www.moyoplan.com/plans/36341
36341,KT,5G 가성비플러스(30GB/350분)_12개월할인,사은품/페이백,3대마트 상품권/네이버페이 1만원 증정,,,10000,,False,,KT바로유심,대상: 바로유심/바로배송유심 구매・개통 후 4개월 회선 유지한 고객 시기: 조건 달성한 달 월말,https://www.moyoplan.com/plans/36341
36341,KT,5G 가성비플러스(30GB/350분)_12개월할인,사은품/페이백,마트 상품권/네이버페이 1만원 증정,,,10000,,False,,KT바로유심,대상: 바로유심/바로배송유심 구매・개통 후 7개월 회선 유지한 고객 시기: 조건 달성한 달 월말,https://www.moyoplan.com/plans/36341
36341,KT,5G 가성비플러스(30GB/350분)_12개월할인,사은품/페이백,마트 상품권/네이버페이 1만원 증정,,,10000,,False,,KT바로유심,대상: 바로유심/바로배송유심 구매・개통 후 4개월 회선 유지한 고객 시기: 조건 달성한 달 월말,https://www.moyoplan.com/plans/36341
36166,LGU+,NH콕 이야기 7GB+,사은품/페이백,"네이버페이 5,000원",,,5000,,False,,,대상: 대상 요금제 개통 후 개통월 내 리뷰 작성 후 1개월 회선 유지한 고객 시기: 조건 달성한 달 월말,https://www.moyoplan.com/plans/36166
33935,KT,ONE 5G 15GB 300분,사은품/페이백,"3대 마트 상품권, 네이버페이 2만원",,,20000,,False,,KT바로유심,,https://www.moyoplan.com/plans/33935
10388,LGU+,5G 스페셜 유심 180GB,사은품/페이백,네이버페이 매달 2.5만원 페이백(6개월),,,150000,,False,,,,https://www.moyoplan.com/plans/10388
10388,LGU+,5G 스페셜 유심 180GB,사은품/페이백,네이버페이 1만원,,,10000,,False,,,,https://www.moyoplan.com/plans/10388
10388,LGU+,5G 스페셜 유심 180GB,사은품/페이백,갤럭시 자급제 이벤트 신세계상품권 10만원,,,100000,,False,,,,https://www.moyoplan.com/plans/10388
10388,LGU+,5G 스페셜 유심 180GB,OTT/구독,구글 AI프로+도미노피자 할인쿠폰,,,,,False,,,대상: 1개월 회선 유지 시기: 조건달성한달 5일,https://www.moyoplan.com/plans/10388
10388,LGU+,5G 스페셜 유심 180GB,추가데이터,"헬로모바일 결합시, 추가 데이터 20GB 증정",,,,,False,,,"시기: 결합일 익일 제공, 익월부터 매월 1일 제공",https://www.moyoplan.com/plans/10388
10388,LGU+,5G 스페셜 유심 180GB,OTT/구독,토스미·오픽미 AI 모의고사,,,,,False,,,대상: 혜택 지급 시점까지 회선 유지 시기: 조건달성한 달 3주차(9월 3주차),https://www.moyoplan.com/plans/10388
35889,SKT,티플 100G＋(CU멤버십＋매월 5000P),사은품/페이백,"CU 5,000P 모바일상품권 12개월 제공",,,,,False,,,대상: 대상 요금제 개통 후 1개월 회선 유지한 고객 시기: 가입 30일 충족후 31일차 발송,https://www.moyoplan.com/plans/35889
35889,SKT,티플 100G＋(CU멤버십＋매월 5000P),사은품/페이백,CU편의점 20% 할인 12개월 제공,,,,,False,,,대상: 대상 요금제 개통한 고객 시기: 조건 달성한 즉시,https://www.moyoplan.com/plans/35889
35889,SKT,티플 100G＋(CU멤버십＋매월 5000P),사은품/페이백,12개월간 CU 카테고리 20% 할인권 제공,,,,,False,,,대상: 대상 요금제 개통한 고객 시기: 조건 달성한 즉시,https://www.moyoplan.com/plans/35889
27412,SKT,티플 CGV 100GB＋,사은품/페이백,CGV 2D영화 8천원 관람권 2매,,,8000,,False,,,대상: 대상 요금제 개통 후 1개월 회선 유지한 고객 시기: 조건 달성한 달 월말,https://www.moyoplan.com/plans/27412
27412,SKT,티플 CGV 100GB＋,사은품/페이백,CGV 스몰세트 교환권,,,,,False,,,대상: 대상 요금제 개통 후 1개월 회선 유지한 고객 시기: 조건 달성한 달 월말,https://www.moyoplan.com/plans/27412
34867,LGU+,두해 100분15GB+,사은품/페이백,유심/배송비 무료!,,,,,False,,,,https://www.moyoplan.com/plans/34867
26875,LGU+,[CHM] 음성 200분 5GB,사은품/페이백,유심/배송비 무료,,,,,False,,,대상: 대상 요금제 개통한 고객 시기: 조건 달성한 즉시,https://www.moyoplan.com/plans/26875
36639,LGU+,이야기 라이트 100분6GB+,사은품/페이백,"네이버페이 5,000원",,,5000,,False,,,대상: 대상 요금제 개통 후 개통월 내 리뷰 작성 후 1개월 회선 유지한 고객 시기: 조건 달성한 달 월말,https://www.moyoplan.com/plans/36639
36639,LGU+,이야기 라이트 100분6GB+,사은품/페이백,네이버페이 5천원,,,5000,,False,,,대상: 대상 요금제 개통한 고객 시기: 10월 28일경 지급,https://www.moyoplan.com/plans/36639
26838,KT,가성비플러스(6GB/350분),사은품/페이백,3대마트 상품권/네이버페이 1만원 증정,,,10000,,False,,KT바로유심,대상: 바로유심/바로배송유심 구매・개통 후 7개월 회선 유지한 고객 시기: 조건 달성한 달 월말,https://www.moyoplan.com/plans/26838
26838,KT,가성비플러스(6GB/350분),사은품/페이백,3대마트 상품권/네이버페이 1만원 증정,,,10000,,False,,KT바로유심,대상: 바로유심/바로배송유심 구매・개통 후 4개월 회선 유지한 고객 시기: 조건 달성한 달 월말,https://www.moyoplan.com/plans/26838
26838,KT,가성비플러스(6GB/350분),사은품/페이백,마트 상품권/네이버페이 1만원 증정,,,10000,,False,,KT바로유심,대상: 바로유심/바로배송유심 구매・개통 후 7개월 회선 유지한 고객 시기: 조건 달성한 달 월말,https://www.moyoplan.com/plans/26838
26838,KT,가성비플러스(6GB/350분),사은품/페이백,마트 상품권/네이버페이 1만원 증정,,,10000,,False,,KT바로유심,대상: 바로유심/바로배송유심 구매・개통 후 4개월 회선 유지한 고객 시기: 조건 달성한 달 월말,https://www.moyoplan.com/plans/26838
36609,KT,티플 100G＋(컬쳐랜드),사은품/페이백,마트 상품권/네이버페이 1만원 증정,,,10000,,False,,KT바로유심,,https://www.moyoplan.com/plans/36609
36609,KT,티플 100G＋(컬쳐랜드),사은품/페이백,마트 상품권/네이버페이 1만원 증정,,,10000,,False,,KT바로유심,,https://www.moyoplan.com/plans/36609
36609,KT,티플 100G＋(컬쳐랜드),사은품/페이백,"컬쳐랜드 모바일 문화상품권 5,000P 제공",,,,,False,,,,https://www.moyoplan.com/plans/36609
36171,KT,이야기 K 데이터 100GB+(밀리의서재),사은품/페이백,"네이버페이, 3대 마트 상품권 2만원",,,20000,,False,,KT바로유심,,https://www.moyoplan.com/plans/36171
36171,KT,이야기 K 데이터 100GB+(밀리의서재),사은품/페이백,"네이버페이 5,000원",,,5000,,False,,,,https://www.moyoplan.com/plans/36171
29236,LGU+,이야기 데이터 FREE 15GB,사은품/페이백,"네이버페이 5,000원",,,5000,,False,,,,https://www.moyoplan.com/plans/29236
34880,LGU+,두해 통화기본매일5GB+,사은품/페이백,유심/배송비 무료!,,,,,False,,,,https://www.moyoplan.com/plans/34880
36682,LGU+,5G 슈가통화마음대로 125GB++,사은품/페이백,개통완료 시 유심/배송비 무료 1개,,,,,False,,,,https://www.moyoplan.com/plans/36682
13972,SKT,함께이야기해S(100분+10GB),사은품/페이백,"네이버페이 5,000원",,,5000,,False,,,,https://www.moyoplan.com/plans/13972
13972,SKT,함께이야기해S(100분+10GB),사은품/페이백,"링키드 포인트 15,000P 지급",,,,,False,,,,https://www.moyoplan.com/plans/13972
11200,LGU+,DATA 걱정없는 유심 1GB,사은품/페이백,네이버페이 매달 5천원 페이백(6개월),,,30000,,False,,,,https://www.moyoplan.com/plans/11200
11200,LGU+,DATA 걱정없는 유심 1GB,사은품/페이백,프레딧 쿠폰 2만원(5천원*4개월),,,20000,,False,,,,https://www.moyoplan.com/plans/11200
11200,LGU+,DATA 걱정없는 유심 1GB,OTT/구독,구글 AI프로+도미노피자 할인쿠폰,,,,,False,,,,https://www.moyoplan.com/plans/11200
11200,LGU+,DATA 걱정없는 유심 1GB,OTT/구독,토스미·오픽미 AI 모의고사,,,,,False,,,,https://www.moyoplan.com/plans/11200
17399,KT,무제한일 5GB + 5Mbps,사은품/페이백,"마트상품권, 네이버페이 최대 2만원",,,20000,,False,,KT바로유심,,https://www.moyoplan.com/plans/17399
17399,KT,무제한일 5GB + 5Mbps,추가데이터,추가데이터 20GB 제공,,,,,False,,,,https://www.moyoplan.com/plans/17399
17399,KT,무제한일 5GB + 5Mbps,사은품/페이백,KT유심&배송비 무료,,,,,False,,,,https://www.moyoplan.com/plans/17399
24004,SKT,티플 위드유 100GB＋(G car),사은품/페이백,롯데렌터카 연간 패스 이용권,,,,,False,,,"대상: 대상 요금제 개통한 고객 시기: 개통 첫달 15일/말일 , 이후 매월 초 지급",https://www.moyoplan.com/plans/24004
10385,LGU+,보편 유심 5GB 200분,사은품/페이백,네이버페이 매달 5천원 페이백(6개월),,,30000,,False,,,,https://www.moyoplan.com/plans/10385
10385,LGU+,보편 유심 5GB 200분,사은품/페이백,프레딧 쿠폰 2만원(5천원*4개월),,,20000,,False,,,,https://www.moyoplan.com/plans/10385
10385,LGU+,보편 유심 5GB 200분,OTT/구독,구글 AI프로+도미노피자 할인쿠폰,,,,,False,,,,https://www.moyoplan.com/plans/10385
10385,LGU+,보편 유심 5GB 200분,OTT/구독,토스미·오픽미 AI 모의고사,,,,,False,,,,https://www.moyoplan.com/plans/10385
33518,KT,TOP 10GB 기본 (밀리의서재),OTT/구독,밀리의서재 평생 무료 구독권,밀리의서재,,,,False,,,,https://www.moyoplan.com/plans/33518
33518,KT,TOP 10GB 기본 (밀리의서재),추가데이터,솔로결합(+10GB),,,,,False,,,,https://www.moyoplan.com/plans/33518
33518,KT,TOP 10GB 기본 (밀리의서재),사은품/페이백,"3대 마트 상품권, 네이버페이 2만원",,,20000,,False,,KT바로유심,시기: 바로유심/바로배송유심 구매・개통 후 7개월 회선유지시,https://www.moyoplan.com/plans/33518
33518,KT,TOP 10GB 기본 (밀리의서재),추가데이터,데이터 10GB 추가 제공(24개월간),,,,,False,,,,https://www.moyoplan.com/plans/33518
20322,SKT,함께이야기해S(300분+15GB),사은품/페이백,"네이버페이 5,000원",,,5000,,False,,,,https://www.moyoplan.com/plans/20322
24013,KT,[모요only] LTE 무제한 11GB+3M(CU20%할인),사은품/페이백,"3대 마트 상품권, 네이버페이 2만원",,,20000,,False,,KT바로유심,"대상: 바로유심/바로배송유심 구매・개통 후 7개월 회선 유지한 고객 시기: 개통 후 4개월차 중순 1만원, 7개월차 중순 1만원",https://www.moyoplan.com/plans/24013
24013,KT,[모요only] LTE 무제한 11GB+3M(CU20%할인),사은품/페이백,CU 20% 오프라인 결제할인,,,,,False,,,대상: 대상 요금제 개통한 고객 시기: 요금제 가입 후 익일에 발송,https://www.moyoplan.com/plans/24013
24013,KT,[모요only] LTE 무제한 11GB+3M(CU20%할인),추가데이터,추가데이터 20GB 제공,,,,,False,,,대상: 대상 요금제 개통 후 고고모바일 사용자 간 결합한 고객 시기: 조건 달성한 즉시,https://www.moyoplan.com/plans/24013
24013,KT,[모요only] LTE 무제한 11GB+3M(CU20%할인),사은품/페이백,KT유심&배송비 무료,,,,,False,,,대상: 대상 요금제 개통한 고객 시기: 조건 달성한 즉시,https://www.moyoplan.com/plans/24013
30830,LGU+,[모요only] 마블링 프라임 7GB+1Mbps,사은품/페이백,일반유심/배송비 무료,,,,,False,,택배일반유심,,https://www.moyoplan.com/plans/30830
21269,KT,모두 충분 100GB+(CU),사은품/페이백,S-머니6만원(1만원X6개월),,,60000,,False,,모요유심,"대상: 모요에서 신청한 유심 개통 후, 1개월 회선 유지한 고객 시기: 개통월 기준 다음달 말부터 매월 말 지급",https://www.moyoplan.com/plans/21269
21269,KT,모두 충분 100GB+(CU),사은품/페이백,CU 연간 6만원 할인 평생 제공,,,60000,,False,,,대상: 대상 요금제 개통한 고객 시기: 조건 달성한 즉시,https://www.moyoplan.com/plans/21269
21269,KT,모두 충분 100GB+(CU),사은품/페이백,"3대마트상품권, 네이버페이 2만원",,,20000,,False,,KT바로유심,"대상: 바로유심/바로배송유심 구매 후 모요 개통, 1개월 유지한 고객 시기: 조건 달성한 달 월말",https://www.moyoplan.com/plans/21269
29058,LGU+,[일반] 데이터 마음대로 (4.5GB+/200분)_12개월,사은품/페이백,일반 유심/배송비 무료,,,,,False,,,,https://www.moyoplan.com/plans/29058
33069,LGU+,이지 데이터 4.5GB,사은품/페이백,일반유심/배송비 무료,,,,,False,,택배일반유심,,https://www.moyoplan.com/plans/33069
29287,LGU+,이야기 완전 FREE 7GB,사은품/페이백,네이버페이 매달 2천원 페이백 (7개월),,,14000,,False,,,,https://www.moyoplan.com/plans/29287
29287,LGU+,이야기 완전 FREE 7GB,사은품/페이백,"네이버페이 5,000원",,,5000,,False,,,,https://www.moyoplan.com/plans/29287
35525,LGU+,5G_LOCAL_기본95G안심3,사은품/페이백,NFC 유심 무료 제공,,,,,False,,,,https://www.moyoplan.com/plans/35525
35525,LGU+,5G_LOCAL_기본95G안심3,사은품/페이백,4대 편의점 최대 10.1%적립,,,,,False,,,,https://www.moyoplan.com/plans/35525
26357,LGU+,"[평생할인] 통화, 데이터 마음대로 11GB+",사은품/페이백,일반 유심/배송비 무료,,,,,False,,,,https://www.moyoplan.com/plans/26357
33072,LGU+,이지 데이터 8GB,사은품/페이백,일반유심/배송비 무료,,,,,False,,택배일반유심,,https://www.moyoplan.com/plans/33072
33083,KT,모두 충분 15GB+(지니뮤직),사은품/페이백,S-머니3만원(5천원X6개월),,,30000,,False,,모요유심,"대상: 모요에서 신청한 유심 개통 후, 1개월 회선 유지한 고객 시기: 개통월 기준 다음달 말부터 매월 말 지급",https://www.moyoplan.com/plans/33083
33083,KT,모두 충분 15GB+(지니뮤직),사은품/페이백,"3대마트상품권, 네이버페이 2만원",,,20000,,False,,KT바로유심,"대상: 바로유심/바로배송유심 구매 후 모요 개통, 1개월 유지한 고객 시기: 조건 달성한 달 월말",https://www.moyoplan.com/plans/33083
19030,SKT,[S] 핀다이렉트Z Light,추가데이터,SKT 데이터 결합 (추가데이터 10GB),,,,,False,,,,https://www.moyoplan.com/plans/19030
33519,KT,TOP 10GB 기본 (CU할인),추가데이터,솔로결합(+10GB),,,,,False,,,,https://www.moyoplan.com/plans/33519
33519,KT,TOP 10GB 기본 (CU할인),사은품/페이백,"3대 마트 상품권, 네이버페이 2만원",,,20000,,False,,KT바로유심,,https://www.moyoplan.com/plans/33519
33519,KT,TOP 10GB 기본 (CU할인),사은품/페이백,CU 20% 오프라인 결제할인,,,,,False,,,,https://www.moyoplan.com/plans/33519
33519,KT,TOP 10GB 기본 (CU할인),추가데이터,데이터 10GB 추가 제공(24개월간),,,,,False,,,,https://www.moyoplan.com/plans/33519
25701,KT,이야기K 데이터 11GB+(CU할인),사은품/페이백,"네이버페이, 3대 마트 상품권 2만원",,,20000,,False,,KT바로유심,"대상: 대상 요금제 개통 후 바로유심/바로배송유심 구매・개통 후 7개월 회선 유지한 고객 시기: 개통 후 4개월차 말일 1만원, 7개월차 말일 1만원",https://www.moyoplan.com/plans/25701
25701,KT,이야기K 데이터 11GB+(CU할인),사은품/페이백,"네이버페이 5,000원",,,5000,,False,,,대상: 대상 요금제 개통 후 개통월 내 리뷰 작성 후 1개월 회선 유지한 고객 시기: 조건 달성한 달 월말,https://www.moyoplan.com/plans/25701
33128,KT,5G 가성비플러스(25GB/350분),사은품/페이백,3대마트 상품권/네이버페이 1만원 증정,,,10000,,False,,KT바로유심,대상: 바로유심/바로배송유심 구매・개통 후 7개월 회선 유지한 고객 시기: 조건 달성한 달 월말,https://www.moyoplan.com/plans/33128
33128,KT,5G 가성비플러스(25GB/350분),사은품/페이백,3대마트 상품권/네이버페이 1만원 증정,,,10000,,False,,KT바로유심,대상: 바로유심/바로배송유심 구매・개통 후 4개월 회선 유지한 고객 시기: 조건 달성한 달 월말,https://www.moyoplan.com/plans/33128
33128,KT,5G 가성비플러스(25GB/350분),사은품/페이백,마트 상품권/네이버페이 1만원 증정,,,10000,,False,,KT바로유심,대상: 바로유심/바로배송유심 구매・개통 후 7개월 회선 유지한 고객 시기: 조건 달성한 달 월말,https://www.moyoplan.com/plans/33128
33128,KT,5G 가성비플러스(25GB/350분),사은품/페이백,마트 상품권/네이버페이 1만원 증정,,,10000,,False,,KT바로유심,대상: 바로유심/바로배송유심 구매・개통 후 4개월 회선 유지한 고객 시기: 조건 달성한 달 월말,https://www.moyoplan.com/plans/33128
29084,SKT,5G 함께이야기해S 무한 20GB,사은품/페이백,"네이버페이 5,000원",,,5000,,False,,,대상: 대상 요금제 개통 후 개통월 내 리뷰 작성 후 1개월 회선 유지한 고객 시기: 조건 달성한 달 월말,https://www.moyoplan.com/plans/29084
36683,LGU+,5G 슈가통화마음대로 150GB++,사은품/페이백,개통완료 시 유심/배송비 무료 1개,,,,,False,,,,https://www.moyoplan.com/plans/36683
32516,KT,모두 충분 7GB+(모아진),사은품/페이백,S-머니3만원(5천원X6개월),,,30000,,False,,모요유심,"대상: 모요에서 신청한 유심 개통 후, 1개월 회선 유지한 고객 시기: 개통월 기준 다음달 말부터 매월 말 지급",https://www.moyoplan.com/plans/32516
32516,KT,모두 충분 7GB+(모아진),사은품/페이백,"3대마트상품권, 네이버페이 2만원",,,20000,,False,,KT바로유심,"대상: 바로유심/바로배송유심 구매 후 모요 개통, 1개월 유지한 고객 시기: 조건 달성한 달 월말",https://www.moyoplan.com/plans/32516
10766,KT,통화 충분 1.5GB,사은품/페이백,S-머니3만원(5천원X6개월),,,30000,,False,,모요유심,"대상: 모요에서 신청한 유심 개통 후, 1개월 회선 유지한 고객 시기: 개통월 기준 다음달 말부터 매월 말 지급",https://www.moyoplan.com/plans/10766
10766,KT,통화 충분 1.5GB,사은품/페이백,"3대마트상품권, 네이버페이 2만원",,,20000,,False,,KT바로유심,"대상: 바로유심/바로배송유심 구매 후 모요 개통, 1개월 유지한 고객 시기: 조건 달성한 달 월말",https://www.moyoplan.com/plans/10766
31771,KT,[모요only] 5G 200분/12GB,사은품/페이백,"3대 마트 상품권, 네이버페이 2만원",,,20000,,False,,KT바로유심,"대상: 바로유심/바로배송유심 구매・개통 후 7개월 회선 유지한 고객 시기: 개통 후 4개월차 중순 1만원, 7개월차 중순 1만원",https://www.moyoplan.com/plans/31771
31771,KT,[모요only] 5G 200분/12GB,사은품/페이백,KT유심&배송비 무료,,,,,False,,,대상: 대상 요금제 개통한 고객 시기: 조건 달성한 즉시,https://www.moyoplan.com/plans/31771
21270,KT,모두 충분 11GB+(CU),사은품/페이백,S-머니6만원(1만원X6개월),,,60000,,False,,모요유심,"대상: 모요에서 신청한 유심 개통 후, 1개월 회선 유지한 고객 시기: 개통월 기준 다음달 말부터 매월 말 지급",https://www.moyoplan.com/plans/21270
21270,KT,모두 충분 11GB+(CU),사은품/페이백,CU 연간 6만원 할인 평생 제공,,,60000,,False,,,대상: 대상 요금제 개통한 고객 시기: 조건 달성한 즉시,https://www.moyoplan.com/plans/21270
21270,KT,모두 충분 11GB+(CU),사은품/페이백,"3대마트상품권, 네이버페이 2만원",,,20000,,False,,KT바로유심,"대상: 바로유심/바로배송유심 구매 후 모요 개통, 1개월 유지한 고객 시기: 조건 달성한 달 월말",https://www.moyoplan.com/plans/21270
11420,LGU+,보편 유심 3.5GB 150분,사은품/페이백,네이버페이 매달 5천원 페이백(6개월),,,30000,,False,,,,https://www.moyoplan.com/plans/11420
11420,LGU+,보편 유심 3.5GB 150분,사은품/페이백,프레딧 쿠폰 2만원(5천원*4개월),,,20000,,False,,,,https://www.moyoplan.com/plans/11420
11420,LGU+,보편 유심 3.5GB 150분,OTT/구독,구글 AI프로+도미노피자 할인쿠폰,,,,,False,,,,https://www.moyoplan.com/plans/11420
11420,LGU+,보편 유심 3.5GB 150분,OTT/구독,토스미·오픽미 AI 모의고사,,,,,False,,,,https://www.moyoplan.com/plans/11420
10271,KT,통화 충분 10GB,사은품/페이백,S-머니3만원(5천원X6개월),,,30000,,False,,모요유심,"대상: 모요에서 신청한 유심 개통 후, 1개월 회선 유지한 고객 시기: 개통월 기준 다음달 말부터 매월 말 지급",https://www.moyoplan.com/plans/10271
10271,KT,통화 충분 10GB,사은품/페이백,"3대마트상품권, 네이버페이 2만원",,,20000,,False,,KT바로유심,"대상: 바로유심/바로배송유심 구매 후 모요 개통, 1개월 유지한 고객 시기: 조건 달성한 달 월말",https://www.moyoplan.com/plans/10271
36338,LGU+,모나300분4.5G안심1,사은품/페이백,NFC 유심 무료 제공,,,,,False,,,대상: 대상 요금제 개통한 고객 시기: 개통즉시,https://www.moyoplan.com/plans/36338
36338,LGU+,모나300분4.5G안심1,사은품/페이백,4대 편의점 최대 10.1%적립,,,,,False,,,대상: 대상 요금제 개통 후 멤버십카드 등록한 고객 시기: 개통즉시,https://www.moyoplan.com/plans/36338
35888,SKT,티플 11G＋(CU멤버십＋매월 5000P),사은품/페이백,"CU 5,000P 모바일상품권 12개월 제공",,,,,False,,,대상: 대상 요금제 개통 후 1개월 회선 유지한 고객 시기: 가입 30일 충족후 31일차 발송,https://www.moyoplan.com/plans/35888
35888,SKT,티플 11G＋(CU멤버십＋매월 5000P),사은품/페이백,CU편의점 20% 할인 12개월 제공,,,,,False,,,대상: 대상 요금제 개통한 고객 시기: 조건 달성한 즉시,https://www.moyoplan.com/plans/35888
35888,SKT,티플 11G＋(CU멤버십＋매월 5000P),사은품/페이백,12개월간 CU 카테고리 20% 할인권 제공,,,,,False,,,대상: 대상 요금제 개통한 고객 시기: 조건 달성한 즉시,https://www.moyoplan.com/plans/35888
30866,LGU+,이지 무한 100GB+5,사은품/페이백,일반유심/배송비 무료,,,,,False,,택배일반유심,,https://www.moyoplan.com/plans/30866
36246,KT,TOP 11GB 기본 (쿠팡캐시),추가데이터,솔로결합(+20GB),,,,,False,,,대상: 솔로결합 대상 요금제를 개통하고 '솔로결합'을 신청한 고객 시기: 조건 달성한 즉시,https://www.moyoplan.com/plans/36246
36246,KT,TOP 11GB 기본 (쿠팡캐시),사은품/페이백,"3대 마트 상품권, 네이버페이 2만원",,,20000,,False,,KT바로유심,대상: 대상 요금제 개통한 고객 시기: 바로유심/바로배송유심 구매・개통 후 7개월 회선유지시,https://www.moyoplan.com/plans/36246
36246,KT,TOP 11GB 기본 (쿠팡캐시),사은품/페이백,"쿠팡캐시 5,000원",,,5000,,False,,,"대상: 대상 요금제 개통한 고객 시기: 실 사용일수 30일 충족시, 31일차에 지급",https://www.moyoplan.com/plans/36246
23406,LGU+,NA알뜰11G+일2G+3Mbps,사은품/페이백,NFC 유심 무료 제공,,,,,False,,,,https://www.moyoplan.com/plans/23406
23406,LGU+,NA알뜰11G+일2G+3Mbps,사은품/페이백,4대 편의점 최대 10.1%적립,,,,,False,,,,https://www.moyoplan.com/plans/23406
23117,KT,모두 충분 7GB+(후후안심),사은품/페이백,S-머니3만원(5천원X6개월),,,30000,,False,,모요유심,"대상: 모요에서 신청한 유심 개통 후, 1개월 회선 유지한 고객 시기: 개통월 기준 다음달 말부터 매월 말 지급",https://www.moyoplan.com/plans/23117
23117,KT,모두 충분 7GB+(후후안심),사은품/페이백,"3대마트상품권, 네이버페이 2만원",,,20000,,False,,KT바로유심,"대상: 바로유심/바로배송유심 구매 후 모요 개통, 1개월 유지한 고객 시기: 조건 달성한 달 월말",https://www.moyoplan.com/plans/23117
35893,KT,티플 100G＋(웨이브),OTT/구독,웨이브 광고형 스탠다드 무료 이용권 매월 제공,웨이브,광고형 스탠다드,,,False,,,,https://www.moyoplan.com/plans/35893
35893,KT,티플 100G＋(웨이브),사은품/페이백,마트 상품권/네이버페이 1만원 증정,,,10000,,False,,KT바로유심,,https://www.moyoplan.com/plans/35893
35893,KT,티플 100G＋(웨이브),사은품/페이백,마트 상품권/네이버페이 1만원 증정,,,10000,,False,,KT바로유심,,https://www.moyoplan.com/plans/35893
25358,KT,KT 11GB+ (밀리의서재+올리브영 매월 5천원 상품권!),OTT/구독,밀리의 서재 전자책 정기구독 혜택 매월 제공,밀리의서재,,,,False,,,대상: 대상 요금제 개통한 고객 시기: 조건 달성한 즉시,https://www.moyoplan.com/plans/25358
25358,KT,KT 11GB+ (밀리의서재+올리브영 매월 5천원 상품권!),사은품/페이백,3대마트 상품권/네이버페이 1만원 증정,,,10000,,False,,KT바로유심,대상: 바로유심/바로배송유심 구매・개통 후 7개월 회선 유지한 고객 시기: 조건 달성한 달 월말,https://www.moyoplan.com/plans/25358
25358,KT,KT 11GB+ (밀리의서재+올리브영 매월 5천원 상품권!),사은품/페이백,3대마트 상품권/네이버페이 1만원 증정,,,10000,,False,,KT바로유심,대상: 바로유심/바로배송유심 구매・개통 후 4개월 회선 유지한 고객 시기: 조건 달성한 달 월말,https://www.moyoplan.com/plans/25358
25358,KT,KT 11GB+ (밀리의서재+올리브영 매월 5천원 상품권!),사은품/페이백,마트 상품권/네이버페이 1만원 증정,,,10000,,False,,KT바로유심,대상: 바로유심/바로배송유심 구매・개통 후 7개월 회선 유지한 고객 시기: 조건 달성한 달 월말,https://www.moyoplan.com/plans/25358
25358,KT,KT 11GB+ (밀리의서재+올리브영 매월 5천원 상품권!),사은품/페이백,마트 상품권/네이버페이 1만원 증정,,,10000,,False,,KT바로유심,대상: 바로유심/바로배송유심 구매・개통 후 4개월 회선 유지한 고객 시기: 조건 달성한 달 월말,https://www.moyoplan.com/plans/25358
25358,KT,KT 11GB+ (밀리의서재+올리브영 매월 5천원 상품권!),사은품/페이백,"올리브영 12개월간 매월 5,000원 상품권",,,5000,,False,,,대상: 대상 요금제 개통 후 1개월 회선 유지한 고객 시기: 조건 달성한 달 월말,https://www.moyoplan.com/plans/25358
18586,KT,모두 충분 11GB+(Pay_5000),사은품/페이백,S-머니6만원(1만원X6개월),,,60000,,False,,모요유심,"대상: 모요에서 신청한 유심 개통 후, 1개월 회선 유지한 고객 시기: 개통월 기준 다음달 말부터 매월 말 지급",https://www.moyoplan.com/plans/18586
18586,KT,모두 충분 11GB+(Pay_5000),사은품/페이백,"3대마트상품권, 네이버페이 2만원",,,20000,,False,,KT바로유심,"대상: 바로유심/바로배송유심 구매 후 모요 개통, 1개월 유지한 고객 시기: 조건 달성한 달 월말",https://www.moyoplan.com/plans/18586
34381,LGU+,[모요only] 알찬 100분 15GB+3Mbps,사은품/페이백,유심/배송비 무료,,,,,False,,,,https://www.moyoplan.com/plans/34381
29086,SKT,5G 함께이야기해S 무한 15GB,사은품/페이백,"네이버페이 5,000원",,,5000,,False,,,대상: 대상 요금제 개통 후 개통월 내 리뷰 작성 후 1개월 회선 유지한 고객 시기: 조건 달성한 달 월말,https://www.moyoplan.com/plans/29086
36608,KT,티플 100G＋(쿠팡캐시),사은품/페이백,"쿠팡캐시 5,000P x 매월 제공",,,,,False,,,,https://www.moyoplan.com/plans/36608
36608,KT,티플 100G＋(쿠팡캐시),사은품/페이백,마트 상품권/네이버페이 1만원 증정,,,10000,,False,,KT바로유심,,https://www.moyoplan.com/plans/36608
36608,KT,티플 100G＋(쿠팡캐시),사은품/페이백,마트 상품권/네이버페이 1만원 증정,,,10000,,False,,KT바로유심,,https://www.moyoplan.com/plans/36608
34865,LGU+,두해 통화기본10GB+,사은품/페이백,유심/배송비 무료!,,,,,False,,,대상: 대상 요금제 개통한 고객 시기: 개통 즉시,https://www.moyoplan.com/plans/34865
30860,KT,EG 무제한 일5G+5,사은품/페이백,일반유심/배송비 무료,,,,,False,,택배일반유심,,https://www.moyoplan.com/plans/30860
36215,LGU+,[평생할인] 데이터 마음대로 (10GB+/100분),사은품/페이백,일반 유심/배송비 무료,,,,,False,,,대상: 대상 요금제 개통한 고객 시기: 조건 달성한 즉시,https://www.moyoplan.com/plans/36215
33126,KT,5G 가성비플러스(6GB/350분),사은품/페이백,마트 상품권/네이버페이 1만원 증정,,,10000,,False,,KT바로유심,대상: 바로유심/바로배송유심 구매・개통 후 7개월 회선 유지한 고객 시기: 조건 달성한 달 월말,https://www.moyoplan.com/plans/33126
33126,KT,5G 가성비플러스(6GB/350분),사은품/페이백,마트 상품권/네이버페이 1만원 증정,,,10000,,False,,KT바로유심,대상: 바로유심/바로배송유심 구매・개통 후 4개월 회선 유지한 고객 시기: 조건 달성한 달 월말,https://www.moyoplan.com/plans/33126
36681,LGU+,5G 슈가통화마음대로 95GB+,사은품/페이백,개통완료 시 유심/배송비 무료 1개,,,,,False,,,,https://www.moyoplan.com/plans/36681
9629,KT,데이터 충분 15GB+/300분,사은품/페이백,S-머니3만원(5천원X6개월),,,30000,,False,,모요유심,"대상: 모요에서 신청한 유심 개통 후, 1개월 회선 유지한 고객 시기: 개통월 기준 다음달 말부터 매월 말 지급",https://www.moyoplan.com/plans/9629
9629,KT,데이터 충분 15GB+/300분,사은품/페이백,"3대마트상품권, 네이버페이 2만원",,,20000,,False,,KT바로유심,"대상: 바로유심/바로배송유심 구매 후 모요 개통, 1개월 유지한 고객 시기: 조건 달성한 달 월말",https://www.moyoplan.com/plans/9629
18587,KT,모두 충분 100GB+(웨이브),사은품/페이백,S-머니6만원(1만원X6개월),,,60000,,False,,모요유심,"대상: 모요에서 신청한 유심 개통 후, 1개월 회선 유지한 고객 시기: 개통월 기준 다음달 말부터 매월 말 지급",https://www.moyoplan.com/plans/18587
18587,KT,모두 충분 100GB+(웨이브),사은품/페이백,"3대마트상품권, 네이버페이 2만원",,,20000,,False,,KT바로유심,"대상: 바로유심/바로배송유심 구매 후 모요 개통, 1개월 유지한 고객 시기: 조건 달성한 달 월말",https://www.moyoplan.com/plans/18587
35835,KT,[모요only] [K] 핀다이렉트Z Light(12) _PIN,사은품/페이백,"네이버페이, 마트 상품권 2만원",,,20000,,False,,KT바로유심,,https://www.moyoplan.com/plans/35835
35835,KT,[모요only] [K] 핀다이렉트Z Light(12) _PIN,사은품/페이백,데이터 로밍 3일 무료 쿠폰,,,,,False,,,,https://www.moyoplan.com/plans/35835
35835,KT,[모요only] [K] 핀다이렉트Z Light(12) _PIN,추가데이터,KT 데이터 결합 (추가데이터 10GB),,,,,False,,,,https://www.moyoplan.com/plans/35835
33931,KT,ONE 5G 12GB 100분,사은품/페이백,"3대 마트 상품권, 네이버페이 2만원",,,20000,,False,,KT바로유심,,https://www.moyoplan.com/plans/33931
10898,SKT,내맘대로S(100+10GB),사은품/페이백,"네이버페이 5,000원",,,5000,,False,,,대상: 대상 요금제 개통 후 개통월 내 리뷰 작성 후 1개월 회선 유지한 고객 시기: 조건 달성한 달 월말,https://www.moyoplan.com/plans/10898
33531,KT,TOP 100GB 기본 (밀리의서재),OTT/구독,밀리의서재 평생 무료 구독권,밀리의서재,,,,False,,,대상: 대상 요금제 개통한 고객 시기: 조건 달성한 즉시,https://www.moyoplan.com/plans/33531
33531,KT,TOP 100GB 기본 (밀리의서재),추가데이터,솔로결합(+20GB),,,,,False,,,대상: 솔로결합 대상 요금제를 개통하고 '솔로결합'을 신청한 고객 시기: 조건 달성한 즉시,https://www.moyoplan.com/plans/33531
33531,KT,TOP 100GB 기본 (밀리의서재),사은품/페이백,"3대 마트 상품권, 네이버페이 2만원",,,20000,,False,,KT바로유심,대상: 대상 요금제 개통한 고객 시기: 바로유심/바로배송유심 구매・개통 후 7개월 회선유지시,https://www.moyoplan.com/plans/33531
23408,LGU+,NA알뜰매일5GB+5Mbps,사은품/페이백,NFC 유심 무료 제공,,,,,False,,,,https://www.moyoplan.com/plans/23408
23408,LGU+,NA알뜰매일5GB+5Mbps,사은품/페이백,4대 편의점 최대 10.1%적립,,,,,False,,,,https://www.moyoplan.com/plans/23408
28699,LGU+,MANIA 통화무제한 100GB++,사은품/페이백,개통완료 시 유심/배송비 무료 1개,,,,,False,,,,https://www.moyoplan.com/plans/28699
36686,LGU+,슈가안심차단100분1G,사은품/페이백,개통완료 시 유심/배송비 무료 1개,,,,,False,,,대상: 대상 요금제 개통한 고객 시기: 조건 달성한 즉시,https://www.moyoplan.com/plans/36686
18589,KT,모두 충분 7GB+(밀리의서재),OTT/구독,"밀리의서재(매월11,900원)평생 구독권",밀리의서재,,11900,,False,,,대상: 대상 요금제 개통한 고객 시기: 조건 달성한 즉시,https://www.moyoplan.com/plans/18589
18589,KT,모두 충분 7GB+(밀리의서재),사은품/페이백,S-머니6만원(1만원X6개월),,,60000,,False,,모요유심,"대상: 모요에서 신청한 유심 개통 후, 1개월 회선 유지한 고객 시기: 개통월 기준 다음달 말부터 매월 말 지급",https://www.moyoplan.com/plans/18589
18589,KT,모두 충분 7GB+(밀리의서재),사은품/페이백,[모요 단독] N페이 1만원,,,10000,,False,,모요유심,"대상: 모요에서 신청한 유심 개통 후, 1개월 회선 유지한 고객 시기: 조건 달성한 달 월말",https://www.moyoplan.com/plans/18589
27745,LGU+,모나기본100G안심5,사은품/페이백,NFC 유심 무료 제공,,,,,False,,,,https://www.moyoplan.com/plans/27745
27745,LGU+,모나기본100G안심5,사은품/페이백,4대 편의점 최대 10.1%적립,,,,,False,,,,https://www.moyoplan.com/plans/27745
23505,LGU+,슈가칩 15GB+300분,사은품/페이백,개통완료 시 유심/배송비 무료 1개,,,,,False,,,,https://www.moyoplan.com/plans/23505
29081,SKT,함께이야기해S 무한 20GB,사은품/페이백,"네이버페이 5,000원",,,5000,,False,,,대상: 대상 요금제 개통 후 개통월 내 리뷰 작성 후 1개월 회선 유지한 고객 시기: 조건 달성한 달 월말,https://www.moyoplan.com/plans/29081
35912,LGU+,Sugar 10GB+1Mbps(R),사은품/페이백,개통완료 시 유심/배송비 무료 1개,,,,,False,,,,https://www.moyoplan.com/plans/35912
30900,KT,EG CU 무제한 11G+3(CU할인),사은품/페이백,일반유심/배송비 무료,,,,,False,,택배일반유심,대상: 대상 요금제 개통 후 일반유심을 택배로 받을래요 신청 후 개통을 완료한 고객 시기: 조건 달성한 즉시,https://www.moyoplan.com/plans/30900
18584,KT,모두 충분 100GB+(밀리의서재),OTT/구독,"밀리의서재(매월11,900원)평생 구독권",밀리의서재,,11900,,False,,,대상: 대상 요금제 개통한 고객 시기: 조건 달성한 즉시,https://www.moyoplan.com/plans/18584
18584,KT,모두 충분 100GB+(밀리의서재),사은품/페이백,S-머니6만원(1만원X6개월),,,60000,,False,,모요유심,"대상: 모요에서 신청한 유심 개통 후, 1개월 회선 유지한 고객 시기: 개통월 기준 다음달 말부터 매월 말 지급",https://www.moyoplan.com/plans/18584
18584,KT,모두 충분 100GB+(밀리의서재),사은품/페이백,"3대마트상품권, 네이버페이 2만원",,,20000,,False,,KT바로유심,"대상: 바로유심/바로배송유심 구매 후 모요 개통, 1개월 유지한 고객 시기: 조건 달성한 달 월말",https://www.moyoplan.com/plans/18584
27453,LGU+,Sugar 데이터안심 매일5GB++,사은품/페이백,개통완료 시 유심/배송비 무료 1개,,,,,False,,,,https://www.moyoplan.com/plans/27453
13988,SKT,5G 함께이야기해S (200분+20GB),사은품/페이백,"네이버페이 5,000원",,,5000,,False,,,대상: 대상 요금제 개통 후 개통월 내 리뷰 작성 후 1개월 회선 유지한 고객 시기: 조건 달성한 달 월말,https://www.moyoplan.com/plans/13988
20022,KT,5G무제한 110GB+5M(밀리의서재 매월 무료),OTT/구독,"밀리의 서재 구독권(11,900원 상당) 제공",밀리의서재,,11900,,False,,,대상: 대상 요금제 개통한 고객 시기: 조건 달성한 즉시,https://www.moyoplan.com/plans/20022
20022,KT,5G무제한 110GB+5M(밀리의서재 매월 무료),사은품/페이백,"3대 마트 상품권, 네이버페이 2만원",,,20000,,False,,KT바로유심,"대상: 바로유심/바로배송유심 구매・개통 후 7개월 회선 유지한 고객 시기: 개통 후 4개월차 중순 1만원, 7개월차 중순 1만원",https://www.moyoplan.com/plans/20022
20022,KT,5G무제한 110GB+5M(밀리의서재 매월 무료),추가데이터,추가데이터 20GB 제공,,,,,False,,,대상: 대상 요금제 개통 후 고고모바일 사용자 간 결합한 고객 시기: 조건 달성한 즉시,https://www.moyoplan.com/plans/20022
20022,KT,5G무제한 110GB+5M(밀리의서재 매월 무료),사은품/페이백,KT유심&배송비 무료,,,,,False,,,대상: 대상 요금제 개통한 고객 시기: 조건 달성한 즉시,https://www.moyoplan.com/plans/20022
10899,SKT,내맘대로S(200+10GB),사은품/페이백,"네이버페이 5,000원",,,5000,,False,,,대상: 대상 요금제 개통 후 개통월 내 리뷰 작성 후 1개월 회선 유지한 고객 시기: 조건 달성한 달 월말,https://www.moyoplan.com/plans/10899
30882,LGU+,[5G]이지 무제한 125GB+5M,사은품/페이백,일반유심/배송비 무료,,,,,False,,택배일반유심,대상: 대상 요금제 개통 후 일반유심을 택배로 받을래요 신청 후 개통을 완료한 고객 시기: 조건 달성한 즉시,https://www.moyoplan.com/plans/30882
27770,KT,[모요only] 무제한 7GB+1M(매월 네이버페이5000P),사은품/페이백,네이버페이 매달 5천원 페이백(7개월),,,35000,,False,,,,https://www.moyoplan.com/plans/27770
27770,KT,[모요only] 무제한 7GB+1M(매월 네이버페이5000P),사은품/페이백,"네이버페이 매월 5,000P 제공",,,,,False,,,,https://www.moyoplan.com/plans/27770
27770,KT,[모요only] 무제한 7GB+1M(매월 네이버페이5000P),사은품/페이백,"마트상품권, 네이버페이 최대 2만원",,,20000,,False,,KT바로유심,,https://www.moyoplan.com/plans/27770
27770,KT,[모요only] 무제한 7GB+1M(매월 네이버페이5000P),추가데이터,데이터 매월 10GB 추가 증정 (24개월간),,,,,False,,,,https://www.moyoplan.com/plans/27770
27770,KT,[모요only] 무제한 7GB+1M(매월 네이버페이5000P),추가데이터,추가데이터 5GB 제공,,,,,False,,,대상: 고고모바일 사용자 간 결합,https://www.moyoplan.com/plans/27770
27770,KT,[모요only] 무제한 7GB+1M(매월 네이버페이5000P),사은품/페이백,KT유심&배송비 무료,,,,,False,,,,https://www.moyoplan.com/plans/27770
13910,LGU+,"[모빌카드 스페셜] 통화, 데이터 마음대로 Pro",사은품/페이백,"네이버페이 10,000원",,,10000,,False,,,,https://www.moyoplan.com/plans/13910
13910,LGU+,"[모빌카드 스페셜] 통화, 데이터 마음대로 Pro",사은품/페이백,일반 유심/배송비 무료,,,,,False,,,,https://www.moyoplan.com/plans/13910
33946,KT,TOP 15GB 100분 (밀리의서재),OTT/구독,밀리의서재 평생 무료 구독권,밀리의서재,,,,False,,,,https://www.moyoplan.com/plans/33946
33946,KT,TOP 15GB 100분 (밀리의서재),추가데이터,솔로결합(+10GB),,,,,False,,,,https://www.moyoplan.com/plans/33946
33946,KT,TOP 15GB 100분 (밀리의서재),사은품/페이백,"3대 마트 상품권, 네이버페이 2만원",,,20000,,False,,KT바로유심,,https://www.moyoplan.com/plans/33946
37117,LGU+,[Npay 12만 기본제공] 5G 95GB+/통화기본,사은품/페이백,네이버페이 매달 5천원 페이백 (24개월),,,120000,,False,,,,https://www.moyoplan.com/plans/37117
29934,LGU+,"[KG모바일 스페셜] 통화, 데이터 마음대로 100GB+",사은품/페이백,"GS25 편의점 상품권 10,000원",,,10000,,False,,,대상: 이벤트 기간 내 요금제 개통 후 1개월 회선 유지한 고객 시기: 조건 달성한 달 월말,https://www.moyoplan.com/plans/29934
29934,LGU+,"[KG모바일 스페셜] 통화, 데이터 마음대로 100GB+",사은품/페이백,일반 유심/배송비 무료,,,,,False,,,대상: 대상 요금제 개통한 고객 시기: 조건 달성한 즉시,https://www.moyoplan.com/plans/29934
28448,LGU+,데이터 플러스 15GB+/100분(평생 +10GB 추가 제공 프로모션),사은품/페이백,매달 hy 금액권 1만원(12만),,,10000,,False,,,대상: 이벤트 기간 내 요금제 개통 후 지급시기까지 회선 유지한 고객 시기: 가입 익월 20일경 부터 12개월간 지급,https://www.moyoplan.com/plans/28448
28448,LGU+,데이터 플러스 15GB+/100분(평생 +10GB 추가 제공 프로모션),추가데이터,"우리결합시, 데이터 10GB 추가 증정",,,,,False,,,대상: 대상 요금제 개통 후 우리 결합 완료한 고객 시기: 조건 달성한 즉시,https://www.moyoplan.com/plans/28448
30011,LGU+,[올리브영 12만원] 9GB/3000분,사은품/페이백,올리브영 12만원 혜택,,,120000,,False,,,대상: 대상 요금제 개통 후 1개월 회선 유지한 고객 시기: 조건 달성한 달 16일,https://www.moyoplan.com/plans/30011
33532,KT,TOP 100GB 기본 (올리브영),추가데이터,솔로결합(+20GB),,,,,False,,,대상: 솔로결합 대상 요금제를 개통하고 '솔로결합'을 신청한 고객 시기: 조건 달성한 즉시,https://www.moyoplan.com/plans/33532
33532,KT,TOP 100GB 기본 (올리브영),사은품/페이백,"3대 마트 상품권, 네이버페이 2만원",,,20000,,False,,KT바로유심,대상: 대상 요금제 개통한 고객 시기: 바로유심/바로배송유심 구매・개통 후 7개월 회선유지시,https://www.moyoplan.com/plans/33532
33532,KT,TOP 100GB 기본 (올리브영),사은품/페이백,"올리브영 매월 5,000원 제공",,,5000,,False,,,"대상: 대상 요금제 개통 후 가입일부터 사용일수 30일 충족한 고객 시기: 실 사용일수 30일 충족시, 31일차에 지급",https://www.moyoplan.com/plans/33532
33533,KT,TOP 100GB 기본 (다이소),추가데이터,솔로결합(+20GB),,,,,False,,,대상: 솔로결합 대상 요금제를 개통하고 '솔로결합'을 신청한 고객 시기: 조건 달성한 즉시,https://www.moyoplan.com/plans/33533
33533,KT,TOP 100GB 기본 (다이소),사은품/페이백,"3대 마트 상품권, 네이버페이 2만원",,,20000,,False,,KT바로유심,대상: 대상 요금제 개통한 고객 시기: 바로유심/바로배송유심 구매・개통 후 7개월 회선유지시,https://www.moyoplan.com/plans/33533
33533,KT,TOP 100GB 기본 (다이소),사은품/페이백,"다이소 매월 5,000원 제공",,,5000,,False,,,"대상: 대상 요금제 개통 후 가입일부터 사용일수 30일 충족한 고객 시기: 실 사용일수 30일 충족시, 31일차에 지급",https://www.moyoplan.com/plans/33533
24714,LGU+,교보문고 북 플러스알파 15GB+,사은품/페이백,교보문고 sam무제한 이용권 제공 (24개월),,,,,False,,,대상: 이벤트 기간 내 요금제 개통 후 지급시기까지 회선 유지한 고객 시기: 조건 달성한 달 16일,https://www.moyoplan.com/plans/24714
24714,LGU+,교보문고 북 플러스알파 15GB+,추가데이터,"우리결합시, 데이터 10GB 추가 증정",,,,,False,,,대상: 대상 요금제 개통 후 우리 결합 완료한 고객 시기: 조건 달성한 즉시,https://www.moyoplan.com/plans/24714
24714,LGU+,교보문고 북 플러스알파 15GB+,사은품/페이백,교보문고 e교환권 1천원권 제공 (24개월),,,1000,,False,,,대상: 이벤트 기간 내 요금제 개통 후 지급시기까지 회선 유지한 고객 시기: 조건 달성한 달 16일,https://www.moyoplan.com/plans/24714
33900,KT,TOP 100GB 기본 (네이버페이),추가데이터,솔로결합(+20GB),,,,,False,,,대상: 솔로결합 대상 요금제를 개통하고 '솔로결합'을 신청한 고객 시기: 조건 달성한 즉시,https://www.moyoplan.com/plans/33900
33900,KT,TOP 100GB 기본 (네이버페이),사은품/페이백,"네이버페이 매월 5,000P 제공",,,,,False,,,"대상: 대상 요금제 개통 후 가입일부터 사용일수 30일 충족한 고객 시기: 실 사용일수 30일 충족시, 31일차에 지급",https://www.moyoplan.com/plans/33900
33900,KT,TOP 100GB 기본 (네이버페이),사은품/페이백,"3대 마트 상품권, 네이버페이 2만원",,,20000,,False,,KT바로유심,대상: 대상 요금제 개통한 고객 시기: 바로유심/바로배송유심 구매・개통 후 7개월 회선유지시,https://www.moyoplan.com/plans/33900
33515,KT,TOP 7GB 기본 (밀리의서재),OTT/구독,밀리의서재 평생 무료 구독권,밀리의서재,,,,False,,,,https://www.moyoplan.com/plans/33515
33515,KT,TOP 7GB 기본 (밀리의서재),추가데이터,솔로결합(+5GB),,,,,False,,,,https://www.moyoplan.com/plans/33515
33515,KT,TOP 7GB 기본 (밀리의서재),사은품/페이백,"3대 마트 상품권, 네이버페이 2만원",,,20000,,False,,KT바로유심,시기: 바로유심/바로배송유심 구매・개통 후 7개월 회선유지시,https://www.moyoplan.com/plans/33515
33515,KT,TOP 7GB 기본 (밀리의서재),추가데이터,데이터 10GB 추가 제공(24개월간),,,,,False,,,,https://www.moyoplan.com/plans/33515
33961,KT,TOP 5G 110GB 기본 (밀리의서재),OTT/구독,밀리의서재 평생 무료 구독권,밀리의서재,,,,False,,,,https://www.moyoplan.com/plans/33961
33961,KT,TOP 5G 110GB 기본 (밀리의서재),추가데이터,솔로결합(+20GB),,,,,False,,,,https://www.moyoplan.com/plans/33961
33961,KT,TOP 5G 110GB 기본 (밀리의서재),사은품/페이백,"3대 마트 상품권, 네이버페이 2만원",,,20000,,False,,KT바로유심,,https://www.moyoplan.com/plans/33961
20103,LGU+,[일반] 데이터 마음대로 (15GB+/100분)_24개월,사은품/페이백,일반 유심/배송비 무료,,,,,False,,,,https://www.moyoplan.com/plans/20103
35483,LGU+,"[평생할인] 통화, 데이터 마음대로 100GB+",사은품/페이백,일반 유심/배송비 무료,,,,,False,,,,https://www.moyoplan.com/plans/35483
23094,LGU+,5G 라이트 유심 14GB,사은품/페이백,네이버페이 매달 2.5만원 페이백(6개월),,,150000,,False,,,,https://www.moyoplan.com/plans/23094
23094,LGU+,5G 라이트 유심 14GB,사은품/페이백,네이버페이 1만원,,,10000,,False,,,,https://www.moyoplan.com/plans/23094
23094,LGU+,5G 라이트 유심 14GB,사은품/페이백,갤럭시 자급제 이벤트 신세계상품권 10만원,,,100000,,False,,,,https://www.moyoplan.com/plans/23094
23094,LGU+,5G 라이트 유심 14GB,OTT/구독,구글 AI프로+도미노피자 할인쿠폰,,,,,False,,,대상: 1개월 회선 유지 시기: 조건달성한달 5일,https://www.moyoplan.com/plans/23094
23094,LGU+,5G 라이트 유심 14GB,추가데이터,"헬로모바일 결합시, 추가 데이터 5GB 증정",,,,,False,,,"대상: 대상 요금제로 결합 완료 시기: 결합일 익일 제공, 익월부터 매월 1일 제공",https://www.moyoplan.com/plans/23094
23094,LGU+,5G 라이트 유심 14GB,OTT/구독,토스미·오픽미 AI 모의고사,,,,,False,,,대상: 혜택 지급 시점까지 회선 유지 시기: 조건달성한 달 3주차(9월 3주차),https://www.moyoplan.com/plans/23094
33044,KT,EG 10무제한 15G+1(CU할인+매월10GB),사은품/페이백,일반유심/배송비 무료,,,,,False,,택배일반유심,,https://www.moyoplan.com/plans/33044
31036,LGU+,[평생할인] 일 5GB+/통화기본,추가데이터,"우리결합시, 데이터 20GB 추가 증정",,,,,False,,,,https://www.moyoplan.com/plans/31036
26611,KT,"[모요only] 쉐이크 LTE 7GB+_네이버페이 매 월 5,000원",사은품/페이백,네이버페이 매달 5천원 페이백 (평생),,,5000,,False,,,,https://www.moyoplan.com/plans/26611
26611,KT,"[모요only] 쉐이크 LTE 7GB+_네이버페이 매 월 5,000원",사은품/페이백,"네이버페이 매월 5,000P 제공",,,,,False,,,,https://www.moyoplan.com/plans/26611
26611,KT,"[모요only] 쉐이크 LTE 7GB+_네이버페이 매 월 5,000원",사은품/페이백,매월 1천원 요금할인 (팝테일 가입·인증),,,1000,,False,,,,https://www.moyoplan.com/plans/26611
26611,KT,"[모요only] 쉐이크 LTE 7GB+_네이버페이 매 월 5,000원",사은품/페이백,"마트상품권, 네이버페이 최대 2만원",,,20000,,False,,KT바로유심,"대상: 바로유심/바로배송유심 구매・개통 후 7개월 회선 유지 시기: 개통 후 4개월차 말일 1만원, 7개월차 말일 1만원",https://www.moyoplan.com/plans/26611
26611,KT,"[모요only] 쉐이크 LTE 7GB+_네이버페이 매 월 5,000원",추가데이터,SOLO결합(+5GB),,,,,False,,,,https://www.moyoplan.com/plans/26611
26611,KT,"[모요only] 쉐이크 LTE 7GB+_네이버페이 매 월 5,000원",추가데이터,데이터 매월 10GB 추가 증정(24개월),,,,,False,,,,https://www.moyoplan.com/plans/26611
26611,KT,"[모요only] 쉐이크 LTE 7GB+_네이버페이 매 월 5,000원",추가데이터,데이터쿠폰 20GB,,,,,False,,,"대상: 대상 요금제 개통 후, 지급시기까지 회선 유지 시기: 3개월 단위로 총 3회 제공",https://www.moyoplan.com/plans/26611
27747,LGU+,시월 300분15GB+3Mbps,사은품/페이백,유심/배송비 무료!,,,,,False,,,대상: 대상 요금제 개통한 고객 시기: 개통 즉시,https://www.moyoplan.com/plans/27747
32633,LGU+,Sugar 세이브+(300분/10GB),사은품/페이백,개통완료 시 유심/배송비 무료 1개,,,,,False,,,,https://www.moyoplan.com/plans/32633
33088,LGU+,The 완전마음껏11G＋(올리브영 매월 5000P),사은품/페이백,"올리브영 24개월간 매월 5,000원 상품권",,,5000,,False,,,,https://www.moyoplan.com/plans/33088
36976,KT,5G 모두다 맘껏 200GB+(밀리의 서재 FREE),OTT/구독,밀리의 서재 평생 구독 0원,밀리의서재,,,,False,,,,https://www.moyoplan.com/plans/36976
36976,KT,5G 모두다 맘껏 200GB+(밀리의 서재 FREE),사은품/페이백,M마켓 포인트 16만원 (2만 X 8개월),,,160000,,False,,,,https://www.moyoplan.com/plans/36976
36976,KT,5G 모두다 맘껏 200GB+(밀리의 서재 FREE),사은품/페이백,삼성 자급제 이벤트 네이버페이 12만원,삼성 디바이스,,120000,,False,,,대상: 사은품 지급 시기까지 회선 유지 시기: 개통 후 2개월 말부터,https://www.moyoplan.com/plans/36976
36976,KT,5G 모두다 맘껏 200GB+(밀리의 서재 FREE),사은품/페이백,쿠팡유심 개통 시 쿠팡캐시 2만원,,,20000,,False,,쿠팡유심,"대상: 쿠팡 유심 구매·개통 후 혜택 지급까지 유지 시기: 1만원(4개월차), 1만원(7개월차)",https://www.moyoplan.com/plans/36976
36976,KT,5G 모두다 맘껏 200GB+(밀리의 서재 FREE),사은품/페이백,3대 마트 + 네이버페이 포인트 2만원,,,20000,,False,,KT바로유심,"대상: 바로유심/바로배송유심 구매·개통 후 혜택 지급까지 유지 시기: 1만원(4개월차), 1만원(7개월차)",https://www.moyoplan.com/plans/36976
36976,KT,5G 모두다 맘껏 200GB+(밀리의 서재 FREE),추가데이터,아무나SOLO 결합 데이터 20GB 추가 제공,,,,,False,,,대상: 아무나SOLO 결합 완료 시기: 결합 완료 시 별도의 신청 없이 즉시,https://www.moyoplan.com/plans/36976
10392,LGU+,5G 유심 통화 맘편히 9GB,사은품/페이백,네이버페이 매달 5천원 페이백(6개월),,,30000,,False,,,,https://www.moyoplan.com/plans/10392
10392,LGU+,5G 유심 통화 맘편히 9GB,사은품/페이백,프레딧 쿠폰 2만원(5천원*4개월),,,20000,,False,,,,https://www.moyoplan.com/plans/10392
10392,LGU+,5G 유심 통화 맘편히 9GB,OTT/구독,구글 AI프로+도미노피자 할인쿠폰,,,,,False,,,,https://www.moyoplan.com/plans/10392
10392,LGU+,5G 유심 통화 맘편히 9GB,OTT/구독,토스미·오픽미 AI 모의고사,,,,,False,,,,https://www.moyoplan.com/plans/10392
35531,KT,TOP 11GB 기본 (CU할인),추가데이터,솔로결합(+20GB),,,,,False,,,,https://www.moyoplan.com/plans/35531
35531,KT,TOP 11GB 기본 (CU할인),사은품/페이백,"3대 마트 상품권, 네이버페이 2만원",,,20000,,False,,KT바로유심,,https://www.moyoplan.com/plans/35531
35531,KT,TOP 11GB 기본 (CU할인),사은품/페이백,CU 20% 오프라인 결제할인,,,,,False,,,,https://www.moyoplan.com/plans/35531
36264,LGU+,[평생할인] 유심 5G 150GB+,사은품/페이백,일반 유심/배송비 무료,,,,,False,,,대상: 대상 요금제 개통한 고객 시기: 조건 달성한 즉시,https://www.moyoplan.com/plans/36264
23124,LGU+,5G Sugar 통화마음대로 95GB+,사은품/페이백,개통완료 시 유심/배송비 무료 1개,,,,,False,,,,https://www.moyoplan.com/plans/23124
20325,SKT,함께이야기해S(200분+20GB),사은품/페이백,"네이버페이 5,000원",,,5000,,False,,,,https://www.moyoplan.com/plans/20325
31339,LGU+,The 마음껏 매일5G+(컬쳐랜드 문화상품권 매월 5000P),사은품/페이백,컬쳐랜드 모바일상품권 5천원 증정 (24개월),,,5000,,False,,,,https://www.moyoplan.com/plans/31339
35840,KT,티플 100G＋(올리브영 매월 5000P),사은품/페이백,마트 상품권/네이버페이 1만원 증정,,,10000,,False,,KT바로유심,,https://www.moyoplan.com/plans/35840
35840,KT,티플 100G＋(올리브영 매월 5000P),사은품/페이백,마트 상품권/네이버페이 1만원 증정,,,10000,,False,,KT바로유심,,https://www.moyoplan.com/plans/35840
35840,KT,티플 100G＋(올리브영 매월 5000P),사은품/페이백,"올리브영 5,000P x 매월 제공.",,,,,False,,,,https://www.moyoplan.com/plans/35840
30877,KT,EG 5G스탠다드 지니 110G+(지니뮤직),OTT/구독,지니뮤직 이용권 증정,지니뮤직,,,,False,,,대상: 대상 요금제 개통한 고객 시기: 조건 달성한 즉시,https://www.moyoplan.com/plans/30877
30877,KT,EG 5G스탠다드 지니 110G+(지니뮤직),사은품/페이백,일반유심/배송비 무료,,,,,False,,택배일반유심,대상: 대상 요금제 개통 후 일반유심을 택배로 받을래요 신청 후 개통을 완료한 고객 시기: 조건 달성한 즉시,https://www.moyoplan.com/plans/30877
33623,LGU+,이야기스페셜 100GB+(24개월),사은품/페이백,"네이버페이 5,000원",,,5000,,False,,,,https://www.moyoplan.com/plans/33623
30868,LGU+,이지 무한 일5GB+5,사은품/페이백,일반유심/배송비 무료,,,,,False,,택배일반유심,,https://www.moyoplan.com/plans/30868
23404,LGU+,NA수다100데이터15GB+,사은품/페이백,NFC 유심 무료 제공,,,,,False,,,,https://www.moyoplan.com/plans/23404
23404,LGU+,NA수다100데이터15GB+,사은품/페이백,4대 편의점 최대 10.1%적립,,,,,False,,,,https://www.moyoplan.com/plans/23404
36269,LGU+,5G 음성기본 95GB+3Mbps,사은품/페이백,유심/배송비 무료,,,,,False,,,대상: 대상 요금제 개통한 고객 시기: 조건 달성한 즉시,https://www.moyoplan.com/plans/36269
34303,KT,가성비플러스(25GB/350분),사은품/페이백,마트 상품권/네이버페이 1만원 증정,,,10000,,False,,KT바로유심,대상: 바로유심/바로배송유심 구매・개통 후 7개월 회선 유지한 고객 시기: 조건 달성한 달 월말,https://www.moyoplan.com/plans/34303
34303,KT,가성비플러스(25GB/350분),사은품/페이백,마트 상품권/네이버페이 1만원 증정,,,10000,,False,,KT바로유심,대상: 바로유심/바로배송유심 구매・개통 후 4개월 회선 유지한 고객 시기: 조건 달성한 달 월말,https://www.moyoplan.com/plans/34303
24005,SKT,티플 위드유 11GB＋(G car),사은품/페이백,롯데렌터카 연간 패스 이용권,,,,,False,,,"대상: 대상 요금제 개통한 고객 시기: 개통 첫달 15일/말일 , 이후 매월 초 지급",https://www.moyoplan.com/plans/24005
26991,LGU+,The 완전마음껏11G+(다이소 매월 5000P),사은품/페이백,"24개월 간 다이소 상품권 5,000원 쿠폰",,,5000,,False,,,,https://www.moyoplan.com/plans/26991
36267,LGU+,[혜택형] 5G 스탠다드 유심 150GB,사은품/페이백,네이버페이 매달 1.5만원 페이백(24개월),,,360000,,False,,,,https://www.moyoplan.com/plans/36267
36267,LGU+,[혜택형] 5G 스탠다드 유심 150GB,사은품/페이백,갤럭시 자급제 이벤트 신세계상품권 10만원,,,100000,,False,,,,https://www.moyoplan.com/plans/36267
36267,LGU+,[혜택형] 5G 스탠다드 유심 150GB,사은품/페이백,프레딧 쿠폰 2만원(5천원*4개월),,,20000,,False,,,,https://www.moyoplan.com/plans/36267
36267,LGU+,[혜택형] 5G 스탠다드 유심 150GB,OTT/구독,구글 AI프로+도미노피자 할인쿠폰,,,,,False,,,대상: 1개월 회선 유지 시기: 조건달성한달 5일,https://www.moyoplan.com/plans/36267
36267,LGU+,[혜택형] 5G 스탠다드 유심 150GB,추가데이터,"헬로모바일 결합시, 추가 데이터 20GB 증정",,,,,False,,,"시기: 결합일 익일 제공, 익월부터 매월 1일 제공",https://www.moyoplan.com/plans/36267
36267,LGU+,[혜택형] 5G 스탠다드 유심 150GB,OTT/구독,토스미·오픽미 AI 모의고사,,,,,False,,,대상: 혜택 지급 시점까지 회선 유지 시기: 조건달성한 달 3주차(9월 3주차),https://www.moyoplan.com/plans/36267
20018,KT,무제한11GB+3M(네이버페이 매월 5000P),사은품/페이백,"네이버페이 매월 5,000P 제공",,,,,False,,,대상: 대상 요금제 개통 후 지급 시기까지 회선 유지한 고객 시기: 매월 실사용 30일사용시 익일 제공,https://www.moyoplan.com/plans/20018
20018,KT,무제한11GB+3M(네이버페이 매월 5000P),사은품/페이백,"3대 마트 상품권, 네이버페이 2만원",,,20000,,False,,KT바로유심,"대상: 바로유심/바로배송유심 구매・개통 후 7개월 회선 유지한 고객 시기: 개통 후 4개월차 중순 1만원, 7개월차 중순 1만원",https://www.moyoplan.com/plans/20018
20018,KT,무제한11GB+3M(네이버페이 매월 5000P),추가데이터,추가데이터 20GB 제공,,,,,False,,,대상: 대상 요금제 개통 후 고고모바일 사용자 간 결합한 고객 시기: 조건 달성한 즉시,https://www.moyoplan.com/plans/20018
20018,KT,무제한11GB+3M(네이버페이 매월 5000P),사은품/페이백,KT유심&배송비 무료,,,,,False,,,대상: 대상 요금제 개통한 고객 시기: 조건 달성한 즉시,https://www.moyoplan.com/plans/20018
30940,KT,무제한 11GB+3M(다이소 매월 5000원),사은품/페이백,"3대 마트 상품권, 네이버페이 2만원",,,20000,,False,,KT바로유심,"대상: 바로유심/바로배송유심 구매・개통 후 7개월 회선 유지한 고객 시기: 개통 후 4개월차 중순 1만원, 7개월차 중순 1만원",https://www.moyoplan.com/plans/30940
30940,KT,무제한 11GB+3M(다이소 매월 5000원),사은품/페이백,"다이소상품권 매월 5,000원 제공",,,5000,,False,,,대상: 대상 요금제 개통 후 지급 시기까지 회선 유지한 고객 시기: 매월 실사용 30일사용시 익일 제공,https://www.moyoplan.com/plans/30940
30940,KT,무제한 11GB+3M(다이소 매월 5000원),추가데이터,추가데이터 20GB 제공,,,,,False,,,대상: 대상 요금제 개통 후 고고모바일 사용자 간 결합한 고객 시기: 조건 달성한 즉시,https://www.moyoplan.com/plans/30940
30940,KT,무제한 11GB+3M(다이소 매월 5000원),사은품/페이백,KT유심&배송비 무료,,,,,False,,,대상: 대상 요금제 개통한 고객 시기: 조건 달성한 즉시,https://www.moyoplan.com/plans/30940
17460,KT,"무제한11GB+3Mbps(배달의민족 매월 5,000포인트)",사은품/페이백,"3대 마트 상품권, 네이버페이 2만원",,,20000,,False,,KT바로유심,"대상: 바로유심/바로배송유심 구매・개통 후 7개월 회선 유지한 고객 시기: 개통 후 4개월차 중순 1만원, 7개월차 중순 1만원",https://www.moyoplan.com/plans/17460
17460,KT,"무제한11GB+3Mbps(배달의민족 매월 5,000포인트)",사은품/페이백,배달의 민족 5천원 쿠폰제공,,,5000,,False,,,대상: 대상 요금제 개통 후 실사용 일 30일 충족한 고객 시기: 조건 달성한 다음 달 월초,https://www.moyoplan.com/plans/17460
17460,KT,"무제한11GB+3Mbps(배달의민족 매월 5,000포인트)",추가데이터,추가데이터 20GB 제공,,,,,False,,,대상: 대상 요금제 개통 후 고고모바일 사용자 간 결합한 고객 시기: 조건 달성한 즉시,https://www.moyoplan.com/plans/17460
17460,KT,"무제한11GB+3Mbps(배달의민족 매월 5,000포인트)",사은품/페이백,KT유심&배송비 무료,,,,,False,,,대상: 대상 요금제 개통한 고객 시기: 조건 달성한 즉시,https://www.moyoplan.com/plans/17460
35822,KT,TOP 100GB 기본 (CU할인),추가데이터,솔로결합(+20GB),,,,,False,,,대상: 솔로결합 대상 요금제를 개통하고 '솔로결합'을 신청한 고객 시기: 조건 달성한 즉시,https://www.moyoplan.com/plans/35822
35822,KT,TOP 100GB 기본 (CU할인),사은품/페이백,"3대 마트 상품권, 네이버페이 2만원",,,20000,,False,,KT바로유심,대상: 대상 요금제 개통한 고객 시기: 바로유심/바로배송유심 구매・개통 후 7개월 회선유지시,https://www.moyoplan.com/plans/35822
35822,KT,TOP 100GB 기본 (CU할인),사은품/페이백,CU 20% 오프라인 결제할인,,,,,False,,,대상: 대상 요금제 개통한 고객 시기: 조건 달성한 다음 달 월초,https://www.moyoplan.com/plans/35822
31336,LGU+,The 완전마음껏11G+(컬쳐랜드 문화상품권 매월 5000P),사은품/페이백,컬쳐랜드 모바일상품권 5천원 증정 (24개월),,,5000,,False,,,,https://www.moyoplan.com/plans/31336
36265,LGU+,[혜택형] 5G 유심 중간요금제 95GB,사은품/페이백,네이버페이 매달 1.5만원 페이백(24개월),,,360000,,False,,,,https://www.moyoplan.com/plans/36265
36265,LGU+,[혜택형] 5G 유심 중간요금제 95GB,사은품/페이백,갤럭시 자급제 이벤트 신세계상품권 10만원,,,100000,,False,,,,https://www.moyoplan.com/plans/36265
36265,LGU+,[혜택형] 5G 유심 중간요금제 95GB,사은품/페이백,프레딧 쿠폰 2만원(5천원*4개월),,,20000,,False,,,,https://www.moyoplan.com/plans/36265
36265,LGU+,[혜택형] 5G 유심 중간요금제 95GB,OTT/구독,구글 AI프로+도미노피자 할인쿠폰,,,,,False,,,대상: 1개월 회선 유지 시기: 조건달성한달 5일,https://www.moyoplan.com/plans/36265
36265,LGU+,[혜택형] 5G 유심 중간요금제 95GB,추가데이터,"헬로모바일 결합시, 추가 데이터 10GB 증정",,,,,False,,,"대상: 대상 요금제로 결합 완료 시기: 결합일 익일 제공, 익월부터 매월 1일 제공",https://www.moyoplan.com/plans/36265
36265,LGU+,[혜택형] 5G 유심 중간요금제 95GB,OTT/구독,토스미·오픽미 AI 모의고사,,,,,False,,,대상: 혜택 지급 시점까지 회선 유지 시기: 조건달성한 달 3주차(9월 3주차),https://www.moyoplan.com/plans/36265
24006,SKT,티플 위드유 15GB＋(300분)(G car),사은품/페이백,롯데렌터카 연간 패스 이용권,,,,,False,,,"대상: 대상 요금제 개통한 고객 시기: 개통 첫달 15일/말일 , 이후 매월 초 지급",https://www.moyoplan.com/plans/24006
33963,KT,TOP 5G 110GB 기본 (다이소),추가데이터,솔로결합(+20GB),,,,,False,,,,https://www.moyoplan.com/plans/33963
33963,KT,TOP 5G 110GB 기본 (다이소),사은품/페이백,"3대 마트 상품권, 네이버페이 2만원",,,20000,,False,,KT바로유심,,https://www.moyoplan.com/plans/33963
33963,KT,TOP 5G 110GB 기본 (다이소),사은품/페이백,"다이소 매월 5,000원 제공",,,5000,,False,,,,https://www.moyoplan.com/plans/33963
30910,LGU+,이지 더 오래쓰는 무제한 10G+1,사은품/페이백,일반유심/배송비 무료,,,,,False,,택배일반유심,,https://www.moyoplan.com/plans/30910
10584,KT,모두 충분 일5GB+(왓챠),사은품/페이백,S-머니6만원(1만원X6개월),,,60000,,False,,모요유심,,https://www.moyoplan.com/plans/10584
10584,KT,모두 충분 일5GB+(왓챠),사은품/페이백,"3대마트상품권, 네이버페이 2만원",,,20000,,False,,KT바로유심,,https://www.moyoplan.com/plans/10584
34903,LGU+,The 완전마음껏11G＋(스타벅스 매월 5000P),사은품/페이백,"스타벅스 교환권 5,000P x 24개월 제공",,,,,False,,,,https://www.moyoplan.com/plans/34903
33898,KT,TOP 7GB 기본 (네이버페이),추가데이터,솔로결합(+5GB),,,,,False,,,,https://www.moyoplan.com/plans/33898
33898,KT,TOP 7GB 기본 (네이버페이),사은품/페이백,"네이버페이 매월 5,000P 제공",,,,,False,,,,https://www.moyoplan.com/plans/33898
33898,KT,TOP 7GB 기본 (네이버페이),사은품/페이백,"3대 마트 상품권, 네이버페이 2만원",,,20000,,False,,KT바로유심,시기: 바로유심/바로배송유심 구매・개통 후 7개월 회선유지시,https://www.moyoplan.com/plans/33898
33898,KT,TOP 7GB 기본 (네이버페이),추가데이터,데이터 10GB 추가 제공(24개월간),,,,,False,,,,https://www.moyoplan.com/plans/33898
31783,LGU+,The 완전마음껏11G+(카톡 이모티콘+예스24e북),OTT/구독,예스24 크레마클럽 구독권 (24개월),,,,,False,,,,https://www.moyoplan.com/plans/31783
31783,LGU+,The 완전마음껏11G+(카톡 이모티콘+예스24e북),사은품/페이백,카카오이모티콘 플러스 매월 무료 제공,,,,,False,,,,https://www.moyoplan.com/plans/31783
31458,KT,모두 충분 100GB+(모아진),사은품/페이백,S-머니6만원(1만원X6개월),,,60000,,False,,모요유심,"대상: 모요에서 신청한 유심 개통 후, 1개월 회선 유지한 고객 시기: 개통월 기준 다음달 말부터 매월 말 지급",https://www.moyoplan.com/plans/31458
31458,KT,모두 충분 100GB+(모아진),사은품/페이백,"3대마트상품권, 네이버페이 2만원",,,20000,,False,,KT바로유심,"대상: 바로유심/바로배송유심 구매 후 모요 개통, 1개월 유지한 고객 시기: 조건 달성한 달 월말",https://www.moyoplan.com/plans/31458
29977,KT,모두 충분 15GB+(다이소_5000),사은품/페이백,S-머니3만원(5천원X6개월),,,30000,,False,,모요유심,"대상: 모요에서 신청한 유심 개통 후, 1개월 회선 유지한 고객 시기: 개통월 기준 다음달 말부터 매월 말 지급",https://www.moyoplan.com/plans/29977
29977,KT,모두 충분 15GB+(다이소_5000),사은품/페이백,"3대마트상품권, 네이버페이 2만원",,,20000,,False,,KT바로유심,"대상: 바로유심/바로배송유심 구매 후 모요 개통, 1개월 유지한 고객 시기: 조건 달성한 달 월말",https://www.moyoplan.com/plans/29977
35507,LGU+,The 완전마음껏 100G+(올리브영 매월 5000P),사은품/페이백,"올리브영 24개월간 매월 5,000원 상품권",,,5000,,False,,,,https://www.moyoplan.com/plans/35507
31047,SKT,티플 15GB+(300분)(이디야커피),사은품/페이백,"12개월간 이디야 모바일권 5,000원권 증정",,,5000,,False,,,대상: 대상 요금제 개통한 고객 시기: 조건 달성한 달 월말,https://www.moyoplan.com/plans/31047
32515,KT,모두 충분 15GB+(Pay_5000),사은품/페이백,S-머니3만원(5천원X6개월),,,30000,,False,,모요유심,"대상: 모요에서 신청한 유심 개통 후, 1개월 회선 유지한 고객 시기: 개통월 기준 다음달 말부터 매월 말 지급",https://www.moyoplan.com/plans/32515
32515,KT,모두 충분 15GB+(Pay_5000),사은품/페이백,"3대마트상품권, 네이버페이 2만원",,,20000,,False,,KT바로유심,"대상: 바로유심/바로배송유심 구매 후 모요 개통, 1개월 유지한 고객 시기: 조건 달성한 달 월말",https://www.moyoplan.com/plans/32515
26179,LGU+,이야기 데이터 심플(10GB),사은품/페이백,"네이버페이 5,000원",,,5000,,False,,,,https://www.moyoplan.com/plans/26179
34904,LGU+,The 마음껏 매일5G＋(스타벅스 매월 5000P),사은품/페이백,"스타벅스 교환권 5,000P x 24개월 제공",,,,,False,,,,https://www.moyoplan.com/plans/34904
29289,SKT,이야기 완전 무제한 7GB+,사은품/페이백,"네이버페이 5,000원",,,5000,,False,,,,https://www.moyoplan.com/plans/29289
35520,LGU+,모나400분11G,사은품/페이백,NFC 유심 무료 제공,,,,,False,,,,https://www.moyoplan.com/plans/35520
35520,LGU+,모나400분11G,사은품/페이백,4대 편의점 최대 10.1%적립,,,,,False,,,,https://www.moyoplan.com/plans/35520
36167,KT,이야기 K 데이터 100GB+(모아진),사은품/페이백,"네이버페이, 3대 마트 상품권 2만원",,,20000,,False,,KT바로유심,,https://www.moyoplan.com/plans/36167
36167,KT,이야기 K 데이터 100GB+(모아진),사은품/페이백,"네이버페이 5,000원",,,5000,,False,,,,https://www.moyoplan.com/plans/36167
23106,KT,모두 충분 11GB+(후후안심),사은품/페이백,S-머니6만원(1만원X6개월),,,60000,,False,,모요유심,"대상: 모요에서 신청한 유심 개통 후, 1개월 회선 유지한 고객 시기: 개통월 기준 다음달 말부터 매월 말 지급",https://www.moyoplan.com/plans/23106
23106,KT,모두 충분 11GB+(후후안심),사은품/페이백,"3대마트상품권, 네이버페이 2만원",,,20000,,False,,KT바로유심,"대상: 바로유심/바로배송유심 구매 후 모요 개통, 1개월 유지한 고객 시기: 조건 달성한 달 월말",https://www.moyoplan.com/plans/23106
36174,KT,이야기 K 데이터 100GB+(CU할인),사은품/페이백,"네이버페이, 3대 마트 상품권 2만원",,,20000,,False,,KT바로유심,,https://www.moyoplan.com/plans/36174
36174,KT,이야기 K 데이터 100GB+(CU할인),사은품/페이백,"네이버페이 5,000원",,,5000,,False,,,,https://www.moyoplan.com/plans/36174
33952,KT,TOP 11GB 기본 (밀리의서재),OTT/구독,밀리의서재 평생 무료 구독권,밀리의서재,,,,False,,,,https://www.moyoplan.com/plans/33952
33952,KT,TOP 11GB 기본 (밀리의서재),추가데이터,솔로결합(+20GB),,,,,False,,,,https://www.moyoplan.com/plans/33952
33952,KT,TOP 11GB 기본 (밀리의서재),사은품/페이백,"3대 마트 상품권, 네이버페이 2만원",,,20000,,False,,KT바로유심,,https://www.moyoplan.com/plans/33952
27456,LGU+,슈가칩3 7GB+,사은품/페이백,개통완료 시 유심/배송비 무료 1개,,,,,False,,,,https://www.moyoplan.com/plans/27456
33130,LGU+,시월 무제한 매일5GB+5Mbps,사은품/페이백,유심/배송비 무료!,,,,,False,,,,https://www.moyoplan.com/plans/33130
31784,LGU+,The 마음껏 매일5G+(카톡 이모티콘+예스24e북),OTT/구독,예스24 크레마클럽 구독권 (24개월),,,,,False,,,,https://www.moyoplan.com/plans/31784
31784,LGU+,The 마음껏 매일5G+(카톡 이모티콘+예스24e북),사은품/페이백,카카오이모티콘 플러스 매월 무료 제공,,,,,False,,,,https://www.moyoplan.com/plans/31784
25699,KT,이야기K 데이터 15GB+(CU할인),사은품/페이백,"네이버페이, 3대 마트 상품권 2만원",,,20000,,False,,KT바로유심,,https://www.moyoplan.com/plans/25699
25699,KT,이야기K 데이터 15GB+(CU할인),사은품/페이백,"네이버페이 5,000원",,,5000,,False,,,,https://www.moyoplan.com/plans/25699
26287,LGU+,[평생할인] 5G 125GB+/통화기본,추가데이터,"우리결합시, 데이터 20GB 추가 증정",,,,,False,,,대상: 대상 요금제 개통 후 우리 결합 완료한 고객 시기: 조건 달성한 즉시,https://www.moyoplan.com/plans/26287
31457,KT,모두 충분 100GB+(다이소_5000),사은품/페이백,S-머니6만원(1만원X6개월),,,60000,,False,,모요유심,"대상: 모요에서 신청한 유심 개통 후, 1개월 회선 유지한 고객 시기: 개통월 기준 다음달 말부터 매월 말 지급",https://www.moyoplan.com/plans/31457
31457,KT,모두 충분 100GB+(다이소_5000),사은품/페이백,"3대마트상품권, 네이버페이 2만원",,,20000,,False,,KT바로유심,"대상: 바로유심/바로배송유심 구매 후 모요 개통, 1개월 유지한 고객 시기: 조건 달성한 달 월말",https://www.moyoplan.com/plans/31457
31433,KT,[모요only] 쉐이크 5G 200GB+_밀리의서재,OTT/구독,밀리의 서재 구독권 지급 이벤트,밀리의서재,,,,False,,,대상: 대상 요금제 개통한 고객 시기: 조건 달성한 즉시,https://www.moyoplan.com/plans/31433
31433,KT,[모요only] 쉐이크 5G 200GB+_밀리의서재,사은품/페이백,매월 1천원 요금할인 (팝테일 가입·인증),,,1000,,False,,,대상: 이벤트 기간 내 대상요금제 개통 후 팝테일 가입·인증한 고객 시기: 개통 후 영업일 기준 D+2일 이내,https://www.moyoplan.com/plans/31433
31433,KT,[모요only] 쉐이크 5G 200GB+_밀리의서재,사은품/페이백,"마트상품권, 네이버페이 최대 2만원",,,20000,,False,,KT바로유심,"대상: 바로유심/바로배송유심 구매・개통 후 7개월 회선 유지한 고객 시기: 개통 후 4개월차 말일 1만원, 7개월차 말일 1만원",https://www.moyoplan.com/plans/31433
31433,KT,[모요only] 쉐이크 5G 200GB+_밀리의서재,추가데이터,데이터쿠폰 20GB,,,,,False,,,"대상: 대상 요금제 개통 후, 지급시기까지 회선 유지한 고객 시기: 3개월 단위로 총 3회 제공",https://www.moyoplan.com/plans/31433
29031,SKT,티플 올리브영 15GB+(100분)(매월 5000P),사은품/페이백,"올리브영 12개월간 매월 5,000원 상품권",,,5000,,False,,,대상: 대상 요금제 개통 후 1개월 회선 유지한 고객 시기: 조건 달성한 달 월말,https://www.moyoplan.com/plans/29031
21271,KT,데이터 충분 15GB+/100분(CU),사은품/페이백,S-머니3만원(5천원X6개월),,,30000,,False,,모요유심,"대상: 모요에서 신청한 유심 개통 후, 1개월 회선 유지한 고객 시기: 개통월 기준 다음달 말부터 매월 말 지급",https://www.moyoplan.com/plans/21271
21271,KT,데이터 충분 15GB+/100분(CU),사은품/페이백,CU 연간 6만원 할인 평생 제공,,,60000,,False,,,대상: 대상 요금제 개통한 고객 시기: 조건 달성한 즉시,https://www.moyoplan.com/plans/21271
21271,KT,데이터 충분 15GB+/100분(CU),사은품/페이백,"3대마트상품권, 네이버페이 2만원",,,20000,,False,,KT바로유심,"대상: 바로유심/바로배송유심 구매 후 모요 개통, 1개월 유지한 고객 시기: 조건 달성한 달 월말",https://www.moyoplan.com/plans/21271
31003,KT,모두 충분 11GB+(모아진),사은품/페이백,S-머니6만원(1만원X6개월),,,60000,,False,,모요유심,"대상: 모요에서 신청한 유심 개통 후, 1개월 회선 유지한 고객 시기: 개통월 기준 다음달 말부터 매월 말 지급",https://www.moyoplan.com/plans/31003
31003,KT,모두 충분 11GB+(모아진),사은품/페이백,"3대마트상품권, 네이버페이 2만원",,,20000,,False,,KT바로유심,"대상: 바로유심/바로배송유심 구매 후 모요 개통, 1개월 유지한 고객 시기: 조건 달성한 달 월말",https://www.moyoplan.com/plans/31003
35505,LGU+,The 완전마음껏 100G+(컬쳐랜드 문화상품권 매월 5000P),사은품/페이백,컬쳐랜드 모바일상품권 5천원 증정 (24개월),,,5000,,False,,,,https://www.moyoplan.com/plans/35505
12279,SKT,내맘대로S(300+10GB),사은품/페이백,"네이버페이 5,000원",,,5000,,False,,,대상: 대상 요금제 개통 후 개통월 내 리뷰 작성 후 1개월 회선 유지한 고객 시기: 조건 달성한 달 월말,https://www.moyoplan.com/plans/12279
26288,LGU+,[평생할인] 5G 150GB+/통화기본,추가데이터,"우리결합시, 데이터 20GB 추가 증정",,,,,False,,,대상: 대상 요금제 개통 후 우리 결합 완료한 고객 시기: 조건 달성한 즉시,https://www.moyoplan.com/plans/26288
18588,KT,모두 충분 100GB+(Pay_5000),사은품/페이백,S-머니6만원(1만원X6개월),,,60000,,False,,모요유심,"대상: 모요에서 신청한 유심 개통 후, 1개월 회선 유지한 고객 시기: 개통월 기준 다음달 말부터 매월 말 지급",https://www.moyoplan.com/plans/18588
18588,KT,모두 충분 100GB+(Pay_5000),사은품/페이백,"3대마트상품권, 네이버페이 2만원",,,20000,,False,,KT바로유심,"대상: 바로유심/바로배송유심 구매 후 모요 개통, 1개월 유지한 고객 시기: 조건 달성한 달 월말",https://www.moyoplan.com/plans/18588
35791,KT,EG 무제한 11GB+3(모아진),OTT/구독,모아진(전세계 매거진) 무료 구독,,,,,False,,,대상: 대상 요금제 개통한 고객 시기: 조건 달성한 즉시,https://www.moyoplan.com/plans/35791
35508,LGU+,The 완전마음껏 100G+(스타벅스 매월 5000P),사은품/페이백,"스타벅스 교환권 5,000P x 24개월 제공",,,,,False,,,,https://www.moyoplan.com/plans/35508
35871,LGU+,[티머니 12만원] 1GB+/통화기본,사은품/페이백,티머니 12만원 혜택(매월 1만원),,,120000,,False,,,대상: 이벤트 기간 내 요금제 개통 후 지급시기까지 회선 유지한 고객 시기: 가입 익월 16일경 부터 12개월간 지급,https://www.moyoplan.com/plans/35871
33947,KT,TOP 15GB 100분 (올리브영),추가데이터,솔로결합(+10GB),,,,,False,,,,https://www.moyoplan.com/plans/33947
33947,KT,TOP 15GB 100분 (올리브영),사은품/페이백,"3대 마트 상품권, 네이버페이 2만원",,,20000,,False,,KT바로유심,,https://www.moyoplan.com/plans/33947
33947,KT,TOP 15GB 100분 (올리브영),사은품/페이백,"올리브영 매월 5,000원 제공",,,5000,,False,,,,https://www.moyoplan.com/plans/33947
34918,KT,[모요only] 100분/15GB+3M(밀리의서재 Free),OTT/구독,"밀리의 서재 구독권(11,900원 상당) 제공",밀리의서재,,11900,,False,,,대상: 대상 요금제 개통한 고객 시기: 조건 달성한 즉시,https://www.moyoplan.com/plans/34918
34918,KT,[모요only] 100분/15GB+3M(밀리의서재 Free),사은품/페이백,"3대 마트 상품권, 네이버페이 2만원",,,20000,,False,,KT바로유심,"대상: 바로유심/바로배송유심 구매・개통 후 7개월 회선 유지한 고객 시기: 개통 후 4개월차 중순 1만원, 7개월차 중순 1만원",https://www.moyoplan.com/plans/34918
34918,KT,[모요only] 100분/15GB+3M(밀리의서재 Free),추가데이터,추가데이터 10GB 제공,,,,,False,,,대상: 대상 요금제 개통 후 고고모바일 사용자 간 결합한 고객 시기: 조건 달성한 즉시,https://www.moyoplan.com/plans/34918
34918,KT,[모요only] 100분/15GB+3M(밀리의서재 Free),사은품/페이백,KT유심&배송비 무료,,,,,False,,,대상: 대상 요금제 개통한 고객 시기: 조건 달성한 즉시,https://www.moyoplan.com/plans/34918
29933,LGU+,"[KG모바일 스페셜] 통화, 데이터 마음대로 Pro",사은품/페이백,"GS25 편의점 상품권 10,000원",,,10000,,False,,,,https://www.moyoplan.com/plans/29933
29933,LGU+,"[KG모바일 스페셜] 통화, 데이터 마음대로 Pro",사은품/페이백,일반 유심/배송비 무료,,,,,False,,,,https://www.moyoplan.com/plans/29933
37151,KT,ONE 5G 10GB 200분,사은품/페이백,"3대 마트 상품권, 네이버페이 2만원",,,20000,,False,,KT바로유심,,https://www.moyoplan.com/plans/37151
33940,KT,TOP 7GB 기본 (네이버페이),추가데이터,솔로결합(+5GB),,,,,False,,,,https://www.moyoplan.com/plans/33940
33940,KT,TOP 7GB 기본 (네이버페이),사은품/페이백,"네이버페이 매월 5,000P 제공",,,,,False,,,,https://www.moyoplan.com/plans/33940
33940,KT,TOP 7GB 기본 (네이버페이),사은품/페이백,"3대 마트 상품권, 네이버페이 2만원",,,20000,,False,,KT바로유심,시기: 바로유심/바로배송유심 구매・개통 후 7개월 회선유지시,https://www.moyoplan.com/plans/33940
33940,KT,TOP 7GB 기본 (네이버페이),추가데이터,데이터 10GB 추가 제공(24개월간),,,,,False,,,,https://www.moyoplan.com/plans/33940
26269,LGU+,[평생할인] 15GB+/180분,추가데이터,"우리결합시, 데이터 10GB 추가 증정",,,,,False,,,대상: 대상 요금제 개통 후 우리 결합 완료한 고객 시기: 조건 달성한 즉시,https://www.moyoplan.com/plans/26269
33957,KT,TOP 100GB 기본 (밀리의서재),OTT/구독,밀리의서재 평생 무료 구독권,밀리의서재,,,,False,,,,https://www.moyoplan.com/plans/33957
33957,KT,TOP 100GB 기본 (밀리의서재),추가데이터,솔로결합(+20GB),,,,,False,,,,https://www.moyoplan.com/plans/33957
33957,KT,TOP 100GB 기본 (밀리의서재),사은품/페이백,"3대 마트 상품권, 네이버페이 2만원",,,20000,,False,,KT바로유심,,https://www.moyoplan.com/plans/33957
35802,KT,[5G]EG 무제한 110GB+5(올영5000원),사은품/페이백,"올리브영 상품권 매월 5,000원 제공",,,5000,,False,,,대상: 대상 요금제 개통 후 혜택 지급 시점까지 회선 유지한 고객 시기: 매월 실사용 30일사용시 익일 제공,https://www.moyoplan.com/plans/35802
31063,LGU+,5G Sugar 실속(300분/6GB),사은품/페이백,개통완료 시 유심/배송비 무료 1개,,,,,False,,,,https://www.moyoplan.com/plans/31063
23171,LGU+,5G Sugar 통화마음대로 150GB++,사은품/페이백,개통완료 시 유심/배송비 무료 1개,,,,,False,,,,https://www.moyoplan.com/plans/23171
15068,LGU+,이야기 스탠다드 11GB+,사은품/페이백,"네이버페이 5,000원",,,5000,,False,,,대상: 대상 요금제 개통 후 개통월 내 리뷰 작성 후 1개월 회선 유지한 고객 시기: 조건 달성한 달 월말,https://www.moyoplan.com/plans/15068
37093,KT,[모요only] 5G 200분/10GB_12개월,사은품/페이백,"3대 마트 상품권, 네이버페이 2만원",,,20000,,False,,KT바로유심,"대상: 바로유심/바로배송유심 구매・개통 후 7개월 회선 유지한 고객 시기: 개통 후 4개월차 중순 1만원, 7개월차 중순 1만원",https://www.moyoplan.com/plans/37093
37093,KT,[모요only] 5G 200분/10GB_12개월,사은품/페이백,KT유심&배송비 무료,,,,,False,,,대상: 대상 요금제 개통한 고객 시기: 조건 달성한 즉시,https://www.moyoplan.com/plans/37093
35524,LGU+,캐시_데이터11G+일2G,사은품/페이백,캐시 상품권(택 1) 매월 제공,,,,,False,,,,https://www.moyoplan.com/plans/35524
35524,LGU+,캐시_데이터11G+일2G,사은품/페이백,NFC 유심 무료 제공,,,,,False,,,,https://www.moyoplan.com/plans/35524
35524,LGU+,캐시_데이터11G+일2G,사은품/페이백,4대 편의점 최대 10.1%적립,,,,,False,,,,https://www.moyoplan.com/plans/35524
21322,KT,[모요only] 쉐이크 LTE 7GB+_밀리의서재,OTT/구독,밀리의 서재 구독권 지급 이벤트,밀리의서재,,,,False,,,대상: 대상 요금제 개통한 고객 시기: 조건 달성한 즉시,https://www.moyoplan.com/plans/21322
21322,KT,[모요only] 쉐이크 LTE 7GB+_밀리의서재,사은품/페이백,매월 1천원 요금할인 (팝테일 가입·인증),,,1000,,False,,,대상: 이벤트 기간 내 대상요금제 개통 후 팝테일 가입·인증한 고객 시기: 개통 후 영업일 기준 D+2일 이내,https://www.moyoplan.com/plans/21322
21322,KT,[모요only] 쉐이크 LTE 7GB+_밀리의서재,사은품/페이백,"마트상품권, 네이버페이 최대 2만원",,,20000,,False,,KT바로유심,"대상: 바로유심/바로배송유심 구매・개통 후 7개월 회선 유지한 고객 시기: 개통 후 4개월차 말일 1만원, 7개월차 말일 1만원",https://www.moyoplan.com/plans/21322
21322,KT,[모요only] 쉐이크 LTE 7GB+_밀리의서재,추가데이터,SOLO결합(+5GB),,,,,False,,,대상: 대상 요금제 개통한 고객 시기: 조건 달성한 즉시,https://www.moyoplan.com/plans/21322
21322,KT,[모요only] 쉐이크 LTE 7GB+_밀리의서재,추가데이터,데이터 매월 10GB 추가 증정(24개월),,,,,False,,,대상: 대상 요금제 개통한 고객 시기: 조건 달성한 즉시,https://www.moyoplan.com/plans/21322
21322,KT,[모요only] 쉐이크 LTE 7GB+_밀리의서재,추가데이터,데이터쿠폰 20GB,,,,,False,,,"대상: 대상 요금제 개통 후, 지급시기까지 회선 유지한 고객 시기: 3개월 단위로 총 3회 제공",https://www.moyoplan.com/plans/21322
28101,KT,[모요only] [K] 핀다이렉트Z Max _PIN,사은품/페이백,"네이버페이, 마트 상품권 2만원",,,20000,,False,,KT바로유심,,https://www.moyoplan.com/plans/28101
28101,KT,[모요only] [K] 핀다이렉트Z Max _PIN,사은품/페이백,데이터 로밍 3일 무료 쿠폰,,,,,False,,,,https://www.moyoplan.com/plans/28101
28101,KT,[모요only] [K] 핀다이렉트Z Max _PIN,추가데이터,KT 데이터 결합 (추가데이터 20GB),,,,,False,,,,https://www.moyoplan.com/plans/28101
36248,KT,TOP 100GB 기본 (쿠팡캐시),추가데이터,솔로결합(+20GB),,,,,False,,,대상: 솔로결합 대상 요금제를 개통하고 '솔로결합'을 신청한 고객 시기: 조건 달성한 즉시,https://www.moyoplan.com/plans/36248
36248,KT,TOP 100GB 기본 (쿠팡캐시),사은품/페이백,"3대 마트 상품권, 네이버페이 2만원",,,20000,,False,,KT바로유심,대상: 대상 요금제 개통한 고객 시기: 바로유심/바로배송유심 구매・개통 후 7개월 회선유지시,https://www.moyoplan.com/plans/36248
36248,KT,TOP 100GB 기본 (쿠팡캐시),사은품/페이백,"쿠팡캐시 5,000원",,,5000,,False,,,"대상: 대상 요금제 개통한 고객 시기: 실 사용일수 30일 충족시, 31일차에 지급",https://www.moyoplan.com/plans/36248
33005,KT,EG 무제한 71G+3(밀리의 서재),OTT/구독,밀리의 서재 이용권 제공,밀리의서재,,,,False,,,대상: 대상 요금제 개통한 고객 시기: 조건 달성한 즉시,https://www.moyoplan.com/plans/33005
33005,KT,EG 무제한 71G+3(밀리의 서재),사은품/페이백,일반유심/배송비 무료,,,,,False,,택배일반유심,대상: 대상 요금제 개통 후 일반유심을 택배로 받을래요 신청 후 개통을 완료한 고객 시기: 조건 달성한 즉시,https://www.moyoplan.com/plans/33005
35836,KT,[모요only] [K] 핀다이렉트Z Mini + 밀리의서재(12) _PIN,OTT/구독,밀리의 서재 평생 무료 구독,밀리의서재,,,,False,,,,https://www.moyoplan.com/plans/35836
35836,KT,[모요only] [K] 핀다이렉트Z Mini + 밀리의서재(12) _PIN,사은품/페이백,"네이버페이, 마트 상품권 2만원",,,20000,,False,,KT바로유심,,https://www.moyoplan.com/plans/35836
35836,KT,[모요only] [K] 핀다이렉트Z Mini + 밀리의서재(12) _PIN,사은품/페이백,데이터 로밍 3일 무료 쿠폰,,,,,False,,,,https://www.moyoplan.com/plans/35836
35836,KT,[모요only] [K] 핀다이렉트Z Mini + 밀리의서재(12) _PIN,추가데이터,데이터 매월 10GB 추가 제공 (24개월간),,,,,False,,,,https://www.moyoplan.com/plans/35836
35836,KT,[모요only] [K] 핀다이렉트Z Mini + 밀리의서재(12) _PIN,추가데이터,KT 데이터 결합 (추가데이터 5GB),,,,,False,,,대상: 결합 완료,https://www.moyoplan.com/plans/35836
35819,KT,TOP 10GB 기본 (다이소),추가데이터,솔로결합(+10GB),,,,,False,,,,https://www.moyoplan.com/plans/35819
35819,KT,TOP 10GB 기본 (다이소),사은품/페이백,"3대 마트 상품권, 네이버페이 2만원",,,20000,,False,,KT바로유심,,https://www.moyoplan.com/plans/35819
35819,KT,TOP 10GB 기본 (다이소),사은품/페이백,"다이소 매월 5,000원 제공",,,5000,,False,,,"대상: 가입일부터 사용일수 30일 충족 시기: 실 사용일수 30일 충족시, 31일차에 지급",https://www.moyoplan.com/plans/35819
35819,KT,TOP 10GB 기본 (다이소),추가데이터,데이터 10GB 추가 제공(24개월간),,,,,False,,,,https://www.moyoplan.com/plans/35819
35818,KT,TOP 10GB 기본 (올리브영),추가데이터,솔로결합(+10GB),,,,,False,,,,https://www.moyoplan.com/plans/35818
35818,KT,TOP 10GB 기본 (올리브영),사은품/페이백,"3대 마트 상품권, 네이버페이 2만원",,,20000,,False,,KT바로유심,,https://www.moyoplan.com/plans/35818
35818,KT,TOP 10GB 기본 (올리브영),사은품/페이백,"올리브영 매월 5,000원 제공",,,5000,,False,,,"대상: 가입일부터 사용일수 30일 충족 시기: 실 사용일수 30일 충족시, 31일차에 지급",https://www.moyoplan.com/plans/35818
35818,KT,TOP 10GB 기본 (올리브영),추가데이터,데이터 10GB 추가 제공(24개월간),,,,,False,,,,https://www.moyoplan.com/plans/35818
36974,KT,5G 모두다 맘껏 70GB+(밀리의 서재 FREE),OTT/구독,밀리의 서재 평생 구독 0원,밀리의서재,,,,False,,,,https://www.moyoplan.com/plans/36974
36974,KT,5G 모두다 맘껏 70GB+(밀리의 서재 FREE),사은품/페이백,M마켓 포인트 16만원 (2만 X 8개월),,,160000,,False,,,,https://www.moyoplan.com/plans/36974
36974,KT,5G 모두다 맘껏 70GB+(밀리의 서재 FREE),사은품/페이백,삼성 자급제 이벤트 네이버페이 12만원,삼성 디바이스,,120000,,False,,,대상: 사은품 지급 시기까지 회선 유지 시기: 개통 후 2개월 말부터,https://www.moyoplan.com/plans/36974
36974,KT,5G 모두다 맘껏 70GB+(밀리의 서재 FREE),사은품/페이백,쿠팡유심 개통 시 쿠팡캐시 2만원,,,20000,,False,,쿠팡유심,"대상: 쿠팡 유심 구매·개통 후 혜택 지급까지 유지 시기: 1만원(4개월차), 1만원(7개월차)",https://www.moyoplan.com/plans/36974
36974,KT,5G 모두다 맘껏 70GB+(밀리의 서재 FREE),사은품/페이백,3대 마트 + 네이버페이 포인트 2만원,,,20000,,False,,KT바로유심,"대상: 바로유심/바로배송유심 구매·개통 후 혜택 지급까지 유지 시기: 1만원(4개월차), 1만원(7개월차)",https://www.moyoplan.com/plans/36974
36974,KT,5G 모두다 맘껏 70GB+(밀리의 서재 FREE),추가데이터,아무나SOLO 결합 데이터 10GB 추가 제공,,,,,False,,,대상: 아무나SOLO 결합 완료 시기: 결합 완료 시 별도의 신청 없이 즉시,https://www.moyoplan.com/plans/36974
29082,SKT,함께이야기해S 무한 10GB,사은품/페이백,"네이버페이 5,000원",,,5000,,False,,,대상: 대상 요금제 개통 후 개통월 내 리뷰 작성 후 1개월 회선 유지한 고객 시기: 조건 달성한 달 월말,https://www.moyoplan.com/plans/29082
35519,LGU+,모나500분8G,사은품/페이백,NFC 유심 무료 제공,,,,,False,,,,https://www.moyoplan.com/plans/35519
35519,LGU+,모나500분8G,사은품/페이백,4대 편의점 최대 10.1%적립,,,,,False,,,,https://www.moyoplan.com/plans/35519
35820,KT,TOP 10GB 기본 (네이버페이),추가데이터,솔로결합(+10GB),,,,,False,,,,https://www.moyoplan.com/plans/35820
35820,KT,TOP 10GB 기본 (네이버페이),사은품/페이백,"네이버페이 매월 5,000P 제공",,,,,False,,,,https://www.moyoplan.com/plans/35820
35820,KT,TOP 10GB 기본 (네이버페이),사은품/페이백,"3대 마트 상품권, 네이버페이 2만원",,,20000,,False,,KT바로유심,시기: 바로유심/바로배송유심 구매・개통 후 7개월 회선유지시,https://www.moyoplan.com/plans/35820
35820,KT,TOP 10GB 기본 (네이버페이),추가데이터,데이터 10GB 추가 제공(24개월간),,,,,False,,,,https://www.moyoplan.com/plans/35820
18625,KT,5G 모두 충분 200GB+(밀리의서재),OTT/구독,"밀리의서재(매월11,900원)평생 구독권",밀리의서재,,11900,,False,,,대상: 대상 요금제 개통한 고객 시기: 조건 달성한 즉시,https://www.moyoplan.com/plans/18625
18625,KT,5G 모두 충분 200GB+(밀리의서재),사은품/페이백,S-머니6만원(1만원X6개월),,,60000,,False,,모요유심,"대상: 모요에서 신청한 유심 개통 후, 1개월 회선 유지한 고객 시기: 개통월 기준 다음달 말부터 매월 말 지급",https://www.moyoplan.com/plans/18625
18625,KT,5G 모두 충분 200GB+(밀리의서재),사은품/페이백,"3대마트상품권, 네이버페이 2만원",,,20000,,False,,KT바로유심,"대상: 바로유심/바로배송유심 구매 후 모요 개통, 1개월 유지한 고객 시기: 조건 달성한 달 월말",https://www.moyoplan.com/plans/18625
37092,KT,[모요only] LTE 200분/ 10GB_12개월,사은품/페이백,"3대 마트 상품권, 네이버페이 2만원",,,20000,,False,,KT바로유심,"대상: 바로유심/바로배송유심 구매・개통 후 7개월 회선 유지한 고객 시기: 개통 후 4개월차 중순 1만원, 7개월차 중순 1만원",https://www.moyoplan.com/plans/37092
37092,KT,[모요only] LTE 200분/ 10GB_12개월,사은품/페이백,KT유심&배송비 무료,,,,,False,,,대상: 대상 요금제 개통한 고객 시기: 조건 달성한 즉시,https://www.moyoplan.com/plans/37092
27452,LGU+,Sugar 데이터많이 15GB+100분,사은품/페이백,개통완료 시 유심/배송비 무료 1개,,,,,False,,,,https://www.moyoplan.com/plans/27452
30942,KT,무제한 7GB+1M(다이소 매월 5000원),사은품/페이백,"3대 마트 상품권, 네이버페이 2만원",,,20000,,False,,KT바로유심,"대상: 바로유심/바로배송유심 구매・개통 후 7개월 회선 유지한 고객 시기: 개통 후 4개월차 중순 1만원, 7개월차 중순 1만원",https://www.moyoplan.com/plans/30942
30942,KT,무제한 7GB+1M(다이소 매월 5000원),사은품/페이백,"다이소상품권 매월 5,000원 제공",,,5000,,False,,,대상: 대상 요금제 개통 후 지급 시기까지 회선 유지한 고객 시기: 매월 실사용 30일사용시 익일 제공,https://www.moyoplan.com/plans/30942
30942,KT,무제한 7GB+1M(다이소 매월 5000원),추가데이터,데이터 매월 10GB 추가 증정 (24개월간),,,,,False,,,대상: 대상 요금제 개통한 고객 시기: 조건 달성한 즉시,https://www.moyoplan.com/plans/30942
30942,KT,무제한 7GB+1M(다이소 매월 5000원),추가데이터,추가데이터 5GB 제공,,,,,False,,,대상: 대상 요금제 개통 후 고고모바일 사용자 간 결합한 고객 시기: 조건 달성한 즉시,https://www.moyoplan.com/plans/30942
30942,KT,무제한 7GB+1M(다이소 매월 5000원),사은품/페이백,KT유심&배송비 무료,,,,,False,,,대상: 대상 요금제 개통한 고객 시기: 조건 달성한 즉시,https://www.moyoplan.com/plans/30942
8405,SKT,내맘대로S(200+6GB),사은품/페이백,"네이버페이 5,000원",,,5000,,False,,,,https://www.moyoplan.com/plans/8405
36211,LGU+,[평생할인] 데이터 마음대로 (4.5GB+/200분),사은품/페이백,일반 유심/배송비 무료,,,,,False,,,대상: 대상 요금제 개통한 고객 시기: 조건 달성한 즉시,https://www.moyoplan.com/plans/36211
9577,KT,데이터 충분 15GB+/100분,사은품/페이백,S-머니3만원(5천원X6개월),,,30000,,False,,모요유심,"대상: 모요에서 신청한 유심 개통 후, 1개월 회선 유지한 고객 시기: 개통월 기준 다음달 말부터 매월 말 지급",https://www.moyoplan.com/plans/9577
9577,KT,데이터 충분 15GB+/100분,사은품/페이백,"3대마트상품권, 네이버페이 2만원",,,20000,,False,,KT바로유심,"대상: 바로유심/바로배송유심 구매 후 모요 개통, 1개월 유지한 고객 시기: 조건 달성한 달 월말",https://www.moyoplan.com/plans/9577
33513,LGU+,실속데이터 100분 10GB,사은품/페이백,유심/배송비 무료,,,,,False,,,,https://www.moyoplan.com/plans/33513
31396,LGU+,[L] 핀다이렉트Z 11GB+,사은품/페이백,데이터 로밍 3일 무료 쿠폰,,,,,False,,,대상: 대상 요금제 개통한 고객 시기: 조건 달성한 즉시,https://www.moyoplan.com/plans/31396
24187,KT,[모요only] LTE 무제한 15GB+1M(CU20%할인),사은품/페이백,"3대 마트 상품권, 네이버페이 2만원",,,20000,,False,,KT바로유심,"대상: 바로유심/바로배송유심 구매・개통 후 7개월 회선 유지한 고객 시기: 개통 후 4개월차 중순 1만원, 7개월차 중순 1만원",https://www.moyoplan.com/plans/24187
24187,KT,[모요only] LTE 무제한 15GB+1M(CU20%할인),사은품/페이백,CU 20% 오프라인 결제할인,,,,,False,,,대상: 대상 요금제 개통한 고객 시기: 요금제 가입 후 익일에 발송,https://www.moyoplan.com/plans/24187
24187,KT,[모요only] LTE 무제한 15GB+1M(CU20%할인),추가데이터,추가데이터 10GB 제공,,,,,False,,,대상: 대상 요금제 개통 후 고고모바일 사용자 간 결합한 고객 시기: 조건 달성한 즉시,https://www.moyoplan.com/plans/24187
24187,KT,[모요only] LTE 무제한 15GB+1M(CU20%할인),추가데이터,데이터 매월 10GB 추가 증정 (24개월간),,,,,False,,,대상: 대상 요금제 개통한 고객 시기: 조건 달성한 즉시,https://www.moyoplan.com/plans/24187
24187,KT,[모요only] LTE 무제한 15GB+1M(CU20%할인),사은품/페이백,KT유심&배송비 무료,,,,,False,,,대상: 대상 요금제 개통한 고객 시기: 조건 달성한 즉시,https://www.moyoplan.com/plans/24187
24195,KT,5G200분/15GB,사은품/페이백,"3대 마트 상품권, 네이버페이 2만원",,,20000,,False,,KT바로유심,"대상: 바로유심/바로배송유심 구매・개통 후 7개월 회선 유지한 고객 시기: 개통 후 4개월차 중순 1만원, 7개월차 중순 1만원",https://www.moyoplan.com/plans/24195
24195,KT,5G200분/15GB,사은품/페이백,KT유심&배송비 무료,,,,,False,,,대상: 대상 요금제 개통한 고객 시기: 조건 달성한 즉시,https://www.moyoplan.com/plans/24195
23370,KT,[모요only] 쉐이크 LTE 15GB+/100분_CU,사은품/페이백,매월 1천원 요금할인 (팝테일 가입·인증),,,1000,,False,,,대상: 이벤트 기간 내 대상요금제 개통 후 팝테일 가입·인증한 고객 시기: 개통 후 영업일 기준 D+2일 이내,https://www.moyoplan.com/plans/23370
23370,KT,[모요only] 쉐이크 LTE 15GB+/100분_CU,사은품/페이백,"마트상품권, 네이버페이 최대 2만원",,,20000,,False,,KT바로유심,"대상: 바로유심/바로배송유심 구매・개통 후 7개월 회선 유지한 고객 시기: 개통 후 4개월차 말일 1만원, 7개월차 말일 1만원",https://www.moyoplan.com/plans/23370
23370,KT,[모요only] 쉐이크 LTE 15GB+/100분_CU,사은품/페이백,CU 20% 오프라인 결제할인,,,,,False,,,대상: 대상 요금제 개통한 고객 시기: 조건 달성한 다음 달 월초,https://www.moyoplan.com/plans/23370
23370,KT,[모요only] 쉐이크 LTE 15GB+/100분_CU,추가데이터,SOLO결합(+10GB),,,,,False,,,대상: 대상 요금제 개통한 고객 시기: 조건 달성한 즉시,https://www.moyoplan.com/plans/23370
23370,KT,[모요only] 쉐이크 LTE 15GB+/100분_CU,추가데이터,데이터쿠폰 20GB,,,,,False,,,"대상: 대상 요금제 개통 후, 지급시기까지 회선 유지한 고객 시기: 3개월 단위로 총 3회 제공",https://www.moyoplan.com/plans/23370
32415,KT,EG 무제한 11G+3(매월 NPAY5000P),사은품/페이백,"네이버페이 매달 5,000P",,,,,False,,,대상: 대상 요금제 개통 후 1개월 회선 유지한 고객 시기: 조건 달성한 즉시,https://www.moyoplan.com/plans/32415
32415,KT,EG 무제한 11G+3(매월 NPAY5000P),사은품/페이백,일반유심/배송비 무료,,,,,False,,택배일반유심,대상: 대상 요금제 개통 후 일반유심을 택배로 받을래요 신청 후 개통을 완료한 고객 시기: 조건 달성한 즉시,https://www.moyoplan.com/plans/32415
36689,LGU+,[평생할인] 유심 5G 95GB+,사은품/페이백,일반 유심/배송비 무료,,,,,False,,,대상: 대상 요금제 개통한 고객 시기: 조건 달성한 즉시,https://www.moyoplan.com/plans/36689
33955,KT,TOP 11GB 기본 (네이버페이),추가데이터,솔로결합(+20GB),,,,,False,,,,https://www.moyoplan.com/plans/33955
33955,KT,TOP 11GB 기본 (네이버페이),사은품/페이백,"네이버페이 매월 5,000P 제공",,,,,False,,,,https://www.moyoplan.com/plans/33955
33955,KT,TOP 11GB 기본 (네이버페이),사은품/페이백,"3대 마트 상품권, 네이버페이 2만원",,,20000,,False,,KT바로유심,,https://www.moyoplan.com/plans/33955
36339,KT,가성비플러스(30GB/350분)_12개월할인,사은품/페이백,마트 상품권/네이버페이 1만원 증정,,,10000,,False,,KT바로유심,대상: 바로유심/바로배송유심 구매・개통 후 7개월 회선 유지한 고객 시기: 조건 달성한 달 월말,https://www.moyoplan.com/plans/36339
36339,KT,가성비플러스(30GB/350분)_12개월할인,사은품/페이백,마트 상품권/네이버페이 1만원 증정,,,10000,,False,,KT바로유심,대상: 바로유심/바로배송유심 구매・개통 후 4개월 회선 유지한 고객 시기: 조건 달성한 달 월말,https://www.moyoplan.com/plans/36339
33953,KT,TOP 11GB 기본 (올리브영),추가데이터,솔로결합(+20GB),,,,,False,,,,https://www.moyoplan.com/plans/33953
33953,KT,TOP 11GB 기본 (올리브영),사은품/페이백,"3대 마트 상품권, 네이버페이 2만원",,,20000,,False,,KT바로유심,,https://www.moyoplan.com/plans/33953
33953,KT,TOP 11GB 기본 (올리브영),사은품/페이백,"올리브영 매월 5,000원 제공",,,5000,,False,,,,https://www.moyoplan.com/plans/33953
35504,LGU+,The 완전마음껏 100G+(다이소 매월 5000P),사은품/페이백,"24개월 간 다이소 상품권 5,000원 쿠폰",,,5000,,False,,,,https://www.moyoplan.com/plans/35504
35506,LGU+,The 완전마음껏 100G+(카톡 이모티콘+예스24e북),OTT/구독,예스24 크레마클럽 구독권 (24개월),,,,,False,,,,https://www.moyoplan.com/plans/35506
35506,LGU+,The 완전마음껏 100G+(카톡 이모티콘+예스24e북),사은품/페이백,카카오이모티콘 플러스 매월 무료 제공,,,,,False,,,,https://www.moyoplan.com/plans/35506
35530,KT,TOP 10GB 기본 (네이버페이),추가데이터,솔로결합(+10GB),,,,,False,,,,https://www.moyoplan.com/plans/35530
35530,KT,TOP 10GB 기본 (네이버페이),사은품/페이백,"네이버페이 매월 5,000P 제공",,,,,False,,,,https://www.moyoplan.com/plans/35530
35530,KT,TOP 10GB 기본 (네이버페이),사은품/페이백,"3대 마트 상품권, 네이버페이 2만원",,,20000,,False,,KT바로유심,시기: 바로유심/바로배송유심 구매・개통 후 7개월 회선유지시,https://www.moyoplan.com/plans/35530
35530,KT,TOP 10GB 기본 (네이버페이),추가데이터,데이터 10GB 추가 제공(24개월간),,,,,False,,,,https://www.moyoplan.com/plans/35530
18624,KT,5G 모두 충분 110GB+(밀리의서재),OTT/구독,"밀리의서재(매월11,900원)평생 구독권",밀리의서재,,11900,,False,,,대상: 대상 요금제 개통한 고객 시기: 조건 달성한 즉시,https://www.moyoplan.com/plans/18624
18624,KT,5G 모두 충분 110GB+(밀리의서재),사은품/페이백,S-머니6만원(1만원X6개월),,,60000,,False,,모요유심,"대상: 모요에서 신청한 유심 개통 후, 1개월 회선 유지한 고객 시기: 개통월 기준 다음달 말부터 매월 말 지급",https://www.moyoplan.com/plans/18624
18624,KT,5G 모두 충분 110GB+(밀리의서재),사은품/페이백,"3대마트상품권, 네이버페이 2만원",,,20000,,False,,KT바로유심,"대상: 바로유심/바로배송유심 구매 후 모요 개통, 1개월 유지한 고객 시기: 조건 달성한 달 월말",https://www.moyoplan.com/plans/18624
14757,KT,모두 충분 11.0GB+(기프티쇼),사은품/페이백,S-머니6만원(1만원X6개월),,,60000,,False,,모요유심,"대상: 모요에서 신청한 유심 개통 후, 1개월 회선 유지한 고객 시기: 개통월 기준 다음달 말부터 매월 말 지급",https://www.moyoplan.com/plans/14757
14757,KT,모두 충분 11.0GB+(기프티쇼),사은품/페이백,"3대마트상품권, 네이버페이 2만원",,,20000,,False,,KT바로유심,"대상: 바로유심/바로배송유심 구매 후 모요 개통, 1개월 유지한 고객 시기: 조건 달성한 달 월말",https://www.moyoplan.com/plans/14757
18747,KT,[모요only] 무제한 15GB+1M(밀리의서재 Free),OTT/구독,"밀리의 서재 구독권(11,900원 상당) 제공",밀리의서재,,11900,,False,,,대상: 대상 요금제 개통한 고객 시기: 조건 달성한 즉시,https://www.moyoplan.com/plans/18747
18747,KT,[모요only] 무제한 15GB+1M(밀리의서재 Free),사은품/페이백,"3대 마트 상품권, 네이버페이 2만원",,,20000,,False,,KT바로유심,"대상: 바로유심/바로배송유심 구매・개통 후 7개월 회선 유지한 고객 시기: 개통 후 4개월차 중순 1만원, 7개월차 중순 1만원",https://www.moyoplan.com/plans/18747
18747,KT,[모요only] 무제한 15GB+1M(밀리의서재 Free),추가데이터,추가데이터 10GB 제공,,,,,False,,,대상: 대상 요금제 개통 후 고고모바일 사용자 간 결합한 고객 시기: 조건 달성한 즉시,https://www.moyoplan.com/plans/18747
18747,KT,[모요only] 무제한 15GB+1M(밀리의서재 Free),추가데이터,데이터 매월 10GB 추가 증정 (24개월간),,,,,False,,,대상: 대상 요금제 개통한 고객 시기: 조건 달성한 즉시,https://www.moyoplan.com/plans/18747
18747,KT,[모요only] 무제한 15GB+1M(밀리의서재 Free),사은품/페이백,KT유심&배송비 무료,,,,,False,,,대상: 대상 요금제 개통한 고객 시기: 조건 달성한 즉시,https://www.moyoplan.com/plans/18747
29999,LGU+,더중앙+모나_11G+일2G,OTT/구독,더중앙플러스 구독권 매월 제공,,,,,False,,,대상: 대상 요금제 개통 후 1개월 회선 유지한 고객 시기: 조건 달성한 달 20일,https://www.moyoplan.com/plans/29999
29999,LGU+,더중앙+모나_11G+일2G,사은품/페이백,NFC 유심 무료 제공,,,,,False,,,대상: 대상 요금제 개통한 고객 시기: 개통즉시,https://www.moyoplan.com/plans/29999
29999,LGU+,더중앙+모나_11G+일2G,사은품/페이백,4대 편의점 최대 10.1%적립,,,,,False,,,대상: 대상 요금제 개통 후 멤버십카드 등록한 고객 시기: 개통즉시,https://www.moyoplan.com/plans/29999
20323,SKT,함께이야기해S(200분+10GB),사은품/페이백,"네이버페이 5,000원",,,5000,,False,,,대상: 대상 요금제 개통 후 개통월 내 리뷰 작성 후 1개월 회선 유지한 고객 시기: 조건 달성한 달 월말,https://www.moyoplan.com/plans/20323
30861,LGU+,이지 15G(100)+,사은품/페이백,일반유심/배송비 무료,,,,,False,,택배일반유심,대상: 대상 요금제 개통 후 일반유심을 택배로 받을래요 신청 후 개통을 완료한 고객 시기: 조건 달성한 즉시,https://www.moyoplan.com/plans/30861
12276,SKT,내맘대로S(300+1GB),사은품/페이백,"네이버페이 5,000원",,,5000,,False,,,,https://www.moyoplan.com/plans/12276
26992,LGU+,The 마음껏 매일5G+(다이소 매월 5000P),사은품/페이백,"24개월 간 다이소 상품권 5,000원 쿠폰",,,5000,,False,,,,https://www.moyoplan.com/plans/26992
34916,KT,ONE 5G 20GB 기본,사은품/페이백,"3대 마트 상품권, 네이버페이 2만원",,,20000,,False,,KT바로유심,,https://www.moyoplan.com/plans/34916
33948,KT,TOP 15GB 100분 (다이소),추가데이터,솔로결합(+10GB),,,,,False,,,,https://www.moyoplan.com/plans/33948
33948,KT,TOP 15GB 100분 (다이소),사은품/페이백,"3대 마트 상품권, 네이버페이 2만원",,,20000,,False,,KT바로유심,,https://www.moyoplan.com/plans/33948
33948,KT,TOP 15GB 100분 (다이소),사은품/페이백,"다이소 매월 5,000원 제공",,,5000,,False,,,,https://www.moyoplan.com/plans/33948
31460,KT,모두 충분 11GB+(다이소_5000),사은품/페이백,S-머니6만원(1만원X6개월),,,60000,,False,,모요유심,"대상: 모요에서 신청한 유심 개통 후, 1개월 회선 유지한 고객 시기: 개통월 기준 다음달 말부터 매월 말 지급",https://www.moyoplan.com/plans/31460
31460,KT,모두 충분 11GB+(다이소_5000),사은품/페이백,"3대마트상품권, 네이버페이 2만원",,,20000,,False,,KT바로유심,"대상: 바로유심/바로배송유심 구매 후 모요 개통, 1개월 유지한 고객 시기: 조건 달성한 달 월말",https://www.moyoplan.com/plans/31460
33517,KT,TOP 7GB 기본 (다이소),추가데이터,솔로결합(+5GB),,,,,False,,,,https://www.moyoplan.com/plans/33517
33517,KT,TOP 7GB 기본 (다이소),사은품/페이백,"3대 마트 상품권, 네이버페이 2만원",,,20000,,False,,KT바로유심,,https://www.moyoplan.com/plans/33517
33517,KT,TOP 7GB 기본 (다이소),사은품/페이백,"다이소 매월 5,000원 제공",,,5000,,False,,,"대상: 가입일부터 사용일수 30일 충족 시기: 실 사용일수 30일 충족시, 31일차에 지급",https://www.moyoplan.com/plans/33517
33517,KT,TOP 7GB 기본 (다이소),추가데이터,데이터 10GB 추가 제공(24개월간),,,,,False,,,,https://www.moyoplan.com/plans/33517
29400,KT,모두 충분 15GB+(올리브영_5000),사은품/페이백,S-머니3만원(5천원X6개월),,,30000,,False,,모요유심,"대상: 모요에서 신청한 유심 개통 후, 1개월 회선 유지한 고객 시기: 개통월 기준 다음달 말부터 매월 말 지급",https://www.moyoplan.com/plans/29400
29400,KT,모두 충분 15GB+(올리브영_5000),사은품/페이백,"3대마트상품권, 네이버페이 2만원",,,20000,,False,,KT바로유심,"대상: 바로유심/바로배송유심 구매 후 모요 개통, 1개월 유지한 고객 시기: 조건 달성한 달 월말",https://www.moyoplan.com/plans/29400
18602,KT,모두 충분 11GB+(웨이브),사은품/페이백,S-머니6만원(1만원X6개월),,,60000,,False,,모요유심,"대상: 모요에서 신청한 유심 개통 후, 1개월 회선 유지한 고객 시기: 개통월 기준 다음달 말부터 매월 말 지급",https://www.moyoplan.com/plans/18602
18602,KT,모두 충분 11GB+(웨이브),사은품/페이백,"3대마트상품권, 네이버페이 2만원",,,20000,,False,,KT바로유심,"대상: 바로유심/바로배송유심 구매 후 모요 개통, 1개월 유지한 고객 시기: 조건 달성한 달 월말",https://www.moyoplan.com/plans/18602
20104,LGU+,"[일반] 통화, 데이터 마음대로 7GB+_24개월",사은품/페이백,일반 유심/배송비 무료,,,,,False,,,,https://www.moyoplan.com/plans/20104
30863,KT,EG 5G평생 2.5GB,사은품/페이백,일반유심/배송비 무료,,,,,False,,택배일반유심,대상: 대상 요금제 개통 후 일반유심을 택배로 받을래요 신청 후 개통을 완료한 고객 시기: 조건 달성한 즉시,https://www.moyoplan.com/plans/30863
34901,LGU+,The 데이터마음껏15G＋(100분)(스타벅스 매월 5000P),사은품/페이백,"스타벅스 교환권 5,000P x 24개월 제공",,,,,False,,,,https://www.moyoplan.com/plans/34901
33089,LGU+,The 마음껏 매일5G＋(올리브영 매월 5000P),사은품/페이백,"올리브영 24개월간 매월 5,000원 상품권",,,5000,,False,,,,https://www.moyoplan.com/plans/33089
30009,LGU+,[올리브영 12만원] 15GB+/300분,사은품/페이백,올리브영 12만원 혜택,,,120000,,False,,,대상: 대상 요금제 개통 후 1개월 회선 유지한 고객 시기: 조건 달성한 달 16일,https://www.moyoplan.com/plans/30009
26987,LGU+,The 완전마음껏7G+(다이소 매월 5000P),사은품/페이백,"24개월 간 다이소 상품권 5,000원 쿠폰",,,5000,,False,,,,https://www.moyoplan.com/plans/26987
11198,LGU+,슬림 안심 유심 2.5GB 200분,사은품/페이백,네이버페이 매달 5천원 페이백(6개월),,,30000,,False,,,,https://www.moyoplan.com/plans/11198
11198,LGU+,슬림 안심 유심 2.5GB 200분,사은품/페이백,프레딧 쿠폰 2만원(5천원*4개월),,,20000,,False,,,,https://www.moyoplan.com/plans/11198
11198,LGU+,슬림 안심 유심 2.5GB 200분,OTT/구독,구글 AI프로+도미노피자 할인쿠폰,,,,,False,,,,https://www.moyoplan.com/plans/11198
11198,LGU+,슬림 안심 유심 2.5GB 200분,OTT/구독,토스미·오픽미 AI 모의고사,,,,,False,,,,https://www.moyoplan.com/plans/11198
24715,LGU+,교보문고 북 플러스알파 10GB+,사은품/페이백,교보문고 sam무제한 이용권 제공 (24개월),,,,,False,,,,https://www.moyoplan.com/plans/24715
24715,LGU+,교보문고 북 플러스알파 10GB+,사은품/페이백,교보문고 e교환권 1천원권 제공 (24개월),,,1000,,False,,,,https://www.moyoplan.com/plans/24715
23966,LGU+,Sugar(180분/9GB),사은품/페이백,개통완료 시 유심/배송비 무료 1개,,,,,False,,,,https://www.moyoplan.com/plans/23966
13976,SKT,함께이야기해S(100분+20GB),사은품/페이백,"네이버페이 5,000원",,,5000,,False,,,대상: 대상 요금제 개통 후 개통월 내 리뷰 작성 후 1개월 회선 유지한 고객 시기: 조건 달성한 달 월말,https://www.moyoplan.com/plans/13976
27455,LGU+,Sugar 데이터많이 15GB+300분,사은품/페이백,개통완료 시 유심/배송비 무료 1개,,,,,False,,,,https://www.moyoplan.com/plans/27455
31337,LGU+,The 완전마음껏15G+(100분)(컬쳐랜드 문화상품권 매월 5000P),사은품/페이백,컬쳐랜드 모바일상품권 5천원 증정 (24개월),,,5000,,False,,,,https://www.moyoplan.com/plans/31337
32020,LGU+,이지 더 오래쓰는 무제한 7G+1,사은품/페이백,일반유심/배송비 무료,,,,,False,,택배일반유심,,https://www.moyoplan.com/plans/32020
34743,LGU+,[5G]이지 무제한 95GB+3M,사은품/페이백,일반유심/배송비 무료,,,,,False,,택배일반유심,대상: 대상 요금제 개통 후 일반유심을 택배로 받을래요 신청 후 개통을 완료한 고객 시기: 조건 달성한 즉시,https://www.moyoplan.com/plans/34743
11201,LGU+,보편 안심 유심 5GB 100분,사은품/페이백,네이버페이 매달 5천원 페이백(6개월),,,30000,,False,,,,https://www.moyoplan.com/plans/11201
11201,LGU+,보편 안심 유심 5GB 100분,사은품/페이백,프레딧 쿠폰 2만원(5천원*4개월),,,20000,,False,,,,https://www.moyoplan.com/plans/11201
11201,LGU+,보편 안심 유심 5GB 100분,OTT/구독,구글 AI프로+도미노피자 할인쿠폰,,,,,False,,,,https://www.moyoplan.com/plans/11201
11201,LGU+,보편 안심 유심 5GB 100분,OTT/구독,토스미·오픽미 AI 모의고사,,,,,False,,,,https://www.moyoplan.com/plans/11201
35529,KT,TOP 10GB 기본 (다이소),추가데이터,솔로결합(+10GB),,,,,False,,,,https://www.moyoplan.com/plans/35529
35529,KT,TOP 10GB 기본 (다이소),사은품/페이백,"3대 마트 상품권, 네이버페이 2만원",,,20000,,False,,KT바로유심,,https://www.moyoplan.com/plans/35529
35529,KT,TOP 10GB 기본 (다이소),사은품/페이백,"다이소 매월 5,000원 제공",,,5000,,False,,,"대상: 가입일부터 사용일수 30일 충족 시기: 실 사용일수 30일 충족시, 31일차에 지급",https://www.moyoplan.com/plans/35529
35529,KT,TOP 10GB 기본 (다이소),추가데이터,데이터 10GB 추가 제공(24개월간),,,,,False,,,,https://www.moyoplan.com/plans/35529
29976,KT,모두 충분 10GB+(다이소_5000),사은품/페이백,S-머니3만원(5천원X6개월),,,30000,,False,,모요유심,"대상: 모요에서 신청한 유심 개통 후, 1개월 회선 유지한 고객 시기: 개통월 기준 다음달 말부터 매월 말 지급",https://www.moyoplan.com/plans/29976
29976,KT,모두 충분 10GB+(다이소_5000),사은품/페이백,"3대마트상품권, 네이버페이 2만원",,,20000,,False,,KT바로유심,"대상: 바로유심/바로배송유심 구매 후 모요 개통, 1개월 유지한 고객 시기: 조건 달성한 달 월말",https://www.moyoplan.com/plans/29976
24431,KT,완전마음껏 7GB＋＋(네이버페이 매월 5000P),사은품/페이백,네이버페이 매달 5천원 페이백 (평생),,,5000,,False,,,,https://www.moyoplan.com/plans/24431
24431,KT,완전마음껏 7GB＋＋(네이버페이 매월 5000P),사은품/페이백,마트 상품권/네이버페이 1만원 증정,,,10000,,False,,KT바로유심,대상: 바로유심/바로배송유심 구매・개통 후 7개월 회선 유지한 고객 시기: 조건 달성한 달 월말,https://www.moyoplan.com/plans/24431
24431,KT,완전마음껏 7GB＋＋(네이버페이 매월 5000P),사은품/페이백,마트 상품권/네이버페이 1만원 증정,,,10000,,False,,KT바로유심,대상: 바로유심/바로배송유심 구매・개통 후 4개월 회선 유지한 고객 시기: 조건 달성한 달 월말,https://www.moyoplan.com/plans/24431
24431,KT,완전마음껏 7GB＋＋(네이버페이 매월 5000P),추가데이터,개통시 매월 10GB 데이터 추가 지급,,,,,False,,,"대상: 대상 요금제 개통한 고객 시기: 개통 익일 제공, 익월부터는 매월초 제공",https://www.moyoplan.com/plans/24431
33954,KT,TOP 11GB 기본 (다이소),추가데이터,솔로결합(+20GB),,,,,False,,,,https://www.moyoplan.com/plans/33954
33954,KT,TOP 11GB 기본 (다이소),사은품/페이백,"3대 마트 상품권, 네이버페이 2만원",,,20000,,False,,KT바로유심,,https://www.moyoplan.com/plans/33954
33954,KT,TOP 11GB 기본 (다이소),사은품/페이백,"다이소 매월 5,000원 제공",,,5000,,False,,,,https://www.moyoplan.com/plans/33954
18642,KT,모두 충분 11GB+(배달의 민족),사은품/페이백,S-머니6만원(1만원X6개월),,,60000,,False,,모요유심,"대상: 모요에서 신청한 유심 개통 후, 1개월 회선 유지한 고객 시기: 개통월 기준 다음달 말부터 매월 말 지급",https://www.moyoplan.com/plans/18642
18642,KT,모두 충분 11GB+(배달의 민족),사은품/페이백,"3대마트상품권, 네이버페이 2만원",,,20000,,False,,KT바로유심,"대상: 바로유심/바로배송유심 구매 후 모요 개통, 1개월 유지한 고객 시기: 조건 달성한 달 월말",https://www.moyoplan.com/plans/18642
20102,LGU+,[일반] 데이터 마음대로 (15GB+/300분)_24개월,사은품/페이백,일반 유심/배송비 무료,,,,,False,,,,https://www.moyoplan.com/plans/20102
36245,KT,TOP 11GB 기본 (쿠팡캐시),추가데이터,솔로결합(+20GB),,,,,False,,,,https://www.moyoplan.com/plans/36245
36245,KT,TOP 11GB 기본 (쿠팡캐시),사은품/페이백,"3대 마트 상품권, 네이버페이 2만원",,,20000,,False,,KT바로유심,,https://www.moyoplan.com/plans/36245
36245,KT,TOP 11GB 기본 (쿠팡캐시),사은품/페이백,"쿠팡캐시 5,000원",,,5000,,False,,,,https://www.moyoplan.com/plans/36245
16287,SKT,이야기 스탠다드S 11GB+,사은품/페이백,"네이버페이 5,000원",,,5000,,False,,,,https://www.moyoplan.com/plans/16287
36306,LGU+,[평생할인] 데이터 마음대로 (10GB+/200분),사은품/페이백,일반 유심/배송비 무료,,,,,False,,,대상: 대상 요금제 개통한 고객 시기: 조건 달성한 즉시,https://www.moyoplan.com/plans/36306
35528,KT,TOP 10GB 기본 (올리브영),추가데이터,솔로결합(+10GB),,,,,False,,,,https://www.moyoplan.com/plans/35528
35528,KT,TOP 10GB 기본 (올리브영),사은품/페이백,"3대 마트 상품권, 네이버페이 2만원",,,20000,,False,,KT바로유심,,https://www.moyoplan.com/plans/35528
35528,KT,TOP 10GB 기본 (올리브영),사은품/페이백,"올리브영 매월 5,000원 제공",,,5000,,False,,,"대상: 가입일부터 사용일수 30일 충족 시기: 실 사용일수 30일 충족시, 31일차에 지급",https://www.moyoplan.com/plans/35528
35528,KT,TOP 10GB 기본 (올리브영),추가데이터,데이터 10GB 추가 제공(24개월간),,,,,False,,,,https://www.moyoplan.com/plans/35528
23447,KT,데이터 충분 15GB+/300분(CU),사은품/페이백,S-머니3만원(5천원X6개월),,,30000,,False,,모요유심,"대상: 모요에서 신청한 유심 개통 후, 1개월 회선 유지한 고객 시기: 개통월 기준 다음달 말부터 매월 말 지급",https://www.moyoplan.com/plans/23447
23447,KT,데이터 충분 15GB+/300분(CU),사은품/페이백,CU 연간 6만원 할인 평생 제공,,,60000,,False,,,대상: 대상 요금제 개통한 고객 시기: 조건 달성한 즉시,https://www.moyoplan.com/plans/23447
23447,KT,데이터 충분 15GB+/300분(CU),사은품/페이백,"3대마트상품권, 네이버페이 2만원",,,20000,,False,,KT바로유심,"대상: 바로유심/바로배송유심 구매 후 모요 개통, 1개월 유지한 고객 시기: 조건 달성한 달 월말",https://www.moyoplan.com/plans/23447
27677,SKT,티플 CGV 15GB＋(100분),사은품/페이백,CGV 2D영화 8천원 관람권 2매,,,8000,,False,,,대상: 대상 요금제 개통 후 1개월 회선 유지한 고객 시기: 조건 달성한 달 월말,https://www.moyoplan.com/plans/27677
27677,SKT,티플 CGV 15GB＋(100분),사은품/페이백,CGV 스몰세트 교환권,,,,,False,,,대상: 대상 요금제 개통 후 1개월 회선 유지한 고객 시기: 조건 달성한 달 월말,https://www.moyoplan.com/plans/27677
36244,KT,TOP 7GB 기본 (쿠팡캐시),추가데이터,솔로결합(+5GB),,,,,False,,,,https://www.moyoplan.com/plans/36244
36244,KT,TOP 7GB 기본 (쿠팡캐시),사은품/페이백,"3대 마트 상품권, 네이버페이 2만원",,,20000,,False,,KT바로유심,,https://www.moyoplan.com/plans/36244
36244,KT,TOP 7GB 기본 (쿠팡캐시),사은품/페이백,"쿠팡캐시 5,000원",,,5000,,False,,,"시기: 실 사용일수 30일 충족시, 31일차에 지급",https://www.moyoplan.com/plans/36244
36244,KT,TOP 7GB 기본 (쿠팡캐시),추가데이터,데이터 10GB 추가 제공(24개월간),,,,,False,,,,https://www.moyoplan.com/plans/36244
8140,LGU+,내맘대로 (50분+500MB),사은품/페이백,"네이버페이 5,000원",,,5000,,False,,,대상: 대상 요금제 개통 후 개통월 내 리뷰 작성 후 1개월 회선 유지한 고객 시기: 조건 달성한 달 월말,https://www.moyoplan.com/plans/8140
33939,KT,TOP 7GB 기본 (다이소),추가데이터,솔로결합(+5GB),,,,,False,,,,https://www.moyoplan.com/plans/33939
33939,KT,TOP 7GB 기본 (다이소),사은품/페이백,"3대 마트 상품권, 네이버페이 2만원",,,20000,,False,,KT바로유심,,https://www.moyoplan.com/plans/33939
33939,KT,TOP 7GB 기본 (다이소),사은품/페이백,"다이소 매월 5,000원 제공",,,5000,,False,,,"대상: 가입일부터 사용일수 30일 충족 시기: 실 사용일수 30일 충족시, 31일차에 지급",https://www.moyoplan.com/plans/33939
33939,KT,TOP 7GB 기본 (다이소),추가데이터,데이터 10GB 추가 제공(24개월간),,,,,False,,,,https://www.moyoplan.com/plans/33939
14985,KT,5G 모두 충분 110GB+,사은품/페이백,S-머니6만원(1만원X6개월),,,60000,,False,,모요유심,"대상: 모요에서 신청한 유심 개통 후, 1개월 회선 유지한 고객 시기: 개통월 기준 다음달 말부터 매월 말 지급",https://www.moyoplan.com/plans/14985
14985,KT,5G 모두 충분 110GB+,사은품/페이백,"3대마트상품권, 네이버페이 2만원",,,20000,,False,,KT바로유심,"대상: 바로유심/바로배송유심 구매 후 모요 개통, 1개월 유지한 고객 시기: 조건 달성한 달 월말",https://www.moyoplan.com/plans/14985
29930,LGU+,[KG모바일 스페셜] 데이터 마음대로 (15GB+/100분),사은품/페이백,"GS25 편의점 상품권 5,000원",,,5000,,False,,,대상: 이벤트 기간 내 요금제 개통 후 1개월 회선 유지한 고객 시기: 조건 달성한 달 월말,https://www.moyoplan.com/plans/29930
29930,LGU+,[KG모바일 스페셜] 데이터 마음대로 (15GB+/100분),사은품/페이백,일반 유심/배송비 무료,,,,,False,,,대상: 대상 요금제 개통한 고객 시기: 조건 달성한 즉시,https://www.moyoplan.com/plans/29930
37428,KT,5G 티플 200G＋(밀리의서재),OTT/구독,밀리의 서재 전자책 정기구독 혜택 매월 제공,밀리의서재,,,,False,,,,https://www.moyoplan.com/plans/37428
26995,LGU+,Sugar 매니아 10GB+1Mbps,사은품/페이백,개통완료 시 유심/배송비 무료 1개,,,,,False,,,,https://www.moyoplan.com/plans/26995
33516,KT,TOP 7GB 기본 (올리브영),추가데이터,솔로결합(+5GB),,,,,False,,,,https://www.moyoplan.com/plans/33516
33516,KT,TOP 7GB 기본 (올리브영),사은품/페이백,"3대 마트 상품권, 네이버페이 2만원",,,20000,,False,,KT바로유심,,https://www.moyoplan.com/plans/33516
33516,KT,TOP 7GB 기본 (올리브영),사은품/페이백,"올리브영 매월 5,000원 제공",,,5000,,False,,,"대상: 가입일부터 사용일수 30일 충족 시기: 실 사용일수 30일 충족시, 31일차에 지급",https://www.moyoplan.com/plans/33516
33516,KT,TOP 7GB 기본 (올리브영),추가데이터,데이터 10GB 추가 제공(24개월간),,,,,False,,,,https://www.moyoplan.com/plans/33516
18991,LGU+,[L] DIGITAL DETOX 5GB 챌린지,사은품/페이백,데이터 로밍 3일 무료 쿠폰,,,,,False,,,대상: 대상 요금제 개통한 고객 시기: 조건 달성한 즉시,https://www.moyoplan.com/plans/18991
35441,SKT,[S]올리브영100GB+,사은품/페이백,"올리브영 상품권 매달 7,000원 지급",,,7000,,False,,,,https://www.moyoplan.com/plans/35441
35441,SKT,[S]올리브영100GB+,추가데이터,SOLO결합 데이터 20GB 지급,,,,,False,,,,https://www.moyoplan.com/plans/35441
28152,LGU+,[모요 전용] 데이터 마음대로 (15GB+/100분),사은품/페이백,"네이버페이 10,000원",,,10000,,False,,,대상: 이벤트 기간 내 요금제 개통 후 1개월 회선 유지한 고객 시기: 조건 달성한 달 월말,https://www.moyoplan.com/plans/28152
36975,KT,5G 모두다 맘껏 50GB+,사은품/페이백,M마켓 포인트 16만원 (2만 X 8개월),,,160000,,False,,,,https://www.moyoplan.com/plans/36975
36975,KT,5G 모두다 맘껏 50GB+,사은품/페이백,삼성 자급제 이벤트 네이버페이 12만원,삼성 디바이스,,120000,,False,,,,https://www.moyoplan.com/plans/36975
36975,KT,5G 모두다 맘껏 50GB+,사은품/페이백,쿠팡유심 개통 시 쿠팡캐시 2만원,,,20000,,False,,쿠팡유심,"대상: 쿠팡 유심 구매·개통 후 혜택 지급까지 유지 시기: 1만원(4개월차), 1만원(7개월차)",https://www.moyoplan.com/plans/36975
36975,KT,5G 모두다 맘껏 50GB+,사은품/페이백,3대 마트 + 네이버페이 포인트 2만원,,,20000,,False,,KT바로유심,"대상: 바로유심/바로배송유심 구매·개통 후 혜택 지급까지 유지 시기: 1만원(4개월차), 1만원(7개월차)",https://www.moyoplan.com/plans/36975
36975,KT,5G 모두다 맘껏 50GB+,추가데이터,아무나SOLO 결합 데이터 10GB 추가 제공,,,,,False,,,대상: 아무나SOLO 결합 완료 시기: 결합 완료 시 별도의 신청 없이 즉시,https://www.moyoplan.com/plans/36975
35792,KT,EG 무제한 100GB+5(모아진),OTT/구독,모아진(전세계 매거진) 무료 구독,,,,,False,,,대상: 대상 요금제 개통한 고객 시기: 조건 달성한 즉시,https://www.moyoplan.com/plans/35792
34917,KT,ONE 5G 30GB 기본,사은품/페이백,"3대 마트 상품권, 네이버페이 2만원",,,20000,,False,,KT바로유심,,https://www.moyoplan.com/plans/34917
27295,LGU+,[평생할인] 데이터 마음대로 (1GB+/300분),사은품/페이백,일반 유심/배송비 무료,,,,,False,,,대상: 대상 요금제 개통한 고객 시기: 조건 달성한 즉시,https://www.moyoplan.com/plans/27295
30364,KT,데이터통화안심 10GB+,사은품/페이백,마트 상품권/네이버페이 1만원 증정,,,10000,,False,,KT바로유심,대상: 바로유심/바로배송유심 구매・개통 후 7개월 회선 유지한 고객 시기: 조건 달성한 달 월말,https://www.moyoplan.com/plans/30364
30364,KT,데이터통화안심 10GB+,사은품/페이백,마트 상품권/네이버페이 1만원 증정,,,10000,,False,,KT바로유심,대상: 바로유심/바로배송유심 구매・개통 후 4개월 회선 유지한 고객 시기: 조건 달성한 달 월말,https://www.moyoplan.com/plans/30364
19822,KT,[모요only] 5G 무제한 110GB+5Mbps(밀리의서재)(모요Only),사은품/페이백,"3대 마트 상품권, 네이버페이 2만원",,,20000,,False,,KT바로유심,"대상: 바로유심/바로배송유심 구매・개통 후 7개월 회선 유지한 고객 시기: 개통 후 4개월차 중순 1만원, 7개월차 중순 1만원",https://www.moyoplan.com/plans/19822
19822,KT,[모요only] 5G 무제한 110GB+5Mbps(밀리의서재)(모요Only),사은품/페이백,KT유심&배송비 무료,,,,,False,,,대상: 대상 요금제 개통한 고객 시기: 조건 달성한 즉시,https://www.moyoplan.com/plans/19822
10391,LGU+,5G 유심 통화 맘편히 6GB,사은품/페이백,네이버페이 매달 5천원 페이백(6개월),,,30000,,False,,,,https://www.moyoplan.com/plans/10391
10391,LGU+,5G 유심 통화 맘편히 6GB,사은품/페이백,프레딧 쿠폰 2만원(5천원*4개월),,,20000,,False,,,,https://www.moyoplan.com/plans/10391
10391,LGU+,5G 유심 통화 맘편히 6GB,OTT/구독,구글 AI프로+도미노피자 할인쿠폰,,,,,False,,,,https://www.moyoplan.com/plans/10391
10391,LGU+,5G 유심 통화 맘편히 6GB,OTT/구독,토스미·오픽미 AI 모의고사,,,,,False,,,,https://www.moyoplan.com/plans/10391
35532,KT,TOP 100GB 기본 (CU할인),추가데이터,솔로결합(+20GB),,,,,False,,,,https://www.moyoplan.com/plans/35532
35532,KT,TOP 100GB 기본 (CU할인),사은품/페이백,"3대 마트 상품권, 네이버페이 2만원",,,20000,,False,,KT바로유심,,https://www.moyoplan.com/plans/35532
35532,KT,TOP 100GB 기본 (CU할인),사은품/페이백,CU 20% 오프라인 결제할인,,,,,False,,,,https://www.moyoplan.com/plans/35532
26360,LGU+,[평생할인] 데이터 마음대로 (15GB+/100분),사은품/페이백,일반 유심/배송비 무료,,,,,False,,,,https://www.moyoplan.com/plans/26360
34878,LGU+,두해 300분15GB+,사은품/페이백,유심/배송비 무료!,,,,,False,,,,https://www.moyoplan.com/plans/34878
16288,SKT,이야기 스페셜S 100GB+,사은품/페이백,"네이버페이 5,000원",,,5000,,False,,,,https://www.moyoplan.com/plans/16288
26361,LGU+,"[평생할인] 통화, 데이터 마음대로 Pro",사은품/페이백,일반 유심/배송비 무료,,,,,False,,,,https://www.moyoplan.com/plans/26361
23983,KT,모두 충분 7GB+(Pay_3000),사은품/페이백,S-머니3만원(5천원X6개월),,,30000,,False,,모요유심,"대상: 모요에서 신청한 유심 개통 후, 1개월 회선 유지한 고객 시기: 개통월 기준 다음달 말부터 매월 말 지급",https://www.moyoplan.com/plans/23983
23983,KT,모두 충분 7GB+(Pay_3000),사은품/페이백,"3대마트상품권, 네이버페이 2만원",,,20000,,False,,KT바로유심,"대상: 바로유심/바로배송유심 구매 후 모요 개통, 1개월 유지한 고객 시기: 조건 달성한 달 월말",https://www.moyoplan.com/plans/23983
31822,KT,데이터 충분 15GB+/100분(모아진),사은품/페이백,S-머니3만원(5천원X6개월),,,30000,,False,,모요유심,"대상: 모요에서 신청한 유심 개통 후, 1개월 회선 유지한 고객 시기: 개통월 기준 다음달 말부터 매월 말 지급",https://www.moyoplan.com/plans/31822
31822,KT,데이터 충분 15GB+/100분(모아진),사은품/페이백,"3대마트상품권, 네이버페이 2만원",,,20000,,False,,KT바로유심,"대상: 바로유심/바로배송유심 구매 후 모요 개통, 1개월 유지한 고객 시기: 조건 달성한 달 월말",https://www.moyoplan.com/plans/31822
27678,SKT,티플 CGV 15GB＋(300분),사은품/페이백,CGV 2D영화 8천원 관람권 2매,,,8000,,False,,,대상: 대상 요금제 개통 후 1개월 회선 유지한 고객 시기: 조건 달성한 달 월말,https://www.moyoplan.com/plans/27678
27678,SKT,티플 CGV 15GB＋(300분),사은품/페이백,CGV 스몰세트 교환권,,,,,False,,,대상: 대상 요금제 개통 후 1개월 회선 유지한 고객 시기: 조건 달성한 달 월말,https://www.moyoplan.com/plans/27678
36243,KT,TOP 7GB 기본 (쿠팡캐시),추가데이터,솔로결합(+5GB),,,,,False,,,,https://www.moyoplan.com/plans/36243
36243,KT,TOP 7GB 기본 (쿠팡캐시),사은품/페이백,"3대 마트 상품권, 네이버페이 2만원",,,20000,,False,,KT바로유심,,https://www.moyoplan.com/plans/36243
36243,KT,TOP 7GB 기본 (쿠팡캐시),사은품/페이백,"쿠팡캐시 5,000원",,,5000,,False,,,"시기: 실 사용일수 30일 충족시, 31일차에 지급",https://www.moyoplan.com/plans/36243
36243,KT,TOP 7GB 기본 (쿠팡캐시),추가데이터,데이터 10GB 추가 제공(24개월간),,,,,False,,,,https://www.moyoplan.com/plans/36243
6065,KT,모두 충분 2.5GB+,사은품/페이백,S-머니3만원(5천원X6개월),,,30000,,False,,모요유심,"대상: 모요에서 신청한 유심 개통 후, 1개월 회선 유지한 고객 시기: 개통월 기준 다음달 말부터 매월 말 지급",https://www.moyoplan.com/plans/6065
6065,KT,모두 충분 2.5GB+,사은품/페이백,"3대마트상품권, 네이버페이 2만원",,,20000,,False,,KT바로유심,"대상: 바로유심/바로배송유심 구매 후 모요 개통, 1개월 유지한 고객 시기: 조건 달성한 달 월말",https://www.moyoplan.com/plans/6065
10769,KT,모두 충분 11.0GB+(지니뮤직),사은품/페이백,S-머니6만원(1만원X6개월),,,60000,,False,,모요유심,"대상: 모요에서 신청한 유심 개통 후, 1개월 회선 유지한 고객 시기: 개통월 기준 다음달 말부터 매월 말 지급",https://www.moyoplan.com/plans/10769
10769,KT,모두 충분 11.0GB+(지니뮤직),사은품/페이백,"3대마트상품권, 네이버페이 2만원",,,20000,,False,,KT바로유심,"대상: 바로유심/바로배송유심 구매 후 모요 개통, 1개월 유지한 고객 시기: 조건 달성한 달 월말",https://www.moyoplan.com/plans/10769
24193,KT,5G200분/7GB,사은품/페이백,"3대 마트 상품권, 네이버페이 2만원",,,20000,,False,,KT바로유심,"대상: 바로유심/바로배송유심 구매・개통 후 7개월 회선 유지한 고객 시기: 개통 후 4개월차 중순 1만원, 7개월차 중순 1만원",https://www.moyoplan.com/plans/24193
24193,KT,5G200분/7GB,사은품/페이백,KT유심&배송비 무료,,,,,False,,,대상: 대상 요금제 개통한 고객 시기: 조건 달성한 즉시,https://www.moyoplan.com/plans/24193
26258,LGU+,[평생할인] 10GB+/통화기본,사은품/페이백,12만원 혜택(매월 이마트24 5천원),,,120000,,False,,,대상: 대상 요금제 개통한 고객 시기: 가입 완료한 월의 익월 1일~말일,https://www.moyoplan.com/plans/26258
26258,LGU+,[평생할인] 10GB+/통화기본,사은품/페이백,매달 hy 금액권 1만원(12만),,,10000,,False,,,대상: 이벤트 기간 내 요금제 개통 후 지급시기까지 회선 유지한 고객 시기: 가입 익월 20일경 부터 12개월간 지급,https://www.moyoplan.com/plans/26258
26258,LGU+,[평생할인] 10GB+/통화기본,추가데이터,"우리결합시, 데이터 10GB 추가 증정",,,,,False,,,대상: 대상 요금제 개통 후 우리 결합 완료한 고객 시기: 조건 달성한 즉시,https://www.moyoplan.com/plans/26258
18596,KT,5G 모두 충분 70GB+(밀리의서재),OTT/구독,"밀리의서재(매월11,900원)평생 구독권",밀리의서재,,11900,,False,,,대상: 대상 요금제 개통한 고객 시기: 조건 달성한 즉시,https://www.moyoplan.com/plans/18596
18596,KT,5G 모두 충분 70GB+(밀리의서재),사은품/페이백,S-머니6만원(1만원X6개월),,,60000,,False,,모요유심,"대상: 모요에서 신청한 유심 개통 후, 1개월 회선 유지한 고객 시기: 개통월 기준 다음달 말부터 매월 말 지급",https://www.moyoplan.com/plans/18596
18596,KT,5G 모두 충분 70GB+(밀리의서재),사은품/페이백,"3대마트상품권, 네이버페이 2만원",,,20000,,False,,KT바로유심,"대상: 바로유심/바로배송유심 구매 후 모요 개통, 1개월 유지한 고객 시기: 조건 달성한 달 월말",https://www.moyoplan.com/plans/18596
13978,SKT,함께이야기해S(500분+20GB),사은품/페이백,"네이버페이 5,000원",,,5000,,False,,,대상: 대상 요금제 개통 후 개통월 내 리뷰 작성 후 1개월 회선 유지한 고객 시기: 조건 달성한 달 월말,https://www.moyoplan.com/plans/13978
23405,LGU+,NA수다300데이터15GB+,사은품/페이백,NFC 유심 무료 제공,,,,,False,,,,https://www.moyoplan.com/plans/23405
23405,LGU+,NA수다300데이터15GB+,사은품/페이백,4대 편의점 최대 10.1%적립,,,,,False,,,,https://www.moyoplan.com/plans/23405
13786,KT,모두 충분 4.5GB+,사은품/페이백,S-머니3만원(5천원X6개월),,,30000,,False,,모요유심,"대상: 모요에서 신청한 유심 개통 후, 1개월 회선 유지한 고객 시기: 개통월 기준 다음달 말부터 매월 말 지급",https://www.moyoplan.com/plans/13786
13786,KT,모두 충분 4.5GB+,사은품/페이백,"3대마트상품권, 네이버페이 2만원",,,20000,,False,,KT바로유심,"대상: 바로유심/바로배송유심 구매 후 모요 개통, 1개월 유지한 고객 시기: 조건 달성한 달 월말",https://www.moyoplan.com/plans/13786
33039,KT,EG 무제한 7G+1(NPAY3000),사은품/페이백,"네이버페이 매달 3,000P",,,,,False,,,대상: 대상 요금제 개통 후 1개월 회선 유지한 고객 시기: 조건 달성한 즉시,https://www.moyoplan.com/plans/33039
33039,KT,EG 무제한 7G+1(NPAY3000),추가데이터,데이터 10GB 추가 증정,,,,,False,,,대상: 대상 요금제 개통한 고객 시기: 조건 달성한 즉시,https://www.moyoplan.com/plans/33039
33039,KT,EG 무제한 7G+1(NPAY3000),사은품/페이백,일반유심/배송비 무료,,,,,False,,택배일반유심,대상: 대상 요금제 개통 후 일반유심을 택배로 받을래요 신청 후 개통을 완료한 고객 시기: 조건 달성한 즉시,https://www.moyoplan.com/plans/33039
33082,KT,모두 충분 100GB+(지니뮤직),사은품/페이백,S-머니6만원(1만원X6개월),,,60000,,False,,모요유심,"대상: 모요에서 신청한 유심 개통 후, 1개월 회선 유지한 고객 시기: 개통월 기준 다음달 말부터 매월 말 지급",https://www.moyoplan.com/plans/33082
33082,KT,모두 충분 100GB+(지니뮤직),사은품/페이백,"3대마트상품권, 네이버페이 2만원",,,20000,,False,,KT바로유심,"대상: 바로유심/바로배송유심 구매 후 모요 개통, 1개월 유지한 고객 시기: 조건 달성한 달 월말",https://www.moyoplan.com/plans/33082
30859,LGU+,이지 무한 15GB+1,사은품/페이백,일반유심/배송비 무료,,,,,False,,택배일반유심,대상: 대상 요금제 개통 후 일반유심을 택배로 받을래요 신청 후 개통을 완료한 고객 시기: 조건 달성한 즉시,https://www.moyoplan.com/plans/30859
35323,LGU+,[모요only] 마블링 100분 15GB+,사은품/페이백,일반유심/배송비 무료,,,,,False,,택배일반유심,대상: 일반유심을 '택배로 받을래요 신청 후' 개통을 완료한 고객 시기: 조건 달성한 즉시,https://www.moyoplan.com/plans/35323
14984,KT,5G 통화 충분 30GB,사은품/페이백,S-머니3만원(5천원X6개월),,,30000,,False,,모요유심,"대상: 모요에서 신청한 유심 개통 후, 1개월 회선 유지한 고객 시기: 개통월 기준 다음달 말부터 매월 말 지급",https://www.moyoplan.com/plans/14984
14984,KT,5G 통화 충분 30GB,사은품/페이백,"3대마트상품권, 네이버페이 2만원",,,20000,,False,,KT바로유심,"대상: 바로유심/바로배송유심 구매 후 모요 개통, 1개월 유지한 고객 시기: 조건 달성한 달 월말",https://www.moyoplan.com/plans/14984
35825,KT,TOP 5G 200GB 기본 (네이버페이),추가데이터,솔로결합(+20GB),,,,,False,,,대상: 솔로결합 대상 요금제를 개통하고 '솔로결합'을 신청한 고객 시기: 조건 달성한 즉시,https://www.moyoplan.com/plans/35825
35825,KT,TOP 5G 200GB 기본 (네이버페이),사은품/페이백,"네이버페이 매월 5,000P 제공",,,,,False,,,"대상: 대상 요금제 개통 후 가입일부터 사용일수 30일 충족한 고객 시기: 실 사용일수 30일 충족시, 31일차에 지급",https://www.moyoplan.com/plans/35825
35825,KT,TOP 5G 200GB 기본 (네이버페이),사은품/페이백,"3대 마트 상품권, 네이버페이 2만원",,,20000,,False,,KT바로유심,대상: 대상 요금제 개통한 고객 시기: 바로유심/바로배송유심 구매・개통 후 7개월 회선유지시,https://www.moyoplan.com/plans/35825
26989,LGU+,The 데이터마음껏15G+(100분)(다이소 매월 5000P),사은품/페이백,"24개월 간 다이소 상품권 5,000원 쿠폰",,,5000,,False,,,,https://www.moyoplan.com/plans/26989
24716,LGU+,교보문고 북 플러스알파 4.5GB+,사은품/페이백,교보문고 sam무제한 이용권 제공 (24개월),,,,,False,,,대상: 이벤트 기간 내 요금제 개통 후 지급시기까지 회선 유지한 고객 시기: 조건 달성한 달 16일,https://www.moyoplan.com/plans/24716
24716,LGU+,교보문고 북 플러스알파 4.5GB+,사은품/페이백,교보문고 e교환권 1천원권 제공 (24개월),,,1000,,False,,,대상: 이벤트 기간 내 요금제 개통 후 지급시기까지 회선 유지한 고객 시기: 조건 달성한 달 16일,https://www.moyoplan.com/plans/24716
26358,LGU+,"[평생할인] 통화, 데이터 마음대로 7GB+",사은품/페이백,일반 유심/배송비 무료,,,,,False,,,,https://www.moyoplan.com/plans/26358
36250,KT,TOP 5G 200GB 기본 (쿠팡캐시),추가데이터,솔로결합(+20GB),,,,,False,,,대상: 솔로결합 대상 요금제를 개통하고 '솔로결합'을 신청한 고객 시기: 조건 달성한 즉시,https://www.moyoplan.com/plans/36250
36250,KT,TOP 5G 200GB 기본 (쿠팡캐시),사은품/페이백,"3대 마트 상품권, 네이버페이 2만원",,,20000,,False,,KT바로유심,대상: 대상 요금제 개통한 고객 시기: 바로유심/바로배송유심 구매・개통 후 7개월 회선유지시,https://www.moyoplan.com/plans/36250
36250,KT,TOP 5G 200GB 기본 (쿠팡캐시),사은품/페이백,"쿠팡캐시 5,000원",,,5000,,False,,,"대상: 대상 요금제 개통한 고객 시기: 실 사용일수 30일 충족시, 31일차에 지급",https://www.moyoplan.com/plans/36250
10701,SKT,이야기 300분+9GB(5G),사은품/페이백,"네이버페이 5,000원",,,5000,,False,,,대상: 대상 요금제 개통 후 개통월 내 리뷰 작성 후 1개월 회선 유지한 고객 시기: 조건 달성한 달 월말,https://www.moyoplan.com/plans/10701
10586,KT,모두 충분 11GB+(왓챠),사은품/페이백,S-머니6만원(1만원X6개월),,,60000,,False,,모요유심,"대상: 모요에서 신청한 유심 개통 후, 1개월 회선 유지한 고객 시기: 개통월 기준 다음달 말부터 매월 말 지급",https://www.moyoplan.com/plans/10586
10586,KT,모두 충분 11GB+(왓챠),사은품/페이백,"3대마트상품권, 네이버페이 2만원",,,20000,,False,,KT바로유심,"대상: 바로유심/바로배송유심 구매 후 모요 개통, 1개월 유지한 고객 시기: 조건 달성한 달 월말",https://www.moyoplan.com/plans/10586
26256,LGU+,[평생할인] 4.5GB+/통화기본,사은품/페이백,매달 hy 금액권 1만원(12만),,,10000,,False,,,대상: 이벤트 기간 내 요금제 개통 후 지급시기까지 회선 유지한 고객 시기: 가입 익월 20일경 부터 12개월간 지급,https://www.moyoplan.com/plans/26256
23741,KT,완전마음껏 11GB＋＋(네이버페이 매월 5000P),사은품/페이백,네이버페이 매달 5천원 페이백 (평생),,,5000,,False,,,,https://www.moyoplan.com/plans/23741
23741,KT,완전마음껏 11GB＋＋(네이버페이 매월 5000P),사은품/페이백,마트 상품권/네이버페이 1만원 증정,,,10000,,False,,KT바로유심,,https://www.moyoplan.com/plans/23741
23741,KT,완전마음껏 11GB＋＋(네이버페이 매월 5000P),사은품/페이백,마트 상품권/네이버페이 1만원 증정,,,10000,,False,,KT바로유심,,https://www.moyoplan.com/plans/23741
33956,KT,TOP 11GB 기본 (멜론),사은품/페이백,멜론 모바일 스트리밍 클럽 이용권 증정,,,,,False,,,,https://www.moyoplan.com/plans/33956
33956,KT,TOP 11GB 기본 (멜론),추가데이터,솔로결합(+20GB),,,,,False,,,,https://www.moyoplan.com/plans/33956
33956,KT,TOP 11GB 기본 (멜론),사은품/페이백,"3대 마트 상품권, 네이버페이 2만원",,,20000,,False,,KT바로유심,,https://www.moyoplan.com/plans/33956
28703,LGU+,애플디바이스 너겟59,멤버십,U+ 멤버십 VIP콕(24개월 간 매월 제공),,,,,False,,,,https://www.moyoplan.com/plans/28703
28703,LGU+,애플디바이스 너겟59,사은품/페이백,네이버페이 24만원 (매월 2만원씩),,,240000,,False,,,,https://www.moyoplan.com/plans/28703
28703,LGU+,애플디바이스 너겟59,사은품/페이백,에어팟4,,,,,False,,,,https://www.moyoplan.com/plans/28703
29978,KT,모두 충분 7GB+(다이소_5000),사은품/페이백,S-머니3만원(5천원X6개월),,,30000,,False,,모요유심,"대상: 모요에서 신청한 유심 개통 후, 1개월 회선 유지한 고객 시기: 개통월 기준 다음달 말부터 매월 말 지급",https://www.moyoplan.com/plans/29978
29978,KT,모두 충분 7GB+(다이소_5000),사은품/페이백,"3대마트상품권, 네이버페이 2만원",,,20000,,False,,KT바로유심,"대상: 바로유심/바로배송유심 구매 후 모요 개통, 1개월 유지한 고객 시기: 조건 달성한 달 월말",https://www.moyoplan.com/plans/29978
26824,KT,모두 충분 10GB+(밀리의서재),OTT/구독,"밀리의서재(매월11,900원)평생 구독권",밀리의서재,,11900,,False,,,대상: 대상 요금제 개통한 고객 시기: 조건 달성한 즉시,https://www.moyoplan.com/plans/26824
26824,KT,모두 충분 10GB+(밀리의서재),사은품/페이백,S-머니3만원(5천원X6개월),,,30000,,False,,모요유심,"대상: 모요에서 신청한 유심 개통 후, 1개월 회선 유지한 고객 시기: 개통월 기준 다음달 말부터 매월 말 지급",https://www.moyoplan.com/plans/26824
26824,KT,모두 충분 10GB+(밀리의서재),사은품/페이백,"3대마트상품권, 네이버페이 2만원",,,20000,,False,,KT바로유심,"대상: 바로유심/바로배송유심 구매 후 모요 개통, 1개월 유지한 고객 시기: 조건 달성한 달 월말",https://www.moyoplan.com/plans/26824
34382,KT,ONE 5G 5GB 100분,사은품/페이백,"3대 마트 상품권, 네이버페이 2만원",,,20000,,False,,KT바로유심,,https://www.moyoplan.com/plans/34382
31461,KT,모두 충분 11GB+(올리브영_5000),사은품/페이백,S-머니6만원(1만원X6개월),,,60000,,False,,모요유심,"대상: 모요에서 신청한 유심 개통 후, 1개월 회선 유지한 고객 시기: 개통월 기준 다음달 말부터 매월 말 지급",https://www.moyoplan.com/plans/31461
31461,KT,모두 충분 11GB+(올리브영_5000),사은품/페이백,"3대마트상품권, 네이버페이 2만원",,,20000,,False,,KT바로유심,"대상: 바로유심/바로배송유심 구매 후 모요 개통, 1개월 유지한 고객 시기: 조건 달성한 달 월말",https://www.moyoplan.com/plans/31461
26823,KT,모두 충분 10GB+,사은품/페이백,S-머니3만원(5천원X6개월),,,30000,,False,,모요유심,"대상: 모요에서 신청한 유심 개통 후, 1개월 회선 유지한 고객 시기: 개통월 기준 다음달 말부터 매월 말 지급",https://www.moyoplan.com/plans/26823
26823,KT,모두 충분 10GB+,사은품/페이백,"3대마트상품권, 네이버페이 2만원",,,20000,,False,,KT바로유심,"대상: 바로유심/바로배송유심 구매 후 모요 개통, 1개월 유지한 고객 시기: 조건 달성한 달 월말",https://www.moyoplan.com/plans/26823
6793,LGU+,보편 안심 유심 5GB 200분,사은품/페이백,네이버페이 매달 5천원 페이백(6개월),,,30000,,False,,,,https://www.moyoplan.com/plans/6793
6793,LGU+,보편 안심 유심 5GB 200분,사은품/페이백,프레딧 쿠폰 2만원(5천원*4개월),,,20000,,False,,,,https://www.moyoplan.com/plans/6793
6793,LGU+,보편 안심 유심 5GB 200분,OTT/구독,구글 AI프로+도미노피자 할인쿠폰,,,,,False,,,,https://www.moyoplan.com/plans/6793
6793,LGU+,보편 안심 유심 5GB 200분,OTT/구독,토스미·오픽미 AI 모의고사,,,,,False,,,,https://www.moyoplan.com/plans/6793
12274,SKT,내맘대로S(100+1GB),사은품/페이백,"네이버페이 5,000원",,,5000,,False,,,대상: 대상 요금제 개통 후 개통월 내 리뷰 작성 후 1개월 회선 유지한 고객 시기: 조건 달성한 달 월말,https://www.moyoplan.com/plans/12274
10768,KT,통화 충분 4.5GB,사은품/페이백,S-머니3만원(5천원X6개월),,,30000,,False,,모요유심,"대상: 모요에서 신청한 유심 개통 후, 1개월 회선 유지한 고객 시기: 개통월 기준 다음달 말부터 매월 말 지급",https://www.moyoplan.com/plans/10768
10768,KT,통화 충분 4.5GB,사은품/페이백,"3대마트상품권, 네이버페이 2만원",,,20000,,False,,KT바로유심,"대상: 바로유심/바로배송유심 구매 후 모요 개통, 1개월 유지한 고객 시기: 조건 달성한 달 월말",https://www.moyoplan.com/plans/10768
17407,KT,5G무제한 70GB+1Mbps,사은품/페이백,"3대 마트 상품권, 네이버페이 2만원",,,20000,,False,,KT바로유심,"대상: 바로유심/바로배송유심 구매・개통 후 7개월 회선 유지한 고객 시기: 개통 후 4개월차 중순 1만원, 7개월차 중순 1만원",https://www.moyoplan.com/plans/17407
17407,KT,5G무제한 70GB+1Mbps,추가데이터,추가데이터 10GB 제공,,,,,False,,,대상: 대상 요금제 개통 후 고고모바일 사용자 간 결합한 고객 시기: 조건 달성한 즉시,https://www.moyoplan.com/plans/17407
17407,KT,5G무제한 70GB+1Mbps,사은품/페이백,KT유심&배송비 무료,,,,,False,,,대상: 대상 요금제 개통한 고객 시기: 조건 달성한 즉시,https://www.moyoplan.com/plans/17407
13899,LGU+,[모빌카드 스페셜] 데이터 마음대로 (15GB+/300분),사은품/페이백,"네이버페이 5,000원",,,5000,,False,,,대상: 이벤트 기간 내 요금제 개통 후 1개월 회선 유지한 고객 시기: 조건 달성한 달 월말,https://www.moyoplan.com/plans/13899
13899,LGU+,[모빌카드 스페셜] 데이터 마음대로 (15GB+/300분),사은품/페이백,일반 유심/배송비 무료,,,,,False,,,대상: 대상 요금제 개통한 고객 시기: 조건 달성한 즉시,https://www.moyoplan.com/plans/13899
10767,KT,통화 충분 2.5GB,사은품/페이백,S-머니3만원(5천원X6개월),,,30000,,False,,모요유심,"대상: 모요에서 신청한 유심 개통 후, 1개월 회선 유지한 고객 시기: 개통월 기준 다음달 말부터 매월 말 지급",https://www.moyoplan.com/plans/10767
10767,KT,통화 충분 2.5GB,사은품/페이백,"3대마트상품권, 네이버페이 2만원",,,20000,,False,,KT바로유심,"대상: 바로유심/바로배송유심 구매 후 모요 개통, 1개월 유지한 고객 시기: 조건 달성한 달 월말",https://www.moyoplan.com/plans/10767
33080,KT,데이터 충분 15GB+/100분(지니뮤직),사은품/페이백,S-머니3만원(5천원X6개월),,,30000,,False,,모요유심,"대상: 모요에서 신청한 유심 개통 후, 1개월 회선 유지한 고객 시기: 개통월 기준 다음달 말부터 매월 말 지급",https://www.moyoplan.com/plans/33080
33080,KT,데이터 충분 15GB+/100분(지니뮤직),사은품/페이백,"3대마트상품권, 네이버페이 2만원",,,20000,,False,,KT바로유심,"대상: 바로유심/바로배송유심 구매 후 모요 개통, 1개월 유지한 고객 시기: 조건 달성한 달 월말",https://www.moyoplan.com/plans/33080
33512,LGU+,실속데이터 250분 10GB,사은품/페이백,유심/배송비 무료,,,,,False,,,,https://www.moyoplan.com/plans/33512
35322,LGU+,[모요only] 마블링 무제한 7GB+,사은품/페이백,일반유심/배송비 무료,,,,,False,,택배일반유심,대상: 일반유심을 '택배로 받을래요 신청 후' 개통을 완료한 고객 시기: 조건 달성한 즉시,https://www.moyoplan.com/plans/35322
15069,LGU+,이야기 스페셜 매일5GB+,사은품/페이백,"네이버페이 5,000원",,,5000,,False,,,,https://www.moyoplan.com/plans/15069
14983,KT,5G 통화 충분 20GB,사은품/페이백,S-머니3만원(5천원X6개월),,,30000,,False,,모요유심,"대상: 모요에서 신청한 유심 개통 후, 1개월 회선 유지한 고객 시기: 개통월 기준 다음달 말부터 매월 말 지급",https://www.moyoplan.com/plans/14983
14983,KT,5G 통화 충분 20GB,사은품/페이백,"3대마트상품권, 네이버페이 2만원",,,20000,,False,,KT바로유심,"대상: 바로유심/바로배송유심 구매 후 모요 개통, 1개월 유지한 고객 시기: 조건 달성한 달 월말",https://www.moyoplan.com/plans/14983
30867,KT,EG 5G 심플 50GB+,사은품/페이백,일반유심/배송비 무료,,,,,False,,택배일반유심,대상: 대상 요금제 개통 후 일반유심을 택배로 받을래요 신청 후 개통을 완료한 고객 시기: 조건 달성한 즉시,https://www.moyoplan.com/plans/30867
36247,KT,TOP 100GB 기본 (쿠팡캐시),추가데이터,솔로결합(+20GB),,,,,False,,,,https://www.moyoplan.com/plans/36247
36247,KT,TOP 100GB 기본 (쿠팡캐시),사은품/페이백,"3대 마트 상품권, 네이버페이 2만원",,,20000,,False,,KT바로유심,,https://www.moyoplan.com/plans/36247
36247,KT,TOP 100GB 기본 (쿠팡캐시),사은품/페이백,"쿠팡캐시 5,000원",,,5000,,False,,,,https://www.moyoplan.com/plans/36247
30862,LGU+,이지 15G(300)+,사은품/페이백,일반유심/배송비 무료,,,,,False,,택배일반유심,대상: 대상 요금제 개통 후 일반유심을 택배로 받을래요 신청 후 개통을 완료한 고객 시기: 조건 달성한 즉시,https://www.moyoplan.com/plans/30862
36214,LGU+,[평생할인] 데이터 마음대로 (6GB+/200분),사은품/페이백,일반 유심/배송비 무료,,,,,False,,,대상: 대상 요금제 개통한 고객 시기: 조건 달성한 즉시,https://www.moyoplan.com/plans/36214
15076,LGU+,이야기 라이트 100분10GB+,사은품/페이백,네이버페이 3만원,,,30000,,False,,,,https://www.moyoplan.com/plans/15076
15076,LGU+,이야기 라이트 100분10GB+,사은품/페이백,"네이버페이 5,000원",,,5000,,False,,,,https://www.moyoplan.com/plans/15076
32414,KT,EG 무제한 11G+3(매월 배민5000P),사은품/페이백,일반유심/배송비 무료,,,,,False,,택배일반유심,대상: 대상 요금제 개통 후 일반유심을 택배로 받을래요 신청 후 개통을 완료한 고객 시기: 조건 달성한 즉시,https://www.moyoplan.com/plans/32414
35801,KT,EG 무제한 11GB+3(올영5000원),사은품/페이백,"올리브영 상품권 매월 5,000원 제공",,,5000,,False,,,대상: 대상 요금제 개통 후 혜택 지급 시점까지 회선 유지한 고객 시기: 매월 실사용 30일사용시 익일 제공,https://www.moyoplan.com/plans/35801
33960,KT,TOP 100GB 기본 (네이버페이),추가데이터,솔로결합(+20GB),,,,,False,,,,https://www.moyoplan.com/plans/33960
33960,KT,TOP 100GB 기본 (네이버페이),사은품/페이백,"네이버페이 매월 5,000P 제공",,,,,False,,,,https://www.moyoplan.com/plans/33960
33960,KT,TOP 100GB 기본 (네이버페이),사은품/페이백,"3대 마트 상품권, 네이버페이 2만원",,,20000,,False,,KT바로유심,,https://www.moyoplan.com/plans/33960
25698,KT,이야기K 데이터 15GB+(밀리의서재),사은품/페이백,"네이버페이, 3대 마트 상품권 2만원",,,20000,,False,,KT바로유심,,https://www.moyoplan.com/plans/25698
25698,KT,이야기K 데이터 15GB+(밀리의서재),사은품/페이백,"네이버페이 5,000원",,,5000,,False,,,,https://www.moyoplan.com/plans/25698
35469,SKT,[S]이디야 딥블루 100GB+,사은품/페이백,"매월 이디야 9,000원 모바일 카드 지급",,,9000,,False,,,,https://www.moyoplan.com/plans/35469
35469,SKT,[S]이디야 딥블루 100GB+,추가데이터,SOLO결합 데이터 20GB 지급,,,,,False,,,,https://www.moyoplan.com/plans/35469
33959,KT,TOP 100GB 기본 (다이소),추가데이터,솔로결합(+20GB),,,,,False,,,,https://www.moyoplan.com/plans/33959
33959,KT,TOP 100GB 기본 (다이소),사은품/페이백,"3대 마트 상품권, 네이버페이 2만원",,,20000,,False,,KT바로유심,,https://www.moyoplan.com/plans/33959
33959,KT,TOP 100GB 기본 (다이소),사은품/페이백,"다이소 매월 5,000원 제공",,,5000,,False,,,,https://www.moyoplan.com/plans/33959
18238,KT,고고100분/1GB-데이터소진후 자동차단,사은품/페이백,"3대 마트 상품권, 네이버페이 2만원",,,20000,,False,,KT바로유심,"대상: 바로유심/바로배송유심 구매・개통 후 7개월 회선 유지한 고객 시기: 개통 후 4개월차 중순 1만원, 7개월차 중순 1만원",https://www.moyoplan.com/plans/18238
18238,KT,고고100분/1GB-데이터소진후 자동차단,사은품/페이백,KT유심&배송비 무료,,,,,False,,,대상: 대상 요금제 개통한 고객 시기: 조건 달성한 즉시,https://www.moyoplan.com/plans/18238
30871,LGU+,[5G]이지 평생 2.5GB,사은품/페이백,일반유심/배송비 무료,,,,,False,,택배일반유심,대상: 대상 요금제 개통 후 일반유심을 택배로 받을래요 신청 후 개통을 완료한 고객 시기: 조건 달성한 즉시,https://www.moyoplan.com/plans/30871
6828,LGU+,DATA 걱정없는 유심 4.5GB,사은품/페이백,네이버페이 매달 5천원 페이백(6개월),,,30000,,False,,,,https://www.moyoplan.com/plans/6828
6828,LGU+,DATA 걱정없는 유심 4.5GB,사은품/페이백,프레딧 쿠폰 2만원(5천원*4개월),,,20000,,False,,,,https://www.moyoplan.com/plans/6828
6828,LGU+,DATA 걱정없는 유심 4.5GB,OTT/구독,구글 AI프로+도미노피자 할인쿠폰,,,,,False,,,,https://www.moyoplan.com/plans/6828
6828,LGU+,DATA 걱정없는 유심 4.5GB,OTT/구독,토스미·오픽미 AI 모의고사,,,,,False,,,,https://www.moyoplan.com/plans/6828
33949,KT,TOP 15GB 300분 (CU할인),추가데이터,솔로결합(+10GB),,,,,False,,,,https://www.moyoplan.com/plans/33949
33949,KT,TOP 15GB 300분 (CU할인),사은품/페이백,"3대 마트 상품권, 네이버페이 2만원",,,20000,,False,,KT바로유심,,https://www.moyoplan.com/plans/33949
33949,KT,TOP 15GB 300분 (CU할인),사은품/페이백,CU 20% 오프라인 결제할인,,,,,False,,,,https://www.moyoplan.com/plans/33949
12282,SKT,내맘대로S(200+2GB),사은품/페이백,"네이버페이 5,000원",,,5000,,False,,,,https://www.moyoplan.com/plans/12282
16267,KT,5G 모두 충분 70GB+,사은품/페이백,S-머니6만원(1만원X6개월),,,60000,,False,,모요유심,"대상: 모요에서 신청한 유심 개통 후, 1개월 회선 유지한 고객 시기: 개통월 기준 다음달 말부터 매월 말 지급",https://www.moyoplan.com/plans/16267
16267,KT,5G 모두 충분 70GB+,사은품/페이백,"3대마트상품권, 네이버페이 2만원",,,20000,,False,,KT바로유심,"대상: 바로유심/바로배송유심 구매 후 모요 개통, 1개월 유지한 고객 시기: 조건 달성한 달 월말",https://www.moyoplan.com/plans/16267
23782,KT,티플 10GB(10GB/0분),사은품/페이백,마트 상품권/네이버페이 1만원 증정,,,10000,,False,,KT바로유심,,https://www.moyoplan.com/plans/23782
23782,KT,티플 10GB(10GB/0분),사은품/페이백,마트 상품권/네이버페이 1만원 증정,,,10000,,False,,KT바로유심,,https://www.moyoplan.com/plans/23782
32417,KT,EG 무제한 100G+5(매월 Npay5000P),사은품/페이백,"네이버페이 매달 5,000P",,,,,False,,,대상: 대상 요금제 개통 후 1개월 회선 유지한 고객 시기: 조건 달성한 즉시,https://www.moyoplan.com/plans/32417
32417,KT,EG 무제한 100G+5(매월 Npay5000P),사은품/페이백,일반유심/배송비 무료,,,,,False,,택배일반유심,대상: 대상 요금제 개통 후 일반유심을 택배로 받을래요 신청 후 개통을 완료한 고객 시기: 조건 달성한 즉시,https://www.moyoplan.com/plans/32417
35431,KT,[K]CU&롯시 100GB+,사은품/페이백,매월 롯데시네마 관람권 지급,,,,,False,,,,https://www.moyoplan.com/plans/35431
35431,KT,[K]CU&롯시 100GB+,사은품/페이백,매월 CU 결제 5천원 할인 혜택,,,5000,,False,,,,https://www.moyoplan.com/plans/35431
35431,KT,[K]CU&롯시 100GB+,추가데이터,SOLO결합 데이터 20GB 지급,,,,,False,,,,https://www.moyoplan.com/plans/35431
16772,LGU+,[일반] 평생 반값 할인 (1GB/50분),사은품/페이백,일반 유심/배송비 무료,,,,,False,,,,https://www.moyoplan.com/plans/16772
35277,SKT,티플북 15G+(100분)(도서문화상품권 매월 5000P),사은품/페이백,북앤라이프 5000P 도서문화상품권,,,,,False,,,대상: 대상 요금제 개통한 고객 시기: 개통 후 익월 말일부터 매월 말일,https://www.moyoplan.com/plans/35277
31782,LGU+,The 완전마음껏15G+(300분)(카톡 이모티콘+예스24e북),OTT/구독,예스24 크레마클럽 구독권 (24개월),,,,,False,,,,https://www.moyoplan.com/plans/31782
31782,LGU+,The 완전마음껏15G+(300분)(카톡 이모티콘+예스24e북),사은품/페이백,카카오이모티콘 플러스 매월 무료 제공,,,,,False,,,,https://www.moyoplan.com/plans/31782
31338,LGU+,The 완전마음껏15G+(300분)(컬쳐랜드 문화상품권 매월 5000P),사은품/페이백,컬쳐랜드 모바일상품권 5천원 증정 (24개월),,,5000,,False,,,,https://www.moyoplan.com/plans/31338
32513,KT,데이터 충분 15GB+/100분(웨이브),사은품/페이백,S-머니3만원(5천원X6개월),,,30000,,False,,모요유심,"대상: 모요에서 신청한 유심 개통 후, 1개월 회선 유지한 고객 시기: 개통월 기준 다음달 말부터 매월 말 지급",https://www.moyoplan.com/plans/32513
32513,KT,데이터 충분 15GB+/100분(웨이브),사은품/페이백,"3대마트상품권, 네이버페이 2만원",,,20000,,False,,KT바로유심,"대상: 바로유심/바로배송유심 구매 후 모요 개통, 1개월 유지한 고객 시기: 조건 달성한 달 월말",https://www.moyoplan.com/plans/32513
33087,LGU+,The 데이터마음껏15G＋(300분)(올리브영 매월 5000P),사은품/페이백,"올리브영 24개월간 매월 5,000원 상품권",,,5000,,False,,,,https://www.moyoplan.com/plans/33087
34902,LGU+,The 데이터마음껏15G＋(300분)(스타벅스 매월 5000P),사은품/페이백,"스타벅스 교환권 5,000P x 24개월 제공",,,,,False,,,,https://www.moyoplan.com/plans/34902
29929,LGU+,[KG모바일 스페셜] 데이터 마음대로 (15GB+/300분),사은품/페이백,"GS25 편의점 상품권 5,000원",,,5000,,False,,,대상: 이벤트 기간 내 요금제 개통 후 1개월 회선 유지한 고객 시기: 조건 달성한 달 월말,https://www.moyoplan.com/plans/29929
29929,LGU+,[KG모바일 스페셜] 데이터 마음대로 (15GB+/300분),사은품/페이백,일반 유심/배송비 무료,,,,,False,,,대상: 대상 요금제 개통한 고객 시기: 조건 달성한 즉시,https://www.moyoplan.com/plans/29929
33962,KT,TOP 5G 110GB 기본 (올리브영),추가데이터,솔로결합(+20GB),,,,,False,,,,https://www.moyoplan.com/plans/33962
33962,KT,TOP 5G 110GB 기본 (올리브영),사은품/페이백,"3대 마트 상품권, 네이버페이 2만원",,,20000,,False,,KT바로유심,,https://www.moyoplan.com/plans/33962
33962,KT,TOP 5G 110GB 기본 (올리브영),사은품/페이백,"올리브영 매월 5,000원 제공",,,5000,,False,,,,https://www.moyoplan.com/plans/33962
29083,SKT,5G 함께이야기해S 무한 10GB,사은품/페이백,"네이버페이 5,000원",,,5000,,False,,,대상: 대상 요금제 개통 후 개통월 내 리뷰 작성 후 1개월 회선 유지한 고객 시기: 조건 달성한 달 월말,https://www.moyoplan.com/plans/29083
30875,KT,EG 5G프리미엄 200G+,사은품/페이백,일반유심/배송비 무료,,,,,False,,택배일반유심,대상: 대상 요금제 개통 후 일반유심을 택배로 받을래요 신청 후 개통을 완료한 고객 시기: 조건 달성한 즉시,https://www.moyoplan.com/plans/30875
31045,SKT,티플 15GB+(100분)(이디야커피),사은품/페이백,"12개월간 이디야 모바일권 5,000원권 증정",,,5000,,False,,,대상: 대상 요금제 개통한 고객 시기: 조건 달성한 달 월말,https://www.moyoplan.com/plans/31045
23577,KT,KT 11GB+ (CU 매월 20%+올리브영 매월 5천원 상품권!),사은품/페이백,3대마트 상품권/네이버페이 1만원 증정,,,10000,,False,,KT바로유심,대상: 바로유심/바로배송유심 구매・개통 후 7개월 회선 유지한 고객 시기: 조건 달성한 달 월말,https://www.moyoplan.com/plans/23577
23577,KT,KT 11GB+ (CU 매월 20%+올리브영 매월 5천원 상품권!),사은품/페이백,3대마트 상품권/네이버페이 1만원 증정,,,10000,,False,,KT바로유심,대상: 바로유심/바로배송유심 구매・개통 후 4개월 회선 유지한 고객 시기: 조건 달성한 달 월말,https://www.moyoplan.com/plans/23577
23577,KT,KT 11GB+ (CU 매월 20%+올리브영 매월 5천원 상품권!),사은품/페이백,마트 상품권/네이버페이 1만원 증정,,,10000,,False,,KT바로유심,대상: 바로유심/바로배송유심 구매・개통 후 7개월 회선 유지한 고객 시기: 조건 달성한 달 월말,https://www.moyoplan.com/plans/23577
23577,KT,KT 11GB+ (CU 매월 20%+올리브영 매월 5천원 상품권!),사은품/페이백,마트 상품권/네이버페이 1만원 증정,,,10000,,False,,KT바로유심,대상: 바로유심/바로배송유심 구매・개통 후 4개월 회선 유지한 고객 시기: 조건 달성한 달 월말,https://www.moyoplan.com/plans/23577
23577,KT,KT 11GB+ (CU 매월 20%+올리브영 매월 5천원 상품권!),사은품/페이백,CU 오프라인 점포 결제시 20% 할인 제공,,,,,False,,,대상: 대상 요금제 개통한 고객 시기: 조건 달성한 즉시,https://www.moyoplan.com/plans/23577
23577,KT,KT 11GB+ (CU 매월 20%+올리브영 매월 5천원 상품권!),사은품/페이백,"올리브영 12개월간 매월 5,000원 상품권",,,5000,,False,,,대상: 대상 요금제 개통 후 1개월 회선 유지한 고객 시기: 조건 달성한 달 월말,https://www.moyoplan.com/plans/23577
25839,KT,모두 충분 11GB+(멜론뮤직),사은품/페이백,S-머니6만원(1만원X6개월),,,60000,,False,,모요유심,"대상: 모요에서 신청한 유심 개통 후, 1개월 회선 유지한 고객 시기: 개통월 기준 다음달 말부터 매월 말 지급",https://www.moyoplan.com/plans/25839
25839,KT,모두 충분 11GB+(멜론뮤직),사은품/페이백,"3대마트상품권, 네이버페이 2만원",,,20000,,False,,KT바로유심,"대상: 바로유심/바로배송유심 구매 후 모요 개통, 1개월 유지한 고객 시기: 조건 달성한 달 월말",https://www.moyoplan.com/plans/25839
35790,KT,EG 데이터 15GB+3/100분(모아진),OTT/구독,모아진(전세계 매거진) 무료 구독,,,,,False,,,대상: 대상 요금제 개통한 고객 시기: 조건 달성한 즉시,https://www.moyoplan.com/plans/35790
29032,SKT,티플 올리브영 15GB+(300분)(매월 5000P),사은품/페이백,"올리브영 12개월간 매월 5,000원 상품권",,,5000,,False,,,대상: 대상 요금제 개통 후 1개월 회선 유지한 고객 시기: 조건 달성한 달 월말,https://www.moyoplan.com/plans/29032
16269,KT,5G 모두 충분 200GB+,사은품/페이백,S-머니6만원(1만원X6개월),,,60000,,False,,모요유심,"대상: 모요에서 신청한 유심 개통 후, 1개월 회선 유지한 고객 시기: 개통월 기준 다음달 말부터 매월 말 지급",https://www.moyoplan.com/plans/16269
16269,KT,5G 모두 충분 200GB+,사은품/페이백,"3대마트상품권, 네이버페이 2만원",,,20000,,False,,KT바로유심,"대상: 바로유심/바로배송유심 구매 후 모요 개통, 1개월 유지한 고객 시기: 조건 달성한 달 월말",https://www.moyoplan.com/plans/16269
36212,LGU+,[평생할인] 데이터 마음대로 (4.5GB+/100분),사은품/페이백,일반 유심/배송비 무료,,,,,False,,,대상: 대상 요금제 개통한 고객 시기: 조건 달성한 즉시,https://www.moyoplan.com/plans/36212
30870,KT,EG 5G 심플 90GB+,사은품/페이백,일반유심/배송비 무료,,,,,False,,택배일반유심,대상: 대상 요금제 개통 후 일반유심을 택배로 받을래요 신청 후 개통을 완료한 고객 시기: 조건 달성한 즉시,https://www.moyoplan.com/plans/30870
31781,LGU+,The 완전마음껏15G+(100분)(카톡 이모티콘+예스24e북),OTT/구독,예스24 크레마클럽 구독권 (24개월),,,,,False,,,,https://www.moyoplan.com/plans/31781
31781,LGU+,The 완전마음껏15G+(100분)(카톡 이모티콘+예스24e북),사은품/페이백,카카오이모티콘 플러스 매월 무료 제공,,,,,False,,,,https://www.moyoplan.com/plans/31781
13980,SKT,함께이야기해S(100분+30GB),사은품/페이백,"네이버페이 5,000원",,,5000,,False,,,,https://www.moyoplan.com/plans/13980
13903,LGU+,"[일반] 통화, 데이터 마음대로 Pro",사은품/페이백,일반 유심/배송비 무료,,,,,False,,,,https://www.moyoplan.com/plans/13903
23403,LGU+,NA알뜰7GB+1Mbps,사은품/페이백,NFC 유심 무료 제공,,,,,False,,,,https://www.moyoplan.com/plans/23403
23403,LGU+,NA알뜰7GB+1Mbps,사은품/페이백,4대 편의점 최대 10.1%적립,,,,,False,,,,https://www.moyoplan.com/plans/23403
27750,LGU+,시월 무제한 15GB+1Mbps,사은품/페이백,유심/배송비 무료!,,,,,False,,,,https://www.moyoplan.com/plans/27750
33086,LGU+,The 데이터마음껏15G＋(100분)(올리브영 매월 5000P),사은품/페이백,"올리브영 24개월간 매월 5,000원 상품권",,,5000,,False,,,,https://www.moyoplan.com/plans/33086
35886,SKT,티플 15G＋(100분)(CU멤버십＋매월 5000P),사은품/페이백,"CU 5,000P 모바일상품권 12개월 제공",,,,,False,,,대상: 대상 요금제 개통 후 1개월 회선 유지한 고객 시기: 가입 30일 충족후 31일차 발송,https://www.moyoplan.com/plans/35886
35886,SKT,티플 15G＋(100분)(CU멤버십＋매월 5000P),사은품/페이백,CU편의점 20% 할인 12개월 제공,,,,,False,,,대상: 대상 요금제 개통한 고객 시기: 조건 달성한 즉시,https://www.moyoplan.com/plans/35886
35886,SKT,티플 15G＋(100분)(CU멤버십＋매월 5000P),사은품/페이백,12개월간 CU 카테고리 20% 할인권 제공,,,,,False,,,대상: 대상 요금제 개통한 고객 시기: 조건 달성한 즉시,https://www.moyoplan.com/plans/35886
34899,LGU+,The 완전마음껏7G＋(스타벅스 매월 5000P),사은품/페이백,"스타벅스 교환권 5,000P x 24개월 제공",,,,,False,,,,https://www.moyoplan.com/plans/34899
31334,LGU+,The 완전마음껏7G+(컬쳐랜드 문화상품권 매월 5000P),사은품/페이백,컬쳐랜드 모바일상품권 5천원 증정 (24개월),,,5000,,False,,,,https://www.moyoplan.com/plans/31334
33040,KT,EG 무제한 10G+1(밀리의 서재),OTT/구독,밀리의 서재 이용권 제공,밀리의서재,,,,False,,,대상: 대상 요금제 개통한 고객 시기: 조건 달성한 즉시,https://www.moyoplan.com/plans/33040
33040,KT,EG 무제한 10G+1(밀리의 서재),추가데이터,데이터 10GB 추가 증정,,,,,False,,,대상: 대상 요금제 개통한 고객 시기: 조건 달성한 즉시,https://www.moyoplan.com/plans/33040
33040,KT,EG 무제한 10G+1(밀리의 서재),사은품/페이백,일반유심/배송비 무료,,,,,False,,택배일반유심,대상: 대상 요금제 개통 후 일반유심을 택배로 받을래요 신청 후 개통을 완료한 고객 시기: 조건 달성한 즉시,https://www.moyoplan.com/plans/33040
33536,KT,TOP 5G 110GB 기본 (다이소),추가데이터,솔로결합(+20GB),,,,,False,,,대상: 솔로결합 대상 요금제를 개통하고 '솔로결합'을 신청한 고객 시기: 조건 달성한 즉시,https://www.moyoplan.com/plans/33536
33536,KT,TOP 5G 110GB 기본 (다이소),사은품/페이백,"3대 마트 상품권, 네이버페이 2만원",,,20000,,False,,KT바로유심,대상: 대상 요금제 개통한 고객 시기: 바로유심/바로배송유심 구매・개통 후 7개월 회선유지시,https://www.moyoplan.com/plans/33536
33536,KT,TOP 5G 110GB 기본 (다이소),사은품/페이백,"다이소 매월 5,000원 제공",,,5000,,False,,,"대상: 대상 요금제 개통 후 가입일부터 사용일수 30일 충족한 고객 시기: 실 사용일수 30일 충족시, 31일차에 지급",https://www.moyoplan.com/plans/33536
33081,KT,모두 충분 10GB+(지니뮤직),사은품/페이백,S-머니3만원(5천원X6개월),,,30000,,False,,모요유심,"대상: 모요에서 신청한 유심 개통 후, 1개월 회선 유지한 고객 시기: 개통월 기준 다음달 말부터 매월 말 지급",https://www.moyoplan.com/plans/33081
33081,KT,모두 충분 10GB+(지니뮤직),사은품/페이백,"3대마트상품권, 네이버페이 2만원",,,20000,,False,,KT바로유심,"대상: 바로유심/바로배송유심 구매 후 모요 개통, 1개월 유지한 고객 시기: 조건 달성한 달 월말",https://www.moyoplan.com/plans/33081
16285,SKT,이야기 스탠다드S 100분15GB+,사은품/페이백,"네이버페이 5,000원",,,5000,,False,,,,https://www.moyoplan.com/plans/16285
23448,KT,모두 충분 10GB+(CU),사은품/페이백,S-머니3만원(5천원X6개월),,,30000,,False,,모요유심,"대상: 모요에서 신청한 유심 개통 후, 1개월 회선 유지한 고객 시기: 개통월 기준 다음달 말부터 매월 말 지급",https://www.moyoplan.com/plans/23448
23448,KT,모두 충분 10GB+(CU),사은품/페이백,CU 연간 6만원 할인 평생 제공,,,60000,,False,,,대상: 대상 요금제 개통한 고객 시기: 조건 달성한 즉시,https://www.moyoplan.com/plans/23448
23448,KT,모두 충분 10GB+(CU),사은품/페이백,"3대마트상품권, 네이버페이 2만원",,,20000,,False,,KT바로유심,"대상: 바로유심/바로배송유심 구매 후 모요 개통, 1개월 유지한 고객 시기: 조건 달성한 달 월말",https://www.moyoplan.com/plans/23448
37237,SKT,A 넥스트 100GB+,OTT/구독,조선일보 종이신문 1개월 무료 구독 이벤트,,,,,False,,,,https://www.moyoplan.com/plans/37237
37237,SKT,A 넥스트 100GB+,사은품/페이백,네이버페이 1만원 지급 이벤트,,,10000,,False,,,,https://www.moyoplan.com/plans/37237
36638,LGU+,Sugar 통화마음대로 4.5GB+,사은품/페이백,개통완료 시 유심/배송비 무료 1개,,,,,False,,,,https://www.moyoplan.com/plans/36638
32512,KT,데이터 충분 15GB+/100분(Pay_5000),사은품/페이백,S-머니3만원(5천원X6개월),,,30000,,False,,모요유심,"대상: 모요에서 신청한 유심 개통 후, 1개월 회선 유지한 고객 시기: 개통월 기준 다음달 말부터 매월 말 지급",https://www.moyoplan.com/plans/32512
32512,KT,데이터 충분 15GB+/100분(Pay_5000),사은품/페이백,"3대마트상품권, 네이버페이 2만원",,,20000,,False,,KT바로유심,"대상: 바로유심/바로배송유심 구매 후 모요 개통, 1개월 유지한 고객 시기: 조건 달성한 달 월말",https://www.moyoplan.com/plans/32512
26359,LGU+,[평생할인] 데이터 마음대로 (15GB+/300분),사은품/페이백,일반 유심/배송비 무료,,,,,False,,,,https://www.moyoplan.com/plans/26359
26289,LGU+,[평생할인] 5G 180GB+/통화기본,추가데이터,"우리결합시, 데이터 20GB 추가 증정",,,,,False,,,대상: 대상 요금제 개통 후 우리 결합 완료한 고객 시기: 조건 달성한 즉시,https://www.moyoplan.com/plans/26289
30911,KT,EG 무제한 100G+5(웨이브),사은품/페이백,일반유심/배송비 무료,,,,,False,,택배일반유심,대상: 대상 요금제 개통 후 일반유심을 택배로 받을래요 신청 후 개통을 완료한 고객 시기: 조건 달성한 즉시,https://www.moyoplan.com/plans/30911
36173,KT,이야기 K 데이터 100GB+(N pay 5000P),사은품/페이백,"네이버페이, 3대 마트 상품권 2만원",,,20000,,False,,KT바로유심,"대상: 대상 요금제 개통 후 바로유심/바로배송유심 구매・개통 후 7개월 회선 유지한 고객 시기: 개통 후 4개월차 말일 1만원, 7개월차 말일 1만원",https://www.moyoplan.com/plans/36173
36173,KT,이야기 K 데이터 100GB+(N pay 5000P),사은품/페이백,"네이버페이 5,000원",,,5000,,False,,,대상: 대상 요금제 개통 후 개통월 내 리뷰 작성 후 1개월 회선 유지한 고객 시기: 조건 달성한 달 월말,https://www.moyoplan.com/plans/36173
37175,KT,A 올라잇 100GB+ 밀리의서재,OTT/구독,조선일보 종이신문 1개월 무료 구독 이벤트,,,,,False,,,,https://www.moyoplan.com/plans/37175
26284,LGU+,[평생할인] 5G 50GB+/통화기본,추가데이터,"우리결합시, 데이터 10GB 추가 증정",,,,,False,,,대상: 대상 요금제 개통 후 우리 결합 완료한 고객 시기: 조건 달성한 즉시,https://www.moyoplan.com/plans/26284
30878,KT,EG 5G프리미엄 지니 200G+(지니뮤직),OTT/구독,지니뮤직 이용권 증정,지니뮤직,,,,False,,,대상: 대상 요금제 개통한 고객 시기: 조건 달성한 즉시,https://www.moyoplan.com/plans/30878
30878,KT,EG 5G프리미엄 지니 200G+(지니뮤직),사은품/페이백,일반유심/배송비 무료,,,,,False,,택배일반유심,대상: 대상 요금제 개통 후 일반유심을 택배로 받을래요 신청 후 개통을 완료한 고객 시기: 조건 달성한 즉시,https://www.moyoplan.com/plans/30878
28701,LGU+,디즈니+티빙 너겟65,멤버십,U+ 멤버십 VIP콕(24개월 간 매월 제공),,,,,False,,,,https://www.moyoplan.com/plans/28701
28701,LGU+,디즈니+티빙 너겟65,OTT/구독,"디즈니플러스 스탠다드 (9,900원 상당)",디즈니+,스탠다드,9900,,False,,,,https://www.moyoplan.com/plans/28701
28701,LGU+,디즈니+티빙 너겟65,OTT/구독,"티빙 베이직 (9,500원 상당)",티빙,베이직,9500,,False,,,,https://www.moyoplan.com/plans/28701
28701,LGU+,디즈니+티빙 너겟65,사은품/페이백,네이버페이 24만원 (매월 2만원씩),,,240000,,False,,,시기: 조건 달성한 월 3일,https://www.moyoplan.com/plans/28701
28701,LGU+,디즈니+티빙 너겟65,스마트기기,세컨디바이스 1회선 할인,,,,,False,,,,https://www.moyoplan.com/plans/28701
8161,LGU+,내맘대로 차단형 (50분+0MB),사은품/페이백,"네이버페이 5,000원",,,5000,,False,,,,https://www.moyoplan.com/plans/8161
18585,KT,모두 충분 7GB+(Pay_5000),사은품/페이백,S-머니3만원(5천원X6개월),,,30000,,False,,모요유심,"대상: 모요에서 신청한 유심 개통 후, 1개월 회선 유지한 고객 시기: 개통월 기준 다음달 말부터 매월 말 지급",https://www.moyoplan.com/plans/18585
18585,KT,모두 충분 7GB+(Pay_5000),사은품/페이백,"3대마트상품권, 네이버페이 2만원",,,20000,,False,,KT바로유심,"대상: 바로유심/바로배송유심 구매 후 모요 개통, 1개월 유지한 고객 시기: 조건 달성한 달 월말",https://www.moyoplan.com/plans/18585
11203,LGU+,DATA 걱정없는 유심 5GB,사은품/페이백,네이버페이 매달 5천원 페이백(6개월),,,30000,,False,,,,https://www.moyoplan.com/plans/11203
11203,LGU+,DATA 걱정없는 유심 5GB,사은품/페이백,프레딧 쿠폰 2만원(5천원*4개월),,,20000,,False,,,,https://www.moyoplan.com/plans/11203
11203,LGU+,DATA 걱정없는 유심 5GB,OTT/구독,구글 AI프로+도미노피자 할인쿠폰,,,,,False,,,,https://www.moyoplan.com/plans/11203
11203,LGU+,DATA 걱정없는 유심 5GB,OTT/구독,토스미·오픽미 AI 모의고사,,,,,False,,,,https://www.moyoplan.com/plans/11203
31780,LGU+,The 완전마음껏10G+(카톡 이모티콘+예스24e북),OTT/구독,예스24 크레마클럽 구독권 (24개월),,,,,False,,,,https://www.moyoplan.com/plans/31780
31780,LGU+,The 완전마음껏10G+(카톡 이모티콘+예스24e북),사은품/페이백,카카오이모티콘 플러스 매월 무료 제공,,,,,False,,,,https://www.moyoplan.com/plans/31780
28103,KT,[모요only] [K] 핀다이렉트Z Light _PIN,사은품/페이백,"네이버페이, 마트 상품권 2만원",,,20000,,False,,KT바로유심,,https://www.moyoplan.com/plans/28103
28103,KT,[모요only] [K] 핀다이렉트Z Light _PIN,사은품/페이백,데이터 로밍 3일 무료 쿠폰,,,,,False,,,,https://www.moyoplan.com/plans/28103
28103,KT,[모요only] [K] 핀다이렉트Z Light _PIN,추가데이터,KT 데이터 결합 (추가데이터 10GB),,,,,False,,,,https://www.moyoplan.com/plans/28103
6802,LGU+,슬림 유심 1GB 50분,사은품/페이백,프레딧 쿠폰 2만원(5천원*4개월),,,20000,,False,,,,https://www.moyoplan.com/plans/6802
6802,LGU+,슬림 유심 1GB 50분,OTT/구독,구글 AI프로+도미노피자 할인쿠폰,,,,,False,,,,https://www.moyoplan.com/plans/6802
6802,LGU+,슬림 유심 1GB 50분,OTT/구독,토스미·오픽미 AI 모의고사,,,,,False,,,,https://www.moyoplan.com/plans/6802
10903,KT,모두 충분 7GB+(지니뮤직),사은품/페이백,S-머니3만원(5천원X6개월),,,30000,,False,,모요유심,"대상: 모요에서 신청한 유심 개통 후, 1개월 회선 유지한 고객 시기: 개통월 기준 다음달 말부터 매월 말 지급",https://www.moyoplan.com/plans/10903
10903,KT,모두 충분 7GB+(지니뮤직),사은품/페이백,"3대마트상품권, 네이버페이 2만원",,,20000,,False,,KT바로유심,"대상: 바로유심/바로배송유심 구매 후 모요 개통, 1개월 유지한 고객 시기: 조건 달성한 달 월말",https://www.moyoplan.com/plans/10903
37221,LGU+,A 스페셜 100GB+,OTT/구독,조선일보 종이신문 1개월 무료 구독 이벤트,,,,,False,,,,https://www.moyoplan.com/plans/37221
37221,LGU+,A 스페셜 100GB+,사은품/페이백,네이버페이 2만원 지급 이벤트,,,20000,,False,,,,https://www.moyoplan.com/plans/37221
36685,LGU+,슈가안심차단50분1.5G,사은품/페이백,개통완료 시 유심/배송비 무료 1개,,,,,False,,,대상: 대상 요금제 개통한 고객 시기: 조건 달성한 즉시,https://www.moyoplan.com/plans/36685
33951,KT,TOP 15GB 300분 (다이소),추가데이터,솔로결합(+10GB),,,,,False,,,,https://www.moyoplan.com/plans/33951
33951,KT,TOP 15GB 300분 (다이소),사은품/페이백,"3대 마트 상품권, 네이버페이 2만원",,,20000,,False,,KT바로유심,,https://www.moyoplan.com/plans/33951
33951,KT,TOP 15GB 300분 (다이소),사은품/페이백,"다이소 매월 5,000원 제공",,,5000,,False,,,,https://www.moyoplan.com/plans/33951
23781,KT,티플 10GB(10GB/200분),사은품/페이백,마트 상품권/네이버페이 1만원 증정,,,10000,,False,,KT바로유심,대상: 바로유심/바로배송유심 구매・개통 후 7개월 회선 유지한 고객 시기: 조건 달성한 달 월말,https://www.moyoplan.com/plans/23781
23781,KT,티플 10GB(10GB/200분),사은품/페이백,마트 상품권/네이버페이 1만원 증정,,,10000,,False,,KT바로유심,대상: 바로유심/바로배송유심 구매・개통 후 4개월 회선 유지한 고객 시기: 조건 달성한 달 월말,https://www.moyoplan.com/plans/23781
20076,LGU+,[모요only] 내맘대로 (50분+1GB),사은품/페이백,"네이버페이 5,000원",,,5000,,False,,,대상: 대상 요금제 개통 후 개통월 내 리뷰 작성 후 1개월 회선 유지한 고객 시기: 조건 달성한 달 월말,https://www.moyoplan.com/plans/20076
19255,LGU+,"[모빌카드 스페셜] 통화, 데이터 마음대로 7GB+",사은품/페이백,"네이버페이 5,000원",,,5000,,False,,,대상: 이벤트 기간 내 요금제 개통 후 1개월 회선 유지한 고객 시기: 조건 달성한 달 월말,https://www.moyoplan.com/plans/19255
19255,LGU+,"[모빌카드 스페셜] 통화, 데이터 마음대로 7GB+",사은품/페이백,일반 유심/배송비 무료,,,,,False,,,대상: 대상 요금제 개통한 고객 시기: 조건 달성한 즉시,https://www.moyoplan.com/plans/19255
36687,LGU+,슈가안심차단150분500M,사은품/페이백,개통완료 시 유심/배송비 무료 1개,,,,,False,,,대상: 대상 요금제 개통한 고객 시기: 조건 달성한 즉시,https://www.moyoplan.com/plans/36687
36684,LGU+,슈가안심차단200분100M,사은품/페이백,개통완료 시 유심/배송비 무료 1개,,,,,False,,,대상: 대상 요금제 개통한 고객 시기: 조건 달성한 즉시,https://www.moyoplan.com/plans/36684
26286,LGU+,[평생할인] 5G 95GB+/통화기본,추가데이터,"우리결합시, 데이터 10GB 추가 증정",,,,,False,,,대상: 대상 요금제 개통 후 우리 결합 완료한 고객 시기: 조건 달성한 즉시,https://www.moyoplan.com/plans/26286
32419,KT,모두 충분 10GB+(모아진),사은품/페이백,S-머니3만원(5천원X6개월),,,30000,,False,,모요유심,"대상: 모요에서 신청한 유심 개통 후, 1개월 회선 유지한 고객 시기: 개통월 기준 다음달 말부터 매월 말 지급",https://www.moyoplan.com/plans/32419
32419,KT,모두 충분 10GB+(모아진),사은품/페이백,"3대마트상품권, 네이버페이 2만원",,,20000,,False,,KT바로유심,"대상: 바로유심/바로배송유심 구매 후 모요 개통, 1개월 유지한 고객 시기: 조건 달성한 달 월말",https://www.moyoplan.com/plans/32419
11421,LGU+,보편 유심 5GB 100분,사은품/페이백,유심비 지원(신세계상품권 1만원),,,10000,,False,,,대상: 대상 요금제 개통 후 1개월 회선 유지한 고객 시기: 조건달성한달 23일,https://www.moyoplan.com/plans/11421
11421,LGU+,보편 유심 5GB 100분,사은품/페이백,프레딧 쿠폰 2만원(5천원*4개월),,,20000,,False,,,대상: 대상 요금제 개통 후 1개월 회선 유지한 고객 시기: 조건달성한달 23일,https://www.moyoplan.com/plans/11421
11421,LGU+,보편 유심 5GB 100분,OTT/구독,토스미·오픽미 AI 모의고사,,,,,False,,,대상: 대상 요금제 개통 후 혜택 지급 시점까지 회선 유지한 고객 시기: 조건달성한달 3주차(8월 3주차),https://www.moyoplan.com/plans/11421
11421,LGU+,보편 유심 5GB 100분,OTT/구독,구글 AI프로+도미노피자 할인쿠폰,,,,,False,,,대상: 대상 요금제 개통 후 1개월 회선 유지한 고객 시기: 조건달성한달 23일,https://www.moyoplan.com/plans/11421
16769,LGU+,[일반] 평생 반값 할인 (1.5GB/100분),사은품/페이백,일반 유심/배송비 무료,,,,,False,,,,https://www.moyoplan.com/plans/16769
35788,KT,EG 무제한 7GB+1(모아진),OTT/구독,모아진(전세계 매거진) 무료 구독,,,,,False,,,대상: 대상 요금제 개통한 고객 시기: 조건 달성한 즉시,https://www.moyoplan.com/plans/35788
37438,LGU+,A 5G 스페셜 150GB+,OTT/구독,조선일보 종이신문 1개월 무료 구독 이벤트,,,,,False,,,,https://www.moyoplan.com/plans/37438
37438,LGU+,A 5G 스페셜 150GB+,사은품/페이백,유심사 3일 500MB 할인 쿠폰 지급,,,,,False,,,,https://www.moyoplan.com/plans/37438
35430,KT,[K]CU&롯시 11GB+일2GB,사은품/페이백,매월 롯데시네마 관람권 지급,,,,,False,,,,https://www.moyoplan.com/plans/35430
35430,KT,[K]CU&롯시 11GB+일2GB,사은품/페이백,매월 CU 결제 5천원 할인 혜택,,,5000,,False,,,,https://www.moyoplan.com/plans/35430
35430,KT,[K]CU&롯시 11GB+일2GB,추가데이터,SOLO결합 데이터 20GB 지급,,,,,False,,,,https://www.moyoplan.com/plans/35430
33938,KT,TOP 7GB 기본 (올리브영),추가데이터,솔로결합(+5GB),,,,,False,,,,https://www.moyoplan.com/plans/33938
33938,KT,TOP 7GB 기본 (올리브영),사은품/페이백,"3대 마트 상품권, 네이버페이 2만원",,,20000,,False,,KT바로유심,,https://www.moyoplan.com/plans/33938
33938,KT,TOP 7GB 기본 (올리브영),사은품/페이백,"올리브영 매월 5,000원 제공",,,5000,,False,,,"대상: 가입일부터 사용일수 30일 충족 시기: 실 사용일수 30일 충족시, 31일차에 지급",https://www.moyoplan.com/plans/33938
33938,KT,TOP 7GB 기본 (올리브영),추가데이터,데이터 10GB 추가 제공(24개월간),,,,,False,,,,https://www.moyoplan.com/plans/33938
35518,LGU+,요금걱정 제로 이야기 7GB+,사은품/페이백,"네이버페이 5,000원",,,5000,,False,,,대상: 대상 요금제 개통 후 개통월 내 리뷰 작성 후 1개월 회선 유지한 고객 시기: 조건 달성한 달 월말,https://www.moyoplan.com/plans/35518
27777,LGU+,[모요only] 프라임 15GB+3Mbps 100분,사은품/페이백,일반유심/배송비 무료,,,,,False,,택배일반유심,대상: 일반유심을 '택배로 받을래요 신청 후' 개통을 완료한 고객 시기: 조건 달성한 즉시,https://www.moyoplan.com/plans/27777
16284,SKT,이야기 라이트S 7GB+,사은품/페이백,"네이버페이 5,000원",,,5000,,False,,,,https://www.moyoplan.com/plans/16284
29932,LGU+,"[KG모바일 스페셜] 통화, 데이터 마음대로 7GB+",사은품/페이백,"GS25 편의점 상품권 5,000원",,,5000,,False,,,대상: 이벤트 기간 내 요금제 개통 후 1개월 회선 유지한 고객 시기: 조건 달성한 달 월말,https://www.moyoplan.com/plans/29932
29932,LGU+,"[KG모바일 스페셜] 통화, 데이터 마음대로 7GB+",사은품/페이백,일반 유심/배송비 무료,,,,,False,,,대상: 대상 요금제 개통한 고객 시기: 조건 달성한 즉시,https://www.moyoplan.com/plans/29932
29286,SKT,이야기 데이터 무제한 15GB+,사은품/페이백,"네이버페이 5,000원",,,5000,,False,,,,https://www.moyoplan.com/plans/29286
13904,LGU+,[모빌카드 스페셜] 데이터 마음대로 (15GB+/100분),사은품/페이백,"네이버페이 5,000원",,,5000,,False,,,대상: 이벤트 기간 내 요금제 개통 후 1개월 회선 유지한 고객 시기: 조건 달성한 달 월말,https://www.moyoplan.com/plans/13904
13904,LGU+,[모빌카드 스페셜] 데이터 마음대로 (15GB+/100분),사은품/페이백,일반 유심/배송비 무료,,,,,False,,,대상: 대상 요금제 개통한 고객 시기: 조건 달성한 즉시,https://www.moyoplan.com/plans/13904
35522,LGU+,모나300분6G안심1,사은품/페이백,NFC 유심 무료 제공,,,,,False,,,대상: 대상 요금제 개통한 고객 시기: 개통즉시,https://www.moyoplan.com/plans/35522
35522,LGU+,모나300분6G안심1,사은품/페이백,4대 편의점 최대 10.1%적립,,,,,False,,,대상: 대상 요금제 개통 후 멤버십카드 등록한 고객 시기: 개통즉시,https://www.moyoplan.com/plans/35522
29948,SKT,이야기 라이트S 300분 15GB+,사은품/페이백,"네이버페이 5,000원",,,5000,,False,,,,https://www.moyoplan.com/plans/29948
37217,LGU+,A 스페셜 100GB+ (24개월),OTT/구독,조선일보 종이신문 1개월 무료 구독 이벤트,,,,,False,,,,https://www.moyoplan.com/plans/37217
31459,KT,모두 충분 100GB+(올리브영_5000),사은품/페이백,S-머니6만원(1만원X6개월),,,60000,,False,,모요유심,"대상: 모요에서 신청한 유심 개통 후, 1개월 회선 유지한 고객 시기: 개통월 기준 다음달 말부터 매월 말 지급",https://www.moyoplan.com/plans/31459
31459,KT,모두 충분 100GB+(올리브영_5000),사은품/페이백,"3대마트상품권, 네이버페이 2만원",,,20000,,False,,KT바로유심,"대상: 바로유심/바로배송유심 구매 후 모요 개통, 1개월 유지한 고객 시기: 조건 달성한 달 월말",https://www.moyoplan.com/plans/31459
16842,KT,이야기K 데이터 11GB+(지니뮤직),사은품/페이백,"네이버페이, 3대 마트 상품권 2만원",,,20000,,False,,KT바로유심,,https://www.moyoplan.com/plans/16842
16842,KT,이야기K 데이터 11GB+(지니뮤직),사은품/페이백,"네이버페이 5,000원",,,5000,,False,,,,https://www.moyoplan.com/plans/16842
37150,KT,ONE 5G 5GB 200분,사은품/페이백,"3대 마트 상품권, 네이버페이 2만원",,,20000,,False,,KT바로유심,,https://www.moyoplan.com/plans/37150
30988,KT,[모요only] 쉐이크 LTE 7GB+_올리브영 5000원,사은품/페이백,매월 1천원 요금할인 (팝테일 가입·인증),,,1000,,False,,,대상: 이벤트 기간 내 대상요금제 개통 후 팝테일 가입·인증한 고객 시기: 개통 후 영업일 기준 D+2일 이내,https://www.moyoplan.com/plans/30988
30988,KT,[모요only] 쉐이크 LTE 7GB+_올리브영 5000원,사은품/페이백,"마트상품권, 네이버페이 최대 2만원",,,20000,,False,,KT바로유심,"대상: 바로유심/바로배송유심 구매・개통 후 7개월 회선 유지한 고객 시기: 개통 후 4개월차 말일 1만원, 7개월차 말일 1만원",https://www.moyoplan.com/plans/30988
30988,KT,[모요only] 쉐이크 LTE 7GB+_올리브영 5000원,사은품/페이백,"올리브영 매월 5,000원 제공",,,5000,,False,,,"대상: 대상 요금제 개통 후, 지급시기까지 회선 유지한 고객 시기: 실 사용일 수 30일 충족 시, 31일차에 지급",https://www.moyoplan.com/plans/30988
30988,KT,[모요only] 쉐이크 LTE 7GB+_올리브영 5000원,추가데이터,SOLO결합(+5GB),,,,,False,,,대상: 대상 요금제 개통한 고객 시기: 조건 달성한 즉시,https://www.moyoplan.com/plans/30988
30988,KT,[모요only] 쉐이크 LTE 7GB+_올리브영 5000원,추가데이터,데이터 매월 10GB 추가 증정(24개월),,,,,False,,,대상: 대상 요금제 개통한 고객 시기: 조건 달성한 즉시,https://www.moyoplan.com/plans/30988
30988,KT,[모요only] 쉐이크 LTE 7GB+_올리브영 5000원,추가데이터,데이터쿠폰 20GB,,,,,False,,,"대상: 대상 요금제 개통 후, 지급시기까지 회선 유지한 고객 시기: 3개월 단위로 총 3회 제공",https://www.moyoplan.com/plans/30988
34373,LGU+,[모요only] 알찬 음성기본7GB+,사은품/페이백,유심/배송비 무료,,,,,False,,,대상: 대상 요금제 개통한 고객 시기: 조건 달성한 즉시,https://www.moyoplan.com/plans/34373
24191,KT,LTE200분/ 10GB,사은품/페이백,"3대 마트 상품권, 네이버페이 2만원",,,20000,,False,,KT바로유심,"대상: 바로유심/바로배송유심 구매・개통 후 7개월 회선 유지한 고객 시기: 개통 후 4개월차 중순 1만원, 7개월차 중순 1만원",https://www.moyoplan.com/plans/24191
24191,KT,LTE200분/ 10GB,사은품/페이백,KT유심&배송비 무료,,,,,False,,,대상: 대상 요금제 개통한 고객 시기: 조건 달성한 즉시,https://www.moyoplan.com/plans/24191
35278,SKT,티플북 15G+(300분)(도서문화상품권 매월 5000P),사은품/페이백,북앤라이프 5000P 도서문화상품권,,,,,False,,,대상: 대상 요금제 개통한 고객 시기: 개통 후 익월 말일부터 매월 말일,https://www.moyoplan.com/plans/35278
33535,KT,TOP 5G 110GB 기본 (올리브영),추가데이터,솔로결합(+20GB),,,,,False,,,대상: 솔로결합 대상 요금제를 개통하고 '솔로결합'을 신청한 고객 시기: 조건 달성한 즉시,https://www.moyoplan.com/plans/33535
33535,KT,TOP 5G 110GB 기본 (올리브영),사은품/페이백,"3대 마트 상품권, 네이버페이 2만원",,,20000,,False,,KT바로유심,대상: 대상 요금제 개통한 고객 시기: 바로유심/바로배송유심 구매・개통 후 7개월 회선유지시,https://www.moyoplan.com/plans/33535
33535,KT,TOP 5G 110GB 기본 (올리브영),사은품/페이백,"올리브영 매월 5,000원 제공",,,5000,,False,,,"대상: 대상 요금제 개통 후 가입일부터 사용일수 30일 충족한 고객 시기: 실 사용일수 30일 충족시, 31일차에 지급",https://www.moyoplan.com/plans/33535
33958,KT,TOP 100GB 기본 (올리브영),추가데이터,솔로결합(+20GB),,,,,False,,,,https://www.moyoplan.com/plans/33958
33958,KT,TOP 100GB 기본 (올리브영),사은품/페이백,"3대 마트 상품권, 네이버페이 2만원",,,20000,,False,,KT바로유심,,https://www.moyoplan.com/plans/33958
33958,KT,TOP 100GB 기본 (올리브영),사은품/페이백,"올리브영 매월 5,000원 제공",,,5000,,False,,,,https://www.moyoplan.com/plans/33958
35426,KT,[K]롯시&밀리 100GB+,OTT/구독,밀리의서재 구독권 평생 무료 제공,밀리의서재,,,,False,,,,https://www.moyoplan.com/plans/35426
35426,KT,[K]롯시&밀리 100GB+,사은품/페이백,매월 롯데시네마 관람권 지급,,,,,False,,,,https://www.moyoplan.com/plans/35426
35426,KT,[K]롯시&밀리 100GB+,추가데이터,SOLO결합 데이터 20GB 지급,,,,,False,,,,https://www.moyoplan.com/plans/35426
17408,KT,5G무제한 90GB+1Mbps,사은품/페이백,"3대 마트 상품권, 네이버페이 2만원",,,20000,,False,,KT바로유심,"대상: 바로유심/바로배송유심 구매・개통 후 7개월 회선 유지한 고객 시기: 개통 후 4개월차 중순 1만원, 7개월차 중순 1만원",https://www.moyoplan.com/plans/17408
17408,KT,5G무제한 90GB+1Mbps,추가데이터,추가데이터 10GB 제공,,,,,False,,,대상: 대상 요금제 개통 후 고고모바일 사용자 간 결합한 고객 시기: 조건 달성한 즉시,https://www.moyoplan.com/plans/17408
17408,KT,5G무제한 90GB+1Mbps,사은품/페이백,KT유심&배송비 무료,,,,,False,,,대상: 대상 요금제 개통한 고객 시기: 조건 달성한 즉시,https://www.moyoplan.com/plans/17408
33534,KT,TOP 5G 110GB 기본 (밀리의서재),OTT/구독,밀리의서재 평생 무료 구독권,밀리의서재,,,,False,,,대상: 대상 요금제 개통한 고객 시기: 조건 달성한 즉시,https://www.moyoplan.com/plans/33534
33534,KT,TOP 5G 110GB 기본 (밀리의서재),추가데이터,솔로결합(+20GB),,,,,False,,,대상: 솔로결합 대상 요금제를 개통하고 '솔로결합'을 신청한 고객 시기: 조건 달성한 즉시,https://www.moyoplan.com/plans/33534
33534,KT,TOP 5G 110GB 기본 (밀리의서재),사은품/페이백,"3대 마트 상품권, 네이버페이 2만원",,,20000,,False,,KT바로유심,대상: 대상 요금제 개통한 고객 시기: 바로유심/바로배송유심 구매・개통 후 7개월 회선유지시,https://www.moyoplan.com/plans/33534
31779,LGU+,The 완전마음껏7G+(카톡 이모티콘+예스24e북),OTT/구독,예스24 크레마클럽 구독권 (24개월),,,,,False,,,,https://www.moyoplan.com/plans/31779
31779,LGU+,The 완전마음껏7G+(카톡 이모티콘+예스24e북),사은품/페이백,카카오이모티콘 플러스 매월 무료 제공,,,,,False,,,,https://www.moyoplan.com/plans/31779
11419,LGU+,보편 안심 유심 3GB 200분,사은품/페이백,네이버페이 매달 5천원 페이백(6개월),,,30000,,False,,,,https://www.moyoplan.com/plans/11419
11419,LGU+,보편 안심 유심 3GB 200분,사은품/페이백,프레딧 쿠폰 2만원(5천원*4개월),,,20000,,False,,,,https://www.moyoplan.com/plans/11419
11419,LGU+,보편 안심 유심 3GB 200분,OTT/구독,구글 AI프로+도미노피자 할인쿠폰,,,,,False,,,,https://www.moyoplan.com/plans/11419
11419,LGU+,보편 안심 유심 3GB 200분,OTT/구독,토스미·오픽미 AI 모의고사,,,,,False,,,,https://www.moyoplan.com/plans/11419
35386,KT,[K]무한11GB+ Npay,사은품/페이백,"네이버페이 매달 5,000원 지급",,,5000,,False,,,,https://www.moyoplan.com/plans/35386
35386,KT,[K]무한11GB+ Npay,추가데이터,SOLO결합 데이터 20GB 지급,,,,,False,,,,https://www.moyoplan.com/plans/35386
37219,LGU+,요금폭탄방지,OTT/구독,조선일보 종이신문 1개월 무료 구독 이벤트,,,,,False,,,,https://www.moyoplan.com/plans/37219
37219,LGU+,요금폭탄방지,사은품/페이백,네이버페이 2만원 지급 이벤트,,,20000,,False,,,,https://www.moyoplan.com/plans/37219
24328,KT,KT 15GB+ (CU 매월 20%+올리브영 매월 5천원 상품권!),사은품/페이백,3대마트 상품권/네이버페이 1만원 증정,,,10000,,False,,KT바로유심,대상: 바로유심/바로배송유심 구매・개통 후 7개월 회선 유지한 고객 시기: 조건 달성한 달 월말,https://www.moyoplan.com/plans/24328
24328,KT,KT 15GB+ (CU 매월 20%+올리브영 매월 5천원 상품권!),사은품/페이백,3대마트 상품권/네이버페이 1만원 증정,,,10000,,False,,KT바로유심,대상: 바로유심/바로배송유심 구매・개통 후 4개월 회선 유지한 고객 시기: 조건 달성한 달 월말,https://www.moyoplan.com/plans/24328
24328,KT,KT 15GB+ (CU 매월 20%+올리브영 매월 5천원 상품권!),사은품/페이백,마트 상품권/네이버페이 1만원 증정,,,10000,,False,,KT바로유심,대상: 바로유심/바로배송유심 구매・개통 후 7개월 회선 유지한 고객 시기: 조건 달성한 달 월말,https://www.moyoplan.com/plans/24328
24328,KT,KT 15GB+ (CU 매월 20%+올리브영 매월 5천원 상품권!),사은품/페이백,마트 상품권/네이버페이 1만원 증정,,,10000,,False,,KT바로유심,대상: 바로유심/바로배송유심 구매・개통 후 4개월 회선 유지한 고객 시기: 조건 달성한 달 월말,https://www.moyoplan.com/plans/24328
24328,KT,KT 15GB+ (CU 매월 20%+올리브영 매월 5천원 상품권!),사은품/페이백,CU 오프라인 점포 결제시 20% 할인 제공,,,,,False,,,대상: 대상 요금제 개통한 고객 시기: 조건 달성한 즉시,https://www.moyoplan.com/plans/24328
24328,KT,KT 15GB+ (CU 매월 20%+올리브영 매월 5천원 상품권!),사은품/페이백,"올리브영 12개월간 매월 5,000원 상품권",,,5000,,False,,,대상: 대상 요금제 개통 후 1개월 회선 유지한 고객 시기: 조건 달성한 달 월말,https://www.moyoplan.com/plans/24328
24328,KT,KT 15GB+ (CU 매월 20%+올리브영 매월 5천원 상품권!),추가데이터,개통시 매월 10GB 데이터 추가 지급,,,,,False,,,"대상: 대상 요금제 개통한 고객 시기: 개통 익일 제공, 익월부터는 매월초 제공",https://www.moyoplan.com/plans/24328
31399,LGU+,[L] 핀다이렉트Z 15GB+/100분,사은품/페이백,데이터 로밍 3일 무료 쿠폰,,,,,False,,,대상: 대상 요금제 개통한 고객 시기: 조건 달성한 즉시,https://www.moyoplan.com/plans/31399
35403,SKT,[S]아이즈특판100GB+,추가데이터,SOLO결합 데이터 20GB 지급,,,,,False,,,대상: 대상 요금제 개통 후 아이즈모바일 사용자간 결합 & SOLO 결합한 고객 시기: 조건 달성한 즉시,https://www.moyoplan.com/plans/35403
35521,LGU+,교보sam_11G+일2G,사은품/페이백,NFC 유심 무료 제공,,,,,False,,,대상: 대상 요금제 개통한 고객 시기: 개통즉시,https://www.moyoplan.com/plans/35521
35521,LGU+,교보sam_11G+일2G,사은품/페이백,4대 편의점 최대 10.1%적립,,,,,False,,,대상: 대상 요금제 개통 후 멤버십카드 등록한 고객 시기: 개통즉시,https://www.moyoplan.com/plans/35521
26990,LGU+,The 데이터마음껏15G+(300분)(다이소 매월 5000P),사은품/페이백,"24개월 간 다이소 상품권 5,000원 쿠폰",,,5000,,False,,,,https://www.moyoplan.com/plans/26990
33950,KT,TOP 15GB 300분 (올리브영),추가데이터,솔로결합(+10GB),,,,,False,,,,https://www.moyoplan.com/plans/33950
33950,KT,TOP 15GB 300분 (올리브영),사은품/페이백,"3대 마트 상품권, 네이버페이 2만원",,,20000,,False,,KT바로유심,,https://www.moyoplan.com/plans/33950
33950,KT,TOP 15GB 300분 (올리브영),사은품/페이백,"올리브영 매월 5,000원 제공",,,5000,,False,,,,https://www.moyoplan.com/plans/33950
37152,KT,ONE 5G 10GB 300분,사은품/페이백,"3대 마트 상품권, 네이버페이 2만원",,,20000,,False,,KT바로유심,,https://www.moyoplan.com/plans/37152
27776,LGU+,시월 무제한 7GB+1Mbps,사은품/페이백,유심/배송비 무료!,,,,,False,,,,https://www.moyoplan.com/plans/27776
29401,KT,모두 충분 7GB+(올리브영_5000),사은품/페이백,S-머니3만원(5천원X6개월),,,30000,,False,,모요유심,"대상: 모요에서 신청한 유심 개통 후, 1개월 회선 유지한 고객 시기: 개통월 기준 다음달 말부터 매월 말 지급",https://www.moyoplan.com/plans/29401
29401,KT,모두 충분 7GB+(올리브영_5000),사은품/페이백,"3대마트상품권, 네이버페이 2만원",,,20000,,False,,KT바로유심,"대상: 바로유심/바로배송유심 구매 후 모요 개통, 1개월 유지한 고객 시기: 조건 달성한 달 월말",https://www.moyoplan.com/plans/29401
26896,LGU+,모두무제한 15GB+,사은품/페이백,유심/배송비 무료,,,,,False,,,대상: 대상 요금제 개통한 고객 시기: 조건 달성한 즉시,https://www.moyoplan.com/plans/26896
23783,KT,티플 10GB(10GB/100분),사은품/페이백,마트 상품권/네이버페이 1만원 증정,,,10000,,False,,KT바로유심,대상: 바로유심/바로배송유심 구매・개통 후 7개월 회선 유지한 고객 시기: 조건 달성한 달 월말,https://www.moyoplan.com/plans/23783
23783,KT,티플 10GB(10GB/100분),사은품/페이백,마트 상품권/네이버페이 1만원 증정,,,10000,,False,,KT바로유심,대상: 바로유심/바로배송유심 구매・개통 후 4개월 회선 유지한 고객 시기: 조건 달성한 달 월말,https://www.moyoplan.com/plans/23783
30906,KT,EG 무제한 71G+3(멜론),사은품/페이백,멜론 이용권 제공,,,,,False,,,대상: 대상 요금제 개통한 고객 시기: 조건 달성한 즉시,https://www.moyoplan.com/plans/30906
30906,KT,EG 무제한 71G+3(멜론),사은품/페이백,일반유심/배송비 무료,,,,,False,,택배일반유심,대상: 대상 요금제 개통 후 일반유심을 택배로 받을래요 신청 후 개통을 완료한 고객 시기: 조건 달성한 즉시,https://www.moyoplan.com/plans/30906
37218,LGU+,A 스페셜,OTT/구독,조선일보 종이신문 1개월 무료 구독 이벤트,,,,,False,,,,https://www.moyoplan.com/plans/37218
34223,KT,[모요only] 무제한 100GB+5M(다이소 5000원),사은품/페이백,"3대 마트 상품권, 네이버페이 2만원",,,20000,,False,,KT바로유심,"대상: 바로유심/바로배송유심 구매・개통 후 7개월 회선 유지한 고객 시기: 개통 후 4개월차 중순 1만원, 7개월차 중순 1만원",https://www.moyoplan.com/plans/34223
34223,KT,[모요only] 무제한 100GB+5M(다이소 5000원),사은품/페이백,"다이소상품권 매월 5,000원 제공",,,5000,,False,,,대상: 대상 요금제 개통 후 지급 시기까지 회선 유지한 고객 시기: 매월 실사용 30일사용시 익일 제공,https://www.moyoplan.com/plans/34223
34223,KT,[모요only] 무제한 100GB+5M(다이소 5000원),추가데이터,추가데이터 20GB 제공,,,,,False,,,대상: 대상 요금제 개통 후 고고모바일 사용자 간 결합한 고객 시기: 조건 달성한 즉시,https://www.moyoplan.com/plans/34223
34223,KT,[모요only] 무제한 100GB+5M(다이소 5000원),사은품/페이백,KT유심&배송비 무료,,,,,False,,,대상: 대상 요금제 개통한 고객 시기: 조건 달성한 즉시,https://www.moyoplan.com/plans/34223
32514,KT,모두 충분 10GB+(Pay_5000),사은품/페이백,S-머니3만원(5천원X6개월),,,30000,,False,,모요유심,"대상: 모요에서 신청한 유심 개통 후, 1개월 회선 유지한 고객 시기: 개통월 기준 다음달 말부터 매월 말 지급",https://www.moyoplan.com/plans/32514
32514,KT,모두 충분 10GB+(Pay_5000),사은품/페이백,"3대마트상품권, 네이버페이 2만원",,,20000,,False,,KT바로유심,"대상: 바로유심/바로배송유심 구매 후 모요 개통, 1개월 유지한 고객 시기: 조건 달성한 달 월말",https://www.moyoplan.com/plans/32514
30897,KT,EG CU 데이터 15G+3/100분(CU할인),사은품/페이백,일반유심/배송비 무료,,,,,False,,택배일반유심,대상: 대상 요금제 개통 후 일반유심을 택배로 받을래요 신청 후 개통을 완료한 고객 시기: 조건 달성한 즉시,https://www.moyoplan.com/plans/30897
34224,KT,[모요only] 무제한 100GB+5M(올리브영 5000원),사은품/페이백,"3대 마트 상품권, 네이버페이 2만원",,,20000,,False,,KT바로유심,"대상: 바로유심/바로배송유심 구매・개통 후 7개월 회선 유지한 고객 시기: 개통 후 4개월차 중순 1만원, 7개월차 중순 1만원",https://www.moyoplan.com/plans/34224
34224,KT,[모요only] 무제한 100GB+5M(올리브영 5000원),사은품/페이백,"올리브영 상품권 매월 5,000원 제공",,,5000,,False,,,대상: 대상 요금제 개통 후 지급 시기까지 회선 유지한 고객 시기: 매월 실사용 30일사용시 익일 제공,https://www.moyoplan.com/plans/34224
34224,KT,[모요only] 무제한 100GB+5M(올리브영 5000원),추가데이터,추가데이터 20GB 제공,,,,,False,,,대상: 대상 요금제 개통 후 고고모바일 사용자 간 결합한 고객 시기: 조건 달성한 즉시,https://www.moyoplan.com/plans/34224
34224,KT,[모요only] 무제한 100GB+5M(올리브영 5000원),사은품/페이백,KT유심&배송비 무료,,,,,False,,,대상: 대상 요금제 개통한 고객 시기: 조건 달성한 즉시,https://www.moyoplan.com/plans/34224
37094,KT,[모요only] 5G 200분/12GB_12개월,사은품/페이백,"3대 마트 상품권, 네이버페이 2만원",,,20000,,False,,KT바로유심,"대상: 바로유심/바로배송유심 구매・개통 후 7개월 회선 유지한 고객 시기: 개통 후 4개월차 중순 1만원, 7개월차 중순 1만원",https://www.moyoplan.com/plans/37094
37094,KT,[모요only] 5G 200분/12GB_12개월,사은품/페이백,KT유심&배송비 무료,,,,,False,,,대상: 대상 요금제 개통한 고객 시기: 조건 달성한 즉시,https://www.moyoplan.com/plans/37094
31397,LGU+,[L] 핀다이렉트Z 100GB+,사은품/페이백,데이터 로밍 3일 무료 쿠폰,,,,,False,,,대상: 대상 요금제 개통한 고객 시기: 조건 달성한 즉시,https://www.moyoplan.com/plans/31397
33085,LGU+,The 완전마음껏10G＋(올리브영 매월 5000P),사은품/페이백,"올리브영 24개월간 매월 5,000원 상품권",,,5000,,False,,,,https://www.moyoplan.com/plans/33085
23376,KT,[모요only] 5G 무제한 90GB+1Mbps,사은품/페이백,"3대 마트 상품권, 네이버페이 2만원",,,20000,,False,,KT바로유심,"대상: 바로유심/바로배송유심 구매・개통 후 7개월 회선 유지한 고객 시기: 개통 후 4개월차 중순 1만원, 7개월차 중순 1만원",https://www.moyoplan.com/plans/23376
23376,KT,[모요only] 5G 무제한 90GB+1Mbps,추가데이터,추가데이터 10GB 제공,,,,,False,,,대상: 대상 요금제 개통 후 고고모바일 사용자 간 결합한 고객 시기: 조건 달성한 즉시,https://www.moyoplan.com/plans/23376
23376,KT,[모요only] 5G 무제한 90GB+1Mbps,사은품/페이백,KT유심&배송비 무료,,,,,False,,,대상: 대상 요금제 개통한 고객 시기: 조건 달성한 즉시,https://www.moyoplan.com/plans/23376
26988,LGU+,The 완전마음껏10G+(다이소 매월 5000P),사은품/페이백,"24개월 간 다이소 상품권 5,000원 쿠폰",,,5000,,False,,,,https://www.moyoplan.com/plans/26988
31335,LGU+,The 완전마음껏10G+(컬쳐랜드 문화상품권 매월 5000P),사은품/페이백,컬쳐랜드 모바일상품권 5천원 증정 (24개월),,,5000,,False,,,,https://www.moyoplan.com/plans/31335
33084,LGU+,The 완전마음껏7G＋(올리브영 매월 5000P),사은품/페이백,"올리브영 24개월간 매월 5,000원 상품권",,,5000,,False,,,,https://www.moyoplan.com/plans/33084
11202,LGU+,보편 안심 유심 6GB 200분,사은품/페이백,네이버페이 매달 5천원 페이백(6개월),,,30000,,False,,,,https://www.moyoplan.com/plans/11202
11202,LGU+,보편 안심 유심 6GB 200분,사은품/페이백,프레딧 쿠폰 2만원(5천원*4개월),,,20000,,False,,,,https://www.moyoplan.com/plans/11202
11202,LGU+,보편 안심 유심 6GB 200분,OTT/구독,구글 AI프로+도미노피자 할인쿠폰,,,,,False,,,,https://www.moyoplan.com/plans/11202
11202,LGU+,보편 안심 유심 6GB 200분,OTT/구독,토스미·오픽미 AI 모의고사,,,,,False,,,,https://www.moyoplan.com/plans/11202
17463,KT,5G무제한 30GB+1Mbps,사은품/페이백,"3대 마트 상품권, 네이버페이 2만원",,,20000,,False,,KT바로유심,"대상: 바로유심/바로배송유심 구매・개통 후 7개월 회선 유지한 고객 시기: 개통 후 4개월차 중순 1만원, 7개월차 중순 1만원",https://www.moyoplan.com/plans/17463
17463,KT,5G무제한 30GB+1Mbps,추가데이터,추가데이터 10GB 제공,,,,,False,,,대상: 대상 요금제 개통 후 고고모바일 사용자 간 결합한 고객 시기: 조건 달성한 즉시,https://www.moyoplan.com/plans/17463
17463,KT,5G무제한 30GB+1Mbps,사은품/페이백,KT유심&배송비 무료,,,,,False,,,대상: 대상 요금제 개통한 고객 시기: 조건 달성한 즉시,https://www.moyoplan.com/plans/17463
24009,SKT,티플 위드유 7GB＋(G car),사은품/페이백,롯데렌터카 연간 패스 이용권,,,,,False,,,"대상: 대상 요금제 개통한 고객 시기: 개통 첫달 15일/말일 , 이후 매월 초 지급",https://www.moyoplan.com/plans/24009
37435,LGU+,A 스페셜 11GB+,OTT/구독,조선일보 종이신문 1개월 무료 구독 이벤트,,,,,False,,,,https://www.moyoplan.com/plans/37435
37435,LGU+,A 스페셜 11GB+,사은품/페이백,네이버페이 2만원 지급 이벤트,,,20000,,False,,,,https://www.moyoplan.com/plans/37435
37435,LGU+,A 스페셜 11GB+,사은품/페이백,유심사 3일 500MB 할인 쿠폰 지급,,,,,False,,,,https://www.moyoplan.com/plans/37435
20015,KT,무제한15GB+1M(밀리의서재 매월 무료),OTT/구독,"밀리의 서재 구독권(11,900원 상당) 제공",밀리의서재,,11900,,False,,,대상: 대상 요금제 개통한 고객 시기: 조건 달성한 즉시,https://www.moyoplan.com/plans/20015
20015,KT,무제한15GB+1M(밀리의서재 매월 무료),사은품/페이백,"3대 마트 상품권, 네이버페이 2만원",,,20000,,False,,KT바로유심,"대상: 바로유심/바로배송유심 구매・개통 후 7개월 회선 유지한 고객 시기: 개통 후 4개월차 중순 1만원, 7개월차 중순 1만원",https://www.moyoplan.com/plans/20015
20015,KT,무제한15GB+1M(밀리의서재 매월 무료),추가데이터,추가데이터 10GB 제공,,,,,False,,,대상: 대상 요금제 개통 후 고고모바일 사용자 간 결합한 고객 시기: 조건 달성한 즉시,https://www.moyoplan.com/plans/20015
20015,KT,무제한15GB+1M(밀리의서재 매월 무료),추가데이터,데이터 매월 10GB 추가 증정 (24개월간),,,,,False,,,대상: 대상 요금제 개통한 고객 시기: 조건 달성한 즉시,https://www.moyoplan.com/plans/20015
20015,KT,무제한15GB+1M(밀리의서재 매월 무료),사은품/페이백,KT유심&배송비 무료,,,,,False,,,대상: 대상 요금제 개통한 고객 시기: 조건 달성한 즉시,https://www.moyoplan.com/plans/20015
35425,KT,[K]롯시&밀리 11GB+일2GB,OTT/구독,밀리의서재 구독권 평생 무료 제공,밀리의서재,,,,False,,,,https://www.moyoplan.com/plans/35425
35425,KT,[K]롯시&밀리 11GB+일2GB,사은품/페이백,매월 롯데시네마 관람권 지급,,,,,False,,,,https://www.moyoplan.com/plans/35425
35425,KT,[K]롯시&밀리 11GB+일2GB,추가데이터,SOLO결합 데이터 20GB 지급,,,,,False,,,,https://www.moyoplan.com/plans/35425
24723,LGU+,빽다방 100잔 5G 5GB,사은품/페이백,빽다방 100잔 (25개월간 매월 4잔),,,,,False,,,대상: 대상 요금제 개통 후 1개월 회선 유지한 고객 시기: 가입일에 따라 1일 또는 15일,https://www.moyoplan.com/plans/24723
10700,SKT,이야기 300분+7GB(5G),사은품/페이백,"네이버페이 5,000원",,,5000,,False,,,대상: 대상 요금제 개통 후 개통월 내 리뷰 작성 후 1개월 회선 유지한 고객 시기: 조건 달성한 달 월말,https://www.moyoplan.com/plans/10700
29220,KT,"[모요only] 쉐이크 LTE 7GB+_다이소 매 월 5,000원",사은품/페이백,매월 1천원 요금할인 (팝테일 가입·인증),,,1000,,False,,,대상: 이벤트 기간 내 대상요금제 개통 후 팝테일 가입·인증한 고객 시기: 개통 후 영업일 기준 D+2일 이내,https://www.moyoplan.com/plans/29220
29220,KT,"[모요only] 쉐이크 LTE 7GB+_다이소 매 월 5,000원",사은품/페이백,"마트상품권, 네이버페이 최대 2만원",,,20000,,False,,KT바로유심,"대상: 바로유심/바로배송유심 구매・개통 후 7개월 회선 유지한 고객 시기: 개통 후 4개월차 말일 1만원, 7개월차 말일 1만원",https://www.moyoplan.com/plans/29220
29220,KT,"[모요only] 쉐이크 LTE 7GB+_다이소 매 월 5,000원",사은품/페이백,"다이소 매월 5,000원 제공",,,5000,,False,,,"대상: 대상 요금제 개통 후, 지급시기까지 회선 유지한 고객 시기: 실 사용일 수 30일 충족 시, 31일차에 지급",https://www.moyoplan.com/plans/29220
29220,KT,"[모요only] 쉐이크 LTE 7GB+_다이소 매 월 5,000원",추가데이터,SOLO결합(+5GB),,,,,False,,,대상: 대상 요금제 개통한 고객 시기: 조건 달성한 즉시,https://www.moyoplan.com/plans/29220
29220,KT,"[모요only] 쉐이크 LTE 7GB+_다이소 매 월 5,000원",추가데이터,데이터 매월 10GB 추가 증정(24개월),,,,,False,,,대상: 대상 요금제 개통한 고객 시기: 조건 달성한 즉시,https://www.moyoplan.com/plans/29220
29220,KT,"[모요only] 쉐이크 LTE 7GB+_다이소 매 월 5,000원",추가데이터,데이터쿠폰 20GB,,,,,False,,,"대상: 대상 요금제 개통 후, 지급시기까지 회선 유지한 고객 시기: 3개월 단위로 총 3회 제공",https://www.moyoplan.com/plans/29220
26213,LGU+,Sugar 10GB+1Mbps,사은품/페이백,개통완료 시 유심/배송비 무료 1개,,,,,False,,,,https://www.moyoplan.com/plans/26213
13975,SKT,함께이야기해S(1000분+10GB),사은품/페이백,"네이버페이 5,000원",,,5000,,False,,,대상: 대상 요금제 개통 후 개통월 내 리뷰 작성 후 1개월 회선 유지한 고객 시기: 조건 달성한 달 월말,https://www.moyoplan.com/plans/13975
17404,KT,5G무제한 50GB+1Mbps,사은품/페이백,"3대 마트 상품권, 네이버페이 2만원",,,20000,,False,,KT바로유심,"대상: 바로유심/바로배송유심 구매・개통 후 7개월 회선 유지한 고객 시기: 개통 후 4개월차 중순 1만원, 7개월차 중순 1만원",https://www.moyoplan.com/plans/17404
17404,KT,5G무제한 50GB+1Mbps,추가데이터,추가데이터 10GB 제공,,,,,False,,,대상: 대상 요금제 개통 후 고고모바일 사용자 간 결합한 고객 시기: 조건 달성한 즉시,https://www.moyoplan.com/plans/17404
17404,KT,5G무제한 50GB+1Mbps,사은품/페이백,KT유심&배송비 무료,,,,,False,,,대상: 대상 요금제 개통한 고객 시기: 조건 달성한 즉시,https://www.moyoplan.com/plans/17404
37202,LGU+,A 스페셜 4.5GB+,OTT/구독,조선일보 종이신문 1개월 무료 구독 이벤트,,,,,False,,,,https://www.moyoplan.com/plans/37202
37202,LGU+,A 스페셜 4.5GB+,사은품/페이백,네이버페이 5천원 지급 이벤트,,,5000,,False,,,,https://www.moyoplan.com/plans/37202
11793,KT,모두 충분 11GB+(요기요),사은품/페이백,S-머니6만원(1만원X6개월),,,60000,,False,,모요유심,"대상: 모요에서 신청한 유심 개통 후, 1개월 회선 유지한 고객 시기: 개통월 기준 다음달 말부터 매월 말 지급",https://www.moyoplan.com/plans/11793
11793,KT,모두 충분 11GB+(요기요),사은품/페이백,"3대마트상품권, 네이버페이 2만원",,,20000,,False,,KT바로유심,"대상: 바로유심/바로배송유심 구매 후 모요 개통, 1개월 유지한 고객 시기: 조건 달성한 달 월말",https://www.moyoplan.com/plans/11793
37437,LGU+,A 5G 스페셜 에센셜,OTT/구독,조선일보 종이신문 1개월 무료 구독 이벤트,,,,,False,,,,https://www.moyoplan.com/plans/37437
37437,LGU+,A 5G 스페셜 에센셜,사은품/페이백,유심사 3일 500MB 할인 쿠폰 지급,,,,,False,,,,https://www.moyoplan.com/plans/37437
29029,SKT,티플 올리브영 7GB+(매월 5000P),사은품/페이백,"올리브영 12개월간 매월 5,000원 상품권",,,5000,,False,,,대상: 대상 요금제 개통 후 1개월 회선 유지한 고객 시기: 조건 달성한 달 월말,https://www.moyoplan.com/plans/29029
36169,KT,이야기 K 데이터 11GB+(다이소 5000P),사은품/페이백,"네이버페이, 3대 마트 상품권 2만원",,,20000,,False,,KT바로유심,,https://www.moyoplan.com/plans/36169
36169,KT,이야기 K 데이터 11GB+(다이소 5000P),사은품/페이백,"네이버페이 5,000원",,,5000,,False,,,,https://www.moyoplan.com/plans/36169
26748,KT,이야기K 데이터 11GB+(배달의 민족 5000P),사은품/페이백,"네이버페이, 3대 마트 상품권 2만원",,,20000,,False,,KT바로유심,,https://www.moyoplan.com/plans/26748
26748,KT,이야기K 데이터 11GB+(배달의 민족 5000P),사은품/페이백,"네이버페이 5,000원",,,5000,,False,,,,https://www.moyoplan.com/plans/26748
32018,LGU+,이지 무한 7G+1,사은품/페이백,일반유심/배송비 무료,,,,,False,,택배일반유심,대상: 대상 요금제 개통 후 일반유심을 택배로 받을래요 신청 후 개통을 완료한 고객 시기: 조건 달성한 즉시,https://www.moyoplan.com/plans/32018
23574,KT,KT 15GB+(300분) (CU 매월 20%+올리브영 매월 5천원 상품권!),사은품/페이백,마트 상품권/네이버페이 1만원 증정,,,10000,,False,,KT바로유심,대상: 바로유심/바로배송유심 구매・개통 후 7개월 회선 유지한 고객 시기: 조건 달성한 달 월말,https://www.moyoplan.com/plans/23574
23574,KT,KT 15GB+(300분) (CU 매월 20%+올리브영 매월 5천원 상품권!),사은품/페이백,마트 상품권/네이버페이 1만원 증정,,,10000,,False,,KT바로유심,대상: 바로유심/바로배송유심 구매・개통 후 4개월 회선 유지한 고객 시기: 조건 달성한 달 월말,https://www.moyoplan.com/plans/23574
23574,KT,KT 15GB+(300분) (CU 매월 20%+올리브영 매월 5천원 상품권!),사은품/페이백,CU 오프라인 점포 결제시 20% 할인 제공,,,,,False,,,대상: 대상 요금제 개통한 고객 시기: 조건 달성한 즉시,https://www.moyoplan.com/plans/23574
23574,KT,KT 15GB+(300분) (CU 매월 20%+올리브영 매월 5천원 상품권!),사은품/페이백,"올리브영 12개월간 매월 5,000원 상품권",,,5000,,False,,,대상: 대상 요금제 개통 후 1개월 회선 유지한 고객 시기: 조건 달성한 달 월말,https://www.moyoplan.com/plans/23574
30869,KT,EG 5G 심플 70GB+,사은품/페이백,일반유심/배송비 무료,,,,,False,,택배일반유심,대상: 대상 요금제 개통 후 일반유심을 택배로 받을래요 신청 후 개통을 완료한 고객 시기: 조건 달성한 즉시,https://www.moyoplan.com/plans/30869
33538,KT,TOP 5G 200GB 기본 (지니뮤직),OTT/구독,지니뮤직 무료이용권 매월 제공,지니뮤직,,,,False,,,대상: 대상 요금제 개통한 고객 시기: 조건 달성한 즉시,https://www.moyoplan.com/plans/33538
33538,KT,TOP 5G 200GB 기본 (지니뮤직),추가데이터,솔로결합(+20GB),,,,,False,,,대상: 솔로결합 대상 요금제를 개통하고 '솔로결합'을 신청한 고객 시기: 조건 달성한 즉시,https://www.moyoplan.com/plans/33538
33538,KT,TOP 5G 200GB 기본 (지니뮤직),사은품/페이백,"3대 마트 상품권, 네이버페이 2만원",,,20000,,False,,KT바로유심,대상: 대상 요금제 개통한 고객 시기: 바로유심/바로배송유심 구매・개통 후 7개월 회선유지시,https://www.moyoplan.com/plans/33538
16843,KT,이야기K 데이터 11GB+(왓차_베이직),사은품/페이백,"네이버페이, 3대 마트 상품권 2만원",,,20000,,False,,KT바로유심,,https://www.moyoplan.com/plans/16843
16843,KT,이야기K 데이터 11GB+(왓차_베이직),사은품/페이백,"네이버페이 5,000원",,,5000,,False,,,,https://www.moyoplan.com/plans/16843
35824,KT,TOP 5G 200GB 기본 (다이소),추가데이터,솔로결합(+20GB),,,,,False,,,대상: 솔로결합 대상 요금제를 개통하고 '솔로결합'을 신청한 고객 시기: 조건 달성한 즉시,https://www.moyoplan.com/plans/35824
35824,KT,TOP 5G 200GB 기본 (다이소),사은품/페이백,"3대 마트 상품권, 네이버페이 2만원",,,20000,,False,,KT바로유심,대상: 대상 요금제 개통한 고객 시기: 바로유심/바로배송유심 구매・개통 후 7개월 회선유지시,https://www.moyoplan.com/plans/35824
35824,KT,TOP 5G 200GB 기본 (다이소),사은품/페이백,"다이소 매월 5,000원 제공",,,5000,,False,,,"대상: 대상 요금제 개통 후 가입일부터 사용일수 30일 충족한 고객 시기: 실 사용일수 30일 충족시, 31일차에 지급",https://www.moyoplan.com/plans/35824
26866,LGU+,음성기본,사은품/페이백,유심/배송비 무료,,,,,False,,,,https://www.moyoplan.com/plans/26866
24007,SKT,티플 위드유 15GB＋(100분)(G car),사은품/페이백,롯데렌터카 연간 패스 이용권,,,,,False,,,"대상: 대상 요금제 개통한 고객 시기: 개통 첫달 15일/말일 , 이후 매월 초 지급",https://www.moyoplan.com/plans/24007
37182,KT,A 스탠다드 25GB/300분,OTT/구독,조선일보 종이신문 1개월 무료 구독 이벤트,,,,,False,,,,https://www.moyoplan.com/plans/37182
27847,LGU+,이야기 스페셜 100GB+,사은품/페이백,"네이버페이 5,000원",,,5000,,False,,,대상: 대상 요금제 개통 후 개통월 내 리뷰 작성 후 1개월 회선 유지한 고객 시기: 조건 달성한 달 월말,https://www.moyoplan.com/plans/27847
20326,SKT,함께이야기해S(200분+30GB),사은품/페이백,"네이버페이 5,000원",,,5000,,False,,,대상: 대상 요금제 개통 후 개통월 내 리뷰 작성 후 1개월 회선 유지한 고객 시기: 조건 달성한 달 월말,https://www.moyoplan.com/plans/20326
30856,LGU+,이지 무한 10G+1,사은품/페이백,일반유심/배송비 무료,,,,,False,,택배일반유심,대상: 대상 요금제 개통 후 일반유심을 택배로 받을래요 신청 후 개통을 완료한 고객 시기: 조건 달성한 즉시,https://www.moyoplan.com/plans/30856
30894,KT,EG CU 무제한 15G+1(CU할인),추가데이터,데이터 10GB 추가 증정,,,,,False,,,대상: 대상 요금제 개통한 고객 시기: 조건 달성한 즉시,https://www.moyoplan.com/plans/30894
30894,KT,EG CU 무제한 15G+1(CU할인),사은품/페이백,일반유심/배송비 무료,,,,,False,,택배일반유심,대상: 대상 요금제 개통 후 일반유심을 택배로 받을래요 신청 후 개통을 완료한 고객 시기: 조건 달성한 즉시,https://www.moyoplan.com/plans/30894
27407,SKT,티플 CGV 7GB＋,사은품/페이백,CGV 2D영화 8천원 관람권 2매,,,8000,,False,,,대상: 대상 요금제 개통 후 1개월 회선 유지한 고객 시기: 조건 달성한 달 월말,https://www.moyoplan.com/plans/27407
27407,SKT,티플 CGV 7GB＋,사은품/페이백,CGV 스몰세트 교환권,,,,,False,,,대상: 대상 요금제 개통 후 1개월 회선 유지한 고객 시기: 조건 달성한 달 월말,https://www.moyoplan.com/plans/27407
24186,KT,LTE무제한 15GB+1M(CU20%할인),사은품/페이백,"3대 마트 상품권, 네이버페이 2만원",,,20000,,False,,KT바로유심,"대상: 바로유심/바로배송유심 구매・개통 후 7개월 회선 유지한 고객 시기: 개통 후 4개월차 중순 1만원, 7개월차 중순 1만원",https://www.moyoplan.com/plans/24186
24186,KT,LTE무제한 15GB+1M(CU20%할인),사은품/페이백,CU 20% 오프라인 결제할인,,,,,False,,,대상: 대상 요금제 개통한 고객 시기: 요금제 가입 후 익일에 발송,https://www.moyoplan.com/plans/24186
24186,KT,LTE무제한 15GB+1M(CU20%할인),추가데이터,추가데이터 10GB 제공,,,,,False,,,대상: 대상 요금제 개통 후 고고모바일 사용자 간 결합한 고객 시기: 조건 달성한 즉시,https://www.moyoplan.com/plans/24186
24186,KT,LTE무제한 15GB+1M(CU20%할인),추가데이터,데이터 매월 10GB 추가 증정 (24개월간),,,,,False,,,대상: 대상 요금제 개통한 고객 시기: 조건 달성한 즉시,https://www.moyoplan.com/plans/24186
24186,KT,LTE무제한 15GB+1M(CU20%할인),사은품/페이백,KT유심&배송비 무료,,,,,False,,,대상: 대상 요금제 개통한 고객 시기: 조건 달성한 즉시,https://www.moyoplan.com/plans/24186
30851,KT,EG 무제한 15GB+1(밀리의 서재),OTT/구독,밀리의 서재 이용권 제공,밀리의서재,,,,False,,,대상: 대상 요금제 개통한 고객 시기: 조건 달성한 즉시,https://www.moyoplan.com/plans/30851
30851,KT,EG 무제한 15GB+1(밀리의 서재),추가데이터,데이터 10GB 추가 증정,,,,,False,,,대상: 대상 요금제 개통한 고객 시기: 조건 달성한 즉시,https://www.moyoplan.com/plans/30851
30851,KT,EG 무제한 15GB+1(밀리의 서재),사은품/페이백,일반유심/배송비 무료,,,,,False,,택배일반유심,대상: 대상 요금제 개통 후 일반유심을 택배로 받을래요 신청 후 개통을 완료한 고객 시기: 조건 달성한 즉시,https://www.moyoplan.com/plans/30851
30833,LGU+,[모요only] 프라임,사은품/페이백,일반유심/배송비 무료,,,,,False,,택배일반유심,,https://www.moyoplan.com/plans/30833
33024,LGU+,Sugar 실속(500분/5GB),사은품/페이백,개통완료 시 유심/배송비 무료 1개,,,,,False,,,,https://www.moyoplan.com/plans/33024
9628,KT,데이터 충분 5GB+/100분,사은품/페이백,S-머니3만원(5천원X6개월),,,30000,,False,,모요유심,"대상: 모요에서 신청한 유심 개통 후, 1개월 회선 유지한 고객 시기: 개통월 기준 다음달 말부터 매월 말 지급",https://www.moyoplan.com/plans/9628
9628,KT,데이터 충분 5GB+/100분,사은품/페이백,"3대마트상품권, 네이버페이 2만원",,,20000,,False,,KT바로유심,"대상: 바로유심/바로배송유심 구매 후 모요 개통, 1개월 유지한 고객 시기: 조건 달성한 달 월말",https://www.moyoplan.com/plans/9628
13979,SKT,함께이야기해S(1000분+20GB),사은품/페이백,"네이버페이 5,000원",,,5000,,False,,,대상: 대상 요금제 개통 후 개통월 내 리뷰 작성 후 1개월 회선 유지한 고객 시기: 조건 달성한 달 월말,https://www.moyoplan.com/plans/13979
16286,SKT,이야기 스탠다드S 300분15GB+,사은품/페이백,"네이버페이 5,000원",,,5000,,False,,,,https://www.moyoplan.com/plans/16286
31349,LGU+,쿠폰팩 통화기본11GB+매일2GB,사은품/페이백,24개월간 월 5000원씩(네이버페이 가능),,,5000,,False,,,대상: 대상 요금제 개통 후 1개월 회선 유지한 고객 시기: 조건 달성한 달 부터 매월 16~20일,https://www.moyoplan.com/plans/31349
31349,LGU+,쿠폰팩 통화기본11GB+매일2GB,사은품/페이백,유심/배송비 무료!,,,,,False,,,대상: 대상 요금제 개통한 고객 시기: 개통 즉시,https://www.moyoplan.com/plans/31349
33903,LGU+,모나300분10G안심1,사은품/페이백,NFC 유심 무료 제공,,,,,False,,,대상: 대상 요금제 개통한 고객 시기: 개통즉시,https://www.moyoplan.com/plans/33903
33903,LGU+,모나300분10G안심1,사은품/페이백,4대 편의점 최대 10.1%적립,,,,,False,,,대상: 대상 요금제 개통 후 멤버십카드 등록한 고객 시기: 개통즉시,https://www.moyoplan.com/plans/33903
27734,KT,[모요only] 쉐이크 LTE 7GB+_지니뮤직,OTT/구독,지니뮤직 무료이용권 매월 제공,지니뮤직,,,,False,,,대상: 대상 요금제 개통한 고객 시기: 조건 달성한 즉시,https://www.moyoplan.com/plans/27734
27734,KT,[모요only] 쉐이크 LTE 7GB+_지니뮤직,사은품/페이백,매월 1천원 요금할인 (팝테일 가입·인증),,,1000,,False,,,대상: 이벤트 기간 내 대상요금제 개통 후 팝테일 가입·인증한 고객 시기: 개통 후 영업일 기준 D+2일 이내,https://www.moyoplan.com/plans/27734
27734,KT,[모요only] 쉐이크 LTE 7GB+_지니뮤직,사은품/페이백,"마트상품권, 네이버페이 최대 2만원",,,20000,,False,,KT바로유심,"대상: 바로유심/바로배송유심 구매・개통 후 7개월 회선 유지한 고객 시기: 개통 후 4개월차 말일 1만원, 7개월차 말일 1만원",https://www.moyoplan.com/plans/27734
27734,KT,[모요only] 쉐이크 LTE 7GB+_지니뮤직,추가데이터,SOLO결합(+5GB),,,,,False,,,대상: 대상 요금제 개통한 고객 시기: 조건 달성한 즉시,https://www.moyoplan.com/plans/27734
27734,KT,[모요only] 쉐이크 LTE 7GB+_지니뮤직,추가데이터,데이터 매월 10GB 추가 증정(24개월),,,,,False,,,대상: 대상 요금제 개통한 고객 시기: 조건 달성한 즉시,https://www.moyoplan.com/plans/27734
27734,KT,[모요only] 쉐이크 LTE 7GB+_지니뮤직,추가데이터,데이터쿠폰 20GB,,,,,False,,,"대상: 대상 요금제 개통 후, 지급시기까지 회선 유지한 고객 시기: 3개월 단위로 총 3회 제공",https://www.moyoplan.com/plans/27734
37183,KT,A 스탠다드 10GB/200분,OTT/구독,조선일보 종이신문 1개월 무료 구독 이벤트,,,,,False,,,,https://www.moyoplan.com/plans/37183
37183,KT,A 스탠다드 10GB/200분,사은품/페이백,네이버페이 5천원 지급 이벤트,,,5000,,False,,,,https://www.moyoplan.com/plans/37183
35789,KT,EG 무제한 10GB+1(모아진),OTT/구독,모아진(전세계 매거진) 무료 구독,,,,,False,,,대상: 대상 요금제 개통한 고객 시기: 조건 달성한 즉시,https://www.moyoplan.com/plans/35789
37216,LGU+,A 스페셜 11GB+ (24개월),OTT/구독,조선일보 종이신문 1개월 무료 구독 이벤트,,,,,False,,,,https://www.moyoplan.com/plans/37216
30898,KT,EG CU 데이터 15G+3/300분(CU할인),사은품/페이백,일반유심/배송비 무료,,,,,False,,택배일반유심,대상: 대상 요금제 개통 후 일반유심을 택배로 받을래요 신청 후 개통을 완료한 고객 시기: 조건 달성한 즉시,https://www.moyoplan.com/plans/30898
24205,KT,LTE무제한 100GB+5M(CU20%할인),사은품/페이백,"3대 마트 상품권, 네이버페이 2만원",,,20000,,False,,KT바로유심,"대상: 바로유심/바로배송유심 구매・개통 후 7개월 회선 유지한 고객 시기: 개통 후 4개월차 중순 1만원, 7개월차 중순 1만원",https://www.moyoplan.com/plans/24205
24205,KT,LTE무제한 100GB+5M(CU20%할인),사은품/페이백,CU 20% 오프라인 결제할인,,,,,False,,,대상: 대상 요금제 개통한 고객 시기: 요금제 가입 후 익일에 발송,https://www.moyoplan.com/plans/24205
24205,KT,LTE무제한 100GB+5M(CU20%할인),추가데이터,추가데이터 20GB 제공,,,,,False,,,대상: 대상 요금제 개통 후 고고모바일 사용자 간 결합한 고객 시기: 조건 달성한 즉시,https://www.moyoplan.com/plans/24205
24205,KT,LTE무제한 100GB+5M(CU20%할인),사은품/페이백,KT유심&배송비 무료,,,,,False,,,대상: 대상 요금제 개통한 고객 시기: 조건 달성한 즉시,https://www.moyoplan.com/plans/24205
15066,LGU+,이야기 스탠다드 100분15GB+,사은품/페이백,"네이버페이 5,000원",,,5000,,False,,,,https://www.moyoplan.com/plans/15066
11199,LGU+,슬림 안심 유심 2.5GB 250분,사은품/페이백,네이버페이 매달 5천원 페이백(6개월),,,30000,,False,,,,https://www.moyoplan.com/plans/11199
11199,LGU+,슬림 안심 유심 2.5GB 250분,사은품/페이백,프레딧 쿠폰 2만원(5천원*4개월),,,20000,,False,,,,https://www.moyoplan.com/plans/11199
11199,LGU+,슬림 안심 유심 2.5GB 250분,OTT/구독,구글 AI프로+도미노피자 할인쿠폰,,,,,False,,,,https://www.moyoplan.com/plans/11199
11199,LGU+,슬림 안심 유심 2.5GB 250분,OTT/구독,토스미·오픽미 AI 모의고사,,,,,False,,,,https://www.moyoplan.com/plans/11199
37436,LGU+,A 5G 스페셜 슈퍼,OTT/구독,조선일보 종이신문 1개월 무료 구독 이벤트,,,,,False,,,,https://www.moyoplan.com/plans/37436
37436,LGU+,A 5G 스페셜 슈퍼,사은품/페이백,유심사 3일 500MB 할인 쿠폰 지급,,,,,False,,,,https://www.moyoplan.com/plans/37436
37174,KT,A 올라잇,OTT/구독,조선일보 종이신문 1개월 무료 구독 이벤트,,,,,False,,,,https://www.moyoplan.com/plans/37174
37238,SKT,A 스마트 20GB/100분,OTT/구독,조선일보 종이신문 1개월 무료 구독 이벤트,,,,,False,,,,https://www.moyoplan.com/plans/37238
37238,SKT,A 스마트 20GB/100분,사은품/페이백,네이버페이 5천원 지급 이벤트,,,5000,,False,,,,https://www.moyoplan.com/plans/37238
8165,LGU+,내맘대로 차단형 (0분+500MB),사은품/페이백,"네이버페이 5,000원",,,5000,,False,,,,https://www.moyoplan.com/plans/8165
18745,KT,[모요only] 무제한 7GB+1M(밀리의서재 Free),OTT/구독,"밀리의 서재 구독권(11,900원 상당) 제공",밀리의서재,,11900,,False,,,대상: 대상 요금제 개통한 고객 시기: 조건 달성한 즉시,https://www.moyoplan.com/plans/18745
18745,KT,[모요only] 무제한 7GB+1M(밀리의서재 Free),사은품/페이백,"3대 마트 상품권, 네이버페이 2만원",,,20000,,False,,KT바로유심,"대상: 바로유심/바로배송유심 구매・개통 후 7개월 회선 유지한 고객 시기: 개통 후 4개월차 중순 1만원, 7개월차 중순 1만원",https://www.moyoplan.com/plans/18745
18745,KT,[모요only] 무제한 7GB+1M(밀리의서재 Free),추가데이터,데이터 매월 10GB 추가 증정 (24개월간),,,,,False,,,대상: 대상 요금제 개통한 고객 시기: 조건 달성한 즉시,https://www.moyoplan.com/plans/18745
18745,KT,[모요only] 무제한 7GB+1M(밀리의서재 Free),추가데이터,추가데이터 5GB 제공,,,,,False,,,대상: 대상 요금제 개통 후 고고모바일 사용자 간 결합한 고객 시기: 조건 달성한 즉시,https://www.moyoplan.com/plans/18745
18745,KT,[모요only] 무제한 7GB+1M(밀리의서재 Free),사은품/페이백,KT유심&배송비 무료,,,,,False,,,대상: 대상 요금제 개통한 고객 시기: 조건 달성한 즉시,https://www.moyoplan.com/plans/18745
34909,LGU+,이야기 라이트 10GB+(24개월),사은품/페이백,"네이버페이 5,000원",,,5000,,False,,,대상: 대상 요금제 개통 후 개통월 내 리뷰 작성 후 1개월 회선 유지한 고객 시기: 조건 달성한 달 월말,https://www.moyoplan.com/plans/34909
16406,SKT,이야기 무한 10GB+,사은품/페이백,"네이버페이 5,000원",,,5000,,False,,,,https://www.moyoplan.com/plans/16406
31398,LGU+,[L] 핀다이렉트Z 일5GB+,사은품/페이백,데이터 로밍 3일 무료 쿠폰,,,,,False,,,,https://www.moyoplan.com/plans/31398
37176,KT,A 스탠다드 20GB/300분,OTT/구독,조선일보 종이신문 1개월 무료 구독 이벤트,,,,,False,,,,https://www.moyoplan.com/plans/37176
37176,KT,A 스탠다드 20GB/300분,사은품/페이백,네이버페이 5천원 지급 이벤트,,,5000,,False,,,,https://www.moyoplan.com/plans/37176
36172,KT,이야기 K 데이터 100GB+(다이소 5000P),사은품/페이백,"네이버페이, 3대 마트 상품권 2만원",,,20000,,False,,KT바로유심,,https://www.moyoplan.com/plans/36172
36172,KT,이야기 K 데이터 100GB+(다이소 5000P),사은품/페이백,"네이버페이 5,000원",,,5000,,False,,,,https://www.moyoplan.com/plans/36172
23286,KT,KT 7GB+ (밀리의서재+올리브영 매월 5천원 상품권!),OTT/구독,밀리의 서재 전자책 정기구독 혜택 매월 제공,밀리의서재,,,,False,,,대상: 대상 요금제 개통한 고객 시기: 조건 달성한 즉시,https://www.moyoplan.com/plans/23286
23286,KT,KT 7GB+ (밀리의서재+올리브영 매월 5천원 상품권!),사은품/페이백,3대마트 상품권/네이버페이 1만원 증정,,,10000,,False,,KT바로유심,대상: 바로유심/바로배송유심 구매・개통 후 7개월 회선 유지한 고객 시기: 조건 달성한 달 월말,https://www.moyoplan.com/plans/23286
23286,KT,KT 7GB+ (밀리의서재+올리브영 매월 5천원 상품권!),사은품/페이백,3대마트 상품권/네이버페이 1만원 증정,,,10000,,False,,KT바로유심,대상: 바로유심/바로배송유심 구매・개통 후 4개월 회선 유지한 고객 시기: 조건 달성한 달 월말,https://www.moyoplan.com/plans/23286
23286,KT,KT 7GB+ (밀리의서재+올리브영 매월 5천원 상품권!),사은품/페이백,마트 상품권/네이버페이 1만원 증정,,,10000,,False,,KT바로유심,대상: 바로유심/바로배송유심 구매・개통 후 7개월 회선 유지한 고객 시기: 조건 달성한 달 월말,https://www.moyoplan.com/plans/23286
23286,KT,KT 7GB+ (밀리의서재+올리브영 매월 5천원 상품권!),사은품/페이백,마트 상품권/네이버페이 1만원 증정,,,10000,,False,,KT바로유심,대상: 바로유심/바로배송유심 구매・개통 후 4개월 회선 유지한 고객 시기: 조건 달성한 달 월말,https://www.moyoplan.com/plans/23286
23286,KT,KT 7GB+ (밀리의서재+올리브영 매월 5천원 상품권!),사은품/페이백,"올리브영 12개월간 매월 5,000원 상품권",,,5000,,False,,,대상: 대상 요금제 개통 후 1개월 회선 유지한 고객 시기: 조건 달성한 달 월말,https://www.moyoplan.com/plans/23286
23286,KT,KT 7GB+ (밀리의서재+올리브영 매월 5천원 상품권!),추가데이터,개통시 매월 10GB 데이터 추가 지급,,,,,False,,,"대상: 대상 요금제 개통한 고객 시기: 개통 익일 제공, 익월부터는 매월초 제공",https://www.moyoplan.com/plans/23286
31354,LGU+,쿠폰팩 통화기본100GB+,사은품/페이백,24개월간 월 5000원씩(네이버페이 가능),,,5000,,False,,,대상: 대상 요금제 개통 후 1개월 회선 유지한 고객 시기: 조건 달성한 달 부터 매월 16~20일,https://www.moyoplan.com/plans/31354
31354,LGU+,쿠폰팩 통화기본100GB+,사은품/페이백,유심/배송비 무료!,,,,,False,,,대상: 대상 요금제 개통한 고객 시기: 개통 즉시,https://www.moyoplan.com/plans/31354
36170,KT,이야기 K 데이터 100GB+(배달의 민족 5000P),사은품/페이백,"네이버페이, 3대 마트 상품권 2만원",,,20000,,False,,KT바로유심,,https://www.moyoplan.com/plans/36170
36170,KT,이야기 K 데이터 100GB+(배달의 민족 5000P),사은품/페이백,"네이버페이 5,000원",,,5000,,False,,,,https://www.moyoplan.com/plans/36170
29085,SKT,함께이야기해S 무한 30GB,사은품/페이백,"네이버페이 5,000원",,,5000,,False,,,대상: 대상 요금제 개통 후 개통월 내 리뷰 작성 후 1개월 회선 유지한 고객 시기: 조건 달성한 달 월말,https://www.moyoplan.com/plans/29085
35401,SKT,[S]아이즈특판300분/15GB+,추가데이터,SOLO결합 데이터 10GB 지급,,,,,False,,,대상: 대상 요금제 개통 후 아이즈모바일 사용자간 결합 & SOLO 결합한 고객 시기: 조건 달성한 즉시,https://www.moyoplan.com/plans/35401
13787,KT,모두 충분 6GB+,사은품/페이백,S-머니3만원(5천원X6개월),,,30000,,False,,모요유심,"대상: 모요에서 신청한 유심 개통 후, 1개월 회선 유지한 고객 시기: 개통월 기준 다음달 말부터 매월 말 지급",https://www.moyoplan.com/plans/13787
13787,KT,모두 충분 6GB+,사은품/페이백,"3대마트상품권, 네이버페이 2만원",,,20000,,False,,KT바로유심,"대상: 바로유심/바로배송유심 구매 후 모요 개통, 1개월 유지한 고객 시기: 조건 달성한 달 월말",https://www.moyoplan.com/plans/13787
30892,KT,EG CU 무제한 10G+1(CU할인),추가데이터,데이터 10GB 추가 증정,,,,,False,,,대상: 대상 요금제 개통한 고객 시기: 조건 달성한 즉시,https://www.moyoplan.com/plans/30892
30892,KT,EG CU 무제한 10G+1(CU할인),사은품/페이백,일반유심/배송비 무료,,,,,False,,택배일반유심,대상: 대상 요금제 개통 후 일반유심을 택배로 받을래요 신청 후 개통을 완료한 고객 시기: 조건 달성한 즉시,https://www.moyoplan.com/plans/30892
30849,KT,EG 무제한 10GB+1(밀리의 서재),OTT/구독,밀리의 서재 이용권 제공,밀리의서재,,,,False,,,대상: 대상 요금제 개통한 고객 시기: 조건 달성한 즉시,https://www.moyoplan.com/plans/30849
30849,KT,EG 무제한 10GB+1(밀리의 서재),추가데이터,데이터 10GB 추가 증정,,,,,False,,,대상: 대상 요금제 개통한 고객 시기: 조건 달성한 즉시,https://www.moyoplan.com/plans/30849
30849,KT,EG 무제한 10GB+1(밀리의 서재),사은품/페이백,일반유심/배송비 무료,,,,,False,,택배일반유심,대상: 대상 요금제 개통 후 일반유심을 택배로 받을래요 신청 후 개통을 완료한 고객 시기: 조건 달성한 즉시,https://www.moyoplan.com/plans/30849
24194,KT,5G200분/10GB,사은품/페이백,"3대 마트 상품권, 네이버페이 2만원",,,20000,,False,,KT바로유심,"대상: 바로유심/바로배송유심 구매・개통 후 7개월 회선 유지한 고객 시기: 개통 후 4개월차 중순 1만원, 7개월차 중순 1만원",https://www.moyoplan.com/plans/24194
24194,KT,5G200분/10GB,사은품/페이백,KT유심&배송비 무료,,,,,False,,,대상: 대상 요금제 개통한 고객 시기: 조건 달성한 즉시,https://www.moyoplan.com/plans/24194
30864,KT,[5G]EG 데이터 5GB/100분,사은품/페이백,일반유심/배송비 무료,,,,,False,,택배일반유심,대상: 대상 요금제 개통 후 일반유심을 택배로 받을래요 신청 후 개통을 완료한 고객 시기: 조건 달성한 즉시,https://www.moyoplan.com/plans/30864
8166,LGU+,내맘대로 차단형 (50분+500MB),사은품/페이백,"네이버페이 5,000원",,,5000,,False,,,대상: 대상 요금제 개통 후 개통월 내 리뷰 작성 후 1개월 회선 유지한 고객 시기: 조건 달성한 달 월말,https://www.moyoplan.com/plans/8166
30941,KT,무제한 15GB+1M(다이소 매월 5000원),사은품/페이백,"3대 마트 상품권, 네이버페이 2만원",,,20000,,False,,KT바로유심,"대상: 바로유심/바로배송유심 구매・개통 후 7개월 회선 유지한 고객 시기: 개통 후 4개월차 중순 1만원, 7개월차 중순 1만원",https://www.moyoplan.com/plans/30941
30941,KT,무제한 15GB+1M(다이소 매월 5000원),사은품/페이백,"다이소상품권 매월 5,000원 제공",,,5000,,False,,,대상: 대상 요금제 개통 후 지급 시기까지 회선 유지한 고객 시기: 매월 실사용 30일사용시 익일 제공,https://www.moyoplan.com/plans/30941
30941,KT,무제한 15GB+1M(다이소 매월 5000원),추가데이터,추가데이터 10GB 제공,,,,,False,,,대상: 대상 요금제 개통 후 고고모바일 사용자 간 결합한 고객 시기: 조건 달성한 즉시,https://www.moyoplan.com/plans/30941
30941,KT,무제한 15GB+1M(다이소 매월 5000원),추가데이터,데이터 매월 10GB 추가 증정 (24개월간),,,,,False,,,대상: 대상 요금제 개통한 고객 시기: 조건 달성한 즉시,https://www.moyoplan.com/plans/30941
30941,KT,무제한 15GB+1M(다이소 매월 5000원),사은품/페이백,KT유심&배송비 무료,,,,,False,,,대상: 대상 요금제 개통한 고객 시기: 조건 달성한 즉시,https://www.moyoplan.com/plans/30941
16836,KT,이야기K 데이터 7GB+(지니뮤직),사은품/페이백,"네이버페이, 3대 마트 상품권 2만원",,,20000,,False,,KT바로유심,"대상: 대상 요금제 개통 후 바로유심/바로배송유심 구매・개통 후 7개월 회선 유지한 고객 시기: 개통 후 4개월차 말일 1만원, 7개월차 말일 1만원",https://www.moyoplan.com/plans/16836
16836,KT,이야기K 데이터 7GB+(지니뮤직),사은품/페이백,"네이버페이 5,000원",,,5000,,False,,,대상: 대상 요금제 개통 후 개통월 내 리뷰 작성 후 1개월 회선 유지한 고객 시기: 조건 달성한 달 월말,https://www.moyoplan.com/plans/16836
16846,KT,이야기K 안심 데이터 100G+(왓차_프리미엄),사은품/페이백,"네이버페이, 3대 마트 상품권 2만원",,,20000,,False,,KT바로유심,,https://www.moyoplan.com/plans/16846
16846,KT,이야기K 안심 데이터 100G+(왓차_프리미엄),사은품/페이백,"네이버페이 5,000원",,,5000,,False,,,,https://www.moyoplan.com/plans/16846
30945,KT,무제한 15GB+1M(올리브영 매월 5000원),사은품/페이백,"3대 마트 상품권, 네이버페이 2만원",,,20000,,False,,KT바로유심,"대상: 바로유심/바로배송유심 구매・개통 후 7개월 회선 유지한 고객 시기: 개통 후 4개월차 중순 1만원, 7개월차 중순 1만원",https://www.moyoplan.com/plans/30945
30945,KT,무제한 15GB+1M(올리브영 매월 5000원),사은품/페이백,"올리브영 상품권 매월 5,000원 제공",,,5000,,False,,,대상: 대상 요금제 개통 후 지급 시기까지 회선 유지한 고객 시기: 매월 실사용 30일사용시 익일 제공,https://www.moyoplan.com/plans/30945
30945,KT,무제한 15GB+1M(올리브영 매월 5000원),추가데이터,추가데이터 10GB 제공,,,,,False,,,대상: 대상 요금제 개통 후 고고모바일 사용자 간 결합한 고객 시기: 조건 달성한 즉시,https://www.moyoplan.com/plans/30945
30945,KT,무제한 15GB+1M(올리브영 매월 5000원),추가데이터,데이터 매월 10GB 추가 증정 (24개월간),,,,,False,,,대상: 대상 요금제 개통한 고객 시기: 조건 달성한 즉시,https://www.moyoplan.com/plans/30945
30945,KT,무제한 15GB+1M(올리브영 매월 5000원),사은품/페이백,KT유심&배송비 무료,,,,,False,,,대상: 대상 요금제 개통한 고객 시기: 조건 달성한 즉시,https://www.moyoplan.com/plans/30945
35440,SKT,[S]올리브영11GB+,사은품/페이백,"올리브영 상품권 매달 7,000원 지급",,,7000,,False,,,,https://www.moyoplan.com/plans/35440
35440,SKT,[S]올리브영11GB+,추가데이터,SOLO결합 데이터 20GB 지급,,,,,False,,,,https://www.moyoplan.com/plans/35440
27258,SKT,티플 SNOW 11GB+ [12개월간 SNOW앱 무료],OTT/구독,SNOW 앱 VIP 월 구독권,,,,,False,,,대상: 대상 요금제 개통한 고객 시기: 조건 달성한 달 15일 또는 말일 발송,https://www.moyoplan.com/plans/27258
29903,SKT,티플 위드유 11GB+(G car+세차클링),사은품/페이백,롯데렌터카 연간 패스 이용권,,,,,False,,,"대상: 대상 요금제 개통한 고객 시기: 개통 첫달 15일/말일 , 이후 매월 초 지급",https://www.moyoplan.com/plans/29903
29903,SKT,티플 위드유 11GB+(G car+세차클링),사은품/페이백,세차 클링 출장 세차 할인 쿠폰,,,,,False,,,대상: 대상 요금제 개통 후 1개월 회선 유지한 고객 시기: 조건 달성한 달 월말,https://www.moyoplan.com/plans/29903
30845,LGU+,이지톡 1G,사은품/페이백,일반유심/배송비 무료,,,,,False,,택배일반유심,대상: 대상 요금제 개통 후 일반유심을 택배로 받을래요 신청 후 개통을 완료한 고객 시기: 조건 달성한 즉시,https://www.moyoplan.com/plans/30845
19143,KT,고고100분/5GB+1Mbps,사은품/페이백,"3대 마트 상품권, 네이버페이 2만원",,,20000,,False,,KT바로유심,"대상: 바로유심/바로배송유심 구매・개통 후 7개월 회선 유지한 고객 시기: 개통 후 4개월차 중순 1만원, 7개월차 중순 1만원",https://www.moyoplan.com/plans/19143
19143,KT,고고100분/5GB+1Mbps,사은품/페이백,KT유심&배송비 무료,,,,,False,,,대상: 대상 요금제 개통한 고객 시기: 조건 달성한 즉시,https://www.moyoplan.com/plans/19143
31478,LGU+,쿠폰팩 통화기본매일5GB+,사은품/페이백,24개월간 월 5000원씩(네이버페이 가능),,,5000,,False,,,,https://www.moyoplan.com/plans/31478
31478,LGU+,쿠폰팩 통화기본매일5GB+,사은품/페이백,유심/배송비 무료!,,,,,False,,,,https://www.moyoplan.com/plans/31478
30010,LGU+,[올리브영 12만원] 6GB/통화기본,사은품/페이백,올리브영 12만원 혜택,,,120000,,False,,,대상: 대상 요금제 개통 후 1개월 회선 유지한 고객 시기: 조건 달성한 달 16일,https://www.moyoplan.com/plans/30010
20571,LGU+,이야기 9GB 350분,사은품/페이백,"네이버페이 5,000원",,,5000,,False,,,대상: 대상 요금제 개통 후 개통월 내 리뷰 작성 후 1개월 회선 유지한 고객 시기: 조건 달성한 달 월말,https://www.moyoplan.com/plans/20571
28104,KT,[모요only] [K] 핀다이렉트Z Mini + 밀리의서재 _PIN,OTT/구독,밀리의 서재 평생 무료 구독,밀리의서재,,,,False,,,,https://www.moyoplan.com/plans/28104
28104,KT,[모요only] [K] 핀다이렉트Z Mini + 밀리의서재 _PIN,사은품/페이백,"네이버페이, 마트 상품권 2만원",,,20000,,False,,KT바로유심,,https://www.moyoplan.com/plans/28104
28104,KT,[모요only] [K] 핀다이렉트Z Mini + 밀리의서재 _PIN,사은품/페이백,데이터 로밍 3일 무료 쿠폰,,,,,False,,,,https://www.moyoplan.com/plans/28104
28104,KT,[모요only] [K] 핀다이렉트Z Mini + 밀리의서재 _PIN,추가데이터,데이터 매월 10GB 추가 제공 (24개월간),,,,,False,,,,https://www.moyoplan.com/plans/28104
28104,KT,[모요only] [K] 핀다이렉트Z Mini + 밀리의서재 _PIN,추가데이터,KT 데이터 결합 (추가데이터 5GB),,,,,False,,,대상: 결합 완료,https://www.moyoplan.com/plans/28104
24433,KT,데이터마음껏 15GB＋＋(300분)(네이버페이 매월 5000P),사은품/페이백,네이버페이 매달 5천원 페이백 (평생),,,5000,,False,,,,https://www.moyoplan.com/plans/24433
24433,KT,데이터마음껏 15GB＋＋(300분)(네이버페이 매월 5000P),사은품/페이백,마트 상품권/네이버페이 1만원 증정,,,10000,,False,,KT바로유심,,https://www.moyoplan.com/plans/24433
24433,KT,데이터마음껏 15GB＋＋(300분)(네이버페이 매월 5000P),사은품/페이백,마트 상품권/네이버페이 1만원 증정,,,10000,,False,,KT바로유심,,https://www.moyoplan.com/plans/24433
24189,KT,LTE200분/ 7GB,사은품/페이백,"3대 마트 상품권, 네이버페이 2만원",,,20000,,False,,KT바로유심,"대상: 바로유심/바로배송유심 구매・개통 후 7개월 회선 유지한 고객 시기: 개통 후 4개월차 중순 1만원, 7개월차 중순 1만원",https://www.moyoplan.com/plans/24189
24189,KT,LTE200분/ 7GB,사은품/페이백,KT유심&배송비 무료,,,,,False,,,대상: 대상 요금제 개통한 고객 시기: 조건 달성한 즉시,https://www.moyoplan.com/plans/24189
20014,KT,무제한10GB+1M(밀리의서재 매월 무료),OTT/구독,"밀리의 서재 구독권(11,900원 상당) 제공",밀리의서재,,11900,,False,,,대상: 대상 요금제 개통한 고객 시기: 조건 달성한 즉시,https://www.moyoplan.com/plans/20014
20014,KT,무제한10GB+1M(밀리의서재 매월 무료),사은품/페이백,"3대 마트 상품권, 네이버페이 2만원",,,20000,,False,,KT바로유심,"대상: 바로유심/바로배송유심 구매・개통 후 7개월 회선 유지한 고객 시기: 개통 후 4개월차 중순 1만원, 7개월차 중순 1만원",https://www.moyoplan.com/plans/20014
20014,KT,무제한10GB+1M(밀리의서재 매월 무료),추가데이터,추가데이터 10GB 제공,,,,,False,,,대상: 대상 요금제 개통 후 고고모바일 사용자 간 결합한 고객 시기: 조건 달성한 즉시,https://www.moyoplan.com/plans/20014
20014,KT,무제한10GB+1M(밀리의서재 매월 무료),추가데이터,데이터 매월 10GB 추가 증정 (24개월간),,,,,False,,,대상: 대상 요금제 개통한 고객 시기: 조건 달성한 즉시,https://www.moyoplan.com/plans/20014
20014,KT,무제한10GB+1M(밀리의서재 매월 무료),사은품/페이백,KT유심&배송비 무료,,,,,False,,,대상: 대상 요금제 개통한 고객 시기: 조건 달성한 즉시,https://www.moyoplan.com/plans/20014
16268,KT,5G 모두 충분 90GB+,사은품/페이백,S-머니6만원(1만원X6개월),,,60000,,False,,모요유심,,https://www.moyoplan.com/plans/16268
16268,KT,5G 모두 충분 90GB+,사은품/페이백,"3대마트상품권, 네이버페이 2만원",,,20000,,False,,KT바로유심,,https://www.moyoplan.com/plans/16268
16266,KT,5G 모두 충분 50GB+,사은품/페이백,S-머니6만원(1만원X6개월),,,60000,,False,,모요유심,"대상: 모요에서 신청한 유심 개통 후, 1개월 회선 유지한 고객 시기: 개통월 기준 다음달 말부터 매월 말 지급",https://www.moyoplan.com/plans/16266
16266,KT,5G 모두 충분 50GB+,사은품/페이백,"3대마트상품권, 네이버페이 2만원",,,20000,,False,,KT바로유심,"대상: 바로유심/바로배송유심 구매 후 모요 개통, 1개월 유지한 고객 시기: 조건 달성한 달 월말",https://www.moyoplan.com/plans/16266
33964,KT,TOP 5G 200GB 기본 (밀리의서재),OTT/구독,밀리의서재 평생 무료 구독권,밀리의서재,,,,False,,,대상: 대상 요금제 개통한 고객 시기: 조건 달성한 즉시,https://www.moyoplan.com/plans/33964
33964,KT,TOP 5G 200GB 기본 (밀리의서재),추가데이터,솔로결합(+20GB),,,,,False,,,대상: 솔로결합 대상 요금제를 개통하고 '솔로결합'을 신청한 고객 시기: 조건 달성한 즉시,https://www.moyoplan.com/plans/33964
33964,KT,TOP 5G 200GB 기본 (밀리의서재),사은품/페이백,"3대 마트 상품권, 네이버페이 2만원",,,20000,,False,,KT바로유심,대상: 대상 요금제 개통한 고객 시기: 바로유심/바로배송유심 구매・개통 후 7개월 회선유지시,https://www.moyoplan.com/plans/33964
16840,KT,이야기K 데이터 11GB+(멜론),사은품/페이백,"네이버페이, 3대 마트 상품권 2만원",,,20000,,False,,KT바로유심,,https://www.moyoplan.com/plans/16840
16840,KT,이야기K 데이터 11GB+(멜론),사은품/페이백,"네이버페이 5,000원",,,5000,,False,,,,https://www.moyoplan.com/plans/16840
23539,LGU+,Sugar 7GB+1M,사은품/페이백,개통완료 시 유심/배송비 무료 1개,,,,,False,,,,https://www.moyoplan.com/plans/23539
35275,SKT,티플북 7G+(도서문화상품권 매월 5000P),사은품/페이백,북앤라이프 5000P 도서문화상품권,,,,,False,,,대상: 대상 요금제 개통한 고객 시기: 개통 후 익월 말일부터 매월 말일,https://www.moyoplan.com/plans/35275
26752,KT,이야기K 데이터 11GB+(N Pay 5000P),사은품/페이백,"네이버페이, 3대 마트 상품권 2만원",,,20000,,False,,KT바로유심,,https://www.moyoplan.com/plans/26752
26752,KT,이야기K 데이터 11GB+(N Pay 5000P),사은품/페이백,"네이버페이 5,000원",,,5000,,False,,,,https://www.moyoplan.com/plans/26752
27749,LGU+,시월 무제한 10GB+1Mbps,사은품/페이백,유심/배송비 무료!,,,,,False,,,,https://www.moyoplan.com/plans/27749
29399,KT,모두 충분 10GB+(올리브영_5000),사은품/페이백,S-머니3만원(5천원X6개월),,,30000,,False,,모요유심,"대상: 모요에서 신청한 유심 개통 후, 1개월 회선 유지한 고객 시기: 개통월 기준 다음달 말부터 매월 말 지급",https://www.moyoplan.com/plans/29399
29399,KT,모두 충분 10GB+(올리브영_5000),사은품/페이백,"3대마트상품권, 네이버페이 2만원",,,20000,,False,,KT바로유심,"대상: 바로유심/바로배송유심 구매 후 모요 개통, 1개월 유지한 고객 시기: 조건 달성한 달 월말",https://www.moyoplan.com/plans/29399
37231,SKT,A 스마트 10GB,OTT/구독,조선일보 종이신문 1개월 무료 구독 이벤트,,,,,False,,,,https://www.moyoplan.com/plans/37231
37231,SKT,A 스마트 10GB,사은품/페이백,네이버페이 5천원 지급 이벤트,,,5000,,False,,,,https://www.moyoplan.com/plans/37231
13981,SKT,함께이야기해S(300분+30GB),사은품/페이백,"네이버페이 5,000원",,,5000,,False,,,대상: 대상 요금제 개통 후 개통월 내 리뷰 작성 후 1개월 회선 유지한 고객 시기: 조건 달성한 달 월말,https://www.moyoplan.com/plans/13981
29904,SKT,티플 위드유 100GB+(G car+세차클링),사은품/페이백,롯데렌터카 연간 패스 이용권,,,,,False,,,"대상: 대상 요금제 개통한 고객 시기: 개통 첫달 15일/말일 , 이후 매월 초 지급",https://www.moyoplan.com/plans/29904
29904,SKT,티플 위드유 100GB+(G car+세차클링),사은품/페이백,세차 클링 출장 세차 할인 쿠폰,,,,,False,,,대상: 대상 요금제 개통 후 1개월 회선 유지한 고객 시기: 조건 달성한 달 월말,https://www.moyoplan.com/plans/29904
37212,LGU+,A 갓성비 20GB/100분 (기본 10GB+추가 10GB 제공),OTT/구독,조선일보 종이신문 1개월 무료 구독 이벤트,,,,,False,,,,https://www.moyoplan.com/plans/37212
37212,LGU+,A 갓성비 20GB/100분 (기본 10GB+추가 10GB 제공),사은품/페이백,네이버페이 5천원 지급 이벤트,,,5000,,False,,,,https://www.moyoplan.com/plans/37212
13985,SKT,5G 함께이야기해S (200분+6GB),사은품/페이백,"네이버페이 5,000원",,,5000,,False,,,대상: 대상 요금제 개통 후 개통월 내 리뷰 작성 후 1개월 회선 유지한 고객 시기: 조건 달성한 달 월말,https://www.moyoplan.com/plans/13985
34900,LGU+,The 완전마음껏10G＋(스타벅스 매월 5000P),사은품/페이백,"스타벅스 교환권 5,000P x 24개월 제공",,,,,False,,,,https://www.moyoplan.com/plans/34900
35535,KT,TOP 5G 200GB 기본 (네이버페이),추가데이터,솔로결합(+20GB),,,,,False,,,대상: 솔로결합 대상 요금제를 개통하고 '솔로결합'을 신청한 고객 시기: 조건 달성한 즉시,https://www.moyoplan.com/plans/35535
35535,KT,TOP 5G 200GB 기본 (네이버페이),사은품/페이백,"네이버페이 매월 5,000P 제공",,,,,False,,,"대상: 대상 요금제 개통 후 가입일부터 사용일수 30일 충족한 고객 시기: 실 사용일수 30일 충족시, 31일차에 지급",https://www.moyoplan.com/plans/35535
35535,KT,TOP 5G 200GB 기본 (네이버페이),사은품/페이백,"3대 마트 상품권, 네이버페이 2만원",,,20000,,False,,KT바로유심,대상: 대상 요금제 개통한 고객 시기: 바로유심/바로배송유심 구매・개통 후 7개월 회선유지시,https://www.moyoplan.com/plans/35535
24008,SKT,티플 위드유 10GB＋(G car),사은품/페이백,롯데렌터카 연간 패스 이용권,,,,,False,,,"대상: 대상 요금제 개통한 고객 시기: 개통 첫달 15일/말일 , 이후 매월 초 지급",https://www.moyoplan.com/plans/24008
6826,LGU+,DATA 걱정없는 유심 2.5GB,사은품/페이백,가입사은품 신세계상품권 16만원,,,160000,,False,,,대상: 대상 요금제 개통 후 1개월 회선 유지한 고객 시기: 8월 23일부터 매월 23일 지급,https://www.moyoplan.com/plans/6826
6826,LGU+,DATA 걱정없는 유심 2.5GB,사은품/페이백,유심비 지원(신세계상품권 1만원),,,10000,,False,,,대상: 대상 요금제 개통 후 1개월 회선 유지한 고객 시기: 조건달성한달 23일,https://www.moyoplan.com/plans/6826
6826,LGU+,DATA 걱정없는 유심 2.5GB,사은품/페이백,프레딧 쿠폰 2만원(5천원*4개월),,,20000,,False,,,대상: 대상 요금제 개통 후 1개월 회선 유지한 고객 시기: 조건달성한달 23일,https://www.moyoplan.com/plans/6826
6826,LGU+,DATA 걱정없는 유심 2.5GB,OTT/구독,토스미·오픽미 AI 모의고사,,,,,False,,,대상: 대상 요금제 개통 후 혜택 지급 시점까지 회선 유지한 고객 시기: 조건달성한달 3주차(8월 3주차),https://www.moyoplan.com/plans/6826
6826,LGU+,DATA 걱정없는 유심 2.5GB,OTT/구독,구글 AI프로+도미노피자 할인쿠폰,,,,,False,,,대상: 대상 요금제 개통 후 1개월 회선 유지한 고객 시기: 조건달성한달 23일,https://www.moyoplan.com/plans/6826
12152,SKT,5G 이야기 무한 110GB,사은품/페이백,"네이버페이 5,000원",,,5000,,False,,,대상: 대상 요금제 개통 후 개통월 내 리뷰 작성 후 1개월 회선 유지한 고객 시기: 조건 달성한 달 월말,https://www.moyoplan.com/plans/12152
29956,KT,[K] DIGITAL DETOX 3GB 챌린지,사은품/페이백,"네이버페이, 3대 마트 상품권 2만원",,,20000,,False,,KT바로유심,"대상: 바로유심/바로배송유심 구매・개통 후 7개월 회선 유지한 고객 시기: 개통 4개월차 중순 1만원, 7개월차 중순 1만원",https://www.moyoplan.com/plans/29956
29956,KT,[K] DIGITAL DETOX 3GB 챌린지,사은품/페이백,데이터 로밍 3일 무료 쿠폰,,,,,False,,,대상: 대상 요금제 개통한 고객 시기: 조건 달성한 즉시,https://www.moyoplan.com/plans/29956
29949,SKT,이야기 라이트S 100분 15GB+,사은품/페이백,"네이버페이 5,000원",,,5000,,False,,,,https://www.moyoplan.com/plans/29949
23374,KT,[모요only] 5G 무제한 50GB+1Mbps,사은품/페이백,"3대 마트 상품권, 네이버페이 2만원",,,20000,,False,,KT바로유심,"대상: 바로유심/바로배송유심 구매・개통 후 7개월 회선 유지한 고객 시기: 개통 후 4개월차 중순 1만원, 7개월차 중순 1만원",https://www.moyoplan.com/plans/23374
23374,KT,[모요only] 5G 무제한 50GB+1Mbps,추가데이터,추가데이터 10GB 제공,,,,,False,,,대상: 대상 요금제 개통 후 고고모바일 사용자 간 결합한 고객 시기: 조건 달성한 즉시,https://www.moyoplan.com/plans/23374
23374,KT,[모요only] 5G 무제한 50GB+1Mbps,사은품/페이백,KT유심&배송비 무료,,,,,False,,,대상: 대상 요금제 개통한 고객 시기: 조건 달성한 즉시,https://www.moyoplan.com/plans/23374
37236,SKT,A 넥스트 71GB+,OTT/구독,조선일보 종이신문 1개월 무료 구독 이벤트,,,,,False,,,,https://www.moyoplan.com/plans/37236
37236,SKT,A 넥스트 71GB+,사은품/페이백,네이버페이 1만원 지급 이벤트,,,10000,,False,,,,https://www.moyoplan.com/plans/37236
31004,KT,[모요only] 쉐이크 LTE 11GB+_모아진 전자 구독,OTT/구독,모아진(전자잡지) 무료 구독권,,,,,False,,,대상: 대상 요금제 개통한 고객 시기: 조건 달성한 즉시,https://www.moyoplan.com/plans/31004
31004,KT,[모요only] 쉐이크 LTE 11GB+_모아진 전자 구독,사은품/페이백,매월 1천원 요금할인 (팝테일 가입·인증),,,1000,,False,,,대상: 이벤트 기간 내 대상요금제 개통 후 팝테일 가입·인증한 고객 시기: 개통 후 영업일 기준 D+2일 이내,https://www.moyoplan.com/plans/31004
31004,KT,[모요only] 쉐이크 LTE 11GB+_모아진 전자 구독,사은품/페이백,"마트상품권, 네이버페이 최대 2만원",,,20000,,False,,KT바로유심,"대상: 바로유심/바로배송유심 구매・개통 후 7개월 회선 유지한 고객 시기: 개통 후 4개월차 말일 1만원, 7개월차 말일 1만원",https://www.moyoplan.com/plans/31004
31004,KT,[모요only] 쉐이크 LTE 11GB+_모아진 전자 구독,추가데이터,SOLO결합(+20GB),,,,,False,,,대상: 대상 요금제 개통한 고객 시기: 조건 달성한 즉시,https://www.moyoplan.com/plans/31004
31004,KT,[모요only] 쉐이크 LTE 11GB+_모아진 전자 구독,추가데이터,데이터쿠폰 20GB,,,,,False,,,"대상: 대상 요금제 개통 후, 지급시기까지 회선 유지한 고객 시기: 3개월 단위로 총 3회 제공",https://www.moyoplan.com/plans/31004
35823,KT,TOP 5G 200GB 기본 (올리브영),추가데이터,솔로결합(+20GB),,,,,False,,,대상: 솔로결합 대상 요금제를 개통하고 '솔로결합'을 신청한 고객 시기: 조건 달성한 즉시,https://www.moyoplan.com/plans/35823
35823,KT,TOP 5G 200GB 기본 (올리브영),사은품/페이백,"3대 마트 상품권, 네이버페이 2만원",,,20000,,False,,KT바로유심,대상: 대상 요금제 개통한 고객 시기: 바로유심/바로배송유심 구매・개통 후 7개월 회선유지시,https://www.moyoplan.com/plans/35823
35823,KT,TOP 5G 200GB 기본 (올리브영),사은품/페이백,"올리브영 매월 5,000원 제공",,,5000,,False,,,"대상: 대상 요금제 개통 후 가입일부터 사용일수 30일 충족한 고객 시기: 실 사용일수 30일 충족시, 31일차에 지급",https://www.moyoplan.com/plans/35823
30951,LGU+,[모요only] 프라임 15GB+3Mbps 300분,사은품/페이백,일반유심/배송비 무료,,,,,False,,택배일반유심,대상: 일반유심을 '택배로 받을래요 신청 후' 개통을 완료한 고객 시기: 조건 달성한 즉시,https://www.moyoplan.com/plans/30951
24010,KT,LTE무제한 11GB+3M(CU20%할인),사은품/페이백,"3대 마트 상품권, 네이버페이 2만원",,,20000,,False,,KT바로유심,"대상: 바로유심/바로배송유심 구매・개통 후 7개월 회선 유지한 고객 시기: 개통 후 4개월차 중순 1만원, 7개월차 중순 1만원",https://www.moyoplan.com/plans/24010
24010,KT,LTE무제한 11GB+3M(CU20%할인),사은품/페이백,CU 20% 오프라인 결제할인,,,,,False,,,대상: 대상 요금제 개통한 고객 시기: 요금제 가입 후 익일에 발송,https://www.moyoplan.com/plans/24010
24010,KT,LTE무제한 11GB+3M(CU20%할인),추가데이터,추가데이터 20GB 제공,,,,,False,,,대상: 대상 요금제 개통 후 고고모바일 사용자 간 결합한 고객 시기: 조건 달성한 즉시,https://www.moyoplan.com/plans/24010
24010,KT,LTE무제한 11GB+3M(CU20%할인),사은품/페이백,KT유심&배송비 무료,,,,,False,,,대상: 대상 요금제 개통한 고객 시기: 조건 달성한 즉시,https://www.moyoplan.com/plans/24010
35474,SKT,[S]이디야 블루 15GB+/300분,사은품/페이백,"매월 이디야 6,000원 모바일 카드 지급",,,6000,,False,,,,https://www.moyoplan.com/plans/35474
35474,SKT,[S]이디야 블루 15GB+/300분,추가데이터,SOLO결합 데이터 10GB 지급,,,,,False,,,,https://www.moyoplan.com/plans/35474
15064,LGU+,이야기 베이직 2.5GB+,사은품/페이백,"네이버페이 5,000원",,,5000,,False,,,,https://www.moyoplan.com/plans/15064
35400,SKT,[S]아이즈특판100분/15GB+,추가데이터,SOLO결합 데이터 10GB 지급,,,,,False,,,대상: 대상 요금제 개통 후 아이즈모바일 사용자간 결합 & SOLO 결합한 고객 시기: 조건 달성한 즉시,https://www.moyoplan.com/plans/35400
33042,KT,EG 10무제한 7G+1(밀리의 서재+매월10GB),OTT/구독,밀리의 서재 이용권 제공,밀리의서재,,,,False,,,,https://www.moyoplan.com/plans/33042
33042,KT,EG 10무제한 7G+1(밀리의 서재+매월10GB),추가데이터,데이터 10GB 추가 증정,,,,,False,,,,https://www.moyoplan.com/plans/33042
33042,KT,EG 10무제한 7G+1(밀리의 서재+매월10GB),사은품/페이백,일반유심/배송비 무료,,,,,False,,택배일반유심,,https://www.moyoplan.com/plans/33042
29953,SKT,이야기 라이트S 100분 10GB+,사은품/페이백,"네이버페이 5,000원",,,5000,,False,,,대상: 대상 요금제 개통 후 개통월 내 리뷰 작성 후 1개월 회선 유지한 고객 시기: 조건 달성한 달 월말,https://www.moyoplan.com/plans/29953
24434,KT,KT 15GB+ (밀리의서재+올리브영 매월 5천원 상품권!),OTT/구독,밀리의 서재 전자책 정기구독 혜택 매월 제공,밀리의서재,,,,False,,,대상: 대상 요금제 개통한 고객 시기: 조건 달성한 즉시,https://www.moyoplan.com/plans/24434
24434,KT,KT 15GB+ (밀리의서재+올리브영 매월 5천원 상품권!),사은품/페이백,3대마트 상품권/네이버페이 1만원 증정,,,10000,,False,,KT바로유심,대상: 바로유심/바로배송유심 구매・개통 후 7개월 회선 유지한 고객 시기: 조건 달성한 달 월말,https://www.moyoplan.com/plans/24434
24434,KT,KT 15GB+ (밀리의서재+올리브영 매월 5천원 상품권!),사은품/페이백,3대마트 상품권/네이버페이 1만원 증정,,,10000,,False,,KT바로유심,대상: 바로유심/바로배송유심 구매・개통 후 4개월 회선 유지한 고객 시기: 조건 달성한 달 월말,https://www.moyoplan.com/plans/24434
24434,KT,KT 15GB+ (밀리의서재+올리브영 매월 5천원 상품권!),사은품/페이백,마트 상품권/네이버페이 1만원 증정,,,10000,,False,,KT바로유심,대상: 바로유심/바로배송유심 구매・개통 후 7개월 회선 유지한 고객 시기: 조건 달성한 달 월말,https://www.moyoplan.com/plans/24434
24434,KT,KT 15GB+ (밀리의서재+올리브영 매월 5천원 상품권!),사은품/페이백,마트 상품권/네이버페이 1만원 증정,,,10000,,False,,KT바로유심,대상: 바로유심/바로배송유심 구매・개통 후 4개월 회선 유지한 고객 시기: 조건 달성한 달 월말,https://www.moyoplan.com/plans/24434
24434,KT,KT 15GB+ (밀리의서재+올리브영 매월 5천원 상품권!),사은품/페이백,"올리브영 12개월간 매월 5,000원 상품권",,,5000,,False,,,대상: 대상 요금제 개통 후 1개월 회선 유지한 고객 시기: 조건 달성한 달 월말,https://www.moyoplan.com/plans/24434
24434,KT,KT 15GB+ (밀리의서재+올리브영 매월 5천원 상품권!),추가데이터,개통시 매월 10GB 데이터 추가 지급,,,,,False,,,"대상: 대상 요금제 개통한 고객 시기: 개통 익일 제공, 익월부터는 매월초 제공",https://www.moyoplan.com/plans/24434
35276,SKT,티플북 10G+(도서문화상품권 매월 5000P),사은품/페이백,북앤라이프 5000P 도서문화상품권,,,,,False,,,대상: 대상 요금제 개통한 고객 시기: 개통 후 익월 말일부터 매월 말일,https://www.moyoplan.com/plans/35276
35327,SKT,아이즈 (10GB/100분),사은품/페이백,"8월 한정 Npay 5,000원 지급",,,5000,,False,,,,https://www.moyoplan.com/plans/35327
35411,KT,[K]무한100GB+ Npay,사은품/페이백,"네이버페이 매달 5,000원 지급",,,5000,,False,,,"대상: 대상 요금제 개통 후 지급시기까지 회선 유지한 고객 시기: 실 사용일 수 30일 충족 시, 31일차에 지급",https://www.moyoplan.com/plans/35411
35411,KT,[K]무한100GB+ Npay,추가데이터,SOLO결합 데이터 20GB 지급,,,,,False,,,대상: 대상 요금제 개통 후 아이즈모바일 사용자간 결합 & SOLO 결합한 고객 시기: 조건 달성한 즉시,https://www.moyoplan.com/plans/35411
22789,KT,[모요only] 쉐이크 LTE 7GB+_밀리의서재,OTT/구독,밀리의 서재 구독권 지급 이벤트,밀리의서재,,,,False,,,대상: 대상 요금제 개통한 고객 시기: 조건 달성한 즉시,https://www.moyoplan.com/plans/22789
22789,KT,[모요only] 쉐이크 LTE 7GB+_밀리의서재,사은품/페이백,매월 1천원 요금할인 (팝테일 가입·인증),,,1000,,False,,,대상: 이벤트 기간 내 대상요금제 개통 후 팝테일 가입·인증한 고객 시기: 개통 후 영업일 기준 D+2일 이내,https://www.moyoplan.com/plans/22789
22789,KT,[모요only] 쉐이크 LTE 7GB+_밀리의서재,사은품/페이백,"마트상품권, 네이버페이 최대 2만원",,,20000,,False,,KT바로유심,"대상: 바로유심/바로배송유심 구매・개통 후 7개월 회선 유지한 고객 시기: 개통 후 4개월차 말일 1만원, 7개월차 말일 1만원",https://www.moyoplan.com/plans/22789
22789,KT,[모요only] 쉐이크 LTE 7GB+_밀리의서재,추가데이터,SOLO결합(+5GB),,,,,False,,,대상: 대상 요금제 개통한 고객 시기: 조건 달성한 즉시,https://www.moyoplan.com/plans/22789
22789,KT,[모요only] 쉐이크 LTE 7GB+_밀리의서재,추가데이터,데이터 매월 10GB 추가 증정(24개월),,,,,False,,,대상: 대상 요금제 개통한 고객 시기: 조건 달성한 즉시,https://www.moyoplan.com/plans/22789
22789,KT,[모요only] 쉐이크 LTE 7GB+_밀리의서재,추가데이터,데이터쿠폰 20GB,,,,,False,,,"대상: 대상 요금제 개통 후, 지급시기까지 회선 유지한 고객 시기: 3개월 단위로 총 3회 제공",https://www.moyoplan.com/plans/22789
35534,KT,TOP 5G 200GB 기본 (다이소),추가데이터,솔로결합(+20GB),,,,,False,,,대상: 솔로결합 대상 요금제를 개통하고 '솔로결합'을 신청한 고객 시기: 조건 달성한 즉시,https://www.moyoplan.com/plans/35534
35534,KT,TOP 5G 200GB 기본 (다이소),사은품/페이백,"3대 마트 상품권, 네이버페이 2만원",,,20000,,False,,KT바로유심,대상: 대상 요금제 개통한 고객 시기: 바로유심/바로배송유심 구매・개통 후 7개월 회선유지시,https://www.moyoplan.com/plans/35534
35534,KT,TOP 5G 200GB 기본 (다이소),사은품/페이백,"다이소 매월 5,000원 제공",,,5000,,False,,,"대상: 대상 요금제 개통 후 가입일부터 사용일수 30일 충족한 고객 시기: 실 사용일수 30일 충족시, 31일차에 지급",https://www.moyoplan.com/plans/35534
26864,LGU+,음성 300분 15GB+3Mbps,사은품/페이백,유심/배송비 무료,,,,,False,,,대상: 대상 요금제 개통한 고객 시기: 조건 달성한 즉시,https://www.moyoplan.com/plans/26864
29960,LGU+,더중앙+모나_100G+5M,OTT/구독,더중앙플러스 구독권 매월 제공,,,,,False,,,대상: 대상 요금제 개통 후 1개월 회선 유지한 고객 시기: 조건 달성한 달 20일,https://www.moyoplan.com/plans/29960
29960,LGU+,더중앙+모나_100G+5M,사은품/페이백,NFC 유심 무료 제공,,,,,False,,,대상: 대상 요금제 개통한 고객 시기: 개통즉시,https://www.moyoplan.com/plans/29960
29960,LGU+,더중앙+모나_100G+5M,사은품/페이백,4대 편의점 최대 10.1%적립,,,,,False,,,대상: 대상 요금제 개통 후 멤버십카드 등록한 고객 시기: 개통즉시,https://www.moyoplan.com/plans/29960
35479,SKT,[S]아이즈팩 100GB+,사은품/페이백,아이즈팩 이용권,,,,,False,,,대상: 대상 요금제 개통 후 사은품 지급 시기까지 회선 유지한 고객 시기: 요금제 개통 후 익월 15일 경,https://www.moyoplan.com/plans/35479
35479,SKT,[S]아이즈팩 100GB+,추가데이터,SOLO결합 데이터 20GB 지급,,,,,False,,,대상: 대상 요금제 개통 후 아이즈모바일 사용자간 결합 & SOLO 결합한 고객 시기: 조건 달성한 즉시,https://www.moyoplan.com/plans/35479
36973,KT,5G 모두다 맘껏 90GB+(밀리의 서재 FREE),OTT/구독,밀리의 서재 평생 구독 0원,밀리의서재,,,,False,,,,https://www.moyoplan.com/plans/36973
36973,KT,5G 모두다 맘껏 90GB+(밀리의 서재 FREE),사은품/페이백,M마켓 포인트 16만원 (2만 X 8개월),,,160000,,False,,,,https://www.moyoplan.com/plans/36973
36973,KT,5G 모두다 맘껏 90GB+(밀리의 서재 FREE),사은품/페이백,삼성 자급제 이벤트 네이버페이 12만원,삼성 디바이스,,120000,,False,,,대상: 사은품 지급 시기까지 회선 유지 시기: 개통 후 2개월 말부터,https://www.moyoplan.com/plans/36973
36973,KT,5G 모두다 맘껏 90GB+(밀리의 서재 FREE),사은품/페이백,쿠팡유심 개통 시 쿠팡캐시 2만원,,,20000,,False,,쿠팡유심,"대상: 쿠팡 유심 구매·개통 후 혜택 지급까지 유지 시기: 1만원(4개월차), 1만원(7개월차)",https://www.moyoplan.com/plans/36973
36973,KT,5G 모두다 맘껏 90GB+(밀리의 서재 FREE),사은품/페이백,3대 마트 + 네이버페이 포인트 2만원,,,20000,,False,,KT바로유심,"대상: 바로유심/바로배송유심 구매·개통 후 혜택 지급까지 유지 시기: 1만원(4개월차), 1만원(7개월차)",https://www.moyoplan.com/plans/36973
36973,KT,5G 모두다 맘껏 90GB+(밀리의 서재 FREE),추가데이터,아무나SOLO 결합 데이터 10GB 추가 제공,,,,,False,,,대상: 아무나SOLO 결합 완료 시기: 결합 완료 시 별도의 신청 없이 즉시,https://www.moyoplan.com/plans/36973
23368,KT,[모요only] 쉐이크 LTE 11GB+_CU,사은품/페이백,매월 1천원 요금할인 (팝테일 가입·인증),,,1000,,False,,,대상: 이벤트 기간 내 대상요금제 개통 후 팝테일 가입·인증한 고객 시기: 개통 후 영업일 기준 D+2일 이내,https://www.moyoplan.com/plans/23368
23368,KT,[모요only] 쉐이크 LTE 11GB+_CU,사은품/페이백,"마트상품권, 네이버페이 최대 2만원",,,20000,,False,,KT바로유심,"대상: 바로유심/바로배송유심 구매・개통 후 7개월 회선 유지한 고객 시기: 개통 후 4개월차 말일 1만원, 7개월차 말일 1만원",https://www.moyoplan.com/plans/23368
23368,KT,[모요only] 쉐이크 LTE 11GB+_CU,사은품/페이백,CU 20% 오프라인 결제할인,,,,,False,,,대상: 대상 요금제 개통한 고객 시기: 조건 달성한 다음 달 월초,https://www.moyoplan.com/plans/23368
23368,KT,[모요only] 쉐이크 LTE 11GB+_CU,추가데이터,SOLO결합(+20GB),,,,,False,,,대상: 대상 요금제 개통한 고객 시기: 조건 달성한 즉시,https://www.moyoplan.com/plans/23368
23368,KT,[모요only] 쉐이크 LTE 11GB+_CU,추가데이터,데이터쿠폰 20GB,,,,,False,,,"대상: 대상 요금제 개통 후, 지급시기까지 회선 유지한 고객 시기: 3개월 단위로 총 3회 제공",https://www.moyoplan.com/plans/23368
17464,KT,데이터무제한 100분/100건,사은품/페이백,"마트상품권, 네이버페이 최대 2만원",,,20000,,False,,KT바로유심,,https://www.moyoplan.com/plans/17464
17464,KT,데이터무제한 100분/100건,사은품/페이백,KT유심&배송비 무료,,,,,False,,,,https://www.moyoplan.com/plans/17464
37243,SKT,A 넥스트 100GB+(네이버페이 1만x7개월),OTT/구독,조선일보 종이신문 1개월 무료 구독 이벤트,,,,,False,,,,https://www.moyoplan.com/plans/37243
37243,SKT,A 넥스트 100GB+(네이버페이 1만x7개월),사은품/페이백,네이버페이 1만원x7개월 지급 이벤트,,,10000,,False,,,,https://www.moyoplan.com/plans/37243
37243,SKT,A 넥스트 100GB+(네이버페이 1만x7개월),사은품/페이백,네이버페이 1만원 지급 이벤트,,,10000,,False,,,,https://www.moyoplan.com/plans/37243
20077,LGU+,[모요only] 내맘대로 (100분+1GB),사은품/페이백,"네이버페이 5,000원",,,5000,,False,,,대상: 대상 요금제 개통 후 개통월 내 리뷰 작성 후 1개월 회선 유지한 고객 시기: 조건 달성한 달 월말,https://www.moyoplan.com/plans/20077
37227,SKT,A 스마트 15GB,OTT/구독,조선일보 종이신문 1개월 무료 구독 이벤트,,,,,False,,,,https://www.moyoplan.com/plans/37227
23369,KT,[모요only] 쉐이크 LTE 15GB+_CU,사은품/페이백,매월 1천원 요금할인 (팝테일 가입·인증),,,1000,,False,,,대상: 이벤트 기간 내 대상요금제 개통 후 팝테일 가입·인증한 고객 시기: 개통 후 영업일 기준 D+2일 이내,https://www.moyoplan.com/plans/23369
23369,KT,[모요only] 쉐이크 LTE 15GB+_CU,사은품/페이백,"마트상품권, 네이버페이 최대 2만원",,,20000,,False,,KT바로유심,"대상: 바로유심/바로배송유심 구매・개통 후 7개월 회선 유지한 고객 시기: 개통 후 4개월차 말일 1만원, 7개월차 말일 1만원",https://www.moyoplan.com/plans/23369
23369,KT,[모요only] 쉐이크 LTE 15GB+_CU,사은품/페이백,CU 20% 오프라인 결제할인,,,,,False,,,대상: 대상 요금제 개통한 고객 시기: 조건 달성한 다음 달 월초,https://www.moyoplan.com/plans/23369
23369,KT,[모요only] 쉐이크 LTE 15GB+_CU,추가데이터,SOLO결합(+10GB),,,,,False,,,대상: 대상 요금제 개통한 고객 시기: 조건 달성한 즉시,https://www.moyoplan.com/plans/23369
23369,KT,[모요only] 쉐이크 LTE 15GB+_CU,추가데이터,데이터 매월 10GB 추가 증정(24개월),,,,,False,,,대상: 대상 요금제 개통한 고객 시기: 조건 달성한 즉시,https://www.moyoplan.com/plans/23369
23369,KT,[모요only] 쉐이크 LTE 15GB+_CU,추가데이터,데이터쿠폰 20GB,,,,,False,,,"대상: 대상 요금제 개통 후, 지급시기까지 회선 유지한 고객 시기: 3개월 단위로 총 3회 제공",https://www.moyoplan.com/plans/23369
36249,KT,TOP 5G 200GB 기본 (쿠팡캐시),추가데이터,솔로결합(+20GB),,,,,False,,,대상: 솔로결합 대상 요금제를 개통하고 '솔로결합'을 신청한 고객 시기: 조건 달성한 즉시,https://www.moyoplan.com/plans/36249
36249,KT,TOP 5G 200GB 기본 (쿠팡캐시),사은품/페이백,"3대 마트 상품권, 네이버페이 2만원",,,20000,,False,,KT바로유심,대상: 대상 요금제 개통한 고객 시기: 바로유심/바로배송유심 구매・개통 후 7개월 회선유지시,https://www.moyoplan.com/plans/36249
36249,KT,TOP 5G 200GB 기본 (쿠팡캐시),사은품/페이백,"쿠팡캐시 5,000원",,,5000,,False,,,"대상: 대상 요금제 개통한 고객 시기: 실 사용일수 30일 충족시, 31일차에 지급",https://www.moyoplan.com/plans/36249
35429,KT,[K]CU&롯시 300분/15GB+,사은품/페이백,매월 롯데시네마 관람권 지급,,,,,False,,,,https://www.moyoplan.com/plans/35429
35429,KT,[K]CU&롯시 300분/15GB+,사은품/페이백,매월 CU 결제 5천원 할인 혜택,,,5000,,False,,,,https://www.moyoplan.com/plans/35429
35429,KT,[K]CU&롯시 300분/15GB+,추가데이터,SOLO결합 데이터 10GB 지급,,,,,False,,,,https://www.moyoplan.com/plans/35429
37173,KT,A 올라잇 11GB+ 밀리의서재,OTT/구독,조선일보 종이신문 1개월 무료 구독 이벤트,,,,,False,,,,https://www.moyoplan.com/plans/37173
22790,KT,[모요only] 쉐이크 LTE 11GB+_밀리의서재,OTT/구독,밀리의 서재 구독권 지급 이벤트,밀리의서재,,,,False,,,대상: 대상 요금제 개통한 고객 시기: 조건 달성한 즉시,https://www.moyoplan.com/plans/22790
22790,KT,[모요only] 쉐이크 LTE 11GB+_밀리의서재,사은품/페이백,매월 1천원 요금할인 (팝테일 가입·인증),,,1000,,False,,,대상: 이벤트 기간 내 대상요금제 개통 후 팝테일 가입·인증한 고객 시기: 개통 후 영업일 기준 D+2일 이내,https://www.moyoplan.com/plans/22790
22790,KT,[모요only] 쉐이크 LTE 11GB+_밀리의서재,사은품/페이백,"마트상품권, 네이버페이 최대 2만원",,,20000,,False,,KT바로유심,"대상: 바로유심/바로배송유심 구매・개통 후 7개월 회선 유지한 고객 시기: 개통 후 4개월차 말일 1만원, 7개월차 말일 1만원",https://www.moyoplan.com/plans/22790
22790,KT,[모요only] 쉐이크 LTE 11GB+_밀리의서재,추가데이터,SOLO결합(+20GB),,,,,False,,,대상: 대상 요금제 개통한 고객 시기: 조건 달성한 즉시,https://www.moyoplan.com/plans/22790
22790,KT,[모요only] 쉐이크 LTE 11GB+_밀리의서재,추가데이터,데이터쿠폰 20GB,,,,,False,,,"대상: 대상 요금제 개통 후, 지급시기까지 회선 유지한 고객 시기: 3개월 단위로 총 3회 제공",https://www.moyoplan.com/plans/22790
15071,LGU+,이야기 라이트 100분5GB+,사은품/페이백,네이버페이 3만원,,,30000,,False,,,,https://www.moyoplan.com/plans/15071
15071,LGU+,이야기 라이트 100분5GB+,사은품/페이백,"네이버페이 5,000원",,,5000,,False,,,,https://www.moyoplan.com/plans/15071
37224,SKT,A 5G 스마트 15GB/300분,OTT/구독,조선일보 종이신문 1개월 무료 구독 이벤트,,,,,False,,,,https://www.moyoplan.com/plans/37224
35468,SKT,[S]이디야 블루 11GB+,사은품/페이백,"매월 이디야 9,000원 모바일 카드 지급",,,9000,,False,,,,https://www.moyoplan.com/plans/35468
35468,SKT,[S]이디야 블루 11GB+,추가데이터,SOLO결합 데이터 20GB 지급,,,,,False,,,,https://www.moyoplan.com/plans/35468
35473,SKT,[S]이디야 블루 15GB+/100분,사은품/페이백,"매월 이디야 6,000원 모바일 카드 지급",,,6000,,False,,,,https://www.moyoplan.com/plans/35473
35473,SKT,[S]이디야 블루 15GB+/100분,추가데이터,SOLO결합 데이터 10GB 지급,,,,,False,,,,https://www.moyoplan.com/plans/35473
26742,KT,이야기K 데이터 15GB+(N Pay 5000P),사은품/페이백,"네이버페이, 3대 마트 상품권 2만원",,,20000,,False,,KT바로유심,,https://www.moyoplan.com/plans/26742
26742,KT,이야기K 데이터 15GB+(N Pay 5000P),사은품/페이백,"네이버페이 5,000원",,,5000,,False,,,,https://www.moyoplan.com/plans/26742
26742,KT,이야기K 데이터 15GB+(N Pay 5000P),사은품/페이백,"링키드 포인트 15,000P 지급",,,,,False,,,,https://www.moyoplan.com/plans/26742
15059,LGU+,이야기 라이트 1GB+,사은품/페이백,"네이버페이 5,000원",,,5000,,False,,,대상: 대상 요금제 개통 후 개통월 내 리뷰 작성 후 1개월 회선 유지한 고객 시기: 조건 달성한 달 월말,https://www.moyoplan.com/plans/15059
13982,SKT,함께이야기해S(500분+30GB),사은품/페이백,"네이버페이 5,000원",,,5000,,False,,,대상: 대상 요금제 개통 후 개통월 내 리뷰 작성 후 1개월 회선 유지한 고객 시기: 조건 달성한 달 월말,https://www.moyoplan.com/plans/13982
23373,KT,[모요only] 5G 무제한 30GB+1Mbps,사은품/페이백,"3대 마트 상품권, 네이버페이 2만원",,,20000,,False,,KT바로유심,"대상: 바로유심/바로배송유심 구매・개통 후 7개월 회선 유지한 고객 시기: 개통 후 4개월차 중순 1만원, 7개월차 중순 1만원",https://www.moyoplan.com/plans/23373
23373,KT,[모요only] 5G 무제한 30GB+1Mbps,추가데이터,추가데이터 10GB 제공,,,,,False,,,대상: 대상 요금제 개통 후 고고모바일 사용자 간 결합한 고객 시기: 조건 달성한 즉시,https://www.moyoplan.com/plans/23373
23373,KT,[모요only] 5G 무제한 30GB+1Mbps,사은품/페이백,KT유심&배송비 무료,,,,,False,,,대상: 대상 요금제 개통한 고객 시기: 조건 달성한 즉시,https://www.moyoplan.com/plans/23373
24192,KT,LTE200분/5GB+1M,사은품/페이백,"3대 마트 상품권, 네이버페이 2만원",,,20000,,False,,KT바로유심,"대상: 바로유심/바로배송유심 구매・개통 후 7개월 회선 유지한 고객 시기: 개통 후 4개월차 중순 1만원, 7개월차 중순 1만원",https://www.moyoplan.com/plans/24192
24192,KT,LTE200분/5GB+1M,사은품/페이백,KT유심&배송비 무료,,,,,False,,,대상: 대상 요금제 개통한 고객 시기: 조건 달성한 즉시,https://www.moyoplan.com/plans/24192
35470,SKT,[S]이디야 화이트 20GB,사은품/페이백,"매월 이디야 6,000원 모바일 카드 지급",,,6000,,False,,,대상: 이벤트 기간 내 요금제 개통 후 1개월 회선 유지한 고객 시기: 조건 달성한 달 20일,https://www.moyoplan.com/plans/35470
35533,KT,TOP 5G 200GB 기본 (올리브영),추가데이터,솔로결합(+20GB),,,,,False,,,대상: 솔로결합 대상 요금제를 개통하고 '솔로결합'을 신청한 고객 시기: 조건 달성한 즉시,https://www.moyoplan.com/plans/35533
35533,KT,TOP 5G 200GB 기본 (올리브영),사은품/페이백,"3대 마트 상품권, 네이버페이 2만원",,,20000,,False,,KT바로유심,대상: 대상 요금제 개통한 고객 시기: 바로유심/바로배송유심 구매・개통 후 7개월 회선유지시,https://www.moyoplan.com/plans/35533
35533,KT,TOP 5G 200GB 기본 (올리브영),사은품/페이백,"올리브영 매월 5,000원 제공",,,5000,,False,,,"대상: 대상 요금제 개통 후 가입일부터 사용일수 30일 충족한 고객 시기: 실 사용일수 30일 충족시, 31일차에 지급",https://www.moyoplan.com/plans/35533
37235,SKT,A 넥스트 15GB+/300분,OTT/구독,조선일보 종이신문 1개월 무료 구독 이벤트,,,,,False,,,,https://www.moyoplan.com/plans/37235
37235,SKT,A 넥스트 15GB+/300분,사은품/페이백,네이버페이 1만원 지급 이벤트,,,10000,,False,,,,https://www.moyoplan.com/plans/37235
16838,KT,이야기K 데이터 15GB+(멜론),사은품/페이백,"네이버페이, 3대 마트 상품권 2만원",,,20000,,False,,KT바로유심,,https://www.moyoplan.com/plans/16838
16838,KT,이야기K 데이터 15GB+(멜론),사은품/페이백,"네이버페이 5,000원",,,5000,,False,,,,https://www.moyoplan.com/plans/16838
31350,LGU+,쿠폰팩 100분15GB+,사은품/페이백,24개월간 월 5000원씩(네이버페이 가능),,,5000,,False,,,대상: 대상 요금제 개통 후 1개월 회선 유지한 고객 시기: 조건 달성한 달 부터 매월 16~20일,https://www.moyoplan.com/plans/31350
31350,LGU+,쿠폰팩 100분15GB+,사은품/페이백,유심/배송비 무료!,,,,,False,,,대상: 대상 요금제 개통한 고객 시기: 개통 즉시,https://www.moyoplan.com/plans/31350
15070,LGU+,이야기 라이트 100분1GB+,사은품/페이백,"네이버페이 5,000원",,,5000,,False,,,대상: 대상 요금제 개통 후 개통월 내 리뷰 작성 후 1개월 회선 유지한 고객 시기: 조건 달성한 달 월말,https://www.moyoplan.com/plans/15070
16837,KT,이야기K 데이터 15GB+(지니뮤직),사은품/페이백,"네이버페이, 3대 마트 상품권 2만원",,,20000,,False,,KT바로유심,,https://www.moyoplan.com/plans/16837
16837,KT,이야기K 데이터 15GB+(지니뮤직),사은품/페이백,"네이버페이 5,000원",,,5000,,False,,,,https://www.moyoplan.com/plans/16837
34222,KT,[모요only] 무제한 11GB+3M(올리브영 5000원),사은품/페이백,"3대 마트 상품권, 네이버페이 2만원",,,20000,,False,,KT바로유심,"대상: 바로유심/바로배송유심 구매・개통 후 7개월 회선 유지한 고객 시기: 개통 후 4개월차 중순 1만원, 7개월차 중순 1만원",https://www.moyoplan.com/plans/34222
34222,KT,[모요only] 무제한 11GB+3M(올리브영 5000원),사은품/페이백,"올리브영 상품권 매월 5,000원 제공",,,5000,,False,,,대상: 대상 요금제 개통 후 지급 시기까지 회선 유지한 고객 시기: 매월 실사용 30일사용시 익일 제공,https://www.moyoplan.com/plans/34222
34222,KT,[모요only] 무제한 11GB+3M(올리브영 5000원),추가데이터,추가데이터 20GB 제공,,,,,False,,,대상: 대상 요금제 개통 후 고고모바일 사용자 간 결합한 고객 시기: 조건 달성한 즉시,https://www.moyoplan.com/plans/34222
34222,KT,[모요only] 무제한 11GB+3M(올리브영 5000원),사은품/페이백,KT유심&배송비 무료,,,,,False,,,대상: 대상 요금제 개통한 고객 시기: 조건 달성한 즉시,https://www.moyoplan.com/plans/34222
23036,KT,[K]무한15GB+ 밀리의서재,OTT/구독,밀리의서재 구독권 평생 무료 제공,밀리의서재,,,,False,,,,https://www.moyoplan.com/plans/23036
23036,KT,[K]무한15GB+ 밀리의서재,추가데이터,SOLO결합 데이터 10GB 지급,,,,,False,,,,https://www.moyoplan.com/plans/23036
34221,KT,[모요only] 무제한 11GB+3M(다이소 5000원),사은품/페이백,"3대 마트 상품권, 네이버페이 2만원",,,20000,,False,,KT바로유심,"대상: 바로유심/바로배송유심 구매・개통 후 7개월 회선 유지한 고객 시기: 개통 후 4개월차 중순 1만원, 7개월차 중순 1만원",https://www.moyoplan.com/plans/34221
34221,KT,[모요only] 무제한 11GB+3M(다이소 5000원),사은품/페이백,"다이소상품권 매월 5,000원 제공",,,5000,,False,,,대상: 대상 요금제 개통 후 지급 시기까지 회선 유지한 고객 시기: 매월 실사용 30일사용시 익일 제공,https://www.moyoplan.com/plans/34221
34221,KT,[모요only] 무제한 11GB+3M(다이소 5000원),추가데이터,추가데이터 20GB 제공,,,,,False,,,대상: 대상 요금제 개통 후 고고모바일 사용자 간 결합한 고객 시기: 조건 달성한 즉시,https://www.moyoplan.com/plans/34221
34221,KT,[모요only] 무제한 11GB+3M(다이소 5000원),사은품/페이백,KT유심&배송비 무료,,,,,False,,,대상: 대상 요금제 개통한 고객 시기: 조건 달성한 즉시,https://www.moyoplan.com/plans/34221
18477,KT,프리150분,사은품/페이백,"마트상품권, 네이버페이 최대 2만원",,,20000,,False,,KT바로유심,,https://www.moyoplan.com/plans/18477
18477,KT,프리150분,사은품/페이백,KT유심&배송비 무료,,,,,False,,,,https://www.moyoplan.com/plans/18477
31355,LGU+,쿠폰팩 통화기본15GB+,사은품/페이백,24개월간 월 5000원씩(네이버페이 가능),,,5000,,False,,,대상: 대상 요금제 개통 후 1개월 회선 유지한 고객 시기: 조건 달성한 달 부터 매월 16~20일,https://www.moyoplan.com/plans/31355
31355,LGU+,쿠폰팩 통화기본15GB+,사은품/페이백,유심/배송비 무료!,,,,,False,,,대상: 대상 요금제 개통한 고객 시기: 개통 즉시,https://www.moyoplan.com/plans/31355
27259,SKT,티플 SNOW 100GB+ [12개월간 SNOW앱 무료],OTT/구독,SNOW 앱 VIP 월 구독권,,,,,False,,,대상: 대상 요금제 개통한 고객 시기: 조건 달성한 달 15일 또는 말일 발송,https://www.moyoplan.com/plans/27259
37225,SKT,A 5G 스마트 20GB/300분,OTT/구독,조선일보 종이신문 1개월 무료 구독 이벤트,,,,,False,,,,https://www.moyoplan.com/plans/37225
35442,KT,아이즈 100분 10GB,사은품/페이백,8월 한정 Npay 1만원 지급,,,10000,,False,,,,https://www.moyoplan.com/plans/35442
35424,KT,[K]롯시&밀리 100분/15GB+,OTT/구독,밀리의서재 구독권 평생 무료 제공,밀리의서재,,,,False,,,,https://www.moyoplan.com/plans/35424
35424,KT,[K]롯시&밀리 100분/15GB+,사은품/페이백,매월 롯데시네마 관람권 지급,,,,,False,,,,https://www.moyoplan.com/plans/35424
35424,KT,[K]롯시&밀리 100분/15GB+,추가데이터,SOLO결합 데이터 10GB 지급,,,,,False,,,,https://www.moyoplan.com/plans/35424
20025,KT,무제한11GB+3Mbps(지니뮤직 매월 무료),OTT/구독,"지니뮤직 매월 8,000G포인트 제공",지니뮤직,,,,False,,,대상: 대상 요금제 개통한 고객 시기: 조건 달성한 즉시,https://www.moyoplan.com/plans/20025
20025,KT,무제한11GB+3Mbps(지니뮤직 매월 무료),사은품/페이백,"3대 마트 상품권, 네이버페이 2만원",,,20000,,False,,KT바로유심,"대상: 바로유심/바로배송유심 구매・개통 후 7개월 회선 유지한 고객 시기: 개통 후 4개월차 중순 1만원, 7개월차 중순 1만원",https://www.moyoplan.com/plans/20025
20025,KT,무제한11GB+3Mbps(지니뮤직 매월 무료),추가데이터,추가데이터 20GB 제공,,,,,False,,,대상: 대상 요금제 개통 후 고고모바일 사용자 간 결합한 고객 시기: 조건 달성한 즉시,https://www.moyoplan.com/plans/20025
20025,KT,무제한11GB+3Mbps(지니뮤직 매월 무료),사은품/페이백,KT유심&배송비 무료,,,,,False,,,대상: 대상 요금제 개통한 고객 시기: 조건 달성한 즉시,https://www.moyoplan.com/plans/20025
37229,SKT,A 스마트 5GB/100분,OTT/구독,조선일보 종이신문 1개월 무료 구독 이벤트,,,,,False,,,,https://www.moyoplan.com/plans/37229
23780,KT,티플 10GB(10GB/300분),사은품/페이백,3대마트 상품권/네이버페이 1만원 증정,,,10000,,False,,KT바로유심,대상: 바로유심/바로배송유심 구매・개통 후 7개월 회선 유지한 고객 시기: 조건 달성한 달 월말,https://www.moyoplan.com/plans/23780
23780,KT,티플 10GB(10GB/300분),사은품/페이백,3대마트 상품권/네이버페이 1만원 증정,,,10000,,False,,KT바로유심,대상: 바로유심/바로배송유심 구매・개통 후 4개월 회선 유지한 고객 시기: 조건 달성한 달 월말,https://www.moyoplan.com/plans/23780
23780,KT,티플 10GB(10GB/300분),사은품/페이백,마트 상품권/네이버페이 1만원 증정,,,10000,,False,,KT바로유심,대상: 바로유심/바로배송유심 구매・개통 후 7개월 회선 유지한 고객 시기: 조건 달성한 달 월말,https://www.moyoplan.com/plans/23780
23780,KT,티플 10GB(10GB/300분),사은품/페이백,마트 상품권/네이버페이 1만원 증정,,,10000,,False,,KT바로유심,대상: 바로유심/바로배송유심 구매・개통 후 4개월 회선 유지한 고객 시기: 조건 달성한 달 월말,https://www.moyoplan.com/plans/23780
24190,KT,5G100분/1GB-데이터소진후 자동차단,사은품/페이백,"3대 마트 상품권, 네이버페이 2만원",,,20000,,False,,KT바로유심,"대상: 바로유심/바로배송유심 구매・개통 후 7개월 회선 유지한 고객 시기: 개통 후 4개월차 중순 1만원, 7개월차 중순 1만원",https://www.moyoplan.com/plans/24190
24190,KT,5G100분/1GB-데이터소진후 자동차단,사은품/페이백,KT유심&배송비 무료,,,,,False,,,대상: 대상 요금제 개통한 고객 시기: 조건 달성한 즉시,https://www.moyoplan.com/plans/24190
30944,KT,무제한 11GB+3M(올리브영 매월 5000원),사은품/페이백,"3대 마트 상품권, 네이버페이 2만원",,,20000,,False,,KT바로유심,"대상: 바로유심/바로배송유심 구매・개통 후 7개월 회선 유지한 고객 시기: 개통 후 4개월차 중순 1만원, 7개월차 중순 1만원",https://www.moyoplan.com/plans/30944
30944,KT,무제한 11GB+3M(올리브영 매월 5000원),사은품/페이백,"올리브영 상품권 매월 5,000원 제공",,,5000,,False,,,대상: 대상 요금제 개통 후 지급 시기까지 회선 유지한 고객 시기: 매월 실사용 30일사용시 익일 제공,https://www.moyoplan.com/plans/30944
30944,KT,무제한 11GB+3M(올리브영 매월 5000원),추가데이터,추가데이터 20GB 제공,,,,,False,,,대상: 대상 요금제 개통 후 고고모바일 사용자 간 결합한 고객 시기: 조건 달성한 즉시,https://www.moyoplan.com/plans/30944
30944,KT,무제한 11GB+3M(올리브영 매월 5000원),사은품/페이백,KT유심&배송비 무료,,,,,False,,,대상: 대상 요금제 개통한 고객 시기: 조건 달성한 즉시,https://www.moyoplan.com/plans/30944
22824,LGU+,수다맘껏데이터150G+,사은품/페이백,NFC 유심 무료 제공,,,,,False,,,,https://www.moyoplan.com/plans/22824
22824,LGU+,수다맘껏데이터150G+,사은품/페이백,4대 편의점 최대 10.1%적립,,,,,False,,,,https://www.moyoplan.com/plans/22824
35428,KT,[K]CU&롯시 100분/15GB+,사은품/페이백,매월 롯데시네마 관람권 지급,,,,,False,,,,https://www.moyoplan.com/plans/35428
35428,KT,[K]CU&롯시 100분/15GB+,사은품/페이백,매월 CU 결제 5천원 할인 혜택,,,5000,,False,,,,https://www.moyoplan.com/plans/35428
35428,KT,[K]CU&롯시 100분/15GB+,추가데이터,SOLO결합 데이터 10GB 지급,,,,,False,,,,https://www.moyoplan.com/plans/35428
35466,SKT,[S]OK캐쉬백 11GB+,추가데이터,SOLO결합 데이터 20GB 지급,,,,,False,,,,https://www.moyoplan.com/plans/35466
18746,KT,[모요only] 무제한 10GB+1M(밀리의서재 Free),OTT/구독,"밀리의 서재 구독권(11,900원 상당) 제공",밀리의서재,,11900,,False,,,대상: 대상 요금제 개통한 고객 시기: 조건 달성한 즉시,https://www.moyoplan.com/plans/18746
18746,KT,[모요only] 무제한 10GB+1M(밀리의서재 Free),사은품/페이백,"3대 마트 상품권, 네이버페이 2만원",,,20000,,False,,KT바로유심,"대상: 바로유심/바로배송유심 구매・개통 후 7개월 회선 유지한 고객 시기: 개통 후 4개월차 중순 1만원, 7개월차 중순 1만원",https://www.moyoplan.com/plans/18746
18746,KT,[모요only] 무제한 10GB+1M(밀리의서재 Free),추가데이터,추가데이터 10GB 제공,,,,,False,,,대상: 대상 요금제 개통 후 고고모바일 사용자 간 결합한 고객 시기: 조건 달성한 즉시,https://www.moyoplan.com/plans/18746
18746,KT,[모요only] 무제한 10GB+1M(밀리의서재 Free),추가데이터,데이터 매월 10GB 추가 증정 (24개월간),,,,,False,,,대상: 대상 요금제 개통한 고객 시기: 조건 달성한 즉시,https://www.moyoplan.com/plans/18746
18746,KT,[모요only] 무제한 10GB+1M(밀리의서재 Free),사은품/페이백,KT유심&배송비 무료,,,,,False,,,대상: 대상 요금제 개통한 고객 시기: 조건 달성한 즉시,https://www.moyoplan.com/plans/18746
12280,SKT,내맘대로S(350+4GB),사은품/페이백,"네이버페이 5,000원",,,5000,,False,,,대상: 대상 요금제 개통 후 개통월 내 리뷰 작성 후 1개월 회선 유지한 고객 시기: 조건 달성한 달 월말,https://www.moyoplan.com/plans/12280
29902,SKT,티플 위드유 15GB+(100분)(G car+세차클링),사은품/페이백,롯데렌터카 연간 패스 이용권,,,,,False,,,"대상: 대상 요금제 개통한 고객 시기: 개통 첫달 15일/말일 , 이후 매월 초 지급",https://www.moyoplan.com/plans/29902
29902,SKT,티플 위드유 15GB+(100분)(G car+세차클링),사은품/페이백,세차 클링 출장 세차 할인 쿠폰,,,,,False,,,대상: 대상 요금제 개통 후 1개월 회선 유지한 고객 시기: 조건 달성한 달 월말,https://www.moyoplan.com/plans/29902
20002,KT,LTE300분/5GB-데이터소진후 자동차단,사은품/페이백,"3대 마트 상품권, 네이버페이 2만원",,,20000,,False,,KT바로유심,"대상: 바로유심/바로배송유심 구매・개통 후 7개월 회선 유지한 고객 시기: 개통 후 4개월차 중순 1만원, 7개월차 중순 1만원",https://www.moyoplan.com/plans/20002
20002,KT,LTE300분/5GB-데이터소진후 자동차단,사은품/페이백,KT유심&배송비 무료,,,,,False,,,대상: 대상 요금제 개통한 고객 시기: 조건 달성한 즉시,https://www.moyoplan.com/plans/20002
35887,SKT,티플 15G＋(300분)(CU멤버십＋매월 5000P),사은품/페이백,"CU 5,000P 모바일상품권 12개월 제공",,,,,False,,,대상: 대상 요금제 개통 후 1개월 회선 유지한 고객 시기: 가입 30일 충족후 31일차 발송,https://www.moyoplan.com/plans/35887
35887,SKT,티플 15G＋(300분)(CU멤버십＋매월 5000P),사은품/페이백,CU편의점 20% 할인 12개월 제공,,,,,False,,,대상: 대상 요금제 개통한 고객 시기: 조건 달성한 즉시,https://www.moyoplan.com/plans/35887
35887,SKT,티플 15G＋(300분)(CU멤버십＋매월 5000P),사은품/페이백,12개월간 CU 카테고리 20% 할인권 제공,,,,,False,,,대상: 대상 요금제 개통한 고객 시기: 조건 달성한 즉시,https://www.moyoplan.com/plans/35887
27260,SKT,티플 SNOW 15GB+(100분) [12개월간 SNOW앱 무료],OTT/구독,SNOW 앱 VIP 월 구독권,,,,,False,,,대상: 대상 요금제 개통한 고객 시기: 조건 달성한 달 15일 또는 말일 발송,https://www.moyoplan.com/plans/27260
35793,KT,[5G]EG 12무제한 110G+5(모아진),OTT/구독,모아진(전세계 매거진) 무료 구독,,,,,False,,,,https://www.moyoplan.com/plans/35793
31351,LGU+,쿠폰팩 통화기본7GB+,사은품/페이백,24개월간 월 5000원씩(네이버페이 가능),,,5000,,False,,,대상: 대상 요금제 개통 후 1개월 회선 유지한 고객 시기: 조건 달성한 달 부터 매월 16~20일,https://www.moyoplan.com/plans/31351
31351,LGU+,쿠폰팩 통화기본7GB+,사은품/페이백,유심/배송비 무료!,,,,,False,,,대상: 대상 요금제 개통한 고객 시기: 개통 즉시,https://www.moyoplan.com/plans/31351
37214,LGU+,A 스페셜 15GB+/100분,OTT/구독,조선일보 종이신문 1개월 무료 구독 이벤트,,,,,False,,,,https://www.moyoplan.com/plans/37214
37213,LGU+,A 갓성비 15GB/300분,OTT/구독,조선일보 종이신문 1개월 무료 구독 이벤트,,,,,False,,,,https://www.moyoplan.com/plans/37213
37215,LGU+,A 스페셜 15GB+/300분,OTT/구독,조선일보 종이신문 1개월 무료 구독 이벤트,,,,,False,,,,https://www.moyoplan.com/plans/37215
23287,KT,The 완전마음껏 15GB＋,사은품/페이백,3대마트 상품권/네이버페이 1만원 증정,,,10000,,False,,KT바로유심,대상: 바로유심/바로배송유심 구매・개통 후 7개월 회선 유지한 고객 시기: 조건 달성한 달 월말,https://www.moyoplan.com/plans/23287
23287,KT,The 완전마음껏 15GB＋,사은품/페이백,3대마트 상품권/네이버페이 1만원 증정,,,10000,,False,,KT바로유심,대상: 바로유심/바로배송유심 구매・개통 후 4개월 회선 유지한 고객 시기: 조건 달성한 달 월말,https://www.moyoplan.com/plans/23287
23287,KT,The 완전마음껏 15GB＋,사은품/페이백,마트 상품권/네이버페이 1만원 증정,,,10000,,False,,KT바로유심,대상: 바로유심/바로배송유심 구매・개통 후 7개월 회선 유지한 고객 시기: 조건 달성한 달 월말,https://www.moyoplan.com/plans/23287
23287,KT,The 완전마음껏 15GB＋,사은품/페이백,마트 상품권/네이버페이 1만원 증정,,,10000,,False,,KT바로유심,대상: 바로유심/바로배송유심 구매・개통 후 4개월 회선 유지한 고객 시기: 조건 달성한 달 월말,https://www.moyoplan.com/plans/23287
23287,KT,The 완전마음껏 15GB＋,추가데이터,개통시 매월 10GB 데이터 추가 지급,,,,,False,,,"대상: 대상 요금제 개통한 고객 시기: 개통 익일 제공, 익월부터는 매월초 제공",https://www.moyoplan.com/plans/23287
31352,LGU+,쿠폰팩 300분15GB+,사은품/페이백,24개월간 월 5000원씩(네이버페이 가능),,,5000,,False,,,대상: 대상 요금제 개통 후 1개월 회선 유지한 고객 시기: 조건 달성한 달 부터 매월 16~20일,https://www.moyoplan.com/plans/31352
31352,LGU+,쿠폰팩 300분15GB+,사은품/페이백,유심/배송비 무료!,,,,,False,,,대상: 대상 요금제 개통한 고객 시기: 개통 즉시,https://www.moyoplan.com/plans/31352
37172,KT,A 올라잇 11GB+ 네이버페이,OTT/구독,조선일보 종이신문 1개월 무료 구독 이벤트,,,,,False,,,,https://www.moyoplan.com/plans/37172
37207,LGU+,A 스페셜 15GB+,OTT/구독,조선일보 종이신문 1개월 무료 구독 이벤트,,,,,False,,,,https://www.moyoplan.com/plans/37207
37228,SKT,A 스마트 20GB,OTT/구독,조선일보 종이신문 1개월 무료 구독 이벤트,,,,,False,,,,https://www.moyoplan.com/plans/37228
20568,LGU+,내맘대로 (100분+3.5GB),사은품/페이백,"네이버페이 5,000원",,,5000,,False,,,,https://www.moyoplan.com/plans/20568
35438,SKT,[S]올리브영100분/15GB+,사은품/페이백,"올리브영 상품권 매달 7,000원 지급",,,7000,,False,,,,https://www.moyoplan.com/plans/35438
35438,SKT,[S]올리브영100분/15GB+,추가데이터,SOLO결합 데이터 10GB 지급,,,,,False,,,,https://www.moyoplan.com/plans/35438
25697,KT,이야기K 데이터 7GB+(밀리의서재),사은품/페이백,"네이버페이, 3대 마트 상품권 2만원",,,20000,,False,,KT바로유심,,https://www.moyoplan.com/plans/25697
25697,KT,이야기K 데이터 7GB+(밀리의서재),사은품/페이백,"네이버페이 5,000원",,,5000,,False,,,,https://www.moyoplan.com/plans/25697
25697,KT,이야기K 데이터 7GB+(밀리의서재),사은품/페이백,"링키드 포인트 15,000P 지급",,,,,False,,,,https://www.moyoplan.com/plans/25697
31400,LGU+,[L] 핀다이렉트Z 7GB+,사은품/페이백,데이터 로밍 3일 무료 쿠폰,,,,,False,,,대상: 대상 요금제 개통한 고객 시기: 조건 달성한 즉시,https://www.moyoplan.com/plans/31400
31043,SKT,티플 7GB+(이디야커피),사은품/페이백,"12개월간 이디야 모바일권 5,000원권 증정",,,5000,,False,,,대상: 대상 요금제 개통한 고객 시기: 조건 달성한 달 월말,https://www.moyoplan.com/plans/31043
26741,LGU+,내맘대로(100분+6GB)(5G),사은품/페이백,"네이버페이 5,000원",,,5000,,False,,,대상: 대상 요금제 개통 후 개통월 내 리뷰 작성 후 1개월 회선 유지한 고객 시기: 조건 달성한 달 월말,https://www.moyoplan.com/plans/26741
34697,KT,[모요only] 쉐이크 LTE 7GB+_모아진 전자 구독,사은품/페이백,매월 1천원 요금할인 (팝테일 가입·인증),,,1000,,False,,,대상: 이벤트 기간 내 대상요금제 개통 후 팝테일 가입·인증한 고객 시기: 개통 후 영업일 기준 D+2일 이내,https://www.moyoplan.com/plans/34697
34697,KT,[모요only] 쉐이크 LTE 7GB+_모아진 전자 구독,사은품/페이백,"마트상품권, 네이버페이 최대 2만원",,,20000,,False,,KT바로유심,"대상: 바로유심/바로배송유심 구매・개통 후 7개월 회선 유지한 고객 시기: 개통 후 4개월차 말일 1만원, 7개월차 말일 1만원",https://www.moyoplan.com/plans/34697
34697,KT,[모요only] 쉐이크 LTE 7GB+_모아진 전자 구독,추가데이터,데이터쿠폰 20GB,,,,,False,,,"대상: 대상 요금제 개통 후, 지급시기까지 회선 유지한 고객 시기: 3개월 단위로 총 3회 제공",https://www.moyoplan.com/plans/34697
34741,LGU+,EG-5G 24레귤러 50G+,사은품/페이백,일반유심/배송비 무료,,,,,False,,택배일반유심,대상: 대상 요금제 개통 후 일반유심을 택배로 받을래요 신청 후 개통을 완료한 고객 시기: 조건 달성한 즉시,https://www.moyoplan.com/plans/34741
37234,SKT,A 넥스트 15GB+/100분,OTT/구독,조선일보 종이신문 1개월 무료 구독 이벤트,,,,,False,,,,https://www.moyoplan.com/plans/37234
37234,SKT,A 넥스트 15GB+/100분,사은품/페이백,네이버페이 1만원 지급 이벤트,,,10000,,False,,,,https://www.moyoplan.com/plans/37234
34220,KT,[모요only] 무제한 15GB+1M(올리브영 5000원),사은품/페이백,"3대 마트 상품권, 네이버페이 2만원",,,20000,,False,,KT바로유심,"대상: 바로유심/바로배송유심 구매・개통 후 7개월 회선 유지한 고객 시기: 개통 후 4개월차 중순 1만원, 7개월차 중순 1만원",https://www.moyoplan.com/plans/34220
34220,KT,[모요only] 무제한 15GB+1M(올리브영 5000원),사은품/페이백,"올리브영 상품권 매월 5,000원 제공",,,5000,,False,,,대상: 대상 요금제 개통 후 지급 시기까지 회선 유지한 고객 시기: 매월 실사용 30일사용시 익일 제공,https://www.moyoplan.com/plans/34220
34220,KT,[모요only] 무제한 15GB+1M(올리브영 5000원),추가데이터,추가데이터 10GB 제공,,,,,False,,,대상: 대상 요금제 개통 후 고고모바일 사용자 간 결합한 고객 시기: 조건 달성한 즉시,https://www.moyoplan.com/plans/34220
34220,KT,[모요only] 무제한 15GB+1M(올리브영 5000원),추가데이터,데이터 매월 10GB 추가 증정 (24개월간),,,,,False,,,대상: 대상 요금제 개통한 고객 시기: 조건 달성한 즉시,https://www.moyoplan.com/plans/34220
34220,KT,[모요only] 무제한 15GB+1M(올리브영 5000원),사은품/페이백,KT유심&배송비 무료,,,,,False,,,대상: 대상 요금제 개통한 고객 시기: 조건 달성한 즉시,https://www.moyoplan.com/plans/34220
35892,KT,티플 11G＋(웨이브),OTT/구독,웨이브 광고형 스탠다드 무료 이용권 매월 제공,웨이브,광고형 스탠다드,,,False,,,대상: 대상 요금제 개통한 고객 시기: 조건 달성한 즉시,https://www.moyoplan.com/plans/35892
35892,KT,티플 11G＋(웨이브),사은품/페이백,3대마트 상품권/네이버페이 1만원 증정,,,10000,,False,,KT바로유심,대상: 바로유심/바로배송유심 구매・개통 후 7개월 회선 유지한 고객 시기: 조건 달성한 달 월말,https://www.moyoplan.com/plans/35892
35892,KT,티플 11G＋(웨이브),사은품/페이백,3대마트 상품권/네이버페이 1만원 증정,,,10000,,False,,KT바로유심,대상: 바로유심/바로배송유심 구매・개통 후 4개월 회선 유지한 고객 시기: 조건 달성한 달 월말,https://www.moyoplan.com/plans/35892
35892,KT,티플 11G＋(웨이브),사은품/페이백,마트 상품권/네이버페이 1만원 증정,,,10000,,False,,KT바로유심,대상: 바로유심/바로배송유심 구매・개통 후 7개월 회선 유지한 고객 시기: 조건 달성한 달 월말,https://www.moyoplan.com/plans/35892
35892,KT,티플 11G＋(웨이브),사은품/페이백,마트 상품권/네이버페이 1만원 증정,,,10000,,False,,KT바로유심,대상: 바로유심/바로배송유심 구매・개통 후 4개월 회선 유지한 고객 시기: 조건 달성한 달 월말,https://www.moyoplan.com/plans/35892
34219,KT,[모요only] 무제한 15GB+1M(다이소 5000원),사은품/페이백,"3대 마트 상품권, 네이버페이 2만원",,,20000,,False,,KT바로유심,"대상: 바로유심/바로배송유심 구매・개통 후 7개월 회선 유지한 고객 시기: 개통 후 4개월차 중순 1만원, 7개월차 중순 1만원",https://www.moyoplan.com/plans/34219
34219,KT,[모요only] 무제한 15GB+1M(다이소 5000원),사은품/페이백,"다이소상품권 매월 5,000원 제공",,,5000,,False,,,대상: 대상 요금제 개통 후 지급 시기까지 회선 유지한 고객 시기: 매월 실사용 30일사용시 익일 제공,https://www.moyoplan.com/plans/34219
34219,KT,[모요only] 무제한 15GB+1M(다이소 5000원),추가데이터,추가데이터 10GB 제공,,,,,False,,,대상: 대상 요금제 개통 후 고고모바일 사용자 간 결합한 고객 시기: 조건 달성한 즉시,https://www.moyoplan.com/plans/34219
34219,KT,[모요only] 무제한 15GB+1M(다이소 5000원),추가데이터,데이터 매월 10GB 추가 증정 (24개월간),,,,,False,,,대상: 대상 요금제 개통한 고객 시기: 조건 달성한 즉시,https://www.moyoplan.com/plans/34219
34219,KT,[모요only] 무제한 15GB+1M(다이소 5000원),사은품/페이백,KT유심&배송비 무료,,,,,False,,,대상: 대상 요금제 개통한 고객 시기: 조건 달성한 즉시,https://www.moyoplan.com/plans/34219
37162,KT,A 올라잇 1GB/150분,OTT/구독,조선일보 종이신문 1개월 무료 구독 이벤트,,,,,False,,,,https://www.moyoplan.com/plans/37162
35464,SKT,[S]OK캐쉬백 100분/15GB+,추가데이터,SOLO결합 데이터 10GB 지급,,,,,False,,,,https://www.moyoplan.com/plans/35464
35478,SKT,[S]아이즈팩 11GB+,사은품/페이백,아이즈팩 이용권,,,,,False,,,대상: 대상 요금제 개통 후 사은품 지급 시기까지 회선 유지한 고객 시기: 요금제 개통 후 익월 15일 경,https://www.moyoplan.com/plans/35478
35478,SKT,[S]아이즈팩 11GB+,추가데이터,SOLO결합 데이터 20GB 지급,,,,,False,,,대상: 대상 요금제 개통 후 아이즈모바일 사용자간 결합 & SOLO 결합한 고객 시기: 조건 달성한 즉시,https://www.moyoplan.com/plans/35478
29898,SKT,티플 위드유 7GB+ (G car+세차클링),사은품/페이백,롯데렌터카 연간 패스 이용권,,,,,False,,,"대상: 대상 요금제 개통한 고객 시기: 개통 첫달 15일/말일 , 이후 매월 초 지급",https://www.moyoplan.com/plans/29898
29898,SKT,티플 위드유 7GB+ (G car+세차클링),사은품/페이백,세차 클링 출장 세차 할인 쿠폰,,,,,False,,,대상: 대상 요금제 개통 후 1개월 회선 유지한 고객 시기: 조건 달성한 달 월말,https://www.moyoplan.com/plans/29898
27254,SKT,티플 SNOW 7GB+ [12개월간 SNOW앱 무료],OTT/구독,SNOW 앱 VIP 월 구독권,,,,,False,,,대상: 대상 요금제 개통한 고객 시기: 조건 달성한 달 15일 또는 말일 발송,https://www.moyoplan.com/plans/27254
30946,KT,무제한 7GB+1M(올리브영 매월 5000원),사은품/페이백,"3대 마트 상품권, 네이버페이 2만원",,,20000,,False,,KT바로유심,"대상: 바로유심/바로배송유심 구매・개통 후 7개월 회선 유지한 고객 시기: 개통 후 4개월차 중순 1만원, 7개월차 중순 1만원",https://www.moyoplan.com/plans/30946
30946,KT,무제한 7GB+1M(올리브영 매월 5000원),사은품/페이백,"올리브영 상품권 매월 5,000원 제공",,,5000,,False,,,대상: 대상 요금제 개통 후 지급 시기까지 회선 유지한 고객 시기: 매월 실사용 30일사용시 익일 제공,https://www.moyoplan.com/plans/30946
30946,KT,무제한 7GB+1M(올리브영 매월 5000원),추가데이터,데이터 매월 10GB 추가 증정 (24개월간),,,,,False,,,대상: 대상 요금제 개통한 고객 시기: 조건 달성한 즉시,https://www.moyoplan.com/plans/30946
30946,KT,무제한 7GB+1M(올리브영 매월 5000원),추가데이터,추가데이터 5GB 제공,,,,,False,,,대상: 대상 요금제 개통 후 고고모바일 사용자 간 결합한 고객 시기: 조건 달성한 즉시,https://www.moyoplan.com/plans/30946
30946,KT,무제한 7GB+1M(올리브영 매월 5000원),사은품/페이백,KT유심&배송비 무료,,,,,False,,,대상: 대상 요금제 개통한 고객 시기: 조건 달성한 즉시,https://www.moyoplan.com/plans/30946
37242,SKT,A 넥스트 71GB+(네이버페이 1만x7개월),OTT/구독,조선일보 종이신문 1개월 무료 구독 이벤트,,,,,False,,,,https://www.moyoplan.com/plans/37242
37242,SKT,A 넥스트 71GB+(네이버페이 1만x7개월),사은품/페이백,네이버페이 1만원x7개월 지급 이벤트,,,10000,,False,,,,https://www.moyoplan.com/plans/37242
37242,SKT,A 넥스트 71GB+(네이버페이 1만x7개월),사은품/페이백,네이버페이 1만원 지급 이벤트,,,10000,,False,,,,https://www.moyoplan.com/plans/37242
35381,SKT,[S]무한100분/15GB+,추가데이터,SOLO결합 데이터 10GB 지급,,,,,False,,,대상: 대상 요금제 개통 후 아이즈모바일 사용자간 결합 & SOLO 결합한 고객 시기: 조건 달성한 즉시,https://www.moyoplan.com/plans/35381
34216,KT,[모요only] 무제한 7GB+1M(올리브영 5000원),사은품/페이백,"3대 마트 상품권, 네이버페이 2만원",,,20000,,False,,KT바로유심,"대상: 바로유심/바로배송유심 구매・개통 후 7개월 회선 유지한 고객 시기: 개통 후 4개월차 중순 1만원, 7개월차 중순 1만원",https://www.moyoplan.com/plans/34216
34216,KT,[모요only] 무제한 7GB+1M(올리브영 5000원),사은품/페이백,"올리브영 상품권 매월 5,000원 제공",,,5000,,False,,,대상: 대상 요금제 개통 후 지급 시기까지 회선 유지한 고객 시기: 매월 실사용 30일사용시 익일 제공,https://www.moyoplan.com/plans/34216
34216,KT,[모요only] 무제한 7GB+1M(올리브영 5000원),추가데이터,데이터 매월 10GB 추가 증정 (24개월간),,,,,False,,,대상: 대상 요금제 개통한 고객 시기: 조건 달성한 즉시,https://www.moyoplan.com/plans/34216
34216,KT,[모요only] 무제한 7GB+1M(올리브영 5000원),추가데이터,추가데이터 5GB 제공,,,,,False,,,대상: 대상 요금제 개통 후 고고모바일 사용자 간 결합한 고객 시기: 조건 달성한 즉시,https://www.moyoplan.com/plans/34216
34216,KT,[모요only] 무제한 7GB+1M(올리브영 5000원),사은품/페이백,KT유심&배송비 무료,,,,,False,,,대상: 대상 요금제 개통한 고객 시기: 조건 달성한 즉시,https://www.moyoplan.com/plans/34216
20075,LGU+,[모요only] 내맘대로 (0분+1GB),사은품/페이백,"네이버페이 5,000원",,,5000,,False,,,,https://www.moyoplan.com/plans/20075
34215,KT,[모요only] 무제한 7GB+1M(다이소 5000원),사은품/페이백,"3대 마트 상품권, 네이버페이 2만원",,,20000,,False,,KT바로유심,"대상: 바로유심/바로배송유심 구매・개통 후 7개월 회선 유지한 고객 시기: 개통 후 4개월차 중순 1만원, 7개월차 중순 1만원",https://www.moyoplan.com/plans/34215
34215,KT,[모요only] 무제한 7GB+1M(다이소 5000원),사은품/페이백,"다이소상품권 매월 5,000원 제공",,,5000,,False,,,대상: 대상 요금제 개통 후 지급 시기까지 회선 유지한 고객 시기: 매월 실사용 30일사용시 익일 제공,https://www.moyoplan.com/plans/34215
34215,KT,[모요only] 무제한 7GB+1M(다이소 5000원),추가데이터,데이터 매월 10GB 추가 증정 (24개월간),,,,,False,,,대상: 대상 요금제 개통한 고객 시기: 조건 달성한 즉시,https://www.moyoplan.com/plans/34215
34215,KT,[모요only] 무제한 7GB+1M(다이소 5000원),추가데이터,추가데이터 5GB 제공,,,,,False,,,대상: 대상 요금제 개통 후 고고모바일 사용자 간 결합한 고객 시기: 조건 달성한 즉시,https://www.moyoplan.com/plans/34215
34215,KT,[모요only] 무제한 7GB+1M(다이소 5000원),사은품/페이백,KT유심&배송비 무료,,,,,False,,,대상: 대상 요금제 개통한 고객 시기: 조건 달성한 즉시,https://www.moyoplan.com/plans/34215
26892,LGU+,음성기본 10GB+,사은품/페이백,유심/배송비 무료,,,,,False,,,대상: 대상 요금제 개통한 고객 시기: 조건 달성한 즉시,https://www.moyoplan.com/plans/26892
35385,KT,[K]무한100분/15GB+ Npay,사은품/페이백,"네이버페이 매달 5,000원 지급",,,5000,,False,,,,https://www.moyoplan.com/plans/35385
35385,KT,[K]무한100분/15GB+ Npay,추가데이터,SOLO결합 데이터 10GB 지급,,,,,False,,,,https://www.moyoplan.com/plans/35385
29901,SKT,티플 위드유 15GB+(300분) (G car+세차클링),사은품/페이백,롯데렌터카 연간 패스 이용권,,,,,False,,,"대상: 대상 요금제 개통한 고객 시기: 개통 첫달 15일/말일 , 이후 매월 초 지급",https://www.moyoplan.com/plans/29901
29901,SKT,티플 위드유 15GB+(300분) (G car+세차클링),사은품/페이백,세차 클링 출장 세차 할인 쿠폰,,,,,False,,,대상: 대상 요금제 개통 후 1개월 회선 유지한 고객 시기: 조건 달성한 달 월말,https://www.moyoplan.com/plans/29901
27261,SKT,티플 SNOW 15GB+(300분) [12개월간 SNOW앱 무료],OTT/구독,SNOW 앱 VIP 월 구독권,,,,,False,,,대상: 대상 요금제 개통한 고객 시기: 조건 달성한 달 15일 또는 말일 발송,https://www.moyoplan.com/plans/27261
36240,SKT,[모요only] [S] 핀다이렉트Z Mini _PIN,추가데이터,SKT 데이터 결합 (추가데이터 5GB),,,,,False,,,대상: 대상 요금제 개통 후 결합 완료한 고객 시기: 조건 달성한 즉시,https://www.moyoplan.com/plans/36240
35467,SKT,[S]OK캐쉬백 100GB+,추가데이터,SOLO결합 데이터 20GB 지급,,,,,False,,,,https://www.moyoplan.com/plans/35467
20019,KT,무제한7GB+1M(지니뮤직 매월 무료),OTT/구독,"지니뮤직 매월 8,000G포인트 제공",지니뮤직,,,,False,,,대상: 대상 요금제 개통한 고객 시기: 조건 달성한 즉시,https://www.moyoplan.com/plans/20019
20019,KT,무제한7GB+1M(지니뮤직 매월 무료),사은품/페이백,"3대 마트 상품권, 네이버페이 2만원",,,20000,,False,,KT바로유심,"대상: 바로유심/바로배송유심 구매・개통 후 7개월 회선 유지한 고객 시기: 개통 후 4개월차 중순 1만원, 7개월차 중순 1만원",https://www.moyoplan.com/plans/20019
20019,KT,무제한7GB+1M(지니뮤직 매월 무료),추가데이터,데이터 매월 10GB 추가 증정 (24개월간),,,,,False,,,대상: 대상 요금제 개통한 고객 시기: 조건 달성한 즉시,https://www.moyoplan.com/plans/20019
20019,KT,무제한7GB+1M(지니뮤직 매월 무료),추가데이터,추가데이터 5GB 제공,,,,,False,,,대상: 대상 요금제 개통 후 고고모바일 사용자 간 결합한 고객 시기: 조건 달성한 즉시,https://www.moyoplan.com/plans/20019
20019,KT,무제한7GB+1M(지니뮤직 매월 무료),사은품/페이백,KT유심&배송비 무료,,,,,False,,,대상: 대상 요금제 개통한 고객 시기: 조건 달성한 즉시,https://www.moyoplan.com/plans/20019
24435,KT,KT 10GB+ (밀리의서재+올리브영 매월 5천원 상품권!),OTT/구독,밀리의 서재 전자책 정기구독 혜택 매월 제공,밀리의서재,,,,False,,,대상: 대상 요금제 개통한 고객 시기: 조건 달성한 즉시,https://www.moyoplan.com/plans/24435
24435,KT,KT 10GB+ (밀리의서재+올리브영 매월 5천원 상품권!),사은품/페이백,마트 상품권/네이버페이 1만원 증정,,,10000,,False,,KT바로유심,대상: 바로유심/바로배송유심 구매・개통 후 7개월 회선 유지한 고객 시기: 조건 달성한 달 월말,https://www.moyoplan.com/plans/24435
24435,KT,KT 10GB+ (밀리의서재+올리브영 매월 5천원 상품권!),사은품/페이백,마트 상품권/네이버페이 1만원 증정,,,10000,,False,,KT바로유심,대상: 바로유심/바로배송유심 구매・개통 후 4개월 회선 유지한 고객 시기: 조건 달성한 달 월말,https://www.moyoplan.com/plans/24435
24435,KT,KT 10GB+ (밀리의서재+올리브영 매월 5천원 상품권!),사은품/페이백,"올리브영 12개월간 매월 5,000원 상품권",,,5000,,False,,,대상: 대상 요금제 개통 후 1개월 회선 유지한 고객 시기: 조건 달성한 달 월말,https://www.moyoplan.com/plans/24435
24435,KT,KT 10GB+ (밀리의서재+올리브영 매월 5천원 상품권!),추가데이터,개통시 매월 10GB 데이터 추가 지급,,,,,False,,,"대상: 대상 요금제 개통한 고객 시기: 개통 익일 제공, 익월부터는 매월초 제공",https://www.moyoplan.com/plans/24435
29952,SKT,이야기 라이트S 100분 7GB+,사은품/페이백,"네이버페이 5,000원",,,5000,,False,,,대상: 대상 요금제 개통 후 개통월 내 리뷰 작성 후 1개월 회선 유지한 고객 시기: 조건 달성한 달 월말,https://www.moyoplan.com/plans/29952
30943,KT,무제한 10GB+1M(다이소 매월 5000원),사은품/페이백,"3대 마트 상품권, 네이버페이 2만원",,,20000,,False,,KT바로유심,"대상: 바로유심/바로배송유심 구매・개통 후 7개월 회선 유지한 고객 시기: 개통 후 4개월차 중순 1만원, 7개월차 중순 1만원",https://www.moyoplan.com/plans/30943
30943,KT,무제한 10GB+1M(다이소 매월 5000원),사은품/페이백,"다이소상품권 매월 5,000원 제공",,,5000,,False,,,대상: 대상 요금제 개통 후 지급 시기까지 회선 유지한 고객 시기: 매월 실사용 30일사용시 익일 제공,https://www.moyoplan.com/plans/30943
30943,KT,무제한 10GB+1M(다이소 매월 5000원),추가데이터,추가데이터 10GB 제공,,,,,False,,,대상: 대상 요금제 개통 후 고고모바일 사용자 간 결합한 고객 시기: 조건 달성한 즉시,https://www.moyoplan.com/plans/30943
30943,KT,무제한 10GB+1M(다이소 매월 5000원),추가데이터,데이터 매월 10GB 추가 증정 (24개월간),,,,,False,,,대상: 대상 요금제 개통한 고객 시기: 조건 달성한 즉시,https://www.moyoplan.com/plans/30943
30943,KT,무제한 10GB+1M(다이소 매월 5000원),사은품/페이백,KT유심&배송비 무료,,,,,False,,,대상: 대상 요금제 개통한 고객 시기: 조건 달성한 즉시,https://www.moyoplan.com/plans/30943
15067,LGU+,이야기 스탠다드 300분15GB+,사은품/페이백,"네이버페이 5,000원",,,5000,,False,,,,https://www.moyoplan.com/plans/15067
35477,SKT,[S]아이즈팩 100분/15GB+,사은품/페이백,아이즈팩 이용권,,,,,False,,,대상: 대상 요금제 개통 후 사은품 지급 시기까지 회선 유지한 고객 시기: 요금제 개통 후 익월 15일 경,https://www.moyoplan.com/plans/35477
35477,SKT,[S]아이즈팩 100분/15GB+,추가데이터,SOLO결합 데이터 10GB 지급,,,,,False,,,대상: 대상 요금제 개통 후 아이즈모바일 사용자간 결합 & SOLO 결합한 고객 시기: 조건 달성한 즉시,https://www.moyoplan.com/plans/35477
30947,KT,무제한 10GB+1M(올리브영 매월 5000원),사은품/페이백,"3대 마트 상품권, 네이버페이 2만원",,,20000,,False,,KT바로유심,"대상: 바로유심/바로배송유심 구매・개통 후 7개월 회선 유지한 고객 시기: 개통 후 4개월차 중순 1만원, 7개월차 중순 1만원",https://www.moyoplan.com/plans/30947
30947,KT,무제한 10GB+1M(올리브영 매월 5000원),사은품/페이백,"올리브영 상품권 매월 5,000원 제공",,,5000,,False,,,대상: 대상 요금제 개통 후 지급 시기까지 회선 유지한 고객 시기: 매월 실사용 30일사용시 익일 제공,https://www.moyoplan.com/plans/30947
30947,KT,무제한 10GB+1M(올리브영 매월 5000원),추가데이터,추가데이터 10GB 제공,,,,,False,,,대상: 대상 요금제 개통 후 고고모바일 사용자 간 결합한 고객 시기: 조건 달성한 즉시,https://www.moyoplan.com/plans/30947
30947,KT,무제한 10GB+1M(올리브영 매월 5000원),추가데이터,데이터 매월 10GB 추가 증정 (24개월간),,,,,False,,,대상: 대상 요금제 개통한 고객 시기: 조건 달성한 즉시,https://www.moyoplan.com/plans/30947
30947,KT,무제한 10GB+1M(올리브영 매월 5000원),사은품/페이백,KT유심&배송비 무료,,,,,False,,,대상: 대상 요금제 개통한 고객 시기: 조건 달성한 즉시,https://www.moyoplan.com/plans/30947
26317,LGU+,[모빌카드 스페셜] 유심 5G 50GB+,사은품/페이백,일반 유심/배송비 무료,,,,,False,,,대상: 대상 요금제 개통한 고객 시기: 조건 달성한 즉시,https://www.moyoplan.com/plans/26317
29950,SKT,이야기 라이트S 100분 20GB+,사은품/페이백,"네이버페이 5,000원",,,5000,,False,,,대상: 대상 요금제 개통 후 개통월 내 리뷰 작성 후 1개월 회선 유지한 고객 시기: 조건 달성한 달 월말,https://www.moyoplan.com/plans/29950
37180,KT,A 올라잇,OTT/구독,조선일보 종이신문 1개월 무료 구독 이벤트,,,,,False,,,,https://www.moyoplan.com/plans/37180
37180,KT,A 올라잇,사은품/페이백,네이버페이 1만원x7개월 지급 이벤트,,,10000,,False,,,,https://www.moyoplan.com/plans/37180
35885,SKT,티플 10G＋(CU멤버십＋매월 5000P),사은품/페이백,"CU 5,000P 모바일상품권 12개월 제공",,,,,False,,,대상: 대상 요금제 개통 후 1개월 회선 유지한 고객 시기: 가입 30일 충족후 31일차 발송,https://www.moyoplan.com/plans/35885
35885,SKT,티플 10G＋(CU멤버십＋매월 5000P),사은품/페이백,CU편의점 20% 할인 12개월 제공,,,,,False,,,대상: 대상 요금제 개통한 고객 시기: 조건 달성한 즉시,https://www.moyoplan.com/plans/35885
35885,SKT,티플 10G＋(CU멤버십＋매월 5000P),사은품/페이백,12개월간 CU 카테고리 20% 할인권 제공,,,,,False,,,대상: 대상 요금제 개통한 고객 시기: 조건 달성한 즉시,https://www.moyoplan.com/plans/35885
37203,LGU+,A 스페셜 7GB+,OTT/구독,조선일보 종이신문 1개월 무료 구독 이벤트,,,,,False,,,,https://www.moyoplan.com/plans/37203
23749,KT,완전마음껏 11GB＋＋(멜론 매월 6900P),사은품/페이백,"멜론 캐쉬 6,900P 매월 제공",,,,,False,,,대상: 대상 요금제 개통한 고객 시기: 조건 달성한 즉시,https://www.moyoplan.com/plans/23749
23749,KT,완전마음껏 11GB＋＋(멜론 매월 6900P),사은품/페이백,마트 상품권/네이버페이 1만원 증정,,,10000,,False,,KT바로유심,대상: 바로유심/바로배송유심 구매・개통 후 7개월 회선 유지한 고객 시기: 조건 달성한 달 월말,https://www.moyoplan.com/plans/23749
23749,KT,완전마음껏 11GB＋＋(멜론 매월 6900P),사은품/페이백,마트 상품권/네이버페이 1만원 증정,,,10000,,False,,KT바로유심,대상: 바로유심/바로배송유심 구매・개통 후 4개월 회선 유지한 고객 시기: 조건 달성한 달 월말,https://www.moyoplan.com/plans/23749
23375,KT,[모요only] 5G 무제한 70GB+1Mbps,사은품/페이백,"3대 마트 상품권, 네이버페이 2만원",,,20000,,False,,KT바로유심,"대상: 바로유심/바로배송유심 구매・개통 후 7개월 회선 유지한 고객 시기: 개통 후 4개월차 중순 1만원, 7개월차 중순 1만원",https://www.moyoplan.com/plans/23375
23375,KT,[모요only] 5G 무제한 70GB+1Mbps,추가데이터,추가데이터 10GB 제공,,,,,False,,,대상: 대상 요금제 개통 후 고고모바일 사용자 간 결합한 고객 시기: 조건 달성한 즉시,https://www.moyoplan.com/plans/23375
23375,KT,[모요only] 5G 무제한 70GB+1Mbps,사은품/페이백,KT유심&배송비 무료,,,,,False,,,대상: 대상 요금제 개통한 고객 시기: 조건 달성한 즉시,https://www.moyoplan.com/plans/23375
13984,SKT,5G 함께이야기해S (200분+3GB),사은품/페이백,"네이버페이 5,000원",,,5000,,False,,,대상: 대상 요금제 개통 후 개통월 내 리뷰 작성 후 1개월 회선 유지한 고객 시기: 조건 달성한 달 월말,https://www.moyoplan.com/plans/13984
35379,SKT,[S]무한11GB+,추가데이터,SOLO결합 데이터 20GB 지급,,,,,False,,,대상: 대상 요금제 개통 후 아이즈모바일 사용자간 결합 & SOLO 결합한 고객 시기: 조건 달성한 즉시,https://www.moyoplan.com/plans/35379
26373,KT,[모요only] 쉐이크 LTE 15GB+/100분_밀리의서재,OTT/구독,밀리의 서재 구독권 지급 이벤트,밀리의서재,,,,False,,,대상: 대상 요금제 개통한 고객 시기: 조건 달성한 즉시,https://www.moyoplan.com/plans/26373
26373,KT,[모요only] 쉐이크 LTE 15GB+/100분_밀리의서재,사은품/페이백,매월 1천원 요금할인 (팝테일 가입·인증),,,1000,,False,,,대상: 이벤트 기간 내 대상요금제 개통 후 팝테일 가입·인증한 고객 시기: 개통 후 영업일 기준 D+2일 이내,https://www.moyoplan.com/plans/26373
26373,KT,[모요only] 쉐이크 LTE 15GB+/100분_밀리의서재,사은품/페이백,"마트상품권, 네이버페이 최대 2만원",,,20000,,False,,KT바로유심,"대상: 바로유심/바로배송유심 구매・개통 후 7개월 회선 유지한 고객 시기: 개통 후 4개월차 말일 1만원, 7개월차 말일 1만원",https://www.moyoplan.com/plans/26373
26373,KT,[모요only] 쉐이크 LTE 15GB+/100분_밀리의서재,추가데이터,SOLO결합(+10GB),,,,,False,,,대상: 대상 요금제 개통한 고객 시기: 조건 달성한 즉시,https://www.moyoplan.com/plans/26373
26373,KT,[모요only] 쉐이크 LTE 15GB+/100분_밀리의서재,추가데이터,데이터쿠폰 20GB,,,,,False,,,"대상: 대상 요금제 개통 후, 지급시기까지 회선 유지한 고객 시기: 3개월 단위로 총 3회 제공",https://www.moyoplan.com/plans/26373
23560,KT,완전마음껏 11GB＋＋(배달의민족 매월 5000P),사은품/페이백,마트 상품권/네이버페이 1만원 증정,,,10000,,False,,KT바로유심,대상: 바로유심/바로배송유심 구매・개통 후 7개월 회선 유지한 고객 시기: 조건 달성한 달 월말,https://www.moyoplan.com/plans/23560
23560,KT,완전마음껏 11GB＋＋(배달의민족 매월 5000P),사은품/페이백,마트 상품권/네이버페이 1만원 증정,,,10000,,False,,KT바로유심,대상: 바로유심/바로배송유심 구매・개통 후 4개월 회선 유지한 고객 시기: 조건 달성한 달 월말,https://www.moyoplan.com/plans/23560
23560,KT,완전마음껏 11GB＋＋(배달의민족 매월 5000P),사은품/페이백,"매월 배달의민족 2,500P 쿠폰 2매 제공",,,,,False,,,대상: 대상 요금제 개통한 고객 시기: 30일 사용일수 충족시 31일차 지급,https://www.moyoplan.com/plans/23560
23748,KT,완전마음껏 11GB＋＋(왓챠 베이직 매월 무료),사은품/페이백,왓챠 베이직 무료 이용권 제공,왓챠,베이직,,,False,,,대상: 대상 요금제 개통한 고객 시기: 요금제 가입 후 익일,https://www.moyoplan.com/plans/23748
23748,KT,완전마음껏 11GB＋＋(왓챠 베이직 매월 무료),사은품/페이백,마트 상품권/네이버페이 1만원 증정,,,10000,,False,,KT바로유심,대상: 바로유심/바로배송유심 구매・개통 후 7개월 회선 유지한 고객 시기: 조건 달성한 달 월말,https://www.moyoplan.com/plans/23748
23748,KT,완전마음껏 11GB＋＋(왓챠 베이직 매월 무료),사은품/페이백,마트 상품권/네이버페이 1만원 증정,,,10000,,False,,KT바로유심,대상: 바로유심/바로배송유심 구매・개통 후 4개월 회선 유지한 고객 시기: 조건 달성한 달 월말,https://www.moyoplan.com/plans/23748
37205,LGU+,A 갓성비 10GB/100분 6,OTT/구독,조선일보 종이신문 1개월 무료 구독 이벤트,,,,,False,,,,https://www.moyoplan.com/plans/37205
37205,LGU+,A 갓성비 10GB/100분 6,사은품/페이백,네이버페이 5천원 지급 이벤트,,,5000,,False,,,,https://www.moyoplan.com/plans/37205
37209,LGU+,A 스페셜 15GB+ (24개월),OTT/구독,조선일보 종이신문 1개월 무료 구독 이벤트,,,,,False,,,,https://www.moyoplan.com/plans/37209
37233,SKT,A 5G 스마트 10GB/200분,OTT/구독,조선일보 종이신문 1개월 무료 구독 이벤트,,,,,False,,,,https://www.moyoplan.com/plans/37233
26861,KT,The 데이터마음껏 15GB+(100분),사은품/페이백,3대마트 상품권/네이버페이 1만원 증정,,,10000,,False,,KT바로유심,대상: 바로유심/바로배송유심 구매・개통 후 7개월 회선 유지한 고객 시기: 조건 달성한 달 월말,https://www.moyoplan.com/plans/26861
26861,KT,The 데이터마음껏 15GB+(100분),사은품/페이백,3대마트 상품권/네이버페이 1만원 증정,,,10000,,False,,KT바로유심,대상: 바로유심/바로배송유심 구매・개통 후 4개월 회선 유지한 고객 시기: 조건 달성한 달 월말,https://www.moyoplan.com/plans/26861
26861,KT,The 데이터마음껏 15GB+(100분),사은품/페이백,마트 상품권/네이버페이 1만원 증정,,,10000,,False,,KT바로유심,대상: 바로유심/바로배송유심 구매・개통 후 7개월 회선 유지한 고객 시기: 조건 달성한 달 월말,https://www.moyoplan.com/plans/26861
26861,KT,The 데이터마음껏 15GB+(100분),사은품/페이백,마트 상품권/네이버페이 1만원 증정,,,10000,,False,,KT바로유심,대상: 바로유심/바로배송유심 구매・개통 후 4개월 회선 유지한 고객 시기: 조건 달성한 달 월말,https://www.moyoplan.com/plans/26861
37179,KT,A 올라잇 11GB+ 네이버페이(+추가 네이버페이 1만x7개월),OTT/구독,조선일보 종이신문 1개월 무료 구독 이벤트,,,,,False,,,,https://www.moyoplan.com/plans/37179
37179,KT,A 올라잇 11GB+ 네이버페이(+추가 네이버페이 1만x7개월),사은품/페이백,네이버페이 1만원x7개월 지급 이벤트,,,10000,,False,,,,https://www.moyoplan.com/plans/37179
8169,LGU+,내맘대로 차단형 (50분+1GB),사은품/페이백,"네이버페이 5,000원",,,5000,,False,,,대상: 대상 요금제 개통 후 개통월 내 리뷰 작성 후 1개월 회선 유지한 고객 시기: 조건 달성한 달 월말,https://www.moyoplan.com/plans/8169
18989,LGU+,[L] DIGITAL DETOX 3GB 챌린지,사은품/페이백,데이터 로밍 3일 무료 쿠폰,,,,,False,,,대상: 대상 요금제 개통한 고객 시기: 조건 달성한 즉시,https://www.moyoplan.com/plans/18989
37178,KT,A 올라잇 11GB+ 밀리의서재(+추가 네이버페이 1만x7개월),OTT/구독,조선일보 종이신문 1개월 무료 구독 이벤트,,,,,False,,,,https://www.moyoplan.com/plans/37178
37178,KT,A 올라잇 11GB+ 밀리의서재(+추가 네이버페이 1만x7개월),사은품/페이백,네이버페이 1만원x7개월 지급 이벤트,,,10000,,False,,,,https://www.moyoplan.com/plans/37178
37210,LGU+,A 스페셜 15GB+/100분 (24개월),OTT/구독,조선일보 종이신문 1개월 무료 구독 이벤트,,,,,False,,,,https://www.moyoplan.com/plans/37210
18597,KT,5G 모두 충분 90GB+(밀리의서재),OTT/구독,"밀리의서재(매월11,900원)평생 구독권",밀리의서재,,11900,,False,,,대상: 대상 요금제 개통한 고객 시기: 조건 달성한 즉시,https://www.moyoplan.com/plans/18597
18597,KT,5G 모두 충분 90GB+(밀리의서재),사은품/페이백,S-머니6만원(1만원X6개월),,,60000,,False,,모요유심,"대상: 모요에서 신청한 유심 개통 후, 1개월 회선 유지한 고객 시기: 개통월 기준 다음달 말부터 매월 말 지급",https://www.moyoplan.com/plans/18597
18597,KT,5G 모두 충분 90GB+(밀리의서재),사은품/페이백,"3대마트상품권, 네이버페이 2만원",,,20000,,False,,KT바로유심,"대상: 바로유심/바로배송유심 구매 후 모요 개통, 1개월 유지한 고객 시기: 조건 달성한 달 월말",https://www.moyoplan.com/plans/18597
37200,LGU+,A 갓성비 6GB/200분 6,OTT/구독,조선일보 종이신문 1개월 무료 구독 이벤트,,,,,False,,,,https://www.moyoplan.com/plans/37200
17446,KT,고고200분/2GB-데이터소진후 자동차단,사은품/페이백,"3대 마트 상품권, 네이버페이 2만원",,,20000,,False,,KT바로유심,"대상: 바로유심/바로배송유심 구매・개통 후 7개월 회선 유지한 고객 시기: 개통 후 4개월차 중순 1만원, 7개월차 중순 1만원",https://www.moyoplan.com/plans/17446
17446,KT,고고200분/2GB-데이터소진후 자동차단,사은품/페이백,KT유심&배송비 무료,,,,,False,,,대상: 대상 요금제 개통한 고객 시기: 조건 달성한 즉시,https://www.moyoplan.com/plans/17446
8162,LGU+,내맘대로 차단형 (100분+0MB),사은품/페이백,"네이버페이 5,000원",,,5000,,False,,,,https://www.moyoplan.com/plans/8162
37201,LGU+,A 갓성비 7GB/100분 6,OTT/구독,조선일보 종이신문 1개월 무료 구독 이벤트,,,,,False,,,,https://www.moyoplan.com/plans/37201
34742,LGU+,EG-5G 24플러스 80G+,사은품/페이백,일반유심/배송비 무료,,,,,False,,택배일반유심,대상: 대상 요금제 개통 후 일반유심을 택배로 받을래요 신청 후 개통을 완료한 고객 시기: 조건 달성한 즉시,https://www.moyoplan.com/plans/34742
35423,KT,[K]롯시&밀리 15GB+,OTT/구독,밀리의서재 구독권 평생 무료 제공,밀리의서재,,,,False,,,,https://www.moyoplan.com/plans/35423
35423,KT,[K]롯시&밀리 15GB+,사은품/페이백,매월 롯데시네마 관람권 지급,,,,,False,,,,https://www.moyoplan.com/plans/35423
35423,KT,[K]롯시&밀리 15GB+,추가데이터,SOLO결합 데이터 10GB 지급,,,,,False,,,대상: 아이즈모바일 사용자간 결합 & SOLO 결합,https://www.moyoplan.com/plans/35423
35423,KT,[K]롯시&밀리 15GB+,추가데이터,개통시 매월 10GB 데이터 추가 지급,,,,,False,,,"시기: 개통 익일 제공, 익월부터는 매월초 제공",https://www.moyoplan.com/plans/35423
35383,SKT,[S]무한300분/15GB+,추가데이터,SOLO결합 데이터 10GB 지급,,,,,False,,,대상: 대상 요금제 개통 후 아이즈모바일 사용자간 결합 & SOLO 결합한 고객 시기: 조건 달성한 즉시,https://www.moyoplan.com/plans/35383
35884,SKT,티플 7G＋(CU멤버십＋매월 5000P),사은품/페이백,"CU 5,000P 모바일상품권 12개월 제공",,,,,False,,,대상: 대상 요금제 개통 후 1개월 회선 유지한 고객 시기: 가입 30일 충족후 31일차 발송,https://www.moyoplan.com/plans/35884
35884,SKT,티플 7G＋(CU멤버십＋매월 5000P),사은품/페이백,CU편의점 20% 할인 12개월 제공,,,,,False,,,대상: 대상 요금제 개통한 고객 시기: 조건 달성한 즉시,https://www.moyoplan.com/plans/35884
35884,SKT,티플 7G＋(CU멤버십＋매월 5000P),사은품/페이백,12개월간 CU 카테고리 20% 할인권 제공,,,,,False,,,대상: 대상 요금제 개통한 고객 시기: 조건 달성한 즉시,https://www.moyoplan.com/plans/35884
29935,LGU+,"[KG모바일 스페셜] 통화, 데이터 마음대로 10GB+",사은품/페이백,"GS25 편의점 상품권 5,000원",,,5000,,False,,,대상: 이벤트 기간 내 요금제 개통 후 1개월 회선 유지한 고객 시기: 조건 달성한 달 월말,https://www.moyoplan.com/plans/29935
29935,LGU+,"[KG모바일 스페셜] 통화, 데이터 마음대로 10GB+",사은품/페이백,일반 유심/배송비 무료,,,,,False,,,대상: 대상 요금제 개통한 고객 시기: 조건 달성한 즉시,https://www.moyoplan.com/plans/29935
26730,LGU+,"[모빌카드 스페셜] 통화, 데이터 마음대로 10GB+",사은품/페이백,"네이버페이 5,000원",,,5000,,False,,,대상: 이벤트 기간 내 요금제 개통 후 1개월 회선 유지한 고객 시기: 조건 달성한 달 월말,https://www.moyoplan.com/plans/26730
26730,LGU+,"[모빌카드 스페셜] 통화, 데이터 마음대로 10GB+",사은품/페이백,일반 유심/배송비 무료,,,,,False,,,대상: 대상 요금제 개통한 고객 시기: 조건 달성한 즉시,https://www.moyoplan.com/plans/26730
13983,SKT,함께이야기해S(1000분+30GB),사은품/페이백,"네이버페이 5,000원",,,5000,,False,,,대상: 대상 요금제 개통 후 개통월 내 리뷰 작성 후 1개월 회선 유지한 고객 시기: 조건 달성한 달 월말,https://www.moyoplan.com/plans/13983
22833,LGU+,수다맘껏데이터7G+,사은품/페이백,NFC 유심 무료 제공,,,,,False,,,대상: 대상 요금제 개통한 고객 시기: 개통즉시,https://www.moyoplan.com/plans/22833
22833,LGU+,수다맘껏데이터7G+,사은품/페이백,4대 편의점 최대 10.1%적립,,,,,False,,,대상: 대상 요금제 개통 후 멤버십카드 등록한 고객 시기: 개통즉시,https://www.moyoplan.com/plans/22833
17599,SKT,5G 함께이야기해S (500분+30GB),사은품/페이백,"네이버페이 5,000원",,,5000,,False,,,대상: 대상 요금제 개통 후 개통월 내 리뷰 작성 후 1개월 회선 유지한 고객 시기: 조건 달성한 달 월말,https://www.moyoplan.com/plans/17599
35826,KT,[모요only] 쉐이크 5G 90GB+_밀리의서재,OTT/구독,밀리의 서재 구독권 지급 이벤트,밀리의서재,,,,False,,,대상: 대상 요금제 개통한 고객 시기: 조건 달성한 즉시,https://www.moyoplan.com/plans/35826
35826,KT,[모요only] 쉐이크 5G 90GB+_밀리의서재,사은품/페이백,매월 1천원 요금할인 (팝테일 가입·인증),,,1000,,False,,,대상: 이벤트 기간 내 대상요금제 개통 후 팝테일 가입·인증한 고객 시기: 개통 후 영업일 기준 D+2일 이내,https://www.moyoplan.com/plans/35826
35826,KT,[모요only] 쉐이크 5G 90GB+_밀리의서재,사은품/페이백,"마트상품권, 네이버페이 최대 2만원",,,20000,,False,,KT바로유심,"대상: 바로유심/바로배송유심 구매・개통 후 7개월 회선 유지한 고객 시기: 개통 후 4개월차 말일 1만원, 7개월차 말일 1만원",https://www.moyoplan.com/plans/35826
35826,KT,[모요only] 쉐이크 5G 90GB+_밀리의서재,추가데이터,데이터쿠폰 20GB,,,,,False,,,"대상: 대상 요금제 개통 후, 지급시기까지 회선 유지한 고객 시기: 3개월 단위로 총 3회 제공",https://www.moyoplan.com/plans/35826
33965,KT,TOP 5G 200GB 기본 (지니뮤직),OTT/구독,지니뮤직 무료이용권 매월 제공,지니뮤직,,,,False,,,대상: 대상 요금제 개통한 고객 시기: 조건 달성한 즉시,https://www.moyoplan.com/plans/33965
33965,KT,TOP 5G 200GB 기본 (지니뮤직),추가데이터,솔로결합(+20GB),,,,,False,,,대상: 솔로결합 대상 요금제를 개통하고 '솔로결합'을 신청한 고객 시기: 조건 달성한 즉시,https://www.moyoplan.com/plans/33965
33965,KT,TOP 5G 200GB 기본 (지니뮤직),사은품/페이백,"3대 마트 상품권, 네이버페이 2만원",,,20000,,False,,KT바로유심,대상: 대상 요금제 개통한 고객 시기: 바로유심/바로배송유심 구매・개통 후 7개월 회선유지시,https://www.moyoplan.com/plans/33965
20001,KT,5G100분/3GB-데이터소진후 자동차단,사은품/페이백,"3대 마트 상품권, 네이버페이 2만원",,,20000,,False,,KT바로유심,"대상: 바로유심/바로배송유심 구매・개통 후 7개월 회선 유지한 고객 시기: 개통 후 4개월차 중순 1만원, 7개월차 중순 1만원",https://www.moyoplan.com/plans/20001
20001,KT,5G100분/3GB-데이터소진후 자동차단,사은품/페이백,KT유심&배송비 무료,,,,,False,,,대상: 대상 요금제 개통한 고객 시기: 조건 달성한 즉시,https://www.moyoplan.com/plans/20001
27408,SKT,티플 CGV 10GB＋,사은품/페이백,CGV 2D영화 8천원 관람권 2매,,,8000,,False,,,대상: 대상 요금제 개통 후 1개월 회선 유지한 고객 시기: 조건 달성한 달 월말,https://www.moyoplan.com/plans/27408
27408,SKT,티플 CGV 10GB＋,사은품/페이백,CGV 스몰세트 교환권,,,,,False,,,대상: 대상 요금제 개통 후 1개월 회선 유지한 고객 시기: 조건 달성한 달 월말,https://www.moyoplan.com/plans/27408
15073,LGU+,이야기 라이트 250분2.5GB+,사은품/페이백,"네이버페이 5,000원",,,5000,,False,,,,https://www.moyoplan.com/plans/15073
35421,KT,[K]롯시&밀리 7GB+,OTT/구독,밀리의서재 구독권 평생 무료 제공,밀리의서재,,,,False,,,,https://www.moyoplan.com/plans/35421
35421,KT,[K]롯시&밀리 7GB+,사은품/페이백,매월 롯데시네마 관람권 지급,,,,,False,,,,https://www.moyoplan.com/plans/35421
35421,KT,[K]롯시&밀리 7GB+,추가데이터,SOLO결합 데이터 5GB 지급,,,,,False,,,대상: 아이즈모바일 사용자간 결합 & SOLO 결합,https://www.moyoplan.com/plans/35421
35421,KT,[K]롯시&밀리 7GB+,추가데이터,개통시 매월 10GB 데이터 추가 지급,,,,,False,,,"시기: 개통 익일 제공, 익월부터는 매월초 제공",https://www.moyoplan.com/plans/35421
34217,KT,[모요only] 무제한 10GB+1M(다이소 5000원),사은품/페이백,"3대 마트 상품권, 네이버페이 2만원",,,20000,,False,,KT바로유심,"대상: 바로유심/바로배송유심 구매・개통 후 7개월 회선 유지한 고객 시기: 개통 후 4개월차 중순 1만원, 7개월차 중순 1만원",https://www.moyoplan.com/plans/34217
34217,KT,[모요only] 무제한 10GB+1M(다이소 5000원),사은품/페이백,"다이소상품권 매월 5,000원 제공",,,5000,,False,,,대상: 대상 요금제 개통 후 지급 시기까지 회선 유지한 고객 시기: 매월 실사용 30일사용시 익일 제공,https://www.moyoplan.com/plans/34217
34217,KT,[모요only] 무제한 10GB+1M(다이소 5000원),추가데이터,추가데이터 10GB 제공,,,,,False,,,대상: 대상 요금제 개통 후 고고모바일 사용자 간 결합한 고객 시기: 조건 달성한 즉시,https://www.moyoplan.com/plans/34217
34217,KT,[모요only] 무제한 10GB+1M(다이소 5000원),추가데이터,데이터 매월 10GB 추가 증정 (24개월간),,,,,False,,,대상: 대상 요금제 개통한 고객 시기: 조건 달성한 즉시,https://www.moyoplan.com/plans/34217
34217,KT,[모요only] 무제한 10GB+1M(다이소 5000원),사은품/페이백,KT유심&배송비 무료,,,,,False,,,대상: 대상 요금제 개통한 고객 시기: 조건 달성한 즉시,https://www.moyoplan.com/plans/34217
34218,KT,[모요only] 무제한 10GB+1M(올리브영 5000원),사은품/페이백,"3대 마트 상품권, 네이버페이 2만원",,,20000,,False,,KT바로유심,"대상: 바로유심/바로배송유심 구매・개통 후 7개월 회선 유지한 고객 시기: 개통 후 4개월차 중순 1만원, 7개월차 중순 1만원",https://www.moyoplan.com/plans/34218
34218,KT,[모요only] 무제한 10GB+1M(올리브영 5000원),사은품/페이백,"올리브영 상품권 매월 5,000원 제공",,,5000,,False,,,대상: 대상 요금제 개통 후 지급 시기까지 회선 유지한 고객 시기: 매월 실사용 30일사용시 익일 제공,https://www.moyoplan.com/plans/34218
34218,KT,[모요only] 무제한 10GB+1M(올리브영 5000원),추가데이터,추가데이터 10GB 제공,,,,,False,,,대상: 대상 요금제 개통 후 고고모바일 사용자 간 결합한 고객 시기: 조건 달성한 즉시,https://www.moyoplan.com/plans/34218
34218,KT,[모요only] 무제한 10GB+1M(올리브영 5000원),추가데이터,데이터 매월 10GB 추가 증정 (24개월간),,,,,False,,,대상: 대상 요금제 개통한 고객 시기: 조건 달성한 즉시,https://www.moyoplan.com/plans/34218
34218,KT,[모요only] 무제한 10GB+1M(올리브영 5000원),사은품/페이백,KT유심&배송비 무료,,,,,False,,,대상: 대상 요금제 개통한 고객 시기: 조건 달성한 즉시,https://www.moyoplan.com/plans/34218
37185,LGU+,A 5G 갓성비 10GB/200분,OTT/구독,조선일보 종이신문 1개월 무료 구독 이벤트,,,,,False,,,,https://www.moyoplan.com/plans/37185
30000,LGU+,카카오이모티콘+_100G+5M,OTT/구독,이모티콘플러스 구독권 매월 제공,,,,,False,,,대상: 대상 요금제 개통 후 1개월 회선 유지한 고객 시기: 조건 달성한 달 20일,https://www.moyoplan.com/plans/30000
30000,LGU+,카카오이모티콘+_100G+5M,OTT/구독,더중앙플러스 구독권 매월 제공,,,,,False,,,대상: 대상 요금제 개통 후 1개월 회선 유지한 고객 시기: 조건 달성한 달 20일,https://www.moyoplan.com/plans/30000
30000,LGU+,카카오이모티콘+_100G+5M,사은품/페이백,NFC 유심 무료 제공,,,,,False,,,대상: 대상 요금제 개통한 고객 시기: 개통즉시,https://www.moyoplan.com/plans/30000
30000,LGU+,카카오이모티콘+_100G+5M,사은품/페이백,4대 편의점 최대 10.1%적립,,,,,False,,,대상: 대상 요금제 개통 후 멤버십카드 등록한 고객 시기: 개통즉시,https://www.moyoplan.com/plans/30000
31356,LGU+,쿠폰팩 통화기본10GB+,사은품/페이백,24개월간 월 5000원씩(네이버페이 가능),,,5000,,False,,,대상: 대상 요금제 개통 후 1개월 회선 유지한 고객 시기: 조건 달성한 달 부터 매월 16~20일,https://www.moyoplan.com/plans/31356
31356,LGU+,쿠폰팩 통화기본10GB+,사은품/페이백,유심/배송비 무료!,,,,,False,,,대상: 대상 요금제 개통한 고객 시기: 개통 즉시,https://www.moyoplan.com/plans/31356
15848,SKT,이야기 무한 1GB+,사은품/페이백,"네이버페이 5,000원",,,5000,,False,,,대상: 대상 요금제 개통 후 개통월 내 리뷰 작성 후 1개월 회선 유지한 고객 시기: 조건 달성한 달 월말,https://www.moyoplan.com/plans/15848
35384,SKT,[S]무한100GB+,추가데이터,SOLO결합 데이터 20GB 지급,,,,,False,,,대상: 대상 요금제 개통 후 아이즈모바일 사용자간 결합 & SOLO 결합한 고객 시기: 조건 달성한 즉시,https://www.moyoplan.com/plans/35384
23371,KT,[모요only] 쉐이크 LTE 15GB+/300분_CU,사은품/페이백,매월 1천원 요금할인 (팝테일 가입·인증),,,1000,,False,,,대상: 이벤트 기간 내 대상요금제 개통 후 팝테일 가입·인증한 고객 시기: 개통 후 영업일 기준 D+2일 이내,https://www.moyoplan.com/plans/23371
23371,KT,[모요only] 쉐이크 LTE 15GB+/300분_CU,사은품/페이백,"마트상품권, 네이버페이 최대 2만원",,,20000,,False,,KT바로유심,"대상: 바로유심/바로배송유심 구매・개통 후 7개월 회선 유지한 고객 시기: 개통 후 4개월차 말일 1만원, 7개월차 말일 1만원",https://www.moyoplan.com/plans/23371
23371,KT,[모요only] 쉐이크 LTE 15GB+/300분_CU,사은품/페이백,CU 20% 오프라인 결제할인,,,,,False,,,대상: 대상 요금제 개통한 고객 시기: 조건 달성한 다음 달 월초,https://www.moyoplan.com/plans/23371
23371,KT,[모요only] 쉐이크 LTE 15GB+/300분_CU,추가데이터,SOLO결합(+10GB),,,,,False,,,대상: 대상 요금제 개통한 고객 시기: 조건 달성한 즉시,https://www.moyoplan.com/plans/23371
23371,KT,[모요only] 쉐이크 LTE 15GB+/300분_CU,추가데이터,데이터쿠폰 20GB,,,,,False,,,"대상: 대상 요금제 개통 후, 지급시기까지 회선 유지한 고객 시기: 3개월 단위로 총 3회 제공",https://www.moyoplan.com/plans/23371
20078,LGU+,[모요only] 내맘대로 (200분+1GB),사은품/페이백,"네이버페이 5,000원",,,5000,,False,,,대상: 대상 요금제 개통 후 개통월 내 리뷰 작성 후 1개월 회선 유지한 고객 시기: 조건 달성한 달 월말,https://www.moyoplan.com/plans/20078
37181,KT,A 올라잇 100GB+ 밀리의서재(+추가 네이버페이 1만x7개월),OTT/구독,조선일보 종이신문 1개월 무료 구독 이벤트,,,,,False,,,,https://www.moyoplan.com/plans/37181
37181,KT,A 올라잇 100GB+ 밀리의서재(+추가 네이버페이 1만x7개월),사은품/페이백,네이버페이 1만원x7개월 지급 이벤트,,,10000,,False,,,,https://www.moyoplan.com/plans/37181
37211,LGU+,A 스페셜 15GB+/300분 (24개월),OTT/구독,조선일보 종이신문 1개월 무료 구독 이벤트,,,,,False,,,,https://www.moyoplan.com/plans/37211
32019,LGU+,[5G]이지 무제한 180G+10,사은품/페이백,일반유심/배송비 무료,,,,,False,,택배일반유심,대상: 대상 요금제 개통 후 일반유심을 택배로 받을래요 신청 후 개통을 완료한 고객 시기: 조건 달성한 즉시,https://www.moyoplan.com/plans/32019
15075,LGU+,이야기 라이트 200분6GB+,사은품/페이백,네이버페이 3만원,,,30000,,False,,,,https://www.moyoplan.com/plans/15075
15075,LGU+,이야기 라이트 200분6GB+,사은품/페이백,"네이버페이 5,000원",,,5000,,False,,,,https://www.moyoplan.com/plans/15075
35906,KT,[모요only] 쉐이크 LTE 7GB+_웨이브(OTT),OTT/구독,웨이브(광고형) 구독권 지급 이벤트,웨이브,광고형,,,False,,,대상: 대상 요금제 개통한 고객 시기: 조건 달성한 즉시,https://www.moyoplan.com/plans/35906
35906,KT,[모요only] 쉐이크 LTE 7GB+_웨이브(OTT),사은품/페이백,매월 1천원 요금할인 (팝테일 가입·인증),,,1000,,False,,,대상: 이벤트 기간 내 대상요금제 개통 후 팝테일 가입·인증한 고객 시기: 개통 후 영업일 기준 D+2일 이내,https://www.moyoplan.com/plans/35906
35906,KT,[모요only] 쉐이크 LTE 7GB+_웨이브(OTT),사은품/페이백,"마트상품권, 네이버페이 최대 2만원",,,20000,,False,,KT바로유심,"대상: 바로유심/바로배송유심 구매・개통 후 7개월 회선 유지한 고객 시기: 개통 후 4개월차 말일 1만원, 7개월차 말일 1만원",https://www.moyoplan.com/plans/35906
35906,KT,[모요only] 쉐이크 LTE 7GB+_웨이브(OTT),추가데이터,SOLO결합(+5GB),,,,,False,,,대상: 대상 요금제 개통한 고객 시기: 조건 달성한 즉시,https://www.moyoplan.com/plans/35906
35906,KT,[모요only] 쉐이크 LTE 7GB+_웨이브(OTT),추가데이터,데이터 매월 10GB 추가 증정(24개월),,,,,False,,,대상: 대상 요금제 개통한 고객 시기: 조건 달성한 즉시,https://www.moyoplan.com/plans/35906
35906,KT,[모요only] 쉐이크 LTE 7GB+_웨이브(OTT),추가데이터,데이터쿠폰 20GB,,,,,False,,,"대상: 대상 요금제 개통 후, 지급시기까지 회선 유지한 고객 시기: 3개월 단위로 총 3회 제공",https://www.moyoplan.com/plans/35906
33124,KT,[K]다이소 100GB+,사은품/페이백,"다이소 상품권 매달 5,000원 지급",,,5000,,False,,,"대상: 대상 요금제 개통 후 지급시기까지 회선 유지한 고객 시기: 실 사용일 수 30일 충족 시, 31일차에 지급",https://www.moyoplan.com/plans/33124
33124,KT,[K]다이소 100GB+,추가데이터,SOLO결합 데이터 20GB 지급,,,,,False,,,대상: 대상 요금제 개통 후 아이즈모바일 사용자간 결합 & SOLO 결합한 고객 시기: 조건 달성한 즉시,https://www.moyoplan.com/plans/33124
17600,SKT,5G 함께이야기해S (500분+50GB),사은품/페이백,"네이버페이 5,000원",,,5000,,False,,,대상: 대상 요금제 개통 후 개통월 내 리뷰 작성 후 1개월 회선 유지한 고객 시기: 조건 달성한 달 월말,https://www.moyoplan.com/plans/17600
18750,KT,[모요only] 데이터 무제한 300분/15GB+3Mbps,사은품/페이백,"3대 마트 상품권, 네이버페이 2만원",,,20000,,False,,KT바로유심,"대상: 바로유심/바로배송유심 구매・개통 후 7개월 회선 유지한 고객 시기: 개통 후 4개월차 중순 1만원, 7개월차 중순 1만원",https://www.moyoplan.com/plans/18750
18750,KT,[모요only] 데이터 무제한 300분/15GB+3Mbps,추가데이터,추가데이터 10GB 제공,,,,,False,,,대상: 대상 요금제 개통 후 고고모바일 사용자 간 결합한 고객 시기: 조건 달성한 즉시,https://www.moyoplan.com/plans/18750
18750,KT,[모요only] 데이터 무제한 300분/15GB+3Mbps,사은품/페이백,KT유심&배송비 무료,,,,,False,,,대상: 대상 요금제 개통한 고객 시기: 조건 달성한 즉시,https://www.moyoplan.com/plans/18750
31477,LGU+,모나기본10G안심1,사은품/페이백,NFC 유심 무료 제공,,,,,False,,,대상: 대상 요금제 개통한 고객 시기: 개통즉시,https://www.moyoplan.com/plans/31477
31477,LGU+,모나기본10G안심1,사은품/페이백,4대 편의점 최대 10.1%적립,,,,,False,,,대상: 대상 요금제 개통 후 멤버십카드 등록한 고객 시기: 개통즉시,https://www.moyoplan.com/plans/31477
35427,KT,[K]CU&롯시 15GB+,사은품/페이백,매월 롯데시네마 관람권 지급,,,,,False,,,,https://www.moyoplan.com/plans/35427
35427,KT,[K]CU&롯시 15GB+,사은품/페이백,매월 CU 결제 5천원 할인 혜택,,,5000,,False,,,,https://www.moyoplan.com/plans/35427
35427,KT,[K]CU&롯시 15GB+,추가데이터,SOLO결합 데이터 10GB 지급,,,,,False,,,대상: 아이즈모바일 사용자간 결합 & SOLO 결합,https://www.moyoplan.com/plans/35427
35427,KT,[K]CU&롯시 15GB+,추가데이터,개통시 매월 10GB 데이터 추가 지급,,,,,False,,,"시기: 개통 익일 제공, 익월부터는 매월초 제공",https://www.moyoplan.com/plans/35427
20079,LGU+,[모요only] 내맘대로 (300분+1GB),사은품/페이백,"네이버페이 5,000원",,,5000,,False,,,대상: 대상 요금제 개통 후 개통월 내 리뷰 작성 후 1개월 회선 유지한 고객 시기: 조건 달성한 달 월말,https://www.moyoplan.com/plans/20079
15080,LGU+,5G 이야기 프리미엄 180GB+,사은품/페이백,"네이버페이 5,000원",,,5000,,False,,,대상: 대상 요금제 개통 후 개통월 내 리뷰 작성 후 1개월 회선 유지한 고객 시기: 조건 달성한 달 월말,https://www.moyoplan.com/plans/15080
24443,KT,[모요only] 쉐이크 LTE 10GB+_CU,사은품/페이백,매월 1천원 요금할인 (팝테일 가입·인증),,,1000,,False,,,대상: 이벤트 기간 내 대상요금제 개통 후 팝테일 가입·인증한 고객 시기: 개통 후 영업일 기준 D+2일 이내,https://www.moyoplan.com/plans/24443
24443,KT,[모요only] 쉐이크 LTE 10GB+_CU,사은품/페이백,"마트상품권, 네이버페이 최대 2만원",,,20000,,False,,KT바로유심,"대상: 바로유심/바로배송유심 구매・개통 후 7개월 회선 유지한 고객 시기: 개통 후 4개월차 말일 1만원, 7개월차 말일 1만원",https://www.moyoplan.com/plans/24443
24443,KT,[모요only] 쉐이크 LTE 10GB+_CU,사은품/페이백,CU 20% 오프라인 결제할인,,,,,False,,,대상: 대상 요금제 개통한 고객 시기: 조건 달성한 다음 달 월초,https://www.moyoplan.com/plans/24443
24443,KT,[모요only] 쉐이크 LTE 10GB+_CU,추가데이터,SOLO결합(+10GB),,,,,False,,,대상: 대상 요금제 개통한 고객 시기: 조건 달성한 즉시,https://www.moyoplan.com/plans/24443
24443,KT,[모요only] 쉐이크 LTE 10GB+_CU,추가데이터,데이터 매월 10GB 추가 증정(24개월),,,,,False,,,대상: 대상 요금제 개통한 고객 시기: 조건 달성한 즉시,https://www.moyoplan.com/plans/24443
24443,KT,[모요only] 쉐이크 LTE 10GB+_CU,추가데이터,데이터쿠폰 20GB,,,,,False,,,"대상: 대상 요금제 개통 후, 지급시기까지 회선 유지한 고객 시기: 3개월 단위로 총 3회 제공",https://www.moyoplan.com/plans/24443
27850,KT,[모요only] 쉐이크 5G 70GB+_밀리의서재,OTT/구독,밀리의 서재 구독권 지급 이벤트,밀리의서재,,,,False,,,대상: 대상 요금제 개통한 고객 시기: 조건 달성한 즉시,https://www.moyoplan.com/plans/27850
27850,KT,[모요only] 쉐이크 5G 70GB+_밀리의서재,사은품/페이백,매월 1천원 요금할인 (팝테일 가입·인증),,,1000,,False,,,대상: 이벤트 기간 내 대상요금제 개통 후 팝테일 가입·인증한 고객 시기: 개통 후 영업일 기준 D+2일 이내,https://www.moyoplan.com/plans/27850
27850,KT,[모요only] 쉐이크 5G 70GB+_밀리의서재,사은품/페이백,"마트상품권, 네이버페이 최대 2만원",,,20000,,False,,KT바로유심,"대상: 바로유심/바로배송유심 구매・개통 후 7개월 회선 유지한 고객 시기: 개통 후 4개월차 말일 1만원, 7개월차 말일 1만원",https://www.moyoplan.com/plans/27850
27850,KT,[모요only] 쉐이크 5G 70GB+_밀리의서재,추가데이터,데이터쿠폰 20GB,,,,,False,,,"대상: 대상 요금제 개통 후, 지급시기까지 회선 유지한 고객 시기: 3개월 단위로 총 3회 제공",https://www.moyoplan.com/plans/27850
30873,LGU+,[5G]이지 무제한 14G+1,사은품/페이백,일반유심/배송비 무료,,,,,False,,택배일반유심,대상: 대상 요금제 개통 후 일반유심을 택배로 받을래요 신청 후 개통을 완료한 고객 시기: 조건 달성한 즉시,https://www.moyoplan.com/plans/30873
37232,SKT,A 스마트 10GB/100분,OTT/구독,조선일보 종이신문 1개월 무료 구독 이벤트,,,,,False,,,,https://www.moyoplan.com/plans/37232
37206,LGU+,A 스페셜 10GB+,OTT/구독,조선일보 종이신문 1개월 무료 구독 이벤트,,,,,False,,,,https://www.moyoplan.com/plans/37206
29899,SKT,티플 위드유 10GB+ (G car+세차클링),사은품/페이백,롯데렌터카 연간 패스 이용권,,,,,False,,,"대상: 대상 요금제 개통한 고객 시기: 개통 첫달 15일/말일 , 이후 매월 초 지급",https://www.moyoplan.com/plans/29899
29899,SKT,티플 위드유 10GB+ (G car+세차클링),사은품/페이백,세차 클링 출장 세차 할인 쿠폰,,,,,False,,,대상: 대상 요금제 개통 후 1개월 회선 유지한 고객 시기: 조건 달성한 달 월말,https://www.moyoplan.com/plans/29899
35471,SKT,[S]이디야 화이트 7GB+,사은품/페이백,"매월 이디야 6,000원 모바일 카드 지급",,,6000,,False,,,,https://www.moyoplan.com/plans/35471
35471,SKT,[S]이디야 화이트 7GB+,추가데이터,SOLO결합 데이터 5GB 지급,,,,,False,,,,https://www.moyoplan.com/plans/35471
16771,LGU+,[일반] 평생 반값 할인 (3GB/300분),사은품/페이백,일반 유심/배송비 무료,,,,,False,,,,https://www.moyoplan.com/plans/16771
21275,KT,완전마음껏 10GB＋,사은품/페이백,3대마트 상품권/네이버페이 1만원 증정,,,10000,,False,,KT바로유심,대상: 바로유심/바로배송유심 구매・개통 후 7개월 회선 유지한 고객 시기: 조건 달성한 달 월말,https://www.moyoplan.com/plans/21275
21275,KT,완전마음껏 10GB＋,사은품/페이백,3대마트 상품권/네이버페이 1만원 증정,,,10000,,False,,KT바로유심,대상: 바로유심/바로배송유심 구매・개통 후 4개월 회선 유지한 고객 시기: 조건 달성한 달 월말,https://www.moyoplan.com/plans/21275
21275,KT,완전마음껏 10GB＋,사은품/페이백,마트 상품권/네이버페이 1만원 증정,,,10000,,False,,KT바로유심,대상: 바로유심/바로배송유심 구매・개통 후 7개월 회선 유지한 고객 시기: 조건 달성한 달 월말,https://www.moyoplan.com/plans/21275
21275,KT,완전마음껏 10GB＋,사은품/페이백,마트 상품권/네이버페이 1만원 증정,,,10000,,False,,KT바로유심,대상: 바로유심/바로배송유심 구매・개통 후 4개월 회선 유지한 고객 시기: 조건 달성한 달 월말,https://www.moyoplan.com/plans/21275
21275,KT,완전마음껏 10GB＋,추가데이터,개통시 매월 10GB 데이터 추가 지급,,,,,False,,,"대상: 대상 요금제 개통한 고객 시기: 개통 익일 제공, 익월부터는 매월초 제공",https://www.moyoplan.com/plans/21275
35443,SKT,[S]올리브영7GB+,사은품/페이백,"올리브영 상품권 매달 7,000원 지급",,,7000,,False,,,,https://www.moyoplan.com/plans/35443
35443,SKT,[S]올리브영7GB+,추가데이터,SOLO결합 데이터 5GB 지급,,,,,False,,,,https://www.moyoplan.com/plans/35443
37184,LGU+,A 갓성비 1GB/100분,OTT/구독,조선일보 종이신문 1개월 무료 구독 이벤트,,,,,False,,,,https://www.moyoplan.com/plans/37184
36613,KT,티플 7G＋(CU),사은품/페이백,3대마트 상품권/네이버페이 1만원 증정,,,10000,,False,,KT바로유심,대상: 바로유심/바로배송유심 구매・개통 후 7개월 회선 유지한 고객 시기: 조건 달성한 달 월말,https://www.moyoplan.com/plans/36613
36613,KT,티플 7G＋(CU),사은품/페이백,3대마트 상품권/네이버페이 1만원 증정,,,10000,,False,,KT바로유심,대상: 바로유심/바로배송유심 구매・개통 후 4개월 회선 유지한 고객 시기: 조건 달성한 달 월말,https://www.moyoplan.com/plans/36613
36613,KT,티플 7G＋(CU),사은품/페이백,마트 상품권/네이버페이 1만원 증정,,,10000,,False,,KT바로유심,대상: 바로유심/바로배송유심 구매・개통 후 7개월 회선 유지한 고객 시기: 조건 달성한 달 월말,https://www.moyoplan.com/plans/36613
36613,KT,티플 7G＋(CU),사은품/페이백,마트 상품권/네이버페이 1만원 증정,,,10000,,False,,KT바로유심,대상: 바로유심/바로배송유심 구매・개통 후 4개월 회선 유지한 고객 시기: 조건 달성한 달 월말,https://www.moyoplan.com/plans/36613
36613,KT,티플 7G＋(CU),사은품/페이백,CU 오프라인 점포 결제시 20% 할인 제공,,,,,False,,,대상: 대상 요금제 개통한 고객 시기: 조건 달성한 즉시,https://www.moyoplan.com/plans/36613
36613,KT,티플 7G＋(CU),사은품/페이백,"올리브영 12개월간 매월 5,000원 상품권",,,5000,,False,,,대상: 대상 요금제 개통 후 1개월 회선 유지한 고객 시기: 조건 달성한 달 월말,https://www.moyoplan.com/plans/36613
10699,SKT,이야기 300분+5GB (5G),사은품/페이백,"네이버페이 5,000원",,,5000,,False,,,대상: 대상 요금제 개통 후 개통월 내 리뷰 작성 후 1개월 회선 유지한 고객 시기: 조건 달성한 달 월말,https://www.moyoplan.com/plans/10699
29951,SKT,이야기 라이트S 100분 11GB+,사은품/페이백,"네이버페이 5,000원",,,5000,,False,,,대상: 대상 요금제 개통 후 개통월 내 리뷰 작성 후 1개월 회선 유지한 고객 시기: 조건 달성한 달 월말,https://www.moyoplan.com/plans/29951
37196,LGU+,A 갓성비 유독 5GB+ 7,OTT/구독,조선일보 종이신문 1개월 무료 구독 이벤트,,,,,False,,,,https://www.moyoplan.com/plans/37196
26313,LGU+,[모빌카드 스페셜] 유심 5G 180GB+,사은품/페이백,일반 유심/배송비 무료,,,,,False,,,대상: 대상 요금제 개통한 고객 시기: 조건 달성한 즉시,https://www.moyoplan.com/plans/26313
26180,LGU+,내맘대로(200분+6GB)(5G),사은품/페이백,"네이버페이 5,000원",,,5000,,False,,,대상: 대상 요금제 개통 후 개통월 내 리뷰 작성 후 1개월 회선 유지한 고객 시기: 조건 달성한 달 월말,https://www.moyoplan.com/plans/26180
37226,SKT,A 스마트 13GB,OTT/구독,조선일보 종이신문 1개월 무료 구독 이벤트,,,,,False,,,,https://www.moyoplan.com/plans/37226
8217,SKT,5G 이야기 무한 200GB,사은품/페이백,"네이버페이 5,000원",,,5000,,False,,,대상: 대상 요금제 개통 후 개통월 내 리뷰 작성 후 1개월 회선 유지한 고객 시기: 조건 달성한 달 월말,https://www.moyoplan.com/plans/8217
35465,SKT,[S]OK캐쉬백 300분/15GB+,추가데이터,SOLO결합 데이터 10GB 지급,,,,,False,,,,https://www.moyoplan.com/plans/35465
23040,KT,[K]무한7GB+ 밀리의서재,OTT/구독,밀리의서재 구독권 평생 무료 제공,밀리의서재,,,,False,,,,https://www.moyoplan.com/plans/23040
23040,KT,[K]무한7GB+ 밀리의서재,추가데이터,SOLO결합 데이터 5GB 지급,,,,,False,,,,https://www.moyoplan.com/plans/23040
29030,SKT,티플 올리브영 10GB+(매월 5000P),사은품/페이백,"올리브영 12개월간 매월 5,000원 상품권",,,5000,,False,,,대상: 대상 요금제 개통 후 1개월 회선 유지한 고객 시기: 조건 달성한 달 월말,https://www.moyoplan.com/plans/29030
31044,SKT,티플 10GB+(이디야커피),사은품/페이백,"12개월간 이디야 모바일권 5,000원권 증정",,,5000,,False,,,대상: 대상 요금제 개통한 고객 시기: 조건 달성한 달 월말,https://www.moyoplan.com/plans/31044
17601,LGU+,5G 이야기 라이트 80GB+,사은품/페이백,"네이버페이 5,000원",,,5000,,False,,,대상: 대상 요금제 개통 후 개통월 내 리뷰 작성 후 1개월 회선 유지한 고객 시기: 조건 달성한 달 월말,https://www.moyoplan.com/plans/17601
21233,SKT,5G 이야기 무한 15GB,사은품/페이백,"네이버페이 5,000원",,,5000,,False,,,대상: 대상 요금제 개통 후 개통월 내 리뷰 작성 후 1개월 회선 유지한 고객 시기: 조건 달성한 달 월말,https://www.moyoplan.com/plans/21233
20270,LGU+,LTE 150GB+,사은품/페이백,24만 KB포인트리,,,,,False,,,,https://www.moyoplan.com/plans/20270
37230,SKT,A 넥스트 7GB+,OTT/구독,조선일보 종이신문 1개월 무료 구독 이벤트,,,,,False,,,,https://www.moyoplan.com/plans/37230
37230,SKT,A 넥스트 7GB+,사은품/페이백,네이버페이 1만원 지급 이벤트,,,10000,,False,,,,https://www.moyoplan.com/plans/37230
35406,KT,[K]아이즈특판100분/15GB+,추가데이터,SOLO결합 데이터 10GB 지급,,,,,False,,,대상: 대상 요금제 개통 후 아이즈모바일 사용자간 결합 & SOLO 결합한 고객 시기: 조건 달성한 즉시,https://www.moyoplan.com/plans/35406
16297,SKT,5G 이야기 무한 74GB,사은품/페이백,"네이버페이 5,000원",,,5000,,False,,,대상: 대상 요금제 개통 후 개통월 내 리뷰 작성 후 1개월 회선 유지한 고객 시기: 조건 달성한 달 월말,https://www.moyoplan.com/plans/16297
27849,LGU+,이야기 라이트 10GB+,사은품/페이백,"네이버페이 5,000원",,,5000,,False,,,대상: 대상 요금제 개통 후 개통월 내 리뷰 작성 후 1개월 회선 유지한 고객 시기: 조건 달성한 달 월말,https://www.moyoplan.com/plans/27849
12277,SKT,내맘대로S(300+3GB),사은품/페이백,"네이버페이 5,000원",,,5000,,False,,,대상: 대상 요금제 개통 후 개통월 내 리뷰 작성 후 1개월 회선 유지한 고객 시기: 조건 달성한 달 월말,https://www.moyoplan.com/plans/12277
37191,LGU+,A 5G 갓성비 5GB/100분,OTT/구독,조선일보 종이신문 1개월 무료 구독 이벤트,,,,,False,,,,https://www.moyoplan.com/plans/37191
15065,LGU+,이야기 라이트 3.5GB+,사은품/페이백,"네이버페이 5,000원",,,5000,,False,,,,https://www.moyoplan.com/plans/15065
16298,SKT,5G 이야기 무한 99GB,사은품/페이백,"네이버페이 5,000원",,,5000,,False,,,대상: 대상 요금제 개통 후 개통월 내 리뷰 작성 후 1개월 회선 유지한 고객 시기: 조건 달성한 달 월말,https://www.moyoplan.com/plans/16298
37198,LGU+,A 스페셜 7GB+ (24개월),OTT/구독,조선일보 종이신문 1개월 무료 구독 이벤트,,,,,False,,,,https://www.moyoplan.com/plans/37198
26318,LGU+,[모빌카드 스페셜] 유심 5G 31GB+,사은품/페이백,일반 유심/배송비 무료,,,,,False,,,대상: 대상 요금제 개통한 고객 시기: 조건 달성한 즉시,https://www.moyoplan.com/plans/26318
30847,LGU+,이지 데이터 3G,사은품/페이백,일반유심/배송비 무료,,,,,False,,택배일반유심,대상: 대상 요금제 개통 후 일반유심을 택배로 받을래요 신청 후 개통을 완료한 고객 시기: 조건 달성한 즉시,https://www.moyoplan.com/plans/30847
34769,LGU+,5G 이야기 라이트 50GB+,사은품/페이백,"네이버페이 5,000원",,,5000,,False,,,대상: 대상 요금제 개통 후 개통월 내 리뷰 작성 후 1개월 회선 유지한 고객 시기: 조건 달성한 달 월말,https://www.moyoplan.com/plans/34769
35407,KT,[K]아이즈특판300분/15GB+,추가데이터,SOLO결합 데이터 10GB 지급,,,,,False,,,대상: 대상 요금제 개통 후 아이즈모바일 사용자간 결합 & SOLO 결합한 고객 시기: 조건 달성한 즉시,https://www.moyoplan.com/plans/35407
35410,KT,[K]무한7GB+ Npay,사은품/페이백,"네이버페이 매달 5,000원 지급",,,5000,,False,,,,https://www.moyoplan.com/plans/35410
35410,KT,[K]무한7GB+ Npay,추가데이터,SOLO결합 데이터 5GB 지급,,,,,False,,,,https://www.moyoplan.com/plans/35410
35410,KT,[K]무한7GB+ Npay,추가데이터,개통시 매월 10GB 데이터 추가 지급,,,,,False,,,,https://www.moyoplan.com/plans/35410
27231,LGU+,[L]벤티(300분/9GB),사은품/페이백,8월 한정 Npay 2만원 지급,,,20000,,False,,,,https://www.moyoplan.com/plans/27231
15072,LGU+,이야기 라이트 200분2.5GB+,사은품/페이백,"네이버페이 5,000원",,,5000,,False,,,,https://www.moyoplan.com/plans/15072
37240,SKT,A 넥스트 15GB+/100분(네이버페이 1만x7개월),OTT/구독,조선일보 종이신문 1개월 무료 구독 이벤트,,,,,False,,,,https://www.moyoplan.com/plans/37240
37240,SKT,A 넥스트 15GB+/100분(네이버페이 1만x7개월),사은품/페이백,네이버페이 1만원x7개월 지급 이벤트,,,10000,,False,,,,https://www.moyoplan.com/plans/37240
37240,SKT,A 넥스트 15GB+/100분(네이버페이 1만x7개월),사은품/페이백,네이버페이 1만원 지급 이벤트,,,10000,,False,,,,https://www.moyoplan.com/plans/37240
29398,KT,5G 모두 충분 14GB+,사은품/페이백,S-머니6만원(1만원X6개월),,,60000,,False,,모요유심,"대상: 모요에서 신청한 유심 개통 후, 1개월 회선 유지한 고객 시기: 개통월 기준 다음달 말부터 매월 말 지급",https://www.moyoplan.com/plans/29398
29398,KT,5G 모두 충분 14GB+,사은품/페이백,"3대마트상품권, 네이버페이 2만원",,,20000,,False,,KT바로유심,"대상: 바로유심/바로배송유심 구매 후 모요 개통, 1개월 유지한 고객 시기: 조건 달성한 달 월말",https://www.moyoplan.com/plans/29398
35452,KT,[K]다이소 11GB+일2GB,사은품/페이백,"다이소 상품권 매달 5,000원 지급",,,5000,,False,,,"대상: 대상 요금제 개통 후 지급시기까지 회선 유지한 고객 시기: 실 사용일 수 30일 충족 시, 31일차에 지급",https://www.moyoplan.com/plans/35452
35452,KT,[K]다이소 11GB+일2GB,추가데이터,SOLO결합 데이터 20GB 지급,,,,,False,,,대상: 대상 요금제 개통 후 아이즈모바일 사용자간 결합 & SOLO 결합한 고객 시기: 조건 달성한 즉시,https://www.moyoplan.com/plans/35452
15062,LGU+,이야기 라이트 6GB+,사은품/페이백,"네이버페이 5,000원",,,5000,,False,,,대상: 대상 요금제 개통 후 개통월 내 리뷰 작성 후 1개월 회선 유지한 고객 시기: 조건 달성한 달 월말,https://www.moyoplan.com/plans/15062
35435,KT,[K]CU&롯시 10GB+,사은품/페이백,매월 롯데시네마 관람권 지급,,,,,False,,,,https://www.moyoplan.com/plans/35435
35435,KT,[K]CU&롯시 10GB+,사은품/페이백,매월 CU 결제 5천원 할인 혜택,,,5000,,False,,,,https://www.moyoplan.com/plans/35435
35435,KT,[K]CU&롯시 10GB+,추가데이터,SOLO결합 데이터 10GB 지급,,,,,False,,,대상: 아이즈모바일 사용자간 결합 & SOLO 결합,https://www.moyoplan.com/plans/35435
35435,KT,[K]CU&롯시 10GB+,추가데이터,개통시 매월 10GB 데이터 추가 지급,,,,,False,,,"시기: 개통 익일 제공, 익월부터는 매월초 제공",https://www.moyoplan.com/plans/35435
35458,KT,[K]올리브영 11GB+일2GB,사은품/페이백,"올리브영 상품권 매달 5,000원 지급",,,5000,,False,,,"대상: 대상 요금제 개통 후 지급시기까지 회선 유지한 고객 시기: 실 사용일 수 30일 충족 시, 31일차에 지급",https://www.moyoplan.com/plans/35458
35458,KT,[K]올리브영 11GB+일2GB,추가데이터,SOLO결합 데이터 20GB 지급,,,,,False,,,대상: 대상 요금제 개통 후 아이즈모바일 사용자간 결합 & SOLO 결합한 고객 시기: 조건 달성한 즉시,https://www.moyoplan.com/plans/35458
13768,SKT,5G 이야기 무한 24GB,사은품/페이백,"네이버페이 5,000원",,,5000,,False,,,대상: 대상 요금제 개통 후 개통월 내 리뷰 작성 후 1개월 회선 유지한 고객 시기: 조건 달성한 달 월말,https://www.moyoplan.com/plans/13768
33043,KT,EG 10무제한 10G+1(CU할인+매월10GB),사은품/페이백,일반유심/배송비 무료,,,,,False,,택배일반유심,,https://www.moyoplan.com/plans/33043
16296,SKT,5G 이야기 무한 54GB,사은품/페이백,"네이버페이 5,000원",,,5000,,False,,,대상: 대상 요금제 개통 후 개통월 내 리뷰 작성 후 1개월 회선 유지한 고객 시기: 조건 달성한 달 월말,https://www.moyoplan.com/plans/16296
35462,SKT,[S]OK캐쉬백 7GB+,추가데이터,SOLO결합 데이터 5GB 지급,,,,,False,,,,https://www.moyoplan.com/plans/35462
35459,KT,[K]올리브영 100GB+,사은품/페이백,"올리브영 상품권 매달 5,000원 지급",,,5000,,False,,,"대상: 대상 요금제 개통 후 지급시기까지 회선 유지한 고객 시기: 실 사용일 수 30일 충족 시, 31일차에 지급",https://www.moyoplan.com/plans/35459
35459,KT,[K]올리브영 100GB+,추가데이터,SOLO결합 데이터 20GB 지급,,,,,False,,,대상: 대상 요금제 개통 후 아이즈모바일 사용자간 결합 & SOLO 결합한 고객 시기: 조건 달성한 즉시,https://www.moyoplan.com/plans/35459
27733,LGU+,시월5G 무제한 180GB+10Mbps,사은품/페이백,유심/배송비 무료!,,,,,False,,,대상: 대상 요금제 개통한 고객 시기: 개통 즉시,https://www.moyoplan.com/plans/27733
37204,LGU+,A 갓성비 6GB/300분 6,OTT/구독,조선일보 종이신문 1개월 무료 구독 이벤트,,,,,False,,,,https://www.moyoplan.com/plans/37204
37199,LGU+,A 갓성비 5GB/230분 6,OTT/구독,조선일보 종이신문 1개월 무료 구독 이벤트,,,,,False,,,,https://www.moyoplan.com/plans/37199
15077,LGU+,5G 이야기 라이트 9GB+,사은품/페이백,"네이버페이 5,000원",,,5000,,False,,,대상: 대상 요금제 개통 후 개통월 내 리뷰 작성 후 1개월 회선 유지한 고객 시기: 조건 달성한 달 월말,https://www.moyoplan.com/plans/15077
8136,SKT,안심무약정1+700MB,사은품/페이백,"네이버페이 5,000원",,,5000,,False,,,대상: 대상 요금제 개통 후 개통월 내 리뷰 작성 후 1개월 회선 유지한 고객 시기: 조건 달성한 달 월말,https://www.moyoplan.com/plans/8136
24240,LGU+,5G 이야기 라이트 12GB+,사은품/페이백,"네이버페이 5,000원",,,5000,,False,,,대상: 대상 요금제 개통 후 개통월 내 리뷰 작성 후 1개월 회선 유지한 고객 시기: 조건 달성한 달 월말,https://www.moyoplan.com/plans/24240
13753,SKT,5G 이야기 무한 11GB,사은품/페이백,"네이버페이 5,000원",,,5000,,False,,,대상: 대상 요금제 개통 후 개통월 내 리뷰 작성 후 1개월 회선 유지한 고객 시기: 조건 달성한 달 월말,https://www.moyoplan.com/plans/13753
8167,LGU+,내맘대로 차단형 (100분+500MB),사은품/페이백,"네이버페이 5,000원",,,5000,,False,,,대상: 대상 요금제 개통 후 개통월 내 리뷰 작성 후 1개월 회선 유지한 고객 시기: 조건 달성한 달 월말,https://www.moyoplan.com/plans/8167
29581,LGU+,시월5G 무제한 50GB+1Mbps,사은품/페이백,유심/배송비 무료!,,,,,False,,,대상: 대상 요금제 개통한 고객 시기: 개통 즉시,https://www.moyoplan.com/plans/29581
8163,LGU+,내맘대로 차단형 (200분+0MB),사은품/페이백,"네이버페이 5,000원",,,5000,,False,,,,https://www.moyoplan.com/plans/8163
35422,KT,[K]롯시&밀리 10GB+,OTT/구독,밀리의서재 구독권 평생 무료 제공,밀리의서재,,,,False,,,,https://www.moyoplan.com/plans/35422
35422,KT,[K]롯시&밀리 10GB+,사은품/페이백,매월 롯데시네마 관람권 지급,,,,,False,,,,https://www.moyoplan.com/plans/35422
35422,KT,[K]롯시&밀리 10GB+,추가데이터,SOLO결합 데이터 10GB 지급,,,,,False,,,대상: 아이즈모바일 사용자간 결합 & SOLO 결합,https://www.moyoplan.com/plans/35422
35422,KT,[K]롯시&밀리 10GB+,추가데이터,개통시 매월 10GB 데이터 추가 지급,,,,,False,,,"시기: 개통 익일 제공, 익월부터는 매월초 제공",https://www.moyoplan.com/plans/35422
26314,LGU+,[모빌카드 스페셜] 유심 5G 12GB+,사은품/페이백,일반 유심/배송비 무료,,,,,False,,,대상: 대상 요금제 개통한 고객 시기: 조건 달성한 즉시,https://www.moyoplan.com/plans/26314
37239,SKT,A 넥스트 10GB+,OTT/구독,조선일보 종이신문 1개월 무료 구독 이벤트,,,,,False,,,,https://www.moyoplan.com/plans/37239
37239,SKT,A 넥스트 10GB+,사은품/페이백,네이버페이 1만원 지급 이벤트,,,10000,,False,,,,https://www.moyoplan.com/plans/37239
23037,KT,[K]무한10GB+ 밀리의서재,OTT/구독,밀리의서재 구독권 평생 무료 제공,밀리의서재,,,,False,,,,https://www.moyoplan.com/plans/23037
23037,KT,[K]무한10GB+ 밀리의서재,추가데이터,SOLO결합 데이터 10GB 지급,,,,,False,,,,https://www.moyoplan.com/plans/23037
20544,LGU+,LTE 100GB+,사은품/페이백,24만 KB포인트리,,,,,False,,,"대상: 대상 요금제 개통 후 익월 말까지 요금제 유지, 마케팅 및 광고성 수신 동의한 고객 시기: 조건 달성 익월 월말 지급 후 매월 말일 이내",https://www.moyoplan.com/plans/20544
30956,LGU+,[L] 핀다이렉트Z Speed 50GB+,사은품/페이백,데이터 로밍 3일 무료 쿠폰,,,,,False,,,대상: 대상 요금제 개통한 고객 시기: 조건 달성한 즉시,https://www.moyoplan.com/plans/30956
35398,SKT,[S]아이즈특판7GB+1Mbps,추가데이터,SOLO결합 데이터 5GB 지급,,,,,False,,,대상: 대상 요금제 개통 후 아이즈모바일 사용자간 결합 & SOLO 결합한 고객 시기: 조건 달성한 즉시,https://www.moyoplan.com/plans/35398
29580,LGU+,시월5G 무제한 80GB+1Mbps,사은품/페이백,유심/배송비 무료!,,,,,False,,,대상: 대상 요금제 개통한 고객 시기: 개통 즉시,https://www.moyoplan.com/plans/29580
35456,KT,[K]올리브영 100분/15GB+,사은품/페이백,"올리브영 상품권 매달 5,000원 지급",,,5000,,False,,,,https://www.moyoplan.com/plans/35456
35456,KT,[K]올리브영 100분/15GB+,추가데이터,SOLO결합 데이터 10GB 지급,,,,,False,,,,https://www.moyoplan.com/plans/35456
35450,KT,[K]다이소 100분/15GB+,사은품/페이백,"다이소 상품권 매달 5,000원 지급",,,5000,,False,,,,https://www.moyoplan.com/plans/35450
35450,KT,[K]다이소 100분/15GB+,추가데이터,SOLO결합 데이터 10GB 지급,,,,,False,,,,https://www.moyoplan.com/plans/35450
8402,SKT,내맘대로S(100+3GB),사은품/페이백,"네이버페이 5,000원",,,5000,,False,,,대상: 대상 요금제 개통 후 개통월 내 리뷰 작성 후 1개월 회선 유지한 고객 시기: 조건 달성한 달 월말,https://www.moyoplan.com/plans/8402
35387,SKT,[S]무한10GB+,추가데이터,SOLO결합 데이터 10GB 지급,,,,,False,,,대상: 대상 요금제 개통 후 아이즈모바일 사용자간 결합 & SOLO 결합한 고객 시기: 조건 달성한 즉시,https://www.moyoplan.com/plans/35387
37166,KT,A 올라잇 7GB+ 밀리의서재,OTT/구독,조선일보 종이신문 1개월 무료 구독 이벤트,,,,,False,,,,https://www.moyoplan.com/plans/37166
35475,SKT,[S]아이즈팩 7GB+,사은품/페이백,아이즈팩 이용권,,,,,False,,,대상: 대상 요금제 개통 후 사은품 지급 시기까지 회선 유지한 고객 시기: 요금제 개통 후 익월 15일 경,https://www.moyoplan.com/plans/35475
35475,SKT,[S]아이즈팩 7GB+,추가데이터,SOLO결합 데이터 5GB 지급,,,,,False,,,대상: 대상 요금제 개통 후 아이즈모바일 사용자간 결합 & SOLO 결합한 고객 시기: 조건 달성한 즉시,https://www.moyoplan.com/plans/35475
12273,SKT,내맘대로S(500+500MB),사은품/페이백,"네이버페이 5,000원",,,5000,,False,,,대상: 대상 요금제 개통 후 개통월 내 리뷰 작성 후 1개월 회선 유지한 고객 시기: 조건 달성한 달 월말,https://www.moyoplan.com/plans/12273
35449,KT,[K]다이소 300분/15GB+,사은품/페이백,"다이소 상품권 매달 5,000원 지급",,,5000,,False,,,,https://www.moyoplan.com/plans/35449
35449,KT,[K]다이소 300분/15GB+,추가데이터,SOLO결합 데이터 10GB 지급,,,,,False,,,,https://www.moyoplan.com/plans/35449
35457,KT,[K]올리브영 300분/15GB+,사은품/페이백,"올리브영 상품권 매달 5,000원 지급",,,5000,,False,,,,https://www.moyoplan.com/plans/35457
35457,KT,[K]올리브영 300분/15GB+,추가데이터,SOLO결합 데이터 10GB 지급,,,,,False,,,,https://www.moyoplan.com/plans/35457
37167,KT,A 올라잇 15GB+ 밀리의서재,OTT/구독,조선일보 종이신문 1개월 무료 구독 이벤트,,,,,False,,,,https://www.moyoplan.com/plans/37167
26890,LGU+,5G 음성기본 80GB+,사은품/페이백,유심/배송비 무료,,,,,False,,,대상: 대상 요금제 개통한 고객 시기: 조건 달성한 즉시,https://www.moyoplan.com/plans/26890
26889,LGU+,5G 음성기본 50GB+,사은품/페이백,유심/배송비 무료,,,,,False,,,대상: 대상 요금제 개통한 고객 시기: 조건 달성한 즉시,https://www.moyoplan.com/plans/26889
37163,KT,A 올라잇 2.5GB/200분,OTT/구독,조선일보 종이신문 1개월 무료 구독 이벤트,,,,,False,,,,https://www.moyoplan.com/plans/37163
37165,KT,A 올라잇 5GB/200분,OTT/구독,조선일보 종이신문 1개월 무료 구독 이벤트,,,,,False,,,,https://www.moyoplan.com/plans/37165
35463,SKT,[S]OK캐쉬백 10GB+,추가데이터,SOLO결합 데이터 10GB 지급,,,,,False,,,,https://www.moyoplan.com/plans/35463
37168,KT,A 올라잇 15GB+/100분 밀리의서재,OTT/구독,조선일보 종이신문 1개월 무료 구독 이벤트,,,,,False,,,,https://www.moyoplan.com/plans/37168
35472,SKT,[S]이디야 화이트 10GB+,사은품/페이백,"매월 이디야 6,000원 모바일 카드 지급",,,6000,,False,,,,https://www.moyoplan.com/plans/35472
35472,SKT,[S]이디야 화이트 10GB+,추가데이터,SOLO결합 데이터 10GB 지급,,,,,False,,,,https://www.moyoplan.com/plans/35472
35439,SKT,[S]올리브영10GB+1Mbps,사은품/페이백,"올리브영 상품권 매달 7,000원 지급",,,7000,,False,,,,https://www.moyoplan.com/plans/35439
35439,SKT,[S]올리브영10GB+1Mbps,추가데이터,SOLO결합 데이터 10GB 지급,,,,,False,,,,https://www.moyoplan.com/plans/35439
37164,KT,A 올라잇 4.5GB/100분,OTT/구독,조선일보 종이신문 1개월 무료 구독 이벤트,,,,,False,,,,https://www.moyoplan.com/plans/37164
37186,LGU+,A 갓성비 10GB+/200분,OTT/구독,조선일보 종이신문 1개월 무료 구독 이벤트,,,,,False,,,,https://www.moyoplan.com/plans/37186
35455,KT,[K]올리브영 15GB+,사은품/페이백,"올리브영 상품권 매달 5,000원 지급",,,5000,,False,,,,https://www.moyoplan.com/plans/35455
35455,KT,[K]올리브영 15GB+,추가데이터,SOLO결합 데이터 10GB 지급,,,,,False,,,,https://www.moyoplan.com/plans/35455
35455,KT,[K]올리브영 15GB+,추가데이터,개통시 매월 10GB 데이터 추가 지급,,,,,False,,,,https://www.moyoplan.com/plans/35455
35460,KT,[K]다이소 15GB+,사은품/페이백,"다이소 상품권 매달 5,000원 지급",,,5000,,False,,,,https://www.moyoplan.com/plans/35460
35460,KT,[K]다이소 15GB+,추가데이터,SOLO결합 데이터 10GB 지급,,,,,False,,,,https://www.moyoplan.com/plans/35460
35460,KT,[K]다이소 15GB+,추가데이터,개통시 매월 10GB 데이터 추가 지급,,,,,False,,,,https://www.moyoplan.com/plans/35460
8403,SKT,내맘대로S(200+3GB),사은품/페이백,"네이버페이 5,000원",,,5000,,False,,,대상: 대상 요금제 개통 후 개통월 내 리뷰 작성 후 1개월 회선 유지한 고객 시기: 조건 달성한 달 월말,https://www.moyoplan.com/plans/8403
37244,SKT,A 넥스트 7GB+(네이버페이 1만x7개월),OTT/구독,조선일보 종이신문 1개월 무료 구독 이벤트,,,,,False,,,,https://www.moyoplan.com/plans/37244
37244,SKT,A 넥스트 7GB+(네이버페이 1만x7개월),사은품/페이백,네이버페이 1만원x7개월 지급 이벤트,,,10000,,False,,,,https://www.moyoplan.com/plans/37244
37244,SKT,A 넥스트 7GB+(네이버페이 1만x7개월),사은품/페이백,네이버페이 1만원 지급 이벤트,,,10000,,False,,,,https://www.moyoplan.com/plans/37244
20004,KT,LTE200분/3GB-데이터소진후 자동차단,사은품/페이백,"3대 마트 상품권, 네이버페이 2만원",,,20000,,False,,KT바로유심,"대상: 바로유심/바로배송유심 구매・개통 후 7개월 회선 유지한 고객 시기: 개통 후 4개월차 중순 1만원, 7개월차 중순 1만원",https://www.moyoplan.com/plans/20004
20004,KT,LTE200분/3GB-데이터소진후 자동차단,사은품/페이백,KT유심&배송비 무료,,,,,False,,,대상: 대상 요금제 개통한 고객 시기: 조건 달성한 즉시,https://www.moyoplan.com/plans/20004
37161,KT,더 빠른 110GB+,OTT/구독,조선일보 종이신문 1개월 무료 구독 이벤트,,,,,False,,,,https://www.moyoplan.com/plans/37161
27752,LGU+,시월5G 무제한 31GB+1Mbps,사은품/페이백,유심/배송비 무료!,,,,,False,,,대상: 대상 요금제 개통한 고객 시기: 개통 즉시,https://www.moyoplan.com/plans/27752
35380,SKT,[S]무한7GB+,추가데이터,SOLO결합 데이터 5GB 지급,,,,,False,,,대상: 대상 요금제 개통 후 아이즈모바일 사용자간 결합 & SOLO 결합한 고객 시기: 조건 달성한 즉시,https://www.moyoplan.com/plans/35380
37170,KT,A 올라잇 15GB+/300분,OTT/구독,조선일보 종이신문 1개월 무료 구독 이벤트,,,,,False,,,,https://www.moyoplan.com/plans/37170
37208,LGU+,A 스페셜 10GB+ (24개월),OTT/구독,조선일보 종이신문 1개월 무료 구독 이벤트,,,,,False,,,,https://www.moyoplan.com/plans/37208
35409,KT,[K]아이즈특판100GB+,추가데이터,SOLO결합 데이터 20GB 지급,,,,,False,,,대상: 대상 요금제 개통 후 아이즈모바일 사용자간 결합 & SOLO 결합한 고객 시기: 조건 달성한 즉시,https://www.moyoplan.com/plans/35409
8168,LGU+,내맘대로 차단형 (200분+500MB),사은품/페이백,"네이버페이 5,000원",,,5000,,False,,,대상: 대상 요금제 개통 후 개통월 내 리뷰 작성 후 1개월 회선 유지한 고객 시기: 조건 달성한 달 월말,https://www.moyoplan.com/plans/8168
8164,LGU+,내맘대로 차단형 (300분+0MB),사은품/페이백,"네이버페이 5,000원",,,5000,,False,,,,https://www.moyoplan.com/plans/8164
35392,SKT,[S]글로벌로밍100분/15GB+,사은품/페이백,해외 130개국 로밍걱정 끝,,,,,False,,,대상: 대상 요금제 개통한 고객 시기: 조건 달성한 즉시,https://www.moyoplan.com/plans/35392
35392,SKT,[S]글로벌로밍100분/15GB+,추가데이터,SOLO결합 데이터 10GB 지급,,,,,False,,,대상: 대상 요금제 개통 후 아이즈모바일 사용자간 결합 & SOLO 결합한 고객 시기: 조건 달성한 즉시,https://www.moyoplan.com/plans/35392
37194,LGU+,A 갓성비 7GB/100분 9,OTT/구독,조선일보 종이신문 1개월 무료 구독 이벤트,,,,,False,,,,https://www.moyoplan.com/plans/37194
37171,KT,A 올라잇 15GB+/300분 네이버페이,OTT/구독,조선일보 종이신문 1개월 무료 구독 이벤트,,,,,False,,,,https://www.moyoplan.com/plans/37171
26867,LGU+,5G 음성기본 9GB+1Mbps,사은품/페이백,유심/배송비 무료,,,,,False,,,대상: 대상 요금제 개통한 고객 시기: 조건 달성한 즉시,https://www.moyoplan.com/plans/26867
37169,KT,A 올라잇 15GB+/100분 네이버페이,OTT/구독,조선일보 종이신문 1개월 무료 구독 이벤트,,,,,False,,,,https://www.moyoplan.com/plans/37169
26868,LGU+,5G 음성기본 12GB+1Mbps,사은품/페이백,유심/배송비 무료,,,,,False,,,대상: 대상 요금제 개통한 고객 시기: 조건 달성한 즉시,https://www.moyoplan.com/plans/26868
37159,KT,A 5G 스페셜,OTT/구독,조선일보 종이신문 1개월 무료 구독 이벤트,,,,,False,,,,https://www.moyoplan.com/plans/37159
37241,SKT,A 넥스트 15GB+/300분(네이버페이 1만x7개월),OTT/구독,조선일보 종이신문 1개월 무료 구독 이벤트,,,,,False,,,,https://www.moyoplan.com/plans/37241
37241,SKT,A 넥스트 15GB+/300분(네이버페이 1만x7개월),사은품/페이백,네이버페이 1만원x7개월 지급 이벤트,,,10000,,False,,,,https://www.moyoplan.com/plans/37241
37241,SKT,A 넥스트 15GB+/300분(네이버페이 1만x7개월),사은품/페이백,네이버페이 1만원 지급 이벤트,,,10000,,False,,,,https://www.moyoplan.com/plans/37241
33125,KT,[K]다이소 10GB+,사은품/페이백,"다이소 상품권 매달 5,000원 지급",,,5000,,False,,,,https://www.moyoplan.com/plans/33125
33125,KT,[K]다이소 10GB+,추가데이터,SOLO결합 데이터 10GB 지급,,,,,False,,,,https://www.moyoplan.com/plans/33125
33125,KT,[K]다이소 10GB+,추가데이터,개통시 매월 10GB 데이터 추가 지급,,,,,False,,,,https://www.moyoplan.com/plans/33125
35454,KT,[K]올리브영 10GB+,사은품/페이백,"올리브영 상품권 매달 5,000원 지급",,,5000,,False,,,,https://www.moyoplan.com/plans/35454
35454,KT,[K]올리브영 10GB+,추가데이터,SOLO결합 데이터 10GB 지급,,,,,False,,,,https://www.moyoplan.com/plans/35454
35454,KT,[K]올리브영 10GB+,추가데이터,개통시 매월 10GB 데이터 추가 지급,,,,,False,,,,https://www.moyoplan.com/plans/35454
20003,KT,LTE200분/4GB-데이터소진후 자동차단,사은품/페이백,"3대 마트 상품권, 네이버페이 2만원",,,20000,,False,,KT바로유심,"대상: 바로유심/바로배송유심 구매・개통 후 7개월 회선 유지한 고객 시기: 개통 후 4개월차 중순 1만원, 7개월차 중순 1만원",https://www.moyoplan.com/plans/20003
20003,KT,LTE200분/4GB-데이터소진후 자동차단,사은품/페이백,KT유심&배송비 무료,,,,,False,,,대상: 대상 요금제 개통한 고객 시기: 조건 달성한 즉시,https://www.moyoplan.com/plans/20003
37177,KT,A 올라잇 10GB+ 밀리의서재,OTT/구독,조선일보 종이신문 1개월 무료 구독 이벤트,,,,,False,,,,https://www.moyoplan.com/plans/37177
26904,LGU+,음성 100분 1GB+,사은품/페이백,유심/배송비 무료,,,,,False,,,대상: 대상 요금제 개통한 고객 시기: 조건 달성한 즉시,https://www.moyoplan.com/plans/26904
35453,KT,[K]올리브영 7GB+,사은품/페이백,"올리브영 상품권 매달 5,000원 지급",,,5000,,False,,,,https://www.moyoplan.com/plans/35453
35453,KT,[K]올리브영 7GB+,추가데이터,SOLO결합 데이터 5GB 지급,,,,,False,,,,https://www.moyoplan.com/plans/35453
35453,KT,[K]올리브영 7GB+,추가데이터,개통시 매월 10GB 데이터 추가 지급,,,,,False,,,,https://www.moyoplan.com/plans/35453
35451,KT,[K]다이소 7GB+,사은품/페이백,"다이소 상품권 매달 5,000원 지급",,,5000,,False,,,,https://www.moyoplan.com/plans/35451
35451,KT,[K]다이소 7GB+,추가데이터,SOLO결합 데이터 5GB 지급,,,,,False,,,,https://www.moyoplan.com/plans/35451
35451,KT,[K]다이소 7GB+,추가데이터,개통시 매월 10GB 데이터 추가 지급,,,,,False,,,,https://www.moyoplan.com/plans/35451
35399,SKT,[S]아이즈특판10GB+1Mbps,추가데이터,SOLO결합 데이터 10GB 지급,,,,,False,,,대상: 대상 요금제 개통 후 아이즈모바일 사용자간 결합 & SOLO 결합한 고객 시기: 조건 달성한 즉시,https://www.moyoplan.com/plans/35399
35404,KT,[K]아이즈특판7GB+,추가데이터,SOLO결합 데이터 5GB 지급,,,,,False,,,대상: 대상 요금제 개통 후 아이즈모바일 사용자간 결합 & SOLO 결합한 고객 시기: 조건 달성한 즉시,https://www.moyoplan.com/plans/35404
34362,LGU+,"더블업 LTE 20GB+ (10+10 24개월) / 평생가 20,000원",추가데이터,추가 데이터 10GB,,,,,False,,,대상: 대상 요금제 개통한 고객 시기: 조건 달성한 다음 달 월초,https://www.moyoplan.com/plans/34362
37160,KT,5G 슬림,OTT/구독,조선일보 종이신문 1개월 무료 구독 이벤트,,,,,False,,,,https://www.moyoplan.com/plans/37160
35405,KT,[K]아이즈특판10GB+,추가데이터,SOLO결합 데이터 10GB 지급,,,,,False,,,대상: 대상 요금제 개통 후 아이즈모바일 사용자간 결합 & SOLO 결합한 고객 시기: 조건 달성한 즉시,https://www.moyoplan.com/plans/35405
20000,KT,5G200분/6GB-데이터소진후 자동차단,사은품/페이백,"3대 마트 상품권, 네이버페이 2만원",,,20000,,False,,KT바로유심,"대상: 바로유심/바로배송유심 구매・개통 후 7개월 회선 유지한 고객 시기: 개통 후 4개월차 중순 1만원, 7개월차 중순 1만원",https://www.moyoplan.com/plans/20000
20000,KT,5G200분/6GB-데이터소진후 자동차단,사은품/페이백,KT유심&배송비 무료,,,,,False,,,대상: 대상 요금제 개통한 고객 시기: 조건 달성한 즉시,https://www.moyoplan.com/plans/20000
37188,LGU+,A 5G 스페셜,OTT/구독,조선일보 종이신문 1개월 무료 구독 이벤트,,,,,False,,,,https://www.moyoplan.com/plans/37188
35420,KT,[K]무한100GB+ Wavve,OTT/구독,웨이브 무료 구독권 지급,웨이브,,,,False,,,대상: 대상 요금제 개통한 고객 시기: 조건 달성한 즉시,https://www.moyoplan.com/plans/35420
35420,KT,[K]무한100GB+ Wavve,추가데이터,SOLO결합 데이터 20GB 지급,,,,,False,,,대상: 대상 요금제 개통 후 아이즈모바일 사용자간 결합 & SOLO 결합한 고객 시기: 조건 달성한 즉시,https://www.moyoplan.com/plans/35420
37190,LGU+,A 5G 스페셜 레귤러,OTT/구독,조선일보 종이신문 1개월 무료 구독 이벤트,,,,,False,,,,https://www.moyoplan.com/plans/37190
34361,LGU+,"더블업 LTE 17GB+ (7+10 24개월) / 평생가 17,000원",추가데이터,추가 데이터 10GB,,,,,False,,,대상: 대상 요금제 개통한 고객 시기: 조건 달성한 다음 달 월초,https://www.moyoplan.com/plans/34361
8171,LGU+,내맘대로 차단형 (200분+1GB),사은품/페이백,"네이버페이 5,000원",,,5000,,False,,,대상: 대상 요금제 개통 후 개통월 내 리뷰 작성 후 1개월 회선 유지한 고객 시기: 조건 달성한 달 월말,https://www.moyoplan.com/plans/8171
35476,SKT,[S]아이즈팩 10GB+,사은품/페이백,아이즈팩 이용권,,,,,False,,,대상: 대상 요금제 개통 후 사은품 지급 시기까지 회선 유지한 고객 시기: 요금제 개통 후 익월 15일 경,https://www.moyoplan.com/plans/35476
35476,SKT,[S]아이즈팩 10GB+,추가데이터,SOLO결합 데이터 10GB 지급,,,,,False,,,대상: 대상 요금제 개통 후 아이즈모바일 사용자간 결합 & SOLO 결합한 고객 시기: 조건 달성한 즉시,https://www.moyoplan.com/plans/35476
37195,LGU+,A 갓성비 10GB/100분 9,OTT/구독,조선일보 종이신문 1개월 무료 구독 이벤트,,,,,False,,,,https://www.moyoplan.com/plans/37195
37195,LGU+,A 갓성비 10GB/100분 9,사은품/페이백,네이버페이 5천원 지급 이벤트,,,5000,,False,,,,https://www.moyoplan.com/plans/37195
37197,LGU+,A 갓성비 6GB/200분 9,OTT/구독,조선일보 종이신문 1개월 무료 구독 이벤트,,,,,False,,,,https://www.moyoplan.com/plans/37197
35415,KT,[K]글로벌로밍100GB+,사은품/페이백,해외 130개국 로밍걱정 끝,,,,,False,,,대상: 대상 요금제 개통한 고객 시기: 조건 달성한 즉시,https://www.moyoplan.com/plans/35415
35415,KT,[K]글로벌로밍100GB+,추가데이터,SOLO결합 데이터 20GB 지급,,,,,False,,,대상: 대상 요금제 개통 후 아이즈모바일 사용자간 결합 & SOLO 결합한 고객 시기: 조건 달성한 즉시,https://www.moyoplan.com/plans/35415
37189,LGU+,A 5G 스페셜 플러스,OTT/구독,조선일보 종이신문 1개월 무료 구독 이벤트,,,,,False,,,,https://www.moyoplan.com/plans/37189
34363,LGU+,"더블업 LTE 25GB+ (15+10 24개월) / 평생가 22,000원",추가데이터,추가 데이터 10GB,,,,,False,,,대상: 대상 요금제 개통한 고객 시기: 조건 달성한 다음 달 월초,https://www.moyoplan.com/plans/34363
35413,KT,[K]글로벌로밍100분/15GB+,사은품/페이백,해외 130개국 로밍걱정 끝,,,,,False,,,대상: 대상 요금제 개통한 고객 시기: 조건 달성한 즉시,https://www.moyoplan.com/plans/35413
35413,KT,[K]글로벌로밍100분/15GB+,추가데이터,SOLO결합 데이터 10GB 지급,,,,,False,,,대상: 대상 요금제 개통 후 아이즈모바일 사용자간 결합 & SOLO 결합한 고객 시기: 조건 달성한 즉시,https://www.moyoplan.com/plans/35413
35391,SKT,[S]글로벌로밍7GB+,사은품/페이백,해외 130개국 로밍걱정 끝,,,,,False,,,대상: 대상 요금제 개통한 고객 시기: 조건 달성한 즉시,https://www.moyoplan.com/plans/35391
35391,SKT,[S]글로벌로밍7GB+,추가데이터,SOLO결합 데이터 5GB 지급,,,,,False,,,대상: 대상 요금제 개통 후 아이즈모바일 사용자간 결합 & SOLO 결합한 고객 시기: 조건 달성한 즉시,https://www.moyoplan.com/plans/35391
35393,SKT,[S]글로벌로밍11GB+,사은품/페이백,해외 130개국 로밍걱정 끝,,,,,False,,,대상: 대상 요금제 개통한 고객 시기: 조건 달성한 즉시,https://www.moyoplan.com/plans/35393
35393,SKT,[S]글로벌로밍11GB+,추가데이터,SOLO결합 데이터 20GB 지급,,,,,False,,,대상: 대상 요금제 개통 후 아이즈모바일 사용자간 결합 & SOLO 결합한 고객 시기: 조건 달성한 즉시,https://www.moyoplan.com/plans/35393
35419,KT,[K]무한11GB+ Wavve,OTT/구독,웨이브 무료 구독권 지급,웨이브,,,,False,,,대상: 대상 요금제 개통한 고객 시기: 조건 달성한 즉시,https://www.moyoplan.com/plans/35419
35419,KT,[K]무한11GB+ Wavve,추가데이터,SOLO결합 데이터 20GB 지급,,,,,False,,,대상: 대상 요금제 개통 후 아이즈모바일 사용자간 결합 & SOLO 결합한 고객 시기: 조건 달성한 즉시,https://www.moyoplan.com/plans/35419
35412,KT,[K]글로벌로밍7GB+,사은품/페이백,해외 130개국 로밍걱정 끝,,,,,False,,,대상: 대상 요금제 개통한 고객 시기: 조건 달성한 즉시,https://www.moyoplan.com/plans/35412
35412,KT,[K]글로벌로밍7GB+,추가데이터,SOLO결합 데이터 5GB 지급,,,,,False,,,대상: 대상 요금제 개통 후 아이즈모바일 사용자간 결합 & SOLO 결합한 고객 시기: 조건 달성한 즉시,https://www.moyoplan.com/plans/35412
15411,SKT,0 청년 다이렉트 34,OTT/구독,티빙 광고형 스탠다드 제공 (6개월),티빙,광고형 스탠다드,,,False,,,,https://www.moyoplan.com/plans/15411
15411,SKT,0 청년 다이렉트 34,사은품/페이백,네이버웹툰 쿠키 30개 (6개월),,,,,False,,,,https://www.moyoplan.com/plans/15411
15411,SKT,0 청년 다이렉트 34,사은품/페이백,CGV 영화관람권 50% 할인 (월 1장),,,,,False,,T다이렉트샵,대상: T 다이렉트샵에서 USIM/eSIM 구매 및 개통 완료 시기: 요금제 가입 완료 후,https://www.moyoplan.com/plans/15411
15411,SKT,0 청년 다이렉트 34,사은품/페이백,네이버페이 월 2만 원 x 3개월,,,20000,,False,,,시기: 조건 달성한 달부터 매월 5일경,https://www.moyoplan.com/plans/15411
15411,SKT,0 청년 다이렉트 34,사은품/페이백,로밍 50% 할인,,,,,False,,T다이렉트샵,대상: T 다이렉트샵에서 USIM/eSIM 구매 및 개통 완료 시기: 요금제 가입 완료 후,https://www.moyoplan.com/plans/15411
15411,SKT,0 청년 다이렉트 34,사은품/페이백,커피 전문점 50% 할인 (월 1잔),,,,,False,,T다이렉트샵,대상: T 다이렉트샵에서 USIM/eSIM 구매 및 개통 완료 시기: 요금제 가입 완료 후,https://www.moyoplan.com/plans/15411
35394,SKT,[S]글로벌로밍100GB+,사은품/페이백,해외 130개국 로밍걱정 끝,,,,,False,,,대상: 대상 요금제 개통한 고객 시기: 조건 달성한 즉시,https://www.moyoplan.com/plans/35394
35394,SKT,[S]글로벌로밍100GB+,추가데이터,SOLO결합 데이터 20GB 지급,,,,,False,,,대상: 대상 요금제 개통 후 아이즈모바일 사용자간 결합 & SOLO 결합한 고객 시기: 조건 달성한 즉시,https://www.moyoplan.com/plans/35394
36960,LGU+,LTE 71GB+(청년미래),사은품/페이백,25.2만 KB포인트리,,,,,False,,,"대상: 대상 요금제 개통 후 익월 말까지 요금제 유지, 마케팅 및 광고성 수신 동의한 고객 시기: 조건 달성 익월 월말 지급 후 매월 말일 이내",https://www.moyoplan.com/plans/36960
37187,LGU+,A 5G 라이트,OTT/구독,조선일보 종이신문 1개월 무료 구독 이벤트,,,,,False,,,,https://www.moyoplan.com/plans/37187
36957,LGU+,LTE 71GB+(라이더),사은품/페이백,24만 GS주유쿠폰,,,,,False,,,"대상: 대상 요금제 개통 후 익월 말까지 요금제 유지, 마케팅 및 광고성 수신 동의한 고객 시기: 조건 달성 익월 월말 지급 후 매월 말일 이내",https://www.moyoplan.com/plans/36957
34915,LGU+,LTE 71GB+(평생),사은품/페이백,19.2만 KB포인트리,,,,,False,,,"대상: 대상 요금제 개통 후 익월 말까지 요금제 유지, 마케팅 및 광고성 수신 동의한 고객 시기: 조건 달성 익월 월말 지급 후 매월 말일 이내",https://www.moyoplan.com/plans/34915
35414,KT,[K]글로벌로밍11GB+,사은품/페이백,해외 130개국 로밍걱정 끝,,,,,False,,,대상: 대상 요금제 개통한 고객 시기: 조건 달성한 즉시,https://www.moyoplan.com/plans/35414
35414,KT,[K]글로벌로밍11GB+,추가데이터,SOLO결합 데이터 20GB 지급,,,,,False,,,대상: 대상 요금제 개통 후 아이즈모바일 사용자간 결합 & SOLO 결합한 고객 시기: 조건 달성한 즉시,https://www.moyoplan.com/plans/35414
37192,LGU+,A 갓성비 5GB/230분 9,OTT/구독,조선일보 종이신문 1개월 무료 구독 이벤트,,,,,False,,,,https://www.moyoplan.com/plans/37192
35850,LGU+,LTE 71GB+(혜택형),사은품/페이백,12만 Npay (4만*3회),,,,,False,,,"대상: 대상 요금제 개통 후 익월 말까지 요금제 유지, 마케팅 및 광고성 수신 동의한 고객 시기: 조건 달성 익월 월말 지급 후 매월 말일 이내",https://www.moyoplan.com/plans/35850
15410,SKT,0 청년 다이렉트 42,OTT/구독,티빙 광고형 스탠다드 제공 (6개월),티빙,광고형 스탠다드,,,False,,,,https://www.moyoplan.com/plans/15410
15410,SKT,0 청년 다이렉트 42,사은품/페이백,네이버웹툰 쿠키 30개 (6개월),,,,,False,,,,https://www.moyoplan.com/plans/15410
15410,SKT,0 청년 다이렉트 42,사은품/페이백,CGV 영화관람권 50% 할인 (월 1장),,,,,False,,T다이렉트샵,대상: T 다이렉트샵에서 USIM/eSIM 구매 및 개통 완료 시기: 요금제 가입 완료 후,https://www.moyoplan.com/plans/15410
15410,SKT,0 청년 다이렉트 42,사은품/페이백,네이버페이 월 2만 원 x 3개월,,,20000,,False,,,시기: 조건 달성한 달부터 매월 5일경,https://www.moyoplan.com/plans/15410
15410,SKT,0 청년 다이렉트 42,사은품/페이백,로밍 50% 할인,,,,,False,,T다이렉트샵,대상: T 다이렉트샵에서 USIM/eSIM 구매 및 개통 완료 시기: 요금제 가입 완료 후,https://www.moyoplan.com/plans/15410
15410,SKT,0 청년 다이렉트 42,사은품/페이백,커피 전문점 50% 할인 (월 1잔),,,,,False,,T다이렉트샵,대상: T 다이렉트샵에서 USIM/eSIM 구매 및 개통 완료 시기: 요금제 가입 완료 후,https://www.moyoplan.com/plans/15410
36959,LGU+,LTE 15GB+(100분)(청년미래),사은품/페이백,18만KB포인트리,,,,,False,,,"대상: 대상 요금제 개통 후 익월 말까지 요금제 유지, 마케팅 및 광고성 수신 동의한 고객 시기: 조건 달성 익월 월말 지급 후 매월 말일 이내",https://www.moyoplan.com/plans/36959
36950,KT,LTE 15GB+(밀리의서재),사은품/페이백,14.7만 KB포인트리,,,,,False,,,"대상: 대상 요금제 개통 후 익월 말까지 요금제 유지, 마케팅 및 광고성 수신 동의한 고객 시기: 조건 달성 익월 월말 지급 후 매월 말일 이내",https://www.moyoplan.com/plans/36950
15409,SKT,0 청년 다이렉트 48,OTT/구독,티빙 광고형 스탠다드 제공 (12개월),티빙,광고형 스탠다드,,,False,,,대상: 대상 요금제 개통한 고객 시기: 조건 달성한 즉시,https://www.moyoplan.com/plans/15409
15409,SKT,0 청년 다이렉트 48,사은품/페이백,네이버웹툰 쿠키 30개 (12개월),,,,,False,,,대상: 대상 요금제 개통한 고객 시기: 조건 달성한 즉시,https://www.moyoplan.com/plans/15409
15409,SKT,0 청년 다이렉트 48,사은품/페이백,CGV 영화관람권 50% 할인 (월 1장),,,,,False,,T다이렉트샵,대상: T 다이렉트샵에서 USIM/eSIM 구매 및 개통 완료한 고객 시기: 요금제 가입 완료 후,https://www.moyoplan.com/plans/15409
15409,SKT,0 청년 다이렉트 48,사은품/페이백,첫 달 요금 네이버페이로 전액 환급,,,,,False,,,대상: 대상 요금제 개통 후 2개월 회선 유지한 고객 시기: 조건 달성한 달부터 매월 5일경,https://www.moyoplan.com/plans/15409
15409,SKT,0 청년 다이렉트 48,사은품/페이백,로밍 50% 할인,,,,,False,,T다이렉트샵,대상: T 다이렉트샵에서 USIM/eSIM 구매 및 개통 완료한 고객 시기: 요금제 가입 완료 후,https://www.moyoplan.com/plans/15409
15409,SKT,0 청년 다이렉트 48,사은품/페이백,커피 전문점 50% 할인 (월 1잔),,,,,False,,T다이렉트샵,대상: T 다이렉트샵에서 USIM/eSIM 구매 및 개통 완료한 고객 시기: 요금제 가입 완료 후,https://www.moyoplan.com/plans/15409
30363,KT,데이터통화안심 5GB+,사은품/페이백,마트 상품권/네이버페이 1만원 증정,,,10000,,False,,KT바로유심,대상: 바로유심/바로배송유심 구매・개통 후 7개월 회선 유지한 고객 시기: 조건 달성한 달 월말,https://www.moyoplan.com/plans/30363
30363,KT,데이터통화안심 5GB+,사은품/페이백,마트 상품권/네이버페이 1만원 증정,,,10000,,False,,KT바로유심,대상: 바로유심/바로배송유심 구매・개통 후 4개월 회선 유지한 고객 시기: 조건 달성한 달 월말,https://www.moyoplan.com/plans/30363
37193,LGU+,A 갓성비 6GB/300분 9,OTT/구독,조선일보 종이신문 1개월 무료 구독 이벤트,,,,,False,,,,https://www.moyoplan.com/plans/37193
36958,LGU+,5G 95GB+(라이더),사은품/페이백,48만 GS주유쿠폰,,,,,False,,,"대상: 대상 요금제 개통 후 익월 말까지 요금제 유지, 마케팅 및 광고성 수신 동의한 고객 시기: 조건 달성 익월 월말 지급 후 매월 말일 이내",https://www.moyoplan.com/plans/36958
36961,LGU+,5G 95GB+(청년미래),사은품/페이백,57.6만 KB포인트리,,,,,False,,,"대상: 대상 요금제 개통 후 익월 말까지 요금제 유지, 마케팅 및 광고성 수신 동의한 고객 시기: 조건 달성 익월 월말 지급 후 매월 말일 이내",https://www.moyoplan.com/plans/36961
36952,KT,LTE 150GB+(밀리의서재),사은품/페이백,18.5만 KB포인트리,,,,,False,,,,https://www.moyoplan.com/plans/36952
36956,KT,LTE 150GB+(CU),사은품/페이백,18.5만 KB포인트리,,,,,False,,,,https://www.moyoplan.com/plans/36956
14831,SKT,다이렉트5G 48,OTT/구독,티빙 광고형 스탠다드 제공 (12개월),티빙,광고형 스탠다드,,,False,,,대상: 대상 요금제 개통한 고객 시기: 조건 달성한 즉시,https://www.moyoplan.com/plans/14831
14831,SKT,다이렉트5G 48,사은품/페이백,네이버웹툰 쿠키 30개 (12개월),,,,,False,,,대상: 대상 요금제 개통한 고객 시기: 조건 달성한 즉시,https://www.moyoplan.com/plans/14831
14831,SKT,다이렉트5G 48,사은품/페이백,첫 달 요금 네이버페이로 전액 환급,,,,,False,,,대상: 대상 요금제 개통 후 2개월 회선 유지한 고객 시기: 조건 달성한 달부터 매월 5일경,https://www.moyoplan.com/plans/14831
36988,LGU+,홈쇼핑 스페셜 71GB+,사은품/페이백,20만 신세계상품권,,,,,False,,,"대상: 대상 요금제 개통 후 익월 말까지 요금제 유지, 마케팅 및 광고성 수신 동의한 고객 시기: 조건 달성 익월 월말 지급 후 매월 말일 이내",https://www.moyoplan.com/plans/36988
35851,LGU+,5G 95GB+(혜택형),사은품/페이백,16만 Npay (4만*4회),,,,,False,,,"대상: 대상 요금제 개통 후 익월 말까지 요금제 유지, 마케팅 및 광고성 수신 동의한 고객 시기: 조건 달성 익월 월말 지급 후 매월 말일 이내",https://www.moyoplan.com/plans/35851
15407,SKT,0 청년 다이렉트 62,OTT/구독,티빙 광고형 스탠다드 제공 (12개월),티빙,광고형 스탠다드,,,False,,,,https://www.moyoplan.com/plans/15407
15407,SKT,0 청년 다이렉트 62,사은품/페이백,네이버웹툰 쿠키 30개 (12개월),,,,,False,,,,https://www.moyoplan.com/plans/15407
15407,SKT,0 청년 다이렉트 62,사은품/페이백,CGV 영화관람권 50% 할인 (월 1장),,,,,False,,T다이렉트샵,대상: T 다이렉트샵에서 USIM/eSIM 구매 및 개통 완료 시기: 요금제 가입 완료 후,https://www.moyoplan.com/plans/15407
15407,SKT,0 청년 다이렉트 62,사은품/페이백,첫 달 요금 네이버페이로 전액 환급,,,,,False,,,시기: 조건 달성한 달부터 매월 5일경,https://www.moyoplan.com/plans/15407
15407,SKT,0 청년 다이렉트 62,사은품/페이백,로밍 50% 할인,,,,,False,,T다이렉트샵,대상: T 다이렉트샵에서 USIM/eSIM 구매 및 개통 완료 시기: 요금제 가입 완료 후,https://www.moyoplan.com/plans/15407
15407,SKT,0 청년 다이렉트 62,사은품/페이백,커피 전문점 50% 할인 (월 1잔),,,,,False,,T다이렉트샵,대상: T 다이렉트샵에서 USIM/eSIM 구매 및 개통 완료 시기: 요금제 가입 완료 후,https://www.moyoplan.com/plans/15407
15407,SKT,0 청년 다이렉트 62,멤버십,T 멤버십 VIP 제공,,,,,False,,T다이렉트샵,대상: T 다이렉트샵에서 USIM/eSIM 구매 및 개통 완료 시기: 1~15일 가입 시 다음 달 1일,https://www.moyoplan.com/plans/15407
15407,SKT,0 청년 다이렉트 62,스마트기기,스마트기기 이용 요금 무료 (1회선),,,,,False,,T다이렉트샵,대상: T 다이렉트샵에서 USIM/eSIM 구매 및 개통 완료 시기: 요금제 가입 후,https://www.moyoplan.com/plans/15407
36951,KT,LTE 71GB+(밀리의서재),사은품/페이백,16.8만 KB포인트리,,,,,False,,,"대상: 대상 요금제 개통 후 익월 말까지 요금제 유지, 마케팅 및 광고성 수신 동의한 고객 시기: 조건 달성 익월 월말 지급 후 매월 말일 이내",https://www.moyoplan.com/plans/36951
36329,LGU+,5G 든든무제한 150GB+,사은품/페이백,43.2만 KB포인트리,,,,,False,,,"대상: 대상 요금제 개통 후 익월 말까지 요금제 유지, 마케팅 및 광고성 수신 동의한 고객 시기: 조건 달성 익월 월말 지급 후 매월 말일 이내",https://www.moyoplan.com/plans/36329
15408,SKT,0 청년 다이렉트 55,OTT/구독,티빙 광고형 스탠다드 제공 (12개월),티빙,광고형 스탠다드,,,False,,,대상: 대상 요금제 개통한 고객 시기: 조건 달성한 즉시,https://www.moyoplan.com/plans/15408
15408,SKT,0 청년 다이렉트 55,사은품/페이백,네이버웹툰 쿠키 30개 (12개월),,,,,False,,,대상: 대상 요금제 개통한 고객 시기: 조건 달성한 즉시,https://www.moyoplan.com/plans/15408
15408,SKT,0 청년 다이렉트 55,사은품/페이백,CGV 영화관람권 50% 할인 (월 1장),,,,,False,,T다이렉트샵,대상: T 다이렉트샵에서 USIM/eSIM 구매 및 개통 완료한 고객 시기: 요금제 가입 완료 후,https://www.moyoplan.com/plans/15408
15408,SKT,0 청년 다이렉트 55,사은품/페이백,첫 달 요금 네이버페이로 전액 환급,,,,,False,,,대상: 대상 요금제 개통 후 2개월 회선 유지한 고객 시기: 조건 달성한 달부터 매월 5일경,https://www.moyoplan.com/plans/15408
15408,SKT,0 청년 다이렉트 55,사은품/페이백,로밍 50% 할인,,,,,False,,T다이렉트샵,대상: T 다이렉트샵에서 USIM/eSIM 구매 및 개통 완료한 고객 시기: 요금제 가입 완료 후,https://www.moyoplan.com/plans/15408
15408,SKT,0 청년 다이렉트 55,사은품/페이백,커피 전문점 50% 할인 (월 1잔),,,,,False,,T다이렉트샵,대상: T 다이렉트샵에서 USIM/eSIM 구매 및 개통 완료한 고객 시기: 요금제 가입 완료 후,https://www.moyoplan.com/plans/15408
14829,SKT,다이렉트5G 62,OTT/구독,티빙 광고형 스탠다드 제공 (12개월),티빙,광고형 스탠다드,,,False,,,,https://www.moyoplan.com/plans/14829
14829,SKT,다이렉트5G 62,사은품/페이백,네이버웹툰 쿠키 30개 (12개월),,,,,False,,,,https://www.moyoplan.com/plans/14829
14829,SKT,다이렉트5G 62,OTT/구독,"T 우주패스,FLO,Wavve 중 2개 할인",웨이브,,,,False,,T다이렉트샵,대상: T 다이렉트샵에서 USIM/eSIM 구매 및 개통 완료 시기: 요금제 가입 후,https://www.moyoplan.com/plans/14829
14829,SKT,다이렉트5G 62,사은품/페이백,첫 달 요금 네이버페이로 전액 환급,,,,,False,,,시기: 조건 달성한 달부터 매월 5일경,https://www.moyoplan.com/plans/14829
14829,SKT,다이렉트5G 62,멤버십,T 멤버십 VIP 제공,,,,,False,,T다이렉트샵,대상: T 다이렉트샵에서 USIM/eSIM 구매 및 개통 완료 시기: 1~15일 가입 시 다음 달 1일,https://www.moyoplan.com/plans/14829
14829,SKT,다이렉트5G 62,스마트기기,스마트기기 이용 요금 무료 (1회선),,,,,False,,T다이렉트샵,대상: T 다이렉트샵에서 USIM/eSIM 구매 및 개통 완료 시기: 요금제 가입 후,https://www.moyoplan.com/plans/14829
35852,LGU+,LTE 71GB+(초알뜰),사은품/페이백,초알뜰 요금제 개통시 KB포인트리 21만,,,,,False,,,"대상: 대상 요금제 개통 후 익월 말까지 요금제 유지, 마케팅 및 광고성 수신 동의한 고객 시기: 조건 달성 익월 월말 지급 후 매월 말일 이내 지급",https://www.moyoplan.com/plans/35852
35852,LGU+,LTE 71GB+(초알뜰),사은품/페이백,21만 Npay,,,,,False,,,"대상: 대상 요금제 개통 후 익월 말까지 요금제 유지, 마케팅 및 광고성 수신 동의한 고객 시기: 조건 달성 익월 월말 지급 후 매월 말일 이내",https://www.moyoplan.com/plans/35852
21758,SKT,0청년 다이렉트69(넷플릭스),OTT/구독,티빙 광고형 스탠다드 제공 (12개월),티빙,광고형 스탠다드,,,False,,,,https://www.moyoplan.com/plans/21758
21758,SKT,0청년 다이렉트69(넷플릭스),사은품/페이백,네이버웹툰 쿠키 30개 (12개월),,,,,False,,,,https://www.moyoplan.com/plans/21758
21758,SKT,0청년 다이렉트69(넷플릭스),OTT/구독,넷플릭스 광고형 스탠다드 할인 제공,넷플릭스,광고형 스탠다드,,,False,,T다이렉트샵,대상: T 다이렉트샵에서 USIM/eSIM 구매 및 개통 완료 시기: 요금제 가입 완료 후,https://www.moyoplan.com/plans/21758
21758,SKT,0청년 다이렉트69(넷플릭스),사은품/페이백,CGV 영화관람권 50% 할인 (월 1장),,,,,False,,T다이렉트샵,대상: T 다이렉트샵에서 USIM/eSIM 구매 및 개통 완료 시기: 요금제 가입 완료 후,https://www.moyoplan.com/plans/21758
21758,SKT,0청년 다이렉트69(넷플릭스),사은품/페이백,첫 달 요금 네이버페이로 전액 환급,,,,,False,,,시기: 조건 달성한 달부터 매월 5일경,https://www.moyoplan.com/plans/21758
21758,SKT,0청년 다이렉트69(넷플릭스),사은품/페이백,로밍 50% 할인,,,,,False,,T다이렉트샵,대상: T 다이렉트샵에서 USIM/eSIM 구매 및 개통 완료 시기: 요금제 가입 완료 후,https://www.moyoplan.com/plans/21758
21758,SKT,0청년 다이렉트69(넷플릭스),사은품/페이백,커피 전문점 50% 할인 (월 1잔),,,,,False,,T다이렉트샵,대상: T 다이렉트샵에서 USIM/eSIM 구매 및 개통 완료 시기: 요금제 가입 완료 후,https://www.moyoplan.com/plans/21758
21758,SKT,0청년 다이렉트69(넷플릭스),스마트기기,스마트기기 이용 요금 무료 (2회선),,,,,False,,T다이렉트샵,대상: T 다이렉트샵에서 USIM/eSIM 구매 및 개통 완료 시기: 요금제 가입 후,https://www.moyoplan.com/plans/21758
21758,SKT,0청년 다이렉트69(넷플릭스),멤버십,T 멤버십 VIP 제공,,,,,False,,T다이렉트샵,대상: T 다이렉트샵에서 USIM/eSIM 구매 및 개통 완료 시기: 1~15일 가입 시 다음 달 1일,https://www.moyoplan.com/plans/21758
21760,SKT,다이렉트5G 69(넷플릭스),OTT/구독,티빙 광고형 스탠다드 제공 (12개월),티빙,광고형 스탠다드,,,False,,,,https://www.moyoplan.com/plans/21760
21760,SKT,다이렉트5G 69(넷플릭스),사은품/페이백,네이버웹툰 쿠키 30개 (12개월),,,,,False,,,,https://www.moyoplan.com/plans/21760
21760,SKT,다이렉트5G 69(넷플릭스),OTT/구독,넷플릭스 광고형 스탠다드 할인 제공,넷플릭스,광고형 스탠다드,,,False,,T다이렉트샵,대상: T 다이렉트샵에서 USIM/eSIM 구매 및 개통 완료 시기: 요금제 가입 완료 후,https://www.moyoplan.com/plans/21760
21760,SKT,다이렉트5G 69(넷플릭스),사은품/페이백,첫 달 요금 네이버페이로 전액 환급,,,,,False,,,시기: 조건 달성한 달부터 매월 5일경,https://www.moyoplan.com/plans/21760
21760,SKT,다이렉트5G 69(넷플릭스),스마트기기,스마트기기 이용 요금 무료 (2회선),,,,,False,,T다이렉트샵,대상: T 다이렉트샵에서 USIM/eSIM 구매 및 개통 완료 시기: 요금제 가입 후,https://www.moyoplan.com/plans/21760
21760,SKT,다이렉트5G 69(넷플릭스),멤버십,T 멤버십 VIP 제공,,,,,False,,T다이렉트샵,대상: T 다이렉트샵에서 USIM/eSIM 구매 및 개통 완료 시기: 1~15일 가입 시 다음 달 1일,https://www.moyoplan.com/plans/21760
36949,KT,LTE 7GB+(밀리의서재),사은품/페이백,13.3만 KB포인트리,,,,,False,,,"대상: 대상 요금제 개통 후 익월 말까지 요금제 유지, 마케팅 및 광고성 수신 동의한 고객 시기: 조건 달성 익월 월말 지급 후 매월 말일 이내",https://www.moyoplan.com/plans/36949
31867,SKT,다이렉트5G 38,OTT/구독,티빙 광고형 스탠다드 제공 (6개월),티빙,광고형 스탠다드,,,False,,,대상: 대상 요금제 개통한 고객 시기: 조건 달성한 즉시,https://www.moyoplan.com/plans/31867
31867,SKT,다이렉트5G 38,사은품/페이백,네이버웹툰 쿠키 30개 (6개월),,,,,False,,,대상: 대상 요금제 개통한 고객 시기: 조건 달성한 즉시,https://www.moyoplan.com/plans/31867
31867,SKT,다이렉트5G 38,사은품/페이백,네이버페이 월 2만 원 x 3개월,,,20000,,False,,,대상: 대상 요금제 개통 후 2개월 회선 유지한 고객 시기: 조건 달성한 달부터 매월 5일경,https://www.moyoplan.com/plans/31867
27328,SKT,다이렉트5G 76(넷플릭스),OTT/구독,티빙 광고형 스탠다드 제공 (12개월),티빙,광고형 스탠다드,,,False,,,,https://www.moyoplan.com/plans/27328
27328,SKT,다이렉트5G 76(넷플릭스),사은품/페이백,네이버웹툰 쿠키 30개 (12개월),,,,,False,,,,https://www.moyoplan.com/plans/27328
27328,SKT,다이렉트5G 76(넷플릭스),OTT/구독,넷플릭스 스탠다드 제공,넷플릭스,스탠다드,,,False,,T다이렉트샵,대상: T 다이렉트샵에서 USIM/eSIM 구매 및 개통 완료 시기: 요금제 가입 완료 후,https://www.moyoplan.com/plans/27328
27328,SKT,다이렉트5G 76(넷플릭스),사은품/페이백,첫 달 요금 네이버페이로 전액 환급,,,,,False,,,시기: 조건 달성한 달부터 매월 5일경,https://www.moyoplan.com/plans/27328
27328,SKT,다이렉트5G 76(넷플릭스),스마트기기,스마트기기 이용 요금 무료 (2회선),,,,,False,,T다이렉트샵,대상: T 다이렉트샵에서 USIM/eSIM 구매 및 개통 완료 시기: 요금제 가입 후,https://www.moyoplan.com/plans/27328
27328,SKT,다이렉트5G 76(넷플릭스),멤버십,T 멤버십 VIP 제공,,,,,False,,T다이렉트샵,대상: T 다이렉트샵에서 USIM/eSIM 구매 및 개통 완료 시기: 1~15일 가입 시 다음 달 1일,https://www.moyoplan.com/plans/27328
14830,SKT,다이렉트5G 55,OTT/구독,티빙 광고형 스탠다드 제공 (12개월),티빙,광고형 스탠다드,,,False,,,대상: 대상 요금제 개통한 고객 시기: 조건 달성한 즉시,https://www.moyoplan.com/plans/14830
14830,SKT,다이렉트5G 55,사은품/페이백,네이버웹툰 쿠키 30개 (12개월),,,,,False,,,대상: 대상 요금제 개통한 고객 시기: 조건 달성한 즉시,https://www.moyoplan.com/plans/14830
14830,SKT,다이렉트5G 55,사은품/페이백,첫 달 요금 네이버페이로 전액 환급,,,,,False,,,대상: 대상 요금제 개통 후 2개월 회선 유지한 고객 시기: 조건 달성한 달부터 매월 5일경,https://www.moyoplan.com/plans/14830
14830,SKT,다이렉트5G 55,스마트기기,스마트기기 이용 요금 50% 할인 (1회선),,,,,False,,T다이렉트샵,대상: T 다이렉트샵에서 USIM/eSIM 구매 및 개통 완료한 고객 시기: 요금제 가입 후,https://www.moyoplan.com/plans/14830
35274,LGU+,5G 95GB+(평생),사은품/페이백,33.6만 KB포인트리,,,,,False,,,"대상: 대상 요금제 개통 후 익월 말까지 요금제 유지, 마케팅 및 광고성 수신 동의한 고객 시기: 조건 달성 익월 월말 지급 후 매월 말일 이내",https://www.moyoplan.com/plans/35274
21757,SKT,0청년 다이렉트62(넷플릭스),OTT/구독,티빙 광고형 스탠다드 제공 (12개월),티빙,광고형 스탠다드,,,False,,,,https://www.moyoplan.com/plans/21757
21757,SKT,0청년 다이렉트62(넷플릭스),사은품/페이백,네이버웹툰 쿠키 30개 (12개월),,,,,False,,,,https://www.moyoplan.com/plans/21757
21757,SKT,0청년 다이렉트62(넷플릭스),OTT/구독,넷플릭스 광고형 스탠다드 할인 제공,넷플릭스,광고형 스탠다드,,,False,,T다이렉트샵,대상: T 다이렉트샵에서 USIM/eSIM 구매 및 개통 완료 시기: 요금제 가입 완료 후,https://www.moyoplan.com/plans/21757
21757,SKT,0청년 다이렉트62(넷플릭스),사은품/페이백,CGV 영화관람권 50% 할인 (월 1장),,,,,False,,T다이렉트샵,대상: T 다이렉트샵에서 USIM/eSIM 구매 및 개통 완료 시기: 요금제 가입 완료 후,https://www.moyoplan.com/plans/21757
21757,SKT,0청년 다이렉트62(넷플릭스),사은품/페이백,첫 달 요금 네이버페이로 전액 환급,,,,,False,,,시기: 조건 달성한 달부터 매월 5일경,https://www.moyoplan.com/plans/21757
21757,SKT,0청년 다이렉트62(넷플릭스),사은품/페이백,로밍 50% 할인,,,,,False,,T다이렉트샵,대상: T 다이렉트샵에서 USIM/eSIM 구매 및 개통 완료 시기: 요금제 가입 완료 후,https://www.moyoplan.com/plans/21757
21757,SKT,0청년 다이렉트62(넷플릭스),사은품/페이백,커피 전문점 50% 할인 (월 1잔),,,,,False,,T다이렉트샵,대상: T 다이렉트샵에서 USIM/eSIM 구매 및 개통 완료 시기: 요금제 가입 완료 후,https://www.moyoplan.com/plans/21757
21757,SKT,0청년 다이렉트62(넷플릭스),멤버십,T 멤버십 VIP 제공,,,,,False,,T다이렉트샵,대상: T 다이렉트샵에서 USIM/eSIM 구매 및 개통 완료 시기: 1~15일 가입 시 다음 달 1일,https://www.moyoplan.com/plans/21757
21757,SKT,0청년 다이렉트62(넷플릭스),스마트기기,스마트기기 이용 요금 무료 (1회선),,,,,False,,T다이렉트샵,대상: T 다이렉트샵에서 USIM/eSIM 구매 및 개통 완료 시기: 요금제 가입 후,https://www.moyoplan.com/plans/21757
21759,SKT,다이렉트5G 62(넷플릭스),OTT/구독,티빙 광고형 스탠다드 제공 (12개월),티빙,광고형 스탠다드,,,False,,,,https://www.moyoplan.com/plans/21759
21759,SKT,다이렉트5G 62(넷플릭스),사은품/페이백,네이버웹툰 쿠키 30개 (12개월),,,,,False,,,,https://www.moyoplan.com/plans/21759
21759,SKT,다이렉트5G 62(넷플릭스),OTT/구독,넷플릭스 광고형 스탠다드 할인 제공,넷플릭스,광고형 스탠다드,,,False,,T다이렉트샵,대상: T 다이렉트샵에서 USIM/eSIM 구매 및 개통 완료 시기: 요금제 가입 완료 후,https://www.moyoplan.com/plans/21759
21759,SKT,다이렉트5G 62(넷플릭스),OTT/구독,"T 우주패스, FLO 중 1개 할인",FLO,,,,False,,T다이렉트샵,대상: T 다이렉트샵에서 USIM/eSIM 구매 및 개통 완료 시기: 요금제 가입 완료 후,https://www.moyoplan.com/plans/21759
21759,SKT,다이렉트5G 62(넷플릭스),사은품/페이백,첫 달 요금 네이버페이로 전액 환급,,,,,False,,,시기: 조건 달성한 달부터 매월 5일경,https://www.moyoplan.com/plans/21759
21759,SKT,다이렉트5G 62(넷플릭스),멤버십,T 멤버십 VIP 제공,,,,,False,,T다이렉트샵,대상: T 다이렉트샵에서 USIM/eSIM 구매 및 개통 완료 시기: 1~15일 가입 시 다음 달 1일,https://www.moyoplan.com/plans/21759
21759,SKT,다이렉트5G 62(넷플릭스),스마트기기,스마트기기 이용 요금 무료 (1회선),,,,,False,,T다이렉트샵,대상: T 다이렉트샵에서 USIM/eSIM 구매 및 개통 완료 시기: 요금제 가입 후,https://www.moyoplan.com/plans/21759
36989,LGU+,홈쇼핑 스페셜 5G 95GB+,사은품/페이백,24만 신세계상품권,,,,,False,,,"대상: 대상 요금제 개통 후 익월 말까지 요금제 유지, 마케팅 및 광고성 수신 동의한 고객 시기: 조건 달성 익월 월말 지급 후 매월 말일 이내",https://www.moyoplan.com/plans/36989
27321,SKT,다이렉트5G 76(T 우주),OTT/구독,티빙 광고형 스탠다드 제공 (12개월),티빙,광고형 스탠다드,,,False,,,,https://www.moyoplan.com/plans/27321
27321,SKT,다이렉트5G 76(T 우주),사은품/페이백,네이버웹툰 쿠키 30개 (12개월),,,,,False,,,,https://www.moyoplan.com/plans/27321
27321,SKT,다이렉트5G 76(T 우주),OTT/구독,"T 우주패스 쇼핑, 편의점&카페 중 1개 할인",T 우주,,,,False,,T다이렉트샵,대상: T 다이렉트샵에서 USIM/eSIM 구매 및 개통 완료 시기: 요금제 가입 완료 후,https://www.moyoplan.com/plans/27321
27321,SKT,다이렉트5G 76(T 우주),OTT/구독,T 우주패스 플러스 상품 2종 무료,T 우주,,,,False,,T다이렉트샵,대상: T 다이렉트샵에서 USIM/eSIM 구매 및 개통 완료 시기: 요금제 가입 완료 후,https://www.moyoplan.com/plans/27321
27321,SKT,다이렉트5G 76(T 우주),사은품/페이백,첫 달 요금 네이버페이로 전액 환급,,,,,False,,,시기: 조건 달성한 달부터 매월 5일경,https://www.moyoplan.com/plans/27321
27321,SKT,다이렉트5G 76(T 우주),스마트기기,스마트기기 이용 요금 무료 (2회선),,,,,False,,T다이렉트샵,대상: T 다이렉트샵에서 USIM/eSIM 구매 및 개통 완료 시기: 요금제 가입 후,https://www.moyoplan.com/plans/27321
27321,SKT,다이렉트5G 76(T 우주),멤버십,T 멤버십 VIP 제공,,,,,False,,T다이렉트샵,대상: T 다이렉트샵에서 USIM/eSIM 구매 및 개통 완료 시기: 1~15일 가입 시 다음 달 1일,https://www.moyoplan.com/plans/27321
27327,SKT,다이렉트5G 69(디즈니+),OTT/구독,티빙 광고형 스탠다드 제공 (12개월),티빙,광고형 스탠다드,,,False,,,,https://www.moyoplan.com/plans/27327
27327,SKT,다이렉트5G 69(디즈니+),사은품/페이백,네이버웹툰 쿠키 30개 (12개월),,,,,False,,,,https://www.moyoplan.com/plans/27327
27327,SKT,다이렉트5G 69(디즈니+),OTT/구독,디즈니+ 스탠다드 제공,디즈니+,스탠다드,,,False,,T다이렉트샵,대상: T 다이렉트샵에서 USIM/eSIM 구매 및 개통 완료 시기: 요금제 가입 완료 후,https://www.moyoplan.com/plans/27327
27327,SKT,다이렉트5G 69(디즈니+),사은품/페이백,첫 달 요금 네이버페이로 전액 환급,,,,,False,,,시기: 조건 달성한 달부터 매월 5일경,https://www.moyoplan.com/plans/27327
27327,SKT,다이렉트5G 69(디즈니+),스마트기기,스마트기기 이용 요금 무료 (2회선),,,,,False,,T다이렉트샵,대상: T 다이렉트샵에서 USIM/eSIM 구매 및 개통 완료 시기: 요금제 가입 후,https://www.moyoplan.com/plans/27327
27327,SKT,다이렉트5G 69(디즈니+),멤버십,T 멤버십 VIP 제공,,,,,False,,T다이렉트샵,대상: T 다이렉트샵에서 USIM/eSIM 구매 및 개통 완료 시기: 1~15일 가입 시 다음 달 1일,https://www.moyoplan.com/plans/27327
27326,SKT,0 청년 다이렉트 69(디즈니+),OTT/구독,티빙 광고형 스탠다드 제공 (12개월),티빙,광고형 스탠다드,,,False,,,,https://www.moyoplan.com/plans/27326
27326,SKT,0 청년 다이렉트 69(디즈니+),사은품/페이백,네이버웹툰 쿠키 30개 (12개월),,,,,False,,,,https://www.moyoplan.com/plans/27326
27326,SKT,0 청년 다이렉트 69(디즈니+),OTT/구독,디즈니+ 스탠다드 제공,디즈니+,스탠다드,,,False,,T다이렉트샵,대상: T 다이렉트샵에서 USIM/eSIM 구매 및 개통 완료 시기: 요금제 가입 완료 후,https://www.moyoplan.com/plans/27326
27326,SKT,0 청년 다이렉트 69(디즈니+),사은품/페이백,CGV 영화관람권 50% 할인 (월 1장),,,,,False,,T다이렉트샵,대상: T 다이렉트샵에서 USIM/eSIM 구매 및 개통 완료 시기: 요금제 가입 완료 후,https://www.moyoplan.com/plans/27326
27326,SKT,0 청년 다이렉트 69(디즈니+),사은품/페이백,첫 달 요금 네이버페이로 전액 환급,,,,,False,,,시기: 조건 달성한 달부터 매월 5일경,https://www.moyoplan.com/plans/27326
27326,SKT,0 청년 다이렉트 69(디즈니+),사은품/페이백,로밍 50% 할인,,,,,False,,T다이렉트샵,대상: T 다이렉트샵에서 USIM/eSIM 구매 및 개통 완료 시기: 요금제 가입 완료 후,https://www.moyoplan.com/plans/27326
27326,SKT,0 청년 다이렉트 69(디즈니+),사은품/페이백,커피 전문점 50% 할인 (월 1잔),,,,,False,,T다이렉트샵,대상: T 다이렉트샵에서 USIM/eSIM 구매 및 개통 완료 시기: 요금제 가입 완료 후,https://www.moyoplan.com/plans/27326
27326,SKT,0 청년 다이렉트 69(디즈니+),스마트기기,스마트기기 이용 요금 무료 (2회선),,,,,False,,T다이렉트샵,대상: T 다이렉트샵에서 USIM/eSIM 구매 및 개통 완료 시기: 요금제 가입 후,https://www.moyoplan.com/plans/27326
27326,SKT,0 청년 다이렉트 69(디즈니+),멤버십,T 멤버십 VIP 제공,,,,,False,,T다이렉트샵,대상: T 다이렉트샵에서 USIM/eSIM 구매 및 개통 완료 시기: 1~15일 가입 시 다음 달 1일,https://www.moyoplan.com/plans/27326
14832,SKT,다이렉트5G 42,OTT/구독,티빙 광고형 스탠다드 제공 (6개월),티빙,광고형 스탠다드,,,False,,,대상: 대상 요금제 개통한 고객 시기: 조건 달성한 즉시,https://www.moyoplan.com/plans/14832
14832,SKT,다이렉트5G 42,사은품/페이백,네이버웹툰 쿠키 30개 (6개월),,,,,False,,,대상: 대상 요금제 개통한 고객 시기: 조건 달성한 즉시,https://www.moyoplan.com/plans/14832
14832,SKT,다이렉트5G 42,사은품/페이백,네이버페이 월 2만 원 x 3개월,,,20000,,False,,,대상: 대상 요금제 개통 후 2개월 회선 유지한 고객 시기: 조건 달성한 달부터 매월 5일경,https://www.moyoplan.com/plans/14832
35853,LGU+,5G 95GB+(초알뜰),사은품/페이백,초알뜰 요금제 개통시 KB포인트리 21.9만,,,,,False,,,"대상: 대상 요금제 개통 후 익월 말까지 요금제 유지, 마케팅 및 광고성 수신 동의한 고객 시기: 조건 달성 익월 월말 지급 후 매월 말일 이내",https://www.moyoplan.com/plans/35853
35853,LGU+,5G 95GB+(초알뜰),사은품/페이백,21.9만 Npay,,,,,False,,,"대상: 대상 요금제 개통 후 익월 말까지 요금제 유지, 마케팅 및 광고성 수신 동의한 고객 시기: 조건 달성 익월 월말 지급 후 매월 말일 이내",https://www.moyoplan.com/plans/35853
27331,SKT,다이렉트5G 76(유튜브 프리미엄),OTT/구독,티빙 광고형 스탠다드 제공 (12개월),티빙,광고형 스탠다드,,,False,,,,https://www.moyoplan.com/plans/27331
27331,SKT,다이렉트5G 76(유튜브 프리미엄),사은품/페이백,네이버웹툰 쿠키 30개 (12개월),,,,,False,,,,https://www.moyoplan.com/plans/27331
27331,SKT,다이렉트5G 76(유튜브 프리미엄),OTT/구독,유튜브 프리미엄 구독 할인,유튜브 프리미엄,,,,False,,T다이렉트샵,대상: T 다이렉트샵에서 USIM/eSIM 구매 및 개통 완료 시기: 요금제 가입 완료 후,https://www.moyoplan.com/plans/27331
27331,SKT,다이렉트5G 76(유튜브 프리미엄),사은품/페이백,첫 달 요금 네이버페이로 전액 환급,,,,,False,,,시기: 조건 달성한 달부터 매월 5일경,https://www.moyoplan.com/plans/27331
27331,SKT,다이렉트5G 76(유튜브 프리미엄),스마트기기,스마트기기 이용 요금 무료 (2회선),,,,,False,,T다이렉트샵,대상: T 다이렉트샵에서 USIM/eSIM 구매 및 개통 완료 시기: 요금제 가입 후,https://www.moyoplan.com/plans/27331
27331,SKT,다이렉트5G 76(유튜브 프리미엄),멤버십,T 멤버십 VIP 제공,,,,,False,,T다이렉트샵,대상: T 다이렉트샵에서 USIM/eSIM 구매 및 개통 완료 시기: 1~15일 가입 시 다음 달 1일,https://www.moyoplan.com/plans/27331
27317,SKT,0 청년 다이렉트 69(T우주),OTT/구독,티빙 광고형 스탠다드 제공 (12개월),티빙,광고형 스탠다드,,,False,,,,https://www.moyoplan.com/plans/27317
27317,SKT,0 청년 다이렉트 69(T우주),사은품/페이백,네이버웹툰 쿠키 30개 (12개월),,,,,False,,,,https://www.moyoplan.com/plans/27317
27317,SKT,0 청년 다이렉트 69(T우주),사은품/페이백,CGV 영화관람권 50% 할인 (월 1장),,,,,False,,T다이렉트샵,대상: T 다이렉트샵에서 USIM/eSIM 구매 및 개통 완료 시기: 요금제 가입 완료 후,https://www.moyoplan.com/plans/27317
27317,SKT,0 청년 다이렉트 69(T우주),사은품/페이백,첫 달 요금 네이버페이로 전액 환급,,,,,False,,,시기: 조건 달성한 달부터 매월 5일경,https://www.moyoplan.com/plans/27317
27317,SKT,0 청년 다이렉트 69(T우주),사은품/페이백,로밍 50% 할인,,,,,False,,T다이렉트샵,대상: T 다이렉트샵에서 USIM/eSIM 구매 및 개통 완료 시기: 요금제 가입 완료 후,https://www.moyoplan.com/plans/27317
27317,SKT,0 청년 다이렉트 69(T우주),사은품/페이백,커피 전문점 50% 할인 (월 1잔),,,,,False,,T다이렉트샵,대상: T 다이렉트샵에서 USIM/eSIM 구매 및 개통 완료 시기: 요금제 가입 완료 후,https://www.moyoplan.com/plans/27317
27317,SKT,0 청년 다이렉트 69(T우주),스마트기기,스마트기기 이용 요금 무료 (2회선),,,,,False,,T다이렉트샵,대상: T 다이렉트샵에서 USIM/eSIM 구매 및 개통 완료 시기: 요금제 가입 후,https://www.moyoplan.com/plans/27317
27317,SKT,0 청년 다이렉트 69(T우주),멤버십,T 멤버십 VIP 제공,,,,,False,,T다이렉트샵,대상: T 다이렉트샵에서 USIM/eSIM 구매 및 개통 완료 시기: 1~15일 가입 시 다음 달 1일,https://www.moyoplan.com/plans/27317
27318,SKT,다이렉트5G 69(T 우주),OTT/구독,티빙 광고형 스탠다드 제공 (12개월),티빙,광고형 스탠다드,,,False,,,,https://www.moyoplan.com/plans/27318
27318,SKT,다이렉트5G 69(T 우주),사은품/페이백,네이버웹툰 쿠키 30개 (12개월),,,,,False,,,,https://www.moyoplan.com/plans/27318
27318,SKT,다이렉트5G 69(T 우주),OTT/구독,"T 우주패스,FLO,Wavve 중 1개 무료",웨이브,,,,False,,T다이렉트샵,대상: T 다이렉트샵에서 USIM/eSIM 구매 및 개통 완료 시기: 요금제 가입 후,https://www.moyoplan.com/plans/27318
27318,SKT,다이렉트5G 69(T 우주),사은품/페이백,첫 달 요금 네이버페이로 전액 환급,,,,,False,,,시기: 조건 달성한 달부터 매월 5일경,https://www.moyoplan.com/plans/27318
27318,SKT,다이렉트5G 69(T 우주),스마트기기,스마트기기 이용 요금 무료 (2회선),,,,,False,,T다이렉트샵,대상: T 다이렉트샵에서 USIM/eSIM 구매 및 개통 완료 시기: 요금제 가입 후,https://www.moyoplan.com/plans/27318
27318,SKT,다이렉트5G 69(T 우주),멤버십,T 멤버십 VIP 제공,,,,,False,,T다이렉트샵,대상: T 다이렉트샵에서 USIM/eSIM 구매 및 개통 완료 시기: 1~15일 가입 시 다음 달 1일,https://www.moyoplan.com/plans/27318
27329,SKT,다이렉트5G 76(디즈니+),OTT/구독,티빙 광고형 스탠다드 제공 (12개월),티빙,광고형 스탠다드,,,False,,,,https://www.moyoplan.com/plans/27329
27329,SKT,다이렉트5G 76(디즈니+),사은품/페이백,네이버웹툰 쿠키 30개 (12개월),,,,,False,,,,https://www.moyoplan.com/plans/27329
27329,SKT,다이렉트5G 76(디즈니+),OTT/구독,디즈니+ 프리미엄 제공,디즈니+,프리미엄,,,False,,T다이렉트샵,대상: T 다이렉트샵에서 USIM/eSIM 구매 및 개통 완료 시기: 요금제 가입 완료 후,https://www.moyoplan.com/plans/27329
27329,SKT,다이렉트5G 76(디즈니+),사은품/페이백,첫 달 요금 네이버페이로 전액 환급,,,,,False,,,시기: 조건 달성한 달부터 매월 5일경,https://www.moyoplan.com/plans/27329
27329,SKT,다이렉트5G 76(디즈니+),스마트기기,스마트기기 이용 요금 무료 (2회선),,,,,False,,T다이렉트샵,대상: T 다이렉트샵에서 USIM/eSIM 구매 및 개통 완료 시기: 요금제 가입 후,https://www.moyoplan.com/plans/27329
27329,SKT,다이렉트5G 76(디즈니+),멤버십,T 멤버십 VIP 제공,,,,,False,,T다이렉트샵,대상: T 다이렉트샵에서 USIM/eSIM 구매 및 개통 완료 시기: 1~15일 가입 시 다음 달 1일,https://www.moyoplan.com/plans/27329
27330,SKT,다이렉트5G 76(스마트 기기),OTT/구독,티빙 광고형 스탠다드 제공 (12개월),티빙,광고형 스탠다드,,,False,,,,https://www.moyoplan.com/plans/27330
27330,SKT,다이렉트5G 76(스마트 기기),사은품/페이백,네이버웹툰 쿠키 30개 (12개월),,,,,False,,,,https://www.moyoplan.com/plans/27330
27330,SKT,다이렉트5G 76(스마트 기기),스마트기기,"스마트기기 할인 (최대 12,000원)",,,12000,,False,,T다이렉트샵,대상: T 다이렉트샵에서 USIM/eSIM 구매 및 개통 완료 시기: 요금제 가입 후,https://www.moyoplan.com/plans/27330
27330,SKT,다이렉트5G 76(스마트 기기),사은품/페이백,첫 달 요금 네이버페이로 전액 환급,,,,,False,,,시기: 조건 달성한 달부터 매월 5일경,https://www.moyoplan.com/plans/27330
27330,SKT,다이렉트5G 76(스마트 기기),스마트기기,스마트기기 이용 요금 무료 (2회선),,,,,False,,T다이렉트샵,대상: T 다이렉트샵에서 USIM/eSIM 구매 및 개통 완료 시기: 요금제 가입 후,https://www.moyoplan.com/plans/27330
27330,SKT,다이렉트5G 76(스마트 기기),멤버십,T 멤버십 VIP 제공,,,,,False,,T다이렉트샵,대상: T 다이렉트샵에서 USIM/eSIM 구매 및 개통 완료 시기: 1~15일 가입 시 다음 달 1일,https://www.moyoplan.com/plans/27330
15412,SKT,0 청년 다이렉트 30,사은품/페이백,CGV 영화관람권 50% 할인 (월 1장),,,,,False,,T다이렉트샵,대상: T 다이렉트샵에서 USIM/eSIM 구매 및 개통 완료한 고객 시기: 요금제 가입 완료 후,https://www.moyoplan.com/plans/15412
15412,SKT,0 청년 다이렉트 30,사은품/페이백,로밍 50% 할인,,,,,False,,T다이렉트샵,대상: T 다이렉트샵에서 USIM/eSIM 구매 및 개통 완료한 고객 시기: 요금제 가입 완료 후,https://www.moyoplan.com/plans/15412
15412,SKT,0 청년 다이렉트 30,사은품/페이백,커피 전문점 50% 할인 (월 1잔),,,,,False,,T다이렉트샵,대상: T 다이렉트샵에서 USIM/eSIM 구매 및 개통 완료한 고객 시기: 요금제 가입 완료 후,https://www.moyoplan.com/plans/15412
31866,SKT,다이렉트5G 34,OTT/구독,티빙 광고형 스탠다드 제공 (6개월),티빙,광고형 스탠다드,,,False,,,대상: 대상 요금제 개통한 고객 시기: 조건 달성한 즉시,https://www.moyoplan.com/plans/31866
31866,SKT,다이렉트5G 34,사은품/페이백,네이버웹툰 쿠키 30개 (6개월),,,,,False,,,대상: 대상 요금제 개통한 고객 시기: 조건 달성한 즉시,https://www.moyoplan.com/plans/31866
31866,SKT,다이렉트5G 34,사은품/페이백,네이버페이 월 2만 원 x 3개월,,,20000,,False,,,대상: 대상 요금제 개통 후 2개월 회선 유지한 고객 시기: 조건 달성한 달부터 매월 5일경,https://www.moyoplan.com/plans/31866
