customer_id,usage_month,data_usage_gb,voice_usage_min,sms_usage_count,tethering_usage_gb
CUS000001,2026-05,2.0,149,48,0.9
CUS000001,2026-06,2.9,215,69,1.3
CUS000001,2026-07,2.2,163,53,1.0
CUS000002,2026-05,27.0,158,91,4.1
CUS000002,2026-06,33.1,193,111,5.0
CUS000002,2026-07,24.9,145,84,3.7
CUS000003,2026-05,31.4,203,105,5.3
CUS000003,2026-06,32.7,212,110,5.6
CUS000003,2026-07,30.9,200,104,5.2
CUS000004,2026-05,5.0,140,37,0.1
CUS000004,2026-06,5.7,162,43,0.2
CUS000004,2026-07,3.6,102,27,0.1
CUS000005,2026-05,5.1,81,52,1.7
CUS000005,2026-06,5.2,83,54,1.7
CUS000005,2026-07,3.6,57,37,1.2
CUS000006,2026-05,3.8,65,65,1.4
CUS000006,2026-06,4.2,73,72,1.5
CUS000006,2026-07,5.3,92,91,1.9
CUS000007,2026-05,9.1,235,50,4.5
CUS000007,2026-06,11.9,309,66,5.9
CUS000007,2026-07,8.3,215,46,4.1
CUS000008,2026-05,5.9,58,43,0.6
CUS000008,2026-06,6.9,68,51,0.7
CUS000008,2026-07,5.0,50,37,0.5
CUS000009,2026-05,15.7,336,72,3.9
CUS000009,2026-06,19.2,412,89,4.7
CUS000009,2026-07,15.5,331,71,3.8
CUS000010,2026-05,8.5,202,41,0.8
CUS000010,2026-06,6.4,151,31,0.6
CUS000010,2026-07,6.6,156,32,0.6
CUS000011,2026-05,1.8,180,66,0.4
CUS000011,2026-06,2.0,195,72,0.5
CUS000011,2026-07,1.3,134,49,0.3
CUS000012,2026-05,3.2,102,59,0.3
CUS000012,2026-06,2.8,91,53,0.3
CUS000012,2026-07,2.3,74,43,0.2
CUS000013,2026-05,2.7,41,25,0.6
CUS000013,2026-06,4.1,63,38,1.0
CUS000013,2026-07,4.1,63,38,1.0
CUS000014,2026-05,0.5,147,13,1.7
CUS000014,2026-06,0.5,147,13,1.7
CUS000014,2026-07,0.5,130,11,1.5
CUS000015,2026-05,2.0,96,13,1.1
CUS000015,2026-06,2.5,120,16,1.4
CUS000015,2026-07,2.7,132,17,1.5
CUS000016,2026-05,4.7,115,65,0.0
CUS000016,2026-06,4.2,102,58,0.0
CUS000016,2026-07,6.1,149,85,0.0
CUS000017,2026-05,2.8,68,14,1.6
CUS000017,2026-06,3.6,90,18,2.1
CUS000017,2026-07,2.9,72,15,1.6
CUS000018,2026-05,21.9,226,23,4.1
CUS000018,2026-06,18.4,190,20,3.5
CUS000018,2026-07,29.0,300,31,5.4
CUS000019,2026-05,1.3,89,37,0.4
CUS000019,2026-06,1.2,87,36,0.4
CUS000019,2026-07,1.6,111,46,0.5
CUS000020,2026-05,12.5,52,59,1.5
CUS000020,2026-06,6.0,45,50,0.7
CUS000020,2026-07,7.2,54,61,0.9
CUS000021,2026-05,2.7,122,63,0.4
CUS000021,2026-06,2.5,113,58,0.4
CUS000021,2026-07,2.6,121,63,0.4
CUS000022,2026-05,7.9,174,93,1.7
CUS000022,2026-06,8.1,178,96,1.7
CUS000022,2026-07,7.6,166,89,1.6
CUS000023,2026-05,5.1,184,20,1.9
CUS000023,2026-06,4.0,144,16,1.5
CUS000023,2026-07,3.8,140,15,1.5
CUS000024,2026-05,34.8,431,137,9.1
CUS000024,2026-06,24.2,300,95,6.3
CUS000024,2026-07,24.5,304,97,6.4
CUS000025,2026-05,3.4,69,30,1.3
CUS000025,2026-06,5.1,102,44,1.9
CUS000025,2026-07,6.7,74,32,2.4
CUS000026,2026-05,5.6,121,31,0.5
CUS000026,2026-06,5.1,111,29,0.5
CUS000026,2026-07,8.9,107,28,0.8
CUS000027,2026-05,24.4,165,42,2.7
CUS000027,2026-06,26.2,177,45,2.9
CUS000027,2026-07,25.3,171,43,2.8
CUS000028,2026-05,21.8,256,55,6.7
CUS000028,2026-06,19.4,228,49,5.9
CUS000028,2026-07,19.8,233,50,6.1
CUS000029,2026-05,4.5,198,39,0.9
CUS000029,2026-06,4.2,183,36,0.8
CUS000029,2026-07,3.8,166,32,0.8
CUS000030,2026-05,4.3,171,27,0.0
CUS000030,2026-06,2.3,165,26,0.0
CUS000030,2026-07,2.8,201,31,0.0
CUS000031,2026-05,19.4,417,137,4.7
CUS000031,2026-06,13.4,288,94,3.2
CUS000031,2026-07,11.9,257,84,2.9
CUS000032,2026-05,7.4,110,51,0.5
CUS000032,2026-06,8.2,121,56,0.5
CUS000032,2026-07,6.6,97,45,0.4
CUS000033,2026-05,30.4,261,100,5.6
CUS000033,2026-06,25.4,218,84,4.6
CUS000033,2026-07,27.5,236,90,5.0
CUS000034,2026-05,25.7,123,119,2.7
CUS000034,2026-06,20.1,96,93,2.1
CUS000034,2026-07,28.9,137,133,3.0
CUS000035,2026-05,6.6,90,29,0.1
CUS000035,2026-06,9.6,131,43,0.2
CUS000035,2026-07,9.9,134,44,0.2
CUS000036,2026-05,1.6,162,44,1.2
CUS000036,2026-06,1.2,122,33,0.9
CUS000036,2026-07,1.7,174,48,1.3
CUS000037,2026-05,17.1,276,132,5.6
CUS000037,2026-06,17.6,285,136,5.8
CUS000037,2026-07,16.6,267,128,5.4
CUS000038,2026-05,9.1,87,43,1.9
CUS000038,2026-06,6.6,64,31,1.4
CUS000038,2026-07,5.8,56,27,1.2
CUS000039,2026-05,4.8,106,69,0.8
CUS000039,2026-06,4.9,110,71,0.8
CUS000039,2026-07,5.4,121,78,0.9
CUS000040,2026-05,2.2,107,63,0.7
CUS000040,2026-06,2.9,142,84,1.0
CUS000040,2026-07,2.3,109,65,0.7
CUS000041,2026-05,24.8,227,23,3.1
CUS000041,2026-06,18.3,168,17,2.3
CUS000041,2026-07,25.7,235,24,3.2
CUS000042,2026-05,3.4,55,28,0.3
CUS000042,2026-06,5.0,80,41,0.4
CUS000042,2026-07,3.2,52,27,0.3
CUS000043,2026-05,2.6,50,53,1.0
CUS000043,2026-06,2.1,41,43,0.8
CUS000043,2026-07,3.1,61,64,1.2
CUS000044,2026-05,6.1,213,46,1.8
CUS000044,2026-06,4.1,143,31,1.2
CUS000044,2026-07,5.6,199,43,1.7
CUS000045,2026-05,2.0,157,67,1.7
CUS000045,2026-06,2.4,190,81,2.0
CUS000045,2026-07,2.2,170,72,1.8
CUS000046,2026-05,4.4,59,33,0.6
CUS000046,2026-06,4.9,67,37,0.7
CUS000046,2026-07,6.1,82,45,0.9
CUS000047,2026-05,4.4,173,21,0.8
CUS000047,2026-06,5.0,199,25,1.0
CUS000047,2026-07,3.8,150,18,0.7
CUS000048,2026-05,4.3,52,51,1.6
CUS000048,2026-06,4.4,53,52,1.7
CUS000048,2026-07,8.8,59,58,3.3
CUS000049,2026-05,9.0,207,112,4.0
CUS000049,2026-06,11.7,268,145,5.2
CUS000049,2026-07,7.6,175,95,3.4
CUS000050,2026-05,1.0,103,35,1.1
CUS000050,2026-06,1.3,135,45,1.4
CUS000050,2026-07,1.1,107,36,1.1
CUS000051,2026-05,27.8,338,25,6.6
CUS000051,2026-06,18.1,220,16,4.3
CUS000051,2026-07,24.5,298,22,5.8
CUS000052,2026-05,31.9,318,58,1.8
CUS000052,2026-06,33.9,337,61,1.9
CUS000052,2026-07,33.8,336,61,1.9
CUS000053,2026-05,12.8,232,20,0.6
CUS000053,2026-06,27.6,279,24,1.3
CUS000053,2026-07,14.9,272,23,0.7
CUS000054,2026-05,3.4,140,6,0.9
CUS000054,2026-06,3.2,134,6,0.8
CUS000054,2026-07,3.4,143,6,0.9
CUS000055,2026-05,2.8,45,29,1.6
CUS000055,2026-06,4.1,66,43,2.4
CUS000055,2026-07,4.1,66,43,2.4
CUS000056,2026-05,2.0,198,46,1.2
CUS000056,2026-06,1.4,135,31,0.8
CUS000056,2026-07,1.8,183,42,1.1
CUS000057,2026-05,0.6,154,61,1.7
CUS000057,2026-06,0.6,153,60,1.7
CUS000057,2026-07,0.5,120,47,1.3
CUS000058,2026-05,8.3,115,38,1.1
CUS000058,2026-06,7.3,101,34,0.9
CUS000058,2026-07,6.9,95,32,0.9
CUS000059,2026-05,7.0,177,40,1.8
CUS000059,2026-06,9.0,227,51,2.3
CUS000059,2026-07,8.0,200,45,2.1
CUS000060,2026-05,21.4,193,58,0.6
CUS000060,2026-06,24.7,223,67,0.7
CUS000060,2026-07,20.0,181,54,0.5
CUS000061,2026-05,4.0,73,47,0.8
CUS000061,2026-06,4.6,83,54,0.9
CUS000061,2026-07,6.0,107,70,1.2
CUS000062,2026-05,8.3,109,56,0.6
CUS000062,2026-06,7.6,99,51,0.5
CUS000062,2026-07,5.3,70,36,0.4
CUS000063,2026-05,4.3,225,25,1.5
CUS000063,2026-06,4.0,209,23,1.4
CUS000063,2026-07,3.8,199,22,1.3
CUS000064,2026-05,9.0,117,88,1.0
CUS000064,2026-06,7.7,100,74,0.9
CUS000064,2026-07,6.8,88,66,0.8
CUS000065,2026-05,1.1,203,63,0.6
CUS000065,2026-06,1.1,200,62,0.6
CUS000065,2026-07,0.9,176,54,0.6
CUS000066,2026-05,35.7,439,30,9.5
CUS000066,2026-06,33.3,410,28,8.9
CUS000066,2026-07,31.7,389,26,8.4
CUS000067,2026-05,2.2,26,19,1.0
CUS000067,2026-06,2.5,30,22,1.2
CUS000067,2026-07,3.2,38,28,1.5
CUS000068,2026-05,3.1,64,13,1.5
CUS000068,2026-06,2.4,49,10,1.2
CUS000068,2026-07,2.2,44,9,1.0
CUS000069,2026-05,30.8,478,73,8.3
CUS000069,2026-06,24.6,381,58,6.7
CUS000069,2026-07,20.5,317,48,5.5
CUS000070,2026-05,8.3,258,103,2.9
CUS000070,2026-06,11.1,345,137,3.8
CUS000070,2026-07,23.1,398,158,8.0
CUS000071,2026-05,3.0,119,39,1.5
CUS000071,2026-06,3.8,153,50,1.9
CUS000071,2026-07,4.1,165,54,2.1
CUS000072,2026-05,25.2,245,31,4.0
CUS000072,2026-06,35.2,342,43,5.5
CUS000072,2026-07,24.6,239,30,3.9
CUS000073,2026-05,8.7,121,6,1.3
CUS000073,2026-06,7.5,104,5,1.1
CUS000073,2026-07,5.8,82,4,0.9
CUS000074,2026-05,22.7,215,38,5.7
CUS000074,2026-06,28.9,274,49,7.3
CUS000074,2026-07,30.2,286,51,7.6
CUS000075,2026-05,3.7,158,21,1.7
CUS000075,2026-06,6.2,148,20,2.8
CUS000075,2026-07,4.2,182,24,1.9
CUS000076,2026-05,25.6,328,108,0.1
CUS000076,2026-06,30.2,386,128,0.1
CUS000076,2026-07,30.1,386,127,0.1
CUS000077,2026-05,14.6,313,172,2.6
CUS000077,2026-06,11.1,237,130,2.0
CUS000077,2026-07,11.2,240,132,2.0
CUS000078,2026-05,22.3,426,89,4.8
CUS000078,2026-06,21.5,410,86,4.7
CUS000078,2026-07,18.9,360,75,4.1
CUS000079,2026-05,9.2,175,92,0.4
CUS000079,2026-06,7.4,141,74,0.3
CUS000079,2026-07,7.2,137,72,0.3
CUS000080,2026-05,20.0,235,47,2.6
CUS000080,2026-06,21.3,250,50,2.8
CUS000080,2026-07,25.1,295,59,3.2
CUS000081,2026-05,23.7,212,60,4.9
CUS000081,2026-06,21.5,193,54,4.4
CUS000081,2026-07,27.1,243,68,5.6
CUS000082,2026-05,1.6,130,61,2.0
CUS000082,2026-06,1.5,116,54,1.8
CUS000082,2026-07,1.2,98,46,1.5
CUS000083,2026-05,2.5,44,28,0.3
CUS000083,2026-06,2.5,43,28,0.3
CUS000083,2026-07,2.0,36,23,0.2
CUS000084,2026-05,3.8,59,38,0.9
CUS000084,2026-06,5.3,83,53,1.3
CUS000084,2026-07,4.4,68,44,1.0
CUS000085,2026-05,3.9,26,16,0.6
CUS000085,2026-06,4.3,28,17,0.6
CUS000085,2026-07,5.9,39,23,0.9
CUS000086,2026-05,3.3,67,42,0.8
CUS000086,2026-06,4.7,96,60,1.1
CUS000086,2026-07,3.7,75,47,0.9
CUS000087,2026-05,21.1,291,106,5.7
CUS000087,2026-06,20.0,275,100,5.4
CUS000087,2026-07,23.7,326,119,6.4
CUS000088,2026-05,4.0,77,58,1.4
CUS000088,2026-06,4.8,93,69,1.7
CUS000088,2026-07,4.7,91,68,1.6
CUS000089,2026-05,8.8,179,29,0.0
CUS000089,2026-06,9.2,187,30,0.0
CUS000089,2026-07,9.1,185,30,0.0
CUS000090,2026-05,18.5,249,107,5.6
CUS000090,2026-06,18.6,250,108,5.6
CUS000090,2026-07,23.5,317,136,7.1
CUS000091,2026-05,30.8,413,78,2.8
CUS000091,2026-06,28.2,378,71,2.6
CUS000091,2026-07,21.6,290,55,2.0
CUS000092,2026-05,12.8,213,68,5.3
CUS000092,2026-06,13.8,230,74,5.7
CUS000092,2026-07,15.1,252,81,6.3
CUS000093,2026-05,2.2,80,6,0.1
CUS000093,2026-06,3.2,116,9,0.2
CUS000093,2026-07,2.5,90,7,0.1
CUS000094,2026-05,3.4,57,7,0.9
CUS000094,2026-06,2.2,37,5,0.6
CUS000094,2026-07,2.2,36,5,0.5
CUS000095,2026-05,2.0,190,24,0.5
CUS000095,2026-06,1.8,174,22,0.5
CUS000095,2026-07,1.4,133,17,0.4
CUS000096,2026-05,4.0,84,66,1.9
CUS000096,2026-06,3.3,69,54,1.5
CUS000096,2026-07,3.9,80,64,1.8
CUS000097,2026-05,1.5,84,6,2.4
CUS000097,2026-06,1.0,104,7,1.6
CUS000097,2026-07,1.0,103,7,1.6
CUS000098,2026-05,4.1,113,41,1.0
CUS000098,2026-06,5.1,144,52,1.2
CUS000098,2026-07,4.1,114,42,1.0
CUS000099,2026-05,4.1,112,19,1.6
CUS000099,2026-06,4.9,132,22,1.9
CUS000099,2026-07,3.6,97,16,1.4
CUS000100,2026-05,2.2,55,41,0.4
CUS000100,2026-06,2.5,61,46,0.4
CUS000100,2026-07,2.5,62,47,0.4
CUS000101,2026-05,14.5,315,105,6.0
CUS000101,2026-06,14.4,313,104,5.9
CUS000101,2026-07,16.4,356,118,6.7
CUS000102,2026-05,4.9,86,14,2.0
CUS000102,2026-06,3.1,98,16,1.3
CUS000102,2026-07,2.9,91,15,1.2
CUS000103,2026-05,11.5,158,89,1.1
CUS000103,2026-06,13.2,180,101,1.3
CUS000103,2026-07,17.6,240,135,1.7
CUS000104,2026-05,2.6,124,30,0.7
CUS000104,2026-06,4.0,192,47,1.1
CUS000104,2026-07,3.3,161,39,0.9
CUS000105,2026-05,2.8,163,27,1.7
CUS000105,2026-06,2.9,169,28,1.8
CUS000105,2026-07,3.6,213,35,2.3
CUS000106,2026-05,13.8,359,32,1.8
CUS000106,2026-06,13.8,358,31,1.8
CUS000106,2026-07,13.0,337,30,1.7
CUS000107,2026-05,14.7,236,47,2.3
CUS000107,2026-06,11.9,192,38,1.9
CUS000107,2026-07,10.8,173,34,1.7
CUS000108,2026-05,6.8,40,93,0.8
CUS000108,2026-06,6.0,35,82,0.7
CUS000108,2026-07,11.9,39,90,1.5
CUS000109,2026-05,3.3,80,48,0.7
CUS000109,2026-06,3.4,83,50,0.7
CUS000109,2026-07,3.0,71,43,0.6
CUS000110,2026-05,5.7,81,71,0.5
CUS000110,2026-06,7.0,98,86,0.6
CUS000110,2026-07,7.3,103,90,0.6
CUS000111,2026-05,4.6,103,68,0.4
CUS000111,2026-06,3.7,82,54,0.3
CUS000111,2026-07,4.5,100,66,0.4
CUS000112,2026-05,6.2,52,30,0.8
CUS000112,2026-06,5.9,49,29,0.8
CUS000112,2026-07,5.5,45,27,0.7
CUS000113,2026-05,0.6,35,24,0.2
CUS000113,2026-06,0.6,35,24,0.2
CUS000113,2026-07,0.4,26,18,0.2
CUS000114,2026-05,16.2,110,48,6.1
CUS000114,2026-06,19.5,133,58,7.3
CUS000114,2026-07,22.9,156,68,8.6
CUS000115,2026-05,14.1,424,76,0.2
CUS000115,2026-06,12.7,381,68,0.2
CUS000115,2026-07,15.7,473,84,0.2
CUS000116,2026-05,29.3,149,22,2.6
CUS000116,2026-06,24.7,126,19,2.2
CUS000116,2026-07,34.1,174,26,3.1
CUS000117,2026-05,2.4,143,58,0.2
CUS000117,2026-06,3.4,202,82,0.2
CUS000117,2026-07,2.6,154,62,0.2
CUS000118,2026-05,7.6,125,44,2.0
CUS000118,2026-06,6.5,107,38,1.7
CUS000118,2026-07,5.4,89,31,1.4
CUS000119,2026-05,0.7,52,47,0.6
CUS000119,2026-06,1.0,69,63,0.8
CUS000119,2026-07,1.0,75,68,0.9
CUS000120,2026-05,19.2,349,11,0.1
CUS000120,2026-06,23.8,432,13,0.1
CUS000120,2026-07,24.9,453,14,0.1
CUS000121,2026-05,11.1,407,15,6.0
CUS000121,2026-06,8.2,300,11,4.4
CUS000121,2026-07,12.5,457,17,6.7
CUS000122,2026-05,29.2,261,83,5.2
CUS000122,2026-06,29.9,267,85,5.3
CUS000122,2026-07,33.8,302,96,6.0
CUS000123,2026-05,6.3,79,92,0.5
CUS000123,2026-06,4.4,54,63,0.4
CUS000123,2026-07,4.1,51,59,0.3
CUS000124,2026-05,18.8,321,17,3.6
CUS000124,2026-06,30.0,285,15,5.8
CUS000124,2026-07,24.8,423,22,4.8
CUS000125,2026-05,4.8,157,66,1.7
CUS000125,2026-06,6.1,202,85,2.2
CUS000125,2026-07,5.3,175,74,1.9
CUS000126,2026-05,13.9,214,52,3.7
CUS000126,2026-06,12.4,191,46,3.3
CUS000126,2026-07,11.1,171,41,3.0
CUS000127,2026-05,27.0,226,72,6.1
CUS000127,2026-06,28.6,240,77,6.5
CUS000127,2026-07,23.3,196,62,5.3
CUS000128,2026-05,7.0,118,55,0.2
CUS000128,2026-06,7.3,123,57,0.2
CUS000128,2026-07,8.2,138,64,0.2
CUS000129,2026-05,21.1,169,109,1.4
CUS000129,2026-06,22.8,183,118,1.6
CUS000129,2026-07,30.6,245,158,2.1
CUS000130,2026-05,0.6,199,32,1.5
CUS000130,2026-06,1.3,224,36,3.0
CUS000130,2026-07,0.6,191,30,1.4
CUS000131,2026-05,17.3,366,119,1.0
CUS000131,2026-06,18.0,381,124,1.1
CUS000131,2026-07,14.5,307,100,0.9
CUS000132,2026-05,14.6,336,78,3.5
CUS000132,2026-06,16.0,368,86,3.9
CUS000132,2026-07,19.0,438,102,4.6
CUS000133,2026-05,18.8,310,81,2.0
CUS000133,2026-06,28.7,473,123,3.0
CUS000133,2026-07,19.3,318,83,2.0
CUS000134,2026-05,15.3,169,22,1.8
CUS000134,2026-06,24.7,272,35,2.9
CUS000134,2026-07,24.1,266,35,2.8
CUS000135,2026-05,1.3,205,34,0.2
CUS000135,2026-06,1.2,192,32,0.1
CUS000135,2026-07,1.0,154,26,0.1
CUS000136,2026-05,25.5,334,122,4.6
CUS000136,2026-06,19.4,254,93,3.5
CUS000136,2026-07,27.5,361,132,5.0
CUS000137,2026-05,3.2,164,61,0.7
CUS000137,2026-06,3.4,176,65,0.8
CUS000137,2026-07,3.4,175,65,0.8
CUS000138,2026-05,5.8,77,32,1.7
CUS000138,2026-06,4.7,62,26,1.4
CUS000138,2026-07,3.9,52,22,1.1
CUS000139,2026-05,21.1,279,97,2.1
CUS000139,2026-06,24.1,317,111,2.4
CUS000139,2026-07,22.5,296,103,2.3
CUS000140,2026-05,13.6,241,72,3.2
CUS000140,2026-06,20.7,366,109,4.9
CUS000140,2026-07,15.7,279,83,3.7
CUS000141,2026-05,2.0,145,20,1.8
CUS000141,2026-06,1.7,126,17,1.6
CUS000141,2026-07,1.7,124,17,1.5
CUS000142,2026-05,8.7,88,48,2.2
CUS000142,2026-06,7.9,79,44,1.9
CUS000142,2026-07,7.9,80,44,2.0
CUS000143,2026-05,10.6,172,27,2.6
CUS000143,2026-06,10.0,163,26,2.4
CUS000143,2026-07,13.0,211,33,3.2
CUS000144,2026-05,22.9,139,147,7.0
CUS000144,2026-06,19.6,119,125,6.0
CUS000144,2026-07,20.5,125,131,6.3
CUS000145,2026-05,31.0,371,89,4.7
CUS000145,2026-06,19.7,424,101,3.0
CUS000145,2026-07,14.3,309,74,2.2
CUS000146,2026-05,6.4,32,47,0.8
CUS000146,2026-06,5.7,28,42,0.7
CUS000146,2026-07,5.6,27,41,0.7
CUS000147,2026-05,7.8,82,72,1.7
CUS000147,2026-06,13.5,79,69,2.9
CUS000147,2026-07,7.5,79,69,1.6
CUS000148,2026-05,5.9,116,71,0.3
CUS000148,2026-06,6.9,136,84,0.4
CUS000148,2026-07,11.2,122,75,0.6
CUS000149,2026-05,3.4,208,18,0.4
CUS000149,2026-06,3.5,212,18,0.4
CUS000149,2026-07,2.6,157,14,0.3
CUS000150,2026-05,7.2,135,68,0.1
CUS000150,2026-06,7.4,139,69,0.1
CUS000150,2026-07,5.7,107,53,0.1
CUS000151,2026-05,5.4,170,38,1.2
CUS000151,2026-06,4.8,150,34,1.1
CUS000151,2026-07,4.7,147,33,1.0
CUS000152,2026-05,5.8,109,20,1.0
CUS000152,2026-06,8.1,152,28,1.4
CUS000152,2026-07,6.3,118,22,1.1
CUS000153,2026-05,6.7,140,76,1.3
CUS000153,2026-06,8.0,167,90,1.6
CUS000153,2026-07,10.3,120,65,2.1
CUS000154,2026-05,1.0,139,39,0.1
CUS000154,2026-06,1.2,165,46,0.1
CUS000154,2026-07,1.1,150,42,0.1
CUS000155,2026-05,18.0,328,47,5.2
CUS000155,2026-06,19.2,352,50,5.5
CUS000155,2026-07,20.5,375,54,5.9
CUS000156,2026-05,24.9,156,21,3.0
CUS000156,2026-06,34.4,216,29,4.1
CUS000156,2026-07,33.1,208,28,3.9
CUS000157,2026-05,112.8,221,11,22.0
CUS000157,2026-06,94.4,185,9,18.4
CUS000157,2026-07,78.1,153,7,15.3
CUS000158,2026-05,14.0,173,165,7.4
CUS000158,2026-06,9.5,118,113,5.1
CUS000158,2026-07,13.2,163,156,7.0
CUS000159,2026-05,18.9,135,63,4.3
CUS000159,2026-06,28.1,200,94,6.3
CUS000159,2026-07,28.5,203,95,6.4
CUS000160,2026-05,5.8,24,17,1.1
CUS000160,2026-06,8.4,35,24,1.6
CUS000160,2026-07,5.7,24,16,1.1
CUS000161,2026-05,3.6,176,35,1.7
CUS000161,2026-06,3.1,154,31,1.5
CUS000161,2026-07,3.6,178,35,1.7
CUS000162,2026-05,27.5,351,138,0.3
CUS000162,2026-06,13.8,318,125,0.2
CUS000162,2026-07,13.6,311,122,0.2
CUS000163,2026-05,2.1,115,6,1.4
CUS000163,2026-06,2.2,121,6,1.5
CUS000163,2026-07,1.9,102,5,1.3
CUS000164,2026-05,23.8,265,115,3.3
CUS000164,2026-06,28.1,311,135,3.9
CUS000164,2026-07,28.7,319,138,4.0
CUS000165,2026-05,17.9,149,50,0.1
CUS000165,2026-06,21.2,176,59,0.1
CUS000165,2026-07,14.5,120,40,0.1
CUS000166,2026-05,11.4,234,40,6.9
CUS000166,2026-06,19.5,222,38,11.8
CUS000166,2026-07,9.2,188,32,5.5
CUS000167,2026-05,23.7,242,125,1.9
CUS000167,2026-06,26.2,267,138,2.1
CUS000167,2026-07,34.4,351,182,2.7
CUS000168,2026-05,15.5,157,18,1.1
CUS000168,2026-06,16.5,166,19,1.2
CUS000168,2026-07,18.7,189,21,1.4
CUS000169,2026-05,10.0,423,109,7.3
CUS000169,2026-06,6.6,281,72,4.8
CUS000169,2026-07,8.6,365,94,6.3
CUS000170,2026-05,6.5,135,11,1.1
CUS000170,2026-06,7.8,162,13,1.3
CUS000170,2026-07,8.6,178,14,1.4
CUS000171,2026-05,4.8,69,50,1.3
CUS000171,2026-06,4.3,61,45,1.1
CUS000171,2026-07,5.3,75,55,1.4
CUS000172,2026-05,19.9,268,66,1.2
CUS000172,2026-06,25.6,344,84,1.6
CUS000172,2026-07,19.7,265,65,1.2
CUS000173,2026-05,17.7,275,62,3.0
CUS000173,2026-06,19.1,297,67,3.2
CUS000173,2026-07,23.2,361,81,3.9
CUS000174,2026-05,29.7,413,26,2.5
CUS000174,2026-06,30.6,425,26,2.6
CUS000174,2026-07,31.7,441,27,2.7
CUS000175,2026-05,4.7,138,85,0.5
CUS000175,2026-06,3.5,102,63,0.4
CUS000175,2026-07,5.1,151,93,0.6
CUS000176,2026-05,5.6,131,12,0.2
CUS000176,2026-06,5.6,131,12,0.2
CUS000176,2026-07,6.6,154,14,0.3
CUS000177,2026-05,6.3,246,67,0.5
CUS000177,2026-06,6.4,249,67,0.5
CUS000177,2026-07,8.1,314,85,0.6
CUS000178,2026-05,3.9,81,48,0.7
CUS000178,2026-06,4.7,97,57,0.9
CUS000178,2026-07,4.4,91,54,0.8
CUS000179,2026-05,66.0,293,91,7.6
CUS000179,2026-06,46.5,207,64,5.4
CUS000179,2026-07,69.2,307,95,8.0
CUS000180,2026-05,4.0,171,80,2.2
CUS000180,2026-06,3.2,136,63,1.7
CUS000180,2026-07,3.2,139,65,1.8
CUS000181,2026-05,5.7,82,56,0.1
CUS000181,2026-06,7.0,99,68,0.1
CUS000181,2026-07,5.4,77,53,0.1
CUS000182,2026-05,14.5,369,113,5.7
CUS000182,2026-06,17.0,432,132,6.6
CUS000182,2026-07,11.8,301,92,4.6
CUS000183,2026-05,14.8,320,18,6.1
CUS000183,2026-06,14.9,321,18,6.1
CUS000183,2026-07,21.3,460,26,8.8
CUS000184,2026-05,5.3,166,34,1.8
CUS000184,2026-06,5.7,178,37,2.0
CUS000184,2026-07,5.7,179,37,2.0
CUS000185,2026-05,21.7,128,124,2.0
CUS000185,2026-06,18.6,110,106,1.7
CUS000185,2026-07,20.9,123,119,1.9
CUS000186,2026-05,4.9,98,68,1.4
CUS000186,2026-06,5.5,110,77,1.6
CUS000186,2026-07,5.7,115,80,1.6
CUS000187,2026-05,3.3,180,7,1.3
CUS000187,2026-06,2.6,141,6,1.0
CUS000187,2026-07,3.8,205,8,1.5
CUS000188,2026-05,77.1,95,20,24.0
CUS000188,2026-06,96.0,118,25,29.9
CUS000188,2026-07,87.7,108,23,27.4
CUS000189,2026-05,15.9,205,26,2.8
CUS000189,2026-06,16.1,208,27,2.9
CUS000189,2026-07,21.1,272,35,3.8
CUS000190,2026-05,11.7,139,126,0.9
CUS000190,2026-06,12.7,151,137,1.0
CUS000190,2026-07,9.3,110,100,0.7
CUS000191,2026-05,0.5,169,41,0.1
CUS000191,2026-06,0.4,138,33,0.1
CUS000191,2026-07,0.5,173,42,0.1
CUS000192,2026-05,19.4,277,122,3.3
CUS000192,2026-06,19.2,275,121,3.2
CUS000192,2026-07,21.2,303,133,3.6
CUS000193,2026-05,22.2,106,152,7.8
CUS000193,2026-06,24.5,117,167,8.6
CUS000193,2026-07,26.1,125,179,9.1
CUS000194,2026-05,109.0,58,73,7.6
CUS000194,2026-06,111.8,60,75,7.8
CUS000194,2026-07,88.2,47,59,6.2
CUS000195,2026-05,5.0,159,32,0.4
CUS000195,2026-06,4.1,133,27,0.4
CUS000195,2026-07,4.5,146,30,0.4
CUS000196,2026-05,14.6,265,61,0.6
CUS000196,2026-06,22.5,408,95,0.9
CUS000196,2026-07,20.9,379,88,0.8
CUS000197,2026-05,21.6,276,110,6.9
CUS000197,2026-06,19.8,252,100,6.3
CUS000197,2026-07,25.8,329,131,8.3
CUS000198,2026-05,5.6,112,25,1.3
CUS000198,2026-06,7.4,147,33,1.7
CUS000198,2026-07,6.5,130,29,1.5
CUS000199,2026-05,15.0,210,95,3.6
CUS000199,2026-06,15.6,217,99,3.7
CUS000199,2026-07,10.7,149,68,2.5
CUS000200,2026-05,19.3,266,55,2.6
CUS000200,2026-06,22.9,316,65,3.1
CUS000200,2026-07,19.5,269,56,2.7
CUS000201,2026-05,35.7,254,129,5.2
CUS000201,2026-06,30.0,214,109,4.4
CUS000201,2026-07,29.8,212,108,4.4
CUS000202,2026-05,160.5,369,111,10.0
CUS000202,2026-06,203.4,260,78,12.6
CUS000202,2026-07,134.6,309,93,8.3
CUS000203,2026-05,19.2,151,104,1.7
CUS000203,2026-06,21.8,172,118,1.9
CUS000203,2026-07,21.3,167,115,1.9
CUS000204,2026-05,16.1,256,142,4.9
CUS000204,2026-06,22.0,195,108,6.6
CUS000204,2026-07,14.4,230,128,4.4
CUS000205,2026-05,35.0,261,15,4.2
CUS000205,2026-06,19.7,265,15,2.3
CUS000205,2026-07,14.3,192,11,1.7
CUS000206,2026-05,43.0,201,45,20.9
CUS000206,2026-06,49.4,231,52,24.1
CUS000206,2026-07,56.7,265,59,27.6
CUS000207,2026-05,20.3,141,22,5.9
CUS000207,2026-06,16.8,116,18,4.9
CUS000207,2026-07,17.0,118,18,4.9
CUS000208,2026-05,1.7,162,5,0.2
CUS000208,2026-06,1.8,176,6,0.2
CUS000208,2026-07,1.8,174,5,0.2
CUS000209,2026-05,20.4,195,112,5.2
CUS000209,2026-06,26.7,256,146,6.9
CUS000209,2026-07,27.6,264,151,7.1
CUS000210,2026-05,6.0,34,51,1.2
CUS000210,2026-06,7.7,44,66,1.6
CUS000210,2026-07,7.4,42,63,1.5
CUS000211,2026-05,6.6,138,64,0.7
CUS000211,2026-06,8.2,171,80,0.8
CUS000211,2026-07,5.8,121,56,0.6
CUS000212,2026-05,89.0,280,73,17.6
CUS000212,2026-06,110.1,346,90,21.8
CUS000212,2026-07,111.9,352,91,22.1
CUS000213,2026-05,29.5,216,29,6.5
CUS000213,2026-06,25.0,183,25,5.5
CUS000213,2026-07,29.6,217,29,6.6
CUS000214,2026-05,5.2,196,71,0.6
CUS000214,2026-06,3.7,141,51,0.5
CUS000214,2026-07,4.7,179,65,0.6
CUS000215,2026-05,9.5,278,35,4.0
CUS000215,2026-06,11.1,325,41,4.7
CUS000215,2026-07,13.3,388,49,5.7
CUS000216,2026-05,28.0,485,146,6.3
CUS000216,2026-06,23.3,403,121,5.2
CUS000216,2026-07,21.9,378,114,4.9
CUS000217,2026-05,147.7,372,57,9.4
CUS000217,2026-06,123.5,311,47,7.9
CUS000217,2026-07,148.1,373,57,9.5
CUS000218,2026-05,14.8,143,74,2.3
CUS000218,2026-06,22.8,221,114,3.6
CUS000218,2026-07,17.8,172,89,2.8
CUS000219,2026-05,7.8,161,23,2.0
CUS000219,2026-06,9.3,192,28,2.4
CUS000219,2026-07,9.3,192,28,2.4
CUS000220,2026-05,21.5,363,52,1.7
CUS000220,2026-06,44.2,414,59,3.5
CUS000220,2026-07,21.1,355,51,1.7
CUS000221,2026-05,5.4,42,35,1.7
CUS000221,2026-06,5.5,43,36,1.7
CUS000221,2026-07,5.0,40,33,1.5
CUS000222,2026-05,26.2,369,14,5.2
CUS000222,2026-06,29.2,410,16,5.8
CUS000222,2026-07,30.4,427,16,6.0
CUS000223,2026-05,5.2,114,48,0.9
CUS000223,2026-06,6.9,152,64,1.2
CUS000223,2026-07,7.5,166,70,1.3
CUS000224,2026-05,1.1,88,21,1.0
CUS000224,2026-06,1.0,77,18,0.9
CUS000224,2026-07,1.2,94,22,1.0
CUS000225,2026-05,20.8,407,45,4.4
CUS000225,2026-06,17.7,346,38,3.7
CUS000225,2026-07,15.5,303,33,3.3
CUS000226,2026-05,22.3,304,56,3.7
CUS000226,2026-06,57.0,432,80,9.4
CUS000226,2026-07,24.4,333,62,4.0
CUS000227,2026-05,62.7,55,7,15.7
CUS000227,2026-06,59.0,51,7,14.8
CUS000227,2026-07,59.1,51,7,14.8
CUS000228,2026-05,6.1,78,23,1.7
CUS000228,2026-06,5.5,70,20,1.5
CUS000228,2026-07,5.0,65,19,1.4
CUS000229,2026-05,0.7,156,44,0.1
CUS000229,2026-06,0.7,154,44,0.1
CUS000229,2026-07,0.8,179,51,0.1
CUS000230,2026-05,4.2,218,71,2.2
CUS000230,2026-06,4.3,223,73,2.3
CUS000230,2026-07,3.2,163,53,1.6
CUS000231,2026-05,4.3,67,60,2.8
CUS000231,2026-06,2.4,66,59,1.6
CUS000231,2026-07,2.2,62,55,1.4
CUS000232,2026-05,3.4,51,39,0.3
CUS000232,2026-06,3.3,49,37,0.3
CUS000232,2026-07,3.7,54,42,0.3
CUS000233,2026-05,3.6,69,58,0.0
CUS000233,2026-06,4.2,79,66,0.0
CUS000233,2026-07,6.1,115,96,0.0
CUS000234,2026-05,19.9,243,92,2.7
CUS000234,2026-06,27.5,336,128,3.7
CUS000234,2026-07,29.3,358,136,4.0
CUS000235,2026-05,8.2,184,64,1.2
CUS000235,2026-06,7.4,167,58,1.1
CUS000235,2026-07,6.7,151,52,1.0
CUS000236,2026-05,19.4,89,95,5.0
CUS000236,2026-06,28.0,129,137,7.2
CUS000236,2026-07,21.5,99,105,5.5
CUS000237,2026-05,31.1,107,44,0.3
CUS000237,2026-06,35.1,121,50,0.4
CUS000237,2026-07,36.8,127,52,0.4
CUS000238,2026-05,25.6,203,27,8.3
CUS000238,2026-06,25.5,202,27,8.2
CUS000238,2026-07,22.8,180,24,7.4
CUS000239,2026-05,21.1,382,115,5.4
CUS000239,2026-06,20.1,364,109,5.2
CUS000239,2026-07,26.0,471,142,6.7
CUS000240,2026-05,5.9,182,9,1.9
CUS000240,2026-06,4.1,125,6,1.3
CUS000240,2026-07,6.3,195,9,2.0
CUS000241,2026-05,18.4,193,43,2.0
CUS000241,2026-06,22.1,233,52,2.4
CUS000241,2026-07,22.0,232,51,2.4
CUS000242,2026-05,3.5,144,35,0.2
CUS000242,2026-06,3.9,161,39,0.2
CUS000242,2026-07,4.4,182,44,0.2
CUS000243,2026-05,20.9,220,72,5.7
CUS000243,2026-06,26.5,278,92,7.2
CUS000243,2026-07,29.4,309,102,8.0
CUS000244,2026-05,28.0,150,77,4.5
CUS000244,2026-06,25.4,136,70,4.1
CUS000244,2026-07,23.1,124,64,3.7
CUS000245,2026-05,3.7,215,86,2.0
CUS000245,2026-06,3.0,175,70,1.6
CUS000245,2026-07,2.4,140,56,1.3
CUS000246,2026-05,30.8,349,76,9.4
CUS000246,2026-06,26.8,303,66,8.2
CUS000246,2026-07,19.7,223,49,6.0
CUS000247,2026-05,6.0,137,46,1.1
CUS000247,2026-06,5.3,122,41,0.9
CUS000247,2026-07,5.8,132,44,1.0
CUS000248,2026-05,2.7,107,13,1.0
CUS000248,2026-06,3.7,149,18,1.4
CUS000248,2026-07,3.8,152,18,1.4
CUS000249,2026-05,30.9,139,134,1.7
CUS000249,2026-06,24.3,109,105,1.3
CUS000249,2026-07,31.4,141,136,1.7
CUS000250,2026-05,4.6,64,10,1.3
CUS000250,2026-06,4.7,65,10,1.3
CUS000250,2026-07,7.2,100,15,2.0
CUS000251,2026-05,2.6,221,64,0.7
CUS000251,2026-06,2.2,188,54,0.6
CUS000251,2026-07,1.8,153,44,0.5
CUS000252,2026-05,12.9,354,106,4.0
CUS000252,2026-06,14.9,410,123,4.6
CUS000252,2026-07,10.3,283,85,3.2
CUS000253,2026-05,8.6,191,31,1.9
CUS000253,2026-06,6.5,144,24,1.4
CUS000253,2026-07,9.6,212,35,2.1
CUS000254,2026-05,17.9,340,52,2.5
CUS000254,2026-06,14.0,266,41,1.9
CUS000254,2026-07,20.9,398,61,2.9
CUS000255,2026-05,80.6,389,114,8.5
CUS000255,2026-06,79.0,381,112,8.3
CUS000255,2026-07,65.8,318,93,6.9
CUS000256,2026-05,5.1,122,19,1.2
CUS000256,2026-06,5.4,127,19,1.3
CUS000256,2026-07,6.6,156,24,1.5
CUS000257,2026-05,2.2,70,5,0.3
CUS000257,2026-06,1.9,62,5,0.3
CUS000257,2026-07,2.8,90,7,0.4
CUS000258,2026-05,47.4,216,90,26.8
CUS000258,2026-06,45.6,207,86,25.8
CUS000258,2026-07,46.7,212,89,26.5
CUS000259,2026-05,16.3,404,104,6.8
CUS000259,2026-06,15.8,392,101,6.6
CUS000259,2026-07,12.4,307,79,5.2
CUS000260,2026-05,0.9,132,8,1.5
CUS000260,2026-06,0.8,107,6,1.2
CUS000260,2026-07,1.1,152,9,1.7
CUS000261,2026-05,3.9,92,37,0.1
CUS000261,2026-06,5.2,122,49,0.2
CUS000261,2026-07,4.1,98,40,0.1
CUS000262,2026-05,48.1,92,5,20.9
CUS000262,2026-06,48.9,93,5,21.2
CUS000262,2026-07,71.7,137,7,31.2
CUS000263,2026-05,0.5,92,11,1.0
CUS000263,2026-06,0.7,135,16,1.5
CUS000263,2026-07,0.7,130,15,1.4
CUS000264,2026-05,23.9,266,105,3.8
CUS000264,2026-06,33.3,370,146,5.3
CUS000264,2026-07,31.6,351,138,5.1
CUS000265,2026-05,8.3,166,36,2.9
CUS000265,2026-06,8.4,168,36,2.9
CUS000265,2026-07,9.8,197,42,3.4
CUS000266,2026-05,9.9,155,49,3.2
CUS000266,2026-06,17.6,154,49,5.8
CUS000266,2026-07,11.3,177,56,3.7
CUS000267,2026-05,25.8,228,43,4.4
CUS000267,2026-06,33.3,294,56,5.6
CUS000267,2026-07,33.4,296,56,5.6
CUS000268,2026-05,17.5,103,77,6.5
CUS000268,2026-06,17.2,102,76,6.4
CUS000268,2026-07,16.8,99,74,6.3
CUS000269,2026-05,7.9,135,36,0.8
CUS000269,2026-06,6.3,108,29,0.6
CUS000269,2026-07,5.8,99,26,0.6
CUS000270,2026-05,17.7,218,83,4.9
CUS000270,2026-06,18.3,225,85,5.1
CUS000270,2026-07,26.1,321,122,7.3
CUS000271,2026-05,28.1,196,118,5.7
CUS000271,2026-06,23.8,166,99,4.9
CUS000271,2026-07,32.3,226,135,6.6
CUS000272,2026-05,5.9,133,62,0.7
CUS000272,2026-06,6.5,146,68,0.7
CUS000272,2026-07,5.8,131,61,0.6
CUS000273,2026-05,11.0,107,100,6.8
CUS000273,2026-06,8.6,83,78,5.3
CUS000273,2026-07,10.9,106,99,6.7
CUS000274,2026-05,15.6,300,151,4.5
CUS000274,2026-06,11.7,225,113,3.3
CUS000274,2026-07,13.1,251,127,3.7
CUS000275,2026-05,1.2,90,61,0.8
CUS000275,2026-06,1.2,95,65,0.9
CUS000275,2026-07,1.6,128,87,1.2
CUS000276,2026-05,3.3,185,10,0.3
CUS000276,2026-06,2.4,133,7,0.2
CUS000276,2026-07,3.1,172,9,0.3
CUS000277,2026-05,9.7,236,77,4.1
CUS000277,2026-06,13.9,339,110,5.9
CUS000277,2026-07,12.1,294,95,5.1
CUS000278,2026-05,1.7,82,8,0.8
CUS000278,2026-06,2.0,97,10,0.9
CUS000278,2026-07,2.2,107,11,1.0
CUS000279,2026-05,154.1,283,57,26.3
CUS000279,2026-06,107.0,196,40,18.2
CUS000279,2026-07,111.8,205,41,19.1
CUS000280,2026-05,4.9,59,54,1.2
CUS000280,2026-06,5.5,66,60,1.3
CUS000280,2026-07,10.3,69,63,2.5
CUS000281,2026-05,40.7,173,111,4.4
CUS000281,2026-06,21.1,162,103,2.3
CUS000281,2026-07,22.8,175,112,2.5
CUS000282,2026-05,7.7,213,89,0.7
CUS000282,2026-06,6.1,169,70,0.6
CUS000282,2026-07,6.3,175,73,0.6
CUS000283,2026-05,14.8,304,114,2.8
CUS000283,2026-06,25.2,288,108,4.9
CUS000283,2026-07,11.4,234,88,2.2
CUS000284,2026-05,18.3,475,121,5.8
CUS000284,2026-06,13.7,356,90,4.4
CUS000284,2026-07,13.3,345,87,4.2
CUS000285,2026-05,17.4,363,29,1.8
CUS000285,2026-06,17.4,364,29,1.8
CUS000285,2026-07,15.2,318,25,1.5
CUS000286,2026-05,3.1,190,9,1.8
CUS000286,2026-06,2.5,151,7,1.4
CUS000286,2026-07,2.8,170,8,1.6
CUS000287,2026-05,55.0,130,74,19.4
CUS000287,2026-06,55.2,131,74,19.4
CUS000287,2026-07,62.9,149,84,22.1
CUS000288,2026-05,65.5,241,31,10.0
CUS000288,2026-06,72.5,266,34,11.0
CUS000288,2026-07,68.1,250,32,10.4
CUS000289,2026-05,3.9,123,5,0.3
CUS000289,2026-06,3.5,109,5,0.3
CUS000289,2026-07,3.6,114,5,0.3
CUS000290,2026-05,25.3,294,49,2.0
CUS000290,2026-06,57.6,373,62,4.6
CUS000290,2026-07,29.9,348,58,2.4
CUS000291,2026-05,21.8,165,120,8.8
CUS000291,2026-06,28.0,118,86,11.3
CUS000291,2026-07,20.4,155,112,8.2
CUS000292,2026-05,2.0,140,24,1.1
CUS000292,2026-06,2.1,144,25,1.2
CUS000292,2026-07,1.5,104,18,0.8
CUS000293,2026-05,22.1,138,99,0.9
CUS000293,2026-06,29.0,181,129,1.2
CUS000293,2026-07,25.0,156,112,1.1
CUS000294,2026-05,11.3,353,42,2.6
CUS000294,2026-06,12.1,379,45,2.8
CUS000294,2026-07,12.0,376,45,2.8
CUS000295,2026-05,72.8,84,104,15.1
CUS000295,2026-06,49.6,57,71,10.3
CUS000295,2026-07,55.1,64,78,11.4
CUS000296,2026-05,31.2,340,163,5.8
CUS000296,2026-06,30.6,333,160,5.7
CUS000296,2026-07,33.0,359,172,6.1
CUS000297,2026-05,22.9,311,69,2.7
CUS000297,2026-06,18.7,255,56,2.2
CUS000297,2026-07,22.7,308,68,2.6
CUS000298,2026-05,3.4,186,56,1.5
CUS000298,2026-06,3.7,205,62,1.7
CUS000298,2026-07,3.0,165,50,1.4
CUS000299,2026-05,8.3,73,24,1.7
CUS000299,2026-06,6.1,54,18,1.3
CUS000299,2026-07,5.3,48,16,1.1
CUS000300,2026-05,22.6,428,173,8.1
CUS000300,2026-06,16.4,311,125,5.9
CUS000300,2026-07,23.2,439,177,8.3
CUS000301,2026-05,16.4,174,73,5.0
CUS000301,2026-06,22.9,242,102,7.0
CUS000301,2026-07,25.1,266,112,7.7
CUS000302,2026-05,16.9,109,77,0.7
CUS000302,2026-06,21.9,142,99,0.9
CUS000302,2026-07,20.0,130,91,0.8
CUS000303,2026-05,1.3,84,55,0.6
CUS000303,2026-06,1.4,93,60,0.7
CUS000303,2026-07,1.4,96,62,0.7
CUS000304,2026-05,3.2,118,53,1.0
CUS000304,2026-06,3.6,135,60,1.2
CUS000304,2026-07,3.7,137,61,1.2
CUS000305,2026-05,3.7,203,22,1.1
CUS000305,2026-06,3.0,164,18,0.9
CUS000305,2026-07,4.3,236,25,1.3
CUS000306,2026-05,2.6,33,32,0.4
CUS000306,2026-06,3.5,44,43,0.6
CUS000306,2026-07,2.3,29,29,0.4
CUS000307,2026-05,8.7,43,88,0.2
CUS000307,2026-06,7.8,39,79,0.2
CUS000307,2026-07,5.7,29,58,0.1
CUS000308,2026-05,27.0,356,110,6.3
CUS000308,2026-06,21.9,288,89,5.1
CUS000308,2026-07,17.2,227,70,4.0
CUS000309,2026-05,18.6,298,139,5.9
CUS000309,2026-06,13.7,395,184,4.4
CUS000309,2026-07,12.0,346,161,3.8
CUS000310,2026-05,1.1,68,7,1.0
CUS000310,2026-06,1.3,80,8,1.2
CUS000310,2026-07,1.7,105,10,1.6
CUS000311,2026-05,8.2,156,51,2.4
CUS000311,2026-06,5.3,100,32,1.6
CUS000311,2026-07,5.7,109,35,1.7
CUS000312,2026-05,10.7,443,132,1.7
CUS000312,2026-06,7.5,311,92,1.2
CUS000312,2026-07,9.3,387,115,1.5
CUS000313,2026-05,132.7,60,82,12.3
CUS000313,2026-06,136.5,62,85,12.7
CUS000313,2026-07,128.1,58,80,11.9
CUS000314,2026-05,10.7,191,100,2.4
CUS000314,2026-06,9.8,175,92,2.2
CUS000314,2026-07,11.7,210,110,2.6
CUS000315,2026-05,24.8,274,107,3.8
CUS000315,2026-06,24.0,265,104,3.6
CUS000315,2026-07,22.4,247,97,3.4
CUS000316,2026-05,5.2,45,64,0.5
CUS000316,2026-06,4.6,39,56,0.4
CUS000316,2026-07,5.3,45,65,0.5
CUS000317,2026-05,19.9,124,99,7.0
CUS000317,2026-06,43.0,149,119,15.0
CUS000317,2026-07,21.8,136,109,7.6
CUS000318,2026-05,130.0,267,94,8.0
CUS000318,2026-06,102.6,210,74,6.3
CUS000318,2026-07,110.3,226,80,6.8
CUS000319,2026-05,0.7,72,42,0.8
CUS000319,2026-06,0.8,81,47,0.9
CUS000319,2026-07,0.8,80,47,0.9
CUS000320,2026-05,11.0,87,107,2.2
CUS000320,2026-06,14.6,115,142,2.9
CUS000320,2026-07,11.8,94,115,2.3
CUS000321,2026-05,58.3,197,75,11.5
CUS000321,2026-06,56.6,191,73,11.2
CUS000321,2026-07,55.3,187,71,10.9
CUS000322,2026-05,1.3,70,57,0.2
CUS000322,2026-06,1.5,81,66,0.2
CUS000322,2026-07,1.7,91,75,0.2
CUS000323,2026-05,7.3,58,17,1.3
CUS000323,2026-06,7.9,63,18,1.5
CUS000323,2026-07,5.3,43,12,1.0
CUS000324,2026-05,8.5,45,90,2.4
CUS000324,2026-06,7.9,42,84,2.3
CUS000324,2026-07,5.3,28,56,1.5
CUS000325,2026-05,0.6,37,42,1.4
CUS000325,2026-06,0.5,33,38,1.2
CUS000325,2026-07,0.4,26,30,1.0
CUS000326,2026-05,16.1,495,73,3.2
CUS000326,2026-06,11.2,344,51,2.2
CUS000326,2026-07,13.9,427,63,2.8
CUS000327,2026-05,7.7,104,96,4.4
CUS000327,2026-06,11.1,149,137,6.3
CUS000327,2026-07,9.2,123,114,5.2
CUS000328,2026-05,33.0,168,75,3.0
CUS000328,2026-06,29.1,148,66,2.7
CUS000328,2026-07,22.2,113,51,2.0
CUS000329,2026-05,11.0,107,119,2.1
CUS000329,2026-06,9.3,91,101,1.8
CUS000329,2026-07,14.7,143,159,2.9
CUS000330,2026-05,16.3,416,115,5.0
CUS000330,2026-06,16.3,415,115,5.0
CUS000330,2026-07,11.3,287,80,3.4
CUS000331,2026-05,6.9,87,30,0.8
CUS000331,2026-06,6.8,87,30,0.8
CUS000331,2026-07,5.7,72,25,0.6
CUS000332,2026-05,18.7,158,142,2.9
CUS000332,2026-06,19.4,163,146,3.0
CUS000332,2026-07,21.0,177,159,3.3
CUS000333,2026-05,2.5,138,9,0.2
CUS000333,2026-06,2.7,147,9,0.2
CUS000333,2026-07,2.0,111,7,0.2
CUS000334,2026-05,24.4,167,11,0.4
CUS000334,2026-06,21.7,148,10,0.4
CUS000334,2026-07,18.4,126,8,0.3
CUS000335,2026-05,4.7,167,10,1.5
CUS000335,2026-06,3.7,131,8,1.1
CUS000335,2026-07,5.8,205,12,1.8
CUS000336,2026-05,107.8,198,101,30.4
CUS000336,2026-06,75.1,138,71,21.2
CUS000336,2026-07,104.6,192,98,29.5
CUS000337,2026-05,17.2,407,70,0.5
CUS000337,2026-06,15.2,360,62,0.4
CUS000337,2026-07,17.2,408,70,0.5
CUS000338,2026-05,0.9,74,58,0.9
CUS000338,2026-06,0.8,65,51,0.8
CUS000338,2026-07,0.7,58,45,0.7
CUS000339,2026-05,22.4,420,117,7.2
CUS000339,2026-06,16.3,306,85,5.3
CUS000339,2026-07,22.4,421,117,7.2
CUS000340,2026-05,27.1,366,26,6.6
CUS000340,2026-06,29.9,404,29,7.2
CUS000340,2026-07,27.2,367,26,6.6
CUS000341,2026-05,85.4,281,75,21.6
CUS000341,2026-06,73.6,243,64,18.6
CUS000341,2026-07,60.7,200,53,15.4
CUS000342,2026-05,117.1,316,39,10.1
CUS000342,2026-06,105.0,283,35,9.0
CUS000342,2026-07,113.3,305,38,9.7
CUS000343,2026-05,32.1,297,48,5.6
CUS000343,2026-06,22.4,207,34,3.9
CUS000343,2026-07,35.4,327,53,6.2
CUS000344,2026-05,30.0,269,181,7.1
CUS000344,2026-06,18.9,170,114,4.4
CUS000344,2026-07,28.0,251,169,6.6
CUS000345,2026-05,3.9,204,81,1.9
CUS000345,2026-06,3.1,160,64,1.5
CUS000345,2026-07,3.2,169,68,1.6
CUS000346,2026-05,1.4,181,57,1.3
CUS000346,2026-06,1.3,167,52,1.2
CUS000346,2026-07,1.7,214,67,1.5
CUS000347,2026-05,143.8,221,87,9.7
CUS000347,2026-06,150.2,231,91,10.1
CUS000347,2026-07,104.8,161,64,7.1
CUS000348,2026-05,15.0,316,23,4.1
CUS000348,2026-06,11.3,237,17,3.1
CUS000348,2026-07,10.4,218,16,2.8
CUS000349,2026-05,0.7,62,75,1.1
CUS000349,2026-06,0.6,58,70,1.0
CUS000349,2026-07,0.4,41,49,0.7
CUS000350,2026-05,11.0,280,84,6.0
CUS000350,2026-06,23.0,326,98,12.5
CUS000350,2026-07,15.7,399,120,8.5
CUS000351,2026-05,21.6,92,35,5.7
CUS000351,2026-06,19.9,85,32,5.2
CUS000351,2026-07,19.0,81,31,5.0
CUS000352,2026-05,28.2,126,91,5.9
CUS000352,2026-06,24.2,109,78,5.1
CUS000352,2026-07,55.5,138,99,11.6
CUS000353,2026-05,6.1,155,33,1.5
CUS000353,2026-06,5.1,130,28,1.3
CUS000353,2026-07,5.1,129,27,1.3
CUS000354,2026-05,2.9,99,91,2.4
CUS000354,2026-06,2.6,89,82,2.2
CUS000354,2026-07,2.4,81,75,2.0
CUS000355,2026-05,35.0,379,112,2.0
CUS000355,2026-06,24.9,269,80,1.4
CUS000355,2026-07,22.2,241,71,1.3
CUS000356,2026-05,16.6,292,76,8.9
CUS000356,2026-06,14.5,256,66,7.8
CUS000356,2026-07,14.0,247,64,7.6
CUS000357,2026-05,2.0,92,84,1.9
CUS000357,2026-06,2.0,88,81,1.8
CUS000357,2026-07,1.4,61,56,1.3
CUS000358,2026-05,20.4,325,118,0.7
CUS000358,2026-06,18.7,297,108,0.6
CUS000358,2026-07,17.2,273,99,0.6
CUS000359,2026-05,25.0,289,36,5.4
CUS000359,2026-06,47.0,301,38,10.1
CUS000359,2026-07,19.1,220,28,4.1
CUS000360,2026-05,5.4,142,40,1.5
CUS000360,2026-06,8.1,213,59,2.3
CUS000360,2026-07,6.9,181,50,2.0
CUS000361,2026-05,19.3,144,24,0.9
CUS000361,2026-06,13.9,104,17,0.6
CUS000361,2026-07,18.1,135,22,0.8
CUS000362,2026-05,9.8,229,159,1.7
CUS000362,2026-06,6.8,159,111,1.2
CUS000362,2026-07,6.5,153,106,1.1
CUS000363,2026-05,7.6,97,53,0.2
CUS000363,2026-06,8.4,107,59,0.3
CUS000363,2026-07,6.9,89,49,0.2
CUS000364,2026-05,30.6,373,97,4.1
CUS000364,2026-06,22.4,273,71,3.0
CUS000364,2026-07,32.3,393,103,4.3
CUS000365,2026-05,95.1,335,97,5.8
CUS000365,2026-06,95.7,337,98,5.9
CUS000365,2026-07,109.0,384,111,6.7
CUS000366,2026-05,1.9,168,94,2.5
CUS000366,2026-06,2.3,110,61,2.9
CUS000366,2026-07,1.6,138,77,2.0
CUS000367,2026-05,16.2,341,18,2.3
CUS000367,2026-06,14.0,294,16,2.0
CUS000367,2026-07,14.8,311,17,2.1
CUS000368,2026-05,6.8,118,7,0.3
CUS000368,2026-06,4.9,85,5,0.2
CUS000368,2026-07,6.1,106,7,0.2
CUS000369,2026-05,6.7,185,27,1.9
CUS000369,2026-06,7.6,210,31,2.1
CUS000369,2026-07,5.8,160,23,1.6
CUS000370,2026-05,19.9,227,94,5.3
CUS000370,2026-06,23.3,265,110,6.2
CUS000370,2026-07,30.8,351,145,8.1
CUS000371,2026-05,5.9,205,38,1.1
CUS000371,2026-06,4.9,170,32,0.9
CUS000371,2026-07,4.0,138,26,0.8
CUS000372,2026-05,130.8,273,46,17.8
CUS000372,2026-06,113.8,238,40,15.5
CUS000372,2026-07,117.0,245,41,16.0
CUS000373,2026-05,22.1,173,103,3.1
CUS000373,2026-06,29.2,229,136,4.2
CUS000373,2026-07,57.8,252,150,8.2
CUS000374,2026-05,27.4,369,145,6.9
CUS000374,2026-06,23.7,320,125,6.0
CUS000374,2026-07,19.5,262,103,4.9
CUS000375,2026-05,6.5,171,24,2.1
CUS000375,2026-06,12.9,188,27,4.2
CUS000375,2026-07,5.2,138,20,1.7
CUS000376,2026-05,28.0,347,114,7.6
CUS000376,2026-06,30.5,378,124,8.3
CUS000376,2026-07,26.8,333,109,7.3
CUS000377,2026-05,18.7,154,78,8.0
CUS000377,2026-06,12.9,106,54,5.5
CUS000377,2026-07,15.7,129,65,6.7
CUS000378,2026-05,4.2,53,43,0.6
CUS000378,2026-06,5.6,70,57,0.8
CUS000378,2026-07,5.8,72,58,0.9
CUS000379,2026-05,13.4,82,30,4.3
CUS000379,2026-06,6.9,76,28,2.2
CUS000379,2026-07,6.8,75,28,2.2
CUS000380,2026-05,1.3,85,51,0.5
CUS000380,2026-06,1.8,120,72,0.7
CUS000380,2026-07,1.5,101,61,0.6
CUS000381,2026-05,29.5,202,34,8.4
CUS000381,2026-06,32.8,225,38,9.3
CUS000381,2026-07,22.4,154,26,6.4
CUS000382,2026-05,13.6,121,58,4.8
CUS000382,2026-06,17.1,152,73,6.0
CUS000382,2026-07,22.6,201,96,7.9
CUS000383,2026-05,4.8,78,33,0.6
CUS000383,2026-06,4.9,81,34,0.6
CUS000383,2026-07,4.8,79,34,0.6
CUS000384,2026-05,5.0,40,10,0.9
CUS000384,2026-06,3.5,28,7,0.6
CUS000384,2026-07,4.4,35,9,0.7
CUS000385,2026-05,38.6,246,108,14.5
CUS000385,2026-06,21.4,246,108,8.0
CUS000385,2026-07,22.0,252,111,8.2
CUS000386,2026-05,1.6,127,8,1.4
CUS000386,2026-06,2.2,172,10,1.8
CUS000386,2026-07,2.0,161,10,1.7
CUS000387,2026-05,20.7,413,131,1.1
CUS000387,2026-06,21.4,428,136,1.2
CUS000387,2026-07,24.2,485,154,1.3
CUS000388,2026-05,3.2,33,31,1.2
CUS000388,2026-06,3.8,39,37,1.4
CUS000388,2026-07,4.6,47,45,1.7
CUS000389,2026-05,0.9,76,12,0.8
CUS000389,2026-06,1.3,103,16,1.0
CUS000389,2026-07,0.9,78,12,0.8
CUS000390,2026-05,53.2,212,9,5.4
CUS000390,2026-06,58.3,233,9,6.0
CUS000390,2026-07,71.1,284,11,7.3
CUS000391,2026-05,90.0,228,95,17.5
CUS000391,2026-06,93.8,238,99,18.3
CUS000391,2026-07,106.8,271,112,20.8
CUS000392,2026-05,35.3,282,46,17.8
CUS000392,2026-06,31.4,251,41,15.8
CUS000392,2026-07,49.0,392,64,24.7
CUS000393,2026-05,18.8,313,44,1.9
CUS000393,2026-06,21.7,362,51,2.2
CUS000393,2026-07,26.5,441,62,2.7
CUS000394,2026-05,7.7,125,34,1.3
CUS000394,2026-06,7.2,116,32,1.2
CUS000394,2026-07,5.4,87,24,0.9
CUS000395,2026-05,1.1,199,62,1.9
CUS000395,2026-06,1.0,178,56,1.7
CUS000395,2026-07,1.3,236,73,2.3
CUS000396,2026-05,2.7,150,18,0.2
CUS000396,2026-06,3.1,173,21,0.2
CUS000396,2026-07,3.3,185,23,0.3
CUS000397,2026-05,24.5,294,136,0.6
CUS000397,2026-06,22.0,264,122,0.5
CUS000397,2026-07,16.5,198,92,0.4
CUS000398,2026-05,61.9,160,94,20.8
CUS000398,2026-06,71.0,183,108,23.9
CUS000398,2026-07,56.8,147,86,19.1
CUS000399,2026-05,1.1,126,26,0.6
CUS000399,2026-06,1.5,176,36,0.8
CUS000399,2026-07,1.4,170,35,0.8
CUS000400,2026-05,22.6,295,41,2.3
CUS000400,2026-06,37.2,486,67,3.8
CUS000400,2026-07,22.5,294,41,2.3
CUS000401,2026-05,17.7,271,124,4.6
CUS000401,2026-06,20.6,314,144,5.4
CUS000401,2026-07,22.2,338,155,5.8
CUS000402,2026-05,17.6,304,18,2.4
CUS000402,2026-06,20.5,354,21,2.8
CUS000402,2026-07,19.5,337,20,2.7
CUS000403,2026-05,7.7,59,28,1.8
CUS000403,2026-06,7.1,55,26,1.6
CUS000403,2026-07,7.2,55,26,1.6
CUS000404,2026-05,30.1,318,148,8.2
CUS000404,2026-06,30.8,325,151,8.4
CUS000404,2026-07,33.4,352,164,9.1
CUS000405,2026-05,21.7,129,137,5.1
CUS000405,2026-06,22.2,133,140,5.2
CUS000405,2026-07,24.6,147,155,5.8
CUS000406,2026-05,4.8,33,27,1.2
CUS000406,2026-06,5.6,38,31,1.4
CUS000406,2026-07,6.2,43,35,1.5
CUS000407,2026-05,2.0,32,43,1.2
CUS000407,2026-06,2.7,43,57,1.6
CUS000407,2026-07,2.1,34,45,1.3
CUS000408,2026-05,27.5,201,136,7.1
CUS000408,2026-06,27.9,203,138,7.2
CUS000408,2026-07,24.8,181,123,6.4
CUS000409,2026-05,5.2,68,34,1.6
CUS000409,2026-06,5.2,67,34,1.6
CUS000409,2026-07,7.9,103,52,2.5
CUS000410,2026-05,2.1,77,71,1.9
CUS000410,2026-06,1.3,48,44,1.2
CUS000410,2026-07,1.8,66,61,1.6
CUS000411,2026-05,84.7,116,72,14.9
CUS000411,2026-06,85.7,118,73,15.1
CUS000411,2026-07,127.9,175,108,22.6
CUS000412,2026-05,10.9,301,22,6.4
CUS000412,2026-06,10.7,295,21,6.2
CUS000412,2026-07,15.6,429,31,9.1
CUS000413,2026-05,58.1,154,97,33.1
CUS000413,2026-06,50.0,133,84,28.5
CUS000413,2026-07,55.4,147,92,31.6
CUS000414,2026-05,76.7,281,69,19.1
CUS000414,2026-06,82.5,303,74,20.5
CUS000414,2026-07,78.2,287,70,19.5
CUS000415,2026-05,14.2,206,152,3.2
CUS000415,2026-06,16.4,238,176,3.7
CUS000415,2026-07,15.5,225,166,3.5
CUS000416,2026-05,8.9,188,100,1.2
CUS000416,2026-06,7.6,162,86,1.0
CUS000416,2026-07,12.2,258,137,1.6
CUS000417,2026-05,9.2,194,25,2.4
CUS000417,2026-06,5.8,121,15,1.5
CUS000417,2026-07,6.3,131,17,1.7
CUS000418,2026-05,7.0,230,23,0.8
CUS000418,2026-06,6.4,212,21,0.7
CUS000418,2026-07,6.8,223,22,0.8
CUS000419,2026-05,5.8,188,45,0.3
CUS000419,2026-06,5.5,178,43,0.2
CUS000419,2026-07,4.9,159,38,0.2
CUS000420,2026-05,5.1,136,26,1.5
CUS000420,2026-06,5.3,141,27,1.5
CUS000420,2026-07,6.4,169,32,1.9
CUS000421,2026-05,59.9,326,99,23.0
CUS000421,2026-06,47.5,259,78,18.2
CUS000421,2026-07,38.8,211,64,14.9
CUS000422,2026-05,68.9,260,46,23.3
CUS000422,2026-06,54.2,205,36,18.3
CUS000422,2026-07,58.4,221,39,19.8
CUS000423,2026-05,81.7,298,70,21.2
CUS000423,2026-06,62.8,229,54,16.3
CUS000423,2026-07,69.4,253,59,18.0
CUS000424,2026-05,11.4,480,94,6.3
CUS000424,2026-06,11.5,484,94,6.4
CUS000424,2026-07,12.6,527,103,7.0
CUS000425,2026-05,10.7,89,42,6.8
CUS000425,2026-06,12.4,104,49,8.0
CUS000425,2026-07,10.8,90,42,6.9
CUS000426,2026-05,17.4,189,116,6.4
CUS000426,2026-06,20.0,217,134,7.3
CUS000426,2026-07,18.3,199,122,6.7
CUS000427,2026-05,23.3,99,94,2.4
CUS000427,2026-06,23.8,101,96,2.4
CUS000427,2026-07,27.8,118,112,2.8
CUS000428,2026-05,111.8,131,10,28.0
CUS000428,2026-06,104.9,123,9,26.2
CUS000428,2026-07,111.8,131,10,28.0
CUS000429,2026-05,5.8,454,151,1.3
CUS000429,2026-06,9.3,406,135,2.1
CUS000429,2026-07,7.6,602,200,1.7
CUS000430,2026-05,35.3,846,212,0.0
CUS000430,2026-06,41.2,987,247,0.1
CUS000430,2026-07,34.0,815,204,0.0
CUS000431,2026-05,82.4,317,9,10.1
CUS000431,2026-06,59.2,227,7,7.3
CUS000431,2026-07,81.6,314,9,10.0
CUS000432,2026-05,4.3,1418,270,1.3
CUS000432,2026-06,3.6,1169,222,1.1
CUS000432,2026-07,5.1,1657,315,1.5
CUS000433,2026-05,22.9,286,119,3.1
CUS000433,2026-06,34.0,425,177,4.6
CUS000433,2026-07,28.6,357,148,3.9
CUS000434,2026-05,16.4,406,109,9.0
CUS000434,2026-06,14.1,350,94,7.8
CUS000434,2026-07,13.9,345,93,7.7
CUS000435,2026-05,30.3,161,22,9.7
CUS000435,2026-06,19.3,103,14,6.1
CUS000435,2026-07,21.8,116,16,7.0
CUS000436,2026-05,140.4,78,48,13.7
CUS000436,2026-06,124.6,69,43,12.1
CUS000436,2026-07,140.9,78,48,13.7
CUS000437,2026-05,47.0,242,57,18.0
CUS000437,2026-06,41.0,211,50,15.7
CUS000437,2026-07,64.1,330,78,24.5
CUS000438,2026-05,68.5,159,32,23.7
CUS000438,2026-06,90.5,210,43,31.3
CUS000438,2026-07,85.2,197,40,29.5
CUS000439,2026-05,31.7,1870,216,8.1
CUS000439,2026-06,36.2,2139,248,9.3
CUS000439,2026-07,38.0,2245,260,9.7
CUS000440,2026-05,53.5,165,13,8.6
CUS000440,2026-06,75.2,232,18,12.0
CUS000440,2026-07,60.9,188,15,9.7
CUS000441,2026-05,105.2,301,74,23.9
CUS000441,2026-06,126.1,361,88,28.6
CUS000441,2026-07,128.6,368,90,29.2
CUS000442,2026-05,26.1,331,44,2.4
CUS000442,2026-06,28.6,363,48,2.6
CUS000442,2026-07,26.6,338,45,2.4
CUS000443,2026-05,7.2,172,24,1.7
CUS000443,2026-06,8.7,209,29,2.1
CUS000443,2026-07,6.8,162,22,1.6
CUS000444,2026-05,19.0,1523,304,1.3
CUS000444,2026-06,17.9,1436,287,1.3
CUS000444,2026-07,21.1,1691,337,1.5
CUS000445,2026-05,15.8,266,89,6.2
CUS000445,2026-06,23.0,387,130,9.0
CUS000445,2026-07,21.7,365,123,8.5
CUS000446,2026-05,1.8,1438,238,0.6
CUS000446,2026-06,1.7,1347,223,0.6
CUS000446,2026-07,2.1,1673,276,0.7
CUS000447,2026-05,48.4,233,65,13.4
CUS000447,2026-06,49.7,239,67,13.7
CUS000447,2026-07,59.5,286,80,16.5
CUS000448,2026-05,76.3,344,75,7.6
CUS000448,2026-06,57.5,259,56,5.7
CUS000448,2026-07,71.8,324,71,7.1
CUS000449,2026-05,46.9,307,44,16.1
CUS000449,2026-06,56.0,366,53,19.2
CUS000449,2026-07,38.1,249,36,13.1
CUS000450,2026-05,13.6,184,116,8.4
CUS000450,2026-06,13.4,182,115,8.3
CUS000450,2026-07,16.4,123,78,10.1
CUS000451,2026-05,10.7,196,25,5.8
CUS000451,2026-06,12.4,228,29,6.7
CUS000451,2026-07,10.0,184,23,5.4
CUS000452,2026-05,224.6,1840,240,78.5
CUS000452,2026-06,174.9,1433,187,61.2
CUS000452,2026-07,216.6,1775,231,75.7
CUS000453,2026-05,52.0,255,110,8.1
CUS000453,2026-06,35.3,312,134,5.5
CUS000453,2026-07,31.8,281,121,4.9
CUS000454,2026-05,39.5,134,18,7.1
CUS000454,2026-06,63.6,216,29,11.4
CUS000454,2026-07,50.3,171,23,9.0
CUS000455,2026-05,5.7,1008,56,1.9
CUS000455,2026-06,5.6,976,55,1.8
CUS000455,2026-07,4.6,815,46,1.5
CUS000456,2026-05,4.6,851,84,2.0
CUS000456,2026-06,5.2,977,96,2.3
CUS000456,2026-07,9.2,951,94,4.1
CUS000457,2026-05,110.2,233,59,13.7
CUS000457,2026-06,166.5,352,89,20.7
CUS000457,2026-07,138.4,293,74,17.2
CUS000458,2026-05,18.2,341,140,5.1
CUS000458,2026-06,12.1,227,93,3.4
CUS000458,2026-07,18.6,348,143,5.2
CUS000459,2026-05,14.1,305,110,2.6
CUS000459,2026-06,14.0,304,109,2.6
CUS000459,2026-07,16.5,356,128,3.0
CUS000460,2026-05,18.6,89,71,6.8
CUS000460,2026-06,21.7,104,83,7.9
CUS000460,2026-07,17.9,86,69,6.5
CUS000461,2026-05,65.0,308,94,10.4
CUS000461,2026-06,67.1,318,97,10.8
CUS000461,2026-07,54.8,260,79,8.8
CUS000462,2026-05,11.5,232,44,6.9
CUS000462,2026-06,10.9,220,42,6.5
CUS000462,2026-07,13.1,265,50,7.9
CUS000463,2026-05,2.9,2117,50,3.2
CUS000463,2026-06,1.9,1390,33,2.1
CUS000463,2026-07,2.9,2120,50,3.2
CUS000464,2026-05,19.1,97,108,0.7
CUS000464,2026-06,23.6,119,134,0.9
CUS000464,2026-07,24.5,124,139,1.0
CUS000465,2026-05,23.5,1607,272,6.8
CUS000465,2026-06,20.7,1416,240,6.0
CUS000465,2026-07,23.4,1603,272,6.7
CUS000466,2026-05,10.1,257,72,3.8
CUS000466,2026-06,15.3,392,109,5.8
CUS000466,2026-07,13.7,349,97,5.2
CUS000467,2026-05,22.3,204,31,4.4
CUS000467,2026-06,31.3,286,44,6.1
CUS000467,2026-07,24.4,224,34,4.8
CUS000468,2026-05,15.6,125,112,6.7
CUS000468,2026-06,15.4,124,111,6.6
CUS000468,2026-07,13.0,104,93,5.6
CUS000469,2026-05,0.8,61,14,1.5
CUS000469,2026-06,1.0,78,18,1.9
CUS000469,2026-07,0.9,69,15,1.7
CUS000470,2026-05,41.5,140,16,10.1
CUS000470,2026-06,42.8,144,17,10.4
CUS000470,2026-07,44.0,148,17,10.7
CUS000471,2026-05,5.0,97,31,2.9
CUS000471,2026-06,3.1,108,34,1.8
CUS000471,2026-07,3.4,117,37,2.0
CUS000472,2026-05,21.3,339,68,1.8
CUS000472,2026-06,24.8,395,79,2.1
CUS000472,2026-07,29.0,462,93,2.4
CUS000473,2026-05,14.2,224,22,0.4
CUS000473,2026-06,15.5,245,25,0.4
CUS000473,2026-07,16.9,268,27,0.4
CUS000474,2026-05,93.3,91,27,19.9
CUS000474,2026-06,73.6,72,21,15.7
CUS000474,2026-07,99.1,97,29,21.2
CUS000475,2026-05,67.4,142,90,24.7
CUS000475,2026-06,83.3,175,111,30.5
CUS000475,2026-07,56.4,118,75,20.6
CUS000476,2026-05,17.8,319,155,5.6
CUS000476,2026-06,11.7,210,102,3.7
CUS000476,2026-07,16.5,296,144,5.1
CUS000477,2026-05,64.2,321,67,13.8
CUS000477,2026-06,53.2,266,56,11.5
CUS000477,2026-07,40.7,203,43,8.8
CUS000478,2026-05,1.0,152,62,0.9
CUS000478,2026-06,0.8,124,50,0.7
CUS000478,2026-07,0.7,108,44,0.6
CUS000479,2026-05,4.2,142,90,1.4
CUS000479,2026-06,3.2,109,69,1.1
CUS000479,2026-07,4.4,150,95,1.5
CUS000480,2026-05,89.0,379,104,31.3
CUS000480,2026-06,151.5,359,98,53.2
CUS000480,2026-07,69.5,296,81,24.4
CUS000481,2026-05,100.7,260,102,26.3
CUS000481,2026-06,79.2,204,80,20.7
CUS000481,2026-07,90.3,233,91,23.6
CUS000482,2026-05,142.4,260,89,19.9
CUS000482,2026-06,101.2,185,63,14.1
CUS000482,2026-07,157.4,287,98,22.0
CUS000483,2026-05,44.6,2112,312,5.9
CUS000483,2026-06,34.3,1623,240,4.6
CUS000483,2026-07,45.2,2139,316,6.0
CUS000484,2026-05,13.1,383,90,7.1
CUS000484,2026-06,15.1,441,104,8.2
CUS000484,2026-07,11.9,349,82,6.5
CUS000485,2026-05,12.8,489,145,4.7
CUS000485,2026-06,12.7,486,145,4.7
CUS000485,2026-07,19.9,762,227,7.3
CUS000486,2026-05,34.3,745,56,1.8
CUS000486,2026-06,33.0,716,54,1.7
CUS000486,2026-07,33.0,717,54,1.7
CUS000487,2026-05,138.2,154,37,16.1
CUS000487,2026-06,137.6,154,36,16.0
CUS000487,2026-07,155.3,173,41,18.1
CUS000488,2026-05,58.2,168,64,29.0
CUS000488,2026-06,71.7,206,79,35.7
CUS000488,2026-07,66.3,191,73,33.0
CUS000489,2026-05,124.1,147,26,16.6
CUS000489,2026-06,119.4,141,25,15.9
CUS000489,2026-07,125.5,148,27,16.8
CUS000490,2026-05,11.1,182,111,1.2
CUS000490,2026-06,9.9,163,99,1.1
CUS000490,2026-07,9.3,152,93,1.0
CUS000491,2026-05,75.6,318,11,19.4
CUS000491,2026-06,74.6,314,10,19.2
CUS000491,2026-07,56.4,237,8,14.5
CUS000492,2026-05,56.1,252,120,18.9
CUS000492,2026-06,51.5,232,111,17.3
CUS000492,2026-07,51.3,231,110,17.3
CUS000493,2026-05,91.1,304,57,20.4
CUS000493,2026-06,117.2,392,74,26.3
CUS000493,2026-07,118.8,397,75,26.6
CUS000494,2026-05,16.6,132,94,2.0
CUS000494,2026-06,24.1,192,137,3.0
CUS000494,2026-07,25.7,205,146,3.2
CUS000495,2026-05,9.5,302,123,0.8
CUS000495,2026-06,11.8,373,152,1.0
CUS000495,2026-07,10.0,318,130,0.9
CUS000496,2026-05,8.4,135,58,0.2
CUS000496,2026-06,12.6,202,86,0.4
CUS000496,2026-07,12.3,198,84,0.4
CUS000497,2026-05,29.3,601,157,6.4
CUS000497,2026-06,28.8,589,154,6.2
CUS000497,2026-07,37.9,776,203,8.2
CUS000498,2026-05,104.0,361,92,25.3
CUS000498,2026-06,75.4,262,67,18.4
CUS000498,2026-07,74.7,259,66,18.2
CUS000499,2026-05,147.5,180,105,9.0
CUS000499,2026-06,152.3,186,109,9.3
CUS000499,2026-07,153.6,187,110,9.4
CUS000500,2026-05,2.0,1127,215,2.9
CUS000500,2026-06,1.6,882,168,2.3
CUS000500,2026-07,2.1,1205,230,3.1
CUS000501,2026-05,9.5,352,20,4.8
CUS000501,2026-06,9.5,351,20,4.8
CUS000501,2026-07,11.3,419,24,5.7
CUS000502,2026-05,18.2,263,76,1.2
CUS000502,2026-06,22.6,326,94,1.4
CUS000502,2026-07,26.5,383,110,1.7
CUS000503,2026-05,156.6,112,31,22.4
CUS000503,2026-06,142.0,101,28,20.3
CUS000503,2026-07,124.0,89,24,17.7
CUS000504,2026-05,15.8,285,111,2.7
CUS000504,2026-06,18.2,327,128,3.1
CUS000504,2026-07,19.3,347,135,3.3
CUS000505,2026-05,28.2,400,87,7.3
CUS000505,2026-06,27.9,396,86,7.2
CUS000505,2026-07,31.0,441,95,8.0
CUS000506,2026-05,32.5,908,263,8.7
CUS000506,2026-06,41.3,1154,335,11.1
CUS000506,2026-07,37.9,1060,308,10.2
CUS000507,2026-05,139.7,224,106,30.1
CUS000507,2026-06,97.8,157,74,21.1
CUS000507,2026-07,119.8,192,91,25.8
CUS000508,2026-05,76.4,924,147,36.4
CUS000508,2026-06,75.6,914,146,36.0
CUS000508,2026-07,109.2,1320,211,52.0
CUS000509,2026-05,138.1,58,13,18.4
CUS000509,2026-06,70.3,53,12,9.4
CUS000509,2026-07,75.4,57,13,10.1
CUS000510,2026-05,55.8,277,103,8.8
CUS000510,2026-06,43.3,215,80,6.8
CUS000510,2026-07,42.6,212,79,6.7
CUS000511,2026-05,20.8,262,37,6.0
CUS000511,2026-06,25.5,320,45,7.4
CUS000511,2026-07,24.0,302,43,7.0
CUS000512,2026-05,20.2,291,96,6.6
CUS000512,2026-06,24.0,347,114,7.9
CUS000512,2026-07,18.6,269,88,6.2
CUS000513,2026-05,4.9,62,33,1.2
CUS000513,2026-06,6.0,76,40,1.4
CUS000513,2026-07,7.2,90,47,1.7
CUS000514,2026-05,117.7,150,10,11.1
CUS000514,2026-06,176.9,225,16,16.7
CUS000514,2026-07,152.5,194,13,14.4
CUS000515,2026-05,103.8,1011,40,56.8
CUS000515,2026-06,121.3,1183,47,66.4
CUS000515,2026-07,107.4,1047,41,58.8
CUS000516,2026-05,95.6,293,37,13.9
CUS000516,2026-06,99.8,306,38,14.5
CUS000516,2026-07,118.4,363,46,17.2
CUS000517,2026-05,23.6,1613,133,4.1
CUS000517,2026-06,28.3,1939,160,4.9
CUS000517,2026-07,42.1,1603,133,7.3
CUS000518,2026-05,3.6,72,6,0.9
CUS000518,2026-06,4.4,89,7,1.1
CUS000518,2026-07,3.2,64,5,0.8
CUS000519,2026-05,11.8,447,163,3.8
CUS000519,2026-06,10.2,386,141,3.3
CUS000519,2026-07,8.1,308,112,2.6
CUS000520,2026-05,8.7,116,99,4.0
CUS000520,2026-06,8.5,113,97,3.9
CUS000520,2026-07,11.8,156,134,5.4
CUS000521,2026-05,177.2,1256,381,41.3
CUS000521,2026-06,145.2,1029,312,33.9
CUS000521,2026-07,181.7,1288,391,42.4
CUS000522,2026-05,6.8,39,41,1.7
CUS000522,2026-06,5.7,32,34,1.5
CUS000522,2026-07,8.0,46,48,2.1
CUS000523,2026-05,13.2,213,32,4.3
CUS000523,2026-06,11.1,180,27,3.6
CUS000523,2026-07,14.0,226,34,4.5
CUS000524,2026-05,23.4,312,38,1.7
CUS000524,2026-06,18.0,240,29,1.3
CUS000524,2026-07,20.9,279,34,1.5
CUS000525,2026-05,24.5,1372,107,1.7
CUS000525,2026-06,23.8,1335,104,1.6
CUS000525,2026-07,16.6,927,72,1.1
CUS000526,2026-05,58.4,233,37,30.1
CUS000526,2026-06,39.9,159,25,20.6
CUS000526,2026-07,61.3,244,39,31.6
CUS000527,2026-05,24.8,319,141,3.8
CUS000527,2026-06,28.8,370,164,4.4
CUS000527,2026-07,29.3,377,167,4.4
CUS000528,2026-05,90.1,259,27,10.3
CUS000528,2026-06,77.9,224,24,8.9
CUS000528,2026-07,106.0,305,32,12.2
CUS000529,2026-05,23.2,301,43,2.3
CUS000529,2026-06,16.5,215,31,1.6
CUS000529,2026-07,22.8,296,42,2.2
CUS000530,2026-05,25.1,341,91,2.8
CUS000530,2026-06,21.8,297,79,2.4
CUS000530,2026-07,24.1,328,87,2.7
CUS000531,2026-05,111.2,248,111,18.8
CUS000531,2026-06,78.7,176,79,13.3
CUS000531,2026-07,68.3,152,68,11.5
CUS000532,2026-05,31.1,450,123,3.8
CUS000532,2026-06,31.8,461,126,3.9
CUS000532,2026-07,21.4,310,85,2.6
CUS000533,2026-05,26.1,275,14,0.8
CUS000533,2026-06,54.0,316,16,1.7
CUS000533,2026-07,20.3,214,11,0.7
CUS000534,2026-05,27.1,260,148,4.4
CUS000534,2026-06,25.7,247,141,4.2
CUS000534,2026-07,31.2,299,171,5.1
CUS000535,2026-05,22.7,441,18,6.3
CUS000535,2026-06,18.8,365,15,5.2
CUS000535,2026-07,18.6,363,15,5.2
CUS000536,2026-05,146.7,171,107,12.8
CUS000536,2026-06,123.0,143,90,10.7
CUS000536,2026-07,215.7,140,87,18.8
CUS000537,2026-05,14.4,377,86,7.6
CUS000537,2026-06,12.9,337,77,6.8
CUS000537,2026-07,14.5,380,87,7.7
CUS000538,2026-05,9.4,101,74,6.0
CUS000538,2026-06,9.1,97,71,5.8
CUS000538,2026-07,9.5,102,74,6.0
CUS000539,2026-05,146.1,339,99,12.0
CUS000539,2026-06,153.0,355,103,12.6
CUS000539,2026-07,128.0,297,86,10.5
CUS000540,2026-05,6.3,1922,348,1.5
CUS000540,2026-06,6.0,1820,329,1.4
CUS000540,2026-07,4.5,1355,245,1.1
CUS000541,2026-05,3.4,1141,195,2.0
CUS000541,2026-06,4.4,1492,255,2.6
CUS000541,2026-07,3.2,1075,184,1.9
CUS000542,2026-05,101.7,229,40,26.7
CUS000542,2026-06,171.3,215,37,45.0
CUS000542,2026-07,112.4,254,44,29.5
CUS000543,2026-05,63.9,298,23,30.6
CUS000543,2026-06,51.9,242,19,24.8
CUS000543,2026-07,106.9,277,22,51.1
CUS000544,2026-05,2.3,772,45,0.0
CUS000544,2026-06,1.8,611,36,0.0
CUS000544,2026-07,2.8,964,57,0.0
CUS000545,2026-05,133.5,152,55,20.3
CUS000545,2026-06,118.3,135,49,18.0
CUS000545,2026-07,140.3,160,58,21.4
CUS000546,2026-05,27.0,447,98,6.1
CUS000546,2026-06,18.3,302,66,4.1
CUS000546,2026-07,19.5,323,71,4.4
CUS000547,2026-05,2.9,874,264,2.1
CUS000547,2026-06,2.7,791,239,1.9
CUS000547,2026-07,3.6,1057,320,2.5
CUS000548,2026-05,33.4,177,81,9.0
CUS000548,2026-06,26.2,139,63,7.1
CUS000548,2026-07,24.1,128,58,6.5
CUS000549,2026-05,116.0,91,85,23.9
CUS000549,2026-06,133.4,105,97,27.4
CUS000549,2026-07,141.3,111,103,29.1
CUS000550,2026-05,13.0,278,31,6.0
CUS000550,2026-06,17.6,377,42,8.1
CUS000550,2026-07,17.5,375,41,8.0
CUS000551,2026-05,5.2,76,52,1.4
CUS000551,2026-06,7.2,106,72,2.0
CUS000551,2026-07,6.4,94,64,1.8
CUS000552,2026-05,4.0,1403,51,1.9
CUS000552,2026-06,6.4,2250,82,3.0
CUS000552,2026-07,5.9,2073,76,2.8
CUS000553,2026-05,53.6,276,79,21.1
CUS000553,2026-06,71.7,369,106,28.2
CUS000553,2026-07,76.8,395,113,30.2
CUS000554,2026-05,1.6,82,13,0.7
CUS000554,2026-06,2.3,116,18,1.0
CUS000554,2026-07,2.3,116,18,1.0
CUS000555,2026-05,120.2,1874,95,24.5
CUS000555,2026-06,104.5,1628,82,21.3
CUS000555,2026-07,145.5,2269,115,29.7
CUS000556,2026-05,51.6,100,62,21.3
CUS000556,2026-06,63.0,122,76,26.0
CUS000556,2026-07,58.5,113,71,24.2
CUS000557,2026-05,3.8,128,30,0.9
CUS000557,2026-06,3.7,124,29,0.9
CUS000557,2026-07,5.0,168,40,1.2
CUS000558,2026-05,9.0,147,12,4.5
CUS000558,2026-06,8.4,139,11,4.3
CUS000558,2026-07,8.9,147,12,4.5
CUS000559,2026-05,14.1,399,169,5.0
CUS000559,2026-06,10.4,294,125,3.7
CUS000559,2026-07,11.2,317,134,3.9
CUS000560,2026-05,150.4,111,16,19.6
CUS000560,2026-06,119.3,88,13,15.5
CUS000560,2026-07,159.3,118,17,20.7
CUS000561,2026-05,56.7,285,23,4.6
CUS000561,2026-06,70.9,356,28,5.8
CUS000561,2026-07,57.6,289,23,4.7
CUS000562,2026-05,3.2,51,32,0.2
CUS000562,2026-06,4.3,70,43,0.3
CUS000562,2026-07,4.1,67,41,0.3
CUS000563,2026-05,11.1,119,13,1.7
CUS000563,2026-06,14.4,154,17,2.2
CUS000563,2026-07,13.4,143,16,2.1
CUS000564,2026-05,0.9,45,6,0.2
CUS000564,2026-06,0.8,44,5,0.2
CUS000564,2026-07,0.9,46,6,0.2
CUS000565,2026-05,29.7,522,288,3.8
CUS000565,2026-06,30.4,534,294,3.8
CUS000565,2026-07,28.9,508,280,3.7
CUS000566,2026-05,130.2,1069,192,23.5
CUS000566,2026-06,133.3,1095,197,24.1
CUS000566,2026-07,150.1,1232,221,27.1
CUS000567,2026-05,79.0,270,40,14.5
CUS000567,2026-06,79.0,270,41,14.5
CUS000567,2026-07,92.5,316,47,17.0
CUS000568,2026-05,57.5,146,97,20.1
CUS000568,2026-06,105.1,149,99,36.7
CUS000568,2026-07,50.9,130,86,17.8
CUS000569,2026-05,2.2,106,32,1.8
CUS000569,2026-06,1.8,86,26,1.5
CUS000569,2026-07,2.2,110,33,1.9
CUS000570,2026-05,17.1,220,77,4.6
CUS000570,2026-06,21.2,274,95,5.8
CUS000570,2026-07,16.5,213,74,4.5
CUS000571,2026-05,25.0,173,12,11.2
CUS000571,2026-06,13.3,165,11,5.9
CUS000571,2026-07,17.0,212,15,7.6
CUS000572,2026-05,172.8,358,43,19.9
CUS000572,2026-06,115.4,239,29,13.3
CUS000572,2026-07,174.8,362,43,20.1
CUS000573,2026-05,24.4,295,111,2.6
CUS000573,2026-06,21.8,264,100,2.3
CUS000573,2026-07,29.1,352,133,3.0
CUS000574,2026-05,17.6,349,127,1.2
CUS000574,2026-06,14.9,296,108,1.0
CUS000574,2026-07,20.2,400,146,1.4
CUS000575,2026-05,7.5,190,50,2.1
CUS000575,2026-06,7.0,177,47,2.0
CUS000575,2026-07,6.7,170,45,1.9
CUS000576,2026-05,1.3,157,26,0.8
CUS000576,2026-06,1.1,138,22,0.7
CUS000576,2026-07,1.2,146,24,0.7
CUS000577,2026-05,7.5,161,87,1.9
CUS000577,2026-06,6.8,146,79,1.7
CUS000577,2026-07,5.8,126,68,1.5
CUS000578,2026-05,281.5,349,17,49.7
CUS000578,2026-06,122.7,274,13,21.7
CUS000578,2026-07,170.6,381,18,30.1
CUS000579,2026-05,4.9,45,72,1.8
CUS000579,2026-06,3.4,31,50,1.2
CUS000579,2026-07,4.0,36,59,1.4
CUS000580,2026-05,155.4,870,249,97.3
CUS000580,2026-06,156.8,878,251,98.2
CUS000580,2026-07,180.2,1010,288,112.9
CUS000581,2026-05,24.2,113,67,1.4
CUS000581,2026-06,28.5,133,79,1.6
CUS000581,2026-07,55.7,145,86,3.2
CUS000582,2026-05,22.5,182,55,1.0
CUS000582,2026-06,34.8,281,86,1.5
CUS000582,2026-07,22.8,185,56,1.0
CUS000583,2026-05,107.2,126,49,23.3
CUS000583,2026-06,148.6,175,68,32.3
CUS000583,2026-07,108.0,127,49,23.5
CUS000584,2026-05,30.1,122,99,6.8
CUS000584,2026-06,23.1,94,76,5.2
CUS000584,2026-07,30.2,123,100,6.8
CUS000585,2026-05,82.2,131,6,11.8
CUS000585,2026-06,62.2,99,4,9.0
CUS000585,2026-07,78.8,125,5,11.4
CUS000586,2026-05,1.8,183,32,0.8
CUS000586,2026-06,1.8,187,33,0.8
CUS000586,2026-07,1.3,139,25,0.6
CUS000587,2026-05,166.0,269,105,6.6
CUS000587,2026-06,212.4,191,75,8.4
CUS000587,2026-07,120.8,196,76,4.8
CUS000588,2026-05,126.0,407,71,28.1
CUS000588,2026-06,81.2,262,46,18.1
CUS000588,2026-07,93.1,301,52,20.8
CUS000589,2026-05,2.9,52,41,1.0
CUS000589,2026-06,3.1,54,43,1.1
CUS000589,2026-07,2.9,51,41,1.0
CUS000590,2026-05,32.3,331,34,0.9
CUS000590,2026-06,33.9,348,36,0.9
CUS000590,2026-07,23.2,238,24,0.6
CUS000591,2026-05,4.4,522,187,0.9
CUS000591,2026-06,6.5,777,279,1.4
CUS000591,2026-07,4.9,590,212,1.1
CUS000592,2026-05,151.2,121,91,9.5
CUS000592,2026-06,125.2,100,76,7.9
CUS000592,2026-07,115.7,92,70,7.3
CUS000593,2026-05,32.7,845,180,0.7
CUS000593,2026-06,18.1,840,179,0.4
CUS000593,2026-07,17.1,792,168,0.4
CUS000594,2026-05,28.0,126,164,7.1
CUS000594,2026-06,25.2,113,148,6.4
CUS000594,2026-07,24.6,111,144,6.3
CUS000595,2026-05,14.5,291,29,4.1
CUS000595,2026-06,15.8,316,31,4.4
CUS000595,2026-07,12.3,247,24,3.5
CUS000596,2026-05,78.5,358,36,9.0
CUS000596,2026-06,70.7,322,32,8.1
CUS000596,2026-07,66.9,305,30,7.7
CUS000597,2026-05,9.1,1583,264,2.1
CUS000597,2026-06,7.6,1315,220,1.7
CUS000597,2026-07,6.6,1148,192,1.5
CUS000598,2026-05,1.4,127,84,1.6
CUS000598,2026-06,1.6,141,94,1.8
CUS000598,2026-07,1.4,131,87,1.7
CUS000599,2026-05,61.1,178,39,8.2
CUS000599,2026-06,57.3,167,36,7.6
CUS000599,2026-07,58.7,172,37,7.8
CUS000600,2026-05,159.4,173,95,7.5
CUS000600,2026-06,169.4,184,101,8.0
CUS000600,2026-07,142.6,155,85,6.7
CUS000601,2026-05,310.3,1236,277,171.1
CUS000601,2026-06,116.9,838,188,64.4
CUS000601,2026-07,161.2,1156,259,88.9
CUS000602,2026-05,73.6,190,39,20.5
CUS000602,2026-06,53.3,138,28,14.9
CUS000602,2026-07,56.9,147,30,15.9
CUS000603,2026-05,6.2,42,13,0.9
CUS000603,2026-06,5.3,35,11,0.8
CUS000603,2026-07,8.4,56,17,1.2
CUS000604,2026-05,163.9,281,80,32.4
CUS000604,2026-06,140.7,241,69,27.8
CUS000604,2026-07,123.8,212,60,24.5
CUS000605,2026-05,23.3,270,45,4.4
CUS000605,2026-06,29.8,346,57,5.7
CUS000605,2026-07,20.7,240,40,3.9
CUS000606,2026-05,106.6,343,86,26.4
CUS000606,2026-06,118.4,381,95,29.3
CUS000606,2026-07,99.0,318,80,24.5
CUS000607,2026-05,92.3,194,52,14.0
CUS000607,2026-06,86.9,183,49,13.2
CUS000607,2026-07,97.7,205,55,14.8
CUS000608,2026-05,12.5,436,23,7.9
CUS000608,2026-06,11.8,411,22,7.4
CUS000608,2026-07,12.8,448,24,8.1
CUS000609,2026-05,32.4,370,37,5.2
CUS000609,2026-06,32.2,368,37,5.2
CUS000609,2026-07,24.6,281,28,4.0
CUS000610,2026-05,27.1,240,125,5.8
CUS000610,2026-06,19.9,176,92,4.3
CUS000610,2026-07,26.2,231,121,5.6
CUS000611,2026-05,36.6,1101,172,0.8
CUS000611,2026-06,24.8,746,116,0.6
CUS000611,2026-07,25.0,752,117,0.6
CUS000612,2026-05,108.1,158,37,24.6
CUS000612,2026-06,88.9,130,30,20.2
CUS000612,2026-07,97.5,142,33,22.2
CUS000613,2026-05,12.9,136,59,4.4
CUS000613,2026-06,17.0,180,77,5.9
CUS000613,2026-07,17.9,189,81,6.2
CUS000614,2026-05,1.5,1440,86,2.2
CUS000614,2026-06,2.0,1952,117,2.9
CUS000614,2026-07,1.5,1445,87,2.2
CUS000615,2026-05,120.9,297,61,11.9
CUS000615,2026-06,129.1,317,65,12.8
CUS000615,2026-07,127.2,312,64,12.6
CUS000616,2026-05,82.8,273,77,22.1
CUS000616,2026-06,81.2,268,76,21.7
CUS000616,2026-07,97.4,321,91,26.0
CUS000617,2026-05,107.4,258,22,19.8
CUS000617,2026-06,99.2,239,21,18.3
CUS000617,2026-07,103.5,249,22,19.0
CUS000618,2026-05,125.7,208,28,21.4
CUS000618,2026-06,120.1,199,26,20.5
CUS000618,2026-07,127.2,211,28,21.7
CUS000619,2026-05,116.4,329,49,28.8
CUS000619,2026-06,102.8,291,43,25.4
CUS000619,2026-07,94.8,268,40,23.4
CUS000620,2026-05,8.4,831,51,2.7
CUS000620,2026-06,4.2,751,46,1.3
CUS000620,2026-07,4.6,819,50,1.5
CUS000621,2026-05,19.5,184,56,7.5
CUS000621,2026-06,15.3,144,44,5.9
CUS000621,2026-07,16.5,155,47,6.3
CUS000622,2026-05,38.2,923,68,67.2
CUS000622,2026-06,62.9,1519,113,110.6
CUS000622,2026-07,97.2,1305,97,171.1
CUS000623,2026-05,127.8,237,101,9.9
CUS000623,2026-06,85.1,158,67,6.6
CUS000623,2026-07,90.4,168,71,7.0
CUS000624,2026-05,110.4,85,35,16.6
CUS000624,2026-06,99.9,77,32,15.1
CUS000624,2026-07,107.2,82,34,16.1
CUS000625,2026-05,98.7,186,55,29.4
CUS000625,2026-06,107.6,203,60,32.1
CUS000625,2026-07,97.8,184,55,29.2
CUS000626,2026-05,14.2,150,102,6.4
CUS000626,2026-06,9.8,103,70,4.4
CUS000626,2026-07,14.7,155,105,6.6
CUS000627,2026-05,5.3,209,66,0.9
CUS000627,2026-06,4.6,182,57,0.8
CUS000627,2026-07,5.1,201,63,0.9
CUS000628,2026-05,2.0,45,60,0.8
CUS000628,2026-06,2.3,52,69,0.9
CUS000628,2026-07,2.3,50,67,0.9
CUS000629,2026-05,6.2,102,77,0.8
CUS000629,2026-06,5.4,89,67,0.7
CUS000629,2026-07,6.6,110,82,0.9
CUS000630,2026-05,129.0,960,225,35.1
CUS000630,2026-06,100.7,750,176,27.4
CUS000630,2026-07,136.3,1015,238,37.1
CUS000631,2026-05,120.5,303,69,7.4
CUS000631,2026-06,119.7,301,68,7.3
CUS000631,2026-07,119.7,301,68,7.3
CUS000632,2026-05,9.5,388,81,6.3
CUS000632,2026-06,10.3,424,89,6.9
CUS000632,2026-07,7.3,299,63,4.9
CUS000633,2026-05,5.7,119,23,0.5
CUS000633,2026-06,4.9,103,20,0.5
CUS000633,2026-07,7.6,158,30,0.7
CUS000634,2026-05,3.8,122,38,0.8
CUS000634,2026-06,4.5,144,46,0.9
CUS000634,2026-07,5.2,169,53,1.1
CUS000635,2026-05,27.7,210,141,5.8
CUS000635,2026-06,23.4,178,119,4.9
CUS000635,2026-07,30.4,231,155,6.4
CUS000636,2026-05,45.5,178,27,28.8
CUS000636,2026-06,42.9,168,26,27.1
CUS000636,2026-07,37.5,146,23,23.7
CUS000637,2026-05,11.9,251,73,2.6
CUS000637,2026-06,18.3,388,113,4.1
CUS000637,2026-07,12.3,260,76,2.7
CUS000638,2026-05,31.6,447,145,0.2
CUS000638,2026-06,27.8,393,127,0.2
CUS000638,2026-07,25.2,357,116,0.1
CUS000639,2026-05,4.9,587,155,0.1
CUS000639,2026-06,4.4,525,139,0.1
CUS000639,2026-07,4.0,471,124,0.1
CUS000640,2026-05,135.3,207,64,23.4
CUS000640,2026-06,150.5,231,71,26.0
CUS000640,2026-07,123.9,190,58,21.5
CUS000641,2026-05,5.0,69,79,1.1
CUS000641,2026-06,3.7,52,59,0.8
CUS000641,2026-07,4.6,63,71,1.0
CUS000642,2026-05,27.2,1248,166,3.6
CUS000642,2026-06,37.8,1734,231,4.9
CUS000642,2026-07,37.4,1715,228,4.9
CUS000643,2026-05,0.9,51,6,0.9
CUS000643,2026-06,0.5,53,6,0.5
CUS000643,2026-07,0.5,52,6,0.5
CUS000644,2026-05,63.3,212,84,12.5
CUS000644,2026-06,53.7,180,71,10.6
CUS000644,2026-07,56.9,190,76,11.3
CUS000645,2026-05,3.8,93,65,1.7
CUS000645,2026-06,4.8,118,82,2.1
CUS000645,2026-07,3.9,96,66,1.7
CUS000646,2026-05,172.1,322,35,12.4
CUS000646,2026-06,134.8,252,27,9.7
CUS000646,2026-07,162.4,303,33,11.7
CUS000647,2026-05,20.1,351,116,0.5
CUS000647,2026-06,22.9,401,133,0.6
CUS000647,2026-07,22.0,385,127,0.6
CUS000648,2026-05,101.8,296,47,6.5
CUS000648,2026-06,115.9,338,53,7.4
CUS000648,2026-07,95.0,277,44,6.0
CUS000649,2026-05,18.6,177,60,1.0
CUS000649,2026-06,18.9,180,61,1.1
CUS000649,2026-07,19.4,185,62,1.1
CUS000650,2026-05,22.8,1352,212,6.7
CUS000650,2026-06,18.8,1119,176,5.5
CUS000650,2026-07,23.2,1379,217,6.8
CUS000651,2026-05,150.7,208,104,9.8
CUS000651,2026-06,148.9,205,103,9.7
CUS000651,2026-07,147.6,203,102,9.6
CUS000652,2026-05,18.4,389,96,9.1
CUS000652,2026-06,7.7,293,73,3.8
CUS000652,2026-07,8.0,306,76,4.0
CUS000653,2026-05,10.8,257,101,6.5
CUS000653,2026-06,9.6,228,89,5.8
CUS000653,2026-07,10.7,256,100,6.5
CUS000654,2026-05,5.3,203,11,0.8
CUS000654,2026-06,5.5,210,12,0.8
CUS000654,2026-07,5.0,192,11,0.8
CUS000655,2026-05,69.2,194,41,22.7
CUS000655,2026-06,85.3,240,51,28.0
CUS000655,2026-07,70.5,198,42,23.1
CUS000656,2026-05,77.7,389,33,28.0
CUS000656,2026-06,55.5,278,24,20.0
CUS000656,2026-07,62.6,313,27,22.5
CUS000657,2026-05,233.5,199,27,8.0
CUS000657,2026-06,148.2,227,30,5.1
CUS000657,2026-07,145.1,222,30,5.0
CUS000658,2026-05,29.2,340,144,4.2
CUS000658,2026-06,26.5,308,131,3.8
CUS000658,2026-07,24.2,282,119,3.5
CUS000659,2026-05,27.2,314,57,3.7
CUS000659,2026-06,24.5,283,52,3.3
CUS000659,2026-07,31.4,361,66,4.2
CUS000660,2026-05,97.9,173,76,27.6
CUS000660,2026-06,91.1,161,71,25.6
CUS000660,2026-07,106.1,188,82,29.9
CUS000661,2026-05,20.6,312,59,4.2
CUS000661,2026-06,22.8,345,65,4.7
CUS000661,2026-07,19.7,298,56,4.0
CUS000662,2026-05,20.9,230,114,5.4
CUS000662,2026-06,16.2,179,89,4.2
CUS000662,2026-07,14.5,160,79,3.7
CUS000663,2026-05,7.3,33,29,1.2
CUS000663,2026-06,8.6,38,34,1.4
CUS000663,2026-07,8.2,36,32,1.3
CUS000664,2026-05,74.6,243,12,12.9
CUS000664,2026-06,120.3,392,19,20.8
CUS000664,2026-07,108.4,353,17,18.7
CUS000665,2026-05,2.6,119,27,1.7
CUS000665,2026-06,1.8,84,19,1.2
CUS000665,2026-07,2.0,91,20,1.3
CUS000666,2026-05,154.7,342,36,18.5
CUS000666,2026-06,152.3,337,35,18.2
CUS000666,2026-07,153.9,341,35,18.4
CUS000667,2026-05,140.8,204,22,16.8
CUS000667,2026-06,128.1,186,20,15.2
CUS000667,2026-07,153.1,222,24,18.2
CUS000668,2026-05,3.1,153,25,1.1
CUS000668,2026-06,3.8,191,31,1.4
CUS000668,2026-07,3.0,148,24,1.1
CUS000669,2026-05,7.2,1429,39,1.3
CUS000669,2026-06,9.7,1926,52,1.8
CUS000669,2026-07,6.7,1322,36,1.2
CUS000670,2026-05,8.9,283,48,7.7
CUS000670,2026-06,8.9,282,47,7.6
CUS000670,2026-07,8.9,282,47,7.7
CUS000671,2026-05,120.2,247,83,18.6
CUS000671,2026-06,118.5,243,82,18.4
CUS000671,2026-07,112.0,230,77,17.4
CUS000672,2026-05,3.3,88,12,1.5
CUS000672,2026-06,4.4,117,16,2.0
CUS000672,2026-07,4.4,117,16,2.0
CUS000673,2026-05,28.7,116,66,3.9
CUS000673,2026-06,29.2,119,67,4.0
CUS000673,2026-07,30.4,123,70,4.1
CUS000674,2026-05,167.0,249,105,29.3
CUS000674,2026-06,116.7,174,73,20.5
CUS000674,2026-07,119.7,179,75,21.0
CUS000675,2026-05,129.5,155,42,25.0
CUS000675,2026-06,117.7,141,38,22.7
CUS000675,2026-07,150.8,181,49,29.1
CUS000676,2026-05,2.2,479,200,0.8
CUS000676,2026-06,2.8,599,250,1.0
CUS000676,2026-07,3.0,637,266,1.1
CUS000677,2026-05,23.4,1004,114,1.1
CUS000677,2026-06,19.3,825,93,0.9
CUS000677,2026-07,20.2,867,98,0.9
CUS000678,2026-05,14.2,1615,144,5.2
CUS000678,2026-06,13.4,1532,136,5.0
CUS000678,2026-07,14.1,1604,143,5.2
CUS000679,2026-05,20.4,813,52,7.2
CUS000679,2026-06,31.3,1248,80,11.0
CUS000679,2026-07,21.8,867,56,7.6
CUS000680,2026-05,69.3,814,502,40.4
CUS000680,2026-06,65.2,767,473,38.0
CUS000680,2026-07,60.3,709,437,35.2
CUS000681,2026-05,1.3,165,38,1.2
CUS000681,2026-06,1.2,153,35,1.1
CUS000681,2026-07,2.2,151,35,1.9
CUS000682,2026-05,57.9,115,9,16.6
CUS000682,2026-06,59.0,117,9,17.0
CUS000682,2026-07,118.2,130,10,34.0
CUS000683,2026-05,21.5,319,72,3.4
CUS000683,2026-06,24.1,357,81,3.8
CUS000683,2026-07,23.8,353,80,3.8
CUS000684,2026-05,145.4,338,99,21.0
CUS000684,2026-06,110.9,258,75,16.0
CUS000684,2026-07,121.5,282,82,17.6
CUS000685,2026-05,130.3,192,9,14.1
CUS000685,2026-06,143.5,211,10,15.5
CUS000685,2026-07,140.8,207,10,15.2
CUS000686,2026-05,100.9,60,51,6.1
CUS000686,2026-06,76.4,45,38,4.7
CUS000686,2026-07,113.5,67,57,6.9
CUS000687,2026-05,13.1,899,148,0.6
CUS000687,2026-06,7.6,942,155,0.3
CUS000687,2026-07,7.1,877,145,0.3
CUS000688,2026-05,171.2,1697,53,32.4
CUS000688,2026-06,188.4,1867,58,35.6
CUS000688,2026-07,164.3,1629,51,31.1
CUS000689,2026-05,30.0,120,142,3.7
CUS000689,2026-06,24.9,100,118,3.1
CUS000689,2026-07,51.1,114,134,6.3
CUS000690,2026-05,14.7,41,28,0.5
CUS000690,2026-06,6.6,33,23,0.2
CUS000690,2026-07,7.8,39,27,0.3
CUS000691,2026-05,117.2,96,5,21.3
CUS000691,2026-06,140.4,116,6,25.5
CUS000691,2026-07,117.2,97,5,21.3
CUS000692,2026-05,5.5,155,28,1.7
CUS000692,2026-06,5.4,150,28,1.7
CUS000692,2026-07,4.9,137,25,1.5
CUS000693,2026-05,23.2,995,285,7.9
CUS000693,2026-06,21.7,932,267,7.4
CUS000693,2026-07,15.3,656,188,5.2
CUS000694,2026-05,1.3,96,10,1.5
CUS000694,2026-06,1.7,119,12,1.9
CUS000694,2026-07,1.5,105,11,1.7
CUS000695,2026-05,16.0,148,107,4.9
CUS000695,2026-06,17.7,164,119,5.4
CUS000695,2026-07,21.7,201,146,6.6
CUS000696,2026-05,77.3,156,94,23.1
CUS000696,2026-06,84.6,171,103,25.3
CUS000696,2026-07,79.1,160,96,23.7
CUS000697,2026-05,27.7,815,303,4.6
CUS000697,2026-06,26.7,786,293,4.4
CUS000697,2026-07,20.0,587,219,3.3
CUS000698,2026-05,123.2,227,34,6.9
CUS000698,2026-06,131.9,243,36,7.4
CUS000698,2026-07,100.2,184,28,5.6
CUS000699,2026-05,83.7,99,98,26.2
CUS000699,2026-06,71.7,85,84,22.4
CUS000699,2026-07,87.0,103,102,27.2
CUS000700,2026-05,5.3,1240,63,0.3
CUS000700,2026-06,4.8,1136,58,0.2
CUS000700,2026-07,4.9,1155,59,0.2
CUS000701,2026-05,53.6,221,36,5.3
CUS000701,2026-06,77.4,318,51,7.6
CUS000701,2026-07,77.0,316,51,7.6
CUS000702,2026-05,3.0,151,36,0.3
CUS000702,2026-06,3.0,152,37,0.4
CUS000702,2026-07,2.2,111,27,0.3
CUS000703,2026-05,88.4,52,12,6.4
CUS000703,2026-06,89.5,53,13,6.5
CUS000703,2026-07,190.7,63,15,13.9
CUS000704,2026-05,92.7,662,442,83.9
CUS000704,2026-06,83.0,593,396,75.1
CUS000704,2026-07,122.3,874,584,110.7
CUS000705,2026-05,72.1,72,67,20.8
CUS000705,2026-06,75.8,76,71,21.8
CUS000705,2026-07,70.0,70,65,20.1
CUS000706,2026-05,3.6,1721,236,2.1
CUS000706,2026-06,3.3,1575,216,1.9
CUS000706,2026-07,4.0,1890,259,2.3
CUS000707,2026-05,1.3,53,14,1.4
CUS000707,2026-06,1.4,53,14,1.4
CUS000707,2026-07,1.6,63,17,1.7
CUS000708,2026-05,1.2,82,53,1.1
CUS000708,2026-06,1.7,116,76,1.6
CUS000708,2026-07,1.3,91,59,1.3
CUS000709,2026-05,24.0,293,115,0.1
CUS000709,2026-06,24.2,296,116,0.1
CUS000709,2026-07,24.2,295,116,0.1
CUS000710,2026-05,77.1,161,61,11.6
CUS000710,2026-06,90.5,189,71,13.7
CUS000710,2026-07,62.1,130,49,9.4
CUS000711,2026-05,26.2,217,97,6.5
CUS000711,2026-06,29.6,244,110,7.4
CUS000711,2026-07,18.7,154,69,4.7
CUS000712,2026-05,71.8,300,77,18.7
CUS000712,2026-06,92.5,387,100,24.1
CUS000712,2026-07,86.2,361,93,22.4
CUS000713,2026-05,13.6,133,114,4.4
CUS000713,2026-06,13.2,129,110,4.3
CUS000713,2026-07,12.8,125,107,4.1
CUS000714,2026-05,107.7,170,14,14.8
CUS000714,2026-06,80.7,127,10,11.1
CUS000714,2026-07,91.1,144,12,12.5
CUS000715,2026-05,7.0,717,172,2.5
CUS000715,2026-06,8.2,846,203,3.0
CUS000715,2026-07,8.6,886,212,3.1
CUS000716,2026-05,6.4,96,49,1.0
CUS000716,2026-06,7.8,116,59,1.2
CUS000716,2026-07,6.0,90,46,0.9
CUS000717,2026-05,115.2,290,29,6.7
CUS000717,2026-06,156.6,395,39,9.2
CUS000717,2026-07,106.1,267,26,6.2
CUS000718,2026-05,55.2,107,28,23.4
CUS000718,2026-06,72.2,140,36,30.7
CUS000718,2026-07,80.8,157,41,34.3
CUS000719,2026-05,19.8,398,17,7.9
CUS000719,2026-06,17.7,355,15,7.0
CUS000719,2026-07,20.2,405,18,8.0
CUS000720,2026-05,18.9,364,127,2.4
CUS000720,2026-06,19.6,378,132,2.5
CUS000720,2026-07,15.4,298,104,2.0
CUS000721,2026-05,6.9,784,234,0.1
CUS000721,2026-06,9.5,1079,322,0.1
CUS000721,2026-07,8.0,906,271,0.1
CUS000722,2026-05,6.8,172,31,1.6
CUS000722,2026-06,6.5,164,30,1.5
CUS000722,2026-07,6.0,153,28,1.4
CUS000723,2026-05,0.7,89,34,0.7
CUS000723,2026-06,1.1,139,53,1.0
CUS000723,2026-07,1.1,136,52,1.0
CUS000724,2026-05,28.8,300,43,8.1
CUS000724,2026-06,21.4,223,32,6.0
CUS000724,2026-07,25.4,264,38,7.1
CUS000725,2026-05,13.2,225,89,1.1
CUS000725,2026-06,14.2,242,96,1.2
CUS000725,2026-07,14.9,254,100,1.2
CUS000726,2026-05,7.6,164,83,5.0
CUS000726,2026-06,10.8,234,118,7.2
CUS000726,2026-07,9.1,195,99,6.0
CUS000727,2026-05,2.9,1057,256,1.0
CUS000727,2026-06,2.6,968,234,0.9
CUS000727,2026-07,2.7,999,242,0.9
CUS000728,2026-05,134.3,1056,245,78.8
CUS000728,2026-06,184.2,1449,337,108.1
CUS000728,2026-07,141.8,1116,259,83.2
CUS000729,2026-05,84.6,249,41,10.5
CUS000729,2026-06,94.0,277,45,11.6
CUS000729,2026-07,104.2,307,50,12.9
CUS000730,2026-05,3.0,46,61,1.0
CUS000730,2026-06,1.9,30,39,0.6
CUS000730,2026-07,2.0,30,40,0.7
CUS000731,2026-05,24.3,124,123,4.8
CUS000731,2026-06,25.4,129,129,5.0
CUS000731,2026-07,31.7,162,161,6.3
CUS000732,2026-05,18.5,367,140,11.3
CUS000732,2026-06,7.0,250,95,4.3
CUS000732,2026-07,11.1,395,151,6.8
CUS000733,2026-05,8.9,318,16,1.6
CUS000733,2026-06,9.2,327,17,1.6
CUS000733,2026-07,8.2,293,15,1.4
CUS000734,2026-05,32.6,522,188,5.5
CUS000734,2026-06,31.3,501,181,5.2
CUS000734,2026-07,42.7,684,247,7.2
CUS000735,2026-05,24.7,368,110,6.5
CUS000735,2026-06,30.4,453,136,8.0
CUS000735,2026-07,19.5,291,87,5.1
CUS000736,2026-05,52.9,201,49,16.3
CUS000736,2026-06,61.5,234,57,18.9
CUS000736,2026-07,47.9,182,44,14.7
CUS000737,2026-05,11.3,234,76,5.0
CUS000737,2026-06,18.3,380,123,8.1
CUS000737,2026-07,11.5,240,78,5.1
CUS000738,2026-05,18.9,162,57,5.5
CUS000738,2026-06,25.9,222,78,7.6
CUS000738,2026-07,17.5,149,53,5.1
CUS000739,2026-05,13.3,247,67,4.7
CUS000739,2026-06,13.0,242,66,4.6
CUS000739,2026-07,16.8,312,85,5.9
CUS000740,2026-05,39.6,313,37,13.3
CUS000740,2026-06,44.3,351,41,14.9
CUS000740,2026-07,50.4,399,47,17.0
CUS000741,2026-05,22.2,213,92,2.6
CUS000741,2026-06,20.6,197,85,2.4
CUS000741,2026-07,27.2,260,113,3.2
CUS000742,2026-05,12.7,319,24,0.1
CUS000742,2026-06,15.6,391,30,0.1
CUS000742,2026-07,11.1,278,21,0.1
CUS000743,2026-05,8.4,84,57,0.6
CUS000743,2026-06,13.0,129,87,1.0
CUS000743,2026-07,10.9,109,74,0.8
CUS000744,2026-05,121.0,93,14,14.4
CUS000744,2026-06,106.7,82,12,12.7
CUS000744,2026-07,103.3,79,12,12.3
CUS000745,2026-05,142.2,127,17,13.4
CUS000745,2026-06,157.1,140,19,14.9
CUS000745,2026-07,155.6,139,19,14.7
CUS000746,2026-05,106.0,88,9,22.5
CUS000746,2026-06,114.2,95,9,24.2
CUS000746,2026-07,129.4,107,10,27.4
CUS000747,2026-05,82.9,2063,202,109.7
CUS000747,2026-06,69.9,1739,170,92.5
CUS000747,2026-07,87.1,2166,212,115.2
CUS000748,2026-05,21.0,1589,206,5.2
CUS000748,2026-06,29.7,2250,291,7.3
CUS000748,2026-07,28.9,2190,283,7.1
CUS000749,2026-05,12.9,188,29,1.9
CUS000749,2026-06,8.8,129,20,1.3
CUS000749,2026-07,13.2,192,30,1.9
CUS000750,2026-05,32.8,206,82,4.7
CUS000750,2026-06,30.6,192,77,4.4
CUS000750,2026-07,23.7,149,60,3.4
CUS000751,2026-05,21.6,149,25,6.1
CUS000751,2026-06,24.1,166,28,6.8
CUS000751,2026-07,25.2,173,29,7.1
CUS000752,2026-05,82.7,241,37,17.9
CUS000752,2026-06,107.2,312,49,23.2
CUS000752,2026-07,179.6,291,45,38.9
CUS000753,2026-05,26.9,211,87,7.5
CUS000753,2026-06,23.8,187,77,6.6
CUS000753,2026-07,19.1,151,62,5.3
CUS000754,2026-05,11.1,105,63,0.2
CUS000754,2026-06,11.1,105,63,0.2
CUS000754,2026-07,10.9,103,62,0.2
CUS000755,2026-05,61.0,194,92,15.2
CUS000755,2026-06,68.9,218,104,17.1
CUS000755,2026-07,64.3,204,97,16.0
CUS000756,2026-05,175.5,2113,272,92.3
CUS000756,2026-06,116.9,1407,181,61.4
CUS000756,2026-07,115.0,1385,178,60.5
CUS000757,2026-05,31.6,367,166,2.7
CUS000757,2026-06,32.3,376,170,2.8
CUS000757,2026-07,30.1,349,158,2.6
CUS000758,2026-05,1.8,174,60,0.8
CUS000758,2026-06,1.3,120,41,0.5
CUS000758,2026-07,1.5,140,48,0.6
CUS000759,2026-05,25.7,1755,189,2.7
CUS000759,2026-06,59.9,2270,245,6.4
CUS000759,2026-07,26.9,1837,198,2.9
CUS000760,2026-05,8.0,283,10,0.0
CUS000760,2026-06,8.5,303,11,0.0
CUS000760,2026-07,12.6,449,16,0.0
CUS000761,2026-05,131.0,275,68,6.1
CUS000761,2026-06,106.2,223,55,5.0
CUS000761,2026-07,119.6,251,62,5.6
CUS000762,2026-05,3.2,24,18,0.5
CUS000762,2026-06,4.4,33,25,0.7
CUS000762,2026-07,3.6,27,20,0.6
CUS000763,2026-05,16.2,131,51,3.8
CUS000763,2026-06,21.5,175,68,5.1
CUS000763,2026-07,24.5,199,77,5.8
CUS000764,2026-05,76.6,256,58,32.1
CUS000764,2026-06,67.5,226,51,28.2
CUS000764,2026-07,64.6,216,49,27.1
CUS000765,2026-05,15.7,303,31,3.6
CUS000765,2026-06,16.3,316,32,3.8
CUS000765,2026-07,17.5,339,34,4.0
CUS000766,2026-05,56.9,279,75,23.5
CUS000766,2026-06,76.6,375,101,31.6
CUS000766,2026-07,67.6,331,90,27.9
CUS000767,2026-05,116.4,107,19,11.4
CUS000767,2026-06,145.0,133,24,14.2
CUS000767,2026-07,91.9,84,15,9.0
CUS000768,2026-05,12.2,246,42,4.1
CUS000768,2026-06,8.3,168,28,2.8
CUS000768,2026-07,8.6,174,30,2.9
CUS000769,2026-05,19.1,139,83,3.6
CUS000769,2026-06,30.9,225,135,5.8
CUS000769,2026-07,30.7,224,134,5.8
CUS000770,2026-05,35.6,167,36,9.5
CUS000770,2026-06,37.4,176,38,10.0
CUS000770,2026-07,32.0,151,33,8.6
CUS000771,2026-05,207.0,341,71,42.4
CUS000771,2026-06,99.1,294,61,20.3
CUS000771,2026-07,102.5,304,63,21.0
CUS000772,2026-05,16.0,301,88,4.2
CUS000772,2026-06,21.3,400,117,5.6
CUS000772,2026-07,22.5,424,124,5.9
CUS000773,2026-05,52.2,349,64,3.9
CUS000773,2026-06,23.8,286,53,1.8
CUS000773,2026-07,25.5,307,57,1.9
CUS000774,2026-05,17.6,112,28,1.3
CUS000774,2026-06,23.7,151,38,1.7
CUS000774,2026-07,21.8,139,35,1.6
CUS000775,2026-05,23.5,174,151,2.8
CUS000775,2026-06,21.5,159,138,2.5
CUS000775,2026-07,25.1,186,161,3.0
CUS000776,2026-05,22.6,158,122,5.2
CUS000776,2026-06,21.7,152,117,5.0
CUS000776,2026-07,18.8,132,101,4.3
CUS000777,2026-05,17.1,200,103,2.7
CUS000777,2026-06,12.8,150,77,2.1
CUS000777,2026-07,12.5,146,75,2.0
CUS000778,2026-05,162.2,317,95,16.7
CUS000778,2026-06,118.9,232,69,12.3
CUS000778,2026-07,104.6,204,61,10.8
CUS000779,2026-05,2.2,225,32,1.2
CUS000779,2026-06,1.6,164,24,0.9
CUS000779,2026-07,1.8,185,26,1.0
CUS000780,2026-05,6.0,50,39,0.1
CUS000780,2026-06,7.0,59,46,0.1
CUS000780,2026-07,6.6,55,43,0.1
CUS000781,2026-05,115.1,170,39,20.1
CUS000781,2026-06,100.1,148,34,17.5
CUS000781,2026-07,102.9,152,35,18.0
CUS000782,2026-05,7.5,188,44,0.3
CUS000782,2026-06,6.3,159,37,0.3
CUS000782,2026-07,5.5,138,32,0.2
CUS000783,2026-05,73.8,252,96,9.5
CUS000783,2026-06,81.6,278,106,10.5
CUS000783,2026-07,89.1,304,116,11.5
CUS000784,2026-05,92.7,63,28,22.9
CUS000784,2026-06,105.5,71,32,26.1
CUS000784,2026-07,89.6,61,27,22.2
CUS000785,2026-05,16.1,422,80,2.7
CUS000785,2026-06,11.2,293,55,1.8
CUS000785,2026-07,11.2,294,56,1.8
CUS000786,2026-05,16.9,126,22,0.1
CUS000786,2026-06,13.4,100,17,0.1
CUS000786,2026-07,14.8,111,19,0.1
CUS000787,2026-05,127.0,64,27,32.3
CUS000787,2026-06,118.6,60,25,30.1
CUS000787,2026-07,145.0,73,31,36.9
CUS000788,2026-05,41.9,53,62,3.8
CUS000788,2026-06,51.6,65,76,4.7
CUS000788,2026-07,60.1,76,89,5.5
CUS000789,2026-05,15.3,204,24,1.8
CUS000789,2026-06,21.0,281,34,2.5
CUS000789,2026-07,20.2,270,32,2.4
CUS000790,2026-05,3.8,107,80,0.9
CUS000790,2026-06,2.5,71,53,0.6
CUS000790,2026-07,6.4,100,75,1.6
CUS000791,2026-05,1.0,921,149,0.1
CUS000791,2026-06,1.1,1068,173,0.1
CUS000791,2026-07,1.3,1200,194,0.1
CUS000792,2026-05,22.0,248,60,0.4
CUS000792,2026-06,22.4,252,61,0.4
CUS000792,2026-07,20.4,230,55,0.4
CUS000793,2026-05,62.5,49,16,12.1
CUS000793,2026-06,82.9,65,22,16.0
CUS000793,2026-07,79.5,63,21,15.4
CUS000794,2026-05,17.1,332,93,0.0
CUS000794,2026-06,17.4,338,95,0.0
CUS000794,2026-07,20.6,401,112,0.0
CUS000795,2026-05,9.3,250,44,0.3
CUS000795,2026-06,7.8,210,37,0.2
CUS000795,2026-07,10.4,279,49,0.3
CUS000796,2026-05,2.8,102,6,0.8
CUS000796,2026-06,3.1,115,7,0.9
CUS000796,2026-07,3.5,129,7,1.0
CUS000797,2026-05,0.8,108,77,1.4
CUS000797,2026-06,0.8,108,77,1.4
CUS000797,2026-07,0.6,77,55,1.0
CUS000798,2026-05,60.0,192,47,20.5
CUS000798,2026-06,67.8,217,53,23.2
CUS000798,2026-07,83.2,266,65,28.5
CUS000799,2026-05,21.4,279,78,6.4
CUS000799,2026-06,21.6,282,79,6.5
CUS000799,2026-07,25.6,334,94,7.7
CUS000800,2026-05,141.1,975,262,40.2
CUS000800,2026-06,172.5,1191,321,49.1
CUS000800,2026-07,143.9,994,267,41.0
CUS000801,2026-05,22.0,275,114,4.9
CUS000801,2026-06,16.4,206,85,3.7
CUS000801,2026-07,14.8,186,77,3.3
CUS000802,2026-05,8.2,138,36,6.2
CUS000802,2026-06,10.6,180,46,8.0
CUS000802,2026-07,11.0,186,48,8.3
CUS000803,2026-05,76.3,291,93,27.3
CUS000803,2026-06,70.4,269,85,25.2
CUS000803,2026-07,101.6,388,123,36.4
CUS000804,2026-05,81.3,210,35,20.1
CUS000804,2026-06,70.6,182,30,17.4
CUS000804,2026-07,67.5,174,29,16.7
CUS000805,2026-05,77.8,218,77,26.8
CUS000805,2026-06,93.3,261,92,32.2
CUS000805,2026-07,81.1,227,80,28.0
CUS000806,2026-05,99.6,228,39,15.5
CUS000806,2026-06,123.8,284,48,19.3
CUS000806,2026-07,102.2,234,40,15.9
CUS000807,2026-05,83.8,242,6,8.8
CUS000807,2026-06,89.0,257,6,9.4
CUS000807,2026-07,117.4,339,8,12.4
CUS000808,2026-05,13.3,1744,48,1.4
CUS000808,2026-06,11.0,1447,40,1.2
CUS000808,2026-07,9.8,1282,36,1.1
CUS000809,2026-05,3.6,126,51,0.5
CUS000809,2026-06,3.8,136,55,0.6
CUS000809,2026-07,4.2,147,60,0.6
CUS000810,2026-05,91.3,224,44,16.6
CUS000810,2026-06,128.0,314,62,23.3
CUS000810,2026-07,97.1,238,47,17.7
CUS000811,2026-05,17.4,220,106,0.7
CUS000811,2026-06,17.5,221,106,0.7
CUS000811,2026-07,25.2,317,153,1.1
CUS000812,2026-05,62.6,214,45,26.0
CUS000812,2026-06,79.0,270,57,32.8
CUS000812,2026-07,58.9,202,42,24.5
CUS000813,2026-05,110.7,283,74,22.0
CUS000813,2026-06,130.8,334,87,26.0
CUS000813,2026-07,88.6,227,59,17.6
CUS000814,2026-05,80.7,290,35,16.4
CUS000814,2026-06,66.8,240,29,13.6
CUS000814,2026-07,66.3,239,29,13.5
CUS000815,2026-05,3.2,94,18,1.9
CUS000815,2026-06,3.4,101,19,2.1
CUS000815,2026-07,2.5,75,14,1.5
CUS000816,2026-05,25.4,136,87,6.9
CUS000816,2026-06,25.8,138,88,7.0
CUS000816,2026-07,25.9,139,89,7.0
CUS000817,2026-05,7.2,68,41,0.7
CUS000817,2026-06,7.0,66,40,0.6
CUS000817,2026-07,8.0,75,45,0.7
CUS000818,2026-05,17.4,233,81,2.9
CUS000818,2026-06,17.4,233,81,2.9
CUS000818,2026-07,14.8,199,69,2.4
CUS000819,2026-05,40.3,272,80,10.2
CUS000819,2026-06,47.4,320,94,12.0
CUS000819,2026-07,36.6,247,73,9.3
CUS000820,2026-05,25.9,104,128,0.5
CUS000820,2026-06,26.0,104,129,0.5
CUS000820,2026-07,36.8,148,183,0.7
CUS000821,2026-05,32.0,133,145,3.4
CUS000821,2026-06,21.9,164,178,2.3
CUS000821,2026-07,13.7,103,112,1.5
CUS000822,2026-05,32.7,917,92,7.2
CUS000822,2026-06,27.0,758,76,6.0
CUS000822,2026-07,23.9,671,67,5.3
CUS000823,2026-05,25.2,1099,113,1.7
CUS000823,2026-06,34.4,1499,154,2.3
CUS000823,2026-07,35.1,1531,158,2.3
CUS000824,2026-05,66.1,200,56,20.2
CUS000824,2026-06,50.6,153,43,15.5
CUS000824,2026-07,59.6,180,50,18.2
CUS000825,2026-05,94.4,130,67,8.4
CUS000825,2026-06,129.6,178,93,11.6
CUS000825,2026-07,119.0,164,85,10.6
CUS000826,2026-05,21.9,214,156,8.0
CUS000826,2026-06,23.5,229,167,8.6
CUS000826,2026-07,17.6,172,126,6.4
CUS000827,2026-05,85.0,1129,190,69.3
CUS000827,2026-06,92.2,1224,206,75.1
CUS000827,2026-07,107.8,1432,241,87.8
CUS000828,2026-05,9.2,799,27,6.5
CUS000828,2026-06,13.3,1158,39,9.4
CUS000828,2026-07,9.2,805,27,6.5
CUS000829,2026-05,179.3,142,72,14.9
CUS000829,2026-06,140.2,199,101,11.6
CUS000829,2026-07,134.2,191,97,11.1
CUS000830,2026-05,85.3,134,24,12.6
CUS000830,2026-06,54.3,85,15,8.0
CUS000830,2026-07,85.0,133,24,12.5
CUS000831,2026-05,7.8,306,61,0.5
CUS000831,2026-06,10.6,414,83,0.7
CUS000831,2026-07,10.0,392,78,0.7
CUS000832,2026-05,26.9,317,40,3.0
CUS000832,2026-06,30.3,358,45,3.3
CUS000832,2026-07,25.7,304,38,2.8
CUS000833,2026-05,101.8,138,9,26.3
CUS000833,2026-06,92.0,124,8,23.8
CUS000833,2026-07,126.2,171,11,32.6
CUS000834,2026-05,10.0,220,93,1.7
CUS000834,2026-06,11.7,256,108,2.0
CUS000834,2026-07,13.5,295,125,2.3
CUS000835,2026-05,54.0,318,70,9.5
CUS000835,2026-06,53.8,316,69,9.5
CUS000835,2026-07,58.9,346,76,10.4
CUS000836,2026-05,13.0,205,39,1.7
CUS000836,2026-06,11.2,177,33,1.5
CUS000836,2026-07,12.9,204,38,1.7
CUS000837,2026-05,126.6,165,108,8.2
CUS000837,2026-06,111.2,145,94,7.2
CUS000837,2026-07,125.7,164,107,8.1
CUS000838,2026-05,2.1,1579,89,1.0
CUS000838,2026-06,2.4,1793,101,1.1
CUS000838,2026-07,2.6,1972,111,1.2
CUS000839,2026-05,35.8,508,72,9.1
CUS000839,2026-06,28.3,402,57,7.2
CUS000839,2026-07,27.5,391,55,7.0
CUS000840,2026-05,29.8,249,124,1.8
CUS000840,2026-06,34.4,288,143,2.1
CUS000840,2026-07,25.9,217,107,1.6
CUS000841,2026-05,11.5,200,12,2.3
CUS000841,2026-06,16.3,283,17,3.2
CUS000841,2026-07,11.8,206,12,2.3
CUS000842,2026-05,5.3,150,61,1.2
CUS000842,2026-06,5.7,160,65,1.3
CUS000842,2026-07,4.7,132,54,1.1
CUS000843,2026-05,108.5,53,41,16.3
CUS000843,2026-06,114.4,56,43,17.2
CUS000843,2026-07,122.9,60,46,18.4
CUS000844,2026-05,22.8,243,37,5.5
CUS000844,2026-06,27.6,294,44,6.6
CUS000844,2026-07,54.4,322,49,13.0
CUS000845,2026-05,110.0,328,66,12.1
CUS000845,2026-06,98.6,294,59,10.8
CUS000845,2026-07,95.6,285,57,10.5
CUS000846,2026-05,75.3,164,26,20.2
CUS000846,2026-06,110.1,240,39,29.5
CUS000846,2026-07,115.0,251,40,30.9
CUS000847,2026-05,23.1,252,153,3.1
CUS000847,2026-06,21.4,232,141,2.9
CUS000847,2026-07,22.8,247,151,3.0
CUS000848,2026-05,32.4,190,34,3.7
CUS000848,2026-06,35.9,210,38,4.2
CUS000848,2026-07,32.0,187,34,3.7
CUS000849,2026-05,6.7,61,17,0.5
CUS000849,2026-06,6.7,61,18,0.5
CUS000849,2026-07,7.6,69,20,0.6
CUS000850,2026-05,59.5,194,71,6.7
CUS000850,2026-06,64.5,210,77,7.3
CUS000850,2026-07,67.8,221,81,7.7
CUS000851,2026-05,116.3,243,74,28.6
CUS000851,2026-06,112.4,235,72,27.6
CUS000851,2026-07,81.9,171,52,20.1
CUS000852,2026-05,93.5,70,16,14.5
CUS000852,2026-06,93.3,70,16,14.5
CUS000852,2026-07,81.0,61,14,12.6
CUS000853,2026-05,146.3,423,53,21.9
CUS000853,2026-06,138.8,402,50,20.7
CUS000853,2026-07,94.5,274,34,14.1
CUS000854,2026-05,19.6,146,38,3.6
CUS000854,2026-06,21.5,159,41,4.0
CUS000854,2026-07,26.2,195,51,4.9
CUS000855,2026-05,125.3,374,59,43.4
CUS000855,2026-06,68.3,367,58,23.7
CUS000855,2026-07,47.9,258,41,16.6
CUS000856,2026-05,113.3,289,17,19.5
CUS000856,2026-06,136.9,349,20,23.6
CUS000856,2026-07,87.4,223,13,15.0
CUS000857,2026-05,33.8,470,38,4.1
CUS000857,2026-06,23.4,326,26,2.9
CUS000857,2026-07,25.9,361,29,3.2
CUS000858,2026-05,104.9,142,51,15.6
CUS000858,2026-06,156.4,212,76,23.3
CUS000858,2026-07,131.9,179,64,19.6
CUS000859,2026-05,6.9,511,153,1.9
CUS000859,2026-06,8.9,661,198,2.5
CUS000859,2026-07,7.4,547,164,2.0
CUS000860,2026-05,49.5,228,84,18.2
CUS000860,2026-06,53.4,246,90,19.6
CUS000860,2026-07,46.2,213,78,16.9
CUS000861,2026-05,127.3,103,17,22.1
CUS000861,2026-06,134.3,109,17,23.3
CUS000861,2026-07,105.3,86,14,18.3
CUS000862,2026-05,109.2,210,74,11.3
CUS000862,2026-06,77.7,149,53,8.0
CUS000862,2026-07,81.7,157,55,8.5
CUS000863,2026-05,2.7,49,8,2.0
CUS000863,2026-06,2.3,42,7,1.7
CUS000863,2026-07,2.0,36,6,1.5
CUS000864,2026-05,135.6,295,108,6.1
CUS000864,2026-06,112.2,244,89,5.1
CUS000864,2026-07,95.8,209,76,4.3
CUS000865,2026-05,2.6,42,64,1.7
CUS000865,2026-06,3.1,51,77,2.0
CUS000865,2026-07,2.9,48,72,1.9
CUS000866,2026-05,29.3,292,166,2.7
CUS000866,2026-06,30.4,303,173,2.8
CUS000866,2026-07,31.1,310,176,2.8
CUS000867,2026-05,16.0,298,49,5.0
CUS000867,2026-06,20.2,375,61,6.3
CUS000867,2026-07,19.3,358,58,6.0
CUS000868,2026-05,24.8,717,137,1.4
CUS000868,2026-06,35.6,572,109,2.0
CUS000868,2026-07,27.6,798,153,1.5
CUS000869,2026-05,53.5,187,30,10.1
CUS000869,2026-06,47.9,168,27,9.1
CUS000869,2026-07,55.9,196,31,10.6
CUS000870,2026-05,126.3,262,86,25.3
CUS000870,2026-06,118.0,245,80,23.6
CUS000870,2026-07,156.9,325,107,31.4
CUS000871,2026-05,144.0,321,72,27.9
CUS000871,2026-06,102.9,230,51,19.9
CUS000871,2026-07,130.4,291,65,25.2
CUS000872,2026-05,42.6,76,55,6.0
CUS000872,2026-06,48.1,85,62,6.8
CUS000872,2026-07,36.0,64,46,5.1
CUS000873,2026-05,8.9,1256,187,2.0
CUS000873,2026-06,9.7,1366,203,2.2
CUS000873,2026-07,10.0,1404,209,2.2
CUS000874,2026-05,68.5,304,36,11.0
CUS000874,2026-06,66.9,297,35,10.7
CUS000874,2026-07,86.3,383,45,13.8
CUS000875,2026-05,99.6,333,13,19.9
CUS000875,2026-06,95.8,320,12,19.2
CUS000875,2026-07,199.7,371,14,39.9
CUS000876,2026-05,26.6,187,40,3.7
CUS000876,2026-06,24.6,173,37,3.4
CUS000876,2026-07,28.4,199,43,3.9
CUS000877,2026-05,172.8,191,107,28.5
CUS000877,2026-06,146.6,162,91,24.2
CUS000877,2026-07,163.4,181,101,27.0
CUS000878,2026-05,7.1,223,77,2.0
CUS000878,2026-06,6.2,195,67,1.8
CUS000878,2026-07,6.6,205,71,1.9
CUS000879,2026-05,151.7,98,42,29.2
CUS000879,2026-06,133.3,86,37,25.7
CUS000879,2026-07,117.7,76,32,22.7
CUS000880,2026-05,97.7,169,89,19.2
CUS000880,2026-06,118.9,206,108,23.3
CUS000880,2026-07,103.3,179,94,20.3
CUS000881,2026-05,11.5,221,66,2.2
CUS000881,2026-06,13.0,249,75,2.5
CUS000881,2026-07,12.7,243,73,2.4
CUS000882,2026-05,103.8,250,79,9.7
CUS000882,2026-06,110.0,265,84,10.3
CUS000882,2026-07,70.6,170,54,6.6
CUS000883,2026-05,7.8,308,25,6.3
CUS000883,2026-06,7.7,305,25,6.3
CUS000883,2026-07,11.9,471,38,9.7
CUS000884,2026-05,14.7,282,46,5.2
CUS000884,2026-06,10.5,202,33,3.7
CUS000884,2026-07,14.3,274,45,5.0
CUS000885,2026-05,21.9,156,114,4.9
CUS000885,2026-06,19.5,139,101,4.3
CUS000885,2026-07,32.2,127,93,7.2
CUS000886,2026-05,66.3,116,27,20.3
CUS000886,2026-06,89.6,157,37,27.4
CUS000886,2026-07,90.3,158,37,27.6
CUS000887,2026-05,87.9,317,29,5.9
CUS000887,2026-06,96.5,348,32,6.5
CUS000887,2026-07,137.2,275,25,9.2
CUS000888,2026-05,5.3,204,72,1.5
CUS000888,2026-06,4.7,183,65,1.3
CUS000888,2026-07,4.5,174,62,1.3
CUS000889,2026-05,65.2,71,52,14.9
CUS000889,2026-06,84.3,91,67,19.2
CUS000889,2026-07,64.7,70,51,14.8
CUS000890,2026-05,21.5,184,42,7.5
CUS000890,2026-06,17.2,147,33,6.0
CUS000890,2026-07,32.9,156,36,11.5
CUS000891,2026-05,25.3,689,112,3.5
CUS000891,2026-06,30.8,837,137,4.2
CUS000891,2026-07,23.5,639,104,3.2
CUS000892,2026-05,107.6,245,53,40.3
CUS000892,2026-06,63.7,261,56,23.8
CUS000892,2026-07,54.9,225,48,20.5
CUS000893,2026-05,156.7,201,15,17.1
CUS000893,2026-06,121.5,156,11,13.2
CUS000893,2026-07,120.2,154,11,13.1
CUS000894,2026-05,6.0,61,45,0.6
CUS000894,2026-06,8.0,81,59,0.7
CUS000894,2026-07,7.3,74,55,0.7
CUS000895,2026-05,231.7,2344,474,33.3
CUS000895,2026-06,210.4,2129,431,30.2
CUS000895,2026-07,234.1,2368,479,33.6
CUS000896,2026-05,168.3,960,121,45.4
CUS000896,2026-06,131.2,748,94,35.4
CUS000896,2026-07,190.5,1087,136,51.4
CUS000897,2026-05,0.9,112,45,1.1
CUS000897,2026-06,1.0,117,47,1.2
CUS000897,2026-07,0.9,109,44,1.1
CUS000898,2026-05,120.2,106,17,5.6
CUS000898,2026-06,176.3,155,25,8.1
CUS000898,2026-07,151.7,134,21,7.0
CUS000899,2026-05,29.2,262,128,4.0
CUS000899,2026-06,22.3,200,98,3.1
CUS000899,2026-07,30.6,275,135,4.2
CUS000900,2026-05,19.6,267,36,0.6
CUS000900,2026-06,53.4,405,54,1.6
CUS000900,2026-07,29.2,399,53,0.9
CUS000901,2026-05,0.8,179,29,0.8
CUS000901,2026-06,0.9,183,29,0.8
CUS000901,2026-07,0.6,118,19,0.5
CUS000902,2026-05,4.2,1428,208,0.3
CUS000902,2026-06,3.3,1116,163,0.3
CUS000902,2026-07,4.0,1383,201,0.3
CUS000903,2026-05,20.3,246,111,3.4
CUS000903,2026-06,25.3,307,138,4.2
CUS000903,2026-07,19.0,230,103,3.1
CUS000904,2026-05,78.8,229,49,13.0
CUS000904,2026-06,69.8,203,43,11.5
CUS000904,2026-07,62.7,182,39,10.3
CUS000905,2026-05,7.0,174,14,1.2
CUS000905,2026-06,7.6,189,15,1.3
CUS000905,2026-07,5.2,128,10,0.9
CUS000906,2026-05,98.6,141,57,7.9
CUS000906,2026-06,82.6,118,48,6.6
CUS000906,2026-07,109.5,156,63,8.8
CUS000907,2026-05,1.1,1096,130,0.1
CUS000907,2026-06,1.5,1551,185,0.1
CUS000907,2026-07,1.5,1532,183,0.1
CUS000908,2026-05,10.9,145,146,1.8
CUS000908,2026-06,7.8,104,104,1.3
CUS000908,2026-07,12.2,162,163,2.0
CUS000909,2026-05,10.5,439,75,1.5
CUS000909,2026-06,8.6,360,61,1.2
CUS000909,2026-07,6.6,277,47,0.9
CUS000910,2026-05,6.2,45,8,0.1
CUS000910,2026-06,6.3,46,8,0.1
CUS000910,2026-07,9.2,66,11,0.1
CUS000911,2026-05,19.7,170,84,1.8
CUS000911,2026-06,22.8,197,98,2.1
CUS000911,2026-07,24.2,210,104,2.2
CUS000912,2026-05,89.5,106,44,27.4
CUS000912,2026-06,96.9,115,48,29.6
CUS000912,2026-07,91.1,108,45,27.8
CUS000913,2026-05,116.2,189,21,16.0
CUS000913,2026-06,132.0,214,24,18.2
CUS000913,2026-07,136.5,222,25,18.8
CUS000914,2026-05,5.0,78,4,1.6
CUS000914,2026-06,5.1,80,5,1.6
CUS000914,2026-07,4.7,74,4,1.5
CUS000915,2026-05,105.5,90,71,8.8
CUS000915,2026-06,138.6,118,94,11.5
CUS000915,2026-07,130.6,111,88,10.8
CUS000916,2026-05,62.6,283,60,9.3
CUS000916,2026-06,93.2,422,89,13.8
CUS000916,2026-07,74.0,335,71,11.0
CUS000917,2026-05,10.0,149,26,6.1
CUS000917,2026-06,14.1,210,37,8.6
CUS000917,2026-07,10.4,156,27,6.4
CUS000918,2026-05,8.8,262,10,5.8
CUS000918,2026-06,9.9,297,11,6.6
CUS000918,2026-07,8.9,265,10,5.9
CUS000919,2026-05,101.9,1065,308,44.9
CUS000919,2026-06,157.3,1643,475,69.4
CUS000919,2026-07,109.5,1144,331,48.3
CUS000920,2026-05,154.1,232,17,16.3
CUS000920,2026-06,146.7,220,17,15.6
CUS000920,2026-07,124.1,186,14,13.2
CUS000921,2026-05,23.1,187,111,2.3
CUS000921,2026-06,19.8,160,95,2.0
CUS000921,2026-07,22.6,183,109,2.3
CUS000922,2026-05,16.5,160,47,2.4
CUS000922,2026-06,17.0,164,48,2.4
CUS000922,2026-07,14.8,144,42,2.1
CUS000923,2026-05,127.9,273,11,14.2
CUS000923,2026-06,139.6,298,12,15.5
CUS000923,2026-07,181.9,388,16,20.2
CUS000924,2026-05,7.3,197,82,0.4
CUS000924,2026-06,5.5,148,61,0.3
CUS000924,2026-07,4.9,132,55,0.3
CUS000925,2026-05,12.6,342,114,7.6
CUS000925,2026-06,9.1,246,82,5.4
CUS000925,2026-07,14.5,393,131,8.7
CUS000926,2026-05,23.4,376,58,0.8
CUS000926,2026-06,30.0,268,41,1.0
CUS000926,2026-07,23.5,377,58,0.8
CUS000927,2026-05,3.2,1225,94,0.1
CUS000927,2026-06,3.3,1269,97,0.1
CUS000927,2026-07,3.6,1379,106,0.2
CUS000928,2026-05,11.8,214,81,0.6
CUS000928,2026-06,11.2,203,77,0.5
CUS000928,2026-07,11.6,209,79,0.6
CUS000929,2026-05,15.9,95,99,4.6
CUS000929,2026-06,30.5,101,106,8.8
CUS000929,2026-07,26.2,156,164,7.6
CUS000930,2026-05,19.9,119,142,8.1
CUS000930,2026-06,20.6,123,147,8.4
CUS000930,2026-07,20.2,121,144,8.2
CUS000931,2026-05,3.9,159,41,0.5
CUS000931,2026-06,6.0,136,35,0.7
CUS000931,2026-07,3.3,134,35,0.4
CUS000932,2026-05,17.4,364,24,2.1
CUS000932,2026-06,20.7,433,28,2.5
CUS000932,2026-07,18.7,391,25,2.2
CUS000933,2026-05,4.7,54,30,1.2
CUS000933,2026-06,5.5,62,34,1.4
CUS000933,2026-07,9.1,58,32,2.2
CUS000934,2026-05,105.4,237,7,24.4
CUS000934,2026-06,118.1,266,8,27.3
CUS000934,2026-07,107.6,242,7,24.9
CUS000935,2026-05,6.0,78,28,1.5
CUS000935,2026-06,7.8,101,37,1.9
CUS000935,2026-07,8.4,109,40,2.1
CUS000936,2026-05,4.1,1295,200,1.5
CUS000936,2026-06,4.3,1383,214,1.6
CUS000936,2026-07,4.6,1480,228,1.8
CUS000937,2026-05,8.4,86,111,4.4
CUS000937,2026-06,9.2,94,122,4.9
CUS000937,2026-07,8.3,85,110,4.4
CUS000938,2026-05,4.3,155,21,1.6
CUS000938,2026-06,4.1,145,20,1.5
CUS000938,2026-07,3.4,121,17,1.2
CUS000939,2026-05,107.1,215,21,28.2
CUS000939,2026-06,86.2,173,17,22.7
CUS000939,2026-07,82.8,166,16,21.8
CUS000940,2026-05,7.2,623,40,1.5
CUS000940,2026-06,7.6,656,43,1.6
CUS000940,2026-07,10.1,880,57,2.1
CUS000941,2026-05,9.6,1249,251,1.0
CUS000941,2026-06,11.0,1423,286,1.1
CUS000941,2026-07,10.7,1382,277,1.1
CUS000942,2026-05,70.4,94,81,5.7
CUS000942,2026-06,56.1,75,64,4.6
CUS000942,2026-07,78.0,104,89,6.4
CUS000943,2026-05,16.5,317,35,0.0
CUS000943,2026-06,20.0,385,42,0.0
CUS000943,2026-07,17.3,333,37,0.0
CUS000944,2026-05,11.4,425,27,3.1
CUS000944,2026-06,9.6,359,23,2.6
CUS000944,2026-07,13.1,487,31,3.5
CUS000945,2026-05,28.9,592,37,10.9
CUS000945,2026-06,19.3,395,24,7.3
CUS000945,2026-07,20.6,422,26,7.7
CUS000946,2026-05,136.2,353,10,9.3
CUS000946,2026-06,127.9,332,9,8.8
CUS000946,2026-07,113.7,295,8,7.8
CUS000947,2026-05,146.6,104,31,13.3
CUS000947,2026-06,132.6,94,28,12.1
CUS000947,2026-07,151.8,107,32,13.8
CUS000948,2026-05,61.0,64,67,13.5
CUS000948,2026-06,84.4,89,92,18.6
CUS000948,2026-07,91.8,97,100,20.2
CUS000949,2026-05,19.7,297,28,6.9
CUS000949,2026-06,22.4,338,32,7.8
CUS000949,2026-07,16.8,253,24,5.9
CUS000950,2026-05,3.7,61,59,1.5
CUS000950,2026-06,3.5,57,55,1.4
CUS000950,2026-07,4.4,74,71,1.8
CUS000951,2026-05,21.1,274,28,1.9
CUS000951,2026-06,22.5,292,30,2.0
CUS000951,2026-07,23.9,310,32,2.2
CUS000952,2026-05,5.3,1284,258,1.0
CUS000952,2026-06,4.2,1024,206,0.8
CUS000952,2026-07,4.3,1050,211,0.9
CUS000953,2026-05,18.3,316,55,1.9
CUS000953,2026-06,18.9,326,57,2.0
CUS000953,2026-07,19.0,329,58,2.0
CUS000954,2026-05,7.4,60,14,1.1
CUS000954,2026-06,5.7,46,11,0.9
CUS000954,2026-07,8.1,65,15,1.2
CUS000955,2026-05,83.3,251,98,20.3
CUS000955,2026-06,84.8,256,100,20.7
CUS000955,2026-07,85.6,258,101,20.9
CUS000956,2026-05,15.9,200,117,4.4
CUS000956,2026-06,14.2,178,104,3.9
CUS000956,2026-07,16.3,205,120,4.5
CUS000957,2026-05,26.2,167,43,0.9
CUS000957,2026-06,32.1,205,53,1.1
CUS000957,2026-07,24.0,153,39,0.9
CUS000958,2026-05,15.2,134,18,7.4
CUS000958,2026-06,15.9,140,19,7.7
CUS000958,2026-07,10.7,94,13,5.2
CUS000959,2026-05,122.5,167,69,18.0
CUS000959,2026-06,112.3,154,63,16.5
CUS000959,2026-07,132.7,182,75,19.5
CUS000960,2026-05,71.8,263,7,15.0
CUS000960,2026-06,86.3,316,8,18.1
CUS000960,2026-07,90.7,332,8,19.0
CUS000961,2026-05,21.8,196,17,2.7
CUS000961,2026-06,15.9,143,12,2.0
CUS000961,2026-07,20.3,182,16,2.5
CUS000962,2026-05,32.8,175,32,0.2
CUS000962,2026-06,32.8,175,32,0.2
CUS000962,2026-07,28.9,155,29,0.2
CUS000963,2026-05,6.4,197,23,0.6
CUS000963,2026-06,3.3,185,22,0.3
CUS000963,2026-07,3.2,178,21,0.3
CUS000964,2026-05,120.8,94,42,25.5
CUS000964,2026-06,97.3,75,34,20.6
CUS000964,2026-07,148.7,115,51,31.4
CUS000965,2026-05,88.1,154,17,5.6
CUS000965,2026-06,72.4,126,14,4.6
CUS000965,2026-07,69.3,121,14,4.4
CUS000966,2026-05,121.8,224,42,13.0
CUS000966,2026-06,91.0,168,31,9.7
CUS000966,2026-07,107.8,199,37,11.5
CUS000967,2026-05,137.9,59,93,17.8
CUS000967,2026-06,117.8,51,80,15.2
CUS000967,2026-07,154.3,66,104,19.9
CUS000968,2026-05,25.6,137,94,8.1
CUS000968,2026-06,20.5,109,75,6.5
CUS000968,2026-07,22.3,119,82,7.1
CUS000969,2026-05,69.7,366,97,34.2
CUS000969,2026-06,61.5,322,86,30.2
CUS000969,2026-07,121.2,353,94,59.5
CUS000970,2026-05,4.2,91,18,0.1
CUS000970,2026-06,3.5,76,15,0.1
CUS000970,2026-07,5.3,65,13,0.1
CUS000971,2026-05,12.9,371,175,4.0
CUS000971,2026-06,11.6,331,156,3.6
CUS000971,2026-07,11.6,333,157,3.6
CUS000972,2026-05,89.2,284,28,20.3
CUS000972,2026-06,120.6,384,37,27.5
CUS000972,2026-07,125.5,400,39,28.6
CUS000973,2026-05,115.4,279,65,15.5
CUS000973,2026-06,106.5,258,60,14.3
CUS000973,2026-07,130.4,315,73,17.6
CUS000974,2026-05,109.3,267,87,6.0
CUS000974,2026-06,127.6,312,101,7.0
CUS000974,2026-07,96.1,235,76,5.2
CUS000975,2026-05,38.7,329,82,2.2
CUS000975,2026-06,23.1,353,88,1.3
CUS000975,2026-07,22.3,342,85,1.3
CUS000976,2026-05,26.1,123,32,6.7
CUS000976,2026-06,26.6,125,33,6.8
CUS000976,2026-07,29.2,138,36,7.5
CUS000977,2026-05,138.9,235,34,5.2
CUS000977,2026-06,118.5,200,29,4.4
CUS000977,2026-07,123.4,209,30,4.6
CUS000978,2026-05,111.7,55,62,21.5
CUS000978,2026-06,167.7,82,94,32.3
CUS000978,2026-07,154.0,75,86,29.7
CUS000979,2026-05,71.2,241,18,22.9
CUS000979,2026-06,86.4,293,22,27.8
CUS000979,2026-07,68.3,232,17,22.0
CUS000980,2026-05,124.4,261,12,25.7
CUS000980,2026-06,154.0,323,15,31.9
CUS000980,2026-07,115.8,243,12,24.0
CUS000981,2026-05,10.6,199,95,0.6
CUS000981,2026-06,8.6,162,78,0.5
CUS000981,2026-07,10.1,189,90,0.5
CUS000982,2026-05,78.2,95,99,17.1
CUS000982,2026-06,57.0,70,72,12.5
CUS000982,2026-07,61.9,76,78,13.5
CUS000983,2026-05,21.2,122,106,3.5
CUS000983,2026-06,21.5,124,108,3.5
CUS000983,2026-07,23.5,136,118,3.9
CUS000984,2026-05,5.8,122,26,1.5
CUS000984,2026-06,6.1,129,27,1.6
CUS000984,2026-07,6.5,137,29,1.7
CUS000985,2026-05,8.4,210,49,6.7
CUS000985,2026-06,12.2,303,71,9.6
CUS000985,2026-07,9.9,247,58,7.8
CUS000986,2026-05,56.4,87,81,20.4
CUS000986,2026-06,52.4,81,75,18.9
CUS000986,2026-07,56.7,88,82,20.5
CUS000987,2026-05,24.8,308,29,3.9
CUS000987,2026-06,23.0,286,27,3.7
CUS000987,2026-07,25.8,321,31,4.1
CUS000988,2026-05,18.6,298,73,8.0
CUS000988,2026-06,17.6,282,69,7.6
CUS000988,2026-07,15.7,252,62,6.8
CUS000989,2026-05,155.5,396,93,34.7
CUS000989,2026-06,153.1,390,92,34.1
CUS000989,2026-07,145.7,371,87,32.5
CUS000990,2026-05,142.7,291,58,20.4
CUS000990,2026-06,120.3,245,49,17.2
CUS000990,2026-07,147.7,301,60,21.1
CUS000991,2026-05,89.3,146,18,10.6
CUS000991,2026-06,73.3,120,15,8.7
CUS000991,2026-07,87.4,143,17,10.4
CUS000992,2026-05,98.7,148,40,27.8
CUS000992,2026-06,65.0,97,26,18.3
CUS000992,2026-07,72.7,109,29,20.5
CUS000993,2026-05,9.0,264,11,1.5
CUS000993,2026-06,9.9,290,13,1.7
CUS000993,2026-07,10.4,304,13,1.8
CUS000994,2026-05,36.7,168,38,6.0
CUS000994,2026-06,25.8,213,48,4.2
CUS000994,2026-07,22.7,187,42,3.7
CUS000995,2026-05,10.1,377,154,1.5
CUS000995,2026-06,7.2,269,110,1.0
CUS000995,2026-07,9.1,339,139,1.3
CUS000996,2026-05,12.6,412,11,2.6
CUS000996,2026-06,9.9,325,9,2.0
CUS000996,2026-07,13.3,435,12,2.7
CUS000997,2026-05,23.1,204,26,1.7
CUS000997,2026-06,25.1,223,29,1.9
CUS000997,2026-07,22.8,203,26,1.7
CUS000998,2026-05,7.9,197,50,0.3
CUS000998,2026-06,7.9,196,50,0.3
CUS000998,2026-07,8.7,215,55,0.3
CUS000999,2026-05,26.5,114,57,4.9
CUS000999,2026-06,30.3,130,65,5.6
CUS000999,2026-07,21.6,93,47,4.0
CUS001000,2026-05,9.2,128,27,9.0
CUS001000,2026-06,9.9,139,29,9.7
CUS001000,2026-07,9.4,131,28,9.1
CUS001001,2026-05,102.5,378,56,9.5
CUS001001,2026-06,96.9,357,53,9.0
CUS001001,2026-07,80.7,297,44,7.5
CUS001002,2026-05,24.3,217,96,2.4
CUS001002,2026-06,31.8,284,126,3.2
CUS001002,2026-07,33.4,298,132,3.3
CUS001003,2026-05,71.0,102,12,24.5
CUS001003,2026-06,53.3,77,9,18.4
CUS001003,2026-07,54.6,79,9,18.9
CUS001004,2026-05,109.9,174,20,8.0
CUS001004,2026-06,109.0,173,20,7.9
CUS001004,2026-07,156.1,248,29,11.3
CUS001005,2026-05,16.3,255,101,3.0
CUS001005,2026-06,12.0,188,74,2.2
CUS001005,2026-07,15.8,247,98,2.9
CUS001006,2026-05,15.7,177,23,6.2
CUS001006,2026-06,11.3,127,16,4.5
CUS001006,2026-07,14.5,164,21,5.8
CUS001007,2026-05,1.2,877,201,0.2
CUS001007,2026-06,1.2,948,217,0.2
CUS001007,2026-07,1.2,938,215,0.2
CUS001008,2026-05,10.4,113,58,1.8
CUS001008,2026-06,10.7,116,59,1.8
CUS001008,2026-07,11.4,124,63,1.9
CUS001009,2026-05,0.5,71,22,0.4
CUS001009,2026-06,0.5,67,20,0.4
CUS001009,2026-07,0.7,95,29,0.6
CUS001010,2026-05,19.5,185,137,6.3
CUS001010,2026-06,18.0,170,126,5.8
CUS001010,2026-07,13.6,129,96,4.4
CUS001011,2026-05,19.0,138,89,7.5
CUS001011,2026-06,15.4,112,72,6.1
CUS001011,2026-07,39.5,160,102,15.6
CUS001012,2026-05,107.1,199,57,9.4
CUS001012,2026-06,117.9,220,62,10.3
CUS001012,2026-07,108.7,202,58,9.5
CUS001013,2026-05,122.5,281,7,22.5
CUS001013,2026-06,126.5,290,8,23.2
CUS001013,2026-07,148.7,341,9,27.3
CUS001014,2026-05,175.7,410,59,29.3
CUS001014,2026-06,159.6,372,54,26.6
CUS001014,2026-07,180.9,422,61,30.1
CUS001015,2026-05,22.5,150,111,4.2
CUS001015,2026-06,32.7,217,161,6.0
CUS001015,2026-07,25.8,171,127,4.8
CUS001016,2026-05,10.0,203,11,2.5
CUS001016,2026-06,13.9,282,15,3.5
CUS001016,2026-07,10.9,220,12,2.8
CUS001017,2026-05,27.2,219,125,5.8
CUS001017,2026-06,26.8,216,123,5.8
CUS001017,2026-07,20.7,167,95,4.5
CUS001018,2026-05,4.4,116,49,0.3
CUS001018,2026-06,4.7,124,53,0.3
CUS001018,2026-07,4.9,128,55,0.3
CUS001019,2026-05,14.3,225,59,5.5
CUS001019,2026-06,14.0,221,57,5.4
CUS001019,2026-07,17.4,274,71,6.7
CUS001020,2026-05,20.6,85,57,2.0
CUS001020,2026-06,28.5,118,80,2.8
CUS001020,2026-07,27.0,112,75,2.7
CUS001021,2026-05,31.1,465,90,6.6
CUS001021,2026-06,26.8,401,77,5.6
CUS001021,2026-07,21.3,319,62,4.5
CUS001022,2026-05,181.0,82,118,13.9
CUS001022,2026-06,160.8,73,105,12.4
CUS001022,2026-07,154.0,70,101,11.9
CUS001023,2026-05,2.5,69,6,1.0
CUS001023,2026-06,2.8,75,7,1.1
CUS001023,2026-07,3.6,97,9,1.4
CUS001024,2026-05,25.2,216,139,3.5
CUS001024,2026-06,31.7,272,175,4.4
CUS001024,2026-07,23.6,203,130,3.3
CUS001025,2026-05,70.3,369,82,26.3
CUS001025,2026-06,51.3,269,59,19.2
CUS001025,2026-07,72.6,381,84,27.2
CUS001026,2026-05,61.0,81,89,5.2
CUS001026,2026-06,79.0,105,115,6.7
CUS001026,2026-07,150.3,111,122,12.7
CUS001027,2026-05,9.7,200,103,4.7
CUS001027,2026-06,11.1,229,118,5.4
CUS001027,2026-07,8.1,168,87,4.0
CUS001028,2026-05,28.0,207,143,6.2
CUS001028,2026-06,19.4,144,99,4.3
CUS001028,2026-07,21.7,161,111,4.8
CUS001029,2026-05,16.8,287,111,2.6
CUS001029,2026-06,15.4,264,102,2.4
CUS001029,2026-07,17.0,291,113,2.7
CUS001030,2026-05,5.8,98,33,1.2
CUS001030,2026-06,5.9,99,33,1.2
CUS001030,2026-07,12.8,120,40,2.6
CUS001031,2026-05,14.2,336,128,7.4
CUS001031,2026-06,11.0,260,99,5.7
CUS001031,2026-07,12.3,292,111,6.4
CUS001032,2026-05,47.3,276,130,14.7
CUS001032,2026-06,16.6,175,82,5.2
CUS001032,2026-07,26.7,281,132,8.3
CUS001033,2026-05,19.0,97,56,1.8
CUS001033,2026-06,25.6,131,76,2.4
CUS001033,2026-07,20.0,102,59,1.9
CUS001034,2026-05,117.2,103,55,19.7
CUS001034,2026-06,152.6,134,72,25.6
CUS001034,2026-07,162.0,143,76,27.2
CUS001035,2026-05,5.0,58,53,1.4
CUS001035,2026-06,5.3,61,56,1.5
CUS001035,2026-07,8.3,95,88,2.3
CUS001036,2026-05,130.1,256,98,6.5
CUS001036,2026-06,141.8,279,106,7.0
CUS001036,2026-07,137.5,271,103,6.8
CUS001037,2026-05,115.9,89,114,29.9
CUS001037,2026-06,84.5,65,83,21.8
CUS001037,2026-07,87.3,67,85,22.5
CUS001038,2026-05,6.9,127,63,1.6
CUS001038,2026-06,9.2,169,83,2.1
CUS001038,2026-07,7.8,144,71,1.8
CUS001039,2026-05,5.4,140,7,0.1
CUS001039,2026-06,4.6,119,6,0.1
CUS001039,2026-07,4.0,103,5,0.1
CUS001040,2026-05,81.2,269,15,18.2
CUS001040,2026-06,89.0,295,16,20.0
CUS001040,2026-07,101.0,334,18,22.6
CUS001041,2026-05,2.3,58,10,1.6
CUS001041,2026-06,2.6,66,12,1.8
CUS001041,2026-07,2.3,58,11,1.6
CUS001042,2026-05,14.5,179,105,5.5
CUS001042,2026-06,13.7,169,99,5.2
CUS001042,2026-07,13.3,163,96,5.0
CUS001043,2026-05,19.8,292,112,2.2
CUS001043,2026-06,19.8,293,112,2.2
CUS001043,2026-07,25.3,374,143,2.8
CUS001044,2026-05,45.1,2189,69,3.3
CUS001044,2026-06,39.2,1902,60,2.9
CUS001044,2026-07,29.6,1439,45,2.2
CUS001045,2026-05,138.6,605,179,80.3
CUS001045,2026-06,132.9,580,172,77.0
CUS001045,2026-07,120.9,528,157,70.0
CUS001046,2026-05,3.4,194,49,1.9
CUS001046,2026-06,4.0,228,57,2.2
CUS001046,2026-07,2.7,151,38,1.4
CUS001047,2026-05,2.0,149,29,0.4
CUS001047,2026-06,2.6,196,39,0.6
CUS001047,2026-07,2.8,213,42,0.6
CUS001048,2026-05,5.6,91,7,1.5
CUS001048,2026-06,5.9,97,8,1.5
CUS001048,2026-07,6.4,106,8,1.7
CUS001049,2026-05,12.1,398,160,2.8
CUS001049,2026-06,11.7,386,155,2.7
CUS001049,2026-07,13.0,427,172,3.0
CUS001050,2026-05,2.4,151,10,0.8
CUS001050,2026-06,3.3,208,14,1.1
CUS001050,2026-07,2.9,183,12,0.9
CUS001051,2026-05,22.1,336,35,2.0
CUS001051,2026-06,20.5,312,33,1.8
CUS001051,2026-07,18.3,278,29,1.6
CUS001052,2026-05,19.8,260,41,0.6
CUS001052,2026-06,26.7,350,55,0.8
CUS001052,2026-07,19.5,256,41,0.6
CUS001053,2026-05,15.9,175,88,5.9
CUS001053,2026-06,22.3,244,123,8.2
CUS001053,2026-07,16.8,184,93,6.2
CUS001054,2026-05,10.1,291,24,1.0
CUS001054,2026-06,12.4,360,29,1.2
CUS001054,2026-07,9.1,265,22,0.9
CUS001055,2026-05,17.9,332,134,3.0
CUS001055,2026-06,15.2,282,113,2.5
CUS001055,2026-07,13.6,253,102,2.3
CUS001056,2026-05,6.2,786,101,1.5
CUS001056,2026-06,7.0,878,113,1.7
CUS001056,2026-07,8.5,1073,138,2.0
CUS001057,2026-05,136.5,159,37,32.4
CUS001057,2026-06,97.2,113,26,23.1
CUS001057,2026-07,100.3,117,27,23.8
CUS001058,2026-05,85.9,359,109,11.6
CUS001058,2026-06,86.1,360,109,11.6
CUS001058,2026-07,70.9,296,90,9.6
CUS001059,2026-05,90.3,1966,163,40.9
CUS001059,2026-06,71.4,1554,129,32.3
CUS001059,2026-07,92.0,2003,166,41.6
CUS001060,2026-05,151.6,212,102,29.1
CUS001060,2026-06,171.2,240,115,32.9
CUS001060,2026-07,147.8,207,99,28.4
CUS001061,2026-05,2.6,1733,152,2.5
CUS001061,2026-06,3.2,2139,188,3.1
CUS001061,2026-07,3.1,2015,177,2.9
CUS001062,2026-05,13.8,284,64,0.1
CUS001062,2026-06,17.5,360,82,0.1
CUS001062,2026-07,15.0,308,70,0.1
CUS001063,2026-05,56.5,292,13,20.3
CUS001063,2026-06,81.1,419,19,29.2
CUS001063,2026-07,56.7,293,13,20.4
CUS001064,2026-05,23.8,415,144,3.1
CUS001064,2026-06,19.1,333,115,2.5
CUS001064,2026-07,20.8,363,126,2.8
CUS001065,2026-05,13.3,172,63,1.3
CUS001065,2026-06,12.1,155,57,1.2
CUS001065,2026-07,15.5,200,73,1.5
CUS001066,2026-05,9.4,1024,130,1.0
CUS001066,2026-06,12.9,1407,179,1.4
CUS001066,2026-07,11.0,1204,153,1.2
CUS001067,2026-05,6.8,1318,119,0.1
CUS001067,2026-06,6.8,1324,120,0.1
CUS001067,2026-07,9.1,1772,161,0.1
CUS001068,2026-05,15.2,923,260,9.4
CUS001068,2026-06,11.6,703,198,7.2
CUS001068,2026-07,17.2,1044,294,10.7
CUS001069,2026-05,16.7,193,41,2.8
CUS001069,2026-06,21.2,245,53,3.6
CUS001069,2026-07,16.2,187,40,2.7
CUS001070,2026-05,116.2,105,84,15.7
CUS001070,2026-06,126.0,114,92,17.0
CUS001070,2026-07,114.8,104,83,15.5
CUS001071,2026-05,4.9,921,143,2.8
CUS001071,2026-06,5.0,937,145,2.9
CUS001071,2026-07,4.6,859,133,2.6
CUS001072,2026-05,39.5,199,77,12.9
CUS001072,2026-06,41.7,210,81,13.6
CUS001072,2026-07,34.1,171,66,11.1
CUS001073,2026-05,59.4,219,45,10.0
CUS001073,2026-06,53.9,199,41,9.1
CUS001073,2026-07,56.2,207,42,9.5
CUS001074,2026-05,66.0,188,10,24.0
CUS001074,2026-06,82.6,235,13,30.0
CUS001074,2026-07,76.2,217,12,27.7
CUS001075,2026-05,6.1,69,46,0.1
CUS001075,2026-06,6.7,75,49,0.1
CUS001075,2026-07,10.7,67,44,0.2
CUS001076,2026-05,24.0,190,31,4.3
CUS001076,2026-06,29.6,234,38,5.3
CUS001076,2026-07,33.6,265,43,6.0
CUS001077,2026-05,182.8,769,198,93.8
CUS001077,2026-06,160.9,677,174,82.5
CUS001077,2026-07,194.6,818,211,99.8
CUS001078,2026-05,16.1,386,68,5.9
CUS001078,2026-06,14.4,344,61,5.3
CUS001078,2026-07,12.0,288,51,4.4
CUS001079,2026-05,86.0,99,94,24.6
CUS001079,2026-06,77.5,89,84,22.2
CUS001079,2026-07,80.4,93,88,23.0
CUS001080,2026-05,1.7,101,54,0.3
CUS001080,2026-06,2.0,121,65,0.4
CUS001080,2026-07,2.8,94,50,0.5
CUS001081,2026-05,14.3,113,21,4.8
CUS001081,2026-06,14.6,115,22,4.9
CUS001081,2026-07,15.2,120,23,5.1
CUS001082,2026-05,19.4,193,69,3.4
CUS001082,2026-06,20.9,209,75,3.6
CUS001082,2026-07,23.8,237,85,4.1
CUS001083,2026-05,22.9,164,165,6.6
CUS001083,2026-06,18.9,135,136,5.5
CUS001083,2026-07,22.0,158,159,6.4
CUS001084,2026-05,26.7,230,113,8.4
CUS001084,2026-06,20.8,179,88,6.6
CUS001084,2026-07,28.2,243,119,8.9
CUS001085,2026-05,91.0,261,76,19.6
CUS001085,2026-06,72.4,207,61,15.6
CUS001085,2026-07,73.1,209,61,15.8
CUS001086,2026-05,1.4,132,13,0.7
CUS001086,2026-06,1.7,162,17,0.8
CUS001086,2026-07,1.4,135,14,0.7
CUS001087,2026-05,13.9,380,69,9.0
CUS001087,2026-06,11.9,327,59,7.7
CUS001087,2026-07,14.0,384,70,9.1
CUS001088,2026-05,74.7,1398,80,81.4
CUS001088,2026-06,83.5,1564,90,91.0
CUS001088,2026-07,76.6,1435,82,83.5
CUS001089,2026-05,26.4,321,30,6.5
CUS001089,2026-06,21.6,263,24,5.3
CUS001089,2026-07,24.2,295,27,5.9
CUS001090,2026-05,197.9,278,80,34.3
CUS001090,2026-06,142.7,360,103,24.7
CUS001090,2026-07,107.9,272,78,18.7
CUS001091,2026-05,112.4,83,8,19.9
CUS001091,2026-06,151.1,111,10,26.7
CUS001091,2026-07,182.1,134,12,32.2
CUS001092,2026-05,72.6,181,29,19.8
CUS001092,2026-06,68.7,171,27,18.7
CUS001092,2026-07,84.3,210,33,23.0
CUS001093,2026-05,113.9,255,51,12.6
CUS001093,2026-06,96.2,216,43,10.6
CUS001093,2026-07,92.8,208,42,10.3
CUS001094,2026-05,14.0,120,36,3.7
CUS001094,2026-06,18.6,159,48,4.9
CUS001094,2026-07,12.3,105,32,3.2
CUS001095,2026-05,7.6,112,39,1.2
CUS001095,2026-06,7.5,110,38,1.2
CUS001095,2026-07,9.9,146,50,1.6
CUS001096,2026-05,131.4,196,82,8.5
CUS001096,2026-06,123.0,183,77,8.0
CUS001096,2026-07,163.0,243,102,10.6
CUS001097,2026-05,5.4,148,42,0.6
CUS001097,2026-06,7.9,217,62,0.9
CUS001097,2026-07,5.2,141,40,0.6
CUS001098,2026-05,23.4,280,20,1.1
CUS001098,2026-06,30.8,368,26,1.4
CUS001098,2026-07,22.0,263,19,1.0
CUS001099,2026-05,4.0,82,16,0.6
CUS001099,2026-06,4.4,90,18,0.6
CUS001099,2026-07,3.5,71,14,0.5
CUS001100,2026-05,3.3,568,172,0.1
CUS001100,2026-06,4.7,449,136,0.2
CUS001100,2026-07,3.3,556,169,0.1
CUS001101,2026-05,82.4,213,33,18.1
CUS001101,2026-06,93.3,242,37,20.5
CUS001101,2026-07,77.7,201,31,17.1
CUS001102,2026-05,100.6,1357,336,32.5
CUS001102,2026-06,148.2,2000,495,47.9
CUS001102,2026-07,108.2,1459,361,34.9
CUS001103,2026-05,96.5,80,89,17.9
CUS001103,2026-06,86.0,72,79,16.0
CUS001103,2026-07,193.8,90,99,36.0
CUS001104,2026-05,30.9,289,161,7.4
CUS001104,2026-06,27.3,255,142,6.5
CUS001104,2026-07,27.7,259,144,6.6
CUS001105,2026-05,103.5,310,98,13.8
CUS001105,2026-06,116.1,348,110,15.5
CUS001105,2026-07,94.7,283,90,12.6
CUS001106,2026-05,9.8,129,14,0.6
CUS001106,2026-06,14.4,191,20,1.0
CUS001106,2026-07,11.3,150,16,0.8
CUS001107,2026-05,15.0,304,49,5.3
CUS001107,2026-06,15.9,324,52,5.7
CUS001107,2026-07,14.7,298,48,5.2
CUS001108,2026-05,13.2,209,45,2.8
CUS001108,2026-06,14.4,228,49,3.1
CUS001108,2026-07,17.7,280,60,3.8
CUS001109,2026-05,39.3,255,89,23.3
CUS001109,2026-06,43.3,281,98,25.7
CUS001109,2026-07,43.9,285,99,26.0
CUS001110,2026-05,31.5,264,48,3.1
CUS001110,2026-06,34.9,293,53,3.4
CUS001110,2026-07,32.8,276,50,3.2
CUS001111,2026-05,178.3,244,116,33.1
CUS001111,2026-06,148.1,203,96,27.5
CUS001111,2026-07,163.9,225,107,30.4
CUS001112,2026-05,153.0,1911,447,92.6
CUS001112,2026-06,158.4,1978,462,95.9
CUS001112,2026-07,142.4,1778,415,86.2
CUS001113,2026-05,4.3,191,69,1.0
CUS001113,2026-06,4.3,192,69,1.0
CUS001113,2026-07,3.5,159,57,0.9
CUS001114,2026-05,14.2,361,139,3.2
CUS001114,2026-06,12.0,305,118,2.7
CUS001114,2026-07,16.1,409,158,3.6
CUS001115,2026-05,8.9,133,140,4.1
CUS001115,2026-06,9.4,139,147,4.3
CUS001115,2026-07,9.6,143,152,4.4
CUS001116,2026-05,74.1,157,54,19.6
CUS001116,2026-06,93.0,197,68,24.5
CUS001116,2026-07,97.6,207,71,25.8
CUS001117,2026-05,2.6,29,43,1.5
CUS001117,2026-06,6.0,38,55,3.5
CUS001117,2026-07,3.5,40,58,2.1
CUS001118,2026-05,62.2,1033,140,96.0
CUS001118,2026-06,74.4,1235,168,114.8
CUS001118,2026-07,64.2,1065,145,99.0
CUS001119,2026-05,163.8,142,9,18.4
CUS001119,2026-06,142.6,124,8,16.0
CUS001119,2026-07,125.4,109,7,14.1
CUS001120,2026-05,179.2,1393,287,37.2
CUS001120,2026-06,195.5,1519,314,40.6
CUS001120,2026-07,187.6,1458,301,38.9
CUS001121,2026-05,16.7,90,90,0.7
CUS001121,2026-06,17.8,96,96,0.8
CUS001121,2026-07,19.6,106,106,0.8
CUS001122,2026-05,93.9,243,78,23.6
CUS001122,2026-06,96.9,251,81,24.4
CUS001122,2026-07,113.1,293,94,28.4
CUS001123,2026-05,63.1,110,5,20.8
CUS001123,2026-06,57.9,101,5,19.1
CUS001123,2026-07,54.8,95,5,18.1
CUS001124,2026-05,110.1,127,95,33.8
CUS001124,2026-06,116.6,135,100,35.8
CUS001124,2026-07,104.9,121,90,32.2
CUS001125,2026-05,5.7,201,57,1.0
CUS001125,2026-06,5.2,184,52,0.9
CUS001125,2026-07,8.1,160,45,1.5
CUS001126,2026-05,20.5,326,111,3.7
CUS001126,2026-06,26.0,414,141,4.7
CUS001126,2026-07,18.0,287,98,3.3
CUS001127,2026-05,30.1,177,164,4.0
CUS001127,2026-06,30.7,180,167,4.1
CUS001127,2026-07,30.9,182,169,4.1
CUS001128,2026-05,39.8,119,24,20.2
CUS001128,2026-06,50.8,151,31,25.8
CUS001128,2026-07,40.1,120,24,20.3
CUS001129,2026-05,17.0,241,125,0.1
CUS001129,2026-06,16.2,229,119,0.1
CUS001129,2026-07,13.5,191,99,0.1
CUS001130,2026-05,121.1,299,50,11.8
CUS001130,2026-06,114.1,282,48,11.1
CUS001130,2026-07,139.8,345,58,13.6
CUS001131,2026-05,15.1,337,73,4.9
CUS001131,2026-06,13.0,289,63,4.2
CUS001131,2026-07,15.9,355,77,5.2
CUS001132,2026-05,16.7,296,115,5.0
CUS001132,2026-06,16.5,291,113,5.0
CUS001132,2026-07,17.0,300,117,5.1
CUS001133,2026-05,6.1,731,46,2.5
CUS001133,2026-06,6.5,789,50,2.7
CUS001133,2026-07,5.8,704,45,2.4
CUS001134,2026-05,9.8,214,64,7.3
CUS001134,2026-06,9.8,214,64,7.3
CUS001134,2026-07,10.1,219,66,7.4
CUS001135,2026-05,32.9,291,29,0.4
CUS001135,2026-06,29.3,259,25,0.3
CUS001135,2026-07,23.1,205,20,0.3
CUS001136,2026-05,60.6,352,60,10.3
CUS001136,2026-06,54.0,314,54,9.2
CUS001136,2026-07,53.6,312,53,9.1
CUS001137,2026-05,124.7,166,109,26.9
CUS001137,2026-06,142.3,189,125,30.7
CUS001137,2026-07,86.1,114,76,18.6
CUS001138,2026-05,9.7,1525,79,6.2
CUS001138,2026-06,9.2,1452,75,5.9
CUS001138,2026-07,12.2,1910,99,7.8
CUS001139,2026-05,3.2,920,186,0.4
CUS001139,2026-06,2.9,830,168,0.4
CUS001139,2026-07,2.7,776,157,0.4
CUS001140,2026-05,2.8,161,58,1.3
CUS001140,2026-06,2.9,166,60,1.4
CUS001140,2026-07,3.0,174,62,1.4
CUS001141,2026-05,60.2,389,28,13.1
CUS001141,2026-06,42.2,272,19,9.2
CUS001141,2026-07,43.9,284,20,9.6
CUS001142,2026-05,29.2,446,115,4.0
CUS001142,2026-06,20.6,315,81,2.9
CUS001142,2026-07,24.8,378,98,3.4
CUS001143,2026-05,118.5,231,17,21.1
CUS001143,2026-06,123.8,241,18,22.0
CUS001143,2026-07,121.8,237,18,21.7
CUS001144,2026-05,37.0,192,157,5.3
CUS001144,2026-06,36.7,191,155,5.2
CUS001144,2026-07,35.1,183,148,5.0
CUS001145,2026-05,82.7,127,34,20.6
CUS001145,2026-06,67.5,104,28,16.8
CUS001145,2026-07,97.1,149,40,24.2
CUS001146,2026-05,11.3,217,100,4.6
CUS001146,2026-06,12.0,230,106,4.9
CUS001146,2026-07,9.4,181,84,3.8
CUS001147,2026-05,48.6,243,17,23.0
CUS001147,2026-06,61.7,309,22,29.2
CUS001147,2026-07,52.8,264,19,25.0
CUS001148,2026-05,4.1,1265,226,3.3
CUS001148,2026-06,3.4,1052,188,2.7
CUS001148,2026-07,3.2,1004,179,2.6
CUS001149,2026-05,22.3,335,113,7.7
CUS001149,2026-06,19.6,294,99,6.8
CUS001149,2026-07,25.4,380,128,8.7
CUS001150,2026-05,74.1,954,491,60.4
CUS001150,2026-06,58.1,748,385,47.4
CUS001150,2026-07,60.3,776,399,49.2
CUS001151,2026-05,168.4,313,27,28.7
CUS001151,2026-06,154.5,287,25,26.3
CUS001151,2026-07,127.2,237,20,21.7
CUS001152,2026-05,5.1,23,55,1.3
CUS001152,2026-06,6.4,29,69,1.6
CUS001152,2026-07,5.5,25,60,1.4
CUS001153,2026-05,2.9,81,44,0.8
CUS001153,2026-06,3.2,87,48,0.8
CUS001153,2026-07,3.6,100,55,1.0
CUS001154,2026-05,81.6,310,84,26.4
CUS001154,2026-06,87.8,333,90,28.4
CUS001154,2026-07,54.8,208,56,17.7
CUS001155,2026-05,3.6,142,4,0.9
CUS001155,2026-06,4.0,160,5,1.0
CUS001155,2026-07,4.8,193,6,1.2
CUS001156,2026-05,9.1,135,119,6.2
CUS001156,2026-06,7.6,113,100,5.2
CUS001156,2026-07,10.9,162,144,7.5
CUS001157,2026-05,80.6,392,95,8.5
CUS001157,2026-06,79.2,385,94,8.4
CUS001157,2026-07,70.4,342,83,7.4
CUS001158,2026-05,2.1,175,66,1.4
CUS001158,2026-06,1.8,146,55,1.2
CUS001158,2026-07,1.6,131,49,1.1
CUS001159,2026-05,74.7,780,209,32.5
CUS001159,2026-06,78.2,816,218,34.1
CUS001159,2026-07,71.5,746,200,31.2
CUS001160,2026-05,87.0,188,48,25.4
CUS001160,2026-06,60.8,132,33,17.7
CUS001160,2026-07,76.8,166,42,22.4
CUS001161,2026-05,9.4,224,90,6.0
CUS001161,2026-06,8.8,211,85,5.6
CUS001161,2026-07,12.3,293,118,7.8
CUS001162,2026-05,56.3,57,15,27.2
CUS001162,2026-06,46.5,47,13,22.5
CUS001162,2026-07,70.1,71,19,33.9
CUS001163,2026-05,15.7,115,80,3.7
CUS001163,2026-06,16.3,119,82,3.8
CUS001163,2026-07,15.0,110,76,3.5
CUS001164,2026-05,33.3,45,71,7.7
CUS001164,2026-06,35.9,49,77,8.4
CUS001164,2026-07,41.2,56,88,9.6
CUS001165,2026-05,57.8,217,35,21.7
CUS001165,2026-06,76.1,286,46,28.5
CUS001165,2026-07,80.1,301,49,30.1
CUS001166,2026-05,40.7,192,50,16.6
CUS001166,2026-06,85.9,225,58,35.1
CUS001166,2026-07,42.0,198,51,17.2
CUS001167,2026-05,15.4,348,57,3.0
CUS001167,2026-06,18.4,416,68,3.6
CUS001167,2026-07,18.7,422,69,3.7
CUS001168,2026-05,15.9,202,34,7.2
CUS001168,2026-06,16.7,211,36,7.5
CUS001168,2026-07,13.6,173,29,6.2
CUS001169,2026-05,66.1,286,10,9.6
CUS001169,2026-06,93.4,404,15,13.5
CUS001169,2026-07,84.1,364,13,12.2
CUS001170,2026-05,154.6,336,70,20.8
CUS001170,2026-06,155.4,338,71,20.9
CUS001170,2026-07,148.2,323,68,19.9
CUS001171,2026-05,18.2,308,32,4.5
CUS001171,2026-06,18.0,304,32,4.4
CUS001171,2026-07,20.1,340,36,5.0
CUS001172,2026-05,21.7,175,52,0.1
CUS001172,2026-06,27.9,225,67,0.1
CUS001172,2026-07,28.3,228,68,0.2
CUS001173,2026-05,74.4,344,45,27.6
CUS001173,2026-06,62.4,289,38,23.2
CUS001173,2026-07,52.8,244,32,19.6
CUS001174,2026-05,1.8,112,56,1.0
CUS001174,2026-06,2.7,168,83,1.4
CUS001174,2026-07,2.8,173,86,1.5
CUS001175,2026-05,35.4,285,20,2.9
CUS001175,2026-06,13.7,200,14,1.1
CUS001175,2026-07,20.7,300,21,1.7
CUS001176,2026-05,162.4,273,120,33.2
CUS001176,2026-06,128.6,217,95,26.3
CUS001176,2026-07,109.5,184,81,22.4
CUS001177,2026-05,11.2,275,133,3.2
CUS001177,2026-06,14.5,358,174,4.2
CUS001177,2026-07,10.0,247,120,2.9
CUS001178,2026-05,20.5,271,10,7.4
CUS001178,2026-06,23.2,307,11,8.4
CUS001178,2026-07,24.4,324,12,8.8
CUS001179,2026-05,10.9,130,110,4.6
CUS001179,2026-06,11.8,140,119,5.0
CUS001179,2026-07,8.7,104,88,3.7
CUS001180,2026-05,12.1,163,65,5.8
CUS001180,2026-06,13.4,180,72,6.4
CUS001180,2026-07,11.4,154,61,5.5
CUS001181,2026-05,3.8,175,23,1.5
CUS001181,2026-06,4.4,205,27,1.7
CUS001181,2026-07,8.3,216,29,3.2
CUS001182,2026-05,4.6,166,62,1.2
CUS001182,2026-06,5.2,188,70,1.3
CUS001182,2026-07,5.3,192,72,1.3
CUS001183,2026-05,4.0,114,21,0.0
CUS001183,2026-06,3.9,111,21,0.0
CUS001183,2026-07,4.3,122,23,0.0
CUS001184,2026-05,22.5,169,104,6.6
CUS001184,2026-06,24.1,180,111,7.0
CUS001184,2026-07,17.3,130,80,5.1
CUS001185,2026-05,2.0,45,28,1.4
CUS001185,2026-06,2.8,65,41,2.0
CUS001185,2026-07,2.9,67,43,2.1
CUS001186,2026-05,16.6,180,59,4.5
CUS001186,2026-06,23.7,256,84,6.3
CUS001186,2026-07,21.2,230,76,5.7
CUS001187,2026-05,23.0,120,132,4.0
CUS001187,2026-06,21.7,113,124,3.8
CUS001187,2026-07,20.2,105,115,3.5
CUS001188,2026-05,45.9,136,55,22.7
CUS001188,2026-06,35.4,104,42,17.5
CUS001188,2026-07,42.3,125,50,20.9
CUS001189,2026-05,6.5,184,34,2.2
CUS001189,2026-06,6.0,169,32,2.0
CUS001189,2026-07,5.3,150,28,1.8
CUS001190,2026-05,32.1,416,142,8.0
CUS001190,2026-06,24.3,315,107,6.1
CUS001190,2026-07,29.1,378,128,7.3
CUS001191,2026-05,105.2,275,51,17.4
CUS001191,2026-06,87.8,230,42,14.5
CUS001191,2026-07,119.1,312,57,19.7
CUS001192,2026-05,3.0,68,49,1.8
CUS001192,2026-06,3.2,71,51,1.9
CUS001192,2026-07,3.5,79,57,2.1
CUS001193,2026-05,87.1,185,75,30.9
CUS001193,2026-06,95.9,204,82,34.0
CUS001193,2026-07,71.5,152,61,25.4
CUS001194,2026-05,28.3,225,28,0.2
CUS001194,2026-06,53.7,237,29,0.4
CUS001194,2026-07,29.3,233,29,0.2
CUS001195,2026-05,19.0,441,154,3.2
CUS001195,2026-06,16.3,378,132,2.8
CUS001195,2026-07,13.3,308,108,2.3
CUS001196,2026-05,65.3,295,62,20.7
CUS001196,2026-06,94.7,428,90,30.1
CUS001196,2026-07,77.4,350,74,24.6
CUS001197,2026-05,95.2,114,28,10.9
CUS001197,2026-06,110.3,132,33,12.7
CUS001197,2026-07,130.9,156,39,15.0
CUS001198,2026-05,195.3,593,40,71.0
CUS001198,2026-06,229.1,696,47,83.3
CUS001198,2026-07,160.2,486,33,58.3
CUS001199,2026-05,85.5,299,59,17.9
CUS001199,2026-06,77.0,269,53,16.1
CUS001199,2026-07,75.7,265,52,15.8
CUS001200,2026-05,106.9,252,22,13.5
CUS001200,2026-06,153.1,361,32,19.3
CUS001200,2026-07,125.1,295,26,15.8
CUS001201,2026-05,24.4,297,46,5.2
CUS001201,2026-06,23.7,288,45,5.0
CUS001201,2026-07,31.4,381,60,6.7
CUS001202,2026-05,105.0,249,32,21.1
CUS001202,2026-06,101.4,241,31,20.4
CUS001202,2026-07,110.6,263,34,22.3
CUS001203,2026-05,100.4,89,73,9.4
CUS001203,2026-06,135.8,121,99,12.7
CUS001203,2026-07,125.0,111,91,11.7
CUS001204,2026-05,5.5,198,9,0.3
CUS001204,2026-06,6.3,225,10,0.3
CUS001204,2026-07,7.6,152,7,0.4
CUS001205,2026-05,8.2,1182,292,1.2
CUS001205,2026-06,10.0,1431,354,1.4
CUS001205,2026-07,8.5,1225,303,1.2
CUS001206,2026-05,3.7,198,49,0.7
CUS001206,2026-06,3.5,186,46,0.7
CUS001206,2026-07,2.6,139,35,0.5
CUS001207,2026-05,55.6,1008,46,2.3
CUS001207,2026-06,28.1,916,42,1.2
CUS001207,2026-07,32.8,1070,49,1.4
CUS001208,2026-05,161.3,284,61,27.8
CUS001208,2026-06,113.6,200,43,19.6
CUS001208,2026-07,185.3,182,39,31.9
CUS001209,2026-05,12.0,89,25,4.5
CUS001209,2026-06,17.1,126,36,6.3
CUS001209,2026-07,17.6,130,37,6.5
CUS001210,2026-05,163.2,645,381,67.6
CUS001210,2026-06,181.4,716,424,75.1
CUS001210,2026-07,157.3,621,368,65.1
CUS001211,2026-05,23.5,307,36,2.0
CUS001211,2026-06,24.4,319,38,2.1
CUS001211,2026-07,29.2,382,45,2.5
CUS001212,2026-05,97.1,1727,472,54.6
CUS001212,2026-06,64.8,1152,315,36.4
CUS001212,2026-07,67.2,1194,326,37.8
CUS001213,2026-05,16.6,330,72,2.1
CUS001213,2026-06,19.0,378,82,2.4
CUS001213,2026-07,20.2,402,87,2.6
CUS001214,2026-05,11.4,237,82,4.6
CUS001214,2026-06,16.2,337,117,6.6
CUS001214,2026-07,15.9,330,114,6.5
CUS001215,2026-05,89.8,112,12,8.1
CUS001215,2026-06,93.6,117,12,8.5
CUS001215,2026-07,84.1,105,11,7.6
CUS001216,2026-05,13.7,393,80,2.7
CUS001216,2026-06,10.6,305,62,2.1
CUS001216,2026-07,14.3,409,84,2.8
CUS001217,2026-05,13.2,244,31,3.5
CUS001217,2026-06,16.1,297,37,4.2
CUS001217,2026-07,12.7,234,30,3.3
CUS001218,2026-05,17.5,124,108,4.4
CUS001218,2026-06,21.4,152,132,5.4
CUS001218,2026-07,15.0,106,92,3.8
CUS001219,2026-05,6.8,117,37,1.7
CUS001219,2026-06,5.6,95,30,1.3
CUS001219,2026-07,6.1,104,33,1.5
CUS001220,2026-05,3.0,107,28,0.6
CUS001220,2026-06,1.9,124,32,0.4
CUS001220,2026-07,1.8,114,30,0.4
CUS001221,2026-05,16.2,136,97,1.5
CUS001221,2026-06,17.0,142,102,1.6
CUS001221,2026-07,20.2,170,121,1.9
CUS001222,2026-05,63.9,263,46,10.1
CUS001222,2026-06,59.2,243,43,9.3
CUS001222,2026-07,63.5,261,46,10.0
CUS001223,2026-05,125.6,62,41,14.9
CUS001223,2026-06,133.7,66,44,15.9
CUS001223,2026-07,134.9,66,44,16.0
CUS001224,2026-05,122.6,79,53,25.8
CUS001224,2026-06,118.8,76,51,25.0
CUS001224,2026-07,111.7,72,48,23.5
CUS001225,2026-05,7.6,226,66,0.0
CUS001225,2026-06,10.1,300,88,0.0
CUS001225,2026-07,7.4,220,64,0.0
CUS001226,2026-05,210.9,2297,584,45.6
CUS001226,2026-06,192.9,2101,534,41.7
CUS001226,2026-07,158.6,1728,439,34.3
CUS001227,2026-05,8.5,1364,228,2.9
CUS001227,2026-06,7.0,1127,188,2.4
CUS001227,2026-07,9.0,1442,241,3.1
CUS001228,2026-05,27.1,332,84,5.7
CUS001228,2026-06,25.9,317,81,5.4
CUS001228,2026-07,21.0,257,65,4.4
CUS001229,2026-05,114.7,245,60,7.2
CUS001229,2026-06,102.0,218,53,6.4
CUS001229,2026-07,123.4,264,64,7.7
CUS001230,2026-05,36.1,419,170,4.7
CUS001230,2026-06,31.5,365,149,4.1
CUS001230,2026-07,24.5,284,115,3.2
CUS001231,2026-05,12.9,274,128,4.6
CUS001231,2026-06,9.7,206,96,3.4
CUS001231,2026-07,9.3,197,92,3.3
CUS001232,2026-05,122.4,152,97,27.8
CUS001232,2026-06,138.1,171,110,31.3
CUS001232,2026-07,139.5,173,111,31.7
CUS001233,2026-05,30.4,2229,194,0.5
CUS001233,2026-06,33.2,2433,212,0.5
CUS001233,2026-07,21.4,1572,137,0.3
CUS001234,2026-05,20.9,326,157,6.8
CUS001234,2026-06,19.1,299,144,6.2
CUS001234,2026-07,21.2,331,160,6.9
CUS001235,2026-05,5.7,44,65,0.8
CUS001235,2026-06,7.7,60,88,1.0
CUS001235,2026-07,6.1,47,70,0.8
CUS001236,2026-05,43.4,336,33,6.8
CUS001236,2026-06,46.6,362,35,7.3
CUS001236,2026-07,55.8,433,42,8.7
CUS001237,2026-05,19.0,123,109,5.8
CUS001237,2026-06,17.4,112,100,5.3
CUS001237,2026-07,14.4,93,83,4.4
CUS001238,2026-05,14.0,351,49,1.7
CUS001238,2026-06,18.1,455,63,2.2
CUS001238,2026-07,17.7,444,62,2.1
CUS001239,2026-05,18.1,212,29,1.5
CUS001239,2026-06,17.2,202,27,1.4
CUS001239,2026-07,21.1,248,34,1.8
CUS001240,2026-05,80.2,196,18,13.0
CUS001240,2026-06,69.1,169,16,11.2
CUS001240,2026-07,75.4,184,17,12.2
CUS001241,2026-05,87.4,308,41,22.3
CUS001241,2026-06,91.7,323,43,23.4
CUS001241,2026-07,72.5,256,34,18.5
CUS001242,2026-05,25.1,326,39,9.6
CUS001242,2026-06,20.8,271,32,8.0
CUS001242,2026-07,32.4,235,28,12.4
CUS001243,2026-05,8.8,259,97,4.5
CUS001243,2026-06,12.0,355,132,6.2
CUS001243,2026-07,12.4,367,137,6.4
CUS001244,2026-05,13.4,283,80,3.4
CUS001244,2026-06,13.5,286,80,3.4
CUS001244,2026-07,18.5,392,110,4.7
CUS001245,2026-05,8.4,125,10,0.1
CUS001245,2026-06,6.4,96,7,0.1
CUS001245,2026-07,6.0,89,7,0.1
CUS001246,2026-05,116.8,91,45,22.7
CUS001246,2026-06,96.9,76,38,18.8
CUS001246,2026-07,111.1,87,43,21.6
CUS001247,2026-05,33.6,366,16,1.3
CUS001247,2026-06,31.5,344,15,1.2
CUS001247,2026-07,29.7,324,14,1.1
CUS001248,2026-05,1.6,181,63,0.5
CUS001248,2026-06,1.7,196,68,0.5
CUS001248,2026-07,1.5,176,62,0.4
CUS001249,2026-05,9.8,233,81,2.7
CUS001249,2026-06,12.3,294,103,3.5
CUS001249,2026-07,14.5,345,121,4.1
CUS001250,2026-05,17.6,315,92,5.2
CUS001250,2026-06,25.3,454,133,7.5
CUS001250,2026-07,22.7,406,119,6.7
CUS001251,2026-05,146.9,247,51,8.8
CUS001251,2026-06,170.2,286,59,10.2
CUS001251,2026-07,163.1,274,56,9.7
CUS001252,2026-05,108.1,207,9,15.4
CUS001252,2026-06,97.6,187,8,14.0
CUS001252,2026-07,113.9,218,10,16.3
CUS001253,2026-05,33.7,267,57,4.2
CUS001253,2026-06,45.5,361,76,5.7
CUS001253,2026-07,38.3,304,64,4.8
CUS001254,2026-05,11.2,255,62,0.5
CUS001254,2026-06,13.4,305,75,0.5
CUS001254,2026-07,13.4,304,75,0.5
CUS001255,2026-05,9.7,420,76,1.7
CUS001255,2026-06,6.9,300,55,1.2
CUS001255,2026-07,8.3,359,65,1.5
CUS001256,2026-05,88.8,232,31,13.5
CUS001256,2026-06,108.3,283,38,16.5
CUS001256,2026-07,90.9,237,32,13.9
CUS001257,2026-05,2.8,86,54,1.2
CUS001257,2026-06,2.8,87,55,1.2
CUS001257,2026-07,2.0,61,39,0.8
CUS001258,2026-05,3.1,73,68,0.6
CUS001258,2026-06,3.1,73,69,0.6
CUS001258,2026-07,3.5,83,78,0.6
CUS001259,2026-05,87.6,142,66,24.6
CUS001259,2026-06,82.3,134,62,23.1
CUS001259,2026-07,67.5,110,51,18.9
CUS001260,2026-05,6.8,126,15,0.8
CUS001260,2026-06,8.8,163,19,1.0
CUS001260,2026-07,8.5,157,19,1.0
CUS001261,2026-05,15.7,475,171,2.5
CUS001261,2026-06,12.5,378,136,2.0
CUS001261,2026-07,16.1,487,175,2.6
CUS001262,2026-05,61.0,1209,238,36.3
CUS001262,2026-06,69.3,1373,270,41.3
CUS001262,2026-07,70.5,1397,275,42.0
CUS001263,2026-05,8.8,91,49,1.4
CUS001263,2026-06,12.3,128,69,2.0
CUS001263,2026-07,8.4,88,47,1.4
CUS001264,2026-05,24.5,119,16,3.6
CUS001264,2026-06,26.4,128,17,3.9
CUS001264,2026-07,21.7,105,14,3.2
CUS001265,2026-05,11.0,310,30,5.7
CUS001265,2026-06,11.1,314,30,5.8
CUS001265,2026-07,11.5,324,31,6.0
CUS001266,2026-05,16.9,318,44,6.1
CUS001266,2026-06,21.3,400,55,7.7
CUS001266,2026-07,26.0,488,68,9.3
CUS001267,2026-05,20.4,372,83,7.4
CUS001267,2026-06,19.7,360,81,7.2
CUS001267,2026-07,18.8,343,77,6.9
CUS001268,2026-05,7.9,128,31,1.8
CUS001268,2026-06,8.4,136,33,1.9
CUS001268,2026-07,7.1,115,28,1.6
CUS001269,2026-05,15.7,144,118,4.8
CUS001269,2026-06,21.5,198,162,6.6
CUS001269,2026-07,16.0,147,120,4.9
CUS001270,2026-05,13.8,339,89,6.5
CUS001270,2026-06,14.9,367,96,7.1
CUS001270,2026-07,18.6,458,120,8.8
CUS001271,2026-05,22.9,382,41,3.9
CUS001271,2026-06,17.1,285,30,2.9
CUS001271,2026-07,15.7,262,28,2.7
CUS001272,2026-05,9.7,157,144,4.1
CUS001272,2026-06,9.8,158,146,4.2
CUS001272,2026-07,7.9,129,118,3.4
CUS001273,2026-05,34.7,298,58,9.0
CUS001273,2026-06,29.4,252,49,7.6
CUS001273,2026-07,33.6,289,56,8.7
CUS001274,2026-05,10.6,193,118,6.0
CUS001274,2026-06,12.6,229,140,7.1
CUS001274,2026-07,11.3,205,125,6.3
CUS001275,2026-05,86.9,238,84,20.7
CUS001275,2026-06,93.3,255,90,22.3
CUS001275,2026-07,70.1,192,68,16.7
CUS001276,2026-05,7.7,198,27,1.6
CUS001276,2026-06,5.3,135,19,1.1
CUS001276,2026-07,7.2,186,26,1.5
CUS001277,2026-05,124.9,234,8,8.0
CUS001277,2026-06,154.4,289,10,9.8
CUS001277,2026-07,120.3,225,7,7.7
CUS001278,2026-05,156.7,501,385,80.3
CUS001278,2026-06,208.8,667,512,106.9
CUS001278,2026-07,197.3,630,484,101.0
CUS001279,2026-05,6.4,1153,276,2.2
CUS001279,2026-06,5.1,923,221,1.8
CUS001279,2026-07,7.4,1334,319,2.6
CUS001280,2026-05,162.3,192,42,13.8
CUS001280,2026-06,149.8,177,39,12.8
CUS001280,2026-07,128.2,151,33,10.9
CUS001281,2026-05,1.6,66,72,0.5
CUS001281,2026-06,1.4,56,61,0.4
CUS001281,2026-07,1.5,62,67,0.5
CUS001282,2026-05,10.7,208,141,6.8
CUS001282,2026-06,9.1,176,120,5.7
CUS001282,2026-07,10.7,208,141,6.8
CUS001283,2026-05,7.5,133,68,0.0
CUS001283,2026-06,8.4,148,76,0.0
CUS001283,2026-07,10.8,189,97,0.0
CUS001284,2026-05,8.5,65,25,1.9
CUS001284,2026-06,6.0,46,18,1.3
CUS001284,2026-07,8.2,62,24,1.8
CUS001285,2026-05,13.9,327,83,1.4
CUS001285,2026-06,17.3,405,103,1.8
CUS001285,2026-07,13.7,322,82,1.4
CUS001286,2026-05,9.2,217,33,5.7
CUS001286,2026-06,11.8,278,43,7.3
CUS001286,2026-07,12.4,293,45,7.7
CUS001287,2026-05,14.0,298,77,4.0
CUS001287,2026-06,15.0,318,83,4.3
CUS001287,2026-07,13.2,281,73,3.8
CUS001288,2026-05,117.6,193,67,11.4
CUS001288,2026-06,107.7,176,61,10.4
CUS001288,2026-07,93.3,153,53,9.0
CUS001289,2026-05,23.9,128,80,3.7
CUS001289,2026-06,22.7,121,76,3.5
CUS001289,2026-07,23.8,127,80,3.7
CUS001290,2026-05,16.5,51,31,1.3
CUS001290,2026-06,8.0,45,28,0.6
CUS001290,2026-07,9.1,51,31,0.7
CUS001291,2026-05,22.0,215,29,7.1
CUS001291,2026-06,19.3,189,25,6.2
CUS001291,2026-07,27.3,267,36,8.8
CUS001292,2026-05,136.6,227,107,15.6
CUS001292,2026-06,143.4,238,112,16.4
CUS001292,2026-07,155.0,257,121,17.7
CUS001293,2026-05,28.6,203,143,4.7
CUS001293,2026-06,26.3,187,131,4.3
CUS001293,2026-07,48.2,190,134,7.9
CUS001294,2026-05,18.1,127,37,6.4
CUS001294,2026-06,17.4,122,36,6.2
CUS001294,2026-07,14.7,103,30,5.2
CUS001295,2026-05,54.8,128,69,22.1
CUS001295,2026-06,74.4,173,93,30.0
CUS001295,2026-07,67.9,158,85,27.4
CUS001296,2026-05,90.4,175,65,12.1
CUS001296,2026-06,86.7,168,62,11.6
CUS001296,2026-07,114.1,221,81,15.3
CUS001297,2026-05,80.8,76,20,23.3
CUS001297,2026-06,62.8,59,16,18.1
CUS001297,2026-07,66.1,62,16,19.0
CUS001298,2026-05,116.9,1252,221,64.3
CUS001298,2026-06,115.5,1237,219,63.6
CUS001298,2026-07,112.6,1206,213,62.0
CUS001299,2026-05,12.9,293,33,5.9
CUS001299,2026-06,14.7,332,38,6.7
CUS001299,2026-07,11.6,264,30,5.3
CUS001300,2026-05,1.8,1764,123,1.2
CUS001300,2026-06,1.9,1856,130,1.2
CUS001300,2026-07,2.2,2152,151,1.4
CUS001301,2026-05,92.0,157,60,20.2
CUS001301,2026-06,194.0,184,70,42.6
CUS001301,2026-07,134.9,231,88,29.6
CUS001302,2026-05,110.8,275,46,6.2
CUS001302,2026-06,118.9,295,49,6.6
CUS001302,2026-07,128.7,319,53,7.2
CUS001303,2026-05,20.0,134,33,1.2
CUS001303,2026-06,18.5,124,30,1.2
CUS001303,2026-07,21.4,144,35,1.3
CUS001304,2026-05,58.2,139,72,11.6
CUS001304,2026-06,51.6,123,64,10.2
CUS001304,2026-07,80.7,193,100,16.0
CUS001305,2026-05,5.2,99,43,0.5
CUS001305,2026-06,6.7,126,55,0.6
CUS001305,2026-07,6.4,122,53,0.6
CUS001306,2026-05,12.4,286,20,1.4
CUS001306,2026-06,12.3,284,20,1.4
CUS001306,2026-07,17.1,395,28,1.9
CUS001307,2026-05,62.1,128,12,5.4
CUS001307,2026-06,70.1,144,13,6.1
CUS001307,2026-07,64.1,132,12,5.6
CUS001308,2026-05,2.0,151,82,0.0
CUS001308,2026-06,1.9,146,79,0.0
CUS001308,2026-07,2.0,154,83,0.0
CUS001309,2026-05,5.2,226,20,1.1
CUS001309,2026-06,4.3,186,17,0.9
CUS001309,2026-07,5.3,232,21,1.2
CUS001310,2026-05,127.5,295,94,26.5
CUS001310,2026-06,86.2,199,64,17.9
CUS001310,2026-07,136.5,316,101,28.4
CUS001311,2026-05,114.7,212,10,10.9
CUS001311,2026-06,141.8,262,13,13.4
CUS001311,2026-07,155.1,287,14,14.7
CUS001312,2026-05,28.9,1028,277,8.2
CUS001312,2026-06,33.2,1183,319,9.4
CUS001312,2026-07,29.0,1033,278,8.2
CUS001313,2026-05,67.2,277,84,16.2
CUS001313,2026-06,59.4,245,74,14.3
CUS001313,2026-07,44.5,184,56,10.7
CUS001314,2026-05,34.5,199,68,14.4
CUS001314,2026-06,64.5,207,70,27.0
CUS001314,2026-07,44.6,257,88,18.6
CUS001315,2026-05,3.4,39,35,1.4
CUS001315,2026-06,4.3,49,44,1.8
CUS001315,2026-07,5.0,58,52,2.1
CUS001316,2026-05,1.5,63,53,0.8
CUS001316,2026-06,1.1,47,39,0.6
CUS001316,2026-07,1.6,67,56,0.8
CUS001317,2026-05,85.1,152,23,16.3
CUS001317,2026-06,103.7,186,28,19.9
CUS001317,2026-07,134.8,241,36,25.9
CUS001318,2026-05,66.3,49,12,18.0
CUS001318,2026-06,70.6,52,13,19.1
CUS001318,2026-07,84.7,63,15,23.0
CUS001319,2026-05,50.3,178,89,9.8
CUS001319,2026-06,27.5,175,88,5.4
CUS001319,2026-07,21.1,134,67,4.1
CUS001320,2026-05,133.3,236,97,28.7
CUS001320,2026-06,111.2,197,81,23.9
CUS001320,2026-07,137.5,243,100,29.6
CUS001321,2026-05,3.0,119,10,1.4
CUS001321,2026-06,3.7,149,12,1.8
CUS001321,2026-07,4.0,161,13,1.9
CUS001322,2026-05,100.4,329,53,11.7
CUS001322,2026-06,88.5,290,47,10.3
CUS001322,2026-07,115.5,378,61,13.5
CUS001323,2026-05,21.9,214,70,3.0
CUS001323,2026-06,19.8,193,63,2.7
CUS001323,2026-07,25.0,245,80,3.4
CUS001324,2026-05,6.3,100,49,1.6
CUS001324,2026-06,5.9,93,46,1.5
CUS001324,2026-07,7.2,115,57,1.8
CUS001325,2026-05,3.0,1025,116,0.4
CUS001325,2026-06,4.1,1366,155,0.6
CUS001325,2026-07,3.5,1187,134,0.5
CUS001326,2026-05,12.1,139,127,2.3
CUS001326,2026-06,10.5,120,110,2.0
CUS001326,2026-07,8.6,98,90,1.6
CUS001327,2026-05,19.0,107,110,5.4
CUS001327,2026-06,23.8,134,137,6.7
CUS001327,2026-07,22.2,126,129,6.3
CUS001328,2026-05,9.9,291,50,6.3
CUS001328,2026-06,9.8,288,50,6.3
CUS001328,2026-07,10.6,311,54,6.8
CUS001329,2026-05,179.9,69,27,30.1
CUS001329,2026-06,145.3,101,40,24.3
CUS001329,2026-07,129.9,90,35,21.7
CUS001330,2026-05,5.8,89,55,1.3
CUS001330,2026-06,3.6,56,35,0.8
CUS001330,2026-07,4.5,69,43,1.0
CUS001331,2026-05,5.5,52,60,0.7
CUS001331,2026-06,6.3,59,69,0.8
CUS001331,2026-07,8.4,79,91,1.0
CUS001332,2026-05,124.0,190,14,14.2
CUS001332,2026-06,112.9,173,13,12.9
CUS001332,2026-07,134.8,206,15,15.4
CUS001333,2026-05,3.6,162,37,0.0
CUS001333,2026-06,2.7,124,29,0.0
CUS001333,2026-07,7.0,177,41,0.1
CUS001334,2026-05,129.7,635,143,85.0
CUS001334,2026-06,151.2,740,167,99.1
CUS001334,2026-07,127.4,623,141,83.5
CUS001335,2026-05,115.7,263,74,18.6
CUS001335,2026-06,151.2,343,96,24.3
CUS001335,2026-07,104.5,237,67,16.8
CUS001336,2026-05,2.7,1608,234,1.2
CUS001336,2026-06,3.6,2148,312,1.6
CUS001336,2026-07,2.5,1523,221,1.2
CUS001337,2026-05,85.7,202,103,33.6
CUS001337,2026-06,66.7,157,80,26.1
CUS001337,2026-07,57.6,136,69,22.6
CUS001338,2026-05,16.3,177,95,2.8
CUS001338,2026-06,16.3,178,96,2.8
CUS001338,2026-07,19.6,214,115,3.4
CUS001339,2026-05,20.6,174,103,4.4
CUS001339,2026-06,25.4,214,127,5.4
CUS001339,2026-07,18.0,151,90,3.9
CUS001340,2026-05,5.5,1066,204,3.4
CUS001340,2026-06,5.5,1069,205,3.4
CUS001340,2026-07,4.2,804,154,2.6
CUS001341,2026-05,26.9,1605,233,4.9
CUS001341,2026-06,29.3,1751,254,5.4
CUS001341,2026-07,34.9,2083,302,6.4
CUS001342,2026-05,2.7,116,50,0.3
CUS001342,2026-06,3.0,131,57,0.3
CUS001342,2026-07,3.9,172,74,0.4
CUS001343,2026-05,10.1,139,123,6.1
CUS001343,2026-06,10.6,146,129,6.4
CUS001343,2026-07,10.4,144,127,6.3
CUS001344,2026-05,62.1,349,21,24.2
CUS001344,2026-06,47.8,268,16,18.6
CUS001344,2026-07,85.5,266,16,33.3
CUS001345,2026-05,14.5,420,111,5.8
CUS001345,2026-06,14.3,412,108,5.7
CUS001345,2026-07,12.8,370,98,5.1
CUS001346,2026-05,5.5,1380,222,2.3
CUS001346,2026-06,6.2,1557,250,2.6
CUS001346,2026-07,6.1,1528,245,2.5
CUS001347,2026-05,90.3,195,85,22.4
CUS001347,2026-06,56.6,122,53,14.1
CUS001347,2026-07,55.3,120,52,13.7
CUS001348,2026-05,23.5,274,80,7.1
CUS001348,2026-06,27.5,321,94,8.3
CUS001348,2026-07,22.0,257,75,6.6
CUS001349,2026-05,5.1,44,33,0.1
CUS001349,2026-06,5.9,51,38,0.1
CUS001349,2026-07,5.2,45,33,0.1
CUS001350,2026-05,45.6,339,41,25.8
CUS001350,2026-06,48.9,364,44,27.7
CUS001350,2026-07,31.8,237,29,18.0
CUS001351,2026-05,4.1,109,24,0.6
CUS001351,2026-06,3.5,93,20,0.5
CUS001351,2026-07,5.2,138,30,0.8
CUS001352,2026-05,21.9,176,146,7.2
CUS001352,2026-06,18.9,152,125,6.2
CUS001352,2026-07,18.2,147,121,6.0
CUS001353,2026-05,159.0,350,83,19.6
CUS001353,2026-06,108.9,239,57,13.4
CUS001353,2026-07,146.1,321,76,18.0
CUS001354,2026-05,18.9,268,60,4.9
CUS001354,2026-06,21.1,300,67,5.5
CUS001354,2026-07,38.1,301,67,9.9
CUS001355,2026-05,66.6,156,38,14.2
CUS001355,2026-06,75.1,176,43,16.0
CUS001355,2026-07,60.9,142,35,12.9
CUS001356,2026-05,36.9,198,75,10.8
CUS001356,2026-06,35.4,191,72,10.4
CUS001356,2026-07,51.4,276,105,15.1
CUS001357,2026-05,113.9,289,98,21.8
CUS001357,2026-06,115.7,294,100,22.2
CUS001357,2026-07,98.5,250,85,18.9
CUS001358,2026-05,98.5,179,33,19.9
CUS001358,2026-06,102.8,186,35,20.8
CUS001358,2026-07,114.0,207,39,23.1
CUS001359,2026-05,21.5,228,90,1.9
CUS001359,2026-06,26.3,279,110,2.3
CUS001359,2026-07,29.3,311,122,2.6
CUS001360,2026-05,13.3,414,76,6.0
CUS001360,2026-06,12.5,386,71,5.6
CUS001360,2026-07,9.7,301,55,4.4
CUS001361,2026-05,32.2,338,86,6.1
CUS001361,2026-06,27.1,285,73,5.2
CUS001361,2026-07,32.7,343,88,6.2
CUS001362,2026-05,15.5,371,151,8.6
CUS001362,2026-06,14.2,340,138,7.9
CUS001362,2026-07,11.3,271,110,6.3
CUS001363,2026-05,106.5,230,12,23.3
CUS001363,2026-06,100.2,216,11,22.0
CUS001363,2026-07,120.6,260,13,26.4
CUS001364,2026-05,69.3,107,61,17.4
CUS001364,2026-06,78.8,122,69,19.9
CUS001364,2026-07,73.4,114,64,18.5
CUS001365,2026-05,50.6,98,47,17.6
CUS001365,2026-06,64.5,124,59,22.4
CUS001365,2026-07,78.4,151,72,27.3
CUS001366,2026-05,12.2,459,87,6.7
CUS001366,2026-06,12.6,472,90,6.9
CUS001366,2026-07,8.7,326,62,4.8
CUS001367,2026-05,114.0,52,29,17.5
CUS001367,2026-06,108.2,50,28,16.6
CUS001367,2026-07,102.1,47,26,15.7
CUS001368,2026-05,20.7,837,121,9.9
CUS001368,2026-06,15.0,607,88,7.2
CUS001368,2026-07,17.1,693,100,8.2
CUS001369,2026-05,1.7,31,50,0.6
CUS001369,2026-06,2.0,37,59,0.8
CUS001369,2026-07,1.7,31,49,0.6
CUS001370,2026-05,45.1,122,54,27.2
CUS001370,2026-06,49.1,133,59,29.6
CUS001370,2026-07,60.5,163,73,36.5
CUS001371,2026-05,1.4,171,61,0.6
CUS001371,2026-06,1.1,138,49,0.5
CUS001371,2026-07,1.2,147,53,0.5
CUS001372,2026-05,99.8,990,383,73.2
CUS001372,2026-06,91.8,911,352,67.4
CUS001372,2026-07,77.8,772,298,57.1
CUS001373,2026-05,20.0,96,41,4.2
CUS001373,2026-06,26.8,129,55,5.6
CUS001373,2026-07,20.9,100,43,4.4
CUS001374,2026-05,21.5,278,100,0.4
CUS001374,2026-06,24.6,318,114,0.5
CUS001374,2026-07,30.7,397,143,0.6
CUS001375,2026-05,9.8,272,32,4.0
CUS001375,2026-06,10.7,298,35,4.4
CUS001375,2026-07,12.4,344,41,5.0
CUS001376,2026-05,26.2,1486,62,7.6
CUS001376,2026-06,33.1,1876,79,9.6
CUS001376,2026-07,29.8,1692,71,8.7
CUS001377,2026-05,147.1,90,68,14.5
CUS001377,2026-06,124.8,77,58,12.3
CUS001377,2026-07,113.0,69,52,11.2
CUS001378,2026-05,113.5,284,44,8.9
CUS001378,2026-06,104.1,261,40,8.1
CUS001378,2026-07,97.9,245,38,7.7
CUS001379,2026-05,1.7,222,89,1.2
CUS001379,2026-06,1.5,196,78,1.0
CUS001379,2026-07,1.5,206,82,1.1
CUS001380,2026-05,123.4,86,15,20.1
CUS001380,2026-06,131.9,92,16,21.5
CUS001380,2026-07,159.9,111,20,26.0
CUS001381,2026-05,20.2,394,136,4.2
CUS001381,2026-06,15.0,293,101,3.1
CUS001381,2026-07,18.2,354,122,3.8
CUS001382,2026-05,18.7,390,141,0.5
CUS001382,2026-06,13.4,280,102,0.3
CUS001382,2026-07,16.6,347,126,0.4
CUS001383,2026-05,36.3,1027,211,5.6
CUS001383,2026-06,36.3,1028,211,5.6
CUS001383,2026-07,44.0,1246,255,6.8
CUS001384,2026-05,95.4,120,50,26.0
CUS001384,2026-06,74.4,93,39,20.3
CUS001384,2026-07,89.1,112,47,24.3
CUS001385,2026-05,125.0,193,61,20.3
CUS001385,2026-06,143.6,222,70,23.4
CUS001385,2026-07,129.4,200,63,21.0
CUS001386,2026-05,86.5,201,46,5.9
CUS001386,2026-06,68.0,158,36,4.6
CUS001386,2026-07,73.1,170,39,5.0
CUS001387,2026-05,16.9,201,88,3.1
CUS001387,2026-06,22.7,270,118,4.1
CUS001387,2026-07,20.1,239,104,3.7
CUS001388,2026-05,157.1,394,103,20.4
CUS001388,2026-06,61.6,278,73,8.0
CUS001388,2026-07,89.5,404,106,11.6
CUS001389,2026-05,13.6,216,16,4.2
CUS001389,2026-06,17.1,270,20,5.2
CUS001389,2026-07,12.4,196,14,3.8
CUS001390,2026-05,124.7,126,71,13.9
CUS001390,2026-06,130.7,132,75,14.6
CUS001390,2026-07,132.8,134,76,14.8
CUS001391,2026-05,19.8,798,50,8.3
CUS001391,2026-06,21.2,855,53,8.9
CUS001391,2026-07,14.2,571,36,5.9
CUS001392,2026-05,17.0,307,84,4.1
CUS001392,2026-06,15.5,281,77,3.7
CUS001392,2026-07,11.8,213,58,2.8
CUS001393,2026-05,49.2,339,8,32.8
CUS001393,2026-06,46.0,317,7,30.7
CUS001393,2026-07,48.5,334,8,32.3
CUS001394,2026-05,157.9,1334,109,76.4
CUS001394,2026-06,166.3,1405,115,80.5
CUS001394,2026-07,139.9,1182,96,67.7
CUS001395,2026-05,17.1,139,68,3.8
CUS001395,2026-06,20.4,165,81,4.5
CUS001395,2026-07,20.9,169,83,4.6
CUS001396,2026-05,7.2,220,41,5.4
CUS001396,2026-06,7.8,239,44,5.8
CUS001396,2026-07,9.9,303,56,7.4
CUS001397,2026-05,53.0,178,96,6.2
CUS001397,2026-06,44.4,149,80,5.2
CUS001397,2026-07,39.3,132,71,4.6
CUS001398,2026-05,8.2,313,84,2.4
CUS001398,2026-06,8.3,318,85,2.4
CUS001398,2026-07,8.7,332,89,2.6
CUS001399,2026-05,142.7,199,76,12.4
CUS001399,2026-06,118.6,165,63,10.3
CUS001399,2026-07,106.0,148,56,9.2
CUS001400,2026-05,165.0,1010,114,79.1
CUS001400,2026-06,129.5,792,89,62.1
CUS001400,2026-07,124.7,763,86,59.8
CUS001401,2026-05,6.7,1528,139,1.3
CUS001401,2026-06,8.3,1909,174,1.6
CUS001401,2026-07,5.5,1252,114,1.1
CUS001402,2026-05,16.2,83,44,4.8
CUS001402,2026-06,20.0,103,54,5.9
CUS001402,2026-07,16.2,83,44,4.8
CUS001403,2026-05,25.0,1945,117,5.3
CUS001403,2026-06,17.2,1341,81,3.7
CUS001403,2026-07,21.7,1695,102,4.6
CUS001404,2026-05,94.8,617,129,134.6
CUS001404,2026-06,63.9,748,156,90.7
CUS001404,2026-07,47.0,551,115,66.8
CUS001405,2026-05,108.3,1711,224,65.2
CUS001405,2026-06,117.6,1858,243,70.8
CUS001405,2026-07,79.9,1262,165,48.1
CUS001406,2026-05,165.5,1643,370,78.6
CUS001406,2026-06,122.1,1212,273,58.0
CUS001406,2026-07,113.3,1125,253,53.8
CUS001407,2026-05,58.0,118,81,18.6
CUS001407,2026-06,57.8,117,81,18.5
CUS001407,2026-07,49.1,99,69,15.7
CUS001408,2026-05,134.1,1023,278,59.7
CUS001408,2026-06,115.1,878,239,51.2
CUS001408,2026-07,184.2,780,212,82.0
CUS001409,2026-05,6.6,1099,108,0.6
CUS001409,2026-06,9.7,902,88,1.0
CUS001409,2026-07,8.1,1354,133,0.8
CUS001410,2026-05,26.0,249,129,3.9
CUS001410,2026-06,23.4,224,116,3.5
CUS001410,2026-07,25.2,241,124,3.8
CUS001411,2026-05,22.2,157,30,0.8
CUS001411,2026-06,35.3,249,48,1.2
CUS001411,2026-07,22.9,161,31,0.8
CUS001412,2026-05,19.2,147,35,1.1
CUS001412,2026-06,20.3,156,37,1.2
CUS001412,2026-07,25.6,196,47,1.5
CUS001413,2026-05,99.6,130,67,23.5
CUS001413,2026-06,96.2,126,65,22.7
CUS001413,2026-07,127.0,166,86,30.0
CUS001414,2026-05,28.4,374,94,4.9
CUS001414,2026-06,24.6,324,82,4.2
CUS001414,2026-07,35.7,470,118,6.1
CUS001415,2026-05,193.6,641,91,99.5
CUS001415,2026-06,142.6,472,67,73.3
CUS001415,2026-07,147.3,488,69,75.6
CUS001416,2026-05,5.2,168,37,0.1
CUS001416,2026-06,7.4,239,52,0.1
CUS001416,2026-07,5.9,189,41,0.1
CUS001417,2026-05,29.0,1351,115,0.2
CUS001417,2026-06,45.3,2108,179,0.3
CUS001417,2026-07,36.8,1712,145,0.2
CUS001418,2026-05,12.9,195,53,4.8
CUS001418,2026-06,14.8,226,61,5.6
CUS001418,2026-07,13.9,212,57,5.3
CUS001419,2026-05,22.4,292,77,6.1
CUS001419,2026-06,21.9,285,75,6.0
CUS001419,2026-07,33.0,429,113,9.0
CUS001420,2026-05,112.6,1875,257,21.9
CUS001420,2026-06,104.9,1747,240,20.4
CUS001420,2026-07,125.7,2093,287,24.4
CUS001421,2026-05,26.1,932,199,2.8
CUS001421,2026-06,31.8,1134,243,3.5
CUS001421,2026-07,28.1,1003,215,3.1
CUS001422,2026-05,1.5,1113,103,1.5
CUS001422,2026-06,1.6,1231,114,1.6
CUS001422,2026-07,2.1,1589,147,2.1
CUS001423,2026-05,109.1,227,6,15.0
CUS001423,2026-06,94.8,197,5,13.0
CUS001423,2026-07,93.3,194,5,12.8
CUS001424,2026-05,16.0,265,106,1.5
CUS001424,2026-06,14.1,232,93,1.4
CUS001424,2026-07,14.4,239,96,1.4
CUS001425,2026-05,8.8,708,49,0.7
CUS001425,2026-06,10.5,848,59,0.8
CUS001425,2026-07,13.2,1069,75,1.0
CUS001426,2026-05,5.6,560,123,1.2
CUS001426,2026-06,5.5,549,121,1.2
CUS001426,2026-07,6.0,596,131,1.3
CUS001427,2026-05,128.1,213,13,7.0
CUS001427,2026-06,125.9,209,13,6.9
CUS001427,2026-07,140.8,234,15,7.7
CUS001428,2026-05,4.3,40,56,0.3
CUS001428,2026-06,3.5,32,45,0.2
CUS001428,2026-07,3.5,33,46,0.3
CUS001429,2026-05,19.2,321,39,1.0
CUS001429,2026-06,19.0,318,39,1.0
CUS001429,2026-07,18.2,304,37,0.9
CUS001430,2026-05,26.9,1372,107,1.6
CUS001430,2026-06,40.9,1161,91,2.5
CUS001430,2026-07,17.1,874,68,1.0
CUS001431,2026-05,21.6,195,77,5.9
CUS001431,2026-06,23.5,213,84,6.4
CUS001431,2026-07,17.0,154,61,4.7
CUS001432,2026-05,32.0,1967,121,8.6
CUS001432,2026-06,24.8,1527,94,6.7
CUS001432,2026-07,26.3,1615,100,7.0
CUS001433,2026-05,22.1,346,13,2.5
CUS001433,2026-06,26.0,408,15,3.0
CUS001433,2026-07,23.0,360,13,2.6
CUS001434,2026-05,19.5,1076,129,5.2
CUS001434,2026-06,29.7,1645,197,8.0
CUS001434,2026-07,25.3,1399,167,6.8
CUS001435,2026-05,76.3,951,270,23.9
CUS001435,2026-06,111.8,1394,396,35.1
CUS001435,2026-07,97.7,1218,346,30.7
CUS001436,2026-05,154.5,318,99,16.2
CUS001436,2026-06,154.0,318,98,16.2
CUS001436,2026-07,154.0,317,98,16.1
CUS001437,2026-05,45.3,1592,192,9.1
CUS001437,2026-06,45.9,1612,195,9.2
CUS001437,2026-07,41.2,1448,175,8.3
CUS001438,2026-05,4.9,1612,301,0.5
CUS001438,2026-06,5.2,1732,323,0.6
CUS001438,2026-07,4.8,1597,298,0.5
CUS001439,2026-05,19.7,118,67,6.7
CUS001439,2026-06,19.5,117,66,6.6
CUS001439,2026-07,19.6,117,66,6.6
CUS001440,2026-05,100.3,335,57,23.9
CUS001440,2026-06,70.9,237,40,16.9
CUS001440,2026-07,68.6,229,39,16.4
CUS001441,2026-05,15.2,352,97,4.4
CUS001441,2026-06,20.8,482,133,6.1
CUS001441,2026-07,16.3,378,104,4.8
CUS001442,2026-05,18.0,261,78,1.4
CUS001442,2026-06,29.2,424,126,2.3
CUS001442,2026-07,27.6,401,119,2.2
CUS001443,2026-05,20.1,438,38,0.4
CUS001443,2026-06,14.0,305,26,0.3
CUS001443,2026-07,13.2,288,25,0.3
CUS001444,2026-05,14.9,276,98,2.3
CUS001444,2026-06,10.8,201,71,1.7
CUS001444,2026-07,14.7,273,97,2.3
CUS001445,2026-05,6.4,1407,35,1.9
CUS001445,2026-06,9.4,2061,52,2.8
CUS001445,2026-07,7.3,1593,40,2.2
CUS001446,2026-05,139.7,1185,215,18.0
CUS001446,2026-06,197.5,1676,304,25.5
CUS001446,2026-07,185.5,1574,286,23.9
CUS001447,2026-05,10.1,1099,242,7.7
CUS001447,2026-06,10.0,1086,240,7.6
CUS001447,2026-07,13.6,1482,327,10.4
CUS001448,2026-05,12.8,133,72,8.6
CUS001448,2026-06,9.5,98,53,6.4
CUS001448,2026-07,12.2,127,69,8.2
CUS001449,2026-05,3.6,138,44,0.2
CUS001449,2026-06,4.2,160,51,0.2
CUS001449,2026-07,6.0,227,73,0.3
CUS001450,2026-05,19.4,388,14,7.6
CUS001450,2026-06,14.6,291,11,5.7
CUS001450,2026-07,21.4,428,16,8.4
CUS001451,2026-05,131.6,104,89,25.6
CUS001451,2026-06,127.6,101,87,24.8
CUS001451,2026-07,138.9,110,94,27.0
CUS001452,2026-05,26.9,353,34,4.3
CUS001452,2026-06,30.5,401,38,4.9
CUS001452,2026-07,29.6,389,37,4.7
CUS001453,2026-05,112.8,1264,553,57.0
CUS001453,2026-06,107.6,1205,527,54.3
CUS001453,2026-07,100.3,1124,492,50.6
CUS001454,2026-05,6.8,1449,204,2.2
CUS001454,2026-06,4.6,1768,249,1.5
CUS001454,2026-07,4.2,1607,226,1.4
CUS001455,2026-05,63.2,171,66,19.8
CUS001455,2026-06,112.2,169,66,35.2
CUS001455,2026-07,62.9,170,66,19.7
CUS001456,2026-05,99.3,1521,316,53.0
CUS001456,2026-06,246.4,2096,435,131.4
CUS001456,2026-07,123.7,1895,393,66.0
CUS001457,2026-05,35.6,324,26,4.6
CUS001457,2026-06,26.3,240,19,3.4
CUS001457,2026-07,25.1,229,19,3.2
CUS001458,2026-05,97.2,1312,207,17.7
CUS001458,2026-06,133.4,1800,284,24.3
CUS001458,2026-07,134.2,1811,286,24.4
CUS001459,2026-05,56.1,164,5,10.8
CUS001459,2026-06,48.7,142,4,9.4
CUS001459,2026-07,68.4,200,6,13.1
CUS001460,2026-05,6.3,184,74,1.0
CUS001460,2026-06,7.0,203,81,1.1
CUS001460,2026-07,6.0,175,70,1.0
CUS001461,2026-05,242.7,1774,213,101.7
CUS001461,2026-06,183.4,1340,161,76.8
CUS001461,2026-07,217.7,1591,191,91.2
CUS001462,2026-05,17.4,103,89,2.0
CUS001462,2026-06,25.1,149,128,2.9
CUS001462,2026-07,25.7,152,131,2.9
CUS001463,2026-05,10.6,1293,205,0.7
CUS001463,2026-06,16.4,2013,319,1.1
CUS001463,2026-07,14.4,1769,280,1.0
CUS001464,2026-05,40.7,1058,134,8.8
CUS001464,2026-06,41.5,1080,137,9.0
CUS001464,2026-07,42.3,1099,139,9.2
CUS001465,2026-05,0.8,47,18,0.3
CUS001465,2026-06,0.9,50,18,0.4
CUS001465,2026-07,0.7,40,15,0.3
CUS001466,2026-05,31.1,118,25,7.4
CUS001466,2026-06,25.1,95,20,6.0
CUS001466,2026-07,30.9,117,25,7.4
CUS001467,2026-05,50.2,883,223,61.1
CUS001467,2026-06,62.1,1092,277,75.6
CUS001467,2026-07,47.5,836,212,57.9
CUS001468,2026-05,7.7,225,10,0.2
CUS001468,2026-06,6.9,203,9,0.2
CUS001468,2026-07,6.3,185,8,0.2
CUS001469,2026-05,194.7,1118,584,103.4
CUS001469,2026-06,201.2,1155,604,106.9
CUS001469,2026-07,129.4,743,388,68.7
CUS001470,2026-05,180.6,846,193,48.1
CUS001470,2026-06,186.8,875,199,49.8
CUS001470,2026-07,153.6,720,164,40.9
CUS001471,2026-05,23.7,1167,242,6.6
CUS001471,2026-06,22.5,1108,230,6.3
CUS001471,2026-07,18.1,890,185,5.1
CUS001472,2026-05,42.5,297,25,15.9
CUS001472,2026-06,14.6,184,16,5.5
CUS001472,2026-07,21.2,268,23,8.0
CUS001473,2026-05,11.8,306,103,0.2
CUS001473,2026-06,19.5,281,95,0.3
CUS001473,2026-07,17.7,458,155,0.2
CUS001474,2026-05,16.8,79,60,1.0
CUS001474,2026-06,20.5,97,74,1.2
CUS001474,2026-07,19.1,90,68,1.1
CUS001475,2026-05,33.8,529,192,4.1
CUS001475,2026-06,46.4,727,264,5.6
CUS001475,2026-07,48.3,756,275,5.9
CUS001476,2026-05,96.0,1012,566,64.1
CUS001476,2026-06,74.2,782,437,49.6
CUS001476,2026-07,68.8,725,405,45.9
CUS001477,2026-05,3.7,151,49,1.7
CUS001477,2026-06,2.6,105,34,1.2
CUS001477,2026-07,3.2,127,41,1.4
CUS001478,2026-05,7.4,121,50,6.4
CUS001478,2026-06,9.1,148,61,7.8
CUS001478,2026-07,9.2,150,62,7.9
CUS001479,2026-05,15.5,156,44,1.2
CUS001479,2026-06,19.9,200,56,1.6
CUS001479,2026-07,22.3,223,63,1.8
CUS001480,2026-05,81.2,147,108,22.9
CUS001480,2026-06,73.6,133,98,20.8
CUS001480,2026-07,76.2,138,101,21.5
CUS001481,2026-05,86.1,1521,288,20.5
CUS001481,2026-06,109.2,1928,365,26.0
CUS001481,2026-07,85.8,1515,287,20.4
CUS001482,2026-05,19.8,216,80,4.7
CUS001482,2026-06,21.6,235,87,5.1
CUS001482,2026-07,22.5,245,90,5.4
CUS001483,2026-05,172.4,940,282,85.8
CUS001483,2026-06,180.5,984,295,89.8
CUS001483,2026-07,224.3,1223,366,111.6
CUS001484,2026-05,6.2,1094,213,0.7
CUS001484,2026-06,6.1,1084,211,0.7
CUS001484,2026-07,5.2,928,181,0.6
CUS001485,2026-05,6.2,146,66,1.5
CUS001485,2026-06,5.9,140,63,1.4
CUS001485,2026-07,5.5,130,59,1.3
CUS001486,2026-05,150.3,1918,502,89.0
CUS001486,2026-06,145.3,1855,485,86.1
CUS001486,2026-07,159.3,2034,532,94.4
CUS001487,2026-05,56.1,1776,356,35.3
CUS001487,2026-06,61.1,1935,388,38.4
CUS001487,2026-07,62.4,1977,396,39.3
CUS001488,2026-05,15.6,397,41,3.6
CUS001488,2026-06,16.3,413,43,3.8
CUS001488,2026-07,10.3,261,27,2.4
CUS001489,2026-05,24.2,363,144,2.1
CUS001489,2026-06,29.1,436,172,2.6
CUS001489,2026-07,22.0,330,130,1.9
CUS001490,2026-05,117.4,1861,228,65.6
CUS001490,2026-06,111.5,1767,217,62.3
CUS001490,2026-07,112.1,1777,218,62.6
CUS001491,2026-05,126.4,116,24,13.5
CUS001491,2026-06,109.5,100,21,11.7
CUS001491,2026-07,123.1,113,24,13.1
CUS001492,2026-05,171.2,1423,294,18.3
CUS001492,2026-06,194.8,1620,334,20.8
CUS001492,2026-07,237.3,1973,407,25.3
CUS001493,2026-05,16.1,607,207,8.1
CUS001493,2026-06,20.1,760,259,10.2
CUS001493,2026-07,18.7,706,241,9.4
CUS001494,2026-05,18.8,258,105,1.6
CUS001494,2026-06,17.8,244,100,1.6
CUS001494,2026-07,25.5,350,143,2.2
CUS001495,2026-05,5.8,1397,131,0.2
CUS001495,2026-06,4.5,1065,100,0.1
CUS001495,2026-07,6.4,1540,145,0.2
CUS001496,2026-05,152.9,368,106,27.8
CUS001496,2026-06,121.8,293,85,22.1
CUS001496,2026-07,100.9,243,70,18.3
CUS001497,2026-05,4.3,41,46,1.7
CUS001497,2026-06,4.1,39,44,1.6
CUS001497,2026-07,4.6,45,50,1.9
CUS001498,2026-05,10.8,262,116,5.1
CUS001498,2026-06,9.4,227,100,4.4
CUS001498,2026-07,12.0,290,128,5.6
CUS001499,2026-05,4.7,950,206,1.1
CUS001499,2026-06,4.3,857,186,1.0
CUS001499,2026-07,5.3,1070,232,1.3
CUS001500,2026-05,1.7,2176,189,0.1
CUS001500,2026-06,1.4,1812,157,0.0
CUS001500,2026-07,1.6,2018,175,0.1
CUS001501,2026-05,175.1,941,276,69.1
CUS001501,2026-06,223.6,1202,352,88.3
CUS001501,2026-07,192.2,1033,302,75.9
CUS001502,2026-05,157.1,542,215,29.8
CUS001502,2026-06,200.4,692,274,38.0
CUS001502,2026-07,141.5,488,194,26.8
CUS001503,2026-05,18.3,1121,276,2.9
CUS001503,2026-06,20.0,1221,300,3.1
CUS001503,2026-07,17.4,1067,262,2.7
CUS001504,2026-05,5.1,1066,45,1.2
CUS001504,2026-06,5.5,1141,48,1.3
CUS001504,2026-07,7.1,1473,63,1.6
CUS001505,2026-05,43.4,1179,325,4.1
CUS001505,2026-06,34.0,921,254,3.2
CUS001505,2026-07,37.2,1009,278,3.5
CUS001506,2026-05,46.9,1105,68,11.8
CUS001506,2026-06,45.0,1061,65,11.3
CUS001506,2026-07,39.9,939,57,10.0
CUS001507,2026-05,6.5,1519,93,1.7
CUS001507,2026-06,6.4,1501,92,1.7
CUS001507,2026-07,6.5,1502,92,1.7
CUS001508,2026-05,0.8,140,24,1.5
CUS001508,2026-06,0.8,139,24,1.5
CUS001508,2026-07,0.6,110,19,1.1
CUS001509,2026-05,18.7,181,86,2.4
CUS001509,2026-06,20.9,203,96,2.7
CUS001509,2026-07,22.6,219,104,2.9
CUS001510,2026-05,15.9,313,140,8.3
CUS001510,2026-06,14.1,277,124,7.4
CUS001510,2026-07,13.0,256,115,6.8
CUS001511,2026-05,55.3,1034,140,55.1
CUS001511,2026-06,83.5,1562,212,83.2
CUS001511,2026-07,61.2,1145,155,61.0
CUS001512,2026-05,94.5,917,205,63.2
CUS001512,2026-06,72.3,702,157,48.4
CUS001512,2026-07,74.0,718,161,49.5
CUS001513,2026-05,29.8,196,45,0.0
CUS001513,2026-06,24.6,162,38,0.0
CUS001513,2026-07,20.1,132,31,0.0
CUS001514,2026-05,157.7,610,232,82.0
CUS001514,2026-06,181.3,701,266,94.2
CUS001514,2026-07,182.4,705,268,94.8
CUS001515,2026-05,104.9,1010,200,51.7
CUS001515,2026-06,108.4,1045,206,53.5
CUS001515,2026-07,118.1,1138,225,58.2
CUS001516,2026-05,119.9,1540,365,111.4
CUS001516,2026-06,85.8,1101,261,79.7
CUS001516,2026-07,121.3,1558,369,112.7
CUS001517,2026-05,137.2,1954,528,41.7
CUS001517,2026-06,141.4,2015,544,43.0
CUS001517,2026-07,124.6,1775,480,37.9
CUS001518,2026-05,18.1,1491,32,4.7
CUS001518,2026-06,41.3,1891,40,10.8
CUS001518,2026-07,23.3,1917,41,6.1
CUS001519,2026-05,197.5,1694,374,103.0
CUS001519,2026-06,217.1,1863,411,113.2
CUS001519,2026-07,207.5,1781,393,108.2
CUS001520,2026-05,25.5,267,86,5.3
CUS001520,2026-06,21.0,220,71,4.4
CUS001520,2026-07,21.8,228,73,4.5
CUS001521,2026-05,110.4,130,53,10.2
CUS001521,2026-06,96.2,114,46,8.9
CUS001521,2026-07,107.5,127,52,9.9
CUS001522,2026-05,59.1,108,5,7.3
CUS001522,2026-06,47.4,156,8,5.8
CUS001522,2026-07,41.6,137,7,5.1
CUS001523,2026-05,18.9,1910,182,3.8
CUS001523,2026-06,17.9,1810,173,3.6
CUS001523,2026-07,21.1,2138,204,4.3
CUS001524,2026-05,4.8,1278,300,2.2
CUS001524,2026-06,4.2,1122,264,1.9
CUS001524,2026-07,4.5,1190,280,2.0
CUS001525,2026-05,120.3,750,240,46.1
CUS001525,2026-06,135.2,843,270,51.8
CUS001525,2026-07,87.6,546,175,33.6
CUS001526,2026-05,129.6,1184,300,31.9
CUS001526,2026-06,108.9,996,252,26.8
CUS001526,2026-07,129.2,1181,299,31.8
CUS001527,2026-05,84.3,196,111,6.9
CUS001527,2026-06,57.0,132,75,4.6
CUS001527,2026-07,65.7,153,87,5.3
CUS001528,2026-05,111.8,1400,301,66.4
CUS001528,2026-06,117.5,1471,316,69.8
CUS001528,2026-07,145.5,1822,391,86.4
CUS001529,2026-05,56.2,347,99,30.0
CUS001529,2026-06,113.8,391,111,60.7
CUS001529,2026-07,49.1,303,86,26.2
CUS001530,2026-05,108.8,694,71,69.2
CUS001530,2026-06,112.3,717,74,71.5
CUS001530,2026-07,144.7,924,95,92.1
CUS001531,2026-05,8.0,233,89,2.7
CUS001531,2026-06,8.9,261,100,3.0
CUS001531,2026-07,11.4,334,128,3.8
CUS001532,2026-05,58.1,158,75,13.1
CUS001532,2026-06,44.0,120,57,9.9
CUS001532,2026-07,48.1,131,62,10.8
CUS001533,2026-05,22.0,1808,146,17.9
CUS001533,2026-06,12.0,1778,143,9.8
CUS001533,2026-07,11.8,1746,141,9.6
CUS001534,2026-05,18.8,1236,147,2.6
CUS001534,2026-06,17.0,1113,133,2.4
CUS001534,2026-07,21.2,1392,166,3.0
CUS001535,2026-05,20.3,200,57,4.0
CUS001535,2026-06,23.8,235,67,4.7
CUS001535,2026-07,25.6,253,72,5.1
CUS001536,2026-05,4.8,1047,100,1.2
CUS001536,2026-06,4.5,989,95,1.2
CUS001536,2026-07,3.8,826,79,1.0
CUS001537,2026-05,29.8,294,30,6.6
CUS001537,2026-06,25.8,255,26,5.8
CUS001537,2026-07,34.5,339,35,7.7
CUS001538,2026-05,1.6,850,189,1.8
CUS001538,2026-06,1.9,1033,230,2.2
CUS001538,2026-07,2.5,1326,295,2.8
CUS001539,2026-05,109.3,269,10,26.1
CUS001539,2026-06,139.7,343,13,33.4
CUS001539,2026-07,113.8,279,10,27.2
CUS001540,2026-05,156.2,1416,466,34.6
CUS001540,2026-06,171.7,1557,512,38.1
CUS001540,2026-07,319.4,1610,530,70.9
CUS001541,2026-05,2.9,129,29,0.5
CUS001541,2026-06,3.1,137,30,0.6
CUS001541,2026-07,5.6,139,31,1.0
CUS001542,2026-05,149.6,123,92,29.5
CUS001542,2026-06,122.3,101,75,24.1
CUS001542,2026-07,102.1,84,63,20.1
CUS001543,2026-05,22.7,271,72,6.9
CUS001543,2026-06,18.3,219,58,5.6
CUS001543,2026-07,28.1,335,89,8.5
CUS001544,2026-05,11.9,1751,286,1.8
CUS001544,2026-06,10.8,1589,260,1.7
CUS001544,2026-07,10.1,1487,243,1.6
CUS001545,2026-05,178.1,175,9,33.3
CUS001545,2026-06,95.2,169,9,17.8
CUS001545,2026-07,105.8,187,10,19.8
CUS001546,2026-05,41.6,693,141,8.5
CUS001546,2026-06,45.9,764,156,9.4
CUS001546,2026-07,40.9,680,139,8.3
CUS001547,2026-05,26.2,244,56,4.0
CUS001547,2026-06,27.7,257,59,4.2
CUS001547,2026-07,25.9,241,56,3.9
CUS001548,2026-05,188.9,84,31,29.8
CUS001548,2026-06,95.8,77,28,15.1
CUS001548,2026-07,130.5,105,39,20.6
CUS001549,2026-05,74.6,1268,139,31.4
CUS001549,2026-06,82.0,1393,152,34.5
CUS001549,2026-07,67.8,1152,126,28.6
CUS001550,2026-05,24.5,275,21,7.1
CUS001550,2026-06,23.3,261,20,6.7
CUS001550,2026-07,20.9,234,18,6.0
CUS001551,2026-05,42.4,1223,216,65.2
CUS001551,2026-06,65.3,1884,333,100.5
CUS001551,2026-07,64.9,1871,331,99.8
CUS001552,2026-05,44.6,223,48,17.3
CUS001552,2026-06,38.5,193,42,14.9
CUS001552,2026-07,43.5,218,47,16.9
CUS001553,2026-05,141.4,617,262,62.8
CUS001553,2026-06,141.3,617,262,62.8
CUS001553,2026-07,233.1,1017,432,103.5
CUS001554,2026-05,130.7,603,43,85.9
CUS001554,2026-06,120.8,557,40,79.4
CUS001554,2026-07,142.2,656,47,93.4
CUS001555,2026-05,33.2,250,23,7.6
CUS001555,2026-06,40.1,302,28,9.2
CUS001555,2026-07,47.0,354,32,10.8
CUS001556,2026-05,5.7,1556,91,1.2
CUS001556,2026-06,4.6,1266,74,1.0
CUS001556,2026-07,6.3,1733,101,1.4
CUS001557,2026-05,9.6,488,73,4.9
CUS001557,2026-06,12.5,638,96,6.5
CUS001557,2026-07,21.1,598,90,10.9
CUS001558,2026-05,13.7,1384,189,1.1
CUS001558,2026-06,18.3,1847,253,1.5
CUS001558,2026-07,16.7,1683,230,1.4
CUS001559,2026-05,22.5,2178,171,4.3
CUS001559,2026-06,20.6,1995,156,3.9
CUS001559,2026-07,21.1,2046,161,4.0
CUS001560,2026-05,31.0,578,98,3.3
CUS001560,2026-06,31.6,588,100,3.4
CUS001560,2026-07,37.9,706,120,4.1
CUS001561,2026-05,57.8,252,39,25.8
CUS001561,2026-06,68.7,300,46,30.7
CUS001561,2026-07,46.9,204,31,20.9
CUS001562,2026-05,20.9,283,45,0.4
CUS001562,2026-06,22.4,303,48,0.4
CUS001562,2026-07,17.8,241,38,0.3
CUS001563,2026-05,16.4,2094,65,10.6
CUS001563,2026-06,14.2,1809,56,9.2
CUS001563,2026-07,18.2,2329,72,11.8
CUS001564,2026-05,21.2,240,83,3.0
CUS001564,2026-06,28.0,316,109,3.9
CUS001564,2026-07,47.1,296,102,6.6
CUS001565,2026-05,20.0,256,78,0.5
CUS001565,2026-06,31.1,398,121,0.7
CUS001565,2026-07,20.4,261,80,0.5
CUS001566,2026-05,8.3,52,74,1.2
CUS001566,2026-06,8.8,56,79,1.3
CUS001566,2026-07,8.6,55,78,1.3
CUS001567,2026-05,3.4,1934,207,0.6
CUS001567,2026-06,4.0,2266,243,0.7
CUS001567,2026-07,3.8,2185,234,0.7
CUS001568,2026-05,60.5,212,4,11.0
CUS001568,2026-06,67.9,238,5,12.3
CUS001568,2026-07,55.0,193,4,10.0
CUS001569,2026-05,42.4,570,62,46.9
CUS001569,2026-06,63.4,852,92,70.1
CUS001569,2026-07,58.0,779,84,64.2
CUS001570,2026-05,10.6,169,34,5.7
CUS001570,2026-06,9.1,145,29,4.9
CUS001570,2026-07,9.8,156,31,5.3
CUS001571,2026-05,23.5,517,142,5.0
CUS001571,2026-06,28.3,623,171,6.0
CUS001571,2026-07,28.4,624,172,6.0
CUS001572,2026-05,28.0,255,71,1.0
CUS001572,2026-06,29.2,267,74,1.1
CUS001572,2026-07,28.4,259,72,1.1
CUS001573,2026-05,30.2,402,59,1.6
CUS001573,2026-06,33.7,449,66,1.8
CUS001573,2026-07,27.2,363,53,1.5
CUS001574,2026-05,32.9,579,160,4.2
CUS001574,2026-06,32.1,566,157,4.1
CUS001574,2026-07,54.6,534,148,7.0
CUS001575,2026-05,35.1,474,164,9.6
CUS001575,2026-06,24.5,331,114,6.7
CUS001575,2026-07,25.4,342,118,6.9
CUS001576,2026-05,32.0,1088,200,5.0
CUS001576,2026-06,40.3,1370,251,6.3
CUS001576,2026-07,36.4,1239,227,5.7
CUS001577,2026-05,20.3,1396,140,4.7
CUS001577,2026-06,25.5,1746,176,5.8
CUS001577,2026-07,20.6,1415,142,4.7
CUS001578,2026-05,39.5,1800,275,7.8
CUS001578,2026-06,39.9,1817,278,7.8
CUS001578,2026-07,33.1,1507,230,6.5
CUS001579,2026-05,2.4,451,189,0.3
CUS001579,2026-06,2.3,432,181,0.3
CUS001579,2026-07,3.0,561,235,0.4
CUS001580,2026-05,149.0,851,380,17.1
CUS001580,2026-06,164.3,939,419,18.9
CUS001580,2026-07,137.9,788,352,15.9
CUS001581,2026-05,0.8,165,59,0.5
CUS001581,2026-06,0.7,139,50,0.4
CUS001581,2026-07,0.7,144,52,0.4
CUS001582,2026-05,16.9,1568,147,1.2
CUS001582,2026-06,17.9,1661,155,1.3
CUS001582,2026-07,19.6,1827,171,1.4
CUS001583,2026-05,158.8,140,39,6.1
CUS001583,2026-06,179.9,158,45,6.9
CUS001583,2026-07,163.6,144,41,6.3
CUS001584,2026-05,11.7,406,141,1.7
CUS001584,2026-06,12.1,419,145,1.7
CUS001584,2026-07,10.4,360,125,1.5
CUS001585,2026-05,74.3,1576,236,90.4
CUS001585,2026-06,89.5,1899,284,108.9
CUS001585,2026-07,83.0,1760,264,100.9
CUS001586,2026-05,92.9,276,79,20.6
CUS001586,2026-06,89.6,266,76,19.9
CUS001586,2026-07,100.7,299,86,22.3
CUS001587,2026-05,155.5,1308,41,35.0
CUS001587,2026-06,169.7,1427,44,38.2
CUS001587,2026-07,182.1,1532,48,41.0
CUS001588,2026-05,100.7,255,61,15.0
CUS001588,2026-06,103.5,262,63,15.4
CUS001588,2026-07,127.8,324,77,19.0
CUS001589,2026-05,166.3,804,341,118.9
CUS001589,2026-06,167.4,809,344,119.7
CUS001589,2026-07,138.7,670,285,99.2
CUS001590,2026-05,24.4,626,42,4.7
CUS001590,2026-06,16.5,424,28,3.2
CUS001590,2026-07,19.9,510,34,3.9
CUS001591,2026-05,20.5,877,144,7.6
CUS001591,2026-06,27.1,1159,190,10.0
CUS001591,2026-07,19.2,820,135,7.1
CUS001592,2026-05,37.5,1876,54,5.4
CUS001592,2026-06,37.8,1890,54,5.5
CUS001592,2026-07,47.2,2359,68,6.8
CUS001593,2026-05,3.4,1429,68,1.0
CUS001593,2026-06,3.2,1362,64,1.0
CUS001593,2026-07,2.5,1041,49,0.7
CUS001594,2026-05,183.1,977,290,39.9
CUS001594,2026-06,163.4,872,259,35.6
CUS001594,2026-07,178.1,950,282,38.8
CUS001595,2026-05,93.6,1305,241,76.2
CUS001595,2026-06,89.8,1251,231,73.0
CUS001595,2026-07,202.2,1566,289,164.5
CUS001596,2026-05,77.6,508,158,58.9
CUS001596,2026-06,98.5,645,201,74.8
CUS001596,2026-07,68.0,445,138,51.6
CUS001597,2026-05,21.4,195,136,1.7
CUS001597,2026-06,19.9,181,126,1.5
CUS001597,2026-07,19.6,179,125,1.5
CUS001598,2026-05,2.6,27,60,1.3
CUS001598,2026-06,2.9,30,67,1.4
CUS001598,2026-07,3.6,38,83,1.8
CUS001599,2026-05,114.1,1347,30,85.4
CUS001599,2026-06,153.5,1813,40,114.9
CUS001599,2026-07,140.1,1654,37,104.8
CUS001600,2026-05,111.8,1583,52,23.0
CUS001600,2026-06,139.9,1982,65,28.8
CUS001600,2026-07,128.7,1823,60,26.5
CUS001601,2026-05,129.1,1897,203,30.4
CUS001601,2026-06,112.4,1652,177,26.5
CUS001601,2026-07,141.1,2073,222,33.2
CUS001602,2026-05,37.3,1762,249,6.1
CUS001602,2026-06,33.4,1579,224,5.4
CUS001602,2026-07,30.3,1430,202,4.9
CUS001603,2026-05,158.3,973,370,90.8
CUS001603,2026-06,143.6,882,335,82.4
CUS001603,2026-07,169.8,1044,397,97.4
CUS001604,2026-05,17.1,148,59,3.3
CUS001604,2026-06,19.2,166,67,3.7
CUS001604,2026-07,25.8,223,90,4.9
CUS001605,2026-05,2.5,31,35,1.3
CUS001605,2026-06,2.7,34,38,1.4
CUS001605,2026-07,2.9,36,41,1.5
CUS001606,2026-05,219.1,1744,424,33.3
CUS001606,2026-06,152.3,1212,295,23.2
CUS001606,2026-07,166.0,1321,321,25.2
CUS001607,2026-05,135.2,378,13,31.6
CUS001607,2026-06,136.9,383,13,32.0
CUS001607,2026-07,130.4,365,12,30.4
CUS001608,2026-05,22.7,312,112,3.3
CUS001608,2026-06,24.3,333,120,3.5
CUS001608,2026-07,30.5,418,150,4.4
CUS001609,2026-05,41.8,258,21,5.6
CUS001609,2026-06,45.0,277,22,6.0
CUS001609,2026-07,56.4,347,28,7.5
CUS001610,2026-05,76.4,1392,180,63.1
CUS001610,2026-06,72.7,1324,171,60.0
CUS001610,2026-07,109.3,1993,258,90.3
CUS001611,2026-05,36.4,132,91,4.1
CUS001611,2026-06,26.4,172,119,3.0
CUS001611,2026-07,22.1,144,99,2.5
CUS001612,2026-05,5.4,62,14,0.6
CUS001612,2026-06,5.2,60,14,0.5
CUS001612,2026-07,3.8,44,10,0.4
CUS001613,2026-05,44.7,110,80,16.7
CUS001613,2026-06,50.0,123,90,18.7
CUS001613,2026-07,50.1,123,90,18.7
CUS001614,2026-05,5.9,1068,84,1.1
CUS001614,2026-06,7.4,1341,105,1.4
CUS001614,2026-07,8.1,1473,116,1.6
CUS001615,2026-05,33.5,1531,78,9.3
CUS001615,2026-06,23.0,1050,53,6.4
CUS001615,2026-07,32.7,1493,76,9.1
CUS001616,2026-05,20.9,1418,90,2.5
CUS001616,2026-06,26.0,1760,111,3.1
CUS001616,2026-07,18.6,1260,80,2.2
CUS001617,2026-05,211.4,1385,108,45.5
CUS001617,2026-06,139.9,917,72,30.1
CUS001617,2026-07,173.5,1137,89,37.4
CUS001618,2026-05,15.2,229,81,5.4
CUS001618,2026-06,15.9,240,85,5.6
CUS001618,2026-07,23.0,347,123,8.1
CUS001619,2026-05,76.0,88,60,14.9
CUS001619,2026-06,114.3,132,91,22.5
CUS001619,2026-07,111.0,128,88,21.8
CUS001620,2026-05,80.8,813,143,66.7
CUS001620,2026-06,83.8,843,148,69.1
CUS001620,2026-07,110.8,1114,195,91.3
CUS001621,2026-05,6.4,1328,195,2.7
CUS001621,2026-06,5.1,1059,156,2.1
CUS001621,2026-07,5.0,1045,154,2.1
CUS001622,2026-05,65.1,242,57,12.0
CUS001622,2026-06,83.7,311,74,15.5
CUS001622,2026-07,66.9,249,59,12.3
CUS001623,2026-05,112.4,661,146,39.1
CUS001623,2026-06,104.4,614,136,36.3
CUS001623,2026-07,96.6,568,126,33.6
CUS001624,2026-05,153.2,350,69,23.8
CUS001624,2026-06,118.9,272,54,18.5
CUS001624,2026-07,138.1,316,62,21.5
CUS001625,2026-05,14.6,1723,208,9.8
CUS001625,2026-06,16.2,1906,230,10.9
CUS001625,2026-07,17.2,2029,244,11.6
CUS001626,2026-05,37.6,849,312,10.4
CUS001626,2026-06,41.5,936,344,11.4
CUS001626,2026-07,28.1,633,233,7.7
CUS001627,2026-05,17.3,626,163,9.5
CUS001627,2026-06,20.3,731,191,11.1
CUS001627,2026-07,18.1,654,171,9.9
CUS001628,2026-05,88.6,234,53,20.6
CUS001628,2026-06,86.5,229,51,20.1
CUS001628,2026-07,93.0,246,55,21.7
CUS001629,2026-05,43.0,194,110,7.6
CUS001629,2026-06,23.0,187,106,4.1
CUS001629,2026-07,24.2,197,112,4.3
CUS001630,2026-05,37.4,1720,209,5.9
CUS001630,2026-06,38.2,1753,213,6.0
CUS001630,2026-07,35.5,1632,198,5.6
CUS001631,2026-05,85.2,1710,379,27.3
CUS001631,2026-06,104.0,2086,463,33.4
CUS001631,2026-07,94.3,1893,420,30.3
CUS001632,2026-05,79.3,745,216,64.5
CUS001632,2026-06,95.4,897,260,77.7
CUS001632,2026-07,112.5,1057,306,91.6
CUS001633,2026-05,14.6,318,77,2.1
CUS001633,2026-06,11.0,239,58,1.6
CUS001633,2026-07,11.0,239,58,1.6
CUS001634,2026-05,69.3,1550,46,64.8
CUS001634,2026-06,77.4,1733,52,72.5
CUS001634,2026-07,50.7,1133,34,47.4
CUS001635,2026-05,169.6,1776,115,95.5
CUS001635,2026-06,180.9,1895,122,101.9
CUS001635,2026-07,149.0,1561,101,83.9
CUS001636,2026-05,7.5,205,101,6.5
CUS001636,2026-06,7.0,190,93,6.0
CUS001636,2026-07,10.4,283,139,8.9
CUS001637,2026-05,13.0,372,36,0.1
CUS001637,2026-06,12.1,345,33,0.1
CUS001637,2026-07,15.7,449,43,0.2
CUS001638,2026-05,150.6,773,370,58.4
CUS001638,2026-06,163.8,841,403,63.5
CUS001638,2026-07,136.8,703,336,53.1
CUS001639,2026-05,3.8,1005,121,1.2
CUS001639,2026-06,9.6,1431,173,3.0
CUS001639,2026-07,5.2,1397,168,1.6
CUS001640,2026-05,1.8,2423,300,0.0
CUS001640,2026-06,1.5,2096,260,0.0
CUS001640,2026-07,1.6,2253,279,0.0
CUS001641,2026-05,4.3,1460,244,1.8
CUS001641,2026-06,4.7,1588,266,2.0
CUS001641,2026-07,4.7,1587,266,2.0
CUS001642,2026-05,66.3,223,11,25.3
CUS001642,2026-06,57.8,194,9,22.1
CUS001642,2026-07,51.8,175,8,19.8
CUS001643,2026-05,28.8,194,27,0.8
CUS001643,2026-06,20.8,140,20,0.6
CUS001643,2026-07,27.2,183,26,0.8
CUS001644,2026-05,9.4,220,108,7.0
CUS001644,2026-06,8.7,202,100,6.5
CUS001644,2026-07,6.9,161,79,5.2
CUS001645,2026-05,11.3,304,74,2.2
CUS001645,2026-06,15.8,424,103,3.1
CUS001645,2026-07,13.4,360,88,2.6
CUS001646,2026-05,25.4,210,110,0.9
CUS001646,2026-06,24.2,200,105,0.9
CUS001646,2026-07,35.4,293,154,1.3
CUS001647,2026-05,27.5,820,137,4.3
CUS001647,2026-06,31.7,945,157,4.9
CUS001647,2026-07,27.2,811,135,4.2
CUS001648,2026-05,7.4,877,180,2.2
CUS001648,2026-06,8.5,1015,208,2.5
CUS001648,2026-07,10.1,1200,246,3.0
CUS001649,2026-05,15.3,99,16,4.5
CUS001649,2026-06,21.8,141,23,6.4
CUS001649,2026-07,17.5,113,18,5.2
CUS001650,2026-05,8.5,178,100,4.7
CUS001650,2026-06,9.1,192,108,5.0
CUS001650,2026-07,8.9,188,106,4.9
CUS001651,2026-05,88.4,1006,199,23.0
CUS001651,2026-06,114.0,1298,256,29.6
CUS001651,2026-07,104.3,1187,235,27.1
CUS001652,2026-05,123.0,515,157,28.1
CUS001652,2026-06,227.3,529,161,51.9
CUS001652,2026-07,140.7,589,179,32.1
CUS001653,2026-05,93.8,1878,494,53.7
CUS001653,2026-06,93.7,1876,494,53.7
CUS001653,2026-07,92.3,1848,486,52.9
CUS001654,2026-05,10.0,165,35,3.3
CUS001654,2026-06,7.3,119,26,2.4
CUS001654,2026-07,9.6,157,34,3.2
CUS001655,2026-05,15.8,134,123,2.1
CUS001655,2026-06,10.4,88,81,1.4
CUS001655,2026-07,11.0,93,86,1.5
CUS001656,2026-05,84.9,1944,69,83.4
CUS001656,2026-06,68.4,1566,56,67.2
CUS001656,2026-07,94.1,2153,77,92.4
CUS001657,2026-05,6.4,39,27,1.1
CUS001657,2026-06,5.2,32,21,0.9
CUS001657,2026-07,6.7,41,28,1.1
CUS001658,2026-05,75.5,1707,435,67.0
CUS001658,2026-06,87.0,1965,500,77.1
CUS001658,2026-07,59.7,1349,344,53.0
CUS001659,2026-05,16.5,318,156,9.0
CUS001659,2026-06,16.1,310,152,8.8
CUS001659,2026-07,16.0,307,151,8.7
CUS001660,2026-05,60.6,225,59,28.6
CUS001660,2026-06,64.2,238,63,30.3
CUS001660,2026-07,53.7,199,53,25.4
CUS001661,2026-05,9.4,1554,231,1.7
CUS001661,2026-06,9.1,1510,224,1.6
CUS001661,2026-07,7.4,1227,182,1.3
CUS001662,2026-05,104.2,345,105,33.4
CUS001662,2026-06,74.4,246,75,23.9
CUS001662,2026-07,105.1,348,106,33.7
CUS001663,2026-05,83.0,1463,29,77.1
CUS001663,2026-06,107.2,1888,37,99.5
CUS001663,2026-07,111.8,1969,39,103.8
CUS001664,2026-05,41.5,1928,223,1.0
CUS001664,2026-06,38.0,1769,204,0.9
CUS001664,2026-07,25.6,1192,138,0.6
CUS001665,2026-05,103.5,110,81,5.5
CUS001665,2026-06,138.7,147,109,7.4
CUS001665,2026-07,238.4,141,104,12.8
CUS001666,2026-05,36.1,1169,303,5.1
CUS001666,2026-06,32.3,1046,271,4.5
CUS001666,2026-07,33.3,1079,280,4.7
CUS001667,2026-05,18.5,352,17,4.4
CUS001667,2026-06,14.5,277,13,3.5
CUS001667,2026-07,14.3,272,13,3.4
CUS001668,2026-05,94.1,1173,124,71.8
CUS001668,2026-06,100.8,1256,132,76.9
CUS001668,2026-07,91.9,1146,121,70.1
CUS001669,2026-05,6.2,1262,199,1.3
CUS001669,2026-06,7.1,1437,227,1.5
CUS001669,2026-07,8.7,1761,278,1.9
CUS001670,2026-05,10.4,629,160,4.4
CUS001670,2026-06,16.2,979,249,6.8
CUS001670,2026-07,15.2,916,233,6.4
CUS001671,2026-05,27.6,887,94,0.1
CUS001671,2026-06,28.7,922,98,0.1
CUS001671,2026-07,29.5,949,100,0.1
CUS001672,2026-05,206.7,1068,264,91.4
CUS001672,2026-06,183.6,948,234,81.2
CUS001672,2026-07,135.5,700,173,59.9
CUS001673,2026-05,2.3,842,135,1.0
CUS001673,2026-06,2.7,980,158,1.2
CUS001673,2026-07,1.9,683,110,0.8
CUS001674,2026-05,48.5,2149,147,4.8
CUS001674,2026-06,37.7,1670,114,3.8
CUS001674,2026-07,31.1,1376,94,3.1
CUS001675,2026-05,203.9,1523,366,43.2
CUS001675,2026-06,195.2,1459,350,41.3
CUS001675,2026-07,222.1,1659,399,47.0
CUS001676,2026-05,21.8,1180,213,6.6
CUS001676,2026-06,19.3,1042,188,5.8
CUS001676,2026-07,18.9,1023,184,5.7
CUS001677,2026-05,110.1,575,259,43.3
CUS001677,2026-06,129.8,678,306,51.1
CUS001677,2026-07,100.0,522,236,39.4
CUS001678,2026-05,25.1,218,161,5.0
CUS001678,2026-06,25.4,221,163,5.0
CUS001678,2026-07,25.3,220,162,5.0
CUS001679,2026-05,3.3,1040,241,1.8
CUS001679,2026-06,2.4,771,178,1.3
CUS001679,2026-07,2.5,797,184,1.3
CUS001680,2026-05,22.9,1129,197,5.4
CUS001680,2026-06,27.5,1360,237,6.6
CUS001680,2026-07,27.3,1345,235,6.5
CUS001681,2026-05,7.9,1510,266,1.5
CUS001681,2026-06,6.8,1293,228,1.3
CUS001681,2026-07,6.2,1176,207,1.2
CUS001682,2026-05,98.3,882,36,61.1
CUS001682,2026-06,138.1,1238,50,85.9
CUS001682,2026-07,98.9,887,36,61.5
CUS001683,2026-05,83.0,203,45,20.3
CUS001683,2026-06,96.3,235,52,23.5
CUS001683,2026-07,89.3,218,48,21.8
CUS001684,2026-05,2.7,1377,96,1.6
CUS001684,2026-06,2.8,1420,99,1.7
CUS001684,2026-07,2.6,1308,91,1.5
CUS001685,2026-05,31.1,301,123,6.9
CUS001685,2026-06,33.2,321,131,7.4
CUS001685,2026-07,27.3,264,108,6.1
CUS001686,2026-05,21.9,167,15,1.1
CUS001686,2026-06,24.0,182,16,1.2
CUS001686,2026-07,27.2,206,19,1.4
CUS001687,2026-05,7.1,808,200,2.1
CUS001687,2026-06,5.8,655,162,1.7
CUS001687,2026-07,8.3,934,231,2.5
CUS001688,2026-05,212.7,1231,51,72.3
CUS001688,2026-06,219.7,1271,52,74.7
CUS001688,2026-07,226.3,1309,54,76.9
CUS001689,2026-05,122.5,581,37,25.1
CUS001689,2026-06,153.3,726,46,31.4
CUS001689,2026-07,179.2,849,54,36.7
CUS001690,2026-05,2.2,2020,331,1.0
CUS001690,2026-06,1.2,1907,313,0.5
CUS001690,2026-07,0.8,1309,215,0.3
CUS001691,2026-05,4.7,144,22,1.1
CUS001691,2026-06,6.7,203,30,1.6
CUS001691,2026-07,4.8,146,22,1.1
CUS001692,2026-05,152.9,1348,116,66.8
CUS001692,2026-06,282.9,1386,119,123.6
CUS001692,2026-07,210.3,1855,160,91.9
CUS001693,2026-05,147.0,711,199,77.3
CUS001693,2026-06,177.1,857,239,93.2
CUS001693,2026-07,180.0,871,243,94.7
CUS001694,2026-05,3.1,132,67,1.5
CUS001694,2026-06,2.8,120,61,1.4
CUS001694,2026-07,3.2,134,68,1.6
CUS001695,2026-05,69.0,1139,222,49.5
CUS001695,2026-06,63.3,1044,203,45.4
CUS001695,2026-07,68.3,1127,219,49.0
CUS001696,2026-05,4.9,122,52,1.4
CUS001696,2026-06,6.8,170,73,2.0
CUS001696,2026-07,5.3,133,57,1.6
CUS001697,2026-05,186.2,2467,209,51.7
CUS001697,2026-06,144.4,1914,162,40.1
CUS001697,2026-07,171.2,2268,192,47.5
CUS001698,2026-05,1.7,934,57,3.0
CUS001698,2026-06,1.6,834,51,2.6
CUS001698,2026-07,1.7,928,57,2.9
CUS001699,2026-05,68.0,166,6,13.3
CUS001699,2026-06,105.4,258,9,20.7
CUS001699,2026-07,63.9,156,6,12.5
CUS001700,2026-05,11.7,240,67,1.6
CUS001700,2026-06,14.4,294,82,2.0
CUS001700,2026-07,11.2,230,64,1.5
CUS001701,2026-05,0.7,86,50,0.8
CUS001701,2026-06,1.1,138,80,1.3
CUS001701,2026-07,0.8,97,56,0.9
CUS001702,2026-05,138.3,531,77,34.1
CUS001702,2026-06,129.2,496,72,31.9
CUS001702,2026-07,156.7,602,87,38.7
CUS001703,2026-05,8.0,174,53,1.4
CUS001703,2026-06,10.0,218,66,1.8
CUS001703,2026-07,14.8,178,54,2.6
CUS001704,2026-05,4.3,1094,142,0.5
CUS001704,2026-06,5.7,1439,187,0.7
CUS001704,2026-07,3.5,893,116,0.4
CUS001705,2026-05,0.9,173,25,0.4
CUS001705,2026-06,1.0,180,26,0.4
CUS001705,2026-07,0.7,128,19,0.3
CUS001706,2026-05,16.7,216,142,3.8
CUS001706,2026-06,17.1,221,145,3.8
CUS001706,2026-07,11.2,145,95,2.5
CUS001707,2026-05,22.2,339,131,8.1
CUS001707,2026-06,15.7,241,93,5.7
CUS001707,2026-07,20.7,317,122,7.5
CUS001708,2026-05,7.9,1906,231,1.5
CUS001708,2026-06,5.8,1413,171,1.1
CUS001708,2026-07,7.3,1764,214,1.4
CUS001709,2026-05,22.9,946,115,4.4
CUS001709,2026-06,34.0,1405,171,6.5
CUS001709,2026-07,32.1,1326,161,6.1
CUS001710,2026-05,82.0,413,64,25.3
CUS001710,2026-06,125.9,634,98,38.8
CUS001710,2026-07,110.5,556,86,34.1
CUS001711,2026-05,38.0,1475,216,9.7
CUS001711,2026-06,41.5,1613,237,10.6
CUS001711,2026-07,42.2,1637,240,10.7
CUS001712,2026-05,17.3,348,79,2.0
CUS001712,2026-06,15.6,314,71,1.8
CUS001712,2026-07,13.6,273,62,1.6
CUS001713,2026-05,12.6,432,163,8.5
CUS001713,2026-06,10.3,355,133,7.0
CUS001713,2026-07,10.1,348,131,6.9
CUS001714,2026-05,4.4,737,164,1.1
CUS001714,2026-06,4.2,695,154,1.1
CUS001714,2026-07,4.9,816,181,1.2
CUS001715,2026-05,16.1,1941,177,3.5
CUS001715,2026-06,14.1,1698,154,3.1
CUS001715,2026-07,15.6,1883,171,3.4
CUS001716,2026-05,15.8,322,137,2.3
CUS001716,2026-06,13.4,272,116,2.0
CUS001716,2026-07,14.2,289,124,2.1
CUS001717,2026-05,17.9,239,82,2.7
CUS001717,2026-06,15.1,201,69,2.2
CUS001717,2026-07,19.4,259,89,2.9
CUS001718,2026-05,58.4,169,57,16.9
CUS001718,2026-06,60.1,174,58,17.4
CUS001718,2026-07,67.0,194,65,19.5
CUS001719,2026-05,30.9,1864,271,0.1
CUS001719,2026-06,29.1,1753,255,0.1
CUS001719,2026-07,25.3,1527,222,0.1
CUS001720,2026-05,11.1,1943,120,1.1
CUS001720,2026-06,9.1,1600,99,0.9
CUS001720,2026-07,10.9,1912,118,1.1
CUS001721,2026-05,4.9,1218,240,0.2
CUS001721,2026-06,3.9,952,187,0.1
CUS001721,2026-07,3.7,915,180,0.1
CUS001722,2026-05,53.4,126,31,14.5
CUS001722,2026-06,54.6,129,32,14.8
CUS001722,2026-07,40.7,96,24,11.0
CUS001723,2026-05,2.8,1919,209,2.5
CUS001723,2026-06,2.7,1850,201,2.4
CUS001723,2026-07,2.3,1576,172,2.1
CUS001724,2026-05,199.0,1146,286,35.1
CUS001724,2026-06,165.9,956,238,29.3
CUS001724,2026-07,215.2,1240,309,38.0
CUS001725,2026-05,3.3,1805,224,2.8
CUS001725,2026-06,3.2,1731,215,2.7
CUS001725,2026-07,3.9,2108,262,3.2
CUS001726,2026-05,102.6,176,56,12.8
CUS001726,2026-06,142.6,244,77,17.8
CUS001726,2026-07,143.6,246,78,18.0
CUS001727,2026-05,33.6,221,48,2.9
CUS001727,2026-06,24.1,286,62,2.1
CUS001727,2026-07,25.7,305,66,2.2
CUS001728,2026-05,41.4,697,278,6.6
CUS001728,2026-06,46.3,779,311,7.4
CUS001728,2026-07,35.0,588,235,5.6
CUS001729,2026-05,213.5,733,104,47.3
CUS001729,2026-06,156.8,970,138,34.7
CUS001729,2026-07,170.7,1056,150,37.8
CUS001730,2026-05,6.4,76,13,0.8
CUS001730,2026-06,7.1,84,15,0.9
CUS001730,2026-07,7.3,87,15,1.0
CUS001731,2026-05,3.0,865,271,2.9
CUS001731,2026-06,3.2,907,285,3.1
CUS001731,2026-07,2.4,685,215,2.3
CUS001732,2026-05,156.2,127,77,11.9
CUS001732,2026-06,155.4,126,77,11.8
CUS001732,2026-07,133.7,109,66,10.2
CUS001733,2026-05,23.3,305,121,4.4
CUS001733,2026-06,17.8,233,93,3.3
CUS001733,2026-07,23.0,301,119,4.3
CUS001734,2026-05,55.2,262,41,25.5
CUS001734,2026-06,46.9,223,35,21.7
CUS001734,2026-07,120.0,317,50,55.4
CUS001735,2026-05,11.3,257,26,6.7
CUS001735,2026-06,9.0,205,21,5.3
CUS001735,2026-07,10.0,227,23,5.9
CUS001736,2026-05,11.2,282,11,8.5
CUS001736,2026-06,9.4,237,9,7.1
CUS001736,2026-07,9.2,233,9,7.0
CUS001737,2026-05,32.4,399,122,7.3
CUS001737,2026-06,26.0,320,98,5.9
CUS001737,2026-07,31.5,388,119,7.1
CUS001738,2026-05,34.0,985,195,10.2
CUS001738,2026-06,53.1,855,169,16.0
CUS001738,2026-07,29.2,844,167,8.8
CUS001739,2026-05,5.3,160,39,1.6
CUS001739,2026-06,4.9,147,36,1.5
CUS001739,2026-07,5.9,180,44,1.8
CUS001740,2026-05,30.7,852,161,7.3
CUS001740,2026-06,30.3,843,159,7.2
CUS001740,2026-07,35.8,996,188,8.5
CUS001741,2026-05,24.1,378,145,7.0
CUS001741,2026-06,40.1,350,135,11.6
CUS001741,2026-07,18.9,297,114,5.5
CUS001742,2026-05,25.0,201,112,8.0
CUS001742,2026-06,23.1,186,104,7.4
CUS001742,2026-07,23.5,189,105,7.5
CUS001743,2026-05,1.8,1736,36,2.3
CUS001743,2026-06,4.0,2140,44,5.1
CUS001743,2026-07,2.4,2295,47,3.0
CUS001744,2026-05,136.7,324,39,35.5
CUS001744,2026-06,129.1,306,37,33.5
CUS001744,2026-07,105.8,251,30,27.4
CUS001745,2026-05,19.2,375,175,6.6
CUS001745,2026-06,14.2,278,130,4.9
CUS001745,2026-07,15.8,310,144,5.5
CUS001746,2026-05,108.3,117,82,11.7
CUS001746,2026-06,125.0,135,94,13.5
CUS001746,2026-07,107.6,116,81,11.6
CUS001747,2026-05,32.4,905,291,4.7
CUS001747,2026-06,27.3,764,246,4.0
CUS001747,2026-07,24.5,685,220,3.6
CUS001748,2026-05,2.4,123,26,0.7
CUS001748,2026-06,2.4,124,26,0.7
CUS001748,2026-07,2.5,128,27,0.7
CUS001749,2026-05,162.0,1611,236,107.3
CUS001749,2026-06,142.9,1422,208,94.7
CUS001749,2026-07,129.9,1292,190,86.1
CUS001750,2026-05,154.5,735,467,63.2
CUS001750,2026-06,177.9,847,537,72.8
CUS001750,2026-07,126.1,600,381,51.6
CUS001751,2026-05,26.2,400,63,2.4
CUS001751,2026-06,14.2,388,62,1.3
CUS001751,2026-07,14.8,405,64,1.4
CUS001752,2026-05,23.6,96,31,1.5
CUS001752,2026-06,27.8,113,36,1.8
CUS001752,2026-07,33.7,137,44,2.2
CUS001753,2026-05,1.9,205,81,1.1
CUS001753,2026-06,1.6,173,68,1.0
CUS001753,2026-07,1.8,192,76,1.1
CUS001754,2026-05,57.1,215,91,21.2
CUS001754,2026-06,65.4,246,104,24.3
CUS001754,2026-07,41.4,156,66,15.4
CUS001755,2026-05,21.0,775,305,5.8
CUS001755,2026-06,19.9,734,288,5.5
CUS001755,2026-07,15.5,572,225,4.3
CUS001756,2026-05,20.3,235,8,5.8
CUS001756,2026-06,26.0,301,10,7.4
CUS001756,2026-07,22.2,257,9,6.3
CUS001757,2026-05,5.9,926,77,2.8
CUS001757,2026-06,5.5,868,72,2.7
CUS001757,2026-07,7.2,1130,93,3.5
CUS001758,2026-05,64.1,92,92,10.0
CUS001758,2026-06,71.6,103,103,11.1
CUS001758,2026-07,48.4,69,70,7.5
CUS001759,2026-05,7.2,75,9,1.4
CUS001759,2026-06,8.1,85,10,1.6
CUS001759,2026-07,6.1,63,7,1.2
CUS001760,2026-05,14.9,1143,133,5.2
CUS001760,2026-06,15.3,1175,137,5.3
CUS001760,2026-07,14.2,1093,128,4.9
CUS001761,2026-05,11.9,89,70,1.1
CUS001761,2026-06,12.1,90,71,1.1
CUS001761,2026-07,13.8,103,81,1.2
CUS001762,2026-05,18.1,1201,169,7.6
CUS001762,2026-06,27.3,1819,256,11.5
CUS001762,2026-07,25.8,1718,242,10.9
CUS001763,2026-05,51.8,537,218,40.7
CUS001763,2026-06,74.0,769,312,58.2
CUS001763,2026-07,60.6,629,256,47.6
CUS001764,2026-05,6.8,601,172,2.3
CUS001764,2026-06,13.8,681,194,4.6
CUS001764,2026-07,9.0,797,228,3.0
CUS001765,2026-05,90.9,217,20,20.3
CUS001765,2026-06,136.9,326,30,30.5
CUS001765,2026-07,90.2,215,20,20.1
CUS001766,2026-05,64.6,2083,43,32.2
CUS001766,2026-06,75.5,1352,28,37.6
CUS001766,2026-07,50.9,1639,34,25.4
CUS001767,2026-05,98.4,1207,199,108.6
CUS001767,2026-06,91.6,1124,185,101.0
CUS001767,2026-07,75.5,927,152,83.3
CUS001768,2026-05,70.1,1165,178,64.3
CUS001768,2026-06,137.5,1270,194,126.2
CUS001768,2026-07,96.5,1604,245,88.6
CUS001769,2026-05,102.1,839,159,59.7
CUS001769,2026-06,97.6,802,152,57.0
CUS001769,2026-07,91.2,749,142,53.3
CUS001770,2026-05,38.7,1134,344,6.6
CUS001770,2026-06,31.7,929,281,5.4
CUS001770,2026-07,26.2,766,232,4.5
CUS001771,2026-05,21.7,152,33,1.9
CUS001771,2026-06,18.6,131,28,1.6
CUS001771,2026-07,22.8,161,34,2.0
CUS001772,2026-05,2.8,1129,137,0.2
CUS001772,2026-06,3.1,1258,153,0.2
CUS001772,2026-07,3.6,1471,179,0.3
CUS001773,2026-05,13.9,160,11,5.3
CUS001773,2026-06,14.0,161,11,5.3
CUS001773,2026-07,9.9,114,8,3.7
CUS001774,2026-05,4.2,1718,92,1.4
CUS001774,2026-06,5.4,2225,119,1.8
CUS001774,2026-07,3.6,1468,78,1.2
CUS001775,2026-05,63.2,1044,347,15.6
CUS001775,2026-06,89.2,1474,489,22.0
CUS001775,2026-07,80.3,1327,441,19.8
CUS001776,2026-05,4.3,1714,188,0.5
CUS001776,2026-06,5.4,2133,234,0.6
CUS001776,2026-07,5.4,2127,234,0.6
CUS001777,2026-05,32.2,265,130,6.0
CUS001777,2026-06,23.4,192,94,4.4
CUS001777,2026-07,23.0,189,93,4.3
CUS001778,2026-05,7.3,857,277,1.1
CUS001778,2026-06,8.0,937,303,1.2
CUS001778,2026-07,7.3,860,278,1.1
CUS001779,2026-05,52.8,159,80,29.0
CUS001779,2026-06,47.3,142,72,26.0
CUS001779,2026-07,49.8,150,75,27.4
CUS001780,2026-05,100.2,508,35,60.5
CUS001780,2026-06,137.4,697,48,83.0
CUS001780,2026-07,98.0,497,34,59.2
CUS001781,2026-05,22.9,329,125,6.6
CUS001781,2026-06,24.9,357,136,7.1
CUS001781,2026-07,27.6,397,150,7.9
CUS001782,2026-05,3.9,156,18,1.2
CUS001782,2026-06,3.4,135,16,1.1
CUS001782,2026-07,3.2,124,15,1.0
CUS001783,2026-05,114.8,1712,504,23.1
CUS001783,2026-06,107.7,1605,472,21.6
CUS001783,2026-07,94.7,1412,415,19.0
CUS001784,2026-05,27.3,440,56,4.8
CUS001784,2026-06,25.7,414,53,4.5
CUS001784,2026-07,40.3,361,46,7.0
CUS001785,2026-05,32.6,181,125,6.7
CUS001785,2026-06,25.2,140,96,5.2
CUS001785,2026-07,23.7,132,91,4.9
CUS001786,2026-05,20.6,341,63,7.5
CUS001786,2026-06,12.2,364,67,4.4
CUS001786,2026-07,11.2,335,62,4.1
CUS001787,2026-05,58.3,76,115,24.3
CUS001787,2026-06,49.5,65,98,20.6
CUS001787,2026-07,51.1,67,101,21.3
CUS001788,2026-05,83.1,88,29,23.1
CUS001788,2026-06,113.5,120,40,31.6
CUS001788,2026-07,77.4,82,27,21.5
CUS001789,2026-05,164.5,1748,195,37.6
CUS001789,2026-06,174.1,1850,206,39.8
CUS001789,2026-07,168.9,1795,200,38.6
CUS001790,2026-05,8.5,137,79,4.7
CUS001790,2026-06,14.9,133,77,8.1
CUS001790,2026-07,9.6,154,89,5.2
CUS001791,2026-05,109.0,316,13,16.8
CUS001791,2026-06,90.1,261,11,13.8
CUS001791,2026-07,102.7,298,12,15.8
CUS001792,2026-05,80.9,1453,305,65.3
CUS001792,2026-06,76.6,1375,289,61.8
CUS001792,2026-07,66.4,1192,251,53.6
CUS001793,2026-05,59.4,122,103,30.9
CUS001793,2026-06,61.0,126,106,31.7
CUS001793,2026-07,59.1,122,103,30.7
CUS001794,2026-05,148.0,835,492,81.1
CUS001794,2026-06,168.3,949,560,92.2
CUS001794,2026-07,177.2,999,590,97.1
CUS001795,2026-05,62.9,149,26,11.0
CUS001795,2026-06,78.8,187,33,13.8
CUS001795,2026-07,81.0,192,34,14.2
CUS001796,2026-05,165.4,1272,182,56.5
CUS001796,2026-06,171.6,1319,188,58.6
CUS001796,2026-07,139.7,1074,153,47.7
CUS001797,2026-05,0.6,189,25,0.7
CUS001797,2026-06,0.6,210,28,0.8
CUS001797,2026-07,0.6,206,27,0.8
CUS001798,2026-05,10.2,1085,134,3.4
CUS001798,2026-06,9.2,982,121,3.1
CUS001798,2026-07,7.3,781,97,2.4
CUS001799,2026-05,197.6,1007,338,41.2
CUS001799,2026-06,170.5,869,292,35.5
CUS001799,2026-07,240.9,1228,413,50.2
CUS001800,2026-05,73.2,1200,46,76.9
CUS001800,2026-06,78.2,1280,49,82.0
CUS001800,2026-07,80.5,1318,51,84.5
CUS001801,2026-05,190.9,1760,179,76.6
CUS001801,2026-06,190.9,1760,179,76.6
CUS001801,2026-07,351.8,1801,183,141.1
CUS001802,2026-05,19.1,1151,226,1.4
CUS001802,2026-06,20.6,1243,245,1.5
CUS001802,2026-07,30.2,1818,358,2.1
CUS001803,2026-05,69.6,1022,287,54.1
CUS001803,2026-06,61.6,904,254,47.8
CUS001803,2026-07,53.3,782,220,41.4
CUS001804,2026-05,25.7,404,47,6.4
CUS001804,2026-06,18.2,286,33,4.5
CUS001804,2026-07,25.7,404,47,6.4
CUS001805,2026-05,136.0,275,25,9.7
CUS001805,2026-06,157.3,318,29,11.2
CUS001805,2026-07,123.8,250,23,8.8
CUS001806,2026-05,59.0,254,69,16.4
CUS001806,2026-06,56.0,241,65,15.5
CUS001806,2026-07,53.0,228,62,14.7
CUS001807,2026-05,3.9,1619,109,2.9
CUS001807,2026-06,3.7,1502,101,2.7
CUS001807,2026-07,3.1,1268,85,2.3
CUS001808,2026-05,110.1,1595,391,35.8
CUS001808,2026-06,131.4,1902,466,42.7
CUS001808,2026-07,121.5,1760,431,39.5
CUS001809,2026-05,116.3,196,18,24.4
CUS001809,2026-06,163.5,276,26,34.3
CUS001809,2026-07,146.3,247,23,30.7
CUS001810,2026-05,97.5,704,142,29.6
CUS001810,2026-06,108.4,783,158,32.9
CUS001810,2026-07,135.8,980,198,41.2
CUS001811,2026-05,194.3,1646,396,93.2
CUS001811,2026-06,155.4,1316,316,74.6
CUS001811,2026-07,170.1,1441,346,81.6
CUS001812,2026-05,82.3,120,34,6.0
CUS001812,2026-06,78.2,114,32,5.7
CUS001812,2026-07,93.8,137,38,6.8
CUS001813,2026-05,2.8,960,76,1.6
CUS001813,2026-06,4.0,1409,112,2.4
CUS001813,2026-07,4.1,1428,114,2.4
CUS001814,2026-05,223.2,253,49,10.3
CUS001814,2026-06,142.3,290,56,6.6
CUS001814,2026-07,179.4,366,71,8.3
CUS001815,2026-05,92.1,183,86,8.3
CUS001815,2026-06,59.2,211,100,5.3
CUS001815,2026-07,56.9,203,96,5.1
CUS001816,2026-05,105.5,552,270,28.5
CUS001816,2026-06,158.0,828,405,42.7
CUS001816,2026-07,146.3,766,375,39.5
CUS001817,2026-05,13.2,1139,120,6.7
CUS001817,2026-06,16.2,1396,147,8.2
CUS001817,2026-07,14.3,1233,130,7.3
CUS001818,2026-05,189.9,645,334,103.5
CUS001818,2026-06,133.8,454,235,72.9
CUS001818,2026-07,196.4,667,346,107.1
CUS001819,2026-05,103.5,136,14,14.7
CUS001819,2026-06,154.6,204,21,21.9
CUS001819,2026-07,143.7,189,20,20.4
CUS001820,2026-05,23.8,156,58,1.6
CUS001820,2026-06,23.5,154,57,1.6
CUS001820,2026-07,31.4,206,77,2.1
CUS001821,2026-05,76.5,728,293,79.4
CUS001821,2026-06,62.6,596,239,64.9
CUS001821,2026-07,76.2,726,292,79.1
CUS001822,2026-05,174.1,113,17,45.0
CUS001822,2026-06,94.2,110,16,24.4
CUS001822,2026-07,130.2,152,22,33.7
CUS001823,2026-05,17.6,357,116,5.6
CUS001823,2026-06,22.1,449,146,7.0
CUS001823,2026-07,23.6,481,156,7.5
CUS001824,2026-05,8.7,1883,199,1.4
CUS001824,2026-06,7.4,1591,168,1.2
CUS001824,2026-07,8.0,1736,184,1.3
CUS001825,2026-05,51.4,79,36,22.3
CUS001825,2026-06,56.2,86,39,24.3
CUS001825,2026-07,48.0,74,33,20.8
CUS001826,2026-05,4.4,1126,42,1.5
CUS001826,2026-06,5.9,1504,56,2.1
CUS001826,2026-07,4.4,1128,42,1.5
CUS001827,2026-05,15.5,291,91,3.7
CUS001827,2026-06,21.2,398,125,5.1
CUS001827,2026-07,20.4,383,120,4.9
CUS001828,2026-05,43.8,78,86,8.4
CUS001828,2026-06,46.7,83,92,9.0
CUS001828,2026-07,50.7,90,100,9.7
CUS001829,2026-05,20.6,236,56,3.8
CUS001829,2026-06,22.3,255,60,4.1
CUS001829,2026-07,20.5,234,55,3.7
CUS001830,2026-05,76.1,725,103,61.8
CUS001830,2026-06,84.4,804,115,68.6
CUS001830,2026-07,122.6,1168,167,99.6
CUS001831,2026-05,18.6,260,123,3.4
CUS001831,2026-06,16.0,224,106,2.9
CUS001831,2026-07,16.8,235,111,3.1
CUS001832,2026-05,13.4,724,220,7.4
CUS001832,2026-06,19.1,1034,314,10.6
CUS001832,2026-07,12.5,678,206,7.0
CUS001833,2026-05,126.5,302,54,20.3
CUS001833,2026-06,89.2,213,38,14.3
CUS001833,2026-07,86.5,207,37,13.9
CUS001834,2026-05,142.8,836,120,35.9
CUS001834,2026-06,178.1,1043,149,44.7
CUS001834,2026-07,168.2,985,141,42.2
CUS001835,2026-05,19.9,124,104,3.6
CUS001835,2026-06,21.6,135,113,3.9
CUS001835,2026-07,17.0,106,89,3.1
CUS001836,2026-05,100.1,216,31,22.1
CUS001836,2026-06,149.0,321,46,32.9
CUS001836,2026-07,138.3,298,43,30.6
CUS001837,2026-05,40.5,76,14,7.1
CUS001837,2026-06,52.7,99,18,9.3
CUS001837,2026-07,55.0,103,18,9.7
CUS001838,2026-05,146.2,1763,63,21.0
CUS001838,2026-06,161.1,1943,70,23.1
CUS001838,2026-07,119.7,1443,52,17.2
CUS001839,2026-05,34.9,2197,111,0.1
CUS001839,2026-06,23.7,1494,75,0.1
CUS001839,2026-07,32.6,2049,103,0.1
CUS001840,2026-05,18.2,1530,239,2.4
CUS001840,2026-06,18.0,1509,235,2.3
CUS001840,2026-07,20.6,1729,270,2.7
CUS001841,2026-05,85.4,258,66,19.2
CUS001841,2026-06,99.4,300,77,22.4
CUS001841,2026-07,75.3,227,58,16.9
CUS001842,2026-05,1.0,47,91,1.7
CUS001842,2026-06,0.9,42,82,1.5
CUS001842,2026-07,0.8,39,75,1.4
CUS001843,2026-05,27.7,1840,300,9.4
CUS001843,2026-06,24.1,1600,261,8.2
CUS001843,2026-07,23.0,1525,249,7.8
CUS001844,2026-05,17.5,140,46,7.0
CUS001844,2026-06,11.5,92,30,4.6
CUS001844,2026-07,11.3,90,30,4.5
CUS001845,2026-05,4.7,734,51,0.2
CUS001845,2026-06,5.5,857,59,0.2
CUS001845,2026-07,4.4,687,48,0.1
CUS001846,2026-05,57.0,574,88,88.9
CUS001846,2026-06,63.7,642,99,99.4
CUS001846,2026-07,46.0,463,71,71.7
CUS001847,2026-05,36.9,1651,231,8.9
CUS001847,2026-06,35.8,1605,225,8.6
CUS001847,2026-07,39.1,1751,245,9.4
CUS001848,2026-05,53.9,72,79,13.6
CUS001848,2026-06,69.3,92,102,17.4
CUS001848,2026-07,54.5,73,80,13.7
CUS001849,2026-05,66.5,1655,38,30.0
CUS001849,2026-06,65.1,1622,37,29.4
CUS001849,2026-07,79.6,1983,45,35.9
CUS001850,2026-05,24.2,238,124,6.8
CUS001850,2026-06,27.0,265,138,7.6
CUS001850,2026-07,17.7,174,90,4.9
CUS001851,2026-05,104.7,573,111,79.3
CUS001851,2026-06,235.9,718,139,178.7
CUS001851,2026-07,148.4,812,157,112.4
CUS001852,2026-05,91.2,1474,199,77.8
CUS001852,2026-06,129.5,2094,283,110.6
CUS001852,2026-07,91.9,1486,200,78.5
CUS001853,2026-05,19.3,163,66,8.1
CUS001853,2026-06,22.9,193,78,9.6
CUS001853,2026-07,17.5,148,60,7.3
CUS001854,2026-05,19.0,311,10,10.3
CUS001854,2026-06,11.0,323,11,6.0
CUS001854,2026-07,10.7,317,11,5.9
CUS001855,2026-05,2.7,550,26,1.9
CUS001855,2026-06,2.5,524,24,1.8
CUS001855,2026-07,2.8,589,27,2.1
CUS001856,2026-05,15.3,231,23,7.6
CUS001856,2026-06,17.4,263,27,8.7
CUS001856,2026-07,14.3,216,22,7.1
CUS001857,2026-05,11.7,254,104,8.0
CUS001857,2026-06,10.0,218,89,6.9
CUS001857,2026-07,10.9,236,97,7.5
CUS001858,2026-05,67.1,2267,160,56.7
CUS001858,2026-06,50.3,1701,120,42.5
CUS001858,2026-07,46.9,1586,112,39.6
CUS001859,2026-05,47.6,2099,256,5.0
CUS001859,2026-06,30.5,1344,164,3.2
CUS001859,2026-07,43.8,1933,236,4.6
CUS001860,2026-05,6.2,242,58,0.7
CUS001860,2026-06,6.0,234,56,0.7
CUS001860,2026-07,4.5,175,42,0.5
CUS001861,2026-05,2.5,126,40,0.0
CUS001861,2026-06,2.6,133,42,0.0
CUS001861,2026-07,2.8,143,45,0.0
CUS001862,2026-05,219.9,1707,63,77.3
CUS001862,2026-06,232.5,1805,66,81.8
CUS001862,2026-07,152.7,1185,44,53.7
CUS001863,2026-05,24.4,97,93,6.0
CUS001863,2026-06,25.2,100,96,6.2
CUS001863,2026-07,22.8,90,87,5.6
CUS001864,2026-05,60.1,75,11,21.1
CUS001864,2026-06,41.2,52,8,14.4
CUS001864,2026-07,104.8,73,11,36.7
CUS001865,2026-05,123.9,212,50,23.4
CUS001865,2026-06,141.9,243,58,26.8
CUS001865,2026-07,144.1,247,59,27.2
CUS001866,2026-05,82.9,885,320,50.1
CUS001866,2026-06,84.0,896,324,50.7
CUS001866,2026-07,106.9,1141,413,64.6
CUS001867,2026-05,151.8,169,112,28.0
CUS001867,2026-06,114.1,127,84,21.1
CUS001867,2026-07,119.1,133,88,22.0
CUS001868,2026-05,9.1,183,13,5.2
CUS001868,2026-06,10.6,213,15,6.0
CUS001868,2026-07,11.5,233,16,6.5
CUS001869,2026-05,128.9,1561,99,31.7
CUS001869,2026-06,184.4,2233,142,45.4
CUS001869,2026-07,131.8,1596,102,32.5
CUS001870,2026-05,28.1,1632,279,1.3
CUS001870,2026-06,27.4,1592,272,1.3
CUS001870,2026-07,29.2,1692,289,1.4
CUS001871,2026-05,9.5,1765,199,2.6
CUS001871,2026-06,7.7,1439,162,2.1
CUS001871,2026-07,7.7,1444,163,2.1
CUS001872,2026-05,32.4,1898,83,9.3
CUS001872,2026-06,40.8,2389,104,11.7
CUS001872,2026-07,41.7,2442,107,11.9
CUS001873,2026-05,127.4,1816,402,84.2
CUS001873,2026-06,103.4,1473,326,68.4
CUS001873,2026-07,112.4,1602,355,74.3
CUS001874,2026-05,0.9,58,8,0.5
CUS001874,2026-06,1.0,65,8,0.5
CUS001874,2026-07,0.9,61,8,0.5
CUS001875,2026-05,2.3,1880,337,2.7
CUS001875,2026-06,2.1,1689,302,2.4
CUS001875,2026-07,1.4,1171,210,1.7
CUS001876,2026-05,102.6,1807,410,107.4
CUS001876,2026-06,83.4,1468,333,87.3
CUS001876,2026-07,100.1,1762,400,104.8
CUS001877,2026-05,23.5,187,71,2.1
CUS001877,2026-06,18.4,147,56,1.7
CUS001877,2026-07,16.5,131,50,1.5
CUS001878,2026-05,13.9,248,33,0.4
CUS001878,2026-06,19.5,347,46,0.5
CUS001878,2026-07,12.4,221,29,0.3
CUS001879,2026-05,21.0,282,30,5.0
CUS001879,2026-06,26.5,356,38,6.3
CUS001879,2026-07,27.4,367,39,6.5
CUS001880,2026-05,80.6,1629,110,24.3
CUS001880,2026-06,84.1,1699,114,25.4
CUS001880,2026-07,75.8,1532,103,22.9
CUS001881,2026-05,26.5,302,30,1.5
CUS001881,2026-06,21.7,247,24,1.2
CUS001881,2026-07,22.1,251,25,1.3
CUS001882,2026-05,99.3,242,78,28.2
CUS001882,2026-06,78.8,192,62,22.3
CUS001882,2026-07,86.4,211,68,24.5
CUS001883,2026-05,2.9,1941,174,0.7
CUS001883,2026-06,3.7,2438,218,0.9
CUS001883,2026-07,2.3,1538,137,0.6
CUS001884,2026-05,21.7,2070,167,3.4
CUS001884,2026-06,16.0,1523,123,2.5
CUS001884,2026-07,17.7,1683,136,2.7
CUS001885,2026-05,20.2,912,140,3.5
CUS001885,2026-06,18.6,838,129,3.2
CUS001885,2026-07,16.4,738,113,2.8
CUS001886,2026-05,23.9,815,304,1.8
CUS001886,2026-06,26.1,891,332,2.0
CUS001886,2026-07,27.0,920,343,2.1
CUS001887,2026-05,32.0,1299,96,6.2
CUS001887,2026-06,72.4,1632,120,14.0
CUS001887,2026-07,35.5,1440,106,6.9
CUS001888,2026-05,11.3,303,10,5.8
CUS001888,2026-06,10.7,287,9,5.5
CUS001888,2026-07,16.8,451,15,8.7
CUS001889,2026-05,1.6,1957,143,1.1
CUS001889,2026-06,1.5,1853,136,1.0
CUS001889,2026-07,1.7,2098,154,1.1
CUS001890,2026-05,3.2,37,69,1.1
CUS001890,2026-06,3.3,38,71,1.1
CUS001890,2026-07,2.7,31,57,0.9
CUS001891,2026-05,186.4,1148,453,82.9
CUS001891,2026-06,144.8,892,352,64.4
CUS001891,2026-07,172.6,1063,420,76.7
CUS001892,2026-05,102.2,135,13,16.2
CUS001892,2026-06,113.2,149,14,18.0
CUS001892,2026-07,91.4,121,12,14.5
CUS001893,2026-05,2.2,905,211,3.1
CUS001893,2026-06,1.7,689,160,2.4
CUS001893,2026-07,2.1,870,203,3.0
CUS001894,2026-05,1.8,1459,190,1.7
CUS001894,2026-06,2.3,1798,234,2.1
CUS001894,2026-07,4.6,2013,262,4.2
CUS001895,2026-05,20.6,325,103,5.7
CUS001895,2026-06,21.9,346,109,6.1
CUS001895,2026-07,22.8,361,114,6.3
CUS001896,2026-05,185.5,1609,439,38.7
CUS001896,2026-06,132.0,1145,312,27.5
CUS001896,2026-07,126.4,1096,299,26.3
CUS001897,2026-05,29.3,190,89,6.8
CUS001897,2026-06,29.0,188,88,6.8
CUS001897,2026-07,24.4,159,74,5.7
CUS001898,2026-05,170.0,821,123,64.5
CUS001898,2026-06,181.6,877,131,68.9
CUS001898,2026-07,168.2,812,121,63.8
CUS001899,2026-05,13.1,208,138,6.6
CUS001899,2026-06,10.1,161,107,5.1
CUS001899,2026-07,13.0,206,137,6.6
CUS001900,2026-05,22.7,1319,100,7.3
CUS001900,2026-06,34.5,2004,152,11.0
CUS001900,2026-07,24.7,1437,109,7.9
CUS001901,2026-05,220.9,1695,262,64.4
CUS001901,2026-06,220.3,1690,261,64.2
CUS001901,2026-07,180.5,1384,214,52.6
CUS001902,2026-05,188.0,1280,240,41.8
CUS001902,2026-06,171.2,1166,218,38.1
CUS001902,2026-07,191.8,1306,245,42.7
CUS001903,2026-05,24.7,146,60,2.8
CUS001903,2026-06,30.5,180,73,3.4
CUS001903,2026-07,42.5,140,57,4.8
CUS001904,2026-05,141.6,369,29,16.7
CUS001904,2026-06,128.1,334,26,15.1
CUS001904,2026-07,134.9,352,27,15.9
CUS001905,2026-05,6.8,173,47,1.9
CUS001905,2026-06,4.9,125,34,1.4
CUS001905,2026-07,7.2,184,50,2.0
CUS001906,2026-05,31.7,307,124,3.3
CUS001906,2026-06,32.8,317,128,3.4
CUS001906,2026-07,22.3,216,87,2.3
CUS001907,2026-05,1.2,1080,138,2.4
CUS001907,2026-06,2.3,1165,149,4.6
CUS001907,2026-07,1.2,1065,136,2.3
CUS001908,2026-05,5.8,94,28,1.1
CUS001908,2026-06,7.8,126,37,1.5
CUS001908,2026-07,7.1,116,34,1.4
CUS001909,2026-05,9.9,260,37,2.8
CUS001909,2026-06,11.7,306,43,3.3
CUS001909,2026-07,12.7,331,47,3.5
CUS001910,2026-05,13.1,109,40,1.8
CUS001910,2026-06,14.9,125,46,2.0
CUS001910,2026-07,14.4,121,44,1.9
CUS001911,2026-05,2.3,142,50,1.2
CUS001911,2026-06,2.6,163,58,1.4
CUS001911,2026-07,3.1,192,68,1.7
CUS001912,2026-05,17.2,293,70,7.3
CUS001912,2026-06,17.5,299,72,7.4
CUS001912,2026-07,19.6,334,80,8.3
CUS001913,2026-05,187.5,1907,444,68.2
CUS001913,2026-06,144.3,1468,342,52.5
CUS001913,2026-07,127.4,1296,302,46.4
CUS001914,2026-05,1.2,92,30,1.1
CUS001914,2026-06,1.3,103,33,1.2
CUS001914,2026-07,1.8,137,44,1.6
CUS001915,2026-05,7.7,1763,35,2.7
CUS001915,2026-06,8.6,1963,39,3.0
CUS001915,2026-07,7.0,1600,32,2.4
CUS001916,2026-05,25.0,378,86,0.3
CUS001916,2026-06,24.8,374,86,0.2
CUS001916,2026-07,22.3,337,77,0.2
CUS001917,2026-05,33.6,153,36,2.3
CUS001917,2026-06,33.7,154,37,2.3
CUS001917,2026-07,35.3,161,38,2.5
CUS001918,2026-05,19.1,802,158,3.4
CUS001918,2026-06,22.1,927,182,3.9
CUS001918,2026-07,23.0,964,189,4.0
CUS001919,2026-05,14.9,2350,47,10.8
CUS001919,2026-06,12.9,2040,41,9.4
CUS001919,2026-07,19.3,1689,34,14.0
CUS001920,2026-05,18.6,1126,268,1.6
CUS001920,2026-06,17.9,1086,258,1.6
CUS001920,2026-07,16.3,987,235,1.4
CUS001921,2026-05,1.2,155,28,1.5
CUS001921,2026-06,1.0,131,23,1.3
CUS001921,2026-07,1.0,129,23,1.3
CUS001922,2026-05,5.7,167,53,1.0
CUS001922,2026-06,7.7,225,72,1.3
CUS001922,2026-07,7.4,217,69,1.3
CUS001923,2026-05,147.9,1980,400,85.0
CUS001923,2026-06,118.0,1580,319,67.9
CUS001923,2026-07,113.2,1515,306,65.1
CUS001924,2026-05,23.3,206,130,8.1
CUS001924,2026-06,21.7,192,121,7.6
CUS001924,2026-07,24.0,212,134,8.4
CUS001925,2026-05,74.0,225,79,28.8
CUS001925,2026-06,53.7,164,57,20.9
CUS001925,2026-07,59.5,181,63,23.1
CUS001926,2026-05,9.0,841,348,2.7
CUS001926,2026-06,6.3,586,242,1.9
CUS001926,2026-07,7.2,671,278,2.2
CUS001927,2026-05,20.0,311,102,0.9
CUS001927,2026-06,21.3,331,108,0.9
CUS001927,2026-07,27.9,432,141,1.2
CUS001928,2026-05,45.2,64,35,21.0
CUS001928,2026-06,55.0,78,42,25.5
CUS001928,2026-07,61.1,87,47,28.4
CUS001929,2026-05,2.6,143,59,1.6
CUS001929,2026-06,1.6,162,67,1.0
CUS001929,2026-07,1.9,188,77,1.2
CUS001930,2026-05,11.1,476,63,0.4
CUS001930,2026-06,13.3,570,75,0.5
CUS001930,2026-07,8.9,383,51,0.3
CUS001931,2026-05,82.0,1513,240,68.8
CUS001931,2026-06,86.6,1598,254,72.7
CUS001931,2026-07,115.9,2139,340,97.3
CUS001932,2026-05,28.7,958,130,3.6
CUS001932,2026-06,80.6,1497,203,10.1
CUS001932,2026-07,27.7,926,126,3.5
CUS001933,2026-05,16.7,1256,118,8.0
CUS001933,2026-06,31.4,1309,123,15.1
CUS001933,2026-07,20.8,1558,147,10.0
CUS001934,2026-05,31.8,262,60,3.8
CUS001934,2026-06,32.8,271,62,3.9
CUS001934,2026-07,53.2,244,56,6.3
CUS001935,2026-05,125.9,1533,312,26.0
CUS001935,2026-06,137.0,1668,340,28.3
CUS001935,2026-07,108.5,1321,269,22.4
CUS001936,2026-05,266.3,315,106,60.8
CUS001936,2026-06,151.1,322,108,34.5
CUS001936,2026-07,103.0,219,74,23.5
CUS001937,2026-05,133.6,1750,130,45.3
CUS001937,2026-06,145.3,1905,141,49.3
CUS001937,2026-07,110.0,1442,107,37.3
CUS001938,2026-05,116.6,81,76,5.0
CUS001938,2026-06,135.5,94,89,5.9
CUS001938,2026-07,105.5,73,69,4.6
CUS001939,2026-05,5.5,99,6,1.8
CUS001939,2026-06,4.6,83,5,1.5
CUS001939,2026-07,3.4,61,4,1.1
CUS001940,2026-05,223.9,817,493,54.1
CUS001940,2026-06,148.6,542,327,35.9
CUS001940,2026-07,209.0,762,460,50.5
CUS001941,2026-05,59.9,282,22,5.9
CUS001941,2026-06,70.0,329,25,6.9
CUS001941,2026-07,69.6,327,25,6.9
CUS001942,2026-05,131.9,321,95,19.7
CUS001942,2026-06,100.2,244,72,14.9
CUS001942,2026-07,142.3,347,103,21.2
CUS001943,2026-05,20.9,220,157,1.1
CUS001943,2026-06,18.0,190,135,0.9
CUS001943,2026-07,18.9,199,142,1.0
CUS001944,2026-05,8.2,214,124,0.1
CUS001944,2026-06,9.6,251,146,0.1
CUS001944,2026-07,9.7,255,148,0.1
CUS001945,2026-05,1.3,687,210,0.5
CUS001945,2026-06,1.8,931,285,0.6
CUS001945,2026-07,1.2,631,193,0.4
CUS001946,2026-05,15.7,279,12,8.2
CUS001946,2026-06,14.2,252,11,7.4
CUS001946,2026-07,12.1,215,9,6.3
CUS001947,2026-05,18.4,157,91,1.1
CUS001947,2026-06,20.2,172,99,1.2
CUS001947,2026-07,16.8,143,83,1.0
CUS001948,2026-05,14.0,931,122,7.9
CUS001948,2026-06,17.9,1190,156,10.1
CUS001948,2026-07,16.1,1071,140,9.1
CUS001949,2026-05,6.7,63,66,1.3
CUS001949,2026-06,7.1,66,69,1.3
CUS001949,2026-07,7.2,66,70,1.3
CUS001950,2026-05,4.1,153,69,1.2
CUS001950,2026-06,3.5,129,59,1.0
CUS001950,2026-07,3.3,124,56,1.0
CUS001951,2026-05,15.0,599,94,3.5
CUS001951,2026-06,19.2,768,120,4.5
CUS001951,2026-07,13.8,550,86,3.2
CUS001952,2026-05,76.2,1022,259,35.6
CUS001952,2026-06,70.5,946,240,33.0
CUS001952,2026-07,70.7,948,240,33.0
CUS001953,2026-05,2.8,94,19,0.5
CUS001953,2026-06,3.4,112,23,0.7
CUS001953,2026-07,3.3,109,22,0.6
CUS001954,2026-05,11.1,919,293,3.4
CUS001954,2026-06,10.4,863,276,3.2
CUS001954,2026-07,7.7,636,203,2.4
CUS001955,2026-05,77.2,620,104,30.3
CUS001955,2026-06,63.4,510,85,24.9
CUS001955,2026-07,64.1,515,86,25.2
CUS001956,2026-05,24.5,124,39,3.9
CUS001956,2026-06,22.7,115,36,3.6
CUS001956,2026-07,35.9,182,56,5.7
CUS001957,2026-05,27.8,1277,266,5.9
CUS001957,2026-06,27.9,1280,267,5.9
CUS001957,2026-07,26.7,1229,256,5.6
CUS001958,2026-05,30.6,165,40,3.7
CUS001958,2026-06,44.2,133,32,5.3
CUS001958,2026-07,19.1,103,25,2.3
CUS001959,2026-05,92.6,246,38,14.7
CUS001959,2026-06,112.1,298,46,17.8
CUS001959,2026-07,113.9,303,47,18.1
CUS001960,2026-05,7.1,197,82,0.3
CUS001960,2026-06,6.1,170,71,0.2
CUS001960,2026-07,7.9,220,92,0.3
CUS001961,2026-05,222.2,2062,71,42.4
CUS001961,2026-06,159.1,1477,51,30.4
CUS001961,2026-07,159.1,1477,51,30.4
CUS001962,2026-05,158.7,689,347,109.3
CUS001962,2026-06,143.3,622,314,98.7
CUS001962,2026-07,126.5,549,277,87.1
CUS001963,2026-05,3.8,1073,191,1.3
CUS001963,2026-06,5.8,1630,290,2.0
CUS001963,2026-07,4.8,1360,242,1.7
CUS001964,2026-05,122.7,693,191,62.1
CUS001964,2026-06,84.8,479,132,42.9
CUS001964,2026-07,99.4,561,155,50.3
CUS001965,2026-05,18.8,356,119,1.7
CUS001965,2026-06,15.0,282,94,1.4
CUS001965,2026-07,29.6,311,104,2.7
CUS001966,2026-05,98.3,129,75,18.0
CUS001966,2026-06,132.1,173,101,24.2
CUS001966,2026-07,143.8,188,110,26.4
CUS001967,2026-05,30.3,342,108,6.9
CUS001967,2026-06,18.3,371,117,4.2
CUS001967,2026-07,16.0,326,103,3.6
CUS001968,2026-05,149.0,965,107,69.9
CUS001968,2026-06,178.5,1155,128,83.7
CUS001968,2026-07,192.7,1247,138,90.3
CUS001969,2026-05,125.8,1023,380,80.5
CUS001969,2026-06,182.0,822,305,116.4
CUS001969,2026-07,144.4,1174,436,92.3
CUS001970,2026-05,59.7,1302,401,38.3
CUS001970,2026-06,79.0,1721,530,50.6
CUS001970,2026-07,92.6,2018,621,59.4
CUS001971,2026-05,170.7,202,96,29.8
CUS001971,2026-06,122.2,144,69,21.3
CUS001971,2026-07,182.2,215,103,31.8
CUS001972,2026-05,242.9,203,42,51.5
CUS001972,2026-06,134.2,202,41,28.5
CUS001972,2026-07,127.0,191,39,26.9
CUS001973,2026-05,13.4,881,297,8.1
CUS001973,2026-06,14.5,948,319,8.7
CUS001973,2026-07,13.4,879,296,8.1
CUS001974,2026-05,145.5,1723,138,92.2
CUS001974,2026-06,187.7,2223,178,119.0
CUS001974,2026-07,180.6,2139,172,114.4
CUS001975,2026-05,11.2,563,221,7.8
CUS001975,2026-06,11.4,574,225,8.0
CUS001975,2026-07,10.9,548,215,7.6
CUS001976,2026-05,50.8,123,88,7.3
CUS001976,2026-06,58.5,142,101,8.4
CUS001976,2026-07,59.2,144,102,8.5
CUS001977,2026-05,22.2,202,12,1.7
CUS001977,2026-06,22.1,202,12,1.7
CUS001977,2026-07,26.3,239,14,2.0
CUS001978,2026-05,4.2,1274,262,1.1
CUS001978,2026-06,5.4,1646,338,1.4
CUS001978,2026-07,7.8,1324,272,2.0
CUS001979,2026-05,92.1,1487,245,60.4
CUS001979,2026-06,76.0,1226,202,49.8
CUS001979,2026-07,110.8,1788,295,72.6
CUS001980,2026-05,16.5,168,114,5.7
CUS001980,2026-06,14.3,145,99,4.9
CUS001980,2026-07,16.3,165,112,5.6
CUS001981,2026-05,12.6,228,58,2.8
CUS001981,2026-06,31.2,315,80,7.1
CUS001981,2026-07,17.2,312,80,3.9
CUS001982,2026-05,11.7,119,27,5.8
CUS001982,2026-06,7.8,79,18,3.8
CUS001982,2026-07,11.4,117,27,5.7
CUS001983,2026-05,24.5,101,117,6.6
CUS001983,2026-06,28.4,117,136,7.6
CUS001983,2026-07,24.9,103,119,6.6
CUS001984,2026-05,7.5,122,65,1.2
CUS001984,2026-06,8.9,146,77,1.5
CUS001984,2026-07,7.1,115,61,1.1
CUS001985,2026-05,116.0,2217,214,101.7
CUS001985,2026-06,107.0,2046,198,93.9
CUS001985,2026-07,82.0,1567,151,71.9
CUS001986,2026-05,12.4,986,216,3.7
CUS001986,2026-06,14.6,1162,254,4.4
CUS001986,2026-07,9.7,768,168,2.9
CUS001987,2026-05,7.4,2030,191,3.1
CUS001987,2026-06,7.8,2141,202,3.3
CUS001987,2026-07,5.8,1588,150,2.5
CUS001988,2026-05,15.7,219,21,2.8
CUS001988,2026-06,19.4,272,26,3.5
CUS001988,2026-07,16.7,234,22,3.0
CUS001989,2026-05,14.1,302,17,4.1
CUS001989,2026-06,18.3,217,12,5.2
CUS001989,2026-07,9.3,199,11,2.7
CUS001990,2026-05,15.9,128,133,5.4
CUS001990,2026-06,15.6,125,130,5.3
CUS001990,2026-07,12.9,104,108,4.4
CUS001991,2026-05,4.4,92,45,0.3
CUS001991,2026-06,4.2,88,43,0.3
CUS001991,2026-07,4.9,101,50,0.3
CUS001992,2026-05,134.6,926,416,37.4
CUS001992,2026-06,144.7,996,448,40.2
CUS001992,2026-07,132.3,910,409,36.7
CUS001993,2026-05,11.7,130,86,1.4
CUS001993,2026-06,14.4,160,106,1.7
CUS001993,2026-07,23.0,142,94,2.8
CUS001994,2026-05,74.4,603,378,77.4
CUS001994,2026-06,63.9,518,324,66.4
CUS001994,2026-07,72.9,591,370,75.8
CUS001995,2026-05,178.4,1856,213,83.2
CUS001995,2026-06,174.5,1815,208,81.4
CUS001995,2026-07,179.2,1865,214,83.6
CUS001996,2026-05,12.6,213,51,3.9
CUS001996,2026-06,12.0,203,49,3.7
CUS001996,2026-07,12.1,204,49,3.7
CUS001997,2026-05,115.8,726,109,29.7
CUS001997,2026-06,131.6,826,124,33.8
CUS001997,2026-07,129.0,809,121,33.1
CUS001998,2026-05,16.2,290,102,0.6
CUS001998,2026-06,24.1,432,152,1.0
CUS001998,2026-07,19.7,354,125,0.8
CUS001999,2026-05,11.0,213,61,6.5
CUS001999,2026-06,10.5,202,58,6.2
CUS001999,2026-07,25.7,275,79,15.2
CUS002000,2026-05,31.5,2258,216,6.2
CUS002000,2026-06,27.8,1995,191,5.5
CUS002000,2026-07,27.0,1937,185,5.3
CUS002001,2026-05,186.4,721,484,66.4
CUS002001,2026-06,164.4,636,427,58.6
CUS002001,2026-07,191.2,740,496,68.1
CUS002002,2026-05,182.6,584,420,70.1
CUS002002,2026-06,132.1,422,304,50.7
CUS002002,2026-07,120.3,385,276,46.2
CUS002003,2026-05,82.9,1682,459,79.4
CUS002003,2026-06,79.7,1617,441,76.3
CUS002003,2026-07,98.1,1991,543,93.9
CUS002004,2026-05,54.7,998,142,26.2
CUS002004,2026-06,60.9,1111,158,29.2
CUS002004,2026-07,50.8,926,131,24.4
CUS002005,2026-05,82.3,109,90,17.9
CUS002005,2026-06,63.9,85,70,13.9
CUS002005,2026-07,91.0,121,99,19.8
CUS002006,2026-05,7.7,186,74,5.3
CUS002006,2026-06,9.8,236,94,6.7
CUS002006,2026-07,8.9,215,85,6.1
CUS002007,2026-05,25.2,387,86,2.3
CUS002007,2026-06,29.6,455,101,2.7
CUS002007,2026-07,25.7,395,87,2.4
CUS002008,2026-05,232.7,643,461,58.3
CUS002008,2026-06,205.2,567,406,51.4
CUS002008,2026-07,213.9,591,424,53.6
CUS002009,2026-05,1.9,66,53,1.0
CUS002009,2026-06,1.9,65,53,0.9
CUS002009,2026-07,1.3,47,38,0.7
CUS002010,2026-05,45.4,846,259,72.5
CUS002010,2026-06,67.1,1250,383,107.1
CUS002010,2026-07,46.6,868,266,74.3
CUS002011,2026-05,20.6,210,129,5.3
CUS002011,2026-06,18.5,188,115,4.7
CUS002011,2026-07,35.4,200,122,9.1
CUS002012,2026-05,19.7,308,143,0.8
CUS002012,2026-06,16.2,254,118,0.7
CUS002012,2026-07,16.9,265,123,0.7
CUS002013,2026-05,32.1,1512,162,9.3
CUS002013,2026-06,49.8,1301,139,14.4
CUS002013,2026-07,28.6,1347,144,8.3
CUS002014,2026-05,15.4,1634,153,8.9
CUS002014,2026-06,12.4,1318,123,7.1
CUS002014,2026-07,11.0,1165,109,6.3
CUS002015,2026-05,32.1,751,227,7.2
CUS002015,2026-06,36.6,857,259,8.2
CUS002015,2026-07,24.2,566,171,5.4
CUS002016,2026-05,166.6,82,61,32.8
CUS002016,2026-06,149.1,73,54,29.4
CUS002016,2026-07,168.2,82,61,33.2
CUS002017,2026-05,12.9,1500,91,0.2
CUS002017,2026-06,12.8,1492,90,0.2
CUS002017,2026-07,12.8,1485,90,0.2
CUS002018,2026-05,108.8,162,32,20.6
CUS002018,2026-06,123.9,185,37,23.5
CUS002018,2026-07,107.7,161,32,20.4
CUS002019,2026-05,161.3,842,312,76.2
CUS002019,2026-06,197.9,1033,383,93.5
CUS002019,2026-07,180.5,942,349,85.3
CUS002020,2026-05,41.4,878,174,23.9
CUS002020,2026-06,59.9,1269,251,34.5
CUS002020,2026-07,47.7,1012,200,27.5
CUS002021,2026-05,14.3,334,155,8.9
CUS002021,2026-06,11.1,259,120,6.9
CUS002021,2026-07,12.1,281,130,7.5
CUS002022,2026-05,19.0,443,27,5.2
CUS002022,2026-06,14.9,346,21,4.1
CUS002022,2026-07,19.1,445,27,5.2
CUS002023,2026-05,25.2,134,103,2.5
CUS002023,2026-06,30.1,160,122,3.0
CUS002023,2026-07,26.2,140,107,2.6
CUS002024,2026-05,257.2,1479,191,32.5
CUS002024,2026-06,197.7,2046,265,25.0
CUS002024,2026-07,152.5,1579,204,19.3
CUS002025,2026-05,25.8,403,61,4.7
CUS002025,2026-06,19.6,307,47,3.6
CUS002025,2026-07,27.7,432,66,5.1
CUS002026,2026-05,162.2,1445,335,70.3
CUS002026,2026-06,223.7,1993,463,97.0
CUS002026,2026-07,151.2,1346,313,65.5
CUS002027,2026-05,144.6,863,288,70.1
CUS002027,2026-06,183.7,1097,366,89.1
CUS002027,2026-07,149.2,891,297,72.4
CUS002028,2026-05,75.9,1443,561,111.9
CUS002028,2026-06,58.5,1111,432,86.2
CUS002028,2026-07,57.6,1095,426,85.0
CUS002029,2026-05,18.2,259,88,0.6
CUS002029,2026-06,26.9,384,130,1.0
CUS002029,2026-07,21.3,304,103,0.8
CUS002030,2026-05,4.3,1222,27,0.9
CUS002030,2026-06,5.0,1417,31,1.1
CUS002030,2026-07,6.0,1695,37,1.3
CUS002031,2026-05,1.1,58,43,0.9
CUS002031,2026-06,1.6,90,67,1.4
CUS002031,2026-07,1.4,75,56,1.2
CUS002032,2026-05,75.1,1122,200,30.7
CUS002032,2026-06,86.2,1288,230,35.2
CUS002032,2026-07,66.5,993,177,27.2
CUS002033,2026-05,54.4,163,79,32.2
CUS002033,2026-06,59.8,180,87,35.4
CUS002033,2026-07,91.2,152,74,54.0
CUS002034,2026-05,24.3,1703,182,9.1
CUS002034,2026-06,24.8,1740,185,9.3
CUS002034,2026-07,23.4,1641,175,8.8
CUS002035,2026-05,21.3,280,93,0.5
CUS002035,2026-06,20.2,266,88,0.4
CUS002035,2026-07,19.8,261,86,0.4
CUS002036,2026-05,0.9,90,7,0.3
CUS002036,2026-06,1.3,134,10,0.4
CUS002036,2026-07,1.9,110,8,0.6
CUS002037,2026-05,1.1,136,54,1.2
CUS002037,2026-06,0.8,103,41,0.9
CUS002037,2026-07,0.9,108,43,0.9
CUS002038,2026-05,161.0,908,80,30.2
CUS002038,2026-06,184.7,1041,92,34.6
CUS002038,2026-07,182.1,1027,91,34.2
CUS002039,2026-05,68.5,203,16,17.3
CUS002039,2026-06,51.3,152,12,12.9
CUS002039,2026-07,99.0,163,13,25.0
CUS002040,2026-05,142.5,1419,179,28.3
CUS002040,2026-06,128.1,1275,161,25.4
CUS002040,2026-07,148.1,1474,186,29.4
CUS002041,2026-05,164.5,1043,50,30.0
CUS002041,2026-06,176.9,1121,53,32.2
CUS002041,2026-07,168.5,1068,51,30.7
CUS002042,2026-05,26.8,1306,312,9.3
CUS002042,2026-06,18.9,922,220,6.6
CUS002042,2026-07,18.9,922,220,6.6
CUS002043,2026-05,11.5,250,107,4.2
CUS002043,2026-06,18.2,397,170,6.6
CUS002043,2026-07,11.9,259,111,4.3
CUS002044,2026-05,22.0,109,11,3.4
CUS002044,2026-06,31.3,154,16,4.9
CUS002044,2026-07,32.3,159,16,5.0
CUS002045,2026-05,15.4,278,98,1.4
CUS002045,2026-06,17.2,310,110,1.5
CUS002045,2026-07,13.9,250,88,1.2
CUS002046,2026-05,24.2,978,172,6.2
CUS002046,2026-06,36.8,1488,262,9.4
CUS002046,2026-07,32.5,1316,232,8.3
CUS002047,2026-05,99.9,191,20,16.2
CUS002047,2026-06,87.5,167,18,14.1
CUS002047,2026-07,120.0,229,24,19.4
CUS002048,2026-05,20.2,346,19,4.5
CUS002048,2026-06,18.8,323,17,4.2
CUS002048,2026-07,31.7,303,16,7.1
CUS002049,2026-05,8.4,92,40,1.6
CUS002049,2026-06,9.7,106,45,1.8
CUS002049,2026-07,8.6,94,40,1.6
CUS002050,2026-05,2.0,79,84,0.1
CUS002050,2026-06,1.9,75,80,0.1
CUS002050,2026-07,1.3,53,57,0.1
CUS002051,2026-05,24.3,810,206,4.3
CUS002051,2026-06,28.2,939,239,5.0
CUS002051,2026-07,30.8,1026,261,5.5
CUS002052,2026-05,6.2,124,72,0.1
CUS002052,2026-06,6.4,128,74,0.1
CUS002052,2026-07,5.9,119,69,0.1
CUS002053,2026-05,18.5,134,118,8.0
CUS002053,2026-06,17.9,130,115,7.7
CUS002053,2026-07,19.1,138,122,8.2
CUS002054,2026-05,27.7,113,66,7.7
CUS002054,2026-06,22.7,92,54,6.3
CUS002054,2026-07,28.8,117,69,8.0
CUS002055,2026-05,13.8,176,89,4.8
CUS002055,2026-06,14.5,185,94,5.0
CUS002055,2026-07,11.0,140,71,3.8
CUS002056,2026-05,74.2,269,96,28.1
CUS002056,2026-06,82.5,299,107,31.2
CUS002056,2026-07,62.3,226,81,23.6
CUS002057,2026-05,132.4,1031,309,20.4
CUS002057,2026-06,140.5,1095,328,21.7
CUS002057,2026-07,118.2,921,276,18.2
CUS002058,2026-05,108.8,263,9,15.5
CUS002058,2026-06,71.8,173,6,10.2
CUS002058,2026-07,93.6,226,8,13.3
CUS002059,2026-05,2.8,63,55,1.1
CUS002059,2026-06,3.1,69,61,1.2
CUS002059,2026-07,3.1,70,61,1.2
CUS002060,2026-05,13.6,292,52,2.0
CUS002060,2026-06,16.4,351,62,2.4
CUS002060,2026-07,39.0,464,82,5.8
CUS002061,2026-05,32.0,976,133,6.9
CUS002061,2026-06,49.9,845,115,10.7
CUS002061,2026-07,26.6,810,110,5.7
CUS002062,2026-05,89.8,83,5,15.4
CUS002062,2026-06,144.3,134,9,24.8
CUS002062,2026-07,135.9,126,8,23.3
CUS002063,2026-05,53.0,322,12,25.3
CUS002063,2026-06,57.0,346,12,27.2
CUS002063,2026-07,42.0,255,9,20.0
CUS002064,2026-05,145.0,557,368,21.3
CUS002064,2026-06,176.6,679,448,25.9
CUS002064,2026-07,194.6,748,494,28.6
CUS002065,2026-05,154.6,1874,299,65.4
CUS002065,2026-06,173.1,2099,335,73.2
CUS002065,2026-07,133.4,1617,258,56.4
CUS002066,2026-05,92.5,179,31,22.4
CUS002066,2026-06,64.9,125,22,15.7
CUS002066,2026-07,66.3,128,22,16.0
CUS002067,2026-05,1.4,930,204,2.4
CUS002067,2026-06,1.8,1193,261,3.0
CUS002067,2026-07,1.8,1173,257,3.0
CUS002068,2026-05,8.7,1414,222,0.2
CUS002068,2026-06,5.5,898,141,0.1
CUS002068,2026-07,6.4,1050,165,0.2
CUS002069,2026-05,76.0,104,109,9.5
CUS002069,2026-06,48.8,67,70,6.1
CUS002069,2026-07,52.2,72,75,6.6
CUS002070,2026-05,16.6,154,38,5.1
CUS002070,2026-06,18.7,174,43,5.7
CUS002070,2026-07,13.4,125,31,4.1
CUS002071,2026-05,2.4,435,29,1.0
CUS002071,2026-06,2.7,471,31,1.1
CUS002071,2026-07,2.4,424,28,1.0
CUS002072,2026-05,24.4,232,120,4.7
CUS002072,2026-06,17.3,164,85,3.3
CUS002072,2026-07,25.2,239,124,4.8
CUS002073,2026-05,85.1,1023,222,52.1
CUS002073,2026-06,105.1,1263,274,64.3
CUS002073,2026-07,83.6,1006,218,51.2
CUS002074,2026-05,17.2,792,194,6.1
CUS002074,2026-06,19.1,880,215,6.8
CUS002074,2026-07,20.3,936,229,7.2
CUS002075,2026-05,59.8,1349,157,36.0
CUS002075,2026-06,84.5,1909,222,51.0
CUS002075,2026-07,81.4,1837,214,49.1
CUS002076,2026-05,10.5,1621,221,1.4
CUS002076,2026-06,8.4,1302,177,1.1
CUS002076,2026-07,8.8,1370,187,1.2
CUS002077,2026-05,148.1,155,82,11.8
CUS002077,2026-06,171.0,179,95,13.6
CUS002077,2026-07,202.5,118,63,16.2
CUS002078,2026-05,57.9,373,61,21.4
CUS002078,2026-06,57.7,372,61,21.3
CUS002078,2026-07,48.2,310,51,17.8
CUS002079,2026-05,2.9,1915,263,1.5
CUS002079,2026-06,2.5,1684,231,1.3
CUS002079,2026-07,3.2,2153,296,1.7
CUS002080,2026-05,129.1,1134,354,48.2
CUS002080,2026-06,185.1,1626,508,69.1
CUS002080,2026-07,128.2,1126,352,47.9
CUS002081,2026-05,1.5,120,11,0.3
CUS002081,2026-06,2.0,152,14,0.4
CUS002081,2026-07,1.4,110,10,0.3
CUS002082,2026-05,4.1,987,146,1.1
CUS002082,2026-06,3.4,818,121,0.9
CUS002082,2026-07,4.7,1142,169,1.3
CUS002083,2026-05,29.3,1283,105,10.8
CUS002083,2026-06,20.8,910,75,7.7
CUS002083,2026-07,29.9,1310,108,11.0
CUS002084,2026-05,25.2,1449,123,10.5
CUS002084,2026-06,17.2,988,84,7.1
CUS002084,2026-07,23.3,1337,114,9.7
CUS002085,2026-05,138.5,1036,286,70.0
CUS002085,2026-06,152.9,1144,315,77.2
CUS002085,2026-07,179.8,1346,371,90.8
CUS002086,2026-05,2.5,135,16,1.8
CUS002086,2026-06,2.9,159,19,2.2
CUS002086,2026-07,2.9,158,19,2.1
CUS002087,2026-05,9.4,178,69,2.5
CUS002087,2026-06,8.3,158,61,2.2
CUS002087,2026-07,8.2,156,60,2.2
CUS002088,2026-05,104.1,707,315,37.7
CUS002088,2026-06,167.3,632,282,60.6
CUS002088,2026-07,106.8,726,324,38.7
CUS002089,2026-05,8.1,134,66,0.3
CUS002089,2026-06,8.6,142,70,0.3
CUS002089,2026-07,6.3,105,52,0.3
CUS002090,2026-05,129.5,159,71,27.0
CUS002090,2026-06,135.9,167,75,28.3
CUS002090,2026-07,153.6,188,85,32.0
CUS002091,2026-05,16.2,182,83,5.9
CUS002091,2026-06,21.6,243,110,7.9
CUS002091,2026-07,20.7,233,106,7.6
CUS002092,2026-05,25.8,298,61,4.7
CUS002092,2026-06,21.1,244,50,3.8
CUS002092,2026-07,29.7,343,70,5.4
CUS002093,2026-05,8.5,1506,60,3.0
CUS002093,2026-06,8.1,1434,57,2.8
CUS002093,2026-07,8.6,1528,60,3.0
CUS002094,2026-05,23.8,313,51,4.8
CUS002094,2026-06,25.8,340,55,5.2
CUS002094,2026-07,35.5,468,76,7.1
CUS002095,2026-05,50.0,177,24,16.2
CUS002095,2026-06,45.0,160,22,14.6
CUS002095,2026-07,72.5,257,35,23.6
CUS002096,2026-05,61.5,1032,208,40.7
CUS002096,2026-06,71.2,1194,240,47.1
CUS002096,2026-07,68.4,1148,231,45.2
CUS002097,2026-05,217.2,2092,160,96.8
CUS002097,2026-06,221.2,2130,163,98.5
CUS002097,2026-07,200.9,1934,148,89.5
CUS002098,2026-05,4.1,765,215,2.2
CUS002098,2026-06,4.4,823,231,2.4
CUS002098,2026-07,8.6,885,248,4.7
CUS002099,2026-05,22.1,1800,59,7.0
CUS002099,2026-06,15.4,1257,41,4.9
CUS002099,2026-07,17.7,1442,47,5.6
CUS002100,2026-05,106.5,241,44,15.1
CUS002100,2026-06,96.3,217,39,13.6
CUS002100,2026-07,143.1,323,59,20.3
CUS002101,2026-05,8.8,911,278,0.8
CUS002101,2026-06,8.2,848,259,0.8
CUS002101,2026-07,10.1,1039,317,0.9
CUS002102,2026-05,114.6,79,64,22.0
CUS002102,2026-06,111.9,77,62,21.5
CUS002102,2026-07,159.6,110,89,30.6
CUS002103,2026-05,3.2,100,42,0.2
CUS002103,2026-06,5.3,93,39,0.3
CUS002103,2026-07,4.5,142,60,0.2
CUS002104,2026-05,22.5,186,94,14.3
CUS002104,2026-06,11.4,170,86,7.2
CUS002104,2026-07,11.8,176,89,7.5
CUS002105,2026-05,46.7,346,67,28.9
CUS002105,2026-06,32.0,237,46,19.8
CUS002105,2026-07,46.3,343,66,28.6
CUS002106,2026-05,23.4,150,55,1.6
CUS002106,2026-06,22.4,144,53,1.5
CUS002106,2026-07,23.1,148,54,1.5
CUS002107,2026-05,5.8,203,26,0.6
CUS002107,2026-06,5.9,205,26,0.6
CUS002107,2026-07,6.2,217,27,0.6
CUS002108,2026-05,7.9,855,93,1.3
CUS002108,2026-06,6.2,665,72,1.0
CUS002108,2026-07,7.8,841,91,1.3
CUS002109,2026-05,189.9,947,361,45.8
CUS002109,2026-06,147.3,735,280,35.5
CUS002109,2026-07,193.2,964,368,46.6
CUS002110,2026-05,4.4,66,57,1.2
CUS002110,2026-06,5.4,81,70,1.5
CUS002110,2026-07,5.1,76,66,1.4
CUS002111,2026-05,19.0,1555,296,1.6
CUS002111,2026-06,19.4,1588,302,1.6
CUS002111,2026-07,21.0,1718,327,1.7
CUS002112,2026-05,80.1,1032,121,32.2
CUS002112,2026-06,92.9,1197,140,37.4
CUS002112,2026-07,87.8,1131,132,35.3
CUS002113,2026-05,1.5,103,14,0.3
CUS002113,2026-06,1.7,117,16,0.4
CUS002113,2026-07,1.7,115,16,0.4
CUS002114,2026-05,44.5,1890,125,2.2
CUS002114,2026-06,36.3,1540,102,1.8
CUS002114,2026-07,37.1,1574,104,1.8
CUS002115,2026-05,46.6,109,65,11.0
CUS002115,2026-06,46.7,109,65,11.0
CUS002115,2026-07,47.9,112,67,11.3
CUS002116,2026-05,2.8,1019,177,1.5
CUS002116,2026-06,2.5,902,157,1.4
CUS002116,2026-07,2.9,1083,188,1.6
CUS002117,2026-05,21.2,237,60,2.3
CUS002117,2026-06,16.0,178,45,1.7
CUS002117,2026-07,22.9,256,65,2.4
CUS002118,2026-05,213.2,88,8,12.1
CUS002118,2026-06,134.9,100,9,7.7
CUS002118,2026-07,90.3,67,6,5.1
CUS002119,2026-05,2.8,1440,133,1.0
CUS002119,2026-06,3.1,1547,143,1.1
CUS002119,2026-07,4.4,2214,205,1.6
CUS002120,2026-05,27.3,229,176,3.9
CUS002120,2026-06,24.0,201,154,3.4
CUS002120,2026-07,25.0,209,161,3.6
CUS002121,2026-05,1.4,1050,324,0.5
CUS002121,2026-06,1.1,869,268,0.4
CUS002121,2026-07,1.4,1104,340,0.6
CUS002122,2026-05,153.5,1467,181,54.6
CUS002122,2026-06,226.3,2162,266,80.4
CUS002122,2026-07,233.7,2233,275,83.1
CUS002123,2026-05,46.5,257,95,20.2
CUS002123,2026-06,56.7,313,116,24.6
CUS002123,2026-07,74.4,228,85,32.3
CUS002124,2026-05,21.5,1774,258,9.9
CUS002124,2026-06,25.0,2066,301,11.5
CUS002124,2026-07,21.7,1791,261,10.0
CUS002125,2026-05,105.9,395,184,17.7
CUS002125,2026-06,126.7,473,221,21.2
CUS002125,2026-07,175.0,653,304,29.2
CUS002126,2026-05,29.3,376,126,0.5
CUS002126,2026-06,30.5,392,132,0.5
CUS002126,2026-07,23.6,303,102,0.4
CUS002127,2026-05,151.3,807,272,73.7
CUS002127,2026-06,91.3,877,295,44.5
CUS002127,2026-07,94.9,911,307,46.2
CUS002128,2026-05,93.9,174,39,24.9
CUS002128,2026-06,69.2,128,28,18.3
CUS002128,2026-07,89.0,165,37,23.6
CUS002129,2026-05,12.2,236,88,1.1
CUS002129,2026-06,15.1,292,108,1.4
CUS002129,2026-07,18.1,350,130,1.7
CUS002130,2026-05,86.1,212,26,13.6
CUS002130,2026-06,85.6,211,26,13.5
CUS002130,2026-07,91.0,225,27,14.4
CUS002131,2026-05,56.2,288,17,6.5
CUS002131,2026-06,61.7,316,19,7.1
CUS002131,2026-07,56.0,287,17,6.5
CUS002132,2026-05,10.6,591,204,4.4
CUS002132,2026-06,11.4,636,220,4.7
CUS002132,2026-07,15.7,875,302,6.5
CUS002133,2026-05,10.1,237,53,0.1
CUS002133,2026-06,9.0,211,47,0.1
CUS002133,2026-07,9.7,228,51,0.1
CUS002134,2026-05,3.0,95,60,1.2
CUS002134,2026-06,3.8,121,76,1.6
CUS002134,2026-07,3.0,94,59,1.2
CUS002135,2026-05,28.4,1334,75,6.1
CUS002135,2026-06,45.8,2153,121,9.9
CUS002135,2026-07,42.1,1978,111,9.1
CUS002136,2026-05,21.7,409,24,6.9
CUS002136,2026-06,18.1,341,20,5.7
CUS002136,2026-07,17.3,326,19,5.5
CUS002137,2026-05,31.9,813,246,2.8
CUS002137,2026-06,37.1,946,286,3.2
CUS002137,2026-07,30.0,764,231,2.6
CUS002138,2026-05,17.6,399,25,5.3
CUS002138,2026-06,16.3,370,23,4.9
CUS002138,2026-07,19.4,442,28,5.8
CUS002139,2026-05,17.6,263,29,4.1
CUS002139,2026-06,16.2,243,27,3.8
CUS002139,2026-07,19.2,288,32,4.5
CUS002140,2026-05,22.0,1408,45,6.9
CUS002140,2026-06,17.0,1092,35,5.4
CUS002140,2026-07,23.7,1521,48,7.5
CUS002141,2026-05,9.2,197,12,2.9
CUS002141,2026-06,11.2,240,15,3.5
CUS002141,2026-07,9.8,211,13,3.1
CUS002142,2026-05,2.6,1151,182,2.1
CUS002142,2026-06,3.3,1423,225,2.5
CUS002142,2026-07,3.5,1527,242,2.7
CUS002143,2026-05,149.7,341,107,7.1
CUS002143,2026-06,93.2,213,67,4.4
CUS002143,2026-07,110.0,251,79,5.2
CUS002144,2026-05,9.4,1449,37,1.3
CUS002144,2026-06,9.2,1418,36,1.2
CUS002144,2026-07,9.7,1490,38,1.3
CUS002145,2026-05,140.6,1985,90,71.9
CUS002145,2026-06,129.5,1829,83,66.3
CUS002145,2026-07,99.1,1400,64,50.7
CUS002146,2026-05,9.1,231,42,2.0
CUS002146,2026-06,11.4,287,53,2.5
CUS002146,2026-07,10.4,264,48,2.3
CUS002147,2026-05,53.3,813,115,59.5
CUS002147,2026-06,64.3,981,139,71.8
CUS002147,2026-07,53.9,823,116,60.2
CUS002148,2026-05,6.5,1426,164,0.9
CUS002148,2026-06,7.0,1524,176,0.9
CUS002148,2026-07,7.0,1515,175,0.9
CUS002149,2026-05,159.3,1191,224,52.0
CUS002149,2026-06,212.0,1585,298,69.2
CUS002149,2026-07,204.3,1528,287,66.6
CUS002150,2026-05,9.5,168,117,1.9
CUS002150,2026-06,8.6,152,106,1.7
CUS002150,2026-07,10.9,193,135,2.2
CUS002151,2026-05,26.4,319,15,4.5
CUS002151,2026-06,23.4,284,13,4.0
CUS002151,2026-07,30.5,370,17,5.2
CUS002152,2026-05,199.9,1779,312,77.2
CUS002152,2026-06,209.8,1867,328,81.0
CUS002152,2026-07,217.8,1937,340,84.1
CUS002153,2026-05,7.8,1853,168,0.0
CUS002153,2026-06,7.5,1797,163,0.0
CUS002153,2026-07,7.6,1811,164,0.0
CUS002154,2026-05,87.4,274,68,19.2
CUS002154,2026-06,75.8,237,59,16.7
CUS002154,2026-07,92.8,291,72,20.4
CUS002155,2026-05,213.4,1771,169,63.7
CUS002155,2026-06,158.0,1311,125,47.1
CUS002155,2026-07,194.2,1612,154,58.0
CUS002156,2026-05,10.6,658,275,3.2
CUS002156,2026-06,10.0,618,258,3.0
CUS002156,2026-07,8.8,546,228,2.7
CUS002157,2026-05,16.7,99,11,4.6
CUS002157,2026-06,21.3,126,15,5.9
CUS002157,2026-07,14.9,88,10,4.1
CUS002158,2026-05,76.0,273,8,19.2
CUS002158,2026-06,75.1,269,8,19.0
CUS002158,2026-07,110.3,220,7,27.9
CUS002159,2026-05,20.3,161,76,0.6
CUS002159,2026-06,20.5,163,77,0.6
CUS002159,2026-07,35.0,155,73,1.1
CUS002160,2026-05,8.2,283,68,3.9
CUS002160,2026-06,13.1,449,108,6.1
CUS002160,2026-07,8.2,283,68,3.9
CUS002161,2026-05,7.9,170,42,1.8
CUS002161,2026-06,6.8,146,36,1.5
CUS002161,2026-07,5.7,123,30,1.3
CUS002162,2026-05,24.4,153,74,5.8
CUS002162,2026-06,25.5,161,78,6.0
CUS002162,2026-07,16.2,102,49,3.8
CUS002163,2026-05,48.4,148,7,5.7
CUS002163,2026-06,54.7,168,8,6.4
CUS002163,2026-07,60.3,185,8,7.0
CUS002164,2026-05,63.5,2053,503,61.7
CUS002164,2026-06,57.8,1869,458,56.2
CUS002164,2026-07,53.7,1736,425,52.2
CUS002165,2026-05,104.0,1251,141,53.5
CUS002165,2026-06,118.9,1430,161,61.1
CUS002165,2026-07,121.9,1465,165,62.6
CUS002166,2026-05,6.2,1079,64,1.7
CUS002166,2026-06,9.3,1622,96,2.5
CUS002166,2026-07,9.5,1652,97,2.6
CUS002167,2026-05,17.4,102,78,2.2
CUS002167,2026-06,25.3,148,113,3.2
CUS002167,2026-07,23.5,138,105,2.9
CUS002168,2026-05,4.0,865,113,1.1
CUS002168,2026-06,4.8,1018,133,1.3
CUS002168,2026-07,4.0,847,110,1.1
CUS002169,2026-05,112.8,186,73,14.2
CUS002169,2026-06,108.7,179,70,13.6
CUS002169,2026-07,121.6,200,79,15.3
CUS002170,2026-05,6.7,52,36,0.2
CUS002170,2026-06,5.0,39,27,0.1
CUS002170,2026-07,5.0,39,27,0.1
CUS002171,2026-05,181.6,1264,222,85.2
CUS002171,2026-06,271.4,1050,184,127.4
CUS002171,2026-07,157.1,1094,192,73.7
CUS002172,2026-05,25.0,1912,43,7.7
CUS002172,2026-06,27.2,2084,47,8.3
CUS002172,2026-07,19.5,1492,34,6.0
CUS002173,2026-05,130.0,1469,321,36.2
CUS002173,2026-06,142.8,1615,353,39.7
CUS002173,2026-07,130.0,1470,322,36.2
CUS002174,2026-05,5.9,81,14,1.5
CUS002174,2026-06,4.9,68,12,1.2
CUS002174,2026-07,4.2,58,10,1.1
CUS002175,2026-05,80.0,1161,169,32.9
CUS002175,2026-06,76.9,1116,162,31.6
CUS002175,2026-07,103.2,1497,218,42.4
CUS002176,2026-05,188.1,817,405,61.6
CUS002176,2026-06,152.0,660,327,49.8
CUS002176,2026-07,151.3,657,326,49.5
CUS002177,2026-05,165.7,368,58,21.6
CUS002177,2026-06,144.5,321,50,18.9
CUS002177,2026-07,118.8,264,41,15.5
CUS002178,2026-05,13.2,236,52,5.7
CUS002178,2026-06,18.1,323,71,7.8
CUS002178,2026-07,16.8,300,66,7.2
CUS002179,2026-05,109.4,93,46,31.3
CUS002179,2026-06,80.3,68,34,22.9
CUS002179,2026-07,95.2,81,40,27.2
CUS002180,2026-05,16.7,261,116,3.3
CUS002180,2026-06,15.3,240,106,3.0
CUS002180,2026-07,15.4,241,107,3.0
CUS002181,2026-05,58.0,221,35,20.9
CUS002181,2026-06,81.3,309,49,29.3
CUS002181,2026-07,58.3,222,35,21.0
CUS002182,2026-05,1.8,977,61,2.1
CUS002182,2026-06,1.7,948,60,2.1
CUS002182,2026-07,1.9,1042,66,2.3
CUS002183,2026-05,24.9,359,107,2.8
CUS002183,2026-06,20.1,290,86,2.3
CUS002183,2026-07,28.9,417,124,3.3
CUS002184,2026-05,32.4,455,52,0.9
CUS002184,2026-06,29.9,421,48,0.8
CUS002184,2026-07,31.7,446,50,0.9
CUS002185,2026-05,28.0,168,61,6.4
CUS002185,2026-06,27.1,163,59,6.2
CUS002185,2026-07,29.2,176,64,6.6
CUS002186,2026-05,222.1,734,289,108.4
CUS002186,2026-06,240.8,796,313,117.5
CUS002186,2026-07,172.5,571,224,84.2
CUS002187,2026-05,9.3,117,19,2.7
CUS002187,2026-06,11.0,138,23,3.2
CUS002187,2026-07,8.8,110,18,2.5
CUS002188,2026-05,5.0,63,70,0.8
CUS002188,2026-06,4.6,59,65,0.7
CUS002188,2026-07,4.4,56,62,0.7
CUS002189,2026-05,39.0,1402,136,6.2
CUS002189,2026-06,33.4,1198,116,5.3
CUS002189,2026-07,29.7,1068,104,4.7
CUS002190,2026-05,150.0,1470,139,52.2
CUS002190,2026-06,178.5,1749,166,62.0
CUS002190,2026-07,143.1,1402,133,49.7
CUS002191,2026-05,7.8,1153,81,2.6
CUS002191,2026-06,7.3,1080,76,2.4
CUS002191,2026-07,7.8,1149,81,2.6
CUS002192,2026-05,8.9,221,48,4.6
CUS002192,2026-06,11.6,289,62,6.1
CUS002192,2026-07,12.8,319,69,6.7
CUS002193,2026-05,16.5,354,152,0.6
CUS002193,2026-06,11.2,241,104,0.4
CUS002193,2026-07,12.2,262,113,0.5
CUS002194,2026-05,21.2,269,118,4.9
CUS002194,2026-06,17.2,217,96,4.0
CUS002194,2026-07,22.8,288,127,5.3
CUS002195,2026-05,11.8,1596,41,0.6
CUS002195,2026-06,14.0,1899,49,0.7
CUS002195,2026-07,17.8,2420,62,0.9
CUS002196,2026-05,136.0,687,120,54.5
CUS002196,2026-06,139.5,704,123,55.9
CUS002196,2026-07,193.7,978,170,77.6
CUS002197,2026-05,14.2,310,33,4.4
CUS002197,2026-06,16.4,358,39,5.1
CUS002197,2026-07,12.7,276,30,3.9
CUS002198,2026-05,171.5,1552,158,63.8
CUS002198,2026-06,166.3,1505,154,61.9
CUS002198,2026-07,205.1,1856,190,76.3
CUS002199,2026-05,38.1,1163,100,57.4
CUS002199,2026-06,59.6,1816,156,89.7
CUS002199,2026-07,51.3,1565,134,77.3
CUS002200,2026-05,4.7,1920,202,0.1
CUS002200,2026-06,3.3,1339,141,0.1
CUS002200,2026-07,4.5,1837,194,0.1
CUS002201,2026-05,115.7,78,79,17.1
CUS002201,2026-06,81.4,55,56,12.1
CUS002201,2026-07,88.1,60,60,13.0
CUS002202,2026-05,80.3,198,95,26.1
CUS002202,2026-06,62.7,155,75,20.3
CUS002202,2026-07,88.4,218,105,28.7
CUS002203,2026-05,1.4,502,78,2.2
CUS002203,2026-06,2.2,771,120,3.3
CUS002203,2026-07,2.0,727,113,3.2
CUS002204,2026-05,22.2,144,57,2.5
CUS002204,2026-06,18.9,123,49,2.1
CUS002204,2026-07,19.3,125,50,2.2
CUS002205,2026-05,21.8,398,31,6.5
CUS002205,2026-06,18.8,343,27,5.6
CUS002205,2026-07,21.7,395,31,6.5
CUS002206,2026-05,20.6,253,9,0.8
CUS002206,2026-06,29.8,366,13,1.2
CUS002206,2026-07,23.8,292,10,0.9
CUS002207,2026-05,5.7,1145,131,0.1
CUS002207,2026-06,9.0,1806,207,0.2
CUS002207,2026-07,6.8,1356,155,0.2
CUS002208,2026-05,57.5,451,284,62.3
CUS002208,2026-06,49.7,390,245,53.9
CUS002208,2026-07,73.2,574,362,79.4
CUS002209,2026-05,18.0,244,168,5.6
CUS002209,2026-06,13.0,176,121,4.1
CUS002209,2026-07,11.2,152,104,3.5
CUS002210,2026-05,14.4,125,74,7.3
CUS002210,2026-06,15.9,137,81,8.1
CUS002210,2026-07,12.5,108,64,6.3
CUS002211,2026-05,17.8,178,97,3.2
CUS002211,2026-06,11.9,119,65,2.1
CUS002211,2026-07,16.4,164,90,2.9
CUS002212,2026-05,63.0,1351,363,40.6
CUS002212,2026-06,63.3,1357,365,40.8
CUS002212,2026-07,98.2,1169,315,63.2
CUS002213,2026-05,80.1,63,33,26.6
CUS002213,2026-06,88.6,69,36,29.5
CUS002213,2026-07,93.7,73,38,31.2
CUS002214,2026-05,1.7,1346,193,0.6
CUS002214,2026-06,2.4,1083,156,0.8
CUS002214,2026-07,1.8,1442,207,0.6
CUS002215,2026-05,4.2,590,102,0.9
CUS002215,2026-06,3.5,498,86,0.8
CUS002215,2026-07,4.7,662,115,1.0
CUS002216,2026-05,20.3,213,16,0.7
CUS002216,2026-06,21.7,228,17,0.7
CUS002216,2026-07,26.3,276,21,0.9
CUS002217,2026-05,147.9,376,49,34.7
CUS002217,2026-06,112.6,286,38,26.4
CUS002217,2026-07,154.9,394,52,36.3
CUS002218,2026-05,104.1,214,48,8.0
CUS002218,2026-06,149.8,308,69,11.4
CUS002218,2026-07,109.6,225,50,8.4
CUS002219,2026-05,75.8,741,342,44.5
CUS002219,2026-06,81.4,796,367,47.7
CUS002219,2026-07,89.3,873,403,52.4
CUS002220,2026-05,11.6,291,69,7.5
CUS002220,2026-06,14.9,372,88,9.5
CUS002220,2026-07,14.6,366,87,9.4
CUS002221,2026-05,78.9,74,37,16.6
CUS002221,2026-06,94.7,88,45,20.0
CUS002221,2026-07,78.2,73,37,16.5
CUS002222,2026-05,30.7,138,167,4.8
CUS002222,2026-06,22.5,101,123,3.6
CUS002222,2026-07,23.5,106,128,3.7
CUS002223,2026-05,9.9,305,32,5.5
CUS002223,2026-06,11.2,344,36,6.2
CUS002223,2026-07,12.4,382,40,6.8
CUS002224,2026-05,32.7,698,109,5.4
CUS002224,2026-06,40.0,854,134,6.6
CUS002224,2026-07,31.8,680,106,5.2
CUS002225,2026-05,91.5,738,465,39.4
CUS002225,2026-06,87.5,706,445,37.6
CUS002225,2026-07,84.1,679,428,36.2
CUS002226,2026-05,97.5,208,11,14.5
CUS002226,2026-06,129.4,276,14,19.2
CUS002226,2026-07,89.9,192,10,13.3
CUS002227,2026-05,23.3,373,107,0.4
CUS002227,2026-06,18.0,288,83,0.3
CUS002227,2026-07,15.3,244,70,0.3
CUS002228,2026-05,13.0,1365,98,10.2
CUS002228,2026-06,10.0,1048,75,7.8
CUS002228,2026-07,10.4,1093,78,8.2
CUS002229,2026-05,87.7,104,68,11.3
CUS002229,2026-06,85.8,102,67,11.1
CUS002229,2026-07,163.0,108,70,21.1
CUS002230,2026-05,78.1,320,44,7.0
CUS002230,2026-06,73.4,301,41,6.6
CUS002230,2026-07,86.9,356,49,7.8
CUS002231,2026-05,80.8,335,12,23.6
CUS002231,2026-06,93.6,388,14,27.4
CUS002231,2026-07,86.2,358,13,25.2
CUS002232,2026-05,0.5,111,42,0.0
CUS002232,2026-06,0.5,129,49,0.0
CUS002232,2026-07,0.8,179,67,0.0
CUS002233,2026-05,8.6,167,37,0.9
CUS002233,2026-06,13.7,148,33,1.4
CUS002233,2026-07,7.5,145,32,0.8
CUS002234,2026-05,58.2,1718,149,46.3
CUS002234,2026-06,66.8,1972,171,53.1
CUS002234,2026-07,67.7,1998,173,53.8
CUS002235,2026-05,116.0,500,403,64.0
CUS002235,2026-06,170.0,733,591,93.8
CUS002235,2026-07,155.3,670,540,85.7
CUS002236,2026-05,27.3,582,107,9.1
CUS002236,2026-06,27.9,596,110,9.4
CUS002236,2026-07,28.5,608,112,9.5
CUS002237,2026-05,2.9,160,23,1.4
CUS002237,2026-06,3.1,170,25,1.5
CUS002237,2026-07,3.9,212,31,1.9
CUS002238,2026-05,18.4,120,23,4.7
CUS002238,2026-06,24.2,159,31,6.2
CUS002238,2026-07,19.6,129,25,5.0
CUS002239,2026-05,58.8,1111,291,66.5
CUS002239,2026-06,100.8,1057,277,114.0
CUS002239,2026-07,58.7,1108,290,66.4
CUS002240,2026-05,11.1,235,125,1.3
CUS002240,2026-06,8.3,176,93,0.9
CUS002240,2026-07,9.7,206,109,1.1
CUS002241,2026-05,150.8,779,220,102.2
CUS002241,2026-06,152.5,788,223,103.3
CUS002241,2026-07,121.1,626,177,82.1
CUS002242,2026-05,146.6,2112,95,39.6
CUS002242,2026-06,135.3,1949,88,36.5
CUS002242,2026-07,130.5,1880,85,35.2
CUS002243,2026-05,27.8,1619,68,6.7
CUS002243,2026-06,29.7,1728,73,7.1
CUS002243,2026-07,32.1,1868,79,7.7
CUS002244,2026-05,43.2,1424,229,0.4
CUS002244,2026-06,66.2,1211,195,0.6
CUS002244,2026-07,31.4,1035,167,0.3
CUS002245,2026-05,1.7,2393,38,0.9
CUS002245,2026-06,1.1,1587,25,0.6
CUS002245,2026-07,1.5,2232,36,0.8
CUS002246,2026-05,24.5,1866,69,10.6
CUS002246,2026-06,20.0,1521,56,8.7
CUS002246,2026-07,23.8,1814,67,10.3
CUS002247,2026-05,20.9,267,24,6.8
CUS002247,2026-06,21.4,273,25,7.0
CUS002247,2026-07,22.6,289,26,7.4
CUS002248,2026-05,31.0,1627,194,7.0
CUS002248,2026-06,31.5,1652,197,7.1
CUS002248,2026-07,27.5,1442,172,6.2
CUS002249,2026-05,17.6,1294,313,11.2
CUS002249,2026-06,12.8,942,228,8.1
CUS002249,2026-07,17.4,1282,311,11.1
CUS002250,2026-05,33.0,290,165,5.1
CUS002250,2026-06,23.0,202,115,3.5
CUS002250,2026-07,24.5,216,123,3.8
CUS002251,2026-05,75.4,281,86,30.8
CUS002251,2026-06,69.2,258,79,28.3
CUS002251,2026-07,76.6,286,87,31.3
CUS002252,2026-05,2.1,123,9,0.2
CUS002252,2026-06,3.2,189,13,0.3
CUS002252,2026-07,2.5,151,11,0.2
CUS002253,2026-05,28.5,932,168,2.5
CUS002253,2026-06,40.9,1335,241,3.5
CUS002253,2026-07,45.6,1489,268,3.9
CUS002254,2026-05,6.0,160,26,0.8
CUS002254,2026-06,4.8,129,21,0.7
CUS002254,2026-07,7.3,194,31,1.0
CUS002255,2026-05,214.3,1723,456,67.8
CUS002255,2026-06,173.6,1396,370,54.9
CUS002255,2026-07,189.0,1520,403,59.8
CUS002256,2026-05,7.8,909,93,0.1
CUS002256,2026-06,9.7,1133,116,0.1
CUS002256,2026-07,8.5,989,101,0.1
CUS002257,2026-05,103.9,260,22,20.4
CUS002257,2026-06,122.1,306,26,23.9
CUS002257,2026-07,115.5,289,25,22.6
CUS002258,2026-05,31.3,359,142,1.1
CUS002258,2026-06,23.8,273,108,0.9
CUS002258,2026-07,34.1,391,154,1.2
CUS002259,2026-05,163.7,396,115,9.4
CUS002259,2026-06,146.7,355,103,8.4
CUS002259,2026-07,112.7,273,79,6.5
CUS002260,2026-05,5.6,768,38,3.3
CUS002260,2026-06,4.0,557,27,2.4
CUS002260,2026-07,4.9,674,33,2.9
CUS002261,2026-05,29.3,1460,171,11.0
CUS002261,2026-06,19.2,955,112,7.2
CUS002261,2026-07,23.9,1189,139,9.0
CUS002262,2026-05,167.2,1781,539,39.9
CUS002262,2026-06,140.2,1493,452,33.5
CUS002262,2026-07,256.4,1517,459,61.2
CUS002263,2026-05,26.9,317,110,1.5
CUS002263,2026-06,29.1,343,119,1.6
CUS002263,2026-07,28.6,337,117,1.5
CUS002264,2026-05,1.1,932,141,1.4
CUS002264,2026-06,2.2,1010,153,2.7
CUS002264,2026-07,1.3,1099,166,1.6
CUS002265,2026-05,137.7,931,79,31.9
CUS002265,2026-06,166.0,1122,95,38.5
CUS002265,2026-07,160.7,1086,92,37.2
CUS002266,2026-05,12.2,318,20,7.6
CUS002266,2026-06,10.5,272,17,6.5
CUS002266,2026-07,11.8,306,19,7.3
CUS002267,2026-05,116.5,1969,67,58.0
CUS002267,2026-06,117.7,1989,68,58.5
CUS002267,2026-07,137.4,2322,79,68.4
CUS002268,2026-05,87.2,412,381,18.6
CUS002268,2026-06,80.9,383,354,17.2
CUS002268,2026-07,98.6,467,431,21.0
CUS002269,2026-05,143.0,442,122,33.7
CUS002269,2026-06,216.3,669,185,51.0
CUS002269,2026-07,354.9,610,168,83.6
CUS002270,2026-05,4.6,1036,50,1.3
CUS002270,2026-06,3.3,738,36,0.9
CUS002270,2026-07,3.6,817,40,1.0
CUS002271,2026-05,5.2,79,59,1.4
CUS002271,2026-06,8.1,68,51,2.1
CUS002271,2026-07,6.2,93,70,1.6
CUS002272,2026-05,7.9,617,128,2.7
CUS002272,2026-06,7.7,608,126,2.7
CUS002272,2026-07,8.1,639,132,2.8
CUS002273,2026-05,6.1,47,34,1.2
CUS002273,2026-06,5.7,44,32,1.1
CUS002273,2026-07,5.6,44,31,1.1
CUS002274,2026-05,96.9,362,111,31.5
CUS002274,2026-06,68.5,256,78,22.3
CUS002274,2026-07,81.0,302,93,26.3
CUS002275,2026-05,87.6,174,76,11.6
CUS002275,2026-06,81.2,161,70,10.8
CUS002275,2026-07,94.1,186,82,12.5
CUS002276,2026-05,8.4,101,58,3.8
CUS002276,2026-06,13.1,156,90,5.9
CUS002276,2026-07,8.6,102,59,3.9
CUS002277,2026-05,6.3,211,83,1.2
CUS002277,2026-06,5.8,191,75,1.1
CUS002277,2026-07,6.2,207,82,1.2
CUS002278,2026-05,3.4,181,73,1.4
CUS002278,2026-06,3.0,157,63,1.2
CUS002278,2026-07,3.8,200,81,1.6
CUS002279,2026-05,166.7,1394,172,78.8
CUS002279,2026-06,178.1,1489,184,84.2
CUS002279,2026-07,123.3,1031,127,58.3
CUS002280,2026-05,137.5,634,211,75.0
CUS002280,2026-06,212.7,981,326,116.0
CUS002280,2026-07,258.3,662,220,140.8
CUS002281,2026-05,102.3,1200,33,35.4
CUS002281,2026-06,95.9,1125,31,33.2
CUS002281,2026-07,110.5,1297,36,38.2
CUS002282,2026-05,15.3,235,151,6.3
CUS002282,2026-06,17.8,271,175,7.3
CUS002282,2026-07,15.9,243,157,6.5
CUS002283,2026-05,14.7,214,34,7.3
CUS002283,2026-06,14.4,210,33,7.1
CUS002283,2026-07,18.6,271,43,9.2
CUS002284,2026-05,90.2,314,96,31.4
CUS002284,2026-06,72.7,253,77,25.3
CUS002284,2026-07,97.3,338,103,33.9
CUS002285,2026-05,8.2,1076,133,7.0
CUS002285,2026-06,12.1,1590,197,10.3
CUS002285,2026-07,9.6,1254,155,8.1
CUS002286,2026-05,23.7,789,334,7.6
CUS002286,2026-06,23.1,771,326,7.4
CUS002286,2026-07,19.3,642,272,6.2
CUS002287,2026-05,13.6,1384,189,0.4
CUS002287,2026-06,14.3,1455,198,0.5
CUS002287,2026-07,14.9,1519,207,0.5
CUS002288,2026-05,27.2,147,60,3.9
CUS002288,2026-06,26.6,143,58,3.8
CUS002288,2026-07,34.2,184,75,4.9
CUS002289,2026-05,85.1,75,16,15.9
CUS002289,2026-06,109.9,97,21,20.6
CUS002289,2026-07,137.6,121,26,25.8
CUS002290,2026-05,175.0,1444,131,50.6
CUS002290,2026-06,144.0,1188,108,41.6
CUS002290,2026-07,181.4,1497,136,52.4
CUS002291,2026-05,63.6,1055,138,91.6
CUS002291,2026-06,60.8,1007,131,87.5
CUS002291,2026-07,75.1,1245,162,108.1
CUS002292,2026-05,10.4,104,110,5.8
CUS002292,2026-06,13.7,136,144,7.6
CUS002292,2026-07,10.1,101,106,5.6
CUS002293,2026-05,174.1,1885,392,65.8
CUS002293,2026-06,158.0,1711,355,59.7
CUS002293,2026-07,137.5,1489,309,52.0
CUS002294,2026-05,6.7,89,11,0.3
CUS002294,2026-06,9.1,121,16,0.4
CUS002294,2026-07,6.0,81,10,0.3
CUS002295,2026-05,13.3,286,21,3.6
CUS002295,2026-06,15.7,336,24,4.3
CUS002295,2026-07,13.0,279,20,3.5
CUS002296,2026-05,27.7,271,172,6.7
CUS002296,2026-06,18.7,184,116,4.5
CUS002296,2026-07,26.3,257,163,6.3
CUS002297,2026-05,170.2,1612,352,32.0
CUS002297,2026-06,181.1,1715,375,34.0
CUS002297,2026-07,189.5,1794,392,35.6
CUS002298,2026-05,112.7,1661,70,17.4
CUS002298,2026-06,134.9,1987,84,20.9
CUS002298,2026-07,116.9,1723,72,18.1
CUS002299,2026-05,26.3,436,134,3.8
CUS002299,2026-06,26.7,443,136,3.9
CUS002299,2026-07,19.7,327,100,2.9
CUS002300,2026-05,87.9,54,21,4.1
CUS002300,2026-06,112.6,69,27,5.3
CUS002300,2026-07,124.2,76,29,5.8
CUS002301,2026-05,82.7,180,98,31.0
CUS002301,2026-06,65.4,142,78,24.5
CUS002301,2026-07,57.9,126,69,21.7
CUS002302,2026-05,19.6,395,43,1.8
CUS002302,2026-06,17.9,359,39,1.6
CUS002302,2026-07,22.2,446,49,2.0
CUS002303,2026-05,31.5,316,52,5.4
CUS002303,2026-06,16.0,288,47,2.7
CUS002303,2026-07,18.3,330,54,3.1
CUS002304,2026-05,19.6,691,47,3.6
CUS002304,2026-06,30.4,1071,73,5.6
CUS002304,2026-07,24.4,861,59,4.5
CUS002305,2026-05,198.2,880,287,31.6
CUS002305,2026-06,203.8,905,295,32.5
CUS002305,2026-07,172.0,763,249,27.5
CUS002306,2026-05,2.6,154,53,0.9
CUS002306,2026-06,2.4,142,49,0.9
CUS002306,2026-07,2.7,156,53,0.9
CUS002307,2026-05,1.0,135,45,0.9
CUS002307,2026-06,0.9,126,42,0.8
CUS002307,2026-07,0.7,102,34,0.7
CUS002308,2026-05,4.0,566,122,1.5
CUS002308,2026-06,3.9,547,118,1.4
CUS002308,2026-07,4.1,578,125,1.5
CUS002309,2026-05,57.7,422,70,25.3
CUS002309,2026-06,49.3,361,60,21.6
CUS002309,2026-07,45.6,333,55,20.0
CUS002310,2026-05,193.6,1180,579,41.4
CUS002310,2026-06,156.3,953,467,33.4
CUS002310,2026-07,186.5,1137,558,39.9
CUS002311,2026-05,63.7,1500,207,51.5
CUS002311,2026-06,64.3,1514,209,52.0
CUS002311,2026-07,54.0,1272,176,43.7
CUS002312,2026-05,4.2,90,65,0.3
CUS002312,2026-06,4.2,90,65,0.3
CUS002312,2026-07,3.4,73,53,0.2
CUS002313,2026-05,2.2,118,38,0.1
CUS002313,2026-06,2.2,123,40,0.1
CUS002313,2026-07,2.4,130,42,0.1
CUS002314,2026-05,7.9,184,23,1.6
CUS002314,2026-06,5.8,136,17,1.2
CUS002314,2026-07,7.2,169,21,1.5
CUS002315,2026-05,106.2,87,45,17.5
CUS002315,2026-06,117.5,97,50,19.3
CUS002315,2026-07,135.7,112,58,22.3
CUS002316,2026-05,2.6,108,45,0.0
CUS002316,2026-06,2.0,83,34,0.0
CUS002316,2026-07,1.8,77,32,0.0
CUS002317,2026-05,3.1,1208,145,2.5
CUS002317,2026-06,3.1,1200,144,2.4
CUS002317,2026-07,3.4,1303,157,2.6
CUS002318,2026-05,103.3,1331,192,71.9
CUS002318,2026-06,77.1,993,144,53.6
CUS002318,2026-07,105.8,1364,197,73.6
CUS002319,2026-05,14.9,240,72,5.0
CUS002319,2026-06,18.7,301,90,6.3
CUS002319,2026-07,24.1,388,117,8.1
CUS002320,2026-05,4.8,1636,248,0.9
CUS002320,2026-06,3.9,1329,202,0.8
CUS002320,2026-07,5.6,1912,290,1.1
CUS002321,2026-05,140.3,200,23,22.0
CUS002321,2026-06,120.8,172,20,18.9
CUS002321,2026-07,121.7,173,20,19.0
CUS002322,2026-05,156.2,932,505,33.3
CUS002322,2026-06,134.3,802,434,28.6
CUS002322,2026-07,149.6,893,484,31.9
CUS002323,2026-05,11.6,204,96,6.2
CUS002323,2026-06,10.9,192,90,5.8
CUS002323,2026-07,15.5,274,129,8.3
CUS002324,2026-05,161.1,939,313,36.4
CUS002324,2026-06,136.1,793,264,30.8
CUS002324,2026-07,116.4,678,226,26.3
CUS002325,2026-05,154.6,1696,378,67.7
CUS002325,2026-06,216.6,2376,530,94.9
CUS002325,2026-07,169.3,1857,414,74.2
CUS002326,2026-05,7.1,89,30,5.1
CUS002326,2026-06,10.2,129,43,7.3
CUS002326,2026-07,9.8,124,41,7.0
CUS002327,2026-05,55.1,325,10,13.9
CUS002327,2026-06,36.7,216,7,9.3
CUS002327,2026-07,42.3,249,8,10.7
CUS002328,2026-05,21.9,341,146,4.0
CUS002328,2026-06,17.6,274,118,3.2
CUS002328,2026-07,21.5,335,144,3.9
CUS002329,2026-05,23.4,1873,129,3.2
CUS002329,2026-06,18.9,1518,104,2.6
CUS002329,2026-07,22.0,1762,121,3.0
CUS002330,2026-05,7.9,507,155,0.6
CUS002330,2026-06,11.3,724,222,0.9
CUS002330,2026-07,8.4,538,165,0.6
CUS002331,2026-05,18.0,344,19,7.4
CUS002331,2026-06,20.1,385,22,8.3
CUS002331,2026-07,14.6,279,16,6.0
CUS002332,2026-05,19.2,229,83,4.8
CUS002332,2026-06,18.0,214,77,4.5
CUS002332,2026-07,26.1,311,112,6.5
CUS002333,2026-05,14.2,156,15,5.1
CUS002333,2026-06,20.1,221,21,7.2
CUS002333,2026-07,20.5,225,21,7.3
CUS002334,2026-05,9.4,1417,138,0.5
CUS002334,2026-06,7.7,1158,113,0.4
CUS002334,2026-07,8.8,1317,128,0.5
CUS002335,2026-05,141.5,1663,76,93.0
CUS002335,2026-06,165.9,1949,89,109.0
CUS002335,2026-07,113.4,1332,61,74.5
CUS002336,2026-05,27.7,1292,226,3.0
CUS002336,2026-06,41.9,1956,342,4.5
CUS002336,2026-07,29.9,1397,244,3.2
CUS002337,2026-05,13.0,351,64,1.6
CUS002337,2026-06,15.0,402,73,1.9
CUS002337,2026-07,12.2,328,60,1.5
CUS002338,2026-05,113.1,103,98,17.6
CUS002338,2026-06,105.6,96,91,16.5
CUS002338,2026-07,93.1,85,81,14.5
CUS002339,2026-05,8.6,739,167,2.5
CUS002339,2026-06,11.0,944,214,3.2
CUS002339,2026-07,7.8,670,151,2.3
CUS002340,2026-05,69.1,1515,59,22.8
CUS002340,2026-06,71.7,1572,62,23.7
CUS002340,2026-07,81.6,1789,70,26.9
CUS002341,2026-05,26.1,1514,42,3.0
CUS002341,2026-06,23.3,1352,37,2.7
CUS002341,2026-07,33.7,1957,54,3.9
CUS002342,2026-05,89.9,204,28,22.6
CUS002342,2026-06,96.2,219,30,24.2
CUS002342,2026-07,91.7,208,28,23.0
CUS002343,2026-05,9.4,116,120,6.8
CUS002343,2026-06,10.8,133,138,7.8
CUS002343,2026-07,11.7,145,149,8.5
CUS002344,2026-05,129.6,240,18,22.4
CUS002344,2026-06,139.6,259,19,24.1
CUS002344,2026-07,116.6,216,16,20.2
CUS002345,2026-05,85.8,1618,64,72.6
CUS002345,2026-06,179.3,1879,75,151.8
CUS002345,2026-07,71.9,1357,54,60.9
CUS002346,2026-05,17.5,149,88,6.0
CUS002346,2026-06,26.8,229,135,9.2
CUS002346,2026-07,20.3,173,102,6.9
CUS002347,2026-05,80.0,2012,154,75.7
CUS002347,2026-06,77.7,1954,150,73.5
CUS002347,2026-07,72.6,1827,140,68.7
CUS002348,2026-05,115.1,135,8,28.5
CUS002348,2026-06,111.6,130,8,27.6
CUS002348,2026-07,99.6,117,7,24.7
CUS002349,2026-05,97.2,240,7,14.5
CUS002349,2026-06,117.2,290,8,17.5
CUS002349,2026-07,97.1,240,7,14.5
CUS002350,2026-05,30.5,1854,265,7.8
CUS002350,2026-06,35.9,2184,312,9.2
CUS002350,2026-07,34.9,2121,303,9.0
CUS002351,2026-05,160.4,1107,188,70.7
CUS002351,2026-06,206.9,1428,243,91.2
CUS002351,2026-07,206.5,1425,243,91.0
CUS002352,2026-05,4.1,148,39,1.4
CUS002352,2026-06,4.9,178,47,1.6
CUS002352,2026-07,5.3,193,51,1.8
CUS002353,2026-05,5.5,113,31,0.8
CUS002353,2026-06,5.8,117,33,0.8
CUS002353,2026-07,7.2,146,41,1.0
CUS002354,2026-05,120.8,850,35,48.1
CUS002354,2026-06,143.2,1008,42,57.0
CUS002354,2026-07,126.9,893,37,50.5
CUS002355,2026-05,87.0,1233,39,45.0
CUS002355,2026-06,129.7,1838,58,67.1
CUS002355,2026-07,92.1,1306,41,47.7
CUS002356,2026-05,33.4,1284,95,8.1
CUS002356,2026-06,35.8,1375,101,8.7
CUS002356,2026-07,40.1,1540,114,9.8
CUS002357,2026-05,144.3,300,112,34.9
CUS002357,2026-06,96.1,200,74,23.2
CUS002357,2026-07,146.9,305,114,35.5
CUS002358,2026-05,72.2,730,185,28.1
CUS002358,2026-06,86.2,871,221,33.5
CUS002358,2026-07,107.0,1082,275,41.6
CUS002359,2026-05,23.6,1146,243,0.2
CUS002359,2026-06,24.5,1188,251,0.2
CUS002359,2026-07,24.9,1210,256,0.2
CUS002360,2026-05,6.8,925,213,2.3
CUS002360,2026-06,5.4,741,171,1.8
CUS002360,2026-07,7.5,1023,236,2.5
CUS002361,2026-05,105.6,1640,260,70.9
CUS002361,2026-06,109.3,1696,269,73.3
CUS002361,2026-07,120.5,1871,296,80.9
CUS002362,2026-05,16.7,298,15,6.3
CUS002362,2026-06,15.3,273,14,5.8
CUS002362,2026-07,19.8,354,18,7.5
CUS002363,2026-05,11.4,205,99,6.0
CUS002363,2026-06,7.9,142,68,4.1
CUS002363,2026-07,7.8,140,67,4.1
CUS002364,2026-05,58.5,1490,349,17.8
CUS002364,2026-06,58.6,1492,349,17.8
CUS002364,2026-07,58.6,1493,349,17.8
CUS002365,2026-05,43.3,1416,224,0.4
CUS002365,2026-06,30.3,990,157,0.3
CUS002365,2026-07,37.6,1230,195,0.3
CUS002366,2026-05,24.5,417,83,2.0
CUS002366,2026-06,22.6,385,77,1.9
CUS002366,2026-07,18.1,308,61,1.5
CUS002367,2026-05,34.7,1823,162,5.3
CUS002367,2026-06,27.4,1439,128,4.2
CUS002367,2026-07,33.1,1737,154,5.1
CUS002368,2026-05,21.0,469,20,2.9
CUS002368,2026-06,17.5,392,16,2.4
CUS002368,2026-07,16.0,358,15,2.2
CUS002369,2026-05,27.5,997,188,7.3
CUS002369,2026-06,20.0,727,137,5.3
CUS002369,2026-07,28.1,1021,192,7.4
CUS002370,2026-05,176.9,1120,369,57.8
CUS002370,2026-06,241.1,1526,502,78.8
CUS002370,2026-07,167.6,1061,349,54.8
CUS002371,2026-05,48.1,53,47,17.1
CUS002371,2026-06,61.9,68,61,22.0
CUS002371,2026-07,47.9,53,47,17.0
CUS002372,2026-05,136.6,147,50,15.7
CUS002372,2026-06,153.7,166,56,17.7
CUS002372,2026-07,124.7,134,46,14.4
CUS002373,2026-05,23.2,991,209,4.8
CUS002373,2026-06,21.1,899,190,4.3
CUS002373,2026-07,27.0,1154,244,5.5
CUS002374,2026-05,0.9,121,30,0.4
CUS002374,2026-06,0.7,173,42,0.3
CUS002374,2026-07,0.5,133,32,0.2
CUS002375,2026-05,15.8,302,41,0.1
CUS002375,2026-06,15.1,290,40,0.1
CUS002375,2026-07,15.2,292,40,0.1
CUS002376,2026-05,5.4,172,32,1.6
CUS002376,2026-06,9.3,163,30,2.7
CUS002376,2026-07,5.4,171,32,1.6
CUS002377,2026-05,49.0,90,32,11.6
CUS002377,2026-06,43.1,79,28,10.2
CUS002377,2026-07,53.0,97,35,12.5
CUS002378,2026-05,3.8,46,27,1.3
CUS002378,2026-06,2.9,35,20,1.0
CUS002378,2026-07,3.4,41,24,1.2
CUS002379,2026-05,17.1,329,104,1.0
CUS002379,2026-06,22.7,435,138,1.3
CUS002379,2026-07,16.5,316,100,0.9
CUS002380,2026-05,4.3,1103,39,1.8
CUS002380,2026-06,4.7,1187,42,1.9
CUS002380,2026-07,6.4,1631,58,2.6
CUS002381,2026-05,182.7,244,69,12.8
CUS002381,2026-06,168.4,225,64,11.8
CUS002381,2026-07,161.6,216,61,11.3
CUS002382,2026-05,11.7,273,121,6.6
CUS002382,2026-06,17.4,405,179,9.7
CUS002382,2026-07,14.4,336,148,8.1
CUS002383,2026-05,1.6,761,227,3.1
CUS002383,2026-06,1.4,647,193,2.6
CUS002383,2026-07,1.7,772,231,3.1
CUS002384,2026-05,16.9,751,45,9.1
CUS002384,2026-06,17.7,783,47,9.4
CUS002384,2026-07,14.8,657,39,7.9
CUS002385,2026-05,19.1,155,91,4.7
CUS002385,2026-06,21.9,178,104,5.3
CUS002385,2026-07,29.6,240,140,7.2
CUS002386,2026-05,5.6,112,86,0.8
CUS002386,2026-06,4.5,92,71,0.7
CUS002386,2026-07,4.8,96,74,0.7
CUS002387,2026-05,6.0,104,30,0.0
CUS002387,2026-06,7.0,121,34,0.0
CUS002387,2026-07,6.3,109,31,0.0
CUS002388,2026-05,85.6,1116,242,84.6
CUS002388,2026-06,90.2,1177,255,89.2
CUS002388,2026-07,71.0,927,201,70.2
CUS002389,2026-05,30.6,264,115,2.0
CUS002389,2026-06,25.4,218,95,1.6
CUS002389,2026-07,32.6,280,122,2.1
CUS002390,2026-05,26.3,1317,117,7.9
CUS002390,2026-06,30.2,1509,134,9.1
CUS002390,2026-07,36.0,1803,160,10.9
CUS002391,2026-05,61.3,890,450,55.3
CUS002391,2026-06,66.1,959,485,59.6
CUS002391,2026-07,63.7,925,468,57.4
CUS002392,2026-05,112.6,406,89,35.7
CUS002392,2026-06,99.7,359,78,31.6
CUS002392,2026-07,73.6,265,58,23.4
CUS002393,2026-05,12.9,132,33,5.6
CUS002393,2026-06,14.0,143,35,6.1
CUS002393,2026-07,15.2,155,38,6.6
CUS002394,2026-05,157.3,1258,263,60.3
CUS002394,2026-06,143.8,1150,240,55.1
CUS002394,2026-07,186.7,1493,312,71.5
CUS002395,2026-05,213.5,1710,491,100.2
CUS002395,2026-06,230.7,1848,531,108.3
CUS002395,2026-07,156.4,1253,360,73.4
CUS002396,2026-05,32.2,988,274,2.4
CUS002396,2026-06,30.4,933,259,2.3
CUS002396,2026-07,23.9,735,204,1.8
CUS002397,2026-05,25.0,392,159,10.7
CUS002397,2026-06,12.4,350,142,5.3
CUS002397,2026-07,11.2,316,128,4.8
CUS002398,2026-05,59.0,76,67,13.6
CUS002398,2026-06,61.4,79,69,14.2
CUS002398,2026-07,61.0,79,69,14.1
CUS002399,2026-05,122.1,700,41,63.1
CUS002399,2026-06,123.4,707,41,63.8
CUS002399,2026-07,103.2,591,34,53.3
CUS002400,2026-05,13.8,346,95,5.6
CUS002400,2026-06,11.2,280,77,4.6
CUS002400,2026-07,12.6,316,87,5.2
CUS002401,2026-05,14.6,193,95,0.7
CUS002401,2026-06,22.8,300,148,1.1
CUS002401,2026-07,39.9,292,144,1.9
CUS002402,2026-05,20.8,208,19,5.8
CUS002402,2026-06,27.4,274,26,7.7
CUS002402,2026-07,20.6,206,19,5.8
CUS002403,2026-05,28.6,361,137,5.8
CUS002403,2026-06,31.0,391,148,6.3
CUS002403,2026-07,29.9,378,143,6.1
CUS002404,2026-05,221.8,2443,438,116.6
CUS002404,2026-06,216.1,2381,427,113.6
CUS002404,2026-07,138.2,1522,273,72.6
CUS002405,2026-05,21.0,251,124,1.0
CUS002405,2026-06,19.9,238,118,1.0
CUS002405,2026-07,26.2,313,155,1.3
CUS002406,2026-05,23.3,996,232,1.2
CUS002406,2026-06,31.9,1363,318,1.7
CUS002406,2026-07,31.2,1333,311,1.7
CUS002407,2026-05,18.7,172,66,4.0
CUS002407,2026-06,17.4,160,62,3.7
CUS002407,2026-07,25.7,236,91,5.5
CUS002408,2026-05,24.5,602,249,3.4
CUS002408,2026-06,35.5,873,362,5.0
CUS002408,2026-07,23.1,567,235,3.2
CUS002409,2026-05,22.4,245,32,1.1
CUS002409,2026-06,23.4,257,34,1.2
CUS002409,2026-07,31.5,346,45,1.6
CUS002410,2026-05,37.1,162,46,4.2
CUS002410,2026-06,59.8,262,73,6.7
CUS002410,2026-07,41.6,182,51,4.7
CUS002411,2026-05,117.6,256,80,13.6
CUS002411,2026-06,127.1,277,86,14.7
CUS002411,2026-07,130.7,284,88,15.1
CUS002412,2026-05,7.4,265,21,3.4
CUS002412,2026-06,11.2,401,32,5.2
CUS002412,2026-07,9.7,348,28,4.5
CUS002413,2026-05,17.9,617,256,9.0
CUS002413,2026-06,16.0,553,230,8.1
CUS002413,2026-07,27.7,531,220,14.0
CUS002414,2026-05,6.5,947,60,1.6
CUS002414,2026-06,6.0,1557,99,1.4
CUS002414,2026-07,3.7,978,62,0.9
CUS002415,2026-05,9.6,393,157,7.2
CUS002415,2026-06,9.8,403,161,7.4
CUS002415,2026-07,10.2,417,167,7.7
CUS002416,2026-05,2.0,1091,105,2.0
CUS002416,2026-06,2.1,1155,111,2.1
CUS002416,2026-07,2.4,1285,124,2.3
CUS002417,2026-05,21.9,239,25,5.5
CUS002417,2026-06,27.4,298,31,6.9
CUS002417,2026-07,30.9,336,35,7.8
CUS002418,2026-05,14.6,958,52,6.2
CUS002418,2026-06,14.1,923,50,6.0
CUS002418,2026-07,17.0,1114,61,7.3
CUS002419,2026-05,87.0,896,232,58.8
CUS002419,2026-06,132.7,1367,354,89.7
CUS002419,2026-07,110.1,1134,294,74.5
CUS002420,2026-05,9.1,1300,158,0.6
CUS002420,2026-06,11.0,1562,190,0.7
CUS002420,2026-07,10.9,1557,189,0.7
CUS002421,2026-05,16.0,308,111,6.5
CUS002421,2026-06,22.9,440,158,9.3
CUS002421,2026-07,19.5,376,135,7.9
CUS002422,2026-05,24.6,1146,54,2.1
CUS002422,2026-06,24.2,1127,53,2.1
CUS002422,2026-07,24.5,1141,54,2.1
CUS002423,2026-05,1.6,497,150,0.6
CUS002423,2026-06,1.6,477,144,0.5
CUS002423,2026-07,1.7,526,158,0.6
CUS002424,2026-05,101.3,69,70,7.8
CUS002424,2026-06,112.9,77,78,8.7
CUS002424,2026-07,119.5,82,83,9.2
CUS002425,2026-05,35.5,1348,75,7.3
CUS002425,2026-06,33.1,1254,70,6.8
CUS002425,2026-07,32.6,1237,69,6.7
CUS002426,2026-05,4.9,102,60,1.3
CUS002426,2026-06,4.4,90,53,1.1
CUS002426,2026-07,4.9,102,60,1.3
CUS002427,2026-05,81.0,98,78,15.0
CUS002427,2026-06,65.3,79,63,12.1
CUS002427,2026-07,153.4,103,82,28.4
CUS002428,2026-05,195.1,2011,377,92.7
CUS002428,2026-06,153.4,1581,296,72.9
CUS002428,2026-07,151.7,1563,293,72.0
CUS002429,2026-05,44.9,1552,58,2.3
CUS002429,2026-06,45.9,1585,59,2.4
CUS002429,2026-07,30.9,1067,40,1.6
CUS002430,2026-05,9.8,143,109,4.5
CUS002430,2026-06,7.5,109,83,3.4
CUS002430,2026-07,8.2,120,91,3.7
CUS002431,2026-05,18.6,381,114,9.2
CUS002431,2026-06,13.2,269,80,6.5
CUS002431,2026-07,14.1,288,86,7.0
CUS002432,2026-05,0.9,92,23,0.5
CUS002432,2026-06,0.9,90,22,0.5
CUS002432,2026-07,0.9,94,23,0.5
CUS002433,2026-05,157.9,1943,38,97.9
CUS002433,2026-06,165.9,2041,40,102.9
CUS002433,2026-07,120.5,1482,29,74.7
CUS002434,2026-05,1.6,93,55,1.5
CUS002434,2026-06,2.0,111,66,1.8
CUS002434,2026-07,1.7,98,58,1.6
CUS002435,2026-05,71.2,808,270,27.0
CUS002435,2026-06,172.7,1089,365,65.5
CUS002435,2026-07,82.9,941,315,31.4
CUS002436,2026-05,135.4,1837,169,35.0
CUS002436,2026-06,278.1,2097,193,71.9
CUS002436,2026-07,158.3,2148,198,40.9
CUS002437,2026-05,31.9,382,55,4.8
CUS002437,2026-06,33.9,406,58,5.1
CUS002437,2026-07,36.0,431,62,5.4
CUS002438,2026-05,22.9,328,99,2.9
CUS002438,2026-06,26.7,382,115,3.4
CUS002438,2026-07,26.0,372,112,3.3
CUS002439,2026-05,3.6,2169,44,2.2
CUS002439,2026-06,3.0,1855,38,1.9
CUS002439,2026-07,3.1,1880,38,1.9
CUS002440,2026-05,12.9,247,35,0.2
CUS002440,2026-06,17.9,343,48,0.3
CUS002440,2026-07,16.1,307,43,0.3
CUS002441,2026-05,11.7,766,59,2.2
CUS002441,2026-06,10.9,715,55,2.1
CUS002441,2026-07,13.2,867,67,2.5
CUS002442,2026-05,21.6,268,83,4.9
CUS002442,2026-06,22.1,274,84,5.0
CUS002442,2026-07,27.5,342,105,6.2
CUS002443,2026-05,5.7,2246,47,1.3
CUS002443,2026-06,4.8,1919,40,1.1
CUS002443,2026-07,5.2,2056,43,1.2
CUS002444,2026-05,18.8,110,107,5.9
CUS002444,2026-06,23.5,138,133,7.3
CUS002444,2026-07,23.3,136,132,7.2
CUS002445,2026-05,41.4,749,305,9.8
CUS002445,2026-06,33.0,596,243,7.8
CUS002445,2026-07,32.4,586,239,7.7
CUS002446,2026-05,17.0,88,18,4.1
CUS002446,2026-06,16.8,88,18,4.0
CUS002446,2026-07,17.4,91,19,4.2
CUS002447,2026-05,50.2,410,62,27.8
CUS002447,2026-06,39.8,325,50,22.1
CUS002447,2026-07,49.0,401,61,27.2
CUS002448,2026-05,7.4,2076,177,2.8
CUS002448,2026-06,7.2,2034,173,2.8
CUS002448,2026-07,6.8,1909,163,2.6
CUS002449,2026-05,138.0,832,502,62.1
CUS002449,2026-06,139.4,841,508,62.7
CUS002449,2026-07,96.7,583,352,43.5
CUS002450,2026-05,17.1,308,140,2.8
CUS002450,2026-06,13.2,237,107,2.1
CUS002450,2026-07,18.4,330,150,3.0
CUS002451,2026-05,142.4,1554,166,28.1
CUS002451,2026-06,148.9,1624,173,29.4
CUS002451,2026-07,160.2,1748,187,31.6
CUS002452,2026-05,107.8,888,148,35.9
CUS002452,2026-06,131.0,1079,180,43.6
CUS002452,2026-07,133.9,1103,184,44.6
CUS002453,2026-05,35.9,2141,329,1.7
CUS002453,2026-06,35.9,2135,328,1.7
CUS002453,2026-07,24.7,1470,226,1.2
CUS002454,2026-05,188.5,1731,439,35.3
CUS002454,2026-06,180.7,1660,421,33.8
CUS002454,2026-07,167.8,1541,391,31.4
CUS002455,2026-05,1.9,217,55,1.5
CUS002455,2026-06,1.9,217,55,1.5
CUS002455,2026-07,1.7,193,49,1.3
CUS002456,2026-05,76.9,666,243,67.9
CUS002456,2026-06,90.0,779,284,79.4
CUS002456,2026-07,92.7,803,293,81.9
CUS002457,2026-05,100.1,1426,273,86.7
CUS002457,2026-06,107.5,1533,293,93.2
CUS002457,2026-07,122.0,1740,333,105.8
CUS002458,2026-05,10.3,2196,209,0.9
CUS002458,2026-06,7.5,1597,152,0.6
CUS002458,2026-07,7.1,1519,145,0.6
CUS002459,2026-05,0.7,155,50,0.3
CUS002459,2026-06,0.6,139,44,0.3
CUS002459,2026-07,0.6,124,40,0.2
CUS002460,2026-05,17.1,93,10,1.7
CUS002460,2026-06,17.2,94,10,1.7
CUS002460,2026-07,17.8,97,10,1.7
CUS002461,2026-05,28.5,407,42,6.3
CUS002461,2026-06,21.2,302,31,4.6
CUS002461,2026-07,19.5,279,29,4.3
CUS002462,2026-05,3.1,45,16,0.5
CUS002462,2026-06,3.4,50,18,0.6
CUS002462,2026-07,4.5,66,23,0.8
CUS002463,2026-05,12.1,130,73,0.2
CUS002463,2026-06,11.4,123,69,0.2
CUS002463,2026-07,16.2,174,98,0.3
CUS002464,2026-05,8.5,1584,92,1.6
CUS002464,2026-06,10.5,1962,114,1.9
CUS002464,2026-07,9.3,1743,102,1.7
CUS002465,2026-05,32.5,193,171,8.3
CUS002465,2026-06,30.4,181,160,7.8
CUS002465,2026-07,27.6,164,145,7.1
CUS002466,2026-05,175.3,2061,455,80.1
CUS002466,2026-06,111.2,1307,288,50.8
CUS002466,2026-07,163.4,1920,424,74.7
CUS002467,2026-05,29.1,1897,92,5.7
CUS002467,2026-06,30.5,1989,97,5.9
CUS002467,2026-07,28.6,1866,91,5.6
CUS002468,2026-05,15.4,155,76,5.5
CUS002468,2026-06,20.3,204,100,7.2
CUS002468,2026-07,22.6,227,111,8.0
CUS002469,2026-05,96.0,229,92,27.0
CUS002469,2026-06,101.3,241,97,28.5
CUS002469,2026-07,202.1,267,108,56.8
CUS002470,2026-05,21.9,867,234,5.7
CUS002470,2026-06,16.3,645,174,4.2
CUS002470,2026-07,14.0,552,149,3.6
CUS002471,2026-05,79.8,105,15,25.5
CUS002471,2026-06,48.7,116,17,15.6
CUS002471,2026-07,57.8,137,20,18.5
CUS002472,2026-05,169.9,199,45,25.1
CUS002472,2026-06,156.7,184,42,23.2
CUS002472,2026-07,126.7,149,34,18.7
CUS002473,2026-05,84.9,306,57,22.5
CUS002473,2026-06,76.9,277,52,20.4
CUS002473,2026-07,89.8,324,60,23.8
CUS002474,2026-05,8.8,235,20,6.1
CUS002474,2026-06,12.0,319,28,8.2
CUS002474,2026-07,11.7,311,27,8.0
CUS002475,2026-05,24.8,207,86,4.8
CUS002475,2026-06,21.0,175,73,4.1
CUS002475,2026-07,28.5,238,99,5.6
CUS002476,2026-05,32.3,823,102,1.8
CUS002476,2026-06,44.6,1138,141,2.5
CUS002476,2026-07,45.3,1155,143,2.5
CUS002477,2026-05,95.2,1626,237,46.8
CUS002477,2026-06,75.8,1295,189,37.2
CUS002477,2026-07,104.0,1777,259,51.1
CUS002478,2026-05,146.1,1426,196,73.0
CUS002478,2026-06,127.6,1246,171,63.8
CUS002478,2026-07,157.1,1534,211,78.5
CUS002479,2026-05,31.3,590,34,6.9
CUS002479,2026-06,35.4,667,39,7.9
CUS002479,2026-07,34.1,642,37,7.6
CUS002480,2026-05,56.9,1368,94,71.8
CUS002480,2026-06,77.0,1852,127,97.2
CUS002480,2026-07,73.7,1773,122,93.0
CUS002481,2026-05,44.3,1760,152,7.0
CUS002481,2026-06,38.8,1543,133,6.1
CUS002481,2026-07,45.9,1825,158,7.2
CUS002482,2026-05,4.3,2361,138,0.1
CUS002482,2026-06,4.1,2227,130,0.1
CUS002482,2026-07,3.5,1886,110,0.1
CUS002483,2026-05,7.3,72,23,0.3
CUS002483,2026-06,6.0,59,19,0.2
CUS002483,2026-07,5.9,58,18,0.2
CUS002484,2026-05,82.1,642,227,46.9
CUS002484,2026-06,116.4,910,322,66.4
CUS002484,2026-07,123.4,965,341,70.4
CUS002485,2026-05,22.0,320,170,7.2
CUS002485,2026-06,19.2,279,148,6.3
CUS002485,2026-07,18.9,276,146,6.2
CUS002486,2026-05,120.3,895,347,26.1
CUS002486,2026-06,169.6,1262,490,36.8
CUS002486,2026-07,136.1,1013,393,29.5
CUS002487,2026-05,3.6,175,18,0.0
CUS002487,2026-06,2.9,140,15,0.0
CUS002487,2026-07,3.3,162,17,0.0
CUS002488,2026-05,2.0,66,57,0.5
CUS002488,2026-06,2.8,91,79,0.7
CUS002488,2026-07,2.6,84,73,0.7
CUS002489,2026-05,89.4,277,36,7.3
CUS002489,2026-06,80.0,248,32,6.5
CUS002489,2026-07,82.3,255,33,6.7
CUS002490,2026-05,31.9,1873,276,5.9
CUS002490,2026-06,29.4,1725,254,5.4
CUS002490,2026-07,35.2,2063,304,6.4
CUS002491,2026-05,77.1,2128,189,43.4
CUS002491,2026-06,59.0,1628,144,33.2
CUS002491,2026-07,70.3,1942,172,39.6
CUS002492,2026-05,2.8,131,46,1.8
CUS002492,2026-06,2.6,120,42,1.7
CUS002492,2026-07,3.0,139,48,2.0
CUS002493,2026-05,144.8,124,106,5.8
CUS002493,2026-06,158.9,136,116,6.4
CUS002493,2026-07,133.6,115,97,5.4
CUS002494,2026-05,173.6,655,246,93.2
CUS002494,2026-06,137.6,519,195,73.8
CUS002494,2026-07,141.0,532,200,75.7
CUS002495,2026-05,19.5,108,85,6.4
CUS002495,2026-06,30.3,93,74,10.0
CUS002495,2026-07,22.4,125,98,7.4
CUS002496,2026-05,6.0,189,33,0.3
CUS002496,2026-06,12.9,225,39,0.6
CUS002496,2026-07,5.1,161,28,0.3
CUS002497,2026-05,119.7,185,83,25.3
CUS002497,2026-06,116.3,179,81,24.5
CUS002497,2026-07,107.5,166,75,22.7
CUS002498,2026-05,14.7,1241,252,5.3
CUS002498,2026-06,18.1,1533,312,6.5
CUS002498,2026-07,14.4,1218,248,5.2
CUS002499,2026-05,12.8,639,259,3.8
CUS002499,2026-06,14.0,702,284,4.2
CUS002499,2026-07,14.9,745,302,4.4
CUS002500,2026-05,112.7,82,21,7.2
CUS002500,2026-06,146.5,106,28,9.4
CUS002500,2026-07,126.9,92,24,8.2
CUS002501,2026-05,41.6,273,88,7.9
CUS002501,2026-06,28.2,333,108,5.3
CUS002501,2026-07,35.3,417,134,6.7
CUS002502,2026-05,12.3,275,147,3.1
CUS002502,2026-06,7.8,176,94,2.0
CUS002502,2026-07,10.7,239,128,2.7
CUS002503,2026-05,14.0,290,169,0.7
CUS002503,2026-06,12.2,252,147,0.6
CUS002503,2026-07,10.4,216,126,0.5
CUS002504,2026-05,2.5,874,60,0.0
CUS002504,2026-06,5.3,1035,71,0.1
CUS002504,2026-07,3.5,1250,85,0.1
CUS002505,2026-05,1.5,70,6,0.2
CUS002505,2026-06,1.8,85,7,0.2
CUS002505,2026-07,1.5,70,6,0.2
CUS002506,2026-05,84.1,305,77,16.7
CUS002506,2026-06,77.5,281,71,15.4
CUS002506,2026-07,71.2,259,65,14.1
CUS002507,2026-05,37.6,140,46,24.0
CUS002507,2026-06,57.8,216,70,36.9
CUS002507,2026-07,52.5,196,64,33.6
CUS002508,2026-05,92.2,257,29,12.0
CUS002508,2026-06,127.0,355,40,16.5
CUS002508,2026-07,132.8,371,41,17.3
CUS002509,2026-05,27.2,164,104,0.7
CUS002509,2026-06,29.2,176,112,0.7
CUS002509,2026-07,32.3,195,124,0.8
CUS002510,2026-05,6.4,1456,179,2.1
CUS002510,2026-06,4.2,966,119,1.4
CUS002510,2026-07,5.1,1167,144,1.7
CUS002511,2026-05,18.7,138,123,4.5
CUS002511,2026-06,29.0,119,106,6.9
CUS002511,2026-07,19.5,144,128,4.7
CUS002512,2026-05,12.6,106,23,3.7
CUS002512,2026-06,9.1,76,17,2.7
CUS002512,2026-07,12.5,105,23,3.7
CUS002513,2026-05,129.8,1799,160,82.3
CUS002513,2026-06,116.5,1615,144,73.9
CUS002513,2026-07,92.5,1282,114,58.6
CUS002514,2026-05,1.5,137,40,0.9
CUS002514,2026-06,1.8,160,47,1.1
CUS002514,2026-07,2.0,184,54,1.2
CUS002515,2026-05,63.6,386,14,26.0
CUS002515,2026-06,62.6,380,14,25.6
CUS002515,2026-07,49.3,299,11,20.2
CUS002516,2026-05,4.8,1804,181,0.0
CUS002516,2026-06,4.6,1721,172,0.0
CUS002516,2026-07,6.0,2261,226,0.0
CUS002517,2026-05,9.2,48,41,0.7
CUS002517,2026-06,9.3,49,41,0.7
CUS002517,2026-07,6.0,31,26,0.4
CUS002518,2026-05,10.1,293,37,1.0
CUS002518,2026-06,9.9,288,36,1.0
CUS002518,2026-07,10.4,303,38,1.0
CUS002519,2026-05,13.7,1897,187,3.6
CUS002519,2026-06,9.5,1323,130,2.5
CUS002519,2026-07,13.7,1903,187,3.6
CUS002520,2026-05,18.8,263,122,5.2
CUS002520,2026-06,20.6,287,134,5.7
CUS002520,2026-07,24.0,334,155,6.6
CUS002521,2026-05,34.7,1424,212,6.1
CUS002521,2026-06,38.3,1572,234,6.7
CUS002521,2026-07,41.0,1680,250,7.2
CUS002522,2026-05,117.0,267,114,30.7
CUS002522,2026-06,115.2,263,112,30.3
CUS002522,2026-07,109.4,250,106,28.7
CUS002523,2026-05,18.1,1826,108,7.4
CUS002523,2026-06,16.1,1622,96,6.6
CUS002523,2026-07,19.5,1966,116,8.0
CUS002524,2026-05,198.9,584,93,104.9
CUS002524,2026-06,206.2,605,97,108.7
CUS002524,2026-07,199.7,586,94,105.4
CUS002525,2026-05,9.7,1424,257,3.3
CUS002525,2026-06,13.7,2002,362,4.6
CUS002525,2026-07,9.4,1369,247,3.2
CUS002526,2026-05,60.2,82,78,15.8
CUS002526,2026-06,87.4,119,114,22.9
CUS002526,2026-07,57.5,78,75,15.1
CUS002527,2026-05,112.7,1088,302,57.3
CUS002527,2026-06,141.4,1366,379,71.9
CUS002527,2026-07,115.8,1119,310,58.9
CUS002528,2026-05,76.5,197,56,25.4
CUS002528,2026-06,93.0,240,68,30.9
CUS002528,2026-07,93.6,241,68,31.1
CUS002529,2026-05,204.9,663,339,55.7
CUS002529,2026-06,172.2,557,285,46.8
CUS002529,2026-07,148.7,481,246,40.4
CUS002530,2026-05,180.5,683,200,73.2
CUS002530,2026-06,207.9,786,230,84.3
CUS002530,2026-07,158.5,599,175,64.3
CUS002531,2026-05,11.1,142,82,3.1
CUS002531,2026-06,10.8,138,79,3.0
CUS002531,2026-07,13.0,167,96,3.6
CUS002532,2026-05,103.1,213,45,8.8
CUS002532,2026-06,129.9,269,56,11.1
CUS002532,2026-07,150.0,311,65,12.8
CUS002533,2026-05,128.9,610,45,90.0
CUS002533,2026-06,144.9,686,51,101.1
CUS002533,2026-07,111.5,528,39,77.9
CUS002534,2026-05,21.3,108,101,0.4
CUS002534,2026-06,29.0,147,137,0.6
CUS002534,2026-07,24.6,125,117,0.5
CUS002535,2026-05,190.4,1482,442,69.2
CUS002535,2026-06,157.6,1227,366,57.3
CUS002535,2026-07,213.4,1661,495,77.5
CUS002536,2026-05,216.3,708,535,40.1
CUS002536,2026-06,162.1,530,401,30.1
CUS002536,2026-07,150.2,491,372,27.9
CUS002537,2026-05,19.7,186,62,4.9
CUS002537,2026-06,30.3,286,96,7.5
CUS002537,2026-07,27.1,256,86,6.7
CUS002538,2026-05,20.3,182,136,1.6
CUS002538,2026-06,25.0,224,167,2.0
CUS002538,2026-07,19.4,174,130,1.5
CUS002539,2026-05,14.0,243,95,1.1
CUS002539,2026-06,13.7,239,93,1.1
CUS002539,2026-07,11.7,204,80,0.9
CUS002540,2026-05,77.7,1694,63,7.3
CUS002540,2026-06,30.5,1198,44,2.9
CUS002540,2026-07,47.5,1865,69,4.4
CUS002541,2026-05,4.3,844,64,0.4
CUS002541,2026-06,5.0,979,75,0.5
CUS002541,2026-07,3.8,736,56,0.4
CUS002542,2026-05,24.4,1396,191,1.2
CUS002542,2026-06,38.1,1212,165,1.9
CUS002542,2026-07,15.2,870,119,0.8
CUS002543,2026-05,20.8,174,101,6.3
CUS002543,2026-06,22.5,187,109,6.8
CUS002543,2026-07,47.8,222,129,14.5
CUS002544,2026-05,28.6,687,61,2.6
CUS002544,2026-06,26.3,631,56,2.4
CUS002544,2026-07,38.9,933,83,3.5
CUS002545,2026-05,6.9,208,14,0.2
CUS002545,2026-06,6.9,210,14,0.2
CUS002545,2026-07,5.2,157,10,0.1
CUS002546,2026-05,22.8,212,53,3.5
CUS002546,2026-06,33.2,308,77,5.0
CUS002546,2026-07,49.1,253,63,7.5
CUS002547,2026-05,63.2,961,120,96.2
CUS002547,2026-06,75.7,1151,143,115.2
CUS002547,2026-07,57.9,880,109,88.0
CUS002548,2026-05,150.8,1008,360,77.2
CUS002548,2026-06,152.1,1017,363,77.9
CUS002548,2026-07,160.8,1074,384,82.3
CUS002549,2026-05,12.5,813,125,0.7
CUS002549,2026-06,13.7,887,137,0.7
CUS002549,2026-07,12.6,816,126,0.7
CUS002550,2026-05,36.8,276,46,1.2
CUS002550,2026-06,30.4,229,38,1.0
CUS002550,2026-07,27.5,207,35,0.9
CUS002551,2026-05,17.7,572,143,3.6
CUS002551,2026-06,17.1,553,139,3.5
CUS002551,2026-07,21.8,704,176,4.4
CUS002552,2026-05,30.3,1170,228,7.9
CUS002552,2026-06,38.8,1498,292,10.1
CUS002552,2026-07,35.6,1377,269,9.3
CUS002553,2026-05,6.5,154,8,1.4
CUS002553,2026-06,5.0,120,6,1.1
CUS002553,2026-07,6.5,155,8,1.4
CUS002554,2026-05,18.8,2405,235,8.2
CUS002554,2026-06,11.7,1496,146,5.1
CUS002554,2026-07,14.5,1851,181,6.3
CUS002555,2026-05,33.0,182,109,5.1
CUS002555,2026-06,24.0,132,79,3.7
CUS002555,2026-07,29.9,165,98,4.6
CUS002556,2026-05,99.3,1123,93,31.4
CUS002556,2026-06,146.5,1656,138,46.3
CUS002556,2026-07,109.8,1241,103,34.7
CUS002557,2026-05,32.4,407,111,8.1
CUS002557,2026-06,30.3,381,103,7.6
CUS002557,2026-07,27.8,349,95,6.9
CUS002558,2026-05,29.6,356,87,4.6
CUS002558,2026-06,30.8,370,91,4.8
CUS002558,2026-07,19.6,236,58,3.0
CUS002559,2026-05,2.0,2008,79,2.2
CUS002559,2026-06,1.6,1598,63,1.8
CUS002559,2026-07,1.6,1627,64,1.8
CUS002560,2026-05,19.7,203,116,7.4
CUS002560,2026-06,20.5,211,121,7.7
CUS002560,2026-07,17.2,177,101,6.4
CUS002561,2026-05,111.3,176,83,20.4
CUS002561,2026-06,126.8,201,94,23.2
CUS002561,2026-07,137.4,217,102,25.1
CUS002562,2026-05,17.8,341,39,8.2
CUS002562,2026-06,14.9,285,33,6.9
CUS002562,2026-07,19.2,367,42,8.8
CUS002563,2026-05,36.1,834,204,3.1
CUS002563,2026-06,31.5,728,178,2.7
CUS002563,2026-07,28.5,658,161,2.4
CUS002564,2026-05,6.4,161,40,1.3
CUS002564,2026-06,8.4,213,52,1.8
CUS002564,2026-07,7.7,195,48,1.6
CUS002565,2026-05,1.3,971,112,0.6
CUS002565,2026-06,1.5,1076,124,0.6
CUS002565,2026-07,1.9,1393,161,0.8
CUS002566,2026-05,71.6,1091,336,48.1
CUS002566,2026-06,85.6,1305,402,57.6
CUS002566,2026-07,82.8,1262,389,55.7
CUS002567,2026-05,54.9,232,70,13.8
CUS002567,2026-06,50.1,211,64,12.6
CUS002567,2026-07,62.9,266,81,15.8
CUS002568,2026-05,1.9,42,82,2.0
CUS002568,2026-06,2.0,43,85,2.1
CUS002568,2026-07,1.5,32,64,1.6
CUS002569,2026-05,22.2,319,60,7.5
CUS002569,2026-06,17.6,253,47,6.0
CUS002569,2026-07,27.1,388,73,9.2
CUS002570,2026-05,114.0,629,332,66.5
CUS002570,2026-06,151.8,837,442,88.6
CUS002570,2026-07,158.6,875,462,92.6
CUS002571,2026-05,3.7,56,33,1.1
CUS002571,2026-06,2.7,40,24,0.8
CUS002571,2026-07,4.1,61,36,1.2
CUS002572,2026-05,166.9,1583,163,66.7
CUS002572,2026-06,195.2,1850,191,78.0
CUS002572,2026-07,207.0,1963,202,82.7
CUS002573,2026-05,6.3,65,51,0.5
CUS002573,2026-06,7.7,79,62,0.6
CUS002573,2026-07,8.2,84,66,0.7
CUS002574,2026-05,13.1,328,103,4.1
CUS002574,2026-06,12.2,307,97,3.9
CUS002574,2026-07,11.4,286,90,3.6
CUS002575,2026-05,4.9,57,35,1.5
CUS002575,2026-06,6.5,76,47,2.0
CUS002575,2026-07,5.0,58,36,1.5
CUS002576,2026-05,20.8,102,25,6.2
CUS002576,2026-06,21.6,106,26,6.4
CUS002576,2026-07,23.4,115,28,7.0
CUS002577,2026-05,138.5,575,29,70.3
CUS002577,2026-06,134.2,557,29,68.1
CUS002577,2026-07,210.7,874,45,107.0
CUS002578,2026-05,154.6,1703,384,74.3
CUS002578,2026-06,137.5,1516,342,66.1
CUS002578,2026-07,150.6,1659,374,72.4
CUS002579,2026-05,6.7,200,77,1.3
CUS002579,2026-06,7.3,218,84,1.4
CUS002579,2026-07,9.5,284,110,1.9
CUS002580,2026-05,0.6,110,8,1.0
CUS002580,2026-06,0.7,130,10,1.2
CUS002580,2026-07,0.6,115,9,1.0
CUS002581,2026-05,16.8,298,145,5.1
CUS002581,2026-06,16.1,286,139,4.9
CUS002581,2026-07,16.8,299,146,5.1
CUS002582,2026-05,29.0,1327,260,4.2
CUS002582,2026-06,31.1,1422,279,4.5
CUS002582,2026-07,30.9,1412,277,4.5
CUS002583,2026-05,2.2,126,72,0.2
CUS002583,2026-06,2.7,160,92,0.2
CUS002583,2026-07,2.2,128,73,0.2
CUS002584,2026-05,28.4,174,23,1.0
CUS002584,2026-06,19.9,122,16,0.7
CUS002584,2026-07,18.5,114,15,0.6
CUS002585,2026-05,26.8,213,93,0.7
CUS002585,2026-06,21.3,169,73,0.5
CUS002585,2026-07,28.6,227,99,0.7
CUS002586,2026-05,13.2,170,55,3.3
CUS002586,2026-06,18.1,232,76,4.6
CUS002586,2026-07,12.2,157,51,3.1
CUS002587,2026-05,26.8,178,83,5.1
CUS002587,2026-06,23.6,156,73,4.5
CUS002587,2026-07,27.8,184,86,5.3
CUS002588,2026-05,8.4,1720,102,0.1
CUS002588,2026-06,10.9,2227,132,0.1
CUS002588,2026-07,7.2,1478,88,0.1
CUS002589,2026-05,167.2,608,445,72.4
CUS002589,2026-06,167.0,607,444,72.3
CUS002589,2026-07,198.1,720,527,85.8
CUS002590,2026-05,49.2,1396,122,13.8
CUS002590,2026-06,30.5,1555,136,8.5
CUS002590,2026-07,29.6,1512,132,8.3
CUS002591,2026-05,14.9,217,57,2.1
CUS002591,2026-06,13.0,190,50,1.8
CUS002591,2026-07,24.1,195,51,3.4
CUS002592,2026-05,136.2,756,259,47.9
CUS002592,2026-06,102.9,571,195,36.2
CUS002592,2026-07,136.2,756,259,47.9
CUS002593,2026-05,23.4,145,23,1.4
CUS002593,2026-06,21.1,131,21,1.2
CUS002593,2026-07,15.2,94,15,0.9
CUS002594,2026-05,3.0,102,27,1.2
CUS002594,2026-06,2.5,87,23,1.0
CUS002594,2026-07,5.7,107,29,2.3
CUS002595,2026-05,134.4,250,106,22.6
CUS002595,2026-06,144.7,269,114,24.3
CUS002595,2026-07,118.7,221,94,19.9
CUS002596,2026-05,18.5,211,95,3.2
CUS002596,2026-06,16.1,184,83,2.8
CUS002596,2026-07,17.6,201,91,3.0
CUS002597,2026-05,151.7,352,79,6.1
CUS002597,2026-06,149.3,346,78,6.0
CUS002597,2026-07,136.6,317,71,5.5
CUS002598,2026-05,8.4,378,19,1.2
CUS002598,2026-06,9.7,434,22,1.3
CUS002598,2026-07,9.2,411,21,1.3
CUS002599,2026-05,7.5,270,120,6.3
CUS002599,2026-06,6.6,237,105,5.5
CUS002599,2026-07,9.1,330,147,7.7
CUS002600,2026-05,21.7,244,52,6.3
CUS002600,2026-06,17.7,199,42,5.1
CUS002600,2026-07,21.4,241,51,6.2
CUS002601,2026-05,29.8,1113,189,2.4
CUS002601,2026-06,34.0,1268,215,2.7
CUS002601,2026-07,30.8,1149,195,2.5
CUS002602,2026-05,4.6,864,203,0.9
CUS002602,2026-06,5.1,956,224,1.0
CUS002602,2026-07,6.4,1198,281,1.3
CUS002603,2026-05,90.8,197,72,9.4
CUS002603,2026-06,93.6,203,74,9.7
CUS002603,2026-07,101.9,221,81,10.6
CUS002604,2026-05,6.6,196,32,0.9
CUS002604,2026-06,6.4,188,31,0.9
CUS002604,2026-07,5.5,164,27,0.8
CUS002605,2026-05,29.6,337,24,8.3
CUS002605,2026-06,16.0,328,24,4.5
CUS002605,2026-07,12.1,247,18,3.4
CUS002606,2026-05,17.3,603,188,7.0
CUS002606,2026-06,27.1,945,294,10.9
CUS002606,2026-07,26.5,925,288,10.7
CUS002607,2026-05,118.5,146,12,27.3
CUS002607,2026-06,145.3,179,14,33.4
CUS002607,2026-07,138.5,170,14,31.9
CUS002608,2026-05,46.7,353,61,10.2
CUS002608,2026-06,64.2,270,46,14.0
CUS002608,2026-07,45.6,345,59,9.9
CUS002609,2026-05,80.7,167,90,11.4
CUS002609,2026-06,73.5,152,82,10.4
CUS002609,2026-07,72.3,150,81,10.2
CUS002610,2026-05,8.9,502,84,1.0
CUS002610,2026-06,7.2,407,68,0.8
CUS002610,2026-07,9.5,539,90,1.0
CUS002611,2026-05,107.7,248,78,10.6
CUS002611,2026-06,162.5,374,117,16.0
CUS002611,2026-07,154.3,355,112,15.2
CUS002612,2026-05,21.5,246,73,3.9
CUS002612,2026-06,18.6,213,63,3.4
CUS002612,2026-07,17.6,201,60,3.2
CUS002613,2026-05,65.5,1569,397,64.2
CUS002613,2026-06,66.3,1588,402,65.0
CUS002613,2026-07,65.1,1558,395,63.8
CUS002614,2026-05,0.8,131,8,1.6
CUS002614,2026-06,1.1,182,11,2.2
CUS002614,2026-07,1.1,182,11,2.2
CUS002615,2026-05,4.3,41,32,1.0
CUS002615,2026-06,5.6,54,42,1.3
CUS002615,2026-07,4.1,40,31,1.0
CUS002616,2026-05,47.2,794,301,1.6
CUS002616,2026-06,36.2,610,231,1.2
CUS002616,2026-07,32.0,539,204,1.1
CUS002617,2026-05,191.8,1876,370,48.8
CUS002617,2026-06,222.0,2172,428,56.5
CUS002617,2026-07,165.2,1616,319,42.1
CUS002618,2026-05,53.1,1875,363,76.3
CUS002618,2026-06,47.7,1687,326,68.6
CUS002618,2026-07,63.3,2236,432,91.0
CUS002619,2026-05,25.6,91,48,2.5
CUS002619,2026-06,22.6,81,43,2.2
CUS002619,2026-07,32.6,117,62,3.2
CUS002620,2026-05,11.1,394,99,3.1
CUS002620,2026-06,11.7,413,103,3.2
CUS002620,2026-07,12.3,435,109,3.4
CUS002621,2026-05,26.6,345,116,3.1
CUS002621,2026-06,31.7,411,138,3.7
CUS002621,2026-07,25.8,334,112,3.0
CUS002622,2026-05,2.6,132,44,1.1
CUS002622,2026-06,1.9,96,32,0.8
CUS002622,2026-07,2.7,133,45,1.2
CUS002623,2026-05,27.4,636,87,7.5
CUS002623,2026-06,34.8,807,110,9.5
CUS002623,2026-07,29.7,688,94,8.1
CUS002624,2026-05,125.6,661,170,44.4
CUS002624,2026-06,160.9,847,218,56.9
CUS002624,2026-07,166.8,878,226,59.0
CUS002625,2026-05,119.2,347,87,6.6
CUS002625,2026-06,220.8,357,89,12.2
CUS002625,2026-07,136.2,396,99,7.5
CUS002626,2026-05,10.0,848,253,8.8
CUS002626,2026-06,11.9,1007,300,10.5
CUS002626,2026-07,9.9,838,249,8.7
CUS002627,2026-05,121.8,322,29,11.4
CUS002627,2026-06,96.0,254,23,9.0
CUS002627,2026-07,126.8,335,30,11.9
CUS002628,2026-05,5.7,758,198,0.6
CUS002628,2026-06,6.7,882,230,0.7
CUS002628,2026-07,7.7,1021,267,0.8
CUS002629,2026-05,5.1,201,11,0.9
CUS002629,2026-06,4.7,184,10,0.8
CUS002629,2026-07,5.1,199,11,0.9
CUS002630,2026-05,15.2,1432,188,6.9
CUS002630,2026-06,21.3,2011,264,9.7
CUS002630,2026-07,20.1,1894,249,9.1
CUS002631,2026-05,104.2,66,51,8.3
CUS002631,2026-06,151.6,96,74,12.0
CUS002631,2026-07,105.8,67,52,8.4
CUS002632,2026-05,206.6,428,87,90.9
CUS002632,2026-06,151.7,566,115,66.7
CUS002632,2026-07,161.4,602,123,71.0
CUS002633,2026-05,38.3,696,192,1.3
CUS002633,2026-06,25.2,459,126,0.9
CUS002633,2026-07,28.7,521,144,1.0
CUS002634,2026-05,199.1,1269,161,109.8
CUS002634,2026-06,146.0,930,118,80.5
CUS002634,2026-07,214.3,1366,173,118.2
CUS002635,2026-05,27.8,201,162,1.0
CUS002635,2026-06,21.2,153,124,0.8
CUS002635,2026-07,25.9,187,151,0.9
CUS002636,2026-05,10.0,331,111,4.0
CUS002636,2026-06,8.4,277,93,3.3
CUS002636,2026-07,9.0,296,99,3.6
CUS002637,2026-05,65.5,1820,395,87.4
CUS002637,2026-06,61.9,1719,373,82.6
CUS002637,2026-07,72.3,2008,436,96.5
CUS002638,2026-05,42.9,188,35,20.3
CUS002638,2026-06,54.8,241,45,25.9
CUS002638,2026-07,44.5,195,36,21.0
CUS002639,2026-05,10.2,172,24,2.0
CUS002639,2026-06,12.1,203,29,2.3
CUS002639,2026-07,13.2,222,32,2.6
CUS002640,2026-05,161.9,715,171,20.7
CUS002640,2026-06,314.0,771,184,40.2
CUS002640,2026-07,196.1,866,207,25.1
CUS002641,2026-05,6.2,185,73,0.2
CUS002641,2026-06,6.5,194,76,0.2
CUS002641,2026-07,6.5,194,77,0.2
CUS002642,2026-05,18.2,383,79,7.3
CUS002642,2026-06,15.3,322,66,6.1
CUS002642,2026-07,17.1,360,74,6.8
CUS002643,2026-05,16.4,377,149,1.4
CUS002643,2026-06,32.2,413,163,2.7
CUS002643,2026-07,14.6,336,132,1.2
CUS002644,2026-05,11.3,176,16,3.0
CUS002644,2026-06,13.2,206,19,3.5
CUS002644,2026-07,16.0,139,13,4.3
CUS002645,2026-05,139.3,517,255,29.6
CUS002645,2026-06,177.3,658,325,37.7
CUS002645,2026-07,227.1,843,416,48.3
CUS002646,2026-05,4.4,1973,272,2.1
CUS002646,2026-06,1.6,1336,184,0.8
CUS002646,2026-07,2.4,1926,266,1.1
CUS002647,2026-05,215.8,1684,491,28.6
CUS002647,2026-06,199.1,1553,453,26.3
CUS002647,2026-07,154.7,1207,352,20.5
CUS002648,2026-05,108.5,114,26,9.7
CUS002648,2026-06,98.3,103,24,8.8
CUS002648,2026-07,123.7,130,30,11.1
CUS002649,2026-05,7.4,116,20,2.0
CUS002649,2026-06,6.2,97,17,1.7
CUS002649,2026-07,15.8,138,24,4.4
CUS002650,2026-05,17.0,434,164,8.5
CUS002650,2026-06,18.6,475,179,9.3
CUS002650,2026-07,13.1,334,126,6.5
CUS002651,2026-05,7.5,610,116,1.1
CUS002651,2026-06,8.5,689,131,1.2
CUS002651,2026-07,8.8,715,136,1.3
CUS002652,2026-05,140.8,106,71,25.6
CUS002652,2026-06,99.4,75,50,18.1
CUS002652,2026-07,98.0,74,50,17.8
CUS002653,2026-05,26.9,1089,204,7.5
CUS002653,2026-06,37.7,1524,285,10.5
CUS002653,2026-07,53.0,1191,223,14.7
CUS002654,2026-05,32.7,195,102,0.6
CUS002654,2026-06,31.3,187,98,0.6
CUS002654,2026-07,29.2,174,91,0.6
CUS002655,2026-05,12.4,460,68,5.9
CUS002655,2026-06,10.0,371,55,4.8
CUS002655,2026-07,10.0,374,55,4.8
CUS002656,2026-05,12.4,1671,120,11.3
CUS002656,2026-06,9.6,1288,92,8.7
CUS002656,2026-07,11.0,1473,106,10.0
CUS002657,2026-05,17.9,372,55,2.6
CUS002657,2026-06,21.4,445,66,3.1
CUS002657,2026-07,15.3,318,47,2.2
CUS002658,2026-05,27.4,235,26,9.4
CUS002658,2026-06,21.2,182,20,7.2
CUS002658,2026-07,25.2,216,24,8.6
CUS002659,2026-05,166.1,1607,55,29.0
CUS002659,2026-06,169.7,1642,56,29.6
CUS002659,2026-07,158.5,1534,53,27.6
CUS002660,2026-05,13.6,371,29,8.0
CUS002660,2026-06,10.2,278,22,6.0
CUS002660,2026-07,11.1,302,23,6.5
CUS002661,2026-05,5.1,139,15,1.3
CUS002661,2026-06,4.0,110,12,1.1
CUS002661,2026-07,7.4,111,12,1.9
CUS002662,2026-05,20.1,324,19,5.5
CUS002662,2026-06,15.7,253,15,4.3
CUS002662,2026-07,18.1,292,17,4.9
CUS002663,2026-05,140.7,84,6,27.8
CUS002663,2026-06,108.0,64,5,21.4
CUS002663,2026-07,149.5,89,7,29.6
CUS002664,2026-05,25.3,181,33,7.0
CUS002664,2026-06,31.2,223,41,8.7
CUS002664,2026-07,27.4,196,36,7.6
CUS002665,2026-05,26.6,121,66,5.0
CUS002665,2026-06,31.6,144,78,6.0
CUS002665,2026-07,30.3,138,75,5.7
CUS002666,2026-05,12.5,205,96,4.4
CUS002666,2026-06,11.5,188,88,4.0
CUS002666,2026-07,16.6,273,127,5.9
CUS002667,2026-05,8.3,1408,183,0.4
CUS002667,2026-06,8.2,1393,181,0.4
CUS002667,2026-07,7.3,1237,161,0.4
CUS002668,2026-05,12.4,440,102,8.0
CUS002668,2026-06,9.2,326,75,5.9
CUS002668,2026-07,8.6,305,71,5.5
CUS002669,2026-05,5.2,1065,45,1.5
CUS002669,2026-06,8.1,1645,70,2.3
CUS002669,2026-07,6.7,1361,58,1.9
CUS002670,2026-05,96.2,626,446,92.3
CUS002670,2026-06,106.7,694,494,102.3
CUS002670,2026-07,80.1,521,371,76.9
CUS002671,2026-05,20.3,170,43,4.9
CUS002671,2026-06,17.5,146,37,4.3
CUS002671,2026-07,19.7,165,41,4.8
CUS002672,2026-05,207.1,1339,290,64.8
CUS002672,2026-06,145.3,939,203,45.5
CUS002672,2026-07,153.6,993,215,48.1
CUS002673,2026-05,129.9,1559,81,57.2
CUS002673,2026-06,149.9,1799,93,66.0
CUS002673,2026-07,125.9,1511,78,55.5
CUS002674,2026-05,159.3,1831,532,79.0
CUS002674,2026-06,165.3,1900,552,81.9
CUS002674,2026-07,137.3,1578,459,68.1
CUS002675,2026-05,3.3,58,57,0.9
CUS002675,2026-06,4.0,70,69,1.1
CUS002675,2026-07,2.5,43,43,0.7
CUS002676,2026-05,18.6,366,139,2.6
CUS002676,2026-06,17.6,346,131,2.5
CUS002676,2026-07,19.2,377,143,2.7
CUS002677,2026-05,28.1,1668,203,9.0
CUS002677,2026-06,22.6,1338,163,7.2
CUS002677,2026-07,32.1,1903,232,10.3
CUS002678,2026-05,9.1,75,19,2.0
CUS002678,2026-06,6.1,91,23,1.4
CUS002678,2026-07,5.3,79,20,1.2
CUS002679,2026-05,19.1,1339,85,0.3
CUS002679,2026-06,23.8,1666,105,0.3
CUS002679,2026-07,34.7,1347,85,0.5
CUS002680,2026-05,27.7,1917,332,2.7
CUS002680,2026-06,23.8,1644,284,2.4
CUS002680,2026-07,25.0,1730,299,2.5
CUS002681,2026-05,79.0,61,82,24.3
CUS002681,2026-06,72.9,57,75,22.4
CUS002681,2026-07,93.0,72,96,28.6
CUS002682,2026-05,199.3,593,335,91.7
CUS002682,2026-06,183.4,546,309,84.4
CUS002682,2026-07,147.7,439,248,68.0
CUS002683,2026-05,26.2,661,224,3.2
CUS002683,2026-06,30.6,771,262,3.8
CUS002683,2026-07,28.1,709,240,3.5
CUS002684,2026-05,34.8,1049,164,8.2
CUS002684,2026-06,23.9,721,113,5.6
CUS002684,2026-07,24.1,726,113,5.7
CUS002685,2026-05,47.7,434,312,50.5
CUS002685,2026-06,68.4,623,447,72.5
CUS002685,2026-07,47.9,436,313,50.8
CUS002686,2026-05,4.1,178,60,0.4
CUS002686,2026-06,1.9,148,50,0.2
CUS002686,2026-07,2.3,176,59,0.2
CUS002687,2026-05,63.0,180,59,20.7
CUS002687,2026-06,64.4,183,60,21.1
CUS002687,2026-07,66.2,189,62,21.7
CUS002688,2026-05,14.0,101,117,6.3
CUS002688,2026-06,16.7,120,140,7.5
CUS002688,2026-07,15.7,113,131,7.0
CUS002689,2026-05,28.2,597,252,3.3
CUS002689,2026-06,26.1,552,233,3.0
CUS002689,2026-07,37.3,788,332,4.3
CUS002690,2026-05,35.3,2218,345,7.0
CUS002690,2026-06,24.2,1522,237,4.8
CUS002690,2026-07,26.0,1632,254,5.1
CUS002691,2026-05,18.1,309,127,3.0
CUS002691,2026-06,15.8,268,110,2.6
CUS002691,2026-07,18.4,313,128,3.0
CUS002692,2026-05,22.4,168,54,4.6
CUS002692,2026-06,31.5,236,76,6.5
CUS002692,2026-07,22.8,171,55,4.7
CUS002693,2026-05,11.3,303,84,2.9
CUS002693,2026-06,10.5,282,78,2.7
CUS002693,2026-07,16.2,434,120,4.2
CUS002694,2026-05,1.2,516,203,2.3
CUS002694,2026-06,1.2,525,206,2.4
CUS002694,2026-07,1.7,729,287,3.3
CUS002695,2026-05,21.7,323,67,5.8
CUS002695,2026-06,21.3,317,66,5.7
CUS002695,2026-07,18.1,269,56,4.8
CUS002696,2026-05,30.6,821,94,6.0
CUS002696,2026-06,39.2,1052,120,7.7
CUS002696,2026-07,26.7,715,82,5.3
CUS002697,2026-05,22.5,327,110,6.0
CUS002697,2026-06,22.7,330,112,6.1
CUS002697,2026-07,24.3,353,119,6.5
CUS002698,2026-05,143.9,965,273,39.3
CUS002698,2026-06,178.3,1195,338,48.7
CUS002698,2026-07,230.5,1545,437,63.0
CUS002699,2026-05,122.1,425,223,39.8
CUS002699,2026-06,159.1,553,290,51.8
CUS002699,2026-07,167.3,582,305,54.5
CUS002700,2026-05,5.6,805,216,2.1
CUS002700,2026-06,6.9,986,264,2.6
CUS002700,2026-07,5.9,851,228,2.2
CUS002701,2026-05,4.5,1301,170,2.8
CUS002701,2026-06,3.3,934,122,2.0
CUS002701,2026-07,3.8,1080,141,2.3
CUS002702,2026-05,9.8,240,75,6.3
CUS002702,2026-06,12.8,314,98,8.2
CUS002702,2026-07,11.4,279,88,7.3
CUS002703,2026-05,13.8,244,50,1.8
CUS002703,2026-06,14.2,252,52,1.9
CUS002703,2026-07,10.5,186,38,1.4
CUS002704,2026-05,21.2,418,176,8.1
CUS002704,2026-06,19.7,389,164,7.5
CUS002704,2026-07,14.4,285,120,5.5
CUS002705,2026-05,56.5,1719,419,51.1
CUS002705,2026-06,68.9,2096,511,62.4
CUS002705,2026-07,60.9,1853,452,55.1
CUS002706,2026-05,13.3,197,63,6.4
CUS002706,2026-06,13.9,206,66,6.7
CUS002706,2026-07,14.1,209,66,6.8
CUS002707,2026-05,1.2,1465,181,0.4
CUS002707,2026-06,0.9,1090,135,0.3
CUS002707,2026-07,1.2,1429,177,0.4
CUS002708,2026-05,95.4,295,61,10.4
CUS002708,2026-06,87.1,270,56,9.5
CUS002708,2026-07,82.4,255,53,9.0
CUS002709,2026-05,7.8,196,82,0.3
CUS002709,2026-06,8.5,213,89,0.3
CUS002709,2026-07,7.0,176,74,0.2
CUS002710,2026-05,29.7,304,22,7.5
CUS002710,2026-06,32.8,335,25,8.3
CUS002710,2026-07,27.0,277,20,6.9
CUS002711,2026-05,17.2,179,67,4.1
CUS002711,2026-06,30.7,177,66,7.3
CUS002711,2026-07,22.6,235,88,5.3
CUS002712,2026-05,5.2,1376,182,0.1
CUS002712,2026-06,5.2,1368,181,0.1
CUS002712,2026-07,3.6,959,127,0.1
CUS002713,2026-05,137.5,246,95,9.1
CUS002713,2026-06,131.3,235,91,8.7
CUS002713,2026-07,133.7,240,92,8.9
CUS002714,2026-05,10.9,291,50,4.9
CUS002714,2026-06,12.0,323,55,5.4
CUS002714,2026-07,11.9,318,55,5.4
CUS002715,2026-05,14.7,1581,227,6.1
CUS002715,2026-06,16.9,1813,260,7.0
CUS002715,2026-07,13.4,1442,207,5.6
CUS002716,2026-05,109.9,724,328,82.3
CUS002716,2026-06,73.9,487,221,55.3
CUS002716,2026-07,87.8,578,262,65.7
CUS002717,2026-05,16.7,241,48,5.0
CUS002717,2026-06,18.6,268,53,5.6
CUS002717,2026-07,15.3,222,44,4.6
CUS002718,2026-05,28.2,256,29,6.1
CUS002718,2026-06,36.3,329,37,7.9
CUS002718,2026-07,29.3,265,30,6.4
CUS002719,2026-05,25.5,377,156,4.2
CUS002719,2026-06,11.2,297,123,1.8
CUS002719,2026-07,15.6,416,172,2.6
CUS002720,2026-05,57.4,1300,338,25.7
CUS002720,2026-06,80.5,1822,473,36.1
CUS002720,2026-07,76.9,1741,452,34.5
CUS002721,2026-05,169.1,1270,199,31.4
CUS002721,2026-06,363.0,1514,237,67.3
CUS002721,2026-07,188.9,1418,222,35.0
CUS002722,2026-05,69.4,288,19,25.0
CUS002722,2026-06,98.2,407,27,35.3
CUS002722,2026-07,81.9,340,22,29.5
CUS002723,2026-05,142.4,283,21,8.3
CUS002723,2026-06,132.8,264,19,7.7
CUS002723,2026-07,118.2,235,17,6.9
CUS002724,2026-05,17.5,1341,36,4.7
CUS002724,2026-06,13.7,1050,28,3.6
CUS002724,2026-07,33.7,1435,38,9.0
CUS002725,2026-05,102.0,1043,124,42.4
CUS002725,2026-06,131.6,1344,160,54.7
CUS002725,2026-07,106.4,1087,129,44.2
CUS002726,2026-05,22.3,1241,60,0.7
CUS002726,2026-06,28.3,1573,76,1.0
CUS002726,2026-07,25.7,1428,69,0.9
CUS002727,2026-05,36.0,1848,34,8.6
CUS002727,2026-06,39.4,2021,38,9.4
CUS002727,2026-07,34.1,1747,32,8.1
CUS002728,2026-05,7.7,135,16,2.9
CUS002728,2026-06,8.8,155,18,3.4
CUS002728,2026-07,8.0,141,17,3.1
CUS002729,2026-05,33.7,393,17,7.5
CUS002729,2026-06,34.8,405,17,7.7
CUS002729,2026-07,28.8,336,14,6.4
CUS002730,2026-05,13.6,371,130,2.3
CUS002730,2026-06,13.2,359,126,2.2
CUS002730,2026-07,14.0,381,134,2.3
CUS002731,2026-05,45.9,174,29,4.7
CUS002731,2026-06,47.5,180,31,4.9
CUS002731,2026-07,39.7,150,25,4.1
CUS002732,2026-05,25.5,918,31,7.9
CUS002732,2026-06,26.7,960,32,8.3
CUS002732,2026-07,22.9,825,27,7.1
CUS002733,2026-05,1.7,109,77,1.5
CUS002733,2026-06,1.2,79,56,1.1
CUS002733,2026-07,1.7,109,77,1.5
CUS002734,2026-05,116.1,1043,207,44.7
CUS002734,2026-06,136.8,1228,244,52.6
CUS002734,2026-07,229.0,1142,227,88.2
CUS002735,2026-05,64.4,549,501,37.8
CUS002735,2026-06,53.3,454,414,31.3
CUS002735,2026-07,51.8,441,403,30.4
CUS002736,2026-05,2.0,93,21,1.7
CUS002736,2026-06,2.0,92,20,1.7
CUS002736,2026-07,2.2,99,22,1.8
CUS002737,2026-05,227.6,1329,207,111.7
CUS002737,2026-06,229.3,1339,209,112.5
CUS002737,2026-07,190.4,1111,173,93.4
CUS002738,2026-05,20.2,209,98,6.7
CUS002738,2026-06,22.6,234,110,7.5
CUS002738,2026-07,17.0,176,83,5.6
CUS002739,2026-05,5.0,160,9,0.5
CUS002739,2026-06,10.1,178,10,1.0
CUS002739,2026-07,4.8,152,8,0.5
CUS002740,2026-05,88.3,88,69,11.5
CUS002740,2026-06,125.5,125,98,16.3
CUS002740,2026-07,109.3,108,85,14.2
CUS002741,2026-05,42.8,1212,291,4.5
CUS002741,2026-06,32.9,932,224,3.5
CUS002741,2026-07,45.0,1274,306,4.7
CUS002742,2026-05,83.2,300,55,19.9
CUS002742,2026-06,83.1,300,55,19.9
CUS002742,2026-07,82.9,299,55,19.9
CUS002743,2026-05,28.1,1745,113,1.9
CUS002743,2026-06,33.1,2053,133,2.2
CUS002743,2026-07,34.0,2109,137,2.2
CUS002744,2026-05,55.6,301,132,5.5
CUS002744,2026-06,30.9,301,132,3.1
CUS002744,2026-07,20.4,199,87,2.0
CUS002745,2026-05,6.9,1431,92,0.0
CUS002745,2026-06,7.6,1578,101,0.0
CUS002745,2026-07,9.0,1861,119,0.1
CUS002746,2026-05,36.9,1788,229,8.9
CUS002746,2026-06,28.8,1395,178,6.9
CUS002746,2026-07,33.5,1622,207,8.0
CUS002747,2026-05,77.9,48,38,9.3
CUS002747,2026-06,136.4,47,37,16.2
CUS002747,2026-07,102.5,64,50,12.2
CUS002748,2026-05,22.4,258,32,4.4
CUS002748,2026-06,21.1,244,30,4.1
CUS002748,2026-07,25.0,288,35,4.9
CUS002749,2026-05,17.7,149,38,4.1
CUS002749,2026-06,21.5,181,46,5.0
CUS002749,2026-07,13.3,112,28,3.1
CUS002750,2026-05,8.6,1095,249,2.4
CUS002750,2026-06,8.7,1112,252,2.4
CUS002750,2026-07,9.1,1155,262,2.5
CUS002751,2026-05,85.8,1282,524,78.6
CUS002751,2026-06,86.8,1295,530,79.4
CUS002751,2026-07,70.2,1048,428,64.2
CUS002752,2026-05,89.0,124,49,26.4
CUS002752,2026-06,118.3,165,65,35.0
CUS002752,2026-07,92.9,130,51,27.5
CUS002753,2026-05,43.0,1124,34,10.5
CUS002753,2026-06,30.3,793,24,7.4
CUS002753,2026-07,44.0,1152,35,10.7
CUS002754,2026-05,18.4,1884,322,0.5
CUS002754,2026-06,20.7,2122,363,0.6
CUS002754,2026-07,15.5,1584,271,0.4
CUS002755,2026-05,8.8,203,65,0.8
CUS002755,2026-06,8.7,200,64,0.8
CUS002755,2026-07,7.1,164,53,0.7
CUS002756,2026-05,110.9,1455,210,54.2
CUS002756,2026-06,104.6,1372,198,51.1
CUS002756,2026-07,127.3,1670,241,62.2
CUS002757,2026-05,116.7,1322,56,36.7
CUS002757,2026-06,180.5,2045,87,56.7
CUS002757,2026-07,154.4,1749,74,48.5
CUS002758,2026-05,43.9,1835,334,7.7
CUS002758,2026-06,33.0,1377,250,5.7
CUS002758,2026-07,39.4,1647,300,6.9
CUS002759,2026-05,20.2,424,145,8.6
CUS002759,2026-06,18.7,392,134,8.0
CUS002759,2026-07,15.3,320,110,6.5
CUS002760,2026-05,1.4,86,13,1.2
CUS002760,2026-06,1.6,97,14,1.3
CUS002760,2026-07,1.4,87,13,1.2
CUS002761,2026-05,27.0,170,82,7.2
CUS002761,2026-06,33.3,210,101,8.9
CUS002761,2026-07,27.4,172,83,7.3
CUS002762,2026-05,33.6,475,57,7.8
CUS002762,2026-06,28.2,398,48,6.6
CUS002762,2026-07,31.0,438,53,7.2
CUS002763,2026-05,12.3,223,94,6.1
CUS002763,2026-06,19.3,349,147,9.6
CUS002763,2026-07,16.4,296,125,8.1
CUS002764,2026-05,1.3,1460,323,3.4
CUS002764,2026-06,1.1,1254,277,2.9
CUS002764,2026-07,1.1,1215,268,2.8
CUS002765,2026-05,23.2,170,65,1.9
CUS002765,2026-06,30.3,223,86,2.4
CUS002765,2026-07,23.7,174,67,1.9
CUS002766,2026-05,5.1,72,64,1.1
CUS002766,2026-06,5.7,80,71,1.3
CUS002766,2026-07,4.8,66,59,1.1
CUS002767,2026-05,11.9,299,133,1.7
CUS002767,2026-06,10.9,273,121,1.6
CUS002767,2026-07,12.5,312,139,1.8
CUS002768,2026-05,32.1,2218,273,10.2
CUS002768,2026-06,34.7,2392,294,11.0
CUS002768,2026-07,23.1,1597,196,7.4
CUS002769,2026-05,22.4,417,76,4.7
CUS002769,2026-06,16.4,305,56,3.5
CUS002769,2026-07,18.2,339,62,3.8
CUS002770,2026-05,5.6,894,67,2.7
CUS002770,2026-06,5.6,896,67,2.7
CUS002770,2026-07,5.7,910,68,2.8
CUS002771,2026-05,9.6,841,40,5.2
CUS002771,2026-06,12.7,1110,53,6.9
CUS002771,2026-07,12.7,1113,53,6.9
CUS002772,2026-05,13.0,1529,119,3.7
CUS002772,2026-06,14.0,1650,129,4.0
CUS002772,2026-07,16.9,1987,155,4.8
CUS002773,2026-05,21.8,330,90,2.7
CUS002773,2026-06,16.5,249,68,2.0
CUS002773,2026-07,23.2,351,96,2.8
CUS002774,2026-05,58.8,2081,542,28.2
CUS002774,2026-06,54.5,1928,503,26.1
CUS002774,2026-07,61.3,2169,566,29.4
CUS002775,2026-05,50.2,308,53,12.5
CUS002775,2026-06,53.4,327,56,13.3
CUS002775,2026-07,45.2,277,47,11.3
CUS002776,2026-05,202.1,1241,285,106.1
CUS002776,2026-06,135.2,830,191,71.0
CUS002776,2026-07,212.6,1305,300,111.6
CUS002777,2026-05,2.8,1201,284,0.3
CUS002777,2026-06,2.7,1139,269,0.3
CUS002777,2026-07,2.5,1094,259,0.3
CUS002778,2026-05,40.7,2184,353,1.5
CUS002778,2026-06,29.8,1603,259,1.1
CUS002778,2026-07,33.9,1824,295,1.2
CUS002779,2026-05,39.3,540,68,58.9
CUS002779,2026-06,53.5,736,93,80.3
CUS002779,2026-07,40.0,550,70,60.1
CUS002780,2026-05,50.1,258,38,19.8
CUS002780,2026-06,74.3,383,57,29.3
CUS002780,2026-07,51.8,267,40,20.4
CUS002781,2026-05,3.4,1278,156,2.3
CUS002781,2026-06,3.6,1340,164,2.4
CUS002781,2026-07,4.4,1660,203,3.0
CUS002782,2026-05,49.4,187,36,23.9
CUS002782,2026-06,44.8,170,32,21.7
CUS002782,2026-07,69.9,265,50,33.9
CUS002783,2026-05,10.3,139,41,2.5
CUS002783,2026-06,8.6,116,34,2.1
CUS002783,2026-07,13.0,175,52,3.1
CUS002784,2026-05,84.5,1629,315,55.1
CUS002784,2026-06,75.1,1449,280,49.0
CUS002784,2026-07,93.0,1794,347,60.7
CUS002785,2026-05,70.3,905,452,90.4
CUS002785,2026-06,73.4,946,472,94.4
CUS002785,2026-07,56.3,725,362,72.4
CUS002786,2026-05,70.1,231,37,10.7
CUS002786,2026-06,62.0,205,32,9.4
CUS002786,2026-07,82.7,273,43,12.6
CUS002787,2026-05,34.7,1451,90,6.7
CUS002787,2026-06,35.6,1490,93,6.9
CUS002787,2026-07,27.7,1159,72,5.4
CUS002788,2026-05,58.2,240,14,14.9
CUS002788,2026-06,94.8,391,22,24.4
CUS002788,2026-07,91.6,378,21,23.5
CUS002789,2026-05,109.4,242,81,8.5
CUS002789,2026-06,140.9,312,104,11.0
CUS002789,2026-07,120.6,267,89,9.4
CUS002790,2026-05,8.0,761,97,2.5
CUS002790,2026-06,8.8,835,106,2.8
CUS002790,2026-07,6.6,627,80,2.1
CUS002791,2026-05,90.1,182,113,10.4
CUS002791,2026-06,85.5,172,108,9.9
CUS002791,2026-07,79.5,160,100,9.2
CUS002792,2026-05,22.4,392,159,8.2
CUS002792,2026-06,22.8,400,162,8.4
CUS002792,2026-07,23.2,406,165,8.5
CUS002793,2026-05,19.3,123,93,2.5
CUS002793,2026-06,21.0,134,101,2.7
CUS002793,2026-07,24.2,155,117,3.1
CUS002794,2026-05,76.0,1309,422,20.6
CUS002794,2026-06,100.3,1727,557,27.1
CUS002794,2026-07,77.1,1327,428,20.8
CUS002795,2026-05,14.3,660,64,6.5
CUS002795,2026-06,15.3,711,69,7.0
CUS002795,2026-07,16.8,776,75,7.7
CUS002796,2026-05,115.5,214,64,23.1
CUS002796,2026-06,165.4,307,91,33.1
CUS002796,2026-07,119.4,221,66,23.9
CUS002797,2026-05,20.2,1403,158,3.2
CUS002797,2026-06,18.2,1265,142,2.9
CUS002797,2026-07,22.1,1537,173,3.5
CUS002798,2026-05,9.0,384,71,6.9
CUS002798,2026-06,8.9,378,70,6.8
CUS002798,2026-07,11.1,471,87,8.4
CUS002799,2026-05,58.5,1305,166,85.0
CUS002799,2026-06,52.6,1174,149,76.5
CUS002799,2026-07,56.7,1265,161,82.4
CUS002800,2026-05,115.0,1228,392,33.7
CUS002800,2026-06,149.5,1596,509,43.9
CUS002800,2026-07,163.7,1747,557,48.0
CUS002801,2026-05,121.8,1391,596,38.9
CUS002801,2026-06,113.8,1300,558,36.4
CUS002801,2026-07,90.9,1038,445,29.0
CUS002802,2026-05,138.7,170,20,9.5
CUS002802,2026-06,217.0,148,18,14.9
CUS002802,2026-07,101.9,125,15,7.0
CUS002803,2026-05,32.0,1671,93,3.4
CUS002803,2026-06,22.3,1164,65,2.4
CUS002803,2026-07,32.3,1685,94,3.4
CUS002804,2026-05,4.3,96,13,0.9
CUS002804,2026-06,6.0,135,19,1.3
CUS002804,2026-07,5.0,111,15,1.1
CUS002805,2026-05,62.2,956,116,95.4
CUS002805,2026-06,69.6,1070,129,106.8
CUS002805,2026-07,51.4,790,96,78.9
CUS002806,2026-05,107.0,1370,411,66.9
CUS002806,2026-06,109.2,1397,420,68.3
CUS002806,2026-07,254.1,1807,543,158.9
CUS002807,2026-05,0.6,65,34,0.1
CUS002807,2026-06,0.9,95,49,0.2
CUS002807,2026-07,0.7,72,37,0.2
CUS002808,2026-05,5.1,156,32,0.8
CUS002808,2026-06,4.3,132,27,0.7
CUS002808,2026-07,4.4,134,28,0.7
CUS002809,2026-05,25.6,276,135,0.0
CUS002809,2026-06,22.3,241,118,0.0
CUS002809,2026-07,21.0,226,111,0.0
CUS002810,2026-05,25.3,831,119,1.5
CUS002810,2026-06,37.0,1216,174,2.2
CUS002810,2026-07,32.6,1072,154,1.9
CUS002811,2026-05,344.2,767,145,128.2
CUS002811,2026-06,155.0,621,117,57.7
CUS002811,2026-07,158.6,636,120,59.1
CUS002812,2026-05,79.1,181,21,9.7
CUS002812,2026-06,118.8,272,31,14.5
CUS002812,2026-07,105.6,242,28,12.9
CUS002813,2026-05,42.7,129,18,8.9
CUS002813,2026-06,62.1,187,25,12.9
CUS002813,2026-07,61.1,184,25,12.7
CUS002814,2026-05,32.7,1261,101,8.4
CUS002814,2026-06,25.0,963,77,6.4
CUS002814,2026-07,27.3,1054,84,7.0
CUS002815,2026-05,48.5,109,56,27.7
CUS002815,2026-06,51.9,117,60,29.6
CUS002815,2026-07,49.4,111,57,28.2
CUS002816,2026-05,94.9,315,37,30.1
CUS002816,2026-06,88.8,295,34,28.2
CUS002816,2026-07,85.5,284,33,27.2
CUS002817,2026-05,26.9,661,273,4.1
CUS002817,2026-06,23.8,585,242,3.7
CUS002817,2026-07,26.9,662,274,4.1
CUS002818,2026-05,2.6,1077,107,3.1
CUS002818,2026-06,2.3,954,95,2.8
CUS002818,2026-07,1.9,794,79,2.3
CUS002819,2026-05,14.9,242,12,4.7
CUS002819,2026-06,17.8,289,14,5.6
CUS002819,2026-07,16.2,263,13,5.1
CUS002820,2026-05,6.8,156,71,4.9
CUS002820,2026-06,6.3,145,65,4.5
CUS002820,2026-07,9.0,205,93,6.4
CUS002821,2026-05,2.5,109,17,1.2
CUS002821,2026-06,3.3,141,22,1.5
CUS002821,2026-07,3.6,156,24,1.7
CUS002822,2026-05,29.0,398,75,5.0
CUS002822,2026-06,23.0,316,60,4.0
CUS002822,2026-07,31.0,425,80,5.3
CUS002823,2026-05,9.6,684,113,0.2
CUS002823,2026-06,9.0,641,106,0.2
CUS002823,2026-07,9.6,682,113,0.2
CUS002824,2026-05,30.9,745,213,7.2
CUS002824,2026-06,41.5,1000,286,9.7
CUS002824,2026-07,31.8,765,219,7.4
CUS002825,2026-05,49.9,100,98,9.6
CUS002825,2026-06,47.2,94,93,9.1
CUS002825,2026-07,49.0,98,97,9.4
CUS002826,2026-05,76.6,243,6,11.3
CUS002826,2026-06,64.5,205,5,9.5
CUS002826,2026-07,80.2,255,6,11.9
CUS002827,2026-05,10.9,204,19,3.2
CUS002827,2026-06,13.2,247,22,3.9
CUS002827,2026-07,11.5,216,20,3.4
CUS002828,2026-05,81.5,175,42,29.2
CUS002828,2026-06,71.9,154,37,25.8
CUS002828,2026-07,62.5,134,32,22.4
CUS002829,2026-05,116.4,89,60,9.2
CUS002829,2026-06,175.7,135,91,13.8
CUS002829,2026-07,139.8,107,72,11.0
CUS002830,2026-05,5.6,214,8,2.2
CUS002830,2026-06,4.8,185,7,1.9
CUS002830,2026-07,5.7,217,8,2.2
CUS002831,2026-05,33.6,264,137,9.8
CUS002831,2026-06,30.6,240,124,8.9
CUS002831,2026-07,25.0,196,102,7.3
CUS002832,2026-05,195.3,1682,51,37.9
CUS002832,2026-06,199.9,1722,52,38.8
CUS002832,2026-07,202.5,1745,53,39.3
CUS002833,2026-05,1.2,50,33,1.6
CUS002833,2026-06,0.9,36,23,1.2
CUS002833,2026-07,1.1,48,31,1.5
CUS002834,2026-05,99.9,297,71,16.5
CUS002834,2026-06,126.3,375,90,20.8
CUS002834,2026-07,126.0,374,89,20.8
CUS002835,2026-05,216.6,1049,521,40.7
CUS002835,2026-06,136.9,663,329,25.7
CUS002835,2026-07,189.5,918,456,35.6
CUS002836,2026-05,161.8,1871,85,100.7
CUS002836,2026-06,143.7,1662,76,89.5
CUS002836,2026-07,159.0,1839,84,99.0
CUS002837,2026-05,13.0,1814,54,3.6
CUS002837,2026-06,12.2,1706,51,3.4
CUS002837,2026-07,12.8,1792,54,3.5
CUS002838,2026-05,64.1,1133,237,73.2
CUS002838,2026-06,56.5,1000,209,64.6
CUS002838,2026-07,71.8,1270,266,82.0
CUS002839,2026-05,5.8,750,67,0.9
CUS002839,2026-06,5.6,726,64,0.8
CUS002839,2026-07,4.0,515,46,0.6
CUS002840,2026-05,200.0,725,449,32.6
CUS002840,2026-06,155.8,565,350,25.4
CUS002840,2026-07,143.4,520,322,23.3
CUS002841,2026-05,147.0,299,104,24.4
CUS002841,2026-06,100.2,204,71,16.7
CUS002841,2026-07,186.4,210,73,31.0
CUS002842,2026-05,147.4,1640,190,76.6
CUS002842,2026-06,170.4,1896,220,88.6
CUS002842,2026-07,128.8,1433,166,67.0
CUS002843,2026-05,16.8,309,63,7.5
CUS002843,2026-06,17.9,329,67,8.0
CUS002843,2026-07,18.9,347,70,8.4
CUS002844,2026-05,122.0,1304,53,67.5
CUS002844,2026-06,162.2,1734,71,89.7
CUS002844,2026-07,134.1,1433,58,74.2
CUS002845,2026-05,10.9,317,27,7.9
CUS002845,2026-06,8.7,253,21,6.3
CUS002845,2026-07,10.1,292,25,7.3
CUS002846,2026-05,0.9,169,31,1.1
CUS002846,2026-06,0.6,116,21,0.8
CUS002846,2026-07,0.7,130,24,0.9
CUS002847,2026-05,69.4,1033,359,26.0
CUS002847,2026-06,92.1,1371,476,34.5
CUS002847,2026-07,92.7,1379,479,34.8
CUS002848,2026-05,186.0,1883,84,99.7
CUS002848,2026-06,160.0,1620,72,85.7
CUS002848,2026-07,194.5,1969,87,104.2
CUS002849,2026-05,118.4,852,30,55.8
CUS002849,2026-06,172.2,1239,44,81.1
CUS002849,2026-07,118.7,854,30,55.9
CUS002850,2026-05,3.4,1013,205,0.2
CUS002850,2026-06,3.0,890,180,0.2
CUS002850,2026-07,2.9,853,173,0.2
CUS002851,2026-05,138.8,1450,117,72.7
CUS002851,2026-06,123.8,1294,105,64.8
CUS002851,2026-07,84.6,884,71,44.3
CUS002852,2026-05,18.4,106,81,2.7
CUS002852,2026-06,21.7,125,96,3.2
CUS002852,2026-07,19.3,111,85,2.8
CUS002853,2026-05,15.3,154,33,5.8
CUS002853,2026-06,16.7,168,36,6.3
CUS002853,2026-07,14.9,151,32,5.7
CUS002854,2026-05,3.5,161,14,0.5
CUS002854,2026-06,3.1,141,12,0.5
CUS002854,2026-07,3.7,167,14,0.5
CUS002855,2026-05,118.5,358,93,19.7
CUS002855,2026-06,114.1,344,89,19.0
CUS002855,2026-07,95.6,288,75,15.9
CUS002856,2026-05,63.4,163,87,17.8
CUS002856,2026-06,56.6,146,77,15.9
CUS002856,2026-07,89.4,230,122,25.0
CUS002857,2026-05,18.3,313,24,8.3
CUS002857,2026-06,22.9,217,17,10.3
CUS002857,2026-07,12.8,219,17,5.8
CUS002858,2026-05,6.0,85,22,1.1
CUS002858,2026-06,5.2,74,19,0.9
CUS002858,2026-07,6.8,98,25,1.2
CUS002859,2026-05,11.3,365,120,2.4
CUS002859,2026-06,11.7,380,125,2.5
CUS002859,2026-07,10.4,337,110,2.2
CUS002860,2026-05,106.3,96,47,7.0
CUS002860,2026-06,118.3,107,53,7.8
CUS002860,2026-07,111.2,100,49,7.3
CUS002861,2026-05,45.6,501,130,62.4
CUS002861,2026-06,53.7,591,153,73.6
CUS002861,2026-07,50.4,555,144,69.1
CUS002862,2026-05,149.0,1104,497,63.7
CUS002862,2026-06,154.3,1143,515,65.9
CUS002862,2026-07,131.1,971,437,56.0
CUS002863,2026-05,11.9,561,106,6.5
CUS002863,2026-06,10.0,472,89,5.5
CUS002863,2026-07,14.2,672,127,7.8
CUS002864,2026-05,6.0,1647,214,0.7
CUS002864,2026-06,6.3,1721,223,0.8
CUS002864,2026-07,5.6,1540,200,0.7
CUS002865,2026-05,141.4,121,27,12.2
CUS002865,2026-06,112.3,96,22,9.7
CUS002865,2026-07,104.4,89,20,9.0
CUS002866,2026-05,50.5,299,66,26.4
CUS002866,2026-06,41.3,244,54,21.6
CUS002866,2026-07,50.2,297,65,26.2
CUS002867,2026-05,5.4,1710,196,3.0
CUS002867,2026-06,5.2,1638,188,2.9
CUS002867,2026-07,6.1,1951,223,3.5
CUS002868,2026-05,52.4,248,29,29.3
CUS002868,2026-06,48.0,227,27,26.8
CUS002868,2026-07,52.9,250,30,29.6
CUS002869,2026-05,109.3,147,90,19.3
CUS002869,2026-06,76.7,103,63,13.5
CUS002869,2026-07,112.1,151,92,19.8
CUS002870,2026-05,5.9,1627,81,2.4
CUS002870,2026-06,5.1,1428,71,2.1
CUS002870,2026-07,5.6,1553,78,2.3
CUS002871,2026-05,24.1,774,33,3.8
CUS002871,2026-06,29.8,955,41,4.7
CUS002871,2026-07,28.3,909,39,4.4
CUS002872,2026-05,18.3,116,82,3.6
CUS002872,2026-06,19.4,123,86,3.9
CUS002872,2026-07,12.8,81,57,2.5
CUS002873,2026-05,16.4,1405,278,9.1
CUS002873,2026-06,21.0,1801,356,11.6
CUS002873,2026-07,15.8,1351,267,8.7
CUS002874,2026-05,2.1,1806,209,2.8
CUS002874,2026-06,1.6,1435,166,2.2
CUS002874,2026-07,1.6,1392,161,2.1
CUS002875,2026-05,9.5,1511,95,1.4
CUS002875,2026-06,8.8,1409,89,1.3
CUS002875,2026-07,8.7,1383,87,1.2
CUS002876,2026-05,5.0,49,37,0.9
CUS002876,2026-06,8.1,79,60,1.5
CUS002876,2026-07,7.3,71,54,1.3
CUS002877,2026-05,0.8,134,12,1.4
CUS002877,2026-06,0.7,123,11,1.3
CUS002877,2026-07,0.8,135,12,1.4
CUS002878,2026-05,20.1,445,164,6.5
CUS002878,2026-06,18.7,414,152,6.1
CUS002878,2026-07,18.9,420,154,6.2
CUS002879,2026-05,0.6,163,20,1.0
CUS002879,2026-06,0.5,149,19,0.9
CUS002879,2026-07,0.6,170,21,1.0
CUS002880,2026-05,4.6,1772,74,1.5
CUS002880,2026-06,3.7,1420,59,1.2
CUS002880,2026-07,3.6,1370,57,1.2
CUS002881,2026-05,42.1,2005,225,5.8
CUS002881,2026-06,46.3,2203,247,6.4
CUS002881,2026-07,49.2,2343,263,6.8
CUS002882,2026-05,2.0,731,216,2.1
CUS002882,2026-06,2.8,1005,297,2.8
CUS002882,2026-07,2.5,897,265,2.5
CUS002883,2026-05,3.3,73,29,1.1
CUS002883,2026-06,2.5,56,22,0.8
CUS002883,2026-07,3.1,69,28,1.0
CUS002884,2026-05,38.3,1588,48,6.8
CUS002884,2026-06,34.8,1443,44,6.2
CUS002884,2026-07,47.2,1958,59,8.4
CUS002885,2026-05,0.9,171,55,0.7
CUS002885,2026-06,1.0,198,63,0.8
CUS002885,2026-07,1.0,206,66,0.8
CUS002886,2026-05,3.2,552,240,0.6
CUS002886,2026-06,3.4,582,253,0.7
CUS002886,2026-07,3.5,587,255,0.7
CUS002887,2026-05,3.3,158,19,1.0
CUS002887,2026-06,3.6,173,21,1.1
CUS002887,2026-07,4.1,199,24,1.2
CUS002888,2026-05,3.9,57,61,0.6
CUS002888,2026-06,5.5,82,87,0.8
CUS002888,2026-07,4.6,67,71,0.7
CUS002889,2026-05,5.6,1679,216,1.0
CUS002889,2026-06,4.6,1372,176,0.8
CUS002889,2026-07,6.3,1900,244,1.2
CUS002890,2026-05,9.4,621,214,2.5
CUS002890,2026-06,8.2,543,187,2.2
CUS002890,2026-07,8.0,530,183,2.1
CUS002891,2026-05,18.7,1250,98,4.2
CUS002891,2026-06,24.5,1638,129,5.5
CUS002891,2026-07,23.3,1556,122,5.2
CUS002892,2026-05,7.0,1343,142,1.8
CUS002892,2026-06,7.1,1362,144,1.8
CUS002892,2026-07,5.4,1040,110,1.4
CUS002893,2026-05,6.7,92,24,0.3
CUS002893,2026-06,7.4,102,26,0.3
CUS002893,2026-07,6.5,90,23,0.3
CUS002894,2026-05,7.3,131,56,0.1
CUS002894,2026-06,6.1,109,47,0.1
CUS002894,2026-07,5.6,100,43,0.1
CUS002895,2026-05,3.1,41,51,1.1
CUS002895,2026-06,3.5,45,56,1.2
CUS002895,2026-07,3.4,44,54,1.2
CUS002896,2026-05,6.6,875,128,0.3
CUS002896,2026-06,7.5,994,146,0.4
CUS002896,2026-07,8.8,1175,172,0.4
CUS002897,2026-05,6.4,87,50,1.4
CUS002897,2026-06,5.1,69,40,1.1
CUS002897,2026-07,6.8,91,53,1.5
CUS002898,2026-05,2.0,796,34,0.8
CUS002898,2026-06,1.8,691,30,0.7
CUS002898,2026-07,1.8,690,30,0.7
CUS002899,2026-05,7.3,1251,171,1.8
CUS002899,2026-06,11.3,1943,265,2.9
CUS002899,2026-07,9.0,1545,211,2.3
CUS002900,2026-05,5.1,1848,86,0.9
CUS002900,2026-06,4.9,1757,82,0.9
CUS002900,2026-07,6.2,2246,105,1.2
CUS002901,2026-05,9.9,2006,96,2.8
CUS002901,2026-06,7.0,1417,68,2.0
CUS002901,2026-07,9.2,1882,90,2.6
CUS002902,2026-05,12.3,363,85,4.7
CUS002902,2026-06,13.0,384,90,5.0
CUS002902,2026-07,14.8,437,102,5.7
CUS002903,2026-05,6.4,659,149,0.9
CUS002903,2026-06,5.0,510,115,0.7
CUS002903,2026-07,5.6,572,130,0.8
CUS002904,2026-05,24.6,1086,37,4.9
CUS002904,2026-06,22.4,989,33,4.5
CUS002904,2026-07,27.3,1208,41,5.5
CUS002905,2026-05,31.2,173,176,5.4
CUS002905,2026-06,22.2,123,125,3.8
CUS002905,2026-07,26.2,146,148,4.5
CUS002906,2026-05,4.7,719,280,0.0
CUS002906,2026-06,4.3,670,261,0.0
CUS002906,2026-07,4.3,655,255,0.0
CUS002907,2026-05,7.9,533,209,0.5
CUS002907,2026-06,7.3,494,194,0.5
CUS002907,2026-07,17.1,645,253,1.1
CUS002908,2026-05,5.4,215,72,1.9
CUS002908,2026-06,3.8,151,50,1.3
CUS002908,2026-07,4.0,157,52,1.4
CUS002909,2026-05,3.3,82,67,1.0
CUS002909,2026-06,4.2,104,86,1.3
CUS002909,2026-07,2.8,68,56,0.8
CUS002910,2026-05,27.2,2156,176,8.5
CUS002910,2026-06,24.9,1973,161,7.8
CUS002910,2026-07,27.0,2140,175,8.5
CUS002911,2026-05,4.7,1180,140,1.4
CUS002911,2026-06,6.6,1652,196,1.9
CUS002911,2026-07,5.4,1351,160,1.6
CUS002912,2026-05,10.2,1437,192,7.1
CUS002912,2026-06,12.8,1812,242,9.0
CUS002912,2026-07,10.8,1523,203,7.5
CUS002913,2026-05,3.2,1146,63,2.2
CUS002913,2026-06,4.5,1634,89,3.1
CUS002913,2026-07,3.4,1229,67,2.3
CUS002914,2026-05,1.8,533,267,0.1
CUS002914,2026-06,2.2,645,324,0.1
CUS002914,2026-07,2.2,645,324,0.1
CUS002915,2026-05,30.4,888,127,6.7
CUS002915,2026-06,45.6,1332,191,10.0
CUS002915,2026-07,28.8,841,121,6.3
CUS002916,2026-05,3.3,61,11,1.9
CUS002916,2026-06,3.0,55,10,1.7
CUS002916,2026-07,3.4,63,11,1.9
CUS002917,2026-05,31.4,1417,175,4.9
CUS002917,2026-06,39.7,1791,222,6.1
CUS002917,2026-07,38.3,1728,214,5.9
CUS002918,2026-05,2.0,2186,315,3.0
CUS002918,2026-06,1.2,1369,197,1.9
CUS002918,2026-07,1.5,1658,239,2.3
CUS002919,2026-05,9.6,154,70,0.9
CUS002919,2026-06,7.2,115,52,0.7
CUS002919,2026-07,8.0,128,58,0.7
CUS002920,2026-05,2.8,238,30,2.2
CUS002920,2026-06,2.2,181,23,1.7
CUS002920,2026-07,2.8,231,29,2.2
CUS002921,2026-05,5.9,622,102,2.1
CUS002921,2026-06,5.4,569,93,1.9
CUS002921,2026-07,7.5,781,128,2.7
CUS002922,2026-05,4.0,112,31,0.5
CUS002922,2026-06,6.3,178,50,0.9
CUS002922,2026-07,4.8,136,38,0.7
CUS002923,2026-05,6.2,1196,145,2.4
CUS002923,2026-06,4.2,814,99,1.6
CUS002923,2026-07,6.3,1229,149,2.4
CUS002924,2026-05,43.7,2240,73,5.5
CUS002924,2026-06,30.2,1547,51,3.8
CUS002924,2026-07,45.9,2351,77,5.8
CUS002925,2026-05,8.1,1584,134,1.8
CUS002925,2026-06,9.8,1907,161,2.2
CUS002925,2026-07,7.6,1481,125,1.7
CUS002926,2026-05,2.2,202,35,0.1
CUS002926,2026-06,2.2,203,35,0.1
CUS002926,2026-07,1.7,162,28,0.1
CUS002927,2026-05,6.8,547,32,0.8
CUS002927,2026-06,5.3,425,25,0.6
CUS002927,2026-07,7.6,617,36,0.9
CUS002928,2026-05,9.6,675,251,1.8
CUS002928,2026-06,10.8,764,284,2.1
CUS002928,2026-07,8.2,580,216,1.6
CUS002929,2026-05,5.7,83,13,1.2
CUS002929,2026-06,5.4,80,12,1.2
CUS002929,2026-07,4.4,64,10,1.0
CUS002930,2026-05,10.3,1204,261,0.9
CUS002930,2026-06,10.6,1234,268,1.0
CUS002930,2026-07,8.1,945,205,0.7
CUS002931,2026-05,5.7,1276,75,3.8
CUS002931,2026-06,3.1,1259,74,2.1
CUS002931,2026-07,3.5,1412,83,2.4
CUS002932,2026-05,38.1,1547,63,0.8
CUS002932,2026-06,37.7,1528,62,0.8
CUS002932,2026-07,29.0,1178,48,0.6
CUS002933,2026-05,6.4,1173,239,1.3
CUS002933,2026-06,9.5,1752,357,2.0
CUS002933,2026-07,6.0,1114,227,1.3
CUS002934,2026-05,2.5,98,39,0.9
CUS002934,2026-06,3.5,133,53,1.3
CUS002934,2026-07,3.7,144,57,1.4
CUS002935,2026-05,9.9,501,269,2.8
CUS002935,2026-06,11.2,569,306,3.2
CUS002935,2026-07,12.1,612,329,3.4
CUS002936,2026-05,8.3,1096,106,1.7
CUS002936,2026-06,8.3,1091,106,1.7
CUS002936,2026-07,9.4,1237,120,2.0
CUS002937,2026-05,1.0,51,69,2.3
CUS002937,2026-06,0.5,47,64,1.2
CUS002937,2026-07,0.6,54,73,1.3
CUS002938,2026-05,7.0,1172,122,1.5
CUS002938,2026-06,6.3,1046,109,1.3
CUS002938,2026-07,4.8,805,84,1.0
CUS002939,2026-05,5.5,41,67,1.4
CUS002939,2026-06,4.7,35,57,1.2
CUS002939,2026-07,6.1,45,74,1.5
CUS002940,2026-05,1.6,1122,63,1.4
CUS002940,2026-06,2.0,1386,78,1.8
CUS002940,2026-07,2.2,1554,88,2.0
CUS002941,2026-05,2.0,99,56,0.9
CUS002941,2026-06,1.9,93,53,0.9
CUS002941,2026-07,1.9,94,54,0.9
CUS002942,2026-05,7.4,42,16,0.4
CUS002942,2026-06,8.9,51,19,0.5
CUS002942,2026-07,7.5,43,16,0.4
CUS002943,2026-05,4.9,138,29,1.5
CUS002943,2026-06,6.7,188,40,2.0
CUS002943,2026-07,7.0,197,42,2.1
CUS002944,2026-05,5.3,113,44,0.5
CUS002944,2026-06,7.4,156,61,0.6
CUS002944,2026-07,5.8,123,48,0.5
CUS002945,2026-05,25.6,1309,60,6.2
CUS002945,2026-06,31.8,1626,74,7.7
CUS002945,2026-07,27.9,1426,65,6.7
CUS002946,2026-05,1.7,1347,86,1.5
CUS002946,2026-06,2.3,1799,115,2.0
CUS002946,2026-07,3.6,1595,102,3.3
CUS002947,2026-05,29.8,136,106,6.1
CUS002947,2026-06,23.9,109,85,4.9
CUS002947,2026-07,31.0,141,110,6.4
CUS002948,2026-05,5.7,1589,59,0.4
CUS002948,2026-06,4.9,1370,51,0.3
CUS002948,2026-07,4.7,1330,50,0.3
CUS002949,2026-05,1.7,557,38,2.3
CUS002949,2026-06,1.5,488,33,2.0
CUS002949,2026-07,1.6,529,36,2.2
CUS002950,2026-05,7.9,1785,89,0.1
CUS002950,2026-06,6.3,1423,71,0.1
CUS002950,2026-07,9.1,2066,103,0.1
CUS002951,2026-05,1.6,50,67,1.7
CUS002951,2026-06,1.3,39,53,1.4
CUS002951,2026-07,1.3,40,53,1.4
CUS002952,2026-05,1.6,650,31,1.6
CUS002952,2026-06,1.8,737,36,1.8
CUS002952,2026-07,1.9,775,37,1.9
CUS002953,2026-05,5.3,2030,49,2.2
CUS002953,2026-06,4.1,1568,38,1.7
CUS002953,2026-07,3.6,1391,33,1.5
CUS002954,2026-05,1.1,106,35,0.9
CUS002954,2026-06,1.5,142,47,1.2
CUS002954,2026-07,1.2,108,36,0.9
CUS002955,2026-05,9.1,203,23,1.5
CUS002955,2026-06,7.8,174,19,1.2
CUS002955,2026-07,6.8,151,17,1.1
CUS002956,2026-05,5.6,399,85,0.6
CUS002956,2026-06,8.8,622,133,0.9
CUS002956,2026-07,7.0,496,106,0.7
CUS002957,2026-05,10.0,680,298,2.3
CUS002957,2026-06,8.8,597,261,2.0
CUS002957,2026-07,9.3,629,275,2.1
CUS002958,2026-05,9.2,692,45,3.0
CUS002958,2026-06,10.4,784,51,3.4
CUS002958,2026-07,10.8,819,54,3.5
CUS002959,2026-05,47.9,717,177,7.0
CUS002959,2026-06,27.4,739,183,4.0
CUS002959,2026-07,25.2,678,168,3.7
CUS002960,2026-05,4.0,1593,247,2.1
CUS002960,2026-06,3.1,1238,192,1.6
CUS002960,2026-07,3.2,1306,203,1.7
CUS002961,2026-05,32.6,2416,141,0.5
CUS002961,2026-06,22.5,1670,97,0.4
CUS002961,2026-07,30.9,2290,133,0.5
CUS002962,2026-05,21.5,79,88,1.1
CUS002962,2026-06,30.9,114,127,1.6
CUS002962,2026-07,32.7,120,134,1.7
CUS002963,2026-05,0.9,192,17,0.2
CUS002963,2026-06,0.9,178,16,0.2
CUS002963,2026-07,0.9,190,17,0.2
CUS002964,2026-05,0.6,107,64,1.6
CUS002964,2026-06,0.7,129,77,2.0
CUS002964,2026-07,0.5,91,55,1.4
CUS002965,2026-05,9.9,1074,210,0.7
CUS002965,2026-06,8.2,892,174,0.6
CUS002965,2026-07,9.8,1072,209,0.7
CUS002966,2026-05,3.9,86,74,0.1
CUS002966,2026-06,3.0,66,57,0.1
CUS002966,2026-07,4.2,94,81,0.1
CUS002967,2026-05,3.3,58,26,0.5
CUS002967,2026-06,4.8,85,39,0.7
CUS002967,2026-07,3.4,59,27,0.5
CUS002968,2026-05,3.1,1267,110,1.3
CUS002968,2026-06,3.6,1465,128,1.6
CUS002968,2026-07,4.3,1756,153,1.9
CUS002969,2026-05,6.3,218,43,5.4
CUS002969,2026-06,7.7,266,52,6.6
CUS002969,2026-07,15.8,303,60,13.5
CUS002970,2026-05,1.2,1943,137,3.1
CUS002970,2026-06,1.2,1920,135,3.1
CUS002970,2026-07,1.1,1803,127,2.9
CUS002971,2026-05,8.1,765,250,1.7
CUS002971,2026-06,8.7,817,267,1.8
CUS002971,2026-07,7.5,706,231,1.6
CUS002972,2026-05,4.3,107,71,0.5
CUS002972,2026-06,4.3,109,71,0.5
CUS002972,2026-07,4.4,111,73,0.5
CUS002973,2026-05,5.7,153,32,0.3
CUS002973,2026-06,3.5,169,36,0.2
CUS002973,2026-07,4.7,225,47,0.3
CUS002974,2026-05,16.5,462,153,8.5
CUS002974,2026-06,10.8,303,100,5.6
CUS002974,2026-07,13.2,370,122,6.8
CUS002975,2026-05,3.6,817,133,1.3
CUS002975,2026-06,4.9,1117,182,1.7
CUS002975,2026-07,3.4,772,126,1.2
CUS002976,2026-05,15.2,1161,351,4.2
CUS002976,2026-06,6.3,859,259,1.7
CUS002976,2026-07,8.5,1163,351,2.3
CUS002977,2026-05,1.2,882,112,2.2
CUS002977,2026-06,0.9,647,82,1.6
CUS002977,2026-07,1.1,801,102,2.0
CUS002978,2026-05,4.5,97,39,1.0
CUS002978,2026-06,3.6,78,31,0.8
CUS002978,2026-07,5.0,109,44,1.2
CUS002979,2026-05,6.3,153,61,1.0
CUS002979,2026-06,6.4,157,63,1.0
CUS002979,2026-07,7.8,190,76,1.2
CUS002980,2026-05,8.4,128,83,1.5
CUS002980,2026-06,7.0,106,69,1.3
CUS002980,2026-07,8.2,125,81,1.5
CUS002981,2026-05,9.4,727,299,0.5
CUS002981,2026-06,9.3,721,297,0.5
CUS002981,2026-07,10.1,781,321,0.6
CUS002982,2026-05,5.6,884,167,1.8
CUS002982,2026-06,6.4,1003,189,2.1
CUS002982,2026-07,7.7,1209,228,2.5
CUS002983,2026-05,4.8,169,38,1.8
CUS002983,2026-06,5.1,178,40,1.8
CUS002983,2026-07,6.5,228,51,2.4
CUS002984,2026-05,7.7,101,68,1.8
CUS002984,2026-06,8.6,113,76,2.1
CUS002984,2026-07,6.0,79,53,1.4
CUS002985,2026-05,22.3,142,67,2.6
CUS002985,2026-06,25.3,161,76,3.0
CUS002985,2026-07,22.7,144,68,2.6
CUS002986,2026-05,1.3,1561,80,0.6
CUS002986,2026-06,2.8,1823,94,1.3
CUS002986,2026-07,1.7,1963,101,0.8
CUS002987,2026-05,1.6,898,152,3.0
CUS002987,2026-06,1.7,982,166,3.2
CUS002987,2026-07,1.1,632,107,2.1
CUS002988,2026-05,4.5,1846,315,0.8
CUS002988,2026-06,3.8,1575,269,0.7
CUS002988,2026-07,4.3,1795,306,0.8
CUS002989,2026-05,16.6,315,71,3.4
CUS002989,2026-06,20.4,387,87,4.2
CUS002989,2026-07,15.6,296,66,3.2
CUS002990,2026-05,7.2,1405,277,2.6
CUS002990,2026-06,6.0,1174,231,2.2
CUS002990,2026-07,6.3,1229,242,2.3
CUS002991,2026-05,0.9,38,54,1.6
CUS002991,2026-06,0.9,37,53,1.5
CUS002991,2026-07,0.8,36,51,1.5
CUS002992,2026-05,9.7,1264,291,1.2
CUS002992,2026-06,6.9,902,207,0.8
CUS002992,2026-07,9.7,1269,292,1.2
CUS002993,2026-05,8.0,42,12,1.3
CUS002993,2026-06,5.2,27,8,0.8
CUS002993,2026-07,7.3,38,11,1.2
CUS002994,2026-05,8.6,1913,44,3.1
CUS002994,2026-06,6.4,1422,33,2.3
CUS002994,2026-07,7.1,1580,36,2.5
CUS002995,2026-05,3.7,212,75,2.3
CUS002995,2026-06,3.7,211,74,2.3
CUS002995,2026-07,2.4,133,47,1.4
CUS002996,2026-05,12.0,309,94,1.6
CUS002996,2026-06,13.9,357,108,1.9
CUS002996,2026-07,16.1,414,126,2.2
CUS002997,2026-05,16.9,574,205,7.2
CUS002997,2026-06,17.2,583,208,7.3
CUS002997,2026-07,19.9,675,241,8.4
CUS002998,2026-05,4.7,62,21,0.5
CUS002998,2026-06,6.6,89,30,0.8
CUS002998,2026-07,6.6,89,30,0.8
CUS002999,2026-05,3.0,1605,166,1.9
CUS002999,2026-06,3.6,1920,199,2.3
CUS002999,2026-07,3.0,1606,166,1.9
CUS003000,2026-05,25.8,176,90,1.4
CUS003000,2026-06,31.4,214,110,1.7
CUS003000,2026-07,24.9,170,87,1.4
CUS003001,2026-05,3.8,489,110,0.8
CUS003001,2026-06,4.9,638,143,1.0
CUS003001,2026-07,4.0,526,118,0.8
CUS003002,2026-05,0.8,131,7,1.3
CUS003002,2026-06,1.3,208,11,2.1
CUS003002,2026-07,1.0,167,9,1.7
CUS003003,2026-05,10.0,1297,177,1.2
CUS003003,2026-06,6.7,866,118,0.8
CUS003003,2026-07,8.6,1125,154,1.1
CUS003004,2026-05,20.1,1496,99,3.9
CUS003004,2026-06,22.0,1633,108,4.3
CUS003004,2026-07,15.7,1164,77,3.0
CUS003005,2026-05,4.4,94,53,0.8
CUS003005,2026-06,5.7,69,39,1.0
CUS003005,2026-07,3.2,69,39,0.6
CUS003006,2026-05,8.3,1667,168,0.0
CUS003006,2026-06,9.9,2005,202,0.1
CUS003006,2026-07,10.4,2087,210,0.1
CUS003007,2026-05,4.6,1249,100,2.4
CUS003007,2026-06,4.6,1250,100,2.4
CUS003007,2026-07,3.5,938,75,1.8
CUS003008,2026-05,7.1,1383,149,0.2
CUS003008,2026-06,8.8,1705,184,0.3
CUS003008,2026-07,7.9,1533,165,0.2
CUS003009,2026-05,8.0,1089,144,2.6
CUS003009,2026-06,10.5,1433,189,3.4
CUS003009,2026-07,8.3,1132,149,2.7
CUS003010,2026-05,5.4,938,184,2.0
CUS003010,2026-06,7.6,1310,257,2.8
CUS003010,2026-07,6.3,1079,212,2.3
CUS003011,2026-05,6.8,414,137,2.3
CUS003011,2026-06,9.3,567,188,3.1
CUS003011,2026-07,6.4,389,129,2.1
CUS003012,2026-05,18.1,192,51,0.4
CUS003012,2026-06,14.4,153,41,0.3
CUS003012,2026-07,16.8,178,47,0.3
CUS003013,2026-05,20.4,429,133,8.2
CUS003013,2026-06,14.9,313,97,5.9
CUS003013,2026-07,22.3,469,146,8.9
CUS003014,2026-05,7.7,96,31,1.3
CUS003014,2026-06,5.3,66,21,0.9
CUS003014,2026-07,5.1,64,21,0.9
CUS003015,2026-05,1.7,1610,279,2.1
CUS003015,2026-06,1.3,1249,216,1.7
CUS003015,2026-07,1.1,1090,189,1.4
CUS003016,2026-05,4.5,1063,163,3.0
CUS003016,2026-06,2.4,1018,156,1.6
CUS003016,2026-07,3.0,1266,194,2.0
CUS003017,2026-05,6.5,1971,140,0.5
CUS003017,2026-06,7.0,2150,152,0.6
CUS003017,2026-07,5.0,1534,109,0.4
CUS003018,2026-05,4.0,1981,290,3.0
CUS003018,2026-06,4.2,2052,301,3.1
CUS003018,2026-07,3.2,1560,229,2.3
CUS003019,2026-05,9.4,1875,256,1.3
CUS003019,2026-06,10.1,2009,274,1.4
CUS003019,2026-07,7.8,1561,213,1.1
CUS003020,2026-05,12.7,2009,235,7.3
CUS003020,2026-06,12.4,1960,229,7.1
CUS003020,2026-07,12.9,2046,239,7.4
CUS003021,2026-05,6.5,1131,119,2.6
CUS003021,2026-06,5.1,885,93,2.1
CUS003021,2026-07,5.7,993,105,2.3
CUS003022,2026-05,0.8,101,33,1.4
CUS003022,2026-06,1.0,125,41,1.8
CUS003022,2026-07,1.6,115,38,2.9
CUS003023,2026-05,6.2,1276,162,0.9
CUS003023,2026-06,6.8,1394,177,1.0
CUS003023,2026-07,8.2,1693,215,1.2
CUS003024,2026-05,8.0,1248,118,2.2
CUS003024,2026-06,7.2,1121,106,2.0
CUS003024,2026-07,10.5,1651,157,2.9
CUS003025,2026-05,6.9,1452,238,1.9
CUS003025,2026-06,5.4,1124,184,1.5
CUS003025,2026-07,5.9,1231,202,1.6
CUS003026,2026-05,4.4,41,65,0.1
CUS003026,2026-06,4.9,46,73,0.1
CUS003026,2026-07,3.7,35,55,0.1
CUS003027,2026-05,6.3,97,23,0.2
CUS003027,2026-06,6.3,96,22,0.2
CUS003027,2026-07,5.6,86,20,0.2
CUS003028,2026-05,5.1,907,69,2.1
CUS003028,2026-06,5.0,875,67,2.0
CUS003028,2026-07,5.2,918,70,2.1
CUS003029,2026-05,7.1,1044,57,1.4
CUS003029,2026-06,11.5,1699,92,2.3
CUS003029,2026-07,7.5,1111,60,1.5
CUS003030,2026-05,4.0,158,55,0.0
CUS003030,2026-06,4.2,167,58,0.0
CUS003030,2026-07,3.0,119,41,0.0
CUS003031,2026-05,7.3,318,87,3.0
CUS003031,2026-06,10.8,471,129,4.5
CUS003031,2026-07,9.5,413,113,3.9
CUS003032,2026-05,8.2,1237,228,0.9
CUS003032,2026-06,10.7,1600,295,1.2
CUS003032,2026-07,9.8,1467,271,1.1
CUS003033,2026-05,4.4,78,56,1.3
CUS003033,2026-06,3.4,61,43,1.0
CUS003033,2026-07,3.9,70,50,1.2
CUS003034,2026-05,13.1,144,50,5.7
CUS003034,2026-06,15.0,164,58,6.5
CUS003034,2026-07,14.1,154,54,6.1
CUS003035,2026-05,16.0,1753,224,1.6
CUS003035,2026-06,6.8,1336,171,0.7
CUS003035,2026-07,9.8,1939,248,1.0
CUS003036,2026-05,36.4,394,83,7.8
CUS003036,2026-06,27.7,300,64,6.0
CUS003036,2026-07,32.5,352,75,7.0
CUS003037,2026-05,0.9,1161,88,0.2
CUS003037,2026-06,1.0,1218,93,0.3
CUS003037,2026-07,1.4,1732,132,0.4
CUS003038,2026-05,9.1,277,18,5.5
CUS003038,2026-06,11.6,355,23,7.1
CUS003038,2026-07,10.1,308,20,6.2
CUS003039,2026-05,16.1,116,110,5.3
CUS003039,2026-06,19.6,141,133,6.4
CUS003039,2026-07,17.5,126,119,5.7
CUS003040,2026-05,20.9,2013,273,4.6
CUS003040,2026-06,24.5,2362,320,5.4
CUS003040,2026-07,23.0,2219,301,5.0
CUS003041,2026-05,9.5,1766,179,0.5
CUS003041,2026-06,10.0,1865,189,0.5
CUS003041,2026-07,9.8,1834,185,0.5
CUS003042,2026-05,2.5,84,74,0.9
CUS003042,2026-06,2.1,71,62,0.7
CUS003042,2026-07,2.5,84,74,0.9
CUS003043,2026-05,7.1,1692,338,0.9
CUS003043,2026-06,7.4,1760,351,1.0
CUS003043,2026-07,7.3,1721,343,1.0
CUS003044,2026-05,1.7,962,45,2.8
CUS003044,2026-06,1.5,1511,70,2.4
CUS003044,2026-07,1.5,1517,71,2.4
CUS003045,2026-05,6.2,130,81,2.3
CUS003045,2026-06,4.1,87,54,1.5
CUS003045,2026-07,10.3,120,74,3.8
CUS003046,2026-05,5.6,144,15,1.8
CUS003046,2026-06,4.6,118,12,1.4
CUS003046,2026-07,5.6,143,15,1.8
CUS003047,2026-05,12.7,661,235,0.8
CUS003047,2026-06,17.1,890,316,1.1
CUS003047,2026-07,17.7,919,326,1.1
CUS003048,2026-05,7.6,57,30,0.7
CUS003048,2026-06,6.7,50,27,0.6
CUS003048,2026-07,6.5,49,26,0.6
CUS003049,2026-05,3.0,1197,136,1.4
CUS003049,2026-06,4.2,1715,195,2.0
CUS003049,2026-07,4.3,1744,198,2.1
CUS003050,2026-05,2.9,1622,294,2.0
CUS003050,2026-06,2.4,1345,243,1.6
CUS003050,2026-07,2.2,1219,221,1.5
CUS003051,2026-05,8.9,85,69,3.2
CUS003051,2026-06,4.9,84,69,1.7
CUS003051,2026-07,3.3,57,46,1.2
CUS003052,2026-05,6.6,1008,360,2.1
CUS003052,2026-06,5.8,884,315,1.8
CUS003052,2026-07,6.3,964,344,2.0
CUS003053,2026-05,4.8,80,44,3.7
CUS003053,2026-06,1.9,58,32,1.5
CUS003053,2026-07,2.4,73,40,1.9
CUS003054,2026-05,1.5,481,108,2.3
CUS003054,2026-06,3.3,574,129,4.8
CUS003054,2026-07,1.5,482,109,2.3
CUS003055,2026-05,5.4,1277,281,2.7
CUS003055,2026-06,8.9,1160,255,4.4
CUS003055,2026-07,5.3,1246,274,2.6
CUS003056,2026-05,8.9,1658,183,0.5
CUS003056,2026-06,8.7,1616,179,0.5
CUS003056,2026-07,10.9,2028,224,0.6
CUS003057,2026-05,9.7,235,74,1.5
CUS003057,2026-06,7.8,187,59,1.2
CUS003057,2026-07,6.8,163,51,1.0
CUS003058,2026-05,1.2,153,26,1.4
CUS003058,2026-06,1.6,202,35,1.8
CUS003058,2026-07,1.6,202,35,1.8
CUS003059,2026-05,3.1,832,234,0.9
CUS003059,2026-06,2.1,572,161,0.6
CUS003059,2026-07,2.5,673,189,0.7
CUS003060,2026-05,3.1,103,38,0.6
CUS003060,2026-06,2.8,91,33,0.5
CUS003060,2026-07,3.3,107,39,0.6
CUS003061,2026-05,1.6,122,70,1.3
CUS003061,2026-06,1.9,143,83,1.5
CUS003061,2026-07,1.2,93,54,1.0
CUS003062,2026-05,1.0,113,85,0.1
CUS003062,2026-06,0.9,97,73,0.1
CUS003062,2026-07,0.8,86,64,0.1
CUS003063,2026-05,1.1,161,76,1.5
CUS003063,2026-06,1.0,151,71,1.4
CUS003063,2026-07,1.3,190,89,1.8
CUS003064,2026-05,6.6,177,38,0.1
CUS003064,2026-06,5.1,137,30,0.0
CUS003064,2026-07,7.0,188,41,0.1
CUS003065,2026-05,2.2,1535,212,0.0
CUS003065,2026-06,2.4,1615,223,0.0
CUS003065,2026-07,2.9,1983,274,0.0
CUS003066,2026-05,34.2,977,202,4.7
CUS003066,2026-06,37.0,1058,218,5.1
CUS003066,2026-07,30.3,866,179,4.1
CUS003067,2026-05,6.2,152,21,1.0
CUS003067,2026-06,5.8,141,20,0.9
CUS003067,2026-07,8.7,213,30,1.4
CUS003068,2026-05,17.6,313,167,0.2
CUS003068,2026-06,16.6,294,157,0.2
CUS003068,2026-07,12.3,219,117,0.1
CUS003069,2026-05,18.7,1923,60,7.0
CUS003069,2026-06,15.1,1545,48,5.6
CUS003069,2026-07,15.3,1574,49,5.7
CUS003070,2026-05,26.8,500,152,7.6
CUS003070,2026-06,40.7,761,232,11.6
CUS003070,2026-07,27.6,515,157,7.8
CUS003071,2026-05,3.1,58,57,0.5
CUS003071,2026-06,2.9,54,53,0.5
CUS003071,2026-07,3.7,70,68,0.6
CUS003072,2026-05,4.2,117,16,1.7
CUS003072,2026-06,3.9,108,15,1.6
CUS003072,2026-07,5.5,153,21,2.2
CUS003073,2026-05,22.5,124,39,4.0
CUS003073,2026-06,19.3,107,33,3.5
CUS003073,2026-07,19.7,109,34,3.6
CUS003074,2026-05,7.5,140,16,0.9
CUS003074,2026-06,7.2,135,15,0.8
CUS003074,2026-07,7.5,140,16,0.9
CUS003075,2026-05,9.8,525,27,1.0
CUS003075,2026-06,12.5,671,34,1.2
CUS003075,2026-07,11.1,597,31,1.1
CUS003076,2026-05,8.1,199,75,0.9
CUS003076,2026-06,7.3,179,67,0.8
CUS003076,2026-07,7.1,176,66,0.8
CUS003077,2026-05,2.7,137,66,0.6
CUS003077,2026-06,3.8,193,94,0.8
CUS003077,2026-07,3.1,158,77,0.6
CUS003078,2026-05,9.5,1389,106,1.7
CUS003078,2026-06,9.4,1385,106,1.7
CUS003078,2026-07,10.1,1481,113,1.8
CUS003079,2026-05,4.6,1205,272,0.6
CUS003079,2026-06,4.8,1259,284,0.6
CUS003079,2026-07,3.6,949,214,0.4
CUS003080,2026-05,1.8,177,83,1.2
CUS003080,2026-06,1.9,187,88,1.3
CUS003080,2026-07,1.7,168,79,1.1
CUS003081,2026-05,2.1,110,83,0.4
CUS003081,2026-06,1.9,102,77,0.4
CUS003081,2026-07,1.6,85,64,0.3
CUS003082,2026-05,5.4,201,74,0.0
CUS003082,2026-06,4.5,167,61,0.0
CUS003082,2026-07,4.1,151,55,0.0
CUS003083,2026-05,8.6,480,71,1.8
CUS003083,2026-06,10.9,608,89,2.3
CUS003083,2026-07,11.0,616,90,2.3
CUS003084,2026-05,6.3,153,7,1.7
CUS003084,2026-06,5.0,121,6,1.4
CUS003084,2026-07,6.8,165,8,1.9
CUS003085,2026-05,2.6,1388,85,2.2
CUS003085,2026-06,2.6,1417,87,2.2
CUS003085,2026-07,4.2,1252,77,3.5
CUS003086,2026-05,11.1,1546,279,1.6
CUS003086,2026-06,8.9,1234,223,1.3
CUS003086,2026-07,11.4,1591,287,1.6
CUS003087,2026-05,1.3,142,36,0.2
CUS003087,2026-06,2.0,208,53,0.3
CUS003087,2026-07,1.9,201,51,0.3
CUS003088,2026-05,5.0,65,72,1.6
CUS003088,2026-06,5.4,69,77,1.7
CUS003088,2026-07,5.0,64,71,1.6
CUS003089,2026-05,7.3,88,24,0.5
CUS003089,2026-06,8.0,96,27,0.5
CUS003089,2026-07,8.3,100,28,0.5
CUS003090,2026-05,0.9,32,27,1.4
CUS003090,2026-06,1.0,34,29,1.4
CUS003090,2026-07,1.3,46,39,1.9
CUS003091,2026-05,6.7,1208,104,0.4
CUS003091,2026-06,6.9,1234,106,0.4
CUS003091,2026-07,5.8,1037,89,0.3
CUS003092,2026-05,6.3,70,8,0.2
CUS003092,2026-06,4.4,49,6,0.2
CUS003092,2026-07,4.1,46,5,0.2
CUS003093,2026-05,5.1,73,16,0.3
CUS003093,2026-06,7.0,101,22,0.5
CUS003093,2026-07,6.3,90,20,0.4
CUS003094,2026-05,1.2,126,5,0.7
CUS003094,2026-06,1.7,169,7,0.9
CUS003094,2026-07,1.3,136,5,0.7
CUS003095,2026-05,1.6,1185,251,1.4
CUS003095,2026-06,2.6,1085,230,2.3
CUS003095,2026-07,1.5,1119,237,1.3
CUS003096,2026-05,5.2,1813,234,0.6
CUS003096,2026-06,6.4,2216,286,0.7
CUS003096,2026-07,5.8,2026,262,0.6
CUS003097,2026-05,5.7,94,60,1.2
CUS003097,2026-06,4.4,71,45,0.9
CUS003097,2026-07,5.5,90,58,1.1
CUS003098,2026-05,2.2,616,130,1.8
CUS003098,2026-06,1.4,740,156,1.2
CUS003098,2026-07,1.8,929,195,1.5
CUS003099,2026-05,53.5,2007,181,4.2
CUS003099,2026-06,22.4,1514,137,1.7
CUS003099,2026-07,23.0,1550,140,1.8
CUS003100,2026-05,5.3,144,47,0.6
CUS003100,2026-06,5.1,139,45,0.6
CUS003100,2026-07,6.7,182,59,0.8
CUS003101,2026-05,9.0,230,54,2.1
CUS003101,2026-06,8.5,217,51,2.0
CUS003101,2026-07,7.1,183,43,1.7
CUS003102,2026-05,3.7,1878,167,3.4
CUS003102,2026-06,2.9,1503,134,2.7
CUS003102,2026-07,3.5,1813,162,3.2
CUS003103,2026-05,6.4,910,45,1.8
CUS003103,2026-06,6.0,859,43,1.7
CUS003103,2026-07,7.1,1018,51,2.0
CUS003104,2026-05,4.4,37,48,1.8
CUS003104,2026-06,3.7,32,41,1.6
CUS003104,2026-07,4.2,35,46,1.7
CUS003105,2026-05,7.1,1984,296,1.5
CUS003105,2026-06,7.8,2203,328,1.7
CUS003105,2026-07,7.9,2209,329,1.7
CUS003106,2026-05,8.7,79,74,0.1
CUS003106,2026-06,11.6,59,55,0.2
CUS003106,2026-07,7.5,69,64,0.1
CUS003107,2026-05,0.6,46,21,1.1
CUS003107,2026-06,0.6,48,22,1.2
CUS003107,2026-07,0.4,34,16,0.8
CUS003108,2026-05,8.8,599,271,3.0
CUS003108,2026-06,9.8,666,302,3.3
CUS003108,2026-07,7.2,491,222,2.4
CUS003109,2026-05,8.5,38,52,1.0
CUS003109,2026-06,6.9,31,42,0.8
CUS003109,2026-07,6.3,28,39,0.8
CUS003110,2026-05,5.9,178,11,1.3
CUS003110,2026-06,4.9,149,9,1.1
CUS003110,2026-07,7.2,218,14,1.6
CUS003111,2026-05,1.6,192,27,1.3
CUS003111,2026-06,1.2,141,20,1.0
CUS003111,2026-07,1.4,161,23,1.1
CUS003112,2026-05,3.3,100,37,0.1
CUS003112,2026-06,6.7,111,42,0.2
CUS003112,2026-07,3.4,101,38,0.1
CUS003113,2026-05,4.6,49,37,1.6
CUS003113,2026-06,3.4,37,28,1.2
CUS003113,2026-07,4.5,49,37,1.6
CUS003114,2026-05,2.8,1156,235,1.5
CUS003114,2026-06,2.9,1196,243,1.6
CUS003114,2026-07,2.7,1115,227,1.5
CUS003115,2026-05,2.0,610,332,1.6
CUS003115,2026-06,1.9,579,315,1.5
CUS003115,2026-07,2.1,624,339,1.6
CUS003116,2026-05,3.0,211,67,1.4
CUS003116,2026-06,3.0,213,68,1.5
CUS003116,2026-07,2.1,147,47,1.0
CUS003117,2026-05,1.6,863,236,0.3
CUS003117,2026-06,2.1,1096,300,0.4
CUS003117,2026-07,2.0,1054,289,0.3
CUS003118,2026-05,30.7,1302,310,3.0
CUS003118,2026-06,26.5,1127,269,2.6
CUS003118,2026-07,30.7,1301,310,3.0
CUS003119,2026-05,5.8,1684,331,2.6
CUS003119,2026-06,3.9,1139,224,1.7
CUS003119,2026-07,4.4,1270,250,1.9
CUS003120,2026-05,8.3,1983,267,1.0
CUS003120,2026-06,7.4,1778,239,0.9
CUS003120,2026-07,8.0,1916,257,1.0
CUS003121,2026-05,10.8,1441,90,1.7
CUS003121,2026-06,11.9,1582,99,1.8
CUS003121,2026-07,10.7,1433,90,1.6
CUS003122,2026-05,34.4,1506,140,5.1
CUS003122,2026-06,28.9,1268,118,4.3
CUS003122,2026-07,40.0,1752,163,5.9
CUS003123,2026-05,1.6,925,175,3.4
CUS003123,2026-06,1.4,774,146,2.8
CUS003123,2026-07,1.2,694,131,2.5
CUS003124,2026-05,0.5,35,28,0.6
CUS003124,2026-06,0.6,40,32,0.7
CUS003124,2026-07,0.5,34,28,0.6
CUS003125,2026-05,7.2,896,153,1.7
CUS003125,2026-06,9.2,1140,195,2.2
CUS003125,2026-07,10.6,1317,226,2.6
CUS003126,2026-05,11.1,1186,126,1.3
CUS003126,2026-06,6.9,738,78,0.8
CUS003126,2026-07,7.6,814,86,0.9
CUS003127,2026-05,1.0,1430,126,0.5
CUS003127,2026-06,1.0,1432,126,0.5
CUS003127,2026-07,1.5,2179,192,0.8
CUS003128,2026-05,5.6,1132,122,1.1
CUS003128,2026-06,7.9,1580,171,1.6
CUS003128,2026-07,7.4,1495,162,1.5
CUS003129,2026-05,5.7,688,219,4.2
CUS003129,2026-06,4.1,892,285,3.0
CUS003129,2026-07,4.3,936,299,3.2
CUS003130,2026-05,4.3,1499,211,0.3
CUS003130,2026-06,6.4,2245,316,0.4
CUS003130,2026-07,5.6,1945,273,0.4
CUS003131,2026-05,11.5,1937,277,0.5
CUS003131,2026-06,9.4,1580,226,0.4
CUS003131,2026-07,11.8,1987,284,0.5
CUS003132,2026-05,4.7,1736,224,0.2
CUS003132,2026-06,3.8,1399,180,0.2
CUS003132,2026-07,3.9,1413,182,0.2
CUS003133,2026-05,7.2,1649,250,1.3
CUS003133,2026-06,9.0,2063,313,1.7
CUS003133,2026-07,8.9,2030,308,1.6
CUS003134,2026-05,4.9,75,69,0.3
CUS003134,2026-06,5.6,86,79,0.4
CUS003134,2026-07,4.0,61,56,0.3
CUS003135,2026-05,3.2,182,61,0.2
CUS003135,2026-06,2.3,132,44,0.1
CUS003135,2026-07,2.1,123,41,0.1
CUS003136,2026-05,7.9,134,37,1.2
CUS003136,2026-06,8.6,145,40,1.3
CUS003136,2026-07,8.8,148,41,1.3
CUS003137,2026-05,3.0,1312,130,2.8
CUS003137,2026-06,2.5,1100,109,2.3
CUS003137,2026-07,2.7,1178,116,2.5
CUS003138,2026-05,27.4,229,171,3.5
CUS003138,2026-06,26.4,221,165,3.4
CUS003138,2026-07,23.5,197,147,3.0
CUS003139,2026-05,3.8,1180,120,1.4
CUS003139,2026-06,5.1,1599,162,2.0
CUS003139,2026-07,3.6,1131,115,1.4
CUS003140,2026-05,6.4,70,45,0.6
CUS003140,2026-06,5.8,63,41,0.5
CUS003140,2026-07,6.0,65,42,0.5
CUS003141,2026-05,7.1,45,30,0.9
CUS003141,2026-06,7.6,48,32,1.0
CUS003141,2026-07,9.3,59,39,1.2
CUS003142,2026-05,4.7,1447,38,0.7
CUS003142,2026-06,5.7,1768,47,0.9
CUS003142,2026-07,4.4,1354,36,0.7
CUS003143,2026-05,4.4,193,79,0.7
CUS003143,2026-06,4.5,194,79,0.7
CUS003143,2026-07,8.9,216,88,1.3
CUS003144,2026-05,4.1,122,83,1.2
CUS003144,2026-06,3.3,96,65,0.9
CUS003144,2026-07,4.1,121,82,1.2
CUS003145,2026-05,3.6,228,34,0.6
CUS003145,2026-06,3.4,213,32,0.5
CUS003145,2026-07,3.3,211,31,0.5
CUS003146,2026-05,8.6,1184,239,0.1
CUS003146,2026-06,11.9,1634,330,0.1
CUS003146,2026-07,8.3,1134,229,0.1
CUS003147,2026-05,4.0,43,13,1.4
CUS003147,2026-06,4.0,43,13,1.4
CUS003147,2026-07,6.4,38,12,2.2
CUS003148,2026-05,20.4,1706,151,1.8
CUS003148,2026-06,22.8,1905,168,2.0
CUS003148,2026-07,20.8,1741,154,1.8
CUS003149,2026-05,7.3,1254,85,1.1
CUS003149,2026-06,6.7,1146,78,1.0
CUS003149,2026-07,9.2,1592,108,1.3
CUS003150,2026-05,6.4,51,41,2.0
CUS003150,2026-06,2.7,39,31,0.9
CUS003150,2026-07,4.2,60,48,1.3
CUS003151,2026-05,7.6,2347,128,1.5
CUS003151,2026-06,7.2,2228,121,1.4
CUS003151,2026-07,6.7,2084,114,1.3
CUS003152,2026-05,5.6,40,52,1.0
CUS003152,2026-06,5.8,41,53,1.0
CUS003152,2026-07,5.2,37,48,0.9
CUS003153,2026-05,3.8,667,233,1.7
CUS003153,2026-06,2.9,509,178,1.3
CUS003153,2026-07,3.5,605,211,1.5
CUS003154,2026-05,8.9,1581,181,1.7
CUS003154,2026-06,8.4,1483,170,1.6
CUS003154,2026-07,16.5,1621,185,3.1
CUS003155,2026-05,37.7,1643,190,6.9
CUS003155,2026-06,45.6,1987,230,8.3
CUS003155,2026-07,40.8,1778,206,7.5
CUS003156,2026-05,39.0,627,213,4.4
CUS003156,2026-06,64.6,577,196,7.3
CUS003156,2026-07,25.4,408,138,2.9
CUS003157,2026-05,1.4,939,87,0.1
CUS003157,2026-06,2.2,831,77,0.1
CUS003157,2026-07,1.3,862,80,0.1
CUS003158,2026-05,9.2,2069,257,0.7
CUS003158,2026-06,10.1,2273,282,0.8
CUS003158,2026-07,9.5,2147,267,0.8
CUS003159,2026-05,6.7,116,81,1.6
CUS003159,2026-06,5.6,97,68,1.4
CUS003159,2026-07,11.2,107,75,2.7
CUS003160,2026-05,19.9,242,119,1.9
CUS003160,2026-06,26.4,321,158,2.5
CUS003160,2026-07,19.1,232,114,1.8
CUS003161,2026-05,5.3,1822,101,2.4
CUS003161,2026-06,6.0,2054,114,2.8
CUS003161,2026-07,4.7,1612,89,2.2
CUS003162,2026-05,4.4,48,47,1.0
CUS003162,2026-06,5.7,63,61,1.3
CUS003162,2026-07,4.4,49,47,1.0
CUS003163,2026-05,26.5,487,33,4.6
CUS003163,2026-06,16.6,306,21,2.9
CUS003163,2026-07,25.1,461,31,4.4
CUS003164,2026-05,2.6,1357,105,0.6
CUS003164,2026-06,3.0,1558,121,0.6
CUS003164,2026-07,3.0,1535,119,0.6
CUS003165,2026-05,9.7,1312,218,0.5
CUS003165,2026-06,7.6,1034,172,0.4
CUS003165,2026-07,10.2,1385,230,0.6
CUS003166,2026-05,17.1,214,62,4.1
CUS003166,2026-06,12.6,158,46,3.0
CUS003166,2026-07,12.3,154,45,3.0
CUS003167,2026-05,2.4,1383,75,0.1
CUS003167,2026-06,1.5,843,46,0.1
CUS003167,2026-07,1.5,872,47,0.1
CUS003168,2026-05,6.2,1244,58,2.7
CUS003168,2026-06,6.4,1274,59,2.7
CUS003168,2026-07,7.2,1431,67,3.1
CUS003169,2026-05,11.0,411,28,4.0
CUS003169,2026-06,11.9,445,30,4.3
CUS003169,2026-07,10.8,402,27,3.9
CUS003170,2026-05,17.0,1694,289,1.6
CUS003170,2026-06,18.7,1869,319,1.8
CUS003170,2026-07,13.6,1358,231,1.3
CUS003171,2026-05,1.7,1555,282,1.0
CUS003171,2026-06,1.1,1032,187,0.7
CUS003171,2026-07,1.3,1240,225,0.8
CUS003172,2026-05,2.4,132,47,1.4
CUS003172,2026-06,2.7,148,53,1.6
CUS003172,2026-07,2.6,145,52,1.6
CUS003173,2026-05,5.7,199,41,1.3
CUS003173,2026-06,6.1,214,44,1.4
CUS003173,2026-07,6.2,218,45,1.4
CUS003174,2026-05,9.9,2006,171,2.6
CUS003174,2026-06,7.5,1516,129,2.0
CUS003174,2026-07,12.1,2454,210,3.2
CUS003175,2026-05,33.7,294,67,1.0
CUS003175,2026-06,50.2,244,56,1.5
CUS003175,2026-07,30.2,263,60,0.9
CUS003176,2026-05,2.5,121,56,1.6
CUS003176,2026-06,2.2,106,49,1.4
CUS003176,2026-07,3.2,158,73,2.1
CUS003177,2026-05,7.7,100,23,1.5
CUS003177,2026-06,5.4,71,16,1.1
CUS003177,2026-07,8.6,112,26,1.7
CUS003178,2026-05,5.6,1336,40,0.0
CUS003178,2026-06,7.2,1727,52,0.0
CUS003178,2026-07,6.6,1574,47,0.0
CUS003179,2026-05,47.7,1813,68,8.3
CUS003179,2026-06,40.9,1553,58,7.1
CUS003179,2026-07,34.9,1326,50,6.1
CUS003180,2026-05,37.4,1907,198,1.1
CUS003180,2026-06,28.8,1470,152,0.9
CUS003180,2026-07,35.7,1819,188,1.1
CUS003181,2026-05,19.6,1104,135,1.5
CUS003181,2026-06,16.7,944,115,1.3
CUS003181,2026-07,15.8,894,109,1.2
CUS003182,2026-05,31.7,1301,151,8.1
CUS003182,2026-06,23.8,975,113,6.1
CUS003182,2026-07,28.5,1171,136,7.3
CUS003183,2026-05,2.9,1675,33,1.9
CUS003183,2026-06,2.8,1607,31,1.8
CUS003183,2026-07,2.6,1522,30,1.7
CUS003184,2026-05,20.1,2054,46,5.0
CUS003184,2026-06,16.8,1716,38,4.2
CUS003184,2026-07,16.9,1727,38,4.2
CUS003185,2026-05,13.4,2127,195,0.8
CUS003185,2026-06,11.5,1829,168,0.7
CUS003185,2026-07,14.6,2313,212,0.9
CUS003186,2026-05,2.4,1424,208,1.3
CUS003186,2026-06,2.5,1442,211,1.3
CUS003186,2026-07,2.9,1698,249,1.5
CUS003187,2026-05,8.7,769,148,0.2
CUS003187,2026-06,11.4,1012,195,0.2
CUS003187,2026-07,7.8,696,134,0.2
CUS003188,2026-05,1.1,34,39,0.9
CUS003188,2026-06,1.1,36,40,0.9
CUS003188,2026-07,0.9,30,33,0.8
CUS003189,2026-05,6.4,1267,89,1.3
CUS003189,2026-06,8.7,1734,122,1.8
CUS003189,2026-07,9.3,1843,129,1.9
CUS003190,2026-05,4.5,972,114,1.2
CUS003190,2026-06,3.4,732,86,0.9
CUS003190,2026-07,4.4,951,112,1.2
CUS003191,2026-05,11.5,917,199,1.3
CUS003191,2026-06,11.6,919,199,1.3
CUS003191,2026-07,9.4,748,162,1.1
CUS003192,2026-05,19.2,198,92,5.5
CUS003192,2026-06,21.5,221,103,6.2
CUS003192,2026-07,28.2,290,135,8.1
CUS003193,2026-05,8.3,1004,153,6.5
CUS003193,2026-06,11.5,1392,212,8.9
CUS003193,2026-07,12.1,1462,223,9.4
CUS003194,2026-05,1.6,984,165,0.8
CUS003194,2026-06,2.2,1397,233,1.2
CUS003194,2026-07,1.7,1067,178,0.9
CUS003195,2026-05,4.3,1104,46,1.1
CUS003195,2026-06,4.6,1183,50,1.2
CUS003195,2026-07,4.9,1268,53,1.3
CUS003196,2026-05,3.0,33,25,0.1
CUS003196,2026-06,3.1,35,26,0.1
CUS003196,2026-07,3.8,42,31,0.1
CUS003197,2026-05,7.1,60,57,0.1
CUS003197,2026-06,6.0,51,48,0.1
CUS003197,2026-07,8.0,67,64,0.1
CUS003198,2026-05,1.4,151,45,1.3
CUS003198,2026-06,1.8,183,54,1.6
CUS003198,2026-07,1.6,162,48,1.4
CUS003199,2026-05,6.2,119,66,1.5
CUS003199,2026-06,5.9,112,62,1.4
CUS003199,2026-07,4.1,79,43,1.0
CUS003200,2026-05,1.1,1345,171,2.4
CUS003200,2026-06,1.0,1214,155,2.1
CUS003200,2026-07,1.4,1600,204,2.8
CUS003201,2026-05,20.4,412,118,7.8
CUS003201,2026-06,19.5,393,113,7.4
CUS003201,2026-07,19.7,396,114,7.5
CUS003202,2026-05,4.2,167,22,1.8
CUS003202,2026-06,3.7,148,19,1.6
CUS003202,2026-07,3.8,153,20,1.6
CUS003203,2026-05,6.0,68,6,0.6
CUS003203,2026-06,5.1,58,5,0.5
CUS003203,2026-07,4.7,53,5,0.5
CUS003204,2026-05,10.0,1064,292,2.9
CUS003204,2026-06,11.4,1220,335,3.3
CUS003204,2026-07,9.0,959,263,2.6
CUS003205,2026-05,3.2,608,74,0.3
CUS003205,2026-06,4.1,780,95,0.4
CUS003205,2026-07,4.0,755,92,0.4
CUS003206,2026-05,24.9,2034,290,7.6
CUS003206,2026-06,20.4,1664,237,6.3
CUS003206,2026-07,21.1,1722,245,6.5
CUS003207,2026-05,1.8,54,58,1.2
CUS003207,2026-06,2.6,79,84,1.7
CUS003207,2026-07,2.9,86,92,1.9
CUS003208,2026-05,9.6,1621,211,0.4
CUS003208,2026-06,20.3,1896,247,0.8
CUS003208,2026-07,11.1,1863,243,0.4
CUS003209,2026-05,4.3,1198,130,1.8
CUS003209,2026-06,4.5,1252,136,1.9
CUS003209,2026-07,3.8,1061,115,1.6
CUS003210,2026-05,17.7,304,82,1.1
CUS003210,2026-06,18.1,311,84,1.1
CUS003210,2026-07,22.4,385,104,1.3
CUS003211,2026-05,5.1,52,24,0.6
CUS003211,2026-06,4.6,48,22,0.5
CUS003211,2026-07,6.4,66,31,0.7
CUS003212,2026-05,6.2,547,257,1.4
CUS003212,2026-06,4.5,391,183,1.0
CUS003212,2026-07,4.8,422,198,1.1
CUS003213,2026-05,6.1,890,72,1.1
CUS003213,2026-06,5.4,794,64,1.0
CUS003213,2026-07,6.3,921,75,1.2
CUS003214,2026-05,18.6,947,89,0.6
CUS003214,2026-06,26.1,1332,126,0.9
CUS003214,2026-07,21.9,1117,105,0.8
CUS003215,2026-05,9.9,1469,89,8.1
CUS003215,2026-06,9.5,1413,86,7.8
CUS003215,2026-07,13.6,2030,123,11.1
CUS003216,2026-05,7.9,1772,32,1.7
CUS003216,2026-06,6.7,1504,28,1.4
CUS003216,2026-07,9.4,2125,39,2.0
CUS003217,2026-05,5.4,202,17,2.4
CUS003217,2026-06,4.8,179,15,2.2
CUS003217,2026-07,3.6,132,11,1.6
CUS003218,2026-05,8.0,157,24,0.5
CUS003218,2026-06,6.6,130,20,0.4
CUS003218,2026-07,5.4,106,16,0.3
CUS003219,2026-05,4.7,941,223,1.4
CUS003219,2026-06,5.0,1008,239,1.5
CUS003219,2026-07,3.4,694,165,1.0
CUS003220,2026-05,6.6,1005,74,1.7
CUS003220,2026-06,5.4,1492,110,1.4
CUS003220,2026-07,4.3,1200,89,1.1
CUS003221,2026-05,20.1,106,89,4.5
CUS003221,2026-06,24.2,128,107,5.4
CUS003221,2026-07,28.3,150,125,6.3
CUS003222,2026-05,10.4,111,47,6.3
CUS003222,2026-06,16.0,172,73,9.6
CUS003222,2026-07,12.2,130,55,7.3
CUS003223,2026-05,1.7,133,6,0.9
CUS003223,2026-06,1.2,94,5,0.6
CUS003223,2026-07,2.9,126,6,1.5
CUS003224,2026-05,7.9,101,80,2.0
CUS003224,2026-06,8.8,114,89,2.2
CUS003224,2026-07,8.4,108,85,2.1
CUS003225,2026-05,9.3,1063,331,0.8
CUS003225,2026-06,7.3,829,258,0.7
CUS003225,2026-07,8.0,915,285,0.7
CUS003226,2026-05,4.4,147,30,0.9
CUS003226,2026-06,4.3,143,29,0.9
CUS003226,2026-07,5.6,186,38,1.2
CUS003227,2026-05,4.7,503,63,0.6
CUS003227,2026-06,5.9,626,78,0.8
CUS003227,2026-07,6.8,721,90,0.9
CUS003228,2026-05,8.0,168,28,0.3
CUS003228,2026-06,6.3,133,22,0.2
CUS003228,2026-07,6.5,136,23,0.2
CUS003229,2026-05,15.0,1130,118,3.5
CUS003229,2026-06,22.1,928,97,5.2
CUS003229,2026-07,15.5,1173,122,3.6
CUS003230,2026-05,28.0,1226,65,5.7
CUS003230,2026-06,24.8,1087,57,5.1
CUS003230,2026-07,37.5,1645,87,7.7
CUS003231,2026-05,5.1,1327,62,2.3
CUS003231,2026-06,3.6,928,43,1.6
CUS003231,2026-07,4.1,1064,50,1.8
CUS003232,2026-05,30.4,1026,37,7.4
CUS003232,2026-06,34.3,1161,42,8.4
CUS003232,2026-07,30.3,1024,37,7.4
CUS003233,2026-05,4.8,159,54,0.6
CUS003233,2026-06,5.0,168,57,0.7
CUS003233,2026-07,4.8,161,54,0.7
CUS003234,2026-05,2.1,1015,227,0.4
CUS003234,2026-06,2.5,1183,265,0.5
CUS003234,2026-07,2.0,950,213,0.4
CUS003235,2026-05,4.0,1828,172,0.3
CUS003235,2026-06,4.7,2156,202,0.3
CUS003235,2026-07,3.4,1588,149,0.2
CUS003236,2026-05,7.2,1611,111,0.4
CUS003236,2026-06,8.4,1883,130,0.4
CUS003236,2026-07,9.2,2058,142,0.5
CUS003237,2026-05,13.0,451,128,3.4
CUS003237,2026-06,10.9,380,107,2.9
CUS003237,2026-07,13.8,478,135,3.6
CUS003238,2026-05,12.0,916,172,1.4
CUS003238,2026-06,10.4,799,150,1.2
CUS003238,2026-07,9.9,755,141,1.1
CUS003239,2026-05,2.8,518,69,0.2
CUS003239,2026-06,2.6,468,62,0.1
CUS003239,2026-07,4.2,767,102,0.2
CUS003240,2026-05,6.5,79,74,1.8
CUS003240,2026-06,6.5,79,74,1.8
CUS003240,2026-07,7.6,93,88,2.2
CUS003241,2026-05,3.9,1293,46,1.6
CUS003241,2026-06,4.6,1506,53,1.8
CUS003241,2026-07,5.9,1957,69,2.4
CUS003242,2026-05,34.3,1714,316,1.0
CUS003242,2026-06,27.3,1366,252,0.8
CUS003242,2026-07,27.4,1371,253,0.8
CUS003243,2026-05,4.9,129,46,0.8
CUS003243,2026-06,4.7,123,43,0.8
CUS003243,2026-07,5.6,148,52,1.0
CUS003244,2026-05,27.5,1655,137,7.4
CUS003244,2026-06,29.1,1755,145,7.8
CUS003244,2026-07,34.4,2071,172,9.2
CUS003245,2026-05,15.7,1312,154,3.4
CUS003245,2026-06,14.6,1216,143,3.2
CUS003245,2026-07,16.2,1352,159,3.5
CUS003246,2026-05,36.7,1027,217,2.3
CUS003246,2026-06,31.7,886,187,2.0
CUS003246,2026-07,34.2,958,203,2.2
CUS003247,2026-05,2.4,46,37,1.1
CUS003247,2026-06,3.0,57,45,1.4
CUS003247,2026-07,4.7,50,39,2.1
CUS003248,2026-05,7.0,110,60,0.2
CUS003248,2026-06,8.4,133,73,0.2
CUS003248,2026-07,9.0,142,78,0.2
CUS003249,2026-05,6.2,528,165,1.9
CUS003249,2026-06,14.5,689,216,4.4
CUS003249,2026-07,6.7,574,179,2.0
CUS003250,2026-05,1.1,214,90,0.9
CUS003250,2026-06,1.0,186,79,0.8
CUS003250,2026-07,1.1,204,86,0.8
CUS003251,2026-05,7.9,1342,102,0.5
CUS003251,2026-06,7.2,1210,92,0.4
CUS003251,2026-07,9.2,1556,118,0.6
CUS003252,2026-05,3.1,48,73,0.3
CUS003252,2026-06,3.7,57,87,0.3
CUS003252,2026-07,2.6,41,62,0.2
CUS003253,2026-05,2.8,1297,163,2.2
CUS003253,2026-06,2.3,1084,136,1.8
CUS003253,2026-07,3.5,1600,201,2.7
CUS003254,2026-05,8.3,1003,227,1.6
CUS003254,2026-06,4.1,895,203,0.8
CUS003254,2026-07,3.9,842,191,0.7
CUS003255,2026-05,19.1,406,15,1.3
CUS003255,2026-06,23.5,498,18,1.6
CUS003255,2026-07,20.5,436,16,1.4
CUS003256,2026-05,23.9,1033,26,6.9
CUS003256,2026-06,27.1,1171,30,7.8
CUS003256,2026-07,29.3,1267,32,8.4
CUS003257,2026-05,17.0,495,97,8.2
CUS003257,2026-06,14.8,430,84,7.1
CUS003257,2026-07,20.9,610,119,10.1
CUS003258,2026-05,28.4,453,269,2.4
CUS003258,2026-06,38.8,620,367,3.3
CUS003258,2026-07,36.9,589,349,3.1
CUS003259,2026-05,6.2,135,35,0.8
CUS003259,2026-06,5.8,124,32,0.7
CUS003259,2026-07,5.0,109,28,0.6
CUS003260,2026-05,7.6,584,39,0.8
CUS003260,2026-06,7.9,606,40,0.9
CUS003260,2026-07,9.2,705,47,1.0
CUS003261,2026-05,6.3,70,44,1.4
CUS003261,2026-06,6.5,73,46,1.4
CUS003261,2026-07,7.0,78,49,1.5
CUS003262,2026-05,8.1,1680,75,1.1
CUS003262,2026-06,7.6,1587,71,1.1
CUS003262,2026-07,10.2,2122,95,1.4
CUS003263,2026-05,25.1,667,198,10.5
CUS003263,2026-06,20.8,551,163,8.7
CUS003263,2026-07,22.4,595,176,9.4
CUS003264,2026-05,4.3,1404,142,0.9
CUS003264,2026-06,4.9,1605,163,1.0
CUS003264,2026-07,4.9,1618,164,1.0
CUS003265,2026-05,10.6,212,57,2.0
CUS003265,2026-06,4.3,154,42,0.8
CUS003265,2026-07,3.9,140,38,0.7
CUS003266,2026-05,5.1,138,21,0.8
CUS003266,2026-06,8.4,226,34,1.4
CUS003266,2026-07,6.2,165,25,1.0
CUS003267,2026-05,6.4,697,52,0.4
CUS003267,2026-06,5.4,580,43,0.3
CUS003267,2026-07,4.9,526,39,0.3
CUS003268,2026-05,5.5,981,217,1.7
CUS003268,2026-06,4.8,849,188,1.4
CUS003268,2026-07,5.8,1035,229,1.8
CUS003269,2026-05,24.6,187,38,2.4
CUS003269,2026-06,26.2,199,41,2.5
CUS003269,2026-07,23.8,180,37,2.3
CUS003270,2026-05,35.1,258,121,3.9
CUS003270,2026-06,31.6,232,109,3.5
CUS003270,2026-07,32.1,236,110,3.6
CUS003271,2026-05,9.1,656,163,2.2
CUS003271,2026-06,8.4,606,151,2.1
CUS003271,2026-07,7.7,553,138,1.9
CUS003272,2026-05,36.4,1547,189,0.8
CUS003272,2026-06,30.6,1302,159,0.7
CUS003272,2026-07,31.1,1320,161,0.7
CUS003273,2026-05,1.1,80,6,1.5
CUS003273,2026-06,1.4,99,7,1.8
CUS003273,2026-07,1.1,79,6,1.5
CUS003274,2026-05,8.5,75,30,0.8
CUS003274,2026-06,6.8,61,24,0.6
CUS003274,2026-07,8.2,73,29,0.8
CUS003275,2026-05,2.3,136,18,1.2
CUS003275,2026-06,2.2,126,17,1.1
CUS003275,2026-07,2.3,135,18,1.2
CUS003276,2026-05,1.4,95,24,0.2
CUS003276,2026-06,1.6,112,28,0.3
CUS003276,2026-07,1.6,106,26,0.3
CUS003277,2026-05,6.9,1430,77,1.0
CUS003277,2026-06,4.6,956,52,0.7
CUS003277,2026-07,4.7,975,53,0.7
CUS003278,2026-05,6.5,88,24,0.5
CUS003278,2026-06,5.4,73,20,0.4
CUS003278,2026-07,6.2,84,23,0.4
CUS003279,2026-05,4.0,903,353,1.6
CUS003279,2026-06,2.9,642,251,1.1
CUS003279,2026-07,2.7,613,239,1.1
CUS003280,2026-05,13.1,299,61,3.7
CUS003280,2026-06,20.4,259,52,5.8
CUS003280,2026-07,15.7,359,73,4.5
CUS003281,2026-05,7.7,1515,125,0.7
CUS003281,2026-06,11.7,2308,190,1.1
CUS003281,2026-07,10.4,2050,169,0.9
CUS003282,2026-05,22.0,1937,114,8.9
CUS003282,2026-06,23.2,2040,120,9.4
CUS003282,2026-07,16.9,1492,88,6.8
CUS003283,2026-05,5.5,84,78,1.2
CUS003283,2026-06,4.1,62,58,0.9
CUS003283,2026-07,3.8,57,53,0.8
CUS003284,2026-05,5.2,86,24,1.1
CUS003284,2026-06,4.6,75,22,1.0
CUS003284,2026-07,4.3,70,20,0.9
CUS003285,2026-05,3.2,1910,189,1.7
CUS003285,2026-06,2.1,1236,122,1.1
CUS003285,2026-07,3.0,1815,180,1.6
CUS003286,2026-05,2.4,157,19,0.3
CUS003286,2026-06,2.2,141,17,0.3
CUS003286,2026-07,2.8,183,22,0.3
CUS003287,2026-05,3.6,588,135,2.1
CUS003287,2026-06,3.6,599,137,2.1
CUS003287,2026-07,3.7,605,139,2.2
CUS003288,2026-05,4.1,592,69,2.1
CUS003288,2026-06,4.0,571,66,2.0
CUS003288,2026-07,4.6,658,77,2.3
CUS003289,2026-05,1.5,155,49,1.9
CUS003289,2026-06,0.6,106,34,0.7
CUS003289,2026-07,0.5,102,32,0.7
CUS003290,2026-05,4.4,1631,231,1.5
CUS003290,2026-06,3.4,1272,180,1.2
CUS003290,2026-07,4.0,1483,210,1.4
CUS003291,2026-05,4.9,1446,226,3.2
CUS003291,2026-06,5.5,1638,256,3.6
CUS003291,2026-07,4.0,1184,185,2.6
CUS003292,2026-05,6.2,1915,221,3.2
CUS003292,2026-06,4.2,1304,151,2.2
CUS003292,2026-07,5.9,1821,210,3.1
CUS003293,2026-05,2.4,472,49,1.4
CUS003293,2026-06,3.1,611,64,1.9
CUS003293,2026-07,2.9,570,60,1.7
CUS003294,2026-05,3.9,141,81,1.7
CUS003294,2026-06,4.0,143,82,1.7
CUS003294,2026-07,3.1,114,65,1.4
CUS003295,2026-05,3.6,570,172,4.3
CUS003295,2026-06,2.4,683,206,2.9
CUS003295,2026-07,2.8,793,239,3.3
CUS003296,2026-05,7.0,214,45,1.5
CUS003296,2026-06,7.9,240,51,1.6
CUS003296,2026-07,5.6,170,36,1.2
CUS003297,2026-05,1.5,54,68,0.1
CUS003297,2026-06,1.7,61,76,0.1
CUS003297,2026-07,1.7,62,77,0.1
CUS003298,2026-05,15.0,124,83,6.6
CUS003298,2026-06,37.0,171,114,16.4
CUS003298,2026-07,13.6,113,76,6.0
CUS003299,2026-05,0.6,198,69,0.6
CUS003299,2026-06,0.5,145,51,0.4
CUS003299,2026-07,0.6,176,61,0.5
CUS003300,2026-05,7.4,152,52,0.9
CUS003300,2026-06,5.8,119,40,0.7
CUS003300,2026-07,8.1,166,57,1.0
CUS003301,2026-05,2.0,48,10,1.5
CUS003301,2026-06,2.1,51,11,1.6
CUS003301,2026-07,2.2,53,11,1.7
CUS003302,2026-05,7.4,92,20,1.8
CUS003302,2026-06,5.9,73,16,1.4
CUS003302,2026-07,8.4,104,22,2.1
CUS003303,2026-05,7.5,106,6,0.1
CUS003303,2026-06,7.3,103,6,0.1
CUS003303,2026-07,7.8,110,7,0.1
CUS003304,2026-05,2.5,68,81,0.6
CUS003304,2026-06,1.9,52,61,0.4
CUS003304,2026-07,2.5,69,82,0.6
CUS003305,2026-05,7.9,1406,89,0.2
CUS003305,2026-06,8.9,1582,101,0.3
CUS003305,2026-07,11.9,2127,135,0.3
CUS003306,2026-05,25.4,380,97,1.5
CUS003306,2026-06,21.6,323,83,1.3
CUS003306,2026-07,22.4,335,86,1.3
CUS003307,2026-05,17.0,1155,73,2.3
CUS003307,2026-06,18.1,1226,77,2.4
CUS003307,2026-07,18.2,1238,78,2.4
CUS003308,2026-05,24.1,220,91,0.2
CUS003308,2026-06,21.1,192,79,0.2
CUS003308,2026-07,19.7,180,74,0.1
CUS003309,2026-05,1.8,43,30,1.9
CUS003309,2026-06,1.7,42,29,1.8
CUS003309,2026-07,2.6,35,24,2.7
CUS003310,2026-05,0.8,93,38,0.7
CUS003310,2026-06,0.9,108,44,0.8
CUS003310,2026-07,1.1,136,55,1.0
CUS003311,2026-05,21.5,148,122,1.2
CUS003311,2026-06,23.6,163,134,1.3
CUS003311,2026-07,16.9,117,96,0.9
CUS003312,2026-05,5.8,146,17,0.3
CUS003312,2026-06,6.5,164,19,0.3
CUS003312,2026-07,4.6,115,14,0.2
CUS003313,2026-05,2.2,183,23,0.2
CUS003313,2026-06,1.7,145,18,0.1
CUS003313,2026-07,1.9,159,20,0.2
CUS003314,2026-05,7.5,1276,67,0.9
CUS003314,2026-06,6.9,1186,62,0.9
CUS003314,2026-07,7.2,1230,64,0.9
CUS003315,2026-05,10.2,619,286,1.8
CUS003315,2026-06,7.7,467,216,1.3
CUS003315,2026-07,8.7,530,244,1.5
CUS003316,2026-05,2.2,146,19,0.6
CUS003316,2026-06,2.8,181,24,0.7
CUS003316,2026-07,2.9,189,25,0.7
CUS003317,2026-05,5.9,62,10,1.0
CUS003317,2026-06,5.5,57,9,0.9
CUS003317,2026-07,5.1,53,8,0.9
CUS003318,2026-05,2.6,227,24,2.3
CUS003318,2026-06,1.9,163,17,1.7
CUS003318,2026-07,1.7,150,16,1.6
CUS003319,2026-05,26.4,1039,124,5.1
CUS003319,2026-06,26.5,1041,124,5.1
CUS003319,2026-07,30.5,1197,142,5.9
CUS003320,2026-05,1.6,1555,247,2.6
CUS003320,2026-06,1.9,1840,292,3.1
CUS003320,2026-07,1.6,1543,245,2.6
CUS003321,2026-05,8.1,596,222,0.3
CUS003321,2026-06,6.5,482,179,0.2
CUS003321,2026-07,13.3,543,202,0.4
CUS003322,2026-05,7.8,154,75,1.9
CUS003322,2026-06,5.4,105,51,1.3
CUS003322,2026-07,5.0,98,48,1.2
CUS003323,2026-05,22.6,1897,65,5.4
CUS003323,2026-06,22.9,1928,66,5.5
CUS003323,2026-07,17.0,1429,49,4.1
CUS003324,2026-05,2.2,127,60,0.3
CUS003324,2026-06,2.1,123,58,0.3
CUS003324,2026-07,2.3,134,64,0.3
CUS003325,2026-05,28.9,1380,136,6.1
CUS003325,2026-06,39.6,1891,187,8.4
CUS003325,2026-07,26.3,1254,124,5.5
CUS003326,2026-05,5.5,125,45,0.9
CUS003326,2026-06,7.6,172,62,1.2
CUS003326,2026-07,6.4,145,52,1.0
CUS003327,2026-05,35.6,1845,107,1.9
CUS003327,2026-06,31.6,1636,95,1.7
CUS003327,2026-07,28.9,1500,87,1.5
CUS003328,2026-05,8.3,1525,201,1.2
CUS003328,2026-06,10.9,2002,264,1.5
CUS003328,2026-07,8.4,1542,203,1.2
CUS003329,2026-05,6.3,1563,154,0.4
CUS003329,2026-06,10.2,1395,138,0.7
CUS003329,2026-07,6.8,1670,165,0.4
CUS003330,2026-05,6.2,1312,74,1.8
CUS003330,2026-06,7.4,1576,89,2.2
CUS003330,2026-07,4.9,1048,59,1.4
CUS003331,2026-05,6.1,801,84,1.9
CUS003331,2026-06,7.0,921,96,2.2
CUS003331,2026-07,6.6,872,91,2.1
CUS003332,2026-05,3.4,1779,242,2.4
CUS003332,2026-06,2.7,1427,194,1.9
CUS003332,2026-07,3.2,1664,226,2.2
CUS003333,2026-05,19.0,344,67,0.0
CUS003333,2026-06,15.0,272,53,0.0
CUS003333,2026-07,20.1,364,71,0.0
CUS003334,2026-05,10.8,2252,165,1.5
CUS003334,2026-06,6.7,1399,102,1.0
CUS003334,2026-07,6.8,1408,103,1.0
CUS003335,2026-05,0.8,91,53,0.2
CUS003335,2026-06,0.7,83,49,0.1
CUS003335,2026-07,1.0,114,67,0.2
CUS003336,2026-05,5.9,92,35,0.8
CUS003336,2026-06,5.0,79,30,0.7
CUS003336,2026-07,6.1,96,36,0.9
CUS003337,2026-05,7.6,800,198,3.3
CUS003337,2026-06,6.3,662,164,2.7
CUS003337,2026-07,7.5,787,195,3.2
CUS003338,2026-05,21.8,305,131,2.1
CUS003338,2026-06,29.3,408,175,2.8
CUS003338,2026-07,25.9,362,155,2.5
CUS003339,2026-05,3.2,1395,97,1.7
CUS003339,2026-06,2.7,1187,83,1.4
CUS003339,2026-07,5.8,1410,98,3.1
CUS003340,2026-05,23.1,909,238,10.5
CUS003340,2026-06,13.4,948,248,6.1
CUS003340,2026-07,17.0,1201,314,7.7
CUS003341,2026-05,5.5,135,5,0.5
CUS003341,2026-06,4.6,112,4,0.4
CUS003341,2026-07,6.3,155,6,0.5
CUS003342,2026-05,33.3,479,147,2.0
CUS003342,2026-06,21.6,311,95,1.3
CUS003342,2026-07,23.9,343,105,1.4
CUS003343,2026-05,3.6,1513,307,1.5
CUS003343,2026-06,4.0,1663,337,1.7
CUS003343,2026-07,3.0,1263,256,1.3
CUS003344,2026-05,8.0,2289,344,1.4
CUS003344,2026-06,8.0,2285,343,1.4
CUS003344,2026-07,5.3,1508,226,0.9
CUS003345,2026-05,2.0,894,235,1.0
CUS003345,2026-06,1.5,678,178,0.8
CUS003345,2026-07,2.1,957,252,1.1
CUS003346,2026-05,17.1,219,137,0.9
CUS003346,2026-06,18.4,237,148,1.0
CUS003346,2026-07,17.7,228,143,1.0
CUS003347,2026-05,35.5,488,19,1.6
CUS003347,2026-06,25.8,354,14,1.2
CUS003347,2026-07,27.1,371,15,1.2
CUS003348,2026-05,3.2,2050,75,1.8
CUS003348,2026-06,2.9,1846,68,1.6
CUS003348,2026-07,5.7,2015,74,3.1
CUS003349,2026-05,1.4,518,45,2.0
CUS003349,2026-06,1.6,578,50,2.3
CUS003349,2026-07,1.7,616,53,2.4
CUS003350,2026-05,15.6,2125,155,8.1
CUS003350,2026-06,14.5,1973,143,7.5
CUS003350,2026-07,9.9,1350,98,5.1
CUS003351,2026-05,9.7,199,20,2.7
CUS003351,2026-06,12.6,257,25,3.5
CUS003351,2026-07,10.0,205,20,2.8
CUS003352,2026-05,1.4,687,62,1.0
CUS003352,2026-06,1.1,526,47,0.7
CUS003352,2026-07,1.0,508,46,0.7
CUS003353,2026-05,6.7,51,22,1.5
CUS003353,2026-06,8.4,64,27,1.8
CUS003353,2026-07,7.3,55,24,1.6
CUS003354,2026-05,19.4,120,124,4.4
CUS003354,2026-06,25.0,155,160,5.7
CUS003354,2026-07,30.7,106,109,7.0
CUS003355,2026-05,4.4,1822,100,1.0
CUS003355,2026-06,3.7,1531,84,0.9
CUS003355,2026-07,3.9,1620,89,0.9
CUS003356,2026-05,5.4,1653,188,1.6
CUS003356,2026-06,5.8,1781,203,1.7
CUS003356,2026-07,6.5,2003,228,1.9
CUS003357,2026-05,19.9,287,38,5.7
CUS003357,2026-06,13.4,193,26,3.9
CUS003357,2026-07,20.3,292,39,5.9
CUS003358,2026-05,1.7,1583,185,1.2
CUS003358,2026-06,1.4,1233,144,0.9
CUS003358,2026-07,1.8,1635,191,1.2
CUS003359,2026-05,4.7,165,34,0.2
CUS003359,2026-06,4.6,160,33,0.2
CUS003359,2026-07,5.3,184,37,0.2
CUS003360,2026-05,4.3,1688,366,1.2
CUS003360,2026-06,2.8,1113,241,0.8
CUS003360,2026-07,3.6,1404,304,1.0
CUS003361,2026-05,4.2,546,226,0.6
CUS003361,2026-06,3.6,468,194,0.5
CUS003361,2026-07,3.8,497,206,0.5
CUS003362,2026-05,7.5,932,87,0.7
CUS003362,2026-06,10.3,1292,121,0.9
CUS003362,2026-07,6.6,822,77,0.6
CUS003363,2026-05,15.4,1201,91,8.2
CUS003363,2026-06,17.3,1346,101,9.2
CUS003363,2026-07,16.9,1315,99,9.0
CUS003364,2026-05,1.8,46,55,2.1
CUS003364,2026-06,1.4,35,42,1.6
CUS003364,2026-07,1.9,49,59,2.2
CUS003365,2026-05,6.8,1809,211,0.3
CUS003365,2026-06,6.9,1826,213,0.3
CUS003365,2026-07,7.6,2027,236,0.3
CUS003366,2026-05,7.9,174,7,0.3
CUS003366,2026-06,7.7,170,7,0.3
CUS003366,2026-07,7.3,159,7,0.3
CUS003367,2026-05,4.3,1493,49,1.6
CUS003367,2026-06,4.1,1434,48,1.5
CUS003367,2026-07,5.3,1830,61,1.9
CUS003368,2026-05,1.5,96,63,0.1
CUS003368,2026-06,1.8,112,74,0.1
CUS003368,2026-07,1.5,92,61,0.1
CUS003369,2026-05,9.1,2461,138,3.4
CUS003369,2026-06,8.0,2168,121,3.0
CUS003369,2026-07,8.1,2178,122,3.0
CUS003370,2026-05,10.2,1703,277,0.9
CUS003370,2026-06,8.3,1394,227,0.7
CUS003370,2026-07,9.2,1535,250,0.8
CUS003371,2026-05,5.9,118,65,0.6
CUS003371,2026-06,8.6,170,94,0.9
CUS003371,2026-07,6.7,132,73,0.7
CUS003372,2026-05,28.6,206,51,6.2
CUS003372,2026-06,27.4,197,49,6.0
CUS003372,2026-07,27.8,200,49,6.1
CUS003373,2026-05,40.6,846,51,0.1
CUS003373,2026-06,38.0,792,48,0.1
CUS003373,2026-07,43.6,909,55,0.1
CUS003374,2026-05,6.4,1242,184,2.6
CUS003374,2026-06,11.2,1208,179,4.6
CUS003374,2026-07,8.0,1550,229,3.2
CUS003375,2026-05,1.9,35,53,1.3
CUS003375,2026-06,2.0,36,55,1.3
CUS003375,2026-07,1.8,32,49,1.2
CUS003376,2026-05,4.6,687,229,1.1
CUS003376,2026-06,4.0,592,198,1.0
CUS003376,2026-07,5.3,784,262,1.3
CUS003377,2026-05,4.9,808,293,2.8
CUS003377,2026-06,5.1,827,300,2.8
CUS003377,2026-07,4.4,724,262,2.5
CUS003378,2026-05,3.2,1311,217,1.4
CUS003378,2026-06,3.2,1302,216,1.4
CUS003378,2026-07,3.2,1336,221,1.4
CUS003379,2026-05,6.6,490,114,2.0
CUS003379,2026-06,7.9,584,135,2.4
CUS003379,2026-07,8.8,650,151,2.7
CUS003380,2026-05,23.8,401,47,4.7
CUS003380,2026-06,16.4,277,32,3.3
CUS003380,2026-07,23.4,394,46,4.6
CUS003381,2026-05,4.4,1170,161,0.7
CUS003381,2026-06,5.3,1400,192,0.8
CUS003381,2026-07,5.1,1373,189,0.8
CUS003382,2026-05,8.5,537,199,0.5
CUS003382,2026-06,12.2,770,286,0.7
CUS003382,2026-07,10.0,635,236,0.6
CUS003383,2026-05,5.4,995,157,0.3
CUS003383,2026-06,4.2,769,121,0.3
CUS003383,2026-07,4.2,770,121,0.3
CUS003384,2026-05,3.9,1288,96,0.4
CUS003384,2026-06,7.1,1318,98,0.8
CUS003384,2026-07,3.2,1078,80,0.4
CUS003385,2026-05,5.2,1499,132,3.1
CUS003385,2026-06,5.0,1441,127,2.9
CUS003385,2026-07,4.9,1437,127,2.9
CUS003386,2026-05,3.5,586,244,2.6
CUS003386,2026-06,4.4,753,313,3.3
CUS003386,2026-07,4.0,678,282,3.0
CUS003387,2026-05,5.5,2137,332,1.8
CUS003387,2026-06,5.1,1980,307,1.7
CUS003387,2026-07,4.6,1805,280,1.5
CUS003388,2026-05,2.1,1896,47,0.4
CUS003388,2026-06,2.0,1764,44,0.4
CUS003388,2026-07,1.7,1576,39,0.3
CUS003389,2026-05,6.8,111,73,1.7
CUS003389,2026-06,6.4,103,68,1.5
CUS003389,2026-07,9.0,146,97,2.2
CUS003390,2026-05,24.4,404,170,2.1
CUS003390,2026-06,20.8,344,145,1.8
CUS003390,2026-07,26.1,431,181,2.2
CUS003391,2026-05,4.2,83,15,1.2
CUS003391,2026-06,4.6,91,16,1.4
CUS003391,2026-07,3.8,75,13,1.1
CUS003392,2026-05,4.6,1072,198,0.1
CUS003392,2026-06,7.4,1711,317,0.1
CUS003392,2026-07,6.1,1409,261,0.1
CUS003393,2026-05,3.6,591,63,2.4
CUS003393,2026-06,2.8,467,49,1.9
CUS003393,2026-07,3.1,513,54,2.1
CUS003394,2026-05,5.4,69,28,0.3
CUS003394,2026-06,5.0,64,26,0.3
CUS003394,2026-07,5.4,68,27,0.3
CUS003395,2026-05,2.4,1628,222,0.5
CUS003395,2026-06,2.5,1688,230,0.5
CUS003395,2026-07,2.6,1746,238,0.6
CUS003396,2026-05,7.4,67,29,2.2
CUS003396,2026-06,5.4,48,21,1.6
CUS003396,2026-07,6.8,61,26,2.0
CUS003397,2026-05,8.0,550,45,4.1
CUS003397,2026-06,4.1,513,42,2.1
CUS003397,2026-07,5.2,644,52,2.7
CUS003398,2026-05,5.4,65,55,0.3
CUS003398,2026-06,6.1,73,62,0.3
CUS003398,2026-07,7.7,93,79,0.4
CUS003399,2026-05,38.8,977,351,8.2
CUS003399,2026-06,36.3,915,329,7.7
CUS003399,2026-07,35.8,901,324,7.6
CUS003400,2026-05,2.3,59,79,1.5
CUS003400,2026-06,2.4,62,84,1.6
CUS003400,2026-07,1.9,49,66,1.3
CUS003401,2026-05,3.4,690,47,1.2
CUS003401,2026-06,4.4,900,61,1.5
CUS003401,2026-07,3.9,797,54,1.3
CUS003402,2026-05,3.8,113,27,1.3
CUS003402,2026-06,3.7,111,27,1.3
CUS003402,2026-07,3.0,89,22,1.0
CUS003403,2026-05,8.8,2153,72,1.0
CUS003403,2026-06,7.2,1767,59,0.8
CUS003403,2026-07,8.5,2096,70,0.9
CUS003404,2026-05,11.4,1020,263,3.0
CUS003404,2026-06,10.3,926,238,2.7
CUS003404,2026-07,16.8,836,215,4.4
CUS003405,2026-05,26.3,1377,67,2.8
CUS003405,2026-06,31.6,1653,80,3.3
CUS003405,2026-07,33.5,1757,85,3.5
CUS003406,2026-05,17.4,1176,157,3.9
CUS003406,2026-06,16.6,1121,150,3.7
CUS003406,2026-07,19.5,1316,176,4.4
CUS003407,2026-05,9.4,1862,194,1.7
CUS003407,2026-06,8.7,1726,180,1.6
CUS003407,2026-07,7.3,1453,151,1.3
CUS003408,2026-05,1.2,2063,243,2.2
CUS003408,2026-06,1.3,2122,250,2.2
CUS003408,2026-07,1.3,2242,265,2.4
CUS003409,2026-05,1.7,72,54,0.2
CUS003409,2026-06,1.7,72,55,0.2
CUS003409,2026-07,1.3,56,43,0.2
CUS003410,2026-05,3.4,2307,329,1.1
CUS003410,2026-06,2.6,1781,254,0.9
CUS003410,2026-07,2.6,1806,257,0.9
CUS003411,2026-05,7.4,1270,155,2.3
CUS003411,2026-06,9.4,1612,197,2.9
CUS003411,2026-07,11.2,1932,236,3.4
CUS003412,2026-05,1.1,36,58,1.3
CUS003412,2026-06,1.6,49,81,1.8
CUS003412,2026-07,1.1,36,59,1.3
CUS003413,2026-05,2.2,1797,239,1.2
CUS003413,2026-06,2.0,1651,219,1.1
CUS003413,2026-07,2.9,2314,308,1.5
CUS003414,2026-05,19.3,281,65,3.9
CUS003414,2026-06,21.3,310,71,4.3
CUS003414,2026-07,23.1,337,78,4.6
CUS003415,2026-05,7.8,38,54,0.9
CUS003415,2026-06,7.4,36,51,0.8
CUS003415,2026-07,6.0,29,41,0.7
CUS003416,2026-05,7.7,656,65,0.7
CUS003416,2026-06,7.3,619,61,0.6
CUS003416,2026-07,8.1,694,69,0.7
CUS003417,2026-05,8.8,209,39,2.4
CUS003417,2026-06,10.1,242,45,2.8
CUS003417,2026-07,12.1,290,54,3.3
CUS003418,2026-05,4.3,2018,113,2.8
CUS003418,2026-06,2.9,1362,76,1.9
CUS003418,2026-07,4.4,2058,115,2.8
CUS003419,2026-05,2.5,1289,93,0.2
CUS003419,2026-06,2.9,1493,107,0.2
CUS003419,2026-07,5.7,1628,117,0.5
CUS003420,2026-05,3.5,119,11,1.2
CUS003420,2026-06,4.7,157,14,1.6
CUS003420,2026-07,3.6,120,11,1.2
CUS003421,2026-05,5.2,1763,222,1.6
CUS003421,2026-06,5.0,1726,218,1.5
CUS003421,2026-07,6.2,2111,266,1.9
CUS003422,2026-05,22.0,113,57,3.9
CUS003422,2026-06,30.5,157,79,5.5
CUS003422,2026-07,27.9,144,72,5.0
CUS003423,2026-05,1.3,489,179,1.9
CUS003423,2026-06,1.4,506,185,1.9
CUS003423,2026-07,1.5,557,204,2.1
CUS003424,2026-05,6.3,75,78,0.6
CUS003424,2026-06,4.4,52,54,0.4
CUS003424,2026-07,6.3,75,78,0.6
CUS003425,2026-05,19.9,309,49,5.8
CUS003425,2026-06,29.4,457,73,8.6
CUS003425,2026-07,28.8,448,72,8.5
CUS003426,2026-05,1.2,91,67,0.9
CUS003426,2026-06,1.4,103,76,1.1
CUS003426,2026-07,1.4,107,79,1.1
CUS003427,2026-05,5.6,883,151,0.2
CUS003427,2026-06,8.0,1259,216,0.3
CUS003427,2026-07,8.6,1367,234,0.4
CUS003428,2026-05,6.6,607,217,0.2
CUS003428,2026-06,7.7,702,251,0.2
CUS003428,2026-07,17.3,878,314,0.5
CUS003429,2026-05,2.8,1596,179,1.2
CUS003429,2026-06,3.4,1944,219,1.4
CUS003429,2026-07,3.3,1933,217,1.4
CUS003430,2026-05,19.5,1419,159,6.9
CUS003430,2026-06,19.5,1419,159,6.9
CUS003430,2026-07,40.0,1621,182,14.1
CUS003431,2026-05,1.7,99,64,0.1
CUS003431,2026-06,2.1,125,82,0.1
CUS003431,2026-07,1.8,105,68,0.1
CUS003432,2026-05,8.0,861,254,0.0
CUS003432,2026-06,7.8,831,246,0.0
CUS003432,2026-07,10.9,1165,344,0.0
CUS003433,2026-05,3.4,157,73,1.0
CUS003433,2026-06,3.0,139,65,0.9
CUS003433,2026-07,3.3,155,72,1.0
CUS003434,2026-05,9.2,1936,221,0.0
CUS003434,2026-06,8.8,1850,211,0.0
CUS003434,2026-07,9.4,1975,225,0.0
CUS003435,2026-05,1.5,62,13,1.0
CUS003435,2026-06,2.0,81,17,1.3
CUS003435,2026-07,1.7,72,15,1.2
CUS003436,2026-05,4.0,71,16,0.9
CUS003436,2026-06,3.9,70,16,0.8
CUS003436,2026-07,5.1,91,21,1.1
CUS003437,2026-05,2.2,89,73,0.7
CUS003437,2026-06,1.4,59,48,0.4
CUS003437,2026-07,2.3,97,79,0.7
CUS003438,2026-05,4.1,163,76,1.8
CUS003438,2026-06,3.8,152,71,1.7
CUS003438,2026-07,4.0,162,75,1.8
CUS003439,2026-05,8.4,1087,167,1.9
CUS003439,2026-06,6.6,851,131,1.5
CUS003439,2026-07,8.5,1094,169,1.9
CUS003440,2026-05,1.5,156,19,1.2
CUS003440,2026-06,1.7,174,21,1.4
CUS003440,2026-07,1.8,190,23,1.5
CUS003441,2026-05,14.6,1630,151,7.3
CUS003441,2026-06,11.3,1257,117,5.6
CUS003441,2026-07,13.0,1451,135,6.5
CUS003442,2026-05,4.8,559,165,1.7
CUS003442,2026-06,6.6,761,225,2.4
CUS003442,2026-07,5.5,644,190,2.0
CUS003443,2026-05,2.4,1065,153,1.1
CUS003443,2026-06,2.8,1227,176,1.3
CUS003443,2026-07,2.6,1137,163,1.2
CUS003444,2026-05,0.9,87,58,1.0
CUS003444,2026-06,0.8,79,53,0.9
CUS003444,2026-07,0.7,71,48,0.8
CUS003445,2026-05,21.5,354,124,1.9
CUS003445,2026-06,24.2,397,139,2.1
CUS003445,2026-07,17.8,292,102,1.6
CUS003446,2026-05,1.5,188,16,2.0
CUS003446,2026-06,1.3,159,13,1.7
CUS003446,2026-07,1.8,222,19,2.3
CUS003447,2026-05,2.2,941,37,0.1
CUS003447,2026-06,2.7,1157,45,0.1
CUS003447,2026-07,2.8,1225,48,0.1
CUS003448,2026-05,4.4,148,24,1.7
CUS003448,2026-06,4.9,165,27,1.9
CUS003448,2026-07,4.8,162,26,1.9
CUS003449,2026-05,0.7,74,55,1.4
CUS003449,2026-06,0.8,88,66,1.6
CUS003449,2026-07,1.1,114,85,2.1
CUS003450,2026-05,11.9,1532,129,6.7
CUS003450,2026-06,28.1,2017,169,15.9
CUS003450,2026-07,14.4,1855,156,8.1
CUS003451,2026-05,4.3,167,26,1.4
CUS003451,2026-06,5.0,197,31,1.7
CUS003451,2026-07,6.3,245,38,2.1
CUS003452,2026-05,7.5,686,295,2.4
CUS003452,2026-06,6.9,633,273,2.2
CUS003452,2026-07,5.9,538,232,1.8
CUS003453,2026-05,6.0,60,57,1.3
CUS003453,2026-06,4.9,49,47,1.0
CUS003453,2026-07,5.0,50,48,1.0
CUS003454,2026-05,8.9,178,20,1.1
CUS003454,2026-06,11.4,227,26,1.4
CUS003454,2026-07,7.5,151,17,0.9
CUS003455,2026-05,2.5,1731,38,2.1
CUS003455,2026-06,2.1,1454,32,1.7
CUS003455,2026-07,1.9,1304,29,1.6
CUS003456,2026-05,11.0,1977,251,0.6
CUS003456,2026-06,8.0,1433,182,0.4
CUS003456,2026-07,12.2,2198,279,0.7
CUS003457,2026-05,9.3,704,81,1.1
CUS003457,2026-06,10.5,794,91,1.2
CUS003457,2026-07,9.5,715,82,1.1
CUS003458,2026-05,1.5,59,29,0.8
CUS003458,2026-06,2.2,86,41,1.2
CUS003458,2026-07,1.7,67,32,0.9
CUS003459,2026-05,6.3,739,112,1.1
CUS003459,2026-06,7.0,819,124,1.2
CUS003459,2026-07,7.7,900,136,1.3
CUS003460,2026-05,5.8,511,46,1.8
CUS003460,2026-06,6.1,541,49,1.9
CUS003460,2026-07,7.3,644,58,2.3
CUS003461,2026-05,11.8,1967,302,2.2
CUS003461,2026-06,7.6,1263,194,1.4
CUS003461,2026-07,11.1,1844,283,2.1
CUS003462,2026-05,3.9,1640,343,2.9
CUS003462,2026-06,3.2,1379,288,2.5
CUS003462,2026-07,3.1,1336,279,2.4
CUS003463,2026-05,6.3,1037,178,0.4
CUS003463,2026-06,4.4,725,124,0.3
CUS003463,2026-07,6.1,1002,172,0.4
CUS003464,2026-05,9.2,2105,140,2.2
CUS003464,2026-06,9.3,2129,141,2.2
CUS003464,2026-07,6.2,1413,94,1.5
CUS003465,2026-05,2.5,46,34,0.0
CUS003465,2026-06,2.7,48,36,0.0
CUS003465,2026-07,3.0,53,39,0.0
CUS003466,2026-05,4.5,64,49,1.0
CUS003466,2026-06,6.6,94,72,1.4
CUS003466,2026-07,4.9,70,53,1.1
CUS003467,2026-05,11.8,1001,247,6.4
CUS003467,2026-06,15.6,1320,326,8.4
CUS003467,2026-07,12.8,1083,267,6.9
CUS003468,2026-05,7.4,1028,147,2.1
CUS003468,2026-06,8.5,1173,168,2.4
CUS003468,2026-07,10.4,1432,205,2.9
CUS003469,2026-05,0.4,71,17,0.9
CUS003469,2026-06,0.5,86,20,1.1
CUS003469,2026-07,0.5,80,19,1.0
CUS003470,2026-05,8.6,45,74,2.2
CUS003470,2026-06,6.5,33,55,1.6
CUS003470,2026-07,7.3,38,63,1.8
CUS003471,2026-05,2.9,1529,316,0.1
CUS003471,2026-06,2.5,1327,274,0.1
CUS003471,2026-07,2.7,1402,290,0.1
CUS003472,2026-05,19.8,1174,41,4.6
CUS003472,2026-06,24.0,1420,49,5.6
CUS003472,2026-07,23.2,1371,48,5.4
CUS003473,2026-05,6.3,1329,137,2.3
CUS003473,2026-06,6.1,1296,134,2.3
CUS003473,2026-07,6.3,1336,138,2.3
CUS003474,2026-05,37.9,1744,46,5.5
CUS003474,2026-06,42.3,1945,51,6.1
CUS003474,2026-07,36.0,1657,44,5.2
CUS003475,2026-05,3.4,43,30,1.1
CUS003475,2026-06,4.2,53,37,1.3
CUS003475,2026-07,3.1,40,28,1.0
CUS003476,2026-05,0.9,139,22,0.9
CUS003476,2026-06,0.4,120,19,0.4
CUS003476,2026-07,0.6,171,27,0.6
CUS003477,2026-05,5.2,116,24,0.1
CUS003477,2026-06,6.6,148,31,0.1
CUS003477,2026-07,5.3,118,24,0.1
CUS003478,2026-05,4.1,109,39,1.2
CUS003478,2026-06,4.5,120,43,1.4
CUS003478,2026-07,5.2,138,49,1.6
CUS003479,2026-05,1.2,160,21,0.2
CUS003479,2026-06,1.3,172,23,0.2
CUS003479,2026-07,1.1,141,19,0.2
CUS003480,2026-05,4.5,92,20,0.9
CUS003480,2026-06,3.7,76,16,0.7
CUS003480,2026-07,4.9,101,22,1.0
CUS003481,2026-05,2.1,1726,285,1.7
CUS003481,2026-06,1.8,1490,246,1.4
CUS003481,2026-07,4.6,2131,352,3.7
CUS003482,2026-05,5.8,1492,220,3.2
CUS003482,2026-06,4.0,1043,154,2.3
CUS003482,2026-07,5.1,1322,195,2.9
CUS003483,2026-05,6.2,1077,95,0.2
CUS003483,2026-06,5.1,878,78,0.2
CUS003483,2026-07,6.4,1100,97,0.2
CUS003484,2026-05,8.0,167,74,1.3
CUS003484,2026-06,6.4,135,60,1.0
CUS003484,2026-07,7.9,165,73,1.3
CUS003485,2026-05,28.2,403,68,5.0
CUS003485,2026-06,21.2,303,51,3.8
CUS003485,2026-07,22.6,323,54,4.0
CUS003486,2026-05,3.5,1396,36,2.5
CUS003486,2026-06,3.1,1212,31,2.2
CUS003486,2026-07,4.1,1625,42,2.9
CUS003487,2026-05,4.1,126,38,0.9
CUS003487,2026-06,4.3,130,39,0.9
CUS003487,2026-07,4.6,139,42,1.0
CUS003488,2026-05,29.4,601,181,0.3
CUS003488,2026-06,30.8,629,189,0.4
CUS003488,2026-07,50.5,572,172,0.6
CUS003489,2026-05,9.5,1014,166,3.2
CUS003489,2026-06,10.1,1075,176,3.3
CUS003489,2026-07,7.9,848,139,2.6
CUS003490,2026-05,0.7,127,21,0.5
CUS003490,2026-06,1.1,193,31,0.8
CUS003490,2026-07,1.1,194,32,0.8
CUS003491,2026-05,7.8,68,87,1.5
CUS003491,2026-06,7.9,69,88,1.5
CUS003491,2026-07,6.7,58,75,1.3
CUS003492,2026-05,6.4,1418,33,0.0
CUS003492,2026-06,6.9,1520,35,0.0
CUS003492,2026-07,7.0,1552,36,0.0
CUS003493,2026-05,6.0,891,190,0.7
CUS003493,2026-06,7.5,1110,236,0.9
CUS003493,2026-07,5.1,754,161,0.6
CUS003494,2026-05,6.6,1025,58,1.5
CUS003494,2026-06,7.2,1119,63,1.6
CUS003494,2026-07,6.9,1066,60,1.6
CUS003495,2026-05,4.7,1146,36,1.2
CUS003495,2026-06,4.5,1085,34,1.1
CUS003495,2026-07,3.8,916,29,0.9
CUS003496,2026-05,4.1,30,25,1.0
CUS003496,2026-06,4.5,33,28,1.1
CUS003496,2026-07,4.8,35,29,1.2
CUS003497,2026-05,4.3,174,72,0.1
CUS003497,2026-06,4.3,177,73,0.1
CUS003497,2026-07,2.8,114,47,0.1
CUS003498,2026-05,8.0,669,109,1.0
CUS003498,2026-06,7.5,622,101,1.0
CUS003498,2026-07,9.7,805,131,1.2
CUS003499,2026-05,6.7,1529,184,0.7
CUS003499,2026-06,4.8,1102,133,0.5
CUS003499,2026-07,7.7,1767,212,0.8
CUS003500,2026-05,5.6,159,55,1.6
CUS003500,2026-06,4.0,115,40,1.1
CUS003500,2026-07,4.0,115,40,1.1
