customer_id,preferred_network_gen,data_unlimited_required,voice_unlimited_required,sms_unlimited_required,ott_preference,preferred_carrier_type,contract_discount_ok,current_plan_satisfaction,min_throttle_speed_mbps
CUS000001,LTE,False,False,False,없음,MNO,True,2,2
CUS000002,무관,False,False,False,없음,MNO,True,4,1
CUS000003,무관,False,False,False,넷플릭스,MNO,True,1,10
CUS000004,LTE,True,False,False,없음,MNO,True,3,5
CUS000005,LTE,False,True,False,없음,MNO,False,3,2
CUS000006,무관,False,True,False,디즈니플러스,MNO,True,5,2
CUS000007,LTE,False,False,False,넷플릭스,MVNO,True,4,10
CUS000008,무관,False,False,False,넷플릭스,MNO,False,5,5
CUS000009,5G,True,True,False,넷플릭스,MNO,True,3,2
CUS000010,무관,False,False,True,없음,MVNO,False,1,5
CUS000011,LTE,False,False,False,없음,MNO,False,2,10
CUS000012,5G,False,False,False,디즈니플러스,MNO,False,3,2
CUS000013,무관,False,True,False,디즈니플러스,MNO,False,2,1
CUS000014,무관,False,False,True,디즈니플러스,MNO,False,4,5
CUS000015,5G,False,False,False,디즈니플러스,MVNO,True,5,1
CUS000016,LTE,False,False,True,디즈니플러스,MVNO,True,4,1
CUS000017,5G,True,False,True,디즈니플러스,MNO,False,4,2
CUS000018,무관,False,True,True,넷플릭스,MNO,False,4,5
CUS000019,5G,False,False,False,없음,MVNO,False,4,10
CUS000020,무관,False,False,False,없음,MNO,True,5,2
CUS000021,5G,False,False,False,없음,MVNO,True,2,10
CUS000022,무관,False,False,True,디즈니플러스,MNO,True,3,10
CUS000023,LTE,False,False,True,디즈니플러스,MNO,False,4,5
CUS000024,무관,False,False,False,넷플릭스,MVNO,False,3,10
CUS000025,5G,False,False,False,없음,MNO,True,5,5
CUS000026,LTE,False,False,False,디즈니플러스,MVNO,False,4,1
CUS000027,5G,False,False,False,디즈니플러스,MNO,True,3,10
CUS000028,무관,False,False,False,디즈니플러스,MNO,False,2,2
CUS000029,LTE,False,False,True,없음,MNO,True,4,2
CUS000030,5G,False,False,True,없음,MNO,True,3,2
CUS000031,무관,False,False,True,디즈니플러스,MNO,False,4,10
CUS000032,LTE,False,False,True,디즈니플러스,MNO,False,3,2
CUS000033,5G,False,False,True,없음,MNO,True,4,2
CUS000034,무관,True,False,False,없음,MVNO,False,4,10
CUS000035,LTE,False,False,True,디즈니플러스,MVNO,False,3,1
CUS000036,무관,False,False,False,없음,MNO,True,2,2
CUS000037,5G,False,False,False,없음,MNO,True,5,2
CUS000038,무관,False,False,False,넷플릭스,MVNO,True,2,5
CUS000039,5G,False,False,True,없음,MNO,False,3,2
CUS000040,5G,False,False,False,없음,MNO,True,5,2
CUS000041,LTE,False,False,False,없음,MNO,True,4,10
CUS000042,LTE,False,False,True,없음,MNO,True,5,10
CUS000043,5G,False,False,False,없음,MNO,True,2,10
CUS000044,5G,False,False,False,없음,MVNO,True,3,10
CUS000045,무관,False,False,False,넷플릭스,MNO,False,3,10
CUS000046,5G,False,True,False,디즈니플러스,MVNO,False,2,5
CUS000047,5G,False,False,False,디즈니플러스,MNO,True,4,10
CUS000048,LTE,False,False,False,없음,MVNO,True,4,10
CUS000049,무관,False,False,False,없음,MVNO,True,4,5
CUS000050,LTE,False,False,False,넷플릭스,MVNO,True,5,10
CUS000051,5G,False,False,False,디즈니플러스,MNO,True,4,1
CUS000052,무관,False,True,False,디즈니플러스,MVNO,True,4,10
CUS000053,무관,False,False,False,없음,MNO,False,5,2
CUS000054,LTE,False,False,True,없음,MNO,True,3,2
CUS000055,무관,False,False,False,디즈니플러스,MNO,True,4,10
CUS000056,무관,False,False,True,없음,MVNO,True,3,1
CUS000057,무관,False,False,True,디즈니플러스,MVNO,True,5,5
CUS000058,무관,False,False,False,넷플릭스,MVNO,False,4,5
CUS000059,무관,False,False,True,넷플릭스,MVNO,False,5,1
CUS000060,무관,False,False,True,디즈니플러스,MVNO,False,1,5
CUS000061,무관,False,False,False,디즈니플러스,MNO,True,3,1
CUS000062,무관,False,False,False,디즈니플러스,MVNO,True,5,5
CUS000063,LTE,False,False,False,디즈니플러스,MVNO,False,4,5
CUS000064,무관,False,True,False,디즈니플러스,MNO,False,4,10
CUS000065,5G,False,False,True,넷플릭스,MNO,True,3,10
CUS000066,5G,False,False,False,디즈니플러스,MNO,True,1,5
CUS000067,LTE,False,False,True,디즈니플러스,MNO,True,3,2
CUS000068,무관,False,False,False,없음,MNO,True,4,5
CUS000069,5G,True,False,False,디즈니플러스,MNO,True,4,10
CUS000070,5G,False,False,False,디즈니플러스,MNO,True,5,2
CUS000071,무관,False,False,False,없음,MNO,True,4,2
CUS000072,5G,False,False,True,없음,MNO,True,5,1
CUS000073,무관,False,False,False,없음,MVNO,False,4,2
CUS000074,무관,False,False,False,디즈니플러스,MNO,True,3,5
CUS000075,5G,False,False,False,디즈니플러스,MNO,False,4,5
CUS000076,무관,True,False,True,디즈니플러스,MVNO,False,4,1
CUS000077,LTE,False,False,False,디즈니플러스,MVNO,False,5,5
CUS000078,LTE,False,False,True,없음,MNO,True,5,5
CUS000079,무관,False,True,False,디즈니플러스,MNO,True,3,1
CUS000080,5G,False,False,False,없음,MNO,False,5,2
CUS000081,5G,False,False,False,없음,MNO,False,4,2
CUS000082,무관,False,False,False,없음,MNO,True,4,5
CUS000083,무관,False,False,False,없음,MNO,True,3,2
CUS000084,LTE,False,False,True,없음,MNO,True,4,5
CUS000085,5G,True,False,False,없음,MNO,True,5,10
CUS000086,5G,False,False,False,넷플릭스,MNO,False,4,10
CUS000087,LTE,False,False,False,없음,MNO,True,2,1
CUS000088,5G,False,False,False,없음,MNO,True,3,1
CUS000089,5G,False,False,True,없음,MVNO,False,5,5
CUS000090,무관,False,False,True,디즈니플러스,MNO,True,4,1
CUS000091,5G,False,False,True,없음,MNO,True,4,1
CUS000092,LTE,False,False,True,없음,MNO,True,4,10
CUS000093,5G,False,False,True,없음,MVNO,False,5,10
CUS000094,5G,False,False,False,없음,MNO,True,5,2
CUS000095,LTE,False,False,True,없음,MNO,True,5,2
CUS000096,5G,False,False,False,디즈니플러스,MNO,True,2,1
CUS000097,5G,False,False,False,없음,MNO,False,5,5
CUS000098,5G,False,False,False,디즈니플러스,MNO,False,5,2
CUS000099,무관,False,False,False,없음,MNO,False,5,1
CUS000100,무관,False,False,False,없음,MNO,True,5,10
CUS000101,5G,False,False,False,디즈니플러스,MVNO,True,4,2
CUS000102,5G,False,False,False,넷플릭스,MVNO,True,4,2
CUS000103,LTE,False,False,False,없음,MNO,True,5,2
CUS000104,5G,False,False,False,디즈니플러스,MNO,True,2,2
CUS000105,LTE,False,False,True,없음,MNO,False,3,1
CUS000106,5G,False,False,True,디즈니플러스,MNO,True,2,1
CUS000107,무관,False,False,False,디즈니플러스,MNO,True,1,10
CUS000108,무관,False,False,False,없음,MNO,True,4,2
CUS000109,5G,False,False,False,없음,MVNO,True,2,2
CUS000110,LTE,False,False,True,넷플릭스,MNO,True,2,5
CUS000111,무관,True,False,False,없음,MVNO,True,2,5
CUS000112,무관,False,False,False,디즈니플러스,MNO,True,4,5
CUS000113,5G,False,False,False,디즈니플러스,MNO,True,2,10
CUS000114,5G,False,True,False,디즈니플러스,MNO,True,4,10
CUS000115,LTE,True,True,False,넷플릭스,MVNO,False,3,10
CUS000116,무관,False,False,False,없음,MNO,False,2,5
CUS000117,LTE,False,False,False,디즈니플러스,MNO,True,3,10
CUS000118,무관,False,False,False,없음,MNO,True,5,5
CUS000119,5G,False,False,True,없음,MNO,True,4,5
CUS000120,LTE,False,False,False,없음,MVNO,True,1,5
CUS000121,무관,True,False,True,디즈니플러스,MNO,True,1,5
CUS000122,5G,False,False,False,없음,MVNO,True,3,5
CUS000123,LTE,False,False,False,없음,MNO,False,2,10
CUS000124,LTE,False,False,False,디즈니플러스,MNO,True,5,10
CUS000125,LTE,False,False,True,없음,MNO,True,3,10
CUS000126,5G,False,False,False,디즈니플러스,MNO,True,5,10
CUS000127,LTE,False,False,True,없음,MNO,True,4,10
CUS000128,5G,False,False,True,없음,MVNO,False,1,10
CUS000129,5G,False,False,False,넷플릭스,MNO,True,4,2
CUS000130,무관,False,False,True,없음,MNO,False,2,1
CUS000131,LTE,True,False,False,없음,MNO,True,4,5
CUS000132,5G,False,True,True,디즈니플러스,MNO,True,5,2
CUS000133,5G,False,False,False,디즈니플러스,MNO,False,3,10
CUS000134,LTE,False,False,False,없음,MVNO,True,4,10
CUS000135,LTE,False,False,False,없음,MVNO,True,1,1
CUS000136,5G,True,False,True,넷플릭스,MNO,True,5,2
CUS000137,무관,False,False,False,디즈니플러스,MVNO,False,5,10
CUS000138,LTE,False,False,False,디즈니플러스,MVNO,True,3,5
CUS000139,LTE,False,False,False,없음,MNO,True,3,10
CUS000140,LTE,False,False,False,넷플릭스,MNO,True,3,2
CUS000141,무관,False,False,False,없음,MVNO,False,2,10
CUS000142,5G,True,False,False,없음,MVNO,True,4,5
CUS000143,5G,False,False,False,디즈니플러스,MNO,True,5,10
CUS000144,무관,False,False,True,디즈니플러스,MNO,True,2,2
CUS000145,LTE,True,False,False,없음,MNO,True,4,2
CUS000146,무관,False,False,False,없음,MNO,False,3,5
CUS000147,LTE,False,True,False,디즈니플러스,MVNO,True,4,1
CUS000148,5G,False,False,False,넷플릭스,MVNO,True,5,5
CUS000149,무관,False,False,True,없음,MVNO,True,5,1
CUS000150,무관,False,False,False,넷플릭스,MNO,True,2,2
CUS000151,LTE,False,False,False,넷플릭스,MVNO,True,4,5
CUS000152,5G,False,False,False,넷플릭스,MVNO,True,4,10
CUS000153,5G,False,False,False,넷플릭스,MNO,True,3,5
CUS000154,5G,False,False,False,넷플릭스,MVNO,True,4,2
CUS000155,LTE,False,False,False,없음,MNO,True,3,2
CUS000156,5G,False,False,False,넷플릭스,MVNO,True,1,2
CUS000157,무관,True,True,False,없음,MVNO,True,2,2
CUS000158,LTE,False,False,False,넷플릭스,MVNO,True,2,10
CUS000159,LTE,False,True,False,없음,MNO,True,2,2
CUS000160,5G,False,False,False,없음,MNO,True,2,2
CUS000161,무관,False,False,True,디즈니플러스,MNO,True,4,5
CUS000162,5G,False,False,True,넷플릭스,MVNO,False,4,10
CUS000163,5G,False,False,False,디즈니플러스,MNO,True,2,10
CUS000164,무관,False,False,False,없음,MVNO,True,1,2
CUS000165,5G,True,True,False,넷플릭스,MNO,True,1,1
CUS000166,5G,True,False,False,없음,MNO,True,4,1
CUS000167,무관,False,False,False,디즈니플러스,MNO,True,2,2
CUS000168,무관,True,False,False,넷플릭스,MNO,True,4,1
CUS000169,5G,False,False,False,넷플릭스,MVNO,True,4,2
CUS000170,무관,False,False,True,디즈니플러스,MNO,True,4,5
CUS000171,5G,False,False,True,넷플릭스,MVNO,True,3,10
CUS000172,5G,True,False,False,없음,MNO,True,5,10
CUS000173,5G,False,False,True,디즈니플러스,MNO,True,4,5
CUS000174,5G,False,False,False,넷플릭스,MVNO,False,5,10
CUS000175,LTE,False,False,False,넷플릭스,MNO,True,5,10
CUS000176,LTE,False,False,True,없음,MVNO,True,1,10
CUS000177,무관,True,False,False,없음,MVNO,True,3,2
CUS000178,LTE,False,True,False,디즈니플러스,MNO,False,5,10
CUS000179,LTE,True,False,False,넷플릭스,MNO,False,4,10
CUS000180,5G,False,False,False,넷플릭스,MVNO,True,3,2
CUS000181,5G,False,False,True,없음,MVNO,False,3,1
CUS000182,LTE,False,False,False,없음,MNO,True,3,1
CUS000183,무관,False,False,False,없음,MNO,True,3,10
CUS000184,LTE,False,False,True,없음,MVNO,True,3,10
CUS000185,LTE,False,False,False,없음,MNO,True,4,2
CUS000186,LTE,False,True,True,넷플릭스,MNO,True,5,10
CUS000187,5G,False,False,False,넷플릭스,MVNO,True,2,1
CUS000188,무관,False,False,True,디즈니플러스,MNO,True,4,5
CUS000189,5G,True,False,True,넷플릭스,MNO,True,4,10
CUS000190,5G,False,False,False,없음,MNO,True,2,1
CUS000191,LTE,False,False,False,없음,MNO,False,5,2
CUS000192,5G,False,True,False,없음,MNO,False,4,2
CUS000193,5G,False,False,False,없음,MNO,True,5,5
CUS000194,무관,True,False,False,넷플릭스,MNO,True,4,10
CUS000195,LTE,False,True,False,넷플릭스,MVNO,True,3,2
CUS000196,LTE,True,False,False,없음,MNO,False,4,10
CUS000197,LTE,False,False,True,넷플릭스,MNO,False,4,2
CUS000198,5G,False,False,True,넷플릭스,MVNO,False,3,2
CUS000199,무관,False,False,True,디즈니플러스,MNO,True,4,2
CUS000200,무관,False,True,False,넷플릭스,MNO,True,2,10
CUS000201,5G,False,False,False,디즈니플러스,MNO,True,5,1
CUS000202,5G,True,False,False,없음,MNO,True,2,1
CUS000203,LTE,False,False,True,넷플릭스,MNO,True,3,2
CUS000204,5G,False,False,False,없음,MNO,True,4,1
CUS000205,5G,False,True,False,없음,MNO,False,4,1
CUS000206,LTE,True,True,False,디즈니플러스,MNO,True,2,1
CUS000207,무관,False,True,True,디즈니플러스,MVNO,True,2,10
CUS000208,LTE,False,False,False,디즈니플러스,MVNO,False,5,5
CUS000209,5G,False,False,False,디즈니플러스,MNO,True,1,10
CUS000210,5G,False,False,False,없음,MNO,True,1,2
CUS000211,5G,False,False,False,디즈니플러스,MVNO,False,4,5
CUS000212,5G,False,True,True,넷플릭스,MNO,False,4,5
CUS000213,5G,False,False,True,디즈니플러스,MNO,True,2,10
CUS000214,무관,False,False,True,없음,MNO,True,4,2
CUS000215,5G,False,False,False,넷플릭스,MNO,True,3,1
CUS000216,무관,False,True,True,없음,MNO,True,2,10
CUS000217,5G,True,False,False,넷플릭스,MNO,False,4,2
CUS000218,무관,True,False,True,넷플릭스,MVNO,False,1,1
CUS000219,LTE,False,False,True,없음,MVNO,True,5,1
CUS000220,무관,False,True,False,넷플릭스,MVNO,True,2,10
CUS000221,LTE,False,False,False,넷플릭스,MNO,True,2,1
CUS000222,5G,False,True,False,넷플릭스,MNO,False,5,1
CUS000223,5G,False,False,False,없음,MVNO,True,1,2
CUS000224,LTE,False,False,False,디즈니플러스,MNO,True,2,5
CUS000225,무관,False,False,False,디즈니플러스,MNO,True,3,1
CUS000226,5G,False,True,False,넷플릭스,MNO,False,1,1
CUS000227,LTE,True,False,True,없음,MNO,True,2,1
CUS000228,LTE,False,False,False,없음,MVNO,True,5,10
CUS000229,LTE,False,False,True,없음,MNO,True,3,2
CUS000230,5G,True,False,False,없음,MVNO,True,2,1
CUS000231,무관,False,False,False,없음,MVNO,False,3,5
CUS000232,5G,False,False,False,없음,MNO,True,5,5
CUS000233,5G,False,False,False,없음,MNO,False,3,1
CUS000234,5G,False,True,False,없음,MNO,True,4,1
CUS000235,5G,False,False,False,넷플릭스,MNO,True,3,5
CUS000236,5G,False,False,True,디즈니플러스,MNO,True,4,5
CUS000237,5G,False,True,True,넷플릭스,MNO,True,4,1
CUS000238,무관,True,False,True,없음,MNO,True,2,10
CUS000239,LTE,False,True,False,넷플릭스,MVNO,False,3,10
CUS000240,무관,False,True,True,디즈니플러스,MNO,True,2,10
CUS000241,5G,False,False,True,없음,MVNO,True,3,2
CUS000242,LTE,False,False,False,넷플릭스,MNO,True,4,1
CUS000243,무관,True,False,False,디즈니플러스,MVNO,True,5,10
CUS000244,무관,False,False,True,없음,MNO,True,3,10
CUS000245,무관,False,False,True,넷플릭스,MVNO,True,2,10
CUS000246,5G,False,False,False,디즈니플러스,MVNO,True,4,5
CUS000247,무관,False,False,False,없음,MNO,True,3,5
CUS000248,5G,False,False,True,디즈니플러스,MNO,False,4,5
CUS000249,5G,False,True,False,디즈니플러스,MNO,True,4,1
CUS000250,5G,False,False,False,넷플릭스,MNO,False,4,1
CUS000251,LTE,False,False,False,없음,MNO,True,3,2
CUS000252,5G,True,False,False,디즈니플러스,MVNO,True,4,5
CUS000253,무관,False,False,True,디즈니플러스,MNO,False,4,1
CUS000254,5G,True,True,False,넷플릭스,MNO,True,4,5
CUS000255,5G,True,False,True,넷플릭스,MNO,True,3,10
CUS000256,5G,False,False,False,없음,MVNO,False,3,1
CUS000257,LTE,False,False,False,없음,MNO,True,3,10
CUS000258,무관,True,True,False,디즈니플러스,MNO,False,4,1
CUS000259,무관,False,False,False,넷플릭스,MVNO,True,3,10
CUS000260,LTE,False,False,True,넷플릭스,MVNO,True,4,10
CUS000261,LTE,False,False,False,디즈니플러스,MNO,True,2,10
CUS000262,5G,True,False,False,넷플릭스,MNO,True,1,2
CUS000263,5G,False,False,False,없음,MNO,True,4,2
CUS000264,5G,False,False,False,없음,MNO,True,3,10
CUS000265,LTE,False,False,False,디즈니플러스,MNO,False,3,2
CUS000266,5G,False,False,False,없음,MNO,False,3,2
CUS000267,5G,True,False,False,없음,MVNO,True,3,2
CUS000268,LTE,True,False,True,넷플릭스,MNO,True,2,2
CUS000269,무관,False,False,False,디즈니플러스,MVNO,False,2,5
CUS000270,LTE,False,True,False,없음,MNO,False,3,2
CUS000271,5G,False,False,False,없음,MNO,True,4,1
CUS000272,무관,False,False,True,없음,MNO,True,4,10
CUS000273,LTE,False,False,False,넷플릭스,MNO,True,2,5
CUS000274,5G,False,True,False,디즈니플러스,MNO,True,4,5
CUS000275,5G,False,False,False,넷플릭스,MNO,True,5,2
CUS000276,LTE,False,False,True,넷플릭스,MVNO,True,2,1
CUS000277,5G,False,False,False,디즈니플러스,MNO,False,5,5
CUS000278,무관,False,False,False,넷플릭스,MNO,False,2,10
CUS000279,5G,True,False,False,없음,MVNO,False,4,5
CUS000280,5G,False,False,False,없음,MNO,True,2,1
CUS000281,LTE,False,False,False,디즈니플러스,MNO,True,3,1
CUS000282,LTE,False,False,False,넷플릭스,MNO,True,4,2
CUS000283,무관,False,True,True,디즈니플러스,MNO,False,2,5
CUS000284,5G,False,False,False,넷플릭스,MNO,True,5,10
CUS000285,무관,False,False,True,없음,MNO,True,4,10
CUS000286,LTE,False,True,False,넷플릭스,MVNO,True,4,2
CUS000287,5G,True,False,False,넷플릭스,MNO,True,3,2
CUS000288,무관,True,True,False,없음,MNO,True,4,5
CUS000289,무관,False,False,False,없음,MNO,True,3,10
CUS000290,LTE,False,False,False,디즈니플러스,MVNO,True,5,10
CUS000291,5G,False,False,False,디즈니플러스,MVNO,True,4,2
CUS000292,LTE,False,False,False,없음,MVNO,True,4,10
CUS000293,5G,True,False,False,없음,MNO,False,4,1
CUS000294,무관,False,False,True,없음,MVNO,True,3,10
CUS000295,무관,True,False,False,넷플릭스,MVNO,False,3,2
CUS000296,5G,False,False,False,디즈니플러스,MVNO,True,2,1
CUS000297,5G,False,False,True,없음,MVNO,True,5,5
CUS000298,무관,False,False,False,넷플릭스,MVNO,True,5,5
CUS000299,LTE,False,False,False,없음,MNO,True,2,1
CUS000300,LTE,False,True,True,넷플릭스,MNO,True,2,1
CUS000301,LTE,False,False,True,넷플릭스,MVNO,True,3,2
CUS000302,LTE,False,False,True,디즈니플러스,MNO,True,5,10
CUS000303,LTE,False,False,True,넷플릭스,MVNO,False,2,10
CUS000304,5G,False,False,False,없음,MNO,True,3,5
CUS000305,LTE,False,False,False,디즈니플러스,MNO,False,3,2
CUS000306,무관,False,False,False,없음,MNO,True,3,5
CUS000307,LTE,False,False,False,없음,MVNO,True,4,5
CUS000308,LTE,False,False,False,넷플릭스,MNO,False,3,5
CUS000309,LTE,True,False,False,없음,MNO,True,4,5
CUS000310,5G,False,False,False,넷플릭스,MNO,False,1,2
CUS000311,5G,False,False,False,없음,MNO,True,4,5
CUS000312,LTE,False,False,False,없음,MNO,True,5,10
CUS000313,5G,True,False,False,디즈니플러스,MNO,True,3,10
CUS000314,5G,False,False,False,없음,MNO,False,5,10
CUS000315,LTE,False,False,False,넷플릭스,MVNO,False,5,1
CUS000316,무관,False,False,False,없음,MVNO,True,2,1
CUS000317,LTE,False,False,False,없음,MNO,True,4,5
CUS000318,무관,True,False,False,없음,MNO,False,4,5
CUS000319,LTE,False,False,False,없음,MVNO,False,4,5
CUS000320,5G,True,False,False,없음,MVNO,True,4,5
CUS000321,5G,True,False,True,없음,MNO,True,1,5
CUS000322,5G,False,False,True,없음,MNO,True,4,10
CUS000323,5G,False,False,True,디즈니플러스,MVNO,True,2,1
CUS000324,무관,False,False,False,디즈니플러스,MNO,True,3,5
CUS000325,5G,False,False,False,넷플릭스,MVNO,False,5,1
CUS000326,5G,False,True,False,넷플릭스,MNO,True,5,5
CUS000327,LTE,False,False,False,없음,MVNO,True,2,1
CUS000328,LTE,False,False,False,없음,MVNO,False,5,2
CUS000329,LTE,False,True,True,넷플릭스,MNO,True,3,5
CUS000330,5G,False,False,True,없음,MNO,True,1,10
CUS000331,5G,False,True,False,없음,MNO,True,3,5
CUS000332,무관,False,False,False,넷플릭스,MVNO,False,3,1
CUS000333,5G,False,False,False,디즈니플러스,MNO,True,3,10
CUS000334,무관,False,False,False,없음,MNO,False,3,5
CUS000335,5G,False,False,False,넷플릭스,MNO,True,3,1
CUS000336,무관,False,False,False,디즈니플러스,MNO,True,4,5
CUS000337,LTE,False,True,False,넷플릭스,MVNO,True,3,2
CUS000338,5G,False,False,False,디즈니플러스,MNO,False,5,2
CUS000339,무관,True,False,False,없음,MVNO,False,3,1
CUS000340,5G,False,False,False,넷플릭스,MNO,True,2,10
CUS000341,무관,False,False,False,디즈니플러스,MNO,True,4,5
CUS000342,5G,True,False,True,넷플릭스,MNO,False,3,10
CUS000343,LTE,False,False,False,없음,MNO,False,2,1
CUS000344,LTE,False,False,False,넷플릭스,MNO,False,2,5
CUS000345,LTE,False,True,False,디즈니플러스,MVNO,False,3,10
CUS000346,5G,False,True,False,없음,MVNO,False,3,10
CUS000347,무관,False,False,True,디즈니플러스,MNO,True,1,2
CUS000348,무관,False,True,False,없음,MNO,True,4,10
CUS000349,무관,False,False,False,디즈니플러스,MNO,False,5,2
CUS000350,5G,True,True,False,넷플릭스,MNO,True,5,1
CUS000351,LTE,False,False,False,없음,MVNO,True,4,1
CUS000352,LTE,True,False,False,넷플릭스,MVNO,True,3,2
CUS000353,무관,False,False,False,없음,MNO,False,3,1
CUS000354,LTE,False,False,True,디즈니플러스,MNO,True,5,2
CUS000355,LTE,False,False,False,디즈니플러스,MVNO,True,1,10
CUS000356,5G,False,False,True,없음,MVNO,True,4,10
CUS000357,무관,False,False,False,없음,MNO,True,5,10
CUS000358,LTE,False,False,True,없음,MVNO,True,3,10
CUS000359,무관,False,False,True,디즈니플러스,MNO,True,5,10
CUS000360,무관,False,False,False,넷플릭스,MVNO,False,4,10
CUS000361,LTE,False,False,True,넷플릭스,MNO,True,3,5
CUS000362,5G,False,False,False,넷플릭스,MNO,True,4,2
CUS000363,LTE,False,False,False,넷플릭스,MNO,True,2,5
CUS000364,무관,False,True,False,없음,MNO,False,3,5
CUS000365,무관,False,False,False,넷플릭스,MNO,True,5,2
CUS000366,5G,False,False,False,넷플릭스,MNO,True,3,10
CUS000367,5G,True,False,False,없음,MNO,True,4,5
CUS000368,LTE,False,False,True,없음,MNO,True,3,1
CUS000369,무관,False,False,True,넷플릭스,MNO,True,5,1
CUS000370,5G,False,False,True,없음,MNO,True,2,1
CUS000371,LTE,False,False,True,넷플릭스,MNO,True,5,1
CUS000372,무관,True,True,False,없음,MVNO,False,4,10
CUS000373,LTE,False,False,False,없음,MVNO,True,3,2
CUS000374,5G,False,False,False,넷플릭스,MNO,True,5,10
CUS000375,무관,False,False,False,넷플릭스,MVNO,False,5,5
CUS000376,5G,False,False,False,없음,MNO,False,3,10
CUS000377,5G,False,False,False,없음,MNO,True,4,5
CUS000378,무관,False,False,False,넷플릭스,MVNO,False,4,2
CUS000379,무관,False,False,False,없음,MVNO,True,4,5
CUS000380,무관,False,False,True,없음,MVNO,True,4,5
CUS000381,무관,False,False,True,넷플릭스,MNO,False,1,5
CUS000382,5G,False,False,False,없음,MNO,False,3,1
CUS000383,LTE,False,False,True,디즈니플러스,MNO,True,3,5
CUS000384,5G,False,False,True,없음,MNO,False,2,2
CUS000385,LTE,False,False,True,디즈니플러스,MNO,True,3,10
CUS000386,LTE,False,True,False,없음,MNO,False,2,2
CUS000387,5G,False,False,False,없음,MNO,False,2,1
CUS000388,무관,False,False,False,디즈니플러스,MNO,True,2,10
CUS000389,5G,True,False,False,없음,MVNO,True,3,1
CUS000390,LTE,True,False,False,디즈니플러스,MNO,False,4,1
CUS000391,5G,True,False,True,디즈니플러스,MNO,True,1,1
CUS000392,무관,True,False,False,넷플릭스,MNO,True,4,1
CUS000393,LTE,False,False,True,없음,MNO,True,4,1
CUS000394,무관,False,False,False,없음,MNO,False,4,1
CUS000395,5G,False,False,False,넷플릭스,MNO,True,4,5
CUS000396,5G,False,False,True,넷플릭스,MNO,True,3,5
CUS000397,LTE,False,False,False,없음,MNO,False,4,2
CUS000398,무관,True,False,False,없음,MVNO,True,3,1
CUS000399,5G,False,False,False,디즈니플러스,MVNO,True,2,2
CUS000400,5G,True,True,False,없음,MVNO,True,5,10
CUS000401,LTE,False,False,False,넷플릭스,MNO,True,3,10
CUS000402,무관,False,False,False,넷플릭스,MNO,False,4,2
CUS000403,5G,True,False,False,넷플릭스,MNO,True,3,5
CUS000404,5G,False,False,False,없음,MNO,True,4,10
CUS000405,LTE,True,True,True,디즈니플러스,MNO,True,4,2
CUS000406,5G,False,False,False,없음,MNO,False,2,1
CUS000407,LTE,False,False,True,없음,MVNO,True,4,5
CUS000408,5G,True,True,False,디즈니플러스,MNO,False,5,10
CUS000409,5G,False,False,True,디즈니플러스,MNO,True,2,1
CUS000410,LTE,False,False,False,없음,MNO,False,3,2
CUS000411,5G,True,True,False,넷플릭스,MNO,True,3,2
CUS000412,무관,False,False,False,디즈니플러스,MNO,True,5,10
CUS000413,무관,True,False,False,없음,MNO,True,4,5
CUS000414,LTE,False,False,False,디즈니플러스,MNO,True,2,5
CUS000415,5G,False,False,False,없음,MNO,False,4,10
CUS000416,5G,False,True,False,없음,MNO,False,4,10
CUS000417,5G,False,False,False,없음,MVNO,False,1,1
CUS000418,무관,False,False,False,없음,MNO,True,3,5
CUS000419,LTE,True,False,False,디즈니플러스,MNO,True,5,1
CUS000420,무관,False,False,True,없음,MNO,False,3,10
CUS000421,5G,False,False,True,넷플릭스,MNO,True,4,5
CUS000422,무관,False,False,False,넷플릭스,MNO,False,2,1
CUS000423,무관,False,False,False,없음,MNO,True,4,1
CUS000424,LTE,True,True,False,넷플릭스,MNO,True,3,1
CUS000425,무관,True,False,True,없음,MNO,True,4,10
CUS000426,5G,False,True,True,넷플릭스,MVNO,False,5,5
CUS000427,5G,False,True,False,넷플릭스,MNO,False,2,1
CUS000428,5G,True,False,False,디즈니플러스,MNO,True,1,10
CUS000429,5G,False,True,False,넷플릭스,MVNO,False,1,5
CUS000430,5G,False,True,False,넷플릭스,MVNO,True,2,1
CUS000431,5G,True,False,False,디즈니플러스,MNO,True,2,2
CUS000432,무관,False,True,False,넷플릭스,MVNO,True,2,2
CUS000433,LTE,False,True,False,넷플릭스,MVNO,True,5,1
CUS000434,LTE,False,False,False,없음,MVNO,False,4,10
CUS000435,LTE,False,True,False,넷플릭스,MNO,False,5,5
CUS000436,5G,True,False,False,없음,MNO,True,2,1
CUS000437,LTE,True,False,True,없음,MVNO,True,5,5
CUS000438,5G,True,False,True,넷플릭스,MNO,True,3,10
CUS000439,5G,True,True,False,넷플릭스,MVNO,False,4,2
CUS000440,무관,True,True,False,디즈니플러스,MNO,False,3,2
CUS000441,무관,True,False,False,디즈니플러스,MNO,True,1,1
CUS000442,5G,False,False,False,없음,MVNO,True,2,5
CUS000443,무관,False,False,False,없음,MVNO,True,5,5
CUS000444,LTE,False,False,False,넷플릭스,MVNO,False,3,10
CUS000445,LTE,False,False,False,디즈니플러스,MNO,True,4,2
CUS000446,무관,False,True,True,넷플릭스,MVNO,True,3,5
CUS000447,5G,False,False,False,넷플릭스,MVNO,True,2,1
CUS000448,무관,True,False,False,넷플릭스,MNO,True,5,1
CUS000449,5G,False,False,False,디즈니플러스,MVNO,False,4,2
CUS000450,5G,False,False,False,없음,MVNO,False,4,10
CUS000451,5G,False,False,False,넷플릭스,MNO,False,2,2
CUS000452,무관,True,True,False,없음,MVNO,False,4,10
CUS000453,LTE,False,False,True,디즈니플러스,MNO,True,3,2
CUS000454,5G,True,False,True,없음,MNO,False,3,5
CUS000455,LTE,False,True,False,디즈니플러스,MVNO,True,2,5
CUS000456,5G,True,True,True,넷플릭스,MNO,True,3,1
CUS000457,LTE,True,False,False,디즈니플러스,MNO,False,3,1
CUS000458,LTE,False,False,False,없음,MNO,True,3,1
CUS000459,5G,False,False,False,넷플릭스,MNO,True,4,1
CUS000460,LTE,False,True,False,없음,MNO,False,2,10
CUS000461,5G,True,False,False,디즈니플러스,MNO,True,2,2
CUS000462,5G,False,False,True,없음,MVNO,False,4,1
CUS000463,무관,False,False,False,없음,MNO,True,4,2
CUS000464,LTE,False,False,True,넷플릭스,MVNO,True,4,10
CUS000465,LTE,False,False,False,넷플릭스,MVNO,True,4,10
CUS000466,LTE,False,False,False,넷플릭스,MVNO,True,4,10
CUS000467,무관,False,True,False,디즈니플러스,MNO,True,4,5
CUS000468,5G,False,False,False,없음,MNO,False,3,10
CUS000469,5G,False,False,False,없음,MVNO,True,3,10
CUS000470,무관,True,False,True,없음,MVNO,True,2,5
CUS000471,LTE,False,False,False,넷플릭스,MVNO,True,4,2
CUS000472,5G,False,False,False,없음,MNO,False,4,10
CUS000473,LTE,True,False,False,넷플릭스,MVNO,True,5,10
CUS000474,무관,False,False,False,넷플릭스,MNO,True,3,5
CUS000475,LTE,True,True,False,넷플릭스,MNO,False,2,2
CUS000476,LTE,False,True,False,디즈니플러스,MVNO,False,3,10
CUS000477,5G,False,True,False,없음,MVNO,False,3,1
CUS000478,무관,True,False,False,디즈니플러스,MVNO,True,3,1
CUS000479,무관,False,True,False,디즈니플러스,MVNO,True,2,2
CUS000480,무관,True,True,False,넷플릭스,MNO,True,3,5
CUS000481,LTE,True,False,False,디즈니플러스,MNO,False,2,1
CUS000482,5G,True,False,False,없음,MVNO,False,3,10
CUS000483,LTE,False,True,False,넷플릭스,MVNO,True,2,10
CUS000484,5G,True,False,False,없음,MVNO,True,5,10
CUS000485,5G,False,True,False,없음,MVNO,True,5,5
CUS000486,5G,False,True,False,넷플릭스,MNO,False,4,5
CUS000487,5G,False,False,False,없음,MNO,True,2,1
CUS000488,5G,False,False,False,디즈니플러스,MNO,True,4,10
CUS000489,5G,True,False,False,넷플릭스,MNO,True,4,2
CUS000490,무관,False,False,False,없음,MNO,True,4,5
CUS000491,무관,True,True,False,넷플릭스,MVNO,True,3,5
CUS000492,5G,True,True,False,없음,MVNO,False,2,10
CUS000493,5G,True,False,True,없음,MNO,False,3,5
CUS000494,LTE,False,False,False,넷플릭스,MVNO,False,4,1
CUS000495,5G,False,True,False,없음,MNO,True,3,5
CUS000496,무관,False,False,False,없음,MNO,True,3,5
CUS000497,LTE,False,True,True,넷플릭스,MVNO,False,4,2
CUS000498,무관,True,False,False,없음,MNO,False,1,5
CUS000499,5G,True,True,False,없음,MVNO,True,4,10
CUS000500,5G,False,True,True,디즈니플러스,MNO,True,4,10
CUS000501,무관,False,False,True,넷플릭스,MNO,True,3,1
CUS000502,LTE,False,False,False,넷플릭스,MVNO,True,3,5
CUS000503,LTE,True,False,False,없음,MNO,False,5,10
CUS000504,무관,False,False,False,넷플릭스,MNO,True,4,10
CUS000505,5G,False,False,True,넷플릭스,MVNO,True,5,1
CUS000506,무관,False,True,False,없음,MNO,True,4,1
CUS000507,LTE,True,True,False,없음,MVNO,True,2,1
CUS000508,5G,True,True,False,없음,MNO,True,2,5
CUS000509,LTE,True,False,False,없음,MNO,False,4,2
CUS000510,무관,True,False,False,넷플릭스,MVNO,True,3,1
CUS000511,무관,False,False,True,넷플릭스,MVNO,True,5,5
CUS000512,LTE,False,False,False,넷플릭스,MNO,True,2,10
CUS000513,5G,False,False,False,없음,MVNO,True,2,5
CUS000514,5G,True,False,False,디즈니플러스,MNO,True,4,10
CUS000515,무관,True,True,False,넷플릭스,MNO,True,4,2
CUS000516,5G,False,False,False,디즈니플러스,MVNO,False,4,5
CUS000517,LTE,True,True,True,디즈니플러스,MNO,False,4,1
CUS000518,무관,False,False,False,디즈니플러스,MNO,True,3,2
CUS000519,LTE,False,False,True,넷플릭스,MNO,True,3,10
CUS000520,LTE,False,False,True,넷플릭스,MNO,True,5,5
CUS000521,5G,True,True,False,넷플릭스,MNO,True,3,1
CUS000522,LTE,False,False,True,디즈니플러스,MNO,True,2,1
CUS000523,5G,True,False,False,없음,MNO,True,3,5
CUS000524,무관,False,False,False,넷플릭스,MVNO,True,5,1
CUS000525,LTE,False,False,False,디즈니플러스,MVNO,True,4,10
CUS000526,LTE,True,False,False,없음,MVNO,True,5,5
CUS000527,무관,False,False,True,넷플릭스,MNO,False,4,2
CUS000528,5G,True,False,False,없음,MVNO,True,4,1
CUS000529,5G,False,False,False,없음,MVNO,True,3,2
CUS000530,LTE,False,False,False,넷플릭스,MNO,True,2,5
CUS000531,무관,True,False,False,넷플릭스,MVNO,True,4,10
CUS000532,5G,False,False,False,없음,MVNO,True,5,1
CUS000533,5G,False,True,False,넷플릭스,MNO,True,4,5
CUS000534,무관,False,False,False,넷플릭스,MNO,True,3,1
CUS000535,5G,True,False,False,넷플릭스,MNO,True,4,1
CUS000536,5G,True,False,True,넷플릭스,MNO,False,4,1
CUS000537,무관,False,True,False,디즈니플러스,MNO,False,3,2
CUS000538,5G,False,False,False,없음,MVNO,True,4,2
CUS000539,무관,False,True,False,디즈니플러스,MVNO,True,3,1
CUS000540,5G,False,True,False,넷플릭스,MNO,True,4,10
CUS000541,무관,False,True,False,넷플릭스,MNO,True,5,2
CUS000542,무관,True,False,False,넷플릭스,MNO,True,3,10
CUS000543,무관,False,False,False,없음,MNO,True,5,5
CUS000544,무관,False,True,True,넷플릭스,MVNO,False,4,5
CUS000545,무관,True,False,False,넷플릭스,MVNO,False,5,5
CUS000546,LTE,False,False,False,넷플릭스,MVNO,True,2,2
CUS000547,5G,False,True,True,없음,MNO,True,4,5
CUS000548,LTE,False,False,True,넷플릭스,MNO,False,4,1
CUS000549,LTE,True,False,True,넷플릭스,MNO,True,3,1
CUS000550,무관,False,False,True,넷플릭스,MVNO,True,2,2
CUS000551,5G,False,False,False,넷플릭스,MVNO,True,2,5
CUS000552,LTE,False,True,True,넷플릭스,MVNO,True,4,5
CUS000553,무관,True,False,False,디즈니플러스,MNO,False,4,1
CUS000554,LTE,False,False,False,없음,MVNO,True,4,10
CUS000555,5G,True,True,True,넷플릭스,MVNO,False,1,10
CUS000556,LTE,True,True,False,넷플릭스,MVNO,True,2,2
CUS000557,LTE,False,False,False,넷플릭스,MVNO,True,5,1
CUS000558,무관,False,False,False,없음,MVNO,True,3,2
CUS000559,5G,False,False,False,넷플릭스,MVNO,True,5,5
CUS000560,5G,True,False,False,넷플릭스,MNO,False,2,5
CUS000561,LTE,True,False,False,없음,MNO,True,4,1
CUS000562,LTE,False,False,False,넷플릭스,MVNO,True,3,5
CUS000563,5G,False,False,True,없음,MVNO,False,3,2
CUS000564,무관,False,False,True,없음,MVNO,True,4,2
CUS000565,LTE,False,True,False,없음,MVNO,True,1,5
CUS000566,LTE,True,True,False,넷플릭스,MNO,True,4,2
CUS000567,5G,True,False,False,넷플릭스,MVNO,True,3,10
CUS000568,무관,False,False,False,없음,MNO,True,2,2
CUS000569,LTE,False,False,False,없음,MNO,False,4,2
CUS000570,LTE,False,False,False,디즈니플러스,MVNO,True,4,1
CUS000571,LTE,True,False,True,없음,MNO,False,5,5
CUS000572,5G,False,False,True,없음,MVNO,False,2,10
CUS000573,5G,True,False,False,없음,MVNO,True,5,1
CUS000574,LTE,False,False,False,넷플릭스,MVNO,True,3,2
CUS000575,5G,False,False,True,넷플릭스,MVNO,True,4,10
CUS000576,무관,False,False,False,디즈니플러스,MNO,True,5,1
CUS000577,LTE,False,False,True,없음,MNO,True,4,1
CUS000578,LTE,True,False,False,넷플릭스,MVNO,True,4,5
CUS000579,무관,False,False,True,넷플릭스,MNO,True,2,2
CUS000580,무관,True,True,False,넷플릭스,MVNO,True,3,2
CUS000581,5G,False,True,True,없음,MNO,True,4,1
CUS000582,LTE,False,False,False,없음,MNO,True,3,2
CUS000583,5G,True,False,True,넷플릭스,MVNO,True,3,10
CUS000584,5G,False,False,True,없음,MNO,True,4,1
CUS000585,5G,False,False,True,넷플릭스,MNO,True,3,5
CUS000586,5G,False,False,True,넷플릭스,MNO,True,1,5
CUS000587,무관,True,False,False,넷플릭스,MVNO,True,4,5
CUS000588,무관,True,False,False,넷플릭스,MVNO,True,4,1
CUS000589,무관,False,False,True,없음,MNO,False,3,2
CUS000590,무관,True,False,False,넷플릭스,MNO,False,3,1
CUS000591,LTE,False,True,True,넷플릭스,MVNO,True,1,5
CUS000592,5G,True,False,False,디즈니플러스,MVNO,False,5,5
CUS000593,LTE,False,True,False,넷플릭스,MNO,True,3,5
CUS000594,5G,False,False,False,넷플릭스,MVNO,True,4,1
CUS000595,무관,False,False,False,넷플릭스,MVNO,True,2,5
CUS000596,5G,False,False,True,없음,MNO,True,2,10
CUS000597,LTE,False,True,True,없음,MVNO,True,3,2
CUS000598,5G,False,False,False,없음,MVNO,False,4,5
CUS000599,5G,True,False,False,넷플릭스,MVNO,True,2,5
CUS000600,무관,True,False,False,없음,MVNO,True,4,5
CUS000601,LTE,False,True,False,넷플릭스,MVNO,True,1,1
CUS000602,5G,False,False,False,없음,MVNO,True,2,2
CUS000603,무관,False,False,True,넷플릭스,MNO,True,4,5
CUS000604,무관,True,False,False,넷플릭스,MVNO,False,3,5
CUS000605,LTE,False,False,False,없음,MVNO,True,5,2
CUS000606,5G,True,False,False,넷플릭스,MVNO,False,3,2
CUS000607,LTE,True,False,True,없음,MVNO,True,2,5
CUS000608,5G,True,False,False,넷플릭스,MNO,True,1,2
CUS000609,LTE,False,False,True,넷플릭스,MNO,False,3,10
CUS000610,무관,False,True,False,없음,MVNO,False,3,5
CUS000611,LTE,False,True,True,넷플릭스,MVNO,True,4,1
CUS000612,LTE,True,True,False,넷플릭스,MNO,True,4,1
CUS000613,5G,False,False,False,넷플릭스,MNO,True,4,5
CUS000614,LTE,False,True,True,디즈니플러스,MNO,False,3,10
CUS000615,LTE,True,False,False,없음,MNO,True,3,5
CUS000616,무관,True,False,False,없음,MVNO,False,2,2
CUS000617,5G,True,False,True,디즈니플러스,MVNO,False,4,10
CUS000618,무관,True,False,False,없음,MVNO,True,4,5
CUS000619,LTE,True,False,False,넷플릭스,MVNO,True,4,1
CUS000620,LTE,False,True,False,넷플릭스,MNO,True,3,5
CUS000621,5G,False,True,False,없음,MVNO,True,5,1
CUS000622,무관,False,True,False,디즈니플러스,MVNO,True,3,2
CUS000623,5G,True,False,True,넷플릭스,MVNO,True,3,10
CUS000624,LTE,False,False,False,디즈니플러스,MVNO,True,3,1
CUS000625,LTE,True,False,True,디즈니플러스,MVNO,True,4,10
CUS000626,무관,False,True,True,없음,MNO,True,4,1
CUS000627,5G,False,False,False,넷플릭스,MVNO,False,3,1
CUS000628,무관,False,False,True,넷플릭스,MNO,False,2,1
CUS000629,5G,False,False,False,디즈니플러스,MVNO,False,4,1
CUS000630,5G,True,True,False,넷플릭스,MVNO,True,5,1
CUS000631,5G,False,False,False,넷플릭스,MNO,False,4,5
CUS000632,LTE,False,False,True,넷플릭스,MNO,True,4,5
CUS000633,5G,False,False,False,넷플릭스,MVNO,True,4,1
CUS000634,5G,True,False,False,넷플릭스,MNO,True,1,10
CUS000635,LTE,False,False,True,없음,MNO,False,3,2
CUS000636,5G,True,False,False,없음,MVNO,True,2,1
CUS000637,LTE,False,False,False,없음,MVNO,False,4,10
CUS000638,LTE,False,False,False,넷플릭스,MNO,True,3,5
CUS000639,5G,False,True,True,없음,MVNO,True,5,5
CUS000640,무관,True,True,False,없음,MNO,False,2,2
CUS000641,5G,False,False,False,없음,MNO,True,3,2
CUS000642,LTE,True,True,False,디즈니플러스,MVNO,False,3,1
CUS000643,5G,False,False,False,없음,MNO,True,4,10
CUS000644,5G,True,False,False,넷플릭스,MNO,True,4,2
CUS000645,5G,False,False,False,없음,MNO,True,4,2
CUS000646,무관,False,False,False,넷플릭스,MVNO,True,4,2
CUS000647,LTE,False,False,False,디즈니플러스,MNO,True,5,10
CUS000648,5G,True,False,False,넷플릭스,MNO,False,4,10
CUS000649,LTE,False,False,True,넷플릭스,MVNO,True,3,2
CUS000650,무관,False,True,False,없음,MVNO,False,4,2
CUS000651,LTE,False,False,False,없음,MNO,True,3,5
CUS000652,무관,False,True,False,디즈니플러스,MNO,False,4,1
CUS000653,무관,False,False,False,없음,MVNO,True,4,10
CUS000654,5G,False,False,False,없음,MNO,True,4,1
CUS000655,5G,True,False,False,넷플릭스,MVNO,True,4,1
CUS000656,무관,True,False,False,디즈니플러스,MNO,True,2,1
CUS000657,무관,True,False,False,디즈니플러스,MNO,True,4,1
CUS000658,5G,False,False,False,넷플릭스,MNO,False,2,1
CUS000659,LTE,False,False,True,없음,MVNO,True,4,5
CUS000660,LTE,True,False,True,없음,MVNO,False,4,10
CUS000661,5G,False,False,False,없음,MNO,False,5,2
CUS000662,LTE,False,False,True,넷플릭스,MVNO,False,2,10
CUS000663,LTE,False,False,False,없음,MNO,True,4,1
CUS000664,LTE,False,False,False,없음,MVNO,True,4,5
CUS000665,무관,False,False,True,넷플릭스,MNO,True,3,5
CUS000666,5G,True,False,False,없음,MNO,True,2,5
CUS000667,5G,False,False,False,넷플릭스,MNO,True,3,5
CUS000668,5G,False,False,False,넷플릭스,MVNO,True,3,1
CUS000669,LTE,False,False,False,없음,MVNO,True,3,2
CUS000670,5G,False,False,False,디즈니플러스,MVNO,True,4,5
CUS000671,5G,True,True,False,넷플릭스,MNO,False,5,10
CUS000672,5G,False,False,True,없음,MVNO,True,4,1
CUS000673,무관,False,True,False,없음,MNO,False,2,10
CUS000674,5G,True,False,False,없음,MNO,True,4,5
CUS000675,5G,True,False,True,없음,MNO,True,4,5
CUS000676,LTE,False,True,True,넷플릭스,MNO,True,4,2
CUS000677,LTE,False,True,True,없음,MVNO,True,2,2
CUS000678,무관,False,True,True,디즈니플러스,MVNO,True,4,2
CUS000679,무관,False,True,False,넷플릭스,MNO,True,4,10
CUS000680,5G,True,True,True,없음,MNO,True,1,10
CUS000681,무관,False,False,False,넷플릭스,MVNO,True,3,1
CUS000682,무관,True,True,False,없음,MVNO,True,1,2
CUS000683,LTE,False,False,False,넷플릭스,MNO,True,2,5
CUS000684,5G,True,True,False,넷플릭스,MVNO,False,3,10
CUS000685,무관,True,False,True,없음,MVNO,False,3,2
CUS000686,LTE,True,False,False,없음,MNO,True,4,2
CUS000687,5G,False,True,False,넷플릭스,MNO,True,3,1
CUS000688,LTE,True,True,False,넷플릭스,MNO,True,3,1
CUS000689,무관,False,True,False,없음,MNO,True,5,10
CUS000690,무관,False,False,False,없음,MNO,False,3,1
CUS000691,무관,True,False,False,없음,MNO,True,3,1
CUS000692,LTE,False,True,False,없음,MVNO,True,3,5
CUS000693,무관,False,True,False,넷플릭스,MNO,True,2,1
CUS000694,5G,False,False,False,없음,MNO,True,3,1
CUS000695,5G,True,False,False,없음,MNO,True,4,2
CUS000696,5G,True,False,False,넷플릭스,MNO,True,5,10
CUS000697,LTE,False,True,False,넷플릭스,MVNO,False,4,2
CUS000698,5G,True,False,False,넷플릭스,MNO,True,1,1
CUS000699,5G,True,False,True,디즈니플러스,MVNO,True,3,10
CUS000700,5G,False,True,False,넷플릭스,MVNO,True,5,1
CUS000701,LTE,True,False,False,넷플릭스,MVNO,True,4,1
CUS000702,5G,False,False,False,없음,MNO,False,2,5
CUS000703,LTE,True,False,True,없음,MNO,True,4,1
CUS000704,5G,True,True,False,디즈니플러스,MVNO,True,3,1
CUS000705,무관,True,False,False,없음,MNO,False,4,2
CUS000706,LTE,False,True,False,넷플릭스,MNO,True,3,1
CUS000707,LTE,False,False,False,없음,MVNO,True,1,1
CUS000708,LTE,False,False,True,디즈니플러스,MVNO,False,3,2
CUS000709,5G,False,True,False,없음,MVNO,True,4,10
CUS000710,LTE,False,True,False,없음,MVNO,True,5,10
CUS000711,5G,False,False,False,없음,MVNO,True,3,1
CUS000712,LTE,False,False,False,넷플릭스,MVNO,True,4,5
CUS000713,5G,False,False,False,없음,MNO,True,1,2
CUS000714,5G,True,True,True,넷플릭스,MNO,False,5,2
CUS000715,5G,False,True,True,없음,MNO,False,2,10
CUS000716,5G,False,False,False,넷플릭스,MNO,True,3,2
CUS000717,LTE,True,False,True,없음,MNO,False,2,10
CUS000718,LTE,True,False,False,넷플릭스,MNO,True,1,10
CUS000719,5G,False,False,True,넷플릭스,MVNO,True,2,10
CUS000720,5G,False,False,True,넷플릭스,MVNO,True,4,10
CUS000721,무관,False,True,False,넷플릭스,MNO,False,3,10
CUS000722,5G,False,False,False,넷플릭스,MVNO,True,5,10
CUS000723,LTE,False,False,False,없음,MNO,False,4,10
CUS000724,LTE,False,False,False,없음,MVNO,True,3,2
CUS000725,5G,False,False,False,없음,MVNO,True,4,10
CUS000726,무관,False,False,True,없음,MVNO,False,3,5
CUS000727,무관,False,False,False,없음,MNO,True,4,2
CUS000728,5G,True,True,False,넷플릭스,MVNO,True,5,1
CUS000729,LTE,False,False,False,없음,MNO,True,3,5
CUS000730,5G,False,False,False,없음,MVNO,True,4,2
CUS000731,5G,False,False,False,넷플릭스,MVNO,True,3,10
CUS000732,무관,False,False,True,넷플릭스,MVNO,True,4,1
CUS000733,LTE,False,False,False,디즈니플러스,MVNO,True,3,5
CUS000734,5G,False,True,False,디즈니플러스,MVNO,True,1,5
CUS000735,5G,False,True,False,넷플릭스,MVNO,True,4,2
CUS000736,5G,True,False,True,디즈니플러스,MNO,True,4,10
CUS000737,5G,False,False,False,디즈니플러스,MVNO,True,4,10
CUS000738,무관,False,False,False,없음,MVNO,False,4,2
CUS000739,무관,False,False,False,넷플릭스,MVNO,False,2,5
CUS000740,무관,False,False,False,넷플릭스,MVNO,False,4,10
CUS000741,무관,False,False,False,넷플릭스,MVNO,False,5,2
CUS000742,무관,True,True,True,없음,MVNO,True,2,1
CUS000743,LTE,False,False,True,넷플릭스,MVNO,True,4,10
CUS000744,LTE,True,False,False,디즈니플러스,MNO,True,2,2
CUS000745,LTE,True,False,False,없음,MNO,True,4,1
CUS000746,LTE,True,False,False,없음,MNO,False,4,10
CUS000747,LTE,True,True,False,디즈니플러스,MNO,True,2,1
CUS000748,5G,False,True,False,넷플릭스,MVNO,True,4,10
CUS000749,LTE,False,False,True,넷플릭스,MNO,False,2,10
CUS000750,무관,False,False,False,없음,MNO,True,4,10
CUS000751,LTE,False,False,False,없음,MVNO,True,4,1
CUS000752,LTE,False,False,True,디즈니플러스,MVNO,True,1,5
CUS000753,무관,False,False,True,넷플릭스,MNO,True,3,1
CUS000754,5G,False,False,False,넷플릭스,MNO,True,5,5
CUS000755,무관,True,False,False,디즈니플러스,MNO,False,2,10
CUS000756,5G,True,True,False,없음,MNO,True,2,10
CUS000757,5G,False,False,False,없음,MNO,False,4,5
CUS000758,무관,False,False,False,디즈니플러스,MVNO,True,3,5
CUS000759,5G,False,True,True,넷플릭스,MNO,False,4,1
CUS000760,무관,False,False,False,없음,MVNO,False,4,10
CUS000761,무관,True,False,False,없음,MNO,True,2,5
CUS000762,무관,False,False,True,넷플릭스,MVNO,True,3,5
CUS000763,5G,False,False,False,넷플릭스,MNO,True,1,1
CUS000764,5G,False,False,False,넷플릭스,MVNO,True,4,1
CUS000765,LTE,True,True,True,디즈니플러스,MVNO,True,4,5
CUS000766,무관,True,False,False,없음,MVNO,False,5,1
CUS000767,LTE,True,False,False,없음,MNO,False,5,1
CUS000768,LTE,False,False,False,디즈니플러스,MVNO,True,4,5
CUS000769,5G,True,True,False,없음,MVNO,True,4,1
CUS000770,5G,True,True,False,넷플릭스,MVNO,False,2,2
CUS000771,5G,True,False,False,넷플릭스,MNO,False,2,2
CUS000772,LTE,False,False,False,넷플릭스,MNO,False,3,5
CUS000773,무관,False,False,False,넷플릭스,MVNO,True,5,10
CUS000774,5G,False,False,False,넷플릭스,MNO,True,3,5
CUS000775,무관,False,True,False,넷플릭스,MNO,True,4,2
CUS000776,5G,False,False,True,없음,MNO,False,5,10
CUS000777,LTE,False,False,False,디즈니플러스,MVNO,True,3,10
CUS000778,5G,False,False,False,디즈니플러스,MVNO,True,3,10
CUS000779,5G,False,False,False,없음,MNO,False,3,1
CUS000780,LTE,False,False,False,없음,MNO,True,4,1
CUS000781,LTE,False,False,True,없음,MNO,True,5,2
CUS000782,LTE,False,False,False,디즈니플러스,MNO,True,1,2
CUS000783,5G,True,False,False,넷플릭스,MNO,True,3,10
CUS000784,5G,True,True,True,넷플릭스,MNO,False,3,5
CUS000785,5G,False,True,False,넷플릭스,MNO,True,5,2
CUS000786,무관,False,False,True,넷플릭스,MVNO,True,4,2
CUS000787,5G,True,False,False,넷플릭스,MVNO,True,3,1
CUS000788,LTE,True,False,False,없음,MVNO,False,4,10
CUS000789,LTE,False,False,False,없음,MVNO,False,1,2
CUS000790,LTE,False,False,True,없음,MNO,True,4,2
CUS000791,5G,False,True,False,넷플릭스,MVNO,True,3,5
CUS000792,5G,False,False,True,넷플릭스,MVNO,True,1,1
CUS000793,LTE,False,False,True,없음,MNO,True,4,5
CUS000794,5G,False,False,False,없음,MNO,False,4,5
CUS000795,5G,False,False,False,없음,MVNO,True,3,5
CUS000796,무관,False,False,False,넷플릭스,MNO,True,4,5
CUS000797,무관,False,False,True,없음,MNO,True,3,1
CUS000798,5G,True,True,True,없음,MNO,True,4,5
CUS000799,5G,False,False,False,없음,MVNO,True,5,5
CUS000800,무관,True,True,False,넷플릭스,MNO,True,3,10
CUS000801,무관,False,False,False,넷플릭스,MVNO,False,5,2
CUS000802,LTE,False,False,False,넷플릭스,MNO,True,5,10
CUS000803,5G,True,False,False,넷플릭스,MVNO,False,3,5
CUS000804,LTE,False,False,True,없음,MVNO,True,3,5
CUS000805,5G,True,False,False,디즈니플러스,MNO,True,5,1
CUS000806,5G,True,False,False,넷플릭스,MVNO,False,4,2
CUS000807,5G,True,False,True,없음,MNO,True,3,5
CUS000808,5G,False,True,False,없음,MVNO,False,4,5
CUS000809,LTE,False,False,False,넷플릭스,MNO,True,4,10
CUS000810,LTE,True,False,False,넷플릭스,MNO,True,1,1
CUS000811,무관,False,True,False,없음,MNO,True,5,10
CUS000812,5G,True,False,False,넷플릭스,MNO,True,2,2
CUS000813,무관,True,False,False,넷플릭스,MNO,True,1,5
CUS000814,LTE,False,False,False,넷플릭스,MNO,True,1,5
CUS000815,5G,False,False,False,디즈니플러스,MVNO,True,4,1
CUS000816,LTE,False,False,False,없음,MNO,True,1,10
CUS000817,무관,False,True,False,없음,MNO,True,2,1
CUS000818,무관,False,True,False,없음,MNO,True,4,2
CUS000819,5G,True,True,False,넷플릭스,MVNO,True,5,5
CUS000820,무관,False,False,True,넷플릭스,MNO,False,2,1
CUS000821,LTE,False,False,False,없음,MNO,False,4,5
CUS000822,5G,False,True,True,넷플릭스,MNO,False,3,2
CUS000823,무관,True,True,False,넷플릭스,MVNO,False,2,5
CUS000824,무관,True,False,False,넷플릭스,MVNO,False,4,10
CUS000825,LTE,True,False,True,없음,MNO,True,3,1
CUS000826,무관,False,False,False,없음,MVNO,True,3,5
CUS000827,LTE,True,True,False,없음,MNO,True,3,5
CUS000828,LTE,False,True,False,넷플릭스,MVNO,True,2,2
CUS000829,LTE,False,False,True,없음,MNO,True,4,5
CUS000830,5G,False,False,True,없음,MNO,False,4,10
CUS000831,5G,False,False,True,넷플릭스,MVNO,True,4,2
CUS000832,LTE,False,False,False,디즈니플러스,MNO,False,4,5
CUS000833,5G,True,False,True,없음,MNO,True,4,5
CUS000834,무관,False,True,False,없음,MNO,True,4,5
CUS000835,무관,True,False,False,넷플릭스,MNO,False,5,5
CUS000836,무관,False,False,False,디즈니플러스,MNO,True,3,1
CUS000837,5G,True,False,False,디즈니플러스,MVNO,False,3,1
CUS000838,무관,False,True,False,없음,MVNO,False,4,1
CUS000839,LTE,False,True,False,없음,MVNO,True,4,10
CUS000840,LTE,False,False,False,없음,MNO,True,1,5
CUS000841,5G,False,False,False,넷플릭스,MVNO,False,4,1
CUS000842,LTE,False,True,False,없음,MVNO,True,2,10
CUS000843,무관,False,False,False,넷플릭스,MNO,True,3,2
CUS000844,5G,False,False,False,넷플릭스,MVNO,False,4,10
CUS000845,무관,False,False,False,넷플릭스,MVNO,True,1,2
CUS000846,5G,False,False,True,없음,MVNO,True,5,2
CUS000847,LTE,False,False,False,넷플릭스,MNO,True,3,5
CUS000848,무관,False,False,True,넷플릭스,MNO,True,4,10
CUS000849,LTE,True,False,False,넷플릭스,MNO,True,4,1
CUS000850,무관,True,False,True,넷플릭스,MVNO,True,3,1
CUS000851,5G,True,False,False,넷플릭스,MVNO,False,3,1
CUS000852,무관,True,False,True,없음,MNO,True,4,5
CUS000853,5G,True,False,False,없음,MVNO,True,5,5
CUS000854,LTE,False,False,False,없음,MNO,True,3,10
CUS000855,무관,True,False,False,없음,MVNO,True,4,1
CUS000856,무관,True,False,False,없음,MNO,False,5,1
CUS000857,5G,True,False,True,디즈니플러스,MNO,True,4,5
CUS000858,무관,True,False,True,없음,MVNO,True,4,5
CUS000859,5G,False,True,False,없음,MVNO,True,3,2
CUS000860,5G,True,False,True,없음,MVNO,False,4,2
CUS000861,5G,False,False,True,넷플릭스,MNO,True,4,1
CUS000862,5G,True,False,True,넷플릭스,MVNO,True,1,5
CUS000863,LTE,False,False,False,넷플릭스,MVNO,True,4,1
CUS000864,5G,True,False,True,없음,MVNO,False,2,1
CUS000865,5G,False,False,True,없음,MVNO,True,3,1
CUS000866,LTE,False,False,False,넷플릭스,MNO,True,3,2
CUS000867,5G,False,False,False,넷플릭스,MVNO,True,5,5
CUS000868,LTE,False,True,True,넷플릭스,MVNO,False,1,1
CUS000869,5G,True,False,False,디즈니플러스,MVNO,True,4,10
CUS000870,LTE,True,False,False,없음,MVNO,False,5,5
CUS000871,5G,True,True,False,넷플릭스,MNO,True,2,5
CUS000872,5G,True,False,False,없음,MNO,True,4,1
CUS000873,5G,False,True,False,없음,MNO,True,1,2
CUS000874,5G,True,False,False,넷플릭스,MVNO,True,3,10
CUS000875,무관,True,False,True,넷플릭스,MVNO,True,5,2
CUS000876,무관,False,False,True,넷플릭스,MVNO,True,4,10
CUS000877,5G,True,False,True,넷플릭스,MNO,True,2,5
CUS000878,5G,False,False,False,없음,MVNO,True,4,10
CUS000879,5G,True,False,True,넷플릭스,MVNO,True,5,5
CUS000880,5G,False,False,False,디즈니플러스,MVNO,True,1,5
CUS000881,5G,False,False,True,없음,MVNO,True,3,5
CUS000882,5G,True,True,False,넷플릭스,MVNO,True,3,1
CUS000883,5G,False,False,False,디즈니플러스,MVNO,True,4,2
CUS000884,무관,False,False,True,디즈니플러스,MNO,False,4,2
CUS000885,5G,False,False,False,디즈니플러스,MVNO,False,2,1
CUS000886,5G,True,False,False,없음,MVNO,True,3,1
CUS000887,무관,False,False,True,디즈니플러스,MNO,False,4,5
CUS000888,LTE,False,False,False,넷플릭스,MNO,False,3,2
CUS000889,5G,True,False,False,넷플릭스,MVNO,False,3,10
CUS000890,무관,False,False,False,넷플릭스,MNO,True,2,1
CUS000891,5G,False,True,False,없음,MNO,True,3,5
CUS000892,LTE,True,True,True,디즈니플러스,MNO,False,3,2
CUS000893,5G,True,False,False,넷플릭스,MVNO,True,3,5
CUS000894,5G,False,False,True,없음,MVNO,True,4,10
CUS000895,무관,True,True,False,넷플릭스,MVNO,True,5,5
CUS000896,무관,True,True,False,없음,MVNO,True,1,1
CUS000897,5G,False,False,True,없음,MVNO,False,2,5
CUS000898,5G,True,False,True,넷플릭스,MVNO,False,4,1
CUS000899,5G,False,False,True,없음,MNO,True,4,5
CUS000900,LTE,False,False,True,넷플릭스,MVNO,True,4,1
CUS000901,LTE,False,False,True,넷플릭스,MVNO,True,4,5
CUS000902,5G,False,True,False,없음,MNO,True,4,10
CUS000903,LTE,False,False,True,넷플릭스,MVNO,True,4,2
CUS000904,LTE,False,False,False,없음,MVNO,True,5,10
CUS000905,무관,False,False,True,없음,MVNO,True,5,5
CUS000906,5G,True,False,False,없음,MVNO,True,4,5
CUS000907,5G,False,True,False,넷플릭스,MVNO,True,4,2
CUS000908,무관,False,False,False,넷플릭스,MNO,True,2,1
CUS000909,LTE,False,True,True,넷플릭스,MVNO,True,4,10
CUS000910,무관,False,False,False,디즈니플러스,MVNO,True,4,5
CUS000911,LTE,False,True,True,넷플릭스,MNO,True,4,5
CUS000912,LTE,True,True,False,디즈니플러스,MNO,False,4,10
CUS000913,5G,True,False,True,없음,MNO,True,2,2
CUS000914,5G,False,True,False,넷플릭스,MVNO,False,2,1
CUS000915,무관,False,False,False,넷플릭스,MNO,False,1,10
CUS000916,LTE,False,False,False,없음,MVNO,True,5,10
CUS000917,LTE,False,True,True,넷플릭스,MNO,True,3,1
CUS000918,무관,False,True,False,없음,MVNO,False,3,5
CUS000919,5G,True,True,True,없음,MVNO,True,2,2
CUS000920,LTE,True,False,False,디즈니플러스,MNO,True,3,2
CUS000921,5G,True,False,True,넷플릭스,MVNO,True,2,1
CUS000922,LTE,False,True,True,넷플릭스,MNO,True,2,2
CUS000923,5G,False,False,False,없음,MNO,False,4,2
CUS000924,LTE,False,False,False,넷플릭스,MVNO,False,3,5
CUS000925,5G,False,False,False,없음,MVNO,False,4,10
CUS000926,LTE,False,False,True,넷플릭스,MNO,False,3,10
CUS000927,무관,False,True,False,없음,MVNO,True,3,10
CUS000928,LTE,False,False,False,디즈니플러스,MNO,False,3,2
CUS000929,LTE,False,False,False,넷플릭스,MNO,True,4,5
CUS000930,5G,False,False,False,없음,MVNO,False,5,5
CUS000931,LTE,False,True,False,넷플릭스,MVNO,True,3,1
CUS000932,LTE,True,False,False,없음,MVNO,True,3,5
CUS000933,LTE,False,False,False,없음,MVNO,True,4,1
CUS000934,무관,False,False,False,넷플릭스,MVNO,False,2,5
CUS000935,무관,False,False,False,넷플릭스,MNO,True,4,1
CUS000936,5G,False,True,False,없음,MVNO,True,5,1
CUS000937,무관,False,False,False,디즈니플러스,MVNO,True,5,10
CUS000938,5G,False,False,False,넷플릭스,MNO,True,2,10
CUS000939,LTE,True,True,True,없음,MVNO,True,3,10
CUS000940,LTE,False,True,False,없음,MVNO,True,5,5
CUS000941,무관,False,True,False,넷플릭스,MNO,False,2,5
CUS000942,LTE,True,False,False,없음,MVNO,True,2,1
CUS000943,5G,False,False,False,넷플릭스,MVNO,True,4,10
CUS000944,5G,False,False,False,넷플릭스,MNO,True,3,10
CUS000945,무관,False,True,True,넷플릭스,MNO,True,3,5
CUS000946,무관,True,False,False,없음,MNO,True,4,5
CUS000947,무관,True,False,True,넷플릭스,MVNO,True,5,1
CUS000948,5G,True,False,True,없음,MVNO,True,3,1
CUS000949,5G,False,False,False,없음,MNO,True,2,2
CUS000950,5G,False,False,False,넷플릭스,MNO,True,5,5
CUS000951,5G,False,False,True,없음,MNO,True,4,10
CUS000952,LTE,False,True,False,없음,MNO,False,3,2
CUS000953,LTE,False,False,False,디즈니플러스,MVNO,True,5,1
CUS000954,무관,True,False,True,디즈니플러스,MVNO,False,4,10
CUS000955,무관,True,False,False,없음,MNO,False,4,5
CUS000956,5G,False,False,False,없음,MNO,True,3,5
CUS000957,LTE,False,False,False,없음,MNO,True,4,2
CUS000958,무관,False,True,True,넷플릭스,MNO,False,4,1
CUS000959,무관,True,False,False,없음,MVNO,True,1,5
CUS000960,5G,True,False,True,넷플릭스,MNO,True,2,5
CUS000961,5G,False,False,False,넷플릭스,MVNO,True,5,2
CUS000962,무관,False,False,False,없음,MNO,False,4,1
CUS000963,5G,False,False,True,없음,MVNO,True,3,5
CUS000964,무관,True,False,False,넷플릭스,MVNO,False,4,2
CUS000965,LTE,True,False,True,없음,MVNO,False,4,2
CUS000966,무관,False,False,True,넷플릭스,MNO,True,4,10
CUS000967,무관,True,False,False,넷플릭스,MNO,True,4,2
CUS000968,LTE,False,True,False,없음,MVNO,True,2,10
CUS000969,LTE,True,False,True,없음,MNO,False,5,2
CUS000970,LTE,False,True,False,없음,MVNO,False,4,10
CUS000971,무관,False,False,False,없음,MVNO,True,4,5
CUS000972,5G,True,False,False,없음,MNO,True,1,10
CUS000973,5G,True,False,True,넷플릭스,MVNO,True,4,10
CUS000974,5G,True,False,False,없음,MNO,True,5,2
CUS000975,LTE,False,True,False,넷플릭스,MVNO,False,1,10
CUS000976,무관,True,False,False,넷플릭스,MVNO,True,3,1
CUS000977,무관,True,True,True,디즈니플러스,MNO,True,5,2
CUS000978,5G,True,False,True,없음,MVNO,False,3,1
CUS000979,5G,False,True,True,넷플릭스,MVNO,True,3,5
CUS000980,무관,True,False,False,넷플릭스,MNO,True,4,1
CUS000981,5G,False,False,False,없음,MNO,True,2,5
CUS000982,LTE,True,False,False,디즈니플러스,MNO,False,2,2
CUS000983,5G,False,False,False,넷플릭스,MNO,True,2,2
CUS000984,무관,False,False,False,디즈니플러스,MNO,False,4,5
CUS000985,LTE,False,False,True,없음,MVNO,True,5,10
CUS000986,무관,True,False,True,넷플릭스,MVNO,False,4,2
CUS000987,5G,False,False,False,넷플릭스,MVNO,True,4,10
CUS000988,5G,False,False,True,없음,MVNO,True,4,10
CUS000989,무관,True,False,False,없음,MVNO,True,2,2
CUS000990,무관,True,False,True,넷플릭스,MVNO,True,4,5
CUS000991,LTE,True,False,True,넷플릭스,MNO,True,4,5
CUS000992,무관,False,False,False,넷플릭스,MNO,True,3,1
CUS000993,LTE,False,False,False,없음,MNO,True,4,1
CUS000994,무관,False,True,False,없음,MVNO,False,2,2
CUS000995,5G,True,False,True,넷플릭스,MNO,False,4,10
CUS000996,5G,False,False,True,디즈니플러스,MVNO,True,3,1
CUS000997,LTE,False,True,False,넷플릭스,MVNO,False,4,10
CUS000998,5G,False,False,True,넷플릭스,MNO,True,3,5
CUS000999,LTE,False,False,False,넷플릭스,MVNO,False,4,1
CUS001000,무관,True,False,True,넷플릭스,MNO,False,5,5
CUS001001,5G,True,False,False,디즈니플러스,MNO,False,5,1
CUS001002,5G,True,False,True,디즈니플러스,MNO,False,1,1
CUS001003,무관,False,False,False,넷플릭스,MNO,True,4,10
CUS001004,무관,True,False,False,넷플릭스,MNO,True,4,10
CUS001005,5G,True,True,True,디즈니플러스,MNO,True,4,10
CUS001006,5G,False,False,True,넷플릭스,MNO,True,5,2
CUS001007,5G,False,True,False,디즈니플러스,MVNO,False,2,5
CUS001008,5G,False,False,False,디즈니플러스,MNO,True,5,5
CUS001009,5G,False,False,False,넷플릭스,MVNO,True,2,2
CUS001010,5G,False,False,True,없음,MVNO,True,3,1
CUS001011,5G,True,False,False,없음,MVNO,True,5,1
CUS001012,LTE,False,False,True,넷플릭스,MNO,False,3,1
CUS001013,5G,True,False,False,넷플릭스,MVNO,True,3,1
CUS001014,무관,True,False,False,넷플릭스,MVNO,False,4,1
CUS001015,5G,False,False,True,없음,MNO,False,3,1
CUS001016,LTE,False,False,True,넷플릭스,MNO,True,4,5
CUS001017,무관,False,False,False,없음,MVNO,True,2,10
CUS001018,무관,False,False,False,없음,MNO,True,3,2
CUS001019,무관,False,False,True,넷플릭스,MVNO,False,4,10
CUS001020,5G,False,False,True,넷플릭스,MNO,False,5,1
CUS001021,5G,False,False,False,없음,MVNO,False,3,2
CUS001022,LTE,True,False,False,넷플릭스,MVNO,True,2,10
CUS001023,5G,False,False,False,넷플릭스,MVNO,True,3,10
CUS001024,5G,False,False,True,없음,MVNO,True,5,2
CUS001025,5G,True,False,True,디즈니플러스,MNO,True,5,5
CUS001026,5G,True,False,False,없음,MVNO,True,4,1
CUS001027,LTE,False,False,False,넷플릭스,MVNO,True,4,10
CUS001028,5G,False,False,False,디즈니플러스,MNO,True,3,2
CUS001029,5G,False,False,False,넷플릭스,MNO,False,2,1
CUS001030,무관,False,False,False,디즈니플러스,MNO,True,2,5
CUS001031,LTE,False,False,False,넷플릭스,MNO,True,4,2
CUS001032,LTE,False,False,False,넷플릭스,MVNO,True,3,1
CUS001033,5G,False,False,False,없음,MNO,True,5,5
CUS001034,무관,False,False,False,넷플릭스,MNO,True,5,1
CUS001035,5G,False,True,False,넷플릭스,MNO,True,2,10
CUS001036,5G,True,True,False,넷플릭스,MVNO,False,5,10
CUS001037,5G,False,False,False,없음,MVNO,False,4,1
CUS001038,무관,False,False,False,없음,MVNO,True,3,5
CUS001039,5G,False,False,True,없음,MVNO,True,4,10
CUS001040,5G,True,True,False,넷플릭스,MNO,False,4,10
CUS001041,5G,False,False,False,없음,MNO,True,3,10
CUS001042,무관,False,False,False,없음,MVNO,False,4,2
CUS001043,무관,False,False,True,디즈니플러스,MVNO,True,4,1
CUS001044,무관,False,True,False,넷플릭스,MNO,True,5,10
CUS001045,LTE,True,True,False,없음,MNO,True,4,10
CUS001046,무관,False,False,True,없음,MVNO,False,4,10
CUS001047,5G,False,False,False,디즈니플러스,MVNO,True,4,2
CUS001048,5G,False,False,True,디즈니플러스,MVNO,True,4,5
CUS001049,5G,False,False,True,없음,MVNO,False,2,10
CUS001050,5G,False,False,False,넷플릭스,MNO,True,4,1
CUS001051,LTE,False,False,False,디즈니플러스,MNO,True,3,10
CUS001052,LTE,False,False,False,디즈니플러스,MNO,False,3,5
CUS001053,무관,False,True,True,넷플릭스,MVNO,False,1,10
CUS001054,5G,False,False,False,없음,MNO,True,2,1
CUS001055,LTE,False,False,False,넷플릭스,MVNO,False,5,2
CUS001056,LTE,False,True,False,디즈니플러스,MVNO,True,5,10
CUS001057,LTE,True,False,False,넷플릭스,MNO,False,2,10
CUS001058,LTE,True,False,False,없음,MVNO,True,2,5
CUS001059,5G,True,True,False,없음,MNO,True,4,2
CUS001060,5G,True,False,False,없음,MVNO,True,2,1
CUS001061,무관,False,True,False,없음,MNO,False,3,10
CUS001062,LTE,True,True,False,넷플릭스,MNO,False,5,5
CUS001063,5G,False,False,True,없음,MVNO,False,4,10
CUS001064,5G,True,False,False,없음,MVNO,False,3,2
CUS001065,LTE,False,True,False,없음,MNO,True,4,10
CUS001066,LTE,False,False,False,넷플릭스,MNO,True,4,10
CUS001067,무관,False,False,False,넷플릭스,MNO,True,4,1
CUS001068,LTE,False,True,False,없음,MVNO,True,4,1
CUS001069,무관,False,False,False,넷플릭스,MNO,True,4,5
CUS001070,5G,False,True,False,넷플릭스,MNO,True,4,10
CUS001071,무관,False,True,True,없음,MNO,True,3,5
CUS001072,5G,True,False,False,넷플릭스,MVNO,True,4,1
CUS001073,LTE,True,False,False,넷플릭스,MNO,True,3,10
CUS001074,5G,True,False,False,없음,MNO,False,3,10
CUS001075,LTE,False,False,False,넷플릭스,MVNO,False,3,5
CUS001076,LTE,False,False,True,넷플릭스,MNO,True,4,5
CUS001077,LTE,True,True,False,디즈니플러스,MNO,False,4,5
CUS001078,5G,False,False,True,없음,MVNO,False,5,2
CUS001079,5G,False,True,True,넷플릭스,MNO,True,4,5
CUS001080,5G,False,False,False,넷플릭스,MVNO,True,5,2
CUS001081,무관,True,False,False,없음,MNO,True,5,5
CUS001082,무관,False,False,False,넷플릭스,MNO,True,2,5
CUS001083,5G,False,False,False,넷플릭스,MVNO,True,4,1
CUS001084,LTE,False,True,False,디즈니플러스,MNO,True,4,2
CUS001085,LTE,True,False,False,없음,MNO,True,4,1
CUS001086,무관,False,False,True,넷플릭스,MVNO,True,5,1
CUS001087,LTE,False,True,False,넷플릭스,MNO,True,4,5
CUS001088,LTE,False,False,True,없음,MVNO,True,3,2
CUS001089,5G,False,False,False,없음,MNO,True,4,1
CUS001090,5G,True,False,False,없음,MNO,True,2,5
CUS001091,무관,True,False,False,없음,MNO,True,1,10
CUS001092,5G,True,False,False,없음,MNO,True,3,10
CUS001093,무관,True,False,False,없음,MNO,False,4,5
CUS001094,LTE,False,False,False,없음,MVNO,True,3,2
CUS001095,LTE,False,False,False,없음,MNO,False,2,5
CUS001096,무관,True,False,False,없음,MVNO,True,5,1
CUS001097,무관,False,False,False,디즈니플러스,MNO,False,3,5
CUS001098,5G,False,False,False,넷플릭스,MNO,True,3,1
CUS001099,5G,False,False,True,넷플릭스,MVNO,True,3,10
CUS001100,LTE,False,True,False,넷플릭스,MVNO,True,5,2
CUS001101,무관,True,False,False,넷플릭스,MVNO,True,5,2
CUS001102,5G,False,True,False,넷플릭스,MVNO,True,3,10
CUS001103,무관,True,False,True,넷플릭스,MVNO,False,3,2
CUS001104,LTE,False,False,False,없음,MNO,True,3,10
CUS001105,5G,False,False,True,넷플릭스,MVNO,False,3,5
CUS001106,무관,False,True,False,넷플릭스,MVNO,False,3,5
CUS001107,5G,False,True,False,없음,MNO,True,1,1
CUS001108,LTE,True,True,True,디즈니플러스,MNO,False,4,10
CUS001109,5G,True,False,False,디즈니플러스,MVNO,True,3,1
CUS001110,5G,False,False,False,넷플릭스,MNO,True,3,1
CUS001111,LTE,True,False,True,넷플릭스,MVNO,True,4,5
CUS001112,LTE,True,True,True,없음,MNO,True,4,10
CUS001113,5G,False,False,True,넷플릭스,MNO,True,2,2
CUS001114,무관,False,True,True,없음,MNO,True,2,2
CUS001115,5G,False,False,False,넷플릭스,MVNO,True,5,10
CUS001116,LTE,True,True,False,넷플릭스,MVNO,True,4,1
CUS001117,5G,False,True,False,없음,MNO,False,3,2
CUS001118,5G,False,True,False,넷플릭스,MVNO,False,3,1
CUS001119,5G,True,False,True,넷플릭스,MVNO,True,4,2
CUS001120,LTE,True,True,True,넷플릭스,MNO,False,4,5
CUS001121,무관,False,False,False,넷플릭스,MNO,True,5,2
CUS001122,무관,False,False,False,넷플릭스,MNO,True,3,1
CUS001123,LTE,True,True,False,없음,MVNO,True,3,2
CUS001124,LTE,True,True,True,넷플릭스,MNO,False,4,1
CUS001125,5G,False,False,False,없음,MNO,True,4,2
CUS001126,LTE,False,False,False,없음,MNO,True,2,1
CUS001127,5G,False,False,False,디즈니플러스,MNO,True,2,2
CUS001128,5G,True,False,False,넷플릭스,MVNO,True,1,10
CUS001129,LTE,False,True,True,넷플릭스,MNO,True,4,2
CUS001130,무관,False,False,False,넷플릭스,MVNO,True,1,2
CUS001131,LTE,False,False,False,없음,MVNO,True,1,5
CUS001132,무관,False,False,False,디즈니플러스,MVNO,True,4,2
CUS001133,무관,False,True,False,디즈니플러스,MNO,True,4,5
CUS001134,5G,False,False,True,없음,MVNO,True,1,5
CUS001135,5G,False,False,False,넷플릭스,MVNO,True,5,5
CUS001136,무관,True,False,False,디즈니플러스,MNO,True,3,1
CUS001137,LTE,True,False,True,없음,MVNO,True,5,5
CUS001138,5G,False,True,False,디즈니플러스,MVNO,False,2,5
CUS001139,LTE,False,True,False,없음,MVNO,True,4,10
CUS001140,5G,False,False,False,없음,MVNO,False,4,1
CUS001141,5G,True,True,False,넷플릭스,MNO,False,3,10
CUS001142,5G,False,True,True,넷플릭스,MNO,True,2,2
CUS001143,5G,False,False,False,없음,MVNO,True,3,5
CUS001144,5G,False,False,True,없음,MNO,True,3,10
CUS001145,LTE,True,False,True,디즈니플러스,MVNO,True,2,5
CUS001146,LTE,False,False,True,넷플릭스,MNO,True,2,5
CUS001147,5G,True,False,False,없음,MNO,True,3,5
CUS001148,5G,False,True,False,없음,MVNO,True,5,5
CUS001149,LTE,False,False,True,넷플릭스,MNO,False,1,10
CUS001150,LTE,True,True,False,넷플릭스,MNO,False,3,2
CUS001151,무관,True,False,False,넷플릭스,MVNO,True,2,10
CUS001152,5G,False,False,False,없음,MVNO,True,3,2
CUS001153,LTE,False,False,False,넷플릭스,MNO,False,4,10
CUS001154,5G,True,False,False,넷플릭스,MVNO,False,2,10
CUS001155,무관,False,False,True,디즈니플러스,MVNO,True,1,5
CUS001156,5G,False,False,False,넷플릭스,MVNO,False,2,10
CUS001157,무관,True,False,False,넷플릭스,MNO,False,4,1
CUS001158,LTE,False,False,True,넷플릭스,MVNO,False,4,1
CUS001159,LTE,True,True,False,디즈니플러스,MVNO,False,4,2
CUS001160,5G,True,False,False,넷플릭스,MNO,False,4,10
CUS001161,5G,False,True,False,없음,MNO,True,2,10
CUS001162,LTE,True,False,True,넷플릭스,MNO,True,4,10
CUS001163,LTE,False,False,False,넷플릭스,MVNO,True,2,10
CUS001164,무관,True,True,False,넷플릭스,MNO,False,1,10
CUS001165,LTE,True,False,False,없음,MNO,True,3,5
CUS001166,LTE,False,False,False,넷플릭스,MNO,True,3,10
CUS001167,무관,False,False,False,넷플릭스,MVNO,True,3,5
CUS001168,무관,False,True,False,없음,MNO,True,1,2
CUS001169,5G,True,False,False,디즈니플러스,MVNO,False,4,10
CUS001170,5G,False,False,False,넷플릭스,MVNO,False,3,2
CUS001171,5G,False,True,True,디즈니플러스,MVNO,True,4,5
CUS001172,5G,False,False,False,없음,MVNO,False,4,5
CUS001173,LTE,True,False,True,넷플릭스,MVNO,True,3,1
CUS001174,LTE,False,True,True,없음,MVNO,True,5,2
CUS001175,LTE,False,False,True,넷플릭스,MVNO,True,4,5
CUS001176,5G,True,False,True,넷플릭스,MNO,False,2,10
CUS001177,무관,False,False,False,디즈니플러스,MVNO,False,3,2
CUS001178,5G,False,False,False,넷플릭스,MNO,True,3,2
CUS001179,5G,False,False,True,디즈니플러스,MNO,True,4,1
CUS001180,LTE,False,False,False,디즈니플러스,MVNO,True,4,1
CUS001181,LTE,False,False,False,없음,MVNO,True,3,2
CUS001182,LTE,False,False,True,없음,MVNO,True,4,10
CUS001183,5G,False,False,False,넷플릭스,MVNO,True,5,10
CUS001184,5G,False,False,True,디즈니플러스,MNO,False,1,1
CUS001185,LTE,False,False,False,없음,MVNO,True,4,1
CUS001186,5G,False,True,False,없음,MVNO,False,2,2
CUS001187,LTE,False,False,True,디즈니플러스,MVNO,True,4,2
CUS001188,5G,False,False,False,넷플릭스,MVNO,True,3,10
CUS001189,5G,False,False,True,디즈니플러스,MVNO,False,4,10
CUS001190,5G,False,False,False,없음,MVNO,True,4,10
CUS001191,5G,True,False,False,디즈니플러스,MVNO,True,4,5
CUS001192,무관,True,False,False,없음,MVNO,True,4,1
CUS001193,무관,True,False,False,넷플릭스,MVNO,True,4,2
CUS001194,LTE,False,False,True,넷플릭스,MVNO,True,3,10
CUS001195,5G,False,True,True,없음,MNO,True,4,10
CUS001196,LTE,True,False,True,없음,MNO,False,2,10
CUS001197,LTE,False,False,False,없음,MNO,True,4,1
CUS001198,5G,True,False,False,넷플릭스,MVNO,True,3,5
CUS001199,LTE,True,True,False,없음,MVNO,True,3,10
CUS001200,LTE,False,True,False,없음,MVNO,True,4,2
CUS001201,5G,False,True,False,디즈니플러스,MVNO,False,1,5
CUS001202,무관,False,False,True,없음,MNO,True,3,2
CUS001203,5G,False,False,False,없음,MVNO,True,4,1
CUS001204,무관,False,False,False,디즈니플러스,MNO,True,2,5
CUS001205,5G,False,True,True,디즈니플러스,MVNO,True,2,1
CUS001206,LTE,False,False,False,디즈니플러스,MVNO,True,5,10
CUS001207,LTE,True,False,False,넷플릭스,MVNO,True,3,5
CUS001208,LTE,True,False,False,넷플릭스,MNO,False,3,5
CUS001209,5G,False,False,False,넷플릭스,MNO,True,3,2
CUS001210,LTE,True,True,True,넷플릭스,MVNO,True,3,10
CUS001211,무관,False,False,False,넷플릭스,MVNO,True,5,1
CUS001212,5G,True,True,False,넷플릭스,MVNO,True,3,10
CUS001213,무관,False,False,False,넷플릭스,MVNO,True,5,5
CUS001214,5G,True,True,False,없음,MVNO,True,4,5
CUS001215,5G,False,True,True,없음,MNO,True,1,10
CUS001216,5G,False,False,False,없음,MNO,True,2,10
CUS001217,5G,True,False,True,넷플릭스,MVNO,True,3,2
CUS001218,LTE,False,False,True,넷플릭스,MVNO,True,4,10
CUS001219,5G,False,False,False,넷플릭스,MNO,False,3,10
CUS001220,무관,False,False,True,넷플릭스,MVNO,True,3,1
CUS001221,5G,True,False,True,넷플릭스,MNO,True,5,2
CUS001222,무관,True,False,False,넷플릭스,MVNO,False,4,5
CUS001223,LTE,False,False,False,넷플릭스,MNO,True,4,5
CUS001224,LTE,True,False,False,넷플릭스,MNO,True,5,5
CUS001225,5G,False,False,True,넷플릭스,MVNO,True,4,5
CUS001226,무관,True,True,False,없음,MVNO,True,2,1
CUS001227,LTE,True,True,True,넷플릭스,MNO,False,5,10
CUS001228,LTE,False,False,False,없음,MNO,True,4,5
CUS001229,무관,True,False,False,디즈니플러스,MNO,True,5,10
CUS001230,5G,False,True,False,넷플릭스,MNO,True,5,5
CUS001231,5G,False,False,True,디즈니플러스,MVNO,False,3,10
CUS001232,5G,True,False,False,없음,MVNO,True,1,1
CUS001233,무관,False,False,True,디즈니플러스,MVNO,True,3,10
CUS001234,LTE,True,True,True,넷플릭스,MVNO,True,5,10
CUS001235,5G,False,True,False,없음,MNO,True,3,1
CUS001236,5G,True,False,False,없음,MNO,True,2,5
CUS001237,LTE,False,False,False,넷플릭스,MVNO,True,3,10
CUS001238,무관,False,False,True,넷플릭스,MNO,True,2,10
CUS001239,무관,False,False,False,넷플릭스,MVNO,True,4,5
CUS001240,무관,True,False,False,넷플릭스,MNO,False,2,2
CUS001241,LTE,True,True,True,넷플릭스,MVNO,True,2,2
CUS001242,무관,False,False,False,없음,MNO,True,3,5
CUS001243,5G,False,True,True,없음,MVNO,False,4,1
CUS001244,무관,True,False,False,넷플릭스,MNO,False,2,1
CUS001245,무관,False,False,False,디즈니플러스,MVNO,False,3,2
CUS001246,LTE,False,False,False,넷플릭스,MNO,False,4,10
CUS001247,무관,False,False,False,넷플릭스,MVNO,True,4,2
CUS001248,5G,False,False,True,넷플릭스,MNO,True,3,2
CUS001249,무관,False,False,False,넷플릭스,MVNO,True,4,5
CUS001250,5G,False,True,False,넷플릭스,MVNO,True,5,2
CUS001251,5G,True,False,False,없음,MVNO,True,4,5
CUS001252,5G,True,False,False,넷플릭스,MNO,False,3,2
CUS001253,무관,False,False,False,없음,MNO,True,3,10
CUS001254,5G,False,False,False,넷플릭스,MNO,False,5,1
CUS001255,무관,False,False,False,없음,MNO,True,2,1
CUS001256,LTE,False,True,True,디즈니플러스,MVNO,False,3,1
CUS001257,LTE,False,True,True,디즈니플러스,MNO,True,4,10
CUS001258,5G,False,True,True,없음,MNO,True,3,2
CUS001259,LTE,True,False,True,넷플릭스,MVNO,True,3,5
CUS001260,무관,False,False,False,디즈니플러스,MVNO,False,5,10
CUS001261,LTE,False,False,True,없음,MVNO,True,2,10
CUS001262,5G,True,True,True,없음,MVNO,True,3,5
CUS001263,LTE,False,False,False,없음,MVNO,False,5,1
CUS001264,5G,False,False,True,없음,MVNO,True,4,1
CUS001265,무관,False,True,True,없음,MNO,True,3,10
CUS001266,5G,False,True,True,넷플릭스,MVNO,True,3,1
CUS001267,5G,False,False,False,넷플릭스,MNO,True,3,10
CUS001268,5G,True,False,False,없음,MNO,True,3,5
CUS001269,5G,False,True,False,넷플릭스,MNO,True,3,2
CUS001270,무관,False,False,False,넷플릭스,MVNO,True,4,2
CUS001271,무관,True,False,True,없음,MNO,True,3,5
CUS001272,무관,False,False,False,디즈니플러스,MVNO,True,2,2
CUS001273,5G,False,True,False,넷플릭스,MVNO,True,3,10
CUS001274,무관,False,False,True,없음,MNO,True,5,10
CUS001275,LTE,True,False,False,넷플릭스,MVNO,True,4,5
CUS001276,LTE,False,False,False,넷플릭스,MNO,True,4,1
CUS001277,5G,True,False,False,없음,MNO,False,3,5
CUS001278,5G,True,True,False,없음,MVNO,True,4,1
CUS001279,5G,False,False,False,디즈니플러스,MNO,False,4,1
CUS001280,5G,False,False,True,넷플릭스,MNO,False,5,5
CUS001281,LTE,False,False,False,없음,MVNO,True,4,5
CUS001282,무관,False,False,False,넷플릭스,MNO,True,2,1
CUS001283,5G,False,False,True,넷플릭스,MVNO,True,2,2
CUS001284,5G,False,True,False,없음,MNO,False,3,2
CUS001285,5G,True,False,False,없음,MNO,True,4,2
CUS001286,5G,False,False,False,디즈니플러스,MVNO,True,4,10
CUS001287,무관,False,False,False,없음,MNO,False,1,5
CUS001288,LTE,False,False,False,넷플릭스,MVNO,True,5,1
CUS001289,5G,False,False,False,없음,MVNO,True,4,5
CUS001290,무관,True,False,False,넷플릭스,MVNO,True,5,10
CUS001291,5G,False,False,False,넷플릭스,MVNO,True,4,1
CUS001292,5G,True,False,False,없음,MNO,True,4,10
CUS001293,LTE,False,False,True,없음,MNO,True,1,10
CUS001294,5G,False,False,True,없음,MNO,True,3,5
CUS001295,5G,True,False,True,디즈니플러스,MVNO,True,1,1
CUS001296,LTE,True,False,False,없음,MNO,True,4,2
CUS001297,5G,True,True,True,디즈니플러스,MVNO,True,4,2
CUS001298,5G,False,True,False,없음,MVNO,True,5,10
CUS001299,무관,False,False,False,넷플릭스,MVNO,True,3,10
CUS001300,5G,True,True,True,없음,MVNO,True,3,10
CUS001301,무관,False,False,False,없음,MVNO,True,3,10
CUS001302,5G,True,False,False,디즈니플러스,MVNO,True,3,10
CUS001303,무관,False,False,True,디즈니플러스,MVNO,False,5,5
CUS001304,무관,True,True,False,디즈니플러스,MVNO,True,2,5
CUS001305,5G,False,False,False,넷플릭스,MVNO,False,4,5
CUS001306,5G,False,False,False,넷플릭스,MNO,False,4,1
CUS001307,무관,True,False,False,없음,MVNO,False,5,10
CUS001308,LTE,False,False,False,디즈니플러스,MNO,True,3,1
CUS001309,LTE,False,False,False,없음,MNO,True,5,10
CUS001310,무관,True,False,False,넷플릭스,MVNO,True,4,10
CUS001311,5G,False,True,False,없음,MNO,True,3,1
CUS001312,무관,False,True,False,없음,MNO,True,4,10
CUS001313,LTE,True,False,False,넷플릭스,MNO,False,3,5
CUS001314,5G,False,True,True,없음,MVNO,False,3,5
CUS001315,5G,False,False,True,넷플릭스,MVNO,True,3,10
CUS001316,LTE,False,False,True,없음,MNO,False,4,1
CUS001317,5G,True,False,False,없음,MVNO,True,3,1
CUS001318,5G,True,False,True,넷플릭스,MVNO,True,3,5
CUS001319,무관,False,False,False,없음,MNO,True,2,10
CUS001320,무관,False,False,False,없음,MVNO,True,5,5
CUS001321,무관,False,False,False,넷플릭스,MVNO,False,3,2
CUS001322,무관,True,True,True,넷플릭스,MNO,False,3,5
CUS001323,무관,False,False,False,넷플릭스,MNO,True,5,10
CUS001324,5G,False,True,True,디즈니플러스,MVNO,True,4,10
CUS001325,LTE,False,False,False,없음,MNO,True,3,10
CUS001326,무관,True,False,False,없음,MNO,True,4,1
CUS001327,LTE,False,False,True,없음,MVNO,True,4,10
CUS001328,5G,False,False,False,없음,MVNO,True,4,5
CUS001329,5G,False,False,False,없음,MNO,True,5,5
CUS001330,LTE,False,False,False,없음,MNO,True,5,5
CUS001331,5G,False,False,False,없음,MVNO,False,3,1
CUS001332,LTE,False,False,False,넷플릭스,MVNO,True,5,10
CUS001333,5G,False,True,False,넷플릭스,MVNO,False,3,1
CUS001334,LTE,True,True,False,없음,MVNO,True,3,2
CUS001335,무관,True,False,False,넷플릭스,MVNO,True,2,2
CUS001336,5G,False,True,False,넷플릭스,MNO,True,3,2
CUS001337,5G,True,False,True,없음,MNO,False,3,2
CUS001338,LTE,False,False,False,넷플릭스,MNO,False,3,2
CUS001339,LTE,True,True,False,넷플릭스,MVNO,True,5,5
CUS001340,LTE,False,True,False,없음,MVNO,True,4,10
CUS001341,5G,True,True,True,넷플릭스,MVNO,False,5,10
CUS001342,5G,False,False,False,디즈니플러스,MNO,False,3,5
CUS001343,LTE,False,False,False,없음,MNO,True,2,1
CUS001344,무관,True,True,False,없음,MVNO,True,5,1
CUS001345,무관,False,True,False,넷플릭스,MNO,True,2,2
CUS001346,LTE,False,False,False,없음,MNO,True,2,2
CUS001347,무관,True,False,False,없음,MVNO,True,1,2
CUS001348,LTE,False,False,False,넷플릭스,MVNO,True,5,2
CUS001349,5G,False,False,False,없음,MVNO,True,2,1
CUS001350,무관,False,False,False,넷플릭스,MNO,True,3,1
CUS001351,LTE,False,True,True,없음,MNO,True,2,5
CUS001352,무관,True,False,True,넷플릭스,MNO,True,5,2
CUS001353,무관,False,False,False,없음,MVNO,False,3,1
CUS001354,5G,False,False,False,넷플릭스,MNO,False,4,1
CUS001355,LTE,False,False,True,넷플릭스,MVNO,True,3,1
CUS001356,무관,True,False,False,없음,MVNO,True,2,1
CUS001357,5G,True,False,False,없음,MVNO,True,3,10
CUS001358,5G,True,False,False,디즈니플러스,MNO,True,3,2
CUS001359,LTE,False,False,False,넷플릭스,MNO,True,3,2
CUS001360,LTE,False,False,False,넷플릭스,MVNO,True,5,5
CUS001361,5G,False,False,False,디즈니플러스,MNO,True,3,10
CUS001362,5G,False,True,True,없음,MNO,True,4,2
CUS001363,5G,True,False,True,넷플릭스,MNO,False,4,10
CUS001364,5G,True,True,False,없음,MNO,True,3,2
CUS001365,5G,True,False,False,넷플릭스,MVNO,True,4,10
CUS001366,무관,False,True,False,넷플릭스,MNO,True,4,1
CUS001367,LTE,True,False,False,없음,MNO,True,3,5
CUS001368,무관,False,True,True,없음,MNO,False,4,5
CUS001369,5G,False,False,False,디즈니플러스,MNO,True,3,5
CUS001370,5G,True,True,False,디즈니플러스,MNO,True,4,10
CUS001371,5G,False,False,False,디즈니플러스,MNO,False,3,10
CUS001372,5G,True,False,False,넷플릭스,MVNO,False,3,5
CUS001373,LTE,False,False,True,넷플릭스,MVNO,True,3,2
CUS001374,LTE,False,False,True,없음,MNO,True,5,10
CUS001375,무관,False,False,True,없음,MNO,True,4,5
CUS001376,무관,False,False,False,디즈니플러스,MNO,True,3,10
CUS001377,5G,False,True,False,넷플릭스,MVNO,False,1,2
CUS001378,무관,True,False,False,넷플릭스,MVNO,True,4,10
CUS001379,LTE,False,False,True,없음,MNO,True,1,1
CUS001380,무관,False,False,False,넷플릭스,MVNO,False,3,5
CUS001381,5G,False,False,False,넷플릭스,MNO,True,2,2
CUS001382,무관,False,True,False,없음,MVNO,True,4,10
CUS001383,LTE,False,True,False,넷플릭스,MNO,True,2,1
CUS001384,5G,False,True,False,없음,MNO,True,5,5
CUS001385,무관,False,False,False,없음,MNO,False,3,10
CUS001386,5G,True,False,False,넷플릭스,MNO,True,2,2
CUS001387,무관,False,False,False,넷플릭스,MNO,False,4,10
CUS001388,LTE,False,True,False,없음,MVNO,True,3,1
CUS001389,무관,False,False,False,없음,MNO,True,4,5
CUS001390,무관,True,False,False,넷플릭스,MNO,True,1,1
CUS001391,무관,False,True,True,없음,MVNO,True,4,5
CUS001392,무관,False,False,True,디즈니플러스,MVNO,False,2,10
CUS001393,5G,True,False,True,없음,MNO,True,2,5
CUS001394,5G,True,True,False,넷플릭스,MVNO,True,2,10
CUS001395,무관,False,False,True,없음,MNO,True,3,1
CUS001396,LTE,False,False,False,넷플릭스,MVNO,True,3,2
CUS001397,무관,False,False,True,없음,MVNO,True,3,5
CUS001398,5G,False,False,True,디즈니플러스,MVNO,True,2,1
CUS001399,LTE,True,False,True,없음,MVNO,True,1,5
CUS001400,LTE,True,True,False,디즈니플러스,MNO,True,3,10
CUS001401,LTE,False,True,False,없음,MVNO,True,4,1
CUS001402,5G,True,False,False,없음,MVNO,False,4,10
CUS001403,무관,False,True,False,없음,MVNO,False,2,2
CUS001404,LTE,True,True,False,넷플릭스,MNO,True,5,10
CUS001405,5G,True,True,False,디즈니플러스,MVNO,True,4,2
CUS001406,무관,True,True,False,넷플릭스,MVNO,True,2,5
CUS001407,LTE,True,False,False,넷플릭스,MVNO,False,3,5
CUS001408,5G,True,False,True,넷플릭스,MNO,True,5,2
CUS001409,5G,False,True,False,없음,MVNO,True,2,2
CUS001410,무관,False,False,False,넷플릭스,MNO,True,3,1
CUS001411,5G,False,False,True,없음,MVNO,False,2,1
CUS001412,LTE,False,True,False,없음,MVNO,True,3,5
CUS001413,무관,False,False,False,디즈니플러스,MVNO,True,3,10
CUS001414,5G,False,True,False,없음,MNO,True,4,2
CUS001415,무관,True,True,False,디즈니플러스,MVNO,False,4,5
CUS001416,LTE,False,False,False,없음,MNO,False,3,1
CUS001417,5G,False,True,False,없음,MNO,False,3,10
CUS001418,5G,False,False,False,없음,MVNO,True,4,2
CUS001419,5G,True,False,False,넷플릭스,MNO,True,5,5
CUS001420,5G,True,True,False,없음,MVNO,True,3,1
CUS001421,5G,False,True,True,넷플릭스,MNO,True,3,5
CUS001422,무관,False,False,False,디즈니플러스,MVNO,True,1,10
CUS001423,5G,True,False,False,없음,MVNO,True,3,5
CUS001424,무관,False,False,False,디즈니플러스,MVNO,True,4,5
CUS001425,5G,False,True,False,없음,MVNO,True,4,2
CUS001426,LTE,False,True,False,없음,MVNO,True,4,1
CUS001427,5G,False,False,True,디즈니플러스,MVNO,True,3,1
CUS001428,5G,False,False,False,넷플릭스,MVNO,True,4,5
CUS001429,LTE,False,False,False,없음,MVNO,True,2,1
CUS001430,5G,False,True,False,없음,MVNO,False,4,10
CUS001431,5G,False,False,False,넷플릭스,MVNO,True,2,1
CUS001432,5G,False,True,True,없음,MVNO,True,3,1
CUS001433,LTE,False,False,True,없음,MNO,False,3,2
CUS001434,LTE,False,True,False,넷플릭스,MVNO,False,3,5
CUS001435,무관,True,True,False,넷플릭스,MNO,False,4,2
CUS001436,5G,True,False,False,넷플릭스,MVNO,True,2,2
CUS001437,5G,False,True,False,없음,MNO,True,5,2
CUS001438,5G,True,True,True,넷플릭스,MVNO,True,1,10
CUS001439,5G,False,False,False,없음,MVNO,True,4,2
CUS001440,LTE,True,False,False,디즈니플러스,MNO,True,5,2
CUS001441,LTE,False,False,False,디즈니플러스,MVNO,True,5,5
CUS001442,5G,False,False,False,없음,MVNO,True,3,5
CUS001443,LTE,False,False,True,없음,MNO,True,2,10
CUS001444,무관,False,True,False,없음,MVNO,True,5,1
CUS001445,5G,False,True,True,디즈니플러스,MVNO,False,3,2
CUS001446,무관,True,True,False,없음,MVNO,True,1,2
CUS001447,LTE,False,True,False,넷플릭스,MVNO,True,3,5
CUS001448,LTE,False,False,False,없음,MVNO,True,4,1
CUS001449,5G,False,False,True,디즈니플러스,MNO,True,5,1
CUS001450,무관,False,False,False,넷플릭스,MVNO,True,4,10
CUS001451,5G,True,False,True,디즈니플러스,MNO,False,4,5
CUS001452,LTE,True,True,False,넷플릭스,MVNO,True,3,10
CUS001453,무관,True,True,False,없음,MNO,True,2,2
CUS001454,LTE,False,True,False,없음,MNO,False,1,2
CUS001455,5G,True,True,False,넷플릭스,MNO,True,3,1
CUS001456,5G,True,True,True,없음,MVNO,True,5,10
CUS001457,LTE,False,False,True,없음,MVNO,True,4,5
CUS001458,5G,True,True,False,없음,MNO,True,3,2
CUS001459,무관,True,False,False,넷플릭스,MVNO,True,1,10
CUS001460,5G,False,False,False,없음,MVNO,True,4,2
CUS001461,LTE,False,False,False,없음,MNO,True,5,2
CUS001462,LTE,False,False,False,넷플릭스,MVNO,True,3,2
CUS001463,무관,False,True,False,없음,MVNO,False,3,10
CUS001464,무관,False,True,False,넷플릭스,MVNO,False,5,5
CUS001465,무관,False,False,False,없음,MVNO,True,4,10
CUS001466,5G,False,False,True,없음,MVNO,True,2,5
CUS001467,5G,True,True,False,디즈니플러스,MVNO,True,4,10
CUS001468,LTE,False,False,False,없음,MNO,True,4,5
CUS001469,무관,True,False,False,없음,MVNO,True,4,10
CUS001470,5G,True,True,False,넷플릭스,MVNO,True,1,10
CUS001471,무관,True,True,False,디즈니플러스,MVNO,False,3,5
CUS001472,무관,True,False,False,넷플릭스,MNO,True,4,5
CUS001473,무관,True,True,False,넷플릭스,MVNO,True,3,2
CUS001474,LTE,False,False,False,넷플릭스,MNO,True,4,2
CUS001475,LTE,False,True,False,넷플릭스,MVNO,False,4,1
CUS001476,5G,True,True,True,없음,MVNO,False,3,1
CUS001477,LTE,False,False,False,디즈니플러스,MVNO,True,1,10
CUS001478,LTE,False,False,False,넷플릭스,MNO,True,4,5
CUS001479,5G,False,False,False,넷플릭스,MVNO,False,3,1
CUS001480,5G,False,False,False,넷플릭스,MVNO,False,3,1
CUS001481,무관,True,True,True,없음,MVNO,True,5,2
CUS001482,5G,False,False,False,없음,MNO,False,4,5
CUS001483,무관,True,True,False,넷플릭스,MVNO,False,4,10
CUS001484,LTE,False,True,False,넷플릭스,MVNO,True,4,10
CUS001485,5G,False,False,False,없음,MVNO,False,2,2
CUS001486,무관,True,False,False,없음,MVNO,False,4,10
CUS001487,무관,True,True,False,넷플릭스,MVNO,True,4,2
CUS001488,5G,False,True,False,없음,MVNO,True,5,1
CUS001489,LTE,False,False,True,없음,MVNO,True,4,1
CUS001490,5G,True,True,False,넷플릭스,MVNO,True,3,5
CUS001491,LTE,False,False,False,넷플릭스,MNO,True,5,10
CUS001492,5G,True,True,False,디즈니플러스,MVNO,False,1,5
CUS001493,LTE,False,False,False,디즈니플러스,MVNO,True,4,5
CUS001494,5G,False,True,False,없음,MVNO,True,4,10
CUS001495,5G,False,True,False,없음,MNO,True,4,2
CUS001496,LTE,True,False,True,넷플릭스,MVNO,True,5,5
CUS001497,LTE,False,False,False,없음,MVNO,True,4,10
CUS001498,무관,False,False,False,디즈니플러스,MNO,True,4,1
CUS001499,무관,False,True,True,넷플릭스,MVNO,False,4,1
CUS001500,5G,False,True,True,디즈니플러스,MNO,True,3,2
CUS001501,5G,True,True,False,넷플릭스,MVNO,True,5,5
CUS001502,5G,True,True,True,넷플릭스,MNO,False,2,5
CUS001503,LTE,False,False,True,없음,MVNO,True,4,5
CUS001504,LTE,False,True,False,디즈니플러스,MNO,True,4,2
CUS001505,LTE,True,True,False,없음,MVNO,False,4,2
CUS001506,5G,False,True,False,넷플릭스,MVNO,True,5,5
CUS001507,LTE,False,True,False,없음,MNO,True,1,2
CUS001508,LTE,False,False,False,넷플릭스,MVNO,True,4,1
CUS001509,5G,False,False,False,넷플릭스,MVNO,True,1,2
CUS001510,5G,False,False,False,없음,MVNO,True,5,5
CUS001511,LTE,True,False,False,넷플릭스,MVNO,True,4,2
CUS001512,무관,True,False,True,없음,MVNO,True,1,10
CUS001513,무관,True,False,False,디즈니플러스,MNO,True,5,5
CUS001514,무관,True,True,True,없음,MNO,False,3,1
CUS001515,무관,True,True,False,없음,MVNO,False,3,5
CUS001516,5G,False,True,True,디즈니플러스,MVNO,False,4,1
CUS001517,무관,True,True,True,디즈니플러스,MNO,True,3,2
CUS001518,무관,True,True,False,없음,MVNO,False,5,10
CUS001519,5G,True,True,False,디즈니플러스,MVNO,False,4,5
CUS001520,무관,False,True,False,없음,MVNO,True,5,5
CUS001521,5G,True,False,True,디즈니플러스,MVNO,True,2,2
CUS001522,5G,False,False,False,디즈니플러스,MNO,False,4,10
CUS001523,5G,False,True,False,디즈니플러스,MNO,True,5,1
CUS001524,무관,False,True,False,디즈니플러스,MVNO,True,3,1
CUS001525,5G,True,True,False,없음,MVNO,True,2,2
CUS001526,5G,True,False,False,넷플릭스,MNO,True,2,1
CUS001527,무관,True,False,False,없음,MVNO,True,3,10
CUS001528,LTE,True,True,False,없음,MNO,True,2,1
CUS001529,5G,True,False,True,넷플릭스,MVNO,True,2,10
CUS001530,무관,False,True,False,없음,MNO,True,2,2
CUS001531,무관,False,True,True,넷플릭스,MVNO,True,5,5
CUS001532,5G,True,True,False,넷플릭스,MVNO,True,2,2
CUS001533,LTE,True,True,False,없음,MNO,True,5,10
CUS001534,무관,False,True,False,넷플릭스,MVNO,False,3,10
CUS001535,무관,False,False,False,없음,MNO,True,3,2
CUS001536,5G,False,True,False,넷플릭스,MVNO,True,3,5
CUS001537,5G,False,False,False,디즈니플러스,MNO,True,4,1
CUS001538,무관,False,True,False,넷플릭스,MNO,False,3,5
CUS001539,5G,False,False,False,없음,MVNO,True,3,1
CUS001540,5G,True,True,False,없음,MVNO,False,1,5
CUS001541,LTE,False,False,True,디즈니플러스,MVNO,True,3,2
CUS001542,무관,True,False,False,디즈니플러스,MVNO,True,3,5
CUS001543,5G,True,False,False,디즈니플러스,MVNO,True,5,1
CUS001544,5G,False,True,False,디즈니플러스,MNO,True,3,2
CUS001545,LTE,True,False,True,없음,MVNO,True,4,1
CUS001546,5G,True,True,False,없음,MNO,False,2,10
CUS001547,5G,False,False,True,디즈니플러스,MVNO,True,4,10
CUS001548,5G,True,False,True,없음,MVNO,False,1,5
CUS001549,LTE,True,True,False,없음,MVNO,True,4,10
CUS001550,LTE,False,False,False,디즈니플러스,MVNO,True,4,5
CUS001551,무관,True,True,True,넷플릭스,MVNO,True,1,5
CUS001552,무관,True,False,False,넷플릭스,MVNO,False,5,5
CUS001553,LTE,True,True,False,디즈니플러스,MNO,False,4,1
CUS001554,무관,True,True,True,없음,MVNO,True,4,1
CUS001555,5G,True,False,False,디즈니플러스,MVNO,True,3,1
CUS001556,LTE,False,True,True,없음,MVNO,False,4,10
CUS001557,무관,False,True,False,없음,MVNO,True,1,1
CUS001558,무관,False,True,False,없음,MVNO,False,4,10
CUS001559,무관,False,True,True,없음,MNO,True,4,10
CUS001560,5G,False,True,False,없음,MNO,False,3,1
CUS001561,5G,True,False,False,넷플릭스,MNO,True,1,1
CUS001562,LTE,False,True,False,없음,MNO,False,3,10
CUS001563,LTE,False,True,False,넷플릭스,MVNO,False,3,1
CUS001564,LTE,False,False,False,넷플릭스,MVNO,True,3,10
CUS001565,5G,False,False,False,디즈니플러스,MNO,False,2,10
CUS001566,LTE,False,False,False,디즈니플러스,MVNO,False,4,1
CUS001567,5G,False,True,False,넷플릭스,MVNO,True,4,5
CUS001568,무관,True,False,False,디즈니플러스,MNO,True,4,10
CUS001569,무관,True,True,True,없음,MVNO,True,2,1
CUS001570,5G,False,False,True,넷플릭스,MNO,False,3,5
CUS001571,5G,False,True,False,디즈니플러스,MVNO,False,2,10
CUS001572,5G,True,False,False,디즈니플러스,MNO,False,4,1
CUS001573,5G,False,False,False,디즈니플러스,MVNO,True,4,1
CUS001574,무관,False,True,False,없음,MNO,True,1,10
CUS001575,무관,False,False,False,넷플릭스,MVNO,False,5,5
CUS001576,5G,True,False,False,넷플릭스,MVNO,True,5,2
CUS001577,LTE,False,False,False,디즈니플러스,MNO,False,4,2
CUS001578,5G,False,True,False,디즈니플러스,MVNO,True,5,5
CUS001579,무관,False,True,True,없음,MVNO,False,2,2
CUS001580,5G,True,True,True,없음,MVNO,True,4,10
CUS001581,무관,False,True,False,디즈니플러스,MVNO,True,4,5
CUS001582,무관,False,True,False,디즈니플러스,MVNO,True,4,1
CUS001583,무관,False,False,False,없음,MNO,True,4,5
CUS001584,무관,False,False,False,없음,MVNO,True,2,10
CUS001585,5G,True,True,False,넷플릭스,MVNO,False,2,10
CUS001586,무관,True,False,False,없음,MNO,True,5,10
CUS001587,5G,False,True,False,디즈니플러스,MVNO,True,3,5
CUS001588,LTE,True,False,True,없음,MVNO,False,4,2
CUS001589,무관,True,True,True,디즈니플러스,MVNO,True,4,2
CUS001590,5G,False,False,False,넷플릭스,MNO,True,4,5
CUS001591,LTE,False,True,False,없음,MNO,True,3,10
CUS001592,5G,False,True,False,없음,MNO,True,4,2
CUS001593,LTE,False,True,True,없음,MNO,True,3,2
CUS001594,5G,True,True,False,없음,MVNO,True,2,10
CUS001595,5G,True,True,False,없음,MVNO,True,4,10
CUS001596,무관,True,True,False,없음,MVNO,True,5,5
CUS001597,무관,False,False,False,없음,MNO,True,4,2
CUS001598,무관,False,False,False,없음,MNO,True,4,1
CUS001599,무관,True,True,False,없음,MVNO,True,5,2
CUS001600,5G,False,True,False,넷플릭스,MVNO,True,4,5
CUS001601,무관,True,True,True,넷플릭스,MVNO,False,4,1
CUS001602,5G,True,True,False,없음,MNO,True,5,1
CUS001603,무관,True,True,True,넷플릭스,MVNO,True,4,10
CUS001604,LTE,False,False,False,디즈니플러스,MVNO,True,5,2
CUS001605,5G,False,False,True,넷플릭스,MVNO,False,1,5
CUS001606,무관,True,True,False,없음,MNO,False,4,5
CUS001607,LTE,True,False,False,없음,MVNO,False,4,1
CUS001608,5G,False,False,False,넷플릭스,MVNO,True,3,10
CUS001609,5G,True,False,False,넷플릭스,MVNO,True,4,1
CUS001610,5G,True,True,False,디즈니플러스,MVNO,True,5,1
CUS001611,LTE,False,False,True,없음,MVNO,False,3,10
CUS001612,무관,False,False,True,없음,MNO,True,4,2
CUS001613,무관,False,False,False,디즈니플러스,MNO,True,4,2
CUS001614,무관,False,True,False,넷플릭스,MVNO,True,4,10
CUS001615,무관,True,True,True,없음,MNO,True,4,2
CUS001616,무관,False,True,False,넷플릭스,MVNO,True,1,2
CUS001617,LTE,False,True,False,넷플릭스,MNO,False,3,5
CUS001618,LTE,False,False,True,디즈니플러스,MVNO,False,4,2
CUS001619,5G,True,False,True,넷플릭스,MVNO,False,5,1
CUS001620,LTE,True,True,True,없음,MNO,False,5,2
CUS001621,무관,False,True,False,없음,MVNO,True,4,2
CUS001622,5G,True,False,False,디즈니플러스,MNO,True,4,10
CUS001623,LTE,True,True,True,없음,MVNO,True,3,5
CUS001624,무관,True,False,False,없음,MVNO,True,4,2
CUS001625,5G,False,True,False,없음,MNO,False,4,2
CUS001626,5G,True,True,False,디즈니플러스,MVNO,True,4,1
CUS001627,무관,False,True,False,없음,MVNO,False,4,10
CUS001628,5G,True,True,False,넷플릭스,MVNO,True,3,5
CUS001629,무관,False,False,True,없음,MNO,True,4,2
CUS001630,무관,False,True,False,없음,MVNO,False,4,2
CUS001631,5G,True,False,False,넷플릭스,MVNO,True,5,5
CUS001632,5G,True,False,False,넷플릭스,MVNO,True,4,1
CUS001633,5G,False,False,False,디즈니플러스,MVNO,False,4,10
CUS001634,5G,True,True,True,넷플릭스,MVNO,True,3,2
CUS001635,5G,True,True,False,없음,MNO,True,4,10
CUS001636,LTE,False,True,True,없음,MVNO,False,4,5
CUS001637,무관,False,False,False,디즈니플러스,MNO,True,5,5
CUS001638,5G,True,True,False,없음,MVNO,True,2,1
CUS001639,5G,False,True,False,없음,MVNO,True,4,1
CUS001640,무관,False,False,False,디즈니플러스,MNO,True,4,5
CUS001641,LTE,False,True,True,넷플릭스,MNO,False,4,2
CUS001642,LTE,True,False,True,넷플릭스,MVNO,True,3,5
CUS001643,LTE,False,False,False,없음,MNO,True,4,10
CUS001644,5G,False,False,False,없음,MNO,True,3,1
CUS001645,5G,False,False,False,넷플릭스,MVNO,True,4,5
CUS001646,5G,False,True,False,없음,MNO,True,1,1
CUS001647,5G,False,True,True,없음,MVNO,True,3,2
CUS001648,무관,True,True,False,없음,MNO,False,3,2
CUS001649,무관,True,False,False,없음,MVNO,True,4,2
CUS001650,무관,True,False,True,디즈니플러스,MVNO,True,2,5
CUS001651,무관,True,False,True,디즈니플러스,MNO,True,3,2
CUS001652,무관,True,True,True,넷플릭스,MNO,True,2,5
CUS001653,LTE,True,True,True,없음,MVNO,True,4,1
CUS001654,무관,False,False,False,넷플릭스,MVNO,True,4,2
CUS001655,LTE,False,False,False,디즈니플러스,MVNO,True,1,5
CUS001656,무관,True,False,False,넷플릭스,MNO,True,2,10
CUS001657,LTE,False,False,False,넷플릭스,MVNO,True,3,5
CUS001658,LTE,True,True,False,넷플릭스,MNO,False,2,2
CUS001659,LTE,False,False,False,넷플릭스,MVNO,False,2,10
CUS001660,LTE,True,True,False,없음,MNO,True,3,2
CUS001661,무관,False,True,True,없음,MVNO,True,3,1
CUS001662,무관,True,False,False,없음,MVNO,False,5,5
CUS001663,LTE,True,True,False,넷플릭스,MVNO,True,4,1
CUS001664,무관,False,True,False,디즈니플러스,MVNO,True,4,1
CUS001665,무관,True,False,False,넷플릭스,MVNO,True,4,10
CUS001666,5G,False,True,False,넷플릭스,MVNO,True,4,1
CUS001667,무관,False,False,True,넷플릭스,MNO,True,5,1
CUS001668,무관,True,True,False,없음,MNO,False,3,1
CUS001669,무관,False,True,False,넷플릭스,MVNO,False,2,10
CUS001670,무관,False,True,False,디즈니플러스,MVNO,True,5,2
CUS001671,무관,False,True,False,없음,MNO,True,3,1
CUS001672,무관,True,True,False,넷플릭스,MVNO,True,3,1
CUS001673,무관,False,False,False,넷플릭스,MNO,True,5,10
CUS001674,무관,True,True,False,디즈니플러스,MNO,True,4,5
CUS001675,무관,True,True,False,넷플릭스,MNO,True,3,10
CUS001676,무관,False,True,False,디즈니플러스,MNO,True,3,10
CUS001677,무관,True,True,False,없음,MNO,False,2,1
CUS001678,5G,False,True,False,디즈니플러스,MNO,True,4,5
CUS001679,무관,False,True,False,넷플릭스,MVNO,True,4,2
CUS001680,5G,False,False,True,디즈니플러스,MVNO,True,4,1
CUS001681,5G,False,True,True,디즈니플러스,MVNO,True,4,2
CUS001682,5G,True,True,False,없음,MNO,True,4,5
CUS001683,LTE,True,True,False,넷플릭스,MNO,False,4,10
CUS001684,무관,False,True,False,디즈니플러스,MVNO,True,3,1
CUS001685,5G,False,False,False,넷플릭스,MNO,True,4,5
CUS001686,LTE,False,False,False,넷플릭스,MVNO,False,3,1
CUS001687,5G,False,True,True,디즈니플러스,MVNO,True,5,10
CUS001688,무관,True,True,True,없음,MVNO,True,3,2
CUS001689,5G,True,True,False,없음,MVNO,True,5,2
CUS001690,LTE,False,True,False,디즈니플러스,MVNO,True,4,1
CUS001691,5G,False,True,False,없음,MNO,True,1,1
CUS001692,LTE,True,True,False,디즈니플러스,MNO,False,3,5
CUS001693,5G,True,True,False,없음,MVNO,True,3,5
CUS001694,무관,False,False,True,없음,MVNO,True,2,2
CUS001695,5G,False,True,False,넷플릭스,MNO,False,3,10
CUS001696,무관,False,False,False,디즈니플러스,MNO,True,3,5
CUS001697,LTE,True,False,False,없음,MVNO,True,2,1
CUS001698,무관,False,True,False,없음,MNO,True,5,10
CUS001699,LTE,True,True,True,없음,MVNO,True,3,1
CUS001700,5G,False,False,False,넷플릭스,MNO,True,3,2
CUS001701,LTE,False,False,False,디즈니플러스,MNO,True,3,1
CUS001702,5G,True,True,True,디즈니플러스,MNO,True,4,1
CUS001703,무관,False,False,False,없음,MNO,True,3,5
CUS001704,5G,False,True,False,디즈니플러스,MVNO,True,4,5
CUS001705,무관,False,False,True,없음,MVNO,False,5,2
CUS001706,5G,False,True,True,디즈니플러스,MVNO,False,4,10
CUS001707,LTE,True,False,False,없음,MNO,True,4,10
CUS001708,5G,False,True,False,없음,MVNO,True,4,1
CUS001709,5G,False,True,False,없음,MVNO,True,5,1
CUS001710,5G,True,False,False,디즈니플러스,MVNO,True,1,2
CUS001711,LTE,False,True,False,넷플릭스,MVNO,False,4,2
CUS001712,LTE,False,True,False,디즈니플러스,MVNO,False,4,10
CUS001713,5G,False,False,False,디즈니플러스,MVNO,False,5,10
CUS001714,무관,False,True,False,없음,MVNO,True,4,1
CUS001715,5G,False,True,False,디즈니플러스,MVNO,True,2,1
CUS001716,무관,False,False,True,없음,MNO,False,3,5
CUS001717,5G,False,False,False,없음,MNO,True,4,1
CUS001718,5G,True,False,False,디즈니플러스,MNO,False,3,5
CUS001719,5G,True,True,False,디즈니플러스,MNO,False,3,1
CUS001720,무관,False,True,True,디즈니플러스,MVNO,True,5,10
CUS001721,5G,False,True,False,없음,MVNO,True,3,5
CUS001722,무관,True,False,False,없음,MNO,True,3,1
CUS001723,5G,False,True,False,넷플릭스,MVNO,True,4,1
CUS001724,LTE,True,True,True,넷플릭스,MVNO,False,3,1
CUS001725,5G,False,True,True,디즈니플러스,MVNO,True,4,5
CUS001726,5G,True,False,False,넷플릭스,MNO,True,1,1
CUS001727,5G,False,False,False,없음,MVNO,False,3,1
CUS001728,무관,False,True,False,없음,MVNO,True,3,2
CUS001729,무관,True,True,False,넷플릭스,MVNO,True,4,10
CUS001730,무관,False,False,True,없음,MNO,True,2,2
CUS001731,5G,False,True,True,디즈니플러스,MNO,True,4,10
CUS001732,LTE,False,False,False,넷플릭스,MNO,False,4,5
CUS001733,LTE,False,False,False,디즈니플러스,MNO,False,4,10
CUS001734,LTE,True,False,False,없음,MVNO,True,4,2
CUS001735,5G,False,False,False,넷플릭스,MNO,False,3,2
CUS001736,LTE,True,False,False,디즈니플러스,MVNO,True,5,5
CUS001737,LTE,False,False,True,디즈니플러스,MVNO,True,3,2
CUS001738,무관,False,True,True,디즈니플러스,MVNO,True,2,1
CUS001739,무관,False,False,False,없음,MVNO,True,3,10
CUS001740,무관,False,True,False,디즈니플러스,MVNO,True,2,5
CUS001741,LTE,False,False,False,디즈니플러스,MNO,False,2,2
CUS001742,무관,True,False,True,넷플릭스,MVNO,True,5,2
CUS001743,5G,False,True,False,디즈니플러스,MNO,True,4,5
CUS001744,무관,True,False,False,넷플릭스,MVNO,True,4,10
CUS001745,무관,False,False,False,넷플릭스,MNO,True,5,1
CUS001746,무관,True,False,True,넷플릭스,MVNO,False,4,2
CUS001747,LTE,False,True,False,없음,MNO,True,2,1
CUS001748,LTE,False,True,False,디즈니플러스,MVNO,True,4,1
CUS001749,LTE,True,True,False,없음,MNO,False,2,10
CUS001750,5G,True,True,False,없음,MNO,True,5,1
CUS001751,5G,True,False,False,넷플릭스,MNO,True,3,2
CUS001752,무관,True,False,False,디즈니플러스,MVNO,False,4,2
CUS001753,LTE,False,False,False,넷플릭스,MNO,True,4,2
CUS001754,LTE,True,False,False,넷플릭스,MVNO,True,3,5
CUS001755,무관,False,True,True,디즈니플러스,MVNO,True,3,5
CUS001756,무관,False,False,True,없음,MNO,False,5,10
CUS001757,LTE,False,True,True,넷플릭스,MVNO,False,4,2
CUS001758,LTE,False,False,False,넷플릭스,MVNO,False,3,5
CUS001759,무관,False,False,True,없음,MNO,True,5,10
CUS001760,무관,False,True,True,디즈니플러스,MVNO,True,5,10
CUS001761,무관,False,False,True,없음,MVNO,True,5,2
CUS001762,LTE,False,True,False,없음,MVNO,False,1,1
CUS001763,LTE,True,True,False,없음,MVNO,False,3,2
CUS001764,무관,False,True,False,넷플릭스,MNO,False,4,1
CUS001765,무관,True,False,False,넷플릭스,MNO,False,3,2
CUS001766,LTE,True,True,True,없음,MVNO,False,4,5
CUS001767,무관,True,True,True,없음,MNO,True,3,5
CUS001768,LTE,True,True,True,넷플릭스,MVNO,True,4,2
CUS001769,LTE,True,True,True,없음,MVNO,False,5,1
CUS001770,LTE,True,True,False,없음,MVNO,True,2,10
CUS001771,무관,False,True,True,없음,MVNO,False,5,2
CUS001772,무관,False,True,False,디즈니플러스,MNO,True,5,10
CUS001773,LTE,False,True,False,없음,MVNO,False,3,10
CUS001774,5G,False,True,False,디즈니플러스,MNO,True,4,1
CUS001775,LTE,False,False,False,디즈니플러스,MNO,False,4,10
CUS001776,5G,False,True,False,없음,MVNO,True,4,5
CUS001777,무관,False,False,False,없음,MNO,False,4,1
CUS001778,LTE,False,True,False,없음,MVNO,True,2,10
CUS001779,5G,True,False,True,없음,MNO,True,4,10
CUS001780,5G,True,True,False,넷플릭스,MNO,True,5,10
CUS001781,LTE,True,False,False,없음,MVNO,True,2,10
CUS001782,5G,False,False,False,없음,MNO,True,3,10
CUS001783,5G,True,True,False,넷플릭스,MNO,True,1,5
CUS001784,5G,False,False,False,넷플릭스,MVNO,True,3,10
CUS001785,LTE,False,False,False,없음,MNO,False,4,5
CUS001786,LTE,False,False,False,없음,MNO,True,4,1
CUS001787,5G,True,False,False,디즈니플러스,MVNO,True,5,5
CUS001788,무관,True,False,False,디즈니플러스,MNO,True,4,2
CUS001789,무관,True,True,False,없음,MNO,True,4,1
CUS001790,5G,False,False,True,넷플릭스,MNO,True,4,5
CUS001791,LTE,True,False,False,없음,MNO,True,4,2
CUS001792,무관,True,False,True,디즈니플러스,MVNO,True,2,5
CUS001793,5G,True,False,True,넷플릭스,MVNO,False,5,10
CUS001794,5G,True,True,False,없음,MVNO,True,2,5
CUS001795,LTE,True,True,False,없음,MVNO,True,3,10
CUS001796,5G,True,True,False,넷플릭스,MVNO,True,5,1
CUS001797,무관,False,False,True,넷플릭스,MNO,True,5,5
CUS001798,LTE,False,True,False,없음,MNO,False,3,2
CUS001799,무관,True,True,False,넷플릭스,MVNO,True,3,5
CUS001800,5G,True,True,False,넷플릭스,MVNO,True,3,1
CUS001801,LTE,True,True,False,없음,MVNO,True,3,5
CUS001802,무관,False,True,False,없음,MVNO,True,3,1
CUS001803,5G,True,True,False,없음,MVNO,True,4,10
CUS001804,무관,False,False,True,넷플릭스,MVNO,True,4,10
CUS001805,LTE,True,False,True,디즈니플러스,MVNO,False,1,10
CUS001806,LTE,False,False,True,디즈니플러스,MVNO,False,4,2
CUS001807,무관,False,True,False,넷플릭스,MNO,True,5,10
CUS001808,무관,False,False,False,없음,MNO,True,2,1
CUS001809,무관,True,False,False,디즈니플러스,MNO,True,4,10
CUS001810,5G,True,True,False,넷플릭스,MVNO,True,3,5
CUS001811,LTE,True,True,False,넷플릭스,MNO,True,4,10
CUS001812,5G,True,False,True,넷플릭스,MVNO,False,5,10
CUS001813,5G,False,True,False,없음,MVNO,True,5,10
CUS001814,LTE,True,False,False,넷플릭스,MNO,True,3,2
CUS001815,5G,True,False,False,넷플릭스,MVNO,True,5,1
CUS001816,LTE,True,True,True,없음,MVNO,True,4,2
CUS001817,5G,False,True,False,없음,MNO,True,4,5
CUS001818,무관,False,True,False,없음,MNO,True,3,1
CUS001819,LTE,True,True,False,넷플릭스,MNO,False,2,1
CUS001820,LTE,True,False,False,넷플릭스,MNO,True,1,5
CUS001821,무관,True,True,False,넷플릭스,MNO,True,3,1
CUS001822,무관,False,False,False,없음,MVNO,True,4,1
CUS001823,LTE,False,False,False,없음,MVNO,False,4,10
CUS001824,무관,False,True,False,없음,MNO,True,3,2
CUS001825,LTE,False,False,False,없음,MVNO,True,5,1
CUS001826,무관,False,True,False,없음,MVNO,True,2,2
CUS001827,무관,True,False,False,넷플릭스,MVNO,True,3,10
CUS001828,무관,True,False,False,없음,MVNO,False,5,2
CUS001829,무관,False,True,False,없음,MVNO,True,2,5
CUS001830,LTE,True,True,True,없음,MVNO,True,4,2
CUS001831,무관,False,False,False,없음,MNO,True,3,5
CUS001832,5G,True,True,False,넷플릭스,MVNO,True,5,10
CUS001833,5G,True,False,True,넷플릭스,MNO,True,4,5
CUS001834,LTE,True,True,False,넷플릭스,MVNO,True,1,5
CUS001835,5G,False,False,False,없음,MVNO,True,3,1
CUS001836,LTE,True,False,False,없음,MNO,False,3,2
CUS001837,5G,True,False,False,없음,MVNO,True,3,2
CUS001838,LTE,True,True,True,없음,MVNO,True,3,10
CUS001839,5G,False,True,True,없음,MVNO,True,5,1
CUS001840,LTE,False,True,False,없음,MVNO,False,5,10
CUS001841,LTE,False,False,False,없음,MNO,True,2,10
CUS001842,5G,False,False,False,없음,MVNO,False,3,2
CUS001843,5G,True,True,False,없음,MVNO,False,3,5
CUS001844,LTE,False,False,True,없음,MVNO,False,5,5
CUS001845,5G,False,True,False,없음,MVNO,True,4,1
CUS001846,무관,False,True,False,넷플릭스,MVNO,False,3,1
CUS001847,5G,True,True,True,디즈니플러스,MNO,True,4,5
CUS001848,LTE,True,False,False,넷플릭스,MNO,True,4,1
CUS001849,LTE,True,True,False,디즈니플러스,MNO,True,2,10
CUS001850,LTE,True,False,False,디즈니플러스,MVNO,True,4,5
CUS001851,LTE,True,True,False,넷플릭스,MVNO,True,2,1
CUS001852,LTE,True,True,True,없음,MVNO,False,3,10
CUS001853,LTE,False,False,False,없음,MVNO,True,1,1
CUS001854,LTE,False,True,False,넷플릭스,MNO,False,5,1
CUS001855,무관,False,False,False,디즈니플러스,MVNO,True,5,2
CUS001856,무관,True,False,True,넷플릭스,MVNO,True,2,1
CUS001857,LTE,True,False,False,디즈니플러스,MVNO,False,3,1
CUS001858,LTE,True,False,False,디즈니플러스,MVNO,False,2,1
CUS001859,LTE,False,True,False,디즈니플러스,MNO,False,2,5
CUS001860,무관,True,False,False,없음,MVNO,True,4,10
CUS001861,LTE,False,False,True,없음,MNO,False,4,10
CUS001862,LTE,True,True,False,넷플릭스,MNO,True,3,10
CUS001863,LTE,False,False,True,넷플릭스,MNO,True,4,1
CUS001864,무관,False,True,True,없음,MVNO,True,3,5
CUS001865,무관,True,False,False,없음,MNO,True,3,10
CUS001866,5G,True,False,False,없음,MNO,False,5,10
CUS001867,무관,True,False,False,없음,MVNO,True,2,2
CUS001868,LTE,False,False,False,넷플릭스,MVNO,False,3,5
CUS001869,5G,True,True,False,디즈니플러스,MVNO,False,4,10
CUS001870,LTE,False,True,False,없음,MNO,False,4,1
CUS001871,LTE,False,True,False,디즈니플러스,MNO,True,4,5
CUS001872,5G,False,True,True,넷플릭스,MVNO,True,4,10
CUS001873,LTE,True,True,False,없음,MVNO,True,3,2
CUS001874,5G,False,False,False,없음,MVNO,True,3,2
CUS001875,5G,False,False,False,디즈니플러스,MVNO,True,3,1
CUS001876,5G,True,True,False,디즈니플러스,MNO,True,4,5
CUS001877,무관,False,False,False,넷플릭스,MNO,False,3,5
CUS001878,무관,False,False,False,없음,MNO,False,1,1
CUS001879,무관,True,False,False,넷플릭스,MVNO,True,2,2
CUS001880,5G,True,True,True,디즈니플러스,MNO,True,1,5
CUS001881,5G,False,False,True,넷플릭스,MVNO,False,2,10
CUS001882,5G,True,False,False,디즈니플러스,MVNO,True,2,2
CUS001883,5G,False,True,True,넷플릭스,MNO,True,3,2
CUS001884,무관,False,True,False,넷플릭스,MVNO,False,4,10
CUS001885,5G,False,True,False,없음,MVNO,True,4,10
CUS001886,LTE,True,True,False,디즈니플러스,MVNO,True,3,10
CUS001887,5G,False,False,False,디즈니플러스,MVNO,True,2,1
CUS001888,5G,True,True,False,없음,MVNO,True,3,1
CUS001889,무관,False,True,False,디즈니플러스,MNO,True,1,2
CUS001890,무관,False,False,True,넷플릭스,MNO,True,4,1
CUS001891,5G,True,True,True,넷플릭스,MVNO,True,3,5
CUS001892,5G,False,False,False,없음,MNO,True,4,1
CUS001893,LTE,False,True,False,없음,MVNO,True,3,1
CUS001894,무관,False,True,False,넷플릭스,MVNO,True,4,10
CUS001895,5G,False,False,True,없음,MVNO,False,4,10
CUS001896,무관,True,False,False,없음,MVNO,True,3,2
CUS001897,무관,False,False,False,없음,MNO,False,4,1
CUS001898,LTE,True,True,False,넷플릭스,MNO,False,4,1
CUS001899,5G,False,False,True,디즈니플러스,MNO,False,2,5
CUS001900,무관,False,True,True,없음,MVNO,True,5,10
CUS001901,5G,True,False,False,넷플릭스,MVNO,False,2,5
CUS001902,5G,True,True,False,없음,MNO,True,3,2
CUS001903,LTE,False,False,True,넷플릭스,MVNO,True,4,5
CUS001904,LTE,True,False,False,없음,MNO,True,3,10
CUS001905,5G,False,False,False,넷플릭스,MVNO,True,5,2
CUS001906,LTE,True,False,False,없음,MNO,True,2,1
CUS001907,무관,False,True,False,없음,MVNO,True,3,1
CUS001908,무관,False,False,False,없음,MVNO,True,4,1
CUS001909,LTE,False,True,False,디즈니플러스,MNO,True,3,5
CUS001910,5G,False,True,False,넷플릭스,MVNO,True,1,5
CUS001911,무관,False,True,False,없음,MNO,False,4,2
CUS001912,무관,True,False,False,디즈니플러스,MNO,False,1,1
CUS001913,무관,True,True,True,없음,MNO,True,2,1
CUS001914,무관,False,False,False,디즈니플러스,MNO,True,4,2
CUS001915,5G,False,False,False,넷플릭스,MNO,True,2,10
CUS001916,LTE,False,True,False,없음,MNO,True,5,2
CUS001917,무관,False,False,False,넷플릭스,MNO,False,3,1
CUS001918,5G,False,True,False,디즈니플러스,MNO,True,4,10
CUS001919,5G,True,True,True,없음,MVNO,True,3,5
CUS001920,5G,True,True,True,디즈니플러스,MVNO,False,3,10
CUS001921,무관,False,False,True,없음,MVNO,True,3,5
CUS001922,LTE,True,False,False,없음,MVNO,True,3,2
CUS001923,LTE,True,True,True,없음,MVNO,True,5,2
CUS001924,5G,True,True,True,없음,MNO,True,4,1
CUS001925,무관,True,False,False,없음,MNO,True,4,1
CUS001926,LTE,False,True,False,디즈니플러스,MVNO,True,5,10
CUS001927,LTE,False,False,False,디즈니플러스,MVNO,True,4,1
CUS001928,LTE,True,False,True,디즈니플러스,MVNO,True,1,10
CUS001929,LTE,False,False,False,없음,MVNO,True,3,10
CUS001930,무관,False,True,False,넷플릭스,MVNO,True,2,5
CUS001931,LTE,True,True,False,없음,MNO,True,5,5
CUS001932,5G,False,False,False,디즈니플러스,MNO,True,3,5
CUS001933,LTE,False,True,False,없음,MVNO,False,4,10
CUS001934,5G,False,False,False,없음,MVNO,False,5,2
CUS001935,LTE,True,True,True,없음,MVNO,True,4,10
CUS001936,5G,True,True,False,없음,MNO,False,2,5
CUS001937,5G,True,True,False,넷플릭스,MVNO,True,5,5
CUS001938,5G,False,False,False,없음,MVNO,True,1,5
CUS001939,무관,False,False,False,없음,MVNO,True,2,10
CUS001940,5G,True,True,False,넷플릭스,MNO,True,3,1
CUS001941,5G,True,True,False,없음,MVNO,True,4,5
CUS001942,5G,True,False,True,넷플릭스,MVNO,True,4,5
CUS001943,5G,False,False,False,없음,MVNO,True,2,10
CUS001944,5G,False,False,False,없음,MNO,True,4,2
CUS001945,LTE,False,True,True,없음,MVNO,True,3,2
CUS001946,5G,False,False,False,넷플릭스,MNO,True,3,5
CUS001947,무관,False,True,True,없음,MVNO,True,3,2
CUS001948,무관,False,True,False,넷플릭스,MVNO,True,5,5
CUS001949,LTE,False,False,False,없음,MNO,False,5,1
CUS001950,LTE,False,False,False,넷플릭스,MVNO,True,3,10
CUS001951,무관,True,True,False,넷플릭스,MNO,False,3,1
CUS001952,무관,True,True,True,넷플릭스,MVNO,True,5,1
CUS001953,LTE,False,False,False,없음,MVNO,True,4,5
CUS001954,5G,False,True,True,없음,MNO,True,4,5
CUS001955,무관,True,True,False,디즈니플러스,MNO,True,2,1
CUS001956,5G,True,False,False,없음,MVNO,True,2,10
CUS001957,5G,False,True,False,디즈니플러스,MVNO,False,2,1
CUS001958,무관,False,False,True,넷플릭스,MVNO,True,3,5
CUS001959,무관,True,False,False,없음,MNO,True,4,5
CUS001960,무관,False,True,False,없음,MVNO,True,2,2
CUS001961,무관,True,True,True,없음,MVNO,False,4,1
CUS001962,LTE,True,True,False,넷플릭스,MVNO,False,5,2
CUS001963,5G,False,True,False,없음,MNO,False,5,1
CUS001964,LTE,True,True,False,디즈니플러스,MVNO,True,5,10
CUS001965,5G,False,True,False,없음,MVNO,False,4,2
CUS001966,5G,False,False,False,넷플릭스,MVNO,True,2,1
CUS001967,5G,False,True,True,없음,MVNO,True,2,2
CUS001968,무관,True,True,True,넷플릭스,MVNO,False,4,5
CUS001969,LTE,True,True,False,없음,MVNO,False,4,5
CUS001970,5G,True,True,False,없음,MVNO,False,4,1
CUS001971,무관,True,False,True,넷플릭스,MNO,False,4,10
CUS001972,LTE,True,False,True,없음,MNO,True,2,2
CUS001973,무관,False,False,True,없음,MNO,False,2,10
CUS001974,무관,True,True,True,넷플릭스,MNO,True,4,1
CUS001975,LTE,False,True,True,없음,MVNO,False,5,10
CUS001976,LTE,True,False,False,없음,MVNO,True,4,2
CUS001977,5G,True,False,False,없음,MVNO,False,4,10
CUS001978,LTE,False,True,False,넷플릭스,MNO,True,3,5
CUS001979,LTE,True,True,False,넷플릭스,MNO,True,5,10
CUS001980,무관,False,False,False,없음,MVNO,False,5,5
CUS001981,LTE,False,False,False,디즈니플러스,MVNO,False,4,10
CUS001982,무관,False,False,False,디즈니플러스,MVNO,False,4,2
CUS001983,5G,False,False,True,없음,MNO,True,2,5
CUS001984,5G,False,False,True,디즈니플러스,MVNO,False,3,1
CUS001985,LTE,True,True,False,없음,MNO,True,3,5
CUS001986,무관,False,True,False,넷플릭스,MVNO,False,5,5
CUS001987,5G,False,False,False,없음,MVNO,True,1,1
CUS001988,LTE,False,True,False,넷플릭스,MVNO,True,5,1
CUS001989,무관,True,False,True,넷플릭스,MVNO,False,4,2
CUS001990,5G,False,False,True,넷플릭스,MNO,True,5,10
CUS001991,무관,False,False,True,넷플릭스,MNO,True,3,1
CUS001992,무관,True,True,False,없음,MVNO,False,4,5
CUS001993,LTE,False,False,False,없음,MVNO,True,3,2
CUS001994,무관,True,True,False,넷플릭스,MNO,True,3,5
CUS001995,5G,True,True,True,넷플릭스,MVNO,True,5,5
CUS001996,5G,False,False,False,디즈니플러스,MVNO,True,4,5
CUS001997,5G,False,True,True,디즈니플러스,MVNO,True,1,10
CUS001998,무관,False,False,True,없음,MVNO,False,4,2
CUS001999,5G,False,True,False,넷플릭스,MVNO,True,4,1
CUS002000,5G,False,True,False,넷플릭스,MVNO,False,4,2
CUS002001,무관,True,True,True,디즈니플러스,MVNO,False,2,2
CUS002002,5G,True,True,True,넷플릭스,MNO,True,3,10
CUS002003,LTE,True,True,False,넷플릭스,MNO,False,2,5
CUS002004,5G,True,True,False,디즈니플러스,MVNO,False,4,5
CUS002005,5G,True,False,True,디즈니플러스,MVNO,True,5,10
CUS002006,LTE,False,False,False,디즈니플러스,MVNO,False,3,1
CUS002007,5G,False,False,False,넷플릭스,MVNO,True,5,5
CUS002008,무관,False,True,True,디즈니플러스,MNO,False,5,2
CUS002009,LTE,False,False,False,없음,MVNO,True,2,1
CUS002010,무관,True,True,False,없음,MVNO,True,1,2
CUS002011,LTE,False,False,False,넷플릭스,MVNO,True,3,1
CUS002012,LTE,False,True,True,없음,MVNO,True,4,10
CUS002013,무관,False,True,True,없음,MVNO,True,3,2
CUS002014,5G,False,True,False,넷플릭스,MVNO,False,4,1
CUS002015,무관,False,False,True,넷플릭스,MNO,True,3,10
CUS002016,5G,True,False,True,디즈니플러스,MVNO,True,2,5
CUS002017,LTE,False,True,True,넷플릭스,MVNO,False,3,5
CUS002018,LTE,True,False,False,디즈니플러스,MVNO,False,2,10
CUS002019,5G,True,True,True,디즈니플러스,MNO,True,3,1
CUS002020,5G,True,True,True,디즈니플러스,MVNO,False,3,10
CUS002021,5G,True,False,True,디즈니플러스,MVNO,True,5,5
CUS002022,LTE,False,False,True,디즈니플러스,MNO,True,2,5
CUS002023,5G,False,False,True,없음,MNO,True,1,1
CUS002024,무관,True,False,False,넷플릭스,MVNO,True,3,2
CUS002025,5G,False,False,False,없음,MVNO,True,3,1
CUS002026,LTE,True,True,False,없음,MVNO,False,4,10
CUS002027,무관,True,True,False,디즈니플러스,MVNO,False,3,2
CUS002028,5G,True,True,True,없음,MNO,True,4,1
CUS002029,5G,False,False,True,없음,MVNO,True,4,1
CUS002030,무관,False,True,False,없음,MNO,False,4,2
CUS002031,5G,False,True,False,넷플릭스,MNO,True,4,5
CUS002032,5G,True,True,True,없음,MVNO,True,4,2
CUS002033,5G,True,False,False,넷플릭스,MVNO,True,4,2
CUS002034,무관,False,True,True,넷플릭스,MNO,True,3,10
CUS002035,LTE,False,False,False,없음,MVNO,True,4,5
CUS002036,무관,False,False,False,디즈니플러스,MVNO,False,2,5
CUS002037,LTE,False,False,False,디즈니플러스,MNO,False,4,10
CUS002038,5G,True,True,True,넷플릭스,MVNO,True,1,10
CUS002039,5G,True,False,False,없음,MVNO,True,4,10
CUS002040,LTE,True,True,True,디즈니플러스,MVNO,False,4,2
CUS002041,무관,True,True,False,없음,MVNO,False,4,5
CUS002042,LTE,False,False,True,디즈니플러스,MVNO,False,3,2
CUS002043,무관,False,False,False,넷플릭스,MNO,True,4,5
CUS002044,5G,False,False,False,넷플릭스,MVNO,True,3,5
CUS002045,LTE,False,False,False,없음,MVNO,True,4,2
CUS002046,5G,False,True,False,넷플릭스,MVNO,True,4,10
CUS002047,무관,False,False,False,디즈니플러스,MNO,True,4,2
CUS002048,LTE,False,False,True,없음,MNO,True,3,1
CUS002049,5G,False,False,True,디즈니플러스,MVNO,True,2,1
CUS002050,LTE,False,False,False,없음,MNO,True,4,2
CUS002051,5G,False,True,True,디즈니플러스,MVNO,True,2,10
CUS002052,5G,False,False,False,없음,MNO,True,5,10
CUS002053,무관,True,True,False,없음,MNO,True,3,5
CUS002054,LTE,False,False,False,없음,MVNO,False,3,5
CUS002055,LTE,False,False,True,없음,MVNO,True,4,5
CUS002056,LTE,True,False,True,넷플릭스,MVNO,False,4,10
CUS002057,무관,True,True,False,디즈니플러스,MVNO,False,1,2
CUS002058,무관,False,False,False,디즈니플러스,MVNO,True,3,1
CUS002059,LTE,False,False,False,없음,MVNO,True,3,1
CUS002060,5G,True,False,False,없음,MNO,True,3,2
CUS002061,LTE,False,True,True,넷플릭스,MVNO,False,4,5
CUS002062,5G,True,False,False,넷플릭스,MNO,False,2,2
CUS002063,5G,True,True,False,디즈니플러스,MVNO,False,5,10
CUS002064,LTE,True,False,True,없음,MVNO,False,3,1
CUS002065,5G,True,True,True,디즈니플러스,MNO,True,3,10
CUS002066,5G,False,False,True,넷플릭스,MNO,True,3,2
CUS002067,5G,False,True,True,디즈니플러스,MVNO,True,4,2
CUS002068,5G,False,True,False,디즈니플러스,MVNO,True,1,10
CUS002069,LTE,True,False,False,넷플릭스,MVNO,True,3,1
CUS002070,LTE,False,True,False,디즈니플러스,MVNO,True,3,1
CUS002071,무관,False,True,False,없음,MNO,True,3,2
CUS002072,무관,False,False,False,없음,MNO,False,4,1
CUS002073,5G,True,True,False,디즈니플러스,MVNO,True,3,1
CUS002074,무관,False,True,False,없음,MVNO,True,4,2
CUS002075,무관,True,True,True,없음,MVNO,True,3,1
CUS002076,5G,False,True,True,디즈니플러스,MVNO,True,4,1
CUS002077,무관,True,False,True,디즈니플러스,MNO,True,3,2
CUS002078,LTE,False,True,True,없음,MNO,True,1,2
CUS002079,LTE,False,True,False,넷플릭스,MVNO,False,3,10
CUS002080,5G,True,True,False,없음,MVNO,False,5,2
CUS002081,LTE,False,True,False,없음,MVNO,True,3,1
CUS002082,무관,False,True,False,디즈니플러스,MNO,False,5,2
CUS002083,LTE,False,True,False,넷플릭스,MVNO,True,4,1
CUS002084,무관,True,True,False,디즈니플러스,MVNO,True,4,2
CUS002085,무관,True,True,False,디즈니플러스,MNO,False,5,10
CUS002086,LTE,False,False,False,디즈니플러스,MNO,True,2,1
CUS002087,LTE,False,False,True,없음,MVNO,False,4,10
CUS002088,무관,True,True,False,디즈니플러스,MVNO,True,2,1
CUS002089,LTE,False,False,True,없음,MNO,True,5,5
CUS002090,LTE,False,False,False,디즈니플러스,MVNO,True,5,1
CUS002091,LTE,False,False,False,없음,MVNO,True,5,10
CUS002092,무관,False,False,True,없음,MVNO,True,3,2
CUS002093,무관,False,True,True,넷플릭스,MVNO,True,5,10
CUS002094,LTE,False,False,True,없음,MVNO,True,2,5
CUS002095,무관,True,False,False,디즈니플러스,MNO,False,1,5
CUS002096,5G,True,True,False,넷플릭스,MVNO,True,2,10
CUS002097,LTE,True,True,False,없음,MVNO,False,4,2
CUS002098,무관,False,True,False,없음,MVNO,False,4,10
CUS002099,5G,False,True,False,없음,MVNO,True,2,2
CUS002100,LTE,True,False,True,디즈니플러스,MVNO,True,5,5
CUS002101,5G,False,True,False,넷플릭스,MVNO,True,3,5
CUS002102,LTE,True,True,False,넷플릭스,MNO,True,4,1
CUS002103,LTE,False,False,False,넷플릭스,MVNO,True,2,1
CUS002104,5G,False,False,False,넷플릭스,MNO,True,3,2
CUS002105,5G,False,False,False,없음,MVNO,False,5,5
CUS002106,5G,False,True,False,넷플릭스,MVNO,True,1,1
CUS002107,5G,False,False,False,없음,MVNO,False,2,5
CUS002108,무관,False,True,False,없음,MNO,True,3,10
CUS002109,5G,True,True,True,넷플릭스,MNO,True,4,10
CUS002110,무관,False,False,False,디즈니플러스,MVNO,True,3,10
CUS002111,5G,True,True,False,없음,MNO,True,5,5
CUS002112,5G,True,True,True,없음,MNO,True,5,5
CUS002113,5G,False,False,False,디즈니플러스,MVNO,True,1,1
CUS002114,LTE,False,True,False,넷플릭스,MNO,True,3,1
CUS002115,LTE,True,False,True,없음,MVNO,True,3,1
CUS002116,5G,False,True,False,없음,MVNO,False,3,10
CUS002117,무관,False,False,True,넷플릭스,MVNO,True,4,5
CUS002118,무관,True,False,False,넷플릭스,MNO,True,4,5
CUS002119,LTE,False,True,False,넷플릭스,MNO,True,2,10
CUS002120,무관,True,False,True,없음,MNO,True,5,5
CUS002121,무관,False,True,False,디즈니플러스,MNO,False,3,10
CUS002122,5G,True,True,True,없음,MVNO,True,3,5
CUS002123,무관,True,False,False,없음,MNO,False,4,1
CUS002124,무관,True,True,True,없음,MNO,False,4,5
CUS002125,5G,True,True,False,넷플릭스,MNO,False,3,1
CUS002126,5G,False,False,False,없음,MVNO,True,3,5
CUS002127,5G,True,True,False,디즈니플러스,MVNO,True,2,5
CUS002128,5G,True,True,True,없음,MVNO,True,2,1
CUS002129,LTE,False,False,False,넷플릭스,MNO,True,3,1
CUS002130,무관,True,True,True,디즈니플러스,MVNO,True,1,2
CUS002131,LTE,True,False,True,디즈니플러스,MVNO,True,3,2
CUS002132,LTE,False,True,True,디즈니플러스,MVNO,True,5,5
CUS002133,5G,False,False,False,디즈니플러스,MVNO,True,3,5
CUS002134,LTE,False,False,False,없음,MVNO,False,3,5
CUS002135,무관,False,True,False,없음,MVNO,False,1,2
CUS002136,LTE,False,False,False,없음,MVNO,False,4,1
CUS002137,5G,False,True,False,없음,MVNO,False,2,5
CUS002138,LTE,False,True,False,디즈니플러스,MVNO,True,1,10
CUS002139,LTE,True,True,False,없음,MVNO,True,3,2
CUS002140,무관,False,False,False,없음,MVNO,True,4,2
CUS002141,LTE,False,True,False,없음,MNO,False,5,5
CUS002142,5G,False,True,False,없음,MVNO,True,3,2
CUS002143,무관,True,False,False,넷플릭스,MVNO,True,4,5
CUS002144,5G,False,True,True,디즈니플러스,MNO,False,4,10
CUS002145,5G,True,True,True,없음,MVNO,True,3,1
CUS002146,무관,False,False,False,넷플릭스,MNO,False,3,10
CUS002147,5G,False,True,False,디즈니플러스,MNO,True,4,5
CUS002148,무관,False,True,False,없음,MVNO,False,4,5
CUS002149,무관,False,False,False,없음,MVNO,False,5,10
CUS002150,LTE,False,True,False,넷플릭스,MVNO,False,2,1
CUS002151,LTE,False,False,False,디즈니플러스,MNO,False,4,10
CUS002152,5G,True,True,False,넷플릭스,MVNO,True,3,10
CUS002153,5G,False,True,False,넷플릭스,MVNO,True,1,5
CUS002154,5G,True,False,False,없음,MNO,True,3,2
CUS002155,LTE,True,True,True,없음,MVNO,True,2,10
CUS002156,무관,False,True,False,디즈니플러스,MVNO,False,4,10
CUS002157,5G,False,False,False,넷플릭스,MNO,True,2,10
CUS002158,5G,False,False,True,없음,MNO,True,4,1
CUS002159,무관,False,True,False,디즈니플러스,MVNO,False,3,10
CUS002160,무관,False,False,False,없음,MVNO,False,3,10
CUS002161,5G,False,True,False,넷플릭스,MNO,True,2,2
CUS002162,5G,False,True,True,디즈니플러스,MVNO,True,4,2
CUS002163,5G,True,False,True,디즈니플러스,MVNO,False,4,1
CUS002164,LTE,True,True,False,넷플릭스,MNO,False,5,10
CUS002165,LTE,True,True,False,없음,MNO,True,5,5
CUS002166,무관,False,True,False,디즈니플러스,MNO,True,4,1
CUS002167,5G,False,False,True,넷플릭스,MVNO,True,5,2
CUS002168,5G,False,False,False,없음,MNO,True,5,5
CUS002169,무관,False,False,True,없음,MVNO,True,5,2
CUS002170,무관,False,False,False,디즈니플러스,MVNO,True,1,1
CUS002171,5G,True,True,True,디즈니플러스,MNO,True,5,1
CUS002172,LTE,False,True,False,없음,MVNO,True,5,5
CUS002173,무관,True,True,False,없음,MVNO,True,4,1
CUS002174,무관,False,False,True,디즈니플러스,MVNO,False,2,10
CUS002175,무관,True,True,True,디즈니플러스,MNO,True,4,5
CUS002176,5G,True,False,False,없음,MNO,True,5,1
CUS002177,무관,False,False,True,없음,MVNO,False,2,2
CUS002178,LTE,False,False,True,디즈니플러스,MVNO,True,2,1
CUS002179,무관,True,False,False,없음,MVNO,True,5,10
CUS002180,5G,False,True,True,없음,MNO,True,4,5
CUS002181,5G,True,False,False,없음,MVNO,True,4,10
CUS002182,무관,False,True,False,없음,MVNO,True,5,5
CUS002183,무관,True,False,False,없음,MNO,True,2,2
CUS002184,LTE,False,False,True,넷플릭스,MNO,True,3,5
CUS002185,5G,False,True,False,없음,MNO,True,4,5
CUS002186,무관,True,False,False,없음,MVNO,True,3,5
CUS002187,무관,False,False,False,디즈니플러스,MVNO,True,3,5
CUS002188,무관,False,False,False,넷플릭스,MNO,True,5,2
CUS002189,5G,False,True,False,넷플릭스,MNO,True,2,1
CUS002190,5G,True,True,False,넷플릭스,MVNO,True,3,10
CUS002191,LTE,False,True,False,디즈니플러스,MNO,True,1,2
CUS002192,LTE,False,False,True,디즈니플러스,MVNO,True,4,1
CUS002193,무관,False,True,False,넷플릭스,MNO,True,3,5
CUS002194,무관,False,False,True,없음,MNO,True,4,10
CUS002195,무관,False,True,False,없음,MVNO,True,3,10
CUS002196,LTE,True,True,False,넷플릭스,MNO,True,3,2
CUS002197,5G,False,False,False,디즈니플러스,MNO,True,3,1
CUS002198,무관,False,True,False,없음,MNO,True,3,1
CUS002199,5G,True,True,False,디즈니플러스,MVNO,True,4,1
CUS002200,무관,False,True,False,없음,MVNO,True,4,10
CUS002201,5G,True,False,True,넷플릭스,MVNO,False,1,1
CUS002202,5G,True,False,False,없음,MVNO,True,4,10
CUS002203,5G,False,True,True,없음,MNO,False,3,1
CUS002204,5G,False,True,False,넷플릭스,MNO,True,4,1
CUS002205,LTE,False,False,True,넷플릭스,MVNO,False,3,1
CUS002206,5G,False,True,True,없음,MVNO,True,1,5
CUS002207,5G,False,True,False,디즈니플러스,MVNO,False,3,5
CUS002208,LTE,True,True,False,없음,MVNO,True,4,10
CUS002209,LTE,False,False,False,넷플릭스,MVNO,False,5,1
CUS002210,무관,False,False,False,없음,MVNO,True,5,1
CUS002211,무관,True,False,False,없음,MVNO,False,4,1
CUS002212,LTE,True,True,True,넷플릭스,MNO,True,1,1
CUS002213,무관,True,True,False,없음,MVNO,True,4,2
CUS002214,LTE,False,True,False,없음,MVNO,False,3,10
CUS002215,5G,True,True,True,없음,MNO,True,3,5
CUS002216,무관,False,False,True,넷플릭스,MVNO,False,3,1
CUS002217,LTE,True,False,False,없음,MNO,False,4,1
CUS002218,LTE,True,False,False,디즈니플러스,MNO,True,2,1
CUS002219,LTE,True,False,False,없음,MVNO,False,5,2
CUS002220,LTE,False,False,True,디즈니플러스,MVNO,False,3,1
CUS002221,5G,False,False,False,넷플릭스,MVNO,True,3,10
CUS002222,무관,False,False,False,없음,MNO,False,2,1
CUS002223,LTE,False,True,False,없음,MNO,True,2,5
CUS002224,LTE,False,True,False,넷플릭스,MVNO,False,4,1
CUS002225,LTE,True,True,False,없음,MVNO,True,3,5
CUS002226,무관,True,False,True,넷플릭스,MVNO,False,1,5
CUS002227,5G,False,False,False,넷플릭스,MVNO,False,5,5
CUS002228,5G,False,True,False,없음,MVNO,False,5,10
CUS002229,5G,True,True,False,없음,MNO,True,4,2
CUS002230,5G,True,False,False,없음,MVNO,True,4,5
CUS002231,LTE,True,False,True,디즈니플러스,MNO,True,4,10
CUS002232,LTE,False,False,False,디즈니플러스,MNO,True,5,2
CUS002233,5G,False,False,True,없음,MVNO,False,5,5
CUS002234,무관,True,True,True,없음,MVNO,True,4,5
CUS002235,무관,False,True,False,없음,MNO,False,5,10
CUS002236,무관,False,True,False,없음,MNO,False,4,1
CUS002237,LTE,False,False,False,없음,MNO,True,1,10
CUS002238,무관,False,False,True,없음,MNO,False,3,5
CUS002239,5G,True,True,False,없음,MNO,True,5,10
CUS002240,LTE,True,False,False,없음,MNO,True,4,10
CUS002241,LTE,True,False,False,넷플릭스,MVNO,False,1,10
CUS002242,무관,True,False,False,디즈니플러스,MVNO,True,4,1
CUS002243,무관,True,True,False,디즈니플러스,MNO,True,3,2
CUS002244,무관,False,True,False,디즈니플러스,MNO,False,5,10
CUS002245,무관,False,True,True,넷플릭스,MNO,True,5,10
CUS002246,LTE,False,True,True,없음,MNO,False,1,10
CUS002247,5G,False,False,False,없음,MVNO,True,4,2
CUS002248,5G,False,True,True,넷플릭스,MNO,True,4,2
CUS002249,무관,False,True,False,없음,MVNO,True,5,5
CUS002250,5G,False,False,False,넷플릭스,MNO,False,4,1
CUS002251,무관,True,False,False,디즈니플러스,MVNO,True,2,1
CUS002252,LTE,False,False,False,넷플릭스,MNO,True,5,10
CUS002253,무관,False,True,False,넷플릭스,MNO,False,2,1
CUS002254,5G,False,False,True,없음,MVNO,True,3,10
CUS002255,5G,True,True,True,디즈니플러스,MNO,False,5,2
CUS002256,5G,False,True,False,없음,MVNO,True,3,10
CUS002257,무관,True,False,False,없음,MVNO,True,3,5
CUS002258,무관,False,False,False,디즈니플러스,MVNO,True,5,10
CUS002259,LTE,True,False,False,넷플릭스,MVNO,True,5,2
CUS002260,5G,False,True,False,없음,MVNO,True,5,5
CUS002261,무관,False,True,False,없음,MVNO,False,4,2
CUS002262,5G,True,False,False,넷플릭스,MNO,True,4,10
CUS002263,LTE,False,True,False,없음,MVNO,True,4,10
CUS002264,5G,False,True,False,넷플릭스,MVNO,True,4,2
CUS002265,LTE,True,True,True,디즈니플러스,MVNO,True,4,10
CUS002266,5G,False,True,False,넷플릭스,MNO,True,3,5
CUS002267,무관,True,True,False,넷플릭스,MVNO,True,2,1
CUS002268,무관,True,False,False,없음,MVNO,True,3,10
CUS002269,5G,True,True,True,없음,MVNO,True,4,2
CUS002270,LTE,False,True,True,없음,MVNO,False,4,1
CUS002271,5G,False,True,True,없음,MVNO,False,3,2
CUS002272,무관,False,True,False,디즈니플러스,MVNO,False,5,10
CUS002273,무관,False,False,False,없음,MVNO,True,3,2
CUS002274,5G,True,False,True,디즈니플러스,MVNO,True,5,10
CUS002275,5G,True,False,True,넷플릭스,MVNO,False,3,2
CUS002276,5G,False,False,False,없음,MNO,True,3,1
CUS002277,5G,False,False,False,없음,MVNO,True,2,2
CUS002278,5G,False,False,False,없음,MVNO,True,5,1
CUS002279,5G,True,True,False,넷플릭스,MVNO,False,3,5
CUS002280,LTE,True,True,False,넷플릭스,MNO,False,2,5
CUS002281,5G,True,True,False,디즈니플러스,MNO,True,3,10
CUS002282,무관,False,False,True,디즈니플러스,MNO,True,3,10
CUS002283,5G,False,False,False,넷플릭스,MNO,False,5,5
CUS002284,무관,True,True,True,디즈니플러스,MNO,False,2,5
CUS002285,LTE,False,True,False,디즈니플러스,MNO,True,4,5
CUS002286,LTE,False,False,False,디즈니플러스,MNO,False,3,5
CUS002287,LTE,False,True,False,디즈니플러스,MNO,True,3,5
CUS002288,LTE,False,False,False,디즈니플러스,MNO,True,1,1
CUS002289,5G,True,False,False,없음,MVNO,False,3,5
CUS002290,무관,False,True,True,없음,MVNO,True,2,10
CUS002291,LTE,True,True,False,없음,MVNO,False,3,2
CUS002292,무관,False,False,False,없음,MNO,True,4,2
CUS002293,무관,True,True,False,디즈니플러스,MVNO,True,4,1
CUS002294,5G,False,False,True,없음,MVNO,False,3,10
CUS002295,5G,False,False,False,없음,MNO,True,1,1
CUS002296,5G,False,True,False,디즈니플러스,MNO,True,4,2
CUS002297,무관,False,True,False,디즈니플러스,MNO,True,3,10
CUS002298,5G,True,True,True,없음,MVNO,True,4,2
CUS002299,LTE,False,False,False,넷플릭스,MVNO,False,3,1
CUS002300,LTE,True,False,True,없음,MVNO,True,3,5
CUS002301,5G,True,False,False,디즈니플러스,MNO,True,4,5
CUS002302,5G,False,False,False,없음,MVNO,False,5,10
CUS002303,무관,False,False,False,디즈니플러스,MVNO,True,1,1
CUS002304,무관,False,True,True,없음,MNO,True,2,10
CUS002305,LTE,True,True,True,없음,MVNO,True,5,5
CUS002306,무관,False,False,True,디즈니플러스,MVNO,True,3,10
CUS002307,무관,True,False,True,없음,MNO,True,5,2
CUS002308,LTE,False,True,True,없음,MNO,False,2,2
CUS002309,무관,False,False,False,넷플릭스,MVNO,True,4,10
CUS002310,무관,True,True,True,디즈니플러스,MVNO,True,5,5
CUS002311,LTE,False,True,False,없음,MVNO,False,4,5
CUS002312,LTE,True,False,False,없음,MVNO,True,3,5
CUS002313,무관,False,False,False,없음,MNO,True,1,5
CUS002314,무관,False,False,True,없음,MVNO,True,2,5
CUS002315,무관,False,False,False,넷플릭스,MNO,False,3,10
CUS002316,5G,False,False,False,디즈니플러스,MNO,True,3,2
CUS002317,5G,False,True,True,디즈니플러스,MNO,False,5,2
CUS002318,LTE,True,True,False,넷플릭스,MVNO,True,4,2
CUS002319,5G,False,False,False,없음,MVNO,True,2,2
CUS002320,LTE,False,True,False,넷플릭스,MVNO,True,5,10
CUS002321,LTE,True,False,False,디즈니플러스,MVNO,True,5,10
CUS002322,무관,True,True,False,없음,MVNO,True,3,5
CUS002323,LTE,False,False,True,디즈니플러스,MVNO,True,3,2
CUS002324,5G,True,True,False,없음,MVNO,True,4,5
CUS002325,5G,True,True,False,넷플릭스,MVNO,True,3,5
CUS002326,5G,False,True,False,없음,MNO,True,1,10
CUS002327,무관,True,False,False,없음,MNO,True,3,10
CUS002328,LTE,False,False,False,디즈니플러스,MVNO,True,3,2
CUS002329,5G,True,True,False,넷플릭스,MVNO,True,4,10
CUS002330,무관,False,True,False,디즈니플러스,MVNO,False,3,10
CUS002331,5G,False,True,False,디즈니플러스,MVNO,True,4,10
CUS002332,5G,True,False,True,디즈니플러스,MNO,True,3,10
CUS002333,LTE,False,True,False,없음,MVNO,True,3,2
CUS002334,무관,False,True,False,없음,MVNO,True,4,2
CUS002335,무관,True,False,False,없음,MVNO,True,4,10
CUS002336,5G,False,True,True,디즈니플러스,MNO,True,5,1
CUS002337,무관,False,False,True,넷플릭스,MVNO,False,5,2
CUS002338,5G,True,False,True,없음,MVNO,True,3,5
CUS002339,5G,False,True,False,넷플릭스,MVNO,False,3,5
CUS002340,무관,True,True,False,없음,MVNO,True,3,2
CUS002341,5G,False,True,True,넷플릭스,MVNO,True,2,2
CUS002342,LTE,False,False,False,넷플릭스,MNO,True,4,2
CUS002343,무관,False,False,True,없음,MVNO,True,3,2
CUS002344,무관,True,True,False,넷플릭스,MNO,False,3,2
CUS002345,5G,True,True,True,디즈니플러스,MNO,False,5,5
CUS002346,무관,False,False,True,디즈니플러스,MVNO,False,4,2
CUS002347,LTE,True,True,False,없음,MVNO,True,4,10
CUS002348,무관,True,False,False,없음,MVNO,True,4,5
CUS002349,LTE,True,False,False,넷플릭스,MVNO,True,3,2
CUS002350,5G,False,False,False,없음,MVNO,True,4,2
CUS002351,LTE,True,True,False,넷플릭스,MVNO,False,2,2
CUS002352,LTE,False,False,False,없음,MNO,False,3,5
CUS002353,LTE,False,False,False,디즈니플러스,MVNO,False,1,1
CUS002354,무관,True,True,True,없음,MNO,True,3,5
CUS002355,LTE,True,False,True,디즈니플러스,MNO,True,4,10
CUS002356,LTE,False,True,False,넷플릭스,MNO,True,3,10
CUS002357,LTE,False,False,False,없음,MVNO,True,5,1
CUS002358,무관,True,True,False,넷플릭스,MVNO,True,2,2
CUS002359,LTE,False,True,False,없음,MVNO,True,3,10
CUS002360,LTE,False,True,False,없음,MVNO,True,4,5
CUS002361,무관,True,True,False,디즈니플러스,MVNO,True,4,5
CUS002362,LTE,False,True,False,디즈니플러스,MVNO,False,4,2
CUS002363,LTE,False,False,False,없음,MVNO,False,4,10
CUS002364,5G,True,True,False,넷플릭스,MNO,True,4,5
CUS002365,5G,False,True,False,디즈니플러스,MVNO,True,2,2
CUS002366,5G,False,False,False,없음,MVNO,False,3,5
CUS002367,LTE,False,True,False,넷플릭스,MVNO,True,3,10
CUS002368,LTE,False,True,False,넷플릭스,MVNO,True,5,10
CUS002369,LTE,False,True,False,디즈니플러스,MNO,True,3,5
CUS002370,5G,True,True,True,넷플릭스,MVNO,True,4,2
CUS002371,5G,False,False,False,없음,MNO,True,2,10
CUS002372,무관,True,False,True,없음,MVNO,True,4,2
CUS002373,5G,False,False,False,디즈니플러스,MNO,True,4,2
CUS002374,LTE,False,False,False,없음,MVNO,True,4,1
CUS002375,LTE,False,False,False,없음,MVNO,True,4,10
CUS002376,무관,False,False,False,없음,MVNO,True,2,5
CUS002377,LTE,True,False,False,디즈니플러스,MVNO,False,4,5
CUS002378,5G,False,False,False,넷플릭스,MVNO,False,3,5
CUS002379,5G,False,False,False,디즈니플러스,MVNO,True,3,10
CUS002380,5G,False,True,True,넷플릭스,MNO,True,5,1
CUS002381,LTE,True,False,False,없음,MNO,True,5,2
CUS002382,무관,False,False,False,디즈니플러스,MNO,False,3,2
CUS002383,5G,False,True,False,없음,MNO,True,1,10
CUS002384,무관,False,False,False,넷플릭스,MNO,False,3,5
CUS002385,5G,False,False,False,없음,MNO,True,3,10
CUS002386,5G,False,False,False,없음,MVNO,False,4,2
CUS002387,LTE,False,False,True,넷플릭스,MVNO,False,5,10
CUS002388,LTE,True,True,True,넷플릭스,MNO,True,5,2
CUS002389,5G,False,False,False,디즈니플러스,MVNO,True,2,10
CUS002390,5G,False,True,False,디즈니플러스,MNO,False,3,5
CUS002391,5G,True,True,False,없음,MVNO,True,2,2
CUS002392,LTE,True,False,True,넷플릭스,MNO,True,3,2
CUS002393,5G,False,False,False,없음,MNO,True,4,1
CUS002394,5G,True,True,False,없음,MNO,False,4,1
CUS002395,LTE,False,True,False,넷플릭스,MVNO,False,3,10
CUS002396,무관,False,True,False,디즈니플러스,MVNO,True,4,1
CUS002397,5G,False,False,False,넷플릭스,MNO,True,4,1
CUS002398,무관,True,False,False,넷플릭스,MVNO,True,3,2
CUS002399,5G,True,True,True,없음,MVNO,False,2,10
CUS002400,무관,False,False,False,없음,MVNO,True,4,10
CUS002401,무관,False,False,True,없음,MVNO,False,3,2
CUS002402,5G,False,False,False,없음,MNO,True,3,1
CUS002403,LTE,True,False,False,넷플릭스,MVNO,True,4,1
CUS002404,5G,True,True,False,넷플릭스,MNO,True,3,2
CUS002405,무관,False,True,False,없음,MNO,True,5,1
CUS002406,5G,False,True,False,없음,MNO,True,4,10
CUS002407,5G,False,False,False,디즈니플러스,MNO,True,5,2
CUS002408,무관,False,True,False,넷플릭스,MVNO,False,5,2
CUS002409,LTE,True,False,False,디즈니플러스,MNO,True,4,2
CUS002410,LTE,True,False,False,디즈니플러스,MVNO,False,5,5
CUS002411,5G,True,True,False,디즈니플러스,MVNO,True,1,5
CUS002412,LTE,False,False,True,넷플릭스,MVNO,True,4,10
CUS002413,무관,False,True,True,없음,MVNO,True,1,5
CUS002414,5G,False,True,False,넷플릭스,MVNO,True,2,1
CUS002415,무관,True,False,True,넷플릭스,MNO,True,4,2
CUS002416,LTE,False,True,False,없음,MNO,True,3,10
CUS002417,5G,True,True,False,없음,MVNO,True,1,2
CUS002418,5G,False,True,False,없음,MVNO,False,4,10
CUS002419,5G,True,True,True,없음,MVNO,False,4,10
CUS002420,5G,False,True,False,디즈니플러스,MNO,False,2,10
CUS002421,5G,False,False,True,없음,MNO,False,5,10
CUS002422,5G,False,True,False,없음,MNO,True,5,10
CUS002423,LTE,False,True,False,넷플릭스,MVNO,True,3,2
CUS002424,5G,True,False,False,넷플릭스,MVNO,True,3,1
CUS002425,LTE,False,True,True,넷플릭스,MNO,True,3,2
CUS002426,5G,False,False,True,넷플릭스,MVNO,True,5,10
CUS002427,무관,True,False,False,넷플릭스,MVNO,True,5,2
CUS002428,무관,True,True,False,넷플릭스,MNO,False,4,1
CUS002429,LTE,False,True,False,넷플릭스,MVNO,True,2,2
CUS002430,5G,False,True,False,없음,MVNO,True,2,10
CUS002431,5G,False,True,False,없음,MVNO,False,4,10
CUS002432,5G,False,False,False,넷플릭스,MVNO,True,4,2
CUS002433,5G,True,True,True,없음,MNO,True,4,2
CUS002434,5G,False,True,False,디즈니플러스,MVNO,True,4,2
CUS002435,LTE,True,True,False,없음,MVNO,True,2,5
CUS002436,5G,True,True,True,디즈니플러스,MVNO,True,5,10
CUS002437,5G,False,False,True,없음,MNO,False,4,1
CUS002438,5G,False,False,True,없음,MNO,False,5,5
CUS002439,5G,False,True,False,넷플릭스,MNO,True,2,2
CUS002440,LTE,True,False,False,없음,MVNO,True,4,10
CUS002441,5G,False,True,False,없음,MVNO,True,4,5
CUS002442,무관,False,False,False,넷플릭스,MNO,True,5,2
CUS002443,무관,True,True,False,디즈니플러스,MVNO,True,3,2
CUS002444,5G,True,True,True,넷플릭스,MVNO,True,5,1
CUS002445,5G,False,True,True,없음,MVNO,True,3,1
CUS002446,무관,False,False,False,없음,MVNO,False,2,10
CUS002447,무관,True,False,False,없음,MVNO,True,4,1
CUS002448,LTE,False,True,False,디즈니플러스,MVNO,True,1,5
CUS002449,5G,True,True,False,없음,MVNO,True,1,10
CUS002450,무관,False,False,False,디즈니플러스,MNO,True,2,10
CUS002451,LTE,True,True,True,디즈니플러스,MVNO,True,3,1
CUS002452,무관,False,True,False,디즈니플러스,MVNO,False,1,1
CUS002453,무관,False,False,True,디즈니플러스,MVNO,True,4,10
CUS002454,무관,True,True,False,없음,MVNO,True,5,5
CUS002455,5G,False,False,False,없음,MNO,True,3,2
CUS002456,무관,True,False,False,없음,MNO,True,3,2
CUS002457,5G,False,True,False,없음,MVNO,True,4,5
CUS002458,5G,False,True,True,넷플릭스,MVNO,True,5,10
CUS002459,무관,False,False,False,디즈니플러스,MVNO,False,2,5
CUS002460,5G,True,True,False,넷플릭스,MVNO,True,4,1
CUS002461,5G,False,False,True,넷플릭스,MVNO,True,4,5
CUS002462,5G,False,False,True,디즈니플러스,MVNO,True,3,5
CUS002463,LTE,False,False,False,디즈니플러스,MVNO,True,4,5
CUS002464,무관,False,True,False,넷플릭스,MVNO,True,4,10
CUS002465,무관,False,True,False,디즈니플러스,MVNO,True,4,2
CUS002466,무관,False,False,True,없음,MVNO,False,3,1
CUS002467,무관,True,True,False,없음,MNO,True,1,1
CUS002468,LTE,False,True,False,넷플릭스,MNO,True,5,2
CUS002469,5G,True,False,False,디즈니플러스,MVNO,True,4,5
CUS002470,5G,True,True,False,디즈니플러스,MNO,True,3,1
CUS002471,무관,True,False,True,디즈니플러스,MVNO,True,4,5
CUS002472,5G,True,False,False,없음,MVNO,True,4,2
CUS002473,무관,False,False,True,없음,MNO,False,4,2
CUS002474,LTE,False,False,True,디즈니플러스,MVNO,True,5,5
CUS002475,LTE,False,False,False,넷플릭스,MVNO,True,4,1
CUS002476,5G,False,True,False,없음,MNO,False,4,2
CUS002477,무관,True,False,False,디즈니플러스,MVNO,False,5,1
CUS002478,LTE,True,True,False,디즈니플러스,MNO,True,2,5
CUS002479,무관,False,True,False,없음,MVNO,True,4,10
CUS002480,5G,True,True,False,넷플릭스,MNO,False,4,1
CUS002481,LTE,False,True,False,디즈니플러스,MNO,False,3,1
CUS002482,무관,False,True,False,디즈니플러스,MVNO,False,4,5
CUS002483,LTE,False,False,False,디즈니플러스,MVNO,True,4,1
CUS002484,5G,False,False,False,디즈니플러스,MVNO,True,1,2
CUS002485,5G,False,False,True,넷플릭스,MVNO,False,3,2
CUS002486,무관,True,True,False,없음,MVNO,True,4,10
CUS002487,LTE,False,False,True,디즈니플러스,MVNO,True,4,1
CUS002488,무관,False,False,True,디즈니플러스,MVNO,True,1,1
CUS002489,무관,True,False,False,넷플릭스,MVNO,True,1,10
CUS002490,무관,False,True,False,없음,MVNO,True,2,5
CUS002491,무관,True,False,False,없음,MVNO,True,3,1
CUS002492,무관,False,False,False,없음,MVNO,True,4,10
CUS002493,무관,True,False,True,없음,MNO,True,4,2
CUS002494,5G,True,True,False,넷플릭스,MVNO,True,5,1
CUS002495,무관,False,False,False,디즈니플러스,MVNO,False,2,10
CUS002496,LTE,False,True,True,없음,MVNO,True,4,10
CUS002497,무관,True,False,False,디즈니플러스,MVNO,True,5,10
CUS002498,무관,False,True,False,없음,MVNO,True,4,5
CUS002499,5G,False,True,False,없음,MVNO,True,4,5
CUS002500,LTE,True,False,True,없음,MVNO,True,3,5
CUS002501,무관,False,False,False,없음,MVNO,False,3,5
CUS002502,5G,False,False,False,디즈니플러스,MVNO,False,5,5
CUS002503,5G,False,True,True,넷플릭스,MVNO,True,3,1
CUS002504,무관,False,True,False,없음,MNO,True,5,2
CUS002505,LTE,False,False,True,디즈니플러스,MVNO,False,5,2
CUS002506,무관,False,True,True,디즈니플러스,MNO,True,3,1
CUS002507,무관,False,False,True,없음,MNO,True,2,5
CUS002508,5G,False,False,True,디즈니플러스,MNO,True,3,10
CUS002509,LTE,False,False,False,디즈니플러스,MVNO,True,5,5
CUS002510,무관,False,True,False,디즈니플러스,MVNO,True,4,1
CUS002511,LTE,False,True,False,디즈니플러스,MVNO,False,4,10
CUS002512,LTE,False,False,True,넷플릭스,MVNO,False,4,1
CUS002513,5G,True,True,True,없음,MVNO,True,1,5
CUS002514,LTE,False,False,False,없음,MVNO,True,5,10
CUS002515,5G,True,True,True,없음,MNO,True,5,2
CUS002516,5G,False,True,True,넷플릭스,MNO,True,1,2
CUS002517,LTE,False,False,False,넷플릭스,MNO,True,4,10
CUS002518,LTE,False,True,False,없음,MVNO,True,4,2
CUS002519,무관,False,True,False,없음,MVNO,True,3,1
CUS002520,5G,False,False,True,넷플릭스,MVNO,True,4,5
CUS002521,5G,False,False,False,넷플릭스,MVNO,False,4,1
CUS002522,5G,False,False,False,넷플릭스,MVNO,True,4,1
CUS002523,5G,False,True,True,넷플릭스,MVNO,True,3,10
CUS002524,5G,True,True,False,넷플릭스,MNO,False,3,5
CUS002525,5G,False,False,False,디즈니플러스,MNO,True,1,10
CUS002526,무관,False,False,False,없음,MVNO,True,2,5
CUS002527,5G,True,True,True,넷플릭스,MNO,True,3,2
CUS002528,무관,False,False,False,없음,MVNO,True,4,2
CUS002529,5G,True,True,False,없음,MVNO,False,5,10
CUS002530,LTE,True,True,False,넷플릭스,MNO,True,2,2
CUS002531,무관,False,False,False,없음,MVNO,True,3,2
CUS002532,5G,True,True,True,넷플릭스,MVNO,True,3,1
CUS002533,LTE,True,True,True,없음,MVNO,True,3,1
CUS002534,LTE,False,False,False,디즈니플러스,MNO,True,2,2
CUS002535,무관,True,True,False,넷플릭스,MVNO,True,4,5
CUS002536,무관,False,True,False,넷플릭스,MVNO,False,4,2
CUS002537,5G,False,False,True,넷플릭스,MNO,True,5,2
CUS002538,LTE,True,False,False,디즈니플러스,MNO,True,5,1
CUS002539,무관,False,False,True,없음,MVNO,True,5,1
CUS002540,무관,False,True,False,없음,MVNO,True,4,5
CUS002541,무관,False,True,True,디즈니플러스,MVNO,False,5,10
CUS002542,5G,False,True,True,디즈니플러스,MNO,False,4,2
CUS002543,무관,False,False,False,넷플릭스,MVNO,False,4,2
CUS002544,LTE,False,True,False,없음,MVNO,True,4,5
CUS002545,LTE,False,False,False,없음,MVNO,True,4,1
CUS002546,무관,False,False,False,없음,MVNO,True,3,1
CUS002547,5G,True,True,True,없음,MVNO,True,5,1
CUS002548,5G,True,True,True,없음,MVNO,True,5,1
CUS002549,LTE,False,True,True,디즈니플러스,MVNO,False,4,1
CUS002550,무관,False,False,True,디즈니플러스,MVNO,True,3,10
CUS002551,무관,False,True,False,없음,MVNO,False,3,5
CUS002552,5G,True,True,False,넷플릭스,MVNO,False,4,5
CUS002553,LTE,False,False,True,넷플릭스,MVNO,True,4,10
CUS002554,무관,False,True,True,없음,MVNO,True,2,1
CUS002555,LTE,True,False,True,디즈니플러스,MVNO,True,1,10
CUS002556,5G,True,False,True,디즈니플러스,MNO,False,1,5
CUS002557,5G,False,False,False,넷플릭스,MVNO,False,3,1
CUS002558,LTE,True,False,True,넷플릭스,MVNO,False,4,5
CUS002559,LTE,False,True,False,없음,MVNO,True,2,5
CUS002560,무관,False,False,True,없음,MVNO,True,5,10
CUS002561,5G,True,False,False,디즈니플러스,MNO,False,3,2
CUS002562,무관,False,True,False,없음,MNO,True,5,10
CUS002563,무관,False,True,False,없음,MVNO,True,5,5
CUS002564,LTE,False,False,False,없음,MNO,True,2,10
CUS002565,5G,False,True,False,없음,MNO,True,3,1
CUS002566,LTE,True,True,False,디즈니플러스,MNO,True,3,10
CUS002567,5G,True,False,False,없음,MVNO,True,4,1
CUS002568,5G,False,False,False,없음,MVNO,True,2,1
CUS002569,무관,False,False,True,넷플릭스,MNO,True,2,1
CUS002570,5G,True,True,False,없음,MVNO,True,5,1
CUS002571,5G,False,False,True,없음,MVNO,False,5,1
CUS002572,LTE,True,True,False,넷플릭스,MVNO,True,5,10
CUS002573,무관,False,False,False,없음,MNO,True,1,5
CUS002574,5G,False,True,True,없음,MNO,True,5,10
CUS002575,5G,False,False,False,넷플릭스,MVNO,True,5,2
CUS002576,무관,False,False,False,디즈니플러스,MVNO,True,3,5
CUS002577,5G,True,True,True,없음,MNO,True,5,5
CUS002578,LTE,True,True,False,디즈니플러스,MNO,True,3,10
CUS002579,LTE,False,False,False,넷플릭스,MNO,False,4,5
CUS002580,5G,False,False,True,디즈니플러스,MVNO,True,4,1
CUS002581,5G,False,False,False,넷플릭스,MVNO,True,1,5
CUS002582,5G,True,True,True,넷플릭스,MVNO,False,4,10
CUS002583,LTE,False,False,True,넷플릭스,MVNO,True,4,10
CUS002584,5G,True,False,False,없음,MVNO,False,4,10
CUS002585,무관,True,False,False,없음,MVNO,True,4,5
CUS002586,LTE,False,False,False,디즈니플러스,MNO,True,5,1
CUS002587,LTE,False,False,False,없음,MVNO,False,1,10
CUS002588,5G,False,True,False,넷플릭스,MNO,True,4,10
CUS002589,LTE,True,True,False,디즈니플러스,MVNO,True,4,5
CUS002590,LTE,False,True,True,넷플릭스,MVNO,True,5,10
CUS002591,무관,False,False,False,넷플릭스,MVNO,True,4,2
CUS002592,5G,True,True,True,없음,MNO,True,2,5
CUS002593,5G,False,True,False,없음,MNO,True,3,2
CUS002594,무관,False,False,False,없음,MNO,True,4,10
CUS002595,무관,True,False,True,디즈니플러스,MNO,True,3,2
CUS002596,무관,False,False,False,없음,MVNO,True,1,5
CUS002597,5G,True,False,True,디즈니플러스,MVNO,False,3,5
CUS002598,5G,True,True,False,없음,MNO,False,4,10
CUS002599,무관,False,False,False,없음,MVNO,True,4,2
CUS002600,5G,False,False,False,디즈니플러스,MNO,False,3,2
CUS002601,LTE,True,True,False,디즈니플러스,MVNO,True,2,2
CUS002602,무관,False,True,True,디즈니플러스,MVNO,False,4,5
CUS002603,무관,True,False,False,없음,MVNO,True,2,2
CUS002604,5G,True,False,False,디즈니플러스,MVNO,True,5,5
CUS002605,LTE,True,True,True,넷플릭스,MNO,True,1,1
CUS002606,5G,False,True,False,넷플릭스,MNO,False,4,5
CUS002607,5G,True,False,False,넷플릭스,MVNO,True,4,10
CUS002608,무관,False,True,True,넷플릭스,MNO,True,5,2
CUS002609,무관,True,False,True,없음,MNO,True,2,10
CUS002610,무관,False,True,True,넷플릭스,MNO,True,4,5
CUS002611,5G,True,False,True,없음,MNO,True,3,2
CUS002612,무관,False,False,False,없음,MNO,True,4,10
CUS002613,무관,True,True,True,없음,MNO,False,1,5
CUS002614,무관,False,False,True,디즈니플러스,MNO,False,4,5
CUS002615,5G,False,False,False,없음,MVNO,False,4,10
CUS002616,5G,False,True,False,넷플릭스,MVNO,True,4,1
CUS002617,5G,True,True,False,넷플릭스,MVNO,True,4,1
CUS002618,무관,True,True,False,넷플릭스,MNO,True,2,1
CUS002619,무관,False,True,False,넷플릭스,MVNO,False,3,1
CUS002620,5G,False,False,True,없음,MNO,False,4,1
CUS002621,LTE,True,True,True,없음,MNO,False,3,1
CUS002622,무관,False,False,False,넷플릭스,MVNO,True,2,1
CUS002623,무관,True,True,False,디즈니플러스,MVNO,True,4,5
CUS002624,5G,True,False,False,디즈니플러스,MNO,True,4,5
CUS002625,5G,True,False,False,없음,MNO,True,5,5
CUS002626,LTE,False,True,True,없음,MVNO,True,4,10
CUS002627,5G,False,False,True,넷플릭스,MVNO,True,5,5
CUS002628,5G,False,True,True,없음,MVNO,False,5,10
CUS002629,무관,False,False,True,디즈니플러스,MNO,False,5,10
CUS002630,LTE,False,True,True,없음,MNO,True,5,5
CUS002631,5G,True,False,False,넷플릭스,MNO,True,4,2
CUS002632,무관,True,True,True,넷플릭스,MVNO,True,4,1
CUS002633,LTE,False,True,False,없음,MVNO,True,3,2
CUS002634,5G,True,True,False,디즈니플러스,MNO,True,1,10
CUS002635,LTE,True,False,False,디즈니플러스,MVNO,False,3,2
CUS002636,5G,True,False,False,없음,MVNO,False,4,5
CUS002637,LTE,True,True,False,넷플릭스,MVNO,True,5,2
CUS002638,무관,False,False,False,넷플릭스,MVNO,False,3,2
CUS002639,5G,False,False,True,넷플릭스,MVNO,True,1,2
CUS002640,무관,False,True,False,없음,MVNO,False,4,2
CUS002641,LTE,True,False,False,없음,MNO,True,5,5
CUS002642,5G,False,False,False,넷플릭스,MNO,True,4,10
CUS002643,LTE,False,True,False,디즈니플러스,MNO,True,3,10
CUS002644,무관,False,False,True,넷플릭스,MNO,False,3,1
CUS002645,LTE,True,True,False,디즈니플러스,MVNO,True,2,10
CUS002646,LTE,False,True,False,없음,MNO,True,4,2
CUS002647,5G,False,True,False,없음,MVNO,False,2,2
CUS002648,LTE,True,False,False,디즈니플러스,MVNO,False,4,10
CUS002649,LTE,False,False,False,디즈니플러스,MVNO,True,3,1
CUS002650,무관,False,True,False,디즈니플러스,MNO,False,5,5
CUS002651,LTE,False,True,True,넷플릭스,MVNO,True,2,1
CUS002652,5G,True,False,False,넷플릭스,MVNO,True,4,5
CUS002653,LTE,False,False,False,넷플릭스,MNO,True,5,10
CUS002654,무관,False,False,True,넷플릭스,MVNO,True,3,1
CUS002655,5G,True,False,False,디즈니플러스,MVNO,True,4,10
CUS002656,무관,False,True,True,없음,MNO,True,4,2
CUS002657,LTE,True,False,True,없음,MNO,True,5,2
CUS002658,5G,False,True,False,넷플릭스,MVNO,False,1,2
CUS002659,무관,True,False,False,넷플릭스,MNO,True,3,10
CUS002660,5G,False,False,True,넷플릭스,MNO,True,4,10
CUS002661,5G,False,False,False,없음,MNO,True,4,2
CUS002662,5G,False,False,False,넷플릭스,MVNO,True,5,2
CUS002663,무관,False,False,False,디즈니플러스,MVNO,True,2,5
CUS002664,LTE,False,False,False,없음,MNO,False,4,10
CUS002665,5G,False,True,False,없음,MVNO,True,5,10
CUS002666,무관,False,True,False,넷플릭스,MNO,True,2,2
CUS002667,LTE,False,True,False,없음,MVNO,True,2,1
CUS002668,무관,True,False,False,없음,MNO,False,5,1
CUS002669,5G,False,True,False,없음,MVNO,True,2,5
CUS002670,LTE,False,True,True,디즈니플러스,MVNO,False,5,10
CUS002671,LTE,False,False,False,넷플릭스,MNO,True,5,10
CUS002672,LTE,True,True,False,디즈니플러스,MVNO,False,3,10
CUS002673,5G,True,True,False,넷플릭스,MVNO,False,4,5
CUS002674,5G,True,True,False,없음,MNO,True,4,5
CUS002675,무관,False,True,False,없음,MVNO,True,5,2
CUS002676,LTE,False,True,False,없음,MNO,False,4,1
CUS002677,무관,False,True,False,없음,MVNO,True,5,10
CUS002678,5G,False,False,True,디즈니플러스,MVNO,False,2,2
CUS002679,LTE,True,True,False,없음,MVNO,False,3,5
CUS002680,무관,False,True,True,없음,MVNO,True,4,2
CUS002681,LTE,True,False,True,없음,MNO,True,3,10
CUS002682,LTE,True,True,False,디즈니플러스,MNO,False,4,10
CUS002683,LTE,False,True,True,디즈니플러스,MVNO,False,4,1
CUS002684,5G,False,True,True,넷플릭스,MNO,True,4,2
CUS002685,5G,True,True,False,없음,MVNO,True,5,10
CUS002686,LTE,False,False,False,넷플릭스,MNO,True,5,2
CUS002687,무관,True,True,True,디즈니플러스,MNO,True,2,5
CUS002688,LTE,False,False,False,넷플릭스,MVNO,False,4,2
CUS002689,5G,False,True,False,넷플릭스,MVNO,False,4,10
CUS002690,5G,False,True,False,디즈니플러스,MNO,False,3,2
CUS002691,LTE,False,False,True,넷플릭스,MNO,True,4,2
CUS002692,LTE,False,True,True,넷플릭스,MVNO,False,3,5
CUS002693,LTE,False,False,True,디즈니플러스,MVNO,True,4,5
CUS002694,5G,False,True,False,넷플릭스,MNO,True,4,1
CUS002695,무관,False,False,False,없음,MVNO,False,2,2
CUS002696,5G,True,True,True,없음,MNO,False,3,5
CUS002697,LTE,False,True,True,없음,MVNO,False,1,5
CUS002698,LTE,True,True,True,없음,MVNO,True,5,5
CUS002699,무관,True,True,False,넷플릭스,MNO,False,5,10
CUS002700,LTE,False,True,True,넷플릭스,MVNO,True,4,1
CUS002701,5G,False,True,True,넷플릭스,MNO,True,3,5
CUS002702,LTE,True,True,False,넷플릭스,MVNO,True,3,10
CUS002703,무관,False,False,False,넷플릭스,MNO,True,2,10
CUS002704,5G,False,False,False,디즈니플러스,MVNO,True,4,1
CUS002705,무관,True,True,False,넷플릭스,MVNO,True,5,10
CUS002706,LTE,False,False,True,넷플릭스,MVNO,True,5,1
CUS002707,5G,False,True,True,디즈니플러스,MVNO,False,2,10
CUS002708,5G,True,False,False,없음,MVNO,True,5,5
CUS002709,LTE,False,False,False,넷플릭스,MVNO,True,3,1
CUS002710,LTE,False,False,True,넷플릭스,MNO,True,2,10
CUS002711,무관,False,True,False,없음,MVNO,True,2,10
CUS002712,5G,False,True,False,디즈니플러스,MVNO,True,2,2
CUS002713,무관,True,True,True,넷플릭스,MVNO,True,4,1
CUS002714,5G,False,True,False,넷플릭스,MVNO,True,4,2
CUS002715,5G,False,True,False,디즈니플러스,MVNO,True,1,1
CUS002716,무관,True,True,False,넷플릭스,MVNO,False,4,10
CUS002717,5G,False,False,False,넷플릭스,MNO,False,4,1
CUS002718,LTE,False,True,True,없음,MVNO,True,2,10
CUS002719,5G,False,False,False,넷플릭스,MVNO,False,5,1
CUS002720,무관,True,False,True,없음,MVNO,True,3,5
CUS002721,LTE,True,True,True,디즈니플러스,MVNO,False,3,2
CUS002722,5G,True,False,True,넷플릭스,MVNO,True,2,5
CUS002723,5G,True,True,False,넷플릭스,MVNO,True,5,1
CUS002724,LTE,False,True,True,없음,MNO,True,3,2
CUS002725,LTE,True,True,False,넷플릭스,MVNO,True,4,2
CUS002726,무관,False,True,False,디즈니플러스,MVNO,True,3,2
CUS002727,무관,True,True,True,디즈니플러스,MVNO,False,4,10
CUS002728,무관,False,False,True,넷플릭스,MNO,True,4,1
CUS002729,무관,False,True,False,없음,MNO,True,1,2
CUS002730,5G,False,True,True,넷플릭스,MVNO,False,3,10
CUS002731,5G,True,True,False,넷플릭스,MVNO,True,4,5
CUS002732,LTE,False,True,False,디즈니플러스,MNO,True,4,5
CUS002733,LTE,False,False,True,넷플릭스,MNO,True,1,10
CUS002734,5G,True,True,True,없음,MVNO,True,3,5
CUS002735,5G,True,False,False,없음,MVNO,True,5,5
CUS002736,5G,False,False,False,없음,MNO,True,4,2
CUS002737,5G,True,True,True,디즈니플러스,MNO,True,3,10
CUS002738,5G,False,False,False,넷플릭스,MVNO,True,3,10
CUS002739,무관,False,False,True,디즈니플러스,MVNO,True,2,10
CUS002740,무관,False,False,True,넷플릭스,MVNO,True,3,2
CUS002741,무관,True,True,False,넷플릭스,MVNO,True,2,2
CUS002742,무관,True,False,True,없음,MVNO,False,3,2
CUS002743,LTE,False,False,False,넷플릭스,MNO,True,3,1
CUS002744,무관,False,False,False,디즈니플러스,MVNO,False,4,2
CUS002745,LTE,False,False,False,디즈니플러스,MVNO,True,3,5
CUS002746,LTE,False,True,True,디즈니플러스,MVNO,True,4,10
CUS002747,LTE,True,False,False,디즈니플러스,MVNO,True,4,10
CUS002748,무관,False,False,False,없음,MVNO,False,4,2
CUS002749,무관,False,True,False,없음,MNO,True,3,1
CUS002750,무관,False,True,False,없음,MVNO,True,2,1
CUS002751,LTE,False,True,True,없음,MNO,True,4,2
CUS002752,LTE,False,False,False,넷플릭스,MVNO,True,3,5
CUS002753,5G,False,True,True,넷플릭스,MVNO,False,3,10
CUS002754,5G,False,True,False,넷플릭스,MNO,True,3,10
CUS002755,무관,False,False,False,없음,MVNO,True,2,1
CUS002756,무관,True,True,True,없음,MNO,True,4,10
CUS002757,무관,True,True,False,없음,MNO,False,5,1
CUS002758,5G,False,True,True,디즈니플러스,MVNO,True,3,1
CUS002759,무관,False,False,False,디즈니플러스,MNO,True,2,10
CUS002760,무관,False,False,True,디즈니플러스,MVNO,False,3,1
CUS002761,5G,False,False,True,없음,MNO,True,4,2
CUS002762,LTE,False,False,False,디즈니플러스,MVNO,True,1,5
CUS002763,LTE,True,False,False,디즈니플러스,MVNO,True,3,2
CUS002764,무관,False,True,False,없음,MVNO,False,4,10
CUS002765,LTE,False,False,False,넷플릭스,MVNO,True,4,1
CUS002766,5G,False,True,True,넷플릭스,MVNO,True,3,5
CUS002767,5G,False,False,False,넷플릭스,MNO,True,3,10
CUS002768,무관,False,True,False,넷플릭스,MVNO,False,1,10
CUS002769,LTE,False,False,False,없음,MVNO,True,4,2
CUS002770,5G,False,True,True,없음,MNO,False,3,2
CUS002771,5G,True,True,False,넷플릭스,MVNO,True,3,1
CUS002772,무관,False,True,False,디즈니플러스,MVNO,False,3,2
CUS002773,5G,False,False,False,디즈니플러스,MNO,True,5,1
CUS002774,무관,True,True,True,없음,MNO,True,2,10
CUS002775,무관,False,False,False,넷플릭스,MVNO,False,5,10
CUS002776,LTE,True,True,False,없음,MVNO,True,2,2
CUS002777,5G,False,True,False,디즈니플러스,MNO,True,4,10
CUS002778,무관,True,True,False,없음,MVNO,True,4,2
CUS002779,LTE,True,True,False,넷플릭스,MVNO,True,3,10
CUS002780,LTE,True,False,True,디즈니플러스,MNO,False,5,2
CUS002781,5G,False,True,False,넷플릭스,MVNO,False,5,10
CUS002782,5G,True,False,True,없음,MNO,True,3,5
CUS002783,LTE,False,False,False,디즈니플러스,MNO,False,3,5
CUS002784,LTE,False,True,True,디즈니플러스,MVNO,True,4,2
CUS002785,5G,True,True,False,디즈니플러스,MNO,True,1,1
CUS002786,무관,True,True,False,디즈니플러스,MVNO,False,3,2
CUS002787,무관,False,True,False,없음,MVNO,True,4,5
CUS002788,LTE,True,False,True,넷플릭스,MVNO,False,2,5
CUS002789,5G,True,False,False,넷플릭스,MVNO,False,4,10
CUS002790,무관,False,True,True,디즈니플러스,MVNO,False,2,1
CUS002791,LTE,False,False,True,넷플릭스,MNO,True,3,10
CUS002792,LTE,False,False,False,없음,MVNO,False,1,10
CUS002793,LTE,False,False,False,없음,MVNO,False,1,10
CUS002794,LTE,True,True,False,넷플릭스,MVNO,True,4,2
CUS002795,무관,False,True,False,넷플릭스,MNO,True,2,2
CUS002796,LTE,True,False,False,넷플릭스,MVNO,True,3,5
CUS002797,5G,False,True,False,없음,MNO,True,2,5
CUS002798,5G,False,True,False,없음,MVNO,True,2,10
CUS002799,LTE,True,True,True,디즈니플러스,MVNO,True,4,1
CUS002800,5G,False,True,False,넷플릭스,MVNO,True,2,10
CUS002801,LTE,True,True,True,없음,MVNO,False,3,2
CUS002802,무관,False,False,False,없음,MVNO,True,3,1
CUS002803,5G,False,True,False,없음,MNO,False,3,1
CUS002804,LTE,False,False,True,없음,MVNO,False,5,10
CUS002805,무관,True,False,False,없음,MVNO,False,3,1
CUS002806,LTE,True,True,True,디즈니플러스,MVNO,True,2,5
CUS002807,LTE,False,False,False,없음,MNO,True,3,2
CUS002808,5G,False,False,False,없음,MNO,True,5,10
CUS002809,LTE,False,False,False,넷플릭스,MNO,True,4,10
CUS002810,LTE,True,True,False,없음,MNO,True,4,2
CUS002811,5G,True,True,False,디즈니플러스,MVNO,True,2,10
CUS002812,LTE,True,False,False,디즈니플러스,MNO,False,3,2
CUS002813,5G,True,False,True,없음,MVNO,False,4,10
CUS002814,5G,False,True,True,없음,MNO,False,3,1
CUS002815,5G,True,False,False,디즈니플러스,MNO,True,3,10
CUS002816,5G,True,False,True,디즈니플러스,MVNO,True,4,5
CUS002817,무관,False,True,True,넷플릭스,MNO,False,4,2
CUS002818,무관,False,True,False,없음,MNO,False,2,1
CUS002819,무관,False,False,True,디즈니플러스,MVNO,True,2,5
CUS002820,5G,False,False,False,넷플릭스,MVNO,True,1,10
CUS002821,5G,False,False,False,넷플릭스,MVNO,True,4,1
CUS002822,5G,False,False,False,디즈니플러스,MVNO,True,2,10
CUS002823,LTE,False,True,False,디즈니플러스,MNO,True,2,5
CUS002824,5G,False,True,False,디즈니플러스,MVNO,True,4,10
CUS002825,5G,True,False,True,없음,MNO,True,5,1
CUS002826,5G,True,False,True,넷플릭스,MVNO,True,3,10
CUS002827,5G,True,False,False,디즈니플러스,MVNO,True,3,1
CUS002828,LTE,True,False,False,없음,MVNO,True,4,10
CUS002829,무관,True,False,False,없음,MVNO,True,3,1
CUS002830,무관,False,True,False,디즈니플러스,MVNO,True,3,1
CUS002831,5G,False,False,True,없음,MNO,True,5,2
CUS002832,5G,True,True,False,없음,MVNO,True,3,5
CUS002833,5G,False,False,False,넷플릭스,MVNO,True,4,5
CUS002834,LTE,True,False,True,없음,MVNO,True,5,1
CUS002835,5G,True,True,True,디즈니플러스,MNO,True,4,1
CUS002836,무관,True,True,True,없음,MVNO,True,3,1
CUS002837,5G,False,True,True,넷플릭스,MNO,True,4,2
CUS002838,5G,True,True,True,없음,MNO,True,4,1
CUS002839,LTE,False,True,False,디즈니플러스,MNO,True,4,10
CUS002840,LTE,True,True,False,디즈니플러스,MNO,True,4,2
CUS002841,무관,True,False,False,없음,MVNO,True,3,5
CUS002842,LTE,True,True,False,없음,MVNO,False,3,2
CUS002843,5G,False,False,False,없음,MVNO,False,4,1
CUS002844,5G,True,True,False,넷플릭스,MVNO,True,4,10
CUS002845,무관,False,True,False,디즈니플러스,MNO,False,3,5
CUS002846,무관,False,False,True,없음,MVNO,False,3,2
CUS002847,무관,True,True,False,없음,MVNO,True,5,2
CUS002848,무관,True,True,False,없음,MNO,True,1,10
CUS002849,무관,True,True,True,디즈니플러스,MVNO,False,3,5
CUS002850,무관,False,True,True,넷플릭스,MVNO,False,2,5
CUS002851,LTE,True,True,False,디즈니플러스,MVNO,False,3,10
CUS002852,LTE,False,False,False,넷플릭스,MNO,True,4,2
CUS002853,LTE,False,False,False,디즈니플러스,MNO,False,4,10
CUS002854,5G,False,False,True,디즈니플러스,MVNO,True,3,10
CUS002855,5G,True,False,True,디즈니플러스,MVNO,True,4,5
CUS002856,5G,True,False,True,디즈니플러스,MVNO,True,4,1
CUS002857,5G,False,False,False,없음,MVNO,False,2,5
CUS002858,LTE,False,False,False,디즈니플러스,MNO,True,3,10
CUS002859,무관,True,False,False,넷플릭스,MVNO,False,4,1
CUS002860,LTE,True,False,False,없음,MVNO,False,3,1
CUS002861,무관,True,False,False,디즈니플러스,MVNO,True,2,1
CUS002862,LTE,True,True,False,없음,MVNO,True,1,10
CUS002863,LTE,False,True,False,없음,MNO,True,3,2
CUS002864,5G,False,True,False,넷플릭스,MVNO,False,3,2
CUS002865,5G,True,False,False,없음,MVNO,True,3,2
CUS002866,무관,False,False,False,넷플릭스,MVNO,False,3,2
CUS002867,무관,False,True,False,없음,MNO,True,3,10
CUS002868,LTE,False,True,False,디즈니플러스,MNO,False,5,2
CUS002869,무관,True,False,False,넷플릭스,MVNO,False,4,1
CUS002870,LTE,False,True,True,디즈니플러스,MVNO,True,3,10
CUS002871,5G,False,True,False,없음,MVNO,False,4,5
CUS002872,무관,False,True,False,없음,MVNO,True,3,5
CUS002873,5G,False,True,False,없음,MVNO,True,1,5
CUS002874,LTE,False,True,False,없음,MNO,True,2,1
CUS002875,5G,False,True,False,없음,MNO,False,2,10
CUS002876,5G,False,False,False,없음,MNO,True,1,5
CUS002877,LTE,False,False,True,디즈니플러스,MNO,True,4,1
CUS002878,LTE,False,False,False,없음,MNO,True,4,5
CUS002879,무관,False,False,True,없음,MVNO,False,3,5
CUS002880,5G,False,True,False,없음,MNO,True,1,10
CUS002881,무관,False,True,False,디즈니플러스,MVNO,True,3,1
CUS002882,5G,True,True,False,없음,MNO,True,5,10
CUS002883,5G,True,False,False,없음,MNO,True,2,5
CUS002884,5G,True,True,False,없음,MNO,True,5,5
CUS002885,5G,False,False,True,없음,MVNO,False,5,2
CUS002886,무관,False,True,False,없음,MVNO,True,2,1
CUS002887,LTE,False,False,False,넷플릭스,MVNO,True,5,10
CUS002888,5G,False,False,True,없음,MVNO,False,3,10
CUS002889,LTE,False,True,False,없음,MNO,True,1,1
CUS002890,LTE,False,True,False,없음,MVNO,True,4,1
CUS002891,무관,False,False,False,디즈니플러스,MVNO,True,3,10
CUS002892,5G,False,True,False,없음,MVNO,False,4,10
CUS002893,LTE,False,True,False,없음,MVNO,False,3,1
CUS002894,5G,False,False,False,없음,MVNO,True,4,5
CUS002895,무관,False,False,False,없음,MNO,True,4,2
CUS002896,무관,False,True,False,없음,MVNO,True,1,2
CUS002897,LTE,False,True,False,없음,MNO,False,4,10
CUS002898,5G,False,True,False,없음,MVNO,False,2,1
CUS002899,5G,False,True,False,없음,MVNO,True,1,2
CUS002900,5G,False,True,False,없음,MNO,True,3,2
CUS002901,무관,False,True,False,없음,MNO,True,5,5
CUS002902,5G,False,True,False,없음,MNO,True,1,2
CUS002903,5G,False,False,False,없음,MVNO,True,5,1
CUS002904,5G,False,True,False,없음,MVNO,False,4,2
CUS002905,5G,False,False,False,넷플릭스,MNO,True,4,10
CUS002906,무관,False,True,False,디즈니플러스,MNO,True,1,1
CUS002907,무관,False,True,False,없음,MVNO,True,4,10
CUS002908,무관,False,True,True,없음,MVNO,True,2,2
CUS002909,5G,False,False,False,없음,MVNO,True,3,10
CUS002910,LTE,True,True,False,없음,MNO,True,3,5
CUS002911,LTE,True,True,False,디즈니플러스,MNO,True,3,5
CUS002912,무관,False,True,True,없음,MNO,False,5,2
CUS002913,LTE,False,True,True,없음,MNO,True,3,2
CUS002914,5G,False,False,False,없음,MVNO,False,5,1
CUS002915,무관,True,True,False,없음,MNO,False,2,2
CUS002916,LTE,False,False,False,없음,MNO,True,3,10
CUS002917,무관,False,True,False,없음,MNO,False,4,10
CUS002918,무관,False,True,True,없음,MVNO,True,5,5
CUS002919,LTE,False,False,False,없음,MNO,True,3,1
CUS002920,5G,False,False,False,없음,MVNO,True,4,2
CUS002921,5G,False,True,False,없음,MNO,True,4,1
CUS002922,5G,False,False,True,없음,MNO,True,3,1
CUS002923,LTE,False,True,False,없음,MNO,True,2,5
CUS002924,5G,False,True,True,없음,MVNO,True,3,10
CUS002925,5G,False,True,False,없음,MNO,True,3,5
CUS002926,5G,False,False,False,없음,MNO,False,5,1
CUS002927,5G,False,True,False,없음,MNO,True,2,5
CUS002928,5G,False,True,False,없음,MNO,False,3,5
CUS002929,LTE,False,False,False,없음,MNO,False,5,5
CUS002930,LTE,False,True,True,없음,MVNO,True,4,5
CUS002931,LTE,False,True,True,없음,MNO,True,4,1
CUS002932,5G,False,True,False,없음,MNO,True,4,2
CUS002933,5G,False,True,False,없음,MNO,True,4,5
CUS002934,무관,False,False,False,없음,MVNO,True,4,1
CUS002935,무관,False,True,False,없음,MVNO,True,2,10
CUS002936,무관,False,True,True,없음,MNO,True,4,2
CUS002937,무관,False,False,True,없음,MNO,False,1,2
CUS002938,5G,False,False,False,없음,MNO,False,1,10
CUS002939,무관,False,False,True,없음,MNO,False,3,5
CUS002940,5G,False,True,True,없음,MVNO,True,4,10
CUS002941,LTE,False,False,True,디즈니플러스,MNO,True,2,5
CUS002942,5G,False,False,False,없음,MNO,True,4,2
CUS002943,무관,False,False,False,없음,MNO,True,4,1
CUS002944,무관,False,True,False,없음,MNO,True,5,1
CUS002945,5G,False,True,False,없음,MNO,True,4,5
CUS002946,LTE,False,True,False,넷플릭스,MVNO,False,3,2
CUS002947,무관,False,False,False,없음,MVNO,True,4,5
CUS002948,5G,False,True,True,없음,MNO,True,5,2
CUS002949,LTE,False,False,False,없음,MNO,True,5,10
CUS002950,무관,False,False,False,넷플릭스,MNO,True,1,10
CUS002951,5G,False,False,False,없음,MVNO,False,4,10
CUS002952,LTE,False,True,False,없음,MVNO,True,1,1
CUS002953,무관,False,True,True,없음,MVNO,True,4,2
CUS002954,무관,False,False,False,없음,MVNO,True,5,2
CUS002955,LTE,False,False,True,넷플릭스,MVNO,True,5,1
CUS002956,무관,False,True,False,없음,MNO,True,3,2
CUS002957,무관,False,True,False,디즈니플러스,MNO,True,2,5
CUS002958,LTE,False,True,True,없음,MNO,True,3,1
CUS002959,무관,False,True,False,없음,MNO,True,5,2
CUS002960,LTE,False,True,False,없음,MNO,True,4,2
CUS002961,무관,False,True,False,없음,MNO,True,3,10
CUS002962,LTE,False,False,False,없음,MVNO,True,4,2
CUS002963,5G,False,False,False,없음,MNO,True,4,5
CUS002964,무관,False,False,False,없음,MNO,True,3,2
CUS002965,LTE,False,True,False,없음,MNO,True,1,1
CUS002966,무관,False,False,True,넷플릭스,MNO,True,1,1
CUS002967,무관,False,False,True,없음,MVNO,False,3,10
CUS002968,무관,False,True,False,없음,MVNO,True,3,1
CUS002969,LTE,False,False,False,디즈니플러스,MNO,True,3,1
CUS002970,LTE,False,True,False,없음,MNO,True,3,2
CUS002971,5G,False,True,True,없음,MNO,False,3,1
CUS002972,5G,False,False,False,없음,MNO,True,5,1
CUS002973,무관,False,False,False,없음,MVNO,False,1,2
CUS002974,5G,True,False,False,없음,MNO,True,3,10
CUS002975,LTE,False,True,True,없음,MVNO,True,4,10
CUS002976,무관,False,True,True,없음,MNO,False,4,10
CUS002977,무관,False,True,False,없음,MNO,False,4,5
CUS002978,5G,False,False,False,없음,MVNO,True,5,1
CUS002979,LTE,False,False,True,없음,MVNO,True,3,10
CUS002980,무관,False,False,True,없음,MNO,False,1,10
CUS002981,LTE,False,False,False,넷플릭스,MVNO,False,3,1
CUS002982,LTE,False,True,False,넷플릭스,MNO,True,4,2
CUS002983,무관,False,True,True,없음,MNO,True,4,5
CUS002984,LTE,False,False,True,없음,MVNO,True,2,10
CUS002985,무관,False,True,True,없음,MVNO,True,3,5
CUS002986,LTE,False,False,False,없음,MNO,True,3,2
CUS002987,5G,False,True,False,넷플릭스,MNO,True,3,10
CUS002988,5G,False,True,False,없음,MVNO,True,5,10
CUS002989,LTE,False,False,False,없음,MVNO,True,4,10
CUS002990,5G,False,True,False,없음,MNO,True,5,1
CUS002991,5G,False,False,True,없음,MVNO,False,2,10
CUS002992,LTE,False,True,False,디즈니플러스,MNO,False,3,2
CUS002993,5G,False,False,True,넷플릭스,MVNO,True,3,1
CUS002994,5G,False,True,False,없음,MNO,True,2,1
CUS002995,5G,False,False,False,디즈니플러스,MVNO,True,4,1
CUS002996,LTE,False,False,True,없음,MVNO,True,3,5
CUS002997,5G,False,True,False,없음,MNO,False,4,5
CUS002998,무관,False,False,False,없음,MNO,False,4,1
CUS002999,LTE,False,False,False,없음,MVNO,True,5,10
CUS003000,무관,False,False,False,없음,MNO,True,1,5
CUS003001,LTE,False,True,True,없음,MVNO,True,5,10
CUS003002,무관,False,False,False,없음,MVNO,True,4,1
CUS003003,5G,False,True,False,없음,MNO,True,3,1
CUS003004,무관,False,True,False,디즈니플러스,MNO,True,3,2
CUS003005,5G,False,False,False,없음,MNO,True,4,5
CUS003006,5G,False,True,True,없음,MNO,True,2,5
CUS003007,5G,False,True,False,없음,MNO,True,3,1
CUS003008,무관,False,False,False,없음,MVNO,True,4,5
CUS003009,무관,False,True,False,없음,MVNO,True,5,10
CUS003010,LTE,True,True,True,없음,MVNO,True,4,2
CUS003011,무관,False,True,False,없음,MNO,False,5,2
CUS003012,LTE,False,False,True,없음,MVNO,False,4,2
CUS003013,LTE,True,False,False,없음,MVNO,True,4,2
CUS003014,LTE,False,True,False,없음,MNO,True,4,10
CUS003015,무관,False,True,False,없음,MNO,True,4,2
CUS003016,LTE,False,True,False,없음,MVNO,True,2,2
CUS003017,무관,False,True,False,없음,MVNO,False,4,10
CUS003018,LTE,False,True,False,없음,MNO,True,3,5
CUS003019,LTE,False,False,False,디즈니플러스,MVNO,True,4,1
CUS003020,LTE,False,True,False,없음,MVNO,True,4,5
CUS003021,무관,False,True,False,없음,MVNO,True,3,2
CUS003022,무관,False,False,False,없음,MVNO,True,2,5
CUS003023,5G,False,True,False,없음,MNO,True,4,10
CUS003024,무관,False,True,False,없음,MVNO,True,2,1
CUS003025,무관,False,True,False,없음,MNO,False,4,1
CUS003026,LTE,False,False,False,없음,MVNO,True,2,2
CUS003027,무관,False,False,True,없음,MNO,False,5,1
CUS003028,5G,False,True,False,없음,MVNO,False,3,1
CUS003029,LTE,False,True,True,없음,MNO,False,3,1
CUS003030,LTE,False,False,False,없음,MNO,True,4,2
CUS003031,5G,False,False,False,없음,MNO,False,3,1
CUS003032,5G,False,True,False,없음,MNO,False,4,1
CUS003033,무관,False,False,False,없음,MNO,True,5,2
CUS003034,5G,False,False,False,없음,MNO,True,3,5
CUS003035,5G,False,False,False,없음,MNO,True,2,2
CUS003036,5G,False,False,False,없음,MVNO,False,3,1
CUS003037,5G,False,True,False,없음,MNO,False,5,10
CUS003038,LTE,False,True,True,없음,MNO,True,3,2
CUS003039,무관,False,True,True,없음,MNO,True,3,2
CUS003040,5G,False,True,False,없음,MNO,False,3,2
CUS003041,5G,False,True,False,없음,MVNO,False,5,2
CUS003042,5G,False,False,False,없음,MNO,False,4,5
CUS003043,무관,False,True,True,없음,MNO,False,3,1
CUS003044,5G,False,True,False,디즈니플러스,MVNO,True,2,1
CUS003045,LTE,False,False,False,없음,MVNO,False,4,1
CUS003046,5G,False,False,False,없음,MVNO,False,3,2
CUS003047,LTE,False,True,True,넷플릭스,MNO,True,4,5
CUS003048,5G,False,False,False,없음,MVNO,False,4,10
CUS003049,5G,False,True,False,없음,MVNO,True,4,1
CUS003050,LTE,False,True,False,없음,MVNO,False,3,5
CUS003051,무관,False,False,False,없음,MVNO,True,4,2
CUS003052,5G,False,True,False,없음,MNO,False,5,2
CUS003053,5G,False,False,False,없음,MNO,True,5,1
CUS003054,5G,False,False,False,디즈니플러스,MVNO,False,2,10
CUS003055,5G,False,True,True,없음,MNO,False,5,2
CUS003056,LTE,False,True,True,없음,MVNO,True,2,10
CUS003057,무관,False,False,True,없음,MNO,False,3,1
CUS003058,무관,False,True,False,없음,MNO,True,2,1
CUS003059,5G,False,True,False,없음,MVNO,True,3,1
CUS003060,LTE,False,True,True,없음,MNO,True,4,2
CUS003061,LTE,False,False,False,없음,MNO,True,2,1
CUS003062,5G,False,False,False,없음,MNO,False,3,1
CUS003063,LTE,False,False,False,없음,MNO,True,5,2
CUS003064,무관,False,True,False,없음,MNO,True,2,5
CUS003065,5G,False,True,True,없음,MNO,False,3,2
CUS003066,LTE,False,True,False,없음,MNO,True,5,1
CUS003067,LTE,False,True,True,없음,MNO,True,3,10
CUS003068,무관,False,False,True,없음,MNO,True,3,1
CUS003069,5G,False,True,False,없음,MVNO,False,4,5
CUS003070,5G,False,True,False,없음,MNO,True,3,1
CUS003071,5G,False,False,False,없음,MVNO,True,4,1
CUS003072,5G,False,False,True,없음,MNO,False,2,10
CUS003073,5G,False,False,True,없음,MNO,True,2,2
CUS003074,5G,False,False,True,없음,MVNO,True,2,1
CUS003075,5G,False,True,False,없음,MNO,True,4,2
CUS003076,5G,False,False,True,디즈니플러스,MVNO,True,2,10
CUS003077,무관,False,False,False,없음,MNO,True,3,10
CUS003078,무관,False,True,False,없음,MVNO,True,1,2
CUS003079,무관,False,True,False,없음,MVNO,True,3,2
CUS003080,LTE,False,False,True,없음,MNO,False,5,5
CUS003081,5G,False,False,True,없음,MNO,False,5,10
CUS003082,5G,False,False,False,없음,MVNO,False,3,5
CUS003083,5G,False,True,True,없음,MNO,True,3,10
CUS003084,5G,False,False,True,없음,MNO,True,4,5
CUS003085,5G,False,True,False,없음,MVNO,True,2,5
CUS003086,무관,False,True,False,없음,MVNO,True,4,2
CUS003087,무관,False,False,True,없음,MNO,True,3,2
CUS003088,5G,False,False,False,없음,MNO,True,3,10
CUS003089,무관,False,False,False,디즈니플러스,MVNO,True,2,1
CUS003090,무관,False,False,False,없음,MVNO,True,4,10
CUS003091,LTE,False,True,True,없음,MNO,True,4,10
CUS003092,무관,True,False,False,없음,MNO,True,3,5
CUS003093,무관,False,False,False,없음,MVNO,True,4,1
CUS003094,LTE,False,False,False,없음,MNO,False,3,2
CUS003095,5G,False,True,True,없음,MNO,True,4,2
CUS003096,무관,False,True,False,넷플릭스,MNO,False,1,5
CUS003097,5G,False,False,False,없음,MNO,True,5,10
CUS003098,5G,False,False,True,없음,MNO,False,3,10
CUS003099,LTE,True,True,True,없음,MVNO,True,3,1
CUS003100,5G,False,False,True,없음,MNO,True,2,2
CUS003101,5G,False,False,True,없음,MVNO,True,1,2
CUS003102,5G,False,True,False,없음,MNO,True,2,2
CUS003103,무관,False,True,False,디즈니플러스,MVNO,True,2,5
CUS003104,LTE,False,False,True,없음,MNO,True,4,2
CUS003105,5G,False,True,True,없음,MVNO,True,5,2
CUS003106,5G,False,False,False,없음,MNO,False,2,5
CUS003107,무관,False,False,True,없음,MVNO,True,3,2
CUS003108,5G,False,True,False,없음,MNO,True,4,1
CUS003109,LTE,False,False,False,없음,MVNO,True,3,5
CUS003110,무관,False,False,False,없음,MNO,False,3,1
CUS003111,LTE,False,False,True,없음,MNO,True,2,10
CUS003112,5G,False,False,False,없음,MVNO,False,2,1
CUS003113,5G,False,False,True,없음,MNO,True,4,2
CUS003114,LTE,False,True,False,없음,MNO,False,2,2
CUS003115,무관,False,True,False,없음,MVNO,True,4,10
CUS003116,무관,False,False,False,없음,MVNO,False,4,5
CUS003117,5G,False,True,True,없음,MNO,False,4,5
CUS003118,LTE,False,True,False,없음,MVNO,False,4,5
CUS003119,5G,False,True,True,없음,MVNO,True,4,10
CUS003120,5G,False,True,True,없음,MNO,True,5,10
CUS003121,무관,False,False,False,없음,MNO,True,3,10
CUS003122,LTE,True,True,False,없음,MNO,False,4,10
CUS003123,LTE,False,True,False,없음,MVNO,True,2,10
CUS003124,무관,False,False,False,없음,MVNO,False,3,2
CUS003125,5G,False,True,False,없음,MVNO,True,4,1
CUS003126,5G,False,True,False,없음,MNO,False,4,1
CUS003127,5G,False,False,False,없음,MNO,True,3,1
CUS003128,무관,False,True,False,없음,MVNO,True,5,2
CUS003129,무관,False,True,False,없음,MNO,False,4,10
CUS003130,5G,False,True,True,없음,MVNO,False,3,10
CUS003131,5G,False,True,False,없음,MNO,True,4,1
CUS003132,LTE,False,False,False,디즈니플러스,MNO,True,4,1
CUS003133,5G,False,False,False,없음,MVNO,False,3,5
CUS003134,5G,False,False,True,없음,MNO,True,4,10
CUS003135,5G,False,False,False,없음,MNO,True,4,10
CUS003136,LTE,False,False,False,없음,MVNO,True,5,10
CUS003137,5G,False,True,False,없음,MNO,False,2,10
CUS003138,무관,False,False,False,넷플릭스,MNO,True,3,1
CUS003139,LTE,False,True,True,없음,MNO,False,3,2
CUS003140,5G,False,False,False,없음,MNO,True,2,2
CUS003141,5G,False,False,False,없음,MNO,True,4,1
CUS003142,5G,False,True,False,없음,MVNO,True,5,2
CUS003143,LTE,False,False,False,없음,MNO,True,1,10
CUS003144,LTE,False,False,False,없음,MVNO,False,4,2
CUS003145,LTE,False,False,True,없음,MNO,True,3,10
CUS003146,무관,False,True,False,없음,MNO,True,3,2
CUS003147,5G,False,False,False,없음,MVNO,False,3,1
CUS003148,5G,True,True,False,없음,MNO,False,4,10
CUS003149,5G,False,True,False,없음,MNO,False,4,5
CUS003150,LTE,False,False,False,없음,MNO,True,3,1
CUS003151,무관,False,False,False,없음,MVNO,True,1,5
CUS003152,무관,True,False,False,없음,MNO,False,5,2
CUS003153,LTE,False,True,False,없음,MVNO,True,4,1
CUS003154,LTE,False,True,False,없음,MNO,True,5,2
CUS003155,5G,False,True,True,없음,MVNO,True,3,1
CUS003156,5G,False,True,False,없음,MNO,True,3,5
CUS003157,LTE,False,True,True,없음,MNO,True,3,1
CUS003158,5G,False,True,False,없음,MNO,True,5,1
CUS003159,무관,True,False,False,없음,MNO,True,5,5
CUS003160,무관,False,False,False,없음,MVNO,True,2,10
CUS003161,LTE,False,True,False,넷플릭스,MVNO,True,3,2
CUS003162,무관,False,True,True,없음,MNO,True,2,2
CUS003163,5G,False,True,False,디즈니플러스,MNO,False,4,10
CUS003164,5G,False,True,True,없음,MNO,True,5,5
CUS003165,5G,False,True,True,없음,MNO,False,3,10
CUS003166,LTE,False,False,False,없음,MNO,False,3,5
CUS003167,LTE,False,False,False,없음,MNO,False,4,2
CUS003168,LTE,False,True,True,없음,MNO,True,3,10
CUS003169,5G,True,False,False,없음,MNO,True,4,1
CUS003170,5G,False,True,False,없음,MVNO,True,5,1
CUS003171,LTE,False,True,False,없음,MNO,True,3,1
CUS003172,LTE,False,False,True,없음,MNO,True,3,1
CUS003173,5G,False,False,False,없음,MNO,True,3,5
CUS003174,5G,False,True,True,없음,MVNO,False,4,10
CUS003175,5G,False,False,False,없음,MVNO,True,5,5
CUS003176,무관,False,False,False,디즈니플러스,MNO,True,4,10
CUS003177,5G,False,True,False,없음,MNO,False,3,1
CUS003178,5G,False,True,False,없음,MVNO,True,1,10
CUS003179,LTE,False,True,True,없음,MNO,False,4,1
CUS003180,5G,False,True,False,없음,MNO,True,4,5
CUS003181,5G,False,False,False,넷플릭스,MNO,True,2,2
CUS003182,5G,False,True,False,없음,MNO,True,2,5
CUS003183,5G,False,True,True,없음,MNO,True,4,2
CUS003184,무관,True,True,False,없음,MNO,True,4,10
CUS003185,무관,True,True,True,없음,MNO,True,4,2
CUS003186,무관,False,True,True,없음,MVNO,True,4,1
CUS003187,5G,False,True,True,없음,MNO,True,3,1
CUS003188,LTE,False,False,False,없음,MVNO,True,2,2
CUS003189,LTE,False,True,False,없음,MNO,True,3,10
CUS003190,LTE,False,True,True,없음,MVNO,True,3,10
CUS003191,LTE,True,True,True,넷플릭스,MVNO,False,4,1
CUS003192,5G,False,False,False,없음,MVNO,True,2,1
CUS003193,무관,False,True,False,없음,MVNO,False,2,5
CUS003194,LTE,False,True,True,없음,MNO,True,2,5
CUS003195,LTE,False,True,False,넷플릭스,MVNO,True,3,2
CUS003196,LTE,False,False,False,디즈니플러스,MVNO,True,3,10
CUS003197,무관,False,False,False,없음,MNO,False,4,10
CUS003198,무관,False,False,False,없음,MVNO,False,4,5
CUS003199,LTE,False,True,False,없음,MVNO,True,3,10
CUS003200,무관,False,True,False,없음,MNO,False,4,1
CUS003201,LTE,False,False,False,없음,MNO,False,2,2
CUS003202,LTE,False,False,False,없음,MNO,True,4,2
CUS003203,LTE,False,False,False,없음,MNO,False,3,1
CUS003204,5G,False,True,False,넷플릭스,MNO,True,3,5
CUS003205,5G,False,True,True,없음,MNO,True,4,2
CUS003206,무관,False,True,True,없음,MVNO,True,3,5
CUS003207,무관,False,False,False,없음,MVNO,True,5,10
CUS003208,LTE,False,True,False,없음,MNO,True,4,10
CUS003209,5G,False,True,True,없음,MNO,True,3,5
CUS003210,LTE,False,False,False,넷플릭스,MNO,True,5,10
CUS003211,무관,False,False,False,없음,MVNO,True,2,5
CUS003212,LTE,False,True,False,없음,MNO,False,3,1
CUS003213,5G,False,True,False,없음,MNO,False,4,2
CUS003214,무관,False,True,False,없음,MVNO,True,2,10
CUS003215,무관,False,False,True,없음,MVNO,True,3,1
CUS003216,LTE,True,True,False,없음,MVNO,True,3,1
CUS003217,무관,False,False,False,없음,MVNO,False,3,10
CUS003218,5G,False,False,False,없음,MNO,True,5,1
CUS003219,LTE,False,False,False,없음,MNO,True,4,1
CUS003220,무관,False,True,False,없음,MNO,True,4,5
CUS003221,5G,False,False,True,없음,MNO,True,3,2
CUS003222,5G,True,True,False,없음,MNO,True,3,1
CUS003223,5G,False,False,False,없음,MVNO,True,2,1
CUS003224,5G,False,False,True,없음,MNO,False,3,2
CUS003225,LTE,False,True,True,없음,MVNO,True,5,5
CUS003226,무관,False,True,True,없음,MVNO,True,2,2
CUS003227,LTE,False,True,False,없음,MNO,True,3,10
CUS003228,LTE,False,False,False,없음,MNO,True,1,5
CUS003229,5G,False,True,False,없음,MNO,False,4,2
CUS003230,LTE,False,True,False,없음,MVNO,True,4,10
CUS003231,무관,False,True,False,없음,MVNO,False,4,10
CUS003232,LTE,False,True,False,없음,MNO,True,4,1
CUS003233,5G,False,False,True,디즈니플러스,MVNO,True,5,5
CUS003234,LTE,False,False,False,없음,MVNO,True,4,10
CUS003235,5G,False,True,False,없음,MVNO,True,2,1
CUS003236,무관,False,True,False,없음,MVNO,False,2,10
CUS003237,LTE,False,False,False,없음,MNO,False,2,10
CUS003238,LTE,False,True,False,없음,MVNO,False,3,5
CUS003239,LTE,False,True,False,없음,MVNO,True,5,1
CUS003240,무관,False,False,False,없음,MVNO,False,4,2
CUS003241,LTE,False,True,False,없음,MVNO,True,5,2
CUS003242,무관,False,True,True,없음,MVNO,True,3,5
CUS003243,무관,False,False,False,없음,MVNO,False,1,1
CUS003244,5G,False,True,False,없음,MNO,True,5,2
CUS003245,5G,True,True,True,없음,MVNO,True,3,1
CUS003246,무관,False,True,False,없음,MVNO,False,2,10
CUS003247,무관,False,False,False,없음,MNO,True,4,1
CUS003248,5G,False,False,True,없음,MVNO,True,4,5
CUS003249,5G,False,True,False,없음,MNO,True,4,1
CUS003250,LTE,False,True,False,없음,MVNO,True,4,10
CUS003251,LTE,True,True,False,없음,MVNO,True,2,1
CUS003252,LTE,False,False,False,없음,MNO,True,4,5
CUS003253,5G,False,True,False,없음,MNO,True,2,2
CUS003254,5G,False,True,False,없음,MVNO,True,4,10
CUS003255,5G,True,False,False,없음,MVNO,True,3,1
CUS003256,LTE,False,True,False,없음,MNO,True,2,5
CUS003257,LTE,False,True,False,없음,MNO,True,2,1
CUS003258,5G,True,True,True,넷플릭스,MNO,False,2,2
CUS003259,5G,False,False,False,없음,MVNO,True,4,1
CUS003260,5G,False,True,False,없음,MNO,True,1,5
CUS003261,무관,True,False,False,없음,MNO,True,1,2
CUS003262,5G,False,True,True,넷플릭스,MNO,True,3,5
CUS003263,무관,False,True,False,없음,MNO,True,2,10
CUS003264,무관,False,True,False,없음,MNO,False,2,1
CUS003265,무관,False,False,False,넷플릭스,MVNO,True,4,10
CUS003266,5G,False,False,True,없음,MVNO,True,3,2
CUS003267,LTE,False,True,False,없음,MNO,True,4,2
CUS003268,5G,False,True,False,없음,MVNO,True,4,2
CUS003269,5G,False,False,True,없음,MVNO,False,3,5
CUS003270,무관,False,False,True,없음,MVNO,True,1,10
CUS003271,무관,False,True,False,없음,MNO,True,4,1
CUS003272,5G,False,True,False,없음,MNO,True,1,10
CUS003273,5G,False,False,False,없음,MNO,True,2,2
CUS003274,LTE,False,False,True,없음,MVNO,False,3,1
CUS003275,5G,False,False,False,없음,MNO,True,5,1
CUS003276,LTE,False,False,False,없음,MNO,False,3,5
CUS003277,무관,False,True,False,없음,MNO,True,4,10
CUS003278,LTE,False,False,False,없음,MNO,False,1,2
CUS003279,LTE,False,True,False,없음,MNO,True,4,10
CUS003280,LTE,False,False,False,없음,MNO,True,4,1
CUS003281,5G,True,True,False,없음,MNO,True,2,1
CUS003282,5G,False,True,False,없음,MNO,True,4,5
CUS003283,LTE,False,False,False,없음,MNO,False,4,10
CUS003284,5G,False,False,True,없음,MNO,True,3,2
CUS003285,무관,False,True,False,없음,MNO,False,5,1
CUS003286,5G,False,False,True,없음,MNO,True,4,2
CUS003287,무관,False,True,False,없음,MVNO,True,4,10
CUS003288,5G,False,True,False,디즈니플러스,MVNO,True,3,2
CUS003289,무관,False,False,True,없음,MVNO,True,5,10
CUS003290,5G,False,True,False,디즈니플러스,MNO,False,4,10
CUS003291,5G,True,True,False,없음,MNO,True,5,2
CUS003292,5G,True,False,False,없음,MNO,True,1,2
CUS003293,LTE,False,True,True,없음,MVNO,True,5,1
CUS003294,5G,False,False,True,없음,MNO,True,2,2
CUS003295,5G,False,True,False,없음,MNO,False,4,10
CUS003296,LTE,False,False,False,디즈니플러스,MVNO,False,3,2
CUS003297,5G,False,False,False,없음,MNO,False,5,10
CUS003298,5G,False,False,True,디즈니플러스,MVNO,True,2,10
CUS003299,5G,False,False,False,없음,MNO,True,4,1
CUS003300,무관,False,False,False,없음,MVNO,True,3,5
CUS003301,LTE,False,False,False,없음,MVNO,True,2,10
CUS003302,5G,False,False,False,없음,MVNO,True,3,5
CUS003303,5G,False,False,False,없음,MNO,False,2,10
CUS003304,5G,False,False,True,없음,MNO,False,3,2
CUS003305,무관,False,True,True,없음,MVNO,True,1,2
CUS003306,LTE,False,False,False,없음,MNO,True,3,10
CUS003307,LTE,False,True,False,없음,MNO,False,2,2
CUS003308,무관,False,False,False,없음,MVNO,True,2,1
CUS003309,무관,False,False,False,없음,MNO,True,1,10
CUS003310,무관,False,False,False,없음,MVNO,False,2,10
CUS003311,LTE,True,False,False,없음,MNO,False,4,2
CUS003312,5G,False,False,False,없음,MVNO,True,5,10
CUS003313,LTE,False,True,True,없음,MVNO,True,4,10
CUS003314,무관,False,False,False,없음,MVNO,True,4,5
CUS003315,5G,False,True,False,디즈니플러스,MNO,True,4,2
CUS003316,LTE,False,True,False,없음,MNO,False,5,5
CUS003317,LTE,False,False,False,없음,MNO,True,3,10
CUS003318,LTE,False,False,True,없음,MVNO,False,5,2
CUS003319,5G,False,False,False,없음,MVNO,True,3,1
CUS003320,LTE,False,True,False,없음,MNO,False,4,1
CUS003321,무관,True,True,False,없음,MVNO,True,5,1
CUS003322,LTE,False,False,True,없음,MNO,True,3,1
CUS003323,LTE,False,True,True,없음,MNO,True,5,1
CUS003324,5G,False,False,False,없음,MNO,True,2,2
CUS003325,5G,False,True,False,없음,MNO,False,5,5
CUS003326,무관,False,False,True,없음,MNO,True,3,1
CUS003327,무관,False,True,True,없음,MVNO,False,2,5
CUS003328,LTE,False,True,True,없음,MNO,True,2,1
CUS003329,LTE,False,True,True,없음,MNO,True,3,5
CUS003330,무관,False,True,False,넷플릭스,MNO,False,3,10
CUS003331,LTE,False,True,False,없음,MNO,True,3,10
CUS003332,무관,False,True,False,없음,MNO,True,4,1
CUS003333,무관,False,False,False,없음,MNO,False,1,5
CUS003334,5G,False,False,False,없음,MVNO,True,4,10
CUS003335,5G,False,False,False,없음,MNO,True,4,2
CUS003336,LTE,False,False,False,없음,MVNO,True,4,1
CUS003337,LTE,False,True,True,없음,MVNO,True,2,5
CUS003338,5G,False,False,False,없음,MNO,True,4,2
CUS003339,무관,False,True,True,없음,MVNO,True,1,2
CUS003340,5G,True,True,False,없음,MNO,True,4,2
CUS003341,5G,False,False,True,없음,MNO,False,5,1
CUS003342,5G,False,False,False,없음,MNO,False,1,1
CUS003343,5G,False,True,False,없음,MNO,True,3,5
CUS003344,5G,False,True,True,없음,MVNO,False,2,1
CUS003345,LTE,False,True,True,없음,MNO,True,3,2
CUS003346,무관,False,False,False,없음,MVNO,True,1,10
CUS003347,무관,False,True,True,없음,MNO,False,3,1
CUS003348,LTE,False,True,False,없음,MNO,True,2,10
CUS003349,무관,False,True,False,없음,MVNO,False,5,10
CUS003350,5G,False,True,False,없음,MNO,True,4,2
CUS003351,무관,False,False,False,없음,MNO,False,3,1
CUS003352,무관,False,False,False,없음,MVNO,True,4,1
CUS003353,무관,False,False,True,없음,MVNO,True,4,1
CUS003354,무관,False,False,False,없음,MNO,True,2,10
CUS003355,무관,False,True,True,없음,MNO,False,4,10
CUS003356,무관,False,True,False,없음,MVNO,True,5,10
CUS003357,LTE,False,False,False,없음,MVNO,False,2,1
CUS003358,무관,False,True,True,없음,MNO,False,2,2
CUS003359,LTE,False,True,True,없음,MNO,False,5,10
CUS003360,무관,False,True,False,없음,MVNO,False,4,1
CUS003361,5G,False,True,False,없음,MVNO,True,4,5
CUS003362,무관,False,True,False,없음,MVNO,True,2,5
CUS003363,LTE,False,True,False,없음,MVNO,False,4,2
CUS003364,5G,False,False,False,없음,MVNO,False,4,2
CUS003365,5G,False,True,True,없음,MNO,True,2,1
CUS003366,무관,False,False,True,없음,MVNO,True,4,5
CUS003367,무관,False,True,True,없음,MNO,True,3,10
CUS003368,무관,False,False,False,없음,MNO,True,4,5
CUS003369,5G,False,True,False,없음,MNO,False,3,2
CUS003370,무관,False,True,True,없음,MNO,True,4,2
CUS003371,5G,False,False,False,없음,MNO,True,2,10
CUS003372,LTE,False,False,True,없음,MNO,True,4,2
CUS003373,무관,False,True,False,없음,MNO,True,3,2
CUS003374,무관,True,True,True,없음,MNO,True,4,2
CUS003375,무관,False,False,False,없음,MNO,False,2,2
CUS003376,5G,False,True,False,없음,MVNO,True,2,2
CUS003377,LTE,False,True,True,없음,MNO,True,4,2
CUS003378,무관,False,True,True,넷플릭스,MVNO,True,2,1
CUS003379,LTE,False,True,True,없음,MVNO,True,4,1
CUS003380,무관,False,False,True,없음,MVNO,True,4,1
CUS003381,5G,False,True,False,없음,MNO,True,3,2
CUS003382,5G,False,False,False,넷플릭스,MVNO,True,3,5
CUS003383,무관,False,True,False,없음,MVNO,False,4,1
CUS003384,5G,False,True,False,없음,MNO,False,2,1
CUS003385,5G,False,True,False,없음,MVNO,True,2,1
CUS003386,무관,False,True,False,없음,MVNO,True,5,1
CUS003387,무관,False,True,True,없음,MVNO,False,3,2
CUS003388,무관,False,True,False,없음,MVNO,True,4,10
CUS003389,LTE,False,False,True,디즈니플러스,MNO,False,2,10
CUS003390,무관,False,False,False,없음,MNO,False,5,10
CUS003391,5G,False,False,True,없음,MNO,False,4,2
CUS003392,무관,False,True,True,없음,MNO,False,4,2
CUS003393,LTE,False,True,False,없음,MNO,True,4,2
CUS003394,LTE,False,False,True,없음,MVNO,True,1,2
CUS003395,무관,False,True,True,없음,MVNO,True,2,5
CUS003396,무관,False,False,False,없음,MVNO,True,3,10
CUS003397,무관,False,True,False,없음,MNO,True,3,5
CUS003398,5G,False,False,False,없음,MVNO,True,3,10
CUS003399,5G,False,True,False,없음,MNO,True,3,10
CUS003400,LTE,False,False,False,없음,MVNO,True,3,2
CUS003401,무관,False,True,False,없음,MNO,False,3,5
CUS003402,LTE,False,False,False,없음,MNO,True,2,10
CUS003403,5G,False,True,False,없음,MVNO,True,5,10
CUS003404,무관,False,True,True,없음,MVNO,True,4,10
CUS003405,5G,False,True,True,없음,MNO,True,4,1
CUS003406,LTE,False,True,False,없음,MNO,False,4,10
CUS003407,무관,False,True,True,없음,MNO,False,5,10
CUS003408,5G,False,True,False,없음,MVNO,True,5,2
CUS003409,LTE,False,False,False,없음,MNO,True,4,1
CUS003410,5G,False,True,False,없음,MNO,True,2,1
CUS003411,무관,False,True,False,없음,MVNO,True,2,2
CUS003412,5G,False,True,True,디즈니플러스,MNO,True,3,1
CUS003413,무관,False,True,False,없음,MVNO,True,3,5
CUS003414,LTE,False,True,False,없음,MVNO,False,5,5
CUS003415,LTE,False,False,False,없음,MNO,True,3,1
CUS003416,5G,False,True,True,없음,MNO,False,4,2
CUS003417,무관,False,False,False,없음,MVNO,True,4,10
CUS003418,무관,False,False,True,디즈니플러스,MNO,True,3,2
CUS003419,무관,False,False,True,없음,MNO,True,4,2
CUS003420,무관,False,False,False,없음,MVNO,False,5,2
CUS003421,LTE,False,True,False,없음,MNO,True,2,10
CUS003422,5G,False,True,True,없음,MVNO,True,4,2
CUS003423,LTE,False,True,True,없음,MVNO,True,5,5
CUS003424,5G,False,True,False,없음,MVNO,False,3,5
CUS003425,무관,False,False,False,디즈니플러스,MVNO,True,2,1
CUS003426,5G,False,False,False,없음,MNO,True,5,1
CUS003427,LTE,False,False,False,없음,MNO,True,5,1
CUS003428,5G,False,True,False,없음,MNO,True,5,10
CUS003429,무관,True,True,False,없음,MNO,True,4,2
CUS003430,무관,True,True,False,넷플릭스,MNO,True,1,10
CUS003431,무관,False,False,True,없음,MNO,True,1,2
CUS003432,5G,False,False,False,없음,MNO,True,3,10
CUS003433,5G,False,False,False,없음,MNO,True,4,10
CUS003434,무관,False,True,False,없음,MNO,True,5,5
CUS003435,무관,False,False,True,없음,MNO,True,4,10
CUS003436,LTE,False,False,False,없음,MNO,False,3,1
CUS003437,LTE,False,False,False,없음,MNO,True,1,2
CUS003438,LTE,False,False,False,없음,MNO,False,5,5
CUS003439,LTE,False,True,False,없음,MNO,False,3,1
CUS003440,LTE,False,False,False,없음,MVNO,True,3,5
CUS003441,5G,False,True,True,없음,MNO,True,5,10
CUS003442,5G,False,False,True,없음,MNO,False,2,1
CUS003443,LTE,False,True,False,없음,MVNO,False,4,1
CUS003444,LTE,False,True,False,없음,MNO,False,2,10
CUS003445,5G,False,True,True,없음,MVNO,True,2,2
CUS003446,5G,False,False,False,디즈니플러스,MNO,True,3,5
CUS003447,5G,False,True,True,없음,MVNO,True,5,1
CUS003448,5G,False,False,False,없음,MNO,True,4,10
CUS003449,무관,False,False,False,없음,MNO,True,5,10
CUS003450,무관,False,True,True,디즈니플러스,MVNO,False,4,5
CUS003451,LTE,False,False,False,없음,MNO,False,4,10
CUS003452,무관,False,True,False,없음,MVNO,False,2,10
CUS003453,무관,False,False,True,없음,MNO,True,4,5
CUS003454,LTE,True,False,False,없음,MNO,True,4,2
CUS003455,LTE,False,True,False,없음,MNO,False,3,2
CUS003456,무관,False,True,True,없음,MVNO,False,3,1
CUS003457,5G,False,True,False,없음,MVNO,True,3,1
CUS003458,5G,False,True,False,없음,MNO,False,2,2
CUS003459,5G,False,True,True,없음,MNO,True,4,10
CUS003460,LTE,False,True,False,없음,MNO,True,3,5
CUS003461,무관,False,True,False,없음,MNO,True,4,1
CUS003462,무관,False,True,False,없음,MVNO,True,5,1
CUS003463,무관,False,True,True,디즈니플러스,MNO,True,5,5
CUS003464,무관,False,True,False,없음,MNO,True,3,10
CUS003465,무관,False,False,True,없음,MNO,True,2,1
CUS003466,무관,False,False,False,없음,MNO,True,4,5
CUS003467,무관,False,True,True,없음,MVNO,True,3,5
CUS003468,LTE,False,True,False,없음,MNO,True,4,1
CUS003469,무관,False,False,True,없음,MNO,False,3,2
CUS003470,무관,False,False,True,없음,MNO,False,4,2
CUS003471,5G,False,True,True,없음,MNO,True,3,1
CUS003472,무관,False,False,True,없음,MVNO,True,4,5
CUS003473,5G,False,True,False,없음,MNO,False,2,2
CUS003474,LTE,False,False,True,없음,MNO,True,2,10
CUS003475,무관,False,False,False,없음,MVNO,True,3,5
CUS003476,무관,False,False,False,없음,MNO,True,4,10
CUS003477,5G,False,False,False,없음,MVNO,True,3,10
CUS003478,LTE,False,False,False,없음,MVNO,True,4,2
CUS003479,LTE,False,False,False,없음,MNO,True,2,5
CUS003480,무관,False,True,True,없음,MNO,True,5,2
CUS003481,무관,False,False,False,없음,MNO,True,4,2
CUS003482,무관,False,True,True,없음,MNO,True,4,1
CUS003483,5G,False,True,False,없음,MVNO,True,3,1
CUS003484,LTE,False,False,False,없음,MNO,False,4,1
CUS003485,무관,False,False,False,없음,MNO,True,4,5
CUS003486,LTE,False,True,True,없음,MNO,True,4,5
CUS003487,무관,False,True,False,없음,MNO,True,2,5
CUS003488,LTE,False,True,True,없음,MNO,True,4,10
CUS003489,LTE,False,True,True,없음,MVNO,True,5,2
CUS003490,5G,False,True,False,없음,MVNO,False,2,2
CUS003491,LTE,False,False,True,없음,MVNO,False,4,5
CUS003492,LTE,True,True,False,없음,MNO,True,4,5
CUS003493,5G,False,True,False,없음,MNO,True,4,2
CUS003494,5G,False,True,True,없음,MVNO,True,1,5
CUS003495,LTE,False,True,False,넷플릭스,MVNO,False,4,10
CUS003496,LTE,False,False,False,없음,MNO,False,4,10
CUS003497,5G,False,False,False,없음,MNO,False,3,1
CUS003498,LTE,True,True,False,없음,MVNO,True,5,2
CUS003499,5G,False,True,False,없음,MVNO,True,3,1
CUS003500,LTE,False,False,True,없음,MVNO,True,5,2
