customer_id,age,age_segment,usage_segment,gender,plan_code,subscription_start_date,discount_tf,actual_plan_charge_krw,assignment_intent
CUS000001,6,CHILD,S1_저사용절약형,M,25216,2025-12-05,True,4180,shortage
CUS000002,9,CHILD,S2_일반균형형,M,29758,2024-02-04,False,34900,good
CUS000003,9,CHILD,S2_일반균형형,M,1681_초이스110_만 18세 이하_넷플릭스,2024-12-09,True,82500,over
CUS000004,9,CHILD,S1_저사용절약형,F,1681_초이스110_만 34세 이하_넷플릭스,2025-09-17,True,82500,over
CUS000005,7,CHILD,S1_저사용절약형,F,25273,2024-07-23,False,39600,over
CUS000006,11,CHILD,S1_저사용절약형,F,1695_키즈38,2024-05-15,True,28500,good
CUS000007,12,CHILD,S2_일반균형형,M,NA00009785,2026-04-15,True,44250,good
CUS000008,11,CHILD,S1_저사용절약형,F,1695_키즈38,2024-11-19,True,28500,good
CUS000009,12,CHILD,S2_일반균형형,F,1694_베이직 10GB(이월)_만 34세 이하,2024-04-19,True,37500,good
CUS000010,9,CHILD,S1_저사용절약형,M,LPZ1007770,2024-09-04,True,21000,shortage
CUS000011,11,CHILD,S1_저사용절약형,F,26265,2025-02-24,False,9500,shortage
CUS000012,7,CHILD,S1_저사용절약형,M,LPZ1007768,2025-10-20,True,24750,good
CUS000013,9,CHILD,S1_저사용절약형,F,LPZ1006736,2024-11-08,True,21750,shortage
CUS000014,9,CHILD,S1_저사용절약형,M,NA00007492,2025-07-05,True,27000,good
CUS000015,12,CHILD,S1_저사용절약형,M,33037,2024-02-23,True,10,good
CUS000016,11,CHILD,S1_저사용절약형,F,NA00009781,2025-01-20,True,29250,good
CUS000017,12,CHILD,S1_저사용절약형,M,36927,2025-07-18,True,14000,good
CUS000018,6,CHILD,S2_일반균형형,F,1693_베이직21GB,2023-12-02,True,43500,good
CUS000019,12,CHILD,S1_저사용절약형,M,1694_베이직 7GB(이월),2025-10-27,True,33750,good
CUS000020,10,CHILD,S1_저사용절약형,F,NA00007492,2025-07-14,True,27000,good
CUS000021,8,CHILD,S1_저사용절약형,F,Z202205252_마니아디바이스,2025-10-01,True,78750,over
CUS000022,7,CHILD,S1_저사용절약형,F,LPZ1006734,2025-03-22,True,27750,good
CUS000023,6,CHILD,S1_저사용절약형,M,NA00009781_만 34세 이하,2024-12-07,True,29250,good
CUS000024,9,CHILD,S2_일반균형형,F,LPZ1007706,2025-08-14,True,41250,good
CUS000025,6,CHILD,S1_저사용절약형,M,NA00007492,2024-03-30,True,27000,good
CUS000026,7,CHILD,S1_저사용절약형,F,NA00009781_만 34세 이하,2026-01-02,True,29250,good
CUS000027,11,CHILD,S2_일반균형형,F,1693_베이직10GB_만 34세 이하,2024-09-29,True,37500,good
CUS000028,8,CHILD,S2_일반균형형,M,1693_베이직10GB,2026-04-27,True,37500,shortage
CUS000029,7,CHILD,S1_저사용절약형,M,13787,2024-12-12,False,14900,good
CUS000030,11,CHILD,S1_저사용절약형,M,1695_키즈38,2025-09-09,True,28500,good
CUS000031,8,CHILD,S2_일반균형형,M,NA00009784_만 34세 이하,2025-08-07,True,41250,good
CUS000032,10,CHILD,S1_저사용절약형,F,LPZ1006736,2023-10-23,True,21750,shortage
CUS000033,8,CHILD,S2_일반균형형,F,1693_베이직14GB_만 34세 이하,2026-02-06,True,41250,good
CUS000034,9,CHILD,S2_일반균형형,F,34303,2025-12-04,True,2900,good
CUS000035,10,CHILD,S1_저사용절약형,M,1681_초이스130_만 18세 이하_디즈니+,2025-12-27,True,97500,over
CUS000036,9,CHILD,S1_저사용절약형,F,23092,2026-03-31,True,800,over
CUS000037,11,CHILD,S2_일반균형형,F,LPZ1007706,2026-06-11,True,41250,good
CUS000038,8,CHILD,S1_저사용절약형,M,LPZ1006736,2025-06-01,True,21750,shortage
CUS000039,6,CHILD,S1_저사용절약형,M,Z202205253_데일리,2023-12-11,True,97500,over
CUS000040,11,CHILD,S1_저사용절약형,M,23771,2025-09-13,False,1490,good
CUS000041,12,CHILD,S2_일반균형형,M,NA00009785,2023-10-27,True,44250,good
CUS000042,7,CHILD,S1_저사용절약형,F,1695_키즈38,2025-08-27,True,28500,good
CUS000043,12,CHILD,S1_저사용절약형,F,NA00009800,2026-06-08,True,81750,over
CUS000044,6,CHILD,S1_저사용절약형,M,NA00009791_만 34세 이하,2026-04-11,True,59250,over
CUS000045,12,CHILD,S1_저사용절약형,M,1681_초이스130_만 18세 이하_삼성,2025-01-03,True,97500,over
CUS000046,12,CHILD,S1_저사용절약형,M,Z202605261,2024-02-03,True,21750,shortage
CUS000047,11,CHILD,S1_저사용절약형,F,10385,2025-12-26,True,4900,good
CUS000048,11,CHILD,S1_저사용절약형,M,26802,2024-08-07,True,7700,good
CUS000049,8,CHILD,S2_일반균형형,F,NA00009784_만 34세 이하,2024-04-22,True,41250,good
CUS000050,12,CHILD,S1_저사용절약형,M,LPZ1006741,2023-11-05,True,27750,good
CUS000051,6,CHILD,S2_일반균형형,M,1567_요고 38,2025-09-25,True,28500,good
CUS000052,12,CHILD,S2_일반균형형,F,NA00009785,2025-02-20,True,44250,good
CUS000053,8,CHILD,S2_일반균형형,F,1693_베이직14GB_만 34세 이하,2023-11-16,True,41250,good
CUS000054,10,CHILD,S1_저사용절약형,M,1694_베이직 7GB(이월),2024-12-14,True,33750,good
CUS000055,10,CHILD,S1_저사용절약형,F,1693_베이직7GB,2025-01-09,True,33750,good
CUS000056,11,CHILD,S1_저사용절약형,F,1693_베이직30GB,2024-03-24,True,45750,over
CUS000057,9,CHILD,S1_저사용절약형,F,1693_베이직7GB,2024-08-29,True,33750,good
CUS000058,12,CHILD,S1_저사용절약형,M,NA00009781_만 18세 이하,2023-12-09,True,29250,good
CUS000059,6,CHILD,S1_저사용절약형,F,36751,2024-02-07,True,2200,good
CUS000060,11,CHILD,S2_일반균형형,F,34675,2024-09-13,True,10560,shortage
CUS000061,10,CHILD,S1_저사용절약형,F,LPZ1007768,2023-09-23,True,24750,good
CUS000062,11,CHILD,S1_저사용절약형,M,NA00009781_만 34세 이하,2026-05-01,True,29250,good
CUS000063,9,CHILD,S1_저사용절약형,M,NA00009781_만 34세 이하,2025-01-20,True,29250,good
CUS000064,11,CHILD,S1_저사용절약형,F,NA00009781,2024-03-24,True,29250,good
CUS000065,10,CHILD,S1_저사용절약형,F,Z202605260,2023-09-30,True,27750,good
CUS000066,9,CHILD,S2_일반균형형,M,NA00005628,2026-04-19,True,30750,shortage
CUS000067,7,CHILD,S1_저사용절약형,M,NA00009791,2023-11-13,True,59250,over
CUS000068,12,CHILD,S1_저사용절약형,F,NA00007492,2025-01-01,True,27000,good
CUS000069,11,CHILD,S2_일반균형형,F,26837,2025-03-24,True,100,good
CUS000070,12,CHILD,S2_일반균형형,M,NA00009784_만 34세 이하,2026-05-13,True,41250,good
CUS000071,9,CHILD,S1_저사용절약형,M,NA00007492,2025-02-20,True,27000,good
CUS000072,10,CHILD,S2_일반균형형,F,36734,2025-10-30,True,10,good
CUS000073,6,CHILD,S1_저사용절약형,F,Z202605260,2025-02-07,True,27750,good
CUS000074,11,CHILD,S2_일반균형형,F,1694_베이직 14GB(이월)_만 34세 이하,2024-05-20,True,41250,good
CUS000075,11,CHILD,S1_저사용절약형,M,LPZ1007768,2025-08-10,True,24750,good
CUS000076,12,CHILD,S2_일반균형형,F,1693_베이직14GB_만 34세 이하,2026-02-20,True,41250,good
CUS000077,7,CHILD,S2_일반균형형,M,13983,2026-02-08,True,33000,good
CUS000078,10,CHILD,S2_일반균형형,F,36333,2025-09-23,False,52800,good
CUS000079,12,CHILD,S1_저사용절약형,M,NA00005479,2024-12-10,True,20872,shortage
CUS000080,6,CHILD,S2_일반균형형,M,1694_베이직 10GB(이월)_만 34세 이하,2025-08-07,True,37500,good
CUS000081,6,CHILD,S2_일반균형형,F,29084,2025-05-20,False,19900,good
CUS000082,6,CHILD,S1_저사용절약형,F,33542,2024-08-04,True,110,good
CUS000083,6,CHILD,S1_저사용절약형,M,NA00009804_만 34세 이하,2024-01-10,True,81750,over
CUS000084,7,CHILD,S1_저사용절약형,F,33940,2026-06-19,True,6600,good
CUS000085,8,CHILD,S1_저사용절약형,F,LPZ1006734,2024-02-25,True,27750,good
CUS000086,12,CHILD,S1_저사용절약형,F,36293,2024-08-01,False,23600,good
CUS000087,12,CHILD,S2_일반균형형,M,Z202205253_디즈니+,2025-03-23,True,97500,over
CUS000088,9,CHILD,S1_저사용절약형,F,1693_베이직600MB_만 18세 이하,2024-12-06,True,21675,shortage
CUS000089,6,CHILD,S1_저사용절약형,M,LPZ1006741,2026-06-18,True,27750,good
CUS000090,6,CHILD,S2_일반균형형,F,1567_요고 36,2026-04-22,True,27000,good
CUS000091,6,CHILD,S2_일반균형형,M,1693_베이직30GB,2025-06-10,True,45750,good
CUS000092,11,CHILD,S2_일반균형형,F,1693_베이직600MB_만 18세 이하,2025-10-10,True,21675,shortage
CUS000093,12,CHILD,S1_저사용절약형,F,36788,2025-04-21,True,990,good
CUS000094,9,CHILD,S1_저사용절약형,F,18425,2025-03-07,False,5900,good
CUS000095,10,CHILD,S1_저사용절약형,M,NA00009781_만 18세 이하,2023-10-13,True,29250,good
CUS000096,6,CHILD,S1_저사용절약형,M,1695_키즈28,2023-09-18,True,21000,shortage
CUS000097,7,CHILD,S1_저사용절약형,M,NA00009781_만 18세 이하,2023-11-11,True,29250,good
CUS000098,8,CHILD,S1_저사용절약형,F,NA00009781_만 18세 이하,2025-07-01,True,29250,good
CUS000099,10,CHILD,S1_저사용절약형,F,LPZ1006734,2025-10-19,True,27750,good
CUS000100,8,CHILD,S1_저사용절약형,F,NA00007492,2023-09-29,True,27000,good
CUS000101,11,CHILD,S2_일반균형형,F,27376,2024-05-25,False,36300,good
CUS000102,7,CHILD,S1_저사용절약형,M,25290,2026-05-22,True,6230,good
CUS000103,6,CHILD,S2_일반균형형,M,1693_베이직21GB,2024-11-18,True,43500,good
CUS000104,9,CHILD,S1_저사용절약형,F,1694_베이직 7GB(이월),2025-04-02,True,33750,good
CUS000105,10,CHILD,S1_저사용절약형,M,LPZ1007663,2024-08-02,True,24750,shortage
CUS000106,9,CHILD,S2_일반균형형,M,9628,2025-04-15,False,14300,shortage
CUS000107,11,CHILD,S2_일반균형형,M,NA00005479,2025-07-19,True,20872,shortage
CUS000108,10,CHILD,S1_저사용절약형,F,1695_키즈38,2025-04-22,True,28500,good
CUS000109,12,CHILD,S1_저사용절약형,M,29746,2024-08-20,False,37900,over
CUS000110,9,CHILD,S1_저사용절약형,M,NA00006534,2026-05-22,True,24750,shortage
CUS000111,9,CHILD,S1_저사용절약형,M,1693_베이직10GB_만 18세 이하,2023-10-21,True,37500,over
CUS000112,10,CHILD,S1_저사용절약형,M,1695_키즈38,2024-06-05,True,28500,good
CUS000113,6,CHILD,S1_저사용절약형,F,26255,2024-11-28,False,9900,shortage
CUS000114,8,CHILD,S2_일반균형형,F,1567_요고 38,2024-05-15,True,28500,good
CUS000115,12,CHILD,S2_일반균형형,F,1567_요고 34,2024-07-11,True,25500,shortage
CUS000116,8,CHILD,S2_일반균형형,M,1693_베이직30GB_만 18세 이하,2025-05-27,True,45750,over
CUS000117,10,CHILD,S1_저사용절약형,F,NA00009781_만 34세 이하,2023-08-21,True,29250,good
CUS000118,10,CHILD,S1_저사용절약형,M,NA00007492,2025-10-05,True,27000,good
CUS000119,10,CHILD,S1_저사용절약형,M,Z202605260,2024-11-17,True,27750,good
CUS000120,8,CHILD,S2_일반균형형,F,1681_초이스110_만 34세 이하_폰케어,2024-03-14,True,82500,over
CUS000121,12,CHILD,S2_일반균형형,F,35390,2025-09-09,False,2600,shortage
CUS000122,10,CHILD,S2_일반균형형,M,LPZ1006740,2024-03-07,True,35250,shortage
CUS000123,10,CHILD,S1_저사용절약형,M,35438,2026-01-24,True,10000,over
CUS000124,11,CHILD,S2_일반균형형,M,1567_요고 36,2025-08-26,True,27000,good
CUS000125,9,CHILD,S1_저사용절약형,F,35352,2025-07-28,False,18300,good
CUS000126,7,CHILD,S2_일반균형형,F,1694_베이직 14GB(이월)_만 34세 이하,2024-12-14,True,41250,good
CUS000127,7,CHILD,S2_일반균형형,M,Z202605257,2023-10-08,True,45750,good
CUS000128,8,CHILD,S1_저사용절약형,F,1693_베이직1.4GB_만 34세 이하,2026-06-26,True,24750,shortage
CUS000129,11,CHILD,S2_일반균형형,F,NA00009785,2026-03-20,True,44250,good
CUS000130,7,CHILD,S1_저사용절약형,M,LPZ1007663,2024-12-24,True,24750,shortage
CUS000131,11,CHILD,S2_일반균형형,F,1694_베이직 14GB(이월)_만 34세 이하,2025-04-25,True,41250,good
CUS000132,9,CHILD,S2_일반균형형,M,1694_베이직 21GB(이월),2025-03-20,True,43500,good
CUS000133,6,CHILD,S2_일반균형형,M,1693_베이직10GB_만 18세 이하,2024-07-26,True,37500,good
CUS000134,9,CHILD,S2_일반균형형,M,17624,2024-04-11,True,38000,good
CUS000135,9,CHILD,S1_저사용절약형,F,30871,2024-05-24,False,2750,shortage
CUS000136,6,CHILD,S2_일반균형형,M,1694_베이직 14GB(이월)_만 34세 이하,2026-03-18,True,41250,good
CUS000137,6,CHILD,S1_저사용절약형,F,1693_베이직7GB,2023-09-27,True,33750,good
CUS000138,12,CHILD,S1_저사용절약형,F,11090,2025-01-22,True,1100,shortage
CUS000139,12,CHILD,S2_일반균형형,F,1693_베이직10GB_만 18세 이하,2023-12-12,True,37500,good
CUS000140,8,CHILD,S2_일반균형형,M,NA00009781,2026-06-08,True,29250,shortage
CUS000141,18,TEEN,S1_저사용절약형,M,1681_초이스110_만 34세 이하_삼성,2026-07-03,True,82500,over
CUS000142,13,TEEN,S2_일반균형형,M,35447,2024-01-12,True,100,good
CUS000143,18,TEEN,S2_일반균형형,F,15947,2025-09-27,True,30800,over
CUS000144,15,TEEN,S2_일반균형형,F,1693_베이직7GB_만 18세 이하,2025-08-04,True,33750,shortage
CUS000145,17,TEEN,S2_일반균형형,M,1567_요고 61,2024-05-19,True,45750,over
CUS000146,14,TEEN,S1_저사용절약형,F,1693_베이직7GB,2025-09-30,True,33750,good
CUS000147,17,TEEN,S1_저사용절약형,M,NA00009781,2024-04-09,True,29250,good
CUS000148,18,TEEN,S1_저사용절약형,M,NA00009781_만 34세 이하,2025-11-04,True,29250,good
CUS000149,13,TEEN,S1_저사용절약형,F,37112,2026-03-10,True,13300,good
CUS000150,14,TEEN,S1_저사용절약형,F,NA00006534_만 34세 이하,2025-03-01,True,24750,shortage
CUS000151,16,TEEN,S1_저사용절약형,F,1694_베이직 7GB(이월),2024-01-10,True,33750,good
CUS000152,15,TEEN,S1_저사용절약형,M,23743,2025-01-31,True,2700,good
CUS000153,18,TEEN,S1_저사용절약형,F,NA00009781_만 34세 이하,2026-06-13,True,29250,good
CUS000154,13,TEEN,S1_저사용절약형,F,1693_베이직7GB,2024-06-23,True,33750,good
CUS000155,15,TEEN,S2_일반균형형,M,1681_초이스130_만 34세 이하_티빙/지니/밀리,2025-02-01,True,97500,over
CUS000156,14,TEEN,S2_일반균형형,F,LPZ1007707,2023-08-25,True,35250,shortage
CUS000157,14,TEEN,S3_데이터헤비형,F,1693_베이직1.4GB_만 18세 이하,2023-11-23,True,24750,shortage
CUS000158,13,TEEN,S2_일반균형형,F,1694_베이직 7GB(이월)_만 18세 이하,2026-03-08,True,33750,shortage
CUS000159,14,TEEN,S2_일반균형형,M,1693_베이직14GB_만 18세 이하,2024-01-12,True,41250,good
CUS000160,17,TEEN,S1_저사용절약형,F,1697_음성 18.7_만 18세 이하,2024-01-29,True,14025,shortage
CUS000161,14,TEEN,S1_저사용절약형,M,36701,2025-10-29,True,550,good
CUS000162,17,TEEN,S2_일반균형형,F,1693_베이직14GB_만 34세 이하,2026-02-27,True,41250,good
CUS000163,14,TEEN,S1_저사용절약형,M,6830,2025-05-23,True,0,good
CUS000164,16,TEEN,S2_일반균형형,M,Z202605259,2025-12-25,True,41250,shortage
CUS000165,17,TEEN,S2_일반균형형,F,1693_베이직7GB,2023-09-13,True,33750,shortage
CUS000166,14,TEEN,S2_일반균형형,M,1692_초이스 더블 유튜브 프리미엄+디바이스_지니스마트음악감상,2024-02-05,True,90000,over
CUS000167,16,TEEN,S2_일반균형형,F,NA00009781_만 18세 이하,2024-12-22,True,29250,shortage
CUS000168,17,TEEN,S2_일반균형형,F,36808,2023-11-07,False,13000,good
CUS000169,18,TEEN,S2_일반균형형,M,1693_베이직30GB,2023-10-22,True,45750,good
CUS000170,17,TEEN,S1_저사용절약형,F,Z202605260,2025-06-22,True,27750,good
CUS000171,14,TEEN,S1_저사용절약형,M,35280,2025-10-22,True,15900,over
CUS000172,15,TEEN,S2_일반균형형,F,31937,2025-04-27,False,7200,good
CUS000173,13,TEEN,S2_일반균형형,M,33165,2025-03-25,True,21900,good
CUS000174,17,TEEN,S2_일반균형형,M,29784,2026-07-01,False,23100,good
CUS000175,15,TEEN,S1_저사용절약형,F,24339,2024-03-11,True,2900,good
CUS000176,18,TEEN,S1_저사용절약형,F,Z202605261,2024-11-12,True,21750,shortage
CUS000177,15,TEEN,S2_일반균형형,M,23373,2026-04-24,True,29000,good
CUS000178,15,TEEN,S1_저사용절약형,F,NA00009781,2025-08-15,True,29250,good
CUS000179,13,TEEN,S3_데이터헤비형,F,1567_요고 49,2025-02-23,True,36750,good
CUS000180,16,TEEN,S1_저사용절약형,F,Z202605260,2025-02-17,True,27750,good
CUS000181,13,TEEN,S1_저사용절약형,F,NA00009781_만 18세 이하,2026-04-01,True,29250,good
CUS000182,14,TEEN,S2_일반균형형,M,1567_요고 38,2026-02-12,True,28500,good
CUS000183,14,TEEN,S2_일반균형형,F,35467,2024-09-28,True,21000,over
CUS000184,15,TEEN,S1_저사용절약형,F,Z202605260,2025-11-13,True,27750,good
CUS000185,15,TEEN,S2_일반균형형,M,1693_베이직21GB,2025-01-03,True,43500,good
CUS000186,13,TEEN,S1_저사용절약형,F,25223,2024-12-31,True,10,good
CUS000187,17,TEEN,S1_저사용절약형,F,1694_베이직 4GB(이월),2026-06-03,True,27750,shortage
CUS000188,13,TEEN,S3_데이터헤비형,M,1681_초이스110_삼성,2024-06-01,True,82500,over
CUS000189,15,TEEN,S2_일반균형형,M,1693_베이직10GB_만 18세 이하,2026-05-01,True,37500,good
CUS000190,14,TEEN,S2_일반균형형,M,23124,2024-05-11,True,28500,over
CUS000191,16,TEEN,S1_저사용절약형,F,NA00009781_만 18세 이하,2026-05-27,True,29250,good
CUS000192,13,TEEN,S2_일반균형형,F,LPZ1007706,2025-03-17,True,41250,good
CUS000193,15,TEEN,S2_일반균형형,F,1694_베이직 10GB(이월)_만 18세 이하,2025-12-25,True,37500,good
CUS000194,13,TEEN,S3_데이터헤비형,M,NA00009790_만 34세 이하,2023-10-01,True,51750,good
CUS000195,13,TEEN,S1_저사용절약형,M,1681_초이스110_만 34세 이하_위버스,2026-07-03,True,82500,over
CUS000196,18,TEEN,S2_일반균형형,M,1567_요고 40,2024-08-10,True,30000,good
CUS000197,18,TEEN,S2_일반균형형,M,36333,2024-02-04,False,52800,good
CUS000198,17,TEEN,S1_저사용절약형,F,Z202605260,2026-05-06,True,27750,good
CUS000199,16,TEEN,S2_일반균형형,F,36838,2025-11-25,True,3300,good
CUS000200,16,TEEN,S2_일반균형형,M,1693_베이직100,2025-09-13,True,75000,over
CUS000201,18,TEEN,S2_일반균형형,F,1693_베이직21GB,2024-03-29,True,43500,good
CUS000202,15,TEEN,S3_데이터헤비형,M,1694_베이직 14GB(이월)_만 18세 이하,2024-06-09,True,41250,shortage
CUS000203,14,TEEN,S2_일반균형형,M,NA00009794,2024-12-30,True,66750,over
CUS000204,16,TEEN,S2_일반균형형,M,37142,2023-09-01,False,20400,good
CUS000205,14,TEEN,S2_일반균형형,F,29791,2024-05-07,False,20900,good
CUS000206,14,TEEN,S3_데이터헤비형,M,1694_베이직 7GB(이월),2025-05-17,True,33750,shortage
CUS000207,18,TEEN,S2_일반균형형,M,NA00009815_만 34세 이하,2025-07-23,True,96750,over
CUS000208,14,TEEN,S1_저사용절약형,M,NA00009781_만 34세 이하,2025-10-06,True,29250,good
CUS000209,17,TEEN,S2_일반균형형,M,1693_베이직1.4GB,2025-08-18,True,24750,shortage
CUS000210,18,TEEN,S1_저사용절약형,M,26989,2024-05-07,True,21500,over
CUS000211,18,TEEN,S1_저사용절약형,M,NA00009781_만 34세 이하,2025-09-13,True,29250,good
CUS000212,14,TEEN,S3_데이터헤비형,F,NA00009788_만 34세 이하,2024-12-08,True,49500,good
CUS000213,17,TEEN,S2_일반균형형,M,Z202605262,2026-04-28,True,21000,shortage
CUS000214,17,TEEN,S1_저사용절약형,M,Z202605260,2024-12-15,True,27750,good
CUS000215,17,TEEN,S2_일반균형형,F,Z202205251_구글원+보상패스,2024-01-27,True,86250,over
CUS000216,14,TEEN,S2_일반균형형,M,1694_베이직 7GB(이월)_만 34세 이하,2024-03-03,True,33750,shortage
CUS000217,17,TEEN,S3_데이터헤비형,F,15408,2025-10-21,False,55000,over
CUS000218,18,TEEN,S2_일반균형형,F,18764,2025-02-15,True,15100,shortage
CUS000219,15,TEEN,S1_저사용절약형,M,NA00009781,2025-10-07,True,29250,good
CUS000220,16,TEEN,S2_일반균형형,F,1681_초이스110_만 34세 이하_가전구독,2024-01-13,True,82500,over
CUS000221,14,TEEN,S1_저사용절약형,M,1693_베이직600MB,2024-02-04,True,21675,shortage
CUS000222,13,TEEN,S2_일반균형형,M,1694_베이직 10GB(이월)_만 34세 이하,2023-08-21,True,37500,good
CUS000223,14,TEEN,S1_저사용절약형,M,Z202605261,2023-10-29,True,21750,shortage
CUS000224,18,TEEN,S1_저사용절약형,M,1693_베이직600MB_만 18세 이하,2025-09-23,True,21675,shortage
CUS000225,18,TEEN,S2_일반균형형,M,NA00009817,2025-12-31,True,96750,over
CUS000226,15,TEEN,S2_일반균형형,M,LPZ1007769,2024-08-18,True,21750,shortage
CUS000227,18,TEEN,S3_데이터헤비형,M,NA00009788_만 34세 이하,2024-05-31,True,49500,good
CUS000228,18,TEEN,S1_저사용절약형,M,1694_베이직 7GB(이월),2026-05-12,True,33750,good
CUS000229,17,TEEN,S1_저사용절약형,F,36304,2024-02-23,True,20350,over
CUS000230,15,TEEN,S1_저사용절약형,M,37142,2025-02-04,False,20400,over
CUS000231,18,TEEN,S1_저사용절약형,M,16284,2026-01-24,True,12000,good
CUS000232,16,TEEN,S1_저사용절약형,F,1693_베이직7GB,2025-04-02,True,33750,good
CUS000233,17,TEEN,S1_저사용절약형,M,1681_초이스90_만 18세 이하_유튜브프리미엄,2026-01-09,True,67500,over
CUS000234,13,TEEN,S2_일반균형형,M,13982,2024-02-25,False,27500,good
CUS000235,13,TEEN,S1_저사용절약형,M,30988,2024-05-06,True,15000,good
CUS000236,16,TEEN,S2_일반균형형,F,1694_베이직 14GB(이월)_만 34세 이하,2025-11-16,True,41250,good
CUS000237,14,TEEN,S2_일반균형형,M,1694_베이직 21GB(이월),2025-12-31,True,43500,good
CUS000238,14,TEEN,S2_일반균형형,F,Z202205251_애플디바이스,2026-02-10,True,86250,over
CUS000239,16,TEEN,S2_일반균형형,F,Z202205253_우리집지킴이도어캠,2023-09-14,True,97500,over
CUS000240,18,TEEN,S1_저사용절약형,M,Z202605262,2025-09-04,True,21000,shortage
CUS000241,17,TEEN,S2_일반균형형,M,1681_초이스110_만 18세 이하_넷플릭스,2024-06-18,True,82500,over
CUS000242,13,TEEN,S1_저사용절약형,M,NA00009781_만 34세 이하,2025-10-04,True,29250,good
CUS000243,15,TEEN,S2_일반균형형,F,33936,2025-05-26,True,3300,good
CUS000244,14,TEEN,S2_일반균형형,F,1567_요고 38,2024-07-24,True,28500,good
CUS000245,13,TEEN,S1_저사용절약형,F,NA00009785,2024-08-25,True,44250,over
CUS000246,14,TEEN,S2_일반균형형,M,NA00009784_만 34세 이하,2023-10-26,True,41250,good
CUS000247,13,TEEN,S1_저사용절약형,M,NA00009781,2024-07-21,True,29250,good
CUS000248,14,TEEN,S1_저사용절약형,M,NA00009781_만 18세 이하,2026-01-01,True,29250,good
CUS000249,13,TEEN,S2_일반균형형,F,1693_베이직14GB_만 18세 이하,2026-05-07,True,41250,good
CUS000250,15,TEEN,S1_저사용절약형,M,LPZ1006741,2023-12-15,True,27750,good
CUS000251,18,TEEN,S1_저사용절약형,M,NA00009781_만 18세 이하,2024-09-22,True,29250,good
CUS000252,13,TEEN,S2_일반균형형,M,25315,2024-12-29,True,53900,over
CUS000253,18,TEEN,S1_저사용절약형,M,NA00009781_만 18세 이하,2023-10-12,True,29250,good
CUS000254,16,TEEN,S2_일반균형형,F,1681_초이스90_만 34세 이하_가전구독,2025-01-27,True,67500,over
CUS000255,15,TEEN,S3_데이터헤비형,M,LPZ1007702,2024-10-29,True,49500,good
CUS000256,13,TEEN,S1_저사용절약형,M,LPZ1006741,2024-01-07,True,27750,good
CUS000257,16,TEEN,S1_저사용절약형,M,LPZ1006741,2024-09-08,True,27750,good
CUS000258,18,TEEN,S3_데이터헤비형,F,1693_베이직50GB_만 18세 이하,2025-03-18,True,47250,good
CUS000259,16,TEEN,S2_일반균형형,F,1694_베이직 14GB(이월)_만 34세 이하,2025-08-02,True,41250,good
CUS000260,15,TEEN,S1_저사용절약형,F,NA00009781_만 18세 이하,2024-06-05,True,29250,good
CUS000261,15,TEEN,S1_저사용절약형,F,NA00005628,2025-10-07,True,30750,shortage
CUS000262,17,TEEN,S3_데이터헤비형,F,Z202606002,2026-05-10,True,24750,shortage
CUS000263,18,TEEN,S1_저사용절약형,F,29846,2026-06-30,False,9900,good
CUS000264,13,TEEN,S2_일반균형형,M,1694_베이직 21GB(이월),2024-05-15,True,43500,good
CUS000265,18,TEEN,S2_일반균형형,F,1694_베이직 10GB(이월)_만 18세 이하,2024-03-31,True,37500,good
CUS000266,14,TEEN,S2_일반균형형,F,1693_베이직21GB,2025-09-24,True,43500,good
CUS000267,13,TEEN,S2_일반균형형,M,1693_베이직14GB_만 18세 이하,2023-09-25,True,41250,good
CUS000268,18,TEEN,S2_일반균형형,F,Z202605258,2023-12-25,True,44250,good
CUS000269,15,TEEN,S1_저사용절약형,F,32020,2024-11-19,True,12210,good
CUS000270,18,TEEN,S2_일반균형형,M,1693_베이직14GB_만 34세 이하,2025-04-22,True,41250,good
CUS000271,13,TEEN,S2_일반균형형,F,36849,2025-08-20,True,8800,good
CUS000272,18,TEEN,S1_저사용절약형,F,NA00009781_만 18세 이하,2024-07-10,True,29250,good
CUS000273,13,TEEN,S2_일반균형형,F,1693_베이직4GB_만 34세 이하,2026-05-23,True,27750,shortage
CUS000274,15,TEEN,S2_일반균형형,M,1694_베이직 10GB(이월)_만 18세 이하,2025-12-19,True,37500,good
CUS000275,15,TEEN,S1_저사용절약형,M,30942,2024-03-07,False,21560,good
CUS000276,18,TEEN,S1_저사용절약형,M,Z202205252_디즈니+,2024-09-07,True,78750,over
CUS000277,15,TEEN,S2_일반균형형,M,1694_베이직 14GB(이월)_만 34세 이하,2023-08-26,True,41250,good
CUS000278,18,TEEN,S1_저사용절약형,M,27254,2023-11-29,True,12000,good
CUS000279,13,TEEN,S3_데이터헤비형,M,36681,2026-05-03,True,16000,good
CUS000280,18,TEEN,S1_저사용절약형,F,Z202205251_AI구독,2024-11-16,True,86250,over
CUS000281,15,TEEN,S2_일반균형형,F,1681_초이스110_만 34세 이하_가전구독,2025-08-12,True,82500,over
CUS000282,14,TEEN,S1_저사용절약형,M,35368,2024-01-06,True,100,good
CUS000283,17,TEEN,S2_일반균형형,F,31433,2023-10-18,True,32500,over
CUS000284,13,TEEN,S2_일반균형형,M,Z202605258,2023-12-04,True,44250,good
CUS000285,18,TEEN,S2_일반균형형,M,LPZ1007706,2025-05-25,True,41250,good
CUS000286,15,TEEN,S1_저사용절약형,F,NA00009781_만 18세 이하,2024-04-07,True,29250,good
CUS000287,15,TEEN,S3_데이터헤비형,F,1567_요고 49,2026-01-20,True,36750,good
CUS000288,14,TEEN,S3_데이터헤비형,F,NA00009788_만 34세 이하,2023-10-26,True,49500,good
CUS000289,18,TEEN,S1_저사용절약형,M,Z202605260,2026-04-29,True,27750,good
CUS000290,14,TEEN,S2_일반균형형,F,22816,2024-09-15,False,40000,good
CUS000291,14,TEEN,S2_일반균형형,M,NA00009802_만 34세 이하,2023-10-12,True,81750,over
CUS000292,15,TEEN,S1_저사용절약형,F,NA00009781_만 34세 이하,2023-10-16,True,29250,good
CUS000293,15,TEEN,S2_일반균형형,M,1567_요고 40,2025-08-02,True,30000,good
CUS000294,16,TEEN,S2_일반균형형,F,NA00009785,2024-06-06,True,44250,good
CUS000295,14,TEEN,S3_데이터헤비형,F,NA00009789_만 34세 이하,2025-01-28,True,51000,good
CUS000296,16,TEEN,S2_일반균형형,F,1692_초이스 더블 디바이스_만 34세 이하_밀리의서재,2025-02-09,True,90000,over
CUS000297,15,TEEN,S2_일반균형형,F,1693_베이직14GB_만 18세 이하,2025-11-07,True,41250,good
CUS000298,16,TEEN,S1_저사용절약형,M,36787,2023-12-06,True,990,good
CUS000299,15,TEEN,S1_저사용절약형,F,25212,2024-04-05,True,2230,shortage
CUS000300,15,TEEN,S2_일반균형형,M,26176,2025-07-04,False,8250,shortage
CUS000301,16,TEEN,S2_일반균형형,F,36813,2025-04-14,False,17000,good
CUS000302,17,TEEN,S2_일반균형형,F,29950,2025-11-20,False,30800,good
CUS000303,17,TEEN,S1_저사용절약형,M,1693_베이직600MB,2024-05-11,True,21675,shortage
CUS000304,18,TEEN,S1_저사용절약형,M,LPZ1007702,2026-01-23,True,49500,over
CUS000305,14,TEEN,S1_저사용절약형,M,NA00009805,2024-04-27,True,81750,over
CUS000306,17,TEEN,S1_저사용절약형,M,LPZ1006741,2026-01-31,True,27750,good
CUS000307,14,TEEN,S1_저사용절약형,M,LPZ1006741,2024-06-24,True,27750,good
CUS000308,13,TEEN,S2_일반균형형,M,29315,2024-03-01,True,10,shortage
CUS000309,15,TEEN,S2_일반균형형,M,1693_베이직10GB_만 34세 이하,2025-12-31,True,37500,good
CUS000310,15,TEEN,S1_저사용절약형,M,1693_베이직1.4GB_만 34세 이하,2025-08-09,True,24750,shortage
CUS000311,14,TEEN,S1_저사용절약형,F,Z202605260,2025-06-12,True,27750,good
CUS000312,14,TEEN,S2_일반균형형,M,36838,2024-08-28,True,3300,good
CUS000313,18,TEEN,S3_데이터헤비형,F,Z202205251_데일리,2023-11-23,True,86250,over
CUS000314,17,TEEN,S2_일반균형형,M,1567_요고 40,2025-02-18,True,30000,good
CUS000315,15,TEEN,S2_일반균형형,F,1567_요고 38,2024-02-07,True,28500,good
CUS000316,13,TEEN,S1_저사용절약형,F,22813,2023-08-25,False,46000,over
CUS000317,18,TEEN,S2_일반균형형,F,NA00009785,2025-09-26,True,44250,good
CUS000318,16,TEEN,S3_데이터헤비형,M,NA00009789_만 34세 이하,2025-08-27,True,51000,good
CUS000319,14,TEEN,S1_저사용절약형,M,NA00009787_만 34세 이하,2025-05-07,True,48000,over
CUS000320,18,TEEN,S2_일반균형형,F,1693_베이직14GB_만 18세 이하,2024-03-04,True,41250,good
CUS000321,14,TEEN,S3_데이터헤비형,M,Z202606002,2024-03-01,True,24750,shortage
CUS000322,14,TEEN,S1_저사용절약형,F,35207,2025-04-09,True,10,good
CUS000323,15,TEEN,S1_저사용절약형,F,25231,2025-06-02,True,2200,shortage
CUS000324,18,TEEN,S1_저사용절약형,F,NA00009781,2023-08-26,True,29250,good
CUS000325,13,TEEN,S1_저사용절약형,M,NA00009786,2026-04-02,True,46499,over
CUS000326,15,TEEN,S2_일반균형형,F,1693_베이직10GB_만 34세 이하,2025-12-11,True,37500,good
CUS000327,15,TEEN,S2_일반균형형,M,35464,2024-07-10,True,17000,shortage
CUS000328,18,TEEN,S2_일반균형형,F,1692_초이스 더블 유튜브 프리미엄+넷플릭스_만 34세 이하_쇼핑라운지할인쿠폰(5천원권),2025-10-19,True,90000,over
CUS000329,17,TEEN,S2_일반균형형,M,1693_베이직14GB_만 34세 이하,2025-12-06,True,41250,good
CUS000330,14,TEEN,S2_일반균형형,F,1693_베이직1.4GB_만 18세 이하,2023-11-25,True,24750,shortage
CUS000331,17,TEEN,S1_저사용절약형,M,1694_베이직 7GB(이월),2026-02-13,True,33750,good
CUS000332,18,TEEN,S2_일반균형형,M,NA00009797_만 34세 이하,2025-05-11,True,74250,over
CUS000333,13,TEEN,S1_저사용절약형,M,1693_베이직1.4GB_만 34세 이하,2025-11-25,True,24750,shortage
CUS000334,18,TEEN,S2_일반균형형,F,36734,2026-05-12,True,10,good
CUS000335,18,TEEN,S1_저사용절약형,M,NA00005627,2026-02-20,True,23250,shortage
CUS000336,17,TEEN,S3_데이터헤비형,M,37104,2023-12-27,True,13200,good
CUS000337,16,TEEN,S2_일반균형형,M,36903,2025-09-05,False,3300,shortage
CUS000338,13,TEEN,S1_저사용절약형,F,NA00009781_만 18세 이하,2024-10-31,True,29250,good
CUS000339,15,TEEN,S2_일반균형형,M,34363,2024-05-22,False,22000,good
CUS000340,17,TEEN,S2_일반균형형,M,1567_요고 30,2023-09-30,True,22500,shortage
CUS000341,17,TEEN,S3_데이터헤비형,F,35812,2024-09-02,True,27000,good
CUS000342,15,TEEN,S3_데이터헤비형,M,NA00009789_만 34세 이하,2023-12-28,True,51000,good
CUS000343,14,TEEN,S2_일반균형형,F,1693_베이직30GB_만 34세 이하,2023-12-20,True,45750,over
CUS000344,14,TEEN,S2_일반균형형,F,1694_베이직 7GB(이월),2024-08-12,True,33750,shortage
CUS000345,17,TEEN,S1_저사용절약형,F,1694_베이직 4GB(이월),2024-11-20,True,27750,shortage
CUS000346,15,TEEN,S1_저사용절약형,F,NA00009789_만 34세 이하,2026-06-02,True,51000,over
CUS000347,15,TEEN,S3_데이터헤비형,F,NA00009788,2025-10-07,True,49500,shortage
CUS000348,18,TEEN,S2_일반균형형,M,27375,2024-12-24,False,12100,good
CUS000349,17,TEEN,S1_저사용절약형,M,NA00009781,2023-10-02,True,29250,good
CUS000350,17,TEEN,S2_일반균형형,M,37139,2025-02-20,False,15400,good
CUS000351,15,TEEN,S2_일반균형형,M,Z202205251_데일리,2024-03-04,True,86250,over
CUS000352,15,TEEN,S2_일반균형형,F,1681_초이스110_티빙/지니/밀리,2023-11-29,True,82500,over
CUS000353,18,TEEN,S1_저사용절약형,M,1693_베이직7GB,2026-04-01,True,33750,good
CUS000354,13,TEEN,S1_저사용절약형,F,11741,2026-02-15,True,0,good
CUS000355,17,TEEN,S2_일반균형형,M,33040,2023-12-21,True,9900,shortage
CUS000356,16,TEEN,S2_일반균형형,M,36849,2025-07-06,True,8800,good
CUS000357,15,TEEN,S1_저사용절약형,F,36638,2026-01-24,False,7500,good
CUS000358,14,TEEN,S2_일반균형형,F,NA00006534,2024-01-17,True,24750,shortage
CUS000359,13,TEEN,S2_일반균형형,F,1694_베이직 10GB(이월)_만 34세 이하,2024-07-11,True,37500,good
CUS000360,18,TEEN,S1_저사용절약형,M,NA00009781,2024-11-30,True,29250,good
CUS000361,16,TEEN,S2_일반균형형,F,1694_베이직 21GB(이월),2024-07-06,True,43500,good
CUS000362,17,TEEN,S2_일반균형형,M,1693_베이직30GB,2025-05-01,True,45750,good
CUS000363,13,TEEN,S1_저사용절약형,F,LPZ1007770,2025-10-29,True,21000,shortage
CUS000364,17,TEEN,S2_일반균형형,M,36713,2025-01-26,True,10,good
CUS000365,16,TEEN,S3_데이터헤비형,F,NA00009788_만 34세 이하,2024-10-10,True,49500,good
CUS000366,17,TEEN,S1_저사용절약형,M,NA00009781_만 18세 이하,2023-11-10,True,29250,good
CUS000367,15,TEEN,S2_일반균형형,M,36724,2025-12-27,True,2200,good
CUS000368,14,TEEN,S1_저사용절약형,F,NA00009781,2024-04-18,True,29250,good
CUS000369,17,TEEN,S1_저사용절약형,F,1693_베이직7GB,2023-10-20,True,33750,good
CUS000370,14,TEEN,S2_일반균형형,M,1694_베이직 4GB(이월),2025-04-28,True,27750,shortage
CUS000371,17,TEEN,S1_저사용절약형,M,31330,2024-05-02,True,10,good
CUS000372,18,TEEN,S3_데이터헤비형,F,1567_요고 49,2025-10-15,True,36750,good
CUS000373,14,TEEN,S2_일반균형형,M,36266,2024-12-28,True,28000,over
CUS000374,16,TEEN,S2_일반균형형,F,25309,2024-12-27,True,7700,good
CUS000375,17,TEEN,S1_저사용절약형,F,1693_베이직90GB_만 18세 이하,2023-09-04,True,50250,over
CUS000376,18,TEEN,S2_일반균형형,M,1567_요고 38,2024-12-07,True,28500,good
CUS000377,16,TEEN,S2_일반균형형,F,1567_요고 38,2024-05-09,True,28500,good
CUS000378,15,TEEN,S1_저사용절약형,F,NA00009781_만 18세 이하,2024-01-23,True,29250,good
CUS000379,15,TEEN,S1_저사용절약형,F,37128,2026-06-12,True,10,good
CUS000380,14,TEEN,S1_저사용절약형,M,NA00009781_만 34세 이하,2026-04-27,True,29250,good
CUS000381,13,TEEN,S2_일반균형형,F,1692_초이스 더블 디바이스_만 34세 이하_쇼핑라운지할인쿠폰(5천원권),2026-01-22,True,90000,over
CUS000382,16,TEEN,S2_일반균형형,F,1694_베이직 10GB(이월)_만 34세 이하,2024-03-14,True,37500,good
CUS000383,18,TEEN,S1_저사용절약형,F,1681_초이스110_만 18세 이하_가전구독,2024-12-05,True,82500,over
CUS000384,13,TEEN,S1_저사용절약형,F,1693_베이직1.4GB_만 18세 이하,2024-10-13,True,24750,shortage
CUS000385,18,TEEN,S2_일반균형형,F,NA00009785,2025-06-22,True,44250,good
CUS000386,14,TEEN,S1_저사용절약형,M,1697_음성 18.7_만 18세 이하,2026-06-15,True,14025,shortage
CUS000387,15,TEEN,S2_일반균형형,M,NA00009782,2024-03-05,True,33750,shortage
CUS000388,17,TEEN,S1_저사용절약형,M,LPZ1006742,2025-10-20,True,24750,shortage
CUS000389,13,TEEN,S1_저사용절약형,M,1693_베이직7GB,2025-12-31,True,33750,good
CUS000390,17,TEEN,S3_데이터헤비형,M,1567_요고 61,2026-06-16,True,45750,over
CUS000391,18,TEEN,S3_데이터헤비형,M,NA00006534,2023-09-20,True,24750,shortage
CUS000392,18,TEEN,S3_데이터헤비형,M,1693_베이직70GB_만 34세 이하,2024-01-24,True,48750,good
CUS000393,16,TEEN,S2_일반균형형,F,1694_베이직 14GB(이월)_만 18세 이하,2026-01-24,True,41250,good
CUS000394,17,TEEN,S1_저사용절약형,F,30869,2025-02-23,True,30800,over
CUS000395,16,TEEN,S1_저사용절약형,F,6803,2025-06-12,True,0,shortage
CUS000396,14,TEEN,S1_저사용절약형,M,1567_요고 46,2024-05-25,True,34500,over
CUS000397,14,TEEN,S2_일반균형형,F,LPZ1007699,2025-10-24,True,56250,over
CUS000398,16,TEEN,S3_데이터헤비형,F,NA00009783_만 34세 이하,2023-09-02,True,36750,shortage
CUS000399,13,TEEN,S1_저사용절약형,M,NA00009781,2026-04-21,True,29250,good
CUS000400,15,TEEN,S2_일반균형형,F,1693_베이직30GB,2024-01-29,True,45750,good
CUS000401,16,TEEN,S2_일반균형형,M,1681_초이스130_만 34세 이하_디바이스,2024-08-20,True,97500,over
CUS000402,13,TEEN,S2_일반균형형,M,1693_베이직10GB_만 18세 이하,2026-01-25,True,37500,good
CUS000403,17,TEEN,S1_저사용절약형,F,1694_베이직 7GB(이월),2025-03-28,True,33750,good
CUS000404,15,TEEN,S2_일반균형형,M,1567_요고 36,2024-09-27,True,27000,good
CUS000405,15,TEEN,S2_일반균형형,M,1694_베이직 10GB(이월)_만 34세 이하,2025-10-17,True,37500,good
CUS000406,15,TEEN,S1_저사용절약형,M,36953,2024-12-25,False,22900,good
CUS000407,16,TEEN,S1_저사용절약형,F,LPZ1006741,2025-04-18,True,27750,good
CUS000408,13,TEEN,S2_일반균형형,M,33863,2024-10-11,True,17600,good
CUS000409,17,TEEN,S1_저사용절약형,F,26264,2023-11-02,False,9500,shortage
CUS000410,18,TEEN,S1_저사용절약형,F,NA00009781_만 18세 이하,2026-01-31,True,29250,good
CUS000411,15,TEEN,S3_데이터헤비형,F,1693_베이직70GB_만 34세 이하,2024-02-01,True,48750,good
CUS000412,14,TEEN,S2_일반균형형,M,37144,2026-02-17,False,14400,good
CUS000413,13,TEEN,S3_데이터헤비형,F,1693_베이직110GB,2026-03-31,True,51750,good
CUS000414,15,TEEN,S3_데이터헤비형,F,Z202205253_마니아디바이스,2025-10-06,True,97500,over
CUS000415,16,TEEN,S2_일반균형형,F,1694_베이직 14GB(이월)_만 34세 이하,2024-01-18,True,41250,good
CUS000416,15,TEEN,S2_일반균형형,M,36849,2025-08-22,True,8800,good
CUS000417,13,TEEN,S1_저사용절약형,F,NA00006534_만 18세 이하,2025-12-26,True,24750,shortage
CUS000418,17,TEEN,S1_저사용절약형,M,NA00009781,2024-06-12,True,29250,good
CUS000419,15,TEEN,S1_저사용절약형,M,8404,2025-11-22,True,100,good
CUS000420,18,TEEN,S1_저사용절약형,F,NA00009781_만 18세 이하,2026-02-24,True,29250,good
CUS000421,22,YOUTH,S3_데이터헤비형,M,Z202205252_AI구독,2023-10-25,True,78750,over
CUS000422,28,YOUTH,S3_데이터헤비형,M,15408,2025-02-06,False,55000,over
CUS000423,27,YOUTH,S3_데이터헤비형,F,1693_베이직50GB_만 34세 이하,2025-03-20,True,47250,good
CUS000424,24,YOUTH,S5_통화집중균형형,M,1693_베이직30GB,2023-10-16,True,45750,good
CUS000425,31,YOUTH,S2_일반균형형,M,1693_베이직10GB_만 34세 이하,2025-09-21,True,37500,good
CUS000426,33,YOUTH,S2_일반균형형,M,1694_베이직 14GB(이월)_만 34세 이하,2025-07-26,True,41250,good
CUS000427,28,YOUTH,S2_일반균형형,F,26315,2025-07-01,True,14500,over
CUS000428,19,YOUTH,S3_데이터헤비형,F,1567_요고 30,2026-04-24,True,22500,shortage
CUS000429,30,YOUTH,S4_통화집중저데이터형,F,Z202605261,2024-06-15,True,21750,shortage
CUS000430,31,YOUTH,S5_통화집중균형형,F,1681_초이스110_만 34세 이하_유튜브프리미엄,2025-03-24,True,82500,over
CUS000431,19,YOUTH,S3_데이터헤비형,F,1693_베이직10GB,2024-05-19,True,37500,shortage
CUS000432,31,YOUTH,S4_통화집중저데이터형,M,NA00009781,2023-09-11,True,29250,good
CUS000433,32,YOUTH,S2_일반균형형,M,1693_베이직30GB,2024-01-23,True,45750,good
CUS000434,19,YOUTH,S2_일반균형형,M,33850,2024-05-01,True,13200,good
CUS000435,30,YOUTH,S2_일반균형형,M,1567_요고 40,2026-05-13,True,30000,good
CUS000436,31,YOUTH,S3_데이터헤비형,M,1681_초이스110_만 34세 이하_넷플릭스,2023-09-25,True,82500,over
CUS000437,29,YOUTH,S3_데이터헤비형,M,15408,2023-09-20,False,55000,over
CUS000438,21,YOUTH,S3_데이터헤비형,M,1681_초이스130_만 34세 이하_넷플릭스,2024-10-29,True,97500,over
CUS000439,23,YOUTH,S5_통화집중균형형,M,1567_요고 44,2024-06-07,True,33000,good
CUS000440,19,YOUTH,S3_데이터헤비형,M,31397,2025-01-13,True,20000,good
CUS000441,23,YOUTH,S3_데이터헤비형,M,1681_초이스90_넷플릭스,2023-12-08,True,67500,over
CUS000442,21,YOUTH,S2_일반균형형,M,34221,2025-03-27,True,22500,shortage
CUS000443,21,YOUTH,S1_저사용절약형,M,31738,2023-12-31,True,90,good
CUS000444,26,YOUTH,S5_통화집중균형형,F,1567_요고 38,2023-11-01,True,28500,good
CUS000445,34,YOUTH,S2_일반균형형,M,NA00009784_만 34세 이하,2025-04-24,True,41250,good
CUS000446,22,YOUTH,S4_통화집중저데이터형,F,NA00005479,2026-04-25,True,20872,shortage
CUS000447,19,YOUTH,S3_데이터헤비형,F,1567_요고 38,2026-03-28,True,28500,shortage
CUS000448,34,YOUTH,S3_데이터헤비형,F,15409,2025-08-02,False,48000,good
CUS000449,24,YOUTH,S3_데이터헤비형,F,NA00009789,2025-06-12,True,51000,good
CUS000450,23,YOUTH,S2_일반균형형,M,1694_베이직 21GB(이월),2024-09-14,True,43500,good
CUS000451,25,YOUTH,S2_일반균형형,M,1693_베이직14GB,2025-06-02,True,41250,shortage
CUS000452,28,YOUTH,S6_업무헤비형,M,Z202205252_구글원,2024-03-23,True,78750,over
CUS000453,19,YOUTH,S2_일반균형형,M,36888,2025-03-10,True,44000,over
CUS000454,20,YOUTH,S3_데이터헤비형,M,1693_베이직50GB,2025-01-17,True,47250,shortage
CUS000455,30,YOUTH,S4_통화집중저데이터형,F,36893,2024-05-03,True,10,shortage
CUS000456,32,YOUTH,S4_통화집중저데이터형,M,NA00009781_만 34세 이하,2025-11-19,True,29250,good
CUS000457,32,YOUTH,S3_데이터헤비형,F,Z202605253,2025-07-14,True,52500,good
CUS000458,30,YOUTH,S2_일반균형형,M,NA00009805_만 34세 이하,2024-04-23,True,81750,over
CUS000459,22,YOUTH,S2_일반균형형,M,36328,2024-10-01,False,19800,shortage
CUS000460,23,YOUTH,S2_일반균형형,F,NA00009782_만 34세 이하,2026-05-20,True,33750,shortage
CUS000461,19,YOUTH,S3_데이터헤비형,M,13972,2025-02-24,True,8800,shortage
CUS000462,26,YOUTH,S2_일반균형형,M,1567_요고 38,2025-04-08,True,28500,good
CUS000463,28,YOUTH,S4_통화집중저데이터형,M,33515,2025-05-27,True,14080,good
CUS000464,21,YOUTH,S2_일반균형형,F,1693_베이직21GB,2024-04-23,True,43500,good
CUS000465,26,YOUTH,S5_통화집중균형형,F,1693_베이직30GB,2025-05-07,True,45750,good
CUS000466,20,YOUTH,S2_일반균형형,M,31029,2025-12-08,False,19900,good
CUS000467,28,YOUTH,S2_일반균형형,M,34304,2024-02-17,True,3900,good
CUS000468,21,YOUTH,S2_일반균형형,F,36827,2025-06-11,True,47700,over
CUS000469,28,YOUTH,S1_저사용절약형,F,NA00009781,2024-05-31,True,29250,good
CUS000470,23,YOUTH,S3_데이터헤비형,M,NA00009796,2024-02-08,True,74250,over
CUS000471,20,YOUTH,S1_저사용절약형,M,NA00009786_만 34세 이하,2025-10-31,True,46499,over
CUS000472,27,YOUTH,S2_일반균형형,F,37135,2025-01-25,False,14400,good
CUS000473,34,YOUTH,S2_일반균형형,M,29081,2025-02-18,True,18800,good
CUS000474,33,YOUTH,S3_데이터헤비형,M,13524,2025-04-21,True,43100,good
CUS000475,24,YOUTH,S3_데이터헤비형,F,LPZ1007701,2025-08-18,True,51000,good
CUS000476,23,YOUTH,S2_일반균형형,F,1681_초이스110_디바이스,2024-10-10,True,82500,over
CUS000477,21,YOUTH,S3_데이터헤비형,F,33533,2026-01-27,True,28050,good
CUS000478,19,YOUTH,S1_저사용절약형,M,34878,2026-05-18,True,21550,over
CUS000479,30,YOUTH,S1_저사용절약형,F,24242,2025-06-22,True,7600,shortage
CUS000480,19,YOUTH,S3_데이터헤비형,F,30866,2025-12-18,True,19500,good
CUS000481,20,YOUTH,S3_데이터헤비형,M,36841,2024-05-05,True,4400,shortage
CUS000482,33,YOUTH,S3_데이터헤비형,F,LPZ1007702,2025-08-26,True,49500,good
CUS000483,24,YOUTH,S5_통화집중균형형,M,26286,2025-04-23,False,40900,over
CUS000484,27,YOUTH,S2_일반균형형,M,Z202605258,2024-12-27,True,44250,good
CUS000485,20,YOUTH,S5_통화집중균형형,F,LPZ1007704,2024-04-22,True,45750,good
CUS000486,20,YOUTH,S5_통화집중균형형,F,37136,2024-07-08,False,16400,good
CUS000487,29,YOUTH,S3_데이터헤비형,M,34256,2024-10-27,True,9900,shortage
CUS000488,24,YOUTH,S3_데이터헤비형,M,36253,2024-08-06,True,23500,good
CUS000489,25,YOUTH,S3_데이터헤비형,F,26613,2025-12-04,True,12400,good
CUS000490,27,YOUTH,S2_일반균형형,F,35418,2025-05-06,True,2900,good
CUS000491,28,YOUTH,S3_데이터헤비형,M,37128,2024-08-30,True,10,shortage
CUS000492,31,YOUTH,S3_데이터헤비형,M,LPZ1007663,2026-03-20,True,24750,shortage
CUS000493,23,YOUTH,S3_데이터헤비형,M,35857,2026-04-01,True,11900,shortage
CUS000494,28,YOUTH,S2_일반균형형,F,30882,2024-10-19,True,20500,over
CUS000495,28,YOUTH,S2_일반균형형,M,1692_초이스 더블 디바이스_지니스마트음악감상,2024-06-05,True,90000,over
CUS000496,27,YOUTH,S2_일반균형형,M,1694_베이직 14GB(이월)_만 34세 이하,2025-12-14,True,41250,good
CUS000497,24,YOUTH,S5_통화집중균형형,M,Z202605257,2026-03-15,True,45750,good
CUS000498,24,YOUTH,S3_데이터헤비형,F,LPZ1007704,2024-03-14,True,45750,shortage
CUS000499,20,YOUTH,S3_데이터헤비형,F,35508,2026-05-12,True,30900,good
CUS000500,33,YOUTH,S4_통화집중저데이터형,F,NA00009781,2025-11-24,True,29250,good
CUS000501,32,YOUTH,S2_일반균형형,M,LPZ1007663,2023-10-10,True,24750,shortage
CUS000502,32,YOUTH,S2_일반균형형,M,NA00009806_만 34세 이하,2023-10-25,True,89250,over
CUS000503,27,YOUTH,S3_데이터헤비형,M,Z202605253,2026-03-01,True,52500,good
CUS000504,20,YOUTH,S2_일반균형형,F,37144,2025-11-08,False,14400,good
CUS000505,27,YOUTH,S2_일반균형형,F,LPZ1007706,2025-06-13,True,41250,good
CUS000506,29,YOUTH,S5_통화집중균형형,F,1692_초이스 더블 디바이스_쇼핑라운지할인쿠폰(5천원권),2023-11-30,True,90000,over
CUS000507,32,YOUTH,S3_데이터헤비형,F,23359,2024-07-09,True,16000,shortage
CUS000508,19,YOUTH,S6_업무헤비형,M,28167,2025-06-03,False,29900,shortage
CUS000509,19,YOUTH,S3_데이터헤비형,F,NA00009789_만 34세 이하,2025-07-13,True,51000,good
CUS000510,22,YOUTH,S3_데이터헤비형,F,1693_베이직80,2026-01-04,True,60000,over
CUS000511,24,YOUTH,S2_일반균형형,F,1693_베이직21GB,2024-08-28,True,43500,good
CUS000512,34,YOUTH,S2_일반균형형,M,33129,2025-10-02,True,3900,good
CUS000513,26,YOUTH,S1_저사용절약형,M,37132,2024-05-11,False,6400,shortage
CUS000514,27,YOUTH,S3_데이터헤비형,M,LPZ1007702,2026-03-22,True,49500,good
CUS000515,29,YOUTH,S6_업무헤비형,M,LPZ1007700,2024-05-07,True,52500,good
CUS000516,32,YOUTH,S3_데이터헤비형,F,20123,2024-01-15,False,20300,shortage
CUS000517,20,YOUTH,S5_통화집중균형형,F,1681_초이스90_만 34세 이하_넷플릭스,2026-04-15,True,67500,over
CUS000518,22,YOUTH,S1_저사용절약형,M,1694_베이직 7GB(이월),2026-01-11,True,33750,good
CUS000519,26,YOUTH,S2_일반균형형,F,36886,2024-08-18,True,40700,over
CUS000520,20,YOUTH,S2_일반균형형,F,34303,2025-05-03,True,2900,good
CUS000521,34,YOUTH,S6_업무헤비형,F,NA00009789,2025-03-12,True,51000,shortage
CUS000522,31,YOUTH,S1_저사용절약형,F,Z202605261,2025-11-02,True,21750,shortage
CUS000523,29,YOUTH,S2_일반균형형,M,35535,2025-02-02,True,29700,over
CUS000524,31,YOUTH,S2_일반균형형,F,1694_베이직 14GB(이월)_만 34세 이하,2024-01-13,True,41250,good
CUS000525,32,YOUTH,S5_통화집중균형형,F,18588,2025-11-07,False,41700,over
CUS000526,33,YOUTH,S3_데이터헤비형,M,NA00009790,2025-07-10,True,51750,good
CUS000527,23,YOUTH,S2_일반균형형,F,LPZ1007706,2023-12-15,True,41250,good
CUS000528,29,YOUTH,S3_데이터헤비형,M,NA00009788_만 34세 이하,2025-11-27,True,49500,good
CUS000529,32,YOUTH,S2_일반균형형,M,32943,2024-11-08,True,26400,shortage
CUS000530,32,YOUTH,S2_일반균형형,M,33846,2024-03-18,True,11550,shortage
CUS000531,29,YOUTH,S3_데이터헤비형,M,36252,2024-03-02,True,25000,good
CUS000532,30,YOUTH,S2_일반균형형,F,23373,2024-11-18,True,29000,good
CUS000533,20,YOUTH,S2_일반균형형,F,35794,2025-05-17,False,19900,good
CUS000534,22,YOUTH,S2_일반균형형,F,31920,2026-04-22,True,24500,over
CUS000535,28,YOUTH,S2_일반균형형,M,29081,2025-05-12,True,18800,good
CUS000536,26,YOUTH,S3_데이터헤비형,F,LPZ1007702,2024-02-27,True,49500,good
CUS000537,30,YOUTH,S2_일반균형형,M,35832,2026-01-24,True,15900,over
CUS000538,28,YOUTH,S2_일반균형형,M,33165,2024-07-30,True,21900,good
CUS000539,23,YOUTH,S3_데이터헤비형,M,36991,2023-12-28,True,22900,good
CUS000540,34,YOUTH,S4_통화집중저데이터형,F,NA00009809_만 34세 이하,2026-06-01,True,89250,over
CUS000541,25,YOUTH,S4_통화집중저데이터형,F,26888,2025-05-23,True,10,good
CUS000542,31,YOUTH,S3_데이터헤비형,M,1681_초이스130_만 34세 이하_디즈니+,2025-11-05,True,97500,over
CUS000543,21,YOUTH,S3_데이터헤비형,F,36689,2025-10-15,False,29300,good
CUS000544,21,YOUTH,S4_통화집중저데이터형,M,NA00009782,2023-08-29,True,33750,good
CUS000545,19,YOUTH,S3_데이터헤비형,F,1681_초이스110_위버스,2025-06-26,True,82500,over
CUS000546,25,YOUTH,S2_일반균형형,M,36685,2026-02-11,False,3300,shortage
CUS000547,25,YOUTH,S4_통화집중저데이터형,M,1693_베이직4GB_만 34세 이하,2024-11-29,True,27750,good
CUS000548,24,YOUTH,S2_일반균형형,M,1693_베이직30GB,2024-12-25,True,45750,good
CUS000549,30,YOUTH,S3_데이터헤비형,M,NA00009817_만 34세 이하,2026-01-02,True,96750,over
CUS000550,31,YOUTH,S2_일반균형형,F,34363,2025-12-21,False,22000,good
CUS000551,26,YOUTH,S1_저사용절약형,M,NA00006534_만 34세 이하,2024-02-06,True,24750,shortage
CUS000552,20,YOUTH,S4_통화집중저데이터형,F,35823,2024-07-01,True,38060,over
CUS000553,29,YOUTH,S3_데이터헤비형,M,15408,2024-09-29,False,55000,over
CUS000554,28,YOUTH,S1_저사용절약형,F,31738,2026-04-02,True,90,good
CUS000555,19,YOUTH,S6_업무헤비형,F,LPZ1007707,2025-11-17,True,35250,shortage
CUS000556,21,YOUTH,S3_데이터헤비형,F,1693_베이직30GB,2024-11-29,True,45750,shortage
CUS000557,20,YOUTH,S1_저사용절약형,F,1694_베이직 7GB(이월),2026-03-29,True,33750,good
CUS000558,22,YOUTH,S2_일반균형형,F,30863,2024-06-15,False,3850,shortage
CUS000559,28,YOUTH,S2_일반균형형,F,29788,2025-03-09,False,22000,good
CUS000560,22,YOUTH,S3_데이터헤비형,M,29847,2024-01-24,False,9900,shortage
CUS000561,27,YOUTH,S3_데이터헤비형,M,15034,2024-10-03,True,28900,good
CUS000562,26,YOUTH,S1_저사용절약형,F,NA00009781,2024-11-11,True,29250,good
CUS000563,31,YOUTH,S2_일반균형형,F,1681_초이스110_유튜브프리미엄,2025-11-28,True,82500,over
CUS000564,25,YOUTH,S1_저사용절약형,F,26257,2024-04-21,True,0,good
CUS000565,23,YOUTH,S5_통화집중균형형,M,1567_요고 36,2024-10-02,True,27000,shortage
CUS000566,33,YOUTH,S6_업무헤비형,M,29739,2025-10-20,False,47700,good
CUS000567,32,YOUTH,S3_데이터헤비형,M,Z202605252,2024-12-08,True,56250,good
CUS000568,22,YOUTH,S3_데이터헤비형,M,35391,2025-02-01,False,29700,shortage
CUS000569,27,YOUTH,S1_저사용절약형,M,31043,2024-12-10,True,5900,good
CUS000570,31,YOUTH,S2_일반균형형,M,20325,2024-10-26,True,9900,good
CUS000571,20,YOUTH,S2_일반균형형,F,NA00009784_만 34세 이하,2025-08-11,True,41250,good
CUS000572,25,YOUTH,S3_데이터헤비형,M,11198,2023-10-03,True,5500,shortage
CUS000573,22,YOUTH,S2_일반균형형,M,NA00009784_만 34세 이하,2025-11-21,True,41250,good
CUS000574,27,YOUTH,S2_일반균형형,F,1693_베이직21GB,2024-08-20,True,43500,good
CUS000575,23,YOUTH,S1_저사용절약형,M,29860,2026-06-17,False,7900,good
CUS000576,25,YOUTH,S1_저사용절약형,M,1694_베이직 7GB(이월),2026-02-03,True,33750,good
CUS000577,24,YOUTH,S1_저사용절약형,F,NA00009781,2025-08-08,True,29250,good
CUS000578,23,YOUTH,S3_데이터헤비형,F,NA00009790,2025-02-02,True,51750,good
CUS000579,25,YOUTH,S1_저사용절약형,F,1692_초이스 더블 디즈니플러스+폰케어_만 34세 이하_지니스마트음악감상,2024-11-13,True,90000,over
CUS000580,29,YOUTH,S6_업무헤비형,M,NA00009793,2025-05-07,True,66750,over
CUS000581,32,YOUTH,S2_일반균형형,M,NA00009804_만 34세 이하,2025-08-16,True,81750,over
CUS000582,25,YOUTH,S2_일반균형형,M,33882,2024-10-20,False,45100,over
CUS000583,25,YOUTH,S3_데이터헤비형,F,36201,2025-01-08,True,27940,good
CUS000584,21,YOUTH,S2_일반균형형,F,NA00009785,2025-10-09,True,44250,good
CUS000585,33,YOUTH,S3_데이터헤비형,M,23209,2023-12-30,True,12370,good
CUS000586,20,YOUTH,S1_저사용절약형,F,36891,2025-04-28,False,3500,shortage
CUS000587,26,YOUTH,S3_데이터헤비형,F,30902,2023-11-19,True,20500,good
CUS000588,30,YOUTH,S3_데이터헤비형,M,Z202605253,2024-06-17,True,52500,good
CUS000589,33,YOUTH,S1_저사용절약형,F,32020,2026-02-17,True,12210,good
CUS000590,34,YOUTH,S2_일반균형형,F,1693_베이직14GB_만 34세 이하,2024-12-16,True,41250,good
CUS000591,19,YOUTH,S4_통화집중저데이터형,M,Z202606002,2025-12-19,True,24750,shortage
CUS000592,26,YOUTH,S3_데이터헤비형,M,Z202605253,2024-12-31,True,52500,good
CUS000593,24,YOUTH,S5_통화집중균형형,M,26729,2023-11-20,True,16900,over
CUS000594,30,YOUTH,S2_일반균형형,M,1567_요고 38,2024-02-06,True,28500,good
CUS000595,21,YOUTH,S2_일반균형형,M,NA00009782,2025-10-11,True,33750,shortage
CUS000596,23,YOUTH,S3_데이터헤비형,F,35796,2024-07-20,False,13900,shortage
CUS000597,22,YOUTH,S4_통화집중저데이터형,M,26867,2024-05-15,True,24550,good
CUS000598,30,YOUTH,S1_저사용절약형,F,NA00009781_만 34세 이하,2023-09-27,True,29250,good
CUS000599,33,YOUTH,S3_데이터헤비형,M,15408,2026-01-17,False,55000,over
CUS000600,23,YOUTH,S3_데이터헤비형,M,35409,2024-08-16,False,45100,good
CUS000601,22,YOUTH,S6_업무헤비형,M,NA00009794,2024-10-19,True,66750,over
CUS000602,22,YOUTH,S3_데이터헤비형,F,NA00009783_만 34세 이하,2024-10-23,True,36750,shortage
CUS000603,20,YOUTH,S1_저사용절약형,M,34899,2023-12-14,True,14900,good
CUS000604,31,YOUTH,S3_데이터헤비형,M,LPZ1007663,2023-10-13,True,24750,shortage
CUS000605,20,YOUTH,S2_일반균형형,F,1694_베이직 14GB(이월)_만 34세 이하,2024-05-16,True,41250,good
CUS000606,26,YOUTH,S3_데이터헤비형,F,NA00009790_만 34세 이하,2025-09-27,True,51750,good
CUS000607,32,YOUTH,S3_데이터헤비형,M,1694_베이직 4GB(이월)_만 34세 이하,2026-04-28,True,27750,shortage
CUS000608,23,YOUTH,S2_일반균형형,F,20854,2024-09-24,True,22200,shortage
CUS000609,19,YOUTH,S2_일반균형형,F,13976,2023-11-07,True,15400,good
CUS000610,31,YOUTH,S2_일반균형형,M,35505,2025-03-07,True,30900,over
CUS000611,29,YOUTH,S5_통화집중균형형,F,NA00009807,2026-03-24,True,89250,over
CUS000612,29,YOUTH,S3_데이터헤비형,M,36174,2024-09-24,True,23000,good
CUS000613,21,YOUTH,S2_일반균형형,M,LPZ1007706,2025-03-28,True,41250,good
CUS000614,22,YOUTH,S4_통화집중저데이터형,F,Z202606000,2025-04-30,True,35250,good
CUS000615,21,YOUTH,S3_데이터헤비형,M,NA00009789_만 34세 이하,2023-09-26,True,51000,good
CUS000616,32,YOUTH,S3_데이터헤비형,M,15408,2024-08-13,False,55000,over
CUS000617,19,YOUTH,S3_데이터헤비형,M,NA00009788_만 34세 이하,2025-11-10,True,49500,good
CUS000618,22,YOUTH,S3_데이터헤비형,M,37146,2023-11-01,False,62700,good
CUS000619,26,YOUTH,S3_데이터헤비형,M,15408,2025-03-15,False,55000,over
CUS000620,33,YOUTH,S4_통화집중저데이터형,M,35797,2026-05-16,False,12900,good
CUS000621,20,YOUTH,S2_일반균형형,M,Z202605258,2023-10-08,True,44250,good
CUS000622,22,YOUTH,S6_업무헤비형,F,26888,2024-07-25,True,10,shortage
CUS000623,24,YOUTH,S3_데이터헤비형,F,1681_초이스90_삼성,2025-08-22,True,67500,over
CUS000624,23,YOUTH,S3_데이터헤비형,M,36173,2024-09-08,True,23000,good
CUS000625,21,YOUTH,S3_데이터헤비형,F,LPZ1007701,2026-01-15,True,51000,good
CUS000626,24,YOUTH,S2_일반균형형,M,NA00009785,2025-12-14,True,44250,good
CUS000627,27,YOUTH,S1_저사용절약형,M,35508,2025-04-12,True,30900,over
CUS000628,33,YOUTH,S1_저사용절약형,F,NA00006534_만 34세 이하,2024-04-26,True,24750,shortage
CUS000629,32,YOUTH,S1_저사용절약형,F,30952,2025-08-20,True,10,good
CUS000630,21,YOUTH,S6_업무헤비형,M,1681_초이스90_만 34세 이하_디즈니+,2024-09-01,True,67500,over
CUS000631,30,YOUTH,S3_데이터헤비형,M,23171,2026-07-04,True,30500,good
CUS000632,28,YOUTH,S2_일반균형형,M,1567_요고 40,2025-07-21,True,30000,good
CUS000633,20,YOUTH,S1_저사용절약형,M,36760,2023-09-07,True,12100,good
CUS000634,34,YOUTH,S1_저사용절약형,M,37131,2024-07-09,False,5400,shortage
CUS000635,20,YOUTH,S2_일반균형형,F,1694_베이직 7GB(이월),2023-09-03,True,33750,shortage
CUS000636,29,YOUTH,S3_데이터헤비형,M,34303,2026-05-23,True,2900,shortage
CUS000637,32,YOUTH,S2_일반균형형,F,1567_요고 36,2023-10-25,True,27000,good
CUS000638,23,YOUTH,S2_일반균형형,F,Z202605258,2026-04-11,True,44250,good
CUS000639,30,YOUTH,S4_통화집중저데이터형,F,1694_베이직 7GB(이월),2025-12-12,True,33750,good
CUS000640,19,YOUTH,S3_데이터헤비형,M,25267,2025-05-23,True,2230,shortage
CUS000641,27,YOUTH,S1_저사용절약형,M,NA00009816_만 34세 이하,2024-04-26,True,96750,over
CUS000642,33,YOUTH,S5_통화집중균형형,M,36329,2025-04-23,False,48900,over
CUS000643,19,YOUTH,S1_저사용절약형,M,NA00009781_만 34세 이하,2025-06-30,True,29250,good
CUS000644,30,YOUTH,S3_데이터헤비형,M,35274,2024-05-10,False,40900,good
CUS000645,24,YOUTH,S1_저사용절약형,F,Z202605260,2025-09-20,True,27750,good
CUS000646,31,YOUTH,S3_데이터헤비형,F,36882,2024-03-08,True,34100,good
CUS000647,29,YOUTH,S2_일반균형형,M,26799,2025-03-30,True,2900,good
CUS000648,20,YOUTH,S3_데이터헤비형,M,1693_베이직110GB,2026-02-15,True,51750,good
CUS000649,34,YOUTH,S2_일반균형형,F,1567_요고 36,2023-12-04,True,27000,good
CUS000650,28,YOUTH,S5_통화집중균형형,M,LPZ1007706,2024-11-27,True,41250,good
CUS000651,24,YOUTH,S3_데이터헤비형,F,36255,2023-09-19,True,23430,good
CUS000652,27,YOUTH,S2_일반균형형,M,1694_베이직 21GB(이월),2024-03-12,True,43500,good
CUS000653,20,YOUTH,S2_일반균형형,M,36971,2026-04-12,False,19900,good
CUS000654,30,YOUTH,S1_저사용절약형,M,1693_베이직7GB,2025-11-07,True,33750,good
CUS000655,22,YOUTH,S3_데이터헤비형,M,35916,2023-10-01,True,19800,good
CUS000656,28,YOUTH,S3_데이터헤비형,M,31919,2024-02-25,True,13500,shortage
CUS000657,26,YOUTH,S3_데이터헤비형,M,NA00009788_만 34세 이하,2024-08-06,True,49500,good
CUS000658,19,YOUTH,S2_일반균형형,M,LPZ1007706,2024-09-02,True,41250,good
CUS000659,29,YOUTH,S2_일반균형형,F,1694_베이직 10GB(이월)_만 34세 이하,2025-06-29,True,37500,good
CUS000660,30,YOUTH,S3_데이터헤비형,M,1693_베이직110GB,2023-09-24,True,51750,good
CUS000661,31,YOUTH,S2_일반균형형,M,1693_베이직14GB_만 34세 이하,2023-10-19,True,41250,good
CUS000662,24,YOUTH,S2_일반균형형,F,35857,2026-05-16,True,11900,shortage
CUS000663,19,YOUTH,S1_저사용절약형,F,35494,2023-10-28,True,3300,good
CUS000664,33,YOUTH,S3_데이터헤비형,M,35809,2026-04-28,True,29000,good
CUS000665,30,YOUTH,S1_저사용절약형,F,1694_베이직 7GB(이월),2026-06-21,True,33750,good
CUS000666,25,YOUTH,S3_데이터헤비형,F,13892,2024-01-27,True,28600,shortage
CUS000667,25,YOUTH,S3_데이터헤비형,M,1693_베이직110GB,2023-10-17,True,51750,good
CUS000668,23,YOUTH,S1_저사용절약형,M,1693_베이직7GB,2025-07-01,True,33750,good
CUS000669,27,YOUTH,S4_통화집중저데이터형,F,1693_베이직4GB_만 34세 이하,2025-07-12,True,27750,good
CUS000670,32,YOUTH,S2_일반균형형,F,1694_베이직 10GB(이월)_만 34세 이하,2024-07-29,True,37500,good
CUS000671,31,YOUTH,S3_데이터헤비형,F,35517,2026-05-31,True,15050,good
CUS000672,20,YOUTH,S1_저사용절약형,F,1694_베이직 7GB(이월),2025-06-25,True,33750,good
CUS000673,27,YOUTH,S2_일반균형형,M,33920,2025-08-05,False,1650,shortage
CUS000674,24,YOUTH,S3_데이터헤비형,F,29904,2025-07-23,True,23000,good
CUS000675,30,YOUTH,S3_데이터헤비형,F,1693_베이직110GB,2023-12-10,True,51750,good
CUS000676,19,YOUTH,S4_통화집중저데이터형,F,NA00009781_만 34세 이하,2025-04-15,True,29250,good
CUS000677,19,YOUTH,S5_통화집중균형형,M,1692_초이스 더블 유튜브 프리미엄+디바이스_모아진,2025-09-06,True,90000,over
CUS000678,32,YOUTH,S5_통화집중균형형,F,22816,2024-07-15,False,40000,good
CUS000679,27,YOUTH,S5_통화집중균형형,M,LPZ1007706,2026-02-09,True,41250,good
CUS000680,30,YOUTH,S6_업무헤비형,F,Z202605254,2023-11-04,True,51000,shortage
CUS000681,20,YOUTH,S1_저사용절약형,F,12565,2026-04-23,False,11000,shortage
CUS000682,32,YOUTH,S3_데이터헤비형,F,15408,2024-02-28,False,55000,over
CUS000683,25,YOUTH,S2_일반균형형,F,1567_요고 40,2024-03-28,True,30000,good
CUS000684,34,YOUTH,S3_데이터헤비형,M,1693_베이직70GB_만 34세 이하,2024-09-24,True,48750,good
CUS000685,25,YOUTH,S3_데이터헤비형,F,NA00009803,2025-09-10,True,81750,over
CUS000686,26,YOUTH,S3_데이터헤비형,F,NA00009790,2025-06-29,True,51750,good
CUS000687,29,YOUTH,S4_통화집중저데이터형,F,26871,2024-06-01,True,15100,over
CUS000688,21,YOUTH,S6_업무헤비형,F,LPZ1007699,2026-01-27,True,56250,good
CUS000689,34,YOUTH,S2_일반균형형,M,1694_베이직 21GB(이월),2025-08-07,True,43500,good
CUS000690,31,YOUTH,S1_저사용절약형,M,1681_초이스110_위버스,2026-01-29,True,82500,over
CUS000691,19,YOUTH,S3_데이터헤비형,F,NA00009813,2026-05-26,True,96750,over
CUS000692,32,YOUTH,S1_저사용절약형,F,NA00009801_만 34세 이하_YouTubePremiumLite&배달의민족,2024-09-06,True,81750,over
CUS000693,23,YOUTH,S5_통화집중균형형,M,Z202605262,2025-10-07,True,21000,shortage
CUS000694,26,YOUTH,S1_저사용절약형,F,Z202605261,2026-03-30,True,21750,shortage
CUS000695,20,YOUTH,S2_일반균형형,M,NA00009804_만 34세 이하,2024-02-29,True,81750,over
CUS000696,27,YOUTH,S3_데이터헤비형,M,NA00009789,2024-07-11,True,51000,good
CUS000697,31,YOUTH,S5_통화집중균형형,M,33845,2025-09-10,True,13200,good
CUS000698,24,YOUTH,S3_데이터헤비형,F,25324,2025-12-07,True,1900,shortage
CUS000699,22,YOUTH,S3_데이터헤비형,F,LPZ1007701,2025-08-30,True,51000,good
CUS000700,34,YOUTH,S4_통화집중저데이터형,F,37112,2024-11-11,True,13300,good
CUS000701,22,YOUTH,S3_데이터헤비형,M,NA00009796_만 34세 이하,2023-12-02,True,74250,over
CUS000702,34,YOUTH,S1_저사용절약형,F,36791,2026-06-03,False,3300,shortage
CUS000703,30,YOUTH,S3_데이터헤비형,F,32417,2025-01-05,True,23000,good
CUS000704,28,YOUTH,S6_업무헤비형,F,15408,2024-06-22,False,55000,over
CUS000705,31,YOUTH,S3_데이터헤비형,F,Z202605252,2024-04-22,True,56250,good
CUS000706,27,YOUTH,S4_통화집중저데이터형,F,NA00009781_만 34세 이하,2025-01-19,True,29250,good
CUS000707,25,YOUTH,S1_저사용절약형,M,Z202605251,2025-02-11,True,63750,over
CUS000708,19,YOUTH,S1_저사용절약형,M,NA00009781_만 34세 이하,2024-06-24,True,29250,good
CUS000709,31,YOUTH,S2_일반균형형,M,13976,2025-08-20,True,15400,good
CUS000710,33,YOUTH,S3_데이터헤비형,F,33046,2025-07-23,True,26800,good
CUS000711,26,YOUTH,S2_일반균형형,M,20325,2024-01-22,True,9900,good
CUS000712,32,YOUTH,S3_데이터헤비형,M,1567_요고 49,2025-08-31,True,36750,good
CUS000713,31,YOUTH,S2_일반균형형,F,35855,2025-01-10,True,4900,shortage
CUS000714,30,YOUTH,S3_데이터헤비형,M,23124,2023-09-16,True,28500,good
CUS000715,31,YOUTH,S4_통화집중저데이터형,M,1681_초이스90_디바이스,2025-08-16,True,67500,over
CUS000716,31,YOUTH,S1_저사용절약형,F,1694_베이직 7GB(이월),2025-07-31,True,33750,good
CUS000717,25,YOUTH,S3_데이터헤비형,M,1693_베이직30GB_만 34세 이하,2026-04-18,True,45750,shortage
CUS000718,31,YOUTH,S3_데이터헤비형,F,1567_요고 46,2023-11-17,True,34500,shortage
CUS000719,31,YOUTH,S2_일반균형형,M,1694_베이직 4GB(이월)_만 34세 이하,2025-08-31,True,27750,shortage
CUS000720,31,YOUTH,S2_일반균형형,M,28448,2026-05-19,False,26900,good
CUS000721,34,YOUTH,S4_통화집중저데이터형,F,27412,2025-03-31,True,15500,over
CUS000722,23,YOUTH,S1_저사용절약형,F,NA00009781,2023-10-26,True,29250,good
CUS000723,19,YOUTH,S1_저사용절약형,M,1694_베이직 7GB(이월),2025-11-09,True,33750,good
CUS000724,29,YOUTH,S2_일반균형형,F,34677,2024-10-10,True,19800,over
CUS000725,30,YOUTH,S2_일반균형형,F,1694_베이직 21GB(이월),2023-09-26,True,43500,good
CUS000726,28,YOUTH,S2_일반균형형,M,1693_베이직100_만 34세 이하,2024-08-02,True,75000,over
CUS000727,27,YOUTH,S4_통화집중저데이터형,M,11420,2025-12-17,True,3500,shortage
CUS000728,20,YOUTH,S6_업무헤비형,M,36986,2024-10-24,True,23900,good
CUS000729,19,YOUTH,S3_데이터헤비형,F,NA00009807_만 34세 이하,2024-12-20,True,89250,over
CUS000730,23,YOUTH,S1_저사용절약형,F,36244,2026-05-11,True,15070,good
CUS000731,31,YOUTH,S2_일반균형형,F,1694_베이직 10GB(이월)_만 34세 이하,2024-01-14,True,37500,good
CUS000732,23,YOUTH,S2_일반균형형,F,NA00009784_만 34세 이하,2025-08-05,True,41250,good
CUS000733,20,YOUTH,S2_일반균형형,M,NA00009809,2026-05-05,True,89250,over
CUS000734,22,YOUTH,S5_통화집중균형형,M,20261,2025-10-25,False,4400,shortage
CUS000735,25,YOUTH,S2_일반균형형,F,1693_베이직21GB,2024-11-07,True,43500,good
CUS000736,24,YOUTH,S3_데이터헤비형,F,Z202605253,2024-03-26,True,52500,good
CUS000737,33,YOUTH,S2_일반균형형,M,33850,2026-05-09,True,13200,good
CUS000738,30,YOUTH,S2_일반균형형,F,1693_베이직21GB,2025-12-23,True,43500,good
CUS000739,20,YOUTH,S2_일반균형형,F,29929,2025-05-30,True,14000,shortage
CUS000740,19,YOUTH,S3_데이터헤비형,F,1567_요고 49,2024-05-06,True,36750,good
CUS000741,25,YOUTH,S2_일반균형형,F,1693_베이직30GB,2025-04-09,True,45750,good
CUS000742,33,YOUTH,S2_일반균형형,M,34215,2026-05-02,True,13500,shortage
CUS000743,21,YOUTH,S2_일반균형형,F,33850,2024-05-25,True,13200,good
CUS000744,32,YOUTH,S3_데이터헤비형,F,33862,2024-01-22,True,14190,shortage
CUS000745,32,YOUTH,S3_데이터헤비형,M,15408,2024-10-25,False,55000,over
CUS000746,21,YOUTH,S3_데이터헤비형,F,35411,2024-06-06,True,13500,good
CUS000747,31,YOUTH,S6_업무헤비형,F,LPZ1007703,2026-03-21,True,47250,shortage
CUS000748,27,YOUTH,S5_통화집중균형형,M,33866,2023-11-28,True,18700,good
CUS000749,30,YOUTH,S2_일반균형형,M,29799,2024-03-23,False,20000,shortage
CUS000750,29,YOUTH,S2_일반균형형,M,29316,2026-06-19,False,7900,good
CUS000751,20,YOUTH,S2_일반균형형,M,17624,2024-11-03,True,38000,good
CUS000752,32,YOUTH,S3_데이터헤비형,M,1693_베이직10GB,2024-09-10,True,37500,shortage
CUS000753,24,YOUTH,S2_일반균형형,M,1681_초이스90_만 34세 이하_유튜브프리미엄,2025-10-29,True,67500,over
CUS000754,21,YOUTH,S2_일반균형형,M,Z202605258,2024-03-13,True,44250,good
CUS000755,25,YOUTH,S3_데이터헤비형,F,LPZ1007703,2025-08-31,True,47250,shortage
CUS000756,29,YOUTH,S6_업무헤비형,M,15408,2023-10-22,False,55000,over
CUS000757,31,YOUTH,S2_일반균형형,M,33925,2024-04-30,False,9570,good
CUS000758,34,YOUTH,S1_저사용절약형,M,36609,2025-11-09,True,20900,over
CUS000759,27,YOUTH,S5_통화집중균형형,F,33856,2025-07-03,True,15400,good
CUS000760,30,YOUTH,S2_일반균형형,M,LPZ1007706,2026-01-24,True,41250,good
CUS000761,27,YOUTH,S3_데이터헤비형,M,27420,2025-04-24,True,12500,shortage
CUS000762,23,YOUTH,S1_저사용절약형,M,NA00009781,2025-12-29,True,29250,good
CUS000763,19,YOUTH,S2_일반균형형,M,18989,2023-10-26,True,330,shortage
CUS000764,31,YOUTH,S3_데이터헤비형,F,1567_요고 49,2026-05-01,True,36750,good
CUS000765,25,YOUTH,S2_일반균형형,F,1693_베이직14GB_만 34세 이하,2024-07-14,True,41250,good
CUS000766,32,YOUTH,S3_데이터헤비형,F,27487,2026-06-02,False,35450,good
CUS000767,30,YOUTH,S3_데이터헤비형,F,Z202605252,2023-10-26,True,56250,good
CUS000768,28,YOUTH,S2_일반균형형,M,35447,2025-02-26,True,100,good
CUS000769,23,YOUTH,S2_일반균형형,M,36823,2024-03-22,True,36600,good
CUS000770,23,YOUTH,S3_데이터헤비형,M,23770,2024-10-04,False,1900,shortage
CUS000771,34,YOUTH,S3_데이터헤비형,M,36893,2025-10-29,True,10,shortage
CUS000772,23,YOUTH,S2_일반균형형,M,LPZ1007706,2025-05-20,True,41250,good
CUS000773,28,YOUTH,S2_일반균형형,M,36268,2024-06-23,True,27150,good
CUS000774,20,YOUTH,S2_일반균형형,M,1693_베이직14GB,2025-07-09,True,41250,shortage
CUS000775,34,YOUTH,S2_일반균형형,F,26799,2024-09-21,True,2900,good
CUS000776,26,YOUTH,S2_일반균형형,F,LPZ1007706,2026-03-01,True,41250,good
CUS000777,34,YOUTH,S2_일반균형형,F,1681_초이스130_유튜브프리미엄,2026-06-14,True,97500,over
CUS000778,25,YOUTH,S3_데이터헤비형,M,29825,2025-03-05,False,12900,shortage
CUS000779,34,YOUTH,S1_저사용절약형,M,36959,2023-11-02,False,25300,over
CUS000780,23,YOUTH,S1_저사용절약형,F,35380,2025-01-01,False,15900,good
CUS000781,33,YOUTH,S3_데이터헤비형,F,Z202605253,2026-02-14,True,52500,good
CUS000782,22,YOUTH,S1_저사용절약형,M,11198,2024-12-25,True,5500,shortage
CUS000783,24,YOUTH,S3_데이터헤비형,F,15408,2024-12-28,False,55000,over
CUS000784,30,YOUTH,S3_데이터헤비형,M,Z202205251_우리집지킴이도어캠,2025-09-10,True,86250,over
CUS000785,27,YOUTH,S2_일반균형형,F,1694_베이직 14GB(이월)_만 34세 이하,2025-05-24,True,41250,good
CUS000786,31,YOUTH,S2_일반균형형,F,13981,2025-09-22,True,24200,good
CUS000787,20,YOUTH,S3_데이터헤비형,M,1681_초이스110_유튜브프리미엄,2026-03-22,True,82500,over
CUS000788,20,YOUTH,S3_데이터헤비형,M,36300,2024-06-26,True,30910,good
CUS000789,28,YOUTH,S2_일반균형형,M,NA00009784,2025-05-06,True,41250,shortage
CUS000790,31,YOUTH,S1_저사용절약형,F,1693_베이직7GB,2025-07-29,True,33750,good
CUS000791,32,YOUTH,S4_통화집중저데이터형,F,1693_베이직4GB_만 34세 이하,2024-01-06,True,27750,good
CUS000792,32,YOUTH,S2_일반균형형,F,21269,2024-05-07,False,38200,over
CUS000793,20,YOUTH,S3_데이터헤비형,F,15408,2026-04-23,False,55000,over
CUS000794,20,YOUTH,S2_일반균형형,F,1693_베이직21GB,2024-07-05,True,43500,good
CUS000795,23,YOUTH,S2_일반균형형,M,1567_요고 36,2026-01-19,True,27000,good
CUS000796,25,YOUTH,S1_저사용절약형,F,19626,2025-01-03,False,16940,good
CUS000797,22,YOUTH,S1_저사용절약형,F,NA00009781_만 34세 이하,2026-02-08,True,29250,good
CUS000798,26,YOUTH,S3_데이터헤비형,M,1693_베이직110GB,2024-11-01,True,51750,good
CUS000799,22,YOUTH,S2_일반균형형,M,1693_베이직14GB_만 34세 이하,2025-03-01,True,41250,good
CUS000800,34,YOUTH,S6_업무헤비형,F,25289,2026-04-11,False,49000,good
CUS000801,24,YOUTH,S2_일반균형형,F,LPZ1007706,2025-03-16,True,41250,good
CUS000802,24,YOUTH,S2_일반균형형,M,33856,2024-01-22,True,15400,good
CUS000803,22,YOUTH,S3_데이터헤비형,M,Z202605252,2026-01-25,True,56250,good
CUS000804,21,YOUTH,S3_데이터헤비형,F,1693_베이직50GB_만 34세 이하,2023-11-01,True,47250,good
CUS000805,19,YOUTH,S3_데이터헤비형,F,Z202605252,2025-03-16,True,56250,good
CUS000806,20,YOUTH,S3_데이터헤비형,M,NA00009790_만 34세 이하,2025-08-08,True,51750,good
CUS000807,33,YOUTH,S3_데이터헤비형,F,36793,2024-08-07,False,3500,shortage
CUS000808,26,YOUTH,S5_통화집중균형형,M,LPZ1007704,2024-08-31,True,45750,good
CUS000809,27,YOUTH,S1_저사용절약형,F,Z202605260,2024-01-27,True,27750,good
CUS000810,25,YOUTH,S3_데이터헤비형,F,NA00009781,2026-02-12,True,29250,shortage
CUS000811,33,YOUTH,S2_일반균형형,M,1694_베이직 14GB(이월)_만 34세 이하,2025-09-29,True,41250,good
CUS000812,24,YOUTH,S3_데이터헤비형,M,16840,2024-12-07,True,20000,shortage
CUS000813,26,YOUTH,S3_데이터헤비형,M,18584,2023-10-07,False,38300,good
CUS000814,25,YOUTH,S3_데이터헤비형,M,36912,2026-01-16,True,7000,shortage
CUS000815,28,YOUTH,S1_저사용절약형,F,36701,2024-07-05,True,550,good
CUS000816,33,YOUTH,S2_일반균형형,F,NA00009782_만 34세 이하,2025-04-20,True,33750,shortage
CUS000817,21,YOUTH,S1_저사용절약형,M,NA00006534,2024-11-09,True,24750,shortage
CUS000818,21,YOUTH,S2_일반균형형,M,1694_베이직 21GB(이월),2024-05-30,True,43500,good
CUS000819,23,YOUTH,S3_데이터헤비형,M,36647,2024-09-25,True,8200,good
CUS000820,20,YOUTH,S2_일반균형형,M,NA00009782,2024-02-08,True,33750,shortage
CUS000821,21,YOUTH,S2_일반균형형,M,1693_베이직14GB_만 34세 이하,2024-09-20,True,41250,good
CUS000822,29,YOUTH,S5_통화집중균형형,M,1567_요고 36,2024-11-24,True,27000,shortage
CUS000823,23,YOUTH,S5_통화집중균형형,F,1693_베이직10GB,2024-05-31,True,37500,shortage
CUS000824,33,YOUTH,S3_데이터헤비형,F,Z202205252_애플디바이스,2024-04-16,True,78750,over
CUS000825,27,YOUTH,S3_데이터헤비형,F,NA00009790,2024-01-08,True,51750,good
CUS000826,24,YOUTH,S2_일반균형형,M,26180,2023-12-16,False,14300,shortage
CUS000827,25,YOUTH,S6_업무헤비형,F,LPZ1007701,2025-02-16,True,51000,good
CUS000828,31,YOUTH,S5_통화집중균형형,M,33935,2025-04-12,True,2200,shortage
CUS000829,27,YOUTH,S3_데이터헤비형,F,1693_베이직70GB_만 34세 이하,2024-01-18,True,48750,good
CUS000830,30,YOUTH,S3_데이터헤비형,M,Z202605252,2026-05-30,True,56250,good
CUS000831,25,YOUTH,S2_일반균형형,F,1693_베이직21GB,2024-07-10,True,43500,good
CUS000832,25,YOUTH,S2_일반균형형,M,1694_베이직 21GB(이월),2025-04-01,True,43500,good
CUS000833,26,YOUTH,S3_데이터헤비형,F,1692_초이스 더블 유튜브 프리미엄+디바이스_모아진,2026-04-21,True,90000,over
CUS000834,26,YOUTH,S2_일반균형형,M,1567_요고 40,2024-01-13,True,30000,good
CUS000835,25,YOUTH,S3_데이터헤비형,M,Z202605254,2025-05-06,True,51000,good
CUS000836,27,YOUTH,S2_일반균형형,M,33080,2023-08-24,False,28800,shortage
CUS000837,23,YOUTH,S3_데이터헤비형,F,31923,2023-09-03,True,13500,shortage
CUS000838,29,YOUTH,S4_통화집중저데이터형,M,33844,2024-06-30,True,9900,good
CUS000839,26,YOUTH,S5_통화집중균형형,M,29788,2026-02-14,False,22000,good
CUS000840,20,YOUTH,S2_일반균형형,F,Z202606002,2024-12-02,True,24750,shortage
CUS000841,32,YOUTH,S2_일반균형형,F,1693_베이직21GB,2023-12-19,True,43500,good
CUS000842,21,YOUTH,S1_저사용절약형,M,Z202205251_AI구독,2026-03-15,True,86250,over
CUS000843,28,YOUTH,S3_데이터헤비형,F,15034,2026-05-01,True,28900,good
CUS000844,26,YOUTH,S2_일반균형형,M,36652,2025-03-20,False,17990,good
CUS000845,20,YOUTH,S3_데이터헤비형,M,1694_베이직 14GB(이월)_만 34세 이하,2026-04-21,True,41250,shortage
CUS000846,34,YOUTH,S3_데이터헤비형,M,LPZ1007702,2025-07-18,True,49500,good
CUS000847,21,YOUTH,S2_일반균형형,F,15735,2025-12-31,True,5500,shortage
CUS000848,27,YOUTH,S2_일반균형형,M,31937,2024-05-27,False,7200,good
CUS000849,31,YOUTH,S1_저사용절약형,M,Z202605260,2024-01-05,True,27750,good
CUS000850,27,YOUTH,S3_데이터헤비형,M,15408,2026-02-13,False,55000,over
CUS000851,26,YOUTH,S3_데이터헤비형,M,NA00009815,2025-08-11,True,96750,over
CUS000852,34,YOUTH,S3_데이터헤비형,M,1693_베이직50GB_만 34세 이하,2026-01-25,True,47250,good
CUS000853,26,YOUTH,S3_데이터헤비형,M,NA00009789_만 34세 이하,2024-11-23,True,51000,good
CUS000854,27,YOUTH,S2_일반균형형,M,31297,2025-04-04,False,42000,over
CUS000855,27,YOUTH,S3_데이터헤비형,F,Z202605252,2025-01-28,True,56250,good
CUS000856,27,YOUTH,S3_데이터헤비형,F,36883,2026-02-21,True,37400,good
CUS000857,30,YOUTH,S2_일반균형형,F,LPZ1007706,2023-10-22,True,41250,good
CUS000858,33,YOUTH,S3_데이터헤비형,F,NA00009790,2026-02-20,True,51750,good
CUS000859,31,YOUTH,S4_통화집중저데이터형,M,1681_초이스130_유튜브프리미엄,2023-08-22,True,97500,over
CUS000860,28,YOUTH,S3_데이터헤비형,M,Z202605254,2025-12-11,True,51000,good
CUS000861,31,YOUTH,S3_데이터헤비형,F,NA00009788_만 34세 이하,2026-01-02,True,49500,good
CUS000862,34,YOUTH,S3_데이터헤비형,F,NA00009787,2025-12-20,True,48000,shortage
CUS000863,24,YOUTH,S1_저사용절약형,M,1694_베이직 7GB(이월),2025-12-28,True,33750,good
CUS000864,31,YOUTH,S3_데이터헤비형,M,Z202605260,2025-11-02,True,27750,shortage
CUS000865,31,YOUTH,S1_저사용절약형,F,35420,2024-03-02,False,55000,over
CUS000866,19,YOUTH,S2_일반균형형,F,34676,2026-05-22,False,11000,good
CUS000867,29,YOUTH,S2_일반균형형,F,37140,2026-06-16,False,16400,good
CUS000868,25,YOUTH,S5_통화집중균형형,M,Z202205251_AI구독,2025-07-30,True,86250,over
CUS000869,33,YOUTH,S3_데이터헤비형,M,NA00009789,2023-10-06,True,51000,good
CUS000870,31,YOUTH,S3_데이터헤비형,F,NA00009789_만 34세 이하,2024-07-18,True,51000,good
CUS000871,20,YOUTH,S3_데이터헤비형,F,36992,2025-03-15,True,4400,shortage
CUS000872,30,YOUTH,S3_데이터헤비형,F,NA00009789_만 34세 이하,2024-07-05,True,51000,good
CUS000873,28,YOUTH,S4_통화집중저데이터형,M,36690,2025-01-09,True,22900,over
CUS000874,30,YOUTH,S3_데이터헤비형,F,NA00009789,2023-10-31,True,51000,good
CUS000875,33,YOUTH,S3_데이터헤비형,F,Z202605254,2024-04-06,True,51000,good
CUS000876,26,YOUTH,S2_일반균형형,F,1693_베이직14GB_만 34세 이하,2025-05-04,True,41250,good
CUS000877,20,YOUTH,S3_데이터헤비형,M,1693_베이직30GB_만 34세 이하,2024-05-29,True,45750,shortage
CUS000878,30,YOUTH,S1_저사용절약형,M,Z202605260,2025-08-24,True,27750,good
CUS000879,22,YOUTH,S3_데이터헤비형,M,36172,2025-01-10,True,23000,good
CUS000880,32,YOUTH,S3_데이터헤비형,F,NA00009781_만 34세 이하,2025-09-30,True,29250,shortage
CUS000881,22,YOUTH,S2_일반균형형,F,1567_요고 36,2025-03-28,True,27000,good
CUS000882,24,YOUTH,S3_데이터헤비형,M,11420,2025-01-16,True,3500,shortage
CUS000883,28,YOUTH,S2_일반균형형,M,35832,2025-02-21,True,15900,over
CUS000884,24,YOUTH,S2_일반균형형,F,Z202605257,2024-06-15,True,45750,good
CUS000885,22,YOUTH,S2_일반균형형,M,37141,2023-10-23,False,18400,good
CUS000886,23,YOUTH,S3_데이터헤비형,F,1693_베이직110GB,2025-01-10,True,51750,good
CUS000887,22,YOUTH,S3_데이터헤비형,M,1567_요고 49,2024-11-14,True,36750,good
CUS000888,21,YOUTH,S1_저사용절약형,F,1681_초이스130_만 34세 이하_티빙/지니/밀리,2024-03-16,True,97500,over
CUS000889,20,YOUTH,S3_데이터헤비형,M,15408,2025-06-09,False,55000,over
CUS000890,22,YOUTH,S2_일반균형형,M,1694_베이직 21GB(이월),2025-08-08,True,43500,good
CUS000891,33,YOUTH,S5_통화집중균형형,M,NA00009785_만 34세 이하,2025-05-30,True,44250,good
CUS000892,26,YOUTH,S3_데이터헤비형,F,NA00009801_YouTubePremium,2023-09-16,True,81750,over
CUS000893,29,YOUTH,S3_데이터헤비형,F,LPZ1007701,2026-01-29,True,51000,good
CUS000894,28,YOUTH,S1_저사용절약형,M,36901,2025-04-25,True,3000,good
CUS000895,24,YOUTH,S6_업무헤비형,M,LPZ1007699,2026-01-12,True,56250,good
CUS000896,29,YOUTH,S6_업무헤비형,M,Z202205252_구글원+보상패스,2025-09-15,True,78750,over
CUS000897,29,YOUTH,S1_저사용절약형,F,1694_베이직 4GB(이월),2024-12-18,True,27750,shortage
CUS000898,22,YOUTH,S3_데이터헤비형,F,34674,2024-09-05,True,23100,good
CUS000899,31,YOUTH,S2_일반균형형,M,29085,2024-04-11,True,25400,good
CUS000900,20,YOUTH,S2_일반균형형,M,Z202605257,2024-01-24,True,45750,good
CUS000901,34,YOUTH,S1_저사용절약형,M,Z202605260,2025-02-17,True,27750,good
CUS000902,26,YOUTH,S4_통화집중저데이터형,F,35380,2025-03-14,False,15900,good
CUS000903,28,YOUTH,S2_일반균형형,F,NA00009784_만 34세 이하,2025-04-28,True,41250,good
CUS000904,22,YOUTH,S3_데이터헤비형,F,LPZ1007702,2025-01-09,True,49500,good
CUS000905,33,YOUTH,S1_저사용절약형,F,NA00009781_만 34세 이하,2025-04-08,True,29250,good
CUS000906,23,YOUTH,S3_데이터헤비형,F,NA00009789_만 34세 이하,2025-04-26,True,51000,good
CUS000907,31,YOUTH,S4_통화집중저데이터형,F,36948,2024-06-04,False,16300,good
CUS000908,29,YOUTH,S2_일반균형형,F,23540,2025-08-06,True,14000,shortage
CUS000909,29,YOUTH,S2_일반균형형,M,1693_베이직30GB,2024-08-04,True,45750,good
CUS000910,32,YOUTH,S1_저사용절약형,M,1693_베이직7GB,2026-06-03,True,33750,good
CUS000911,34,YOUTH,S2_일반균형형,M,NA00009785,2023-09-09,True,44250,good
CUS000912,23,YOUTH,S3_데이터헤비형,M,NA00009789,2024-07-17,True,51000,good
CUS000913,19,YOUTH,S3_데이터헤비형,F,Z202605255,2024-04-17,True,49500,shortage
CUS000914,30,YOUTH,S1_저사용절약형,M,33882,2025-10-23,False,45100,over
CUS000915,23,YOUTH,S3_데이터헤비형,M,Z202606000,2024-05-03,True,35250,shortage
CUS000916,19,YOUTH,S3_데이터헤비형,F,36691,2023-12-27,True,22800,good
CUS000917,21,YOUTH,S2_일반균형형,F,34304,2024-02-23,True,3900,good
CUS000918,20,YOUTH,S2_일반균형형,F,NA00009781_만 34세 이하,2024-03-26,True,29250,shortage
CUS000919,32,YOUTH,S6_업무헤비형,M,36966,2025-01-19,False,33100,shortage
CUS000920,33,YOUTH,S3_데이터헤비형,F,12576,2025-01-29,False,49500,good
CUS000921,30,YOUTH,S2_일반균형형,M,Z202205252_우리집지킴이Easy2+,2025-04-04,True,78750,over
CUS000922,21,YOUTH,S2_일반균형형,F,1694_베이직 4GB(이월),2023-11-08,True,27750,shortage
CUS000923,34,YOUTH,S3_데이터헤비형,F,21263,2024-01-16,True,20020,good
CUS000924,22,YOUTH,S1_저사용절약형,M,25232,2025-08-20,True,16000,over
CUS000925,29,YOUTH,S2_일반균형형,M,1567_요고 38,2026-02-12,True,28500,good
CUS000926,27,YOUTH,S2_일반균형형,F,1567_요고 36,2023-10-23,True,27000,good
CUS000927,29,YOUTH,S4_통화집중저데이터형,F,1693_베이직1.4GB_만 34세 이하,2024-01-25,True,24750,shortage
CUS000928,24,YOUTH,S2_일반균형형,F,1693_베이직14GB_만 34세 이하,2025-03-22,True,41250,good
CUS000929,24,YOUTH,S2_일반균형형,M,34676,2025-07-12,False,11000,good
CUS000930,30,YOUTH,S2_일반균형형,M,1693_베이직21GB,2026-07-04,True,43500,good
CUS000931,26,YOUTH,S1_저사용절약형,M,NA00009791,2023-11-13,True,59250,over
CUS000932,22,YOUTH,S2_일반균형형,M,NA00009801_YouTubePremiumLite&배달의민족,2024-03-14,True,81750,over
CUS000933,21,YOUTH,S1_저사용절약형,M,1694_베이직 21GB(이월),2023-12-21,True,43500,over
CUS000934,20,YOUTH,S3_데이터헤비형,M,LPZ1007706,2023-11-15,True,41250,shortage
CUS000935,26,YOUTH,S1_저사용절약형,F,15062,2024-03-05,False,22000,good
CUS000936,24,YOUTH,S4_통화집중저데이터형,F,1567_요고 30,2025-08-17,True,22500,good
CUS000937,19,YOUTH,S2_일반균형형,M,13977,2026-03-10,True,11000,good
CUS000938,21,YOUTH,S1_저사용절약형,M,27791,2026-05-17,True,16500,over
CUS000939,31,YOUTH,S3_데이터헤비형,M,36647,2025-09-08,True,8200,good
CUS000940,26,YOUTH,S4_통화집중저데이터형,M,34905,2025-10-21,False,30000,good
CUS000941,30,YOUTH,S4_통화집중저데이터형,M,NA00006534,2025-05-10,True,24750,shortage
CUS000942,26,YOUTH,S3_데이터헤비형,M,15408,2023-09-09,False,55000,over
CUS000943,31,YOUTH,S2_일반균형형,M,1694_베이직 14GB(이월)_만 34세 이하,2024-03-03,True,41250,good
CUS000944,27,YOUTH,S2_일반균형형,M,1567_요고 34,2025-03-06,True,25500,shortage
CUS000945,23,YOUTH,S5_통화집중균형형,M,26318,2024-01-24,True,27170,good
CUS000946,25,YOUTH,S3_데이터헤비형,F,NA00009788_만 34세 이하,2025-12-21,True,49500,good
CUS000947,30,YOUTH,S3_데이터헤비형,F,1567_요고 49,2024-06-19,True,36750,good
CUS000948,23,YOUTH,S3_데이터헤비형,F,1567_요고 49,2025-05-08,True,36750,good
CUS000949,20,YOUTH,S2_일반균형형,F,31780,2024-05-02,True,17500,shortage
CUS000950,21,YOUTH,S1_저사용절약형,M,35911,2026-06-16,True,500,good
CUS000951,26,YOUTH,S2_일반균형형,M,NA00009784_만 34세 이하,2024-12-30,True,41250,good
CUS000952,28,YOUTH,S4_통화집중저데이터형,F,NA00009781,2025-10-17,True,29250,good
CUS000953,19,YOUTH,S2_일반균형형,M,34916,2025-02-21,True,11000,good
CUS000954,29,YOUTH,S1_저사용절약형,F,35798,2024-01-11,False,11900,good
CUS000955,26,YOUTH,S3_데이터헤비형,F,Z202605253,2024-12-17,True,52500,good
CUS000956,20,YOUTH,S2_일반균형형,M,23749,2025-10-05,True,22500,shortage
CUS000957,29,YOUTH,S2_일반균형형,M,1693_베이직30GB,2025-02-06,True,45750,good
CUS000958,26,YOUTH,S2_일반균형형,F,36651,2024-08-19,False,16990,good
CUS000959,33,YOUTH,S3_데이터헤비형,M,15408,2023-11-15,False,55000,over
CUS000960,24,YOUTH,S3_데이터헤비형,F,1567_요고 38,2025-02-04,True,28500,shortage
CUS000961,19,YOUTH,S2_일반균형형,F,13976,2025-12-26,True,15400,good
CUS000962,22,YOUTH,S2_일반균형형,M,27857,2025-04-02,True,17330,shortage
CUS000963,22,YOUTH,S1_저사용절약형,M,Z202605251,2024-05-29,True,63750,over
CUS000964,25,YOUTH,S3_데이터헤비형,M,1693_베이직50GB_만 34세 이하,2025-01-07,True,47250,good
CUS000965,29,YOUTH,S3_데이터헤비형,M,36605,2026-06-18,True,22900,good
CUS000966,22,YOUTH,S3_데이터헤비형,M,NA00009790_만 34세 이하,2024-06-14,True,51750,good
CUS000967,23,YOUTH,S3_데이터헤비형,F,23124,2025-05-08,True,28500,good
CUS000968,21,YOUTH,S2_일반균형형,M,35325,2024-10-19,True,24590,over
CUS000969,23,YOUTH,S3_데이터헤비형,F,37148,2024-02-18,False,64900,good
CUS000970,20,YOUTH,S1_저사용절약형,M,1693_베이직7GB,2023-12-25,True,33750,good
CUS000971,25,YOUTH,S2_일반균형형,F,1693_베이직30GB,2025-08-22,True,45750,good
CUS000972,21,YOUTH,S3_데이터헤비형,M,1693_베이직50GB,2025-12-05,True,47250,shortage
CUS000973,30,YOUTH,S3_데이터헤비형,F,1693_베이직70GB_만 34세 이하,2023-10-11,True,48750,good
CUS000974,26,YOUTH,S3_데이터헤비형,M,Z202605252,2025-01-20,True,56250,good
CUS000975,33,YOUTH,S2_일반균형형,F,37155,2026-03-05,True,13000,shortage
CUS000976,23,YOUTH,S2_일반균형형,F,1694_베이직 4GB(이월),2025-04-05,True,27750,shortage
CUS000977,22,YOUTH,S3_데이터헤비형,F,35280,2024-11-29,True,15900,good
CUS000978,22,YOUTH,S3_데이터헤비형,F,NA00009788_만 34세 이하,2026-01-28,True,49500,good
CUS000979,28,YOUTH,S3_데이터헤비형,F,1692_초이스 더블 디바이스_만 34세 이하_밀리의서재,2024-01-29,True,90000,over
CUS000980,20,YOUTH,S3_데이터헤비형,F,1681_초이스130_만 34세 이하_폰케어,2025-11-10,True,97500,over
CUS000981,23,YOUTH,S2_일반균형형,M,1693_베이직4GB_만 34세 이하,2025-02-15,True,27750,shortage
CUS000982,22,YOUTH,S3_데이터헤비형,F,12273,2025-01-27,True,7700,shortage
CUS000983,23,YOUTH,S2_일반균형형,M,29787,2024-11-11,False,24700,shortage
CUS000984,33,YOUTH,S1_저사용절약형,M,25290,2026-02-28,True,6230,good
CUS000985,26,YOUTH,S2_일반균형형,M,36652,2024-03-01,False,17990,good
CUS000986,30,YOUTH,S3_데이터헤비형,F,15948,2025-05-21,True,23100,good
CUS000987,21,YOUTH,S2_일반균형형,F,36341,2025-07-11,True,8900,good
CUS000988,22,YOUTH,S2_일반균형형,F,29950,2024-04-30,False,30800,good
CUS000989,29,YOUTH,S3_데이터헤비형,F,NA00009783,2026-01-24,True,36750,shortage
CUS000990,24,YOUTH,S3_데이터헤비형,M,33532,2024-01-15,True,28050,good
CUS000991,19,YOUTH,S3_데이터헤비형,M,33535,2024-03-16,True,32890,good
CUS000992,28,YOUTH,S3_데이터헤비형,M,20408,2025-11-07,False,7700,shortage
CUS000993,30,YOUTH,S2_일반균형형,M,29786,2025-10-29,False,24750,good
CUS000994,32,YOUTH,S2_일반균형형,F,1693_베이직1.4GB_만 34세 이하,2026-01-19,True,24750,shortage
CUS000995,21,YOUTH,S2_일반균형형,M,1694_베이직 14GB(이월)_만 34세 이하,2026-06-25,True,41250,good
CUS000996,24,YOUTH,S2_일반균형형,F,NA00009782,2024-09-15,True,33750,shortage
CUS000997,20,YOUTH,S2_일반균형형,M,29019,2025-04-28,True,12600,good
CUS000998,26,YOUTH,S2_일반균형형,F,36649,2023-11-21,False,27400,over
CUS000999,22,YOUTH,S2_일반균형형,F,1693_베이직14GB_만 34세 이하,2025-07-20,True,41250,good
CUS001000,29,YOUTH,S2_일반균형형,M,13982,2026-06-27,False,27500,good
CUS001001,32,YOUTH,S3_데이터헤비형,F,NA00009790,2025-11-12,True,51750,good
CUS001002,21,YOUTH,S2_일반균형형,F,1694_베이직 4GB(이월),2025-11-17,True,27750,shortage
CUS001003,29,YOUTH,S3_데이터헤비형,F,LPZ1007701,2025-03-30,True,51000,good
CUS001004,31,YOUTH,S3_데이터헤비형,F,27851,2025-10-31,True,18000,good
CUS001005,27,YOUTH,S2_일반균형형,F,36652,2025-09-02,False,17990,good
CUS001006,27,YOUTH,S2_일반균형형,M,36721,2023-11-12,True,1650,good
CUS001007,32,YOUTH,S4_통화집중저데이터형,F,34863,2024-10-03,True,6600,shortage
CUS001008,25,YOUTH,S2_일반균형형,F,37139,2026-06-27,False,15400,good
CUS001009,32,YOUTH,S1_저사용절약형,M,1693_베이직600MB,2025-12-08,True,21675,shortage
CUS001010,33,YOUTH,S2_일반균형형,M,26294,2025-10-25,False,12500,shortage
CUS001011,21,YOUTH,S2_일반균형형,F,1693_베이직14GB_만 34세 이하,2023-08-21,True,41250,good
CUS001012,22,YOUTH,S3_데이터헤비형,F,Z202205251_데일리,2025-11-10,True,86250,over
CUS001013,25,YOUTH,S3_데이터헤비형,M,NA00009816,2025-09-19,True,96750,over
CUS001014,27,YOUTH,S3_데이터헤비형,F,27487,2026-01-08,False,35450,good
CUS001015,21,YOUTH,S2_일반균형형,F,1681_초이스130_만 34세 이하_삼성,2025-01-12,True,97500,over
CUS001016,28,YOUTH,S2_일반균형형,M,1694_베이직 14GB(이월)_만 34세 이하,2025-08-29,True,41250,good
CUS001017,24,YOUTH,S2_일반균형형,M,NA00009794_만 34세 이하,2025-11-12,True,66750,over
CUS001018,26,YOUTH,S1_저사용절약형,M,Z202605262,2026-01-02,True,21000,shortage
CUS001019,28,YOUTH,S2_일반균형형,F,1692_초이스 더블 유튜브 프리미엄+넷플릭스_만 34세 이하_쇼핑라운지할인쿠폰(5천원권),2025-04-26,True,90000,over
CUS001020,31,YOUTH,S2_일반균형형,M,34891,2025-04-28,False,12100,good
CUS001021,31,YOUTH,S2_일반균형형,M,1692_초이스 더블 유튜브 프리미엄+디바이스_밀리의서재,2024-11-28,True,90000,over
CUS001022,30,YOUTH,S3_데이터헤비형,F,15408,2025-11-04,False,55000,over
CUS001023,32,YOUTH,S1_저사용절약형,M,29084,2025-11-17,False,19900,over
CUS001024,32,YOUTH,S2_일반균형형,M,1681_초이스130_삼성,2025-07-03,True,97500,over
CUS001025,25,YOUTH,S3_데이터헤비형,F,34718,2026-06-08,True,22900,good
CUS001026,21,YOUTH,S3_데이터헤비형,F,NA00009788_만 34세 이하,2024-07-04,True,49500,good
CUS001027,27,YOUTH,S2_일반균형형,M,29084,2024-10-30,False,19900,good
CUS001028,29,YOUTH,S2_일반균형형,M,34743,2025-12-27,True,19900,over
CUS001029,33,YOUTH,S2_일반균형형,F,1681_초이스130_가전구독,2023-09-17,True,97500,over
CUS001030,27,YOUTH,S1_저사용절약형,F,1692_초이스 더블 디즈니플러스+폰케어_쇼핑라운지할인쿠폰(5천원권),2024-06-16,True,90000,over
CUS001031,19,YOUTH,S2_일반균형형,F,35447,2025-07-31,True,100,good
CUS001032,20,YOUTH,S2_일반균형형,F,29791,2026-05-13,False,20900,good
CUS001033,21,YOUTH,S2_일반균형형,M,1693_베이직21GB,2025-06-27,True,43500,good
CUS001034,25,YOUTH,S3_데이터헤비형,F,NA00009790,2023-09-11,True,51750,good
CUS001035,26,YOUTH,S1_저사용절약형,F,Z202606002,2025-08-15,True,24750,shortage
CUS001036,27,YOUTH,S3_데이터헤비형,F,NA00009790_만 34세 이하,2024-08-30,True,51750,good
CUS001037,32,YOUTH,S3_데이터헤비형,M,NA00009788_만 34세 이하,2023-12-12,True,49500,good
CUS001038,22,YOUTH,S1_저사용절약형,F,1693_베이직7GB,2025-03-23,True,33750,good
CUS001039,27,YOUTH,S1_저사용절약형,F,29932,2026-02-24,True,7000,good
CUS001040,24,YOUTH,S3_데이터헤비형,F,36647,2024-05-13,True,8200,good
CUS001041,22,YOUTH,S1_저사용절약형,F,32019,2026-03-11,True,45100,over
CUS001042,29,YOUTH,S2_일반균형형,M,14984,2023-08-27,False,29900,good
CUS001043,30,YOUTH,S2_일반균형형,M,1693_베이직14GB_만 34세 이하,2024-08-30,True,41250,good
CUS001044,34,YOUTH,S5_통화집중균형형,M,1693_베이직30GB,2023-12-03,True,45750,good
CUS001045,32,YOUTH,S6_업무헤비형,M,23170,2024-11-05,True,29000,good
CUS001046,22,YOUTH,S1_저사용절약형,M,1694_베이직 7GB(이월),2025-01-30,True,33750,good
CUS001047,24,YOUTH,S1_저사용절약형,M,NA00009781,2024-03-17,True,29250,good
CUS001048,33,YOUTH,S1_저사용절약형,F,1693_베이직7GB,2023-09-15,True,33750,good
CUS001049,19,YOUTH,S2_일반균형형,F,Z202605261,2024-10-19,True,21750,shortage
CUS001050,30,YOUTH,S1_저사용절약형,M,1693_베이직7GB,2025-09-20,True,33750,good
CUS001051,34,YOUTH,S2_일반균형형,F,1694_베이직 21GB(이월),2024-01-12,True,43500,good
CUS001052,19,YOUTH,S2_일반균형형,M,NA00009817,2026-03-29,True,96750,over
CUS001053,29,YOUTH,S2_일반균형형,F,35872,2024-10-26,True,2750,shortage
CUS001054,34,YOUTH,S2_일반균형형,F,1567_요고 36,2023-08-30,True,27000,good
CUS001055,24,YOUTH,S2_일반균형형,M,36724,2025-10-08,True,2200,good
CUS001056,30,YOUTH,S4_통화집중저데이터형,F,35322,2025-02-22,True,11000,good
CUS001057,29,YOUTH,S3_데이터헤비형,F,35853,2023-09-04,False,49900,good
CUS001058,33,YOUTH,S3_데이터헤비형,F,NA00009786_만 34세 이하,2024-04-26,True,46499,shortage
CUS001059,24,YOUTH,S6_업무헤비형,M,1567_요고 55,2024-04-03,True,41250,good
CUS001060,21,YOUTH,S3_데이터헤비형,M,LPZ1007703,2024-05-19,True,47250,shortage
CUS001061,29,YOUTH,S4_통화집중저데이터형,F,30845,2023-08-31,True,3300,shortage
CUS001062,23,YOUTH,S2_일반균형형,F,Z202605258,2024-05-19,True,44250,good
CUS001063,20,YOUTH,S3_데이터헤비형,F,NA00009788_만 34세 이하,2025-06-22,True,49500,good
CUS001064,19,YOUTH,S2_일반균형형,M,Z202605258,2025-06-01,True,44250,good
CUS001065,34,YOUTH,S2_일반균형형,M,20325,2026-02-14,True,9900,good
CUS001066,27,YOUTH,S5_통화집중균형형,M,1693_베이직30GB,2025-01-31,True,45750,good
CUS001067,31,YOUTH,S4_통화집중저데이터형,M,NA00009781,2024-12-22,True,29250,good
CUS001068,33,YOUTH,S5_통화집중균형형,F,NA00009786,2024-10-29,True,46499,good
CUS001069,23,YOUTH,S2_일반균형형,F,NA00009784_만 34세 이하,2025-09-13,True,41250,good
CUS001070,24,YOUTH,S3_데이터헤비형,M,20918,2023-12-29,False,42900,good
CUS001071,30,YOUTH,S4_통화집중저데이터형,M,35911,2025-06-04,True,500,good
CUS001072,30,YOUTH,S3_데이터헤비형,F,31925,2025-02-19,True,24500,good
CUS001073,25,YOUTH,S3_데이터헤비형,M,15408,2024-05-05,False,55000,over
CUS001074,33,YOUTH,S3_데이터헤비형,M,NA00009790,2024-02-25,True,51750,good
CUS001075,29,YOUTH,S1_저사용절약형,M,NA00009811_만 34세 이하,2023-12-19,True,89250,over
CUS001076,34,YOUTH,S2_일반균형형,F,36605,2025-08-07,True,22900,over
CUS001077,21,YOUTH,S6_업무헤비형,F,1693_베이직110GB_만 34세 이하,2024-08-21,True,51750,good
CUS001078,29,YOUTH,S2_일반균형형,M,36724,2024-02-15,True,2200,good
CUS001079,22,YOUTH,S3_데이터헤비형,M,35907,2025-10-28,True,17900,good
CUS001080,31,YOUTH,S1_저사용절약형,M,1694_베이직 7GB(이월),2023-11-01,True,33750,good
CUS001081,27,YOUTH,S2_일반균형형,F,31029,2025-04-05,False,19900,good
CUS001082,25,YOUTH,S2_일반균형형,F,1693_베이직4GB,2026-05-23,True,27750,shortage
CUS001083,29,YOUTH,S2_일반균형형,M,1693_베이직21GB,2024-12-01,True,43500,good
CUS001084,30,YOUTH,S2_일반균형형,F,1567_요고 40,2024-02-26,True,30000,good
CUS001085,23,YOUTH,S3_데이터헤비형,M,LPZ1007701,2024-06-01,True,51000,good
CUS001086,26,YOUTH,S1_저사용절약형,F,26356,2025-06-28,True,10,good
CUS001087,25,YOUTH,S2_일반균형형,M,33868,2023-10-29,False,22000,good
CUS001088,29,YOUTH,S6_업무헤비형,F,15408,2026-01-31,False,55000,over
CUS001089,19,YOUTH,S2_일반균형형,F,29023,2025-06-14,False,21800,good
CUS001090,23,YOUTH,S3_데이터헤비형,M,1692_초이스 더블 유튜브 프리미엄+넷플릭스_만 34세 이하_쇼핑라운지할인쿠폰(5천원권),2024-04-27,True,90000,over
CUS001091,20,YOUTH,S3_데이터헤비형,F,20102,2025-09-11,True,21800,shortage
CUS001092,26,YOUTH,S3_데이터헤비형,M,1567_요고 49,2024-08-06,True,36750,good
CUS001093,20,YOUTH,S3_데이터헤비형,F,30954,2023-10-03,True,12400,good
CUS001094,28,YOUTH,S2_일반균형형,M,29950,2026-02-14,False,30800,good
CUS001095,29,YOUTH,S1_저사용절약형,M,LPZ1007663,2025-08-29,True,24750,shortage
CUS001096,24,YOUTH,S3_데이터헤비형,M,Z202605252,2024-07-29,True,56250,good
CUS001097,24,YOUTH,S1_저사용절약형,F,36840,2023-11-19,True,4400,good
CUS001098,19,YOUTH,S2_일반균형형,F,1693_베이직21GB,2024-08-12,True,43500,good
CUS001099,31,YOUTH,S1_저사용절약형,F,1693_베이직7GB,2026-06-02,True,33750,good
CUS001100,23,YOUTH,S4_통화집중저데이터형,F,Z202606000,2024-09-12,True,35250,good
CUS001101,27,YOUTH,S3_데이터헤비형,F,NA00009790,2025-03-08,True,51750,good
CUS001102,24,YOUTH,S6_업무헤비형,M,1693_베이직70GB_만 34세 이하,2024-12-01,True,48750,good
CUS001103,32,YOUTH,S3_데이터헤비형,F,1693_베이직21GB_만 34세 이하,2025-07-12,True,43500,shortage
CUS001104,27,YOUTH,S2_일반균형형,F,1694_베이직 7GB(이월)_만 34세 이하,2026-01-19,True,33750,shortage
CUS001105,26,YOUTH,S3_데이터헤비형,M,1693_베이직70GB_만 34세 이하,2025-06-25,True,48750,good
CUS001106,22,YOUTH,S2_일반균형형,F,Z202605258,2024-09-23,True,44250,good
CUS001107,29,YOUTH,S2_일반균형형,M,1567_요고 32,2026-05-10,True,24000,shortage
CUS001108,32,YOUTH,S2_일반균형형,F,Z202205252_구글원+보상패스,2023-12-20,True,78750,over
CUS001109,30,YOUTH,S3_데이터헤비형,F,NA00009790,2025-04-26,True,51750,good
CUS001110,25,YOUTH,S2_일반균형형,M,34362,2024-05-15,False,20000,good
CUS001111,20,YOUTH,S3_데이터헤비형,F,26815,2026-05-22,True,26400,good
CUS001112,28,YOUTH,S6_업무헤비형,M,12278,2026-02-13,True,300,shortage
CUS001113,33,YOUTH,S1_저사용절약형,F,1694_베이직 7GB(이월),2025-11-06,True,33750,good
CUS001114,23,YOUTH,S2_일반균형형,M,Z202605260,2025-08-31,True,27750,shortage
CUS001115,23,YOUTH,S2_일반균형형,F,Z202605257,2023-11-07,True,45750,good
CUS001116,31,YOUTH,S3_데이터헤비형,F,1567_요고 49,2024-11-14,True,36750,good
CUS001117,19,YOUTH,S1_저사용절약형,M,1681_초이스130_디바이스,2024-01-25,True,97500,over
CUS001118,19,YOUTH,S6_업무헤비형,F,15408,2026-02-20,False,55000,over
CUS001119,31,YOUTH,S3_데이터헤비형,F,Z202605254,2024-06-12,True,51000,good
CUS001120,30,YOUTH,S6_업무헤비형,F,37146,2025-02-05,False,62700,good
CUS001121,28,YOUTH,S2_일반균형형,F,36808,2026-06-25,False,13000,good
CUS001122,28,YOUTH,S3_데이터헤비형,F,27743,2024-11-08,True,29000,good
CUS001123,26,YOUTH,S3_데이터헤비형,F,1693_베이직80_만 34세 이하,2023-11-22,True,60000,over
CUS001124,27,YOUTH,S3_데이터헤비형,M,NA00009789_만 34세 이하,2025-04-10,True,51000,good
CUS001125,30,YOUTH,S1_저사용절약형,M,35914,2024-08-19,True,9900,good
CUS001126,29,YOUTH,S2_일반균형형,F,Z202205253_넷플릭스,2024-10-07,True,97500,over
CUS001127,20,YOUTH,S2_일반균형형,F,1693_베이직7GB_만 34세 이하,2024-09-27,True,33750,shortage
CUS001128,19,YOUTH,S3_데이터헤비형,F,24714,2026-05-04,False,22400,shortage
CUS001129,23,YOUTH,S2_일반균형형,F,1693_베이직14GB_만 34세 이하,2026-04-21,True,41250,good
CUS001130,20,YOUTH,S3_데이터헤비형,M,1567_요고 32,2026-05-15,True,24000,shortage
CUS001131,28,YOUTH,S2_일반균형형,M,26888,2025-06-05,True,10,shortage
CUS001132,28,YOUTH,S2_일반균형형,M,36333,2025-04-04,False,52800,good
CUS001133,21,YOUTH,S4_통화집중저데이터형,M,1693_베이직4GB_만 34세 이하,2025-06-21,True,27750,good
CUS001134,23,YOUTH,S2_일반균형형,F,29083,2026-02-15,False,14300,shortage
CUS001135,30,YOUTH,S2_일반균형형,M,1693_베이직21GB,2026-02-18,True,43500,good
CUS001136,22,YOUTH,S3_데이터헤비형,F,1681_초이스110_만 34세 이하_넷플릭스,2024-08-13,True,82500,over
CUS001137,32,YOUTH,S3_데이터헤비형,M,27259,2024-12-05,True,23000,good
CUS001138,27,YOUTH,S5_통화집중균형형,M,1694_베이직 14GB(이월)_만 34세 이하,2024-05-03,True,41250,good
CUS001139,24,YOUTH,S4_통화집중저데이터형,F,NA00009781_만 34세 이하,2024-10-29,True,29250,good
CUS001140,25,YOUTH,S1_저사용절약형,M,Z202605260,2024-04-18,True,27750,good
CUS001141,33,YOUTH,S3_데이터헤비형,M,NA00009789_만 34세 이하,2024-01-18,True,51000,good
CUS001142,30,YOUTH,S2_일반균형형,F,NA00009800_만 34세 이하,2024-01-20,True,81750,over
CUS001143,19,YOUTH,S3_데이터헤비형,F,Z202605254,2024-04-29,True,51000,good
CUS001144,27,YOUTH,S2_일반균형형,F,36825,2026-05-05,True,42400,over
CUS001145,28,YOUTH,S3_데이터헤비형,F,15408,2023-09-27,False,55000,over
CUS001146,29,YOUTH,S2_일반균형형,M,26871,2026-02-18,True,15100,over
CUS001147,34,YOUTH,S3_데이터헤비형,F,1693_베이직70GB_만 34세 이하,2024-07-29,True,48750,good
CUS001148,34,YOUTH,S4_통화집중저데이터형,F,36751,2025-04-27,True,2200,good
CUS001149,23,YOUTH,S2_일반균형형,F,30955,2024-04-21,True,7000,shortage
CUS001150,31,YOUTH,S6_업무헤비형,F,10271,2026-04-27,False,13900,shortage
CUS001151,21,YOUTH,S3_데이터헤비형,F,34755,2025-08-16,True,4950,shortage
CUS001152,24,YOUTH,S1_저사용절약형,F,NA00009812_만 34세 이하,2025-04-30,True,89250,over
CUS001153,19,YOUTH,S1_저사용절약형,F,Z202606002,2025-07-20,True,24750,shortage
CUS001154,22,YOUTH,S3_데이터헤비형,M,1693_베이직70GB_만 34세 이하,2025-04-07,True,48750,good
CUS001155,19,YOUTH,S1_저사용절약형,F,26275,2025-07-09,False,3300,shortage
CUS001156,32,YOUTH,S2_일반균형형,M,1567_요고 30,2024-08-28,True,22500,shortage
CUS001157,32,YOUTH,S3_데이터헤비형,F,30000,2023-09-08,True,24970,good
CUS001158,24,YOUTH,S1_저사용절약형,F,30942,2025-06-19,False,21560,good
CUS001159,32,YOUTH,S6_업무헤비형,F,36694,2026-02-18,True,10450,good
CUS001160,27,YOUTH,S3_데이터헤비형,F,15408,2025-10-22,False,55000,over
CUS001161,31,YOUTH,S2_일반균형형,M,35278,2026-02-15,True,13900,shortage
CUS001162,20,YOUTH,S3_데이터헤비형,F,25306,2023-11-25,True,44000,good
CUS001163,29,YOUTH,S2_일반균형형,F,NA00006534,2024-04-27,True,24750,shortage
CUS001164,28,YOUTH,S3_데이터헤비형,M,36764,2024-02-14,True,17050,shortage
CUS001165,20,YOUTH,S3_데이터헤비형,F,LPZ1007701,2024-07-22,True,51000,good
CUS001166,30,YOUTH,S3_데이터헤비형,M,35889,2025-12-04,True,17900,good
CUS001167,24,YOUTH,S2_일반균형형,M,33535,2024-06-08,True,32890,over
CUS001168,21,YOUTH,S2_일반균형형,M,NA00006534_만 34세 이하,2025-10-17,True,24750,shortage
CUS001169,27,YOUTH,S3_데이터헤비형,M,36890,2025-07-20,True,47960,good
CUS001170,29,YOUTH,S3_데이터헤비형,F,Z202205252_우리집돌봄이Kids,2025-01-12,True,78750,over
CUS001171,26,YOUTH,S2_일반균형형,F,1567_요고 36,2025-09-23,True,27000,good
CUS001172,28,YOUTH,S2_일반균형형,F,12577,2025-11-16,False,53900,over
CUS001173,20,YOUTH,S3_데이터헤비형,M,15408,2026-03-21,False,55000,over
CUS001174,34,YOUTH,S1_저사용절약형,F,24193,2024-08-09,False,13420,good
CUS001175,26,YOUTH,S2_일반균형형,F,13983,2025-09-06,True,33000,good
CUS001176,30,YOUTH,S3_데이터헤비형,F,NA00009819_만 34세 이하,2025-02-27,True,96750,over
CUS001177,20,YOUTH,S2_일반균형형,M,23913,2024-11-06,False,20100,good
CUS001178,26,YOUTH,S2_일반균형형,M,1693_베이직600MB,2025-03-30,True,21675,shortage
CUS001179,19,YOUTH,S2_일반균형형,F,NA00009785,2025-01-31,True,44250,good
CUS001180,30,YOUTH,S2_일반균형형,M,Z202605258,2025-02-17,True,44250,good
CUS001181,30,YOUTH,S1_저사용절약형,F,36997,2025-08-01,False,19900,good
CUS001182,27,YOUTH,S1_저사용절약형,F,36953,2026-02-05,False,22900,good
CUS001183,26,YOUTH,S1_저사용절약형,M,34215,2024-06-26,True,13500,good
CUS001184,31,YOUTH,S2_일반균형형,F,35449,2026-02-11,True,19000,shortage
CUS001185,28,YOUTH,S1_저사용절약형,F,35518,2024-12-01,True,16000,good
CUS001186,27,YOUTH,S2_일반균형형,F,32020,2023-12-21,True,12210,shortage
CUS001187,31,YOUTH,S2_일반균형형,F,Z202605257,2026-02-09,True,45750,good
CUS001188,32,YOUTH,S3_데이터헤비형,F,1681_초이스130_만 34세 이하_유튜브프리미엄,2024-05-29,True,97500,over
CUS001189,29,YOUTH,S1_저사용절약형,M,33542,2024-01-20,True,110,good
CUS001190,28,YOUTH,S2_일반균형형,M,20325,2024-11-15,True,9900,good
CUS001191,29,YOUTH,S3_데이터헤비형,M,37114,2024-03-18,True,22000,good
CUS001192,25,YOUTH,S1_저사용절약형,F,Z202605260,2024-12-17,True,27750,good
CUS001193,27,YOUTH,S3_데이터헤비형,M,NA00009790_만 34세 이하,2025-01-18,True,51750,good
CUS001194,32,YOUTH,S2_일반균형형,M,31772,2026-04-06,True,100,good
CUS001195,25,YOUTH,S2_일반균형형,M,NA00009785,2023-09-06,True,44250,good
CUS001196,21,YOUTH,S3_데이터헤비형,M,1694_베이직 4GB(이월),2026-02-10,True,27750,shortage
CUS001197,24,YOUTH,S3_데이터헤비형,F,NA00009788_만 34세 이하,2024-05-21,True,49500,good
CUS001198,26,YOUTH,S6_업무헤비형,M,Z202606002,2025-06-19,True,24750,shortage
CUS001199,32,YOUTH,S3_데이터헤비형,F,1693_베이직50GB_만 34세 이하,2025-10-13,True,47250,good
CUS001200,28,YOUTH,S3_데이터헤비형,M,NA00009790,2025-05-07,True,51750,good
CUS001201,27,YOUTH,S2_일반균형형,F,Z202606000,2024-07-18,True,35250,shortage
CUS001202,26,YOUTH,S3_데이터헤비형,F,Z202605253,2023-10-25,True,52500,good
CUS001203,20,YOUTH,S3_데이터헤비형,F,Z202605253,2024-10-17,True,52500,good
CUS001204,27,YOUTH,S1_저사용절약형,F,1693_베이직1.4GB,2023-09-07,True,24750,shortage
CUS001205,25,YOUTH,S4_통화집중저데이터형,M,35328,2023-11-11,False,9900,shortage
CUS001206,21,YOUTH,S1_저사용절약형,F,NA00009781_만 34세 이하,2025-03-24,True,29250,good
CUS001207,27,YOUTH,S5_통화집중균형형,M,35459,2024-05-26,True,20000,over
CUS001208,29,YOUTH,S3_데이터헤비형,M,37158,2024-06-02,True,22550,good
CUS001209,28,YOUTH,S2_일반균형형,M,Z202605257,2025-10-05,True,45750,good
CUS001210,23,YOUTH,S6_업무헤비형,M,15408,2026-06-13,False,55000,over
CUS001211,23,YOUTH,S2_일반균형형,F,NA00009784_만 34세 이하,2026-06-29,True,41250,good
CUS001212,31,YOUTH,S6_업무헤비형,F,Z202605252,2025-05-18,True,56250,good
CUS001213,20,YOUTH,S2_일반균형형,M,1693_베이직14GB_만 34세 이하,2024-12-09,True,41250,good
CUS001214,32,YOUTH,S2_일반균형형,F,Z202605258,2026-02-14,True,44250,good
CUS001215,28,YOUTH,S3_데이터헤비형,M,33840,2025-05-07,True,7260,shortage
CUS001216,21,YOUTH,S2_일반균형형,F,1681_초이스110_만 34세 이하_넷플릭스,2025-02-08,True,82500,over
CUS001217,22,YOUTH,S2_일반균형형,M,1692_초이스 더블 유튜브 프리미엄+넷플릭스_만 34세 이하_지니스마트음악감상,2026-05-13,True,90000,over
CUS001218,19,YOUTH,S2_일반균형형,F,36849,2024-09-15,True,8800,good
CUS001219,24,YOUTH,S1_저사용절약형,M,36243,2026-05-31,True,6600,good
CUS001220,28,YOUTH,S1_저사용절약형,M,NA00009817_만 34세 이하,2025-02-03,True,96750,over
CUS001221,22,YOUTH,S2_일반균형형,M,6074,2026-03-04,False,14100,good
CUS001222,28,YOUTH,S3_데이터헤비형,M,33959,2026-04-27,True,22000,good
CUS001223,27,YOUTH,S3_데이터헤비형,F,LPZ1007702,2025-12-09,True,49500,good
CUS001224,32,YOUTH,S3_데이터헤비형,M,1681_초이스110_삼성,2023-09-10,True,82500,over
CUS001225,21,YOUTH,S2_일반균형형,M,35470,2025-05-29,False,16400,good
CUS001226,23,YOUTH,S6_업무헤비형,F,1567_요고 34,2025-05-24,True,25500,shortage
CUS001227,21,YOUTH,S4_통화집중저데이터형,M,NA00009782,2025-06-17,True,33750,good
CUS001228,29,YOUTH,S2_일반균형형,F,1567_요고 40,2025-10-20,True,30000,good
CUS001229,19,YOUTH,S3_데이터헤비형,M,NA00009790,2024-08-30,True,51750,good
CUS001230,30,YOUTH,S2_일반균형형,F,1694_베이직 21GB(이월),2023-10-04,True,43500,good
CUS001231,22,YOUTH,S2_일반균형형,F,NA00009784_만 34세 이하,2026-01-21,True,41250,good
CUS001232,20,YOUTH,S3_데이터헤비형,F,35801,2024-04-14,True,21000,shortage
CUS001233,24,YOUTH,S5_통화집중균형형,M,35506,2024-06-07,True,30900,over
CUS001234,24,YOUTH,S2_일반균형형,F,1567_요고 38,2025-03-18,True,28500,good
CUS001235,19,YOUTH,S1_저사용절약형,F,6801,2024-11-22,True,0,shortage
CUS001236,24,YOUTH,S3_데이터헤비형,F,23540,2024-10-10,True,14000,shortage
CUS001237,26,YOUTH,S2_일반균형형,F,36172,2025-04-15,True,23000,over
CUS001238,25,YOUTH,S2_일반균형형,F,NA00009810_만 34세 이하,2024-06-22,True,89250,over
CUS001239,24,YOUTH,S2_일반균형형,M,Z202605258,2024-12-27,True,44250,good
CUS001240,31,YOUTH,S3_데이터헤비형,M,1693_베이직70GB,2024-06-09,True,48750,shortage
CUS001241,23,YOUTH,S3_데이터헤비형,M,15408,2025-11-20,False,55000,over
CUS001242,33,YOUTH,S2_일반균형형,F,1693_베이직14GB_만 34세 이하,2025-02-23,True,41250,good
CUS001243,28,YOUTH,S2_일반균형형,M,13988,2025-04-17,False,18700,good
CUS001244,23,YOUTH,S2_일반균형형,M,NA00009783_만 34세 이하,2025-05-24,True,36750,shortage
CUS001245,20,YOUTH,S1_저사용절약형,F,11201,2025-02-05,True,8500,good
CUS001246,24,YOUTH,S3_데이터헤비형,F,NA00009790_만 34세 이하,2024-08-05,True,51750,good
CUS001247,24,YOUTH,S2_일반균형형,M,NA00009785,2023-11-18,True,44250,good
CUS001248,23,YOUTH,S1_저사용절약형,M,NA00009781,2024-01-20,True,29250,good
CUS001249,21,YOUTH,S2_일반균형형,M,1681_초이스110_만 34세 이하_디즈니+,2023-10-01,True,82500,over
CUS001250,34,YOUTH,S2_일반균형형,M,LPZ1007706,2024-09-19,True,41250,good
CUS001251,32,YOUTH,S3_데이터헤비형,M,36927,2026-06-11,True,14000,shortage
CUS001252,25,YOUTH,S3_데이터헤비형,F,1693_베이직110GB,2025-10-09,True,51750,good
CUS001253,29,YOUTH,S3_데이터헤비형,M,Z202205253_애플디바이스,2025-12-23,True,97500,over
CUS001254,26,YOUTH,S2_일반균형형,F,31397,2023-09-02,True,20000,over
CUS001255,32,YOUTH,S2_일반균형형,M,1692_초이스 더블 디바이스_만 34세 이하_밀리의서재,2025-03-20,True,90000,over
CUS001256,29,YOUTH,S3_데이터헤비형,M,1692_초이스 더블 디바이스_쇼핑라운지할인쿠폰(5천원권),2025-12-23,True,90000,over
CUS001257,21,YOUTH,S1_저사용절약형,M,Z202605260,2026-04-24,True,27750,good
CUS001258,28,YOUTH,S1_저사용절약형,M,NA00005479,2024-08-07,True,20872,shortage
CUS001259,29,YOUTH,S3_데이터헤비형,M,NA00009783_만 34세 이하,2024-07-03,True,36750,shortage
CUS001260,31,YOUTH,S1_저사용절약형,F,27407,2024-04-06,True,5900,good
CUS001261,22,YOUTH,S2_일반균형형,F,27444,2023-12-01,True,11770,shortage
CUS001262,32,YOUTH,S6_업무헤비형,F,Z202605257,2025-08-07,True,45750,shortage
CUS001263,33,YOUTH,S2_일반균형형,M,26322,2023-10-25,True,34320,good
CUS001264,32,YOUTH,S2_일반균형형,F,36734,2026-04-15,True,10,good
CUS001265,26,YOUTH,S2_일반균형형,F,33837,2025-07-29,True,8030,good
CUS001266,19,YOUTH,S2_일반균형형,F,33856,2026-04-26,True,15400,good
CUS001267,24,YOUTH,S2_일반균형형,M,36849,2025-10-27,True,8800,good
CUS001268,30,YOUTH,S1_저사용절약형,F,34245,2024-01-24,False,1980,good
CUS001269,30,YOUTH,S2_일반균형형,F,1567_요고 38,2026-04-11,True,28500,good
CUS001270,23,YOUTH,S2_일반균형형,M,36809,2025-09-29,False,15000,good
CUS001271,27,YOUTH,S2_일반균형형,F,19822,2023-08-24,True,33000,over
CUS001272,20,YOUTH,S2_일반균형형,F,Z202605260,2023-09-23,True,27750,shortage
CUS001273,25,YOUTH,S2_일반균형형,F,35443,2024-09-19,True,7000,shortage
CUS001274,20,YOUTH,S2_일반균형형,M,NA00009784_만 34세 이하,2025-07-03,True,41250,good
CUS001275,25,YOUTH,S3_데이터헤비형,F,Z202605254,2026-02-11,True,51000,good
CUS001276,33,YOUTH,S1_저사용절약형,M,29898,2024-09-16,True,12000,good
CUS001277,22,YOUTH,S3_데이터헤비형,M,15408,2025-12-01,False,55000,over
CUS001278,19,YOUTH,S6_업무헤비형,M,13905,2025-12-02,True,48180,good
CUS001279,23,YOUTH,S4_통화집중저데이터형,M,NA00009782,2024-06-23,True,33750,good
CUS001280,32,YOUTH,S3_데이터헤비형,F,31049,2023-12-26,True,14900,good
CUS001281,23,YOUTH,S1_저사용절약형,F,33039,2026-02-11,True,8600,good
CUS001282,29,YOUTH,S2_일반균형형,M,1693_베이직7GB,2024-04-29,True,33750,shortage
CUS001283,31,YOUTH,S2_일반균형형,M,15408,2026-01-16,False,55000,over
CUS001284,22,YOUTH,S1_저사용절약형,F,1693_베이직7GB,2024-06-04,True,33750,good
CUS001285,34,YOUTH,S2_일반균형형,M,35482,2026-06-16,False,11900,good
CUS001286,31,YOUTH,S2_일반균형형,M,29788,2026-01-20,False,22000,good
CUS001287,26,YOUTH,S2_일반균형형,F,30994,2025-07-11,False,1900,shortage
CUS001288,27,YOUTH,S3_데이터헤비형,M,36304,2026-06-11,True,20350,good
CUS001289,20,YOUTH,S2_일반균형형,F,Z202605257,2025-04-29,True,45750,good
CUS001290,26,YOUTH,S1_저사용절약형,M,36758,2025-05-23,True,330,good
CUS001291,27,YOUTH,S2_일반균형형,F,33165,2025-01-31,True,21900,good
CUS001292,33,YOUTH,S3_데이터헤비형,M,31120,2026-01-25,True,11900,good
CUS001293,30,YOUTH,S2_일반균형형,M,27200,2025-08-28,True,10,shortage
CUS001294,23,YOUTH,S2_일반균형형,F,Z202606002,2024-05-11,True,24750,shortage
CUS001295,26,YOUTH,S3_데이터헤비형,M,Z202605259,2025-11-10,True,41250,shortage
CUS001296,30,YOUTH,S3_데이터헤비형,M,NA00009790_만 34세 이하,2024-01-18,True,51750,good
CUS001297,22,YOUTH,S3_데이터헤비형,M,15408,2024-03-18,False,55000,over
CUS001298,19,YOUTH,S6_업무헤비형,M,37148,2026-06-27,False,64900,good
CUS001299,33,YOUTH,S2_일반균형형,F,NA00009784_만 34세 이하,2024-07-05,True,41250,good
CUS001300,20,YOUTH,S4_통화집중저데이터형,F,26289,2024-05-24,False,50500,over
CUS001301,33,YOUTH,S3_데이터헤비형,M,1681_초이스90_유튜브프리미엄,2025-06-18,True,67500,over
CUS001302,29,YOUTH,S3_데이터헤비형,M,NA00009799_만 34세 이하,2026-04-02,True,74250,over
CUS001303,29,YOUTH,S2_일반균형형,F,1694_베이직 10GB(이월)_만 34세 이하,2024-07-27,True,37500,good
CUS001304,20,YOUTH,S3_데이터헤비형,M,13975,2025-12-08,True,14300,shortage
CUS001305,33,YOUTH,S1_저사용절약형,F,33910,2024-04-27,True,17050,good
CUS001306,19,YOUTH,S2_일반균형형,M,13988,2026-06-20,False,18700,good
CUS001307,29,YOUTH,S3_데이터헤비형,F,LPZ1007702,2026-04-27,True,49500,good
CUS001308,22,YOUTH,S1_저사용절약형,F,NA00009781,2026-02-04,True,29250,good
CUS001309,22,YOUTH,S1_저사용절약형,M,1694_베이직 7GB(이월),2025-09-02,True,33750,good
CUS001310,25,YOUTH,S3_데이터헤비형,M,Z202605254,2025-01-17,True,51000,good
CUS001311,26,YOUTH,S3_데이터헤비형,F,1693_베이직4GB,2025-09-21,True,27750,shortage
CUS001312,21,YOUTH,S5_통화집중균형형,F,1694_베이직 21GB(이월)_만 34세 이하,2026-04-21,True,43500,good
CUS001313,34,YOUTH,S3_데이터헤비형,F,23209,2025-08-29,True,12370,good
CUS001314,24,YOUTH,S3_데이터헤비형,M,1567_요고 49,2026-02-09,True,36750,good
CUS001315,25,YOUTH,S1_저사용절약형,M,36750,2026-02-19,True,1100,good
CUS001316,26,YOUTH,S1_저사용절약형,F,29401,2023-10-31,False,18500,good
CUS001317,30,YOUTH,S3_데이터헤비형,M,15408,2024-11-07,False,55000,over
CUS001318,30,YOUTH,S3_데이터헤비형,M,35864,2025-04-06,True,13900,shortage
CUS001319,28,YOUTH,S2_일반균형형,M,31120,2023-10-01,True,11900,over
CUS001320,32,YOUTH,S3_데이터헤비형,F,35532,2025-02-17,True,19800,good
CUS001321,23,YOUTH,S1_저사용절약형,F,20264,2025-01-11,False,28600,over
CUS001322,23,YOUTH,S3_데이터헤비형,F,Z202205253_넷플릭스,2023-08-20,True,97500,over
CUS001323,24,YOUTH,S2_일반균형형,F,1693_베이직21GB,2025-05-17,True,43500,good
CUS001324,19,YOUTH,S1_저사용절약형,M,Z202605260,2024-05-27,True,27750,good
CUS001325,20,YOUTH,S4_통화집중저데이터형,M,1694_베이직 4GB(이월)_만 34세 이하,2026-06-24,True,27750,good
CUS001326,30,YOUTH,S2_일반균형형,F,1693_베이직14GB_만 34세 이하,2023-09-04,True,41250,good
CUS001327,21,YOUTH,S2_일반균형형,F,37144,2025-09-27,False,14400,good
CUS001328,31,YOUTH,S2_일반균형형,M,1567_요고 36,2026-06-21,True,27000,good
CUS001329,33,YOUTH,S3_데이터헤비형,F,35806,2024-06-30,True,27000,good
CUS001330,29,YOUTH,S1_저사용절약형,M,30942,2024-03-24,False,21560,good
CUS001331,23,YOUTH,S1_저사용절약형,F,26275,2025-05-25,False,3300,shortage
CUS001332,19,YOUTH,S3_데이터헤비형,M,LPZ1007702,2024-09-13,True,49500,good
CUS001333,20,YOUTH,S1_저사용절약형,F,1681_초이스110_폰케어,2025-08-12,True,82500,over
CUS001334,29,YOUTH,S6_업무헤비형,F,23171,2025-01-04,True,30500,good
CUS001335,25,YOUTH,S3_데이터헤비형,M,30942,2025-04-15,False,21560,shortage
CUS001336,24,YOUTH,S4_통화집중저데이터형,F,Z202205253_우리집돌봄이Kids,2025-10-10,True,97500,over
CUS001337,30,YOUTH,S3_데이터헤비형,M,Z202605253,2024-01-29,True,52500,good
CUS001338,24,YOUTH,S2_일반균형형,M,1567_요고 36,2024-07-17,True,27000,good
CUS001339,21,YOUTH,S2_일반균형형,F,18702,2025-03-11,True,9600,good
CUS001340,29,YOUTH,S4_통화집중저데이터형,M,30911,2025-11-13,True,24100,over
CUS001341,24,YOUTH,S5_통화집중균형형,F,37098,2025-02-20,True,100,good
CUS001342,26,YOUTH,S1_저사용절약형,M,32417,2025-03-12,True,23000,over
CUS001343,23,YOUTH,S2_일반균형형,F,NA00009782,2024-11-27,True,33750,shortage
CUS001344,22,YOUTH,S3_데이터헤비형,F,30877,2025-03-10,True,33900,good
CUS001345,26,YOUTH,S2_일반균형형,M,1567_요고 34,2026-01-20,True,25500,shortage
CUS001346,21,YOUTH,S4_통화집중저데이터형,M,1693_베이직4GB,2024-09-14,True,27750,shortage
CUS001347,32,YOUTH,S3_데이터헤비형,F,25309,2025-03-20,True,7700,shortage
CUS001348,25,YOUTH,S2_일반균형형,M,1694_베이직 21GB(이월),2025-04-15,True,43500,good
CUS001349,25,YOUTH,S1_저사용절약형,F,1693_베이직4GB,2024-11-05,True,27750,shortage
CUS001350,31,YOUTH,S3_데이터헤비형,F,35448,2026-03-23,False,5190,shortage
CUS001351,34,YOUTH,S1_저사용절약형,M,11080,2025-07-21,True,1100,shortage
CUS001352,28,YOUTH,S2_일반균형형,M,Z202605258,2026-03-27,True,44250,good
CUS001353,20,YOUTH,S3_데이터헤비형,M,1693_베이직70GB_만 34세 이하,2024-07-08,True,48750,good
CUS001354,19,YOUTH,S2_일반균형형,F,27487,2025-03-31,False,35450,over
CUS001355,20,YOUTH,S3_데이터헤비형,F,36205,2025-10-22,True,27940,good
CUS001356,19,YOUTH,S3_데이터헤비형,F,28116,2025-08-05,True,90,shortage
CUS001357,29,YOUTH,S3_데이터헤비형,M,1681_초이스90_티빙/지니/밀리,2025-05-19,True,67500,over
CUS001358,24,YOUTH,S3_데이터헤비형,F,1692_초이스 더블 디바이스_쇼핑라운지할인쿠폰(5천원권),2025-01-08,True,90000,over
CUS001359,25,YOUTH,S2_일반균형형,M,1567_요고 40,2024-06-05,True,30000,good
CUS001360,25,YOUTH,S2_일반균형형,M,36811,2024-08-15,False,16000,good
CUS001361,27,YOUTH,S2_일반균형형,M,32516,2024-01-28,False,16200,shortage
CUS001362,24,YOUTH,S2_일반균형형,M,13988,2024-09-09,False,18700,good
CUS001363,27,YOUTH,S3_데이터헤비형,M,Z202605254,2026-01-19,True,51000,good
CUS001364,25,YOUTH,S3_데이터헤비형,M,1693_베이직110GB,2023-12-18,True,51750,good
CUS001365,31,YOUTH,S3_데이터헤비형,F,35274,2024-03-29,False,40900,good
CUS001366,21,YOUTH,S2_일반균형형,M,NA00009785,2025-01-24,True,44250,good
CUS001367,22,YOUTH,S3_데이터헤비형,M,1693_베이직110GB,2023-09-21,True,51750,good
CUS001368,29,YOUTH,S5_통화집중균형형,M,LPZ1007704,2024-11-08,True,45750,good
CUS001369,27,YOUTH,S1_저사용절약형,F,12430,2024-05-14,False,4900,shortage
CUS001370,26,YOUTH,S3_데이터헤비형,F,1681_초이스90_티빙/지니/밀리,2025-05-10,True,67500,over
CUS001371,21,YOUTH,S1_저사용절약형,F,36302,2023-12-07,True,13420,over
CUS001372,30,YOUTH,S6_업무헤비형,F,37113,2024-10-11,True,44700,good
CUS001373,20,YOUTH,S2_일반균형형,M,1694_베이직 14GB(이월)_만 34세 이하,2023-10-07,True,41250,good
CUS001374,34,YOUTH,S2_일반균형형,M,29085,2026-02-08,True,25400,good
CUS001375,24,YOUTH,S2_일반균형형,M,1693_베이직10GB_만 34세 이하,2026-03-09,True,37500,good
CUS001376,22,YOUTH,S5_통화집중균형형,M,1567_요고 42,2024-12-27,True,31500,good
CUS001377,24,YOUTH,S3_데이터헤비형,F,NA00009782,2024-11-20,True,33750,shortage
CUS001378,29,YOUTH,S3_데이터헤비형,M,1693_베이직70GB_만 34세 이하,2025-11-09,True,48750,good
CUS001379,27,YOUTH,S1_저사용절약형,F,Z202606002,2026-03-12,True,24750,shortage
CUS001380,20,YOUTH,S3_데이터헤비형,F,NA00009819,2023-10-24,True,96750,over
CUS001381,34,YOUTH,S2_일반균형형,M,1567_요고 32,2024-09-13,True,24000,shortage
CUS001382,28,YOUTH,S2_일반균형형,M,1693_베이직10GB_만 34세 이하,2026-01-23,True,37500,good
CUS001383,20,YOUTH,S5_통화집중균형형,M,NA00009785,2023-10-14,True,44250,shortage
CUS001384,24,YOUTH,S3_데이터헤비형,F,26312,2025-02-18,True,15000,good
CUS001385,32,YOUTH,S3_데이터헤비형,M,15408,2024-08-09,False,55000,over
CUS001386,25,YOUTH,S3_데이터헤비형,F,22815,2026-04-20,False,42000,shortage
CUS001387,31,YOUTH,S2_일반균형형,F,37102,2024-06-27,False,22000,good
CUS001388,28,YOUTH,S3_데이터헤비형,M,LPZ1007702,2024-12-04,True,49500,good
CUS001389,22,YOUTH,S2_일반균형형,F,26799,2026-05-14,True,2900,good
CUS001390,30,YOUTH,S3_데이터헤비형,F,23782,2024-07-14,False,7500,shortage
CUS001391,19,YOUTH,S5_통화집중균형형,M,27376,2023-12-29,False,36300,good
CUS001392,23,YOUTH,S2_일반균형형,M,NA00009785,2023-09-29,True,44250,good
CUS001393,31,YOUTH,S3_데이터헤비형,F,35450,2024-02-07,True,18000,shortage
CUS001394,34,YOUTH,S6_업무헤비형,F,NA00009786_만 34세 이하,2025-04-11,True,46499,shortage
CUS001395,19,YOUTH,S2_일반균형형,F,33163,2025-10-23,True,13900,good
CUS001396,23,YOUTH,S2_일반균형형,M,29023,2024-08-03,False,21800,good
CUS001397,33,YOUTH,S3_데이터헤비형,F,NA00009789_만 34세 이하,2024-03-06,True,51000,good
CUS001398,30,YOUTH,S2_일반균형형,F,LPZ1007703,2025-08-30,True,47250,over
CUS001399,32,YOUTH,S3_데이터헤비형,F,1693_베이직70GB,2026-07-02,True,48750,shortage
CUS001400,29,YOUTH,S6_업무헤비형,M,Z202605262,2023-08-24,True,21000,shortage
CUS001401,64,GENERAL,S4_통화집중저데이터형,M,NA00009782,2024-11-13,True,33750,good
CUS001402,62,GENERAL,S2_일반균형형,F,23913,2024-04-13,False,20100,good
CUS001403,39,GENERAL,S5_통화집중균형형,F,Z202205252_구글원,2025-01-06,True,78750,over
CUS001404,46,GENERAL,S6_업무헤비형,F,8217,2026-07-01,True,49800,good
CUS001405,57,GENERAL,S6_업무헤비형,F,Z202605252,2024-11-10,True,56250,good
CUS001406,51,GENERAL,S6_업무헤비형,M,1693_베이직50GB,2024-05-09,True,47250,shortage
CUS001407,59,GENERAL,S3_데이터헤비형,F,Z202605254,2026-05-29,True,51000,good
CUS001408,50,GENERAL,S6_업무헤비형,M,Z202605253,2024-10-18,True,52500,good
CUS001409,41,GENERAL,S4_통화집중저데이터형,F,NA00005479,2023-09-06,True,20872,shortage
CUS001410,59,GENERAL,S2_일반균형형,M,1693_베이직30GB,2024-12-23,True,45750,good
CUS001411,50,GENERAL,S2_일반균형형,F,25241,2025-11-14,True,48400,over
CUS001412,38,GENERAL,S2_일반균형형,F,1567_요고 36,2026-03-23,True,27000,good
CUS001413,64,GENERAL,S3_데이터헤비형,M,Z202605254,2025-02-10,True,51000,good
CUS001414,64,GENERAL,S2_일반균형형,M,Z202605258,2026-05-24,True,44250,good
CUS001415,37,GENERAL,S6_업무헤비형,M,Z202605252,2025-08-16,True,56250,good
CUS001416,48,GENERAL,S1_저사용절약형,M,1693_베이직7GB,2025-05-28,True,33750,good
CUS001417,38,GENERAL,S5_통화집중균형형,F,34676,2026-06-19,False,11000,good
CUS001418,37,GENERAL,S2_일반균형형,F,1567_요고 36,2025-10-16,True,27000,good
CUS001419,46,GENERAL,S2_일반균형형,F,37098,2025-09-09,True,100,good
CUS001420,57,GENERAL,S6_업무헤비형,F,36887,2023-10-23,True,40700,good
CUS001421,56,GENERAL,S5_통화집중균형형,M,NA00009786,2023-09-11,True,46499,good
CUS001422,46,GENERAL,S4_통화집중저데이터형,F,20001,2023-11-21,False,9020,shortage
CUS001423,36,GENERAL,S3_데이터헤비형,M,1567_요고 49,2024-04-04,True,36750,good
CUS001424,60,GENERAL,S2_일반균형형,M,34917,2024-03-19,True,15400,good
CUS001425,45,GENERAL,S5_통화집중균형형,M,37139,2025-03-30,False,15400,good
CUS001426,62,GENERAL,S4_통화집중저데이터형,F,29854,2024-04-10,False,8800,good
CUS001427,52,GENERAL,S3_데이터헤비형,F,36205,2025-08-30,True,27940,good
CUS001428,57,GENERAL,S1_저사용절약형,M,23376,2025-11-18,True,32000,over
CUS001429,64,GENERAL,S2_일반균형형,M,31926,2025-04-04,True,33000,over
CUS001430,64,GENERAL,S5_통화집중균형형,M,1567_요고 40,2026-06-08,True,30000,good
CUS001431,48,GENERAL,S2_일반균형형,M,NA00009781,2024-03-13,True,29250,shortage
CUS001432,53,GENERAL,S5_통화집중균형형,F,14984,2024-03-25,False,29900,good
CUS001433,51,GENERAL,S2_일반균형형,F,35380,2025-08-16,False,15900,shortage
CUS001434,41,GENERAL,S5_통화집중균형형,F,22816,2023-11-22,False,40000,good
CUS001435,39,GENERAL,S6_업무헤비형,M,8217,2026-02-23,True,49800,good
CUS001436,64,GENERAL,S3_데이터헤비형,F,36180,2026-06-12,False,19800,shortage
CUS001437,36,GENERAL,S5_통화집중균형형,M,1567_요고 42,2025-03-04,True,31500,good
CUS001438,40,GENERAL,S4_통화집중저데이터형,M,17446,2024-02-07,False,8800,shortage
CUS001439,39,GENERAL,S2_일반균형형,M,26613,2024-10-26,True,12400,over
CUS001440,48,GENERAL,S3_데이터헤비형,M,37113,2025-11-08,True,44700,good
CUS001441,36,GENERAL,S2_일반균형형,F,1567_요고 40,2024-11-20,True,30000,good
CUS001442,45,GENERAL,S2_일반균형형,F,36734,2025-05-22,True,10,good
CUS001443,44,GENERAL,S2_일반균형형,F,35894,2024-04-03,False,17600,shortage
CUS001444,37,GENERAL,S2_일반균형형,F,1567_요고 49,2023-12-28,True,36750,over
CUS001445,64,GENERAL,S4_통화집중저데이터형,F,1567_요고 30,2025-06-27,True,22500,good
CUS001446,52,GENERAL,S6_업무헤비형,F,10768,2024-12-13,False,8850,shortage
CUS001447,61,GENERAL,S5_통화집중균형형,M,37141,2025-12-19,False,18400,good
CUS001448,42,GENERAL,S2_일반균형형,F,32240,2025-01-14,False,7900,good
CUS001449,56,GENERAL,S1_저사용절약형,F,1693_베이직7GB,2024-04-04,True,33750,good
CUS001450,63,GENERAL,S2_일반균형형,F,1694_베이직 21GB(이월),2024-04-20,True,43500,good
CUS001451,52,GENERAL,S3_데이터헤비형,F,35384,2025-06-06,False,33000,good
CUS001452,63,GENERAL,S2_일반균형형,M,27259,2026-06-03,True,23000,over
CUS001453,56,GENERAL,S6_업무헤비형,F,Z202606002,2023-09-17,True,24750,shortage
CUS001454,53,GENERAL,S4_통화집중저데이터형,F,18989,2024-08-01,True,330,shortage
CUS001455,53,GENERAL,S3_데이터헤비형,M,33931,2025-06-30,True,110,shortage
CUS001456,57,GENERAL,S6_업무헤비형,F,13525,2024-05-01,True,50500,good
CUS001457,39,GENERAL,S2_일반균형형,M,28695,2024-07-20,True,14000,over
CUS001458,42,GENERAL,S6_업무헤비형,F,Z202605253,2024-01-29,True,52500,good
CUS001459,41,GENERAL,S3_데이터헤비형,F,36735,2025-02-19,True,12000,shortage
CUS001460,39,GENERAL,S1_저사용절약형,F,NA00009781,2026-01-31,True,29250,good
CUS001461,40,GENERAL,S6_업무헤비형,M,Z202605253,2024-01-08,True,52500,good
CUS001462,40,GENERAL,S2_일반균형형,F,34916,2024-12-18,True,11000,good
CUS001463,53,GENERAL,S5_통화집중균형형,F,Z202605253,2025-05-12,True,52500,over
CUS001464,41,GENERAL,S5_통화집중균형형,F,37098,2025-07-12,True,100,good
CUS001465,59,GENERAL,S1_저사용절약형,M,33898,2026-01-06,True,15070,good
CUS001466,41,GENERAL,S2_일반균형형,M,1694_베이직 4GB(이월),2025-08-01,True,27750,shortage
CUS001467,52,GENERAL,S6_업무헤비형,M,26871,2024-08-03,True,15100,good
CUS001468,41,GENERAL,S1_저사용절약형,F,1692_초이스 더블 유튜브 프리미엄+디바이스_모아진,2024-02-27,True,90000,over
CUS001469,51,GENERAL,S6_업무헤비형,M,Z202605252,2024-09-06,True,56250,good
CUS001470,52,GENERAL,S6_업무헤비형,M,1693_베이직1.4GB,2024-11-20,True,24750,shortage
CUS001471,62,GENERAL,S5_통화집중균형형,F,29788,2024-08-02,False,22000,good
CUS001472,38,GENERAL,S2_일반균형형,M,27375,2025-06-23,False,12100,good
CUS001473,56,GENERAL,S2_일반균형형,M,36713,2025-08-03,True,10,good
CUS001474,37,GENERAL,S2_일반균형형,M,13977,2026-03-04,True,11000,good
CUS001475,61,GENERAL,S5_통화집중균형형,F,1567_요고 42,2025-07-20,True,31500,good
CUS001476,52,GENERAL,S6_업무헤비형,M,15408,2025-02-16,False,55000,over
CUS001477,40,GENERAL,S1_저사용절약형,F,1694_베이직 4GB(이월),2023-11-18,True,27750,shortage
CUS001478,62,GENERAL,S2_일반균형형,M,26178,2024-02-22,True,12100,good
CUS001479,51,GENERAL,S2_일반균형형,M,NA00009808,2025-04-13,True,89250,over
CUS001480,45,GENERAL,S3_데이터헤비형,F,1681_초이스110_유튜브프리미엄,2026-04-30,True,82500,over
CUS001481,38,GENERAL,S6_업무헤비형,M,37121,2026-05-29,True,8800,good
CUS001482,41,GENERAL,S2_일반균형형,F,1694_베이직 21GB(이월),2024-05-20,True,43500,good
CUS001483,60,GENERAL,S6_업무헤비형,M,Z202605252,2023-08-20,True,56250,good
CUS001484,58,GENERAL,S4_통화집중저데이터형,M,NA00009781,2025-01-09,True,29250,good
CUS001485,51,GENERAL,S1_저사용절약형,F,23988,2024-10-24,True,10560,good
CUS001486,41,GENERAL,S6_업무헤비형,F,36255,2024-10-18,True,23430,good
CUS001487,54,GENERAL,S6_업무헤비형,M,Z202205251_우리집돌봄이Kids,2025-03-07,True,86250,over
CUS001488,37,GENERAL,S2_일반균형형,M,NA00009785,2025-01-29,True,44250,good
CUS001489,57,GENERAL,S2_일반균형형,F,34304,2024-10-13,True,3900,good
CUS001490,62,GENERAL,S6_업무헤비형,F,35359,2026-02-14,False,9900,shortage
CUS001491,35,GENERAL,S3_데이터헤비형,M,1693_베이직110GB,2025-11-12,True,51750,good
CUS001492,62,GENERAL,S6_업무헤비형,F,35345,2026-01-24,False,4350,shortage
CUS001493,36,GENERAL,S5_통화집중균형형,M,36268,2025-02-23,True,27150,good
CUS001494,49,GENERAL,S2_일반균형형,F,1693_베이직30GB,2024-10-09,True,45750,good
CUS001495,63,GENERAL,S4_통화집중저데이터형,M,12578,2026-03-07,False,56100,over
CUS001496,54,GENERAL,S3_데이터헤비형,F,34224,2023-11-26,True,23000,good
CUS001497,63,GENERAL,S1_저사용절약형,M,Z202605260,2024-04-05,True,27750,good
CUS001498,52,GENERAL,S2_일반균형형,M,34891,2025-03-08,False,12100,good
CUS001499,46,GENERAL,S4_통화집중저데이터형,M,20571,2025-04-15,True,5500,good
CUS001500,62,GENERAL,S4_통화집중저데이터형,M,25336,2024-04-18,True,100,good
CUS001501,43,GENERAL,S6_업무헤비형,M,Z202605252,2026-01-17,True,56250,good
CUS001502,35,GENERAL,S6_업무헤비형,M,24714,2026-03-13,False,22400,shortage
CUS001503,61,GENERAL,S5_통화집중균형형,M,1567_요고 40,2024-08-09,True,30000,good
CUS001504,35,GENERAL,S4_통화집중저데이터형,F,34755,2025-03-26,True,4950,good
CUS001505,50,GENERAL,S5_통화집중균형형,M,36870,2024-09-20,True,18700,over
CUS001506,52,GENERAL,S5_통화집중균형형,M,17624,2024-07-01,True,38000,good
CUS001507,56,GENERAL,S4_통화집중저데이터형,F,29879,2025-06-19,False,2900,shortage
CUS001508,35,GENERAL,S1_저사용절약형,M,Z202605260,2026-01-10,True,27750,good
CUS001509,40,GENERAL,S2_일반균형형,F,36796,2025-05-28,False,5000,shortage
CUS001510,40,GENERAL,S2_일반균형형,M,NA00009785,2026-05-18,True,44250,good
CUS001511,45,GENERAL,S6_업무헤비형,M,15408,2026-03-14,False,55000,over
CUS001512,41,GENERAL,S6_업무헤비형,F,1694_베이직 14GB(이월),2025-10-12,True,41250,shortage
CUS001513,49,GENERAL,S2_일반균형형,M,27375,2025-09-10,False,12100,good
CUS001514,55,GENERAL,S6_업무헤비형,M,36605,2024-09-09,True,22900,good
CUS001515,54,GENERAL,S6_업무헤비형,F,Z202605253,2024-09-23,True,52500,good
CUS001516,42,GENERAL,S6_업무헤비형,M,Z202605253,2026-05-10,True,52500,good
CUS001517,37,GENERAL,S6_업무헤비형,F,1694_베이직 10GB(이월),2026-02-15,True,37500,shortage
CUS001518,47,GENERAL,S5_통화집중균형형,M,33863,2025-11-21,True,17600,good
CUS001519,35,GENERAL,S6_업무헤비형,M,36605,2024-06-14,True,22900,good
CUS001520,59,GENERAL,S2_일반균형형,F,34916,2023-12-02,True,11000,good
CUS001521,47,GENERAL,S3_데이터헤비형,F,NA00009813,2024-05-19,True,96750,over
CUS001522,44,GENERAL,S3_데이터헤비형,M,15408,2025-03-30,False,55000,over
CUS001523,59,GENERAL,S5_통화집중균형형,F,32356,2024-06-26,True,9900,good
CUS001524,47,GENERAL,S4_통화집중저데이터형,M,36263,2025-01-12,True,23000,over
CUS001525,52,GENERAL,S6_업무헤비형,M,16396,2026-04-27,False,21500,shortage
CUS001526,44,GENERAL,S6_업무헤비형,M,13988,2024-08-02,False,18700,shortage
CUS001527,47,GENERAL,S3_데이터헤비형,M,31397,2024-07-15,True,20000,good
CUS001528,56,GENERAL,S6_업무헤비형,F,1567_요고 38,2026-03-15,True,28500,shortage
CUS001529,39,GENERAL,S3_데이터헤비형,F,NA00009799,2023-12-01,True,74250,over
CUS001530,36,GENERAL,S6_업무헤비형,F,33923,2023-12-16,False,41800,shortage
CUS001531,52,GENERAL,S2_일반균형형,F,Z202605257,2023-10-12,True,45750,good
CUS001532,52,GENERAL,S3_데이터헤비형,F,1692_초이스 더블 유튜브 프리미엄+디바이스_쇼핑라운지할인쿠폰(5천원권),2025-07-26,True,90000,over
CUS001533,56,GENERAL,S5_통화집중균형형,F,1567_요고 42,2025-05-26,True,31500,good
CUS001534,44,GENERAL,S5_통화집중균형형,F,14984,2024-12-27,False,29900,good
CUS001535,36,GENERAL,S2_일반균형형,M,35900,2024-04-10,True,33000,shortage
CUS001536,39,GENERAL,S4_통화집중저데이터형,F,Z202205253_애플디바이스,2024-08-17,True,97500,over
CUS001537,63,GENERAL,S2_일반균형형,M,20075,2025-06-13,False,4400,shortage
CUS001538,53,GENERAL,S4_통화집중저데이터형,F,36751,2023-10-26,True,2200,good
CUS001539,47,GENERAL,S3_데이터헤비형,M,33534,2023-09-27,True,32890,good
CUS001540,62,GENERAL,S6_업무헤비형,F,31922,2025-03-17,True,23380,shortage
CUS001541,60,GENERAL,S1_저사용절약형,F,10903,2024-07-28,False,19000,good
CUS001542,46,GENERAL,S3_데이터헤비형,F,NA00009789,2025-05-02,True,51000,good
CUS001543,41,GENERAL,S2_일반균형형,M,36268,2024-02-14,True,27150,good
CUS001544,38,GENERAL,S4_통화집중저데이터형,F,Z202606000,2024-12-01,True,35250,good
CUS001545,54,GENERAL,S3_데이터헤비형,F,35479,2025-03-05,True,11500,good
CUS001546,46,GENERAL,S5_통화집중균형형,M,NA00006534,2025-04-13,True,24750,shortage
CUS001547,42,GENERAL,S2_일반균형형,F,1694_베이직 21GB(이월),2024-02-13,True,43500,good
CUS001548,58,GENERAL,S3_데이터헤비형,F,1681_초이스110_디바이스,2026-05-06,True,82500,over
CUS001549,46,GENERAL,S6_업무헤비형,F,Z202605252,2025-09-28,True,56250,good
CUS001550,53,GENERAL,S2_일반균형형,F,37141,2025-07-18,False,18400,good
CUS001551,42,GENERAL,S6_업무헤비형,M,1693_베이직110GB,2025-03-29,True,51750,shortage
CUS001552,37,GENERAL,S3_데이터헤비형,F,34224,2024-02-28,True,23000,good
CUS001553,62,GENERAL,S6_업무헤비형,M,36946,2024-08-27,True,50000,good
CUS001554,43,GENERAL,S6_업무헤비형,F,36266,2023-11-30,True,28000,good
CUS001555,60,GENERAL,S3_데이터헤비형,M,27688,2026-06-05,True,28520,good
CUS001556,45,GENERAL,S4_통화집중저데이터형,F,Z202205251_AI구독,2025-10-10,True,86250,over
CUS001557,43,GENERAL,S5_통화집중균형형,M,1693_베이직7GB,2025-06-03,True,33750,shortage
CUS001558,64,GENERAL,S5_통화집중균형형,F,NA00009786,2026-04-03,True,46499,good
CUS001559,63,GENERAL,S5_통화집중균형형,F,1567_요고 42,2023-12-30,True,31500,good
CUS001560,41,GENERAL,S5_통화집중균형형,F,17599,2025-01-20,False,28600,good
CUS001561,41,GENERAL,S3_데이터헤비형,F,33848,2024-01-28,True,11000,shortage
CUS001562,51,GENERAL,S2_일반균형형,F,34676,2025-12-31,False,11000,good
CUS001563,47,GENERAL,S5_통화집중균형형,M,37101,2023-12-28,False,27500,good
CUS001564,46,GENERAL,S2_일반균형형,F,Z202205253_우리집지킴이Easy2+,2025-06-28,True,97500,over
CUS001565,49,GENERAL,S2_일반균형형,M,36791,2025-07-13,False,3300,shortage
CUS001566,63,GENERAL,S1_저사용절약형,F,NA00009781,2024-06-28,True,29250,good
CUS001567,42,GENERAL,S4_통화집중저데이터형,M,1567_요고 30,2024-08-11,True,22500,good
CUS001568,64,GENERAL,S3_데이터헤비형,M,31310,2025-08-05,True,22000,good
CUS001569,42,GENERAL,S6_업무헤비형,M,1567_요고 38,2026-02-01,True,28500,shortage
CUS001570,59,GENERAL,S2_일반균형형,M,33073,2026-04-01,True,2200,shortage
CUS001571,55,GENERAL,S5_통화집중균형형,M,1567_요고 44,2024-06-10,True,33000,good
CUS001572,57,GENERAL,S2_일반균형형,M,25273,2026-04-22,False,39600,good
CUS001573,52,GENERAL,S2_일반균형형,M,Z202605258,2025-09-07,True,44250,good
CUS001574,41,GENERAL,S5_통화집중균형형,F,36675,2024-11-01,True,27610,over
CUS001575,49,GENERAL,S2_일반균형형,F,35804,2025-10-23,True,5000,good
CUS001576,60,GENERAL,S5_통화집중균형형,F,27752,2026-02-21,True,27900,good
CUS001577,49,GENERAL,S5_통화집중균형형,F,29788,2025-12-23,False,22000,good
CUS001578,52,GENERAL,S5_통화집중균형형,F,Z202605257,2025-10-03,True,45750,good
CUS001579,37,GENERAL,S4_통화집중저데이터형,M,1693_베이직4GB,2024-04-09,True,27750,shortage
CUS001580,64,GENERAL,S6_업무헤비형,F,1567_요고 55,2025-07-24,True,41250,good
CUS001581,56,GENERAL,S1_저사용절약형,M,1694_베이직 7GB(이월),2025-11-16,True,33750,good
CUS001582,56,GENERAL,S5_통화집중균형형,F,30870,2026-03-18,True,31900,over
CUS001583,39,GENERAL,S3_데이터헤비형,F,31034,2026-04-18,False,38200,good
CUS001584,63,GENERAL,S2_일반균형형,M,Z202605259,2023-10-16,True,41250,shortage
CUS001585,54,GENERAL,S6_업무헤비형,M,Z202605262,2024-02-15,True,21000,shortage
CUS001586,50,GENERAL,S3_데이터헤비형,M,20918,2025-04-29,False,42900,good
CUS001587,61,GENERAL,S6_업무헤비형,M,15408,2024-12-14,False,55000,over
CUS001588,59,GENERAL,S3_데이터헤비형,F,31310,2024-01-19,True,22000,good
CUS001589,63,GENERAL,S6_업무헤비형,M,Z202605252,2024-06-05,True,56250,good
CUS001590,41,GENERAL,S5_통화집중균형형,M,1693_베이직30GB,2024-04-03,True,45750,good
CUS001591,58,GENERAL,S5_통화집중균형형,M,1567_요고 44,2024-04-13,True,33000,good
CUS001592,36,GENERAL,S5_통화집중균형형,F,1567_요고 44,2026-04-20,True,33000,good
CUS001593,41,GENERAL,S4_통화집중저데이터형,M,NA00009798,2026-06-22,True,74250,over
CUS001594,61,GENERAL,S6_업무헤비형,F,14985,2025-09-10,False,42900,shortage
CUS001595,36,GENERAL,S6_업무헤비형,M,36263,2025-04-14,True,23000,good
CUS001596,47,GENERAL,S6_업무헤비형,F,1567_요고 55,2025-09-12,True,41250,good
CUS001597,61,GENERAL,S2_일반균형형,F,25273,2024-11-05,False,39600,good
CUS001598,59,GENERAL,S1_저사용절약형,F,34348,2025-02-04,True,10,good
CUS001599,56,GENERAL,S6_업무헤비형,F,15408,2026-06-20,False,55000,over
CUS001600,63,GENERAL,S6_업무헤비형,M,1567_요고 55,2023-12-07,True,41250,good
CUS001601,62,GENERAL,S6_업무헤비형,F,22811,2023-10-16,False,55000,good
CUS001602,63,GENERAL,S5_통화집중균형형,M,34676,2023-10-17,False,11000,good
CUS001603,37,GENERAL,S6_업무헤비형,M,Z202605252,2026-02-12,True,56250,good
CUS001604,49,GENERAL,S2_일반균형형,F,13977,2023-12-05,True,11000,good
CUS001605,43,GENERAL,S1_저사용절약형,M,25258,2024-12-09,True,10340,shortage
CUS001606,59,GENERAL,S6_업무헤비형,F,15408,2024-11-27,False,55000,over
CUS001607,37,GENERAL,S3_데이터헤비형,F,Z202605252,2025-01-12,True,56250,good
CUS001608,40,GENERAL,S2_일반균형형,M,25273,2024-11-03,False,39600,good
CUS001609,43,GENERAL,S3_데이터헤비형,M,Z202605254,2024-06-09,True,51000,good
CUS001610,61,GENERAL,S6_업무헤비형,M,35534,2024-07-09,True,29700,good
CUS001611,39,GENERAL,S2_일반균형형,M,NA00009796,2024-04-10,True,74250,over
CUS001612,36,GENERAL,S1_저사용절약형,M,36725,2026-06-09,True,330,good
CUS001613,52,GENERAL,S3_데이터헤비형,F,35415,2024-07-19,False,57200,good
CUS001614,42,GENERAL,S4_통화집중저데이터형,F,29847,2025-05-27,False,9900,good
CUS001615,63,GENERAL,S5_통화집중균형형,F,29788,2026-05-30,False,22000,good
CUS001616,46,GENERAL,S5_통화집중균형형,M,26176,2026-01-21,False,8250,shortage
CUS001617,40,GENERAL,S6_업무헤비형,M,35823,2026-05-27,True,38060,good
CUS001618,48,GENERAL,S2_일반균형형,F,29019,2025-12-08,True,12600,good
CUS001619,64,GENERAL,S3_데이터헤비형,M,36977,2024-05-05,False,41500,good
CUS001620,59,GENERAL,S6_업무헤비형,F,23170,2024-07-07,True,29000,good
CUS001621,44,GENERAL,S4_통화집중저데이터형,F,1692_초이스 더블 디바이스_모아진,2023-12-12,True,90000,over
CUS001622,41,GENERAL,S3_데이터헤비형,M,1567_요고 49,2024-05-19,True,36750,good
CUS001623,38,GENERAL,S6_업무헤비형,M,1681_초이스110_가전구독,2025-03-24,True,82500,over
CUS001624,60,GENERAL,S3_데이터헤비형,M,27688,2024-05-24,True,28520,good
CUS001625,48,GENERAL,S5_통화집중균형형,M,18774,2024-04-26,True,36500,good
CUS001626,63,GENERAL,S5_통화집중균형형,M,37102,2024-08-20,False,22000,good
CUS001627,62,GENERAL,S5_통화집중균형형,F,Z202205253_구글원,2025-11-10,True,97500,over
CUS001628,58,GENERAL,S3_데이터헤비형,F,35506,2023-10-17,True,30900,good
CUS001629,62,GENERAL,S2_일반균형형,M,25273,2025-04-27,False,39600,good
CUS001630,58,GENERAL,S5_통화집중균형형,F,NA00009781,2023-11-06,True,29250,shortage
CUS001631,35,GENERAL,S6_업무헤비형,F,Z202605253,2025-08-20,True,52500,good
CUS001632,37,GENERAL,S6_업무헤비형,M,1567_요고 55,2025-08-25,True,41250,good
CUS001633,45,GENERAL,S2_일반균형형,M,29021,2023-11-08,True,7800,good
CUS001634,64,GENERAL,S6_업무헤비형,F,1567_요고 55,2025-11-15,True,41250,good
CUS001635,55,GENERAL,S6_업무헤비형,M,15408,2024-11-09,False,55000,over
CUS001636,61,GENERAL,S2_일반균형형,F,NA00009785,2025-05-19,True,44250,good
CUS001637,51,GENERAL,S2_일반균형형,F,1567_요고 40,2024-07-29,True,30000,good
CUS001638,55,GENERAL,S6_업무헤비형,F,Z202605253,2023-09-26,True,52500,good
CUS001639,55,GENERAL,S4_통화집중저데이터형,F,34671,2023-12-09,True,12100,good
CUS001640,53,GENERAL,S4_통화집중저데이터형,F,33840,2025-10-10,True,7260,good
CUS001641,57,GENERAL,S4_통화집중저데이터형,F,1693_베이직7GB,2023-11-02,True,33750,good
CUS001642,46,GENERAL,S3_데이터헤비형,F,15408,2025-12-18,False,55000,over
CUS001643,64,GENERAL,S2_일반균형형,F,36329,2026-01-28,False,48900,over
CUS001644,56,GENERAL,S2_일반균형형,M,1567_요고 36,2025-07-27,True,27000,good
CUS001645,39,GENERAL,S2_일반균형형,M,33863,2023-08-25,True,17600,good
CUS001646,56,GENERAL,S2_일반균형형,M,36173,2024-06-20,True,23000,over
CUS001647,39,GENERAL,S5_통화집중균형형,M,33863,2026-04-12,True,17600,good
CUS001648,56,GENERAL,S4_통화집중저데이터형,M,Z202205252_구글원+보상패스,2023-10-12,True,78750,over
CUS001649,63,GENERAL,S2_일반균형형,M,17626,2025-04-27,False,43400,good
CUS001650,59,GENERAL,S2_일반균형형,M,13914,2026-01-28,True,30800,shortage
CUS001651,51,GENERAL,S6_업무헤비형,M,15408,2025-11-27,False,55000,over
CUS001652,38,GENERAL,S6_업무헤비형,F,36828,2025-06-08,True,110,shortage
CUS001653,36,GENERAL,S6_업무헤비형,M,23209,2023-10-17,True,12370,good
CUS001654,40,GENERAL,S2_일반균형형,F,1693_베이직30GB,2026-05-11,True,45750,good
CUS001655,46,GENERAL,S2_일반균형형,F,36691,2024-07-12,True,22800,over
CUS001656,41,GENERAL,S6_업무헤비형,F,1693_베이직110GB,2024-11-16,True,51750,shortage
CUS001657,46,GENERAL,S1_저사용절약형,F,22854,2024-08-04,True,15510,over
CUS001658,63,GENERAL,S6_업무헤비형,F,Z202605256,2025-07-03,True,47250,shortage
CUS001659,49,GENERAL,S2_일반균형형,F,35795,2025-09-27,False,16900,shortage
CUS001660,46,GENERAL,S3_데이터헤비형,M,15408,2024-03-26,False,55000,over
CUS001661,50,GENERAL,S4_통화집중저데이터형,M,1567_요고 30,2024-11-04,True,22500,good
CUS001662,54,GENERAL,S3_데이터헤비형,M,35793,2024-05-24,True,29000,good
CUS001663,64,GENERAL,S6_업무헤비형,F,8217,2025-03-17,True,49800,good
CUS001664,58,GENERAL,S5_통화집중균형형,M,1567_요고 42,2026-03-13,True,31500,good
CUS001665,64,GENERAL,S3_데이터헤비형,F,Z202605252,2024-04-27,True,56250,good
CUS001666,59,GENERAL,S5_통화집중균형형,F,36341,2026-03-21,True,8900,good
CUS001667,59,GENERAL,S2_일반균형형,M,Z202605258,2023-09-02,True,44250,good
CUS001668,50,GENERAL,S6_업무헤비형,M,36602,2024-04-19,True,26400,good
CUS001669,64,GENERAL,S4_통화집중저데이터형,F,1692_초이스 더블 유튜브 프리미엄+디바이스_밀리의서재,2025-02-09,True,90000,over
CUS001670,57,GENERAL,S5_통화집중균형형,M,37111,2024-04-16,True,17900,over
CUS001671,43,GENERAL,S5_통화집중균형형,M,1567_요고 44,2026-01-05,True,33000,good
CUS001672,43,GENERAL,S6_업무헤비형,F,Z202605253,2025-05-02,True,52500,good
CUS001673,49,GENERAL,S4_통화집중저데이터형,F,23403,2024-12-02,True,12990,good
CUS001674,41,GENERAL,S5_통화집중균형형,M,1567_요고 40,2026-06-22,True,30000,good
CUS001675,56,GENERAL,S6_업무헤비형,F,36329,2025-01-01,False,48900,good
CUS001676,54,GENERAL,S5_통화집중균형형,M,Z202205252_삼성디바이스,2026-06-09,True,78750,over
CUS001677,59,GENERAL,S6_업무헤비형,F,26871,2025-05-31,True,15100,good
CUS001678,61,GENERAL,S2_일반균형형,M,33863,2025-08-12,True,17600,good
CUS001679,44,GENERAL,S4_통화집중저데이터형,F,1567_요고 30,2025-10-10,True,22500,good
CUS001680,51,GENERAL,S5_통화집중균형형,M,22817,2025-05-23,False,38000,good
CUS001681,54,GENERAL,S4_통화집중저데이터형,M,1567_요고 30,2024-10-18,True,22500,good
CUS001682,45,GENERAL,S6_업무헤비형,F,26288,2024-10-28,False,47300,good
CUS001683,37,GENERAL,S3_데이터헤비형,M,NA00009783,2025-04-21,True,36750,shortage
CUS001684,35,GENERAL,S4_통화집중저데이터형,F,30867,2023-12-18,True,29700,over
CUS001685,47,GENERAL,S2_일반균형형,F,26289,2024-07-13,False,50500,over
CUS001686,64,GENERAL,S2_일반균형형,F,36946,2024-07-16,True,50000,over
CUS001687,63,GENERAL,S4_통화집중저데이터형,M,36761,2025-08-24,True,110,good
CUS001688,43,GENERAL,S6_업무헤비형,M,36945,2026-05-05,True,44100,good
CUS001689,41,GENERAL,S6_업무헤비형,M,15408,2025-09-13,False,55000,over
CUS001690,45,GENERAL,S4_통화집중저데이터형,F,29006,2023-09-26,True,3300,good
CUS001691,52,GENERAL,S1_저사용절약형,F,NA00009808,2024-08-26,True,89250,over
CUS001692,57,GENERAL,S6_업무헤비형,M,1567_요고 42,2023-10-24,True,31500,shortage
CUS001693,40,GENERAL,S6_업무헤비형,F,Z202605252,2025-04-27,True,56250,good
CUS001694,60,GENERAL,S1_저사용절약형,M,1693_베이직600MB,2026-03-11,True,21675,shortage
CUS001695,58,GENERAL,S6_업무헤비형,F,1567_요고 55,2023-09-16,True,41250,good
CUS001696,40,GENERAL,S1_저사용절약형,F,15034,2024-08-15,True,28900,over
CUS001697,51,GENERAL,S6_업무헤비형,M,28096,2024-01-31,True,22000,shortage
CUS001698,54,GENERAL,S4_통화집중저데이터형,F,NA00009781,2025-01-02,True,29250,good
CUS001699,45,GENERAL,S3_데이터헤비형,M,36883,2026-06-08,True,37400,good
CUS001700,43,GENERAL,S2_일반균형형,F,37140,2025-09-13,False,16400,good
CUS001701,59,GENERAL,S1_저사용절약형,M,Z202205252_우리집지킴이Easy2+,2024-12-03,True,78750,over
CUS001702,58,GENERAL,S6_업무헤비형,M,23171,2024-03-17,True,30500,good
CUS001703,56,GENERAL,S2_일반균형형,F,36971,2023-12-16,False,19900,good
CUS001704,53,GENERAL,S4_통화집중저데이터형,M,1692_초이스 더블 유튜브 프리미엄+디바이스_모아진,2024-11-27,True,90000,over
CUS001705,35,GENERAL,S1_저사용절약형,M,33840,2024-10-14,True,7260,good
CUS001706,55,GENERAL,S2_일반균형형,F,20325,2023-10-15,True,9900,good
CUS001707,60,GENERAL,S2_일반균형형,F,35804,2023-09-30,True,5000,good
CUS001708,46,GENERAL,S4_통화집중저데이터형,M,29821,2024-12-03,False,15400,good
CUS001709,38,GENERAL,S5_통화집중균형형,M,NA00009793,2025-04-24,True,66750,over
CUS001710,39,GENERAL,S6_업무헤비형,F,33856,2024-05-09,True,15400,shortage
CUS001711,42,GENERAL,S5_통화집중균형형,M,Z202605257,2023-10-30,True,45750,good
CUS001712,57,GENERAL,S2_일반균형형,M,Z202205251_AI구독,2026-03-09,True,86250,over
CUS001713,42,GENERAL,S2_일반균형형,F,Z202605258,2023-09-16,True,44250,good
CUS001714,45,GENERAL,S4_통화집중저데이터형,F,29814,2024-05-15,False,16900,good
CUS001715,54,GENERAL,S5_통화집중균형형,M,15073,2024-06-19,False,13200,shortage
CUS001716,58,GENERAL,S2_일반균형형,F,26741,2025-08-24,False,8800,shortage
CUS001717,61,GENERAL,S2_일반균형형,F,1681_초이스130_가전구독,2025-10-18,True,97500,over
CUS001718,47,GENERAL,S3_데이터헤비형,M,13524,2024-07-05,True,43100,good
CUS001719,58,GENERAL,S5_통화집중균형형,M,30875,2025-05-10,True,29900,over
CUS001720,63,GENERAL,S4_통화집중저데이터형,M,1694_베이직 7GB(이월),2024-09-20,True,33750,good
CUS001721,39,GENERAL,S4_통화집중저데이터형,F,1694_베이직 7GB(이월),2026-07-03,True,33750,good
CUS001722,60,GENERAL,S3_데이터헤비형,F,Z202605252,2025-02-09,True,56250,good
CUS001723,54,GENERAL,S4_통화집중저데이터형,M,1567_요고 55,2025-03-12,True,41250,over
CUS001724,37,GENERAL,S6_업무헤비형,M,36797,2025-04-12,False,5500,shortage
CUS001725,47,GENERAL,S4_통화집중저데이터형,M,1567_요고 30,2023-09-01,True,22500,good
CUS001726,54,GENERAL,S3_데이터헤비형,F,NA00009784,2025-10-04,True,41250,shortage
CUS001727,39,GENERAL,S2_일반균형형,F,34247,2026-04-22,False,3850,shortage
CUS001728,38,GENERAL,S5_통화집중균형형,F,23485,2025-12-30,True,33100,shortage
CUS001729,56,GENERAL,S6_업무헤비형,F,13905,2024-07-21,True,48180,good
CUS001730,45,GENERAL,S1_저사용절약형,F,1681_초이스90_디바이스,2025-04-29,True,67500,over
CUS001731,60,GENERAL,S4_통화집중저데이터형,M,29809,2024-09-04,False,18000,good
CUS001732,38,GENERAL,S3_데이터헤비형,M,1693_베이직110GB,2024-12-18,True,51750,good
CUS001733,35,GENERAL,S2_일반균형형,M,36341,2025-08-03,True,8900,good
CUS001734,44,GENERAL,S3_데이터헤비형,M,33900,2025-03-08,True,28050,good
CUS001735,54,GENERAL,S2_일반균형형,M,30870,2026-03-01,True,31900,over
CUS001736,45,GENERAL,S2_일반균형형,F,1693_베이직30GB,2024-11-19,True,45750,good
CUS001737,47,GENERAL,S2_일반균형형,F,1693_베이직70GB,2023-11-08,True,48750,over
CUS001738,37,GENERAL,S5_통화집중균형형,M,10767,2024-10-16,False,7700,shortage
CUS001739,61,GENERAL,S1_저사용절약형,M,NA00009817,2025-12-25,True,96750,over
CUS001740,38,GENERAL,S5_통화집중균형형,F,36844,2024-04-10,False,6600,shortage
CUS001741,55,GENERAL,S2_일반균형형,M,23983,2024-01-08,False,17600,shortage
CUS001742,42,GENERAL,S2_일반균형형,M,26799,2026-06-01,True,2900,good
CUS001743,59,GENERAL,S4_통화집중저데이터형,M,NA00009781,2026-05-28,True,29250,good
CUS001744,58,GENERAL,S3_데이터헤비형,M,NA00009789,2026-01-12,True,51000,good
CUS001745,38,GENERAL,S2_일반균형형,M,33164,2025-07-09,True,18900,good
CUS001746,49,GENERAL,S3_데이터헤비형,M,Z202605252,2026-05-28,True,56250,good
CUS001747,45,GENERAL,S5_통화집중균형형,M,1693_베이직10GB,2024-06-13,True,37500,shortage
CUS001748,35,GENERAL,S1_저사용절약형,F,1693_베이직7GB,2024-12-24,True,33750,good
CUS001749,36,GENERAL,S6_업무헤비형,F,10391,2024-05-07,True,6950,shortage
CUS001750,50,GENERAL,S6_업무헤비형,F,36990,2026-02-22,True,22800,good
CUS001751,45,GENERAL,S2_일반균형형,F,33165,2025-02-15,True,21900,good
CUS001752,57,GENERAL,S2_일반균형형,F,13977,2024-04-01,True,11000,good
CUS001753,54,GENERAL,S1_저사용절약형,F,36761,2024-06-04,True,110,good
CUS001754,52,GENERAL,S3_데이터헤비형,F,15408,2026-07-01,False,55000,over
CUS001755,58,GENERAL,S5_통화집중균형형,F,NA00009785,2025-11-29,True,44250,shortage
CUS001756,44,GENERAL,S2_일반균형형,M,1693_베이직21GB,2026-01-18,True,43500,good
CUS001757,41,GENERAL,S4_통화집중저데이터형,F,1694_베이직 7GB(이월),2026-01-25,True,33750,good
CUS001758,60,GENERAL,S3_데이터헤비형,M,15408,2025-05-12,False,55000,over
CUS001759,51,GENERAL,S1_저사용절약형,M,NA00009806,2024-07-21,True,89250,over
CUS001760,57,GENERAL,S5_통화집중균형형,M,1567_요고 44,2024-03-19,True,33000,good
CUS001761,60,GENERAL,S2_일반균형형,M,36808,2023-10-02,False,13000,good
CUS001762,42,GENERAL,S5_통화집중균형형,M,1693_베이직10GB,2024-08-11,True,37500,shortage
CUS001763,44,GENERAL,S6_업무헤비형,M,15408,2026-01-01,False,55000,over
CUS001764,51,GENERAL,S4_통화집중저데이터형,F,36916,2024-10-27,True,8000,good
CUS001765,44,GENERAL,S3_데이터헤비형,M,1693_베이직110GB,2024-05-20,True,51750,good
CUS001766,64,GENERAL,S6_업무헤비형,F,15079,2026-06-08,True,28600,good
CUS001767,42,GENERAL,S6_업무헤비형,M,15408,2023-11-23,False,55000,over
CUS001768,52,GENERAL,S6_업무헤비형,F,35825,2024-01-10,True,38060,good
CUS001769,58,GENERAL,S6_업무헤비형,F,36694,2025-05-10,True,10450,good
CUS001770,54,GENERAL,S5_통화집중균형형,F,37104,2024-06-07,True,13200,over
CUS001771,63,GENERAL,S2_일반균형형,F,22816,2024-11-28,False,40000,good
CUS001772,37,GENERAL,S4_통화집중저데이터형,M,NA00009782,2024-08-23,True,33750,good
CUS001773,56,GENERAL,S2_일반균형형,M,13979,2026-02-10,True,23500,good
CUS001774,39,GENERAL,S4_통화집중저데이터형,M,35471,2024-03-07,True,5900,good
CUS001775,52,GENERAL,S6_업무헤비형,M,36266,2026-01-28,True,28000,good
CUS001776,39,GENERAL,S4_통화집중저데이터형,M,13891,2023-12-21,True,13200,good
CUS001777,63,GENERAL,S2_일반균형형,F,Z202605257,2025-05-24,True,45750,good
CUS001778,60,GENERAL,S4_통화집중저데이터형,F,1567_요고 30,2026-04-01,True,22500,good
CUS001779,47,GENERAL,S3_데이터헤비형,M,15079,2023-12-29,True,28600,good
CUS001780,35,GENERAL,S6_업무헤비형,M,Z202605253,2023-12-24,True,52500,good
CUS001781,55,GENERAL,S2_일반균형형,F,13901,2023-10-24,True,20900,shortage
CUS001782,54,GENERAL,S1_저사용절약형,M,36755,2026-05-15,True,16060,good
CUS001783,52,GENERAL,S6_업무헤비형,F,1693_베이직30GB,2024-06-23,True,45750,shortage
CUS001784,57,GENERAL,S2_일반균형형,F,1567_요고 36,2025-10-27,True,27000,good
CUS001785,44,GENERAL,S2_일반균형형,M,1567_요고 40,2023-12-01,True,30000,good
CUS001786,58,GENERAL,S2_일반균형형,M,35794,2025-05-03,False,19900,good
CUS001787,59,GENERAL,S3_데이터헤비형,M,1567_요고 49,2025-01-25,True,36750,good
CUS001788,53,GENERAL,S3_데이터헤비형,F,Z202605252,2024-12-19,True,56250,good
CUS001789,41,GENERAL,S6_업무헤비형,M,33965,2024-05-11,True,29700,good
CUS001790,35,GENERAL,S2_일반균형형,F,1694_베이직 21GB(이월),2024-05-09,True,43500,good
CUS001791,63,GENERAL,S3_데이터헤비형,M,Z202605257,2025-09-12,True,45750,shortage
CUS001792,39,GENERAL,S6_업무헤비형,M,15408,2023-10-20,False,55000,over
CUS001793,60,GENERAL,S3_데이터헤비형,M,31120,2026-02-08,True,11900,good
CUS001794,44,GENERAL,S6_업무헤비형,M,36627,2023-10-17,True,15400,shortage
CUS001795,62,GENERAL,S3_데이터헤비형,F,Z202605253,2026-06-28,True,52500,good
CUS001796,49,GENERAL,S6_업무헤비형,F,36251,2025-11-20,True,31000,good
CUS001797,58,GENERAL,S1_저사용절약형,M,36322,2023-09-10,True,90,good
CUS001798,43,GENERAL,S4_통화집중저데이터형,F,NA00009781,2023-10-22,True,29250,good
CUS001799,47,GENERAL,S6_업무헤비형,F,15408,2025-08-03,False,55000,over
CUS001800,46,GENERAL,S6_업무헤비형,M,Z202605253,2026-04-13,True,52500,good
CUS001801,35,GENERAL,S6_업무헤비형,F,36856,2024-12-22,True,11000,shortage
CUS001802,52,GENERAL,S5_통화집중균형형,F,33863,2024-05-09,True,17600,good
CUS001803,43,GENERAL,S6_업무헤비형,F,1567_요고 55,2023-12-21,True,41250,good
CUS001804,40,GENERAL,S2_일반균형형,M,Z202605257,2023-10-28,True,45750,good
CUS001805,60,GENERAL,S3_데이터헤비형,M,35422,2023-12-30,True,12000,shortage
CUS001806,42,GENERAL,S3_데이터헤비형,F,Z202605253,2024-06-24,True,52500,good
CUS001807,38,GENERAL,S4_통화집중저데이터형,F,36702,2025-03-20,True,12000,good
CUS001808,55,GENERAL,S6_업무헤비형,M,1681_초이스130_디즈니+,2024-01-30,True,97500,over
CUS001809,54,GENERAL,S3_데이터헤비형,M,15408,2025-01-06,False,55000,over
CUS001810,42,GENERAL,S6_업무헤비형,F,32943,2025-12-06,True,26400,shortage
CUS001811,41,GENERAL,S6_업무헤비형,M,Z202605253,2025-06-21,True,52500,good
CUS001812,50,GENERAL,S3_데이터헤비형,M,37153,2026-03-30,True,16000,good
CUS001813,51,GENERAL,S4_통화집중저데이터형,M,Z202606000,2023-11-24,True,35250,good
CUS001814,41,GENERAL,S3_데이터헤비형,M,27836,2026-06-30,True,23500,good
CUS001815,49,GENERAL,S3_데이터헤비형,M,33531,2025-02-23,True,25960,good
CUS001816,46,GENERAL,S6_업무헤비형,M,15408,2024-11-01,False,55000,over
CUS001817,62,GENERAL,S5_통화집중균형형,F,13982,2024-02-09,False,27500,good
CUS001818,60,GENERAL,S6_업무헤비형,M,23777,2025-12-12,False,7500,shortage
CUS001819,53,GENERAL,S3_데이터헤비형,F,30011,2025-07-05,False,13500,shortage
CUS001820,41,GENERAL,S2_일반균형형,F,28097,2024-05-17,True,27000,shortage
CUS001821,38,GENERAL,S6_업무헤비형,F,15928,2025-07-17,True,28710,good
CUS001822,49,GENERAL,S3_데이터헤비형,M,Z202605254,2026-06-09,True,51000,good
CUS001823,37,GENERAL,S2_일반균형형,F,27376,2025-04-15,False,36300,good
CUS001824,54,GENERAL,S4_통화집중저데이터형,F,1693_베이직7GB,2025-11-13,True,33750,good
CUS001825,52,GENERAL,S3_데이터헤비형,M,1567_요고 49,2023-09-20,True,36750,good
CUS001826,44,GENERAL,S4_통화집중저데이터형,F,36322,2024-05-29,True,90,shortage
CUS001827,56,GENERAL,S2_일반균형형,F,Z202205253_우리집지킴이도어캠,2025-05-30,True,97500,over
CUS001828,64,GENERAL,S3_데이터헤비형,M,36694,2025-04-05,True,10450,good
CUS001829,60,GENERAL,S2_일반균형형,F,23040,2024-01-23,False,25300,shortage
CUS001830,53,GENERAL,S6_업무헤비형,M,10394,2024-01-14,True,19900,good
CUS001831,63,GENERAL,S2_일반균형형,M,29316,2024-08-21,False,7900,good
CUS001832,37,GENERAL,S5_통화집중균형형,M,1693_베이직30GB,2026-06-07,True,45750,good
CUS001833,55,GENERAL,S3_데이터헤비형,F,33879,2026-02-01,True,22330,good
CUS001834,48,GENERAL,S6_업무헤비형,F,NA00009790,2026-05-13,True,51750,shortage
CUS001835,56,GENERAL,S2_일반균형형,M,32240,2026-03-08,False,7900,good
CUS001836,45,GENERAL,S3_데이터헤비형,M,15408,2024-05-29,False,55000,over
CUS001837,36,GENERAL,S3_데이터헤비형,M,Z202605254,2025-11-27,True,51000,good
CUS001838,36,GENERAL,S6_업무헤비형,M,36264,2025-05-21,False,31500,good
CUS001839,41,GENERAL,S5_통화집중균형형,M,1567_요고 42,2024-06-07,True,31500,good
CUS001840,43,GENERAL,S5_통화집중균형형,F,1567_요고 44,2025-05-09,True,33000,good
CUS001841,63,GENERAL,S3_데이터헤비형,M,33861,2025-07-16,True,18700,shortage
CUS001842,48,GENERAL,S1_저사용절약형,F,NA00009814,2025-11-07,True,96750,over
CUS001843,38,GENERAL,S5_통화집중균형형,F,27790,2025-02-19,True,12320,shortage
CUS001844,53,GENERAL,S2_일반균형형,M,37098,2024-06-23,True,100,good
CUS001845,41,GENERAL,S4_통화집중저데이터형,M,1693_베이직7GB,2024-05-20,True,33750,good
CUS001846,49,GENERAL,S6_업무헤비형,M,1567_요고 55,2026-06-06,True,41250,good
CUS001847,58,GENERAL,S5_통화집중균형형,F,NA00009786,2025-10-29,True,46499,good
CUS001848,35,GENERAL,S3_데이터헤비형,M,Z202605254,2026-03-09,True,51000,good
CUS001849,58,GENERAL,S6_업무헤비형,M,35464,2024-06-05,True,17000,shortage
CUS001850,39,GENERAL,S2_일반균형형,M,Z202606002,2025-05-31,True,24750,shortage
CUS001851,64,GENERAL,S6_업무헤비형,M,36944,2025-09-29,True,30000,shortage
CUS001852,62,GENERAL,S6_업무헤비형,F,15408,2026-04-26,False,55000,over
CUS001853,38,GENERAL,S2_일반균형형,F,1693_베이직7GB,2024-03-29,True,33750,shortage
CUS001854,63,GENERAL,S2_일반균형형,F,36823,2025-10-12,True,36600,good
CUS001855,46,GENERAL,S4_통화집중저데이터형,M,30850,2024-09-17,True,1650,good
CUS001856,59,GENERAL,S2_일반균형형,M,Z202605262,2024-04-09,True,21000,shortage
CUS001857,59,GENERAL,S2_일반균형형,F,33961,2025-05-19,True,22000,over
CUS001858,47,GENERAL,S6_업무헤비형,M,1693_베이직1.4GB,2024-01-24,True,24750,shortage
CUS001859,39,GENERAL,S5_통화집중균형형,M,27487,2023-11-25,False,35450,over
CUS001860,61,GENERAL,S1_저사용절약형,F,18751,2024-09-20,True,15300,over
CUS001861,53,GENERAL,S1_저사용절약형,F,33515,2025-08-09,True,14080,good
CUS001862,62,GENERAL,S6_업무헤비형,M,36263,2025-12-30,True,23000,good
CUS001863,49,GENERAL,S2_일반균형형,M,33866,2025-05-06,True,18700,good
CUS001864,37,GENERAL,S3_데이터헤비형,M,30365,2026-04-09,True,10,shortage
CUS001865,39,GENERAL,S3_데이터헤비형,F,1681_초이스130_유튜브프리미엄,2024-08-19,True,97500,over
CUS001866,37,GENERAL,S6_업무헤비형,M,Z202605253,2024-11-13,True,52500,good
CUS001867,35,GENERAL,S3_데이터헤비형,M,15408,2024-11-24,False,55000,over
CUS001868,62,GENERAL,S2_일반균형형,F,26322,2023-11-20,True,34320,good
CUS001869,58,GENERAL,S6_업무헤비형,F,26871,2023-10-12,True,15100,good
CUS001870,38,GENERAL,S5_통화집중균형형,F,1693_베이직30GB,2025-07-23,True,45750,good
CUS001871,64,GENERAL,S4_통화집중저데이터형,M,25356,2025-01-11,True,10000,good
CUS001872,61,GENERAL,S5_통화집중균형형,F,1567_요고 38,2026-06-10,True,28500,good
CUS001873,46,GENERAL,S6_업무헤비형,F,Z202605252,2026-07-03,True,56250,good
CUS001874,54,GENERAL,S1_저사용절약형,M,1693_베이직50GB,2025-06-30,True,47250,over
CUS001875,56,GENERAL,S4_통화집중저데이터형,F,NA00009787,2023-09-12,True,48000,over
CUS001876,57,GENERAL,S6_업무헤비형,F,23209,2024-07-19,True,12370,good
CUS001877,42,GENERAL,S2_일반균형형,F,25321,2024-11-13,True,1900,shortage
CUS001878,58,GENERAL,S2_일반균형형,F,1693_베이직10GB,2024-11-18,True,37500,shortage
CUS001879,35,GENERAL,S2_일반균형형,F,36883,2023-10-27,True,37400,over
CUS001880,36,GENERAL,S6_업무헤비형,F,NA00005479,2026-02-04,True,20872,shortage
CUS001881,51,GENERAL,S2_일반균형형,M,36808,2026-02-01,False,13000,good
CUS001882,38,GENERAL,S3_데이터헤비형,F,1567_요고 49,2025-02-27,True,36750,good
CUS001883,36,GENERAL,S4_통화집중저데이터형,M,24205,2025-10-21,False,42020,over
CUS001884,64,GENERAL,S5_통화집중균형형,M,36652,2026-02-23,False,17990,good
CUS001885,40,GENERAL,S5_통화집중균형형,F,32019,2026-06-23,True,45100,over
CUS001886,63,GENERAL,S5_통화집중균형형,M,17624,2024-08-19,True,38000,good
CUS001887,58,GENERAL,S5_통화집중균형형,F,27376,2025-05-25,False,36300,good
CUS001888,61,GENERAL,S2_일반균형형,F,1567_요고 36,2024-10-01,True,27000,good
CUS001889,49,GENERAL,S4_통화집중저데이터형,F,Z202605262,2024-09-02,True,21000,shortage
CUS001890,47,GENERAL,S1_저사용절약형,M,Z202605260,2025-05-05,True,27750,good
CUS001891,43,GENERAL,S6_업무헤비형,F,Z202605252,2025-10-18,True,56250,good
CUS001892,45,GENERAL,S3_데이터헤비형,M,Z202605253,2024-08-23,True,52500,good
CUS001893,63,GENERAL,S4_통화집중저데이터형,F,Z202605261,2025-09-21,True,21750,shortage
CUS001894,51,GENERAL,S4_통화집중저데이터형,M,24530,2025-05-14,True,10,shortage
CUS001895,49,GENERAL,S2_일반균형형,M,25273,2025-10-10,False,39600,good
CUS001896,46,GENERAL,S6_업무헤비형,F,1681_초이스90_위버스,2025-03-04,True,67500,over
CUS001897,37,GENERAL,S2_일반균형형,F,1567_요고 38,2024-04-14,True,28500,good
CUS001898,46,GENERAL,S6_업무헤비형,M,Z202605253,2025-12-21,True,52500,good
CUS001899,46,GENERAL,S2_일반균형형,F,Z202606002,2023-11-03,True,24750,shortage
CUS001900,52,GENERAL,S5_통화집중균형형,M,1567_요고 44,2024-03-27,True,33000,good
CUS001901,62,GENERAL,S6_업무헤비형,M,27777,2024-09-03,True,15000,shortage
CUS001902,64,GENERAL,S6_업무헤비형,F,Z202205251_애플디바이스,2026-02-26,True,86250,over
CUS001903,53,GENERAL,S2_일반균형형,F,34362,2026-02-14,False,20000,good
CUS001904,57,GENERAL,S3_데이터헤비형,M,15408,2023-11-28,False,55000,over
CUS001905,52,GENERAL,S1_저사용절약형,F,NA00009781,2026-03-13,True,29250,good
CUS001906,64,GENERAL,S2_일반균형형,M,20408,2024-09-10,False,7700,shortage
CUS001907,41,GENERAL,S4_통화집중저데이터형,M,36702,2025-12-21,True,12000,good
CUS001908,56,GENERAL,S1_저사용절약형,M,34864,2025-10-15,True,10940,good
CUS001909,59,GENERAL,S2_일반균형형,M,27847,2025-06-21,True,23000,over
CUS001910,44,GENERAL,S2_일반균형형,F,20279,2026-06-01,False,31000,shortage
CUS001911,50,GENERAL,S1_저사용절약형,F,26888,2026-04-09,True,10,good
CUS001912,59,GENERAL,S2_일반균형형,M,35478,2023-09-28,True,9500,shortage
CUS001913,49,GENERAL,S6_업무헤비형,M,1681_초이스90_디즈니+,2025-10-30,True,67500,over
CUS001914,56,GENERAL,S1_저사용절약형,M,33957,2025-03-27,True,19800,over
CUS001915,50,GENERAL,S4_통화집중저데이터형,M,Z202605262,2024-07-01,True,21000,shortage
CUS001916,50,GENERAL,S2_일반균형형,M,33936,2024-09-12,True,3300,good
CUS001917,38,GENERAL,S2_일반균형형,M,1694_베이직 21GB(이월),2024-09-01,True,43500,good
CUS001918,50,GENERAL,S5_통화집중균형형,M,26322,2026-05-05,True,34320,good
CUS001919,53,GENERAL,S5_통화집중균형형,M,17624,2024-03-05,True,38000,good
CUS001920,37,GENERAL,S5_통화집중균형형,M,1694_베이직 4GB(이월),2025-04-22,True,27750,shortage
CUS001921,56,GENERAL,S1_저사용절약형,M,29087,2024-07-18,True,10,good
CUS001922,38,GENERAL,S1_저사용절약형,F,29817,2025-11-11,False,16060,good
CUS001923,59,GENERAL,S6_업무헤비형,F,17602,2024-12-27,True,27500,good
CUS001924,58,GENERAL,S2_일반균형형,M,37139,2023-11-19,False,15400,good
CUS001925,54,GENERAL,S3_데이터헤비형,F,36945,2025-07-06,True,44100,good
CUS001926,56,GENERAL,S4_통화집중저데이터형,F,24193,2024-07-10,False,13420,good
CUS001927,46,GENERAL,S2_일반균형형,F,37141,2024-12-27,False,18400,good
CUS001928,64,GENERAL,S3_데이터헤비형,M,34256,2024-09-08,True,9900,shortage
CUS001929,42,GENERAL,S1_저사용절약형,M,NA00009781,2026-04-21,True,29250,good
CUS001930,52,GENERAL,S5_통화집중균형형,F,1694_베이직 4GB(이월),2023-10-11,True,27750,shortage
CUS001931,57,GENERAL,S6_업무헤비형,M,26315,2025-06-21,True,14500,good
CUS001932,63,GENERAL,S5_통화집중균형형,F,36939,2025-11-03,True,27000,over
CUS001933,44,GENERAL,S5_통화집중균형형,F,1567_요고 38,2024-03-07,True,28500,good
CUS001934,53,GENERAL,S2_일반균형형,F,33850,2023-12-08,True,13200,good
CUS001935,38,GENERAL,S6_업무헤비형,M,23209,2025-01-25,True,12370,good
CUS001936,41,GENERAL,S3_데이터헤비형,M,15408,2025-08-22,False,55000,over
CUS001937,50,GENERAL,S6_업무헤비형,M,33964,2025-03-10,True,29700,good
CUS001938,56,GENERAL,S3_데이터헤비형,M,Z202605261,2024-10-22,True,21750,shortage
CUS001939,47,GENERAL,S1_저사용절약형,F,36329,2023-10-09,False,48900,over
CUS001940,46,GENERAL,S6_업무헤비형,F,Z202205253_우리집돌봄이Kids,2025-01-23,True,97500,over
CUS001941,51,GENERAL,S3_데이터헤비형,F,NA00009789,2025-10-17,True,51000,good
CUS001942,48,GENERAL,S3_데이터헤비형,F,33957,2023-10-27,True,19800,good
CUS001943,62,GENERAL,S2_일반균형형,F,1681_초이스90_삼성,2024-06-03,True,67500,over
CUS001944,49,GENERAL,S2_일반균형형,F,1693_베이직30GB,2025-04-20,True,45750,good
CUS001945,55,GENERAL,S4_통화집중저데이터형,M,1693_베이직7GB,2025-10-19,True,33750,good
CUS001946,37,GENERAL,S2_일반균형형,F,1693_베이직21GB,2025-11-19,True,43500,good
CUS001947,35,GENERAL,S2_일반균형형,F,1694_베이직 14GB(이월),2024-10-25,True,41250,shortage
CUS001948,55,GENERAL,S5_통화집중균형형,F,34891,2026-04-22,False,12100,good
CUS001949,48,GENERAL,S1_저사용절약형,M,25290,2024-09-03,True,6230,good
CUS001950,53,GENERAL,S1_저사용절약형,M,35851,2026-06-04,False,40900,over
CUS001951,36,GENERAL,S5_통화집중균형형,M,29019,2025-09-19,True,12600,good
CUS001952,45,GENERAL,S6_업무헤비형,F,Z202605252,2024-03-17,True,56250,good
CUS001953,46,GENERAL,S1_저사용절약형,M,37128,2025-04-02,True,10,good
CUS001954,45,GENERAL,S5_통화집중균형형,F,33164,2026-02-22,True,18900,good
CUS001955,64,GENERAL,S6_업무헤비형,F,17964,2023-09-05,False,19800,shortage
CUS001956,47,GENERAL,S2_일반균형형,M,35415,2025-05-27,False,57200,over
CUS001957,59,GENERAL,S5_통화집중균형형,F,1693_베이직21GB,2026-05-09,True,43500,shortage
CUS001958,60,GENERAL,S2_일반균형형,F,26178,2026-06-13,True,12100,good
CUS001959,62,GENERAL,S3_데이터헤비형,F,35280,2023-09-30,True,15900,good
CUS001960,46,GENERAL,S1_저사용절약형,F,Z202605261,2026-04-08,True,21750,shortage
CUS001961,45,GENERAL,S6_업무헤비형,F,Z202605252,2025-10-23,True,56250,good
CUS001962,59,GENERAL,S6_업무헤비형,F,Z202605253,2025-06-10,True,52500,good
CUS001963,56,GENERAL,S4_통화집중저데이터형,M,32020,2024-10-14,True,12210,good
CUS001964,46,GENERAL,S6_업무헤비형,M,1567_요고 55,2025-09-03,True,41250,good
CUS001965,60,GENERAL,S2_일반균형형,M,31772,2026-01-19,True,100,good
CUS001966,63,GENERAL,S3_데이터헤비형,F,1693_베이직50GB,2025-12-31,True,47250,shortage
CUS001967,36,GENERAL,S2_일반균형형,M,36891,2025-12-02,False,3500,shortage
CUS001968,36,GENERAL,S6_업무헤비형,F,Z202605252,2024-07-26,True,56250,good
CUS001969,54,GENERAL,S6_업무헤비형,M,1567_요고 55,2024-04-06,True,41250,good
CUS001970,52,GENERAL,S6_업무헤비형,F,15408,2025-05-11,False,55000,over
CUS001971,51,GENERAL,S3_데이터헤비형,M,Z202605253,2023-11-23,True,52500,good
CUS001972,49,GENERAL,S3_데이터헤비형,F,23771,2025-11-11,False,1490,shortage
CUS001973,56,GENERAL,S5_통화집중균형형,M,22817,2026-01-07,False,38000,good
CUS001974,49,GENERAL,S6_업무헤비형,F,22811,2025-11-24,False,55000,good
CUS001975,40,GENERAL,S5_통화집중균형형,M,Z202605257,2024-02-09,True,45750,good
CUS001976,46,GENERAL,S3_데이터헤비형,F,NA00009790,2024-07-01,True,51750,good
CUS001977,45,GENERAL,S2_일반균형형,M,Z202605258,2024-08-11,True,44250,good
CUS001978,53,GENERAL,S4_통화집중저데이터형,M,11319,2025-01-25,False,13750,good
CUS001979,36,GENERAL,S6_업무헤비형,M,Z202605252,2026-07-04,True,56250,good
CUS001980,58,GENERAL,S2_일반균형형,M,33868,2024-02-24,False,22000,good
CUS001981,54,GENERAL,S2_일반균형형,F,1693_베이직21GB,2024-02-16,True,43500,good
CUS001982,60,GENERAL,S2_일반균형형,F,NA00009785,2026-02-26,True,44250,good
CUS001983,54,GENERAL,S2_일반균형형,F,1681_초이스110_위버스,2024-05-10,True,82500,over
CUS001984,58,GENERAL,S1_저사용절약형,M,35453,2025-01-22,True,12000,good
CUS001985,35,GENERAL,S6_업무헤비형,F,15408,2024-12-14,False,55000,over
CUS001986,63,GENERAL,S5_통화집중균형형,M,34891,2025-07-06,False,12100,good
CUS001987,52,GENERAL,S4_통화집중저데이터형,F,36795,2026-06-10,False,4800,shortage
CUS001988,64,GENERAL,S2_일반균형형,F,14832,2024-10-31,False,42000,good
CUS001989,63,GENERAL,S2_일반균형형,F,Z202605258,2025-05-17,True,44250,good
CUS001990,43,GENERAL,S2_일반균형형,F,29019,2024-08-28,True,12600,good
CUS001991,51,GENERAL,S1_저사용절약형,F,NA00009805,2024-05-29,True,81750,over
CUS001992,55,GENERAL,S6_업무헤비형,F,37124,2024-03-18,True,14000,good
CUS001993,47,GENERAL,S2_일반균형형,M,29317,2026-02-16,True,14000,good
CUS001994,35,GENERAL,S6_업무헤비형,F,15408,2025-09-21,False,55000,over
CUS001995,41,GENERAL,S6_업무헤비형,F,17602,2026-05-28,True,27500,good
CUS001996,59,GENERAL,S2_일반균형형,F,29758,2026-06-30,False,34900,good
CUS001997,64,GENERAL,S6_업무헤비형,M,36900,2025-02-19,True,2200,shortage
CUS001998,57,GENERAL,S2_일반균형형,F,1694_베이직 21GB(이월),2025-03-09,True,43500,good
CUS001999,48,GENERAL,S2_일반균형형,M,35447,2026-06-24,True,100,good
CUS002000,46,GENERAL,S5_통화집중균형형,F,Z202605257,2024-06-06,True,45750,good
CUS002001,37,GENERAL,S6_업무헤비형,F,Z202605261,2026-03-10,True,21750,shortage
CUS002002,56,GENERAL,S6_업무헤비형,F,Z202605252,2025-09-12,True,56250,good
CUS002003,35,GENERAL,S6_업무헤비형,F,36805,2023-10-02,True,12000,shortage
CUS002004,59,GENERAL,S6_업무헤비형,M,Z202605252,2025-09-01,True,56250,good
CUS002005,45,GENERAL,S3_데이터헤비형,M,Z202605254,2025-03-22,True,51000,good
CUS002006,44,GENERAL,S2_일반균형형,M,1693_베이직30GB,2024-06-08,True,45750,good
CUS002007,56,GENERAL,S2_일반균형형,M,1567_요고 40,2026-01-21,True,30000,good
CUS002008,46,GENERAL,S6_업무헤비형,M,Z202605252,2024-06-03,True,56250,good
CUS002009,50,GENERAL,S1_저사용절약형,F,Z202205253_티빙,2026-03-18,True,97500,over
CUS002010,54,GENERAL,S6_업무헤비형,F,NA00009783,2026-01-07,True,36750,shortage
CUS002011,43,GENERAL,S2_일반균형형,M,36971,2026-02-19,False,19900,good
CUS002012,62,GENERAL,S2_일반균형형,M,27254,2024-11-06,True,12000,shortage
CUS002013,57,GENERAL,S5_통화집중균형형,M,NA00009795,2023-10-20,True,66750,over
CUS002014,61,GENERAL,S5_통화집중균형형,M,33857,2026-06-19,True,16500,good
CUS002015,49,GENERAL,S5_통화집중균형형,F,27752,2025-02-25,True,27900,good
CUS002016,54,GENERAL,S3_데이터헤비형,F,25240,2026-07-03,True,30800,shortage
CUS002017,35,GENERAL,S5_통화집중균형형,F,NA00009816,2026-01-04,True,96750,over
CUS002018,35,GENERAL,S3_데이터헤비형,F,15408,2024-03-20,False,55000,over
CUS002019,37,GENERAL,S6_업무헤비형,F,Z202605252,2024-08-30,True,56250,good
CUS002020,37,GENERAL,S6_업무헤비형,F,Z202605252,2024-08-28,True,56250,good
CUS002021,51,GENERAL,S2_일반균형형,F,35794,2024-07-10,False,19900,good
CUS002022,42,GENERAL,S2_일반균형형,F,17267,2025-06-03,True,18000,shortage
CUS002023,64,GENERAL,S2_일반균형형,F,33943,2025-01-11,True,9900,shortage
CUS002024,51,GENERAL,S6_업무헤비형,F,Z202605253,2024-08-12,True,52500,good
CUS002025,58,GENERAL,S2_일반균형형,F,26871,2025-08-20,True,15100,over
CUS002026,57,GENERAL,S6_업무헤비형,F,1567_요고 55,2025-03-18,True,41250,good
CUS002027,57,GENERAL,S6_업무헤비형,M,23483,2026-03-26,True,15100,shortage
CUS002028,58,GENERAL,S6_업무헤비형,M,36251,2025-07-09,True,31000,good
CUS002029,48,GENERAL,S2_일반균형형,M,35804,2026-07-04,True,5000,good
CUS002030,54,GENERAL,S4_통화집중저데이터형,M,29926,2026-06-15,False,17600,good
CUS002031,50,GENERAL,S1_저사용절약형,M,1693_베이직7GB,2025-11-03,True,33750,good
CUS002032,43,GENERAL,S6_업무헤비형,F,1567_요고 55,2023-11-27,True,41250,good
CUS002033,58,GENERAL,S3_데이터헤비형,M,26316,2025-09-30,True,14000,good
CUS002034,44,GENERAL,S5_통화집중균형형,M,NA00009786,2023-12-06,True,46499,good
CUS002035,46,GENERAL,S2_일반균형형,F,Z202605257,2025-11-29,True,45750,good
CUS002036,57,GENERAL,S1_저사용절약형,M,1693_베이직4GB,2026-06-19,True,27750,shortage
CUS002037,58,GENERAL,S1_저사용절약형,M,Z202605260,2026-03-31,True,27750,good
CUS002038,43,GENERAL,S6_업무헤비형,M,1567_요고 34,2026-02-11,True,25500,shortage
CUS002039,35,GENERAL,S3_데이터헤비형,F,33534,2024-03-28,True,32890,good
CUS002040,60,GENERAL,S6_업무헤비형,F,36329,2025-05-08,False,48900,good
CUS002041,63,GENERAL,S6_업무헤비형,F,1567_요고 55,2024-05-24,True,41250,good
CUS002042,47,GENERAL,S5_통화집중균형형,F,1693_베이직10GB,2024-10-22,True,37500,shortage
CUS002043,44,GENERAL,S2_일반균형형,M,1567_요고 36,2024-05-12,True,27000,good
CUS002044,55,GENERAL,S2_일반균형형,F,1567_요고 36,2026-03-07,True,27000,good
CUS002045,55,GENERAL,S2_일반균형형,F,31029,2025-06-27,False,19900,good
CUS002046,46,GENERAL,S5_통화집중균형형,F,24033,2024-04-06,True,23320,over
CUS002047,61,GENERAL,S3_데이터헤비형,F,36897,2026-03-17,True,1000,shortage
CUS002048,36,GENERAL,S2_일반균형형,M,1567_요고 38,2024-04-30,True,28500,good
CUS002049,49,GENERAL,S1_저사용절약형,F,20001,2025-09-15,False,9020,shortage
CUS002050,36,GENERAL,S1_저사용절약형,F,Z202605261,2025-04-11,True,21750,shortage
CUS002051,42,GENERAL,S5_통화집중균형형,F,36911,2025-03-22,False,6900,shortage
CUS002052,60,GENERAL,S1_저사용절약형,F,NA00009781,2025-03-04,True,29250,good
CUS002053,62,GENERAL,S2_일반균형형,M,Z202605259,2024-07-18,True,41250,shortage
CUS002054,53,GENERAL,S2_일반균형형,M,Z202605257,2023-08-23,True,45750,good
CUS002055,45,GENERAL,S2_일반균형형,F,1693_베이직30GB,2024-11-21,True,45750,good
CUS002056,64,GENERAL,S3_데이터헤비형,F,1692_초이스 더블 유튜브 프리미엄+디바이스_밀리의서재,2026-05-24,True,90000,over
CUS002057,38,GENERAL,S6_업무헤비형,M,Z202606002,2026-01-02,True,24750,shortage
CUS002058,37,GENERAL,S3_데이터헤비형,F,Z202205253_유튜브프리미엄,2024-11-10,True,97500,over
CUS002059,38,GENERAL,S1_저사용절약형,M,Z202605260,2024-03-26,True,27750,good
CUS002060,38,GENERAL,S2_일반균형형,F,33163,2024-06-11,True,13900,good
CUS002061,42,GENERAL,S5_통화집중균형형,M,NA00009786,2025-08-17,True,46499,good
CUS002062,39,GENERAL,S3_데이터헤비형,F,Z202205251_AI구독,2024-09-02,True,86250,over
CUS002063,41,GENERAL,S3_데이터헤비형,M,14831,2025-07-23,False,48000,good
CUS002064,44,GENERAL,S6_업무헤비형,M,13525,2025-12-23,True,50500,good
CUS002065,36,GENERAL,S6_업무헤비형,F,Z202605253,2025-04-09,True,52500,good
CUS002066,48,GENERAL,S3_데이터헤비형,F,15408,2024-05-19,False,55000,over
CUS002067,42,GENERAL,S4_통화집중저데이터형,M,20571,2024-01-04,True,5500,good
CUS002068,53,GENERAL,S4_통화집중저데이터형,M,1693_베이직1.4GB,2026-02-16,True,24750,shortage
CUS002069,35,GENERAL,S3_데이터헤비형,F,15408,2025-10-15,False,55000,over
CUS002070,37,GENERAL,S2_일반균형형,M,14831,2025-12-30,False,48000,over
CUS002071,62,GENERAL,S4_통화집중저데이터형,M,NA00009781,2025-07-02,True,29250,good
CUS002072,50,GENERAL,S2_일반균형형,F,1693_베이직30GB,2025-12-19,True,45750,good
CUS002073,57,GENERAL,S6_업무헤비형,M,37091,2025-02-22,True,12000,good
CUS002074,54,GENERAL,S5_통화집중균형형,F,33856,2025-09-26,True,15400,good
CUS002075,48,GENERAL,S6_업무헤비형,M,Z202205251_구글원+보상패스,2026-05-20,True,86250,over
CUS002076,64,GENERAL,S4_통화집중저데이터형,F,34884,2025-08-16,False,3300,good
CUS002077,48,GENERAL,S3_데이터헤비형,M,9577,2025-11-04,False,25300,shortage
CUS002078,51,GENERAL,S3_데이터헤비형,F,22903,2023-12-06,True,4840,shortage
CUS002079,48,GENERAL,S4_통화집중저데이터형,M,Z202605262,2024-12-26,True,21000,shortage
CUS002080,57,GENERAL,S6_업무헤비형,F,1567_요고 55,2026-05-05,True,41250,good
CUS002081,54,GENERAL,S1_저사용절약형,F,1693_베이직7GB,2025-08-29,True,33750,good
CUS002082,61,GENERAL,S4_통화집중저데이터형,M,NA00009781,2024-11-19,True,29250,good
CUS002083,48,GENERAL,S5_통화집중균형형,F,Z202205251_데일리,2025-04-20,True,86250,over
CUS002084,36,GENERAL,S5_통화집중균형형,M,29023,2023-10-28,False,21800,good
CUS002085,50,GENERAL,S6_업무헤비형,F,36943,2024-07-26,True,29000,good
CUS002086,52,GENERAL,S1_저사용절약형,F,NA00009815,2024-06-28,True,96750,over
CUS002087,52,GENERAL,S2_일반균형형,M,33868,2026-06-18,False,22000,good
CUS002088,38,GENERAL,S6_업무헤비형,M,30902,2025-02-16,True,20500,shortage
CUS002089,57,GENERAL,S1_저사용절약형,M,NA00009781,2025-08-06,True,29250,good
CUS002090,53,GENERAL,S3_데이터헤비형,F,Z202605254,2025-07-10,True,51000,good
CUS002091,64,GENERAL,S2_일반균형형,F,1693_베이직21GB,2023-09-17,True,43500,good
CUS002092,48,GENERAL,S2_일반균형형,F,35418,2023-11-22,True,2900,good
CUS002093,43,GENERAL,S5_통화집중균형형,M,1693_베이직30GB,2024-04-30,True,45750,good
CUS002094,50,GENERAL,S2_일반균형형,M,33882,2023-10-13,False,45100,over
CUS002095,36,GENERAL,S3_데이터헤비형,F,36685,2023-10-14,False,3300,shortage
CUS002096,55,GENERAL,S6_업무헤비형,M,1567_요고 55,2023-11-14,True,41250,good
CUS002097,50,GENERAL,S6_업무헤비형,M,37121,2026-03-15,True,8800,good
CUS002098,51,GENERAL,S4_통화집중저데이터형,F,NA00009781,2024-04-23,True,29250,good
CUS002099,62,GENERAL,S5_통화집중균형형,M,Z202606002,2024-05-12,True,24750,shortage
CUS002100,50,GENERAL,S3_데이터헤비형,M,Z202605254,2024-07-12,True,51000,good
CUS002101,58,GENERAL,S4_통화집중저데이터형,M,36239,2025-09-19,True,18000,over
CUS002102,61,GENERAL,S3_데이터헤비형,F,1693_베이직110GB,2023-12-12,True,51750,good
CUS002103,40,GENERAL,S1_저사용절약형,M,35913,2024-03-05,True,12980,shortage
CUS002104,61,GENERAL,S2_일반균형형,F,LPZ1006509_모아진,2025-10-25,True,71250,over
CUS002105,64,GENERAL,S3_데이터헤비형,F,30913,2024-03-04,True,28380,good
CUS002106,58,GENERAL,S2_일반균형형,F,36203,2024-10-13,True,17600,shortage
CUS002107,40,GENERAL,S1_저사용절약형,F,1694_베이직 4GB(이월),2024-01-26,True,27750,shortage
CUS002108,50,GENERAL,S4_통화집중저데이터형,F,NA00009781,2024-12-21,True,29250,good
CUS002109,36,GENERAL,S6_업무헤비형,F,Z202605252,2025-02-08,True,56250,good
CUS002110,48,GENERAL,S1_저사용절약형,F,36211,2025-03-16,False,2800,good
CUS002111,43,GENERAL,S5_통화집중균형형,F,Z202605257,2025-08-14,True,45750,good
CUS002112,44,GENERAL,S6_업무헤비형,F,37126,2024-07-07,True,39500,good
CUS002113,38,GENERAL,S1_저사용절약형,M,Z202605261,2025-10-18,True,21750,shortage
CUS002114,63,GENERAL,S5_통화집중균형형,F,20326,2025-05-07,False,23500,good
CUS002115,50,GENERAL,S3_데이터헤비형,M,Z202605261,2024-07-24,True,21750,shortage
CUS002116,59,GENERAL,S4_통화집중저데이터형,F,Z202606000,2024-12-05,True,35250,good
CUS002117,55,GENERAL,S2_일반균형형,F,33868,2026-01-17,False,22000,good
CUS002118,52,GENERAL,S3_데이터헤비형,F,Z202205253_우리집돌봄이Kids,2026-02-04,True,97500,over
CUS002119,48,GENERAL,S4_통화집중저데이터형,F,28092,2024-07-23,True,13000,good
CUS002120,43,GENERAL,S2_일반균형형,F,13981,2025-09-28,True,24200,good
CUS002121,48,GENERAL,S4_통화집중저데이터형,F,NA00009782,2024-08-14,True,33750,good
CUS002122,51,GENERAL,S6_업무헤비형,M,Z202605253,2024-05-20,True,52500,good
CUS002123,41,GENERAL,S3_데이터헤비형,M,13796,2026-01-03,True,30900,good
CUS002124,42,GENERAL,S5_통화집중균형형,F,27752,2023-10-02,True,27900,good
CUS002125,53,GENERAL,S6_업무헤비형,F,37104,2025-05-31,True,13200,good
CUS002126,36,GENERAL,S2_일반균형형,F,13982,2025-10-13,False,27500,good
CUS002127,41,GENERAL,S6_업무헤비형,M,36292,2024-02-13,False,38600,shortage
CUS002128,55,GENERAL,S3_데이터헤비형,F,15408,2026-03-02,False,55000,over
CUS002129,58,GENERAL,S2_일반균형형,F,1692_초이스 더블 디즈니플러스+폰케어_모아진,2026-02-05,True,90000,over
CUS002130,52,GENERAL,S3_데이터헤비형,M,1567_요고 36,2023-10-01,True,27000,shortage
CUS002131,58,GENERAL,S3_데이터헤비형,F,NA00009804,2024-11-04,True,81750,over
CUS002132,49,GENERAL,S5_통화집중균형형,F,1567_요고 42,2024-01-19,True,31500,good
CUS002133,53,GENERAL,S2_일반균형형,M,1681_초이스110_위버스,2024-09-06,True,82500,over
CUS002134,54,GENERAL,S1_저사용절약형,F,36961,2024-12-06,False,40900,over
CUS002135,44,GENERAL,S5_통화집중균형형,F,36328,2023-09-13,False,19800,shortage
CUS002136,54,GENERAL,S2_일반균형형,M,27774,2025-09-29,True,17060,over
CUS002137,41,GENERAL,S5_통화집중균형형,F,NA00009804,2026-02-04,True,81750,over
CUS002138,45,GENERAL,S2_일반균형형,M,25213,2025-03-13,True,14330,shortage
CUS002139,49,GENERAL,S2_일반균형형,M,36269,2024-04-09,True,14900,over
CUS002140,41,GENERAL,S5_통화집중균형형,F,1693_베이직30GB,2025-12-28,True,45750,good
CUS002141,38,GENERAL,S2_일반균형형,M,26178,2024-05-01,True,12100,good
CUS002142,63,GENERAL,S4_통화집중저데이터형,M,25291,2026-03-25,True,1930,shortage
CUS002143,47,GENERAL,S3_데이터헤비형,F,15408,2023-12-18,False,55000,over
CUS002144,63,GENERAL,S4_통화집중저데이터형,M,36838,2024-06-28,True,3300,over
CUS002145,43,GENERAL,S6_업무헤비형,M,15947,2024-06-22,True,30800,good
CUS002146,37,GENERAL,S2_일반균형형,F,35450,2025-05-14,True,18000,shortage
CUS002147,38,GENERAL,S6_업무헤비형,F,Z202605253,2025-07-13,True,52500,good
CUS002148,56,GENERAL,S4_통화집중저데이터형,F,25338,2024-10-21,True,4400,good
CUS002149,48,GENERAL,S6_업무헤비형,M,Z202605253,2024-02-27,True,52500,good
CUS002150,45,GENERAL,S2_일반균형형,M,18990,2026-07-01,True,330,shortage
CUS002151,46,GENERAL,S2_일반균형형,M,1567_요고 36,2023-12-15,True,27000,good
CUS002152,48,GENERAL,S6_업무헤비형,F,29744,2025-07-27,False,39100,shortage
CUS002153,38,GENERAL,S4_통화집중저데이터형,F,Z202605262,2023-09-30,True,21000,shortage
CUS002154,51,GENERAL,S3_데이터헤비형,F,1567_요고 49,2026-06-04,True,36750,good
CUS002155,54,GENERAL,S6_업무헤비형,F,26288,2025-01-13,False,47300,good
CUS002156,60,GENERAL,S4_통화집중저데이터형,M,36888,2024-04-10,True,44000,over
CUS002157,46,GENERAL,S2_일반균형형,M,1693_베이직4GB,2024-12-03,True,27750,shortage
CUS002158,60,GENERAL,S3_데이터헤비형,F,37120,2024-08-02,True,8300,good
CUS002159,44,GENERAL,S2_일반균형형,F,29784,2023-11-16,False,23100,good
CUS002160,36,GENERAL,S2_일반균형형,F,1567_요고 36,2024-11-01,True,27000,good
CUS002161,39,GENERAL,S1_저사용절약형,F,Z202605260,2024-01-04,True,27750,good
CUS002162,56,GENERAL,S2_일반균형형,F,13988,2025-05-14,False,18700,good
CUS002163,41,GENERAL,S3_데이터헤비형,M,35809,2023-08-27,True,29000,good
CUS002164,62,GENERAL,S6_업무헤비형,M,15947,2026-04-22,True,30800,good
CUS002165,60,GENERAL,S6_업무헤비형,F,26871,2023-11-04,True,15100,good
CUS002166,39,GENERAL,S4_통화집중저데이터형,F,1693_베이직7GB,2025-09-23,True,33750,good
CUS002167,46,GENERAL,S2_일반균형형,M,Z202605257,2026-01-31,True,45750,good
CUS002168,47,GENERAL,S4_통화집중저데이터형,M,NA00009782,2024-11-24,True,33750,good
CUS002169,53,GENERAL,S3_데이터헤비형,F,21263,2026-05-25,True,20020,good
CUS002170,54,GENERAL,S1_저사용절약형,M,26291,2026-02-28,False,6900,shortage
CUS002171,56,GENERAL,S6_업무헤비형,M,Z202605252,2024-10-28,True,56250,good
CUS002172,57,GENERAL,S5_통화집중균형형,F,33128,2023-11-03,True,2900,good
CUS002173,62,GENERAL,S6_업무헤비형,F,Z202605252,2025-12-16,True,56250,good
CUS002174,53,GENERAL,S1_저사용절약형,M,1693_베이직600MB,2024-01-03,True,21675,shortage
CUS002175,63,GENERAL,S6_업무헤비형,F,35534,2024-04-13,True,29700,good
CUS002176,35,GENERAL,S6_업무헤비형,F,15079,2024-04-21,True,28600,good
CUS002177,48,GENERAL,S3_데이터헤비형,F,1567_요고 34,2025-10-18,True,25500,shortage
CUS002178,50,GENERAL,S2_일반균형형,F,35795,2024-02-26,False,16900,shortage
CUS002179,39,GENERAL,S3_데이터헤비형,M,33082,2025-07-23,False,42200,good
CUS002180,47,GENERAL,S2_일반균형형,F,1567_요고 38,2025-11-29,True,28500,good
CUS002181,58,GENERAL,S3_데이터헤비형,M,Z202205253_구글원,2025-01-23,True,97500,over
CUS002182,53,GENERAL,S4_통화집중저데이터형,M,Z202606000,2025-12-07,True,35250,good
CUS002183,38,GENERAL,S2_일반균형형,F,36856,2024-06-14,True,11000,shortage
CUS002184,46,GENERAL,S2_일반균형형,M,35517,2026-02-05,True,15050,over
CUS002185,58,GENERAL,S2_일반균형형,M,1692_초이스 더블 디바이스_지니스마트음악감상,2026-04-10,True,90000,over
CUS002186,41,GENERAL,S6_업무헤비형,M,NA00009783,2025-03-24,True,36750,shortage
CUS002187,63,GENERAL,S2_일반균형형,M,1693_베이직30GB,2025-06-14,True,45750,good
CUS002188,64,GENERAL,S1_저사용절약형,F,32020,2024-03-26,True,12210,good
CUS002189,63,GENERAL,S5_통화집중균형형,F,29764,2023-10-08,False,34100,shortage
CUS002190,62,GENERAL,S6_업무헤비형,F,Z202605261,2024-03-31,True,21750,shortage
CUS002191,38,GENERAL,S4_통화집중저데이터형,M,6804,2025-02-28,True,0,shortage
CUS002192,58,GENERAL,S2_일반균형형,F,21269,2025-09-03,False,38200,over
CUS002193,59,GENERAL,S2_일반균형형,F,35790,2026-03-20,True,16500,shortage
CUS002194,61,GENERAL,S2_일반균형형,M,11317,2023-10-25,False,30200,shortage
CUS002195,39,GENERAL,S5_통화집중균형형,M,33856,2024-12-22,True,15400,good
CUS002196,47,GENERAL,S6_업무헤비형,M,15408,2023-10-24,False,55000,over
CUS002197,48,GENERAL,S2_일반균형형,F,Z202205251_데일리,2025-06-18,True,86250,over
CUS002198,57,GENERAL,S6_업무헤비형,F,15408,2024-09-28,False,55000,over
CUS002199,40,GENERAL,S6_업무헤비형,F,Z202605252,2023-11-28,True,56250,good
CUS002200,44,GENERAL,S4_통화집중저데이터형,F,NA00009781,2024-11-17,True,29250,good
CUS002201,59,GENERAL,S3_데이터헤비형,F,15408,2024-10-09,False,55000,over
CUS002202,62,GENERAL,S3_데이터헤비형,F,31483,2025-03-18,True,23000,good
CUS002203,41,GENERAL,S4_통화집중저데이터형,M,29833,2025-09-22,False,11900,good
CUS002204,39,GENERAL,S2_일반균형형,M,33128,2026-03-03,True,2900,good
CUS002205,64,GENERAL,S2_일반균형형,F,36760,2024-06-14,True,12100,shortage
CUS002206,51,GENERAL,S2_일반균형형,M,35441,2025-07-02,True,13500,over
CUS002207,57,GENERAL,S4_통화집중저데이터형,F,29317,2026-05-22,True,14000,over
CUS002208,61,GENERAL,S6_업무헤비형,F,37126,2024-03-09,True,39500,good
CUS002209,54,GENERAL,S2_일반균형형,F,36808,2024-01-21,False,13000,good
CUS002210,55,GENERAL,S2_일반균형형,F,35446,2025-01-08,True,90,good
CUS002211,47,GENERAL,S2_일반균형형,F,29019,2023-10-27,True,12600,good
CUS002212,63,GENERAL,S6_업무헤비형,F,1567_요고 30,2026-06-13,True,22500,shortage
CUS002213,59,GENERAL,S3_데이터헤비형,F,33959,2025-10-01,True,22000,good
CUS002214,64,GENERAL,S4_통화집중저데이터형,M,31458,2025-01-06,False,38200,over
CUS002215,48,GENERAL,S4_통화집중저데이터형,M,36248,2025-07-25,True,28050,over
CUS002216,57,GENERAL,S2_일반균형형,F,36819,2023-12-17,True,23000,over
CUS002217,48,GENERAL,S3_데이터헤비형,M,1693_베이직110GB,2025-06-16,True,51750,good
CUS002218,61,GENERAL,S3_데이터헤비형,M,1693_베이직7GB,2025-11-20,True,33750,shortage
CUS002219,42,GENERAL,S6_업무헤비형,M,1567_요고 55,2024-11-06,True,41250,good
CUS002220,41,GENERAL,S2_일반균형형,F,1694_베이직 21GB(이월),2023-12-04,True,43500,good
CUS002221,47,GENERAL,S3_데이터헤비형,M,NA00009814,2026-03-03,True,96750,over
CUS002222,61,GENERAL,S2_일반균형형,F,33845,2026-04-08,True,13200,good
CUS002223,50,GENERAL,S2_일반균형형,F,29787,2024-07-14,False,24700,shortage
CUS002224,40,GENERAL,S5_통화집중균형형,F,1681_초이스130_가전구독,2024-05-27,True,97500,over
CUS002225,52,GENERAL,S6_업무헤비형,F,36827,2025-10-28,True,47700,good
CUS002226,55,GENERAL,S3_데이터헤비형,F,1681_초이스90_디즈니+,2026-05-11,True,67500,over
CUS002227,55,GENERAL,S2_일반균형형,F,NA00009806,2026-03-27,True,89250,over
CUS002228,55,GENERAL,S5_통화집중균형형,M,33129,2024-03-17,True,3900,good
CUS002229,48,GENERAL,S3_데이터헤비형,F,Z202605253,2025-01-05,True,52500,good
CUS002230,38,GENERAL,S3_데이터헤비형,F,36247,2026-01-11,True,22000,good
CUS002231,45,GENERAL,S3_데이터헤비형,F,15408,2026-04-07,False,55000,over
CUS002232,44,GENERAL,S1_저사용절약형,M,35475,2026-01-26,True,5900,good
CUS002233,35,GENERAL,S1_저사용절약형,M,30942,2025-09-05,False,21560,good
CUS002234,51,GENERAL,S6_업무헤비형,F,15408,2025-12-26,False,55000,over
CUS002235,60,GENERAL,S6_업무헤비형,M,32019,2025-07-26,True,45100,good
CUS002236,43,GENERAL,S5_통화집중균형형,F,1567_요고 42,2024-07-17,True,31500,good
CUS002237,38,GENERAL,S1_저사용절약형,M,NA00005479,2026-02-08,True,20872,shortage
CUS002238,39,GENERAL,S2_일반균형형,F,37138,2026-05-28,False,13400,good
CUS002239,62,GENERAL,S6_업무헤비형,M,Z202605253,2025-12-19,True,52500,good
CUS002240,56,GENERAL,S2_일반균형형,F,13525,2024-10-25,True,50500,over
CUS002241,35,GENERAL,S6_업무헤비형,M,36867,2026-04-20,True,18700,shortage
CUS002242,56,GENERAL,S6_업무헤비형,F,36251,2025-01-17,True,31000,good
CUS002243,47,GENERAL,S5_통화집중균형형,F,28448,2025-11-08,False,26900,good
CUS002244,35,GENERAL,S5_통화집중균형형,M,34303,2025-05-13,True,2900,good
CUS002245,63,GENERAL,S4_통화집중저데이터형,F,1693_베이직7GB,2025-05-02,True,33750,good
CUS002246,38,GENERAL,S5_통화집중균형형,M,29316,2024-10-01,False,7900,shortage
CUS002247,35,GENERAL,S2_일반균형형,M,Z202605257,2024-05-23,True,45750,good
CUS002248,38,GENERAL,S5_통화집중균형형,M,1567_요고 42,2026-01-15,True,31500,good
CUS002249,50,GENERAL,S5_통화집중균형형,F,29085,2024-09-26,True,25400,good
CUS002250,58,GENERAL,S2_일반균형형,M,Z202605258,2026-03-30,True,44250,good
CUS002251,61,GENERAL,S3_데이터헤비형,M,30849,2025-06-09,True,16000,shortage
CUS002252,54,GENERAL,S1_저사용절약형,M,24716,2025-10-17,False,15400,good
CUS002253,43,GENERAL,S5_통화집중균형형,M,27295,2026-05-01,False,4510,shortage
CUS002254,64,GENERAL,S1_저사용절약형,F,18985,2024-10-21,True,110,shortage
CUS002255,48,GENERAL,S6_업무헤비형,F,36990,2024-03-24,True,22800,good
CUS002256,37,GENERAL,S4_통화집중저데이터형,F,31865,2025-03-05,True,15900,over
CUS002257,42,GENERAL,S3_데이터헤비형,M,Z202605252,2025-03-06,True,56250,good
CUS002258,58,GENERAL,S2_일반균형형,F,Z202605257,2026-05-12,True,45750,good
CUS002259,41,GENERAL,S3_데이터헤비형,F,36219,2024-11-23,False,28500,good
CUS002260,61,GENERAL,S4_통화집중저데이터형,F,1567_요고 30,2026-02-11,True,22500,good
CUS002261,51,GENERAL,S5_통화집중균형형,F,1567_요고 42,2025-08-03,True,31500,good
CUS002262,44,GENERAL,S6_업무헤비형,F,Z202605253,2025-06-29,True,52500,good
CUS002263,39,GENERAL,S2_일반균형형,M,NA00009785,2026-03-30,True,44250,good
CUS002264,53,GENERAL,S4_통화집중저데이터형,M,Z202205251_구글원+보상패스,2025-09-09,True,86250,over
CUS002265,63,GENERAL,S6_업무헤비형,M,1567_요고 55,2024-02-09,True,41250,good
CUS002266,45,GENERAL,S2_일반균형형,F,36734,2024-01-24,True,10,good
CUS002267,56,GENERAL,S6_업무헤비형,M,31822,2025-01-25,False,25300,shortage
CUS002268,64,GENERAL,S6_업무헤비형,M,29026,2024-11-05,False,10800,shortage
CUS002269,42,GENERAL,S6_업무헤비형,M,Z202605253,2025-05-07,True,52500,good
CUS002270,52,GENERAL,S4_통화집중저데이터형,M,Z202606000,2025-11-13,True,35250,good
CUS002271,45,GENERAL,S1_저사용절약형,M,36758,2025-07-01,True,330,good
CUS002272,45,GENERAL,S4_통화집중저데이터형,M,18585,2025-07-12,False,18500,good
CUS002273,55,GENERAL,S1_저사용절약형,F,35490,2024-10-04,True,41030,over
CUS002274,63,GENERAL,S3_데이터헤비형,M,NA00009789,2026-05-28,True,51000,good
CUS002275,42,GENERAL,S3_데이터헤비형,M,36173,2024-09-29,True,23000,good
CUS002276,40,GENERAL,S2_일반균형형,M,Z202605260,2025-01-08,True,27750,shortage
CUS002277,57,GENERAL,S1_저사용절약형,F,1692_초이스 더블 디즈니플러스+폰케어_쇼핑라운지할인쿠폰(5천원권),2026-05-09,True,90000,over
CUS002278,47,GENERAL,S1_저사용절약형,F,NA00009781,2026-01-20,True,29250,good
CUS002279,50,GENERAL,S6_업무헤비형,F,Z202605253,2024-02-19,True,52500,good
CUS002280,48,GENERAL,S6_업무헤비형,M,NA00009784,2023-11-08,True,41250,shortage
CUS002281,40,GENERAL,S6_업무헤비형,M,15408,2025-11-17,False,55000,over
CUS002282,57,GENERAL,S2_일반균형형,M,17599,2024-02-28,False,28600,good
CUS002283,38,GENERAL,S2_일반균형형,F,29784,2025-07-27,False,23100,good
CUS002284,49,GENERAL,S3_데이터헤비형,M,35508,2024-04-03,True,30900,good
CUS002285,44,GENERAL,S5_통화집중균형형,M,1693_베이직30GB,2024-04-24,True,45750,good
CUS002286,47,GENERAL,S5_통화집중균형형,F,NA00009809,2024-12-31,True,89250,over
CUS002287,62,GENERAL,S5_통화집중균형형,F,Z202205252_구글원,2023-10-03,True,78750,over
CUS002288,64,GENERAL,S2_일반균형형,M,NA00009783,2023-10-29,True,36750,shortage
CUS002289,47,GENERAL,S3_데이터헤비형,M,36779,2026-05-20,True,24640,good
CUS002290,40,GENERAL,S6_업무헤비형,M,15408,2026-04-16,False,55000,over
CUS002291,57,GENERAL,S6_업무헤비형,F,15408,2025-06-01,False,55000,over
CUS002292,64,GENERAL,S2_일반균형형,M,17624,2024-03-10,True,38000,good
CUS002293,45,GENERAL,S6_업무헤비형,F,Z202605253,2024-06-19,True,52500,good
CUS002294,53,GENERAL,S1_저사용절약형,F,35505,2025-10-12,True,30900,over
CUS002295,55,GENERAL,S2_일반균형형,F,NA00009784,2023-12-21,True,41250,shortage
CUS002296,44,GENERAL,S2_일반균형형,M,1694_베이직 21GB(이월),2025-04-28,True,43500,good
CUS002297,49,GENERAL,S6_업무헤비형,F,1693_베이직90GB,2025-03-05,True,50250,shortage
CUS002298,45,GENERAL,S6_업무헤비형,F,Z202605253,2024-09-19,True,52500,good
CUS002299,45,GENERAL,S2_일반균형형,M,1692_초이스 더블 유튜브 프리미엄+넷플릭스_쇼핑라운지할인쿠폰(5천원권),2024-07-28,True,90000,over
CUS002300,38,GENERAL,S3_데이터헤비형,F,33082,2024-07-18,False,42200,good
CUS002301,36,GENERAL,S3_데이터헤비형,F,Z202205251_마니아디바이스,2025-08-12,True,86250,over
CUS002302,44,GENERAL,S2_일반균형형,M,1567_요고 40,2025-10-08,True,30000,good
CUS002303,46,GENERAL,S2_일반균형형,F,6803,2024-04-12,True,0,shortage
CUS002304,51,GENERAL,S5_통화집중균형형,M,NA00009783,2024-06-24,True,36750,shortage
CUS002305,58,GENERAL,S6_업무헤비형,F,35825,2026-06-23,True,38060,good
CUS002306,61,GENERAL,S1_저사용절약형,F,1693_베이직7GB,2025-05-10,True,33750,good
CUS002307,60,GENERAL,S1_저사용절약형,M,9628,2025-03-25,False,14300,good
CUS002308,58,GENERAL,S4_통화집중저데이터형,F,17966,2024-03-15,False,6600,shortage
CUS002309,41,GENERAL,S3_데이터헤비형,M,1681_초이스90_티빙/지니/밀리,2024-10-11,True,67500,over
CUS002310,59,GENERAL,S6_업무헤비형,M,36688,2023-09-26,False,29600,good
CUS002311,55,GENERAL,S6_업무헤비형,F,Z202605252,2024-11-27,True,56250,good
CUS002312,37,GENERAL,S1_저사용절약형,F,25297,2025-01-07,True,5500,good
CUS002313,35,GENERAL,S1_저사용절약형,F,36699,2024-12-30,True,220,shortage
CUS002314,50,GENERAL,S1_저사용절약형,M,NA00005479,2026-05-10,True,20872,shortage
CUS002315,42,GENERAL,S3_데이터헤비형,F,1693_베이직600MB,2024-08-31,True,21675,shortage
CUS002316,62,GENERAL,S1_저사용절약형,M,Z202205252_넷플릭스,2024-08-31,True,78750,over
CUS002317,58,GENERAL,S4_통화집중저데이터형,F,NA00009781,2025-10-08,True,29250,good
CUS002318,46,GENERAL,S6_업무헤비형,F,36606,2023-10-24,True,22990,good
CUS002319,54,GENERAL,S2_일반균형형,F,35528,2023-11-01,True,9900,shortage
CUS002320,43,GENERAL,S4_통화집중저데이터형,M,Z202606000,2025-05-08,True,35250,good
CUS002321,55,GENERAL,S3_데이터헤비형,F,33960,2024-05-08,True,22000,good
CUS002322,41,GENERAL,S6_업무헤비형,F,Z202205252_티빙,2025-01-01,True,78750,over
CUS002323,59,GENERAL,S2_일반균형형,F,1693_베이직10GB,2024-12-02,True,37500,shortage
CUS002324,42,GENERAL,S6_업무헤비형,F,Z202605252,2023-10-26,True,56250,good
CUS002325,39,GENERAL,S6_업무헤비형,M,Z202605253,2024-03-07,True,52500,good
CUS002326,58,GENERAL,S2_일반균형형,M,29953,2024-09-11,False,23100,shortage
CUS002327,62,GENERAL,S3_데이터헤비형,M,10391,2024-04-20,True,6950,shortage
CUS002328,39,GENERAL,S2_일반균형형,M,Z202205252_넷플릭스,2024-09-04,True,78750,over
CUS002329,58,GENERAL,S5_통화집중균형형,M,1693_베이직30GB,2025-06-14,True,45750,good
CUS002330,54,GENERAL,S4_통화집중저데이터형,F,1693_베이직4GB,2026-04-11,True,27750,shortage
CUS002331,49,GENERAL,S2_일반균형형,M,1693_베이직21GB,2024-10-20,True,43500,good
CUS002332,61,GENERAL,S2_일반균형형,F,11076,2026-06-06,True,4400,shortage
CUS002333,40,GENERAL,S2_일반균형형,F,29084,2025-06-10,False,19900,good
CUS002334,52,GENERAL,S4_통화집중저데이터형,M,NA00009781,2026-06-01,True,29250,good
CUS002335,57,GENERAL,S6_업무헤비형,M,15408,2025-01-14,False,55000,over
CUS002336,64,GENERAL,S5_통화집중균형형,M,1567_요고 44,2024-10-03,True,33000,good
CUS002337,52,GENERAL,S2_일반균형형,M,34917,2025-07-14,True,15400,good
CUS002338,60,GENERAL,S3_데이터헤비형,F,36675,2024-11-20,True,27610,good
CUS002339,41,GENERAL,S4_통화집중저데이터형,M,Z202605260,2026-02-02,True,27750,shortage
CUS002340,64,GENERAL,S6_업무헤비형,M,Z202605253,2025-05-23,True,52500,good
CUS002341,56,GENERAL,S5_통화집중균형형,F,37116,2025-03-12,True,20000,over
CUS002342,55,GENERAL,S3_데이터헤비형,M,18588,2024-04-10,False,41700,good
CUS002343,35,GENERAL,S2_일반균형형,F,1681_초이스90_유튜브프리미엄,2025-01-18,True,67500,over
CUS002344,45,GENERAL,S3_데이터헤비형,F,15408,2024-01-09,False,55000,over
CUS002345,38,GENERAL,S6_업무헤비형,F,Z202605253,2025-08-19,True,52500,good
CUS002346,47,GENERAL,S2_일반균형형,M,22816,2024-10-11,False,40000,good
CUS002347,40,GENERAL,S6_업무헤비형,F,26287,2025-05-02,False,42100,good
CUS002348,44,GENERAL,S3_데이터헤비형,F,36295,2023-09-28,False,53000,good
CUS002349,36,GENERAL,S3_데이터헤비형,M,24033,2025-07-02,True,23320,good
CUS002350,58,GENERAL,S5_통화집중균형형,M,1567_요고 38,2024-09-19,True,28500,good
CUS002351,56,GENERAL,S6_업무헤비형,F,Z202605257,2026-01-09,True,45750,shortage
CUS002352,50,GENERAL,S1_저사용절약형,M,16037,2025-10-23,False,9900,good
CUS002353,47,GENERAL,S1_저사용절약형,F,6835,2025-02-20,True,1300,shortage
CUS002354,38,GENERAL,S6_업무헤비형,M,1681_초이스130_디바이스,2024-11-18,True,97500,over
CUS002355,41,GENERAL,S6_업무헤비형,F,15408,2024-02-07,False,55000,over
CUS002356,45,GENERAL,S5_통화집중균형형,M,33845,2023-08-27,True,13200,good
CUS002357,43,GENERAL,S3_데이터헤비형,F,34881,2026-01-25,True,29090,good
CUS002358,44,GENERAL,S6_업무헤비형,F,35534,2024-09-20,True,29700,good
CUS002359,52,GENERAL,S5_통화집중균형형,M,18587,2025-07-06,False,41700,over
CUS002360,43,GENERAL,S4_통화집중저데이터형,F,1567_요고 30,2026-04-23,True,22500,good
CUS002361,39,GENERAL,S6_업무헤비형,F,1567_요고 55,2024-05-03,True,41250,good
CUS002362,35,GENERAL,S2_일반균형형,F,1567_요고 40,2025-07-11,True,30000,good
CUS002363,54,GENERAL,S2_일반균형형,F,NA00009785,2025-07-07,True,44250,good
CUS002364,45,GENERAL,S6_업무헤비형,M,Z202605253,2024-11-05,True,52500,good
CUS002365,55,GENERAL,S5_통화집중균형형,M,NA00009782,2025-07-31,True,33750,shortage
CUS002366,58,GENERAL,S2_일반균형형,F,33627,2024-08-19,False,19100,shortage
CUS002367,40,GENERAL,S5_통화집중균형형,F,31028,2025-07-12,False,21900,good
CUS002368,39,GENERAL,S2_일반균형형,F,34890,2024-06-27,False,8800,good
CUS002369,57,GENERAL,S5_통화집중균형형,F,34348,2025-01-06,True,10,shortage
CUS002370,40,GENERAL,S6_업무헤비형,M,13525,2023-10-29,True,50500,good
CUS002371,64,GENERAL,S3_데이터헤비형,F,36245,2025-10-28,True,18700,shortage
CUS002372,36,GENERAL,S3_데이터헤비형,M,35504,2024-04-02,True,30900,good
CUS002373,54,GENERAL,S5_통화집중균형형,F,1567_요고 38,2025-12-26,True,28500,good
CUS002374,42,GENERAL,S1_저사용절약형,M,Z202605260,2024-11-02,True,27750,good
CUS002375,48,GENERAL,S2_일반균형형,M,29791,2023-11-08,False,20900,good
CUS002376,54,GENERAL,S1_저사용절약형,F,33911,2024-09-05,True,22000,over
CUS002377,51,GENERAL,S3_데이터헤비형,M,30863,2025-01-12,False,3850,shortage
CUS002378,40,GENERAL,S1_저사용절약형,F,1693_베이직7GB,2025-06-13,True,33750,good
CUS002379,61,GENERAL,S2_일반균형형,M,1567_요고 40,2024-12-08,True,30000,good
CUS002380,53,GENERAL,S4_통화집중저데이터형,F,27842,2024-02-06,True,14000,over
CUS002381,59,GENERAL,S3_데이터헤비형,F,32354,2024-04-02,True,15900,good
CUS002382,40,GENERAL,S2_일반균형형,M,NA00009784,2024-07-12,True,41250,shortage
CUS002383,35,GENERAL,S4_통화집중저데이터형,M,1693_베이직1.4GB,2026-05-25,True,24750,shortage
CUS002384,36,GENERAL,S5_통화집중균형형,F,26288,2024-10-21,False,47300,over
CUS002385,63,GENERAL,S2_일반균형형,M,Z202205252_우리집돌봄이Kids,2026-03-14,True,78750,over
CUS002386,58,GENERAL,S1_저사용절약형,F,35322,2024-10-14,True,11000,good
CUS002387,58,GENERAL,S1_저사용절약형,F,NA00009781,2025-10-09,True,29250,good
CUS002388,46,GENERAL,S6_업무헤비형,M,Z202605252,2025-03-12,True,56250,good
CUS002389,43,GENERAL,S2_일반균형형,M,33872,2024-03-03,True,18040,shortage
CUS002390,47,GENERAL,S5_통화집중균형형,M,33532,2023-11-11,True,28050,over
CUS002391,43,GENERAL,S6_업무헤비형,F,19641,2024-08-03,False,20900,shortage
CUS002392,64,GENERAL,S3_데이터헤비형,F,33866,2024-05-27,True,18700,shortage
CUS002393,57,GENERAL,S2_일반균형형,F,1567_요고 38,2024-05-10,True,28500,good
CUS002394,56,GENERAL,S6_업무헤비형,M,33538,2026-02-08,True,38060,good
CUS002395,54,GENERAL,S6_업무헤비형,F,15408,2024-01-05,False,55000,over
CUS002396,49,GENERAL,S5_통화집중균형형,M,23373,2025-06-10,True,29000,good
CUS002397,47,GENERAL,S2_일반균형형,M,20325,2024-03-15,True,9900,good
CUS002398,52,GENERAL,S3_데이터헤비형,M,34357,2025-07-12,True,21500,good
CUS002399,48,GENERAL,S6_업무헤비형,M,33878,2026-03-23,True,25300,shortage
CUS002400,40,GENERAL,S2_일반균형형,F,18774,2026-06-10,True,36500,good
CUS002401,58,GENERAL,S2_일반균형형,M,1694_베이직 14GB(이월),2023-12-01,True,41250,shortage
CUS002402,61,GENERAL,S2_일반균형형,F,35470,2024-08-23,False,16400,good
CUS002403,36,GENERAL,S2_일반균형형,M,1694_베이직 21GB(이월),2023-09-08,True,43500,good
CUS002404,58,GENERAL,S6_업무헤비형,M,37113,2024-10-16,True,44700,good
CUS002405,36,GENERAL,S2_일반균형형,M,1693_베이직21GB,2025-01-22,True,43500,good
CUS002406,53,GENERAL,S5_통화집중균형형,F,33866,2025-01-25,True,18700,good
CUS002407,55,GENERAL,S2_일반균형형,M,34916,2023-11-13,True,11000,good
CUS002408,46,GENERAL,S5_통화집중균형형,M,33845,2023-12-12,True,13200,good
CUS002409,43,GENERAL,S2_일반균형형,F,Z202605258,2025-05-11,True,44250,good
CUS002410,37,GENERAL,S3_데이터헤비형,F,29960,2024-05-07,True,23100,good
CUS002411,51,GENERAL,S3_데이터헤비형,F,1692_초이스 더블 유튜브 프리미엄+디바이스_모아진,2026-05-17,True,90000,over
CUS002412,50,GENERAL,S2_일반균형형,M,1567_요고 36,2024-10-11,True,27000,good
CUS002413,58,GENERAL,S5_통화집중균형형,M,27842,2025-11-17,True,14000,over
CUS002414,51,GENERAL,S4_통화집중저데이터형,F,1694_베이직 4GB(이월),2025-04-11,True,27750,shortage
CUS002415,39,GENERAL,S2_일반균형형,F,37141,2025-08-29,False,18400,good
CUS002416,56,GENERAL,S4_통화집중저데이터형,F,Z202205251_우리집지킴이도어캠,2024-12-01,True,86250,over
CUS002417,44,GENERAL,S2_일반균형형,M,13784,2024-05-10,False,10900,shortage
CUS002418,53,GENERAL,S5_통화집중균형형,M,26322,2025-11-24,True,34320,good
CUS002419,40,GENERAL,S6_업무헤비형,F,30875,2024-04-21,True,29900,good
CUS002420,63,GENERAL,S4_통화집중저데이터형,F,1694_베이직 4GB(이월),2025-11-11,True,27750,shortage
CUS002421,46,GENERAL,S2_일반균형형,F,Z202605257,2024-08-03,True,45750,good
CUS002422,36,GENERAL,S5_통화집중균형형,M,37142,2025-01-13,False,20400,good
CUS002423,60,GENERAL,S4_통화집중저데이터형,F,26796,2025-09-21,True,10,good
CUS002424,40,GENERAL,S3_데이터헤비형,M,15408,2026-02-22,False,55000,over
CUS002425,44,GENERAL,S5_통화집중균형형,F,35831,2024-09-13,True,12900,shortage
CUS002426,39,GENERAL,S1_저사용절약형,F,13520,2025-10-28,True,19500,good
CUS002427,43,GENERAL,S3_데이터헤비형,F,36602,2025-05-24,True,26400,good
CUS002428,38,GENERAL,S6_업무헤비형,F,31432,2025-04-15,True,33000,good
CUS002429,47,GENERAL,S5_통화집중균형형,M,35513,2024-07-02,True,10,shortage
CUS002430,38,GENERAL,S2_일반균형형,F,1693_베이직21GB,2025-04-10,True,43500,good
CUS002431,57,GENERAL,S2_일반균형형,M,37136,2025-05-29,False,16400,good
CUS002432,56,GENERAL,S1_저사용절약형,M,NA00009781,2024-06-13,True,29250,good
CUS002433,40,GENERAL,S6_업무헤비형,M,15408,2023-09-01,False,55000,over
CUS002434,39,GENERAL,S1_저사용절약형,M,36927,2026-04-15,True,14000,good
CUS002435,49,GENERAL,S6_업무헤비형,M,36251,2024-06-01,True,31000,good
CUS002436,47,GENERAL,S6_업무헤비형,F,8217,2024-11-11,True,49800,good
CUS002437,62,GENERAL,S2_일반균형형,M,Z202605257,2026-03-17,True,45750,good
CUS002438,56,GENERAL,S2_일반균형형,F,34363,2025-03-22,False,22000,good
CUS002439,39,GENERAL,S4_통화집중저데이터형,F,12572,2025-08-28,False,22000,good
CUS002440,36,GENERAL,S2_일반균형형,F,25273,2026-06-17,False,39600,good
CUS002441,62,GENERAL,S5_통화집중균형형,M,1567_요고 44,2026-03-07,True,33000,good
CUS002442,59,GENERAL,S2_일반균형형,F,29742,2024-04-18,False,44550,good
CUS002443,36,GENERAL,S4_통화집중저데이터형,M,31334,2025-05-03,True,14900,good
CUS002444,36,GENERAL,S2_일반균형형,F,Z202605257,2026-03-14,True,45750,good
CUS002445,54,GENERAL,S5_통화집중균형형,M,33856,2026-02-06,True,15400,good
CUS002446,49,GENERAL,S2_일반균형형,M,1693_베이직1.4GB,2025-09-04,True,24750,shortage
CUS002447,52,GENERAL,S3_데이터헤비형,M,1693_베이직110GB,2024-11-26,True,51750,good
CUS002448,55,GENERAL,S4_통화집중저데이터형,F,29316,2025-10-06,False,7900,over
CUS002449,45,GENERAL,S6_업무헤비형,M,36729,2026-05-27,True,110,shortage
CUS002450,35,GENERAL,S2_일반균형형,M,1694_베이직 7GB(이월),2025-03-14,True,33750,shortage
CUS002451,36,GENERAL,S6_업무헤비형,M,33964,2024-04-21,True,29700,good
CUS002452,49,GENERAL,S6_업무헤비형,F,27678,2025-07-13,True,11900,shortage
CUS002453,39,GENERAL,S5_통화집중균형형,M,1567_요고 38,2025-02-20,True,28500,good
CUS002454,56,GENERAL,S6_업무헤비형,F,36250,2024-06-29,True,38060,good
CUS002455,53,GENERAL,S1_저사용절약형,F,27452,2025-06-29,True,20000,over
CUS002456,56,GENERAL,S6_업무헤비형,M,31461,2024-11-29,False,36300,shortage
CUS002457,37,GENERAL,S6_업무헤비형,F,36250,2025-07-29,True,38060,good
CUS002458,50,GENERAL,S4_통화집중저데이터형,M,NA00009781,2024-01-03,True,29250,good
CUS002459,61,GENERAL,S1_저사용절약형,F,Z202205251_넷플릭스,2024-04-21,True,86250,over
CUS002460,60,GENERAL,S2_일반균형형,M,36971,2024-09-30,False,19900,good
CUS002461,53,GENERAL,S2_일반균형형,F,37098,2025-12-25,True,100,good
CUS002462,56,GENERAL,S1_저사용절약형,M,1681_초이스110_넷플릭스,2025-01-27,True,82500,over
CUS002463,62,GENERAL,S2_일반균형형,F,29021,2025-07-12,True,7800,good
CUS002464,55,GENERAL,S4_통화집중저데이터형,F,11719,2024-01-14,True,15100,good
CUS002465,55,GENERAL,S2_일반균형형,F,33866,2025-09-02,True,18700,good
CUS002466,39,GENERAL,S6_업무헤비형,F,NA00005479,2026-04-02,True,20872,shortage
CUS002467,51,GENERAL,S5_통화집중균형형,F,29081,2025-02-03,True,18800,shortage
CUS002468,62,GENERAL,S2_일반균형형,M,1693_베이직30GB,2024-09-18,True,45750,good
CUS002469,64,GENERAL,S3_데이터헤비형,M,37158,2023-08-28,True,22550,good
CUS002470,35,GENERAL,S5_통화집중균형형,M,Z202205252_AI구독,2024-01-16,True,78750,over
CUS002471,44,GENERAL,S3_데이터헤비형,F,36253,2026-01-10,True,23500,good
CUS002472,57,GENERAL,S3_데이터헤비형,M,36167,2025-06-01,True,23000,good
CUS002473,35,GENERAL,S3_데이터헤비형,F,1693_베이직110GB,2025-12-19,True,51750,good
CUS002474,59,GENERAL,S2_일반균형형,F,13988,2025-09-04,False,18700,good
CUS002475,45,GENERAL,S2_일반균형형,M,NA00009785,2026-02-03,True,44250,good
CUS002476,61,GENERAL,S5_통화집중균형형,F,13983,2024-01-11,True,33000,good
CUS002477,51,GENERAL,S6_업무헤비형,M,26312,2023-10-16,True,15000,good
CUS002478,48,GENERAL,S6_업무헤비형,F,1681_초이스130_티빙/지니/밀리,2024-02-10,True,97500,over
CUS002479,40,GENERAL,S5_통화집중균형형,F,1567_요고 40,2025-02-24,True,30000,good
CUS002480,35,GENERAL,S6_업무헤비형,F,23170,2025-08-16,True,29000,good
CUS002481,35,GENERAL,S5_통화집중균형형,F,31865,2025-06-27,True,15900,over
CUS002482,58,GENERAL,S4_통화집중저데이터형,M,1681_초이스110_가전구독,2024-05-04,True,82500,over
CUS002483,56,GENERAL,S1_저사용절약형,M,1693_베이직7GB,2025-12-24,True,33750,good
CUS002484,51,GENERAL,S6_업무헤비형,M,Z202605258,2026-06-10,True,44250,shortage
CUS002485,36,GENERAL,S2_일반균형형,M,34363,2025-06-15,False,22000,good
CUS002486,42,GENERAL,S6_업무헤비형,F,33538,2025-06-28,True,38060,good
CUS002487,44,GENERAL,S1_저사용절약형,M,Z202605260,2026-06-30,True,27750,good
CUS002488,51,GENERAL,S1_저사용절약형,F,8169,2026-05-11,False,7920,shortage
CUS002489,44,GENERAL,S3_데이터헤비형,F,36717,2024-12-16,True,17900,shortage
CUS002490,63,GENERAL,S5_통화집중균형형,F,27423,2026-03-27,True,21900,shortage
CUS002491,56,GENERAL,S6_업무헤비형,F,15408,2023-11-17,False,55000,over
CUS002492,62,GENERAL,S1_저사용절약형,M,31425,2025-08-29,True,9900,good
CUS002493,43,GENERAL,S3_데이터헤비형,F,Z202605253,2026-06-04,True,52500,good
CUS002494,54,GENERAL,S6_업무헤비형,M,36263,2025-10-04,True,23000,good
CUS002495,60,GENERAL,S2_일반균형형,F,25304,2025-01-21,True,90,shortage
CUS002496,37,GENERAL,S1_저사용절약형,M,36830,2024-02-01,True,8800,good
CUS002497,54,GENERAL,S3_데이터헤비형,M,Z202605253,2026-01-14,True,52500,good
CUS002498,55,GENERAL,S5_통화집중균형형,M,14984,2025-09-15,False,29900,good
CUS002499,60,GENERAL,S5_통화집중균형형,M,33866,2023-12-28,True,18700,good
CUS002500,41,GENERAL,S3_데이터헤비형,F,36163,2024-03-08,True,15900,good
CUS002501,45,GENERAL,S2_일반균형형,M,NA00009789,2024-04-08,True,51000,over
CUS002502,43,GENERAL,S2_일반균형형,F,1693_베이직21GB,2024-05-26,True,43500,good
CUS002503,41,GENERAL,S2_일반균형형,M,1567_요고 40,2024-07-11,True,30000,good
CUS002504,54,GENERAL,S4_통화집중저데이터형,F,35373,2024-01-13,False,2900,good
CUS002505,54,GENERAL,S1_저사용절약형,F,36297,2024-08-17,True,14740,good
CUS002506,40,GENERAL,S3_데이터헤비형,F,33082,2026-07-04,False,42200,good
CUS002507,42,GENERAL,S3_데이터헤비형,M,30994,2023-11-12,False,1900,shortage
CUS002508,48,GENERAL,S3_데이터헤비형,M,Z202605254,2024-05-23,True,51000,good
CUS002509,37,GENERAL,S2_일반균형형,F,14983,2026-05-17,False,25900,good
CUS002510,56,GENERAL,S4_통화집중저데이터형,F,29866,2026-06-30,False,6900,shortage
CUS002511,41,GENERAL,S2_일반균형형,F,35418,2024-05-11,True,2900,good
CUS002512,50,GENERAL,S2_일반균형형,F,Z202605258,2025-05-10,True,44250,good
CUS002513,51,GENERAL,S6_업무헤비형,M,1693_베이직110GB,2026-01-25,True,51750,shortage
CUS002514,56,GENERAL,S1_저사용절약형,F,19692,2025-12-27,False,2200,good
CUS002515,51,GENERAL,S3_데이터헤비형,M,13907,2023-10-07,True,33000,good
CUS002516,43,GENERAL,S4_통화집중저데이터형,M,34906,2025-07-31,False,2900,shortage
CUS002517,51,GENERAL,S1_저사용절약형,M,6828,2024-04-30,True,9500,good
CUS002518,60,GENERAL,S2_일반균형형,M,1567_요고 40,2024-12-21,True,30000,good
CUS002519,46,GENERAL,S5_통화집중균형형,F,31431,2025-05-01,True,19800,over
CUS002520,37,GENERAL,S2_일반균형형,M,36809,2025-09-25,False,15000,good
CUS002521,45,GENERAL,S5_통화집중균형형,M,32356,2025-12-11,True,9900,good
CUS002522,47,GENERAL,S3_데이터헤비형,F,31929,2024-07-21,True,9900,good
CUS002523,62,GENERAL,S5_통화집중균형형,F,1567_요고 34,2025-05-09,True,25500,shortage
CUS002524,47,GENERAL,S6_업무헤비형,M,Z202605253,2026-01-18,True,52500,good
CUS002525,40,GENERAL,S5_통화집중균형형,M,26837,2025-07-24,True,100,shortage
CUS002526,36,GENERAL,S3_데이터헤비형,F,37143,2024-08-31,False,12400,shortage
CUS002527,61,GENERAL,S6_업무헤비형,F,NA00006534,2024-05-11,True,24750,shortage
CUS002528,63,GENERAL,S3_데이터헤비형,F,36239,2024-05-21,True,18000,good
CUS002529,62,GENERAL,S6_업무헤비형,F,Z202605253,2024-05-03,True,52500,good
CUS002530,53,GENERAL,S6_업무헤비형,F,NA00009799,2024-07-17,True,74250,over
CUS002531,40,GENERAL,S2_일반균형형,M,33866,2024-03-22,True,18700,good
CUS002532,51,GENERAL,S3_데이터헤비형,F,NA00009812,2024-06-06,True,89250,over
CUS002533,58,GENERAL,S6_업무헤비형,F,15408,2024-05-29,False,55000,over
CUS002534,48,GENERAL,S2_일반균형형,M,NA00009784,2024-06-21,True,41250,shortage
CUS002535,54,GENERAL,S6_업무헤비형,F,Z202605253,2024-11-09,True,52500,good
CUS002536,55,GENERAL,S6_업무헤비형,F,36605,2024-08-27,True,22900,good
CUS002537,52,GENERAL,S2_일반균형형,F,1567_요고 38,2024-06-15,True,28500,good
CUS002538,53,GENERAL,S2_일반균형형,M,1693_베이직21GB,2025-12-05,True,43500,good
CUS002539,54,GENERAL,S2_일반균형형,M,36823,2026-07-02,True,36600,good
CUS002540,40,GENERAL,S5_통화집중균형형,F,28448,2025-12-02,False,26900,good
CUS002541,52,GENERAL,S4_통화집중저데이터형,M,35322,2024-06-16,True,11000,good
CUS002542,41,GENERAL,S5_통화집중균형형,M,1692_초이스 더블 디바이스_밀리의서재,2024-03-26,True,90000,over
CUS002543,50,GENERAL,S2_일반균형형,M,33868,2026-05-04,False,22000,good
CUS002544,47,GENERAL,S5_통화집중균형형,F,1693_베이직30GB,2024-08-03,True,45750,good
CUS002545,61,GENERAL,S1_저사용절약형,M,1694_베이직 7GB(이월),2026-02-26,True,33750,good
CUS002546,54,GENERAL,S2_일반균형형,M,NA00005479,2025-11-26,True,20872,shortage
CUS002547,62,GENERAL,S6_업무헤비형,F,Z202605252,2026-04-23,True,56250,good
CUS002548,41,GENERAL,S6_업무헤비형,F,36943,2026-04-27,True,29000,good
CUS002549,48,GENERAL,S5_통화집중균형형,F,33165,2025-11-22,True,21900,good
CUS002550,37,GENERAL,S2_일반균형형,F,1694_베이직 21GB(이월),2025-12-15,True,43500,good
CUS002551,49,GENERAL,S5_통화집중균형형,M,35804,2024-03-08,True,5000,good
CUS002552,35,GENERAL,S5_통화집중균형형,M,1567_요고 40,2024-02-24,True,30000,good
CUS002553,41,GENERAL,S1_저사용절약형,M,17287,2023-10-27,True,10,good
CUS002554,47,GENERAL,S5_통화집중균형형,F,Z202605261,2025-08-03,True,21750,shortage
CUS002555,52,GENERAL,S2_일반균형형,F,28100,2023-11-15,True,17000,shortage
CUS002556,54,GENERAL,S6_업무헤비형,F,1694_베이직 7GB(이월),2024-03-07,True,33750,shortage
CUS002557,61,GENERAL,S2_일반균형형,M,27851,2024-03-02,True,18000,over
CUS002558,55,GENERAL,S2_일반균형형,F,Z202605257,2025-10-14,True,45750,good
CUS002559,40,GENERAL,S4_통화집중저데이터형,F,1681_초이스130_티빙/지니/밀리,2026-04-01,True,97500,over
CUS002560,38,GENERAL,S2_일반균형형,F,1694_베이직 21GB(이월),2025-03-25,True,43500,good
CUS002561,51,GENERAL,S3_데이터헤비형,M,35840,2024-11-25,True,23000,good
CUS002562,38,GENERAL,S2_일반균형형,F,37139,2024-11-26,False,15400,good
CUS002563,39,GENERAL,S5_통화집중균형형,M,1567_요고 44,2024-04-18,True,33000,good
CUS002564,61,GENERAL,S1_저사용절약형,M,13984,2025-01-02,False,6600,shortage
CUS002565,46,GENERAL,S4_통화집중저데이터형,M,36851,2024-10-16,True,9900,good
CUS002566,49,GENERAL,S6_업무헤비형,F,35533,2025-10-22,True,29700,good
CUS002567,57,GENERAL,S3_데이터헤비형,F,1567_요고 49,2025-09-26,True,36750,good
CUS002568,56,GENERAL,S1_저사용절약형,F,29877,2025-09-29,False,3900,shortage
CUS002569,40,GENERAL,S2_일반균형형,M,NA00009781,2026-04-20,True,29250,shortage
CUS002570,43,GENERAL,S6_업무헤비형,F,12577,2024-11-24,False,53900,good
CUS002571,37,GENERAL,S1_저사용절약형,M,NA00009781,2024-12-13,True,29250,good
CUS002572,61,GENERAL,S6_업무헤비형,M,Z202605253,2025-07-09,True,52500,good
CUS002573,56,GENERAL,S1_저사용절약형,F,12280,2023-08-26,True,5500,shortage
CUS002574,48,GENERAL,S2_일반균형형,M,29785,2025-02-23,False,17900,good
CUS002575,57,GENERAL,S1_저사용절약형,M,NA00009781,2024-09-06,True,29250,good
CUS002576,48,GENERAL,S2_일반균형형,F,21263,2023-10-24,True,20020,over
CUS002577,35,GENERAL,S6_업무헤비형,F,Z202605252,2025-02-22,True,56250,good
CUS002578,50,GENERAL,S6_업무헤비형,F,1567_요고 40,2024-07-04,True,30000,shortage
CUS002579,40,GENERAL,S2_일반균형형,F,Z202605252,2025-09-29,True,56250,over
CUS002580,42,GENERAL,S1_저사용절약형,F,26888,2025-12-01,True,10,good
CUS002581,61,GENERAL,S2_일반균형형,F,Z202605261,2024-08-12,True,21750,shortage
CUS002582,37,GENERAL,S5_통화집중균형형,F,1567_요고 44,2024-12-19,True,33000,good
CUS002583,40,GENERAL,S1_저사용절약형,M,35494,2025-05-24,True,3300,good
CUS002584,60,GENERAL,S2_일반균형형,M,34336,2025-02-13,True,10,good
CUS002585,48,GENERAL,S2_일반균형형,F,36939,2026-05-01,True,27000,over
CUS002586,36,GENERAL,S2_일반균형형,F,13978,2024-04-26,False,19800,good
CUS002587,49,GENERAL,S2_일반균형형,F,Z202605260,2024-01-18,True,27750,shortage
CUS002588,48,GENERAL,S4_통화집중저데이터형,M,35518,2026-06-07,True,16000,good
CUS002589,35,GENERAL,S6_업무헤비형,F,35534,2026-03-04,True,29700,good
CUS002590,43,GENERAL,S5_통화집중균형형,F,NA00009786,2025-08-11,True,46499,good
CUS002591,41,GENERAL,S2_일반균형형,F,29081,2025-12-01,True,18800,good
CUS002592,35,GENERAL,S6_업무헤비형,F,1567_요고 32,2023-09-25,True,24000,shortage
CUS002593,38,GENERAL,S2_일반균형형,M,Z202205253_티빙,2025-03-28,True,97500,over
CUS002594,61,GENERAL,S1_저사용절약형,F,NA00009781,2025-01-11,True,29250,good
CUS002595,46,GENERAL,S3_데이터헤비형,M,15408,2024-11-10,False,55000,over
CUS002596,43,GENERAL,S2_일반균형형,M,Z202605260,2025-07-04,True,27750,shortage
CUS002597,55,GENERAL,S3_데이터헤비형,F,15408,2025-09-24,False,55000,over
CUS002598,52,GENERAL,S2_일반균형형,F,33163,2025-03-31,True,13900,good
CUS002599,63,GENERAL,S2_일반균형형,F,1567_요고 40,2025-11-14,True,30000,good
CUS002600,59,GENERAL,S2_일반균형형,F,1681_초이스90_가전구독,2024-05-11,True,67500,over
CUS002601,38,GENERAL,S5_통화집중균형형,M,26805,2023-12-20,True,10,shortage
CUS002602,54,GENERAL,S4_통화집중저데이터형,M,NA00009781,2024-07-01,True,29250,good
CUS002603,56,GENERAL,S3_데이터헤비형,F,15408,2026-04-30,False,55000,over
CUS002604,36,GENERAL,S1_저사용절약형,M,25282,2026-01-29,True,90,good
CUS002605,59,GENERAL,S2_일반균형형,F,Z202605262,2024-10-04,True,21000,shortage
CUS002606,46,GENERAL,S5_통화집중균형형,F,28448,2024-09-13,False,26900,good
CUS002607,41,GENERAL,S3_데이터헤비형,M,1567_요고 49,2025-12-17,True,36750,good
CUS002608,59,GENERAL,S3_데이터헤비형,F,26319,2024-02-04,True,30000,good
CUS002609,51,GENERAL,S3_데이터헤비형,F,35518,2025-02-13,True,16000,shortage
CUS002610,47,GENERAL,S4_통화집중저데이터형,F,33938,2024-04-30,True,6600,good
CUS002611,46,GENERAL,S3_데이터헤비형,M,15408,2025-07-26,False,55000,over
CUS002612,60,GENERAL,S2_일반균형형,M,13976,2024-09-03,True,15400,good
CUS002613,46,GENERAL,S6_업무헤비형,M,1693_베이직1.4GB,2024-10-13,True,24750,shortage
CUS002614,51,GENERAL,S1_저사용절약형,M,1693_베이직7GB,2025-12-06,True,33750,good
CUS002615,61,GENERAL,S1_저사용절약형,M,1694_베이직 7GB(이월),2023-11-01,True,33750,good
CUS002616,54,GENERAL,S5_통화집중균형형,M,6804,2024-02-05,True,0,shortage
CUS002617,54,GENERAL,S6_업무헤비형,F,15947,2023-12-27,True,30800,good
CUS002618,47,GENERAL,S6_업무헤비형,F,33627,2024-07-21,False,19100,shortage
CUS002619,45,GENERAL,S2_일반균형형,M,26178,2026-06-01,True,12100,good
CUS002620,53,GENERAL,S2_일반균형형,M,1694_베이직 21GB(이월),2024-02-01,True,43500,good
CUS002621,37,GENERAL,S2_일반균형형,F,13983,2024-12-14,True,33000,good
CUS002622,63,GENERAL,S1_저사용절약형,M,36170,2026-02-08,True,23000,over
CUS002623,40,GENERAL,S5_통화집중균형형,M,1567_요고 38,2023-10-17,True,28500,good
CUS002624,41,GENERAL,S6_업무헤비형,F,36978,2023-11-01,False,9400,shortage
CUS002625,62,GENERAL,S3_데이터헤비형,F,Z202605254,2024-05-06,True,51000,good
CUS002626,36,GENERAL,S5_통화집중균형형,F,1567_요고 40,2024-04-23,True,30000,good
CUS002627,43,GENERAL,S3_데이터헤비형,F,13524,2025-07-06,True,43100,good
CUS002628,50,GENERAL,S4_통화집중저데이터형,F,1567_요고 30,2024-12-23,True,22500,good
CUS002629,41,GENERAL,S1_저사용절약형,F,1694_베이직 7GB(이월),2026-06-27,True,33750,good
CUS002630,39,GENERAL,S5_통화집중균형형,F,23373,2025-07-16,True,29000,good
CUS002631,54,GENERAL,S3_데이터헤비형,M,1693_베이직110GB,2023-08-23,True,51750,good
CUS002632,50,GENERAL,S6_업무헤비형,M,15408,2026-03-17,False,55000,over
CUS002633,51,GENERAL,S5_통화집중균형형,F,1567_요고 44,2025-05-26,True,33000,good
CUS002634,62,GENERAL,S6_업무헤비형,M,Z202605257,2024-09-02,True,45750,shortage
CUS002635,51,GENERAL,S2_일반균형형,F,26360,2025-07-07,False,22100,shortage
CUS002636,50,GENERAL,S2_일반균형형,M,34303,2025-11-28,True,2900,good
CUS002637,43,GENERAL,S6_업무헤비형,F,36946,2025-12-24,True,50000,good
CUS002638,57,GENERAL,S3_데이터헤비형,F,1681_초이스130_티빙/지니/밀리,2026-01-27,True,97500,over
CUS002639,50,GENERAL,S2_일반균형형,M,31742,2025-05-13,True,500,shortage
CUS002640,54,GENERAL,S6_업무헤비형,M,30878,2025-03-28,True,40900,good
CUS002641,61,GENERAL,S1_저사용절약형,M,1694_베이직 7GB(이월),2024-02-16,True,33750,good
CUS002642,39,GENERAL,S2_일반균형형,M,36734,2025-08-20,True,10,good
CUS002643,49,GENERAL,S2_일반균형형,M,29081,2024-01-24,True,18800,good
CUS002644,49,GENERAL,S2_일반균형형,M,Z202605258,2025-06-28,True,44250,good
CUS002645,42,GENERAL,S6_업무헤비형,M,15408,2026-07-03,False,55000,over
CUS002646,55,GENERAL,S4_통화집중저데이터형,M,1694_베이직 7GB(이월),2024-04-28,True,33750,good
CUS002647,53,GENERAL,S6_업무헤비형,M,1692_초이스 더블 디바이스_밀리의서재,2024-05-30,True,90000,over
CUS002648,35,GENERAL,S3_데이터헤비형,M,15408,2025-06-27,False,55000,over
CUS002649,60,GENERAL,S1_저사용절약형,F,1681_초이스130_가전구독,2026-07-04,True,97500,over
CUS002650,51,GENERAL,S2_일반균형형,F,Z202605258,2025-05-19,True,44250,good
CUS002651,61,GENERAL,S4_통화집중저데이터형,F,11076,2025-07-01,True,4400,shortage
CUS002652,49,GENERAL,S3_데이터헤비형,F,15928,2023-10-25,True,28710,good
CUS002653,52,GENERAL,S5_통화집중균형형,M,29784,2024-08-02,False,23100,good
CUS002654,54,GENERAL,S2_일반균형형,F,33863,2024-09-04,True,17600,good
CUS002655,51,GENERAL,S2_일반균형형,F,27752,2024-12-02,True,27900,good
CUS002656,55,GENERAL,S5_통화집중균형형,M,17624,2026-03-11,True,38000,good
CUS002657,55,GENERAL,S2_일반균형형,F,1694_베이직 21GB(이월),2025-08-10,True,43500,good
CUS002658,64,GENERAL,S2_일반균형형,M,1681_초이스130_디바이스,2023-09-27,True,97500,over
CUS002659,41,GENERAL,S6_업무헤비형,F,NA00009789,2026-06-21,True,51000,shortage
CUS002660,47,GENERAL,S2_일반균형형,M,34917,2025-03-03,True,15400,good
CUS002661,55,GENERAL,S1_저사용절약형,F,35906,2026-01-12,True,14000,good
CUS002662,41,GENERAL,S2_일반균형형,F,Z202605257,2024-09-08,True,45750,good
CUS002663,48,GENERAL,S3_데이터헤비형,F,36692,2024-09-19,True,13900,good
CUS002664,61,GENERAL,S2_일반균형형,F,16269,2024-12-25,False,49200,over
CUS002665,64,GENERAL,S2_일반균형형,M,37135,2026-07-01,False,14400,good
CUS002666,64,GENERAL,S2_일반균형형,M,20018,2023-11-28,False,39160,shortage
CUS002667,64,GENERAL,S4_통화집중저데이터형,M,36905,2024-12-31,True,3500,shortage
CUS002668,54,GENERAL,S2_일반균형형,M,Z202605257,2025-04-04,True,45750,good
CUS002669,41,GENERAL,S4_통화집중저데이터형,F,10699,2023-12-09,False,7700,shortage
CUS002670,63,GENERAL,S6_업무헤비형,F,36605,2023-10-18,True,22900,good
CUS002671,40,GENERAL,S2_일반균형형,M,1567_요고 38,2024-07-19,True,28500,good
CUS002672,35,GENERAL,S6_업무헤비형,F,Z202605253,2025-07-31,True,52500,good
CUS002673,44,GENERAL,S6_업무헤비형,M,Z202605253,2026-06-11,True,52500,good
CUS002674,58,GENERAL,S6_업무헤비형,M,26312,2023-11-24,True,15000,good
CUS002675,42,GENERAL,S1_저사용절약형,M,33840,2025-03-18,True,7260,good
CUS002676,48,GENERAL,S2_일반균형형,F,36333,2026-03-08,False,52800,good
CUS002677,61,GENERAL,S5_통화집중균형형,M,1567_요고 42,2026-03-25,True,31500,good
CUS002678,36,GENERAL,S1_저사용절약형,M,NA00009787,2024-02-16,True,48000,over
CUS002679,58,GENERAL,S5_통화집중균형형,F,29838,2023-12-14,False,9900,shortage
CUS002680,56,GENERAL,S5_통화집중균형형,M,20326,2025-11-23,False,23500,good
CUS002681,37,GENERAL,S3_데이터헤비형,M,Z202605253,2026-06-09,True,52500,good
CUS002682,44,GENERAL,S6_업무헤비형,M,Z202605253,2025-05-07,True,52500,good
CUS002683,44,GENERAL,S5_통화집중균형형,F,29784,2025-01-14,False,23100,good
CUS002684,36,GENERAL,S5_통화집중균형형,F,36697,2025-12-01,True,34100,over
CUS002685,57,GENERAL,S6_업무헤비형,F,31433,2025-03-18,True,32500,good
CUS002686,41,GENERAL,S1_저사용절약형,F,36908,2025-10-17,True,4400,good
CUS002687,60,GENERAL,S3_데이터헤비형,F,32420,2024-01-04,False,21400,shortage
CUS002688,58,GENERAL,S2_일반균형형,M,1692_초이스 더블 유튜브 프리미엄+디바이스_지니스마트음악감상,2026-02-09,True,90000,over
CUS002689,46,GENERAL,S5_통화집중균형형,M,1567_요고 44,2025-03-02,True,33000,good
CUS002690,45,GENERAL,S5_통화집중균형형,M,1567_요고 38,2026-01-03,True,28500,good
CUS002691,53,GENERAL,S2_일반균형형,M,1681_초이스90_위버스,2025-10-31,True,67500,over
CUS002692,57,GENERAL,S2_일반균형형,F,1693_베이직30GB,2023-12-23,True,45750,good
CUS002693,46,GENERAL,S2_일반균형형,M,34336,2024-03-27,True,10,good
CUS002694,64,GENERAL,S4_통화집중저데이터형,M,26257,2023-09-16,True,0,good
CUS002695,49,GENERAL,S2_일반균형형,F,35394,2025-04-03,False,57200,over
CUS002696,45,GENERAL,S5_통화집중균형형,F,22814,2025-07-22,False,44000,good
CUS002697,44,GENERAL,S2_일반균형형,M,1693_베이직600MB,2026-03-16,True,21675,shortage
CUS002698,46,GENERAL,S6_업무헤비형,F,1567_요고 55,2023-10-13,True,41250,good
CUS002699,38,GENERAL,S6_업무헤비형,M,Z202605252,2024-09-09,True,56250,good
CUS002700,46,GENERAL,S4_통화집중저데이터형,M,1567_요고 30,2026-02-13,True,22500,good
CUS002701,58,GENERAL,S4_통화집중저데이터형,M,33939,2025-01-26,True,6600,good
CUS002702,51,GENERAL,S2_일반균형형,M,34676,2025-11-27,False,11000,good
CUS002703,57,GENERAL,S2_일반균형형,F,Z202605260,2024-05-30,True,27750,shortage
CUS002704,36,GENERAL,S2_일반균형형,M,1693_베이직30GB,2025-03-15,True,45750,good
CUS002705,54,GENERAL,S6_업무헤비형,F,36602,2026-01-14,True,26400,good
CUS002706,42,GENERAL,S2_일반균형형,F,1681_초이스130_넷플릭스,2025-07-05,True,97500,over
CUS002707,39,GENERAL,S4_통화집중저데이터형,F,29287,2024-04-09,True,3705,good
CUS002708,59,GENERAL,S3_데이터헤비형,F,28167,2025-10-02,False,29900,good
CUS002709,47,GENERAL,S1_저사용절약형,F,17600,2025-08-16,True,37400,over
CUS002710,51,GENERAL,S2_일반균형형,M,1693_베이직4GB,2026-02-14,True,27750,shortage
CUS002711,58,GENERAL,S2_일반균형형,M,34363,2025-06-12,False,22000,good
CUS002712,57,GENERAL,S4_통화집중저데이터형,F,1693_베이직110GB,2025-07-12,True,51750,over
CUS002713,38,GENERAL,S3_데이터헤비형,M,33146,2024-02-08,True,4400,shortage
CUS002714,51,GENERAL,S2_일반균형형,F,1567_요고 36,2024-05-23,True,27000,good
CUS002715,38,GENERAL,S5_통화집중균형형,M,35871,2026-04-17,False,10900,shortage
CUS002716,41,GENERAL,S6_업무헤비형,M,36648,2024-05-10,True,13900,good
CUS002717,62,GENERAL,S2_일반균형형,M,34676,2023-09-12,False,11000,good
CUS002718,39,GENERAL,S2_일반균형형,F,1681_초이스130_티빙/지니/밀리,2023-09-05,True,97500,over
CUS002719,43,GENERAL,S2_일반균형형,M,1694_베이직 21GB(이월),2024-03-30,True,43500,good
CUS002720,36,GENERAL,S6_업무헤비형,M,18625,2024-12-25,False,49200,good
CUS002721,64,GENERAL,S6_업무헤비형,M,13905,2026-04-24,True,48180,good
CUS002722,58,GENERAL,S3_데이터헤비형,M,18586,2025-04-17,False,35300,shortage
CUS002723,39,GENERAL,S3_데이터헤비형,M,37104,2026-04-30,True,13200,good
CUS002724,63,GENERAL,S5_통화집중균형형,M,36695,2025-04-29,True,39600,over
CUS002725,64,GENERAL,S6_업무헤비형,F,Z202605252,2025-09-18,True,56250,good
CUS002726,54,GENERAL,S5_통화집중균형형,M,25215,2025-02-24,True,19330,over
CUS002727,58,GENERAL,S5_통화집중균형형,F,36268,2024-08-13,True,27150,good
CUS002728,54,GENERAL,S2_일반균형형,M,29742,2025-07-29,False,44550,good
CUS002729,59,GENERAL,S2_일반균형형,F,30940,2026-05-10,False,39160,shortage
CUS002730,47,GENERAL,S2_일반균형형,F,NA00009783,2026-06-23,True,36750,shortage
CUS002731,64,GENERAL,S3_데이터헤비형,M,1681_초이스110_디즈니+,2025-02-08,True,82500,over
CUS002732,53,GENERAL,S5_통화집중균형형,M,34676,2026-04-10,False,11000,good
CUS002733,64,GENERAL,S1_저사용절약형,F,25260,2024-12-01,True,1900,shortage
CUS002734,58,GENERAL,S6_업무헤비형,F,Z202605258,2024-06-12,True,44250,shortage
CUS002735,44,GENERAL,S6_업무헤비형,M,37113,2024-01-19,True,44700,good
CUS002736,63,GENERAL,S1_저사용절약형,M,26356,2026-06-27,True,10,good
CUS002737,42,GENERAL,S6_업무헤비형,M,1567_요고 55,2024-05-19,True,41250,good
CUS002738,47,GENERAL,S2_일반균형형,F,Z202605262,2024-09-18,True,21000,shortage
CUS002739,57,GENERAL,S1_저사용절약형,M,36903,2025-09-28,False,3300,shortage
CUS002740,40,GENERAL,S3_데이터헤비형,M,Z202605252,2023-10-07,True,56250,good
CUS002741,49,GENERAL,S5_통화집중균형형,F,1693_베이직14GB,2024-11-28,True,41250,shortage
CUS002742,62,GENERAL,S3_데이터헤비형,F,29960,2024-11-04,True,23100,good
CUS002743,62,GENERAL,S5_통화집중균형형,F,36251,2023-11-06,True,31000,over
CUS002744,41,GENERAL,S2_일반균형형,F,33965,2025-02-05,True,29700,over
CUS002745,44,GENERAL,S4_통화집중저데이터형,M,1694_베이직 7GB(이월),2026-01-29,True,33750,good
CUS002746,35,GENERAL,S5_통화집중균형형,F,Z202605257,2025-01-13,True,45750,good
CUS002747,44,GENERAL,S3_데이터헤비형,M,Z202605252,2024-07-12,True,56250,good
CUS002748,38,GENERAL,S2_일반균형형,F,1694_베이직 21GB(이월),2026-01-17,True,43500,good
CUS002749,45,GENERAL,S2_일반균형형,F,1681_초이스90_디즈니+,2025-08-18,True,67500,over
CUS002750,37,GENERAL,S4_통화집중저데이터형,F,1694_베이직 4GB(이월),2026-05-01,True,27750,shortage
CUS002751,48,GENERAL,S6_업무헤비형,M,Z202605253,2024-10-12,True,52500,good
CUS002752,64,GENERAL,S3_데이터헤비형,F,24033,2024-08-30,True,23320,good
CUS002753,42,GENERAL,S5_통화집중균형형,M,1693_베이직30GB,2025-10-28,True,45750,good
CUS002754,55,GENERAL,S5_통화집중균형형,F,12578,2025-03-09,False,56100,over
CUS002755,55,GENERAL,S1_저사용절약형,M,25261,2025-04-18,True,3000,shortage
CUS002756,48,GENERAL,S6_업무헤비형,F,15408,2024-07-24,False,55000,over
CUS002757,46,GENERAL,S6_업무헤비형,F,36267,2024-09-01,True,34900,good
CUS002758,50,GENERAL,S5_통화집중균형형,F,31354,2025-11-24,True,23000,over
CUS002759,55,GENERAL,S2_일반균형형,F,25276,2024-12-30,True,38500,shortage
CUS002760,51,GENERAL,S1_저사용절약형,F,Z202205253_우리집돌봄이Kids,2024-01-16,True,97500,over
CUS002761,46,GENERAL,S2_일반균형형,F,1567_요고 40,2025-11-25,True,30000,good
CUS002762,63,GENERAL,S2_일반균형형,F,33950,2026-06-14,True,15400,shortage
CUS002763,38,GENERAL,S2_일반균형형,M,1567_요고 49,2023-11-23,True,36750,over
CUS002764,44,GENERAL,S4_통화집중저데이터형,M,13852,2025-10-15,True,10,good
CUS002765,52,GENERAL,S2_일반균형형,F,33837,2025-10-08,True,8030,good
CUS002766,50,GENERAL,S1_저사용절약형,F,25296,2024-04-26,True,3190,shortage
CUS002767,52,GENERAL,S2_일반균형형,F,13976,2024-10-10,True,15400,good
CUS002768,55,GENERAL,S5_통화집중균형형,M,1694_베이직 21GB(이월),2025-10-12,True,43500,shortage
CUS002769,58,GENERAL,S2_일반균형형,F,20326,2024-06-10,False,23500,good
CUS002770,45,GENERAL,S4_통화집중저데이터형,M,30011,2025-11-09,False,13500,good
CUS002771,48,GENERAL,S5_통화집중균형형,F,29023,2024-06-24,False,21800,good
CUS002772,62,GENERAL,S5_통화집중균형형,F,25315,2024-05-03,True,53900,over
CUS002773,49,GENERAL,S2_일반균형형,F,35415,2026-05-28,False,57200,over
CUS002774,55,GENERAL,S6_업무헤비형,M,1694_베이직 7GB(이월),2026-02-21,True,33750,shortage
CUS002775,54,GENERAL,S3_데이터헤비형,M,Z202605252,2023-11-04,True,56250,good
CUS002776,64,GENERAL,S6_업무헤비형,F,34223,2023-10-02,True,23000,shortage
CUS002777,56,GENERAL,S4_통화집중저데이터형,F,23999,2023-12-01,False,14900,good
CUS002778,36,GENERAL,S5_통화집중균형형,F,33165,2025-05-24,True,21900,good
CUS002779,63,GENERAL,S6_업무헤비형,M,1567_요고 55,2024-10-30,True,41250,good
CUS002780,53,GENERAL,S3_데이터헤비형,F,1567_요고 49,2026-02-09,True,36750,good
CUS002781,63,GENERAL,S4_통화집중저데이터형,F,26274,2025-12-18,False,9500,good
CUS002782,39,GENERAL,S3_데이터헤비형,F,NA00009789,2025-06-26,True,51000,good
CUS002783,46,GENERAL,S2_일반균형형,M,34890,2025-05-15,False,8800,good
CUS002784,48,GENERAL,S6_업무헤비형,M,36745,2024-10-29,True,34980,good
CUS002785,63,GENERAL,S6_업무헤비형,M,1694_베이직 14GB(이월),2024-01-31,True,41250,shortage
CUS002786,47,GENERAL,S3_데이터헤비형,F,16846,2024-11-15,True,23000,good
CUS002787,50,GENERAL,S5_통화집중균형형,F,Z202205253_우리집돌봄이Kids,2024-11-28,True,97500,over
CUS002788,47,GENERAL,S3_데이터헤비형,M,Z202605259,2025-02-28,True,41250,shortage
CUS002789,49,GENERAL,S3_데이터헤비형,F,35532,2026-04-19,True,19800,good
CUS002790,51,GENERAL,S4_통화집중저데이터형,M,LPZ1006509_구글원,2023-12-16,True,71250,over
CUS002791,51,GENERAL,S3_데이터헤비형,M,1567_요고 38,2025-05-11,True,28500,shortage
CUS002792,40,GENERAL,S2_일반균형형,M,16039,2024-05-03,False,3300,shortage
CUS002793,43,GENERAL,S2_일반균형형,F,25325,2025-04-01,True,4500,shortage
CUS002794,48,GENERAL,S6_업무헤비형,M,37126,2023-10-05,True,39500,good
CUS002795,51,GENERAL,S5_통화집중균형형,F,37116,2023-10-23,True,20000,over
CUS002796,36,GENERAL,S3_데이터헤비형,F,36733,2025-02-13,True,11499,good
CUS002797,49,GENERAL,S5_통화집중균형형,M,26292,2025-03-20,False,7800,shortage
CUS002798,51,GENERAL,S2_일반균형형,F,NA00006534,2024-03-27,True,24750,shortage
CUS002799,56,GENERAL,S6_업무헤비형,F,1692_초이스 더블 유튜브 프리미엄+넷플릭스_쇼핑라운지할인쿠폰(5천원권),2025-12-22,True,90000,over
CUS002800,63,GENERAL,S6_업무헤비형,M,30439,2024-02-27,True,14520,shortage
CUS002801,41,GENERAL,S6_업무헤비형,M,NA00009818,2024-10-18,True,96750,over
CUS002802,53,GENERAL,S3_데이터헤비형,F,15408,2023-12-28,False,55000,over
CUS002803,47,GENERAL,S5_통화집중균형형,M,Z202205252_마니아디바이스,2024-02-25,True,78750,over
CUS002804,43,GENERAL,S1_저사용절약형,M,Z202605260,2024-02-26,True,27750,good
CUS002805,42,GENERAL,S6_업무헤비형,F,15408,2023-10-05,False,55000,over
CUS002806,39,GENERAL,S6_업무헤비형,F,15408,2025-09-27,False,55000,over
CUS002807,46,GENERAL,S1_저사용절약형,M,35533,2025-11-14,True,29700,over
CUS002808,56,GENERAL,S1_저사용절약형,F,29821,2025-05-30,False,15400,good
CUS002809,42,GENERAL,S2_일반균형형,M,14983,2025-03-02,False,25900,good
CUS002810,52,GENERAL,S5_통화집중균형형,F,35804,2026-05-24,True,5000,good
CUS002811,59,GENERAL,S6_업무헤비형,F,15408,2025-05-18,False,55000,over
CUS002812,40,GENERAL,S3_데이터헤비형,F,15408,2023-12-09,False,55000,over
CUS002813,58,GENERAL,S3_데이터헤비형,M,NA00009789,2025-06-14,True,51000,good
CUS002814,59,GENERAL,S5_통화집중균형형,M,Z202605261,2025-06-01,True,21750,shortage
CUS002815,51,GENERAL,S3_데이터헤비형,M,25284,2024-05-28,False,15400,shortage
CUS002816,57,GENERAL,S3_데이터헤비형,F,34674,2025-02-18,True,23100,good
CUS002817,52,GENERAL,S5_통화집중균형형,M,36339,2024-01-29,True,8900,good
CUS002818,44,GENERAL,S4_통화집중저데이터형,F,36903,2024-01-10,False,3300,shortage
CUS002819,59,GENERAL,S2_일반균형형,M,22811,2025-04-09,False,55000,over
CUS002820,36,GENERAL,S2_일반균형형,M,36608,2024-02-12,True,20900,over
CUS002821,46,GENERAL,S1_저사용절약형,F,12278,2026-02-25,True,300,good
CUS002822,38,GENERAL,S2_일반균형형,F,NA00009783,2025-05-30,True,36750,shortage
CUS002823,48,GENERAL,S4_통화집중저데이터형,F,18985,2024-08-26,True,110,shortage
CUS002824,57,GENERAL,S5_통화집중균형형,F,37139,2024-11-16,False,15400,good
CUS002825,48,GENERAL,S3_데이터헤비형,M,Z202605252,2025-04-11,True,56250,good
CUS002826,52,GENERAL,S3_데이터헤비형,F,Z202605252,2025-06-04,True,56250,good
CUS002827,56,GENERAL,S2_일반균형형,M,1567_요고 40,2025-01-29,True,30000,good
CUS002828,40,GENERAL,S3_데이터헤비형,F,15408,2023-08-28,False,55000,over
CUS002829,51,GENERAL,S3_데이터헤비형,F,26315,2024-04-13,True,14500,good
CUS002830,50,GENERAL,S1_저사용절약형,F,NA00009804,2024-10-17,True,81750,over
CUS002831,50,GENERAL,S2_일반균형형,M,33845,2026-01-04,True,13200,good
CUS002832,39,GENERAL,S6_업무헤비형,M,Z202605253,2025-03-16,True,52500,good
CUS002833,38,GENERAL,S1_저사용절약형,F,33515,2024-02-03,True,14080,good
CUS002834,44,GENERAL,S3_데이터헤비형,F,1567_요고 49,2025-07-06,True,36750,good
CUS002835,44,GENERAL,S6_업무헤비형,F,Z202605252,2025-07-14,True,56250,good
CUS002836,47,GENERAL,S6_업무헤비형,F,15408,2025-09-03,False,55000,over
CUS002837,52,GENERAL,S5_통화집중균형형,M,25257,2023-09-15,True,39600,good
CUS002838,42,GENERAL,S6_업무헤비형,M,28473,2024-08-28,True,29850,good
CUS002839,58,GENERAL,S4_통화집중저데이터형,F,35518,2023-11-18,True,16000,good
CUS002840,54,GENERAL,S6_업무헤비형,F,1567_요고 55,2023-11-22,True,41250,good
CUS002841,36,GENERAL,S3_데이터헤비형,M,36863,2024-01-22,True,14410,shortage
CUS002842,57,GENERAL,S6_업무헤비형,F,34217,2024-01-26,True,17500,shortage
CUS002843,56,GENERAL,S2_일반균형형,M,1567_요고 36,2024-05-03,True,27000,good
CUS002844,51,GENERAL,S6_업무헤비형,F,36946,2024-09-26,True,50000,good
CUS002845,51,GENERAL,S2_일반균형형,F,27752,2024-02-27,True,27900,good
CUS002846,48,GENERAL,S1_저사용절약형,F,33520,2024-11-12,True,19800,over
CUS002847,44,GENERAL,S6_업무헤비형,F,1567_요고 55,2025-04-02,True,41250,good
CUS002848,57,GENERAL,S6_업무헤비형,M,1567_요고 49,2024-06-08,True,36750,shortage
CUS002849,61,GENERAL,S6_업무헤비형,M,10388,2025-08-09,True,25000,good
CUS002850,63,GENERAL,S4_통화집중저데이터형,M,33863,2023-12-30,True,17600,over
CUS002851,56,GENERAL,S6_업무헤비형,M,1693_베이직14GB,2023-09-25,True,41250,shortage
CUS002852,36,GENERAL,S2_일반균형형,F,36333,2026-04-05,False,52800,good
CUS002853,43,GENERAL,S2_일반균형형,F,1692_초이스 더블 디즈니플러스+폰케어_모아진,2024-08-08,True,90000,over
CUS002854,57,GENERAL,S1_저사용절약형,M,1694_베이직 7GB(이월),2024-01-22,True,33750,good
CUS002855,63,GENERAL,S3_데이터헤비형,F,25289,2025-07-27,False,49000,good
CUS002856,58,GENERAL,S3_데이터헤비형,F,27774,2024-03-21,True,17060,good
CUS002857,41,GENERAL,S2_일반균형형,M,LPZ1006509_지니뮤직,2024-10-28,True,71250,over
CUS002858,54,GENERAL,S1_저사용절약형,F,NA00009781,2024-02-25,True,29250,good
CUS002859,42,GENERAL,S2_일반균형형,M,18702,2025-04-29,True,9600,good
CUS002860,35,GENERAL,S3_데이터헤비형,F,33880,2024-06-21,True,28600,good
CUS002861,35,GENERAL,S6_업무헤비형,F,36887,2025-03-11,True,40700,good
CUS002862,47,GENERAL,S6_업무헤비형,F,29904,2025-12-04,True,23000,shortage
CUS002863,37,GENERAL,S5_통화집중균형형,M,29934,2024-01-30,True,16900,over
CUS002864,53,GENERAL,S4_통화집중저데이터형,M,31920,2023-12-21,True,24500,over
CUS002865,64,GENERAL,S3_데이터헤비형,F,36835,2026-01-03,True,110,shortage
CUS002866,54,GENERAL,S3_데이터헤비형,M,36938,2024-05-14,True,27000,good
CUS002867,55,GENERAL,S4_통화집중저데이터형,M,1567_요고 30,2026-03-21,True,22500,good
CUS002868,45,GENERAL,S3_데이터헤비형,M,27774,2024-10-14,True,17060,good
CUS002869,61,GENERAL,S3_데이터헤비형,F,36682,2025-06-16,True,16500,good
CUS002870,37,GENERAL,S4_통화집중저데이터형,F,25297,2024-09-15,True,5500,shortage
CUS002871,70,SENIOR,S5_통화집중균형형,F,1693_베이직21GB_만 65세 이상,2023-09-01,True,43500,good
CUS002872,73,SENIOR,S2_일반균형형,M,1693_베이직14GB_만 65세 이상,2024-03-07,True,41250,good
CUS002873,75,SENIOR,S5_통화집중균형형,F,1694_베이직 10GB(이월),2024-06-09,True,37500,shortage
CUS002874,78,SENIOR,S4_통화집중저데이터형,M,LPZ1007662,2024-01-10,True,21000,shortage
CUS002875,72,SENIOR,S4_통화집중저데이터형,F,1694_베이직 4GB(이월)_만 65세 이상,2025-12-29,True,27750,good
CUS002876,85,SENIOR,S1_저사용절약형,F,LPZ0002291,2026-04-14,True,12375,shortage
CUS002877,65,SENIOR,S1_저사용절약형,F,1694_베이직 4GB(이월)_만 65세 이상,2024-02-15,True,27750,good
CUS002878,72,SENIOR,S2_일반균형형,M,1567_요고 40,2025-04-06,True,30000,good
CUS002879,73,SENIOR,S1_저사용절약형,F,1694_베이직 7GB(이월),2023-12-17,True,33750,good
CUS002880,85,SENIOR,S4_통화집중저데이터형,F,NA00005479,2024-11-10,True,20872,shortage
CUS002881,66,SENIOR,S5_통화집중균형형,M,32356,2023-09-26,True,9900,good
CUS002882,67,SENIOR,S4_통화집중저데이터형,M,1694_베이직 7GB(이월),2023-09-22,True,33750,good
CUS002883,77,SENIOR,S1_저사용절약형,F,28167,2023-11-14,False,29900,over
CUS002884,84,SENIOR,S5_통화집중균형형,F,1567_요고 38,2023-11-06,True,28500,good
CUS002885,67,SENIOR,S1_저사용절약형,M,1693_베이직4GB_만 65세 이상,2024-09-26,True,27750,good
CUS002886,84,SENIOR,S4_통화집중저데이터형,F,NA00008234,2024-06-22,True,33000,good
CUS002887,67,SENIOR,S1_저사용절약형,F,1694_베이직 7GB(이월),2025-05-03,True,33750,good
CUS002888,72,SENIOR,S1_저사용절약형,F,19921,2025-03-24,True,5000,good
CUS002889,83,SENIOR,S4_통화집중저데이터형,F,LPZ1006745,2026-02-16,True,21750,shortage
CUS002890,69,SENIOR,S4_통화집중저데이터형,M,LPZ1006744,2023-12-05,True,27750,good
CUS002891,80,SENIOR,S5_통화집중균형형,F,33845,2024-09-09,True,13200,good
CUS002892,72,SENIOR,S4_통화집중저데이터형,F,1693_베이직7GB,2026-03-28,True,33750,good
CUS002893,81,SENIOR,S1_저사용절약형,F,1681_초이스90_삼성,2024-05-17,True,67500,over
CUS002894,73,SENIOR,S1_저사용절약형,M,11719,2025-05-05,True,15100,good
CUS002895,84,SENIOR,S1_저사용절약형,F,1694_베이직 4GB(이월)_만 65세 이상,2026-02-23,True,27750,good
CUS002896,73,SENIOR,S4_통화집중저데이터형,M,NA00004934,2024-03-11,True,14850,shortage
CUS002897,83,SENIOR,S1_저사용절약형,F,36848,2024-07-01,True,8800,good
CUS002898,72,SENIOR,S4_통화집중저데이터형,F,1693_베이직600MB,2026-02-23,True,21675,shortage
CUS002899,68,SENIOR,S4_통화집중저데이터형,M,LPZ1006745,2024-07-15,True,21750,shortage
CUS002900,78,SENIOR,S4_통화집중저데이터형,F,27355,2026-04-11,True,23500,over
CUS002901,77,SENIOR,S4_통화집중저데이터형,F,1693_베이직4GB_만 65세 이상,2025-09-27,True,27750,good
CUS002902,77,SENIOR,S2_일반균형형,M,33851,2024-08-14,False,13750,shortage
CUS002903,70,SENIOR,S4_통화집중저데이터형,F,36785,2025-12-06,True,100,good
CUS002904,71,SENIOR,S5_통화집중균형형,M,1567_요고 42,2026-02-06,True,31500,good
CUS002905,65,SENIOR,S2_일반균형형,F,31937,2024-02-05,False,7200,good
CUS002906,65,SENIOR,S4_통화집중저데이터형,F,26295,2024-01-21,False,7900,shortage
CUS002907,70,SENIOR,S4_통화집중저데이터형,F,35275,2024-02-29,True,6900,good
CUS002908,71,SENIOR,S1_저사용절약형,M,36903,2023-12-20,False,3300,shortage
CUS002909,83,SENIOR,S1_저사용절약형,F,1681_초이스130_티빙/지니/밀리,2025-10-22,True,97500,over
CUS002910,74,SENIOR,S5_통화집중균형형,F,1692_초이스 더블 유튜브 프리미엄+넷플릭스_지니스마트음악감상,2025-02-07,True,90000,over
CUS002911,83,SENIOR,S4_통화집중저데이터형,F,26736,2026-04-25,False,4400,shortage
CUS002912,78,SENIOR,S5_통화집중균형형,F,18751,2024-08-25,True,15300,over
CUS002913,78,SENIOR,S4_통화집중저데이터형,F,1697_음성 18.7_만 65세 이상,2026-05-21,True,14025,shortage
CUS002914,66,SENIOR,S4_통화집중저데이터형,F,NA00009782,2025-12-13,True,33750,good
CUS002915,81,SENIOR,S5_통화집중균형형,M,NA00009808,2023-12-19,True,89250,over
CUS002916,69,SENIOR,S1_저사용절약형,M,NA00009781_만 65세 이상,2024-10-30,True,29250,good
CUS002917,70,SENIOR,S5_통화집중균형형,F,1567_요고 42,2023-09-05,True,31500,good
CUS002918,85,SENIOR,S4_통화집중저데이터형,F,31310,2024-10-12,True,22000,over
CUS002919,83,SENIOR,S1_저사용절약형,M,1694_베이직 4GB(이월)_만 65세 이상,2026-05-26,True,27750,good
CUS002920,66,SENIOR,S1_저사용절약형,F,1693_베이직7GB,2025-04-16,True,33750,good
CUS002921,82,SENIOR,S4_통화집중저데이터형,M,24009,2024-02-04,True,4900,good
CUS002922,68,SENIOR,S1_저사용절약형,M,NA00009819,2023-08-21,True,96750,over
CUS002923,81,SENIOR,S4_통화집중저데이터형,M,1693_베이직600MB_만 65세 이상,2026-02-03,True,21675,shortage
CUS002924,70,SENIOR,S5_통화집중균형형,M,33866,2025-10-24,True,18700,good
CUS002925,69,SENIOR,S4_통화집중저데이터형,F,Z202605261,2026-04-17,True,21750,shortage
CUS002926,67,SENIOR,S1_저사용절약형,M,34899,2025-02-25,True,14900,good
CUS002927,78,SENIOR,S4_통화집중저데이터형,M,1693_베이직1.4GB_만 65세 이상,2025-09-07,True,24750,shortage
CUS002928,78,SENIOR,S4_통화집중저데이터형,M,31483,2024-04-13,True,23000,over
CUS002929,84,SENIOR,S1_저사용절약형,F,33542,2025-09-17,True,110,good
CUS002930,75,SENIOR,S4_통화집중저데이터형,M,14985,2024-11-24,False,42900,over
CUS002931,84,SENIOR,S4_통화집중저데이터형,M,23983,2024-12-23,False,17600,good
CUS002932,80,SENIOR,S5_통화집중균형형,F,1567_요고 44,2025-07-10,True,33000,good
CUS002933,71,SENIOR,S4_통화집중저데이터형,F,NA00009781,2024-06-17,True,29250,good
CUS002934,73,SENIOR,S1_저사용절약형,M,1693_베이직7GB,2023-09-08,True,33750,good
CUS002935,80,SENIOR,S5_통화집중균형형,M,LPZ1006745,2024-12-02,True,21750,shortage
CUS002936,79,SENIOR,S4_통화집중저데이터형,F,NA00008234,2024-02-05,True,33000,good
CUS002937,82,SENIOR,S1_저사용절약형,M,NA00005479,2024-11-26,True,20872,shortage
CUS002938,71,SENIOR,S4_통화집중저데이터형,M,NA00004934,2024-08-19,True,14850,shortage
CUS002939,80,SENIOR,S1_저사용절약형,M,33024,2024-02-07,False,4000,good
CUS002940,83,SENIOR,S4_통화집중저데이터형,F,NA00008235,2025-04-02,True,31500,good
CUS002941,77,SENIOR,S1_저사용절약형,M,Z202605259,2025-07-21,True,41250,over
CUS002942,72,SENIOR,S1_저사용절약형,M,NA00009781,2024-03-27,True,29250,good
CUS002943,75,SENIOR,S1_저사용절약형,F,Z202605260,2024-02-17,True,27750,good
CUS002944,67,SENIOR,S1_저사용절약형,M,1694_베이직 7GB(이월),2024-12-15,True,33750,good
CUS002945,74,SENIOR,S5_통화집중균형형,F,1567_요고 44,2024-06-08,True,33000,good
CUS002946,67,SENIOR,S4_통화집중저데이터형,M,24548,2023-10-27,False,8580,shortage
CUS002947,80,SENIOR,S2_일반균형형,M,33845,2024-10-30,True,13200,good
CUS002948,81,SENIOR,S4_통화집중저데이터형,M,8432,2024-06-02,True,16500,good
CUS002949,69,SENIOR,S4_통화집중저데이터형,F,11719,2024-02-11,True,15100,good
CUS002950,74,SENIOR,S4_통화집중저데이터형,M,17960,2024-10-25,False,5500,shortage
CUS002951,65,SENIOR,S1_저사용절약형,M,1694_베이직 4GB(이월)_만 65세 이상,2025-07-08,True,27750,good
CUS002952,76,SENIOR,S4_통화집중저데이터형,F,1694_베이직 4GB(이월),2023-11-15,True,27750,shortage
CUS002953,68,SENIOR,S4_통화집중저데이터형,F,Z202606000,2024-05-17,True,35250,good
CUS002954,65,SENIOR,S1_저사용절약형,F,33940,2024-06-05,True,6600,good
CUS002955,77,SENIOR,S1_저사용절약형,F,22902,2026-03-09,True,1200,good
CUS002956,84,SENIOR,S4_통화집중저데이터형,F,29802,2026-02-10,False,19800,good
CUS002957,80,SENIOR,S4_통화집중저데이터형,F,LPZ0002291,2025-01-20,True,12375,shortage
CUS002958,72,SENIOR,S4_통화집중저데이터형,M,LPZ1006744,2024-04-14,True,27750,good
CUS002959,76,SENIOR,S5_통화집중균형형,M,29019,2025-03-03,True,12600,good
CUS002960,85,SENIOR,S4_통화집중저데이터형,F,NA00009781_만 65세 이상,2025-06-17,True,29250,good
CUS002961,83,SENIOR,S5_통화집중균형형,F,33856,2023-12-16,True,15400,good
CUS002962,65,SENIOR,S2_일반균형형,M,1693_베이직21GB,2024-11-23,True,43500,good
CUS002963,69,SENIOR,S1_저사용절약형,F,29817,2025-02-02,False,16060,good
CUS002964,69,SENIOR,S1_저사용절약형,M,NA00006534_만 65세 이상,2025-03-13,True,24750,shortage
CUS002965,71,SENIOR,S4_통화집중저데이터형,M,NA00006534,2025-10-17,True,24750,shortage
CUS002966,84,SENIOR,S1_저사용절약형,F,LPZ1006745,2024-11-05,True,21750,shortage
CUS002967,82,SENIOR,S1_저사용절약형,M,1692_초이스 더블 디바이스_지니스마트음악감상,2023-12-14,True,90000,over
CUS002968,75,SENIOR,S4_통화집중저데이터형,F,25275,2023-12-15,True,1900,shortage
CUS002969,82,SENIOR,S2_일반균형형,M,1694_베이직 21GB(이월)_만 65세 이상,2026-03-03,True,43500,good
CUS002970,82,SENIOR,S4_통화집중저데이터형,M,NA00005479_만 65세 이상,2025-09-10,True,20872,shortage
CUS002971,66,SENIOR,S4_통화집중저데이터형,F,18589,2026-06-29,False,16300,good
CUS002972,77,SENIOR,S1_저사용절약형,F,13852,2024-01-02,True,10,good
CUS002973,65,SENIOR,S1_저사용절약형,M,1693_베이직600MB,2023-10-19,True,21675,shortage
CUS002974,75,SENIOR,S2_일반균형형,M,1694_베이직 14GB(이월)_만 75세 이상,2025-05-31,True,41250,good
CUS002975,84,SENIOR,S4_통화집중저데이터형,M,26871,2026-03-23,True,15100,over
CUS002976,74,SENIOR,S4_통화집중저데이터형,M,NA00009781_만 65세 이상,2023-12-31,True,29250,good
CUS002977,69,SENIOR,S4_통화집중저데이터형,F,1694_베이직 7GB(이월),2025-07-25,True,33750,good
CUS002978,76,SENIOR,S1_저사용절약형,M,Z202605260,2025-07-18,True,27750,good
CUS002979,77,SENIOR,S1_저사용절약형,F,Z202605260,2025-03-29,True,27750,good
CUS002980,70,SENIOR,S1_저사용절약형,F,Z202605261,2024-07-15,True,21750,shortage
CUS002981,70,SENIOR,S4_통화집중저데이터형,F,1693_베이직600MB,2025-11-23,True,21675,shortage
CUS002982,70,SENIOR,S4_통화집중저데이터형,F,1693_베이직1.4GB_만 65세 이상,2025-08-15,True,24750,shortage
CUS002983,68,SENIOR,S1_저사용절약형,F,NA00009781,2026-07-01,True,29250,good
CUS002984,76,SENIOR,S1_저사용절약형,F,1681_초이스130_만 75세 이상_가전구독,2024-01-04,True,97500,over
CUS002985,77,SENIOR,S2_일반균형형,M,36981,2025-02-05,True,22000,over
CUS002986,67,SENIOR,S4_통화집중저데이터형,M,NA00005479_만 65세 이상,2026-04-06,True,20872,shortage
CUS002987,67,SENIOR,S4_통화집중저데이터형,M,35518,2024-02-24,True,16000,good
CUS002988,82,SENIOR,S4_통화집중저데이터형,M,35351,2026-01-05,False,6600,good
CUS002989,82,SENIOR,S2_일반균형형,F,26178,2026-03-10,True,12100,good
CUS002990,65,SENIOR,S4_통화집중저데이터형,F,24193,2026-03-31,False,13420,good
CUS002991,72,SENIOR,S1_저사용절약형,M,1694_베이직 4GB(이월),2026-03-18,True,27750,shortage
CUS002992,73,SENIOR,S4_통화집중저데이터형,M,1693_베이직4GB_만 65세 이상,2024-09-28,True,27750,good
CUS002993,73,SENIOR,S1_저사용절약형,M,1693_베이직600MB,2025-10-17,True,21675,shortage
CUS002994,82,SENIOR,S4_통화집중저데이터형,M,1693_베이직1.4GB_만 65세 이상,2025-05-28,True,24750,shortage
CUS002995,70,SENIOR,S1_저사용절약형,F,23483,2024-03-07,True,15100,good
CUS002996,74,SENIOR,S2_일반균형형,M,1567_요고 38,2024-02-14,True,28500,good
CUS002997,66,SENIOR,S5_통화집중균형형,F,NA00009786,2026-05-04,True,46499,good
CUS002998,81,SENIOR,S1_저사용절약형,F,1692_초이스 더블 디바이스_만 65세 이상_지니스마트음악감상,2024-08-22,True,90000,over
CUS002999,68,SENIOR,S4_통화집중저데이터형,M,1567_요고 30,2025-02-08,True,22500,good
CUS003000,82,SENIOR,S2_일반균형형,M,26611,2025-03-12,True,10000,shortage
CUS003001,71,SENIOR,S4_통화집중저데이터형,M,NA00008234,2025-08-02,True,33000,good
CUS003002,83,SENIOR,S1_저사용절약형,F,Z202605260,2026-05-08,True,27750,good
CUS003003,85,SENIOR,S4_통화집중저데이터형,F,26291,2025-06-30,False,6900,shortage
CUS003004,81,SENIOR,S5_통화집중균형형,F,23401,2025-04-07,True,7000,shortage
CUS003005,82,SENIOR,S1_저사용절약형,M,36702,2024-11-17,True,12000,good
CUS003006,83,SENIOR,S4_통화집중저데이터형,F,1694_베이직 4GB(이월),2023-11-02,True,27750,shortage
CUS003007,78,SENIOR,S4_통화집중저데이터형,F,26178,2025-07-08,True,12100,over
CUS003008,74,SENIOR,S4_통화집중저데이터형,F,30946,2025-12-26,False,21560,good
CUS003009,72,SENIOR,S4_통화집중저데이터형,F,33861,2026-03-08,True,18700,good
CUS003010,71,SENIOR,S4_통화집중저데이터형,F,1693_베이직4GB_만 65세 이상,2025-08-21,True,27750,good
CUS003011,81,SENIOR,S4_통화집중저데이터형,F,1694_베이직 7GB(이월),2023-10-07,True,33750,good
CUS003012,74,SENIOR,S2_일반균형형,M,1694_베이직 14GB(이월)_만 65세 이상,2024-03-01,True,41250,good
CUS003013,81,SENIOR,S2_일반균형형,M,29084,2024-01-09,False,19900,good
CUS003014,65,SENIOR,S1_저사용절약형,M,15984,2024-05-01,False,41800,over
CUS003015,79,SENIOR,S4_통화집중저데이터형,M,35380,2025-03-02,False,15900,good
CUS003016,78,SENIOR,S4_통화집중저데이터형,F,23483,2025-12-30,True,15100,good
CUS003017,69,SENIOR,S4_통화집중저데이터형,F,NA00009789,2026-05-07,True,51000,over
CUS003018,73,SENIOR,S4_통화집중저데이터형,M,1692_초이스 더블 유튜브 프리미엄+디바이스_만 65세 이상_모아진,2026-03-21,True,90000,over
CUS003019,75,SENIOR,S4_통화집중저데이터형,M,36805,2025-07-14,True,12000,good
CUS003020,78,SENIOR,S5_통화집중균형형,F,35490,2025-01-07,True,41030,over
CUS003021,76,SENIOR,S4_통화집중저데이터형,F,36174,2024-02-26,True,23000,over
CUS003022,83,SENIOR,S1_저사용절약형,F,NA00009817,2024-12-09,True,96750,over
CUS003023,68,SENIOR,S4_통화집중저데이터형,M,Z202205252_우리집지킴이Easy2+,2024-03-04,True,78750,over
CUS003024,66,SENIOR,S4_통화집중저데이터형,F,Z202205253_애플디바이스,2026-01-03,True,97500,over
CUS003025,78,SENIOR,S4_통화집중저데이터형,F,NA00009781,2024-06-13,True,29250,good
CUS003026,78,SENIOR,S1_저사용절약형,M,Z202605260,2025-07-28,True,27750,good
CUS003027,80,SENIOR,S1_저사용절약형,M,26267,2024-04-18,False,12500,good
CUS003028,68,SENIOR,S4_통화집중저데이터형,F,Z202605260,2025-11-23,True,27750,shortage
CUS003029,81,SENIOR,S4_통화집중저데이터형,F,33542,2024-10-05,True,110,shortage
CUS003030,82,SENIOR,S1_저사용절약형,F,1694_베이직 4GB(이월)_만 65세 이상,2024-05-15,True,27750,good
CUS003031,65,SENIOR,S2_일반균형형,F,33857,2025-10-28,True,16500,good
CUS003032,74,SENIOR,S4_통화집중저데이터형,F,Z202606000,2023-08-30,True,35250,good
CUS003033,84,SENIOR,S1_저사용절약형,F,NA00009781_만 65세 이상,2023-11-07,True,29250,good
CUS003034,74,SENIOR,S2_일반균형형,M,1693_베이직21GB_만 65세 이상,2026-02-02,True,43500,good
CUS003035,81,SENIOR,S4_통화집중저데이터형,F,NA00009799,2025-12-22,True,74250,over
CUS003036,68,SENIOR,S2_일반균형형,F,29317,2024-03-22,True,14000,good
CUS003037,75,SENIOR,S4_통화집중저데이터형,M,NA00009781_만 65세 이상,2025-10-15,True,29250,good
CUS003038,80,SENIOR,S2_일반균형형,M,NA00009811,2026-05-17,True,89250,over
CUS003039,74,SENIOR,S2_일반균형형,M,1681_초이스110_만 65세 이상_삼성,2023-09-29,True,82500,over
CUS003040,71,SENIOR,S5_통화집중균형형,F,1692_초이스 더블 디즈니플러스+폰케어_만 65세 이상_지니스마트음악감상,2024-02-08,True,90000,over
CUS003041,69,SENIOR,S4_통화집중저데이터형,M,33627,2025-06-28,False,19100,good
CUS003042,78,SENIOR,S1_저사용절약형,M,1693_베이직7GB,2024-05-17,True,33750,good
CUS003043,72,SENIOR,S4_통화집중저데이터형,M,1693_베이직7GB,2024-08-21,True,33750,good
CUS003044,67,SENIOR,S4_통화집중저데이터형,M,LPZ1007662,2025-05-30,True,21000,shortage
CUS003045,82,SENIOR,S1_저사용절약형,M,28171,2026-05-21,False,15500,good
CUS003046,76,SENIOR,S1_저사용절약형,F,NA00009814,2024-03-25,True,96750,over
CUS003047,77,SENIOR,S5_통화집중균형형,F,Z202605257,2024-02-25,True,45750,good
CUS003048,69,SENIOR,S1_저사용절약형,F,NA00009781_만 65세 이상,2025-07-27,True,29250,good
CUS003049,71,SENIOR,S4_통화집중저데이터형,M,25317,2026-03-28,True,26000,over
CUS003050,68,SENIOR,S4_통화집중저데이터형,F,LPZ1006744,2024-09-17,True,27750,good
CUS003051,81,SENIOR,S1_저사용절약형,F,11080,2024-01-14,True,1100,shortage
CUS003052,71,SENIOR,S4_통화집중저데이터형,M,20279,2024-09-20,False,31000,good
CUS003053,79,SENIOR,S1_저사용절약형,F,1694_베이직 7GB(이월),2024-04-13,True,33750,good
CUS003054,65,SENIOR,S4_통화집중저데이터형,F,LPZ1006746,2024-07-20,True,24750,shortage
CUS003055,75,SENIOR,S4_통화집중저데이터형,F,NA00009781_만 65세 이상,2024-05-13,True,29250,good
CUS003056,67,SENIOR,S4_통화집중저데이터형,M,36689,2025-10-04,False,29300,over
CUS003057,75,SENIOR,S1_저사용절약형,M,11419,2024-09-18,True,7500,shortage
CUS003058,80,SENIOR,S1_저사용절약형,M,1692_초이스 더블 유튜브 프리미엄+넷플릭스_모아진,2026-04-01,True,90000,over
CUS003059,85,SENIOR,S4_통화집중저데이터형,M,33146,2025-08-29,True,4400,over
CUS003060,77,SENIOR,S1_저사용절약형,F,36202,2024-01-06,True,12100,good
CUS003061,70,SENIOR,S1_저사용절약형,M,1693_베이직1.4GB_만 65세 이상,2025-12-21,True,24750,shortage
CUS003062,69,SENIOR,S1_저사용절약형,F,1681_초이스110_티빙/지니/밀리,2025-02-09,True,82500,over
CUS003063,70,SENIOR,S1_저사용절약형,F,1694_베이직 7GB(이월),2026-03-11,True,33750,good
CUS003064,65,SENIOR,S1_저사용절약형,M,1693_베이직4GB,2026-04-25,True,27750,shortage
CUS003065,79,SENIOR,S4_통화집중저데이터형,F,27456,2024-03-23,True,13200,good
CUS003066,83,SENIOR,S5_통화집중균형형,M,18774,2023-10-14,True,36500,good
CUS003067,82,SENIOR,S1_저사용절약형,F,1692_초이스 더블 디바이스_만 75세 이상_쇼핑라운지할인쿠폰(5천원권),2026-01-22,True,90000,over
CUS003068,81,SENIOR,S2_일반균형형,M,29950,2024-06-03,False,30800,good
CUS003069,75,SENIOR,S5_통화집중균형형,F,1567_요고 38,2025-12-10,True,28500,good
CUS003070,66,SENIOR,S5_통화집중균형형,F,1567_요고 42,2024-03-06,True,31500,good
CUS003071,70,SENIOR,S1_저사용절약형,F,36213,2024-02-08,False,2700,good
CUS003072,78,SENIOR,S1_저사용절약형,M,1693_베이직90GB_만 65세 이상,2025-06-17,True,50250,over
CUS003073,80,SENIOR,S2_일반균형형,F,1694_베이직 14GB(이월),2026-05-02,True,41250,shortage
CUS003074,74,SENIOR,S1_저사용절약형,M,25314,2025-07-26,True,1820,shortage
CUS003075,66,SENIOR,S5_통화집중균형형,M,NA00009786,2026-03-20,True,46499,good
CUS003076,77,SENIOR,S1_저사용절약형,M,20001,2026-06-30,False,9020,shortage
CUS003077,76,SENIOR,S1_저사용절약형,M,NA00004934,2025-12-01,True,14850,shortage
CUS003078,83,SENIOR,S4_통화집중저데이터형,F,NA00009791,2024-12-08,True,59250,over
CUS003079,68,SENIOR,S4_통화집중저데이터형,M,30994,2025-04-14,False,1900,good
CUS003080,74,SENIOR,S1_저사용절약형,M,Z202605260,2023-12-09,True,27750,good
CUS003081,80,SENIOR,S1_저사용절약형,F,1694_베이직 4GB(이월)_만 65세 이상,2025-08-15,True,27750,good
CUS003082,79,SENIOR,S1_저사용절약형,M,29579,2024-08-01,True,9900,good
CUS003083,83,SENIOR,S4_통화집중저데이터형,F,13796,2024-11-16,True,30900,over
CUS003084,71,SENIOR,S1_저사용절약형,F,30363,2023-10-20,True,9900,good
CUS003085,71,SENIOR,S4_통화집중저데이터형,M,NA00009800,2026-05-27,True,81750,over
CUS003086,72,SENIOR,S4_통화집중저데이터형,M,1694_베이직 7GB(이월),2023-12-04,True,33750,good
CUS003087,82,SENIOR,S1_저사용절약형,F,1694_베이직 7GB(이월),2025-11-21,True,33750,good
CUS003088,77,SENIOR,S1_저사용절약형,F,1693_베이직7GB,2024-01-20,True,33750,good
CUS003089,76,SENIOR,S1_저사용절약형,F,33086,2025-09-29,True,21500,over
CUS003090,85,SENIOR,S1_저사용절약형,F,1693_베이직7GB,2026-01-12,True,33750,good
CUS003091,79,SENIOR,S4_통화집중저데이터형,M,25254,2026-01-07,True,14000,good
CUS003092,72,SENIOR,S1_저사용절약형,M,26277,2024-03-20,False,4900,shortage
CUS003093,80,SENIOR,S1_저사용절약형,M,NA00009781_만 65세 이상,2024-02-15,True,29250,good
CUS003094,71,SENIOR,S1_저사용절약형,M,36324,2024-12-12,True,10,good
CUS003095,65,SENIOR,S4_통화집중저데이터형,M,1681_초이스90_만 65세 이상_위버스,2024-06-07,True,67500,over
CUS003096,65,SENIOR,S4_통화집중저데이터형,F,29841,2023-11-02,False,11220,shortage
CUS003097,81,SENIOR,S1_저사용절약형,M,1693_베이직7GB,2025-01-20,True,33750,good
CUS003098,85,SENIOR,S4_통화집중저데이터형,M,1692_초이스 더블 유튜브 프리미엄+넷플릭스_만 75세 이상_지니스마트음악감상,2024-06-29,True,90000,over
CUS003099,70,SENIOR,S5_통화집중균형형,M,1567_요고 38,2025-02-16,True,28500,good
CUS003100,84,SENIOR,S1_저사용절약형,M,1693_베이직600MB,2023-12-17,True,21675,shortage
CUS003101,67,SENIOR,S1_저사용절약형,F,36903,2025-07-06,False,3300,shortage
CUS003102,72,SENIOR,S4_통화집중저데이터형,M,35462,2024-04-11,True,13000,good
CUS003103,66,SENIOR,S4_통화집중저데이터형,M,1681_초이스110_삼성,2026-05-20,True,82500,over
CUS003104,67,SENIOR,S1_저사용절약형,F,NA00009781,2024-08-15,True,29250,good
CUS003105,83,SENIOR,S4_통화집중저데이터형,M,Z202606000,2024-03-16,True,35250,good
CUS003106,67,SENIOR,S1_저사용절약형,F,1693_베이직7GB,2024-10-27,True,33750,good
CUS003107,67,SENIOR,S1_저사용절약형,M,24109,2024-10-04,False,3000,good
CUS003108,72,SENIOR,S4_통화집중저데이터형,F,29220,2023-12-07,True,15000,good
CUS003109,73,SENIOR,S1_저사용절약형,M,27295,2025-08-20,False,4510,shortage
CUS003110,72,SENIOR,S1_저사용절약형,M,1693_베이직30GB_만 65세 이상,2025-04-23,True,45750,over
CUS003111,85,SENIOR,S1_저사용절약형,M,25244,2024-07-12,False,27500,over
CUS003112,67,SENIOR,S1_저사용절약형,F,Z202605261,2023-08-21,True,21750,shortage
CUS003113,72,SENIOR,S1_저사용절약형,M,1693_베이직7GB,2024-11-14,True,33750,good
CUS003114,69,SENIOR,S4_통화집중저데이터형,M,LPZ1006746,2025-04-14,True,24750,shortage
CUS003115,67,SENIOR,S4_통화집중저데이터형,M,36948,2024-03-19,False,16300,good
CUS003116,75,SENIOR,S1_저사용절약형,F,24012,2026-03-26,True,15300,over
CUS003117,84,SENIOR,S4_통화집중저데이터형,M,NA00008234,2026-05-29,True,33000,good
CUS003118,77,SENIOR,S5_통화집중균형형,M,1567_요고 44,2025-11-08,True,33000,good
CUS003119,76,SENIOR,S4_통화집중저데이터형,F,Z202606000,2025-06-27,True,35250,good
CUS003120,80,SENIOR,S4_통화집중저데이터형,F,24009,2024-10-13,True,4900,good
CUS003121,78,SENIOR,S4_통화집중저데이터형,M,1681_초이스90_넷플릭스,2025-10-16,True,67500,over
CUS003122,66,SENIOR,S5_통화집중균형형,M,1692_초이스 더블 디바이스_밀리의서재,2024-09-30,True,90000,over
CUS003123,84,SENIOR,S4_통화집중저데이터형,F,25269,2024-12-30,True,2950,shortage
CUS003124,72,SENIOR,S1_저사용절약형,F,Z202205252_AI구독,2025-09-18,True,78750,over
CUS003125,80,SENIOR,S4_통화집중저데이터형,M,1681_초이스110_유튜브프리미엄,2026-05-16,True,82500,over
CUS003126,77,SENIOR,S4_통화집중저데이터형,M,1694_베이직 4GB(이월)_만 75세 이상,2024-07-06,True,27750,good
CUS003127,67,SENIOR,S4_통화집중저데이터형,F,NA00009782,2025-09-06,True,33750,good
CUS003128,67,SENIOR,S4_통화집중저데이터형,M,NA00009781_만 65세 이상,2024-12-11,True,29250,good
CUS003129,75,SENIOR,S4_통화집중저데이터형,M,NA00009781,2025-07-03,True,29250,good
CUS003130,79,SENIOR,S4_통화집중저데이터형,F,NA00008234,2024-07-17,True,33000,good
CUS003131,65,SENIOR,S4_통화집중저데이터형,F,LPZ1006744,2025-01-04,True,27750,good
CUS003132,69,SENIOR,S4_통화집중저데이터형,F,1693_베이직4GB_만 65세 이상,2025-01-15,True,27750,good
CUS003133,65,SENIOR,S4_통화집중저데이터형,M,27752,2025-12-03,True,27900,over
CUS003134,69,SENIOR,S1_저사용절약형,F,15306,2025-08-22,True,5610,good
CUS003135,80,SENIOR,S1_저사용절약형,F,NA00009781_만 65세 이상,2024-09-16,True,29250,good
CUS003136,80,SENIOR,S1_저사용절약형,M,1694_베이직 7GB(이월),2026-02-14,True,33750,good
CUS003137,83,SENIOR,S4_통화집중저데이터형,M,36686,2025-10-20,False,3300,shortage
CUS003138,74,SENIOR,S2_일반균형형,M,1694_베이직 21GB(이월)_만 65세 이상,2025-07-07,True,43500,good
CUS003139,65,SENIOR,S4_통화집중저데이터형,M,1694_베이직 7GB(이월),2024-04-02,True,33750,good
CUS003140,77,SENIOR,S1_저사용절약형,F,NA00005479,2024-01-19,True,20872,shortage
CUS003141,71,SENIOR,S1_저사용절약형,F,1693_베이직4GB_만 65세 이상,2024-04-06,True,27750,good
CUS003142,79,SENIOR,S4_통화집중저데이터형,M,25697,2023-11-28,True,7700,good
CUS003143,78,SENIOR,S1_저사용절약형,M,36791,2023-09-12,False,3300,shortage
CUS003144,70,SENIOR,S1_저사용절약형,M,12567,2024-09-08,False,14300,good
CUS003145,76,SENIOR,S1_저사용절약형,M,1693_베이직110GB,2026-06-18,True,51750,over
CUS003146,80,SENIOR,S4_통화집중저데이터형,M,NA00009782,2026-06-05,True,33750,good
CUS003147,81,SENIOR,S1_저사용절약형,F,Z202205251_우리집지킴이Easy2+,2025-08-22,True,86250,over
CUS003148,70,SENIOR,S5_통화집중균형형,M,1567_요고 40,2025-03-31,True,30000,good
CUS003149,81,SENIOR,S4_통화집중저데이터형,M,16269,2026-06-17,False,49200,over
CUS003150,78,SENIOR,S1_저사용절약형,M,13524,2025-08-20,True,43100,over
CUS003151,82,SENIOR,S4_통화집중저데이터형,F,1693_베이직1.4GB,2023-09-14,True,24750,shortage
CUS003152,71,SENIOR,S1_저사용절약형,F,36757,2025-04-08,True,220,good
CUS003153,79,SENIOR,S4_통화집중저데이터형,M,1693_베이직4GB_만 65세 이상,2024-02-17,True,27750,good
CUS003154,75,SENIOR,S4_통화집중저데이터형,F,27770,2024-01-14,True,4900,good
CUS003155,80,SENIOR,S5_통화집중균형형,M,1694_베이직 14GB(이월)_만 75세 이상,2024-08-09,True,41250,good
CUS003156,84,SENIOR,S5_통화집중균형형,F,1693_베이직30GB,2026-01-06,True,45750,good
CUS003157,79,SENIOR,S4_통화집중저데이터형,F,36198,2023-09-27,True,12100,good
CUS003158,67,SENIOR,S4_통화집중저데이터형,F,NA00009781,2024-04-30,True,29250,good
CUS003159,77,SENIOR,S1_저사용절약형,M,1693_베이직7GB,2024-07-05,True,33750,good
CUS003160,75,SENIOR,S2_일반균형형,M,1693_베이직10GB_만 65세 이상,2025-01-28,True,37500,shortage
CUS003161,76,SENIOR,S4_통화집중저데이터형,M,1567_요고 30,2026-04-29,True,22500,good
CUS003162,79,SENIOR,S1_저사용절약형,M,1567_요고 38,2025-05-25,True,28500,over
CUS003163,75,SENIOR,S2_일반균형형,F,1694_베이직 14GB(이월)_만 65세 이상,2024-01-19,True,41250,good
CUS003164,74,SENIOR,S4_통화집중저데이터형,F,37157,2024-07-26,True,8000,good
CUS003165,67,SENIOR,S4_통화집중저데이터형,M,25223,2023-08-30,True,10,good
CUS003166,77,SENIOR,S2_일반균형형,F,1693_베이직30GB,2025-01-31,True,45750,good
CUS003167,69,SENIOR,S4_통화집중저데이터형,F,1681_초이스110_만 65세 이상_넷플릭스,2025-07-21,True,82500,over
CUS003168,75,SENIOR,S4_통화집중저데이터형,M,36882,2023-10-20,True,34100,over
CUS003169,68,SENIOR,S2_일반균형형,M,26178,2024-06-12,True,12100,good
CUS003170,65,SENIOR,S5_통화집중균형형,F,29085,2025-04-10,True,25400,good
CUS003171,85,SENIOR,S4_통화집중저데이터형,M,35834,2026-06-12,True,24000,over
CUS003172,66,SENIOR,S1_저사용절약형,F,25225,2025-07-28,True,2230,shortage
CUS003173,85,SENIOR,S1_저사용절약형,F,30988,2025-04-21,True,15000,good
CUS003174,65,SENIOR,S4_통화집중저데이터형,M,23286,2025-01-08,True,8900,good
CUS003175,77,SENIOR,S2_일반균형형,M,Z202605258,2023-12-26,True,44250,good
CUS003176,80,SENIOR,S1_저사용절약형,F,25290,2023-10-26,True,6230,good
CUS003177,77,SENIOR,S1_저사용절약형,F,11084,2023-12-26,True,10,good
CUS003178,84,SENIOR,S4_통화집중저데이터형,M,1693_베이직4GB,2025-04-10,True,27750,shortage
CUS003179,66,SENIOR,S5_통화집중균형형,M,1693_베이직30GB_만 65세 이상,2025-12-16,True,45750,good
CUS003180,85,SENIOR,S5_통화집중균형형,F,1693_베이직21GB_만 65세 이상,2024-03-11,True,43500,good
CUS003181,73,SENIOR,S5_통화집중균형형,M,31330,2026-04-01,True,10,shortage
CUS003182,79,SENIOR,S5_통화집중균형형,F,1692_초이스 더블 디즈니플러스+폰케어_만 65세 이상_지니스마트음악감상,2025-05-02,True,90000,over
CUS003183,85,SENIOR,S4_통화집중저데이터형,F,NA00009782,2026-05-13,True,33750,good
CUS003184,73,SENIOR,S5_통화집중균형형,F,Z202205251_구글원+보상패스,2026-03-22,True,86250,over
CUS003185,78,SENIOR,S5_통화집중균형형,F,35490,2023-08-29,True,41030,over
CUS003186,78,SENIOR,S4_통화집중저데이터형,M,LPZ1006744,2025-09-05,True,27750,good
CUS003187,82,SENIOR,S4_통화집중저데이터형,F,1681_초이스90_만 75세 이상_위버스,2026-04-02,True,67500,over
CUS003188,85,SENIOR,S1_저사용절약형,F,Z202606002,2025-07-11,True,24750,shortage
CUS003189,79,SENIOR,S4_통화집중저데이터형,M,29898,2025-12-25,True,12000,good
CUS003190,66,SENIOR,S4_통화집중저데이터형,M,NA00009781_만 65세 이상,2024-02-03,True,29250,good
CUS003191,84,SENIOR,S4_통화집중저데이터형,M,1693_베이직7GB,2026-01-11,True,33750,good
CUS003192,72,SENIOR,S2_일반균형형,F,34884,2025-09-26,False,3300,shortage
CUS003193,78,SENIOR,S5_통화집중균형형,F,1681_초이스110_만 65세 이상_디즈니+,2025-11-19,True,82500,over
CUS003194,68,SENIOR,S4_통화집중저데이터형,M,LPZ0002291,2026-04-04,True,12375,shortage
CUS003195,77,SENIOR,S4_통화집중저데이터형,M,35794,2024-07-15,False,19900,over
CUS003196,72,SENIOR,S1_저사용절약형,F,1694_베이직 4GB(이월)_만 65세 이상,2026-04-14,True,27750,good
CUS003197,85,SENIOR,S1_저사용절약형,F,1692_초이스 더블 디즈니플러스+폰케어_만 75세 이상_쇼핑라운지할인쿠폰(5천원권),2024-11-06,True,90000,over
CUS003198,80,SENIOR,S1_저사용절약형,F,1693_베이직4GB,2025-10-14,True,27750,shortage
CUS003199,79,SENIOR,S1_저사용절약형,M,NA00009781_만 65세 이상,2025-09-11,True,29250,good
CUS003200,70,SENIOR,S4_통화집중저데이터형,F,NA00009781_만 65세 이상,2024-11-15,True,29250,good
CUS003201,69,SENIOR,S2_일반균형형,M,12430,2024-08-20,False,4900,shortage
CUS003202,70,SENIOR,S1_저사용절약형,F,24548,2024-09-19,False,8580,good
CUS003203,85,SENIOR,S1_저사용절약형,M,35412,2025-10-30,False,30800,good
CUS003204,66,SENIOR,S4_통화집중저데이터형,F,1693_베이직1.4GB,2024-06-29,True,24750,shortage
CUS003205,74,SENIOR,S4_통화집중저데이터형,M,1693_베이직7GB,2023-12-26,True,33750,good
CUS003206,66,SENIOR,S5_통화집중균형형,M,1693_베이직21GB_만 65세 이상,2024-06-21,True,43500,good
CUS003207,66,SENIOR,S1_저사용절약형,F,1693_베이직600MB_만 65세 이상,2024-11-04,True,21675,shortage
CUS003208,66,SENIOR,S4_통화집중저데이터형,M,1681_초이스110_만 65세 이상_디즈니+,2026-03-13,True,82500,over
CUS003209,77,SENIOR,S4_통화집중저데이터형,M,Z202205253_우리집지킴이도어캠,2025-07-11,True,97500,over
CUS003210,80,SENIOR,S2_일반균형형,F,34362,2025-11-08,False,20000,good
CUS003211,66,SENIOR,S1_저사용절약형,F,25319,2025-10-20,True,1600,shortage
CUS003212,76,SENIOR,S4_통화집중저데이터형,M,NA00009782,2024-06-10,True,33750,good
CUS003213,69,SENIOR,S4_통화집중저데이터형,F,LPZ1006744,2024-07-10,True,27750,good
CUS003214,79,SENIOR,S5_통화집중균형형,M,1694_베이직 14GB(이월),2023-10-13,True,41250,shortage
CUS003215,78,SENIOR,S5_통화집중균형형,F,36688,2023-08-20,False,29600,over
CUS003216,78,SENIOR,S4_통화집중저데이터형,F,29785,2026-03-11,False,17900,over
CUS003217,71,SENIOR,S1_저사용절약형,F,15306,2025-08-19,True,5610,good
CUS003218,75,SENIOR,S1_저사용절약형,M,35451,2025-12-17,True,12000,good
CUS003219,70,SENIOR,S4_통화집중저데이터형,M,1694_베이직 7GB(이월),2025-07-21,True,33750,good
CUS003220,83,SENIOR,S4_통화집중저데이터형,F,35398,2023-09-08,True,5500,good
CUS003221,79,SENIOR,S2_일반균형형,F,36167,2024-05-19,True,23000,over
CUS003222,81,SENIOR,S2_일반균형형,M,1567_요고 38,2024-10-17,True,28500,good
CUS003223,72,SENIOR,S1_저사용절약형,M,37150,2024-02-14,True,110,good
CUS003224,70,SENIOR,S1_저사용절약형,M,1693_베이직4GB_만 65세 이상,2025-03-14,True,27750,good
CUS003225,71,SENIOR,S4_통화집중저데이터형,M,LPZ1006744,2025-07-04,True,27750,good
CUS003226,67,SENIOR,S1_저사용절약형,M,1697_음성 18.7_만 65세 이상,2024-07-04,True,14025,shortage
CUS003227,83,SENIOR,S4_통화집중저데이터형,M,NA00009781_만 65세 이상,2026-06-28,True,29250,good
CUS003228,78,SENIOR,S1_저사용절약형,F,1692_초이스 더블 디바이스_밀리의서재,2026-01-03,True,90000,over
CUS003229,65,SENIOR,S5_통화집중균형형,F,1567_요고 42,2026-04-11,True,31500,good
CUS003230,73,SENIOR,S5_통화집중균형형,M,37141,2025-08-16,False,18400,good
CUS003231,72,SENIOR,S4_통화집중저데이터형,F,1693_베이직4GB_만 65세 이상,2024-07-03,True,27750,good
CUS003232,83,SENIOR,S5_통화집중균형형,M,33866,2024-03-28,True,18700,good
CUS003233,84,SENIOR,S1_저사용절약형,F,1693_베이직7GB,2023-08-23,True,33750,good
CUS003234,84,SENIOR,S4_통화집중저데이터형,F,1681_초이스90_만 75세 이상_유튜브프리미엄,2026-06-04,True,67500,over
CUS003235,68,SENIOR,S4_통화집중저데이터형,F,35793,2025-08-23,True,29000,over
CUS003236,73,SENIOR,S4_통화집중저데이터형,F,Z202205251_구글원,2025-07-15,True,86250,over
CUS003237,69,SENIOR,S2_일반균형형,M,17601,2025-11-20,True,34100,over
CUS003238,68,SENIOR,S5_통화집중균형형,F,Z202605257,2025-12-07,True,45750,good
CUS003239,85,SENIOR,S4_통화집중저데이터형,F,1693_베이직7GB,2025-12-07,True,33750,good
CUS003240,70,SENIOR,S1_저사용절약형,F,Z202605260,2025-06-03,True,27750,good
CUS003241,75,SENIOR,S4_통화집중저데이터형,M,36210,2023-12-16,True,900,good
CUS003242,84,SENIOR,S5_통화집중균형형,F,1694_베이직 21GB(이월)_만 75세 이상,2024-09-17,True,43500,good
CUS003243,67,SENIOR,S1_저사용절약형,F,LPZ1007662,2024-03-12,True,21000,shortage
CUS003244,70,SENIOR,S5_통화집중균형형,M,22817,2025-05-03,False,38000,good
CUS003245,66,SENIOR,S5_통화집중균형형,M,16396,2024-07-18,False,21500,shortage
CUS003246,70,SENIOR,S5_통화집중균형형,F,25346,2025-02-27,True,18000,shortage
CUS003247,65,SENIOR,S1_저사용절약형,F,NA00009781,2024-03-18,True,29250,good
CUS003248,84,SENIOR,S1_저사용절약형,M,Z202605260,2023-08-31,True,27750,good
CUS003249,81,SENIOR,S4_통화집중저데이터형,F,1693_베이직4GB_만 65세 이상,2025-10-10,True,27750,good
CUS003250,68,SENIOR,S1_저사용절약형,F,NA00009781,2025-08-15,True,29250,good
CUS003251,80,SENIOR,S4_통화집중저데이터형,F,1681_초이스90_만 65세 이상_삼성,2025-07-31,True,67500,over
CUS003252,78,SENIOR,S1_저사용절약형,M,36896,2025-11-28,True,10,good
CUS003253,65,SENIOR,S4_통화집중저데이터형,F,25224,2025-04-01,True,2230,shortage
CUS003254,78,SENIOR,S4_통화집중저데이터형,M,NA00009781,2025-01-10,True,29250,good
CUS003255,82,SENIOR,S2_일반균형형,F,1681_초이스110_만 65세 이상_디바이스,2023-12-08,True,82500,over
CUS003256,70,SENIOR,S5_통화집중균형형,F,NA00009804,2025-12-24,True,81750,over
CUS003257,73,SENIOR,S5_통화집중균형형,M,1681_초이스90_만 65세 이상_티빙/지니/밀리,2025-01-31,True,67500,over
CUS003258,67,SENIOR,S5_통화집중균형형,M,NA00009814,2024-01-04,True,96750,over
CUS003259,65,SENIOR,S1_저사용절약형,F,Z202605260,2026-04-20,True,27750,good
CUS003260,73,SENIOR,S4_통화집중저데이터형,M,LPZ1007662,2025-03-08,True,21000,shortage
CUS003261,66,SENIOR,S1_저사용절약형,F,1697_음성 18.7_만 65세 이상,2026-04-04,True,14025,shortage
CUS003262,82,SENIOR,S4_통화집중저데이터형,M,Z202205252_삼성디바이스,2023-10-01,True,78750,over
CUS003263,65,SENIOR,S5_통화집중균형형,F,Z202605260,2026-01-02,True,27750,shortage
CUS003264,82,SENIOR,S4_통화집중저데이터형,M,36990,2026-04-16,True,22800,over
CUS003265,78,SENIOR,S1_저사용절약형,F,Z202605260,2023-10-25,True,27750,good
CUS003266,79,SENIOR,S1_저사용절약형,F,31945,2025-08-14,True,26000,over
CUS003267,74,SENIOR,S4_통화집중저데이터형,M,29289,2025-01-12,True,6600,good
CUS003268,65,SENIOR,S4_통화집중저데이터형,F,NA00009781,2025-09-24,True,29250,good
CUS003269,78,SENIOR,S2_일반균형형,M,1567_요고 36,2023-09-29,True,27000,good
CUS003270,69,SENIOR,S2_일반균형형,M,Z202605260,2025-04-03,True,27750,shortage
CUS003271,73,SENIOR,S4_통화집중저데이터형,F,26180,2025-02-27,False,14300,good
CUS003272,85,SENIOR,S5_통화집중균형형,F,29030,2023-12-03,True,9900,shortage
CUS003273,85,SENIOR,S1_저사용절약형,M,25324,2024-10-20,True,1900,shortage
CUS003274,73,SENIOR,S1_저사용절약형,F,26292,2025-12-06,False,7800,shortage
CUS003275,77,SENIOR,S1_저사용절약형,M,1694_베이직 4GB(이월)_만 65세 이상,2024-09-05,True,27750,good
CUS003276,68,SENIOR,S1_저사용절약형,F,1693_베이직600MB_만 65세 이상,2023-10-30,True,21675,shortage
CUS003277,81,SENIOR,S4_통화집중저데이터형,M,1694_베이직 4GB(이월)_만 65세 이상,2023-12-11,True,27750,good
CUS003278,75,SENIOR,S1_저사용절약형,M,1693_베이직600MB,2025-08-03,True,21675,shortage
CUS003279,65,SENIOR,S4_통화집중저데이터형,F,1694_베이직 4GB(이월)_만 65세 이상,2024-02-19,True,27750,good
CUS003280,85,SENIOR,S2_일반균형형,M,1567_요고 40,2025-09-17,True,30000,good
CUS003281,83,SENIOR,S4_통화집중저데이터형,M,1693_베이직1.4GB_만 75세 이상,2025-07-11,True,24750,shortage
CUS003282,75,SENIOR,S5_통화집중균형형,M,1693_베이직14GB_만 75세 이상,2023-12-18,True,41250,good
CUS003283,74,SENIOR,S1_저사용절약형,M,NA00009781,2025-01-25,True,29250,good
CUS003284,73,SENIOR,S1_저사용절약형,F,LPZ0002291,2023-12-12,True,12375,shortage
CUS003285,78,SENIOR,S4_통화집중저데이터형,M,36244,2025-08-22,True,15070,good
CUS003286,66,SENIOR,S1_저사용절약형,M,37157,2024-01-14,True,8000,good
CUS003287,66,SENIOR,S4_통화집중저데이터형,M,NA00009781,2025-06-08,True,29250,good
CUS003288,78,SENIOR,S4_통화집중저데이터형,F,37138,2025-02-14,False,13400,over
CUS003289,85,SENIOR,S1_저사용절약형,F,1694_베이직 7GB(이월),2024-10-31,True,33750,good
CUS003290,76,SENIOR,S4_통화집중저데이터형,M,29814,2024-02-28,False,16900,good
CUS003291,76,SENIOR,S4_통화집중저데이터형,F,1693_베이직7GB,2025-05-23,True,33750,good
CUS003292,81,SENIOR,S4_통화집중저데이터형,M,Z202605262,2024-08-07,True,21000,shortage
CUS003293,84,SENIOR,S4_통화집중저데이터형,F,26274,2024-07-20,False,9500,good
CUS003294,74,SENIOR,S1_저사용절약형,F,12569,2024-10-03,False,15400,shortage
CUS003295,75,SENIOR,S4_통화집중저데이터형,M,1694_베이직 4GB(이월)_만 65세 이상,2026-02-24,True,27750,good
CUS003296,67,SENIOR,S1_저사용절약형,F,36240,2024-02-12,True,8000,good
CUS003297,83,SENIOR,S1_저사용절약형,F,29401,2023-11-13,False,18500,good
CUS003298,75,SENIOR,S2_일반균형형,M,1692_초이스 더블 디바이스_만 75세 이상_지니스마트음악감상,2025-11-09,True,90000,over
CUS003299,82,SENIOR,S1_저사용절약형,M,1693_베이직7GB,2026-03-17,True,33750,good
CUS003300,67,SENIOR,S1_저사용절약형,F,35389,2025-12-01,False,3900,shortage
CUS003301,75,SENIOR,S1_저사용절약형,M,17963,2023-12-09,False,17600,shortage
CUS003302,83,SENIOR,S1_저사용절약형,M,Z202205251_우리집지킴이도어캠,2026-02-01,True,86250,over
CUS003303,66,SENIOR,S1_저사용절약형,F,25278,2023-09-02,True,2530,shortage
CUS003304,72,SENIOR,S1_저사용절약형,M,NA00005479_만 65세 이상,2025-11-21,True,20872,shortage
CUS003305,84,SENIOR,S4_통화집중저데이터형,M,33165,2025-02-17,True,21900,over
CUS003306,80,SENIOR,S2_일반균형형,F,18587,2024-11-17,False,41700,over
CUS003307,69,SENIOR,S5_통화집중균형형,F,35789,2023-09-05,True,13860,shortage
CUS003308,75,SENIOR,S2_일반균형형,F,1694_베이직 14GB(이월)_만 65세 이상,2024-12-05,True,41250,good
CUS003309,78,SENIOR,S1_저사용절약형,M,NA00006534,2024-03-23,True,24750,shortage
CUS003310,85,SENIOR,S1_저사용절약형,M,35798,2026-02-17,False,11900,good
CUS003311,80,SENIOR,S2_일반균형형,F,34676,2025-11-23,False,11000,good
CUS003312,76,SENIOR,S1_저사용절약형,F,Z202605260,2025-08-02,True,27750,good
CUS003313,81,SENIOR,S1_저사용절약형,M,1693_베이직4GB_만 65세 이상,2024-12-16,True,27750,good
CUS003314,75,SENIOR,S4_통화집중저데이터형,F,25223,2024-03-02,True,10,good
CUS003315,66,SENIOR,S4_통화집중저데이터형,F,LPZ1006744,2026-04-01,True,27750,good
CUS003316,66,SENIOR,S1_저사용절약형,M,Z202605260,2024-03-07,True,27750,good
CUS003317,83,SENIOR,S1_저사용절약형,F,NA00009781,2023-12-22,True,29250,good
CUS003318,73,SENIOR,S1_저사용절약형,M,36949,2025-07-10,False,22900,good
CUS003319,83,SENIOR,S5_통화집중균형형,F,Z202605257,2025-02-13,True,45750,good
CUS003320,69,SENIOR,S4_통화집중저데이터형,M,1694_베이직 4GB(이월),2024-04-28,True,27750,shortage
CUS003321,85,SENIOR,S4_통화집중저데이터형,F,1693_베이직4GB_만 65세 이상,2024-12-23,True,27750,good
CUS003322,70,SENIOR,S1_저사용절약형,F,25284,2026-04-26,False,15400,good
CUS003323,75,SENIOR,S5_통화집중균형형,F,37139,2025-01-10,False,15400,good
CUS003324,83,SENIOR,S1_저사용절약형,M,NA00004934,2024-06-25,True,14850,shortage
CUS003325,68,SENIOR,S5_통화집중균형형,M,Z202605257,2026-04-08,True,45750,good
CUS003326,74,SENIOR,S1_저사용절약형,M,35426,2026-06-20,True,10500,over
CUS003327,82,SENIOR,S5_통화집중균형형,M,1693_베이직7GB,2023-08-20,True,33750,shortage
CUS003328,81,SENIOR,S4_통화집중저데이터형,F,13984,2025-08-31,False,6600,shortage
CUS003329,69,SENIOR,S4_통화집중저데이터형,M,Z202606000,2025-12-30,True,35250,good
CUS003330,82,SENIOR,S4_통화집중저데이터형,F,NA00008234,2026-02-20,True,33000,good
CUS003331,67,SENIOR,S4_통화집중저데이터형,M,NA00009808,2025-09-14,True,89250,over
CUS003332,65,SENIOR,S4_통화집중저데이터형,F,1694_베이직 4GB(이월)_만 65세 이상,2026-03-02,True,27750,good
CUS003333,78,SENIOR,S2_일반균형형,M,36741,2023-12-24,True,550,shortage
CUS003334,78,SENIOR,S4_통화집중저데이터형,M,36242,2024-07-11,True,10,good
CUS003335,78,SENIOR,S1_저사용절약형,M,35443,2024-12-13,True,7000,good
CUS003336,67,SENIOR,S1_저사용절약형,F,1694_베이직 7GB(이월),2026-06-14,True,33750,good
CUS003337,67,SENIOR,S4_통화집중저데이터형,M,NA00009817,2024-03-07,True,96750,over
CUS003338,68,SENIOR,S2_일반균형형,M,1693_베이직14GB_만 65세 이상,2025-01-30,True,41250,good
CUS003339,79,SENIOR,S4_통화집중저데이터형,F,Z202605262,2025-09-04,True,21000,shortage
CUS003340,82,SENIOR,S5_통화집중균형형,F,1694_베이직 21GB(이월),2024-03-02,True,43500,shortage
CUS003341,75,SENIOR,S1_저사용절약형,F,35827,2025-11-28,True,7900,good
CUS003342,78,SENIOR,S2_일반균형형,F,1681_초이스110_위버스,2025-10-21,True,82500,over
CUS003343,75,SENIOR,S4_통화집중저데이터형,M,NA00006534_만 65세 이상,2024-08-23,True,24750,shortage
CUS003344,75,SENIOR,S4_통화집중저데이터형,M,36882,2026-03-09,True,34100,over
CUS003345,72,SENIOR,S4_통화집중저데이터형,M,34363,2025-05-25,False,22000,over
CUS003346,83,SENIOR,S2_일반균형형,F,1567_요고 30,2025-06-26,True,22500,shortage
CUS003347,78,SENIOR,S2_일반균형형,M,36990,2025-09-24,True,22800,over
CUS003348,75,SENIOR,S4_통화집중저데이터형,M,LPZ1007662,2024-10-30,True,21000,shortage
CUS003349,68,SENIOR,S4_통화집중저데이터형,F,NA00009782,2025-12-11,True,33750,good
CUS003350,81,SENIOR,S5_통화집중균형형,F,Z202605257,2026-03-21,True,45750,good
CUS003351,78,SENIOR,S2_일반균형형,M,Z202605258,2025-03-03,True,44250,good
CUS003352,78,SENIOR,S4_통화집중저데이터형,F,Z202606000,2025-03-08,True,35250,good
CUS003353,76,SENIOR,S1_저사용절약형,M,Z202605260,2025-09-18,True,27750,good
CUS003354,78,SENIOR,S2_일반균형형,M,NA00005479_만 65세 이상,2025-05-17,True,20872,shortage
CUS003355,68,SENIOR,S4_통화집중저데이터형,M,Z202605256,2025-12-13,True,47250,over
CUS003356,83,SENIOR,S4_통화집중저데이터형,M,1694_베이직 7GB(이월),2024-08-17,True,33750,good
CUS003357,75,SENIOR,S2_일반균형형,F,30988,2023-09-24,True,15000,shortage
CUS003358,82,SENIOR,S4_통화집중저데이터형,F,13984,2023-12-16,False,6600,shortage
CUS003359,77,SENIOR,S1_저사용절약형,F,1693_베이직4GB_만 65세 이상,2023-10-12,True,27750,good
CUS003360,78,SENIOR,S4_통화집중저데이터형,F,1694_베이직 4GB(이월)_만 65세 이상,2025-07-10,True,27750,good
CUS003361,79,SENIOR,S4_통화집중저데이터형,F,1693_베이직4GB_만 75세 이상,2024-12-29,True,27750,good
CUS003362,74,SENIOR,S4_통화집중저데이터형,F,25282,2025-08-03,True,90,shortage
CUS003363,65,SENIOR,S5_통화집중균형형,F,34363,2024-07-15,False,22000,good
CUS003364,73,SENIOR,S1_저사용절약형,F,35857,2023-09-07,True,11900,over
CUS003365,68,SENIOR,S4_통화집중저데이터형,F,29872,2025-04-04,False,5500,shortage
CUS003366,75,SENIOR,S1_저사용절약형,M,1567_요고 49,2026-07-02,True,36750,over
CUS003367,68,SENIOR,S4_통화집중저데이터형,F,1693_베이직7GB,2026-06-05,True,33750,good
CUS003368,80,SENIOR,S1_저사용절약형,F,1693_베이직7GB,2025-04-08,True,33750,good
CUS003369,77,SENIOR,S4_통화집중저데이터형,M,1694_베이직 7GB(이월),2025-04-03,True,33750,good
CUS003370,74,SENIOR,S4_통화집중저데이터형,F,LPZ1006744,2025-11-26,True,27750,good
CUS003371,80,SENIOR,S1_저사용절약형,F,36793,2026-05-14,False,3500,shortage
CUS003372,78,SENIOR,S2_일반균형형,M,35409,2024-01-28,False,45100,over
CUS003373,76,SENIOR,S5_통화집중균형형,F,1681_초이스110_만 75세 이상_디즈니+,2026-01-17,True,82500,over
CUS003374,83,SENIOR,S4_통화집중저데이터형,M,Z202205253_삼성디바이스,2024-07-13,True,97500,over
CUS003375,84,SENIOR,S1_저사용절약형,M,NA00006534_만 65세 이상,2026-06-20,True,24750,shortage
CUS003376,81,SENIOR,S4_통화집중저데이터형,M,NA00006534_만 65세 이상,2026-02-17,True,24750,shortage
CUS003377,82,SENIOR,S4_통화집중저데이터형,F,1693_베이직4GB_만 65세 이상,2025-05-08,True,27750,good
CUS003378,72,SENIOR,S4_통화집중저데이터형,M,NA00008234,2025-08-24,True,33000,good
CUS003379,78,SENIOR,S4_통화집중저데이터형,F,1694_베이직 4GB(이월)_만 75세 이상,2026-03-17,True,27750,good
CUS003380,68,SENIOR,S2_일반균형형,M,37142,2026-05-10,False,20400,good
CUS003381,78,SENIOR,S4_통화집중저데이터형,F,NA00008234,2024-04-23,True,33000,good
CUS003382,65,SENIOR,S4_통화집중저데이터형,F,15305,2026-04-02,True,31480,over
CUS003383,67,SENIOR,S4_통화집중저데이터형,M,1694_베이직 7GB(이월),2024-11-10,True,33750,good
CUS003384,66,SENIOR,S4_통화집중저데이터형,M,26295,2025-03-04,False,7900,shortage
CUS003385,85,SENIOR,S4_통화집중저데이터형,F,1693_베이직1.4GB_만 75세 이상,2026-05-03,True,24750,shortage
CUS003386,71,SENIOR,S4_통화집중저데이터형,M,NA00008234,2024-09-24,True,33000,good
CUS003387,71,SENIOR,S4_통화집중저데이터형,F,1693_베이직4GB,2023-12-07,True,27750,shortage
CUS003388,66,SENIOR,S4_통화집중저데이터형,F,1694_베이직 7GB(이월),2025-06-24,True,33750,good
CUS003389,69,SENIOR,S1_저사용절약형,M,36794,2023-08-23,False,4800,shortage
CUS003390,84,SENIOR,S2_일반균형형,F,1693_베이직21GB,2024-12-23,True,43500,good
CUS003391,83,SENIOR,S1_저사용절약형,F,Z202605260,2023-12-09,True,27750,good
CUS003392,74,SENIOR,S4_통화집중저데이터형,M,NA00009782,2025-03-29,True,33750,good
CUS003393,81,SENIOR,S4_통화집중저데이터형,F,NA00008235,2026-02-08,True,31500,good
CUS003394,65,SENIOR,S1_저사용절약형,M,1694_베이직 4GB(이월),2024-02-27,True,27750,shortage
CUS003395,80,SENIOR,S4_통화집중저데이터형,F,32019,2025-09-25,True,45100,over
CUS003396,68,SENIOR,S1_저사용절약형,M,31739,2025-07-12,True,90,good
CUS003397,76,SENIOR,S4_통화집중저데이터형,F,1693_베이직1.4GB_만 75세 이상,2024-11-11,True,24750,shortage
CUS003398,82,SENIOR,S1_저사용절약형,M,31400,2025-11-12,True,12000,good
CUS003399,85,SENIOR,S5_통화집중균형형,M,36264,2025-05-29,False,31500,over
CUS003400,69,SENIOR,S1_저사용절약형,F,34362,2023-09-09,False,20000,over
CUS003401,82,SENIOR,S4_통화집중저데이터형,M,NA00008234,2025-02-22,True,33000,good
CUS003402,81,SENIOR,S1_저사용절약형,M,16808,2025-08-11,False,8800,shortage
CUS003403,83,SENIOR,S4_통화집중저데이터형,F,35380,2025-05-17,False,15900,good
CUS003404,65,SENIOR,S4_통화집중저데이터형,M,26287,2023-12-11,False,42100,over
CUS003405,66,SENIOR,S5_통화집중균형형,M,1694_베이직 21GB(이월)_만 65세 이상,2024-05-09,True,43500,good
CUS003406,84,SENIOR,S5_통화집중균형형,F,34304,2026-01-24,True,3900,good
CUS003407,66,SENIOR,S4_통화집중저데이터형,F,Z202606000,2025-03-03,True,35250,good
CUS003408,76,SENIOR,S4_통화집중저데이터형,M,NA00009781_만 65세 이상,2024-08-05,True,29250,good
CUS003409,79,SENIOR,S1_저사용절약형,F,Z202205251_AI구독,2024-05-02,True,86250,over
CUS003410,69,SENIOR,S4_통화집중저데이터형,M,1693_베이직4GB_만 65세 이상,2025-12-15,True,27750,good
CUS003411,85,SENIOR,S4_통화집중저데이터형,M,LPZ1007662,2025-02-25,True,21000,shortage
CUS003412,78,SENIOR,S1_저사용절약형,M,NA00009781_만 65세 이상,2023-09-17,True,29250,good
CUS003413,78,SENIOR,S4_통화집중저데이터형,F,Z202605262,2025-02-10,True,21000,shortage
CUS003414,78,SENIOR,S2_일반균형형,M,1694_베이직 21GB(이월)_만 65세 이상,2026-05-18,True,43500,good
CUS003415,81,SENIOR,S1_저사용절약형,M,1692_초이스 더블 디바이스_지니스마트음악감상,2025-09-29,True,90000,over
CUS003416,77,SENIOR,S4_통화집중저데이터형,M,29836,2024-11-23,False,11770,good
CUS003417,76,SENIOR,S2_일반균형형,F,36990,2026-01-31,True,22800,over
CUS003418,68,SENIOR,S4_통화집중저데이터형,F,LPZ1006745,2026-02-06,True,21750,shortage
CUS003419,65,SENIOR,S4_통화집중저데이터형,M,33844,2024-01-09,True,9900,good
CUS003420,73,SENIOR,S1_저사용절약형,M,NA00009781_만 65세 이상,2024-07-06,True,29250,good
CUS003421,71,SENIOR,S4_통화집중저데이터형,F,1681_초이스90_만 65세 이상_위버스,2023-11-06,True,67500,over
CUS003422,73,SENIOR,S2_일반균형형,F,26178,2024-03-07,True,12100,good
CUS003423,76,SENIOR,S4_통화집중저데이터형,F,1694_베이직 7GB(이월),2025-07-27,True,33750,good
CUS003424,65,SENIOR,S1_저사용절약형,M,35432,2026-06-14,True,3600,good
CUS003425,70,SENIOR,S2_일반균형형,F,Z202605258,2024-03-27,True,44250,good
CUS003426,82,SENIOR,S1_저사용절약형,F,25247,2025-04-16,True,7200,good
CUS003427,84,SENIOR,S4_통화집중저데이터형,F,1693_베이직4GB_만 65세 이상,2025-09-07,True,27750,good
CUS003428,75,SENIOR,S4_통화집중저데이터형,F,1692_초이스 더블 유튜브 프리미엄+넷플릭스_만 75세 이상_밀리의서재,2024-06-10,True,90000,over
CUS003429,67,SENIOR,S4_통화집중저데이터형,F,21322,2025-01-03,True,13000,good
CUS003430,83,SENIOR,S5_통화집중균형형,F,1693_베이직10GB,2024-01-13,True,37500,shortage
CUS003431,85,SENIOR,S1_저사용절약형,F,1693_베이직7GB_만 75세 이상,2026-07-01,True,33750,over
CUS003432,74,SENIOR,S4_통화집중저데이터형,F,LPZ1006745,2026-04-27,True,21750,shortage
CUS003433,81,SENIOR,S1_저사용절약형,F,33036,2026-05-20,False,1490,good
CUS003434,85,SENIOR,S4_통화집중저데이터형,F,1694_베이직 7GB(이월),2024-10-24,True,33750,good
CUS003435,85,SENIOR,S1_저사용절약형,M,29793,2024-06-25,False,21600,good
CUS003436,73,SENIOR,S1_저사용절약형,F,20278,2023-10-17,False,27000,good
CUS003437,67,SENIOR,S1_저사용절약형,F,15372,2025-12-18,False,3300,shortage
CUS003438,77,SENIOR,S1_저사용절약형,M,36242,2024-12-25,True,10,good
CUS003439,66,SENIOR,S4_통화집중저데이터형,M,36256,2025-06-09,True,22950,over
CUS003440,69,SENIOR,S1_저사용절약형,M,11319,2024-09-12,False,13750,good
CUS003441,72,SENIOR,S5_통화집중균형형,M,1693_베이직30GB,2023-11-14,True,45750,good
CUS003442,85,SENIOR,S4_통화집중저데이터형,M,26291,2025-04-12,False,6900,shortage
CUS003443,66,SENIOR,S4_통화집중저데이터형,M,8432,2025-11-05,True,16500,good
CUS003444,80,SENIOR,S1_저사용절약형,M,20876,2025-06-28,False,8140,shortage
CUS003445,70,SENIOR,S2_일반균형형,F,1567_요고 30,2024-05-14,True,22500,shortage
CUS003446,83,SENIOR,S1_저사용절약형,F,35872,2024-02-05,True,2750,good
CUS003447,66,SENIOR,S4_통화집중저데이터형,M,NA00009781_만 65세 이상,2023-09-20,True,29250,good
CUS003448,67,SENIOR,S1_저사용절약형,F,Z202605260,2025-09-30,True,27750,good
CUS003449,71,SENIOR,S1_저사용절약형,F,36613,2025-10-20,True,8900,good
CUS003450,73,SENIOR,S5_통화집중균형형,F,35804,2024-08-17,True,5000,good
CUS003451,68,SENIOR,S1_저사용절약형,M,33520,2026-04-09,True,19800,over
CUS003452,83,SENIOR,S4_통화집중저데이터형,F,20876,2025-01-18,False,8140,shortage
CUS003453,84,SENIOR,S1_저사용절약형,F,1693_베이직7GB,2024-02-22,True,33750,good
CUS003454,66,SENIOR,S2_일반균형형,M,23373,2025-10-25,True,29000,good
CUS003455,70,SENIOR,S4_통화집중저데이터형,M,1693_베이직7GB,2024-12-09,True,33750,good
CUS003456,84,SENIOR,S4_통화집중저데이터형,F,1681_초이스90_넷플릭스,2024-01-29,True,67500,over
CUS003457,80,SENIOR,S4_통화집중저데이터형,F,1693_베이직600MB,2025-01-06,True,21675,shortage
CUS003458,71,SENIOR,S1_저사용절약형,M,NA00006534_만 65세 이상,2026-03-09,True,24750,shortage
CUS003459,78,SENIOR,S4_통화집중저데이터형,M,1693_베이직4GB_만 75세 이상,2026-02-08,True,27750,good
CUS003460,72,SENIOR,S4_통화집중저데이터형,F,1692_초이스 더블 유튜브 프리미엄+넷플릭스_밀리의서재,2023-08-25,True,90000,over
CUS003461,69,SENIOR,S4_통화집중저데이터형,F,1567_요고 30,2025-07-28,True,22500,good
CUS003462,72,SENIOR,S4_통화집중저데이터형,M,1694_베이직 7GB(이월),2026-03-02,True,33750,good
CUS003463,77,SENIOR,S4_통화집중저데이터형,M,1693_베이직4GB_만 75세 이상,2025-09-11,True,27750,good
CUS003464,81,SENIOR,S4_통화집중저데이터형,F,1567_요고 30,2025-04-01,True,22500,good
CUS003465,78,SENIOR,S1_저사용절약형,F,1681_초이스90_만 75세 이상_위버스,2025-06-09,True,67500,over
CUS003466,72,SENIOR,S1_저사용절약형,F,1692_초이스 더블 디즈니플러스+폰케어_모아진,2023-09-14,True,90000,over
CUS003467,65,SENIOR,S5_통화집중균형형,M,1567_요고 40,2024-07-22,True,30000,good
CUS003468,72,SENIOR,S4_통화집중저데이터형,M,NA00009782,2023-08-26,True,33750,good
CUS003469,69,SENIOR,S1_저사용절약형,M,26274,2025-05-12,False,9500,good
CUS003470,70,SENIOR,S1_저사용절약형,F,1693_베이직7GB,2025-01-04,True,33750,good
CUS003471,74,SENIOR,S4_통화집중저데이터형,M,35855,2023-10-01,True,4900,good
CUS003472,83,SENIOR,S5_통화집중균형형,F,18774,2025-12-12,True,36500,good
CUS003473,84,SENIOR,S4_통화집중저데이터형,F,13287,2025-11-23,False,2640,shortage
CUS003474,73,SENIOR,S5_통화집중균형형,F,Z202605261,2023-09-11,True,21750,shortage
CUS003475,67,SENIOR,S1_저사용절약형,F,Z202605257,2025-01-19,True,45750,over
CUS003476,66,SENIOR,S1_저사용절약형,M,1694_베이직 4GB(이월)_만 65세 이상,2025-11-16,True,27750,good
CUS003477,82,SENIOR,S1_저사용절약형,M,35889,2024-09-11,True,17900,over
CUS003478,78,SENIOR,S1_저사용절약형,M,Z202605260,2025-11-06,True,27750,good
CUS003479,77,SENIOR,S1_저사용절약형,M,NA00006534,2025-03-14,True,24750,shortage
CUS003480,68,SENIOR,S1_저사용절약형,M,1694_베이직 7GB(이월),2024-12-20,True,33750,good
CUS003481,67,SENIOR,S4_통화집중저데이터형,M,36744,2024-12-27,True,23100,good
CUS003482,78,SENIOR,S4_통화집중저데이터형,F,33039,2025-12-01,True,8600,good
CUS003483,67,SENIOR,S4_통화집중저데이터형,F,1692_초이스 더블 유튜브 프리미엄+넷플릭스_모아진,2026-06-13,True,90000,over
CUS003484,77,SENIOR,S1_저사용절약형,F,Z202605260,2024-05-09,True,27750,good
CUS003485,75,SENIOR,S2_일반균형형,F,26871,2024-03-23,True,15100,over
CUS003486,80,SENIOR,S4_통화집중저데이터형,M,36297,2023-11-01,True,14740,good
CUS003487,81,SENIOR,S1_저사용절약형,M,1697_음성 18.7_만 65세 이상,2024-07-14,True,14025,shortage
CUS003488,77,SENIOR,S5_통화집중균형형,F,1567_요고 44,2024-11-18,True,33000,good
CUS003489,65,SENIOR,S4_통화집중저데이터형,F,36896,2024-01-29,True,10,good
CUS003490,81,SENIOR,S1_저사용절약형,F,26276,2025-02-04,False,3900,shortage
CUS003491,70,SENIOR,S1_저사용절약형,F,NA00009781,2025-07-28,True,29250,good
CUS003492,84,SENIOR,S4_통화집중저데이터형,F,35418,2026-06-28,True,2900,over
CUS003493,70,SENIOR,S4_통화집중저데이터형,M,1694_베이직 7GB(이월),2024-04-05,True,33750,good
CUS003494,65,SENIOR,S4_통화집중저데이터형,F,Z202605262,2025-08-07,True,21000,shortage
CUS003495,65,SENIOR,S4_통화집중저데이터형,M,25338,2026-06-13,True,4400,good
CUS003496,77,SENIOR,S1_저사용절약형,F,Z202605260,2025-12-28,True,27750,good
CUS003497,71,SENIOR,S1_저사용절약형,M,29401,2025-04-11,False,18500,good
CUS003498,68,SENIOR,S4_통화집중저데이터형,F,NA00009781,2024-09-20,True,29250,good
CUS003499,79,SENIOR,S4_통화집중저데이터형,M,1694_베이직 4GB(이월)_만 65세 이상,2025-09-05,True,27750,good
CUS003500,76,SENIOR,S1_저사용절약형,F,NA00009781_만 65세 이상,2023-10-13,True,29250,good
