plan_id,plan_name,carrier_type,2026-07-22,2026-07-23,2026-07-24,2026-07-25,2026-07-26,2026-07-27,2026-07-28,2026-07-29,2026-07-30,2026-07-31,2026-08-01,2026-08-02,2026-08-03,2026-08-04,2026-08-05,2026-08-06,2026-08-07,2026-08-08,2026-08-09,2026-08-10,2026-08-11,2026-08-12,2026-08-13,2026-08-14,2026-08-15,2026-08-16,2026-08-17,2026-08-18,2026-08-19,2026-08-20
10271,통화 충분 10GB,MVNO,0,2,1,2,2,2,2,2,2,1,2,2,2,2,2,2,2,2,2,2,2,2,3,1,0,0,0,0,2,0
10364,DATA 걱정없는 유심 일5GB,MVNO,0,5,4,5,4,5,5,5,4,5,5,5,5,5,5,5,6,5,5,6,5,24,23,6,5,4,4,5,5,9
10365,슬림 안심 유심 1GB 100분,MVNO,0,0,0,0,0,0,0,0,0,0,0,0,0,0,0,0,0,0,0,0,0,2,3,0,0,0,0,0,0,0
10385,보편 유심 5GB 200분,MVNO,0,0,0,0,0,0,0,0,0,0,0,0,0,0,0,0,0,0,0,0,0,0,0,0,0,0,0,0,0,0
10388,5G 스페셜 유심 180GB,MVNO,0,3,4,4,4,4,5,4,5,5,5,6,5,6,6,6,7,7,7,7,8,15,15,11,5,6,6,5,11,4
10390,5G 유심 통화 맘편히 3GB,MVNO,0,2,2,2,2,2,2,3,2,3,3,2,3,3,3,3,4,3,4,3,4,7,6,10,0,1,1,0,5,5
10391,5G 유심 통화 맘편히 6GB,MVNO,0,1,0,1,1,1,1,0,1,1,1,1,1,1,0,1,1,1,1,1,1,0,0,2,0,0,0,0,0,0
10392,5G 유심 통화 맘편히 9GB,MVNO,0,1,1,2,1,2,1,1,2,1,2,1,2,2,1,2,2,1,2,2,2,2,2,3,0,0,0,0,0,0
10394,5G 스탠다드 유심 150GB,MVNO,0,3,3,3,4,4,3,4,4,5,4,5,4,5,6,5,6,6,6,6,7,9,10,13,6,6,6,6,5,10
10584,모두 충분 일5GB+(왓챠),MVNO,0,0,1,0,1,0,0,1,0,1,0,1,0,1,0,1,0,1,0,1,0,1,0,1,1,0,0,1,0,1
10586,모두 충분 11GB+(왓챠),MVNO,0,0,0,0,0,0,0,0,1,0,0,0,0,0,0,0,1,0,0,0,0,0,0,0,0,0,1,0,1,0
10699,이야기 300분+5GB (5G),MVNO,0,0,0,0,0,0,0,0,0,0,0,0,0,0,0,0,0,0,0,0,0,0,0,0,0,0,0,0,0,0
10700,이야기 300분+7GB(5G),MVNO,0,1,1,1,1,1,1,1,1,1,1,1,1,1,1,1,2,1,1,1,1,3,2,1,1,1,1,1,1,2
10701,이야기 300분+9GB(5G),MVNO,0,0,0,0,0,0,0,0,0,0,0,0,0,0,0,0,0,0,0,0,0,0,0,0,0,0,1,0,0,0
10766,통화 충분 1.5GB,MVNO,0,2,2,2,2,2,2,2,2,2,2,2,2,2,2,2,3,2,2,2,2,0,0,0,1,1,2,1,3,3
10767,통화 충분 2.5GB,MVNO,0,1,0,1,1,1,1,1,1,1,1,1,1,1,1,1,1,1,1,1,1,1,2,0,1,0,0,1,9,0
10768,통화 충분 4.5GB,MVNO,0,1,2,1,1,1,1,1,1,2,1,1,1,1,2,1,1,1,2,1,1,0,0,0,0,0,0,0,0,0
10769,모두 충분 11.0GB+(지니뮤직),MVNO,0,0,0,0,0,0,0,0,0,0,0,0,0,0,0,0,0,0,0,0,0,0,0,0,0,0,0,0,0,0
10898,내맘대로S(100+10GB),MVNO,0,6,6,6,6,6,6,7,6,6,6,6,6,7,6,6,6,7,6,7,6,7,6,8,6,6,7,6,13,4
10899,내맘대로S(200+10GB),MVNO,0,0,0,0,0,0,0,0,0,0,0,0,0,0,0,0,0,0,0,0,0,0,0,0,0,0,0,0,0,0
10903,모두 충분 7GB+(지니뮤직),MVNO,0,0,0,0,0,0,0,0,0,0,0,0,0,0,0,0,0,0,0,0,0,0,0,0,0,0,0,0,0,0
11073,데이터 안심 6GB+(USIM),MVNO,0,0,1,0,1,1,0,1,0,1,1,0,1,1,0,1,1,1,0,1,1,1,0,1,1,0,1,1,1,1
11074,데이터 안심 10GB+(USIM),MVNO,0,5,5,5,6,5,5,6,5,6,5,5,6,5,6,6,5,6,6,5,6,10,9,2,5,5,5,5,6,7
11076,데이터 안심 1GB+(USIM),MVNO,0,1,0,1,1,0,1,1,1,0,1,1,1,1,1,1,1,1,1,1,1,0,0,0,0,0,0,0,1,0
11078,올프리 4.5GB+(USIM),MVNO,0,2,2,2,2,2,2,2,2,1,2,2,2,2,2,2,2,2,2,2,2,7,6,8,2,2,1,2,0,2
11079,올프리 1GB+(USIM),MVNO,0,0,0,0,0,0,0,0,0,0,0,0,0,0,0,0,0,0,0,0,0,0,0,0,0,0,1,0,0,0
11080,실속 150분+1GB(USIM),MVNO,0,1,1,1,1,1,2,1,1,1,2,1,1,2,1,1,2,1,2,1,2,2,3,0,0,0,1,0,4,1
11082,실속 150분+2GB(USIM),MVNO,0,0,0,0,0,0,0,0,0,0,0,0,0,0,0,0,0,0,0,0,0,0,0,0,0,0,0,0,0,0
11083,데이터 안심 2.5GB+(USIM),MVNO,0,0,0,0,0,0,0,0,0,0,0,0,0,0,0,0,0,0,0,0,0,0,0,0,0,0,0,0,0,0
11084,데이터 안심 5GB+(USIM),MVNO,0,1,1,1,0,1,1,1,1,1,1,1,1,0,1,1,1,1,1,1,1,1,1,0,1,1,1,1,0,0
11088,실속 200분+2GB(USIM),MVNO,0,0,0,0,0,0,0,0,0,0,0,0,0,0,0,0,0,0,0,0,0,0,0,0,0,0,1,0,0,0
11090,실속 300분+3GB(USIM),MVNO,0,0,0,0,0,0,0,0,0,0,0,0,0,0,0,0,0,0,0,0,0,0,0,0,0,0,0,0,0,0
11197,보편 안심 유심 1GB 100분,MVNO,0,3,3,3,3,4,4,3,4,4,5,4,4,5,5,5,6,5,6,6,6,7,7,4,4,3,3,4,9,11
11198,슬림 안심 유심 2.5GB 200분,MVNO,0,0,0,1,0,0,0,1,0,0,1,0,0,1,0,0,1,0,0,1,0,1,1,1,0,1,1,0,0,0
11199,슬림 안심 유심 2.5GB 250분,MVNO,0,0,0,0,0,0,0,0,0,0,0,0,0,0,0,0,0,0,0,0,0,0,0,0,0,0,0,0,0,0
11200,DATA 걱정없는 유심 1GB,MVNO,0,9,9,9,9,10,9,10,10,10,10,10,10,11,11,11,10,12,11,11,12,0,0,10,9,10,10,9,23,15
11201,보편 안심 유심 5GB 100분,MVNO,0,0,0,0,0,0,0,0,0,0,0,0,0,0,0,0,0,0,0,0,0,0,0,0,0,0,0,0,0,0
11202,보편 안심 유심 6GB 200분,MVNO,0,0,0,0,0,0,0,0,0,0,0,0,0,0,0,0,0,0,0,0,0,0,0,0,0,0,0,0,0,0
11203,DATA 걱정없는 유심 5GB,MVNO,0,0,0,0,0,0,0,0,0,0,0,0,0,0,0,0,0,0,0,0,0,0,0,0,0,0,0,0,1,0
11317,[평생할인]인스 유심 스트롱 11GB+,MVNO,0,1,0,1,0,1,0,1,0,1,0,1,0,1,0,1,0,1,0,1,0,0,1,0,0,0,0,0,2,0
11318,[평생할인]인스 유심 올프리 7GB+,MVNO,0,0,1,0,0,0,1,0,0,0,1,0,0,0,1,0,0,0,1,0,0,0,1,0,0,0,0,0,0,0
11319,[평생할인]인스 유심 올프리 6GB+,MVNO,0,0,0,0,0,0,0,0,0,0,0,0,0,0,0,0,0,0,0,0,0,1,0,0,0,0,0,0,0,0
11320,[평생할인]데이터 안심 5GB+(USIM),MVNO,0,1,1,1,1,0,1,1,1,1,1,1,1,1,1,1,1,1,1,1,1,0,0,0,0,0,0,0,1,0
11321,[평생할인]인스 유심 스트롱 15GB+,MVNO,0,1,0,1,0,1,0,1,0,1,0,1,0,1,0,1,0,1,0,1,0,0,0,0,1,0,0,1,2,0
11419,보편 안심 유심 3GB 200분,MVNO,0,0,0,0,0,0,0,0,0,0,0,0,0,0,0,0,0,0,0,0,0,0,0,0,0,0,0,0,0,0
11420,보편 유심 3.5GB 150분,MVNO,0,0,0,0,0,0,0,0,0,0,0,0,0,0,0,0,0,0,0,0,0,0,0,0,0,0,0,0,0,0
11421,보편 유심 5GB 100분,MVNO,0,0,0,0,0,0,0,0,1,0,0,0,0,0,0,0,1,0,0,0,0,0,0,0,0,0,1,0,0,0
11717,LTE 실속 15GB+(100분) / 11월에 개통하면 최대 11.9만원 혜택,MVNO,0,0,0,0,0,0,0,0,0,0,0,0,0,0,0,0,0,0,0,0,0,0,0,0,0,0,0,0,0,0
11718,LTE 실속 15GB+(300분),MVNO,0,0,0,0,0,0,0,0,0,0,0,0,0,0,0,0,0,0,0,0,0,0,0,0,0,0,1,0,0,0
11719,LTE 무제한 7GB+,MVNO,0,0,0,0,0,0,0,0,0,0,0,0,0,0,0,0,0,0,0,0,0,0,0,0,0,0,0,0,0,0
11720,LTE 무제한 11GB+,MVNO,0,0,1,1,1,1,1,1,1,1,1,1,1,1,1,1,1,1,1,1,1,2,1,0,0,0,0,0,0,1
11741,[모요only] 모두이야기해 6GB+,MVNO,0,12,12,12,13,13,14,15,14,16,16,17,17,18,18,20,20,21,21,23,23,42,43,43,24,25,25,24,34,35
11793,모두 충분 11GB+(요기요),MVNO,0,0,0,0,0,0,0,0,0,0,0,0,0,0,0,0,0,0,0,0,0,0,0,0,0,0,0,0,0,0
11964,The 착한 데이터 유심 9GB 3000분,MVNO,0,4,5,4,5,5,6,5,6,6,7,7,7,7,8,9,8,10,9,10,11,13,14,64,44,44,45,44,68,62
12152,5G 이야기 무한 110GB,MVNO,0,2,2,2,3,2,2,2,3,2,2,3,2,2,3,2,3,2,3,2,3,0,0,0,0,0,0,0,4,1
12273,내맘대로S(500+500MB),MVNO,0,0,0,0,0,0,0,0,0,0,0,0,0,0,0,0,0,0,0,0,0,0,0,0,0,0,0,0,0,0
12274,내맘대로S(100+1GB),MVNO,0,0,0,0,0,0,0,0,0,0,0,0,0,0,0,0,0,0,0,0,0,0,0,0,0,0,0,0,0,0
12275,내맘대로S(150+1GB),MVNO,0,2,3,2,3,2,3,3,2,3,3,3,4,3,3,3,4,4,3,4,4,0,0,4,5,4,5,5,7,2
12276,내맘대로S(300+1GB),MVNO,0,1,1,2,1,1,1,1,2,1,1,2,1,1,2,1,2,1,2,1,2,2,3,5,1,1,1,1,2,2
12277,내맘대로S(300+3GB),MVNO,0,0,0,0,0,0,0,0,0,0,0,0,0,0,0,0,0,0,0,0,0,0,0,0,0,0,0,0,0,0
12278,내맘대로S(300+6GB),MVNO,0,1,1,1,1,1,1,1,1,1,1,1,1,1,1,1,1,1,1,1,1,1,1,0,6,7,6,6,0,0
12279,내맘대로S(300+10GB),MVNO,0,0,0,0,0,0,0,0,0,0,0,0,0,0,0,0,0,0,0,0,0,0,0,0,0,0,0,0,0,0
12280,내맘대로S(350+4GB),MVNO,0,0,0,0,0,0,0,0,0,0,0,0,0,0,0,0,0,0,0,0,0,0,0,0,0,0,0,0,0,0
12281,내맘대로S(200+1GB),MVNO,0,0,0,0,1,0,0,0,1,0,0,0,1,0,0,1,0,1,0,1,0,0,0,0,2,3,3,2,4,4
12282,내맘대로S(200+2GB),MVNO,0,0,0,0,0,1,0,0,0,1,0,0,0,0,1,0,0,0,1,0,0,0,0,0,0,0,0,0,0,0
12283,내맘대로S(200+5GB),MVNO,0,11,11,11,12,13,13,14,15,15,17,17,18,18,20,21,22,22,24,26,26,58,58,42,30,30,30,30,47,34
12428,슬림 1GB/100분,MVNO,0,38,38,38,39,38,39,39,39,39,39,39,39,39,40,39,40,40,40,40,40,45,45,23,10,10,9,10,96,41
12429,슬림 1.5GB/150분,MVNO,0,8,8,9,8,9,8,9,9,9,9,9,10,9,9,10,9,10,10,10,10,4,4,10,11,11,10,11,16,13
12430,슬림 2GB/200분,MVNO,0,5,6,5,6,6,5,6,6,6,6,6,6,6,6,6,6,7,6,6,7,6,6,3,7,7,7,7,14,8
12431,슬림 3GB/300분,MVNO,0,4,3,3,4,3,3,4,3,3,4,3,3,4,3,4,3,4,3,4,3,0,0,0,3,4,4,3,12,2
12438,5G 유심 6GB 200분,MVNO,0,1,1,1,1,1,1,1,2,1,1,1,1,2,1,1,1,2,1,2,1,2,1,4,0,1,0,0,1,3
12565,LTE 실속 2GB(200분),MVNO,0,0,0,0,0,0,0,0,0,0,0,0,0,0,0,0,0,0,0,0,0,0,0,0,0,0,0,0,0,1
12566,LTE 실속 3GB(200분),MVNO,0,0,0,0,0,0,0,0,0,0,0,0,0,0,0,0,0,0,0,0,0,0,0,0,0,0,0,0,0,0
12567,LTE 실속 5GB(200분),MVNO,0,0,0,0,0,0,0,0,0,0,0,0,0,0,0,0,0,0,0,0,0,0,0,0,0,0,0,0,0,0
12568,LTE 실속 10GB(100분),MVNO,0,0,0,0,0,0,0,0,0,0,0,0,0,0,0,0,0,0,0,0,0,0,0,0,0,0,0,0,0,0
12569,LTE 실속 3GB+(200분),MVNO,0,0,0,0,0,0,0,0,0,0,0,0,0,0,0,0,0,0,0,0,0,0,0,0,0,0,0,0,0,0
12570,LTE 실속 5GB+(200분),MVNO,0,0,0,0,0,0,0,0,0,0,0,0,0,0,0,0,0,0,0,0,0,0,0,0,0,0,0,0,0,1
12572,LTE 무제한 7GB+,MVNO,0,0,0,0,0,0,0,0,0,0,0,0,0,0,0,0,0,0,0,0,0,0,0,0,0,0,0,0,0,0
12573,LTE 무제한 11GB+,MVNO,0,0,1,1,1,1,1,1,1,1,1,1,1,1,1,1,1,1,1,1,1,2,1,0,0,0,0,0,0,1
12574,LTE 무제한 100GB+,MVNO,0,6,5,6,6,7,6,7,7,8,8,8,8,9,9,9,10,11,10,11,12,0,0,0,0,0,0,0,0,0
12576,5G 무제한 110GB+,MVNO,0,0,0,0,0,0,0,0,0,0,0,0,0,0,0,0,0,0,0,0,0,0,0,0,0,0,0,0,0,0
12577,5G 무제한 200GB+,MVNO,0,1,1,0,1,1,1,0,1,1,1,1,1,0,1,1,1,1,1,1,1,0,0,1,0,0,0,0,0,0
12578,5G 무제한 250GB+,MVNO,0,0,0,0,0,0,0,0,0,0,0,0,0,0,0,0,0,0,0,0,0,0,0,0,0,0,0,0,0,0
13286,[평생할인]실속 300분+5GB(USIM),MVNO,0,1,1,1,1,1,1,1,0,1,1,1,1,1,1,1,1,1,1,1,1,1,1,0,0,0,0,0,0,4
13287,[평생할인]실속 300분+3GB(USIM),MVNO,0,0,0,0,0,0,0,0,0,0,0,0,0,0,0,0,0,0,0,0,0,0,0,0,0,0,0,0,0,0
13288,[평생할인]실속 200분+2GB(USIM),MVNO,0,0,0,0,0,0,0,0,0,0,0,0,0,0,0,0,0,0,0,0,0,0,1,0,0,0,0,0,0,0
13427,웨어러블 Watch,MVNO,0,4,5,4,5,5,4,5,5,5,5,5,5,5,5,5,5,6,5,6,5,6,7,0,2,2,1,2,5,7
13520,LTE 무제한 7GB+(지니뮤직),MVNO,0,0,0,0,0,0,0,0,0,0,0,0,0,0,0,0,0,0,0,0,0,0,0,0,0,0,0,0,0,1
13524,5G무제한 110GB+,MVNO,0,2,2,2,2,3,2,3,2,3,3,3,4,3,4,4,4,4,4,5,5,0,0,0,0,0,0,0,0,0
13525,5G무제한 200GB+,MVNO,0,0,0,0,0,0,0,0,0,0,0,0,0,0,0,0,0,0,0,0,0,0,0,0,0,0,0,0,0,0
13753,5G 이야기 무한 11GB,MVNO,0,0,0,0,0,0,0,0,0,0,0,0,0,0,0,0,0,0,0,0,0,0,0,0,0,0,0,0,1,0
13768,5G 이야기 무한 24GB,MVNO,0,0,0,0,0,0,0,0,0,0,0,0,0,0,0,0,0,0,0,0,0,0,0,0,0,0,1,0,0,0
13784,통화 충분 6.5GB,MVNO,0,2,3,2,2,3,2,2,3,2,3,2,3,2,3,2,3,2,3,2,3,9,9,3,2,3,3,2,1,1
13785,모두 충분 1.5GB+,MVNO,0,7,7,7,7,7,7,7,7,8,7,7,7,7,8,7,7,8,7,8,7,2,2,0,4,4,5,4,22,11
13786,모두 충분 4.5GB+,MVNO,0,0,0,0,0,0,0,0,0,0,0,0,0,0,0,0,0,0,0,0,0,0,0,0,0,0,0,0,0,0
13787,모두 충분 6GB+,MVNO,0,0,0,0,0,0,0,0,0,0,0,0,0,0,0,0,0,0,0,0,0,0,0,1,0,0,0,0,0,0
13796,마블링 프라임(5G) 150GB+5Mbps,MVNO,0,0,0,0,0,0,0,0,0,0,0,0,0,0,0,0,0,0,0,0,0,0,0,0,0,0,0,0,0,0
13798,마블링 스탠다드 1GB+1Mbps,MVNO,0,0,0,0,0,0,0,0,0,0,0,0,0,0,0,0,0,0,0,0,0,0,0,0,0,0,0,0,0,0
13852,[L]그란데(100분/6GB),MVNO,0,5,5,6,6,6,6,6,7,7,7,7,7,8,8,8,9,8,9,9,10,13,12,11,9,10,9,9,18,9
13891,"[일반] 통화, 데이터 마음대로 7GB+",MVNO,0,0,0,0,0,0,0,0,0,0,0,0,0,0,0,0,0,0,0,0,0,0,0,0,0,0,0,0,0,0
13892,"[일반] 통화, 데이터 마음대로 11GB+",MVNO,0,1,0,1,0,1,0,1,0,1,0,1,0,1,0,1,0,1,0,0,1,0,0,0,0,0,0,0,1,0
13897,[일반] 데이터 마음대로 (15GB+/300분),MVNO,0,0,0,0,0,0,0,0,0,0,0,0,0,0,0,0,0,0,0,0,0,0,0,0,0,0,0,0,0,0
13899,[모빌카드 스페셜] 데이터 마음대로 (15GB+/300분),MVNO,0,1,0,1,0,1,0,1,0,1,1,0,1,0,1,1,0,1,1,0,1,1,0,0,1,1,0,1,1,1
13901,[일반] 데이터 마음대로 (15GB+/100분),MVNO,0,0,0,0,0,0,0,0,0,0,0,0,0,0,0,0,0,0,0,0,0,0,0,0,0,0,0,0,0,0
13903,"[일반] 통화, 데이터 마음대로 Pro",MVNO,0,0,0,0,0,0,0,0,0,0,0,0,0,0,0,0,0,0,0,0,0,0,0,0,0,0,0,0,0,0
13904,[모빌카드 스페셜] 데이터 마음대로 (15GB+/100분),MVNO,0,0,0,0,0,0,0,0,0,0,0,0,0,0,0,0,0,0,0,0,0,0,0,0,0,0,0,0,0,0
13905,[일반] 유심 5G 180GB+,MVNO,0,0,0,0,0,0,0,0,0,0,0,0,0,0,0,0,0,0,0,0,0,0,0,1,0,0,0,0,0,0
13907,[일반] 유심 5G 150GB+,MVNO,0,0,0,1,0,1,0,1,0,1,0,1,0,1,0,1,0,1,0,0,1,0,0,1,0,0,0,0,0,0
13909,"[모빌카드 스페셜] 통화, 데이터 마음대로 11GB+",MVNO,0,3,3,3,3,3,3,3,3,3,3,3,3,3,3,3,3,3,3,3,3,3,3,0,0,0,0,0,0,0
13910,"[모빌카드 스페셜] 통화, 데이터 마음대로 Pro",MVNO,0,0,0,0,0,0,0,0,0,0,0,0,0,0,0,0,0,0,0,0,0,0,0,0,0,0,0,0,0,0
13914,[일반] 유심 5G 12GB+,MVNO,0,0,0,0,0,0,0,0,0,0,0,0,0,0,0,0,0,0,0,0,0,0,0,0,0,0,0,0,0,0
13955,세이브머니유심(100분/10GB+),MVNO,0,0,0,0,0,0,0,0,0,0,0,0,0,0,0,0,0,0,0,0,0,0,0,0,0,0,0,0,0,0
13972,함께이야기해S(100분+10GB),MVNO,0,1,0,1,1,0,1,1,1,1,1,1,1,1,1,1,1,2,1,1,2,0,0,0,0,0,0,0,4,0
13973,함께이야기해S(300분+10GB),MVNO,0,1,0,0,1,0,1,0,1,0,1,0,1,1,0,1,1,1,0,1,1,0,0,0,4,4,3,4,7,2
13974,함께이야기해S(500분+10GB),MVNO,0,0,1,0,0,1,0,0,1,0,0,1,0,1,0,1,0,0,1,0,1,0,0,0,2,3,3,2,4,1
13975,함께이야기해S(1000분+10GB),MVNO,0,0,0,0,0,0,0,0,0,0,0,0,0,0,0,0,0,0,0,0,0,0,1,0,0,1,0,0,0,0
13976,함께이야기해S(100분+20GB),MVNO,0,0,0,0,0,0,0,0,0,0,0,0,0,0,0,0,0,0,0,0,0,0,0,0,0,1,0,0,0,0
13977,함께이야기해S(300분+20GB),MVNO,0,2,3,3,3,3,4,3,3,4,3,4,4,3,4,4,4,5,4,4,5,7,7,5,5,5,5,5,8,6
13978,함께이야기해S(500분+20GB),MVNO,0,0,0,0,0,0,0,0,0,0,0,0,0,0,0,0,0,0,0,0,0,0,0,0,0,0,1,0,0,0
13979,함께이야기해S(1000분+20GB),MVNO,0,0,0,0,0,0,0,0,0,0,0,0,0,0,0,0,0,0,0,0,0,0,0,0,0,0,0,0,0,0
13980,함께이야기해S(100분+30GB),MVNO,0,2,1,2,1,2,1,2,2,1,2,1,2,2,1,2,2,2,1,2,2,3,2,0,2,2,2,2,1,3
13981,함께이야기해S(300분+30GB),MVNO,0,0,0,0,0,0,0,0,0,0,0,0,0,0,0,0,0,0,0,0,0,0,0,0,0,0,0,0,0,0
13982,함께이야기해S(500분+30GB),MVNO,0,0,0,0,0,0,0,0,0,0,0,0,0,0,0,0,0,0,0,0,0,0,0,1,0,0,0,0,0,0
13983,함께이야기해S(1000분+30GB),MVNO,0,0,0,0,0,0,0,0,0,0,0,0,0,0,0,0,0,0,0,0,0,0,0,0,0,0,0,0,0,1
13984,5G 함께이야기해S (200분+3GB),MVNO,0,0,0,0,0,0,0,0,0,0,0,0,0,0,0,0,0,0,0,0,0,0,0,0,0,0,0,0,0,0
13985,5G 함께이야기해S (200분+6GB),MVNO,0,0,0,0,0,0,0,0,0,0,0,0,0,0,0,0,0,0,0,0,0,0,0,0,0,0,0,0,0,0
13986,5G 함께이야기해S (200분+10GB),MVNO,0,2,2,3,2,3,2,3,2,3,3,2,3,3,3,3,3,3,3,4,3,0,0,0,0,0,0,0,0,0
13987,5G 함께이야기해S (200분+15GB),MVNO,0,0,0,0,0,0,0,0,0,0,0,0,0,0,0,0,0,0,0,0,0,0,0,0,1,1,1,1,0,0
13988,5G 함께이야기해S (200분+20GB),MVNO,0,1,0,1,1,0,1,1,0,1,1,1,0,1,1,0,1,1,1,0,1,0,1,1,1,1,0,1,0,1
14271,인스 유심 스피드(5G) 음성200분+7GB,MVNO,0,4,4,4,4,5,5,5,5,5,5,6,6,6,6,6,7,6,7,8,7,11,11,5,6,6,5,6,11,10
14273,데이터 안심 250분+2.5GB+(USIM),MVNO,0,0,0,0,0,0,0,0,0,0,0,0,0,0,0,0,0,0,0,0,0,0,0,0,0,0,0,0,0,0
14274,데이터 안심 100분+5GB+(USIM),MVNO,0,1,0,1,1,1,1,0,1,1,1,1,1,1,1,1,1,1,2,1,1,1,1,3,1,2,2,1,0,0
14275,인스 유심 스피드(5G) 음성200분+5GB,MVNO,0,0,0,0,0,0,0,0,0,0,0,0,0,0,0,0,0,0,0,0,0,0,0,0,0,0,0,0,0,0
14479,마블링 스탠다드 1GB,MVNO,0,0,0,0,0,0,0,0,0,0,0,0,0,0,0,0,0,0,0,0,0,0,0,0,0,0,0,0,0,0
14757,모두 충분 11.0GB+(기프티쇼),MVNO,0,0,0,0,0,0,0,0,0,0,0,0,0,0,0,0,0,0,0,0,0,0,0,0,0,0,0,0,0,0
14829,다이렉트5G 62,MVNO,0,2,1,1,1,1,2,1,1,1,2,1,1,1,2,1,1,1,2,1,1,1,2,1,0,0,0,0,1,9
14830,다이렉트5G 55,MVNO,0,0,0,0,0,0,0,0,0,0,0,0,0,0,0,0,0,0,0,0,0,0,0,2,0,0,0,0,0,0
14831,다이렉트5G 48,MVNO,0,3,3,3,3,3,3,3,3,3,3,4,3,3,3,3,3,3,4,3,3,2,1,5,0,0,0,0,0,0
14832,다이렉트5G 42,MVNO,0,0,1,0,1,1,0,1,1,0,1,1,0,1,1,0,1,1,1,0,1,0,0,1,0,1,1,0,1,0
14839,다이렉트LTE 22,MVNO,0,1,1,1,1,2,1,1,1,1,1,1,2,1,1,1,2,1,1,2,1,0,0,3,2,2,2,2,1,1
14983,5G 통화 충분 20GB,MVNO,0,1,0,1,0,1,0,1,0,1,0,1,0,1,0,1,0,1,0,1,0,0,1,0,0,0,0,0,0,0
14984,5G 통화 충분 30GB,MVNO,0,2,2,2,2,2,2,2,2,2,2,2,2,2,2,2,2,2,2,2,2,0,0,0,0,0,0,0,2,0
14985,5G 모두 충분 110GB+,MVNO,0,1,1,1,1,1,1,1,1,1,1,1,1,1,1,1,1,1,1,1,1,0,0,0,0,0,0,0,0,2
14987,CU 유심 1.5GB 150분,MVNO,0,1,1,0,1,0,1,0,1,1,0,1,1,0,1,1,1,1,0,1,1,1,1,2,0,0,0,0,1,0
15001,프레딧 유심 1.5GB 150분,MVNO,0,0,0,0,1,0,0,0,1,0,0,0,1,0,0,1,0,1,0,1,0,0,0,1,1,0,1,1,3,1
15033,마블링 프라임(5G) 95GB+3Mbps,MVNO,0,0,0,0,0,0,0,0,0,0,0,0,0,0,0,0,0,0,0,0,0,0,0,0,0,0,0,0,0,0
15034,마블링 프라임(5G) 125GB+5Mbps,MVNO,0,0,0,0,0,0,0,0,0,0,0,0,0,0,0,0,0,0,0,0,0,0,0,0,0,0,0,0,0,0
15059,이야기 라이트 1GB+,MVNO,0,2,2,1,2,2,2,2,2,1,2,2,2,2,2,2,2,2,2,2,2,0,0,0,0,0,0,0,2,0
15062,이야기 라이트 6GB+,MVNO,0,0,0,0,0,0,0,0,0,0,0,0,0,0,0,0,0,0,0,0,0,0,0,0,0,0,0,0,0,0
15064,이야기 베이직 2.5GB+,MVNO,0,0,0,0,0,0,0,0,0,0,0,0,0,0,0,0,0,0,0,0,0,0,0,0,0,0,0,0,0,0
15065,이야기 라이트 3.5GB+,MVNO,0,0,0,0,0,0,0,0,0,0,0,0,0,0,0,0,0,0,0,0,0,0,0,0,0,0,0,0,1,0
15066,이야기 스탠다드 100분15GB+,MVNO,0,0,0,0,0,0,0,0,1,0,0,0,0,0,0,0,1,0,0,0,0,0,0,1,0,0,1,0,0,0
15067,이야기 스탠다드 300분15GB+,MVNO,0,0,0,0,0,0,0,0,0,0,0,0,0,0,0,0,0,0,0,0,0,0,0,0,0,0,1,0,0,0
15068,이야기 스탠다드 11GB+,MVNO,0,0,1,0,0,0,1,0,0,0,1,0,0,0,1,0,0,0,1,0,0,0,0,0,1,0,0,1,0,0
15069,이야기 스페셜 매일5GB+,MVNO,0,0,0,0,0,0,0,0,0,0,0,0,1,0,0,0,0,0,0,0,0,0,0,0,0,0,0,0,0,0
15070,이야기 라이트 100분1GB+,MVNO,0,0,0,0,0,0,0,0,0,0,0,0,0,0,0,0,0,0,0,0,0,0,0,0,0,0,0,0,0,0
15071,이야기 라이트 100분5GB+,MVNO,0,0,1,0,1,0,1,0,1,0,1,0,1,0,1,0,1,0,1,0,1,1,1,1,0,1,0,0,0,0
15072,이야기 라이트 200분2.5GB+,MVNO,0,0,0,0,0,0,0,0,0,0,0,0,0,0,0,0,0,0,0,0,0,0,0,0,0,0,0,0,0,0
15073,이야기 라이트 250분2.5GB+,MVNO,0,0,0,0,0,0,0,0,0,0,0,0,0,0,0,0,0,0,0,0,0,0,0,0,0,0,0,0,0,0
15075,이야기 라이트 200분6GB+,MVNO,0,0,0,0,0,0,0,0,0,0,0,0,0,0,0,0,0,0,0,0,0,0,0,0,1,2,1,1,0,1
15076,이야기 라이트 100분10GB+,MVNO,0,0,1,1,0,1,1,1,0,1,1,1,0,1,1,1,1,0,1,1,1,4,3,1,0,0,0,0,0,0
15077,5G 이야기 라이트 9GB+,MVNO,0,0,0,0,0,0,0,0,0,0,0,0,0,0,0,0,0,0,0,0,0,0,0,0,0,0,0,0,0,0
15079,5G이야기 스페셜 150GB+,MVNO,0,4,3,3,3,3,3,3,3,4,3,3,3,4,3,4,3,3,4,3,4,9,9,10,3,4,4,3,4,4
15080,5G 이야기 프리미엄 180GB+,MVNO,0,0,0,0,0,0,0,0,0,0,0,0,0,0,0,0,0,0,0,0,0,0,0,0,0,0,0,0,0,0
15305,인스 유심 스피드(5G) 180GB+,MVNO,0,1,1,1,0,2,1,1,1,1,1,1,2,1,1,2,1,1,2,1,2,2,2,1,1,2,1,1,2,3
15306,인스 유심 올프리 7GB+,MVNO,0,3,4,4,4,5,4,5,5,5,5,6,6,6,6,7,6,8,7,8,8,0,0,0,5,6,6,5,17,15
15323,인스 유심 올프리 6GB+,MVNO,0,0,0,0,0,0,0,0,0,0,0,0,0,0,0,0,0,0,0,0,0,0,0,1,0,0,0,0,0,0
15332,인스 유심 스피드(5G) 9GB+,MVNO,0,0,0,0,0,0,0,0,0,0,0,0,0,0,0,0,0,0,0,0,0,0,0,1,1,0,0,1,0,0
15371,[평생할인]인스 유심 음성 60분+500MB,MVNO,0,1,0,1,0,1,0,1,0,1,0,0,1,0,1,0,1,0,1,0,1,0,0,1,0,0,0,0,0,0
15372,[평생할인]인스 유심 음성 100분+1GB,MVNO,0,8,8,9,8,9,8,9,9,9,10,9,9,10,10,10,10,10,10,10,11,0,0,0,0,0,0,0,0,0
15373,[평생할인]인스 유심 음성 120분+1.5GB,MVNO,0,0,0,0,0,0,0,0,0,0,0,0,0,0,0,0,0,0,0,0,0,0,0,0,0,0,0,0,0,0
15407,0 청년 다이렉트 62,MVNO,0,3,2,2,2,2,3,2,2,2,3,2,2,2,3,2,2,3,2,3,2,0,0,0,0,0,0,0,10,5
15408,0 청년 다이렉트 55,MVNO,0,1,2,2,2,1,2,2,2,2,2,2,1,2,2,2,2,2,2,2,2,3,2,0,0,0,0,0,2,0
15409,0 청년 다이렉트 48,MVNO,0,6,6,5,6,6,6,5,6,6,6,6,6,6,6,6,6,6,6,6,6,7,6,8,1,1,1,1,6,0
15410,0 청년 다이렉트 42,MVNO,0,0,1,1,1,1,1,1,1,1,0,1,1,1,1,1,1,1,1,1,1,0,0,1,1,1,1,1,2,0
15411,0 청년 다이렉트 34,MVNO,0,1,1,1,1,1,1,1,1,1,1,0,1,1,1,1,1,1,1,1,1,4,4,1,0,0,0,0,0,0
15412,0 청년 다이렉트 30,MVNO,0,0,0,0,0,0,0,0,0,0,0,0,0,0,0,0,0,0,0,0,0,0,0,0,0,0,0,0,0,0
15735,데이터안심무제한7G+,MVNO,0,1,0,0,1,0,1,0,0,1,0,1,0,1,0,1,0,1,0,1,0,0,1,0,4,3,4,4,9,0
15741,데이터안심15G+,MVNO,0,0,0,0,0,0,0,0,0,0,0,0,0,0,0,0,0,0,0,0,0,0,0,0,0,0,0,0,0,0
15848,이야기 무한 1GB+,MVNO,0,0,0,0,0,0,0,0,0,0,0,0,0,0,0,0,0,0,0,0,0,0,0,0,0,0,0,0,0,0
15928,(5G)더빠른125G+,MVNO,0,0,0,0,0,0,0,0,0,0,0,0,0,0,0,0,0,0,0,0,0,0,0,2,0,0,1,0,0,0
15945,더든든한200분15G,MVNO,0,22,23,23,23,23,24,24,24,25,25,25,26,26,26,26,27,27,28,28,28,32,33,25,17,17,18,17,31,39
15947,(5G)더빠른200G+,MVNO,0,1,1,0,1,1,0,1,1,1,0,1,1,1,0,1,1,1,0,1,1,0,1,0,0,0,0,0,1,0
15948,(5G)더빠른110G+,MVNO,0,0,1,1,1,1,0,1,1,1,1,0,1,1,1,1,1,0,1,1,1,0,0,0,0,0,0,0,0,0
16036,이마트24_Star,MVNO,0,0,0,0,0,0,0,0,0,0,0,0,0,0,0,0,0,0,0,0,0,0,0,0,0,0,0,0,0,1
16037,이마트24_Grande+,MVNO,0,0,0,0,0,0,0,0,0,0,0,0,0,0,0,0,0,0,0,0,0,0,0,0,0,0,0,0,0,0
16038,이마트24_Tall+,MVNO,0,0,0,0,0,0,0,0,0,0,0,0,0,0,0,0,0,0,0,0,0,0,0,0,0,0,0,0,0,0
16039,이마트24_Short+,MVNO,0,0,0,0,0,0,0,0,0,0,0,0,0,0,0,0,0,0,0,0,0,0,0,0,1,0,0,1,0,0
16083,이마트24_Venti,MVNO,0,0,0,0,0,0,0,0,0,0,0,0,0,0,0,0,0,0,0,0,0,0,0,0,0,0,0,0,0,0
16085,프리티든든한 5G,MVNO,0,0,0,0,0,0,0,0,0,0,0,0,0,0,0,0,0,0,0,0,0,0,10,12,36,36,37,36,41,24
16228,USIM데이터11G(밀리의서재)+,MVNO,0,0,0,0,0,0,0,0,0,0,0,0,0,0,0,0,0,0,0,0,0,0,0,0,0,0,0,0,0,0
16266,5G 모두 충분 50GB+,MVNO,0,0,1,0,0,0,1,0,0,0,1,0,0,0,1,0,0,0,1,0,0,1,1,0,0,1,1,0,0,0
16267,5G 모두 충분 70GB+,MVNO,0,0,1,1,1,1,1,1,1,1,1,1,1,1,1,1,1,1,1,1,1,0,0,1,1,2,1,1,1,2
16268,5G 모두 충분 90GB+,MVNO,0,1,0,1,0,1,1,0,1,1,1,0,1,1,1,1,0,1,1,1,1,0,0,1,0,0,0,0,1,1
16269,5G 모두 충분 200GB+,MVNO,0,2,2,2,2,2,1,2,2,2,2,2,2,2,2,2,2,2,2,2,2,0,0,0,0,0,0,0,2,4
16284,이야기 라이트S 7GB+,MVNO,0,0,0,0,0,0,0,0,0,0,0,0,0,0,0,0,0,0,0,0,0,0,0,0,0,0,0,0,0,0
16285,이야기 스탠다드S 100분15GB+,MVNO,0,1,1,1,1,1,1,2,1,1,1,1,1,1,2,1,1,1,2,1,1,0,0,0,0,0,0,0,0,0
16286,이야기 스탠다드S 300분15GB+,MVNO,0,0,0,0,0,0,0,0,0,0,0,0,0,0,0,0,0,0,0,0,0,0,0,0,0,0,0,0,0,0
16287,이야기 스탠다드S 11GB+,MVNO,0,2,3,2,2,2,2,2,3,2,2,2,2,3,2,2,3,2,2,3,2,0,0,0,0,0,0,0,0,0
16288,이야기 스페셜S 100GB+,MVNO,0,0,0,0,0,0,0,0,0,0,0,0,0,0,0,0,0,0,0,0,0,0,0,0,0,0,0,0,0,0
16296,5G 이야기 무한 54GB,MVNO,0,0,0,0,0,0,0,0,0,0,0,0,0,0,0,0,0,0,0,0,0,0,0,0,0,0,0,0,0,0
16297,5G 이야기 무한 74GB,MVNO,0,0,0,0,0,0,0,0,0,0,0,0,0,0,0,0,0,0,0,0,0,0,0,0,0,0,0,0,1,0
16298,5G 이야기 무한 99GB,MVNO,0,0,0,0,0,0,0,0,0,0,0,0,0,0,0,0,0,0,0,0,0,0,0,0,0,0,0,0,1,0
16396,모두 충분 15GB+(밀리의서재),MVNO,0,0,0,0,0,0,0,0,0,0,0,0,0,0,0,0,0,0,0,0,0,0,0,0,0,0,0,0,0,0
16406,이야기 무한 10GB+,MVNO,0,1,0,1,0,1,1,0,1,1,0,1,1,0,1,1,1,0,1,1,1,1,1,1,0,0,1,0,1,2
16497,[L]매일5GB+,MVNO,0,6,7,7,7,6,7,7,7,7,6,7,7,7,7,7,7,7,7,7,7,0,0,0,0,0,0,0,0,0
16500,[L]무한7GB+,MVNO,0,2,2,2,3,2,2,3,2,3,3,2,3,3,3,3,3,4,3,3,4,8,8,4,5,5,4,5,4,7
16502,세이브머니유심(250분/2.5GB+),MVNO,0,0,0,0,0,0,0,0,0,0,0,0,0,0,0,0,0,0,0,0,0,0,0,0,0,0,0,0,0,0
16697,음성기본7G(밀리의서재)+1M,MVNO,0,0,0,0,0,0,0,0,0,0,0,0,0,0,0,0,0,0,0,0,0,0,0,0,0,0,0,0,0,0
16769,[일반] 평생 반값 할인 (1.5GB/100분),MVNO,0,0,0,0,0,0,0,0,0,0,0,0,0,0,0,0,0,0,0,0,0,0,0,0,0,0,0,0,0,1
16771,[일반] 평생 반값 할인 (3GB/300분),MVNO,0,0,0,0,0,0,0,0,0,0,0,0,0,0,0,0,0,0,0,0,0,0,0,0,0,0,0,0,0,0
16772,[일반] 평생 반값 할인 (1GB/50분),MVNO,0,0,0,0,0,0,0,0,0,0,0,0,0,0,0,0,0,0,0,0,0,0,0,1,0,0,0,0,0,0
16806,티플 데이터마음껏1G(100분),MVNO,0,0,0,0,0,0,0,0,0,0,0,0,0,0,0,0,0,0,0,0,0,0,0,0,0,0,0,0,0,0
16808,티플 데이터마음껏3G(100분),MVNO,0,0,0,0,0,0,0,0,0,0,0,0,0,0,0,0,0,0,0,0,0,0,0,0,1,0,0,1,0,0
16836,이야기K 데이터 7GB+(지니뮤직),MVNO,0,0,0,0,0,0,0,0,0,0,0,0,0,0,0,0,0,0,0,0,0,0,0,0,0,0,0,0,0,0
16837,이야기K 데이터 15GB+(지니뮤직),MVNO,0,0,0,0,0,0,0,0,0,0,0,0,0,0,0,0,0,0,0,0,0,0,0,0,0,0,0,0,0,0
16838,이야기K 데이터 15GB+(멜론),MVNO,0,0,0,0,0,0,0,0,0,0,0,0,0,0,0,0,0,0,0,0,0,0,0,0,0,0,0,0,0,0
16840,이야기K 데이터 11GB+(멜론),MVNO,0,0,0,0,0,0,0,0,0,0,0,0,0,0,0,0,0,0,0,0,0,0,0,0,0,0,0,0,0,0
16842,이야기K 데이터 11GB+(지니뮤직),MVNO,0,0,0,0,0,0,0,0,0,0,0,0,0,0,0,0,0,0,0,0,0,0,0,0,0,0,0,0,0,0
16843,이야기K 데이터 11GB+(왓차_베이직),MVNO,0,0,0,0,0,0,0,0,0,0,0,0,0,0,0,0,0,0,0,0,0,0,0,0,1,0,0,1,0,0
16846,이야기K 안심 데이터 100G+(왓차_프리미엄),MVNO,0,0,0,0,0,0,0,0,0,0,0,0,0,0,0,0,0,0,0,0,0,0,0,0,0,0,0,0,0,0
17267,The 데이터마음껏 15GB＋(300분),MVNO,0,0,0,0,0,0,0,0,0,0,0,0,0,0,0,0,0,0,0,0,0,0,0,0,0,0,0,0,0,0
17268,The 완전마음껏 100GB＋,MVNO,0,1,0,1,1,1,0,1,1,1,0,1,1,1,0,1,1,1,0,1,1,0,0,1,0,0,0,0,1,0
17273,티플포유(1G/100분),MVNO,0,1,2,2,2,1,2,2,2,2,2,1,2,2,2,2,2,2,2,2,2,4,3,0,1,0,1,1,4,0
17274,티플포유(1.8G/50분),MVNO,0,1,0,1,0,0,1,0,1,0,0,1,0,1,0,1,0,1,0,1,0,1,0,0,0,0,0,0,1,0
17276,티플포유(2G/200분),MVNO,0,0,0,0,0,0,0,0,0,0,0,0,0,0,0,0,0,0,0,0,0,0,0,0,0,0,0,0,0,0
17287,티플 데이터마음껏5G(100분),MVNO,0,0,0,0,0,0,0,0,0,0,0,0,0,0,0,0,0,0,0,0,0,0,0,0,0,0,0,0,0,0
17399,무제한일 5GB + 5Mbps,MVNO,0,1,0,1,1,0,1,1,0,1,1,0,1,1,0,1,1,1,0,1,1,1,1,0,1,0,1,1,2,0
17404,5G무제한 50GB+1Mbps,MVNO,0,1,0,0,0,1,0,0,0,0,1,0,0,0,1,0,0,0,1,0,0,0,0,1,0,1,1,0,0,0
17407,5G무제한 70GB+1Mbps,MVNO,0,0,0,1,0,0,1,0,0,1,0,0,1,0,1,0,0,1,0,1,0,1,1,0,1,0,0,1,0,1
17408,5G무제한 90GB+1Mbps,MVNO,0,0,0,0,0,0,0,0,0,0,0,0,0,0,0,0,0,0,0,0,0,0,0,0,0,0,0,0,0,0
17446,고고200분/2GB-데이터소진후 자동차단,MVNO,0,0,0,0,0,0,0,0,0,0,0,0,0,0,0,0,0,0,0,0,0,1,0,0,0,0,0,0,0,0
17460,"무제한11GB+3Mbps(배달의민족 매월 5,000포인트)",MVNO,0,0,0,1,0,0,1,0,0,1,0,0,1,0,0,1,0,1,0,1,0,0,0,1,0,0,0,0,1,0
17463,5G무제한 30GB+1Mbps,MVNO,0,0,0,0,0,0,0,0,0,0,0,0,0,0,0,0,0,0,0,0,0,1,0,0,0,0,0,0,0,0
17599,5G 함께이야기해S (500분+30GB),MVNO,0,0,0,0,0,0,0,0,0,0,0,0,0,0,0,0,0,0,0,0,0,0,0,0,0,0,0,0,0,0
17600,5G 함께이야기해S (500분+50GB),MVNO,0,0,1,0,0,1,0,0,1,0,1,0,0,1,0,1,0,1,0,1,0,0,0,1,0,0,0,0,0,0
17601,5G 이야기 라이트 80GB+,MVNO,0,0,0,0,0,0,0,0,0,0,0,0,0,0,0,0,0,0,0,0,0,0,0,0,0,0,0,0,0,0
17602,5G 이야기스페셜 125GB+,MVNO,0,4,3,4,3,4,4,4,3,4,4,4,4,4,4,4,4,4,4,4,4,3,2,0,2,3,2,2,6,8
17624,5G 무제한 30GB+,MVNO,0,0,0,1,0,1,0,0,1,0,1,0,0,1,0,1,0,1,0,1,0,1,1,0,0,0,0,0,0,3
17625,5G 무제한 50GB+,MVNO,0,0,0,0,0,0,0,0,0,0,0,0,0,0,0,0,0,0,0,0,0,0,0,0,0,0,0,0,0,0
17626,5G 무제한 24GB+,MVNO,0,0,0,0,0,0,0,0,0,0,0,0,0,0,0,0,0,0,0,0,0,0,0,0,0,1,0,0,0,0
17627,5G 무제한 54GB+,MVNO,0,0,0,0,0,0,0,0,0,0,0,0,0,0,0,0,0,0,0,0,0,0,0,0,0,0,0,0,0,0
17959,티플 드림(3GB/100분),MVNO,0,1,1,1,1,0,1,1,1,1,1,1,1,1,1,1,1,1,1,1,1,0,0,1,0,0,0,0,0,0
17960,티플 드림(2GB/100분),MVNO,0,0,0,0,0,0,0,0,0,0,0,0,0,0,0,0,0,0,0,0,0,0,0,0,0,0,0,0,0,1
17961,티플 드림(1GB/200분),MVNO,0,0,0,0,0,0,0,0,0,0,0,0,0,0,0,0,0,0,0,0,0,0,0,0,0,0,0,0,0,1
17963,The 데이터마음껏 3GB＋(200분),MVNO,0,0,1,0,0,1,0,0,1,0,0,1,0,1,0,1,0,1,0,0,1,0,0,0,0,0,0,0,1,0
17964,The 데이터마음껏 5GB＋(200분),MVNO,0,0,0,0,0,0,0,0,0,0,0,0,0,0,0,0,0,0,0,0,0,0,0,0,0,0,0,0,0,1
17965,티플 드림(3GB/200분),MVNO,0,0,0,0,0,0,0,0,0,0,0,0,0,0,0,0,0,0,0,0,0,0,0,0,0,0,0,0,0,0
17966,티플 드림(2GB/200분),MVNO,0,0,0,0,0,0,0,0,0,0,0,0,0,0,0,0,0,0,0,0,0,0,0,0,0,0,0,0,0,0
18145,이야기 라이트 4.5GB+,MVNO,0,87,87,88,89,90,90,92,92,94,94,95,97,97,98,99,100,101,103,103,104,0,0,0,0,0,0,0,0,0
18208,세이브머니유심(기본제공/1GB+),MVNO,0,5,4,4,5,4,5,4,5,5,5,5,5,5,6,5,6,5,6,6,6,6,6,0,1,2,1,1,7,7
18238,고고100분/1GB-데이터소진후 자동차단,MVNO,0,0,0,0,0,0,0,0,0,0,0,0,0,0,0,0,0,0,0,0,0,0,0,0,0,0,0,0,0,0
18307,[L]벤티(200분/10GB),MVNO,0,0,0,0,0,0,0,0,0,0,0,0,0,0,0,0,0,0,0,0,0,1,2,0,0,0,0,0,1,0
18425,세이브머니유심(기본제공/4.5GB+),MVNO,0,10,10,10,11,10,10,11,10,11,10,11,10,11,10,11,10,11,11,10,11,9,8,13,11,10,10,11,20,11
18523,The 완전마음껏 11GB＋,MVNO,0,1,1,1,1,0,1,1,1,1,1,1,1,0,1,1,1,1,1,1,1,2,1,1,0,0,0,0,0,3
18524,The 데이터마음껏 15GB＋(100분),MVNO,0,0,0,0,0,0,0,0,0,0,0,0,0,0,0,0,0,0,0,0,0,0,0,0,0,0,0,0,0,0
18525,The 완전마음껏 7GB＋,MVNO,0,0,0,0,0,0,0,0,0,0,0,0,0,0,0,0,0,0,0,0,0,0,0,0,0,0,0,0,0,0
18532,The 통화마음껏 1.5GB,MVNO,0,0,0,0,0,0,0,0,0,0,0,0,0,0,0,0,0,0,0,0,0,0,0,0,0,0,0,0,0,0
18583,모두 충분 11GB+(밀리의서재),MVNO,0,8,9,8,9,8,9,9,9,9,9,9,9,10,9,10,10,10,10,10,10,0,0,0,0,0,0,0,0,0
18584,모두 충분 100GB+(밀리의서재),MVNO,0,0,0,0,0,0,0,0,0,0,0,0,0,0,0,0,0,0,0,0,0,0,0,0,0,0,0,0,0,0
18585,모두 충분 7GB+(Pay_5000),MVNO,0,1,1,1,0,1,1,1,1,1,1,1,1,1,1,1,1,1,1,1,1,0,0,1,0,0,0,0,0,0
18586,모두 충분 11GB+(Pay_5000),MVNO,0,1,1,1,1,1,1,1,1,1,1,1,1,1,1,1,1,1,1,1,1,0,0,0,0,0,0,0,2,0
18587,모두 충분 100GB+(웨이브),MVNO,0,1,1,0,1,0,1,0,1,0,1,0,1,0,1,0,1,0,1,0,1,0,0,0,0,0,0,0,1,0
18588,모두 충분 100GB+(Pay_5000),MVNO,0,1,2,1,1,1,2,1,1,1,2,1,1,2,1,1,2,1,1,2,1,0,0,0,0,0,0,0,0,0
18589,모두 충분 7GB+(밀리의서재),MVNO,0,44,45,45,46,47,47,48,48,49,50,51,51,51,53,53,54,54,55,56,57,0,0,0,0,0,0,0,0,0
18596,5G 모두 충분 70GB+(밀리의서재),MVNO,0,0,1,1,1,0,1,1,1,0,1,1,1,0,1,1,1,1,0,1,1,0,0,2,0,0,1,0,1,2
18597,5G 모두 충분 90GB+(밀리의서재),MVNO,0,0,0,0,0,1,0,0,0,0,1,0,0,0,1,0,0,0,1,0,0,0,0,0,0,1,0,0,1,1
18602,모두 충분 11GB+(웨이브),MVNO,0,0,0,0,0,0,0,0,0,0,0,0,0,0,0,0,0,0,0,0,0,1,0,0,0,0,0,0,0,0
18612,[12개월]인스 유심 스트롱 11GB+,MVNO,0,1,0,1,0,1,0,1,1,0,1,1,1,0,1,1,1,0,1,1,1,0,0,0,1,1,2,1,1,1
18613,[12개월]인스 유심 스트롱,MVNO,0,0,0,0,0,0,0,0,0,0,0,0,0,0,0,0,0,0,0,0,0,0,1,0,0,1,0,0,0,0
18615,[12개월]인스 유심 올프리 7GB+,MVNO,0,0,0,0,0,0,0,0,0,0,0,0,0,0,0,0,0,0,0,0,0,0,0,0,0,0,0,0,2,0
18624,5G 모두 충분 110GB+(밀리의서재),MVNO,0,1,0,1,0,1,0,1,0,1,0,1,0,1,0,0,1,0,1,0,1,0,0,1,0,0,0,0,0,0
18625,5G 모두 충분 200GB+(밀리의서재),MVNO,0,1,1,1,1,1,1,0,1,1,1,1,1,1,1,1,1,1,1,1,1,2,2,0,1,0,0,1,3,1
18642,모두 충분 11GB+(배달의 민족),MVNO,0,3,2,3,2,3,2,3,3,2,3,3,3,3,2,3,3,3,3,3,3,0,0,3,0,0,0,0,0,0
18702,5G 유심 중간요금제 31GB,MVNO,0,3,3,3,3,3,4,3,4,4,4,4,4,4,4,4,5,4,5,5,5,13,13,6,6,5,6,6,12,4
18704,5G 유심 중간요금제 80GB,MVNO,0,1,1,1,2,1,1,2,1,2,1,2,2,2,2,2,2,2,2,3,2,4,4,3,3,2,2,3,6,3
18705,5G 유심 중간요금제 95GB,MVNO,0,2,2,2,1,3,2,2,2,2,2,2,3,2,3,2,3,2,3,2,3,5,5,3,3,4,4,3,3,3
18730,데이터안심15G(밀리의서재)+,MVNO,0,0,0,0,0,0,0,0,0,0,0,0,0,0,0,0,0,0,0,0,0,0,0,0,0,0,0,0,1,0
18745,[모요only] 무제한 7GB+1M(밀리의서재 Free),MVNO,0,2,3,3,3,3,3,3,3,3,3,2,3,3,3,3,3,3,3,3,3,6,5,3,0,1,1,0,3,0
18746,[모요only] 무제한 10GB+1M(밀리의서재 Free),MVNO,0,0,0,0,0,0,0,0,1,0,0,0,0,0,0,0,1,0,0,0,0,1,1,0,0,1,0,0,0,0
18747,[모요only] 무제한 15GB+1M(밀리의서재 Free),MVNO,0,0,0,0,0,0,0,0,0,0,0,0,0,0,0,0,0,0,0,0,0,0,0,0,0,0,0,0,0,0
18750,[모요only] 데이터 무제한 300분/15GB+3Mbps,MVNO,0,0,0,0,0,0,0,0,0,0,0,0,0,0,0,0,0,0,0,0,0,0,0,0,0,0,0,0,0,0
18751,[모요only] 무제한 100GB+5Mbps(밀리의서재 Free),MVNO,0,96,101,106,111,117,122,129,135,142,150,156,165,172,181,191,200,209,221,231,243,0,0,0,0,0,0,0,0,0
18764,[모요only] LTE 무제한 11GB+3M(밀리의서재 Free),MVNO,0,0,0,0,0,0,0,0,0,0,0,0,0,0,0,0,0,0,0,0,0,0,0,0,0,0,0,0,0,0
18774,5G 무제한 31GB+(LGU+망),MVNO,0,0,0,0,0,0,0,0,0,0,0,0,0,0,0,0,0,0,0,0,0,0,0,0,0,0,0,0,0,0
18775,5G 무제한 50GB+(LGU+망),MVNO,0,0,0,0,0,0,0,0,0,0,0,0,0,0,0,0,0,0,0,0,0,0,0,0,0,0,1,0,0,0
18885,DATA 걱정없는 유심 15GB,MVNO,0,93,95,96,97,98,99,100,102,102,104,105,106,108,108,110,111,113,114,115,116,124,125,107,102,102,101,102,172,130
18960,The 완전마음껏 10GB＋,MVNO,0,0,0,0,0,0,0,0,0,0,0,0,0,0,0,0,0,0,0,0,0,0,0,1,0,0,0,0,0,0
18985,[L] 핀다이렉트e Xtra 1GB,MVNO,0,2,2,1,2,2,2,1,2,2,1,2,2,2,1,2,2,2,1,2,2,0,0,1,0,0,0,0,3,2
18987,[L] 핀다이렉트e Xtra 2GB,MVNO,0,1,0,0,1,0,1,0,0,1,0,1,0,1,0,1,0,1,0,1,0,0,1,1,0,0,0,0,0,0
18989,[L] DIGITAL DETOX 3GB 챌린지,MVNO,0,1,0,1,0,1,0,1,0,1,0,1,0,1,0,0,1,0,1,0,1,0,0,1,0,0,0,0,0,0
18990,[S] DIGITAL DETOX 3GB 챌린지,MVNO,0,1,1,1,1,0,1,1,1,1,1,1,1,0,1,1,1,1,1,1,1,1,1,1,0,0,0,0,0,0
18991,[L] DIGITAL DETOX 5GB 챌린지,MVNO,0,3,3,3,4,3,4,4,4,4,4,5,4,5,5,5,6,5,6,6,6,0,0,0,0,0,0,0,0,0
18993,[L] DIGITAL DETOX 7GB 챌린지,MVNO,0,13,13,13,13,13,14,13,14,14,14,14,15,14,15,14,15,15,15,16,15,28,29,20,17,17,17,17,15,8
19030,[S] 핀다이렉트Z Light,MVNO,0,0,0,0,0,0,0,0,0,0,0,0,0,0,0,0,0,0,0,0,0,0,0,0,0,0,0,0,0,0
19143,고고100분/5GB+1Mbps,MVNO,0,1,1,1,0,1,1,1,1,1,1,0,1,1,1,1,1,1,1,1,1,0,0,0,0,0,0,0,2,0
19180,데이터100G(밀리의서재)+,MVNO,0,0,0,0,0,0,0,0,0,0,0,0,0,0,0,0,0,0,0,0,0,0,0,2,0,0,0,0,0,0
19255,"[모빌카드 스페셜] 통화, 데이터 마음대로 7GB+",MVNO,0,1,2,1,2,1,1,2,1,1,2,1,2,1,1,2,1,2,1,2,1,1,1,3,2,1,1,2,4,0
19283,데이터안심10G+1M,MVNO,0,0,0,0,0,0,0,0,0,0,0,0,0,0,0,0,0,0,0,0,0,0,0,0,0,0,0,0,0,0
19576,LTE 실속 15GB+(100분),MVNO,0,0,0,0,0,0,0,0,0,0,0,0,0,0,0,0,0,0,0,0,0,0,0,0,0,1,0,0,0,0
19577,LTE 실속 15GB+(300분)NPay,MVNO,0,0,0,0,0,0,0,0,0,0,0,0,0,0,0,0,0,0,0,0,0,1,1,0,0,1,0,0,0,0
19578,LTE 무제한 11GB+ (지니뮤직),MVNO,0,0,0,0,0,0,0,0,0,0,0,0,0,0,0,0,0,0,0,0,0,0,0,0,0,0,0,0,1,0
19579,LTE 무제한 11GB+(NPay),MVNO,0,0,0,0,0,0,0,0,0,0,0,0,0,0,0,0,0,0,0,0,0,0,0,0,0,0,0,0,1,0
19590,LTE 무제한 일 5GB+(블라이스),MVNO,0,0,1,0,1,0,1,0,0,1,0,1,0,1,0,1,0,1,0,1,0,2,2,0,1,1,1,1,0,0
19591,LTE 실속 15GB+ (100분)(SKT망),MVNO,0,0,0,0,0,0,0,0,0,0,0,0,0,0,0,0,0,0,0,0,0,0,0,0,0,0,0,0,0,0
19626,데이터안심무제한6G+,MVNO,0,0,0,0,0,0,0,0,0,0,0,0,0,0,0,0,0,0,0,0,0,0,0,0,0,0,0,0,0,0
19641,[L]무한300분/15GB+,MVNO,0,3,4,3,3,3,4,3,3,4,3,3,4,3,3,4,3,4,3,4,3,4,3,2,3,3,3,3,7,4
19642,[L]무한100분/15GB+,MVNO,0,5,6,5,6,5,6,6,5,6,5,6,6,6,5,6,6,6,5,6,6,12,11,1,6,6,6,6,6,0
19643,[L]무한11GB+,MVNO,0,26,27,28,27,27,28,28,28,28,28,29,28,29,29,29,30,29,30,30,30,43,43,48,9,9,10,9,19,0
19692,5G 든든한200분5G,MVNO,0,3,4,4,4,4,4,4,4,4,5,4,4,5,4,5,4,5,4,5,5,5,5,5,5,4,4,5,12,13
19822,[모요only] 5G 무제한 110GB+5Mbps(밀리의서재)(모요Only),MVNO,0,1,1,1,1,1,1,1,1,1,1,1,1,1,1,1,1,1,1,1,1,0,0,1,0,0,0,0,0,0
19921,[L]그란데(300분/5GB),MVNO,0,0,0,0,0,0,0,0,0,0,0,0,0,0,0,0,0,0,0,0,0,0,0,0,0,0,0,0,0,0
19928,[L]무한15GB+1Mbps,MVNO,0,1,0,0,1,0,0,1,0,0,1,0,0,1,0,0,1,0,0,1,0,0,0,0,0,0,0,0,0,0
19929,[L]무한10GB+1Mbps,MVNO,0,1,1,1,1,1,1,1,1,2,1,1,2,1,2,1,2,2,1,2,2,0,0,2,0,0,0,0,0,0
19978,티플 데이터마음껏10G(100분),MVNO,0,13,14,14,13,14,14,14,14,14,14,14,14,14,15,14,15,14,15,14,15,18,18,15,10,10,9,10,18,14
20000,5G200분/6GB-데이터소진후 자동차단,MVNO,0,0,0,0,0,0,0,0,0,0,0,0,0,0,0,0,0,0,0,0,0,0,0,0,0,0,0,0,0,0
20001,5G100분/3GB-데이터소진후 자동차단,MVNO,0,0,0,0,0,0,0,0,0,0,0,0,0,0,0,0,0,0,0,0,0,0,0,0,0,0,1,0,0,0
20002,LTE300분/5GB-데이터소진후 자동차단,MVNO,0,0,0,0,0,0,0,0,0,0,0,0,0,0,0,0,0,0,0,0,0,0,0,0,0,0,0,0,0,0
20003,LTE200분/4GB-데이터소진후 자동차단,MVNO,0,0,0,0,0,0,0,0,0,0,0,0,0,0,0,0,0,0,0,0,0,0,0,0,0,0,0,0,0,0
20004,LTE200분/3GB-데이터소진후 자동차단,MVNO,0,0,0,0,0,0,0,0,0,0,0,0,0,0,0,0,0,0,0,0,0,0,0,0,0,0,0,0,0,0
20014,무제한10GB+1M(밀리의서재 매월 무료),MVNO,0,0,0,0,0,0,0,0,0,0,0,0,0,0,0,0,0,0,0,0,0,1,0,0,0,0,0,0,0,0
20015,무제한15GB+1M(밀리의서재 매월 무료),MVNO,0,0,0,0,0,0,0,0,0,0,0,0,0,0,0,0,0,0,0,0,0,0,0,0,0,0,0,0,0,0
20018,무제한11GB+3M(네이버페이 매월 5000P),MVNO,0,0,0,0,0,0,0,0,0,0,0,0,0,0,0,0,0,0,0,0,0,0,0,0,0,0,0,0,1,0
20019,무제한7GB+1M(지니뮤직 매월 무료),MVNO,0,0,0,0,0,0,0,0,0,0,0,0,0,0,0,0,0,0,0,0,0,0,0,0,0,0,0,0,0,0
20022,5G무제한 110GB+5M(밀리의서재 매월 무료),MVNO,0,1,1,0,1,1,1,0,1,1,1,1,1,1,0,1,1,1,1,1,1,1,1,1,1,2,1,1,1,1
20025,무제한11GB+3Mbps(지니뮤직 매월 무료),MVNO,0,0,0,0,0,0,0,0,0,0,0,0,0,0,0,0,0,0,0,0,0,2,1,0,0,1,0,0,0,0
20054,청년도약 LTE 71GB+,MVNO,0,6,7,7,7,7,7,7,7,8,7,8,7,8,7,8,8,8,8,8,8,0,0,0,0,0,0,0,8,0
20057,아이즈(100분/1GB+),MVNO,0,0,0,0,0,0,0,0,0,0,0,0,0,0,0,0,0,0,0,0,0,0,0,0,1,0,0,1,0,0
20060,세이브머니유심(100분/5GB+),MVNO,0,3,2,3,2,3,2,3,3,3,2,3,3,3,3,3,3,3,3,4,3,7,7,10,4,3,3,4,4,4
20061,세이브머니유심(200분/6GB+),MVNO,0,0,0,0,0,0,0,0,0,0,0,0,0,0,0,0,0,0,0,0,0,0,0,0,0,0,0,0,3,3
20075,[모요only] 내맘대로 (0분+1GB),MVNO,0,1,0,0,0,1,0,0,0,0,1,0,0,0,1,0,0,0,1,0,0,1,0,0,0,0,1,0,0,1
20076,[모요only] 내맘대로 (50분+1GB),MVNO,0,0,0,0,0,0,0,0,0,0,0,0,0,0,0,0,0,0,0,0,0,0,0,0,0,0,0,0,0,1
20077,[모요only] 내맘대로 (100분+1GB),MVNO,0,0,0,0,0,0,0,0,0,0,0,0,0,0,0,0,0,0,0,0,0,0,0,0,0,0,0,0,0,0
20078,[모요only] 내맘대로 (200분+1GB),MVNO,0,0,0,0,0,0,0,0,0,0,0,0,0,0,0,0,0,0,0,0,0,0,0,0,0,0,0,0,0,0
20079,[모요only] 내맘대로 (300분+1GB),MVNO,0,0,0,0,0,0,0,0,0,0,0,0,0,0,0,0,0,0,0,0,0,0,0,0,0,0,0,0,0,0
20100,"[일반] 통화, 데이터 마음대로 Pro_24개월",MVNO,0,1,1,1,1,1,1,1,1,1,0,1,1,1,1,1,1,1,1,1,1,2,1,0,0,1,1,0,3,0
20101,"[일반] 통화, 데이터 마음대로 11GB+_24개월",MVNO,0,0,0,0,0,0,0,0,0,0,0,0,0,0,0,0,0,0,0,0,0,0,1,0,0,0,0,0,0,0
20102,[일반] 데이터 마음대로 (15GB+/300분)_24개월,MVNO,0,0,0,1,0,1,0,0,1,0,1,0,0,1,0,1,0,1,0,1,0,2,1,0,1,0,0,1,2,0
20103,[일반] 데이터 마음대로 (15GB+/100분)_24개월,MVNO,0,1,1,1,1,1,2,1,1,1,2,1,2,1,1,2,1,2,2,1,2,3,3,0,0,0,1,0,3,2
20104,"[일반] 통화, 데이터 마음대로 7GB+_24개월",MVNO,0,1,0,1,0,0,1,0,0,1,0,1,0,1,0,1,0,1,0,0,1,2,2,0,0,0,1,0,1,0
20123,[L]벤티(300분/8GB),MVNO,0,0,0,0,0,0,0,0,0,0,0,0,0,0,0,0,0,0,0,0,0,0,0,0,0,0,0,0,0,0
20261,[KT]WELL 250분+600MB,MVNO,0,0,0,0,0,0,0,0,0,0,0,0,0,0,0,0,0,0,0,0,0,1,1,0,0,0,0,0,0,0
20264,안심무한330,MVNO,0,0,0,0,0,0,0,0,0,0,0,0,0,0,0,0,0,0,0,0,0,0,0,0,1,0,0,1,0,0
20269,LTE 71GB+,MVNO,0,1,1,1,1,1,1,1,1,1,1,1,1,1,1,1,1,1,1,1,1,0,0,0,0,0,0,0,1,0
20270,LTE 150GB+,MVNO,0,0,1,1,1,1,1,1,1,1,0,1,1,1,1,1,1,1,1,1,1,0,0,0,1,0,0,1,1,1
20274,LTE 15GB+(100분/100건),MVNO,0,0,0,0,0,0,0,0,0,0,0,0,0,0,0,0,0,0,0,0,0,0,0,0,0,0,0,0,0,0
20275,LTE 15GB+(300분/300건),MVNO,0,0,0,0,0,0,0,0,0,0,0,0,0,0,0,0,0,0,0,0,0,0,0,0,1,0,0,1,0,0
20278,다이렉트5G 27,MVNO,0,0,1,1,1,1,0,1,1,1,1,1,1,0,1,1,1,1,1,1,1,1,1,1,2,2,1,2,1,0
20279,다이렉트5G 31,MVNO,0,1,0,0,0,1,0,0,0,0,1,0,0,0,1,0,0,0,1,0,0,0,0,0,0,1,1,0,1,0
20306,"[일반] 통화, 데이터 마음대로 10GB+",MVNO,0,0,0,0,0,0,0,0,0,0,0,0,0,0,0,0,0,0,0,0,0,0,0,0,0,0,0,0,0,0
20321,함께이야기해S(100분+15GB),MVNO,0,4,4,4,4,4,4,4,4,5,4,4,5,4,5,4,5,5,4,5,5,3,4,3,5,6,5,5,12,10
20322,함께이야기해S(300분+15GB),MVNO,0,1,1,0,1,1,1,0,1,1,1,0,1,1,1,1,0,1,1,1,1,2,2,0,0,0,0,0,0,0
20323,함께이야기해S(200분+10GB),MVNO,0,1,1,2,1,1,1,1,2,1,1,1,2,1,2,1,2,1,2,1,2,0,0,0,0,0,0,0,0,0
20325,함께이야기해S(200분+20GB),MVNO,0,0,0,0,0,0,0,0,0,0,0,0,0,0,0,0,0,0,0,0,0,0,0,0,1,0,0,1,0,0
20326,함께이야기해S(200분+30GB),MVNO,0,0,1,0,1,1,0,1,0,1,1,0,1,0,1,1,0,1,1,0,1,3,2,0,1,1,0,1,0,2
20384,[12개월]인스 유심 스트롱 15GB+,MVNO,0,1,0,1,0,1,0,1,1,0,1,0,1,1,0,1,0,1,1,0,1,0,0,0,0,0,1,0,1,0
20408,5G 가성비,MVNO,0,0,0,0,0,0,0,0,0,0,0,0,0,0,0,0,0,0,0,0,0,0,0,0,0,0,0,0,0,0
20544,LTE 100GB+,MVNO,0,3,2,3,3,3,2,3,3,3,3,3,2,3,3,3,3,3,3,3,3,0,0,0,0,0,0,0,2,4
20568,내맘대로 (100분+3.5GB),MVNO,0,0,1,0,1,0,1,0,1,0,1,0,1,1,0,1,1,1,0,1,1,0,0,0,1,1,1,1,1,0
20569,이야기 6GB 350분,MVNO,0,0,0,0,0,0,0,0,0,0,0,0,0,0,0,0,0,0,0,0,0,2,2,0,0,1,1,0,0,0
20571,이야기 9GB 350분,MVNO,0,0,0,0,0,0,0,0,0,0,0,0,0,0,0,0,0,0,0,0,0,0,0,0,0,0,0,0,0,0
20572,이야기 10GB 100분,MVNO,0,1,1,1,1,1,1,1,1,1,0,1,1,1,1,1,1,1,1,1,1,5,4,0,0,0,0,0,2,1
20591,티플 15GB(15GB/300분)_평생요금,MVNO,0,6,5,6,6,6,6,6,6,6,7,6,6,6,7,6,7,6,7,6,7,1,1,7,5,4,5,5,7,13
20738,티플 8GB(8GB/300분)_평생요금,MVNO,0,0,1,0,1,0,1,0,1,0,1,0,1,0,1,0,1,0,1,0,1,0,0,1,0,0,0,0,0,0
20739,티플 12GB(12GB/300분),MVNO,0,2,2,3,2,2,3,2,2,3,2,3,2,3,2,3,2,3,3,2,3,5,5,3,3,3,2,3,1,3
20742,5G 티플 10GB(10GB/300분)_평생요금,MVNO,0,1,1,1,1,1,1,1,1,1,1,0,1,1,1,1,1,1,1,1,1,1,1,0,1,1,1,1,1,0
20743,5G 티플 15GB(15GB/300분),MVNO,0,0,1,0,0,1,0,1,0,1,0,1,0,1,0,1,0,1,0,1,0,0,0,0,0,1,1,0,0,1
20853,보이스피싱예방 LTE 15GB+(100분/100건),MVNO,0,1,0,0,0,0,0,0,0,1,0,0,0,0,0,0,0,1,0,0,0,0,0,0,0,0,1,0,0,0
20854,보이스피싱예방LTE15GB+(300분/300건),MVNO,0,0,0,0,0,0,0,0,0,0,0,0,0,0,0,0,0,0,0,0,0,0,0,1,1,0,1,1,0,0
20873,보이스피싱 안심보상15G+1M,MVNO,0,0,0,0,0,0,0,0,0,0,0,0,0,0,0,0,0,0,0,0,0,0,0,0,0,0,0,0,0,0
20874,보이스피싱 안심보상11G+,MVNO,0,0,0,0,0,0,0,0,0,0,0,0,0,0,0,0,0,0,0,0,0,0,0,0,0,0,0,0,0,0
20876,[평생할인]올프리 1GB+(USIM),MVNO,0,0,0,0,0,0,0,0,0,0,0,0,0,0,0,0,0,0,0,0,0,0,0,0,0,0,0,0,0,0
20918,WELL ON 비디오,MVNO,0,0,0,1,0,0,1,0,0,0,1,0,0,1,0,0,1,0,0,1,0,1,0,0,0,0,1,0,0,1
21233,5G 이야기 무한 15GB,MVNO,0,2,2,2,1,2,2,3,2,2,3,2,3,3,3,3,4,3,4,4,4,0,0,1,6,6,5,6,6,7
21263,데이터100G(CU 멤버십)+,MVNO,0,0,0,0,0,1,0,0,0,0,1,0,0,0,1,0,0,0,1,0,0,1,0,0,0,0,0,0,0,1
21264,데이터안심15G(CU 멤버십)+,MVNO,0,0,0,0,0,0,0,0,0,0,0,0,0,0,0,0,0,0,0,0,0,0,0,0,0,0,0,0,0,0
21265,USIM데이터11G(CU 멤버십)+,MVNO,0,0,0,0,0,0,0,0,0,0,0,0,0,0,0,0,0,0,0,0,0,0,0,0,0,0,0,0,0,0
21266,5G 무제한 15GB+,MVNO,0,1,0,1,1,1,1,1,1,1,1,1,1,1,1,1,1,2,1,1,1,0,0,1,2,1,1,2,0,3
21269,모두 충분 100GB+(CU),MVNO,0,0,0,0,0,0,0,0,0,0,0,0,0,0,0,0,0,0,0,0,0,0,0,0,0,0,0,0,0,0
21270,모두 충분 11GB+(CU),MVNO,0,0,0,0,0,0,0,0,0,0,0,0,0,0,0,0,0,0,0,0,0,0,0,0,0,0,0,0,0,0
21271,데이터 충분 15GB+/100분(CU),MVNO,0,0,0,0,0,0,0,0,0,0,0,0,0,0,0,0,0,0,0,0,0,0,0,0,0,0,0,0,0,0
21275,완전마음껏 10GB＋,MVNO,0,0,0,0,0,1,0,0,0,0,0,1,0,0,0,0,0,0,1,0,0,0,0,0,0,0,0,0,0,0
21322,[모요only] 쉐이크 LTE 7GB+_밀리의서재,MVNO,0,0,0,0,0,0,0,0,0,0,0,0,0,0,0,0,0,0,0,0,0,0,0,0,0,0,0,0,0,0
21356,조은 88,MVNO,0,0,0,0,0,0,0,0,0,0,0,0,0,0,0,0,0,0,0,0,0,0,0,0,0,0,0,0,0,0
21757,0청년 다이렉트62(넷플릭스),MVNO,0,5,6,6,6,6,6,6,6,7,6,7,7,7,7,7,8,7,8,8,8,8,9,0,0,0,0,0,0,0
21758,0청년 다이렉트69(넷플릭스),MVNO,0,1,2,1,1,1,1,1,1,1,1,1,1,1,1,1,2,1,1,1,1,0,0,2,0,0,1,0,2,0
21759,다이렉트5G 62(넷플릭스),MVNO,0,5,5,5,6,5,5,6,6,5,6,6,6,6,6,6,7,6,7,6,7,0,0,0,0,0,0,0,0,0
21760,다이렉트5G 69(넷플릭스),MVNO,0,2,2,1,2,2,1,2,2,2,2,2,2,2,2,2,2,2,2,3,2,2,3,8,1,2,2,1,2,4
22789,[모요only] 쉐이크 LTE 7GB+_밀리의서재,MVNO,0,1,2,1,2,1,2,1,2,1,2,2,1,2,1,2,2,1,2,1,2,0,0,0,0,0,0,0,0,0
22790,[모요only] 쉐이크 LTE 11GB+_밀리의서재,MVNO,0,1,1,1,1,0,1,1,1,1,1,1,1,1,1,1,1,1,1,1,1,0,0,0,0,0,0,0,1,0
22809,요고 69,MVNO,0,0,0,0,0,0,0,0,0,0,0,0,0,0,0,0,0,0,0,0,0,0,0,0,0,0,0,0,0,0
22810,요고 61,MVNO,0,3,4,4,4,4,3,4,4,4,4,4,3,4,4,4,4,4,4,4,4,0,0,0,3,3,3,3,5,0
22811,요고 55,MVNO,0,0,0,1,0,1,0,1,0,1,0,1,0,1,0,1,0,1,0,1,0,1,1,0,0,0,0,0,0,1
22812,요고 49,MVNO,0,4,4,5,4,4,4,5,4,5,4,5,4,5,4,5,5,4,5,5,5,1,2,5,0,0,0,0,6,0
22813,요고 46,MVNO,0,0,0,0,0,0,0,0,0,0,0,0,0,0,0,0,0,0,0,0,0,0,0,1,0,0,0,0,0,0
22814,요고 44,MVNO,0,1,0,0,0,0,1,0,0,0,1,0,0,0,1,0,0,0,1,0,0,1,0,0,0,0,1,0,0,2
22815,요고 42,MVNO,0,0,0,0,0,0,0,0,0,0,0,0,0,0,0,0,0,0,0,0,0,0,0,1,0,0,0,0,0,0
22816,요고 40,MVNO,0,0,0,0,0,0,0,0,0,0,0,0,0,0,0,0,0,0,0,0,0,0,0,0,0,0,0,0,0,0
22817,요고 38,MVNO,0,1,1,1,1,0,1,1,1,1,1,1,0,1,1,1,1,1,1,1,1,0,0,2,0,0,0,0,0,0
22818,요고 36,MVNO,0,1,0,1,1,1,1,1,1,1,1,0,1,1,1,1,1,1,1,1,1,1,2,1,1,0,0,1,0,0
22819,요고 34,MVNO,0,1,1,1,1,0,1,1,1,1,1,1,1,0,1,1,1,1,1,1,1,2,1,1,0,1,1,0,0,0
22820,요고 32,MVNO,0,0,0,0,0,0,0,0,0,0,0,0,0,0,0,0,0,0,0,0,0,0,1,0,0,0,0,0,0,0
22824,수다맘껏데이터150G+,MVNO,0,0,0,0,0,0,0,0,0,0,0,0,0,0,0,0,0,0,0,0,0,0,0,0,0,0,0,0,0,0
22833,수다맘껏데이터7G+,MVNO,0,0,0,0,0,0,0,0,0,0,0,0,0,0,0,0,0,0,0,0,0,0,0,0,0,0,0,0,0,0
22834,수다맘껏데이터71G+,MVNO,0,1,2,1,2,1,1,2,1,2,1,2,1,2,1,1,2,1,2,1,2,0,0,3,0,0,0,0,0,0
22854,데이터안심15G(CU 멤버십)+1M,MVNO,0,0,0,0,0,0,0,0,0,0,0,0,0,0,0,0,0,0,0,0,0,0,0,0,0,0,0,0,0,0
22864,[모요only] 마블링 프라임 100GB+5Mbps,MVNO,0,191,195,197,201,205,208,212,216,219,223,227,231,235,239,243,247,252,256,261,265,280,279,197,14,13,13,14,729,469
22900,[일반] 실속 (10GB/100분),MVNO,0,0,0,0,0,0,0,0,0,0,0,0,0,0,0,0,0,0,0,0,0,0,0,0,0,0,0,0,0,1
22901,[일반] 실속 (7GB/100분),MVNO,0,1,1,1,1,0,1,1,1,1,1,1,0,1,1,1,1,1,1,1,1,0,0,1,0,0,0,0,2,1
22902,[일반] 실속 (5GB/100분),MVNO,0,0,0,0,0,0,0,0,0,0,0,0,0,0,0,0,0,0,0,0,0,0,0,0,0,0,0,0,0,0
22903,[일반] 데이터 마음대로 (1GB+/100분),MVNO,0,0,0,0,0,0,0,0,0,0,0,0,0,0,0,0,0,0,0,0,0,0,0,0,0,0,0,0,0,0
23032,[24개월] 인스 유심 올프리 7GB+,MVNO,0,0,1,0,1,1,0,1,0,1,1,0,1,1,0,1,1,1,0,1,1,1,0,1,1,1,1,1,3,0
23033,[24개월] 인스 유심 스트롱 15GB+,MVNO,0,6,6,6,6,6,7,6,6,6,7,6,6,7,6,7,6,7,7,6,7,10,9,6,7,7,7,7,13,5
23034,[24개월] 인스 유심 스트롱 11GB+,MVNO,0,1,0,1,1,1,1,1,1,1,0,1,1,1,1,1,1,1,1,1,1,0,0,1,0,0,0,0,1,0
23035,[24개월] 인스 유심 스트롱,MVNO,0,0,0,1,0,0,0,1,0,0,1,0,0,1,0,0,1,0,0,1,0,0,0,0,1,0,1,1,0,0
23036,[K]무한15GB+ 밀리의서재,MVNO,0,1,0,1,1,0,1,1,1,1,1,1,1,1,1,1,1,2,1,1,2,1,1,5,3,4,4,3,6,5
23037,[K]무한10GB+ 밀리의서재,MVNO,0,0,0,1,0,1,0,1,0,1,0,1,1,0,1,1,0,1,1,1,1,0,1,0,2,2,2,2,2,5
23040,[K]무한7GB+ 밀리의서재,MVNO,0,1,1,1,0,1,1,1,1,1,1,1,2,1,1,2,1,2,1,2,2,2,3,3,4,4,3,4,6,9
23092,보편 안심 유심 15GB 180분,MVNO,0,7,8,8,8,8,9,9,9,10,9,10,11,10,11,11,12,11,13,12,13,40,40,16,11,12,11,11,22,17
23093,보편 안심 유심 15GB 300분,MVNO,0,10,11,11,12,12,13,13,14,15,15,16,16,17,18,18,20,20,21,22,23,40,41,32,17,18,17,17,33,27
23094,5G 라이트 유심 14GB,MVNO,0,0,0,1,0,0,1,0,0,1,0,1,0,0,1,0,0,1,0,1,0,4,3,0,1,0,0,1,0,2
23097,티플 5GB(5GB/300분),MVNO,0,15,15,16,17,16,18,18,18,19,20,20,20,22,21,23,23,24,25,25,26,0,0,0,0,0,0,0,0,0
23106,모두 충분 11GB+(후후안심),MVNO,0,11,11,11,12,12,12,13,12,14,13,14,14,14,15,15,16,16,16,17,17,0,0,0,0,0,0,0,0,0
23107,모두 충분 15GB+(후후안심),MVNO,0,1,1,2,1,2,1,2,1,2,1,2,1,2,1,2,1,2,1,2,1,0,0,1,0,0,0,0,2,6
23117,모두 충분 7GB+(후후안심),MVNO,0,14,14,15,14,15,14,15,15,15,15,15,15,15,16,15,16,16,15,16,16,0,0,0,0,0,0,0,0,0
23124,5G Sugar 통화마음대로 95GB+,MVNO,0,0,0,0,0,0,0,0,0,0,0,0,0,0,0,0,0,0,0,0,0,0,0,0,0,0,0,0,0,0
23137,[평생할인]실속 150분+1GB(USIM),MVNO,0,3,3,3,3,3,3,4,3,3,3,4,3,4,3,4,3,4,4,3,4,5,6,4,1,1,1,1,7,3
23170,5G Sugar 통화마음대로 125GB++,MVNO,0,1,1,1,1,1,1,1,1,1,1,1,1,1,1,1,1,1,1,1,1,0,0,0,0,0,0,0,1,2
23171,5G Sugar 통화마음대로 150GB++,MVNO,0,1,1,1,1,1,1,1,1,1,1,1,1,1,1,1,1,1,1,1,1,1,1,0,0,0,0,0,0,0
23191,슈가칩 매일5GB++,MVNO,0,1,1,1,0,1,1,0,1,1,1,0,1,1,0,1,1,1,0,1,1,0,0,1,1,0,0,1,0,0
23208,인스 유심 스피드(5G) 12GB+,MVNO,0,1,0,0,0,0,0,1,0,0,0,0,0,1,0,0,0,0,1,0,0,0,0,2,0,1,0,0,1,0
23209,인스 유심 스피드(5G) 150GB+,MVNO,0,50,51,52,54,56,57,58,60,62,64,65,67,69,72,73,75,77,79,82,84,222,222,242,119,119,119,119,110,105
23271,5G 든든한200분10G,MVNO,0,3,4,3,4,3,4,3,4,4,3,4,4,4,4,4,4,4,4,4,4,4,3,0,0,0,0,0,5,6
23284,KT 100GB+ (밀리의서재+올리브영 매월 5천원 상품권!),MVNO,0,194,196,198,201,203,205,207,210,212,215,216,220,221,225,226,230,232,234,237,240,299,300,252,199,199,198,199,329,221
23286,KT 7GB+ (밀리의서재+올리브영 매월 5천원 상품권!),MVNO,0,7,7,7,7,7,8,7,7,8,7,8,8,7,8,8,8,8,8,8,8,0,0,0,0,0,0,0,0,0
23287,The 완전마음껏 15GB＋,MVNO,0,0,0,0,0,0,0,0,1,0,0,0,0,0,0,0,1,0,0,0,0,0,0,0,0,0,1,0,1,0
23368,[모요only] 쉐이크 LTE 11GB+_CU,MVNO,0,0,0,0,0,0,0,0,0,0,0,0,0,0,0,0,0,0,0,0,0,1,0,1,0,0,0,0,0,0
23369,[모요only] 쉐이크 LTE 15GB+_CU,MVNO,0,1,0,1,0,1,0,1,1,0,1,0,1,0,1,0,1,0,1,0,1,0,0,0,0,0,0,0,1,0
23370,[모요only] 쉐이크 LTE 15GB+/100분_CU,MVNO,0,0,0,0,0,0,0,0,0,0,0,0,0,0,0,0,0,0,0,0,0,0,0,0,0,0,0,0,0,0
23371,[모요only] 쉐이크 LTE 15GB+/300분_CU,MVNO,0,0,0,0,0,0,0,0,0,0,0,0,0,0,0,0,0,0,0,0,0,0,1,0,0,0,0,0,0,0
23373,[모요only] 5G 무제한 30GB+1Mbps,MVNO,0,1,1,0,1,1,0,1,1,0,1,1,0,1,1,0,1,1,1,0,1,2,1,0,0,0,0,0,0,0
23374,[모요only] 5G 무제한 50GB+1Mbps,MVNO,0,2,1,1,2,1,1,2,1,2,1,2,1,2,1,2,1,2,2,1,2,0,1,0,0,0,0,0,3,0
23375,[모요only] 5G 무제한 70GB+1Mbps,MVNO,0,0,0,0,0,0,0,0,0,0,0,0,0,0,0,0,0,0,0,0,0,0,0,0,0,0,0,0,0,0
23376,[모요only] 5G 무제한 90GB+1Mbps,MVNO,0,0,0,0,0,0,0,0,0,0,0,0,0,0,0,0,0,0,0,0,0,0,0,0,0,0,0,0,0,3
23401,5G 티플 12GB(12GB/300분),MVNO,0,0,0,0,1,0,0,0,0,1,0,0,0,0,1,0,0,0,1,0,0,1,0,0,0,0,0,0,2,0
23402,5G 티플 8GB(8GB/300분),MVNO,0,0,0,0,0,0,0,0,0,0,0,0,0,0,0,0,0,0,0,0,0,0,0,1,0,0,0,0,0,0
23403,NA알뜰7GB+1Mbps,MVNO,0,0,1,0,0,1,0,0,1,0,1,0,0,1,0,1,0,1,0,1,0,0,0,0,0,0,0,0,1,1
23404,NA수다100데이터15GB+,MVNO,0,1,1,1,1,1,1,1,1,1,1,0,1,1,1,1,1,1,1,1,1,2,2,1,1,1,1,1,8,1
23405,NA수다300데이터15GB+,MVNO,0,1,2,1,1,1,1,2,1,1,1,2,1,1,2,1,1,2,1,2,1,1,2,2,0,0,0,0,0,0
23406,NA알뜰11G+일2G+3Mbps,MVNO,0,15,16,17,18,18,20,20,21,23,24,24,27,27,29,30,32,33,35,36,39,0,0,0,0,0,0,0,0,0
23408,NA알뜰매일5GB+5Mbps,MVNO,0,3,4,4,3,4,4,4,4,4,4,5,4,4,5,4,5,5,4,5,5,0,0,0,0,0,0,0,0,0
23447,데이터 충분 15GB+/300분(CU),MVNO,0,0,0,0,0,0,0,0,1,0,0,0,0,0,0,0,1,0,0,0,0,3,2,0,0,0,1,0,0,0
23448,모두 충분 10GB+(CU),MVNO,0,2,1,1,2,1,2,1,1,2,1,2,1,2,1,2,1,2,1,2,1,1,1,2,0,0,0,0,0,0
23449,모두 충분 15GB+(CU),MVNO,0,1,0,1,0,1,0,1,0,1,0,1,0,1,0,1,0,1,0,1,0,1,1,0,0,0,0,0,0,0
23450,통화 충분 15GB,MVNO,0,325,329,332,335,338,342,345,348,353,355,359,363,366,370,374,377,381,385,388,393,405,404,337,319,320,320,319,1338,516
23483,보이스피싱예방LTE7GB+(안심직거래),MVNO,0,0,0,0,0,0,0,0,0,0,0,0,0,0,0,0,0,0,0,0,0,0,1,0,0,0,0,0,0,0
23484,보이스피싱예방LTE 15GB+(안심직거래),MVNO,0,1,0,0,1,0,0,1,0,0,1,0,0,1,0,0,1,0,0,1,0,0,1,1,0,0,1,0,0,0
23485,5G무제한 14GB+(KT망),MVNO,0,0,0,0,0,0,0,0,0,0,0,0,0,0,0,0,0,0,0,0,0,0,0,0,0,0,0,0,0,0
23502,슈가칩2 15GB+100분,MVNO,0,2,3,3,2,3,2,3,3,2,3,3,2,3,3,3,2,3,3,3,3,3,3,3,1,1,0,1,4,4
23505,슈가칩 15GB+300분,MVNO,0,1,2,2,1,2,2,2,1,2,2,2,2,1,2,2,2,2,2,2,2,2,2,0,2,3,2,2,3,1
23539,Sugar 7GB+1M,MVNO,0,0,0,1,0,1,0,1,0,1,0,1,0,1,0,1,0,1,0,1,0,0,0,1,0,0,0,0,2,0
23560,완전마음껏 11GB＋＋(배달의민족 매월 5000P),MVNO,0,0,0,0,0,0,0,0,0,0,0,0,0,0,0,0,0,0,0,0,0,0,0,0,0,0,0,0,1,0
23574,KT 15GB+(300분) (CU 매월 20%+올리브영 매월 5천원 상품권!),MVNO,0,1,1,1,1,0,1,1,1,1,1,1,0,1,1,1,1,1,1,1,1,0,0,1,0,0,0,0,1,0
23576,KT 100GB+ (CU 매월 20%+올리브영 매월 5천원 상품권!),MVNO,0,229,235,242,249,255,262,269,277,284,291,300,308,316,324,334,342,352,361,371,381,641,641,438,371,370,370,371,620,481
23577,KT 11GB+ (CU 매월 20%+올리브영 매월 5천원 상품권!),MVNO,0,4,5,4,5,5,4,5,5,5,5,5,5,5,5,6,5,5,6,5,6,0,0,0,0,0,0,0,0,0
23680,티플 데이터마음껏15G＋(300분),MVNO,0,0,0,0,0,0,0,0,0,0,0,0,0,0,0,0,0,0,0,0,0,0,0,0,0,0,0,0,0,1
23682,티플 완전마음껏6G＋,MVNO,0,0,0,0,0,0,0,0,0,0,0,0,0,0,0,0,0,0,0,0,0,0,0,0,0,0,0,0,1,0
23683,티플 데이터마음껏15G＋(100분),MVNO,0,0,0,1,0,0,0,0,1,0,0,0,0,1,0,0,0,0,1,0,0,0,0,1,0,1,0,0,0,1
23741,완전마음껏 11GB＋＋(네이버페이 매월 5000P),MVNO,0,1,1,1,0,1,1,1,1,1,1,1,0,1,1,1,2,1,1,1,1,0,0,0,1,2,1,1,0,2
23742,[일반] 실속 (10GB/300분),MVNO,0,0,0,0,1,0,0,0,0,1,0,0,0,0,1,0,0,0,1,0,0,0,0,0,1,0,0,1,0,1
23743,[일반] 실속 (7GB/300분),MVNO,0,0,0,0,0,0,0,0,0,0,0,0,0,0,0,0,0,0,0,0,0,1,1,0,0,0,0,0,0,0
23744,[일반] 실속 (5GB/300분),MVNO,0,0,0,0,0,0,0,0,0,0,0,0,0,0,0,0,0,0,0,0,0,0,0,0,0,0,0,0,1,0
23748,완전마음껏 11GB＋＋(왓챠 베이직 매월 무료),MVNO,0,0,0,0,0,0,0,0,0,0,0,0,0,0,0,0,0,0,0,0,0,0,0,0,0,0,0,0,0,0
23749,완전마음껏 11GB＋＋(멜론 매월 6900P),MVNO,0,0,0,0,0,1,0,0,0,0,1,0,0,0,1,0,0,0,1,0,0,0,0,0,0,1,1,0,0,0
23770,티플 가성비(300분/6GB)_평생요금,MVNO,0,162,162,162,163,164,164,165,165,165,166,167,167,168,168,169,169,170,170,171,171,48,47,0,0,0,0,0,205,173
23771,티플 가성비(300분/6GB)_평생요금,MVNO,0,162,162,162,163,164,164,165,165,165,166,167,167,168,168,169,169,170,170,171,171,48,47,0,0,0,0,0,205,173
23772,티플 10GB(10GB/100분),MVNO,0,0,0,0,0,0,0,0,0,0,0,0,0,0,0,0,0,0,0,0,0,0,0,0,0,0,0,0,0,0
23773,티플 10GB(10GB/0분),MVNO,0,0,0,0,0,0,0,0,0,0,0,0,0,0,0,0,0,0,0,0,0,0,0,0,0,0,0,0,0,0
23774,티플 10GB(10GB/100분),MVNO,0,1,1,1,1,0,1,1,1,1,1,0,1,1,1,1,1,0,1,1,1,0,0,0,0,0,0,0,0,0
23775,티플 10GB(10GB/200분),MVNO,0,0,0,0,0,0,0,0,0,0,0,0,0,0,0,0,0,0,0,0,0,1,1,0,0,0,0,0,0,0
23776,티플 10GB(10GB/300분)_평생요금,MVNO,0,0,1,0,0,0,1,0,0,0,1,0,0,0,1,0,0,0,1,0,0,1,0,0,1,0,0,1,0,0
23777,티플 10GB(10GB/0분),MVNO,0,0,0,0,0,0,0,0,0,0,0,0,0,0,0,0,0,0,0,0,0,0,0,0,0,0,0,0,0,0
23778,티플 10GB(10GB/200분),MVNO,0,0,0,0,0,0,0,0,0,0,0,0,0,0,0,0,0,0,0,0,0,1,1,0,0,0,0,0,0,0
23779,티플 10GB(10GB/300분),MVNO,0,0,1,1,0,1,1,0,1,0,1,1,0,1,1,0,1,1,1,0,1,1,0,0,1,1,0,1,1,0
23780,티플 10GB(10GB/300분),MVNO,0,0,1,1,0,1,1,0,1,0,1,1,0,1,1,0,1,1,1,0,1,1,0,0,1,1,0,1,1,0
23781,티플 10GB(10GB/200분),MVNO,0,0,0,0,0,0,0,0,0,0,0,0,0,0,0,0,0,0,0,0,0,1,1,0,0,0,0,0,0,0
23782,티플 10GB(10GB/0분),MVNO,0,0,0,0,0,0,0,0,0,0,0,0,0,0,0,0,0,0,0,0,0,0,0,0,0,0,0,0,0,0
23783,티플 10GB(10GB/100분),MVNO,0,0,0,0,0,0,0,0,0,0,0,0,0,0,0,0,0,0,0,0,0,0,0,0,0,0,0,0,0,0
23913,통화 충분 20GB,MVNO,0,1,1,1,0,1,1,1,1,1,1,1,1,1,1,1,1,1,1,1,1,1,1,1,0,0,1,0,7,4
23962,슈가칩2 11GB+매일2GB+,MVNO,0,5,5,5,6,5,5,5,6,5,5,6,5,6,6,5,6,6,5,6,6,3,2,6,8,7,7,8,12,1
23966,Sugar(180분/9GB),MVNO,0,0,0,0,0,0,0,0,0,0,0,0,0,0,0,0,0,0,0,0,0,0,0,0,0,0,0,0,0,0
23968,슈가칩 100GB++,MVNO,0,5,5,6,5,5,5,6,5,6,5,6,5,6,6,6,6,6,6,7,6,5,4,7,3,3,3,3,9,7
23974,인스유심 스트롱 15GB+,MVNO,0,21,22,21,22,22,21,22,21,22,22,21,22,22,22,21,22,22,22,22,22,60,59,0,0,0,0,0,21,14
23975,인스 유심 스트롱 11GB+,MVNO,0,55,55,55,55,56,55,55,56,55,56,55,56,56,56,56,56,56,56,56,56,44,44,0,0,0,0,0,272,55
23976,인스 유심 스트롱,MVNO,0,1,2,2,1,2,2,2,2,1,2,2,2,2,2,1,2,2,2,2,2,5,4,2,1,1,2,1,0,4
23983,모두 충분 7GB+(Pay_3000),MVNO,0,0,0,0,0,0,0,0,0,0,0,0,0,0,0,0,0,0,0,0,0,0,0,0,0,0,0,0,0,0
23988,보이스피싱 안심보상7G+1M,MVNO,0,0,0,0,0,0,0,0,0,0,0,0,0,0,0,0,0,0,0,0,0,1,0,0,0,0,0,0,0,0
23997,티플 마음껏 매일5G＋_24개월요금,MVNO,0,1,1,1,1,1,1,1,1,1,1,1,1,1,1,1,1,1,1,1,1,0,0,0,0,0,0,0,4,1
23998,The 완전마음껏15G＋_24개월 할인,MVNO,0,3,3,2,3,3,3,3,2,3,3,3,3,3,3,4,3,3,3,4,3,4,3,1,2,3,3,2,9,6
23999,티플 완전마음껏7G＋_평생요금,MVNO,0,1,0,1,0,1,0,1,0,1,0,1,0,1,0,1,0,1,0,1,0,1,0,1,1,0,0,1,3,0
24000,티플 완전마음껏11G＋_평생요금,MVNO,0,4,4,4,4,5,4,5,4,5,4,5,5,5,5,5,5,5,5,6,5,1,1,3,6,7,6,6,6,7
24004,티플 위드유 100GB＋(G car),MVNO,0,9,8,9,9,9,9,8,9,9,10,9,9,9,9,10,9,9,10,9,10,5,6,14,0,0,0,0,0,0
24005,티플 위드유 11GB＋(G car),MVNO,0,8,8,8,8,8,8,8,9,8,8,9,8,8,9,9,8,9,8,9,9,12,13,9,1,1,1,1,0,0
24006,티플 위드유 15GB＋(300분)(G car),MVNO,0,1,1,1,1,1,1,1,1,1,1,0,1,1,1,1,1,1,1,1,1,1,1,5,1,0,0,1,1,0
24007,티플 위드유 15GB＋(100분)(G car),MVNO,0,2,2,2,1,2,2,2,2,2,2,2,2,2,2,2,2,2,2,2,2,0,0,2,0,0,0,0,0,0
24008,티플 위드유 10GB＋(G car),MVNO,0,0,0,0,0,0,0,0,0,0,0,0,0,0,0,0,0,0,0,0,0,0,0,0,0,0,0,0,0,0
24009,티플 위드유 7GB＋(G car),MVNO,0,2,3,2,2,3,2,3,2,2,3,2,3,2,2,3,2,3,2,3,2,2,2,3,3,2,2,3,0,0
24010,LTE무제한 11GB+3M(CU20%할인),MVNO,0,0,0,0,0,0,0,0,0,0,0,0,0,0,0,0,0,0,0,0,0,0,0,0,0,0,0,0,0,0
24012,[모요only] LTE 무제한 100GB+5M(CU20%할인),MVNO,0,33,34,35,35,36,37,37,38,38,39,40,40,41,42,42,43,44,45,45,46,0,0,0,0,0,0,0,0,0
24013,[모요only] LTE 무제한 11GB+3M(CU20%할인),MVNO,0,24,26,27,27,29,30,31,32,33,35,36,38,39,41,42,44,46,47,50,51,0,0,0,0,0,0,0,0,0
24021,티플포유(6G/500분),MVNO,0,2,2,3,2,2,3,2,3,2,3,2,3,3,2,3,3,2,3,3,3,2,1,3,2,2,1,2,4,4
24023,티플포유(5G/100분),MVNO,0,2,2,2,2,2,2,2,2,2,2,2,2,2,2,2,2,2,2,2,2,0,0,0,1,0,1,1,14,2
24033,5G 음성기본 95GB+3Mbps_24개월,MVNO,0,0,1,1,1,1,1,1,1,1,1,1,1,1,1,1,1,1,1,1,1,1,1,0,0,0,0,0,0,0
24109,Sugar(120분/7GB),MVNO,0,9,8,9,9,9,10,9,10,10,10,10,10,11,11,11,11,12,12,12,12,13,13,15,7,8,7,7,14,24
24186,LTE무제한 15GB+1M(CU20%할인),MVNO,0,0,0,0,0,0,0,0,0,0,0,0,0,0,0,0,0,0,0,0,0,0,0,0,0,0,0,0,0,0
24187,[모요only] LTE 무제한 15GB+1M(CU20%할인),MVNO,0,1,1,0,1,1,1,1,1,1,1,1,1,1,1,1,1,1,1,1,1,0,0,2,0,0,0,0,5,0
24189,LTE200분/ 7GB,MVNO,0,0,0,0,0,0,0,0,0,0,0,0,0,0,0,0,0,0,0,0,0,0,0,0,0,0,0,0,0,0
24190,5G100분/1GB-데이터소진후 자동차단,MVNO,0,0,0,0,0,0,0,0,0,0,0,0,0,0,0,0,0,0,0,0,0,0,0,0,0,0,0,0,0,0
24191,LTE200분/ 10GB,MVNO,0,0,0,0,0,0,0,0,0,0,0,0,0,0,0,0,0,0,0,0,0,0,0,0,0,0,0,0,0,0
24192,LTE200분/5GB+1M,MVNO,0,0,0,0,0,0,0,0,1,0,0,0,0,0,0,0,1,0,0,0,0,0,0,0,0,0,1,0,0,0
24193,5G200분/7GB,MVNO,0,1,0,1,1,1,0,1,1,1,1,1,0,1,1,1,1,1,1,1,1,0,0,1,1,1,2,1,0,0
24194,5G200분/10GB,MVNO,0,0,0,0,0,0,0,0,0,0,0,0,0,0,0,0,0,0,0,0,0,0,0,0,0,0,0,0,0,0
24195,5G200분/15GB,MVNO,0,0,0,0,0,0,0,0,0,0,0,0,0,0,0,0,0,0,0,0,0,0,0,0,0,0,0,0,0,0
24197,[모요only] LTE 200분/ 10GB,MVNO,0,0,0,0,0,0,0,0,0,0,0,0,0,0,0,0,0,0,0,0,0,0,0,0,0,0,0,0,0,0
24200,[모요only] 5G 200분/10GB,MVNO,0,16,16,17,16,17,17,17,17,17,17,18,18,18,18,18,18,19,18,19,19,0,0,0,0,0,0,0,0,0
24201,[모요only] 5G 200분/15GB,MVNO,0,234,236,237,239,241,242,245,246,248,250,252,253,256,257,259,262,263,265,267,269,0,0,0,0,0,0,0,0,0
24205,LTE무제한 100GB+5M(CU20%할인),MVNO,0,0,0,0,0,0,0,0,0,0,0,0,0,0,0,0,0,0,0,0,0,0,0,0,0,0,0,0,0,0
24240,5G 이야기 라이트 12GB+,MVNO,0,0,0,0,0,0,0,0,0,0,0,0,0,0,0,0,0,0,0,0,0,0,0,0,0,0,0,0,0,0
24242,ESG LTE 3GB+(100분),MVNO,0,1,2,1,2,1,1,2,1,2,2,1,2,1,2,2,2,1,2,2,2,0,0,0,0,0,0,0,0,0
24328,KT 15GB+ (CU 매월 20%+올리브영 매월 5천원 상품권!),MVNO,0,0,0,0,0,0,0,0,0,0,0,0,0,0,0,0,0,0,0,0,0,0,0,0,0,0,0,0,0,0
24339,5G 티플 5GB(5GB/300분),MVNO,0,0,0,0,0,0,0,0,0,0,0,0,0,0,0,0,0,0,0,0,0,0,0,0,0,0,1,0,0,1
24431,완전마음껏 7GB＋＋(네이버페이 매월 5000P),MVNO,0,1,0,1,0,1,0,1,0,1,0,1,0,1,0,1,0,1,0,1,0,0,1,0,0,1,0,0,1,4
24432,완전마음껏 100GB＋＋(네이버페이 매월 5000P),MVNO,0,0,0,0,0,0,0,0,0,0,0,0,0,0,0,0,0,0,0,0,0,0,0,0,0,0,0,0,0,0
24433,데이터마음껏 15GB＋＋(300분)(네이버페이 매월 5000P),MVNO,0,0,1,0,1,0,1,0,1,1,0,1,1,0,1,1,1,0,1,1,1,1,1,1,0,0,0,0,0,0
24434,KT 15GB+ (밀리의서재+올리브영 매월 5천원 상품권!),MVNO,0,1,1,1,1,1,1,1,1,1,1,1,1,1,1,1,1,1,1,1,1,0,0,3,0,0,0,0,1,1
24435,KT 10GB+ (밀리의서재+올리브영 매월 5천원 상품권!),MVNO,0,0,1,0,0,1,0,1,0,1,0,1,0,1,0,0,1,0,1,0,1,0,0,1,0,0,0,0,0,0
24443,[모요only] 쉐이크 LTE 10GB+_CU,MVNO,0,0,0,0,0,0,0,0,0,0,0,0,0,0,0,0,0,0,0,0,0,0,0,0,0,0,0,0,0,0
24527,실속 150분+3GB(USIM),MVNO,0,0,0,0,0,0,0,0,0,0,0,0,0,0,0,0,0,0,0,0,0,0,0,0,0,0,0,0,0,0
24528,실속 200분+3GB(USIM),MVNO,0,0,0,0,0,0,0,0,0,0,0,0,0,0,0,0,0,0,0,0,0,0,0,0,0,0,0,0,0,0
24529,실속 300분+4GB(USIM),MVNO,0,0,0,0,0,0,0,0,0,0,0,0,0,0,0,0,0,0,0,0,0,0,0,0,0,0,0,0,0,0
24530,실속 300분+5GB(USIM),MVNO,0,1,1,0,1,1,1,1,1,1,1,1,1,1,1,1,1,1,1,1,1,0,0,0,0,0,0,0,1,0
24543,Sugar 통화마음대로 5GB+,MVNO,0,0,0,0,0,0,0,0,0,0,0,0,0,0,0,0,0,0,0,0,0,0,0,0,0,0,0,0,0,0
24548,[평생할인] 올프리 5GB+(USIM),MVNO,0,1,0,1,0,1,0,1,0,1,0,1,0,1,0,1,0,1,0,1,0,1,1,0,0,0,0,0,2,0
24714,교보문고 북 플러스알파 15GB+,MVNO,0,2,1,2,2,2,2,1,2,2,2,2,2,2,2,2,2,2,2,2,2,2,1,2,2,3,2,2,3,5
24715,교보문고 북 플러스알파 10GB+,MVNO,0,0,0,0,0,0,0,0,0,0,0,0,0,0,0,0,0,0,0,0,0,0,0,0,0,0,0,0,0,0
24716,교보문고 북 플러스알파 4.5GB+,MVNO,0,1,0,1,0,1,0,1,0,1,0,1,0,1,0,0,1,0,1,0,1,0,0,0,0,0,0,0,0,1
24722,빽다방 100잔 5G 10GB,MVNO,0,2,3,3,3,3,2,3,3,3,4,3,3,3,4,3,4,3,4,3,4,0,0,4,1,1,1,1,4,4
24723,빽다방 100잔 5G 5GB,MVNO,0,0,0,0,0,0,0,0,0,0,0,0,0,0,0,0,0,0,0,0,0,0,0,0,0,0,0,0,1,0
25212,후후 심플 (100분 + 2.2GB),MVNO,0,0,0,0,0,0,0,0,0,0,0,0,0,0,0,0,0,0,0,0,0,0,0,0,0,0,0,0,0,0
25213,후후 스마일 10GB+,MVNO,0,0,0,0,0,0,0,0,0,0,0,0,0,0,0,0,0,0,0,0,0,0,0,0,0,0,0,0,0,0
25214,후후 스마일 (200분/3GB+),MVNO,0,0,0,0,0,0,0,0,0,0,0,0,0,0,0,0,0,0,0,0,0,0,0,0,0,0,0,0,0,0
25215,후후 스마일 100GB+,MVNO,0,1,1,1,1,1,1,1,1,1,1,1,1,1,1,1,1,1,1,1,1,0,0,1,0,0,0,0,0,0
25216,후후 플러스 (500분+2GB),MVNO,0,0,0,0,0,0,0,0,0,0,0,0,0,0,0,0,0,0,0,0,0,0,0,0,0,0,0,0,0,0
25219,5G 스위트 50GB+,MVNO,0,0,0,0,0,0,0,0,0,0,0,0,0,0,0,0,0,0,0,0,0,0,0,0,0,0,0,0,0,0
25220,스마일플러스(100분+3GB),MVNO,0,0,0,0,0,1,0,0,0,0,1,0,0,0,1,0,0,0,1,0,0,1,0,0,0,0,0,0,0,0
25221,스위트 10GB+ (+10GB 24개월간 추가 제공),MVNO,0,0,0,0,0,0,0,0,0,0,0,0,0,0,0,0,0,0,0,0,0,0,0,0,0,0,0,0,0,0
25222,USIM 스마트 (200분/5GB+),MVNO,0,1,0,0,1,0,1,0,1,0,1,0,1,0,1,0,1,0,1,0,1,0,0,0,0,0,0,0,1,0
25223,USIM 심플 (100분 + 6GB),MVNO,0,2,2,2,2,2,2,1,2,2,2,2,2,2,2,2,2,2,2,2,2,2,2,0,0,0,0,0,2,3
25224,후후 심플 (200분 + 1.5GB),MVNO,0,0,0,0,0,0,0,0,0,0,0,0,0,0,0,0,0,0,0,0,0,0,0,0,0,0,0,0,0,0
25225,후후 심플 (500분 + 1GB),MVNO,0,0,0,0,0,0,0,0,0,0,0,0,0,0,0,0,0,0,0,0,0,0,0,0,0,0,0,0,0,0
25226,후후 스마일 7GB+,MVNO,0,0,0,0,0,0,0,0,0,0,0,0,0,0,0,0,0,0,0,0,0,0,0,0,0,0,0,0,0,0
25227,후후 스마일 11GB+,MVNO,0,0,0,0,0,0,0,0,0,0,0,0,0,0,0,0,0,0,0,0,0,2,2,0,0,0,0,0,0,0
25228,5G 스마일 플러스 (200분+5GB),MVNO,0,0,0,0,0,0,0,0,0,0,0,0,0,0,0,0,0,0,0,0,0,0,0,0,0,0,0,0,0,0
25229,5G 스위트 110GB,MVNO,0,0,0,0,0,0,0,0,1,0,0,0,0,0,0,0,1,0,0,0,0,0,0,0,0,0,1,0,0,0
25230,USIM 안심데이터 11GB,MVNO,0,0,0,0,0,0,0,0,0,0,0,0,0,0,0,0,0,0,0,0,0,2,2,0,0,0,0,0,0,0
25231,스마일 플러스 (100분 + 2.2GB),MVNO,0,0,0,0,0,0,0,0,0,0,0,0,0,0,0,0,0,0,0,0,0,0,0,0,0,0,0,0,0,0
25232,USIM 알뜰데이터2 15GB+,MVNO,0,0,1,0,1,0,1,0,0,1,0,1,0,1,0,1,0,1,0,1,0,1,1,0,0,0,0,0,0,0
25233,스마일 100GB+,MVNO,0,0,0,0,0,0,0,0,0,0,0,0,0,0,0,0,0,0,0,0,0,0,0,0,0,0,0,0,0,0
25234,스마트 데이터전용 10GB,MVNO,0,1,1,1,1,1,1,1,1,1,1,1,1,1,1,1,1,1,1,1,1,0,0,0,0,0,0,0,1,0
25236,스마일 11GB+,MVNO,0,2,1,2,1,2,2,2,1,2,2,1,2,2,2,1,2,2,1,2,2,0,0,0,0,0,0,0,0,0
25237,스마일플러스 (500분+1GB),MVNO,0,0,0,0,0,0,0,0,0,0,0,0,0,0,0,0,0,0,0,0,0,0,0,0,0,0,0,0,0,0
25238,후후 플러스 (50분+1.8GB),MVNO,0,1,0,0,1,0,1,0,0,1,0,1,1,0,1,0,1,1,0,1,1,0,0,2,0,0,1,0,0,0
25239,5G 스마일 플러스 (200분+3GB),MVNO,0,0,0,0,0,0,0,0,0,0,0,0,0,0,0,0,0,0,0,0,0,0,0,0,0,0,0,0,0,0
25240,스위트 15GB+(네이버페이),MVNO,0,0,0,0,0,0,0,0,0,0,0,0,0,0,0,0,0,0,0,0,0,0,0,0,0,0,0,0,1,0
25241,스위트 100GB+(왓챠 프리미엄),MVNO,0,0,1,0,0,0,1,0,0,1,0,0,0,1,0,0,1,0,0,1,0,0,0,1,1,1,0,1,0,0
25242,스위트 15GB+,MVNO,0,0,0,1,0,0,0,0,0,1,0,0,0,0,1,0,0,0,1,0,0,0,1,0,0,0,0,0,0,1
25244,USIM 알뜰 15GB+,MVNO,0,1,1,0,1,1,0,1,0,1,1,1,0,1,1,0,1,1,1,0,1,0,0,1,1,0,0,1,0,0
25245,스위트2 15GB+(네이버페이),MVNO,0,0,0,0,0,0,0,0,0,0,0,0,0,0,0,0,0,0,0,0,0,0,0,0,0,0,0,0,0,0
25247,5G 스마트플러스(200분 + 5GB),MVNO,0,0,0,0,0,0,0,0,0,0,0,0,0,0,0,0,0,0,0,0,0,0,0,0,0,0,0,0,0,0
25248,후후 플러스 (200분+1GB),MVNO,0,1,0,1,1,1,1,1,1,1,1,1,1,2,1,1,1,1,1,2,1,2,2,0,1,1,0,1,0,0
25250,스마일프리미엄2 7GB+,MVNO,0,1,0,1,1,1,1,0,1,1,1,1,1,1,0,1,1,1,1,1,1,1,1,1,1,1,0,1,0,2
25251,후후 플러스 (100분+2.2GB),MVNO,0,0,0,0,0,0,0,0,0,0,0,0,0,0,0,0,0,0,0,0,0,0,0,0,0,0,0,0,0,0
25252,USIM 스마일 (200분/10GB),MVNO,0,13,13,13,13,13,14,13,14,14,14,14,14,15,14,15,15,15,15,16,15,0,0,0,0,0,0,0,0,0
25254,USIM 스마트 7GB+,MVNO,0,0,0,0,0,0,0,0,0,0,0,0,0,0,0,0,0,0,0,0,0,0,0,0,0,0,0,0,0,0
25255,스위트 7GB+ (+10GB 24개월간 추가 제공),MVNO,0,0,0,0,0,0,0,0,0,0,0,0,0,0,0,0,0,0,0,0,0,0,0,0,0,0,0,0,0,0
25257,5G 스위트 30GB+,MVNO,0,0,0,1,0,0,0,0,1,0,0,0,0,1,0,0,0,0,1,0,0,1,1,0,1,0,0,1,0,0
25258,스마일 1GB+,MVNO,0,1,1,1,1,2,1,1,1,1,1,2,1,1,1,2,1,2,1,2,1,0,0,0,0,0,0,0,0,3
25259,5G 스마트 12GB,MVNO,0,0,0,0,0,0,0,0,0,0,0,0,0,0,0,0,0,0,0,0,0,1,0,0,0,0,0,0,0,0
25260,USIM 심플 (500분 + 2GB),MVNO,0,0,0,0,0,0,0,0,0,0,0,0,0,0,0,0,0,0,0,0,0,0,0,0,0,0,0,0,0,0
25261,5G스마트플러스(100분 + 3GB),MVNO,0,0,0,0,0,0,0,0,0,0,0,0,0,0,0,0,0,0,0,0,0,0,0,0,0,0,0,0,0,0
25262,5G 스마트플러스 (200분+3GB),MVNO,0,0,0,0,0,0,0,0,0,0,0,0,0,0,0,0,0,0,0,0,0,0,0,0,0,0,0,0,0,0
25263,후후 플러스 (500분+1GB),MVNO,0,0,0,0,1,0,0,0,0,1,0,0,0,0,1,0,0,0,1,0,0,0,1,0,0,0,0,0,1,0
25264,스위트 11GB+(지니뮤직),MVNO,0,0,0,0,0,0,0,0,0,0,0,0,0,0,0,0,0,0,0,0,0,0,0,0,0,0,0,0,0,0
25265,스위트2 15GB+(지니뮤직),MVNO,0,0,0,0,0,0,0,0,0,0,0,0,0,0,0,0,0,0,0,0,0,0,0,0,0,0,0,0,0,0
25266,5G 스위트 70GB+,MVNO,0,0,0,0,0,0,0,0,0,0,0,0,0,0,0,0,0,0,0,0,0,0,0,0,0,0,0,0,0,0
25267,후후 심플 (100분 + 3GB),MVNO,0,0,0,0,0,0,0,0,0,0,0,0,0,0,0,0,0,0,0,0,0,0,0,0,0,0,0,0,0,0
25268,USIM 스마일 5G망 (500분/10GB),MVNO,0,1,0,0,0,0,1,0,0,0,1,0,0,0,0,1,0,0,0,1,0,0,0,0,0,0,1,0,0,0
25269,5G 스마일 플러스 (100분+3GB),MVNO,0,0,0,0,0,0,0,0,0,0,0,0,0,0,0,0,0,0,0,0,0,0,0,0,0,0,0,0,0,0
25271,USIM 스마트(100분/10GB+),MVNO,0,0,0,0,0,0,0,0,0,0,0,0,0,0,0,0,0,0,0,0,0,0,0,0,0,1,1,0,0,0
25272,5G 스위트 90GB+,MVNO,0,0,0,0,0,0,0,0,0,0,0,0,0,0,0,0,0,0,0,0,0,0,0,0,0,0,0,0,0,0
25273,5G 스마일 24GB+,MVNO,0,0,0,0,0,0,0,0,0,0,0,0,0,0,0,0,0,0,0,0,0,0,0,0,0,0,0,0,0,0
25274,USIM 심플 (100분+2.2GB),MVNO,0,0,0,0,0,0,0,0,0,0,0,0,0,0,0,0,0,0,0,0,0,0,0,0,0,0,0,0,0,0
25275,USIM 심플 (500분 + 1GB),MVNO,0,0,1,1,1,1,0,1,1,1,1,0,1,1,1,1,1,1,1,1,1,0,0,1,1,2,1,1,0,0
25276,스위트 11GB+(왓챠),MVNO,0,0,0,0,0,0,0,0,0,0,0,0,0,0,0,0,0,0,0,0,0,0,0,0,0,0,0,0,0,0
25278,후후 플러스 (200분+1.5GB),MVNO,0,0,0,0,0,0,0,0,0,0,0,0,0,0,0,0,0,0,0,0,0,0,0,0,0,0,0,0,0,0
25279,스위트 7GB+(지니뮤직) (+10GB 24개월간 추가 제공),MVNO,0,0,0,1,0,1,0,1,0,1,0,1,1,0,1,1,0,1,1,1,1,0,0,1,0,0,0,0,1,0
25280,USIM 심플 (200분 + 5GB),MVNO,0,2,3,2,2,3,2,3,2,3,2,3,3,2,3,3,3,2,3,3,3,3,3,0,0,0,0,0,3,3
25282,스마일플러스 (200분+5GB),MVNO,0,0,0,0,0,0,0,0,0,0,0,0,0,0,0,0,0,0,0,0,0,0,0,0,0,0,0,0,0,0
25284,후후 스마일 (200분/5GB+),MVNO,0,0,0,0,0,0,0,0,0,0,0,0,0,0,0,0,0,0,0,0,0,0,0,0,0,0,0,0,1,0
25285,USIM 심플 (200분 + 1.5GB),MVNO,0,0,0,0,0,0,0,0,0,0,0,0,0,0,0,0,0,0,0,0,0,0,0,0,0,0,0,0,0,0
25286,스위트 11GB+,MVNO,0,0,0,0,0,0,0,0,0,0,0,0,0,0,0,0,0,0,0,0,0,1,1,0,0,0,0,0,0,1
25287,스위트 11GB+(멜론),MVNO,0,0,0,0,0,0,0,0,0,0,0,0,0,0,0,0,0,0,0,0,0,0,0,0,0,0,0,0,0,0
25288,스마일플러스(200분+1.5GB),MVNO,0,0,0,0,0,0,0,0,0,0,0,0,0,0,0,0,0,0,0,0,0,0,0,0,0,0,0,0,0,0
25289,5G 스마트 150GB,MVNO,0,0,1,0,1,1,0,1,0,1,0,1,1,0,1,1,0,1,1,0,1,1,0,1,0,0,0,0,0,0
25290,후후 심플 (200분 + 5GB),MVNO,0,0,0,0,0,0,0,0,0,0,0,0,0,0,0,0,0,0,0,0,0,0,0,0,0,0,0,0,0,0
25291,후후 플러스 (100분+1.5GB),MVNO,0,0,0,0,0,0,0,0,0,0,0,0,0,0,0,0,0,0,0,0,0,0,0,0,0,0,0,0,0,0
25292,스위트 15GB+(지니뮤직),MVNO,0,0,0,0,0,0,0,0,0,0,0,0,0,0,0,0,0,0,0,0,0,0,0,0,0,0,0,0,0,0
25293,USIM 심플 (100분 + 3GB),MVNO,0,1,0,0,0,1,0,0,0,0,1,0,0,0,1,0,0,0,1,0,0,0,0,0,1,0,0,1,0,0
25294,후후 심플 (50분 + 1.8GB),MVNO,0,0,0,0,0,0,0,0,0,0,0,0,0,0,0,0,0,0,0,0,0,0,0,0,0,0,0,0,0,0
25295,스마일플러스 (100분+6GB),MVNO,0,1,2,1,2,1,2,1,2,1,2,2,1,2,1,2,2,1,2,1,2,0,0,0,0,0,0,0,2,1
25296,후후 플러스 (100분+3GB),MVNO,0,0,0,0,0,0,0,0,0,0,0,0,0,0,0,0,0,0,0,0,0,0,0,0,0,0,0,0,0,0
25297,USIM 스마트 4.5GB+,MVNO,0,5,5,6,5,6,5,6,6,5,6,6,6,5,6,6,6,6,7,6,6,0,0,0,0,0,0,0,0,0
25299,USIM 심플 (50분 + 1.8GB),MVNO,0,0,0,0,0,0,0,0,0,0,0,0,0,0,0,0,0,0,0,0,0,0,0,0,0,0,0,0,0,0
25302,후후 스마일 15GB+,MVNO,0,0,0,0,0,0,0,0,0,0,0,0,0,0,0,0,0,0,0,0,0,0,0,0,0,0,0,0,0,0
25303,스마일플러스 (500분+2GB),MVNO,0,0,0,0,0,0,0,0,0,0,0,0,0,0,0,0,0,0,0,0,0,0,0,1,0,0,0,0,0,0
25304,USIM 스마일 (500분/10GB),MVNO,0,4,5,5,5,4,5,5,5,5,5,5,5,5,5,5,5,5,5,5,5,0,0,0,0,0,0,0,6,4
25305,5G 스마일 플러스 (300분+5GB),MVNO,0,0,0,0,0,0,0,0,0,0,0,0,0,0,0,0,0,0,0,0,0,0,0,0,0,0,0,0,0,0
25306,스위트 100GB+(왓챠),MVNO,0,0,0,0,0,1,0,0,0,1,0,0,0,0,1,0,0,0,1,0,0,1,0,0,1,0,0,1,0,0
25307,스위트 11GB+(왓챠 프리미엄),MVNO,0,0,0,0,0,0,0,0,0,0,0,0,0,0,0,0,0,0,0,0,0,0,0,0,0,0,0,0,0,0
25308,스위트 100GB+,MVNO,0,1,1,0,1,1,0,1,1,1,1,0,1,1,1,1,0,1,1,1,1,1,1,2,1,1,1,1,1,0
25309,스마트 데이터전용 20GB,MVNO,0,1,1,1,1,1,0,1,1,1,1,1,1,1,1,1,1,1,1,1,1,0,0,0,0,0,0,0,2,1
25310,스마일 플러스(50분+1.8GB),MVNO,0,1,1,0,1,1,1,1,1,1,1,1,0,1,1,2,1,1,1,1,1,0,0,0,0,0,0,0,1,0
25311,5G 스위트 10GB,MVNO,0,0,0,0,0,0,0,0,0,0,0,0,0,0,0,0,0,0,0,0,0,0,0,0,0,0,0,0,0,0
25313,스위트3 10GB+(밀리의서재) (+10GB 24개월간 추가 제공),MVNO,0,0,0,0,0,0,0,0,0,0,0,0,0,0,0,0,0,0,0,0,0,0,0,0,0,1,0,0,0,0
25314,스마일플러스(200분+1GB),MVNO,0,2,1,2,2,1,2,2,1,2,2,2,1,2,2,2,2,1,2,2,2,4,4,2,3,3,4,3,2,1
25315,5G 스위트 200GB+(지니뮤직),MVNO,0,0,0,0,0,0,0,0,0,0,0,0,0,0,0,0,0,0,0,0,0,0,0,0,0,0,0,0,0,0
25316,스마일 15GB+,MVNO,0,1,2,1,1,1,1,1,1,1,1,1,1,2,1,1,1,1,2,1,1,0,0,0,0,0,0,0,0,0
25317,스위트 100GB+(밀리의서재),MVNO,0,2,1,2,1,2,1,2,1,2,2,1,2,1,2,2,1,2,2,1,2,3,2,1,1,2,2,1,2,0
25318,스위트 11GB+(네이버페이),MVNO,0,0,0,0,0,0,0,0,0,0,0,0,0,0,0,0,0,0,0,0,0,0,0,0,0,0,0,0,0,1
25319,스마일플러스(100분+1.5GB),MVNO,0,0,0,0,1,0,0,0,0,1,0,0,0,0,1,0,0,0,1,0,0,0,0,1,0,1,0,0,0,0
25320,스위트3 15GB+(밀리의서재) (+10GB 24개월간 추가 제공),MVNO,0,0,0,0,0,0,0,0,0,0,0,0,0,0,0,0,0,0,0,0,0,0,0,0,0,1,1,0,0,0
25321,USIM스마트 심플(200분 + 1GB),MVNO,0,0,1,0,0,1,0,1,0,1,0,1,0,1,0,1,0,1,0,1,0,1,0,0,1,2,2,1,0,0
25322,USIM스마트 심플(100분+3.5GB),MVNO,0,0,0,0,0,0,0,0,0,0,0,0,0,0,0,0,0,0,0,0,0,0,0,0,0,0,0,0,0,0
25323,USIM스마트 심플(100분+2.5GB),MVNO,0,0,0,0,0,0,0,0,0,0,0,0,0,0,0,0,0,0,0,0,0,0,0,0,0,0,0,0,0,0
25324,USIM스마트 심플(100분+1.5GB),MVNO,0,0,0,0,0,0,0,0,0,0,0,0,0,0,0,0,0,0,0,0,0,0,0,0,0,0,0,0,0,0
25325,USIM스마트 심플(200분+4GB),MVNO,0,0,0,0,0,0,0,0,0,0,0,0,0,0,0,0,0,0,0,0,0,0,0,0,0,0,0,0,0,0
25331,5G 심플(300분+5GB),MVNO,0,0,0,0,0,0,0,0,0,0,0,0,0,0,0,0,0,0,0,0,0,0,0,0,0,0,0,0,0,0
25334,USIM 스마일 5G망 (200분/10GB),MVNO,0,0,0,0,0,0,0,0,0,0,0,0,0,0,0,0,0,0,0,0,0,0,0,0,0,0,0,0,0,0
25336,5G 심플(350분+7GB),MVNO,0,9,10,10,10,12,11,13,13,13,15,15,16,16,18,18,19,20,21,23,23,0,0,0,0,0,0,0,0,0
25338,5G 스마일플러스(350분+7GB),MVNO,0,0,1,0,0,0,1,0,0,0,1,0,0,0,1,0,0,0,1,0,0,1,1,0,0,0,1,0,0,3
25340,스마일플러스(350분+7GB),MVNO,0,10,10,10,11,10,11,10,11,11,11,11,11,11,11,12,11,12,11,12,12,0,0,0,0,0,0,0,3,20
25341,스위트 7GB+(후후) (+10GB 24개월간 추가 제공),MVNO,0,0,0,1,0,0,1,0,0,1,0,0,1,0,0,1,0,1,0,1,0,0,0,1,0,0,0,0,0,1
25344,CU 스위트 300분/15GB+,MVNO,0,0,0,0,0,0,0,0,0,0,0,0,0,0,0,0,0,0,0,0,0,0,0,0,0,0,0,0,0,0
25345,스위트 11GB+(후후),MVNO,0,0,0,0,0,0,0,0,0,0,0,0,0,0,0,0,0,0,0,0,0,0,0,0,0,0,0,0,1,2
25346,CU 스위트 100분/15GB+,MVNO,0,0,0,0,0,0,0,0,0,0,0,0,0,0,0,0,0,0,0,0,0,0,0,0,0,0,0,0,0,0
25347,스위트 15GB+(후후) (+10GB 24개월간 추가 제공),MVNO,0,0,1,0,0,1,0,0,1,0,0,1,0,0,1,0,0,1,0,1,0,1,1,0,0,1,1,0,3,0
25349,CU 스위트 무제한 15GB+ (+10GB 24개월간 추가 제공),MVNO,0,0,0,0,0,0,0,0,0,0,0,0,0,0,0,0,0,0,0,0,0,0,0,0,0,0,0,0,0,0
25350,CU 스위트 무제한 11GB+,MVNO,0,0,0,0,0,0,0,0,0,0,0,0,0,0,0,0,0,0,0,0,0,0,0,0,0,0,0,0,0,0
25351,스마일 10GB+,MVNO,0,0,0,0,0,0,0,0,0,0,0,0,0,0,0,0,0,0,0,0,0,0,0,0,0,0,0,0,0,0
25352,5G 스위트 110GB+(지니뮤직),MVNO,0,0,0,0,0,0,0,0,0,0,0,0,0,0,0,0,0,0,0,0,0,0,0,0,0,0,0,0,0,0
25353,스위트 15GB+(멜론),MVNO,0,0,0,0,0,0,0,0,0,0,0,0,0,0,0,0,0,0,0,0,0,0,0,0,0,0,0,0,0,0
25355,스위트 11GB+(밀리의서재),MVNO,0,0,1,1,1,1,0,1,1,1,1,0,1,1,1,1,1,0,1,1,1,1,1,1,1,1,0,1,1,0
25356,스마일 7GB+,MVNO,0,0,0,0,0,0,0,0,0,0,0,0,0,0,0,0,0,0,0,0,0,0,0,0,0,0,0,0,1,0
25357,스위트 7GB+(밀리의서재) (+10GB 24개월간 추가 제공),MVNO,0,0,1,1,1,1,1,1,1,1,0,1,1,1,1,1,1,1,1,1,1,0,0,1,0,0,0,0,0,0
25358,KT 11GB+ (밀리의서재+올리브영 매월 5천원 상품권!),MVNO,0,7,7,7,8,8,8,9,8,9,10,10,10,10,11,11,12,12,13,13,13,0,0,0,0,0,0,0,0,0
25697,이야기K 데이터 7GB+(밀리의서재),MVNO,0,0,0,0,0,0,0,0,0,0,0,0,0,0,0,0,0,0,0,0,0,0,0,0,0,0,0,0,0,0
25698,이야기K 데이터 15GB+(밀리의서재),MVNO,0,1,1,1,0,1,1,0,1,1,1,0,1,1,1,0,1,1,1,0,1,2,1,0,1,0,1,1,0,1
25699,이야기K 데이터 15GB+(CU할인),MVNO,0,2,1,2,1,2,1,2,1,2,1,2,1,2,1,2,1,2,1,2,1,2,1,0,0,0,0,0,0,0
25700,이야기K 데이터 11GB+(밀리의서재),MVNO,0,2,2,2,2,2,2,2,1,2,2,2,2,2,2,3,2,2,2,2,2,1,2,2,2,2,3,2,5,4
25701,이야기K 데이터 11GB+(CU할인),MVNO,0,1,0,1,0,1,0,1,0,1,0,1,0,1,0,1,0,1,0,1,0,0,1,0,0,0,0,0,0,0
25838,스마트 프로 10GB+,MVNO,0,0,0,0,0,0,0,0,0,0,0,0,0,0,0,0,0,0,0,0,0,0,0,0,0,0,0,0,0,0
25839,모두 충분 11GB+(멜론뮤직),MVNO,0,1,1,2,1,2,1,2,1,2,2,1,2,2,1,2,2,2,1,2,2,0,0,0,0,0,0,0,0,0
26176,[평생할인]데이터 안심 10GB+(USIM),MVNO,0,0,0,0,0,0,0,0,0,0,0,0,0,0,0,0,0,0,0,0,0,0,0,0,0,0,0,0,0,0
26178,이야기 데이터 스페셜 (20GB),MVNO,0,0,1,1,0,1,1,0,1,0,1,1,0,1,1,0,1,1,1,0,1,1,0,0,0,0,0,0,2,1
26179,이야기 데이터 심플(10GB),MVNO,0,1,0,0,1,0,1,0,1,0,0,1,0,1,0,1,0,1,0,1,0,1,0,0,0,0,0,0,1,2
26180,내맘대로(200분+6GB)(5G),MVNO,0,0,0,0,0,0,0,0,0,0,0,0,0,0,0,0,0,0,0,0,0,0,0,0,0,0,0,0,0,0
26213,Sugar 10GB+1Mbps,MVNO,0,0,0,0,0,0,0,0,0,0,0,0,0,0,0,0,0,0,0,0,0,0,0,0,0,0,0,0,0,0
26255,[평생할인] 1GB+/통화기본,MVNO,0,29,29,30,29,30,31,30,31,31,32,32,32,33,33,33,33,34,34,35,35,0,0,0,0,0,0,0,0,0
26256,[평생할인] 4.5GB+/통화기본,MVNO,0,60,61,62,63,64,66,66,68,69,71,72,73,74,76,77,79,80,81,83,85,0,0,0,0,0,0,0,0,0
26257,[평생할인] 7GB+/통화기본,MVNO,0,384,390,395,400,406,410,416,421,427,432,438,444,450,455,461,467,474,479,486,492,567,567,520,485,484,485,485,744,561
26258,[평생할인] 10GB+/통화기본,MVNO,0,24,25,25,26,26,26,27,27,27,29,28,29,29,30,30,31,31,32,32,33,0,0,0,0,0,0,0,0,0
26259,[평생할인] 15GB+/통화기본,MVNO,0,91,94,100,104,110,115,121,127,134,140,147,154,162,170,179,188,197,207,217,228,272,271,289,374,374,375,374,555,480
26260,[평생할인] 71GB+/통화기본,MVNO,0,9,9,9,9,9,9,9,9,9,9,9,9,9,9,10,9,9,9,9,9,0,0,0,0,0,0,0,9,0
26263,[평생할인] 1GB+/100분,MVNO,0,1,1,1,1,1,1,1,1,1,1,1,1,1,1,1,1,1,1,1,1,0,0,0,0,0,0,0,1,0
26264,[평생할인] 2.5GB+/200분,MVNO,0,0,0,1,0,0,1,0,0,0,1,0,0,1,0,0,1,0,0,1,0,0,0,1,1,0,1,1,0,0
26265,[평생할인] 3GB+/100분,MVNO,0,0,1,0,0,1,0,1,0,1,0,1,0,1,0,1,0,1,0,1,0,0,0,0,0,1,1,0,1,0
26266,[평생할인] 5GB+/100분,MVNO,0,0,0,0,0,0,0,0,0,0,0,0,0,0,0,0,0,0,0,0,0,0,0,0,0,0,0,0,0,0
26267,[평생할인] 5GB+/200분,MVNO,0,0,0,0,0,0,0,0,0,0,0,0,0,0,0,0,0,0,0,0,0,0,0,0,0,0,0,0,0,0
26268,[평생할인] 15GB+/100분,MVNO,0,0,0,0,0,0,0,0,0,0,0,0,0,0,0,0,0,0,0,0,0,0,0,0,0,0,0,0,0,0
26269,[평생할인] 15GB+/180분,MVNO,0,2,2,1,2,2,2,2,1,2,2,2,2,2,3,2,2,2,2,3,2,0,1,4,0,0,0,0,10,1
26271,[평생할인] 1.5GB/통화기본,MVNO,0,0,0,0,0,0,0,0,0,0,0,0,0,0,0,0,0,0,0,0,0,0,0,0,0,0,0,0,0,0
26272,[평생할인] 2.5GB/통화기본,MVNO,0,3,3,4,3,3,3,4,3,3,4,3,4,4,3,4,4,3,4,4,4,0,0,0,0,0,0,0,4,8
26273,[평생할인] 4GB/통화기본,MVNO,0,4,4,4,4,3,4,4,4,4,4,3,4,4,4,4,4,4,4,4,4,0,0,0,1,1,1,1,12,4
26274,[평생할인] 6GB/통화기본,MVNO,0,0,1,1,1,1,1,1,1,1,1,0,1,1,1,1,1,1,1,1,1,0,0,0,1,0,0,1,5,1
26275,[평생할인] 500MB/60분,MVNO,0,10,10,11,10,11,10,11,11,10,11,11,11,12,11,11,12,12,11,12,12,3,3,1,12,13,13,12,24,22
26276,[평생할인] 1GB/60분,MVNO,0,10,11,11,10,11,11,12,11,12,11,12,12,12,12,12,13,12,13,13,13,14,13,12,7,6,7,7,25,15
26277,[평생할인] 1.5GB/150분,MVNO,0,1,0,1,0,1,0,1,0,1,0,1,0,1,0,1,0,1,0,0,1,0,0,0,0,1,1,0,3,0
26278,[평생할인] 2.5GB/200분,MVNO,0,2,2,1,2,2,1,2,2,2,1,2,2,2,2,1,2,2,2,2,2,1,1,2,1,1,1,1,5,4
26279,[평생할인] 5GB/300분,MVNO,0,0,0,0,0,0,0,0,0,0,0,0,0,0,0,0,0,0,0,0,0,0,0,0,0,0,0,0,0,0
26280,[평생할인] 9GB/3000분,MVNO,0,1,0,1,1,1,0,1,1,1,0,1,1,1,1,0,1,1,1,1,1,0,0,1,1,0,0,1,1,0
26284,[평생할인] 5G 50GB+/통화기본,MVNO,0,1,1,1,1,1,2,1,1,1,1,1,1,2,1,1,1,1,2,1,1,2,2,0,1,1,2,1,1,2
26286,[평생할인] 5G 95GB+/통화기본,MVNO,0,1,1,1,1,1,1,1,1,1,1,1,1,1,1,1,1,1,1,1,1,0,0,0,0,0,0,0,0,2
26287,[평생할인] 5G 125GB+/통화기본,MVNO,0,0,0,0,0,0,0,0,0,0,0,0,0,0,0,0,0,0,0,0,0,0,0,0,0,0,0,0,0,0
26288,[평생할인] 5G 150GB+/통화기본,MVNO,0,2,1,1,2,1,1,2,1,1,2,1,2,1,1,2,1,2,1,2,1,0,0,2,0,0,0,0,1,2
26289,[평생할인] 5G 180GB+/통화기본,MVNO,0,1,0,1,0,1,0,1,0,1,0,1,0,1,0,1,0,1,0,1,0,0,1,0,1,1,1,1,0,0
26290,[평생할인] 5G 2GB/통화기본,MVNO,0,4,4,3,4,4,4,4,3,4,4,4,4,4,3,4,4,4,4,4,4,4,4,2,3,3,3,3,6,11
26291,[평생할인] 5G 3GB/통화기본,MVNO,0,3,4,3,4,4,3,4,3,4,4,3,4,4,3,4,4,4,3,4,4,0,1,0,2,1,2,2,6,10
26292,[평생할인] 5G 4GB/통화기본,MVNO,0,7,6,7,6,7,7,6,7,6,7,7,6,7,7,7,7,6,7,7,7,3,2,7,2,1,2,2,7,8
26293,[평생할인] 5G 5GB/통화기본,MVNO,0,1,1,1,1,1,1,1,1,1,1,1,1,1,1,1,1,1,1,1,1,0,0,0,0,0,0,0,1,1
26294,[평생할인] 5G 10GB/통화기본,MVNO,0,4,3,4,3,3,4,3,4,3,3,4,3,4,3,4,3,4,3,4,3,0,0,7,0,0,0,0,0,0
26295,[평생할인] 5G 5GB/200분,MVNO,0,4,5,4,4,4,5,4,4,5,4,4,5,4,5,4,5,4,5,4,5,3,3,10,5,4,5,5,4,13
26296,[평생할인] 5G 10GB/200분,MVNO,0,0,0,0,0,0,0,0,0,0,0,0,0,0,0,0,0,0,0,0,0,0,0,0,0,0,0,0,0,0
26297,[평생할인] 5G 15GB/200분,MVNO,0,0,0,0,0,0,0,0,0,0,0,0,0,0,0,0,0,0,0,0,0,0,0,0,0,0,0,0,0,0
26312,[모빌카드 스페셜] 유심 5G 150GB+,MVNO,0,68,72,76,80,83,88,92,97,101,107,112,117,124,129,137,142,150,158,165,174,185,185,168,355,354,355,355,351,557
26313,[모빌카드 스페셜] 유심 5G 180GB+,MVNO,0,0,0,0,0,0,0,0,0,0,0,0,0,0,0,0,0,0,0,0,0,0,0,0,0,0,0,0,0,0
26314,[모빌카드 스페셜] 유심 5G 12GB+,MVNO,0,0,0,0,0,0,0,0,0,0,0,0,0,0,0,0,0,0,0,0,0,0,0,0,0,0,0,0,0,0
26316,[모빌카드 스페셜] 유심 5G 95GB+,MVNO,0,1,1,1,1,1,1,1,1,1,1,1,1,1,1,1,1,1,1,1,1,0,1,0,1,2,1,1,1,4
26317,[모빌카드 스페셜] 유심 5G 50GB+,MVNO,0,0,0,1,0,0,0,1,0,0,0,1,0,0,0,1,0,0,0,1,0,0,0,0,0,0,0,0,1,0
26318,[모빌카드 스페셜] 유심 5G 31GB+,MVNO,0,0,0,0,0,0,0,0,0,0,0,0,0,0,0,0,0,0,0,0,0,0,0,0,0,0,0,0,0,0
26319,[일반] 유심 5G 125GB+,MVNO,0,1,0,1,0,0,1,0,1,0,0,1,0,1,0,1,0,1,0,1,0,1,0,0,0,0,0,0,0,0
26320,[일반] 유심 5G 95GB+,MVNO,0,0,0,0,0,0,0,0,0,0,0,0,0,0,0,0,0,0,0,0,0,0,0,0,0,1,0,0,0,0
26321,[일반] 유심 5G 50GB+,MVNO,0,0,0,0,0,0,0,0,0,0,0,0,0,0,0,0,0,0,0,0,0,0,0,0,0,0,0,0,0,0
26322,[일반] 유심 5G 31GB+,MVNO,0,0,0,0,0,0,0,0,0,0,0,0,0,0,0,0,0,0,0,0,0,0,0,0,0,0,0,0,0,0
26356,모나500분6G,MVNO,0,7,7,6,7,7,7,7,7,7,7,7,7,7,7,8,7,7,8,7,8,12,12,5,6,5,5,6,8,10
26357,"[평생할인] 통화, 데이터 마음대로 11GB+",MVNO,0,2,2,2,2,2,2,2,2,2,2,2,2,2,2,2,2,2,2,2,2,0,0,0,0,0,0,0,2,2
26358,"[평생할인] 통화, 데이터 마음대로 7GB+",MVNO,0,1,2,1,1,2,1,1,2,1,1,2,1,1,2,1,1,2,1,2,1,0,0,0,2,2,1,2,1,0
26359,[평생할인] 데이터 마음대로 (15GB+/300분),MVNO,0,1,1,1,1,1,1,1,1,1,1,1,1,1,1,1,1,1,1,1,1,0,0,0,0,0,0,0,1,0
26360,[평생할인] 데이터 마음대로 (15GB+/100분),MVNO,0,2,2,2,2,2,2,2,2,2,2,2,2,2,2,2,2,2,3,2,2,3,2,2,0,0,1,0,3,0
26361,"[평생할인] 통화, 데이터 마음대로 Pro",MVNO,0,0,1,0,1,0,1,0,0,1,0,1,0,1,0,1,0,1,0,1,0,0,0,0,0,0,0,0,0,0
26373,[모요only] 쉐이크 LTE 15GB+/100분_밀리의서재,MVNO,0,0,0,0,0,0,0,0,0,0,0,0,0,0,0,0,0,0,0,0,0,0,0,0,0,0,0,0,0,0
26377,세이브머니유심(기본제공/5GB+),MVNO,0,11,12,12,11,12,13,12,12,13,13,13,13,13,13,13,14,14,14,14,14,20,21,15,18,18,18,18,10,14
26611,"[모요only] 쉐이크 LTE 7GB+_네이버페이 매 월 5,000원",MVNO,0,2,3,2,2,3,3,2,3,3,3,3,3,3,3,4,3,4,3,4,4,2,1,6,4,4,4,4,5,5
26613,[모요only] [모요핫딜] 쉐이크 LTE 100GB+Npay 매월 5천원,MVNO,0,967,984,1002,1020,1039,1057,1077,1097,1116,1137,1157,1178,1200,1222,1244,1266,1289,1313,1337,1361,1069,1068,1451,1269,1270,1269,1269,2183,1701
26729,"[모빌카드 스페셜] 통화, 데이터 마음대로 100GB+",MVNO,0,18,19,18,19,20,19,20,20,20,20,21,21,21,21,22,21,22,23,22,23,0,0,0,0,0,0,0,0,0
26730,"[모빌카드 스페셜] 통화, 데이터 마음대로 10GB+",MVNO,0,0,0,0,0,0,0,0,0,0,0,0,0,0,0,0,0,0,0,0,0,1,0,0,0,0,0,0,1,0
26736,티플포유(2G/100분),MVNO,0,0,0,0,0,0,0,0,0,0,0,0,0,0,0,0,0,0,0,0,0,0,0,0,0,0,0,0,0,0
26741,내맘대로(100분+6GB)(5G),MVNO,0,0,0,0,0,0,0,0,0,0,0,0,0,0,0,0,0,0,0,0,0,0,0,0,0,0,0,0,0,0
26742,이야기K 데이터 15GB+(N Pay 5000P),MVNO,0,0,0,1,0,1,0,1,0,1,0,1,0,1,0,0,1,0,1,0,1,0,0,1,0,0,0,0,0,0
26748,이야기K 데이터 11GB+(배달의 민족 5000P),MVNO,0,0,0,0,0,0,0,0,1,0,0,0,0,0,0,0,1,0,0,0,0,0,1,0,0,1,0,0,0,0
26752,이야기K 데이터 11GB+(N Pay 5000P),MVNO,0,0,0,0,0,0,0,0,0,0,0,0,0,0,0,0,0,0,0,0,0,0,0,0,0,0,0,0,0,0
26796,가성비플러스(6GB/350분),MVNO,0,29,29,29,29,29,29,30,30,30,30,30,30,31,30,31,31,31,32,31,32,0,0,0,0,0,0,0,0,0
26797,가성비플러스(10GB/350분),MVNO,0,34,34,34,35,35,34,36,35,35,36,36,36,36,36,37,36,37,37,38,37,137,136,119,41,40,40,41,40,35
26798,가성비플러스(15GB/350분),MVNO,0,239,241,243,245,247,249,251,253,256,257,260,261,264,266,269,270,273,275,277,280,375,375,248,236,236,236,236,397,304
26799,가성비플러스(20GB/350분),MVNO,0,12,13,12,13,12,13,13,13,12,13,13,13,13,13,13,13,13,13,14,13,24,25,10,14,13,14,14,29,0
26801,통화안심 10GB,MVNO,0,6,7,7,7,6,7,7,7,6,7,7,7,7,7,6,7,7,7,7,7,9,9,5,0,0,0,0,0,0
26802,데이터안심 5GB＋(100분),MVNO,0,0,0,0,0,0,0,0,0,0,0,0,0,0,0,0,0,0,0,0,0,0,0,0,0,0,0,0,1,0
26803,데이터안심 10GB＋(100분),MVNO,0,0,0,0,0,0,0,0,0,0,0,0,0,0,0,0,0,0,0,0,0,0,0,0,0,0,0,0,1,0
26804,가성비플러스(10GB/350분),MVNO,0,34,34,34,35,35,34,36,35,35,36,36,36,36,36,37,36,37,37,38,37,137,136,119,41,40,40,41,40,35
26805,가성비플러스(6GB/350분),MVNO,0,66,68,69,69,71,72,73,74,75,77,77,79,80,81,82,84,85,86,87,89,0,0,0,0,0,0,0,0,0
26813,CU+CGV 15G+,MVNO,0,0,0,0,0,0,0,0,0,0,0,0,0,0,0,0,0,0,0,0,0,0,0,0,0,0,0,0,0,0
26814,CU+CGV 11G+,MVNO,0,0,0,0,0,0,0,0,0,0,0,0,0,0,0,0,0,0,0,0,0,0,0,0,0,0,0,0,0,0
26815,CU+CGV 100G+,MVNO,0,0,0,0,0,0,0,0,0,0,0,0,0,0,0,0,0,0,0,0,0,0,0,0,0,0,0,0,0,0
26823,모두 충분 10GB+,MVNO,0,1,0,1,1,1,1,0,1,1,1,1,1,0,1,1,1,1,1,1,1,0,0,1,0,0,0,0,0,0
26824,모두 충분 10GB+(밀리의서재),MVNO,0,0,0,0,0,0,0,0,0,0,0,0,0,0,0,0,0,0,0,0,0,0,0,0,0,0,0,0,0,0
26835,가성비플러스(10GB/350분),MVNO,0,34,34,34,35,35,34,36,35,35,36,36,36,36,36,37,36,37,37,38,37,137,136,119,41,40,40,41,40,35
26836,가성비플러스(15GB/350분),MVNO,0,239,241,243,245,247,249,251,253,256,257,260,261,264,266,269,270,273,275,277,280,375,375,248,236,236,236,236,397,304
26837,가성비플러스(20GB/350분),MVNO,0,12,13,12,13,12,13,13,13,12,13,13,13,13,13,13,13,13,13,14,13,24,25,10,14,13,14,14,29,0
26838,가성비플러스(6GB/350분),MVNO,0,0,0,0,0,0,0,0,0,0,0,0,0,0,0,0,0,0,0,0,0,0,0,0,0,0,0,0,0,0
26860,The 완전마음껏 15GB＋_평생요금,MVNO,0,9,9,9,9,9,9,9,10,10,10,10,10,10,11,10,11,11,11,12,11,15,15,7,13,13,13,13,18,12
26861,The 데이터마음껏 15GB+(100분),MVNO,0,0,0,0,0,0,0,0,0,0,0,0,0,0,0,0,0,0,0,0,0,0,0,0,0,0,0,0,0,0
26864,음성 300분 15GB+3Mbps,MVNO,0,1,0,0,1,0,0,1,0,1,0,0,1,0,1,0,0,1,0,1,0,0,0,0,0,0,0,0,0,0
26866,음성기본,MVNO,0,0,0,0,0,0,0,0,0,0,0,0,0,0,0,0,0,0,0,0,0,0,0,0,0,0,0,0,0,0
26867,5G 음성기본 9GB+1Mbps,MVNO,0,0,0,0,0,0,0,0,0,0,0,0,0,0,0,0,0,0,0,0,0,0,0,0,0,0,0,0,0,0
26868,5G 음성기본 12GB+1Mbps,MVNO,0,0,0,0,0,0,0,0,0,0,0,0,0,0,0,0,0,0,0,0,0,0,0,0,0,1,0,0,0,0
26871,[CHM] 5G 음성기본 150GB+5Mbps,MVNO,0,59,60,61,63,63,65,67,67,69,71,71,74,74,77,77,80,80,83,84,86,77,76,63,100,100,100,100,161,221
26875,[CHM] 음성 200분 5GB,MVNO,0,3,2,3,3,3,2,3,3,3,2,3,3,3,3,3,2,3,3,3,3,10,11,3,2,2,1,2,3,2
26888,[CHM] 음성 100분 6GB,MVNO,0,26,25,26,26,26,27,26,27,27,27,27,27,28,28,28,28,29,28,29,29,29,28,31,0,0,0,0,0,0
26889,5G 음성기본 50GB+,MVNO,0,0,0,0,0,0,0,0,0,0,0,0,0,0,0,0,0,0,0,0,0,0,0,0,0,0,0,0,0,0
26890,5G 음성기본 80GB+,MVNO,0,0,0,0,0,0,0,0,0,0,0,0,0,0,0,0,0,0,0,0,0,0,0,0,0,0,0,0,0,0
26892,음성기본 10GB+,MVNO,0,0,0,0,0,0,0,0,0,0,0,0,0,0,0,0,0,0,0,0,0,0,0,0,0,0,0,0,0,0
26896,모두무제한 15GB+,MVNO,0,0,0,0,0,0,0,0,0,0,0,0,0,0,0,0,0,0,0,0,0,0,0,0,0,0,0,0,0,0
26904,음성 100분 1GB+,MVNO,0,0,1,0,0,1,0,0,1,0,1,0,0,1,0,1,0,1,0,1,0,1,0,0,0,0,0,0,0,0
26987,The 완전마음껏7G+(다이소 매월 5000P),MVNO,0,0,0,0,0,0,0,0,0,0,0,0,0,0,0,0,0,0,0,0,0,0,0,0,0,0,0,0,0,0
26988,The 완전마음껏10G+(다이소 매월 5000P),MVNO,0,0,0,0,0,0,0,0,0,0,0,0,0,0,0,0,0,0,0,0,0,0,0,0,0,0,0,0,0,0
26989,The 데이터마음껏15G+(100분)(다이소 매월 5000P),MVNO,0,2,1,2,2,2,2,2,2,2,2,3,2,2,3,3,2,3,3,3,3,0,0,0,0,0,0,0,3,0
26990,The 데이터마음껏15G+(300분)(다이소 매월 5000P),MVNO,0,1,0,1,1,0,1,1,1,0,1,1,1,1,1,0,1,1,1,1,1,1,1,0,0,0,0,0,1,1
26991,The 완전마음껏11G+(다이소 매월 5000P),MVNO,0,0,0,0,0,0,0,0,0,0,0,0,0,0,0,0,0,0,0,0,0,0,0,0,0,0,0,0,0,0
26992,The 마음껏 매일5G+(다이소 매월 5000P),MVNO,0,0,1,0,0,1,0,1,0,1,0,1,0,1,0,1,0,1,0,1,0,1,1,0,0,0,0,0,0,0
26995,Sugar 매니아 10GB+1Mbps,MVNO,0,0,0,0,0,0,0,0,0,0,0,0,0,0,0,0,0,0,0,0,0,0,0,0,0,0,0,0,1,0
26996,세이브머니유심(200분/5GB+),MVNO,0,0,0,0,0,0,0,0,0,0,0,0,0,0,0,0,0,0,0,0,0,0,0,0,0,0,0,0,0,0
27195,NH더드림 안심+,MVNO,0,0,0,0,0,0,0,0,0,0,0,0,0,0,0,0,0,0,0,0,0,0,0,0,1,0,1,1,0,0
27200,알찬5G 실속8G,MVNO,0,5,5,6,5,6,5,6,5,6,5,6,5,6,5,6,5,6,6,5,6,9,10,2,0,0,0,0,0,0
27231,[L]벤티(300분/9GB),MVNO,0,0,1,0,0,0,1,0,0,1,0,0,1,0,0,1,0,1,0,1,0,1,0,0,0,1,1,0,2,1
27251,11GB+일2GB+3Mbps,MVNO,0,27,28,28,28,28,28,28,29,28,29,29,29,29,30,29,30,30,30,30,30,91,91,154,30,30,31,30,30,33
27254,티플 SNOW 7GB+ [12개월간 SNOW앱 무료],MVNO,0,0,0,0,0,0,0,0,0,0,0,0,0,0,0,0,0,0,0,0,0,0,0,0,0,0,0,0,0,0
27258,티플 SNOW 11GB+ [12개월간 SNOW앱 무료],MVNO,0,0,0,0,0,0,0,0,0,0,0,0,0,0,0,0,0,0,0,0,0,0,0,0,0,1,0,0,0,0
27259,티플 SNOW 100GB+ [12개월간 SNOW앱 무료],MVNO,0,0,1,0,0,0,1,0,0,0,1,0,0,0,0,1,0,0,0,1,0,0,0,0,0,1,0,0,0,0
27260,티플 SNOW 15GB+(100분) [12개월간 SNOW앱 무료],MVNO,0,0,0,0,0,0,0,0,0,0,0,0,0,0,0,0,0,0,0,0,0,0,0,0,0,0,0,0,0,0
27261,티플 SNOW 15GB+(300분) [12개월간 SNOW앱 무료],MVNO,0,0,0,0,0,0,0,0,0,0,0,0,0,0,0,0,0,0,0,0,0,0,0,0,0,1,0,0,0,0
27291,(5G)더든든한500분15G,MVNO,0,3,4,3,3,4,3,3,4,3,4,3,4,4,3,4,4,3,4,4,4,0,0,0,4,4,4,4,0,0
27292,"[모요 전용] 통화, 데이터 마음대로 11GB+",MVNO,0,23,22,23,23,22,23,23,23,23,23,24,23,23,23,24,23,24,24,23,24,22,22,24,22,22,22,22,30,32
27294,[평생할인] 데이터 마음대로 (5GB+/200분),MVNO,0,11,12,11,12,12,12,12,12,12,13,12,13,13,12,13,13,14,13,13,14,0,0,0,14,13,14,14,14,6
27295,[평생할인] 데이터 마음대로 (1GB+/300분),MVNO,0,1,1,0,1,1,1,0,1,1,1,0,1,1,1,0,1,1,1,0,1,1,0,0,1,0,1,1,7,0
27296,[평생할인] 데이터 마음대로 (10GB+/300분),MVNO,0,9,9,9,8,9,9,9,9,9,10,9,9,9,9,10,9,10,9,9,10,5,4,8,10,11,11,10,22,10
27317,0 청년 다이렉트 69(T우주),MVNO,0,1,0,1,1,0,1,1,0,1,1,1,0,1,1,0,1,1,1,0,1,0,0,2,1,1,0,1,0,0
27318,다이렉트5G 69(T 우주),MVNO,0,1,0,1,0,1,0,1,0,1,0,1,0,1,0,1,0,1,0,0,1,0,0,1,0,0,0,0,0,0
27321,다이렉트5G 76(T 우주),MVNO,0,0,0,0,0,0,0,0,0,0,0,0,0,0,0,0,0,0,0,0,0,0,0,0,0,0,0,0,1,0
27326,0 청년 다이렉트 69(디즈니+),MVNO,0,1,1,2,1,1,1,2,1,1,2,1,2,1,1,2,1,2,1,2,1,0,0,0,0,0,0,0,3,4
27327,다이렉트5G 69(디즈니+),MVNO,0,0,1,0,0,0,1,0,0,0,1,0,0,0,1,0,0,0,1,0,0,0,1,0,0,1,0,0,4,0
27328,다이렉트5G 76(넷플릭스),MVNO,0,1,1,1,0,1,1,1,1,0,1,1,1,1,1,1,0,1,1,1,1,3,2,3,0,0,0,0,1,1
27329,다이렉트5G 76(디즈니+),MVNO,0,1,1,0,1,1,0,1,0,1,1,1,0,1,1,0,1,1,1,0,1,0,1,2,0,0,0,0,1,0
27330,다이렉트5G 76(스마트 기기),MVNO,0,0,0,0,0,0,0,0,0,0,0,0,0,0,0,0,0,0,0,0,0,0,0,0,0,0,0,0,0,0
27331,다이렉트5G 76(유튜브 프리미엄),MVNO,0,1,1,0,1,1,1,0,1,1,1,0,1,1,1,0,1,1,1,0,1,0,1,1,0,0,0,0,0,7
27344,세이브머니유심(태블릿/스마트기기 10GB),MVNO,0,0,1,0,0,0,1,0,0,0,1,0,0,0,1,0,0,0,1,0,0,0,0,0,1,0,0,1,0,0
27355,[L]5G 데이터125GB+5Mbps,MVNO,0,4,5,4,5,5,4,5,5,5,5,5,5,5,5,5,6,5,5,6,5,9,9,5,4,4,5,4,10,6
27375,세이브머니유심(태블릿/스마트기기 20GB),MVNO,0,1,0,1,1,0,1,0,1,0,1,1,0,1,0,1,1,0,1,0,1,0,0,4,0,0,1,0,0,1
27376,세이브머니유심(태블릿/스마트기기 25GB+),MVNO,0,0,0,0,0,0,0,0,0,0,0,0,0,0,0,0,0,0,0,0,0,0,0,1,0,0,0,0,0,0
27407,티플 CGV 7GB＋,MVNO,0,2,2,3,2,2,2,2,3,2,2,3,2,2,3,2,2,3,2,3,2,3,2,3,0,1,0,0,0,0
27408,티플 CGV 10GB＋,MVNO,0,0,1,0,0,1,0,0,1,0,0,1,0,0,1,0,1,0,0,1,0,1,0,0,0,1,0,0,0,0
27411,티플 CGV 11GB＋,MVNO,0,4,3,4,4,3,4,4,4,4,4,4,4,4,4,4,4,4,4,5,4,6,6,11,2,3,2,2,3,0
27412,티플 CGV 100GB＋,MVNO,0,6,6,5,6,6,6,6,6,6,6,6,7,6,6,7,6,6,7,6,7,11,11,5,9,9,9,9,1,0
27420,[L]스페셜300분/15GB+,MVNO,0,1,2,2,1,2,2,1,2,2,2,1,2,2,2,2,1,2,2,2,2,0,0,0,0,0,0,0,3,0
27423,티플 15G＋(300분)_24개월 할인,MVNO,0,1,0,0,0,0,1,0,0,0,1,0,0,0,1,0,0,0,1,0,0,0,1,0,0,0,0,0,0,3
27424,티플 11G＋_24개월 할인,MVNO,0,0,1,0,1,0,1,0,1,1,0,1,0,1,0,1,1,0,1,0,1,0,0,2,0,0,1,0,1,0
27444,후후 안전통화생활 10G+1M,MVNO,0,0,0,0,0,0,0,0,0,0,0,0,0,0,0,0,0,0,0,0,0,0,0,0,0,0,0,0,0,0
27445,후후 안전통화생활 15G+1M,MVNO,0,0,0,0,0,0,0,0,0,0,0,0,0,0,0,0,0,0,0,0,0,0,0,0,0,0,0,0,0,0
27452,Sugar 데이터많이 15GB+100분,MVNO,0,0,0,0,0,0,0,0,0,0,0,0,0,0,0,0,0,0,0,0,0,0,0,0,0,0,0,0,0,0
27453,Sugar 데이터안심 매일5GB++,MVNO,0,0,0,0,0,0,0,0,0,0,0,0,0,0,0,0,0,0,0,0,0,0,0,0,0,0,0,0,0,0
27454,Sugar 통화마음대로 11GB+매일2GB+,MVNO,0,2,3,3,3,3,3,3,3,3,3,3,4,3,3,3,4,3,3,4,3,0,0,0,0,0,0,0,0,0
27455,Sugar 데이터많이 15GB+300분,MVNO,0,0,1,0,1,0,0,1,0,1,0,1,0,1,0,1,0,1,0,1,0,1,1,0,0,0,0,0,1,0
27456,슈가칩3 7GB+,MVNO,0,0,0,0,0,1,0,0,0,1,0,0,0,0,1,0,0,0,1,0,0,0,1,0,1,0,0,1,0,0
27457,인스 유심 스트롱 100GB+,MVNO,0,99,100,100,101,102,102,104,104,105,106,106,108,108,109,110,111,112,112,114,114,0,0,0,0,0,0,0,0,0
27487,[평생할인]인스 유심 스트롱 100GB+,MVNO,0,1,1,0,1,1,0,1,0,1,1,0,1,1,0,1,0,1,1,0,1,0,0,1,0,0,1,0,0,0
27677,티플 CGV 15GB＋(100분),MVNO,0,2,2,1,2,2,2,2,2,2,2,2,2,2,2,2,2,3,2,2,2,2,3,2,0,0,0,0,0,0
27678,티플 CGV 15GB＋(300분),MVNO,0,1,1,0,1,1,1,1,1,1,1,0,1,1,1,1,1,1,1,1,1,0,0,1,1,2,1,1,5,1
27680,[모요핫딜] 희망더하기 11GB,MVNO,0,24,25,25,25,25,26,25,25,26,26,25,26,26,26,26,27,26,27,26,27,11,12,0,0,0,0,0,176,27
27688,[24개월] 인스 유심 스트롱 100GB+,MVNO,0,1,0,1,0,1,0,1,0,1,0,1,0,1,0,1,0,1,0,1,0,0,0,0,0,0,0,0,1,1
27733,시월5G 무제한 180GB+10Mbps,MVNO,0,0,0,0,0,0,0,0,0,0,0,0,0,0,0,0,0,0,0,0,0,0,0,0,0,0,0,0,2,0
27734,[모요only] 쉐이크 LTE 7GB+_지니뮤직,MVNO,0,0,0,0,0,0,0,0,0,0,0,0,0,0,0,0,0,0,0,0,0,1,1,0,1,2,1,1,0,0
27743,"[일반] 통화, 데이터 마음대로 100GB+_24개월",MVNO,0,3,4,4,4,3,4,4,4,4,3,4,4,4,4,4,3,4,4,4,4,7,7,2,4,4,3,4,9,4
27745,모나기본100G안심5,MVNO,0,27,28,27,28,28,29,28,29,30,29,30,30,31,30,31,32,31,32,32,33,0,0,0,0,0,0,0,0,0
27746,시월 100분15GB+3Mbps,MVNO,0,4,4,5,4,4,5,4,5,4,5,4,5,4,5,4,5,5,4,5,5,6,5,6,3,2,3,3,0,5
27747,시월 300분15GB+3Mbps,MVNO,0,2,1,2,1,2,1,2,1,2,1,2,1,2,1,2,2,1,2,1,2,1,1,5,2,1,2,2,1,2
27749,시월 무제한 10GB+1Mbps,MVNO,0,1,0,0,0,0,1,0,0,0,1,0,0,0,1,0,0,0,1,0,0,3,2,1,0,1,0,0,0,0
27750,시월 무제한 15GB+1Mbps,MVNO,0,7,8,7,7,7,7,8,7,7,8,7,7,8,7,8,7,8,7,7,8,0,0,3,7,8,7,7,19,8
27752,시월5G 무제한 31GB+1Mbps,MVNO,0,0,0,0,0,0,0,0,0,0,0,0,0,0,0,0,0,0,0,0,0,0,0,0,0,0,0,0,0,1
27770,[모요only] 무제한 7GB+1M(매월 네이버페이5000P),MVNO,0,5,5,5,5,6,6,5,7,6,6,7,7,7,7,7,8,8,8,8,9,17,18,6,9,9,10,9,13,12
27771,[모요only] 무제한 11GB+3M(매월 네이버페이5000P),MVNO,0,4,4,5,5,5,5,5,6,6,6,6,7,7,7,8,8,8,9,9,9,18,18,25,13,12,12,13,14,16
27772,[모요only] 무제한 100GB+5M(매월 네이버페이5000P),MVNO,0,3,2,3,2,3,2,3,2,3,2,3,3,2,3,3,3,2,3,3,3,2,2,3,1,2,1,1,10,11
27774,시월 무제한 100GB+5Mbps,MVNO,0,1,1,1,1,1,1,1,1,1,1,1,1,1,1,1,1,1,1,1,1,0,0,1,1,1,1,1,3,2
27775,시월 무제한 11GB+매일2GB+3Mbps,MVNO,0,2,1,2,2,2,1,2,2,2,1,2,2,2,2,2,1,2,2,2,2,3,3,0,3,3,2,3,2,0
27776,시월 무제한 7GB+1Mbps,MVNO,0,0,0,0,0,0,0,0,0,0,0,0,0,0,0,0,0,0,0,0,0,0,0,1,0,0,0,0,0,0
27777,[모요only] 프라임 15GB+3Mbps 100분,MVNO,0,11,12,11,12,11,12,12,12,11,12,12,12,12,12,12,12,12,12,12,12,0,0,0,0,0,0,0,0,0
27790,예스24크레마클럽e북 구독 7G+1M,MVNO,0,0,0,0,0,0,0,0,0,0,0,0,0,0,0,0,0,0,0,0,0,0,0,0,0,0,0,0,0,0
27791,예스24크레마클럽e북 구독 15G+,MVNO,0,0,0,0,0,0,0,0,0,0,0,0,0,0,0,0,0,0,0,0,0,0,0,1,0,0,0,0,0,0
27836,[모요only] 쉐이크 LTE 100GB+_밀리의서재,MVNO,0,187,192,197,202,207,212,218,224,230,236,241,248,255,261,268,275,282,290,297,305,391,390,282,0,0,0,0,0,0
27837,[모요only] 고고딜 무제한 7GB+1M(Npay 5000P)_12개월,MVNO,0,10,11,10,11,11,12,11,13,12,13,13,14,14,14,15,15,16,16,16,17,92,92,18,20,19,19,20,34,27
27840,[모요only] 고고딜 무제한 11GB+3M(Npay 5000P)_12개월,MVNO,0,99,101,103,104,106,107,110,111,113,114,117,119,120,123,124,127,128,131,133,135,259,260,190,116,116,116,116,159,152
27842,[모요only] [모요핫딜]무제한 100GB+5M(Npay 5000P),MVNO,0,79,79,80,80,80,81,81,81,82,82,83,83,83,84,84,84,85,85,85,86,87,87,49,85,86,86,85,241,141
27847,이야기 스페셜 100GB+,MVNO,0,0,0,0,0,0,0,0,0,0,0,0,0,0,0,0,0,0,0,0,0,0,0,0,0,0,0,0,0,0
27849,이야기 라이트 10GB+,MVNO,0,0,0,0,0,0,0,0,0,0,0,0,0,0,0,0,0,0,0,0,0,0,0,0,0,0,0,0,0,0
27850,[모요only] 쉐이크 5G 70GB+_밀리의서재,MVNO,0,0,0,0,0,0,0,0,0,0,0,0,0,0,0,0,0,0,0,0,0,0,0,0,0,0,0,0,0,0
27851,[모요only] 쉐이크 5G 110GB+_밀리의서재,MVNO,0,0,0,0,0,0,0,0,0,0,0,0,0,0,0,0,0,0,0,0,0,0,0,0,0,0,0,0,0,0
27852,후후 스마트,MVNO,0,0,0,0,0,0,0,0,0,0,0,0,0,0,0,0,0,0,0,0,0,0,0,0,0,0,0,0,0,0
27853,후후 스마트 7GB+,MVNO,0,0,0,0,0,0,0,0,0,0,0,0,0,0,0,0,0,0,0,0,0,0,0,0,0,0,0,0,0,0
27854,스마트 15GB+,MVNO,0,0,0,0,0,0,0,0,0,0,0,0,0,0,0,0,0,0,0,0,0,0,0,0,0,0,0,0,0,0
27855,스마트 7GB+,MVNO,0,0,0,0,0,0,0,0,0,0,0,0,0,0,0,0,0,0,0,0,0,0,0,0,0,0,0,0,1,0
27856,후후 스마트 11GB+,MVNO,0,0,0,0,0,0,0,0,0,0,0,0,0,0,0,0,0,0,0,0,0,0,0,1,0,0,0,0,0,0
27857,후후 스마트 15GB+,MVNO,0,0,0,0,0,0,0,0,0,0,0,0,0,0,0,0,0,0,0,0,0,0,0,0,0,0,0,0,0,0
27858,스마트,MVNO,0,0,0,0,0,0,0,0,0,0,0,0,0,0,0,0,0,0,0,0,0,0,0,0,0,0,0,0,0,0
27859,스마트2 15GB+,MVNO,0,0,0,0,0,0,0,0,0,0,0,0,0,0,0,0,0,0,0,0,0,0,0,0,0,0,0,0,0,0
27860,스마트 11GB+,MVNO,0,0,0,0,0,0,0,0,0,0,0,0,0,0,0,0,0,0,0,0,0,0,0,0,0,1,0,0,0,0
28092,스마트 7GB+ (24개월),MVNO,0,0,0,0,0,0,0,0,0,0,0,0,0,0,0,0,0,0,0,0,0,0,0,0,0,1,1,0,0,0
28093,스마트 10GB+ (24개월),MVNO,0,0,0,0,0,0,0,0,0,0,0,0,0,0,0,0,0,0,0,0,0,1,0,0,0,0,0,0,0,0
28094,스마트 15GB+ (24개월),MVNO,0,1,2,1,1,2,1,1,2,1,2,1,1,2,1,2,1,2,1,2,1,1,2,2,2,3,3,2,1,1
28095,스마트 100분/15GB+ (24개월),MVNO,0,1,0,1,0,1,0,1,0,1,0,1,1,0,1,0,1,1,1,0,1,1,0,1,1,2,1,1,1,0
28096,스마트 300분/15GB+ (24개월),MVNO,0,1,0,0,1,0,0,1,0,0,1,0,1,0,0,1,0,1,0,1,0,1,0,0,0,0,0,0,1,1
28097,스마트 11GB+ (24개월),MVNO,0,1,0,1,0,0,1,0,1,0,1,0,0,1,0,1,0,1,0,1,0,1,1,0,0,0,0,0,1,0
28098,스마트,MVNO,0,0,0,0,0,0,0,0,0,0,0,0,0,0,0,0,0,0,0,0,0,0,0,0,0,0,0,0,1,0
28100,[모요only] [K] 핀다이렉트Z + 밀리의서재 _PIN,MVNO,0,0,0,0,0,0,0,0,0,0,0,0,0,0,0,0,0,0,0,0,0,0,0,0,0,0,0,0,0,0
28101,[모요only] [K] 핀다이렉트Z Max _PIN,MVNO,0,0,0,0,0,0,0,0,0,0,0,0,0,0,0,0,0,0,0,0,0,0,0,0,0,0,0,0,0,0
28102,[모요only] [K] 핀다이렉트Z Max (100GB) _PIN,MVNO,0,0,0,0,0,0,0,0,0,0,0,0,0,0,0,0,0,0,0,0,0,0,0,0,0,0,0,0,0,0
28103,[모요only] [K] 핀다이렉트Z Light _PIN,MVNO,0,14,15,14,14,15,14,15,15,14,15,15,15,15,15,15,15,15,15,16,15,0,0,0,0,0,0,0,0,0
28104,[모요only] [K] 핀다이렉트Z Mini + 밀리의서재 _PIN,MVNO,0,2,2,2,3,2,2,3,2,3,2,2,3,2,2,3,2,3,2,3,2,0,0,0,0,0,0,0,0,0
28116,세이브머니유심(100분/5GB),MVNO,0,9,9,9,10,11,11,11,12,13,14,14,14,16,16,17,18,19,20,20,22,51,51,50,41,40,40,41,49,30
28127,[모요only] 마블링 프라임 11GB+매일2GB+3Mbps,MVNO,0,887,898,910,922,933,946,957,970,983,995,1008,1021,1034,1047,1061,1075,1088,1102,1117,1131,0,0,120,1137,1138,1138,1137,1626,1311
28130,예스24크레마클럽e북 구독 10G+,MVNO,0,0,0,0,0,0,0,0,0,0,0,0,0,0,0,0,0,0,0,0,0,0,0,0,1,1,0,1,0,0
28131,예스24크레마클럽e북 구독 100G+,MVNO,0,0,0,0,0,0,0,0,0,0,0,0,0,0,0,0,0,0,0,0,0,0,0,0,0,0,0,0,1,0
28152,[모요 전용] 데이터 마음대로 (15GB+/100분),MVNO,0,1,2,1,2,1,2,1,2,1,2,1,2,2,1,2,1,2,2,1,2,0,0,0,0,0,0,0,0,0
28167,티플 100G+_평생할인!,MVNO,0,14,15,14,15,15,14,15,15,15,15,15,15,15,15,15,15,15,15,16,15,0,0,0,0,0,0,0,10,20
28448,데이터 플러스 15GB+/100분(평생 +10GB 추가 제공 프로모션),MVNO,0,3,2,2,3,2,2,3,2,3,2,3,2,3,3,2,3,3,2,3,3,6,7,2,0,1,0,0,4,0
28450,데이터 플러스 7GB(평생+10GB 추가 제공 프로모션),MVNO,0,34,34,34,34,35,35,35,35,36,36,37,37,37,37,38,38,39,38,40,39,41,40,57,24,23,24,24,60,27
28473,5G더빠른150G,MVNO,0,1,1,1,1,1,1,1,1,0,1,1,1,1,1,1,1,1,1,1,1,1,1,3,0,1,0,0,0,0
28696,Sugar 실속(300분/15GB),MVNO,0,0,0,0,0,0,0,0,0,0,0,0,0,0,0,0,0,0,0,0,0,0,0,0,0,0,0,0,0,0
28699,MANIA 통화무제한 100GB++,MVNO,0,1,1,1,1,1,1,1,1,1,1,1,1,1,1,1,1,1,1,1,1,0,0,0,0,0,0,0,1,0
28701,디즈니+티빙 너겟65,MVNO,0,9,8,9,9,9,9,9,9,9,9,9,10,9,9,9,10,9,9,10,9,9,10,0,1,1,1,1,13,0
28703,애플디바이스 너겟59,MVNO,0,1,1,1,1,1,1,1,1,1,1,1,1,1,1,1,1,1,1,1,1,7,8,1,0,0,0,0,1,0
29002,[L]아이즈10GB+1Mbps,MVNO,0,0,1,0,0,1,0,1,0,1,0,1,0,1,0,1,0,1,0,1,0,1,0,0,0,0,0,0,0,0
29003,[L]아이즈15GB+1Mbps,MVNO,0,0,0,1,0,1,0,1,0,1,0,1,0,1,0,1,0,1,0,1,0,0,0,1,0,0,0,0,0,0
29004,[L]아이즈11GB+일2GB,MVNO,0,71,73,73,75,75,75,77,77,79,79,80,81,82,82,84,84,86,86,88,88,109,109,75,0,0,0,0,0,0
29006,[L]아이즈7GB+,MVNO,0,1,2,1,1,2,1,1,2,1,2,1,1,2,1,2,1,2,1,2,1,2,2,1,0,0,0,0,0,0
29007,[L]아이즈100분/15GB+,MVNO,0,4,3,3,3,4,3,3,3,4,3,3,4,3,3,4,3,4,3,4,3,4,3,0,0,0,0,0,0,0
29018,LTE 음성무제한 15GB,MVNO,0,5,5,5,5,5,5,5,6,5,6,6,6,5,7,6,6,6,7,6,7,0,0,0,0,0,0,0,0,0
29019,LTE 음성무제한 25GB,MVNO,0,1,0,1,1,1,1,0,1,1,1,1,1,1,0,1,1,1,1,1,1,0,0,2,0,0,0,0,0,0
29020,5G 음성무제한 8GB,MVNO,0,1,1,2,1,1,1,2,1,1,2,1,1,2,1,1,2,1,1,2,1,0,0,1,2,2,1,2,0,2
29021,LTE 음성무제한 20GB,MVNO,0,1,0,1,0,1,0,1,0,1,0,1,0,1,0,1,0,1,0,1,0,0,0,1,0,0,0,0,0,0
29022,5G 음성무제한 15GB,MVNO,0,5,6,5,5,6,5,6,5,6,5,6,6,5,6,5,6,6,5,6,6,4,4,0,8,7,8,8,2,8
29023,5G 음성무제한 25GB,MVNO,0,2,2,2,1,2,2,2,2,2,2,2,2,2,2,2,2,2,3,2,2,0,0,0,1,2,2,1,3,0
29024,LTE 음성무제한 5GB,MVNO,0,7,7,7,7,7,8,7,8,8,8,8,8,8,9,9,9,9,9,9,10,0,0,0,0,0,0,0,0,0
29025,5G 음성무제한 5GB,MVNO,0,3,2,3,3,2,3,2,3,3,3,2,3,3,3,2,3,3,3,3,3,1,0,0,0,0,0,0,5,3
29026,5G 음성무제한 11GB,MVNO,0,3,3,4,3,3,4,3,4,3,4,3,4,4,3,4,4,3,4,4,4,0,0,0,3,2,2,3,5,4
29027,LTE 음성무제한 8GB,MVNO,0,3,4,3,3,4,3,3,4,3,3,4,3,4,3,4,3,4,4,3,4,4,3,4,5,4,4,5,1,0
29028,LTE 음성무제한 11GB,MVNO,0,1,1,1,0,1,1,0,1,1,1,0,1,1,1,0,1,1,0,1,1,0,1,0,0,0,0,0,1,0
29029,티플 올리브영 7GB+(매월 5000P),MVNO,0,2,2,2,2,1,2,2,2,2,2,2,2,1,2,2,2,2,2,2,2,1,2,2,2,2,3,2,4,0
29030,티플 올리브영 10GB+(매월 5000P),MVNO,0,0,0,0,0,0,0,0,0,0,0,0,0,0,0,0,0,0,0,0,0,0,0,0,1,1,1,1,1,0
29031,티플 올리브영 15GB+(100분)(매월 5000P),MVNO,0,1,2,1,1,2,1,1,2,1,2,1,1,2,1,2,1,2,1,2,1,1,2,0,0,0,0,0,0,0
29032,티플 올리브영 15GB+(300분)(매월 5000P),MVNO,0,1,1,0,1,1,1,0,1,1,1,1,0,1,1,1,1,0,1,1,1,1,1,0,1,0,1,1,0,0
29033,티플 올리브영 11GB+(매월 5000P),MVNO,0,3,2,3,2,3,3,2,3,3,2,3,3,3,3,2,3,3,3,3,3,0,0,3,0,0,0,0,0,0
29034,티플 올리브영 100GB+(매월 5000P),MVNO,0,12,12,12,13,12,13,13,13,13,14,14,14,14,14,15,15,15,15,16,16,18,17,11,18,18,18,18,32,12
29035,5G 음성무제한 20GB,MVNO,0,2,2,1,2,2,1,2,2,2,1,2,2,2,2,1,2,2,2,2,2,2,1,2,1,0,1,1,6,4
29058,[일반] 데이터 마음대로 (4.5GB+/200분)_12개월,MVNO,0,3,4,3,4,3,4,4,3,4,4,4,3,4,4,4,3,4,4,4,4,0,0,0,0,0,0,0,0,0
29062,데일리 너겟59,MVNO,0,856,859,862,866,868,871,874,878,880,883,887,889,893,895,899,902,905,908,912,914,924,924,442,291,292,291,291,1782,969
29081,함께이야기해S 무한 20GB,MVNO,0,0,0,0,0,0,0,0,0,0,0,0,0,0,0,0,0,0,0,0,0,0,0,0,0,0,0,0,0,0
29082,함께이야기해S 무한 10GB,MVNO,0,0,0,0,0,0,0,0,0,0,0,0,0,0,0,0,0,0,0,0,0,0,0,0,0,0,0,0,1,0
29083,5G 함께이야기해S 무한 10GB,MVNO,0,1,1,1,1,1,1,1,1,1,1,1,1,1,1,1,1,1,1,1,1,0,0,1,0,0,0,0,1,0
29084,5G 함께이야기해S 무한 20GB,MVNO,0,2,2,1,2,2,2,2,1,2,2,2,2,2,1,2,2,2,2,2,2,2,2,0,1,0,0,1,2,2
29085,함께이야기해S 무한 30GB,MVNO,0,1,0,1,0,1,0,1,0,1,0,0,1,0,1,0,1,0,1,0,1,0,1,0,0,0,0,0,1,0
29086,5G 함께이야기해S 무한 15GB,MVNO,0,2,2,2,2,2,2,2,2,1,2,2,2,2,2,2,2,2,2,2,2,0,0,5,0,0,0,0,0,2
29087,[CHM] 음성 100분 5GB+,MVNO,0,1,0,1,0,1,0,1,0,1,0,1,0,1,0,1,0,1,0,1,0,1,1,0,0,0,0,0,0,0
29088,[CHM] 알찬 실속 데이터7G,MVNO,0,12,14,13,13,13,14,13,14,14,14,14,14,14,14,14,15,15,14,15,15,23,23,7,18,18,18,18,14,0
29220,"[모요only] 쉐이크 LTE 7GB+_다이소 매 월 5,000원",MVNO,0,0,0,0,0,0,0,0,0,0,0,0,0,0,0,0,0,0,0,0,0,0,0,0,0,0,0,0,0,0
29223,"[모요only] 쉐이크 LTE 100GB+_다이소 매 월 5,000원",MVNO,0,4,5,4,4,4,5,4,5,4,5,4,5,5,5,5,5,5,5,6,5,8,9,2,1,2,1,1,6,6
29236,이야기 데이터 FREE 15GB,MVNO,0,14,14,14,14,14,14,14,14,14,13,14,14,15,14,14,14,14,14,14,14,0,0,0,0,0,0,0,12,0
29285,이야기 완전 무제한 11GB+,MVNO,0,9,9,10,9,10,10,10,10,11,10,11,11,11,11,12,12,11,12,13,12,13,13,7,53,53,53,53,19,13
29286,이야기 데이터 무제한 15GB+,MVNO,0,0,0,0,0,0,0,0,0,0,0,0,0,0,0,0,0,0,0,0,0,0,0,1,0,0,0,0,0,0
29287,이야기 완전 FREE 7GB,MVNO,0,18,17,18,17,18,18,17,18,18,18,17,18,18,18,18,17,18,18,18,18,7,6,8,18,18,18,18,25,32
29288,이야기 완전 FREE 71GB,MVNO,0,444,452,459,467,476,484,492,500,510,518,527,536,545,555,565,574,584,594,605,615,0,0,0,144,143,143,144,612,663
29289,이야기 완전 무제한 7GB+,MVNO,0,10,9,10,10,10,11,10,11,12,11,12,13,12,13,13,14,14,14,15,15,10,10,12,23,23,22,23,33,20
29290,이야기 완전 무제한 100GB+,MVNO,0,24,24,24,25,25,26,25,26,26,27,27,27,27,28,28,28,29,29,29,30,52,51,33,26,25,25,26,33,30
29321,Sugar 15GB+1Mbps,MVNO,0,1,1,2,1,1,2,1,1,2,1,1,2,1,1,2,1,2,1,2,1,0,1,0,1,2,2,1,4,7
29398,5G 모두 충분 14GB+,MVNO,0,0,0,0,0,1,0,0,0,0,1,0,0,0,1,0,0,0,1,0,0,0,1,0,0,0,0,0,0,1
29399,모두 충분 10GB+(올리브영_5000),MVNO,0,1,1,1,1,1,1,1,1,0,1,1,1,1,1,1,1,1,1,1,1,0,0,0,1,1,1,1,3,1
29400,모두 충분 15GB+(올리브영_5000),MVNO,0,0,0,0,0,0,0,0,0,0,0,0,0,0,0,0,0,0,0,0,0,0,0,0,0,0,0,0,0,0
29401,모두 충분 7GB+(올리브영_5000),MVNO,0,10,10,10,10,11,11,12,11,13,12,13,13,14,14,14,15,15,16,16,17,0,0,0,0,0,0,0,0,0
29579,올리브영 7G+1M,MVNO,0,0,0,0,1,0,0,0,1,0,0,1,0,0,1,0,0,1,0,1,0,1,1,1,0,0,0,0,0,0
29580,시월5G 무제한 80GB+1Mbps,MVNO,0,0,0,0,0,0,0,0,0,0,0,0,0,0,0,0,0,0,0,0,0,0,0,0,0,0,0,0,0,0
29581,시월5G 무제한 50GB+1Mbps,MVNO,0,0,1,0,0,1,0,0,1,0,1,0,0,1,0,1,0,1,0,1,0,0,1,0,1,0,0,1,0,0
29739,5G 유심 (200GB+/통화맘껏),MVNO,0,0,0,0,0,0,0,0,0,0,0,0,0,0,0,0,0,0,0,0,0,1,2,0,0,0,0,0,0,0
29740,[Online] CMLink (100GB+),MVNO,0,0,0,0,0,0,0,0,0,0,0,0,0,0,0,0,0,0,0,0,0,0,0,0,0,0,0,0,0,0
29742,[Online] 5G CMLink (24GB+),MVNO,0,0,0,0,0,0,0,0,0,0,0,0,0,0,0,0,0,0,0,0,0,0,0,0,0,0,0,0,0,0
29743,5G 유심 (99GB+/통화맘껏),MVNO,0,0,0,0,0,0,0,0,0,0,0,0,0,0,0,0,0,0,0,0,0,0,0,0,0,0,0,0,0,0
29744,5G 유심 (74GB+/통화맘껏),MVNO,0,0,0,0,0,0,0,0,0,0,0,0,0,0,0,0,0,0,0,0,0,1,1,0,0,0,0,0,0,0
29746,5G 유심 (54GB+/통화맘껏),MVNO,0,0,0,0,0,0,0,0,0,0,0,0,0,0,0,0,0,0,0,0,0,1,0,0,0,0,0,0,0,0
29747,[Online] CMLink (11GB+),MVNO,0,0,0,0,0,0,0,0,0,0,0,0,0,0,0,0,0,0,0,0,0,0,0,0,0,0,0,0,0,0
29749,5G 유심 (37GB+/통화맘껏),MVNO,0,0,0,0,0,0,0,0,0,0,0,0,0,0,0,0,0,0,0,0,0,0,0,0,0,0,0,0,0,0
29751,FLO 유심 (11GB+/통화맘껏),MVNO,0,0,0,0,0,0,0,0,0,0,0,0,0,0,0,0,0,0,0,0,0,0,0,0,0,0,0,0,0,0
29758,5G 유심 (24GB+/통화맘껏),MVNO,0,0,0,0,0,0,0,0,0,0,0,0,0,0,0,0,0,0,0,0,0,0,0,0,0,0,0,0,0,0
29759,롯데시네마 (11GB+/통화맘껏),MVNO,0,0,0,0,0,0,0,0,0,0,0,0,0,0,0,0,0,0,0,0,0,0,0,0,0,0,0,0,0,0
29768,[Online] CMLink (15GB+),MVNO,0,0,0,0,0,0,0,0,0,0,0,0,0,0,0,0,0,0,0,0,0,0,0,0,0,0,0,0,0,0
29778,[셀프] LTE 유심 (15GB+/300분),MVNO,0,0,0,0,0,0,0,0,0,0,0,0,0,0,0,0,0,0,0,0,0,0,0,0,0,0,0,0,0,0
29786,LTE 유심 (20GB+/1000분),MVNO,0,0,0,0,0,0,0,0,0,0,0,0,0,0,0,0,0,0,0,0,0,0,0,0,0,0,0,0,0,0
29787,[Online] CMLink (10GB+),MVNO,0,0,0,0,0,0,0,0,0,0,0,0,0,0,0,0,0,0,0,0,0,0,0,0,0,0,0,0,0,0
29790,[Online] CMLink (7GB+),MVNO,0,0,0,0,0,0,0,0,0,0,0,0,0,0,0,0,0,0,0,0,0,0,0,0,0,0,0,0,0,0
29792,10% 포인트 (10GB+/통화맘껏),MVNO,0,0,0,0,0,0,0,0,0,0,0,0,0,0,0,0,0,0,0,0,0,0,0,0,0,0,0,0,0,0
29793,롯데시네마 (7GB+/통화맘껏),MVNO,0,0,0,0,0,0,0,0,0,0,0,0,0,0,0,0,0,0,0,0,0,0,0,0,0,0,0,0,0,0
29799,LTE 유심 (10GB+/통화맘껏),MVNO,0,0,0,0,0,0,0,0,0,0,0,0,0,0,0,0,0,0,0,0,0,1,0,0,0,0,0,0,0,0
29800,번개 유심 (10GB+/통화맘껏),MVNO,0,0,0,0,0,0,0,0,0,0,0,0,0,0,0,0,0,0,0,0,0,0,0,0,0,0,0,0,0,0
29802,10% 포인트 (7GB+/통화맘껏),MVNO,0,0,0,0,0,0,0,0,0,0,0,0,0,0,0,0,0,0,0,0,0,0,0,0,0,0,0,0,0,0
29804,[셀프] LTE 유심 (10GB+),MVNO,0,0,0,0,0,0,0,0,0,0,0,0,0,0,0,0,0,0,0,0,0,0,0,0,0,0,0,0,0,0
29805,LTE 유심 (10GB+/1000분),MVNO,0,0,0,0,0,0,0,0,0,0,0,0,0,0,0,0,0,0,0,0,0,0,0,0,0,0,0,0,0,0
29807,[Online] CMLink (1GB+),MVNO,0,0,0,0,0,0,0,0,0,0,0,0,0,0,0,0,0,0,0,0,0,0,0,0,0,0,0,0,0,0
29811,10% 포인트 (5GB+/200분),MVNO,0,0,0,0,0,0,0,0,0,0,0,0,0,0,0,0,0,0,0,0,0,0,0,0,0,0,0,0,0,0
29813,LTE 유심 (8GB+/1000분),MVNO,0,0,0,0,0,0,0,0,0,0,0,0,0,0,0,0,0,0,0,0,0,0,0,0,0,0,0,0,0,0
29817,번개 유심 (5GB+/200분),MVNO,0,0,0,0,0,0,0,0,0,0,0,0,0,0,0,0,0,0,0,0,0,0,0,0,0,0,0,0,0,0
29821,LTE 유심 (6GB+/1000분),MVNO,0,0,0,0,0,0,0,0,0,0,0,0,0,0,0,0,0,0,0,0,0,0,1,0,0,0,0,0,0,0
29823,10% 포인트 (3GB+/200분),MVNO,0,0,0,0,0,0,0,0,0,0,0,0,0,0,0,0,0,0,0,0,0,0,0,0,0,0,0,0,0,0
29826,LTE 유심 (3GB+/200분),MVNO,0,0,0,0,0,0,0,0,0,0,0,0,0,0,0,0,0,0,0,0,0,0,0,0,0,0,0,0,0,0
29827,번개 유심 (3GB+/200분),MVNO,0,0,0,0,0,0,0,0,0,0,0,0,0,0,0,0,0,0,0,0,0,0,0,0,0,0,0,0,0,0
29837,LTE 안심 (5GB+/1000분),MVNO,0,0,0,0,0,0,0,0,0,0,0,0,0,0,0,0,0,0,0,0,0,2,2,0,0,0,0,0,0,0
29841,10% 포인트 (4GB/200분),MVNO,0,0,0,0,0,0,0,0,0,0,0,0,0,0,0,0,0,0,0,0,0,0,0,0,0,0,0,0,0,0
29846,LTE 유심 (6GB/2000분),MVNO,0,0,0,0,0,0,0,0,0,0,0,0,0,0,0,0,0,0,0,0,0,0,0,0,0,0,0,0,0,0
29847,번개 유심 (6GB/2000분),MVNO,0,0,0,0,0,0,0,0,0,0,0,0,0,0,0,0,0,0,0,0,0,0,0,0,0,0,0,0,0,0
29848,5G 유심 (5GB/1000분),MVNO,0,0,0,0,0,0,0,0,0,0,0,0,0,0,0,0,0,0,0,0,0,0,0,0,0,0,0,0,0,0
29854,[셀프] LTE 유심 (6GB/2000분),MVNO,0,0,0,0,0,0,0,0,0,0,0,0,0,0,0,0,0,0,0,0,0,0,0,0,0,0,0,0,0,0
29857,LTE 유심 (4GB/2000분),MVNO,0,0,0,0,0,0,0,0,0,0,0,0,0,0,0,0,0,0,0,0,0,0,0,0,0,0,0,0,0,0
29858,번개 유심 (4GB/2000분),MVNO,0,0,0,0,0,0,0,0,0,0,0,0,0,0,0,0,0,0,0,0,0,0,0,0,0,0,0,0,0,0
29865,10% 포인트 (2GB/200분),MVNO,0,0,0,0,0,0,0,0,0,0,0,0,0,0,0,0,0,0,0,0,0,0,0,0,0,0,0,0,0,0
29898,티플 위드유 7GB+ (G car+세차클링),MVNO,0,0,0,0,0,0,0,0,0,0,0,0,0,0,0,0,0,0,0,0,0,0,0,0,0,0,0,0,0,0
29899,티플 위드유 10GB+ (G car+세차클링),MVNO,0,0,0,0,0,0,0,0,0,0,0,0,0,0,0,0,0,0,0,0,0,0,0,0,0,0,0,0,0,0
29901,티플 위드유 15GB+(300분) (G car+세차클링),MVNO,0,0,0,0,0,0,0,0,0,0,0,0,0,0,0,0,0,0,0,0,0,0,0,0,0,0,0,0,0,0
29902,티플 위드유 15GB+(100분)(G car+세차클링),MVNO,0,0,0,1,0,0,0,0,0,1,0,0,0,0,1,0,0,0,1,0,0,0,0,0,0,1,1,0,0,1
29903,티플 위드유 11GB+(G car+세차클링),MVNO,0,0,0,1,0,0,1,0,0,1,0,0,1,0,0,1,0,1,0,1,0,0,0,1,0,0,0,0,0,0
29904,티플 위드유 100GB+(G car+세차클링),MVNO,0,0,0,0,0,0,0,0,0,0,0,0,0,0,0,0,0,0,0,0,0,0,0,0,0,0,0,0,0,0
29926,NH올원프리덤7G+,MVNO,0,0,0,0,0,0,0,0,0,0,0,0,0,0,0,0,0,0,0,0,0,0,0,0,0,0,0,0,0,0
29927,NH올원프리덤11G+,MVNO,0,0,0,0,0,0,0,0,0,0,0,0,0,0,0,0,0,0,0,0,0,0,0,0,0,0,0,0,0,0
29928,NH올원프리덤100G+,MVNO,0,0,0,0,0,0,0,0,0,0,0,0,0,0,0,0,0,0,0,0,0,0,0,0,0,0,0,0,1,0
29929,[KG모바일 스페셜] 데이터 마음대로 (15GB+/300분),MVNO,0,0,0,0,0,0,0,0,0,0,0,0,0,0,0,0,0,0,0,0,0,0,0,0,0,0,0,0,0,0
29930,[KG모바일 스페셜] 데이터 마음대로 (15GB+/100분),MVNO,0,0,0,0,0,0,1,0,0,0,0,0,1,0,0,0,0,0,1,0,0,0,0,0,0,0,0,0,0,0
29931,"[KG모바일 스페셜] 통화, 데이터 마음대로 11GB+",MVNO,0,6,5,5,6,5,5,6,5,5,6,5,6,5,5,6,5,6,5,6,5,6,5,0,0,0,0,0,0,0
29932,"[KG모바일 스페셜] 통화, 데이터 마음대로 7GB+",MVNO,0,1,0,1,0,1,0,1,0,1,0,1,0,1,0,1,0,1,0,1,0,1,0,2,0,0,1,0,1,0
29933,"[KG모바일 스페셜] 통화, 데이터 마음대로 Pro",MVNO,0,0,0,0,0,0,0,0,0,0,0,0,0,0,0,0,0,0,0,0,0,0,0,0,0,0,0,0,0,0
29934,"[KG모바일 스페셜] 통화, 데이터 마음대로 100GB+",MVNO,0,12,13,13,14,14,14,15,15,15,16,16,16,17,17,17,18,18,19,19,20,0,0,0,0,0,0,0,0,0
29935,"[KG모바일 스페셜] 통화, 데이터 마음대로 10GB+",MVNO,0,0,0,0,0,0,0,0,0,0,0,0,0,0,0,0,0,0,0,0,0,1,0,0,0,0,0,0,0,0
29948,이야기 라이트S 300분 15GB+,MVNO,0,0,0,0,0,0,0,0,0,0,0,0,0,0,0,0,0,0,0,0,0,0,0,0,0,0,0,0,0,1
29949,이야기 라이트S 100분 15GB+,MVNO,0,0,0,0,0,0,0,0,0,0,0,0,0,0,0,0,0,0,0,0,0,0,0,0,0,0,0,0,0,0
29950,이야기 라이트S 100분 20GB+,MVNO,0,0,0,0,0,0,0,0,0,0,0,0,0,0,0,0,0,0,0,0,0,0,0,0,0,1,0,0,0,0
29951,이야기 라이트S 100분 11GB+,MVNO,0,0,0,0,0,0,0,0,0,0,0,0,0,0,0,0,0,0,0,0,0,0,0,0,0,0,0,0,0,0
29952,이야기 라이트S 100분 7GB+,MVNO,0,0,0,0,0,0,0,0,0,0,0,0,0,0,0,0,0,0,0,0,0,0,0,0,0,0,0,0,0,0
29953,이야기 라이트S 100분 10GB+,MVNO,0,0,0,0,0,1,0,0,0,0,1,0,0,0,1,0,0,0,1,0,0,1,0,0,0,0,0,0,0,0
29956,[K] DIGITAL DETOX 3GB 챌린지,MVNO,0,3,3,4,3,4,4,4,4,5,5,4,6,5,5,6,6,6,7,7,7,0,0,0,0,0,0,0,0,0
29959,[L] 핀다이렉트 Speed 10GB/200분,MVNO,0,0,0,0,0,0,0,0,0,0,0,0,0,0,0,0,0,0,0,0,0,0,0,0,0,0,0,0,0,0
29960,더중앙+모나_100G+5M,MVNO,0,1,1,1,1,1,1,0,1,1,1,1,1,1,1,1,1,1,1,1,1,0,0,1,0,0,0,0,0,0
29976,모두 충분 10GB+(다이소_5000),MVNO,0,1,1,1,1,1,1,1,0,1,1,1,1,1,1,1,1,1,1,1,1,0,0,0,1,1,1,1,1,0
29977,모두 충분 15GB+(다이소_5000),MVNO,0,0,0,0,0,0,0,0,0,0,0,0,0,0,0,0,0,0,0,0,0,0,0,0,0,0,0,0,0,0
29978,모두 충분 7GB+(다이소_5000),MVNO,0,0,0,0,0,0,0,0,0,0,0,0,0,0,0,0,0,0,0,0,0,0,0,0,0,0,0,0,0,0
29999,더중앙+모나_11G+일2G,MVNO,0,2,2,2,1,2,2,2,2,2,2,1,2,2,2,2,2,2,2,2,2,0,0,2,0,0,0,0,0,0
30000,카카오이모티콘+_100G+5M,MVNO,0,1,1,1,1,0,1,1,1,1,1,1,1,1,1,1,1,1,1,1,1,0,0,1,0,0,0,0,1,1
30009,[올리브영 12만원] 15GB+/300분,MVNO,0,1,1,1,1,0,1,1,1,1,1,1,1,1,0,1,1,1,1,1,1,2,2,5,1,1,1,1,1,1
30010,[올리브영 12만원] 6GB/통화기본,MVNO,0,1,1,1,1,1,1,1,0,1,1,1,1,1,1,1,1,1,1,1,1,0,0,1,0,0,0,0,0,0
30011,[올리브영 12만원] 9GB/3000분,MVNO,0,0,1,1,1,0,1,1,1,0,1,1,1,1,1,0,1,1,1,1,1,1,0,1,0,1,0,0,1,3
30363,데이터통화안심 5GB+,MVNO,0,0,0,0,0,0,0,0,0,0,0,0,0,0,0,0,0,0,0,0,0,0,0,0,0,0,0,0,0,0
30364,데이터통화안심 10GB+,MVNO,0,1,1,0,1,0,1,1,0,1,0,1,1,0,1,1,0,1,1,0,1,4,4,0,1,1,1,1,1,0
30365,이야기 6GB 100분,MVNO,0,3,3,2,3,2,3,3,2,3,3,2,3,3,3,3,2,3,3,3,3,0,0,0,1,2,1,1,3,3
30367,올리브영 11G+,MVNO,0,0,0,0,0,0,0,0,0,0,0,0,0,0,0,0,0,0,0,0,0,0,0,0,0,0,0,0,0,0
30438,프리티데이터7G+1M,MVNO,0,0,0,0,0,0,0,0,0,0,0,0,0,0,0,0,0,0,0,0,0,0,0,0,0,0,0,0,0,2
30439,프리티데이터10G+1M,MVNO,0,0,0,0,0,0,0,0,0,0,0,0,0,0,0,0,0,0,0,0,0,0,0,0,0,0,1,0,0,0
30440,데이터안심15G+1M,MVNO,0,0,0,0,0,0,0,0,0,0,0,0,0,0,0,0,0,0,0,0,0,0,0,0,0,0,0,0,0,0
30442,데이터안심300분15G+,MVNO,0,0,1,0,1,1,0,1,1,0,1,1,1,1,0,1,1,1,1,1,1,0,0,1,0,0,0,0,0,1
30443,프리티데이터중심11G,MVNO,0,0,0,0,0,0,0,0,0,0,0,0,0,0,0,0,0,0,0,0,0,0,0,0,0,1,1,0,0,3
30444,프리티데이터매일5G+,MVNO,0,0,0,1,0,1,0,0,1,0,1,0,1,0,1,1,0,1,1,0,1,1,2,0,0,1,1,0,1,2
30830,[모요only] 마블링 프라임 7GB+1Mbps,MVNO,0,521,526,532,539,545,551,558,564,570,577,584,591,597,605,611,619,625,633,640,648,0,0,0,0,0,0,0,0,0
30833,[모요only] 프라임,MVNO,0,0,1,0,0,1,0,1,0,1,0,1,0,1,0,1,0,1,0,0,1,0,0,1,0,0,0,0,0,0
30845,이지톡 1G,MVNO,0,0,0,0,0,0,0,0,0,0,0,0,0,0,0,0,0,0,0,0,0,0,0,0,0,0,0,0,0,0
30849,EG 무제한 10GB+1(밀리의 서재),MVNO,0,0,0,0,0,0,0,0,0,0,0,0,0,0,0,0,0,0,0,0,0,0,0,0,0,0,0,0,0,0
30850,이지 데이터 6G,MVNO,0,21,23,24,24,26,28,29,30,31,34,35,36,39,40,43,44,47,49,52,54,0,0,0,0,0,0,0,0,0
30851,EG 무제한 15GB+1(밀리의 서재),MVNO,0,0,0,0,0,0,0,0,0,0,0,0,0,0,0,0,0,0,0,0,0,0,0,1,0,0,0,0,0,0
30853,이지 데이터 10GB+1/100분,MVNO,0,31,31,32,32,33,33,33,33,34,35,34,35,36,36,36,37,37,37,38,38,40,39,22,29,30,30,29,102,83
30856,이지 무한 10G+1,MVNO,0,0,0,0,0,0,0,0,0,0,0,0,0,0,0,0,0,0,0,0,0,0,0,0,0,0,0,0,0,1
30859,이지 무한 15GB+1,MVNO,0,0,0,0,0,0,0,0,0,0,0,0,0,0,0,0,0,0,0,0,0,0,0,0,0,0,0,0,1,0
30860,EG 무제한 일5G+5,MVNO,0,2,2,2,1,2,2,2,2,2,2,2,2,2,2,2,2,2,2,2,2,0,0,0,0,0,0,0,0,0
30861,이지 15G(100)+,MVNO,0,0,0,0,0,0,0,0,0,0,0,0,0,0,0,0,0,0,0,0,0,0,0,0,1,1,0,1,0,0
30862,이지 15G(300)+,MVNO,0,0,0,0,0,0,0,0,0,0,0,0,0,0,0,0,0,0,0,0,0,0,0,1,0,0,0,0,0,0
30863,EG 5G평생 2.5GB,MVNO,0,0,0,0,0,0,0,0,0,0,0,0,0,0,0,0,0,0,0,0,0,1,0,0,0,0,0,0,0,0
30864,[5G]EG 데이터 5GB/100분,MVNO,0,1,2,1,1,2,1,1,2,1,1,2,1,2,1,1,2,1,2,1,2,0,0,0,0,0,0,0,1,2
30865,이지 무한 71GB+3,MVNO,0,1,1,2,1,1,2,1,2,1,1,2,1,2,1,2,1,2,1,2,1,0,0,0,2,1,1,2,1,4
30866,이지 무한 100GB+5,MVNO,0,2,1,1,2,1,2,1,1,2,1,2,1,2,1,2,1,2,1,2,1,0,0,1,0,0,1,0,2,4
30867,EG 5G 심플 50GB+,MVNO,0,1,2,1,2,1,2,1,2,1,2,2,1,2,2,2,2,1,2,2,2,2,2,3,0,0,0,0,3,0
30868,이지 무한 일5GB+5,MVNO,0,1,1,0,1,1,0,1,1,0,1,1,0,1,1,0,1,1,1,0,1,0,0,0,1,0,1,1,0,0
30869,EG 5G 심플 70GB+,MVNO,0,1,0,0,0,0,1,0,0,0,1,0,0,0,1,0,0,0,1,0,0,0,0,0,0,1,1,0,0,0
30870,EG 5G 심플 90GB+,MVNO,0,0,1,0,1,0,1,0,1,0,1,0,1,1,0,1,1,1,0,1,1,1,0,1,0,0,0,0,1,1
30871,[5G]이지 평생 2.5GB,MVNO,0,1,1,0,1,1,1,1,1,1,1,1,0,1,1,1,1,1,1,1,1,2,2,0,0,0,0,0,0,0
30872,[5G]EG 무제한 110G+5,MVNO,0,0,0,0,0,0,0,0,0,0,0,0,0,0,0,0,0,0,0,0,0,0,0,0,0,0,0,0,0,0
30873,[5G]이지 무제한 14G+1,MVNO,0,0,0,0,0,0,0,0,0,0,0,0,0,0,0,0,0,0,0,0,0,0,0,0,0,0,0,0,0,0
30875,EG 5G프리미엄 200G+,MVNO,0,11,12,11,12,12,12,12,12,13,12,13,13,13,13,13,14,13,14,14,14,0,0,0,0,0,0,0,0,0
30877,EG 5G스탠다드 지니 110G+(지니뮤직),MVNO,0,2,1,1,2,1,2,1,2,1,2,1,2,1,2,2,1,2,2,1,2,0,1,0,0,0,0,0,3,0
30878,EG 5G프리미엄 지니 200G+(지니뮤직),MVNO,0,1,0,1,0,1,0,1,0,1,0,1,0,1,0,0,1,0,1,0,1,0,0,0,0,0,0,0,1,0
30882,[5G]이지 무제한 125GB+5M,MVNO,0,0,0,0,0,0,0,0,1,0,0,0,0,0,0,0,1,0,0,0,0,1,1,0,0,0,1,0,0,0
30890,이지 오래쓰는 데이터 6G/200분,MVNO,0,8,9,9,9,9,11,10,12,11,13,13,13,15,15,15,17,17,19,19,20,19,19,50,58,57,58,58,50,67
30892,EG CU 무제한 10G+1(CU할인),MVNO,0,0,0,0,0,0,0,0,0,0,0,0,0,0,0,0,0,0,0,0,0,0,0,0,0,0,0,0,0,0
30894,EG CU 무제한 15G+1(CU할인),MVNO,0,0,0,1,0,1,0,1,0,1,0,1,0,1,0,0,1,0,1,0,1,0,0,1,0,0,0,0,0,0
30897,EG CU 데이터 15G+3/100분(CU할인),MVNO,0,0,0,0,0,0,0,0,0,0,0,0,0,0,0,0,0,0,0,0,0,0,0,0,0,0,0,0,0,0
30898,EG CU 데이터 15G+3/300분(CU할인),MVNO,0,0,0,0,0,0,0,0,0,0,0,0,0,0,0,0,0,0,0,0,0,0,0,0,0,0,0,0,0,0
30900,EG CU 무제한 11G+3(CU할인),MVNO,0,0,0,0,0,0,0,0,0,0,0,0,0,0,0,0,0,0,0,0,0,0,0,0,0,0,0,0,0,0
30902,EG CU 무제한 100G+5(CU할인),MVNO,0,5,5,5,6,5,5,6,6,5,6,6,6,6,6,6,6,6,7,6,7,0,0,0,0,0,0,0,0,0
30906,EG 무제한 71G+3(멜론),MVNO,0,0,0,0,0,0,0,0,0,0,0,0,0,0,0,0,0,0,0,0,0,0,0,0,0,0,0,0,0,0
30910,이지 더 오래쓰는 무제한 10G+1,MVNO,0,1,2,1,2,1,1,2,1,2,1,2,1,2,1,2,1,2,2,1,2,2,3,1,0,0,0,0,0,0
30911,EG 무제한 100G+5(웨이브),MVNO,0,0,1,0,0,0,1,0,0,0,1,0,0,0,1,0,0,0,1,0,0,0,1,0,0,1,0,0,0,0
30912,이지 더 오래쓰는 무제한 11G+3,MVNO,0,0,0,0,0,0,0,0,0,0,0,0,0,0,0,0,0,0,0,0,0,0,0,0,0,0,0,0,0,0
30913,이지 더 오래쓰는 무제한 100G+5,MVNO,0,2,2,2,2,2,2,2,2,3,2,2,2,2,2,2,2,3,2,2,2,0,0,0,0,0,0,0,2,0
30914,이지 더 오래쓰는 무제한 일5G+5,MVNO,0,0,0,0,0,0,0,0,0,0,0,0,0,0,0,0,0,0,0,0,0,0,0,0,0,0,0,0,0,0
30940,무제한 11GB+3M(다이소 매월 5000원),MVNO,0,0,0,0,0,0,0,0,0,0,0,0,0,0,0,0,0,0,0,0,0,1,0,0,0,0,0,0,0,0
30941,무제한 15GB+1M(다이소 매월 5000원),MVNO,0,0,0,0,0,0,0,0,0,0,0,0,0,0,0,0,0,0,0,0,0,0,0,0,0,0,0,0,0,0
30942,무제한 7GB+1M(다이소 매월 5000원),MVNO,0,0,0,0,0,1,0,0,0,1,0,0,0,0,1,0,0,0,1,0,0,0,0,0,0,0,1,0,2,1
30943,무제한 10GB+1M(다이소 매월 5000원),MVNO,0,0,0,0,0,0,0,0,0,0,0,0,0,0,0,0,0,0,0,0,0,0,0,0,0,0,0,0,0,0
30944,무제한 11GB+3M(올리브영 매월 5000원),MVNO,0,0,0,0,0,0,0,0,0,0,0,0,0,0,0,0,0,0,0,0,0,0,0,0,0,0,0,0,0,1
30945,무제한 15GB+1M(올리브영 매월 5000원),MVNO,0,0,0,0,0,0,0,0,0,0,0,0,0,0,0,0,0,0,0,0,0,0,1,0,0,0,0,0,0,0
30946,무제한 7GB+1M(올리브영 매월 5000원),MVNO,0,0,0,0,0,0,0,0,0,0,0,0,0,0,0,0,0,0,0,0,0,0,0,0,0,0,0,0,0,0
30947,무제한 10GB+1M(올리브영 매월 5000원),MVNO,0,0,0,0,0,0,0,0,0,0,0,0,0,0,0,0,0,0,0,0,0,0,0,0,0,0,0,0,0,0
30951,[모요only] 프라임 15GB+3Mbps 300분,MVNO,0,0,1,0,0,0,1,0,0,0,1,0,0,0,1,0,0,0,1,0,0,1,0,0,0,0,0,0,0,0
30952,이지 무제한 4.5GB+1,MVNO,0,39,40,39,40,40,40,40,40,41,40,41,41,41,41,42,41,42,42,42,42,0,0,0,31,31,32,31,43,64
30953,[모요only] [K] 핀다이렉트Z 11GB+(네이버페이) _PIN,MVNO,0,4,4,3,5,4,4,5,5,6,5,6,6,6,7,7,7,8,8,9,9,13,14,18,37,37,37,37,50,51
30954,[모요only] [K] 핀다이렉트Z 100GB+(네이버페이) _PIN,MVNO,0,96,96,97,97,97,97,98,97,98,98,99,98,98,99,99,99,100,99,100,100,133,133,100,85,85,86,85,158,102
30955,[모요only] [K] 핀다이렉트Z 7GB+(네이버페이) _PIN,MVNO,0,1,1,0,1,1,1,1,0,1,1,1,1,1,2,1,1,2,1,1,2,5,4,1,4,4,4,4,9,7
30956,[L] 핀다이렉트Z Speed 50GB+,MVNO,0,0,0,0,0,1,0,0,0,0,0,0,0,0,0,0,1,0,0,0,0,1,1,0,0,1,0,0,0,0
30968,USIM 스마트 15GB+,MVNO,0,0,0,0,0,0,0,0,0,0,0,0,0,0,0,0,0,0,0,0,0,0,0,0,0,0,0,0,0,0
30988,[모요only] 쉐이크 LTE 7GB+_올리브영 5000원,MVNO,0,0,0,0,0,0,0,0,0,0,0,0,0,0,0,0,0,0,0,0,0,0,0,0,0,0,0,0,0,0
30991,우주LTE데이터(15GB+),MVNO,0,0,0,1,0,0,0,1,0,0,1,0,0,0,1,0,0,1,0,1,0,0,0,2,0,0,0,0,1,0
30992,우주LTE데이터(11GB+),MVNO,0,0,0,0,0,1,0,0,0,0,1,0,0,0,1,0,0,0,1,0,0,1,0,1,0,0,0,0,0,0
30994,가성비플러스(6GB/350분)_평생요금,MVNO,0,0,0,0,0,0,0,0,0,0,0,0,0,0,0,0,0,0,0,0,0,0,0,0,0,0,0,0,0,0
31003,모두 충분 11GB+(모아진),MVNO,0,0,0,0,0,0,0,0,0,0,0,0,0,0,0,0,0,0,0,0,0,0,0,0,0,0,0,0,0,0
31004,[모요only] 쉐이크 LTE 11GB+_모아진 전자 구독,MVNO,0,0,0,0,0,0,0,0,0,0,0,0,0,0,0,0,0,0,0,0,0,0,0,0,0,0,0,0,0,0
31007,5G 가성비플러스(10GB/350분)_평생요금,MVNO,0,10,10,11,10,11,11,11,11,11,11,12,11,12,11,12,12,13,12,12,13,22,23,10,7,6,6,7,20,14
31008,5G 가성비플러스(15GB/350분)_평생요금,MVNO,0,2,1,1,2,1,2,1,2,1,2,1,2,1,2,1,2,1,2,1,2,0,0,2,0,0,0,0,1,0
31028,데이터 플러스 15GB(평생 +10GB 추가 제공 프로모션),MVNO,0,18,19,20,19,20,20,21,20,21,21,22,22,22,22,22,23,24,23,24,24,0,0,0,0,0,0,0,0,0
31029,데이터 플러스 10GB(평생 +10GB 추가 제공 프로모션),MVNO,0,13,14,14,14,14,14,15,15,14,15,15,16,15,15,16,16,16,16,17,16,17,17,14,18,19,18,18,60,12
31034,[평생할인] 100GB+/통화기본,MVNO,0,67,67,67,68,68,68,68,68,69,69,69,69,70,69,70,70,70,71,70,71,94,94,71,22,22,21,22,73,0
31035,[평생할인] 10GB/100분,MVNO,0,3,3,3,3,3,3,3,3,4,3,3,3,4,3,3,3,4,3,4,3,4,3,0,0,0,0,0,0,0
31036,[평생할인] 일 5GB+/통화기본,MVNO,0,1,1,1,1,1,1,0,1,1,1,1,1,1,1,1,1,1,1,1,1,2,2,0,0,0,0,0,0,0
31043,티플 7GB+(이디야커피),MVNO,0,1,1,0,1,1,1,1,1,1,1,0,1,1,1,1,1,1,1,1,1,0,0,1,1,2,2,1,1,2
31044,티플 10GB+(이디야커피),MVNO,0,0,0,0,0,0,0,0,0,0,0,0,0,0,0,0,0,0,0,0,0,0,0,0,0,0,1,0,0,0
31045,티플 15GB+(100분)(이디야커피),MVNO,0,0,1,0,1,0,0,1,0,1,0,1,0,1,0,1,0,1,0,1,0,0,1,1,0,0,0,0,0,1
31047,티플 15GB+(300분)(이디야커피),MVNO,0,1,1,0,1,1,0,1,1,1,0,1,1,1,1,0,1,1,1,1,1,1,0,1,1,0,1,1,4,2
31048,티플 11GB+(이디야커피),MVNO,0,4,5,5,6,5,6,5,6,6,7,6,7,7,7,7,8,7,8,9,8,16,15,10,7,8,8,7,11,20
31049,티플 100GB+(이디야커피),MVNO,0,10,9,10,9,10,10,10,11,10,11,10,11,11,12,11,11,12,12,12,12,18,17,13,10,11,11,10,13,17
31061,5G Sugar 실속(300분/15GB),MVNO,0,4,4,5,4,4,5,4,5,4,5,4,5,5,5,4,5,5,5,5,5,0,0,0,0,0,0,0,6,4
31063,5G Sugar 실속(300분/6GB),MVNO,0,0,0,0,0,0,0,0,0,0,0,0,0,0,0,0,0,0,0,0,0,0,0,0,0,0,0,0,0,0
31120,"[KG모바일 스페셜2] 통화, 데이터 마음대로 100GB+",MVNO,0,0,0,0,0,0,0,0,0,0,0,0,0,0,0,0,0,0,0,0,0,0,0,0,0,0,0,0,0,0
31299,폰케어팩 (10GB+/통화맘껏),MVNO,0,0,0,0,0,0,0,0,0,0,0,0,0,0,0,0,0,0,0,0,0,0,0,0,0,0,0,0,0,0
31308,올리브영 15G+1M,MVNO,0,0,0,0,0,0,0,0,0,0,0,0,0,0,0,0,0,0,0,0,0,0,0,0,0,0,0,0,0,0
31309,다이소 11G+,MVNO,0,0,0,0,0,0,0,0,0,0,0,0,0,0,0,0,0,0,0,0,0,0,0,0,0,0,0,0,0,0
31310,올리브영 100G+,MVNO,0,1,0,1,1,0,1,0,1,1,0,1,1,1,0,1,1,1,1,1,1,0,0,1,0,0,0,0,0,1
31330,음성 200분 6GB+,MVNO,0,2,2,1,2,2,1,2,2,1,2,2,1,2,2,1,2,2,2,1,2,4,3,0,0,0,0,0,0,0
31333,[일반] 데이터 마음대로 (10GB+/200분)_12개월,MVNO,0,2,2,2,1,2,2,2,1,2,2,2,2,2,1,2,2,2,2,2,2,0,1,2,3,4,4,3,6,0
31334,The 완전마음껏7G+(컬쳐랜드 문화상품권 매월 5000P),MVNO,0,0,1,0,1,0,1,0,0,1,0,1,0,1,0,1,0,1,0,1,0,1,0,2,0,0,1,0,0,0
31335,The 완전마음껏10G+(컬쳐랜드 문화상품권 매월 5000P),MVNO,0,0,0,0,0,0,0,0,0,0,0,0,0,0,0,0,0,0,0,0,0,0,0,0,0,0,0,0,1,0
31336,The 완전마음껏11G+(컬쳐랜드 문화상품권 매월 5000P),MVNO,0,1,1,1,1,1,1,1,1,1,1,1,1,1,1,1,1,1,1,1,1,0,0,1,0,0,0,0,0,0
31337,The 완전마음껏15G+(100분)(컬쳐랜드 문화상품권 매월 5000P),MVNO,0,0,0,0,0,0,0,0,0,0,0,0,0,0,0,0,0,0,0,0,0,0,0,0,0,0,0,0,0,0
31338,The 완전마음껏15G+(300분)(컬쳐랜드 문화상품권 매월 5000P),MVNO,0,0,0,0,0,0,0,0,0,0,0,0,0,0,0,0,0,0,0,0,0,0,1,0,0,0,0,0,0,1
31339,The 마음껏 매일5G+(컬쳐랜드 문화상품권 매월 5000P),MVNO,0,0,0,0,0,0,0,0,0,0,0,0,0,0,0,0,0,0,0,0,0,0,0,0,0,0,0,0,0,0
31349,쿠폰팩 통화기본11GB+매일2GB,MVNO,0,0,0,0,0,0,0,0,1,0,0,0,0,0,0,0,1,0,0,0,0,0,0,0,0,0,0,0,0,0
31350,쿠폰팩 100분15GB+,MVNO,0,0,0,0,0,0,0,0,0,0,0,0,0,0,0,0,0,0,0,0,0,0,0,0,0,0,0,0,0,1
31351,쿠폰팩 통화기본7GB+,MVNO,0,0,0,0,0,0,0,0,0,0,0,0,0,0,0,0,0,0,0,0,0,0,0,0,0,0,0,0,0,0
31352,쿠폰팩 300분15GB+,MVNO,0,0,0,0,0,0,0,0,0,0,0,0,0,0,0,0,0,0,0,0,0,0,0,0,0,0,0,0,0,0
31354,쿠폰팩 통화기본100GB+,MVNO,0,0,1,0,1,0,0,1,0,1,0,1,0,1,0,1,0,1,0,1,0,1,0,0,0,0,0,0,0,2
31355,쿠폰팩 통화기본15GB+,MVNO,0,0,0,0,0,0,0,0,0,0,0,0,0,0,0,0,0,0,0,0,0,0,0,0,0,0,0,0,0,0
31356,쿠폰팩 통화기본10GB+,MVNO,0,0,0,0,0,0,0,0,0,0,0,0,0,0,0,0,0,0,0,0,0,0,0,0,0,0,0,0,0,0
31396,[L] 핀다이렉트Z 11GB+,MVNO,0,1,0,1,0,1,1,0,1,0,1,1,0,1,0,1,1,0,1,0,1,0,0,0,0,0,0,0,0,0
31397,[L] 핀다이렉트Z 100GB+,MVNO,0,0,0,0,0,0,0,0,0,0,0,0,0,0,0,0,0,0,0,0,0,0,0,0,0,0,0,0,0,0
31398,[L] 핀다이렉트Z 일5GB+,MVNO,0,0,0,0,0,0,0,0,0,0,0,0,0,0,0,0,0,0,0,0,0,0,0,0,0,0,0,0,0,0
31399,[L] 핀다이렉트Z 15GB+/100분,MVNO,0,1,1,1,1,1,1,2,1,1,1,1,2,1,1,1,2,1,1,2,1,0,0,0,0,0,0,0,0,0
31400,[L] 핀다이렉트Z 7GB+,MVNO,0,1,1,0,1,1,0,1,1,0,1,1,1,1,1,1,1,1,1,1,1,0,0,0,0,0,0,0,2,0
31425,다이소 7G+1M,MVNO,0,0,0,0,1,0,0,1,0,0,1,0,0,1,0,1,0,1,0,0,1,0,1,2,1,0,1,1,1,0
31427,다이소 15G+1M,MVNO,0,0,0,0,0,0,0,0,0,0,0,0,0,0,0,0,0,0,0,0,0,0,0,0,0,0,0,0,0,0
31431,다이소 100G+,MVNO,0,1,1,1,0,1,1,1,1,0,1,1,1,1,1,1,1,1,2,1,1,4,4,2,2,2,1,2,1,1
31432,(5G)올리브영 200G+,MVNO,0,0,0,0,0,0,0,0,0,0,0,0,0,0,0,0,0,0,0,0,0,0,0,0,0,0,0,0,0,0
31433,[모요only] 쉐이크 5G 200GB+_밀리의서재,MVNO,0,5,5,5,5,5,5,6,5,5,5,6,5,5,6,6,5,6,5,6,6,6,7,6,6,7,6,6,1,7
31457,모두 충분 100GB+(다이소_5000),MVNO,0,2,2,1,2,2,1,2,2,1,2,2,2,1,2,2,2,1,2,2,2,0,0,0,0,0,0,0,0,0
31458,모두 충분 100GB+(모아진),MVNO,0,0,0,0,0,0,0,0,0,0,0,0,0,0,0,0,0,0,0,0,0,0,0,0,0,0,0,0,0,0
31459,모두 충분 100GB+(올리브영_5000),MVNO,0,1,2,1,1,2,1,1,2,1,2,1,1,2,1,2,1,2,1,2,1,2,1,0,0,0,0,0,0,0
31460,모두 충분 11GB+(다이소_5000),MVNO,0,1,1,0,1,1,1,1,1,0,1,1,1,1,1,1,1,1,1,1,1,0,0,0,0,0,0,0,2,0
31461,모두 충분 11GB+(올리브영_5000),MVNO,0,0,0,0,0,0,0,0,0,0,0,0,0,0,0,0,0,0,0,0,0,0,0,0,0,0,0,0,0,0
31477,모나기본10G안심1,MVNO,0,0,0,0,0,0,0,0,0,0,0,0,0,0,0,0,0,0,0,0,0,0,0,0,0,0,0,0,0,0
31478,쿠폰팩 통화기본매일5GB+,MVNO,0,0,0,0,0,0,0,0,0,0,0,0,0,0,0,0,0,0,0,0,0,0,0,0,0,0,0,0,0,0
31738,USIM 스위트 심플(100분+5GB),MVNO,0,1,0,1,0,1,0,1,1,0,1,0,1,0,1,0,1,0,1,0,1,0,0,0,0,0,0,0,0,1
31739,USIM 스위트 심플(200분+7GB),MVNO,0,4,5,4,4,5,4,4,5,4,5,5,4,5,5,4,5,5,5,5,5,0,0,0,1,2,2,1,7,5
31740,USIM 스위트 음성 무제한 5GB,MVNO,0,0,0,0,0,0,0,0,0,0,0,0,0,0,0,0,0,0,0,0,0,1,1,1,0,0,0,0,0,0
31741,USIM 스위트 (100분/10GB),MVNO,0,0,0,0,0,0,0,0,0,0,0,0,0,0,0,0,0,0,0,0,0,0,0,0,0,0,0,0,0,0
31742,USIM 스위트 (300분/10GB),MVNO,0,0,0,0,0,0,0,0,0,0,0,0,0,0,0,0,0,0,0,0,0,0,0,0,1,0,1,1,0,0
31743,USIM 스위트 (500분/10GB),MVNO,0,1,1,1,1,1,1,1,1,1,1,2,1,1,1,1,1,1,2,1,1,0,0,0,1,2,1,1,0,2
31744,USIM 스위트 5G망(300분/10GB),MVNO,0,0,0,0,0,0,0,0,0,0,0,0,0,0,0,0,0,0,0,0,0,0,0,0,2,1,2,2,1,0
31745,USIM 스위트 5G망(100분/10GB),MVNO,0,2,2,2,2,1,2,2,2,2,2,2,2,2,2,2,3,2,2,2,2,0,0,0,0,0,0,0,0,0
31746,USIM 스위트 5G망(500분/10GB),MVNO,0,1,1,1,1,1,1,1,1,1,1,2,1,1,1,1,1,1,2,1,1,0,0,0,1,2,1,1,3,0
31749,스위트 300분 15GB+(밀리의서재),MVNO,0,0,0,0,0,0,0,0,0,0,0,0,0,0,0,0,0,0,0,0,0,0,0,0,0,0,0,0,0,0
31761,음성기본 4.5GB+,MVNO,0,13,14,13,14,14,13,14,13,14,14,13,14,14,14,14,13,14,14,14,14,14,14,5,7,6,6,7,16,15
31771,[모요only] 5G 200분/12GB,MVNO,0,0,0,0,0,0,0,0,0,0,0,0,0,0,0,0,0,0,0,0,0,0,0,0,0,0,0,0,0,0
31772,[모요only] 5G 200분/20GB,MVNO,0,55,56,57,56,58,58,58,59,59,60,60,60,62,61,62,63,63,64,64,65,111,111,44,43,43,43,43,75,70
31773,스위트 100분 15GB+(밀리의서재),MVNO,0,1,0,0,1,0,1,0,1,0,1,0,1,1,0,1,1,0,1,1,1,0,0,1,0,0,0,0,1,0
31779,The 완전마음껏7G+(카톡 이모티콘+예스24e북),MVNO,0,0,0,0,0,0,0,0,0,0,0,0,0,0,0,0,0,0,0,0,0,1,0,0,0,0,1,0,0,0
31780,The 완전마음껏10G+(카톡 이모티콘+예스24e북),MVNO,0,0,0,0,0,0,0,0,0,0,0,0,0,0,0,0,0,0,0,0,0,0,0,1,0,0,0,0,0,1
31781,The 완전마음껏15G+(100분)(카톡 이모티콘+예스24e북),MVNO,0,0,1,1,1,1,1,0,1,1,1,1,1,1,1,1,1,1,1,1,1,0,0,0,0,0,0,0,1,1
31782,The 완전마음껏15G+(300분)(카톡 이모티콘+예스24e북),MVNO,0,0,0,0,0,0,0,0,0,0,0,0,0,0,0,0,0,0,0,0,0,0,0,0,0,0,0,0,0,1
31783,The 완전마음껏11G+(카톡 이모티콘+예스24e북),MVNO,0,0,0,1,0,0,1,0,1,0,0,1,0,0,1,0,1,0,0,1,0,0,0,0,1,0,1,1,0,0
31784,The 마음껏 매일5G+(카톡 이모티콘+예스24e북),MVNO,0,0,0,0,0,0,0,0,0,0,0,0,0,0,0,0,0,0,0,0,0,0,0,0,0,0,0,0,0,0
31822,데이터 충분 15GB+/100분(모아진),MVNO,0,1,1,1,1,1,0,1,1,1,1,1,1,1,1,1,1,1,1,1,1,0,0,0,0,0,0,0,0,0
31823,가성비플러스(5GB/350분),MVNO,0,8,8,7,8,8,8,8,8,8,8,7,8,8,8,8,9,8,8,8,8,0,0,0,0,0,0,0,0,0
31831,"[모요 전용] 통화, 데이터 마음대로 100GB+",MVNO,0,0,1,0,1,0,1,0,1,0,1,0,1,0,1,0,1,0,1,0,1,0,0,0,0,0,0,0,1,0
31865,[모요only] 쉐이크핫딜 LTE 100GB+_모아진 전자 구독,MVNO,0,1,1,1,0,1,1,1,1,1,1,1,1,1,1,1,1,1,1,1,1,1,1,0,0,0,0,0,0,0
31866,다이렉트5G 34,MVNO,0,0,0,0,0,0,0,0,0,0,0,0,0,0,0,0,0,0,0,0,0,0,1,0,0,0,0,0,0,0
31867,다이렉트5G 38,MVNO,0,2,2,2,2,3,2,2,3,2,2,3,2,3,2,3,2,3,3,2,3,1,1,2,3,3,3,3,3,5
31919,스위트 7GB+(올영 3000),MVNO,0,0,0,0,0,0,0,0,0,0,0,0,0,0,0,0,0,0,0,0,0,0,0,0,0,0,0,0,0,0
31920,스위트 100GB+(올영 3000),MVNO,0,0,0,0,0,0,0,0,0,0,0,0,0,0,0,0,0,0,0,0,0,0,0,0,0,0,0,0,0,0
31921,스위트 100GB+(올영 5000),MVNO,0,0,0,0,0,0,0,0,0,0,0,0,0,0,0,0,0,0,0,0,0,0,0,0,0,0,0,0,0,1
31922,스위트 11GB+(다이소 5000),MVNO,0,0,0,0,0,0,0,0,0,0,0,0,0,0,0,0,0,0,0,0,0,0,0,0,0,0,0,0,0,0
31923,스위트 7GB+(다이소 3000),MVNO,0,0,0,0,0,0,0,0,0,0,0,0,0,0,0,0,0,0,0,0,0,0,0,0,0,0,0,0,0,0
31924,스위트 11GB+(다이소 3000),MVNO,0,0,0,0,0,0,0,0,0,0,0,0,0,0,0,0,0,0,0,0,0,0,0,0,0,0,0,0,0,0
31925,스위트 100GB+(다이소 3000),MVNO,0,0,0,0,0,0,0,0,0,0,0,0,0,0,0,0,0,0,0,0,0,0,0,0,0,0,0,0,1,0
31926,(5G)다이소 200G+,MVNO,0,0,0,0,0,0,0,0,0,0,0,0,0,0,0,0,0,0,0,0,0,0,0,0,0,0,0,0,0,0
31927,모나기본4.5G안심1+,MVNO,0,0,0,0,0,0,0,0,0,0,0,0,0,0,0,0,0,0,0,0,0,0,0,0,0,0,0,0,0,0
31928,EG 무제한 71G+3M,MVNO,0,11,12,12,12,12,12,13,12,12,13,12,13,12,13,13,13,13,13,13,13,2,2,2,20,20,19,20,29,14
31929,EG 무제한 100GB+5M(밀리의 서재),MVNO,0,321,324,328,330,334,338,341,344,348,352,355,359,362,367,370,373,378,381,386,389,0,0,0,407,407,406,407,307,405
31937,[K]울트라(500분/20GB),MVNO,0,35,36,37,40,42,43,46,48,51,53,56,58,62,64,68,71,75,78,83,86,0,0,0,0,0,0,0,0,0
31945,[모요only] CU 스위트 무제한 100GB+,MVNO,0,0,0,0,0,0,0,0,0,0,0,0,0,0,0,0,0,0,0,0,0,1,0,0,0,0,1,0,0,0
32018,이지 무한 7G+1,MVNO,0,1,1,0,1,1,1,0,1,1,1,1,1,1,0,1,1,1,1,1,1,1,1,0,0,1,1,0,1,0
32019,[5G]이지 무제한 180G+10,MVNO,0,0,0,0,0,0,0,0,0,0,0,0,0,0,0,0,0,0,0,0,0,0,0,0,0,0,0,0,0,0
32020,이지 더 오래쓰는 무제한 7G+1,MVNO,0,0,0,0,0,0,0,0,0,0,0,0,0,0,0,0,0,0,0,0,0,0,0,0,0,0,0,0,0,0
32240,가성비플러스(20GB/350분)_평생요금,MVNO,0,3,3,4,3,3,4,3,4,3,4,3,3,4,4,3,4,3,4,3,4,4,4,0,4,3,4,4,7,3
32399,쿠폰팩 유심 일5GB,MVNO,0,3,3,3,3,3,3,3,3,3,3,4,3,3,4,3,4,3,4,3,4,10,9,4,3,3,3,3,7,1
32400,쿠폰팩 유심 7GB,MVNO,0,23,25,24,25,25,25,26,26,26,27,27,27,28,28,28,29,29,29,30,30,72,72,35,28,27,27,28,34,35
32401,쿠폰팩 유심 10GB,MVNO,0,2,2,2,2,2,2,2,2,2,2,3,2,2,2,3,2,2,3,2,3,4,4,1,3,3,3,3,3,1
32402,쿠폰팩 유심 15GB,MVNO,0,14,14,15,15,14,15,16,15,15,16,16,16,16,17,16,17,17,17,17,18,28,29,21,4,4,4,4,19,12
32403,쿠폰팩 유심 11GB,MVNO,0,21,21,21,21,22,21,22,21,22,22,21,22,22,22,22,22,22,22,23,22,721,721,32,16,17,16,16,27,25
32404,쿠폰팩 유심 15GB 100분,MVNO,0,5,5,5,6,6,6,6,6,6,7,6,7,7,8,7,8,8,8,8,9,16,16,10,6,7,6,6,15,6
32414,EG 무제한 11G+3(매월 배민5000P),MVNO,0,0,0,0,0,0,0,0,0,0,0,0,0,0,0,0,0,0,0,0,0,0,0,0,0,0,0,0,0,0
32415,EG 무제한 11G+3(매월 NPAY5000P),MVNO,0,0,0,0,0,0,0,0,0,0,0,0,0,0,0,0,0,0,0,0,0,0,0,0,0,0,0,0,0,0
32417,EG 무제한 100G+5(매월 Npay5000P),MVNO,0,0,0,1,0,0,1,0,1,0,0,1,0,0,1,0,0,1,0,1,0,0,0,0,1,1,0,1,0,0
32419,모두 충분 10GB+(모아진),MVNO,0,0,0,0,0,0,0,0,0,0,0,0,0,0,0,0,0,0,0,0,0,0,0,0,0,1,0,0,0,0
32420,모두 충분 15GB+(모아진),MVNO,0,2,1,1,1,1,2,1,1,1,2,1,1,2,1,1,2,1,1,2,1,2,3,3,2,1,1,2,0,1
32512,데이터 충분 15GB+/100분(Pay_5000),MVNO,0,0,0,0,0,0,0,0,0,0,0,0,0,0,0,0,0,0,0,0,0,0,0,0,0,0,0,0,0,0
32513,데이터 충분 15GB+/100분(웨이브),MVNO,0,0,0,0,0,0,0,0,0,0,0,0,0,0,0,0,0,0,0,0,0,0,0,0,0,0,0,0,0,0
32514,모두 충분 10GB+(Pay_5000),MVNO,0,0,0,0,0,0,0,0,0,0,0,0,0,0,0,0,0,0,0,0,0,0,0,1,0,0,0,0,0,0
32515,모두 충분 15GB+(Pay_5000),MVNO,0,0,0,0,0,0,0,0,0,0,0,0,0,0,0,0,0,0,0,0,0,0,0,0,0,0,0,0,0,0
32516,모두 충분 7GB+(모아진),MVNO,0,0,0,0,0,0,0,0,0,0,0,0,0,0,0,0,0,0,0,0,0,0,0,0,0,0,0,0,0,0
32578,"[모요only] 쉐이크 5G 110GB+_네이버페이 매 월 5,000원",MVNO,0,30,31,30,31,31,32,31,32,32,33,33,33,33,34,34,34,35,34,36,35,52,52,37,27,27,27,27,51,34
32615,데이터충분히(10G+100분),MVNO,0,0,1,0,0,0,0,1,0,0,0,1,0,0,0,1,0,0,0,1,0,0,0,0,0,1,0,0,0,0
32616,데이터충분히(10G+200분),MVNO,0,0,0,0,0,0,0,0,0,0,0,0,0,0,0,0,0,0,0,0,0,0,0,0,0,0,0,0,0,0
32617,데이터충분히(10G+300분),MVNO,0,1,1,2,1,1,1,2,1,1,1,2,1,1,2,1,1,2,1,2,1,0,0,0,0,0,0,0,0,0
32633,Sugar 세이브+(300분/10GB),MVNO,0,0,0,0,0,0,0,0,0,0,0,0,0,0,0,0,0,0,0,0,0,0,0,0,0,0,0,0,0,0
32940,프리티구독매일5G+5M(스타벅스금액권),MVNO,0,0,0,0,0,0,0,0,0,0,0,0,0,0,0,0,0,0,0,0,0,0,0,0,0,0,0,0,0,0
32941,프리티구독7G+1M(스타벅스금액권),MVNO,0,0,0,0,0,0,0,0,0,0,0,0,0,0,0,0,0,0,0,0,0,0,0,0,0,0,0,0,0,0
32942,프리티구독15G+3M(스타벅스금액권),MVNO,0,0,0,0,0,0,0,0,0,0,0,0,0,0,0,0,0,0,0,0,0,0,0,0,0,0,0,0,0,0
32943,프리티구독11G+3M(스타벅스금액권),MVNO,0,0,0,0,0,0,0,0,0,0,0,0,0,0,0,0,0,0,0,0,0,0,0,0,0,0,0,0,0,0
32944,[모요only] [모요핫딜]CU 스위트 무제한 10GB+,MVNO,0,1,1,1,1,1,1,1,1,1,1,1,1,1,1,1,1,1,1,1,1,0,0,0,0,0,0,0,0,0
33005,EG 무제한 71G+3(밀리의 서재),MVNO,0,0,1,0,1,0,1,0,1,0,1,0,1,0,1,0,1,0,1,0,1,0,0,0,0,0,0,0,1,0
33024,Sugar 실속(500분/5GB),MVNO,0,0,0,0,0,0,0,0,0,0,0,0,0,0,0,0,0,0,0,0,0,0,0,0,0,0,0,0,0,0
33035,5G 가성비플러스(3GB/350분),MVNO,0,0,0,0,0,0,0,0,0,0,0,0,0,0,0,0,0,0,0,0,0,0,0,0,0,1,1,0,0,0
33036,5G 가성비플러스(5GB/350분)_평생요금,MVNO,0,11,11,11,11,11,11,11,11,12,11,12,12,12,12,12,12,12,12,13,12,20,20,13,5,5,5,5,16,4
33037,5G 가성비플러스(6GB/350분),MVNO,0,6,6,6,6,6,6,6,6,6,6,6,6,6,6,6,6,6,7,6,6,0,0,0,0,0,0,0,6,0
33038,5G 가성비플러스(10GB/350분),MVNO,0,6,6,5,6,6,6,6,6,6,6,6,6,6,6,7,6,6,7,6,7,7,7,1,2,3,3,2,11,7
33039,EG 무제한 7G+1(NPAY3000),MVNO,0,9,8,9,10,9,9,9,10,9,10,10,10,10,10,10,11,10,11,10,11,0,0,0,0,0,0,0,0,0
33040,EG 무제한 10G+1(밀리의 서재),MVNO,0,0,0,0,0,0,0,0,0,0,0,0,0,0,0,0,0,0,0,0,0,0,0,0,0,0,0,0,0,0
33041,EG 무제한 15G+3/100분(밀리의 서재),MVNO,0,90,91,94,96,98,100,103,104,107,109,111,114,117,118,122,124,127,129,133,135,0,0,0,0,0,0,0,0,0
33042,EG 10무제한 7G+1(밀리의 서재+매월10GB),MVNO,0,602,611,620,630,640,649,659,669,680,689,700,711,722,732,744,755,767,778,790,802,0,0,0,0,0,0,0,0,0
33043,EG 10무제한 10G+1(CU할인+매월10GB),MVNO,0,1,1,1,1,1,1,1,1,1,1,1,1,1,1,1,1,1,1,1,1,0,0,1,0,0,0,0,0,0
33044,EG 10무제한 15G+1(CU할인+매월10GB),MVNO,0,9,9,9,8,9,9,9,9,9,9,9,8,9,9,9,9,9,9,9,9,9,9,15,14,14,14,14,4,5
33045,EG 10무제한 11G+3(CU할인),MVNO,0,19,19,20,19,19,20,19,20,19,20,19,20,19,20,20,20,19,20,20,20,0,0,20,0,0,0,0,0,0
33046,EG 10무제한 100G+5(CU할인),MVNO,0,2,1,2,2,2,2,1,2,2,2,2,2,2,1,2,2,2,2,2,2,0,0,1,2,2,2,2,2,4
33069,이지 데이터 4.5GB,MVNO,0,1,1,0,1,1,0,1,1,0,1,1,0,1,1,1,0,1,1,0,1,0,0,0,0,0,0,0,0,0
33070,이지 데이터 5GB,MVNO,0,0,0,1,0,0,1,0,0,1,0,0,1,0,0,1,0,1,0,1,0,1,0,0,1,1,0,1,1,0
33071,이지 데이터 7GB,MVNO,0,20,21,21,23,25,25,26,28,30,30,33,34,35,38,39,41,44,45,48,50,39,39,147,120,120,119,120,177,172
33072,이지 데이터 8GB,MVNO,0,0,0,0,1,0,0,0,1,0,0,1,0,0,0,1,0,0,0,1,0,0,0,0,0,1,0,0,1,0
33073,이지 데이터 10GB,MVNO,0,2,1,1,1,2,1,1,2,1,1,2,1,2,1,2,1,2,2,1,2,3,3,1,1,2,1,1,2,6
33080,데이터 충분 15GB+/100분(지니뮤직),MVNO,0,0,1,0,0,0,1,0,0,0,1,0,0,0,1,0,0,0,1,0,0,0,0,0,0,0,0,0,0,0
33081,모두 충분 10GB+(지니뮤직),MVNO,0,0,0,0,0,0,0,0,0,0,0,0,0,0,0,0,0,0,0,0,0,0,0,0,0,0,0,0,0,0
33082,모두 충분 100GB+(지니뮤직),MVNO,0,1,0,1,0,1,0,1,0,1,0,1,0,1,0,1,0,1,0,1,0,0,1,0,0,0,0,0,0,0
33083,모두 충분 15GB+(지니뮤직),MVNO,0,0,0,0,0,0,0,0,0,0,0,0,0,0,0,0,0,0,0,0,0,0,0,0,1,1,1,1,0,0
33084,The 완전마음껏7G＋(올리브영 매월 5000P),MVNO,0,0,0,0,0,0,0,0,0,0,0,0,0,0,0,0,0,0,0,0,0,0,0,0,0,0,0,0,0,0
33085,The 완전마음껏10G＋(올리브영 매월 5000P),MVNO,0,0,0,0,0,0,0,0,0,0,0,0,0,0,0,0,0,0,0,0,0,0,1,0,0,0,0,0,0,0
33086,The 데이터마음껏15G＋(100분)(올리브영 매월 5000P),MVNO,0,1,1,1,2,1,2,1,2,1,2,1,2,2,2,2,2,2,2,2,2,0,0,0,0,0,0,0,0,0
33087,The 데이터마음껏15G＋(300분)(올리브영 매월 5000P),MVNO,0,0,0,0,0,0,0,0,0,0,0,0,0,0,0,0,0,0,0,0,0,0,0,0,0,0,0,0,0,1
33088,The 완전마음껏11G＋(올리브영 매월 5000P),MVNO,0,19,19,20,19,20,21,20,21,21,22,21,22,23,23,23,23,24,24,24,25,0,0,0,0,0,0,0,0,0
33089,The 마음껏 매일5G＋(올리브영 매월 5000P),MVNO,0,0,0,0,0,0,0,0,0,0,0,0,0,0,0,0,0,0,0,0,0,0,0,0,0,0,0,0,0,0
33124,[K]다이소 100GB+,MVNO,0,0,0,0,0,0,0,0,0,0,0,0,0,0,0,0,0,0,0,0,0,0,0,0,0,0,0,0,0,0
33125,[K]다이소 10GB+,MVNO,0,0,0,0,0,0,0,0,0,0,0,0,0,0,0,0,0,0,0,0,0,0,0,0,0,0,0,0,0,0
33126,5G 가성비플러스(6GB/350분),MVNO,0,6,6,6,6,6,6,6,6,6,6,6,6,6,6,6,6,6,7,6,6,0,0,0,0,0,0,0,6,0
33127,5G 가성비플러스(20GB/350분),MVNO,0,48,48,49,50,50,51,52,53,53,54,55,56,56,57,58,59,60,60,62,62,65,65,49,49,50,49,49,99,73
33128,5G 가성비플러스(25GB/350분),MVNO,0,4,5,5,5,5,5,5,6,5,5,6,5,6,5,6,6,6,6,6,6,4,4,5,7,7,6,7,9,10
33129,5G 가성비플러스(30GB/350분),MVNO,0,29,29,30,30,32,32,32,34,34,35,36,37,37,39,39,40,42,42,43,44,48,48,55,33,33,33,33,42,54
33130,시월 무제한 매일5GB+5Mbps,MVNO,0,1,1,0,1,1,1,1,1,1,1,0,1,1,1,1,1,1,1,1,1,0,0,2,0,0,0,0,0,0
33146,더든든한200분20G,MVNO,0,5,5,5,6,5,6,7,6,7,7,8,8,8,9,9,10,10,11,11,12,24,24,27,22,22,22,22,40,28
33159,5G 통화안심 6GB,MVNO,0,1,0,1,1,1,1,1,1,0,1,1,1,1,1,1,2,1,1,1,1,1,2,1,0,0,0,0,0,0
33160,5G 통화안심 10GB,MVNO,0,0,0,1,0,1,0,1,0,1,0,1,0,1,0,1,0,1,0,1,0,0,0,1,1,1,2,1,0,0
33163,5G 통화안심 20GB,MVNO,0,0,1,0,1,0,1,0,1,0,1,0,1,0,1,0,1,0,1,0,1,2,3,0,0,0,1,0,1,0
33164,5G 통화안심 25GB,MVNO,0,0,0,1,0,0,0,1,0,0,0,1,0,0,0,1,0,0,0,1,0,0,0,0,0,1,0,0,0,1
33165,5G 통화안심 30GB,MVNO,0,0,1,0,0,0,1,0,0,0,1,0,0,0,0,1,0,0,0,1,0,0,0,0,0,0,1,0,0,0
33461,TOP 15GB 기본 (후후),MVNO,0,0,0,0,0,0,0,0,0,0,0,0,0,0,0,0,0,0,0,0,0,0,0,13,27,27,27,27,21,23
33512,실속데이터 250분 10GB,MVNO,0,0,0,0,0,0,0,0,0,0,0,0,0,0,0,0,0,0,0,0,0,0,0,0,0,0,1,0,0,1
33513,실속데이터 100분 10GB,MVNO,0,0,0,0,0,0,0,0,0,0,0,0,0,0,0,0,0,0,0,0,0,2,2,1,0,0,0,0,0,0
33514,5G Sugar 실속(500분/10GB),MVNO,0,3,3,3,2,3,3,3,3,3,3,3,2,3,3,4,3,3,3,3,3,2,1,0,0,1,0,0,5,5
33515,TOP 7GB 기본 (밀리의서재),MVNO,0,69,72,77,80,83,89,92,97,102,107,113,118,124,130,137,143,151,158,167,174,530,531,425,644,644,645,644,1140,1000
33516,TOP 7GB 기본 (올리브영),MVNO,0,0,1,0,1,1,0,1,1,0,1,1,0,1,1,1,1,0,1,1,1,0,0,2,0,0,1,0,1,2
33517,TOP 7GB 기본 (다이소),MVNO,0,2,1,1,2,1,2,1,2,2,1,2,2,2,1,2,2,2,3,2,2,4,4,3,2,3,3,2,0,3
33518,TOP 10GB 기본 (밀리의서재),MVNO,0,2,1,1,1,2,1,2,2,1,2,2,2,2,2,3,2,3,2,3,3,4,3,2,19,18,19,19,30,39
33519,TOP 10GB 기본 (CU할인),MVNO,0,0,1,1,0,1,1,1,1,1,1,1,1,2,1,1,2,1,2,1,2,0,1,4,15,16,16,15,20,18
33520,TOP 15GB 기본 (밀리의서재),MVNO,0,3,3,4,3,4,4,4,4,5,5,5,5,6,5,6,7,7,7,7,8,12,13,16,80,79,80,80,131,132
33521,TOP 15GB 100분 (밀리의서재),MVNO,0,5,5,5,5,6,6,6,7,6,8,7,8,9,8,10,9,10,11,11,12,11,10,51,712,712,712,712,1067,1005
33531,TOP 100GB 기본 (밀리의서재),MVNO,0,1,2,1,1,2,1,1,2,1,2,1,1,2,1,2,1,2,1,2,1,4,4,0,0,1,0,0,1,2
33532,TOP 100GB 기본 (올리브영),MVNO,0,1,1,1,1,1,1,0,1,1,1,1,1,1,1,2,1,1,1,1,1,0,0,0,0,0,0,0,1,1
33533,TOP 100GB 기본 (다이소),MVNO,0,1,0,1,0,1,0,1,0,1,1,0,1,0,1,1,0,1,1,0,1,1,2,0,0,0,0,0,2,0
33534,TOP 5G 110GB 기본 (밀리의서재),MVNO,0,2,2,2,2,2,2,2,2,2,2,2,2,2,2,2,2,2,2,2,2,0,0,0,0,0,0,0,2,0
33535,TOP 5G 110GB 기본 (올리브영),MVNO,0,1,1,1,1,1,1,0,1,1,1,1,1,1,1,1,1,1,1,1,1,0,0,2,0,0,0,0,1,0
33536,TOP 5G 110GB 기본 (다이소),MVNO,0,0,0,0,0,0,0,0,0,0,0,0,0,0,0,0,0,0,0,0,0,0,0,0,0,0,0,0,0,0
33538,TOP 5G 200GB 기본 (지니뮤직),MVNO,0,2,2,2,2,2,2,2,2,2,2,2,2,2,2,2,2,2,2,2,2,0,0,0,0,0,0,0,2,0
33539,든든한500분10G,MVNO,0,1,1,2,1,2,1,1,2,1,2,1,2,1,2,2,1,2,2,1,2,2,3,0,2,3,2,2,2,0
33542,5G 든든한200분5G,MVNO,0,3,4,4,4,4,4,4,4,4,5,4,4,5,4,5,4,5,4,5,5,5,5,5,5,4,4,5,12,13
33543,5G 든든한200분7G,MVNO,0,2,2,2,2,2,2,2,2,2,2,2,2,2,2,2,2,2,2,2,2,1,1,0,2,2,3,2,5,2
33551,실속 10GB+1Mbps,MVNO,0,0,0,0,0,0,0,0,0,0,0,0,0,0,0,0,0,0,0,0,0,0,0,0,0,0,0,0,0,0
33623,이야기스페셜 100GB+(24개월),MVNO,0,4,3,4,4,3,4,4,3,4,4,3,4,4,4,4,4,4,4,4,4,0,0,0,0,0,0,0,4,0
33627,7 PICK (7GB+/통화맘껏),MVNO,0,0,0,0,0,0,0,0,0,0,0,0,0,0,0,0,0,0,0,0,0,0,0,0,0,0,0,0,0,0
33629,7 PICK (10GB+/통화맘껏),MVNO,0,0,0,0,0,0,0,0,0,0,0,0,0,0,0,0,0,0,0,0,0,0,0,0,0,0,0,0,0,0
33651,TOP 15GB 100분 (올리브영),MVNO,0,0,0,0,0,0,0,0,0,0,0,0,0,0,0,0,0,0,0,0,0,0,0,15,11,12,11,11,16,8
33652,TOP 15GB 100분 (다이소),MVNO,0,0,0,0,0,0,0,0,0,0,0,0,0,0,0,0,0,0,0,0,0,0,0,21,7,7,7,7,8,5
33831,NH더드림 알뜰 2.2,MVNO,0,1,0,0,1,0,0,0,1,0,1,0,0,1,0,0,1,0,0,1,0,0,0,0,1,0,1,1,0,0
33837,(5G)하나은행 500분20G,MVNO,0,1,1,1,1,1,0,1,1,1,1,1,1,1,1,1,1,1,1,1,1,2,1,0,1,1,1,1,0,1
33840,하나은행 7G+1M,MVNO,0,3,2,3,3,3,3,3,3,3,3,3,3,4,3,4,4,3,4,4,4,0,0,0,0,0,0,0,0,0
33841,CGV 1+1쿠폰 7G+1M,MVNO,0,1,0,0,0,1,0,0,1,0,1,0,0,1,0,1,1,0,1,0,1,0,0,1,0,0,0,0,1,1
33842,음성기본7G+1M,MVNO,0,0,0,0,0,0,0,0,0,0,0,0,0,0,0,0,0,0,0,0,0,0,0,0,0,0,0,0,0,0
33843,(5G)더든든한500분15G,MVNO,0,3,4,3,3,4,3,3,4,3,4,3,4,4,3,4,4,3,4,4,4,0,0,0,4,4,4,4,0,0
33844,NH더드림 든든 9.9,MVNO,0,0,0,0,0,0,0,0,0,0,0,0,0,0,0,0,0,0,0,0,0,1,2,0,0,0,0,0,0,0
33845,(5G)하나은행 200분30G,MVNO,0,1,2,1,1,1,1,1,2,1,1,1,1,1,2,1,1,1,2,1,1,3,2,0,0,0,0,0,0,0
33846,데이터안심10G+1M,MVNO,0,0,0,0,0,0,0,0,0,0,0,0,0,0,0,0,0,0,0,0,0,0,0,0,0,0,0,0,0,0
33848,예스24크레마클럽e북 구독 7G+1M,MVNO,0,0,0,0,0,0,0,0,0,0,0,0,0,0,0,0,0,0,0,0,0,0,0,0,0,0,0,0,0,0
33849,하나은행 100분15G+,MVNO,0,0,0,0,0,0,0,0,0,0,0,0,0,0,0,0,0,0,0,0,0,0,0,0,0,0,0,0,0,0
33850,(5G)더든든한500분20G,MVNO,0,0,0,0,0,0,0,0,1,0,0,0,0,0,0,0,0,0,0,0,0,0,0,0,0,0,0,0,0,0
33851,음성기본1G+1M,MVNO,0,0,0,0,0,0,0,0,0,0,0,0,0,0,0,0,0,0,0,0,0,0,0,0,0,0,0,0,0,1
33852,CGV 7G+1M,MVNO,0,0,0,0,0,0,0,0,0,0,0,0,0,0,0,0,0,0,0,0,0,0,0,0,0,0,0,0,0,0
33853,CGV 1+1쿠폰 15G+,MVNO,0,0,0,0,0,0,0,0,0,0,0,0,0,0,0,0,0,0,0,0,0,0,0,1,0,0,0,0,1,0
33854,프리티데이터안심15G+,MVNO,0,0,0,1,0,0,1,0,0,1,0,0,1,0,0,1,0,1,0,1,0,0,0,1,0,1,1,0,2,0
33856,(5G)더든든한200분25GB,MVNO,0,0,0,0,0,0,0,0,0,0,0,0,0,0,0,0,0,0,0,0,0,0,0,0,1,0,1,1,0,0
33857,(5G)더든든한500분25GB,MVNO,0,0,0,1,0,0,0,0,1,0,0,0,0,1,0,0,0,0,1,0,0,1,0,0,1,0,0,1,0,0
33858,CGV 1+1쿠폰 11G+,MVNO,0,1,1,0,1,0,1,1,0,1,1,0,1,1,1,1,0,1,1,1,1,1,1,6,3,3,4,3,1,0
33860,프리티구독1000분15G(스타벅스금액권),MVNO,0,0,0,0,0,0,0,0,0,0,0,0,0,0,0,0,0,0,0,0,0,0,0,0,0,0,0,0,0,0
33861,프리티구독7G+1M(스타벅스금액권),MVNO,0,0,0,0,0,0,0,0,0,0,0,0,0,0,0,0,0,0,0,0,0,0,0,0,0,0,0,0,0,0
33862,예스24크레마클럽e북 구독 15G+,MVNO,0,0,0,0,0,0,0,0,0,0,0,0,0,0,0,0,0,0,0,0,0,0,0,1,0,0,0,0,0,0
33863,(5G)더든든한200분30GB,MVNO,0,1,0,1,1,1,1,0,1,1,1,1,1,1,0,1,1,1,1,1,1,1,1,0,1,2,1,1,0,0
33864,후후 안전통화생활 11G+,MVNO,0,0,0,0,0,0,0,0,0,0,0,0,0,0,0,0,0,0,0,0,0,0,0,0,0,0,0,0,0,0
33865,CGV 15G+,MVNO,0,1,0,0,0,1,0,0,0,1,0,0,1,0,0,1,0,1,0,1,0,0,0,1,0,0,0,0,1,0
33866,(5G)더든든한500분30GB,MVNO,0,0,0,0,0,0,0,0,0,0,0,0,0,0,0,0,0,0,0,0,0,0,0,0,0,0,0,0,2,0
33867,하나은행 11G+,MVNO,0,0,0,0,0,0,0,0,0,0,0,0,0,0,0,0,0,0,0,0,0,0,0,0,0,0,0,0,0,0
33868,(5G)프리티구독1000분20G(스타벅스금액권),MVNO,0,0,0,0,0,0,0,0,0,0,0,0,0,0,0,0,0,0,0,0,0,0,0,3,0,0,0,0,0,0
33870,CGV 1+1쿠폰 100G+,MVNO,0,1,1,1,1,2,1,1,1,2,1,2,1,2,2,1,2,2,2,3,2,0,0,27,12,12,11,12,1,0
33872,예스24크레마클럽e북 구독 11G+,MVNO,0,0,0,0,0,0,0,0,0,0,0,0,0,0,0,0,0,0,0,0,0,0,0,0,0,0,0,0,1,0
33873,후후 안전통화생활 100G+,MVNO,0,0,0,0,0,0,0,0,0,0,0,0,0,0,0,0,0,0,0,0,0,0,0,0,0,0,0,0,0,0
33874,프리티구독15G+3M(스타벅스금액권),MVNO,0,0,0,0,0,0,0,0,0,0,0,0,0,0,0,0,0,0,0,0,0,0,0,0,0,0,0,0,0,0
33875,CGV 11G+,MVNO,0,0,0,0,0,0,0,0,0,0,0,0,0,0,0,0,0,0,0,0,0,0,0,0,0,0,0,0,2,0
33877,예스24크레마클럽e북 구독 100G+,MVNO,0,0,0,0,0,0,0,0,0,0,0,0,0,0,0,0,0,0,0,0,0,0,0,0,0,0,0,0,1,0
33878,프리티구독11G+3M(스타벅스금액권),MVNO,0,0,0,0,0,0,0,0,0,0,0,0,0,0,0,0,0,0,0,0,0,0,0,0,0,0,0,0,0,0
33879,CGV 100G+,MVNO,0,0,0,0,0,0,0,0,0,0,0,0,0,0,0,0,0,0,0,0,0,1,0,0,0,0,0,0,0,0
33880,프리티구독100G+5M(스타벅스금액권),MVNO,0,0,0,0,0,0,0,0,0,1,0,0,0,0,0,0,0,1,0,0,0,0,0,0,0,0,1,0,1,0
33882,(5G)더빠른99G+1M,MVNO,0,0,0,0,0,0,0,0,0,0,0,0,0,0,0,0,0,0,0,0,0,0,0,0,0,1,1,0,0,0
33883,5G 더빠른200G+,MVNO,0,0,0,0,0,1,0,0,0,0,1,0,0,0,1,0,0,0,1,0,0,0,0,1,0,1,0,0,0,0
33898,TOP 7GB 기본 (네이버페이),MVNO,0,3,3,2,3,3,4,3,4,4,3,5,4,5,4,6,5,5,6,7,6,24,23,15,11,11,11,11,13,15
33900,TOP 100GB 기본 (네이버페이),MVNO,0,0,1,0,1,0,1,0,1,0,1,0,1,0,1,0,1,0,1,0,1,0,0,0,0,0,0,0,0,1
33903,모나300분10G안심1,MVNO,0,0,0,0,0,0,0,0,0,0,0,0,0,0,0,0,0,0,0,0,0,0,0,0,0,0,0,0,0,0
33904,5G 통화안심 15GB,MVNO,0,0,0,0,0,0,0,0,0,0,0,0,0,0,0,0,0,0,0,0,0,0,0,0,0,0,0,0,0,0
33910,프리미엄데이터7G+1M,MVNO,0,0,0,0,0,0,0,0,0,0,0,0,0,0,0,0,0,0,0,0,0,0,0,0,0,0,0,0,0,0
33911,프리미엄데이터100분15G+,MVNO,0,0,0,0,0,0,0,0,0,0,0,0,0,0,0,0,0,0,0,0,0,0,0,0,0,0,0,0,0,3
33913,프리미엄데이터100G+,MVNO,0,1,1,1,0,1,1,1,0,1,1,1,1,1,0,1,1,1,1,1,1,1,1,3,0,0,0,0,0,0
33920,든든한 350분5G,MVNO,0,3,3,4,4,4,4,4,5,5,5,5,6,6,6,6,7,7,8,8,8,8,8,2,21,21,21,21,35,29
33925,더든든한500분20G,MVNO,0,18,18,18,19,19,19,19,19,20,20,20,20,21,20,21,21,22,21,22,22,45,46,22,24,25,25,24,30,22
33931,ONE 5G 12GB 100분,MVNO,0,1,2,1,2,2,1,2,2,1,2,2,1,2,2,1,2,2,2,1,2,3,2,2,2,1,1,2,0,1
33935,ONE 5G 15GB 300분,MVNO,0,79,80,81,82,83,85,85,86,88,88,90,90,92,93,95,95,97,98,99,100,0,0,0,0,0,0,0,0,0
33936,ONE 5G 20GB 300분,MVNO,0,61,61,62,64,64,66,67,68,70,70,72,74,74,76,78,78,81,81,83,85,0,0,0,0,0,0,0,0,0
33937,TOP 7GB 기본 (밀리의서재),MVNO,0,69,72,77,80,83,89,92,97,102,107,113,118,124,130,137,143,151,158,167,174,530,531,425,644,644,645,644,1140,1000
33938,TOP 7GB 기본 (올리브영),MVNO,0,0,1,0,1,1,0,1,1,0,1,1,0,1,1,1,1,0,1,1,1,0,0,2,0,0,1,0,1,2
33939,TOP 7GB 기본 (다이소),MVNO,0,2,1,1,2,1,2,1,2,2,1,2,2,2,1,2,2,2,3,2,2,4,4,3,2,3,3,2,0,3
33940,TOP 7GB 기본 (네이버페이),MVNO,0,3,3,2,3,3,4,3,4,4,3,5,4,5,4,6,5,5,6,7,6,24,23,15,11,11,11,11,13,15
33941,TOP 10GB 기본 (밀리의서재),MVNO,0,2,1,1,1,2,1,2,2,1,2,2,2,2,2,3,2,3,2,3,3,4,3,2,19,18,19,19,30,39
33942,TOP 10GB 기본 (CU할인),MVNO,0,0,1,1,0,1,1,1,1,1,1,1,1,2,1,1,2,1,2,1,2,0,1,4,15,16,16,15,20,18
33943,TOP 15GB 기본 (밀리의서재),MVNO,0,3,3,4,3,4,4,4,4,5,5,5,5,6,5,6,7,7,7,7,8,12,13,16,80,79,80,80,131,132
33944,TOP 15GB 기본 (후후),MVNO,0,1,1,1,1,1,1,2,1,1,2,1,2,2,1,2,2,2,2,3,2,2,3,3,16,16,15,16,21,23
33946,TOP 15GB 100분 (밀리의서재),MVNO,0,5,5,5,5,6,6,6,7,6,8,7,8,9,8,10,9,10,11,11,12,11,10,51,712,712,712,712,1067,1005
33947,TOP 15GB 100분 (올리브영),MVNO,0,0,1,0,0,1,0,0,1,0,1,0,1,0,1,1,0,1,1,0,1,0,0,1,11,10,11,11,16,8
33948,TOP 15GB 100분 (다이소),MVNO,0,1,0,0,1,0,1,0,0,1,0,1,1,0,1,0,1,1,0,1,1,1,1,0,7,8,8,7,8,5
33949,TOP 15GB 300분 (CU할인),MVNO,0,0,0,0,0,0,0,0,0,0,0,0,0,0,0,0,0,0,0,0,0,1,1,0,0,0,0,0,0,0
33950,TOP 15GB 300분 (올리브영),MVNO,0,0,0,0,0,0,0,0,0,0,0,0,0,0,0,0,0,0,0,0,0,0,1,1,0,0,0,0,0,0
33951,TOP 15GB 300분 (다이소),MVNO,0,0,0,0,0,0,0,0,0,0,0,0,0,0,0,0,0,0,0,0,0,0,0,0,0,0,0,0,0,0
33952,TOP 11GB 기본 (밀리의서재),MVNO,0,1,0,1,1,0,1,1,0,1,1,0,1,1,1,0,1,1,1,0,1,17,17,1,1,1,2,1,0,0
33953,TOP 11GB 기본 (올리브영),MVNO,0,0,0,0,0,0,0,0,0,0,0,0,0,0,0,0,0,0,0,0,0,0,0,0,0,0,1,0,0,1
33954,TOP 11GB 기본 (다이소),MVNO,0,0,0,0,0,0,0,0,0,0,0,0,0,0,0,0,0,0,0,0,0,0,0,1,0,1,0,0,0,0
33955,TOP 11GB 기본 (네이버페이),MVNO,0,0,0,0,0,0,0,0,0,0,0,0,0,0,0,0,0,0,0,0,0,0,0,0,0,0,0,0,0,0
33956,TOP 11GB 기본 (멜론),MVNO,0,0,0,0,0,0,0,0,0,0,0,0,0,0,0,0,0,0,0,0,0,1,1,0,0,0,0,0,0,0
33957,TOP 100GB 기본 (밀리의서재),MVNO,0,1,2,1,1,2,1,1,2,1,2,1,1,2,1,2,1,2,1,2,1,4,4,0,0,1,0,0,1,2
33958,TOP 100GB 기본 (올리브영),MVNO,0,1,1,1,1,1,1,0,1,1,1,1,1,1,1,2,1,1,1,1,1,0,0,0,0,0,0,0,1,1
33959,TOP 100GB 기본 (다이소),MVNO,0,1,0,1,0,1,0,1,0,1,1,0,1,0,1,1,0,1,1,0,1,1,2,0,0,0,0,0,2,0
33960,TOP 100GB 기본 (네이버페이),MVNO,0,0,1,0,1,0,1,0,1,0,1,0,1,0,1,0,1,0,1,0,1,0,0,0,0,0,0,0,0,1
33961,TOP 5G 110GB 기본 (밀리의서재),MVNO,0,2,2,2,2,2,2,2,2,2,2,2,2,2,2,2,2,2,2,2,2,0,0,0,0,0,0,0,2,0
33962,TOP 5G 110GB 기본 (올리브영),MVNO,0,1,1,1,1,1,1,0,1,1,1,1,1,1,1,1,1,1,1,1,1,0,0,2,0,0,0,0,1,0
33963,TOP 5G 110GB 기본 (다이소),MVNO,0,0,0,0,0,0,0,0,0,0,0,0,0,0,0,0,0,0,0,0,0,0,0,0,0,0,0,0,0,0
33964,TOP 5G 200GB 기본 (밀리의서재),MVNO,0,4,3,3,4,3,4,3,3,4,3,4,3,4,3,4,4,3,4,3,4,0,0,0,0,0,0,0,4,3
33965,TOP 5G 200GB 기본 (지니뮤직),MVNO,0,2,2,2,2,2,2,2,2,2,2,2,2,2,2,2,2,2,2,2,2,0,0,0,0,0,0,0,2,0
34032,이지 오래쓰는 데이터 10GB+1/100분,MVNO,0,1,0,1,0,1,0,1,0,1,0,1,0,1,0,1,0,1,0,1,0,1,1,0,0,0,0,0,0,0
34214,티플 SNOW 10GB+ [12개월간 SNOW앱 무료],MVNO,0,0,0,0,0,0,0,0,0,0,0,0,0,0,0,0,0,0,0,0,0,0,0,0,0,0,0,0,0,0
34215,[모요only] 무제한 7GB+1M(다이소 5000원),MVNO,0,0,0,0,0,0,0,0,0,0,0,0,0,0,0,0,0,0,0,0,0,0,0,0,0,0,0,0,0,0
34216,[모요only] 무제한 7GB+1M(올리브영 5000원),MVNO,0,0,0,0,0,0,0,0,0,0,0,0,0,0,0,0,0,0,0,0,0,0,0,0,0,0,0,0,0,0
34217,[모요only] 무제한 10GB+1M(다이소 5000원),MVNO,0,0,0,0,0,0,0,0,0,0,0,0,0,0,0,0,0,0,0,0,0,0,0,0,0,0,0,0,0,0
34218,[모요only] 무제한 10GB+1M(올리브영 5000원),MVNO,0,0,0,0,0,0,0,0,0,0,0,0,0,0,0,0,0,0,0,0,0,0,0,0,0,0,0,0,0,0
34219,[모요only] 무제한 15GB+1M(다이소 5000원),MVNO,0,0,0,0,0,0,0,0,0,0,0,0,0,0,0,0,0,0,0,0,0,1,0,0,0,0,0,0,0,0
34220,[모요only] 무제한 15GB+1M(올리브영 5000원),MVNO,0,0,0,0,0,0,0,0,0,0,0,0,0,0,0,0,0,0,0,0,0,0,0,1,0,0,0,0,0,0
34221,[모요only] 무제한 11GB+3M(다이소 5000원),MVNO,0,0,0,0,0,0,0,0,0,0,0,0,0,0,0,0,0,0,0,0,0,0,0,0,0,0,0,0,0,0
34222,[모요only] 무제한 11GB+3M(올리브영 5000원),MVNO,0,0,0,0,0,0,0,0,0,0,0,0,0,0,0,0,0,0,0,0,0,0,0,0,0,0,0,0,0,0
34223,[모요only] 무제한 100GB+5M(다이소 5000원),MVNO,0,0,0,0,0,0,0,0,0,0,0,0,0,0,0,0,0,0,0,0,0,0,0,1,0,0,0,0,0,0
34224,[모요only] 무제한 100GB+5M(올리브영 5000원),MVNO,0,0,0,0,0,0,0,0,0,0,0,0,0,0,0,0,0,0,0,0,0,0,0,0,0,0,0,0,0,0
34245,든든한 200분6G,MVNO,0,6,6,5,6,6,6,6,6,6,6,5,6,6,6,6,6,6,6,6,6,2,3,6,0,0,0,0,14,814
34247,든든한200분10G,MVNO,0,1,1,1,1,2,1,1,1,1,2,1,1,2,1,1,2,1,1,2,1,3,3,0,2,1,1,2,1,3
34256,유심프리티데이터중심11G+,MVNO,0,5,4,5,6,5,6,6,6,7,6,8,7,8,9,9,9,10,10,11,11,0,0,0,35,35,35,35,23,40
34258,예스24크레마클럽e북 구독 11G+,MVNO,0,0,0,0,0,0,0,0,0,0,0,0,0,0,0,0,0,0,0,0,0,0,0,0,0,0,0,0,1,0
34259,데이터팡팡매일5G+,MVNO,0,1,2,2,2,2,2,2,2,3,2,3,3,3,3,3,4,3,4,4,4,0,0,2,22,22,23,22,36,10
34261,예스24크레마클럽e북 구독 일5G+,MVNO,0,0,0,0,0,0,0,0,0,0,0,0,0,0,0,0,0,0,0,0,0,0,0,0,0,0,0,0,0,0
34302,NH프리덤100G+5M,MVNO,0,0,0,0,0,0,0,0,0,0,0,0,0,0,0,0,0,0,0,0,0,0,0,0,0,0,0,0,0,0
34303,가성비플러스(25GB/350분),MVNO,0,1,1,1,1,1,1,1,0,1,1,1,1,1,1,1,1,1,1,1,1,1,1,0,1,2,2,1,1,0
34304,가성비플러스(30GB/350분),MVNO,0,6,6,7,6,6,6,7,6,7,6,7,7,7,6,7,7,7,8,7,7,10,9,1,7,7,6,7,9,8
34319,5G 가성비플러스(15GB/350분),MVNO,0,73,73,74,74,75,75,76,76,76,77,77,78,79,79,79,80,80,81,81,82,95,95,84,50,49,49,50,140,69
34336,더든든한500분20G,MVNO,0,18,18,18,19,19,19,19,19,20,20,20,20,21,20,21,21,22,21,22,22,45,46,22,24,25,25,24,30,22
34348,5G 가성비플러스(5GB/350분),MVNO,0,42,42,44,45,46,47,49,49,51,53,54,55,56,59,59,61,63,65,66,68,0,0,0,0,0,0,0,0,0
34357,[모요only] [모요핫딜] 스마트 100GB+,MVNO,0,0,0,0,0,0,0,0,0,0,0,0,0,0,0,0,0,0,0,0,0,0,0,0,0,0,0,0,0,0
34361,"더블업 LTE 17GB+ (7+10 24개월) / 평생가 17,000원",MVNO,0,0,0,0,0,0,0,0,0,0,0,0,0,0,0,0,0,0,0,0,0,0,0,0,0,0,0,0,0,0
34362,"더블업 LTE 20GB+ (10+10 24개월) / 평생가 20,000원",MVNO,0,2,2,1,2,1,2,1,2,2,1,2,2,1,2,2,1,2,2,1,2,3,2,1,0,0,0,0,0,0
34363,"더블업 LTE 25GB+ (15+10 24개월) / 평생가 22,000원",MVNO,0,0,1,0,0,0,1,0,0,0,1,0,0,0,1,0,0,0,1,0,0,0,1,0,0,0,0,0,0,0
34373,[모요only] 알찬 음성기본7GB+,MVNO,0,0,0,0,0,0,0,0,0,0,0,0,0,0,0,0,0,0,0,0,0,0,0,0,0,0,0,0,0,0
34377,[모요only] 알찬 음성기본 11GB+일 2GB+3Mbps,MVNO,0,87,87,86,87,87,88,87,88,88,88,88,88,89,88,89,89,89,90,89,90,0,0,0,0,0,0,0,0,0
34378,[모요only] [CH]100GB+5Mbps,MVNO,0,39,40,40,41,40,41,41,42,41,42,42,42,43,43,43,43,44,44,44,44,0,0,0,0,0,0,0,47,18
34381,[모요only] 알찬 100분 15GB+3Mbps,MVNO,0,30,30,30,31,30,31,32,31,32,33,32,33,33,33,34,34,34,35,35,35,0,0,0,0,0,0,0,0,0
34382,ONE 5G 5GB 100분,MVNO,0,0,1,0,1,0,1,1,0,1,0,1,0,1,0,1,1,0,1,0,1,0,0,0,0,0,0,0,0,1
34671,NH프리덤7G+1M,MVNO,0,0,0,0,0,0,0,0,0,0,0,0,0,0,0,0,0,0,0,0,0,0,0,0,0,0,0,0,0,0
34672,NH프리덤11G+,MVNO,0,0,0,0,0,0,0,0,0,0,0,0,0,0,0,0,0,0,0,0,0,0,0,0,0,0,0,0,0,0
34674,하나은행 100G+,MVNO,0,1,1,1,0,1,1,1,1,1,0,1,1,1,1,1,1,0,1,1,1,1,2,0,0,1,0,0,3,0
34675,모아진 구독 7G+1M,MVNO,0,0,0,0,0,0,0,0,0,0,0,0,0,0,0,0,0,0,0,0,0,0,0,0,0,0,0,0,0,0
34676,더든든한200분30G,MVNO,0,4,3,4,4,4,4,4,4,5,4,5,4,5,5,5,5,5,5,5,6,8,8,6,7,6,7,7,6,9
34677,CGV 1+1 100G+,MVNO,0,0,0,0,0,0,0,0,0,0,0,0,0,0,0,0,0,0,0,0,0,2,2,0,0,0,0,0,0,2
34697,[모요only] 쉐이크 LTE 7GB+_모아진 전자 구독,MVNO,0,0,0,0,0,0,0,0,0,0,0,0,0,0,0,0,0,0,0,0,0,0,0,0,0,0,0,0,0,0
34698,"[모요only] 쉐이크 LTE 15GB+_네이버페이 매 월 5,000원",MVNO,0,3,3,3,3,3,3,3,4,4,3,4,4,4,4,5,4,5,5,5,5,7,6,9,3,4,4,3,5,7
34718,[L]5G 데이터95GB+3Mbps,MVNO,0,4,4,4,4,5,4,4,4,5,4,4,5,4,4,5,4,5,4,5,4,3,3,6,0,0,0,0,0,0
34741,EG-5G 24레귤러 50G+,MVNO,0,0,0,0,0,0,0,0,0,0,0,0,0,0,0,0,0,0,0,0,0,0,0,0,0,1,0,0,1,0
34742,EG-5G 24플러스 80G+,MVNO,0,0,0,0,0,0,0,0,0,0,0,0,0,0,0,0,0,0,0,0,0,0,0,0,0,0,0,0,0,0
34743,[5G]이지 무제한 95GB+3M,MVNO,0,1,0,1,1,1,0,1,1,1,0,1,1,1,0,1,1,1,0,1,1,0,0,0,0,0,0,0,0,0
34750,음성 300분 15GB+3Mbps_24개월,MVNO,0,2,2,3,3,2,3,2,3,2,3,3,3,2,3,3,3,2,3,3,3,4,3,3,2,3,3,2,2,4
34752,모두무제한 15GB+_24개월,MVNO,0,13,12,13,13,13,12,13,13,13,12,13,13,13,13,13,12,13,13,13,13,6,6,5,16,16,15,16,26,13
34753,[5G] 100분5G,MVNO,0,1,2,1,2,1,1,2,1,2,1,2,1,2,1,2,1,2,1,2,1,3,4,0,0,0,0,0,2,1
34754,[5G] 250분9G,MVNO,0,0,0,0,0,0,0,0,0,0,0,0,0,0,0,0,0,0,0,0,0,0,0,0,0,0,0,0,0,0
34755,[5G] 300분9G,MVNO,0,0,0,0,0,0,0,0,0,0,0,0,0,0,0,0,0,0,0,0,0,0,0,0,0,0,0,0,0,1
34769,5G 이야기 라이트 50GB+,MVNO,0,0,0,0,0,0,0,0,0,0,0,0,0,0,0,0,0,0,0,0,0,0,0,0,0,0,0,0,0,0
34786,음성기본 5GB+,MVNO,0,22,21,22,23,23,23,23,24,24,25,25,25,25,26,27,27,27,28,28,28,64,63,44,18,17,18,18,33,22
34808,음성기본 11GB+일 2GB+_24개월,MVNO,0,1,1,1,1,0,1,1,1,1,1,1,1,0,1,1,1,1,1,1,1,2,2,0,0,0,1,0,2,1
34816,음성기본,MVNO,0,0,1,1,1,1,1,1,1,1,1,1,2,1,1,1,1,1,1,1,1,0,0,0,0,0,0,0,2,0
34831,데이터안심100분10G+1M,MVNO,0,0,1,1,0,1,1,1,0,1,1,0,1,1,1,0,1,1,1,0,1,0,0,0,0,0,0,0,0,0
34832,(5G)더빠른95G+,MVNO,0,0,1,1,1,1,1,1,0,1,1,1,1,1,1,1,1,1,1,1,1,0,0,0,0,0,0,0,1,1
34850,[L]벤티(100분/10GB),MVNO,0,1,1,1,1,2,1,1,2,1,2,2,1,2,2,2,2,2,2,2,2,3,2,3,0,1,0,0,3,0
34863,티플 데이터마음껏5G(100분)_24개월 할인,MVNO,0,0,0,0,0,0,0,0,0,0,0,0,0,0,0,0,0,0,0,0,0,0,0,1,0,0,0,0,2,0
34864,두해 통화기본7GB+,MVNO,0,7,7,7,7,8,7,8,7,8,8,8,8,8,8,9,8,9,9,9,9,10,9,4,7,8,8,7,18,11
34865,두해 통화기본10GB+,MVNO,0,0,1,1,0,1,1,0,1,1,1,0,1,1,1,1,0,1,1,1,1,0,0,1,1,1,1,1,4,0
34866,두해 통화기본15GB+,MVNO,0,7,8,7,8,8,9,9,9,9,10,10,11,11,11,12,12,13,13,14,14,19,18,11,13,13,13,13,26,20
34867,두해 100분15GB+,MVNO,0,0,1,0,1,0,0,1,0,1,0,1,0,1,0,1,0,1,0,1,0,0,1,0,1,0,1,1,4,0
34878,두해 300분15GB+,MVNO,0,0,0,1,0,0,1,0,0,1,0,0,0,1,0,0,1,0,0,1,0,1,1,0,1,0,1,1,0,0
34879,두해 통화기본11GB+매일2GB,MVNO,0,0,0,0,0,0,0,0,0,0,0,0,0,0,0,0,0,0,0,0,0,1,1,0,0,0,0,0,0,0
34880,두해 통화기본매일5GB+,MVNO,0,1,1,0,1,1,1,1,0,1,1,1,1,1,0,1,1,1,1,1,1,1,1,0,0,0,0,0,1,1
34881,두해 통화기본100GB+,MVNO,0,3,2,3,3,3,4,3,3,3,3,3,3,4,3,3,3,4,3,4,3,1,1,4,0,0,0,0,4,3
34883,음성기본데이터5G,MVNO,0,1,0,1,0,1,0,1,0,1,0,1,0,1,0,1,0,1,0,1,0,0,1,0,0,0,0,0,0,0
34884,음성기본데이터7G,MVNO,0,3,2,3,3,2,3,3,2,3,3,2,3,3,3,2,3,3,3,2,3,0,0,0,3,3,2,3,0,0
34885,든든한 500분10G,MVNO,0,2,2,2,2,3,2,2,2,3,2,2,3,2,3,2,3,3,2,3,3,3,2,3,3,4,3,3,6,4
34886,더든든한200분15G,MVNO,0,22,23,23,23,23,24,24,24,25,25,25,26,26,26,26,27,27,28,28,28,32,33,25,17,17,18,17,31,39
34887,더든든한500분15G,MVNO,0,5,5,4,5,5,5,5,5,5,5,5,5,6,5,5,5,5,5,6,5,1,1,0,5,5,4,5,6,14
34888,음성기본데이터10G,MVNO,0,26,25,27,26,27,27,27,28,27,28,29,29,29,29,29,30,31,30,31,31,0,0,0,0,0,0,0,0,0
34889,든든한350분5G,MVNO,0,2,3,2,3,2,2,3,2,3,2,3,2,3,2,3,2,3,2,3,2,3,2,1,1,0,1,1,13,7
34890,더든든한500분20G,MVNO,0,18,18,18,19,19,19,19,19,20,20,20,20,21,20,21,21,22,21,22,22,45,46,22,24,25,25,24,30,22
34891,더든든한500분30G,MVNO,0,5,6,6,6,6,7,6,6,7,6,7,6,7,7,7,7,7,7,7,7,7,8,4,4,4,4,4,15,13
34892,[모요only] 두해 통화기본11GB+매일2GB,MVNO,0,1,2,1,2,1,2,2,2,2,2,2,2,2,3,3,2,3,3,4,3,35,34,25,11,12,11,11,16,12
34897,이야기K 데이터 11GB+(후후안심),MVNO,0,0,0,1,0,1,0,1,0,1,0,1,0,1,0,1,1,1,0,1,1,2,1,1,2,2,1,2,4,0
34899,The 완전마음껏7G＋(스타벅스 매월 5000P),MVNO,0,0,0,0,0,0,0,0,0,0,0,0,0,0,0,0,0,0,0,0,0,0,0,0,1,1,1,1,0,0
34900,The 완전마음껏10G＋(스타벅스 매월 5000P),MVNO,0,0,0,0,0,0,0,0,0,0,0,0,0,0,0,0,0,0,0,0,0,0,0,0,0,0,0,0,0,0
34901,The 데이터마음껏15G＋(100분)(스타벅스 매월 5000P),MVNO,0,0,0,1,0,0,0,1,0,0,0,1,0,0,0,1,0,0,0,1,0,0,0,0,0,0,1,0,2,0
34902,The 데이터마음껏15G＋(300분)(스타벅스 매월 5000P),MVNO,0,1,0,1,0,1,0,1,0,1,1,0,1,1,1,0,1,1,1,1,1,0,0,1,0,0,0,0,1,1
34903,The 완전마음껏11G＋(스타벅스 매월 5000P),MVNO,0,0,0,0,0,0,0,0,0,0,0,0,0,0,0,0,0,0,0,0,0,0,0,0,0,0,0,0,0,0
34904,The 마음껏 매일5G＋(스타벅스 매월 5000P),MVNO,0,0,1,0,0,1,0,0,1,0,0,1,0,0,1,0,0,1,0,1,0,0,0,0,1,0,1,1,0,0
34905,요고 30,MVNO,0,0,0,0,0,0,0,0,0,0,0,0,0,0,0,0,0,0,0,0,0,0,0,0,0,0,0,0,0,0
34906,통화안심 5GB_평생요금,MVNO,0,9,10,9,10,10,10,10,10,10,10,11,10,11,10,11,11,11,11,12,11,17,17,16,12,13,13,12,7,0
34909,이야기 라이트 10GB+(24개월),MVNO,0,0,0,0,0,0,0,0,0,0,0,0,0,0,0,0,0,0,0,0,0,0,0,0,0,0,0,0,0,0
34915,LTE 71GB+(평생),MVNO,0,3,3,3,4,3,3,4,3,4,4,3,4,4,4,4,4,4,4,5,4,0,0,0,0,0,0,0,0,0
34916,ONE 5G 20GB 기본,MVNO,0,0,0,0,0,0,0,0,0,0,0,0,0,0,0,0,0,0,0,0,0,0,0,0,0,0,0,0,0,0
34917,ONE 5G 30GB 기본,MVNO,0,0,0,0,0,0,0,0,0,0,0,0,0,0,0,0,0,0,0,0,0,0,0,0,0,0,0,0,0,0
34918,[모요only] 100분/15GB+3M(밀리의서재 Free),MVNO,0,3,3,3,4,3,3,4,3,3,4,3,4,3,3,4,3,4,3,4,3,4,3,0,0,0,0,0,0,0
35206,데이터안심4.5G+1Mbps,MVNO,0,0,0,0,0,0,0,0,0,0,0,0,0,0,0,0,0,0,0,0,0,0,0,0,0,0,0,0,0,0
35207,이지 무제한 5GB+1,MVNO,0,152,154,157,159,161,164,167,169,171,174,177,179,182,185,187,190,194,196,199,202,239,239,193,153,152,153,153,266,232
35273,LTE 7GB+(평생),MVNO,0,1,1,1,1,1,1,1,1,1,1,1,1,1,1,1,1,1,1,1,1,0,0,0,0,0,0,0,1,1
35274,5G 95GB+(평생),MVNO,0,2,1,2,2,2,2,1,2,2,2,2,2,2,2,2,2,2,2,2,2,0,0,0,0,0,0,0,0,0
35275,티플북 7G+(도서문화상품권 매월 5000P),MVNO,0,0,1,0,1,0,0,1,0,1,0,1,0,1,0,1,0,1,0,1,0,1,0,1,0,1,0,0,1,0
35276,티플북 10G+(도서문화상품권 매월 5000P),MVNO,0,0,0,0,0,0,0,0,0,0,0,0,0,0,0,0,0,0,0,0,0,0,0,0,0,0,0,0,0,0
35277,티플북 15G+(100분)(도서문화상품권 매월 5000P),MVNO,0,0,1,0,0,0,1,0,0,0,1,0,0,0,1,0,0,0,1,0,0,0,1,1,0,0,0,0,0,0
35278,티플북 15G+(300분)(도서문화상품권 매월 5000P),MVNO,0,0,0,0,0,0,0,0,0,0,0,0,0,0,0,0,0,0,0,0,0,0,0,0,0,0,0,0,0,0
35279,티플북 11G+(도서문화상품권 매월 5000P),MVNO,0,0,0,0,0,0,0,0,0,0,0,0,0,0,0,0,0,0,0,0,0,1,2,0,0,0,0,0,1,0
35280,티플북 100G+(도서문화상품권 매월 5000P),MVNO,0,2,1,2,1,2,1,2,1,2,2,1,2,1,2,2,1,2,2,1,2,1,2,0,1,1,1,1,6,2
35322,[모요only] 마블링 무제한 7GB+,MVNO,0,15,14,15,15,14,15,15,16,15,15,16,15,16,15,16,16,16,16,17,16,0,0,0,0,0,0,0,0,0
35323,[모요only] 마블링 100분 15GB+,MVNO,0,37,38,38,39,39,39,39,40,40,40,40,41,41,42,41,43,42,43,43,43,0,0,0,0,0,0,0,0,0
35324,[모요only] 마블링 무제한 11GB+,MVNO,0,134,136,137,138,140,141,142,144,145,146,148,150,151,152,154,155,157,158,160,161,0,0,0,0,0,0,0,0,0
35325,[모요only] 마블링 무제한 100GB+,MVNO,0,62,63,66,67,70,72,75,77,79,82,85,87,91,93,96,100,102,106,110,113,0,0,0,0,0,0,0,0,0
35326,아이즈 (10GB/200분),MVNO,0,6,6,6,6,6,6,6,6,6,7,6,6,6,7,6,6,7,6,7,6,0,0,0,0,0,0,0,0,0
35327,아이즈 (10GB/100분),MVNO,0,6,5,6,5,6,5,6,5,6,6,6,5,6,6,6,6,6,6,6,6,0,0,0,0,0,0,0,0,0
35328,아이즈포스트(500분/5G),MVNO,0,5,5,5,5,5,5,5,6,5,6,5,6,5,6,6,6,6,6,6,6,0,0,0,0,0,0,0,0,0
35329,아이즈 (10GB/300분),MVNO,0,0,0,0,0,0,0,0,0,0,0,0,0,0,0,0,0,0,0,0,0,0,0,0,0,0,0,0,0,0
35330,아이즈 (10GB/400분),MVNO,0,0,0,0,0,0,0,0,0,0,0,0,0,0,0,0,0,0,0,0,0,0,0,0,0,0,0,0,0,0
35340,아이즈우정(300분/5G),MVNO,0,15,14,15,14,15,15,16,15,16,16,16,16,17,17,17,17,17,18,18,18,0,0,0,0,0,0,0,0,0
35342,[S]톨(300분/2GB),MVNO,0,0,0,0,0,0,0,0,0,0,0,0,0,0,0,0,0,0,0,0,0,1,0,0,0,0,0,0,0,0
35345,[S]톨(200분/3GB),MVNO,0,1,0,0,1,0,1,0,0,1,0,1,1,0,1,0,1,1,0,1,1,0,0,1,0,0,0,0,1,0
35346,[S]톨(500분/3GB),MVNO,0,0,0,0,0,0,0,0,0,0,0,0,0,0,0,0,0,0,0,0,0,0,0,0,0,0,0,0,0,0
35350,[S]그란데(100분/6GB),MVNO,0,5,4,4,5,4,5,4,4,5,4,5,4,5,4,4,5,4,5,4,5,0,0,0,0,0,0,0,9,0
35351,[S]그란데(200분/6GB),MVNO,0,0,0,0,0,0,0,0,0,0,0,0,0,0,0,0,0,0,0,0,0,0,1,0,0,0,0,0,0,0
35352,[S]그란데(500분/6GB),MVNO,0,0,0,0,0,0,0,0,0,0,0,0,0,0,0,0,0,0,0,0,0,0,0,0,0,0,0,0,0,0
35354,[S]벤티(300분/7GB),MVNO,0,1,2,1,2,1,1,2,1,2,1,2,1,2,1,2,1,2,1,2,1,3,3,0,2,1,1,2,1,6
35359,[S]벤티(200분/10GB),MVNO,0,0,0,0,0,0,0,0,0,0,0,0,0,0,0,0,0,0,0,0,0,0,0,0,0,0,0,0,0,0
35364,[K]톨(100분/3GB),MVNO,0,0,0,0,0,0,0,0,0,0,0,0,0,0,0,0,0,0,0,0,0,0,0,0,0,0,0,0,0,0
35368,[K]그란데(300분/5GB),MVNO,0,0,0,0,0,0,0,0,0,0,0,0,0,0,0,0,0,0,0,0,0,0,0,0,0,0,0,0,0,0
35369,[K]그란데(100분/6GB),MVNO,0,2,2,2,2,2,2,2,2,3,2,2,2,3,2,2,3,2,3,2,3,0,0,0,0,0,0,0,0,0
35373,[K]벤티(300분/7GB),MVNO,0,0,0,0,0,0,0,0,0,0,0,0,0,0,0,0,0,0,0,0,0,0,0,0,0,0,0,0,0,0
35378,[K]벤티(200분/10GB),MVNO,0,15,15,15,16,16,17,17,18,18,18,19,19,20,21,21,21,22,22,23,24,25,26,27,25,24,25,25,29,37
35379,[S]무한11GB+,MVNO,0,5,6,5,5,6,5,6,5,6,6,6,6,6,6,6,6,6,6,7,6,10,9,9,4,4,3,4,7,5
35380,[S]무한7GB+,MVNO,0,2,2,2,2,3,2,2,2,3,2,3,3,2,3,3,3,3,3,3,3,0,1,5,3,3,4,3,6,4
35381,[S]무한100분/15GB+,MVNO,0,2,3,2,3,3,2,3,3,3,3,2,3,3,4,3,3,3,3,4,3,8,8,4,3,3,2,3,4,0
35383,[S]무한300분/15GB+,MVNO,0,1,0,1,1,1,1,1,1,1,1,1,1,1,1,2,1,1,1,1,1,3,3,3,1,2,1,1,0,0
35384,[S]무한100GB+,MVNO,0,10,10,11,11,11,11,11,11,12,12,12,12,12,12,13,12,13,13,14,13,20,21,16,15,16,15,15,12,14
35385,[K]무한100분/15GB+ Npay,MVNO,0,0,0,0,0,0,0,0,0,0,0,0,0,0,0,0,0,0,0,0,0,1,1,0,0,0,0,0,0,0
35386,[K]무한11GB+ Npay,MVNO,0,10,9,9,10,9,10,9,10,9,10,10,10,9,10,10,10,10,10,10,10,21,20,6,10,11,11,10,19,7
35387,[S]무한10GB+,MVNO,0,0,0,0,0,0,0,0,0,0,0,0,0,0,0,0,0,0,0,0,0,0,0,0,1,1,0,1,0,1
35389,[S]음성자유/3GB,MVNO,0,0,0,0,0,0,0,0,0,0,0,0,0,0,0,0,0,0,0,0,0,0,0,0,0,0,0,0,0,0
35390,[S]음성자유/5GB,MVNO,0,81,82,85,86,88,91,92,95,96,99,102,104,106,108,111,114,116,120,121,125,0,0,0,0,0,0,0,0,0
35391,[S]글로벌로밍7GB+,MVNO,0,1,0,0,1,0,0,1,0,0,1,0,1,0,0,1,0,1,0,1,0,1,0,1,0,1,0,0,1,0
35392,[S]글로벌로밍100분/15GB+,MVNO,0,0,0,0,0,0,0,0,1,0,0,0,0,0,0,0,1,0,0,0,0,0,1,0,0,0,1,0,0,0
35393,[S]글로벌로밍11GB+,MVNO,0,1,0,1,0,1,1,0,1,1,0,1,1,0,1,1,1,0,1,1,1,1,1,1,0,1,0,0,1,1
35394,[S]글로벌로밍100GB+,MVNO,0,1,1,1,1,0,1,1,1,1,1,1,0,1,1,1,1,1,1,1,1,0,0,2,0,0,0,0,0,1
35398,[S]아이즈특판7GB+1Mbps,MVNO,0,2,2,2,2,2,3,2,2,2,2,2,2,3,2,2,3,2,2,3,2,0,0,3,4,4,5,4,2,2
35399,[S]아이즈특판10GB+1Mbps,MVNO,0,1,1,0,1,1,0,1,1,1,0,1,1,1,1,0,1,1,1,1,1,1,1,0,0,0,0,0,1,0
35400,[S]아이즈특판100분/15GB+,MVNO,0,6,6,6,6,7,6,6,7,6,7,6,7,6,7,6,7,7,6,7,7,9,10,7,5,4,4,5,10,6
35401,[S]아이즈특판300분/15GB+,MVNO,0,0,0,0,0,0,0,0,0,0,0,0,0,0,0,0,0,0,0,0,0,2,2,0,0,0,1,0,0,0
35402,[S]아이즈특판11GB+일2GB,MVNO,0,3,4,4,4,4,4,3,4,4,5,4,4,4,4,4,5,4,4,5,4,2,2,0,0,0,0,0,7,0
35403,[S]아이즈특판100GB+,MVNO,0,42,43,43,44,44,44,45,45,45,46,47,46,48,47,48,49,49,50,50,50,33,33,52,46,46,46,46,92,62
35404,[K]아이즈특판7GB+,MVNO,0,0,0,0,0,0,0,0,0,0,0,0,0,0,0,0,0,0,0,0,0,1,0,0,0,0,0,0,0,0
35405,[K]아이즈특판10GB+,MVNO,0,0,0,0,0,0,0,0,0,0,0,0,0,0,0,0,0,0,0,0,0,0,0,0,0,0,0,0,0,0
35406,[K]아이즈특판100분/15GB+,MVNO,0,1,0,1,0,0,1,0,1,0,1,1,0,1,0,1,1,1,0,1,1,0,0,2,0,0,0,0,0,0
35407,[K]아이즈특판300분/15GB+,MVNO,0,0,0,0,0,0,0,0,0,0,0,0,0,0,0,0,0,0,0,0,0,0,0,2,0,0,0,0,0,0
35408,[K]아이즈특판11GB+일2GB,MVNO,0,0,0,0,0,0,0,0,0,0,0,0,0,0,0,0,0,0,0,0,0,0,0,0,0,0,0,0,0,0
35409,[K]아이즈특판100GB+,MVNO,0,0,0,1,0,1,0,1,0,1,0,1,0,1,0,0,1,0,1,0,1,0,0,1,0,0,0,0,0,1
35410,[K]무한7GB+ Npay,MVNO,0,2,2,2,3,2,2,2,3,2,2,2,3,2,3,2,2,3,2,3,2,3,3,0,0,1,1,0,2,5
35411,[K]무한100GB+ Npay,MVNO,0,7,7,8,7,7,7,7,7,7,7,7,8,7,7,7,8,7,7,8,7,9,9,2,8,7,7,8,19,7
35412,[K]글로벌로밍7GB+,MVNO,0,0,0,0,0,0,0,0,0,0,0,0,0,0,0,0,0,0,0,0,0,1,1,0,0,1,1,0,0,0
35413,[K]글로벌로밍100분/15GB+,MVNO,0,0,0,1,0,1,0,0,1,0,1,0,0,1,0,1,0,1,0,1,0,1,0,2,0,0,0,0,0,0
35414,[K]글로벌로밍11GB+,MVNO,0,0,1,0,1,0,1,1,0,1,0,1,1,0,1,0,1,1,1,0,1,0,0,0,1,0,0,1,1,0
35415,[K]글로벌로밍100GB+,MVNO,0,1,1,1,2,1,1,2,1,1,2,2,1,2,2,2,2,2,2,3,2,2,1,4,0,0,0,0,0,0
35416,[S]울트라(100분/15GB),MVNO,0,2,2,2,2,2,2,2,3,2,2,2,2,2,2,2,2,3,2,2,2,0,0,0,0,0,0,0,0,0
35417,[S]울트라(300분/15GB),MVNO,0,0,0,0,0,0,0,0,0,0,0,0,0,0,0,0,0,0,0,0,0,0,0,0,0,0,0,0,0,0
35418,[S]울트라(200분/20GB),MVNO,0,2,2,1,2,2,2,2,2,2,2,2,2,2,2,2,2,2,2,2,2,2,2,0,0,0,0,0,2,3
35419,[K]무한11GB+ Wavve,MVNO,0,0,0,0,0,0,0,0,0,0,0,0,0,0,0,0,0,0,0,0,0,0,0,0,0,0,0,0,0,0
35420,[K]무한100GB+ Wavve,MVNO,0,1,1,0,1,1,1,0,1,1,1,1,0,1,1,1,1,1,1,1,1,0,0,0,0,0,0,0,1,1
35421,[K]롯시&밀리 7GB+,MVNO,0,0,1,0,1,0,1,0,1,0,1,0,1,0,1,0,1,0,1,0,1,0,0,0,0,1,1,0,0,1
35422,[K]롯시&밀리 10GB+,MVNO,0,1,1,0,1,1,1,1,1,1,1,1,1,1,1,2,1,1,1,1,1,3,3,0,1,2,1,1,0,0
35423,[K]롯시&밀리 15GB+,MVNO,0,1,2,1,1,1,1,1,1,2,1,1,1,2,1,1,2,1,1,2,1,1,0,4,0,0,0,0,2,1
35424,[K]롯시&밀리 100분/15GB+,MVNO,0,1,1,2,1,1,2,1,1,2,1,1,2,1,1,2,1,2,1,2,1,2,2,5,0,0,0,0,1,0
35425,[K]롯시&밀리 11GB+일2GB,MVNO,0,26,27,26,28,27,28,29,29,29,29,30,31,30,32,31,32,33,33,33,34,44,45,36,27,28,27,27,66,38
35426,[K]롯시&밀리 100GB+,MVNO,0,101,105,109,113,116,121,126,129,135,139,145,149,155,160,167,172,178,185,192,198,402,401,286,189,188,189,189,282,250
35427,[K]CU&롯시 15GB+,MVNO,0,2,1,1,1,2,1,2,1,2,1,2,2,1,2,2,2,2,2,2,2,9,10,7,0,1,0,0,3,3
35428,[K]CU&롯시 100분/15GB+,MVNO,0,1,0,1,1,1,1,1,1,1,0,1,1,1,1,1,1,1,1,1,1,0,0,1,0,0,0,0,2,3
35429,[K]CU&롯시 300분/15GB+,MVNO,0,1,1,1,0,1,1,1,1,1,1,0,1,1,1,1,1,1,1,1,1,0,0,1,0,0,0,0,3,1
35430,[K]CU&롯시 11GB+일2GB,MVNO,0,13,15,15,17,16,18,19,20,20,22,22,24,25,26,28,29,30,32,34,35,57,58,25,36,36,36,36,73,63
35431,[K]CU&롯시 100GB+,MVNO,0,30,32,34,35,36,39,41,42,45,47,50,51,55,57,60,63,66,70,72,77,212,212,189,142,142,142,142,241,226
35432,[S]음성자유/7GB,MVNO,0,2,1,2,2,1,2,2,1,2,2,1,2,2,2,1,2,2,2,1,2,2,3,1,0,0,0,0,0,0
35435,[K]CU&롯시 10GB+,MVNO,0,1,1,2,1,1,1,1,2,1,1,2,1,2,1,2,2,1,2,2,2,0,0,0,0,0,0,0,2,2
35436,아이즈(100분/5GB),MVNO,0,71,73,74,75,77,79,80,82,83,86,87,88,91,92,94,96,99,100,102,104,177,177,152,59,58,59,59,100,126
35438,[S]올리브영100분/15GB+,MVNO,0,3,4,4,4,4,4,4,4,4,4,4,5,4,4,5,5,4,5,5,5,14,15,7,4,4,5,4,6,3
35439,[S]올리브영10GB+1Mbps,MVNO,0,0,0,0,0,0,0,0,0,0,0,0,0,0,0,0,0,0,0,0,0,0,1,0,0,0,0,0,0,0
35440,[S]올리브영11GB+,MVNO,0,7,7,7,7,8,7,7,8,8,8,8,8,8,8,8,9,8,9,9,9,13,13,7,6,6,7,6,10,13
35441,[S]올리브영100GB+,MVNO,0,38,39,41,42,44,46,48,49,52,54,56,58,61,63,66,68,71,75,77,80,120,120,85,69,69,70,69,123,118
35442,아이즈 100분 10GB,MVNO,0,7,6,7,7,7,7,7,7,7,7,8,7,8,7,8,7,8,8,8,8,19,18,13,7,6,7,7,7,9
35443,[S]올리브영7GB+,MVNO,0,2,2,3,2,2,2,2,2,3,2,2,3,2,2,3,2,3,3,2,3,2,1,0,3,3,3,3,3,5
35444,[K]울트라(100분/15GB),MVNO,0,2,2,2,2,2,2,2,2,2,2,2,2,2,2,2,2,2,2,2,2,0,0,0,0,0,0,0,2,0
35445,[K]울트라(300분/15GB),MVNO,0,3,3,3,4,3,3,3,3,4,3,3,3,3,4,3,3,3,4,3,3,0,0,0,0,0,0,0,6,0
35446,[K]울트라(100분/20GB),MVNO,0,12,12,11,12,13,12,12,13,12,13,13,13,13,13,13,14,13,14,14,14,15,14,1,13,12,12,13,15,21
35447,[K]울트라(300분/20GB),MVNO,0,9,8,9,9,9,8,9,9,9,9,10,9,9,9,10,9,10,10,9,10,10,10,8,7,7,7,7,17,20
35448,[K]울트라(500분/15GB),MVNO,0,1,2,1,2,2,1,2,1,2,2,1,2,2,1,2,1,2,2,1,2,0,0,0,2,2,3,2,1,0
35449,[K]다이소 300분/15GB+,MVNO,0,0,0,0,0,0,0,0,0,0,0,0,0,0,0,0,0,0,0,0,0,0,0,0,0,0,0,0,0,0
35450,[K]다이소 100분/15GB+,MVNO,0,0,0,0,0,0,0,0,0,0,0,0,0,0,0,0,0,0,0,0,0,0,0,0,0,0,0,0,0,0
35451,[K]다이소 7GB+,MVNO,0,0,0,0,0,0,0,0,0,0,0,0,0,0,0,0,0,0,0,0,0,0,0,0,0,0,0,0,0,0
35452,[K]다이소 11GB+일2GB,MVNO,0,0,0,0,0,0,0,0,0,0,0,0,0,0,0,0,0,0,0,0,0,0,0,0,0,0,0,0,0,0
35453,[K]올리브영 7GB+,MVNO,0,0,0,0,0,0,0,0,0,0,0,0,0,0,0,0,0,0,0,0,0,0,0,0,0,0,0,0,0,0
35454,[K]올리브영 10GB+,MVNO,0,0,0,0,0,0,0,0,0,0,0,0,0,0,0,0,0,0,0,0,0,0,0,0,0,0,0,0,0,0
35455,[K]올리브영 15GB+,MVNO,0,0,0,0,0,0,0,0,0,0,0,0,0,0,0,0,0,0,0,0,0,0,0,0,0,0,0,0,0,0
35456,[K]올리브영 100분/15GB+,MVNO,0,0,0,0,0,0,0,0,0,0,0,0,0,0,0,0,0,0,0,0,0,0,0,0,0,0,0,0,0,0
35457,[K]올리브영 300분/15GB+,MVNO,0,0,0,0,0,0,0,0,0,0,0,0,0,0,0,0,0,0,0,0,0,0,0,0,0,0,0,0,0,0
35458,[K]올리브영 11GB+일2GB,MVNO,0,0,0,0,0,0,0,0,0,0,0,0,0,0,0,0,0,0,0,0,0,0,0,0,0,0,0,0,0,0
35459,[K]올리브영 100GB+,MVNO,0,1,1,1,1,1,1,0,1,1,1,1,1,1,1,1,1,1,1,1,1,0,0,0,0,0,0,0,0,2
35460,[K]다이소 15GB+,MVNO,0,0,0,1,0,0,0,0,0,1,0,0,0,0,1,0,0,0,1,0,0,1,0,0,0,0,0,0,0,0
35462,[S]OK캐쉬백 7GB+,MVNO,0,0,0,0,0,0,0,0,0,0,0,0,0,0,0,0,0,0,0,0,0,0,0,0,0,0,0,0,0,0
35463,[S]OK캐쉬백 10GB+,MVNO,0,0,0,0,0,0,0,0,0,0,0,0,0,0,0,0,0,0,0,0,0,0,0,0,0,0,0,0,0,0
35464,[S]OK캐쉬백 100분/15GB+,MVNO,0,0,0,0,0,0,0,0,0,0,0,0,0,0,0,0,0,0,0,0,0,0,0,0,0,0,0,0,0,0
35465,[S]OK캐쉬백 300분/15GB+,MVNO,0,0,0,0,0,0,0,0,0,0,0,0,0,0,0,0,0,0,0,0,0,0,0,0,1,0,0,1,0,0
35466,[S]OK캐쉬백 11GB+,MVNO,0,1,0,1,1,0,1,1,1,1,0,1,1,1,1,2,1,1,1,2,1,1,1,2,3,3,4,3,3,2
35467,[S]OK캐쉬백 100GB+,MVNO,0,2,3,2,3,3,3,3,3,3,3,4,3,3,4,3,4,4,4,4,4,5,5,2,5,5,5,5,5,10
35468,[S]이디야 블루 11GB+,MVNO,0,3,3,3,3,4,3,4,4,3,4,4,5,4,5,5,4,6,5,5,6,14,13,8,4,3,4,4,8,8
35469,[S]이디야 딥블루 100GB+,MVNO,0,13,13,14,15,15,15,17,17,18,19,20,21,21,23,23,25,26,26,29,29,40,40,36,27,27,26,27,47,32
35470,[S]이디야 화이트 20GB,MVNO,0,0,1,0,1,0,1,0,0,1,0,1,0,1,0,1,0,1,0,1,0,0,1,0,1,0,0,1,0,0
35471,[S]이디야 화이트 7GB+,MVNO,0,1,1,2,1,2,1,2,1,2,1,2,1,2,2,1,2,2,1,2,2,1,1,2,1,0,1,1,3,2
35472,[S]이디야 화이트 10GB+,MVNO,0,0,0,0,0,0,0,0,0,0,0,0,0,0,0,0,0,0,0,0,0,0,0,0,0,0,0,0,0,0
35473,[S]이디야 블루 15GB+/100분,MVNO,0,1,1,1,1,1,0,1,1,1,1,1,1,1,1,1,1,1,1,1,1,4,4,1,3,2,2,3,0,1
35474,[S]이디야 블루 15GB+/300분,MVNO,0,1,0,0,0,1,0,0,0,1,0,0,1,0,0,0,1,0,0,1,0,3,3,0,1,1,0,1,0,0
35475,[S]아이즈팩 7GB+,MVNO,0,0,1,0,1,0,0,1,0,1,0,1,0,1,0,1,0,1,0,1,0,1,0,0,1,0,0,1,1,0
35476,[S]아이즈팩 10GB+,MVNO,0,0,0,0,0,0,0,0,0,0,0,0,0,0,0,0,0,0,0,0,0,1,2,0,0,0,0,0,0,0
35477,[S]아이즈팩 100분/15GB+,MVNO,0,2,2,3,2,2,2,2,2,3,2,2,2,3,2,2,3,2,2,3,2,3,3,1,2,3,3,2,3,1
35478,[S]아이즈팩 11GB+,MVNO,0,8,7,8,8,8,8,8,8,8,9,8,9,8,9,9,9,9,9,10,9,8,8,4,10,10,11,10,35,13
35479,[S]아이즈팩 100GB+,MVNO,0,6,7,6,7,6,7,7,6,7,7,7,7,7,7,7,7,7,7,8,7,12,12,11,6,6,5,6,3,8
35480,[S]스페셜10GB+,MVNO,0,0,0,0,0,0,0,0,0,0,0,0,0,0,0,0,0,0,0,0,0,0,0,0,0,0,0,0,0,0
35481,[S]음성자유/10GB,MVNO,0,12,11,11,12,11,12,11,12,12,11,12,12,12,12,12,12,12,12,13,12,0,0,0,0,0,0,0,0,0
35482,[S]울트라(500분/20GB),MVNO,0,2,3,2,3,2,3,2,3,3,2,3,2,3,3,3,3,2,3,3,3,3,3,0,2,2,3,2,6,9
35483,"[평생할인] 통화, 데이터 마음대로 100GB+",MVNO,0,0,0,0,0,0,0,0,0,0,0,0,0,0,0,0,0,0,0,0,0,0,0,0,0,0,0,0,0,0
35488,프리티 글로벌통화 300 7G+,MVNO,0,0,0,0,0,0,0,0,0,0,0,0,0,0,0,0,0,0,0,0,0,0,0,0,0,0,0,0,0,0
35489,프리티 글로벌통화 300 11G+,MVNO,0,0,0,0,0,0,0,0,0,0,0,0,0,0,0,0,0,0,0,0,0,0,0,0,0,0,0,0,0,1
35490,프리티 글로벌통화 300 100G+,MVNO,0,0,0,0,0,0,0,0,0,0,0,0,0,0,0,0,0,0,0,0,0,0,0,0,0,0,0,0,1,0
35491,5G 티플 가성비(300분/15GB),MVNO,0,21,21,21,22,22,22,22,23,23,23,23,23,24,24,24,25,25,25,25,26,26,27,26,26,26,26,26,57,34
35493,5G 데이터마음껏 15G(300분),MVNO,0,12,12,13,12,12,12,13,12,13,13,13,13,13,13,13,13,13,14,13,14,18,18,10,0,0,0,0,29,5
35494,이지 오래쓰는 무제한 5G+1,MVNO,0,1,0,1,0,1,0,1,0,1,0,1,0,1,0,1,0,1,0,1,0,2,1,0,1,0,0,1,0,0
35495,[CHM]5G 찬스 300분/15GB,MVNO,0,2,1,2,1,2,2,1,2,2,1,2,2,2,2,2,2,2,2,2,2,2,3,5,2,2,3,2,0,0
35496,[CHM]5G 찬스 300분/15GB+,MVNO,0,16,17,17,18,18,18,19,20,20,20,21,22,22,22,24,23,25,25,26,26,73,74,40,12,13,13,12,34,12
35497,5G 함께이야기해(300분+15GB),MVNO,0,3,2,3,2,3,2,3,3,3,2,3,3,3,3,3,3,3,3,3,3,0,0,0,0,0,0,0,3,3
35498,[평생할인] 5G 15GB+/300분,MVNO,0,312,321,330,339,348,358,368,378,388,399,410,422,432,445,457,470,483,496,509,524,570,569,536,510,511,510,510,1299,734
35499,[평생할인] 5G 15GB/300분,MVNO,0,6,6,7,6,7,7,6,7,7,8,7,7,8,7,8,8,8,8,8,8,6,6,8,9,10,9,9,17,14
35502,[일반] 실속 5G 15GB/300분,MVNO,0,0,1,0,0,1,0,1,0,1,0,1,0,1,0,1,0,1,0,1,0,1,0,1,1,0,0,1,0,0
35503,[일반] 실속 5G 15GB+/300분,MVNO,0,3,3,3,4,3,3,4,3,3,4,3,4,3,4,4,3,4,4,3,4,4,4,5,3,2,2,3,4,1
35504,The 완전마음껏 100G+(다이소 매월 5000P),MVNO,0,0,0,0,0,0,0,0,0,0,0,0,0,0,0,0,0,0,0,0,0,0,0,0,0,0,0,0,0,0
35505,The 완전마음껏 100G+(컬쳐랜드 문화상품권 매월 5000P),MVNO,0,1,1,1,1,0,1,1,1,1,1,1,1,0,1,1,1,1,1,1,1,1,1,1,1,0,0,1,3,0
35506,The 완전마음껏 100G+(카톡 이모티콘+예스24e북),MVNO,0,0,0,0,0,0,0,0,0,0,0,0,0,0,0,0,0,0,0,0,0,1,2,0,0,0,0,0,0,0
35507,The 완전마음껏 100G+(올리브영 매월 5000P),MVNO,0,0,0,0,0,0,0,0,0,0,0,0,0,0,0,0,0,0,0,0,0,0,0,0,0,0,0,0,0,0
35508,The 완전마음껏 100G+(스타벅스 매월 5000P),MVNO,0,0,1,0,1,1,0,1,1,0,1,1,0,1,1,0,1,1,1,0,1,1,0,1,0,0,0,0,0,0
35509,5G 티플온 95GB+_24개월 할인,MVNO,0,4,3,4,3,4,3,4,4,3,4,4,3,4,4,4,3,4,4,4,4,0,0,0,0,0,0,0,5,3
35512,5G 티플 10GB＋(300분),MVNO,0,13,12,13,13,14,13,14,14,15,14,15,15,15,16,16,16,16,17,17,17,33,34,19,9,8,8,9,29,15
35513,5G 티플 5GB＋(통화기본),MVNO,0,5,6,5,6,6,6,5,6,6,6,6,5,6,6,6,6,6,6,6,6,13,13,6,6,6,7,6,12,4
35514,더든든한안심15G+1M,MVNO,0,7,7,7,8,8,9,9,9,10,11,11,11,12,13,14,14,14,16,16,17,4,3,40,33,33,33,33,52,48
35515,5G Sugar 세이브+(300분/15GB),MVNO,0,5,5,5,6,5,5,5,6,5,5,6,5,5,6,5,5,6,5,6,5,14,14,3,5,6,6,5,26,5
35517,프리티데이터팡팡,MVNO,0,2,1,2,1,2,2,2,2,2,2,2,3,2,3,3,3,3,3,3,4,3,3,36,31,30,30,31,41,33
35518,요금걱정 제로 이야기 7GB+,MVNO,0,0,1,0,0,1,0,1,0,1,0,0,1,0,1,0,1,0,1,0,1,0,0,0,0,0,0,0,1,0
35519,모나500분8G,MVNO,0,1,1,1,1,1,1,1,2,1,1,1,1,2,1,1,2,1,1,2,1,2,2,1,1,1,1,1,3,0
35520,모나400분11G,MVNO,0,1,1,2,1,2,2,1,2,2,1,2,2,2,2,2,3,2,2,3,2,0,0,0,0,0,1,0,5,0
35521,교보sam_11G+일2G,MVNO,0,0,0,0,0,0,0,0,0,0,0,0,0,0,0,0,0,0,0,0,0,0,0,0,0,0,0,0,0,0
35522,모나300분6G안심1,MVNO,0,3,3,3,4,3,4,4,4,4,4,5,5,5,5,6,6,6,7,7,7,0,0,0,0,0,0,0,0,0
35523,편의점_데이터11G+일2G,MVNO,0,2,2,1,2,2,2,3,2,2,3,3,3,3,3,3,3,4,4,4,4,0,1,0,171,172,172,171,515,477
35524,캐시_데이터11G+일2G,MVNO,0,0,0,0,0,0,0,0,0,0,0,0,0,0,0,0,0,0,0,0,0,0,0,0,0,0,0,0,0,1
35525,5G_LOCAL_기본95G안심3,MVNO,0,2,1,1,1,1,1,1,1,1,1,2,1,1,1,1,1,1,2,1,1,0,0,0,0,0,0,0,0,0
35526,5G_모나300분15G안심1,MVNO,0,3,3,2,3,3,3,3,3,3,3,3,2,3,3,3,3,3,3,3,3,5,5,1,0,0,0,0,0,0
35528,TOP 10GB 기본 (올리브영),MVNO,0,0,0,0,0,0,0,0,0,0,0,0,0,0,0,0,0,0,0,0,0,0,1,0,0,1,0,0,0,0
35529,TOP 10GB 기본 (다이소),MVNO,0,0,0,1,0,0,0,1,0,0,0,1,0,0,1,0,0,1,0,1,0,0,0,0,2,2,3,2,2,1
35530,TOP 10GB 기본 (네이버페이),MVNO,0,1,0,1,1,0,1,1,1,1,0,1,1,1,1,2,1,1,1,2,1,0,0,0,4,3,3,4,5,15
35531,TOP 11GB 기본 (CU할인),MVNO,0,0,0,0,0,0,0,0,0,0,0,0,0,0,0,0,0,0,0,0,0,0,0,0,0,0,0,0,0,0
35532,TOP 100GB 기본 (CU할인),MVNO,0,0,0,0,0,0,0,0,0,0,0,0,0,0,0,0,0,0,0,0,0,0,0,0,0,0,0,0,0,0
35533,TOP 5G 200GB 기본 (올리브영),MVNO,0,3,4,3,4,4,3,4,3,4,4,4,3,4,4,4,4,4,4,4,4,0,0,0,0,0,0,0,4,0
35534,TOP 5G 200GB 기본 (다이소),MVNO,0,0,0,0,0,0,0,0,0,0,0,0,0,0,0,0,0,0,0,0,0,0,0,0,0,0,0,0,0,0
35535,TOP 5G 200GB 기본 (네이버페이),MVNO,0,0,0,0,0,0,0,0,0,0,0,0,0,0,0,0,0,0,0,0,0,0,0,0,0,0,0,0,0,0
35787,[L]5G 데이터안심(300분/15GB+),MVNO,0,6,5,6,6,6,5,6,6,6,6,6,6,7,6,6,6,7,6,7,6,0,0,0,0,0,0,0,8,5
35788,EG 무제한 7GB+1(모아진),MVNO,0,0,0,0,0,0,0,0,0,0,0,0,0,0,0,0,0,0,0,0,0,0,0,0,0,0,0,0,0,0
35789,EG 무제한 10GB+1(모아진),MVNO,0,0,0,0,0,0,0,0,0,0,0,0,0,0,0,0,0,0,0,0,0,0,0,0,0,0,0,0,0,0
35790,EG 데이터 15GB+3/100분(모아진),MVNO,0,0,0,0,0,0,0,0,0,0,0,0,0,0,0,0,0,0,0,0,0,0,0,0,0,0,0,0,0,1
35791,EG 무제한 11GB+3(모아진),MVNO,0,0,0,0,0,0,0,0,0,0,0,0,0,0,0,0,0,0,0,0,0,0,0,0,0,0,0,0,0,0
35792,EG 무제한 100GB+5(모아진),MVNO,0,1,2,1,2,1,2,1,2,1,2,1,2,1,2,1,2,1,2,1,2,0,0,0,0,0,0,0,0,0
35793,[5G]EG 12무제한 110G+5(모아진),MVNO,0,1,1,0,1,0,1,1,0,1,1,0,1,0,1,1,0,1,1,0,1,5,6,4,1,1,0,1,0,0
35798,5G 안심 (6GB+/2000분),MVNO,0,0,0,0,0,0,0,0,0,0,0,0,0,0,0,0,0,0,0,0,0,0,0,0,0,0,0,0,0,0
35801,EG 무제한 11GB+3(올영5000원),MVNO,0,0,0,0,0,0,0,0,0,0,0,0,0,0,0,0,0,0,0,0,0,0,0,0,0,0,0,0,2,0
35802,[5G]EG 무제한 110GB+5(올영5000원),MVNO,0,1,1,0,1,1,1,1,1,1,1,1,1,1,1,1,1,1,1,1,1,0,0,2,0,0,0,0,1,0
35806,완전마음껏 100GB＋＋(밀리의서재)_12개월할인,MVNO,0,2,3,2,3,3,4,3,4,3,4,4,5,4,5,5,5,6,6,6,6,14,13,6,1,2,2,1,16,24
35808,완전마음껏 100GB＋＋(밀리의서재)_18개월할인,MVNO,0,1,1,1,1,1,2,1,1,2,1,1,2,1,2,2,1,2,1,2,2,1,1,2,0,0,1,0,2,3
35809,완전마음껏 100GB＋＋(CU 20%)_18개월할인,MVNO,0,0,0,1,0,1,1,0,1,0,1,0,1,0,1,1,0,1,1,0,1,0,0,3,3,4,3,3,0,1
35812,완전마음껏 100GB＋＋(CU 20%)_12개월할인,MVNO,0,3,3,3,4,3,4,4,4,5,4,5,5,5,5,6,6,6,6,7,7,18,18,15,10,10,10,10,12,8
35818,TOP 10GB 기본 (올리브영),MVNO,0,0,0,0,0,0,0,0,0,0,0,0,0,0,0,0,0,0,0,0,0,0,1,0,0,1,0,0,0,0
35819,TOP 10GB 기본 (다이소),MVNO,0,0,0,1,0,0,0,1,0,0,0,1,0,0,1,0,0,1,0,1,0,0,0,0,2,2,3,2,2,1
35820,TOP 10GB 기본 (네이버페이),MVNO,0,1,0,1,1,0,1,1,1,1,0,1,1,1,1,2,1,1,1,2,1,0,0,0,4,3,3,4,5,15
35822,TOP 100GB 기본 (CU할인),MVNO,0,5,5,5,5,6,5,6,6,6,6,6,7,6,7,7,7,7,7,7,8,0,0,0,0,0,0,0,0,0
35823,TOP 5G 200GB 기본 (올리브영),MVNO,0,3,4,3,4,4,3,4,3,4,4,4,3,4,4,4,4,4,4,4,4,0,0,0,0,0,0,0,4,0
35824,TOP 5G 200GB 기본 (다이소),MVNO,0,0,0,0,0,0,0,0,0,0,0,0,0,0,0,0,0,0,0,0,0,0,0,0,0,0,0,0,0,0
35825,TOP 5G 200GB 기본 (네이버페이),MVNO,0,6,6,6,6,6,6,7,6,6,7,6,6,7,6,6,7,6,7,6,7,0,0,0,0,0,0,0,0,0
35826,[모요only] 쉐이크 5G 90GB+_밀리의서재,MVNO,0,0,0,0,0,0,0,0,0,0,0,0,0,0,0,0,0,0,0,0,0,0,0,0,0,0,0,0,0,0
35827,고고 LTE 무제한 7GB+1M_모요,MVNO,0,0,0,0,0,0,0,0,0,0,0,0,0,0,0,0,0,0,0,0,0,0,0,0,0,0,0,0,0,0
35828,고고 LTE 무제한 10GB+1M_모요,MVNO,0,0,0,0,0,0,0,0,0,0,0,0,0,0,0,0,0,0,0,0,0,0,0,0,0,0,0,0,0,0
35829,고고 LTE 100분+15GB+3M_모요,MVNO,0,1,2,2,2,2,2,2,1,2,2,2,2,2,2,2,2,2,2,2,2,0,0,0,0,0,0,0,2,0
35830,고고 LTE 300분+15GB+3M_모요,MVNO,0,0,0,0,0,0,0,0,0,0,0,0,0,0,0,0,0,0,0,0,0,0,1,0,0,0,0,0,0,0
35831,고고 LTE 11GB+매일2GB+3M_모요,MVNO,0,0,0,0,0,0,0,0,0,0,0,0,0,0,0,0,0,0,0,0,0,0,0,5,0,0,0,0,0,0
35832,고고 LTE 무제한 100GB+5M_모요,MVNO,0,3,2,2,2,2,3,2,2,2,3,2,2,2,3,2,2,2,3,2,2,1,2,3,0,0,0,0,0,0
35833,[모요only] [K] 핀다이렉트Z + 밀리의서재(12) _PIN,MVNO,0,7,6,6,7,6,7,6,7,7,7,7,7,7,7,7,8,7,8,7,8,0,0,6,3,2,2,3,12,10
35834,[모요only] [K] 핀다이렉트Z Max (100GB)(12) _PIN,MVNO,0,170,171,172,174,175,176,178,179,180,181,183,184,186,186,188,190,191,192,194,195,0,0,0,33,34,33,33,214,191
35835,[모요only] [K] 핀다이렉트Z Light(12) _PIN,MVNO,0,9,8,9,8,9,8,9,8,9,8,9,9,8,9,9,9,8,9,9,9,6,6,12,0,0,0,0,0,0
35836,[모요only] [K] 핀다이렉트Z Mini + 밀리의서재(12) _PIN,MVNO,0,2,1,1,2,1,2,1,2,2,1,2,2,1,2,2,2,1,2,2,2,0,0,0,0,0,0,0,2,1
35840,티플 100G＋(올리브영 매월 5000P),MVNO,0,0,0,0,0,0,0,0,0,0,0,0,0,0,0,0,0,0,0,0,0,0,0,0,0,0,0,0,0,0
35850,LTE 71GB+(혜택형),MVNO,0,0,0,0,0,0,0,0,0,0,0,0,0,0,0,0,0,0,0,0,0,0,0,0,0,0,0,0,0,0
35851,5G 95GB+(혜택형),MVNO,0,1,0,1,1,0,1,0,1,1,0,1,1,0,1,1,0,1,1,0,1,0,0,0,0,0,0,0,0,0
35852,LTE 71GB+(초알뜰),MVNO,0,3,3,3,3,4,3,3,4,3,4,3,4,3,4,4,4,3,4,4,4,0,0,4,0,0,0,0,0,0
35853,5G 95GB+(초알뜰),MVNO,0,0,1,0,1,0,0,1,0,1,0,1,0,1,0,1,0,1,0,1,0,1,1,0,0,0,0,0,0,0
35855,티플온 7G＋,MVNO,0,0,0,0,0,0,0,0,0,0,0,0,0,0,0,0,0,0,0,0,0,0,0,0,0,0,0,0,0,0
35856,티플온 10G＋,MVNO,0,0,0,0,0,0,0,0,0,0,0,0,0,0,0,0,0,0,0,0,0,0,0,0,0,0,0,0,0,0
35857,티플온 15G＋,MVNO,0,5,4,4,4,5,4,5,5,5,5,5,5,5,6,5,6,6,6,6,6,0,0,0,0,0,0,0,0,0
35860,티플온 11G＋,MVNO,0,3,3,3,4,3,3,3,4,3,3,3,4,3,3,4,3,3,3,4,3,0,0,0,0,0,0,0,0,0
35861,티플온 100G＋,MVNO,0,0,0,0,0,0,0,0,0,0,0,0,0,0,0,0,0,0,0,0,0,0,0,0,0,0,0,0,0,0
35862,티플온 일5G＋,MVNO,0,0,0,0,0,0,0,0,0,0,0,0,0,0,0,0,0,0,0,0,0,0,0,0,0,0,0,0,0,0
35863,티플온 15G＋(100분),MVNO,0,2,2,2,2,2,2,2,2,3,2,2,2,2,2,2,2,3,2,2,2,0,0,0,0,0,0,0,2,0
35864,티플온 15G＋(300분),MVNO,0,0,0,0,0,0,0,0,0,0,0,0,0,0,0,0,0,0,0,0,0,0,0,0,0,0,0,0,0,0
35871,[티머니 12만원] 1GB+/통화기본,MVNO,0,0,0,0,0,0,0,0,0,0,0,0,0,0,0,0,0,0,0,0,0,0,0,0,0,0,0,0,0,0
35872,이지 오래쓰는 무제한 4.5GB+1,MVNO,0,0,0,0,0,0,0,0,0,0,0,0,0,0,0,0,0,0,0,0,0,0,0,0,0,0,0,0,0,0
35884,티플 7G＋(CU멤버십＋매월 5000P),MVNO,0,0,1,0,1,0,1,0,0,1,0,1,0,1,0,1,0,1,0,1,0,0,0,1,0,0,0,0,1,0
35885,티플 10G＋(CU멤버십＋매월 5000P),MVNO,0,0,0,0,0,0,0,0,0,0,0,0,0,0,0,0,0,0,0,0,0,0,0,0,0,0,0,0,1,0
35886,티플 15G＋(100분)(CU멤버십＋매월 5000P),MVNO,0,1,0,0,0,0,1,0,0,0,1,0,0,0,1,0,0,0,1,0,0,0,1,0,0,0,0,0,3,0
35887,티플 15G＋(300분)(CU멤버십＋매월 5000P),MVNO,0,0,0,0,0,0,0,0,0,0,0,0,0,0,0,0,0,0,0,0,0,0,0,0,0,0,0,0,0,0
35888,티플 11G＋(CU멤버십＋매월 5000P),MVNO,0,2,3,2,2,3,2,2,3,2,2,3,2,3,2,3,2,2,3,2,3,0,0,3,1,1,1,1,2,4
35889,티플 100G＋(CU멤버십＋매월 5000P),MVNO,0,2,2,2,2,2,2,2,2,2,1,2,2,2,2,2,2,2,2,2,2,4,3,1,1,1,0,1,3,0
35892,티플 11G＋(웨이브),MVNO,0,0,0,0,0,0,0,0,0,0,0,0,0,0,0,0,0,0,0,0,0,0,0,0,0,0,0,0,0,0
35893,티플 100G＋(웨이브),MVNO,0,0,1,1,1,1,1,1,1,1,1,0,1,1,1,1,1,1,1,1,1,0,0,0,2,1,1,2,1,0
35894,프리티구독7G+(대한항공 기프트카드),MVNO,0,0,0,0,0,0,0,0,0,0,0,0,0,0,0,0,0,0,0,0,0,0,0,0,0,0,0,0,0,0
35895,프리티구독15G+3M(대한항공 기프트카드),MVNO,0,0,0,0,0,0,0,0,0,0,0,0,0,0,0,0,0,0,0,0,0,0,0,0,0,0,0,0,0,0
35896,프리티구독11G+3M(대한항공 기프트카드),MVNO,0,0,0,0,0,0,0,0,0,0,0,0,0,0,0,0,0,0,0,0,0,0,0,0,0,0,0,0,0,0
35897,프리티구독매일5G+5M(대한항공 기프트카드),MVNO,0,0,0,0,0,0,0,0,0,0,0,0,0,0,0,0,0,0,0,0,0,0,0,0,0,0,0,0,0,0
35898,프리티구독7G+1M(대한항공 기프트카드),MVNO,0,0,0,1,0,0,0,0,1,0,0,0,0,0,1,0,0,0,1,0,0,1,0,0,0,0,0,0,1,0
35899,프리티구독15G+3M(대한항공 기프트카드),MVNO,0,0,0,0,0,0,0,0,0,0,0,0,0,0,0,0,0,0,0,0,0,0,0,0,0,0,0,0,0,0
35900,프리티구독 11G+3M(대한항공 기프트카드),MVNO,0,0,0,0,0,0,0,0,0,0,0,0,0,0,0,0,0,0,0,0,0,0,0,0,0,0,0,0,0,0
35901,프리티구독 100G+5M(대한항공 기프트카드),MVNO,0,0,0,0,0,0,0,0,0,0,0,0,0,0,0,0,0,0,0,0,0,0,0,0,0,0,0,0,0,0
35906,[모요only] 쉐이크 LTE 7GB+_웨이브(OTT),MVNO,0,0,0,0,0,0,0,0,0,0,0,0,0,0,0,0,0,0,0,0,0,0,0,0,0,0,0,0,0,0
35907,[모요only] 쉐이크 LTE 100GB+_웨이브,MVNO,0,2,2,1,2,2,1,2,2,2,1,2,2,2,2,2,1,2,2,2,2,3,4,0,0,0,0,0,0,1
35911,Sugar 7GB+1Mbps(R),MVNO,0,18,18,19,19,19,20,20,20,21,21,22,22,22,22,23,24,23,24,25,25,27,26,16,14,13,13,14,28,32
35912,Sugar 10GB+1Mbps(R),MVNO,0,3,2,3,2,3,3,2,3,3,3,2,3,3,3,3,2,3,3,3,3,0,0,4,1,0,0,1,3,8
35913,CGV 1+1 7G+1M,MVNO,0,0,0,0,0,0,0,0,0,0,0,0,0,0,0,0,0,0,0,0,0,0,0,0,0,0,0,0,0,0
35914,쿠팡캐시 7G+1M,MVNO,0,0,0,0,0,0,0,0,0,0,0,0,0,0,0,0,0,0,0,0,0,0,1,0,0,0,0,0,0,0
35915,쿠팡캐시 11G+,MVNO,0,0,0,0,0,0,0,0,0,0,0,0,0,0,0,0,0,0,0,0,0,0,0,0,0,0,0,0,0,0
35916,쿠팡캐시 100G+,MVNO,0,0,0,0,0,0,0,0,0,0,0,0,0,0,0,0,0,0,0,0,0,1,1,0,0,1,1,0,0,0
36163,[모요only] 쉐이크only LTE 100GB+밀리의서재,MVNO,0,162,162,163,163,165,165,165,166,167,168,168,169,170,170,171,172,172,173,174,174,1146,1145,185,116,117,117,116,554,157
36164,코나아이데이터11G+일2G,MVNO,0,19,20,20,21,20,21,21,21,21,22,22,22,22,23,23,23,23,24,24,24,0,0,0,0,0,0,0,0,0
36166,NH콕 이야기 7GB+,MVNO,0,19,20,20,20,21,20,21,21,21,22,21,22,22,22,23,23,23,23,23,24,0,0,0,0,0,0,0,3,0
36167,이야기 K 데이터 100GB+(모아진),MVNO,0,0,0,0,0,0,0,0,0,0,0,0,0,0,0,0,0,0,0,0,0,0,0,1,0,0,0,0,0,0
36168,이야기 K 데이터 11GB+(모아진),MVNO,0,3,3,3,3,4,3,4,3,4,4,3,4,4,4,5,4,4,5,4,5,5,5,4,4,5,4,4,10,9
36169,이야기 K 데이터 11GB+(다이소 5000P),MVNO,0,0,0,0,0,0,0,0,0,0,0,0,0,0,0,0,0,0,0,0,0,0,0,0,0,0,0,0,0,0
36170,이야기 K 데이터 100GB+(배달의 민족 5000P),MVNO,0,0,0,0,0,0,0,0,0,0,0,0,0,0,0,0,0,0,0,0,0,0,0,0,0,0,1,0,0,0
36171,이야기 K 데이터 100GB+(밀리의서재),MVNO,0,0,1,1,0,1,1,1,1,0,1,1,1,1,0,1,1,1,1,1,1,0,0,1,0,0,0,0,2,0
36172,이야기 K 데이터 100GB+(다이소 5000P),MVNO,0,0,1,0,0,1,0,1,0,1,0,0,1,0,1,0,1,0,1,0,1,0,0,0,0,0,0,0,1,0
36173,이야기 K 데이터 100GB+(N pay 5000P),MVNO,0,0,0,0,0,0,0,0,0,0,0,0,0,0,0,0,0,0,0,0,0,0,0,0,0,0,0,0,0,0
36174,이야기 K 데이터 100GB+(CU할인),MVNO,0,0,0,0,0,0,0,0,0,0,0,0,0,0,0,0,0,0,0,0,0,0,0,0,0,0,1,0,0,0
36176,이야기 스페셜 무제한 11GB+,MVNO,0,0,0,0,0,0,0,0,0,0,0,0,0,0,0,0,0,0,0,0,0,0,0,0,0,0,0,0,0,0
36180,7GB+1Mbps(밀리의서재 무료구독),MVNO,0,0,0,0,0,0,0,0,0,0,0,0,0,0,0,0,0,0,0,0,0,0,0,0,0,0,0,0,0,0
36196,고고 LTE 300분/5GB_모요,MVNO,0,0,0,0,0,0,0,0,0,0,0,0,0,0,0,0,0,0,0,0,0,0,0,0,0,0,0,0,0,0
36197,고고 LTE 200분/10GB_모요,MVNO,0,0,0,0,0,0,0,0,0,0,0,0,0,0,0,0,0,0,0,0,0,0,0,0,0,0,0,0,0,0
36198,프리티 해외여행 7G+1M,MVNO,0,0,0,0,0,0,0,0,0,0,0,0,0,0,0,0,0,0,0,0,0,0,0,1,0,0,0,0,0,0
36199,프리티 해외여행 15G+,MVNO,0,0,0,0,0,0,0,0,0,0,0,0,0,0,0,0,0,0,0,0,0,1,1,0,0,1,1,0,0,0
36200,프리티 해외여행 11G+,MVNO,0,0,0,0,0,0,0,0,0,0,0,0,0,0,0,0,0,0,0,0,0,0,0,0,0,0,0,0,0,0
36201,프리티 해외여행 100G+,MVNO,0,1,1,0,1,1,1,1,0,1,1,1,1,1,0,1,1,1,1,1,1,2,1,0,0,1,0,0,1,0
36202,프리티 해외여행 7G+1M,MVNO,0,0,0,0,0,0,0,0,0,0,0,0,0,0,0,0,0,0,0,0,0,0,0,1,0,0,0,0,0,0
36203,프리티 해외여행 15G+,MVNO,0,0,0,0,0,0,0,0,0,0,0,0,0,0,0,0,0,0,0,0,0,1,1,0,0,1,1,0,0,0
36204,프리티 해외여행 11G+,MVNO,0,0,0,0,0,0,0,0,0,0,0,0,0,0,0,0,0,0,0,0,0,0,0,0,0,0,0,0,0,0
36205,프리티 해외여행 100G+,MVNO,0,1,1,0,1,1,1,1,0,1,1,1,1,1,0,1,1,1,1,1,1,2,1,0,0,1,0,0,1,0
36206,WELL60분+500MB,MVNO,0,0,0,0,0,0,0,0,0,0,0,0,0,0,0,0,0,0,0,0,0,0,0,0,0,0,0,0,0,0
36207,WELL200분+5GB,MVNO,0,0,0,0,0,0,0,0,0,0,0,0,0,0,0,0,0,0,0,0,0,0,0,0,0,0,0,0,0,0
36208,WELL200분+10GB,MVNO,0,0,0,0,0,0,0,0,0,0,0,0,0,0,0,0,0,0,0,0,0,0,0,0,0,0,0,0,0,0
36209,[일반] 데이터 마음대로 (5GB+/100분)_12개월,MVNO,0,8,8,7,8,8,8,8,8,8,8,8,8,8,9,8,8,8,8,9,8,26,25,31,9,9,8,9,5,0
36210,[일반] 데이터 마음대로 (6GB+/200분)_12개월,MVNO,0,4,4,4,5,4,4,5,4,4,5,5,4,5,4,5,5,5,4,5,5,4,4,6,0,0,0,0,0,0
36211,[평생할인] 데이터 마음대로 (4.5GB+/200분),MVNO,0,2,2,3,2,3,2,2,3,2,3,2,2,3,2,3,2,3,2,3,2,3,3,2,0,0,0,0,0,0
36212,[평생할인] 데이터 마음대로 (4.5GB+/100분),MVNO,0,1,0,1,0,1,0,1,0,1,0,1,0,1,0,1,0,1,0,1,0,1,0,0,0,0,0,0,0,0
36213,[평생할인] 데이터 마음대로 (5GB+/100분),MVNO,0,24,25,25,26,25,26,27,26,27,27,28,28,28,28,29,29,30,29,31,30,32,31,35,32,31,31,32,37,33
36214,[평생할인] 데이터 마음대로 (6GB+/200분),MVNO,0,2,3,3,3,2,3,3,3,2,3,3,3,3,3,2,3,3,3,3,3,3,3,0,0,0,0,0,0,0
36215,[평생할인] 데이터 마음대로 (10GB+/100분),MVNO,0,3,4,4,4,3,4,4,4,3,4,4,4,4,3,4,4,4,4,4,4,4,4,0,0,0,0,0,0,0
36219,[L]무한100GB+,MVNO,0,32,32,32,33,33,34,34,34,35,35,35,36,36,36,37,37,38,38,38,39,42,41,39,0,0,0,0,0,0
36220,[L]5G 울트라(300분/15GB),MVNO,0,3,3,2,3,3,3,3,3,3,3,3,3,3,3,4,3,3,3,4,3,4,4,3,0,0,0,0,0,0
36221,[L]100GB+5Mbps,MVNO,0,21,21,21,21,21,21,21,22,21,21,22,21,22,22,22,22,22,22,22,22,27,27,18,0,0,0,0,0,0
36222,아이즈 6GB+,MVNO,0,0,0,0,0,1,0,0,0,1,0,0,0,0,1,0,0,0,1,0,0,1,0,0,0,0,0,0,0,0
36238,[모요only] [S] 핀다이렉트Z _PIN,MVNO,0,35,36,38,40,42,44,47,48,51,54,56,59,62,66,68,72,75,79,84,87,0,0,0,0,0,0,0,0,0
36239,[모요only] [S] 핀다이렉트Z Max _PIN,MVNO,0,105,111,115,121,127,132,139,145,152,159,167,174,182,191,200,209,219,229,240,251,0,0,0,0,0,0,0,0,0
36240,[모요only] [S] 핀다이렉트Z Mini _PIN,MVNO,0,11,11,12,12,13,14,14,15,16,17,17,18,20,20,21,22,24,24,26,27,0,0,0,0,0,0,0,0,0
36241,[모요only] [S] DIGITAL DETOX 5GB 챌린지 _PIN,MVNO,0,5,6,5,6,6,5,6,6,6,5,6,6,6,6,5,6,6,6,6,6,8,8,5,5,6,5,5,7,0
36242,[모요only] [S] DIGITAL DETOX 7GB 챌린지 _PIN,MVNO,0,6,5,6,5,6,6,6,5,6,6,6,6,6,6,6,6,6,6,7,6,6,6,3,7,7,7,7,12,0
36243,TOP 7GB 기본 (쿠팡캐시),MVNO,0,1,1,1,1,1,1,1,1,1,1,1,1,1,1,1,2,1,1,2,1,4,3,4,2,1,2,2,2,2
36244,TOP 7GB 기본 (쿠팡캐시),MVNO,0,1,1,1,1,1,1,1,1,1,1,1,1,1,1,1,2,1,1,2,1,4,3,4,2,1,2,2,2,2
36245,TOP 11GB 기본 (쿠팡캐시),MVNO,0,1,2,1,1,2,1,1,2,1,2,1,2,2,1,2,2,1,2,2,2,1,0,2,0,1,1,0,5,3
36246,TOP 11GB 기본 (쿠팡캐시),MVNO,0,1,2,1,1,2,1,1,2,1,2,1,2,2,1,2,2,1,2,2,2,1,0,2,0,1,1,0,5,3
36247,TOP 100GB 기본 (쿠팡캐시),MVNO,0,1,1,0,1,1,1,1,0,1,1,1,1,1,0,1,1,1,1,1,1,1,1,1,0,0,1,0,1,2
36248,TOP 100GB 기본 (쿠팡캐시),MVNO,0,1,1,0,1,1,1,1,0,1,1,1,1,1,0,1,1,1,1,1,1,1,1,1,0,0,1,0,1,2
36249,TOP 5G 200GB 기본 (쿠팡캐시),MVNO,0,3,4,4,4,4,4,4,4,4,4,4,4,4,4,4,4,4,5,4,4,4,4,3,5,4,5,5,6,0
36250,TOP 5G 200GB 기본 (쿠팡캐시),MVNO,0,3,4,4,4,4,4,4,4,4,4,4,4,4,4,4,4,4,5,4,4,4,4,3,5,4,5,5,6,0
36251,스마트 5G망 150GB+,MVNO,0,0,0,0,0,0,0,0,0,0,0,0,0,0,0,0,0,0,0,0,0,0,0,0,1,1,0,1,0,0
36252,5G 스마트 95GB+(24개월),MVNO,0,0,0,1,0,0,1,0,0,1,0,0,1,0,0,1,0,1,0,1,0,0,1,0,1,0,0,1,1,0
36253,5G 이야기 스탠다드 95GB+,MVNO,0,1,1,1,0,1,1,1,1,1,1,1,1,0,1,1,1,1,1,1,1,0,1,2,1,1,1,1,1,3
36254,티플 7G+_24개월할인,MVNO,0,1,0,1,0,1,0,1,1,0,1,0,1,1,0,1,0,1,1,0,1,3,3,1,1,1,0,1,0,0
36255,5G 음성기본 125GB+5Mbps_24개월,MVNO,0,1,2,2,2,1,2,2,2,2,1,2,2,2,2,2,2,2,2,2,2,3,4,2,2,2,3,2,5,2
36256,5G 음성기본 150GB+5Mbps_24개월,MVNO,0,17,17,17,18,18,19,19,20,20,21,22,21,23,23,23,25,25,25,26,27,29,29,22,22,22,22,22,62,64
36263,[일반] 유심 5G 150GB+_24개월,MVNO,0,38,40,42,43,46,49,50,54,55,59,62,64,68,72,75,78,83,86,91,96,27,26,25,142,141,142,142,233,177
36264,[평생할인] 유심 5G 150GB+,MVNO,0,9,10,9,10,9,10,9,10,10,9,10,10,9,10,10,10,9,10,10,10,7,8,10,7,7,7,7,11,15
36265,[혜택형] 5G 유심 중간요금제 95GB,MVNO,0,0,1,0,0,1,0,1,0,1,0,1,0,1,0,1,0,1,0,1,0,1,0,1,1,0,0,1,0,4
36266,[혜택형] 5G 유심 중간요금제 125GB,MVNO,0,3,4,3,4,3,3,4,3,4,4,3,4,3,4,4,4,3,4,4,4,4,4,8,4,3,4,4,5,4
36267,[혜택형] 5G 스탠다드 유심 150GB,MVNO,0,0,1,0,0,1,0,1,0,1,0,1,0,1,0,1,0,1,0,1,0,1,0,5,1,0,1,1,0,0
36268,5G 음성기본 스탠다드31+,MVNO,0,0,0,0,0,0,0,0,0,0,0,0,0,0,0,0,0,0,0,0,0,0,1,0,0,0,0,0,0,0
36269,5G 음성기본 95GB+3Mbps,MVNO,0,1,1,1,1,0,1,1,1,1,1,1,1,1,1,1,1,1,1,1,1,2,2,0,1,1,1,1,1,2
36292,[S]스페셜11GB+,MVNO,0,3,2,2,2,2,3,2,2,2,3,2,2,2,3,2,2,2,3,2,2,2,3,2,2,3,2,2,2,4
36293,[S]스페셜7GB+,MVNO,0,0,0,0,0,0,0,0,0,0,0,0,0,0,0,0,0,0,0,0,0,0,0,0,0,1,0,0,1,0
36294,[S]스페셜100분/15GB+,MVNO,0,0,0,0,0,0,0,0,0,0,0,0,0,0,0,0,0,0,0,0,0,1,0,0,0,0,0,0,1,0
36295,[S]스페셜100GB+,MVNO,0,7,8,8,8,8,8,7,8,8,8,8,8,8,7,8,8,8,8,8,8,7,7,16,6,6,6,6,9,8
36297,프리티 편의점금액권 5000 7G+1M,MVNO,0,0,0,0,0,0,0,0,0,0,0,0,0,0,0,0,0,0,0,0,0,0,0,0,0,0,0,0,0,0
36298,프리티 편의점금액권 5000 15G+,MVNO,0,0,0,0,0,0,0,0,0,0,0,0,0,0,0,0,0,0,0,0,0,0,0,0,0,0,0,0,0,0
36299,프리티 편의점금액권 5000 11G+,MVNO,0,0,0,0,0,0,0,0,0,0,0,0,0,0,0,0,0,0,0,0,0,0,0,0,0,0,0,0,0,0
36300,프리티 편의점금액권 5000 100G+,MVNO,0,0,0,0,0,0,0,0,0,0,0,0,0,0,0,0,0,0,0,0,0,0,1,0,0,1,0,0,0,0
36301,프리티 편의점금액권 7G+1M,MVNO,0,0,0,0,0,0,0,0,0,0,0,0,0,0,0,0,0,0,0,0,0,0,0,0,0,0,0,0,0,0
36302,프리티 편의점금액권 15G+,MVNO,0,0,0,0,0,0,0,0,0,0,0,0,0,0,0,0,0,0,0,0,0,0,1,1,0,0,0,0,0,0
36303,프리티 편의점금액권 11G+,MVNO,0,1,0,0,0,1,0,0,1,0,1,0,0,1,0,1,1,0,1,0,1,0,0,2,1,1,1,1,0,2
36304,프리티 편의점금액권 100G+,MVNO,0,0,1,0,1,0,1,0,1,0,1,1,1,0,1,1,1,1,1,1,1,0,0,7,2,3,3,2,3,1
36306,[평생할인] 데이터 마음대로 (10GB+/200분),MVNO,0,4,4,3,4,4,4,3,4,4,4,4,4,5,4,4,4,5,4,4,5,5,6,2,2,3,3,2,7,5
36321,[L]5G 데이터안심(기본제공/4.5GB+),MVNO,0,19,19,19,20,20,20,20,20,21,20,21,21,22,21,22,22,22,23,22,23,24,23,29,12,13,13,12,19,28
36322,[L]5G 데이터안심(기본제공/5GB+),MVNO,0,10,10,10,10,11,10,10,11,11,10,11,11,11,12,11,11,12,11,12,12,19,19,13,9,9,8,9,5,13
36323,[L]5G 데이터안심(100분/10GB+),MVNO,0,13,14,14,14,14,15,14,15,16,15,16,15,16,17,16,17,17,17,17,18,24,24,12,11,11,10,11,25,20
36324,[L]5G 데이터안심(200분/6GB+),MVNO,0,2,3,3,2,3,3,2,3,3,3,2,3,3,3,3,3,2,3,3,3,3,3,3,3,3,3,3,3,3
36325,[L]5G 데이터안심(100분/5GB+),MVNO,0,3,3,4,3,4,4,4,4,4,4,5,4,5,5,5,5,6,5,6,6,10,11,7,6,5,5,6,10,6
36327,"7GB+1Mbps(네이버페이 5,000P)",MVNO,0,0,0,0,0,0,0,0,0,0,0,0,0,0,0,0,0,0,0,0,0,0,0,0,0,0,0,0,0,0
36328,"7GB+1Mbps(다이소쿠폰 5,000P)",MVNO,0,0,0,0,0,0,0,0,0,0,0,0,0,0,0,0,0,0,0,0,0,1,1,0,0,0,0,0,0,0
36329,5G 든든무제한 150GB+,MVNO,0,0,0,1,0,1,0,1,0,1,0,1,0,1,0,1,0,1,0,1,0,0,1,1,0,0,1,0,1,0
36331,(5G)더든든한200분15G,MVNO,0,8,8,8,9,9,9,10,10,11,11,12,12,13,13,14,15,15,15,17,17,34,34,13,23,24,24,23,29,28
36332,(5G)더든든한200분20G,MVNO,0,8,8,8,9,8,8,9,9,8,9,9,10,9,9,10,10,10,10,10,10,10,10,11,12,11,11,12,15,10
36334,너겟49,MVNO,0,2094,2145,2200,2255,2312,2370,2429,2490,2553,2617,2682,2750,2819,2890,2962,3037,3112,3191,3272,3353,3626,3625,2894,2226,2225,2226,2226,5332,4154
36335,모나120분4.5G,MVNO,0,10,10,10,10,10,10,10,11,10,11,11,11,11,11,12,11,12,11,12,12,18,18,11,6,6,6,6,13,15
36336,모나210분4.5G,MVNO,0,15,16,15,16,16,17,16,17,16,17,18,17,17,18,18,18,19,18,19,19,27,26,20,16,16,16,16,34,16
36337,모나300분11G,MVNO,0,5,4,5,5,4,5,5,5,5,5,5,6,5,5,6,5,6,6,5,6,6,6,2,3,4,4,3,8,9
36338,모나300분4.5G안심1,MVNO,0,3,3,3,3,3,3,3,4,3,3,4,3,3,4,3,4,3,4,3,4,5,5,8,4,3,4,4,1,4
36339,가성비플러스(30GB/350분)_12개월할인,MVNO,0,2,3,2,2,2,3,2,3,2,2,3,2,3,2,3,2,3,3,2,3,6,6,3,3,3,2,3,3,2
36341,5G 가성비플러스(30GB/350분)_12개월할인,MVNO,0,7,6,7,8,7,7,8,8,8,8,9,8,9,9,10,9,10,10,10,11,17,18,12,11,11,11,11,12,15
36597,[모요only] 마블링 프라임 15GB+1Mbps,MVNO,0,22,22,22,22,23,22,22,23,22,22,23,22,23,22,23,22,23,23,22,23,5,5,8,25,24,25,25,35,23
36602,[5G]이지 무제한 150GB+5M,MVNO,0,0,1,0,0,0,1,0,0,0,1,0,0,0,1,0,0,0,1,0,0,1,0,0,0,0,1,0,0,1
36605,5G_모나기본125G안심5,MVNO,0,29,29,29,29,30,30,30,31,31,31,32,32,32,33,32,34,33,34,34,35,61,61,31,15,14,15,15,50,38
36606,5G_모나기본150G안심5,MVNO,0,18,18,18,18,19,19,19,20,20,21,21,21,22,22,22,23,23,24,24,25,89,89,67,32,32,32,32,30,19
36608,티플 100G＋(쿠팡캐시),MVNO,0,1,1,0,1,1,1,1,1,1,1,0,1,1,1,1,1,1,1,1,1,0,0,1,0,1,0,0,1,2
36609,티플 100G＋(컬쳐랜드),MVNO,0,0,0,0,0,0,0,0,0,0,0,0,0,0,0,0,0,0,0,0,0,0,0,0,1,0,1,1,0,1
36613,티플 7G＋(CU),MVNO,0,0,1,1,1,0,1,1,0,1,1,0,1,1,1,0,1,1,1,0,1,1,1,0,1,1,0,1,0,1
36614,티플 일5G＋(밀리의서재),MVNO,0,11,10,11,11,11,11,11,11,11,12,11,12,11,12,12,12,12,12,13,12,23,24,13,10,10,10,10,15,12
36627,NH콕 이야기 15GB+,MVNO,0,29,29,29,29,29,30,29,29,30,29,30,29,30,29,30,30,29,30,30,30,415,414,333,15,16,15,15,32,24
36638,Sugar 통화마음대로 4.5GB+,MVNO,0,6,6,7,6,7,7,6,7,7,7,7,7,7,7,8,7,7,8,7,8,7,8,8,8,8,9,8,9,4
36639,이야기 라이트 100분6GB+,MVNO,0,2,3,2,3,2,3,2,3,3,2,3,3,2,3,3,3,2,3,3,3,3,3,3,1,1,1,1,1,5
36647,DATA 걱정없는 유심 100GB,MVNO,0,76,78,80,82,83,85,87,89,91,93,95,98,99,102,104,106,108,111,114,116,498,498,128,89,88,88,89,171,159
36648,5G 티플온 125GB+,MVNO,0,22,24,24,24,25,26,26,27,28,28,29,29,31,31,31,33,33,34,35,36,38,39,40,30,31,30,30,55,35
36651,코나아이데이터10G(+10G)+1M,MVNO,0,7,8,8,8,8,8,8,8,9,9,8,9,10,9,9,10,10,10,10,10,13,13,11,10,11,11,10,12,14
36652,코나아이데이터15G+(+10G)1M,MVNO,0,7,7,7,7,8,7,8,8,7,8,8,9,8,8,9,8,9,9,9,9,9,10,13,9,8,8,9,18,5
36673,오래쓰는 데이터 7G+1,MVNO,0,0,0,1,0,0,1,0,0,1,0,0,1,0,1,0,1,0,1,0,1,1,0,1,1,2,1,1,6,4
36674,오래쓰는 All 무제한,MVNO,0,2,2,1,2,2,2,1,2,2,2,2,2,2,2,3,2,2,2,3,2,2,3,3,1,1,0,1,1,4
36675,오래쓰는 무한100GB+,MVNO,0,2,2,2,1,2,2,2,2,3,2,2,3,3,2,3,3,3,3,4,3,4,3,4,3,4,3,3,8,8
36676,오래쓰는 ALL FREE,MVNO,0,0,0,0,0,0,0,0,0,0,0,0,0,0,0,0,0,0,0,0,0,0,0,0,1,0,0,1,1,0
36680,5G_모나300분15G,MVNO,0,19,20,20,21,21,21,21,23,22,23,23,24,24,25,25,25,26,27,27,27,31,31,25,30,30,29,30,42,33
36681,5G 슈가통화마음대로 95GB+,MVNO,0,0,0,1,0,1,0,1,0,1,0,1,0,1,0,1,0,1,1,0,1,2,2,0,1,1,1,1,0,1
36682,5G 슈가통화마음대로 125GB++,MVNO,0,0,1,0,1,1,1,0,1,1,0,1,1,1,0,1,1,1,0,1,1,1,1,0,2,3,3,2,0,1
36683,5G 슈가통화마음대로 150GB++,MVNO,0,1,1,1,1,1,1,2,1,1,1,1,2,1,1,2,1,1,2,1,2,2,2,2,2,1,2,2,2,0
36684,슈가안심차단200분100M,MVNO,0,0,0,0,0,0,0,0,0,0,0,0,0,0,0,0,0,0,0,0,0,0,0,0,0,0,0,0,0,0
36685,슈가안심차단50분1.5G,MVNO,0,0,0,0,0,0,0,0,0,0,0,0,0,0,0,0,0,0,0,0,0,0,0,0,1,0,0,1,1,0
36686,슈가안심차단100분1G,MVNO,0,1,0,1,1,1,0,1,1,1,0,1,1,1,1,1,0,1,1,1,1,0,1,2,1,1,1,1,3,0
36687,슈가안심차단150분500M,MVNO,0,0,0,0,0,0,0,0,0,0,0,0,0,0,0,0,0,0,0,0,0,0,0,0,0,0,0,0,0,0
36688,[평생할인] 유심 5G 125GB+,MVNO,0,12,13,13,13,13,13,14,14,14,15,14,15,16,15,16,16,16,17,17,17,17,17,26,16,15,15,16,20,40
36689,[평생할인] 유심 5G 95GB+,MVNO,0,3,3,3,4,3,3,4,3,4,4,3,4,4,4,4,4,4,4,5,4,4,3,7,2,3,3,2,5,6
36690,[일반] 유심 5G 125GB+_24개월,MVNO,0,5,5,5,5,5,5,6,5,6,5,6,6,6,6,6,6,6,7,6,7,7,7,7,4,3,3,4,11,9
36691,[일반] 유심 5G 95GB+_24개월,MVNO,0,3,3,3,3,3,3,3,3,4,3,4,3,4,4,4,4,4,4,5,4,6,7,5,3,3,2,3,5,7
36692,[L]5G 무한125GB+5Mbps,MVNO,0,99,103,107,110,116,119,124,129,134,139,145,150,155,162,168,174,181,187,196,202,379,380,272,165,165,165,165,286,260
36693,인스 유심 스피드(5G) 95GB+,MVNO,0,4,4,4,5,4,5,5,4,5,5,5,5,6,5,6,5,6,6,6,6,16,16,6,8,7,8,8,7,8
36947,5G 음성기본 180GB+,MVNO,0,0,0,0,0,0,0,0,0,0,0,0,0,0,0,0,0,0,0,0,0,0,0,0,0,0,0,0,1,0
36948,모두다 맘껏 7GB+(밀리의 서재 FREE),MVNO,0,15,15,16,16,15,16,16,16,16,16,16,16,16,17,16,16,17,17,16,17,3,3,3,4,3,3,3,3,31
36949,LTE 7GB+(밀리의서재),MVNO,0,0,0,0,0,0,0,0,0,0,0,0,0,0,0,0,0,0,0,0,0,0,0,0,0,0,0,0,1,0
36950,LTE 15GB+(밀리의서재),MVNO,0,0,0,1,0,0,0,1,0,0,0,1,0,0,1,0,0,1,0,1,0,0,1,1,0,0,1,0,0,1
36951,LTE 71GB+(밀리의서재),MVNO,0,0,0,1,0,0,1,0,0,1,0,0,1,0,0,1,0,1,0,1,0,1,0,1,0,1,0,0,1,0
36952,LTE 150GB+(밀리의서재),MVNO,0,1,0,0,1,0,0,1,0,0,1,0,1,0,0,1,0,1,0,1,0,0,0,0,0,1,1,0,4,1
36953,LTE 7GB+(CU),MVNO,0,0,0,0,0,0,0,0,0,0,0,0,0,0,0,0,0,0,0,0,0,0,0,0,0,0,0,0,0,0
36954,LTE 15GB+(CU),MVNO,0,0,0,0,0,0,0,0,0,0,0,0,0,0,0,0,0,0,0,0,0,0,0,0,0,0,0,0,0,0
36955,LTE 71GB+(CU),MVNO,0,0,0,0,0,0,0,0,0,0,0,0,0,0,0,0,0,0,0,0,0,0,0,0,0,0,0,0,0,0
36956,LTE 150GB+(CU),MVNO,0,0,0,0,0,0,0,0,0,0,0,0,0,0,0,0,0,0,0,0,0,0,0,0,2,1,2,2,1,0
36957,LTE 71GB+(라이더),MVNO,0,1,1,1,2,1,1,2,1,2,1,2,1,2,1,2,2,2,1,2,2,1,2,4,2,2,3,2,6,0
36958,5G 95GB+(라이더),MVNO,0,1,1,1,1,1,1,1,1,1,1,1,1,1,2,1,1,2,1,2,1,2,3,4,1,1,1,1,2,0
36959,LTE 15GB+(100분)(청년미래),MVNO,0,1,0,1,1,1,1,1,0,1,1,1,1,1,2,1,1,1,1,2,1,1,2,3,1,0,0,1,2,1
36960,LTE 71GB+(청년미래),MVNO,0,0,1,1,0,1,1,1,1,0,1,1,1,1,1,0,1,1,1,1,1,1,1,0,1,0,0,1,3,2
36961,5G 95GB+(청년미래),MVNO,0,0,1,0,1,0,1,1,0,1,0,1,1,0,1,1,0,1,1,0,1,1,2,0,1,1,0,1,1,0
36963,모두다 맘껏 안심 4.5GB+,MVNO,0,13,14,14,16,16,17,17,19,19,21,21,23,23,25,26,28,29,30,32,33,5,5,12,80,81,81,80,155,100
36965,모두다 맘껏 15GB+(밀리의 서재 FREE),MVNO,0,22,21,22,21,22,22,22,22,22,22,23,22,23,22,23,23,23,23,23,23,16,16,16,15,16,16,16,16,32
36966,모두다 맘껏 11GB+(밀리의 서재 FREE),MVNO,0,30,31,31,32,31,32,32,32,32,33,33,33,33,33,34,34,34,35,34,35,51,51,36,33,33,33,33,38,33
36967,모두다 맘껏 10GB+(밀리의 서재 FREE),MVNO,0,78,80,84,88,91,95,99,103,107,112,116,121,126,132,136,143,148,155,160,168,286,286,40,39,39,40,40,39,217
36968,모두다 맘껏 100GB+(밀리의 서재 FREE),MVNO,0,11,12,11,11,11,11,12,11,11,12,11,11,12,11,12,11,12,12,11,12,8,9,8,13,12,12,13,12,12
36969,모두다 맘껏 100GB+(CU 20%할인),MVNO,0,56,57,57,57,59,59,59,60,60,62,61,63,63,63,64,65,66,66,67,67,74,74,66,55,55,56,55,73,93
36970,5G 통화 맘껏 3GB,MVNO,0,9,10,9,10,9,10,10,9,10,10,10,10,10,11,10,10,11,11,10,11,4,4,11,11,12,11,11,14,15
36971,5G 모두다 맘껏 안심 20GB+,MVNO,0,141,149,155,163,172,180,189,198,209,219,230,241,253,266,279,294,308,323,340,356,572,572,92,93,92,92,93,92,540
36972,5G 모두다 맘껏 안심 10GB+,MVNO,0,11,12,11,12,12,12,12,12,13,12,13,12,13,13,13,14,13,14,13,14,6,6,19,15,15,15,15,15,4
36973,5G 모두다 맘껏 90GB+(밀리의 서재 FREE),MVNO,0,1,1,1,1,0,1,1,1,1,0,1,1,1,1,1,1,0,1,1,1,0,0,0,1,0,1,1,1,0
36974,5G 모두다 맘껏 70GB+(밀리의 서재 FREE),MVNO,0,2,3,2,3,2,3,3,2,3,3,2,3,3,3,3,2,3,3,3,3,2,2,0,2,2,3,2,5,4
36975,5G 모두다 맘껏 50GB+,MVNO,0,3,3,4,3,3,4,3,4,3,3,4,3,4,3,4,4,3,4,3,4,2,1,3,4,4,3,4,6,4
36976,5G 모두다 맘껏 200GB+(밀리의 서재 FREE),MVNO,0,6,6,6,6,7,6,6,7,6,6,7,6,7,6,7,6,7,7,6,7,9,9,1,7,6,6,7,13,7
36977,5G 모두다 맘껏 110GB+(밀리의 서재 FREE),MVNO,0,6,6,5,6,6,6,6,6,5,6,6,6,6,6,6,6,7,6,6,6,6,5,7,5,5,6,5,9,0
36978,5G 데이터 충분 10GB/200분,MVNO,0,20,20,20,21,22,21,23,22,23,24,24,24,25,25,26,26,27,27,28,28,137,137,94,39,39,38,39,39,18
36981,[L] 핀다이렉트Z Speed 95GB+,MVNO,0,1,2,2,2,2,2,3,2,3,2,3,3,3,4,3,4,3,4,5,4,0,0,0,0,0,0,0,0,0
36982,[L] 핀다이렉트Z Speed 125GB+,MVNO,0,0,0,0,0,0,0,0,0,0,0,0,0,0,0,0,0,0,0,0,0,0,0,2,1,1,0,1,0,0
36983,[L] 핀다이렉트Z Speed 150GB+,MVNO,0,1,1,1,0,1,1,1,0,1,1,0,1,1,1,0,1,1,1,0,1,1,1,3,1,1,0,1,0,0
36984,5G 스텐다드(150GB+5Mbps),MVNO,0,15,16,16,16,16,17,17,17,18,18,18,19,19,20,20,20,21,21,21,22,32,32,24,20,20,20,20,32,17
36985,[L]5G 아이즈95GB+3Mbps,MVNO,0,21,22,22,23,23,24,25,25,26,26,27,28,28,29,30,31,32,32,33,34,54,54,35,24,25,25,24,42,47
36986,[L]5G 데이터150GB+,MVNO,0,8,8,8,9,8,9,8,9,9,9,10,9,9,10,10,9,10,10,11,10,14,14,11,6,5,5,6,15,5
36988,홈쇼핑 스페셜 71GB+,MVNO,0,0,0,0,0,0,0,0,0,0,0,0,0,0,0,0,0,0,0,0,0,1,1,2,0,0,0,0,0,0
36989,홈쇼핑 스페셜 5G 95GB+,MVNO,0,0,1,1,0,1,0,1,1,0,1,1,1,0,1,1,1,0,1,1,1,1,2,1,0,1,0,0,0,1
36990,[모요only] 5G_신한카드_기본125G안심5,MVNO,0,6,6,7,6,6,7,6,7,7,7,6,7,7,7,7,7,7,7,8,7,8,7,6,5,5,5,5,10,13
36991,[모요only] 5G_신한카드_기본150G안심5,MVNO,0,7,7,7,7,7,8,7,7,8,7,8,8,8,8,8,8,8,8,9,8,15,16,9,7,8,7,7,9,14
36992,이지 데이터 15G/300분,MVNO,0,0,0,0,0,0,0,0,0,0,0,0,0,0,0,0,0,0,0,0,0,0,0,0,1,0,1,1,0,0
36993,이지 데이터 15G+1/300분,MVNO,0,1,2,1,2,2,1,2,2,1,2,2,2,1,2,2,2,2,2,2,2,1,2,2,2,2,3,2,4,5
36997,홈쇼핑 스페셜 7GB+,MVNO,0,0,0,0,0,0,0,0,0,0,0,0,0,0,0,0,0,0,0,0,0,0,1,0,0,0,0,0,1,0
37092,[모요only] LTE 200분/ 10GB_12개월,MVNO,0,1,0,0,1,0,1,0,1,0,0,1,0,1,0,1,0,1,0,1,0,1,0,1,0,1,0,0,0,1
37093,[모요only] 5G 200분/10GB_12개월,MVNO,0,1,0,1,1,0,1,0,1,0,1,1,0,1,1,0,1,1,0,1,1,0,1,2,1,2,1,1,1,0
37094,[모요only] 5G 200분/12GB_12개월,MVNO,0,0,0,0,0,0,0,0,0,0,0,0,0,0,0,0,0,0,0,0,0,0,0,0,0,0,1,0,0,0
37103,[모요only] [K] 핀다이렉트Z 100GB+(네이버페이) _모요핫딜,MVNO,0,358,360,364,366,369,371,375,378,380,383,387,389,393,395,399,401,405,408,411,414,533,533,429,347,347,346,347,0,0
37104,5G 음성기본 맥스150GB+,MVNO,0,8,8,8,8,8,9,8,9,9,9,10,9,10,9,10,11,10,10,11,11,15,15,14,13,13,12,13,13,13
37109,[Npay 12만 기본제공] 17GB+/통화기본,MVNO,0,35,37,38,39,42,42,45,46,48,50,52,54,56,59,60,63,66,68,70,74,127,127,91,69,69,69,69,105,103
37110,[Npay 12만 기본제공] 71GB+/통화기본,MVNO,0,8,8,9,10,9,11,11,11,12,12,14,13,15,15,16,17,18,18,20,20,50,50,45,28,28,29,28,39,37
37111,"[모요only] 쉐이크 LTE 100GB+_다이소 매 월 5,000원",MVNO,0,4,4,4,4,4,4,5,4,4,5,4,4,5,4,5,4,5,5,4,5,12,12,0,1,0,1,1,5,8
37113,[Npay 12만 기본제공] 5G 150GB+/통화기본,MVNO,0,0,1,1,1,0,1,1,1,1,0,1,1,1,1,1,1,1,1,1,1,0,0,3,1,2,1,1,3,1
37114,5G 스마트 95GB+,MVNO,0,0,0,0,0,0,0,0,0,0,0,0,0,0,0,0,0,0,0,0,0,0,0,0,0,0,0,0,0,0
37115,5G 스마트 125GB+(24개월),MVNO,0,0,1,0,0,1,0,0,1,0,1,0,1,0,1,0,1,0,1,0,1,3,3,0,1,1,1,1,2,0
37116,5G 스마트 125GB+,MVNO,0,0,0,0,0,0,0,0,0,0,0,0,0,0,0,0,0,0,0,0,0,1,2,0,0,1,1,0,0,0
37117,[Npay 12만 기본제공] 5G 95GB+/통화기본,MVNO,0,0,1,1,1,1,1,1,1,1,1,1,1,1,2,1,2,1,2,1,2,2,2,3,1,1,0,1,3,2
37118,[모요only] 고고딜 무제한 100GB+5M(Npay 5000P)_12개월,MVNO,0,9,9,10,10,11,11,12,12,13,14,14,15,16,17,17,19,19,20,22,22,44,44,54,57,58,57,57,85,91
37123,[모요핫딜]5G 음성기본 150GB+5Mbps,MVNO,0,28,29,30,32,34,35,37,39,41,42,45,48,49,52,55,57,61,63,66,70,93,92,70,49,49,49,49,413,134
37124,[모요핫딜]5G 음성기본 125GB+5Mbps,MVNO,0,19,20,21,22,23,24,26,26,29,29,31,33,34,36,37,40,41,44,46,48,58,59,62,33,32,33,33,190,76
37125,5G_모나데이터50G안심1,MVNO,0,0,0,0,0,0,0,0,0,0,0,0,0,0,0,0,0,0,0,0,0,0,0,0,0,0,1,0,1,0
37126,5G_모나데이터180G안심10,MVNO,0,0,0,0,1,0,0,0,1,0,0,1,0,0,1,0,0,1,0,1,0,1,0,2,0,0,0,0,3,0
37127,5G_모나데이터12G안심1,MVNO,0,0,0,0,0,0,0,0,0,0,0,0,0,0,0,0,0,0,0,0,0,0,0,0,0,0,0,0,0,0
37128,모나400분4.5G,MVNO,0,1,1,2,1,2,1,2,1,2,1,2,2,2,2,2,2,2,2,2,2,3,4,6,3,3,3,3,3,2
37131,통화 맘껏 2.5GB,MVNO,0,2,2,1,2,2,2,2,2,2,2,3,2,2,2,3,2,2,3,2,3,1,1,0,4,4,4,4,3,5
37132,모두다 맘껏 안심 2.5GB+,MVNO,0,2,2,1,2,2,2,3,2,2,3,3,3,3,3,3,3,4,4,4,4,6,6,4,6,6,7,6,15,22
37133,통화 맘껏 10GB,MVNO,0,5,6,5,6,7,6,7,7,7,8,8,8,9,9,9,10,10,11,11,11,13,13,13,16,16,15,16,20,22
37134,통화 맘껏 15GB,MVNO,0,22,23,24,26,26,28,30,31,32,34,36,38,39,42,43,46,48,51,52,56,101,100,88,63,63,64,63,120,59
37135,통화 맘껏 20GB,MVNO,0,6,7,7,8,7,9,8,9,10,9,11,10,12,11,13,13,13,15,14,16,18,18,16,37,37,37,37,27,12
37136,통화 맘껏 25GB,MVNO,0,3,3,4,3,4,4,5,4,5,5,5,5,6,6,6,7,7,7,8,8,13,12,12,25,25,26,25,38,18
37137,데이터 충분 15GB/100분,MVNO,0,5,5,5,5,6,5,6,6,7,7,7,7,7,8,8,8,9,9,9,10,12,12,12,14,13,13,14,9,12
37138,데이터 충분 20GB/100분,MVNO,0,4,4,4,4,5,5,5,6,5,6,7,6,7,7,8,8,8,9,9,10,12,12,11,12,12,12,12,23,20
37139,데이터 충분 25GB/100분,MVNO,0,1,2,1,1,2,1,2,1,2,2,2,1,2,2,2,2,2,2,3,2,3,3,1,3,3,3,3,5,1
37140,모두다 맘껏 안심 20GB+,MVNO,0,9,10,10,11,11,12,12,13,13,14,14,15,15,17,17,17,19,19,20,21,16,17,16,16,16,16,17,16,41
37141,모두다 맘껏 안심 25GB+,MVNO,0,1,1,0,1,1,1,1,0,1,1,2,1,1,1,1,2,1,2,1,2,5,6,1,7,8,7,7,7,5
37142,모두다 맘껏 안심 30GB+,MVNO,0,4,5,5,5,6,6,6,6,7,7,8,7,9,8,9,10,10,10,11,12,49,48,33,44,45,44,44,73,48
37143,5G 데이터 충분 15GB/200분,MVNO,0,4,4,5,5,6,5,6,6,6,7,7,7,7,8,8,9,9,10,10,10,12,12,6,15,14,14,15,26,33
37144,5G 데이터 충분 20GB/200분,MVNO,0,5,4,5,5,5,6,5,7,6,7,7,7,8,8,8,9,10,10,10,11,15,16,5,22,22,22,22,28,7
37145,프리티데이터 15G+,MVNO,0,0,0,0,0,0,0,0,0,0,0,0,0,0,0,0,0,0,0,0,0,0,0,0,0,0,0,0,0,0
37146,5G 이야기 완전 무제한 125GB+,MVNO,0,3,3,3,3,4,3,4,3,4,4,5,4,5,5,5,6,5,6,6,7,7,8,7,7,8,7,7,11,13
37147,5G 이야기 완전 무제한 95GB+,MVNO,0,1,1,2,1,1,2,1,2,2,1,2,2,2,3,2,2,3,2,3,3,7,7,7,5,5,6,5,1,7
37148,5G 이야기 완전 무제한 150GB+,MVNO,0,1,1,2,1,1,1,2,1,1,2,1,2,1,2,2,1,2,2,2,2,3,3,2,5,4,4,5,3,3
37149,ONE 5G 15GB 100분,MVNO,0,3,4,3,4,5,4,5,4,5,6,5,6,6,7,7,7,7,8,8,9,18,19,14,14,13,14,14,16,11
37150,ONE 5G 5GB 200분,MVNO,0,0,0,0,0,1,0,0,0,1,0,0,0,1,0,0,1,0,0,1,0,0,0,1,1,0,0,1,1,0
37151,ONE 5G 10GB 200분,MVNO,0,1,0,0,1,0,1,0,1,0,1,0,1,1,0,1,1,0,1,1,1,1,2,3,1,2,2,1,1,2
37152,ONE 5G 10GB 300분,MVNO,0,0,1,0,1,0,1,0,1,0,1,1,0,1,1,0,1,1,1,1,1,4,3,1,2,2,1,2,5,0
37153,페이스페이 100GB+,MVNO,0,0,1,1,0,1,1,0,1,1,1,1,1,1,1,1,2,1,1,2,1,7,7,6,3,4,3,3,9,4
37154,페이스페이 71GB+,MVNO,0,1,1,0,1,1,1,1,0,1,1,1,1,1,2,1,1,2,1,1,2,5,5,4,3,4,3,3,8,5
37155,페이스페이 100분/15GB+,MVNO,0,0,0,0,0,0,0,0,0,0,0,0,0,0,0,0,0,0,0,0,0,0,0,0,0,0,0,0,0,0
37156,페이스페이 10GB+,MVNO,0,0,0,0,0,0,0,0,0,0,0,0,0,0,0,0,0,0,0,0,0,0,0,0,0,0,0,0,0,0
37157,페이스페이 7GB+,MVNO,0,0,0,0,0,0,0,0,0,0,0,0,0,0,0,0,0,0,0,0,0,0,0,0,0,0,0,0,0,0
37158,5G_신한카드_기본95G안심3,MVNO,0,1,1,1,0,1,1,1,0,1,1,1,1,1,1,1,1,1,1,1,1,5,4,7,2,1,2,2,1,0
37159,A 5G 스페셜,MVNO,0,0,0,0,0,0,0,0,0,0,0,0,0,0,0,0,0,0,0,0,0,0,0,0,0,0,0,0,0,0
37160,5G 슬림,MVNO,0,0,0,0,0,0,0,0,0,0,0,0,0,0,0,0,0,0,0,0,0,0,0,0,0,0,0,0,0,0
37161,더 빠른 110GB+,MVNO,0,0,0,0,0,0,0,0,0,0,0,0,0,0,0,0,0,0,0,0,0,0,0,0,0,0,0,0,0,0
37162,A 올라잇 1GB/150분,MVNO,0,0,0,0,0,0,0,0,0,0,0,0,0,0,0,0,0,0,0,0,0,0,0,0,0,0,0,0,0,0
37163,A 올라잇 2.5GB/200분,MVNO,0,1,1,2,1,1,2,1,2,1,1,2,1,2,1,2,2,1,2,1,2,3,3,0,0,1,1,0,0,0
37164,A 올라잇 4.5GB/100분,MVNO,0,0,0,0,0,0,0,0,0,0,0,0,0,0,0,0,0,0,0,0,0,1,1,0,0,0,0,0,0,0
37165,A 올라잇 5GB/200분,MVNO,0,0,0,0,0,0,0,0,0,0,0,0,0,0,0,0,0,0,0,0,0,0,0,0,0,0,0,0,0,0
37166,A 올라잇 7GB+ 밀리의서재,MVNO,0,2,1,2,2,2,2,1,2,2,2,2,2,2,2,3,2,2,2,3,2,0,0,0,0,0,0,0,2,0
37167,A 올라잇 15GB+ 밀리의서재,MVNO,0,0,0,0,0,0,0,0,0,0,0,0,0,0,0,0,0,0,0,0,0,0,0,0,0,0,0,0,0,0
37168,A 올라잇 15GB+/100분 밀리의서재,MVNO,0,0,0,1,0,1,0,0,1,0,1,0,0,1,0,1,0,1,0,1,0,1,1,0,0,0,0,0,2,0
37169,A 올라잇 15GB+/100분 네이버페이,MVNO,0,0,0,0,0,0,0,0,0,0,0,0,0,0,0,0,0,0,0,0,0,0,0,0,0,0,0,0,0,0
37170,A 올라잇 15GB+/300분,MVNO,0,0,0,0,0,0,0,0,0,0,0,0,0,0,0,0,0,0,0,0,0,0,0,0,0,0,0,0,0,0
37171,A 올라잇 15GB+/300분 네이버페이,MVNO,0,0,0,0,0,0,0,0,0,0,0,0,0,0,0,0,0,0,0,0,0,0,0,0,0,0,0,0,0,0
37172,A 올라잇 11GB+ 네이버페이,MVNO,0,2,2,2,1,2,2,2,2,2,2,2,2,1,2,2,2,2,2,2,2,8,8,2,3,3,3,3,2,2
37173,A 올라잇 11GB+ 밀리의서재,MVNO,0,18,19,19,18,20,19,19,20,19,20,20,20,20,20,21,20,21,21,21,21,37,37,22,22,23,23,22,40,18
37174,A 올라잇,MVNO,0,3,4,3,4,3,4,3,4,3,4,3,4,3,4,4,3,4,4,3,4,12,12,0,4,4,4,4,2,4
37175,A 올라잇 100GB+ 밀리의서재,MVNO,0,16,17,16,17,17,17,18,18,18,18,18,19,19,19,19,20,20,20,20,21,32,32,22,14,14,14,14,26,20
37176,A 스탠다드 20GB/300분,MVNO,0,156,160,164,167,170,175,178,183,186,191,195,199,204,208,213,217,223,227,232,238,0,0,0,0,0,0,0,0,0
37177,A 올라잇 10GB+ 밀리의서재,MVNO,0,0,0,0,0,0,0,0,0,0,0,0,0,0,0,0,0,0,0,0,0,0,0,0,0,0,0,0,0,0
37178,A 올라잇 11GB+ 밀리의서재(+추가 네이버페이 1만x7개월),MVNO,0,1,2,1,1,2,1,2,1,2,2,1,2,2,1,2,2,1,2,2,2,2,2,2,2,2,2,2,4,0
37179,A 올라잇 11GB+ 네이버페이(+추가 네이버페이 1만x7개월),MVNO,0,0,0,0,0,0,0,0,0,0,0,0,0,0,0,0,0,0,0,0,0,1,1,0,0,0,0,0,0,0
37180,A 올라잇,MVNO,0,0,0,0,0,0,0,0,0,0,0,0,0,0,0,0,0,0,0,0,0,0,0,0,1,1,1,1,0,0
37181,A 올라잇 100GB+ 밀리의서재(+추가 네이버페이 1만x7개월),MVNO,0,2,2,1,2,2,2,2,2,2,2,2,2,2,2,2,2,2,3,2,2,5,5,0,2,3,3,2,0,4
37182,A 스탠다드 25GB/300분,MVNO,0,33,33,33,34,33,34,34,34,34,35,34,35,35,36,35,36,35,36,37,36,28,28,46,38,38,38,38,86,32
37183,A 스탠다드 10GB/200분,MVNO,0,7,7,7,7,7,7,7,8,7,7,7,7,7,7,7,7,8,7,7,7,0,0,0,0,0,0,0,14,0
37184,A 갓성비 1GB/100분,MVNO,0,0,0,0,0,0,0,0,0,0,0,0,0,0,0,0,0,0,0,0,0,0,0,0,0,0,0,0,0,0
37185,A 5G 갓성비 10GB/200분,MVNO,0,1,0,1,0,1,0,1,0,1,0,1,0,1,0,1,0,1,0,1,0,1,1,0,0,0,0,0,0,0
37186,A 갓성비 10GB+/200분,MVNO,0,0,0,0,0,0,0,0,0,0,0,0,0,0,0,0,0,0,0,0,0,0,0,0,0,0,0,0,0,0
37187,A 5G 라이트,MVNO,0,0,0,0,0,0,0,0,0,0,0,0,0,0,0,0,0,0,0,0,0,0,0,0,0,0,0,0,0,0
37188,A 5G 스페셜,MVNO,0,0,0,0,0,0,0,0,0,0,0,0,0,0,0,0,0,0,0,0,0,0,0,0,0,0,0,0,0,0
37189,A 5G 스페셜 플러스,MVNO,0,0,0,0,0,0,0,0,0,0,0,0,0,0,0,0,0,0,0,0,0,0,0,0,0,0,0,0,0,0
37190,A 5G 스페셜 레귤러,MVNO,0,2,1,2,1,2,2,2,1,2,2,2,2,2,1,2,3,2,2,2,2,0,0,0,0,0,0,0,2,0
37191,A 5G 갓성비 5GB/100분,MVNO,0,0,0,0,0,0,0,0,0,0,0,0,0,0,0,0,0,0,0,0,0,0,0,0,0,0,0,0,0,0
37192,A 갓성비 5GB/230분 9,MVNO,0,1,1,1,1,0,1,1,1,1,1,1,1,1,1,1,1,1,1,1,1,0,0,0,0,0,0,0,0,2
37193,A 갓성비 6GB/300분 9,MVNO,0,0,0,0,0,0,0,0,0,0,0,0,0,0,0,0,0,0,0,0,0,0,0,0,0,0,0,0,0,2
37194,A 갓성비 7GB/100분 9,MVNO,0,0,0,0,0,0,0,0,0,0,0,0,0,0,0,0,0,0,0,0,0,0,0,0,0,0,0,0,0,0
37195,A 갓성비 10GB/100분 9,MVNO,0,0,0,0,0,0,0,0,0,0,0,0,0,0,0,0,0,0,0,0,0,0,0,0,0,0,0,0,0,0
37196,A 갓성비 유독 5GB+ 7,MVNO,0,2,3,3,3,3,3,3,3,4,3,3,3,4,3,3,4,3,4,3,4,0,0,0,0,0,0,0,0,0
37197,A 갓성비 6GB/200분 9,MVNO,0,0,0,0,0,0,0,0,0,0,0,0,0,0,0,0,0,0,0,0,0,0,0,0,0,0,0,0,0,32
37198,A 스페셜 7GB+ (24개월),MVNO,0,0,0,0,0,0,0,0,0,0,0,0,0,0,0,0,0,0,0,0,0,0,0,0,0,0,0,0,0,0
37199,A 갓성비 5GB/230분 6,MVNO,0,0,0,0,0,0,0,0,0,0,0,0,0,0,0,0,0,0,0,0,0,0,0,0,0,0,0,0,0,0
37200,A 갓성비 6GB/200분 6,MVNO,0,0,0,0,0,0,0,0,0,0,0,0,0,0,0,0,0,0,0,0,0,0,0,0,0,0,0,0,0,0
37201,A 갓성비 7GB/100분 6,MVNO,0,2,3,2,2,3,2,2,3,2,3,2,3,2,3,2,3,2,3,2,3,0,0,0,0,0,0,0,0,0
37202,A 스페셜 4.5GB+,MVNO,0,8,7,8,8,7,8,7,8,8,7,8,8,8,7,8,8,8,7,8,8,0,0,0,0,0,0,0,7,0
37203,A 스페셜 7GB+,MVNO,0,5,6,5,6,6,7,7,7,7,8,9,8,10,9,10,11,11,12,12,13,31,32,28,19,19,18,19,21,25
37204,A 갓성비 6GB/300분 6,MVNO,0,0,0,0,0,0,0,0,0,0,0,0,0,0,0,0,0,0,0,0,0,0,0,0,0,0,0,0,0,0
37205,A 갓성비 10GB/100분 6,MVNO,0,2,2,2,2,1,2,2,2,2,2,2,2,3,2,2,2,2,2,2,2,0,0,0,0,0,0,0,2,2
37206,A 스페셜 10GB+,MVNO,0,2,2,2,2,2,3,2,3,2,3,3,3,3,4,3,3,4,4,4,4,10,9,6,6,7,6,6,4,4
37207,A 스페셜 15GB+,MVNO,0,3,3,3,4,4,4,4,4,5,5,5,5,6,6,6,7,6,8,7,8,22,21,23,11,11,10,11,14,20
37208,A 스페셜 10GB+ (24개월),MVNO,0,0,0,0,0,0,0,0,0,0,0,0,0,0,0,0,0,0,0,0,0,1,1,0,0,0,0,0,0,0
37209,A 스페셜 15GB+ (24개월),MVNO,0,0,0,0,0,0,0,0,0,0,0,0,0,0,0,0,0,0,0,0,0,0,0,0,0,0,0,0,0,4
37210,A 스페셜 15GB+/100분 (24개월),MVNO,0,0,0,1,0,1,0,0,1,0,1,0,0,1,0,1,0,1,0,1,0,1,1,0,0,0,0,0,0,2
37211,A 스페셜 15GB+/300분 (24개월),MVNO,0,0,0,0,0,0,0,0,0,0,0,0,0,0,0,0,0,0,0,0,0,0,0,0,0,0,0,0,0,0
37212,A 갓성비 20GB/100분 (기본 10GB+추가 10GB 제공),MVNO,0,15,15,15,15,15,15,16,15,15,16,15,16,15,16,15,16,16,15,16,16,0,0,0,0,0,0,0,0,0
37213,A 갓성비 15GB/300분,MVNO,0,0,0,0,0,0,0,0,0,0,0,0,0,0,0,0,0,0,0,0,0,0,0,0,0,0,0,0,0,0
37214,A 스페셜 15GB+/100분,MVNO,0,7,7,8,8,8,9,10,10,10,11,11,12,13,13,14,15,15,16,17,18,53,52,43,23,24,23,23,41,30
37215,A 스페셜 15GB+/300분,MVNO,0,2,3,3,3,3,4,3,4,4,4,5,4,5,5,5,6,6,6,6,7,18,17,14,8,7,8,8,17,18
37216,A 스페셜 11GB+ (24개월),MVNO,0,6,7,7,7,7,7,7,7,8,7,7,7,8,7,8,7,8,8,7,8,9,9,8,4,3,3,4,12,8
37217,A 스페셜 100GB+ (24개월),MVNO,0,7,7,7,7,8,7,7,8,7,8,7,8,7,8,7,8,8,7,8,8,13,13,8,12,12,12,12,8,8
37218,A 스페셜,MVNO,0,5,5,5,5,5,5,6,5,5,5,6,5,5,6,5,6,5,6,5,6,9,9,10,2,2,2,2,2,6
37219,요금폭탄방지,MVNO,0,18,19,18,19,19,18,19,19,19,19,19,19,19,19,19,19,20,19,19,20,29,29,12,12,13,13,12,20,26
37221,A 스페셜 100GB+,MVNO,0,83,83,83,83,84,84,84,84,85,85,85,86,85,86,87,86,87,87,87,88,115,115,90,64,63,63,64,90,78
37224,A 5G 스마트 15GB/300분,MVNO,0,5,4,5,5,5,5,5,5,5,5,5,5,5,5,5,5,6,5,5,5,0,0,0,0,0,0,0,4,6
37225,A 5G 스마트 20GB/300분,MVNO,0,8,9,9,8,9,9,9,9,9,9,9,9,9,9,9,10,9,9,10,9,1,1,0,0,0,0,0,18,0
37226,A 스마트 13GB,MVNO,0,17,17,18,17,18,17,18,18,18,18,18,18,19,18,19,19,18,20,19,19,0,0,0,0,0,0,0,0,0
37227,A 스마트 15GB,MVNO,0,132,139,145,153,160,168,177,186,195,204,215,226,236,249,261,274,288,302,318,333,0,0,0,0,0,0,0,0,0
37228,A 스마트 20GB,MVNO,0,15,15,16,15,16,15,16,16,16,16,15,16,16,16,17,16,16,16,17,16,0,0,0,0,0,0,0,16,0
37229,A 스마트 5GB/100분,MVNO,0,0,0,0,0,0,0,0,0,0,0,0,0,0,0,0,0,0,0,0,0,0,0,0,0,0,0,0,0,0
37230,A 넥스트 7GB+,MVNO,0,8,9,8,9,8,9,9,9,10,9,9,10,10,9,10,10,11,10,10,11,4,4,2,13,13,13,13,22,12
37231,A 스마트 10GB,MVNO,0,45,44,44,45,45,44,45,45,45,46,45,46,45,46,46,46,46,46,47,46,0,0,0,0,0,0,0,66,26
37232,A 스마트 10GB/100분,MVNO,0,0,0,0,0,0,0,0,0,0,0,0,0,0,0,0,0,0,0,0,0,0,0,0,0,0,0,0,0,0
37233,A 5G 스마트 10GB/200분,MVNO,0,2,2,2,2,2,2,2,2,2,2,2,2,2,2,3,2,2,2,2,2,0,0,0,0,0,0,0,2,0
37234,A 넥스트 15GB+/100분,MVNO,0,1,2,1,1,2,1,2,2,1,2,2,2,2,3,2,3,2,3,3,3,1,1,0,4,4,4,4,7,4
37235,A 넥스트 15GB+/300분,MVNO,0,2,2,2,3,2,2,3,2,3,3,2,3,3,3,3,3,3,3,4,3,4,4,6,1,1,1,1,4,0
37236,A 넥스트 71GB+,MVNO,0,53,55,56,57,59,60,61,62,64,66,66,69,70,71,73,75,76,78,80,82,55,55,88,74,74,74,74,160,116
37237,A 넥스트 100GB+,MVNO,0,30,32,33,34,35,36,38,38,40,41,43,44,45,47,49,50,51,54,55,57,63,63,63,73,74,73,73,145,86
37238,A 스마트 20GB/100분,MVNO,0,10,9,10,10,9,10,10,10,9,10,10,10,10,10,9,10,10,10,10,10,6,6,0,1,1,1,1,22,14
37239,A 넥스트 10GB+,MVNO,0,0,0,0,0,0,0,0,0,0,0,0,0,0,0,0,0,0,0,0,0,0,0,0,0,0,0,0,0,0
37240,A 넥스트 15GB+/100분(네이버페이 1만x7개월),MVNO,0,0,0,0,0,0,0,0,0,0,0,0,0,0,0,0,0,0,0,0,0,0,0,0,0,0,0,0,4,0
37241,A 넥스트 15GB+/300분(네이버페이 1만x7개월),MVNO,0,0,0,0,0,0,0,0,0,0,0,0,0,0,0,0,0,0,0,0,0,0,0,0,0,0,0,0,0,0
37242,A 넥스트 71GB+(네이버페이 1만x7개월),MVNO,0,2,2,3,2,3,2,2,3,3,2,3,3,3,3,3,3,3,3,4,3,10,10,4,4,3,3,4,10,2
37243,A 넥스트 100GB+(네이버페이 1만x7개월),MVNO,0,3,3,3,4,3,4,4,3,4,4,4,4,4,4,5,4,5,4,5,5,9,10,6,4,4,4,4,6,6
37244,A 넥스트 7GB+(네이버페이 1만x7개월),MVNO,0,0,0,0,0,0,0,0,0,0,0,0,0,0,0,0,0,0,0,0,0,1,1,0,0,0,0,0,2,0
37245,[L]아이즈특판11GB+일2GB,MVNO,0,0,0,0,1,0,0,0,1,0,0,0,1,0,0,1,0,1,0,1,0,2,2,5,1,0,1,1,2,1
37246,[L]아이즈특판 일5GB+,MVNO,0,0,0,0,0,0,0,0,0,0,0,0,0,0,0,0,0,0,0,0,0,0,0,0,0,0,0,0,0,0
37248,[S] 300분15GB+,MVNO,0,0,0,0,1,0,0,0,1,0,0,0,1,0,0,1,0,1,0,1,0,28,28,0,0,0,0,0,0,0
37250,모빙 300분15GB,MVNO,0,21,21,21,21,21,21,21,21,22,21,22,21,22,22,22,21,22,23,22,22,0,0,0,0,0,0,0,22,0
37251,[S] 데이터 10GB,MVNO,0,30,29,30,30,30,30,30,31,31,31,31,31,32,31,32,32,32,33,32,33,42,42,50,34,35,35,34,32,22
37253,[S] 200분5GB,MVNO,0,2,1,2,1,2,1,2,1,2,1,2,1,2,1,1,2,1,2,1,2,0,0,0,2,1,1,2,0,0
37254,[S] 300분5GB,MVNO,0,0,0,0,0,0,0,0,0,0,0,0,0,0,0,0,0,0,0,0,0,0,0,0,0,0,0,0,0,0
37255,[S] 200분10GB,MVNO,0,11,10,11,11,11,12,12,12,12,13,13,13,13,14,14,15,15,15,15,16,0,0,0,0,0,0,0,0,0
37256,[S] 100분1GB,MVNO,0,11,11,12,12,11,12,12,12,12,12,12,13,12,13,13,13,13,13,13,13,0,0,0,0,0,0,0,22,4
37257,[S] 300분1GB,MVNO,0,0,0,0,0,0,0,0,0,0,0,0,0,0,0,0,0,0,0,0,0,0,0,0,0,0,0,0,0,0
37258,[S] 데이터 1GB,MVNO,0,3,3,2,3,3,3,3,3,3,3,2,3,3,3,3,3,3,3,3,3,3,3,2,2,3,3,2,14,16
37259,[S] 200분3GB,MVNO,0,0,0,0,0,0,0,0,0,0,0,0,0,0,0,0,0,0,0,0,0,0,0,0,0,0,0,0,0,0
37262,[S] 5G 300분6GB,MVNO,0,1,1,1,1,1,1,1,1,1,1,1,1,1,1,1,1,1,1,1,1,0,0,2,0,0,0,0,0,0
37265,[S] 5G 모빙 300분15GB,MVNO,0,1,1,0,1,1,1,1,1,1,1,1,1,1,1,1,1,1,1,1,1,1,1,0,0,0,0,0,6,0
37267,[S] 5G 모빙 500분15GB,MVNO,0,1,2,2,1,2,1,2,2,1,2,2,2,1,2,2,2,1,2,2,2,0,0,2,2,3,3,2,2,0
37270,[S] 5G 데이터 15GB,MVNO,0,6,5,6,6,5,6,6,6,6,5,6,6,6,6,6,6,6,7,6,6,0,0,0,0,0,0,0,6,6
37272,[S] 5G 모빙 300분20GB,MVNO,0,2,2,2,1,2,2,2,2,2,2,2,2,2,2,3,2,2,2,2,2,0,0,0,0,0,0,0,2,2
37275,[S] 5G 모빙 500분20GB,MVNO,0,3,3,3,3,3,3,4,3,4,4,3,4,4,5,4,4,5,4,5,5,0,0,0,0,0,0,0,2,8
37276,[S] 5G 데이터 20GB,MVNO,0,1,0,1,0,1,0,1,0,1,0,1,0,1,0,1,0,1,0,1,0,1,1,0,0,0,0,0,0,4
37281,[S] 밀리패스 11GB+,MVNO,0,0,0,0,0,0,0,0,0,0,0,0,0,0,0,0,0,0,0,0,0,0,0,0,0,0,0,0,0,0
37282,[S] 밀리패스 100GB+,MVNO,0,0,0,0,1,0,0,0,1,0,0,0,1,0,0,1,0,1,0,1,0,1,1,0,1,1,2,1,1,2
37283,5G 모빙 데이터 24GB+,MVNO,0,0,0,0,0,0,0,0,0,0,0,0,0,0,0,0,0,0,0,0,0,0,0,0,0,0,0,0,0,0
37284,[S] 5G 데이터 110GB+,MVNO,0,3,3,4,3,3,4,3,3,4,3,4,3,4,4,4,3,4,4,4,4,0,0,2,4,5,5,4,8,4
37285,5G U모빙 200GB+,MVNO,0,0,0,0,0,0,0,0,0,0,0,0,0,0,0,0,0,0,0,0,0,0,0,0,0,0,0,0,0,0
37286,[K] 250분2.5GB,MVNO,0,0,0,0,0,0,0,0,0,0,0,0,0,0,0,0,0,0,0,0,0,0,0,0,0,0,0,0,0,0
37287,쏙쏙 매일30분3GB,MVNO,0,0,0,0,0,0,0,0,0,0,0,0,0,0,0,0,0,0,0,0,0,0,0,0,0,0,0,0,0,1
37288,[K] 밀리의 서재 7GB+,MVNO,0,0,0,0,0,0,0,0,0,0,0,0,0,0,0,0,0,0,0,0,0,0,0,0,0,0,0,0,3,0
37289,쏙쏙 300분5GB,MVNO,0,0,0,0,0,0,0,0,0,0,0,0,0,0,0,0,0,0,0,0,0,0,0,0,0,0,0,0,0,0
37290,쏙쏙 300분7GB,MVNO,0,3,3,2,3,3,4,3,3,4,4,4,4,4,4,5,5,5,5,5,6,8,8,8,4,3,3,4,6,8
37291,[K] 100분3GB,MVNO,0,0,0,0,0,0,0,0,0,0,0,0,0,0,0,0,0,0,0,0,0,0,0,0,0,0,0,0,0,0
37292,[K] 500분5GB,MVNO,0,1,1,1,1,1,1,1,0,1,1,1,1,1,1,1,1,1,1,1,1,1,1,2,4,3,3,4,0,0
37293,[K] 5G 300분6GB,MVNO,0,4,5,4,5,6,5,6,6,6,7,7,8,7,9,8,9,10,10,10,11,0,0,0,0,0,0,0,0,0
37294,[K] 5G 200분15GB,MVNO,0,1,1,2,1,1,1,2,1,1,1,2,1,1,1,2,1,1,1,2,1,0,0,0,0,0,0,0,0,0
37295,쏙쏙 200분10GB,MVNO,0,4,4,4,4,4,4,4,4,4,4,4,5,4,4,4,5,4,4,5,4,0,0,0,0,0,0,0,0,0
37296,5G 쏙쏙 300분15GB,MVNO,0,2,3,2,2,3,2,2,2,3,2,2,3,2,3,2,2,3,2,3,2,0,0,2,3,3,3,3,3,3
37297,[K] 5G 200분20GB,MVNO,0,0,1,1,0,1,1,1,0,1,1,0,1,1,1,0,1,1,1,0,1,0,0,0,2,1,1,2,0,0
37298,[K] 5G 200분3GB,MVNO,0,0,0,0,0,0,0,0,0,0,0,0,0,0,0,0,0,0,0,0,0,0,0,1,0,0,0,0,0,0
37299,5G 쏙쏙 300분20GB,MVNO,0,1,1,1,2,1,1,2,1,2,1,1,2,1,2,1,2,1,2,1,2,0,0,0,0,0,0,0,0,0
37300,5G 쏙쏙 500분15GB,MVNO,0,2,2,1,2,1,2,2,1,2,2,1,2,2,2,2,1,2,2,2,2,0,0,0,2,2,2,2,0,0
37301,쏙쏙 250분(5GB),MVNO,0,0,0,0,0,0,0,0,0,0,0,0,0,0,0,0,0,0,0,0,0,0,0,0,0,0,0,0,0,0
37302,[K] 300분3GB,MVNO,0,0,0,0,0,0,0,0,0,0,0,0,0,0,0,0,0,0,0,0,0,0,0,0,0,0,0,0,0,0
37303,쏙쏙 100분(6GB),MVNO,0,0,0,0,0,0,0,0,0,0,0,0,0,0,0,0,0,0,0,0,0,0,0,0,0,0,0,0,0,0
37304,쏙쏙 매일30분5GB,MVNO,0,0,0,0,0,0,0,0,0,0,0,0,0,0,0,0,0,0,0,0,0,0,0,0,0,0,0,0,0,0
37305,쏙쏙 500분10GB,MVNO,0,0,0,0,0,0,0,0,0,0,0,0,0,0,0,0,0,0,0,0,0,0,0,0,0,0,0,0,0,0
37306,쏙쏙 100분(10GB),MVNO,0,0,1,0,0,0,0,1,0,0,0,1,0,0,0,1,0,0,0,1,0,0,0,0,0,0,1,0,0,0
37307,[K] 지니뮤직 7GB+,MVNO,0,0,0,0,0,0,0,0,0,0,0,0,0,0,0,0,0,0,0,0,0,0,0,0,0,0,0,0,0,0
37308,[K] 페이포인트 7GB+,MVNO,0,0,0,0,0,0,0,0,0,0,0,0,0,0,0,0,0,0,0,0,0,0,0,0,0,0,0,0,0,0
37309,5G 쏙쏙 500분20GB,MVNO,0,0,0,0,0,0,0,0,0,0,0,0,0,0,0,0,0,0,0,0,0,0,0,0,0,0,0,0,0,4
37310,쏙쏙 시니어 4GB+,MVNO,0,0,0,0,0,0,0,0,0,0,0,0,0,0,0,0,0,0,0,0,0,0,0,0,0,0,0,0,0,0
37311,[K] 다이소 7GB+,MVNO,0,0,0,0,0,0,0,0,0,0,0,0,0,0,0,0,0,0,0,0,0,0,0,0,0,1,1,0,0,0
37312,[K] CU편의점 10GB+,MVNO,0,0,0,0,0,0,0,0,0,0,0,0,0,0,0,0,0,0,0,0,0,0,0,0,0,0,0,0,0,0
37313,[K] 다이소 10GB+,MVNO,0,0,0,0,1,0,0,0,1,0,0,0,1,0,0,1,0,1,0,1,0,22,23,0,0,0,0,0,0,0
37314,[K] 밀리의서재 10GB+,MVNO,0,0,0,0,0,0,0,0,0,0,0,0,0,0,0,0,0,0,0,0,0,0,0,0,0,0,0,0,0,0
37315,[K] 다이소 15GB+,MVNO,0,0,0,0,0,0,0,0,0,0,0,0,0,0,0,0,0,0,0,0,0,0,1,0,0,0,0,0,0,0
37316,[K] 데이터 10GB+,MVNO,0,0,0,0,1,0,0,0,1,0,0,0,1,0,0,1,0,1,0,1,0,10,10,0,0,0,0,0,1,0
37317,[K] CU편의점 15GB+,MVNO,0,0,0,0,0,0,0,0,0,0,0,0,0,0,0,0,0,0,0,0,0,0,0,0,0,0,0,0,0,0
37318,[K] 밀리의서재 15GB+,MVNO,0,0,0,0,0,0,0,0,0,0,0,0,0,0,0,0,0,0,0,0,0,1,1,0,0,0,0,0,0,0
37319,[K] 후후 안심 11GB+,MVNO,0,1,1,2,1,2,1,2,1,2,1,2,2,1,2,2,2,1,2,2,2,2,2,0,0,0,0,0,2,2
37320,[K] 페이포인트 100분15GB+,MVNO,0,0,0,0,0,0,0,0,0,0,0,0,0,0,0,0,0,0,0,0,0,6,5,0,0,0,0,0,0,0
37321,[K] 다이소 100분15GB+,MVNO,0,0,0,0,0,0,0,0,0,0,0,0,0,0,0,0,0,0,0,0,0,6,7,0,0,0,0,0,0,0
37322,[K] 모아진 100분15GB+,MVNO,0,0,0,0,0,0,0,0,0,0,0,0,0,0,0,0,0,0,0,0,0,0,0,0,0,0,0,0,0,0
37323,[K] 데이터 15GB+,MVNO,0,0,0,1,0,1,0,1,0,1,0,1,0,1,0,1,0,1,1,0,1,0,0,1,0,1,1,0,0,1
37324,[K] CU편의점 300분15GB+,MVNO,0,0,0,0,0,0,0,0,0,0,0,0,0,0,0,0,0,0,0,0,0,0,0,0,0,0,0,0,0,0
37325,[K] 모아진 11GB+,MVNO,0,0,0,0,0,0,0,0,0,0,0,0,0,0,0,0,0,0,0,0,0,0,0,0,0,0,0,0,0,0
37326,쏙쏙 시니어 8GB+,MVNO,0,0,0,0,1,0,0,0,1,0,0,0,1,0,0,1,0,1,0,1,0,11,11,0,0,0,0,0,0,0
37327,[K] 다이소 11GB+,MVNO,0,0,0,0,0,0,0,0,0,0,0,0,0,0,0,0,0,0,0,0,0,0,0,0,0,0,0,0,1,0
37328,[K] 웨이브베이직 11GB+,MVNO,0,0,0,0,0,0,0,0,0,0,0,0,0,0,0,0,0,0,0,0,0,0,0,0,0,0,0,0,0,0
37329,[K] 모아진 100GB+,MVNO,0,0,1,1,1,0,1,1,1,0,1,1,1,1,1,0,1,1,1,1,1,2,1,1,0,0,0,0,1,0
37330,[K] 데이터 일5GB+,MVNO,0,0,0,0,0,0,0,0,0,0,0,0,0,0,0,0,0,0,0,0,0,0,0,0,0,1,1,0,0,0
37331,쏙쏙 청소년 300분 1GB+,MVNO,0,0,0,0,0,0,0,0,0,0,0,0,0,0,0,0,0,0,0,0,0,0,0,0,0,0,0,0,0,4
37332,[K] 지니뮤직 11GB+,MVNO,0,0,1,0,0,1,0,1,0,1,0,1,0,1,0,0,1,0,1,0,1,0,0,0,0,0,0,0,1,0
37333,[K] 데이터 100GB+,MVNO,0,0,1,1,1,0,1,1,1,0,1,1,1,1,1,0,1,1,1,1,1,2,1,1,0,0,0,0,1,0
37334,[K] 웨이브베이직 100GB+,MVNO,0,0,0,0,0,0,0,0,0,0,0,0,0,0,0,0,0,0,0,0,0,0,0,0,0,0,0,0,1,0
37335,[K] 밀리의 서재 100GB+,MVNO,0,0,0,0,0,0,0,0,0,0,0,0,0,0,0,0,0,0,0,0,0,0,0,0,0,0,0,0,1,0
37336,[K] 300분15GB+,MVNO,0,0,0,1,0,1,0,1,0,1,0,1,0,1,0,1,1,1,0,1,1,1,1,0,0,0,0,0,2,2
37337,모두다 막힘없이 11GB+ 왓챠,MVNO,0,0,0,0,0,0,0,0,0,0,0,0,0,0,0,0,0,0,0,0,0,0,0,0,0,0,0,0,0,0
37338,모두다 막힘없이 일5GB+ 왓챠,MVNO,0,0,0,0,0,0,0,0,0,0,0,0,0,0,0,0,0,0,0,0,0,2,2,0,0,0,0,0,0,0
37339,[K] 페이포인트 11GB+,MVNO,0,0,0,0,0,0,0,0,0,0,0,0,0,0,0,0,0,0,0,0,0,0,0,0,0,0,0,0,0,11
37340,[K] 요기요 11GB+,MVNO,0,0,1,0,0,1,0,1,0,1,0,0,1,0,1,0,1,0,1,0,1,0,0,0,0,0,0,0,1,1
37341,[K] 다이소 100GB+,MVNO,0,1,1,1,0,1,1,1,1,1,1,2,1,1,1,2,1,1,2,1,2,2,2,2,0,1,0,0,1,2
37342,[K] 페이포인트 100GB+,MVNO,0,1,1,1,0,1,1,1,1,1,1,2,1,1,1,2,1,1,2,1,2,2,2,2,0,1,0,0,1,2
37343,[K] 5G 데이터 90GB+,MVNO,0,0,0,0,0,0,0,0,0,0,0,0,0,0,0,0,0,0,0,0,0,0,0,0,0,0,0,0,0,0
37344,[K] 5G 데이터 110GB+,MVNO,0,0,0,0,0,0,0,0,0,0,0,0,0,0,0,0,0,0,0,0,0,0,0,0,0,0,0,0,0,0
37345,[K] 5G 지니뮤직 110GB+,MVNO,0,0,0,0,0,0,0,0,0,0,0,0,0,0,0,0,0,0,0,0,0,1,1,0,1,1,1,1,0,0
37346,[K] 5G 데이터 200GB+,MVNO,0,0,1,0,0,0,1,0,0,0,1,0,0,0,1,0,0,0,1,0,0,0,1,0,0,0,0,0,0,0
37347,[K] 5G 밀리의서재 200GB+,MVNO,0,0,1,0,0,0,1,0,0,0,1,0,0,0,1,0,0,0,1,0,0,0,1,0,0,0,0,0,0,0
37348,5G 200GB+ 지니뮤직,MVNO,0,0,0,0,0,0,0,0,0,0,0,0,0,0,0,0,0,0,0,0,0,0,0,0,0,0,0,0,0,0
37349,5G 실속 200분3GB,MVNO,0,0,0,0,0,0,0,0,0,0,0,0,0,0,0,0,0,0,0,0,0,0,0,0,0,0,0,0,2,0
37350,[L] 데이터 10GB+_2y_plus,MVNO,0,1,1,1,1,1,1,1,1,1,1,2,1,1,1,1,2,1,1,2,1,0,0,0,2,1,1,2,4,2
37351,[L] 5G 데이터 4.5GB+,MVNO,0,11,10,11,11,11,11,11,12,11,12,12,12,12,12,12,13,13,13,13,13,16,16,14,7,7,7,7,12,16
37352,[L] 5G 100분10GB,MVNO,0,2,3,2,3,2,2,3,2,3,2,3,2,3,2,3,2,3,2,2,3,0,0,0,0,0,0,0,0,0
37353,[L] 5G 300분15GB,MVNO,0,3,2,2,2,2,3,2,2,2,3,2,2,2,3,2,2,2,3,2,2,0,0,0,0,0,0,0,2,0
37354,실속 200분6GB+,MVNO,0,5,5,5,5,5,5,5,5,5,5,5,5,5,5,5,5,6,5,5,5,0,0,0,0,0,0,0,0,0
37356,실속 500분10GB,MVNO,0,3,3,2,3,3,4,3,3,4,3,4,4,4,4,5,4,5,5,5,5,12,12,2,9,10,10,9,8,3
37357,실속 100분10GB+,MVNO,0,16,16,16,17,16,17,17,17,16,18,17,17,17,18,17,18,18,18,18,18,0,0,0,0,0,0,0,0,0
37358,[L] 5G 데이터 5GB+,MVNO,0,2,2,2,3,2,2,2,2,3,2,2,3,2,3,2,3,2,3,2,3,6,6,2,3,3,3,3,4,0
37359,실속 100분3GB,MVNO,0,19,20,21,23,23,24,26,27,28,30,31,32,35,36,37,40,42,44,46,48,0,0,0,0,0,0,0,0,0
37360,[L] 200분2GB,MVNO,0,0,0,0,0,0,0,0,0,0,0,0,0,0,0,0,0,0,0,0,0,0,0,0,0,0,0,0,0,0
37361,[L] 400분4GB,MVNO,0,0,0,0,0,0,0,0,0,0,0,0,0,0,0,0,0,0,0,0,0,0,1,0,0,0,0,0,0,0
37362,[L] 5G 100분5GB,MVNO,0,0,0,0,1,0,0,0,1,0,0,0,1,0,0,1,0,1,0,1,0,0,0,44,0,0,0,0,0,0
37363,실속 200분5GB,MVNO,0,0,0,0,0,0,0,0,0,0,0,0,0,0,0,0,0,0,0,0,0,0,0,0,16,17,17,16,0,0
37365,실속 300분7GB,MVNO,0,0,0,0,0,0,0,0,0,0,0,0,0,0,0,0,0,0,0,0,0,0,0,0,0,0,0,0,0,0
37366,실속 100분5GB+,MVNO,0,1,1,0,1,1,0,1,1,0,1,1,0,1,1,1,1,0,1,1,1,1,1,0,0,1,0,0,1,1
37367,[L] 5G 300분15GB+,MVNO,0,4,5,4,4,4,4,4,4,4,4,5,4,4,4,4,4,4,5,4,4,0,0,0,0,0,0,0,4,0
37368,[L] 100분1GB+,MVNO,0,4,4,4,4,4,4,5,4,4,5,4,5,5,4,5,5,5,5,5,5,0,0,0,0,0,0,0,4,6
37369,[L] 300분9GB,MVNO,0,0,0,0,0,0,0,0,0,0,0,0,0,0,0,0,0,0,0,0,0,0,0,0,0,0,0,0,0,0
37370,실속 250분10GB,MVNO,0,0,0,0,0,0,0,0,0,0,0,0,0,0,0,0,0,0,0,0,0,1,0,0,0,0,0,0,0,0
37371,[L] 5G 데이터 1GB+,MVNO,0,2,2,2,2,2,2,3,2,3,3,3,3,3,4,3,4,4,4,4,5,6,7,8,4,4,4,4,9,15
37372,[L] 5G 300분10GB,MVNO,0,1,2,1,1,2,2,1,2,1,2,1,2,2,1,2,2,2,1,2,2,2,2,0,2,1,1,2,2,2
37373,[L] 5G 데이터 3GB+,MVNO,0,1,0,1,1,0,1,0,1,1,0,1,1,1,0,1,1,1,0,1,1,3,4,1,1,1,1,1,1,3
37374,[L] 데이터 7GB+,MVNO,0,1,1,1,1,1,1,1,2,1,1,2,1,1,2,1,2,2,1,2,2,2,2,0,0,0,0,0,0,0
37375,[L] 데이터 10GB+,MVNO,0,0,0,0,1,0,0,0,1,0,0,0,1,0,0,1,0,1,0,1,0,15,15,0,0,0,0,0,0,0
37376,[L] 데이터7GB+_2y_plus,MVNO,0,1,1,1,1,2,1,1,1,2,1,1,2,1,2,2,1,2,1,2,2,3,3,0,1,1,1,1,0,4
37377,[L] 데이터 15GB+,MVNO,0,0,0,0,0,0,0,0,0,0,0,0,0,0,0,0,0,0,0,0,0,0,0,0,1,1,1,1,0,0
37378,[L] 데이터 11GB+,MVNO,0,1,1,1,1,1,1,0,1,1,1,1,1,1,1,1,1,1,1,1,1,1,1,4,0,1,1,0,0,2
37379,[L] 100분15GB+,MVNO,0,0,0,0,0,1,0,0,0,0,0,0,0,0,0,1,0,0,0,0,0,0,0,0,0,0,0,0,0,0
37380,[L] 데이터 15GB+_2y_plus,MVNO,0,0,1,0,1,0,0,1,0,1,0,1,0,1,0,1,0,1,0,1,0,1,1,0,0,1,1,0,7,0
37381,실속 300분15GB+,MVNO,0,0,0,0,0,0,0,0,0,0,0,0,0,0,0,0,0,0,0,0,0,0,0,0,0,0,0,0,0,0
37382,[L] 5G 데이터 95GB+,MVNO,0,0,0,0,1,0,0,1,0,0,1,0,0,0,1,0,1,0,0,1,0,2,1,0,1,0,0,1,0,1
37383,[L] 라운지프리 7GB+,MVNO,0,0,0,0,0,0,0,0,0,0,0,0,0,0,0,0,0,0,0,0,0,0,0,0,0,0,0,0,0,0
37384,[L] 5G 데이터 125GB+,MVNO,0,2,1,2,2,2,2,2,2,2,2,2,1,2,2,2,2,2,2,2,2,2,2,4,2,2,2,2,0,1
37385,[L] 데이터 100GB+,MVNO,0,0,0,0,0,0,0,0,0,0,0,0,0,0,0,0,0,0,0,0,0,1,0,0,0,0,0,0,0,0
37386,실속 데이터 매일5GB+,MVNO,0,0,0,0,0,0,0,0,0,0,0,0,0,0,0,0,0,0,0,0,0,0,0,0,0,0,0,0,0,0
37387,[L] 5G 데이터 150GB+,MVNO,0,0,0,1,0,0,1,0,0,1,0,0,1,0,1,0,1,0,1,0,1,1,1,3,1,1,1,1,3,1
37388,[L] 100분15GB+_2y_plus,MVNO,0,1,2,1,2,2,1,2,2,1,2,2,2,2,1,2,2,2,2,2,2,0,0,2,0,1,1,0,2,0
37389,홈결합 100분15GB+,MVNO,0,0,0,0,0,0,0,0,0,0,0,0,0,0,0,0,0,0,0,0,0,0,0,0,0,0,0,0,0,0
37390,[L] 라운지프리 100분15GB+,MVNO,0,0,0,0,0,0,0,0,0,0,0,0,0,0,0,0,0,0,0,0,0,0,0,0,0,0,0,0,0,71
37391,[L] 5G 데이터 150GB+_2y_plus,MVNO,0,0,1,0,1,0,1,0,1,0,1,1,0,1,1,0,1,1,0,1,1,4,4,1,1,1,1,1,1,3
37392,[L] 5G 데이터 95GB+_2y_plus,MVNO,0,1,1,0,1,1,1,1,0,1,1,1,1,1,0,1,1,1,1,1,1,0,0,2,0,0,0,0,1,0
37393,홈결합 스페셜A,MVNO,0,0,0,0,0,0,0,0,0,0,0,0,0,0,0,0,0,0,0,0,0,0,0,0,0,0,0,0,1,0
37394,[L] 라운지프리 300분15GB+,MVNO,0,0,0,0,0,0,0,0,0,0,0,0,0,0,0,0,0,0,0,0,0,0,0,0,12,12,12,12,0,0
37395,[L] 데이터11GB+_2y_plus,MVNO,0,2,2,2,2,2,2,2,2,2,2,2,2,2,2,2,2,3,2,2,2,0,0,0,0,0,0,0,0,0
37396,5G 홈결합 12GB+,MVNO,0,0,0,0,0,0,0,0,0,0,0,0,0,0,0,0,0,0,0,0,0,0,0,0,0,0,0,0,0,0
37397,[L] 데이터 100GB+_24개월,MVNO,0,3,3,4,3,4,3,4,4,4,3,4,4,4,5,4,4,4,5,4,5,0,0,0,0,0,0,0,0,0
37398,[L] 데이터 매일5GB+_24개월,MVNO,0,0,0,0,0,0,0,0,0,0,0,0,0,0,0,0,0,0,0,0,0,0,0,0,0,0,0,0,0,0
37399,[L] 라운지프리 11GB+,MVNO,0,0,0,0,0,0,0,0,0,0,0,0,0,0,0,0,0,0,0,0,0,0,0,0,0,0,0,0,0,97
37400,[L] 라운지프리 100GB+,MVNO,0,0,0,0,0,0,0,0,0,0,0,0,0,0,0,0,0,0,0,0,0,0,0,0,0,0,0,0,0,0
37401,5G 홈결합 150GB+,MVNO,0,0,0,0,0,0,0,0,0,0,0,0,0,0,0,0,0,0,0,0,0,1,1,0,0,0,0,0,0,0
37402,[L] 5G 데이터 180GB+,MVNO,0,0,0,0,0,0,0,0,0,0,0,0,0,0,0,0,0,0,0,0,0,0,0,0,0,0,0,0,0,0
37403,[모요only] [K] 핀다이렉트Z 100GB+(네이버페이) _PAY,MVNO,0,23,23,24,26,27,28,30,31,32,35,36,38,39,42,44,46,48,51,53,56,410,411,436,664,664,664,664,1093,989
37404,[모요only] 두해5G 통화기본95GB+ 유심비ZERO(일반),MVNO,0,1,1,1,1,2,1,2,1,2,2,2,2,2,2,2,2,3,2,3,3,10,9,10,5,4,5,5,12,7
37405,[모요only] 두해5G 통화기본125GB+ 유심비ZERO(일반),MVNO,0,3,2,2,3,3,3,3,3,3,3,4,4,4,4,4,5,5,5,5,6,20,19,10,11,12,12,11,14,8
37406,[모요only] 두해5G 통화기본150GB+ 유심비ZERO(일반),MVNO,0,3,3,3,4,3,4,4,4,4,4,5,5,5,5,6,6,6,7,7,7,54,54,78,46,46,47,46,81,110
37408,[K]5G 네이버페이 200GB+,MVNO,0,4,4,4,5,5,5,5,6,6,6,7,7,7,8,8,8,9,9,10,10,24,24,27,23,22,22,23,33,33
37409,[S] 데이터 7GB+,MVNO,0,0,0,0,0,0,0,0,0,0,0,0,0,0,0,0,0,0,0,0,0,0,0,0,0,0,0,0,0,0
37410,[S] 100분15GB+,MVNO,0,0,0,0,0,0,0,0,0,0,0,0,0,0,0,0,0,0,0,0,0,0,0,0,0,0,0,0,0,0
37411,[S] 컬쳐랜드 7GB+,MVNO,0,0,0,0,0,0,0,0,0,0,0,0,0,0,0,0,0,0,0,0,0,0,0,0,0,0,1,0,0,1
37412,[S] 데이터 10GB+,MVNO,0,0,0,0,0,0,0,0,0,0,0,0,0,0,0,0,0,0,0,0,0,0,0,0,0,0,0,0,0,0
37413,[S] 컬쳐랜드 10GB+,MVNO,0,0,0,0,0,0,0,0,0,0,0,0,0,0,0,0,0,0,0,0,0,0,0,0,0,0,0,0,0,0
37414,[S] 컬쳐랜드 100분15GB+,MVNO,0,0,0,0,0,0,0,0,0,0,0,0,0,0,0,0,0,0,0,0,0,0,0,0,0,0,0,0,0,0
37415,[S] 컬쳐랜드 11GB+,MVNO,0,10,10,10,10,11,10,11,11,11,11,11,11,12,11,12,12,12,12,13,12,0,0,0,0,0,0,0,5,20
37416,[S] 컬쳐랜드 100GB+,MVNO,0,0,1,0,1,1,1,0,1,1,0,1,1,1,1,1,0,1,1,1,1,1,1,3,1,1,1,1,0,2
37417,완전마음껏 100GB＋＋(밀리의서재)_24개월할인,MVNO,0,2,1,2,1,2,1,2,2,2,2,2,2,3,2,3,3,2,3,4,3,14,15,8,14,14,14,14,28,23
37418,완전마음껏 100GB＋＋(CU 20%)_24개월할인,MVNO,0,2,1,2,1,2,1,2,2,2,2,2,2,3,2,3,3,2,3,4,3,14,15,8,14,14,14,14,28,23
37419,요금걱정 제로 이야기 4.5GB+,MVNO,0,2,2,3,2,2,3,3,3,3,3,3,3,4,4,4,4,4,5,5,5,29,30,40,20,19,19,20,36,32
37420,[K]5G 네이버페이 110GB+,MVNO,0,1,1,2,1,1,2,1,2,2,1,2,2,2,3,2,2,3,2,3,3,8,8,7,9,9,8,9,23,14
37421,CHM_5G 음성기본 맥스150GB+,MVNO,0,1,1,0,1,1,1,1,1,1,2,1,1,1,2,1,2,2,1,2,2,11,11,9,13,14,14,13,18,22
37422,[모요only] [K] 핀다이렉트 Speed 10GB/200분,MVNO,0,76,77,78,78,80,81,81,83,83,85,85,87,87,89,90,90,92,93,94,95,0,0,0,0,0,0,0,0,0
37423,[모요only] [K] 핀다이렉트 Speed 20GB/200분,MVNO,0,2,3,3,2,3,2,3,3,2,3,2,3,3,2,3,2,3,3,2,3,0,0,0,0,0,1,0,5,0
37424,[모요only] [K] 핀다이렉트 Speed 30GB/200분,MVNO,0,0,1,1,1,1,1,1,1,1,0,1,1,1,1,1,1,1,1,1,1,3,3,0,0,0,0,0,0,1
37427,5G 티플 110G＋(밀리의서재),MVNO,0,0,0,0,1,0,0,0,1,0,0,0,1,0,0,1,0,1,0,1,0,8,9,8,7,6,7,7,6,6
37428,5G 티플 200G＋(밀리의서재),MVNO,0,0,0,0,1,0,0,0,1,0,0,0,1,0,0,1,0,1,0,1,0,13,13,14,12,13,13,12,24,23
37429,LTE 200분/5GB_모요,MVNO,0,0,0,0,0,0,0,0,0,0,0,0,0,0,0,0,0,0,0,0,0,0,0,0,0,0,0,0,0,0
37430,LTE 100분/10GB_모요,MVNO,0,0,0,0,1,0,0,0,1,0,0,0,1,0,0,1,0,1,0,1,0,6,6,11,3,4,3,3,6,3
37431,LTE 300분/10GB_모요,MVNO,0,0,0,0,0,0,0,0,0,0,0,0,0,0,0,0,0,0,0,0,0,0,0,0,0,0,0,0,0,0
37432,LTE 300분/15GB_모요,MVNO,0,0,0,0,1,0,0,0,1,0,0,0,1,0,0,1,0,1,0,1,0,0,0,0,2,3,3,2,5,2
37433,LTE 200분/20GB_모요,MVNO,0,0,0,0,1,0,0,0,1,0,0,0,1,0,0,1,0,1,0,1,0,0,0,3,2,3,2,2,4,2
37434,티플 외국인 7GB＋3Mbps,MVNO,0,0,0,0,1,0,0,0,1,0,0,0,1,0,0,1,0,1,0,1,0,2,3,7,4,5,5,4,8,17
37435,A 스페셜 11GB+,MVNO,0,141,143,143,144,145,146,147,147,149,149,150,151,152,153,154,154,156,156,157,159,159,160,271,125,124,124,125,185,149
37436,A 5G 스페셜 슈퍼,MVNO,0,29,30,30,31,30,31,31,31,31,31,32,32,31,33,32,33,32,33,33,34,33,34,40,23,23,24,23,29,60
37437,A 5G 스페셜 에센셜,MVNO,0,169,170,172,173,174,176,177,178,180,181,182,184,186,186,188,190,191,192,194,196,197,198,312,105,105,105,105,150,266
37438,A 5G 스페셜 150GB+,MVNO,0,0,0,0,0,0,0,0,0,0,0,0,0,0,0,0,0,0,0,0,0,0,44,20,9,9,10,9,11,13
37439,실속 100분4.5GB,MVNO,0,4,5,4,4,5,4,5,4,5,4,5,4,5,4,5,5,4,5,5,4,5,5,2,6,6,6,6,6,4
37442,[모요only] [S] 핀다이렉트Z Max(네이버페이) _PAY,MVNO,0,2,2,2,3,2,3,2,3,3,3,3,4,3,4,4,4,5,4,5,5,5,6,278,317,317,317,317,534,430
37443,모두다 맘껏 안심 6GB+,MVNO,0,0,0,0,0,0,0,0,0,0,0,0,0,0,0,0,0,0,0,0,0,0,0,38,37,37,37,37,67,68
37444,인스 유심 스피드(5G) 125GB+,MVNO,0,27,27,27,28,27,29,28,29,29,29,30,30,30,31,31,31,32,32,32,33,33,33,94,38,37,37,38,28,36
37445,프리티 편의점금액권 5000 95G+,MVNO,0,0,0,0,0,0,0,0,0,0,0,0,0,0,0,0,0,0,0,0,0,0,0,0,0,0,0,10,0,0
37446,프리티 편의점금액권 5000 125G+,MVNO,0,0,0,0,0,0,0,0,0,0,0,0,0,0,0,0,0,0,0,0,0,0,0,0,0,0,0,10,0,0
37447,프리티 편의점금액권 5000 150G+,MVNO,0,0,0,0,0,0,0,0,0,0,0,0,0,0,0,0,0,0,0,0,0,0,0,0,0,0,0,10,0,0
37448,[모요only] 마블링 무제한 15GB+,MVNO,0,0,0,0,0,0,0,0,0,0,0,0,0,0,0,0,0,0,0,0,0,0,0,0,0,0,0,33,13,11
37449,[S] 500분10GB,MVNO,0,0,0,0,0,0,0,0,0,0,0,0,0,0,0,0,0,0,0,0,0,0,0,0,0,0,0,0,0,0
37450,모빙 200분7GB,MVNO,0,0,0,0,0,0,0,0,0,0,0,0,0,0,0,0,0,0,0,0,0,0,0,0,0,0,0,0,0,0
37451,[S] 데이터 7GB,MVNO,0,0,0,0,0,0,0,0,0,0,0,0,0,0,0,0,0,0,0,0,0,0,0,0,0,0,0,0,0,0
37452,[S] 데이터 3GB,MVNO,0,0,0,0,0,0,0,0,0,0,0,0,0,0,0,0,0,0,0,0,0,0,0,0,0,0,0,0,0,0
37453,[S] 데이터 5GB,MVNO,0,0,0,0,0,0,0,0,0,0,0,0,0,0,0,0,0,0,0,0,0,0,0,0,0,0,0,0,0,0
37454,모빙 500분 7GB,MVNO,0,0,0,0,0,0,0,0,0,0,0,0,0,0,0,0,0,0,0,0,0,0,0,0,0,0,0,0,0,0
37455,모빙 300분20GB,MVNO,0,0,0,0,0,0,0,0,0,0,0,0,0,0,0,0,0,0,0,0,0,0,0,0,0,0,0,0,0,0
37456,[L] 5G 300분5GB,MVNO,0,8,8,9,9,9,9,10,10,10,10,11,11,11,12,12,12,13,13,13,13,14,15,15,15,15,16,17,17,17
37457,티플 외국인 7GB＋3Mbps_평생요금,MVNO,0,0,0,0,0,0,0,0,0,0,0,0,0,0,0,0,0,0,0,0,0,0,0,0,0,0,0,0,0,17
37458,[S] 데이터 11GB+,MVNO,0,3,3,3,2,3,3,3,3,3,3,3,3,3,3,3,3,2,3,3,3,4,3,3,3,3,3,3,3,3
37459,[S] 데이터 100GB+,MVNO,0,17,16,17,17,18,17,18,17,18,18,18,18,19,18,19,19,18,20,19,19,20,20,19,20,21,20,20,21,21
6065,모두 충분 2.5GB+,MVNO,0,1,0,0,0,0,1,0,0,0,1,0,0,0,1,0,0,0,1,0,0,1,0,0,1,2,1,1,0,0
6073,스마트 데이터 충분 10GB+,MVNO,0,2,3,3,3,2,3,3,3,3,3,3,3,3,3,4,3,3,3,4,3,3,4,13,3,4,4,3,7,2
6074,스마트 데이터 충분 20GB+,MVNO,0,2,3,3,2,3,3,3,2,3,3,2,3,3,3,3,3,2,3,3,3,9,9,1,0,0,0,0,5,0
6789,보편 안심 유심 10GB 200분,MVNO,0,3,3,3,3,4,3,3,3,3,3,4,3,3,4,3,3,4,3,4,3,18,18,9,3,3,3,3,2,4
6790,보편 안심 유심 15GB 100분,MVNO,0,53,55,56,59,60,63,64,67,68,71,74,75,78,81,84,86,88,92,95,98,253,253,146,99,100,100,99,140,119
6793,보편 안심 유심 5GB 200분,MVNO,0,0,0,0,0,0,0,0,0,0,0,0,0,0,0,0,0,0,0,0,0,0,0,0,0,0,0,0,0,0
6801,슬림 유심 1GB 100분,MVNO,0,27,28,30,30,32,34,34,37,37,40,41,43,45,47,48,51,53,56,58,60,103,103,99,68,69,69,68,92,79
6802,슬림 유심 1GB 50분,MVNO,0,0,0,0,0,0,0,0,0,0,0,0,0,0,0,0,0,0,0,0,0,0,0,0,0,0,0,0,1,0
6803,슬림 유심 2GB 200분,MVNO,0,4,4,5,5,5,5,6,6,6,6,7,7,8,8,8,9,9,9,10,11,22,23,15,14,14,15,14,20,13
6804,슬림 유심 500MB 50분,MVNO,0,34,36,37,39,40,41,43,45,46,47,50,51,53,55,57,59,62,63,66,68,46,45,77,31,31,31,31,101,88
6826,DATA 걱정없는 유심 2.5GB,MVNO,0,0,0,0,0,0,0,0,1,0,0,0,0,0,0,0,1,0,0,0,0,0,0,0,0,0,1,0,1,0
6828,DATA 걱정없는 유심 4.5GB,MVNO,0,1,0,1,0,1,0,1,0,1,0,0,1,0,1,0,1,0,1,0,1,0,0,0,0,0,0,0,1,0
6830,DATA 걱정없는 유심 7GB,MVNO,0,142,144,146,147,148,150,152,153,154,156,158,159,161,163,164,166,167,169,171,173,178,178,147,168,167,168,168,261,272
6835,The 착한 데이터 유심 1.3GB,MVNO,0,1,1,2,1,2,2,1,2,1,2,2,1,2,2,2,2,1,2,2,2,0,0,3,0,0,0,0,5,1
6836,The 착한 데이터 유심 11GB,MVNO,0,139,145,148,153,159,163,168,173,179,184,190,197,202,209,215,222,229,236,243,251,707,707,313,269,269,269,269,670,307
8136,안심무약정1+700MB,MVNO,0,0,0,0,0,0,0,0,0,0,0,0,0,0,0,0,0,0,0,0,0,0,0,0,0,0,0,0,0,0
8140,내맘대로 (50분+500MB),MVNO,0,0,0,0,0,0,0,0,0,0,0,0,0,0,0,0,0,0,0,0,0,0,0,1,0,0,0,0,0,0
8165,내맘대로 차단형 (0분+500MB),MVNO,0,0,0,0,0,0,0,0,0,0,0,0,0,0,0,0,0,0,0,0,0,0,0,0,0,0,0,0,1,0
8166,내맘대로 차단형 (50분+500MB),MVNO,0,0,0,0,0,0,0,0,0,0,0,0,0,0,0,0,0,0,0,0,0,0,0,0,0,0,0,0,0,0
8167,내맘대로 차단형 (100분+500MB),MVNO,0,0,0,0,0,0,0,0,0,0,0,0,0,0,0,0,0,0,0,0,0,0,0,0,0,0,0,0,0,0
8168,내맘대로 차단형 (200분+500MB),MVNO,0,0,0,0,0,0,0,0,0,0,0,0,0,0,0,0,0,0,0,0,0,0,0,0,0,0,0,0,0,0
8169,내맘대로 차단형 (50분+1GB),MVNO,0,0,0,0,0,0,0,0,0,0,0,0,0,0,0,0,0,0,0,0,0,0,0,0,0,0,0,0,0,0
8171,내맘대로 차단형 (200분+1GB),MVNO,0,0,0,0,0,0,0,0,0,0,0,0,0,0,0,0,0,0,0,0,0,0,0,0,0,0,0,0,0,0
8217,5G 이야기 무한 200GB,MVNO,0,1,0,1,1,1,1,1,1,0,1,1,1,1,1,1,1,1,1,1,1,0,0,0,0,0,0,0,1,1
8402,내맘대로S(100+3GB),MVNO,0,0,0,0,0,0,0,0,0,0,0,0,0,0,0,0,0,0,0,0,0,0,0,0,0,0,0,0,0,0
8403,내맘대로S(200+3GB),MVNO,0,0,0,0,0,0,0,0,0,0,0,0,0,0,0,0,0,0,0,0,0,0,0,0,0,0,0,0,0,0
8404,내맘대로S(100+6GB),MVNO,0,3,2,3,4,3,3,4,4,4,4,4,5,5,5,5,6,6,6,6,7,27,27,24,19,18,18,19,27,28
8405,내맘대로S(200+6GB),MVNO,0,0,1,1,0,1,1,1,0,1,1,1,1,0,1,1,1,1,1,1,1,1,0,0,2,2,2,2,2,0
8431,LTE 든든 5GB,MVNO,0,0,0,0,0,0,0,0,0,0,0,0,0,0,0,0,0,0,0,0,0,0,0,0,0,0,0,0,0,0
8432,LTE 든든 7GB,MVNO,0,0,0,0,0,0,0,0,0,0,0,0,0,0,0,0,0,0,0,0,0,0,0,0,0,0,0,0,0,1
8437,5G 든든 2GB,MVNO,0,0,1,1,1,0,1,1,1,0,1,1,1,1,1,0,1,1,1,1,1,1,0,1,0,1,0,0,1,3
8438,5G 든든 4GB,MVNO,0,0,0,0,0,0,0,0,0,0,0,0,0,0,0,0,0,0,0,0,0,0,0,0,0,0,0,0,0,0
8439,5G 든든 6GB,MVNO,0,0,0,0,0,0,0,0,0,0,0,0,0,0,0,0,0,0,0,0,0,1,0,0,0,0,0,0,0,0
8440,5G 든든 8GB,MVNO,0,0,0,0,0,0,0,0,0,0,0,0,0,0,0,0,0,0,0,0,0,0,0,0,0,0,0,0,0,0
8441,5G 든든무제한 12GB+,MVNO,0,0,0,1,0,0,0,0,0,1,0,0,0,0,1,0,0,0,1,0,0,0,1,0,1,0,1,1,0,0
9577,데이터 충분 15GB+/100분,MVNO,0,0,0,0,0,0,0,0,0,0,0,0,0,0,0,0,0,0,0,0,0,0,0,0,0,0,0,0,0,0
9628,데이터 충분 5GB+/100분,MVNO,0,0,1,0,0,0,0,1,0,0,0,1,0,0,0,1,0,0,0,1,0,0,0,0,0,1,0,0,0,0
9629,데이터 충분 15GB+/300분,MVNO,0,1,1,1,1,0,1,1,1,1,1,1,1,0,1,1,1,1,1,1,1,0,1,1,0,0,1,0,1,3
