carrier_type,host_mno,mvno_brand,plan_id,base_plan_id,plan_id_type,plan_name,selected_option,plan_category,is_online_only,age_condition,signup_notice,network_gen,base_data_gb,extra_data_gb,data_gb,data_unlimited,data_throttle_speed,daily_data_gb,base_tethering_gb,extra_tethering_gb,tethering_gb,tethering_support,voice_unlimited,voice_minutes,voice_extra_minutes,sms_unlimited,sms_count,monthly_fee,discounted_fee,discount_type,discount_period_months,benefit_count,ott_option_count,ott_options,membership_grade,smart_device_benefit,extra_data_benefit,gift_benefit,subscriber_count,source_url,crawled_at
MNO,KT,,1692_초이스 더블 유튜브 프리미엄+넷플릭스,1692_초이스 더블 유튜브 프리미엄+넷플릭스,official_code,초이스 더블 유튜브 프리미엄+넷플릭스,,KT-통합요금제,False,,,,,,,True,100Kbps,,90.0,,90.0,quota,True,,300,True,,120000,90000,선택약정 25% 할인,,10,5,유튜브 프리미엄 | 넷플릭스 | 지니뮤직 | 밀리의서재,VVIP,스마트기기/데이터쉐어링 스마트기기 월정액/ 데이터쉐어링 각 1회선 할인,공유데이터 90GB,쇼핑라운지 할인 쿠폰 (5천원권),,https://product.kt.com/wDic/productDetail.do?ItemCode=1692,2026-08-11T01:01:17.772266+00:00
MNO,KT,,1692_초이스 더블 유튜브 프리미엄+디바이스,1692_초이스 더블 유튜브 프리미엄+디바이스,official_code,초이스 더블 유튜브 프리미엄+디바이스,,KT-통합요금제,False,,,,,,,True,100Kbps,,90.0,,90.0,quota,True,,300,True,,120000,90000,선택약정 25% 할인,,10,4,유튜브 프리미엄 | 지니뮤직 | 밀리의서재,VVIP,디바이스 할인(최대 6천원) | 스마트기기/데이터쉐어링 스마트기기 월정액/ 데이터쉐어링 각 1회선 할인,공유데이터 90GB,쇼핑라운지 할인 쿠폰 (5천원권),,https://product.kt.com/wDic/productDetail.do?ItemCode=1692,2026-08-11T01:01:17.772266+00:00
MNO,KT,,1692_초이스 더블 디바이스,1692_초이스 더블 디바이스,official_code,초이스 더블 디바이스,,KT-통합요금제,False,,,,,,,True,100Kbps,,90.0,,90.0,quota,True,,300,True,,120000,90000,선택약정 25% 할인,,11,5,지니뮤직 | 밀리의서재,VVIP,디바이스 할인 (1개 or 2개 선택 가능) 1개 선택 시 최대 12천원 할인 2개 선택 시 각 최대 6천원 할인 | 스마트기기/데이터쉐어링 스마트기기 월정액/ 데이터쉐어링 각 1회선 할인,공유데이터 90GB,쇼핑라운지 할인 쿠폰 (5천원권),,https://product.kt.com/wDic/productDetail.do?ItemCode=1692,2026-08-11T01:01:17.772266+00:00
MNO,KT,,1692_초이스 더블 유튜브 프리미엄+Google AI Plus,1692_초이스 더블 유튜브 프리미엄+Google AI Plus,official_code,초이스 더블 유튜브 프리미엄+Google AI Plus,,KT-통합요금제,False,,,,,,,True,100Kbps,,90.0,,90.0,quota,True,,300,True,,120000,90000,선택약정 25% 할인,,10,5,유튜브 프리미엄 | Google AI | 지니뮤직 | 밀리의서재,VVIP,스마트기기/데이터쉐어링 스마트기기 월정액/ 데이터쉐어링 각 1회선 할인,공유데이터 90GB,쇼핑라운지 할인 쿠폰 (5천원권),,https://product.kt.com/wDic/productDetail.do?ItemCode=1692,2026-08-11T01:01:17.772266+00:00
MNO,KT,,1692_초이스 더블 디즈니플러스+폰케어,1692_초이스 더블 디즈니플러스+폰케어,official_code,초이스 더블 디즈니플러스+폰케어,,KT-통합요금제,False,,,,,,,True,100Kbps,,90.0,,90.0,quota,True,,300,True,,120000,90000,선택약정 25% 할인,,10,4,디즈니+ | 지니뮤직 | 밀리의서재,VVIP,스마트기기/데이터쉐어링 스마트기기 월정액/ 데이터쉐어링 각 1회선 할인,공유데이터 90GB,쇼핑라운지 할인 쿠폰 (5천원권),,https://product.kt.com/wDic/productDetail.do?ItemCode=1692,2026-08-11T01:01:17.772266+00:00
MNO,KT,,1692_초이스 더블 유튜브 프리미엄+넷플릭스_만 34세 이하,1692_초이스 더블 유튜브 프리미엄+넷플릭스,official_code,초이스 더블 유튜브 프리미엄+넷플릭스,,KT-통합요금제,False,만 34세 이하,,,,,,True,100Kbps,,90.0,,90.0,quota,True,,300,True,,120000,90000,선택약정 25% 할인,,11,5,유튜브 프리미엄 | 넷플릭스 | 지니뮤직 | 밀리의서재,VVIP,스마트기기/데이터쉐어링 스마트기기 월정액/ 데이터쉐어링 각 1회선 할인,공유데이터 90GB | 만 34세 이하 +90GB,쇼핑라운지 할인 쿠폰 (5천원권),,https://product.kt.com/wDic/productDetail.do?ItemCode=1692,2026-08-11T01:01:17.772266+00:00
MNO,KT,,1692_초이스 더블 유튜브 프리미엄+디바이스_만 34세 이하,1692_초이스 더블 유튜브 프리미엄+디바이스,official_code,초이스 더블 유튜브 프리미엄+디바이스,,KT-통합요금제,False,만 34세 이하,,,,,,True,100Kbps,,90.0,,90.0,quota,True,,300,True,,120000,90000,선택약정 25% 할인,,11,4,유튜브 프리미엄 | 지니뮤직 | 밀리의서재,VVIP,디바이스 할인(최대 6천원) | 스마트기기/데이터쉐어링 스마트기기 월정액/ 데이터쉐어링 각 1회선 할인,공유데이터 90GB | 만 34세 이하 +90GB,쇼핑라운지 할인 쿠폰 (5천원권),,https://product.kt.com/wDic/productDetail.do?ItemCode=1692,2026-08-11T01:01:17.772266+00:00
MNO,KT,,1692_초이스 더블 디바이스_만 34세 이하,1692_초이스 더블 디바이스,official_code,초이스 더블 디바이스,,KT-통합요금제,False,만 34세 이하,,,,,,True,100Kbps,,90.0,,90.0,quota,True,,300,True,,120000,90000,선택약정 25% 할인,,12,5,지니뮤직 | 밀리의서재,VVIP,디바이스 할인 (1개 or 2개 선택 가능) 1개 선택 시 최대 12천원 할인 2개 선택 시 각 최대 6천원 할인 | 스마트기기/데이터쉐어링 스마트기기 월정액/ 데이터쉐어링 각 1회선 할인,공유데이터 90GB | 만 34세 이하 +90GB,쇼핑라운지 할인 쿠폰 (5천원권),,https://product.kt.com/wDic/productDetail.do?ItemCode=1692,2026-08-11T01:01:17.772266+00:00
MNO,KT,,1692_초이스 더블 유튜브 프리미엄+Google AI Plus_만 34세 이하,1692_초이스 더블 유튜브 프리미엄+Google AI Plus,official_code,초이스 더블 유튜브 프리미엄+Google AI Plus,,KT-통합요금제,False,만 34세 이하,,,,,,True,100Kbps,,90.0,,90.0,quota,True,,300,True,,120000,90000,선택약정 25% 할인,,11,5,유튜브 프리미엄 | Google AI | 지니뮤직 | 밀리의서재,VVIP,스마트기기/데이터쉐어링 스마트기기 월정액/ 데이터쉐어링 각 1회선 할인,공유데이터 90GB | 만 34세 이하 +90GB,쇼핑라운지 할인 쿠폰 (5천원권),,https://product.kt.com/wDic/productDetail.do?ItemCode=1692,2026-08-11T01:01:17.772266+00:00
MNO,KT,,1692_초이스 더블 디즈니플러스+폰케어_만 34세 이하,1692_초이스 더블 디즈니플러스+폰케어,official_code,초이스 더블 디즈니플러스+폰케어,,KT-통합요금제,False,만 34세 이하,,,,,,True,100Kbps,,90.0,,90.0,quota,True,,300,True,,120000,90000,선택약정 25% 할인,,11,4,디즈니+ | 지니뮤직 | 밀리의서재,VVIP,스마트기기/데이터쉐어링 스마트기기 월정액/ 데이터쉐어링 각 1회선 할인,공유데이터 90GB | 만 34세 이하 +90GB,쇼핑라운지 할인 쿠폰 (5천원권),,https://product.kt.com/wDic/productDetail.do?ItemCode=1692,2026-08-11T01:01:17.772266+00:00
MNO,KT,,1692_초이스 더블 유튜브 프리미엄+넷플릭스_만 65세 이상,1692_초이스 더블 유튜브 프리미엄+넷플릭스,official_code,초이스 더블 유튜브 프리미엄+넷플릭스,,KT-통합요금제,False,만 65세 이상,,,,,,True,100Kbps,,90.0,,90.0,quota,True,,300,True,,120000,90000,선택약정 25% 할인,,12,5,유튜브 프리미엄 | 넷플릭스 | 지니뮤직 | 밀리의서재,VVIP,스마트기기/데이터쉐어링 스마트기기 월정액/ 데이터쉐어링 각 1회선 할인,공유데이터 90GB | 만 65세 이상 +45GB,쇼핑라운지 할인 쿠폰 (5천원권),,https://product.kt.com/wDic/productDetail.do?ItemCode=1692,2026-08-11T01:01:17.772266+00:00
MNO,KT,,1692_초이스 더블 유튜브 프리미엄+디바이스_만 65세 이상,1692_초이스 더블 유튜브 프리미엄+디바이스,official_code,초이스 더블 유튜브 프리미엄+디바이스,,KT-통합요금제,False,만 65세 이상,,,,,,True,100Kbps,,90.0,,90.0,quota,True,,300,True,,120000,90000,선택약정 25% 할인,,12,4,유튜브 프리미엄 | 지니뮤직 | 밀리의서재,VVIP,디바이스 할인(최대 6천원) | 스마트기기/데이터쉐어링 스마트기기 월정액/ 데이터쉐어링 각 1회선 할인,공유데이터 90GB | 만 65세 이상 +45GB,쇼핑라운지 할인 쿠폰 (5천원권),,https://product.kt.com/wDic/productDetail.do?ItemCode=1692,2026-08-11T01:01:17.772266+00:00
MNO,KT,,1692_초이스 더블 디바이스_만 65세 이상,1692_초이스 더블 디바이스,official_code,초이스 더블 디바이스,,KT-통합요금제,False,만 65세 이상,,,,,,True,100Kbps,,90.0,,90.0,quota,True,,300,True,,120000,90000,선택약정 25% 할인,,13,5,지니뮤직 | 밀리의서재,VVIP,디바이스 할인 (1개 or 2개 선택 가능) 1개 선택 시 최대 12천원 할인 2개 선택 시 각 최대 6천원 할인 | 스마트기기/데이터쉐어링 스마트기기 월정액/ 데이터쉐어링 각 1회선 할인,공유데이터 90GB | 만 65세 이상 +45GB,쇼핑라운지 할인 쿠폰 (5천원권),,https://product.kt.com/wDic/productDetail.do?ItemCode=1692,2026-08-11T01:01:17.772266+00:00
MNO,KT,,1692_초이스 더블 유튜브 프리미엄+Google AI Plus_만 65세 이상,1692_초이스 더블 유튜브 프리미엄+Google AI Plus,official_code,초이스 더블 유튜브 프리미엄+Google AI Plus,,KT-통합요금제,False,만 65세 이상,,,,,,True,100Kbps,,90.0,,90.0,quota,True,,300,True,,120000,90000,선택약정 25% 할인,,12,5,유튜브 프리미엄 | Google AI | 지니뮤직 | 밀리의서재,VVIP,스마트기기/데이터쉐어링 스마트기기 월정액/ 데이터쉐어링 각 1회선 할인,공유데이터 90GB | 만 65세 이상 +45GB,쇼핑라운지 할인 쿠폰 (5천원권),,https://product.kt.com/wDic/productDetail.do?ItemCode=1692,2026-08-11T01:01:17.772266+00:00
MNO,KT,,1692_초이스 더블 디즈니플러스+폰케어_만 65세 이상,1692_초이스 더블 디즈니플러스+폰케어,official_code,초이스 더블 디즈니플러스+폰케어,,KT-통합요금제,False,만 65세 이상,,,,,,True,100Kbps,,90.0,,90.0,quota,True,,300,True,,120000,90000,선택약정 25% 할인,,12,4,디즈니+ | 지니뮤직 | 밀리의서재,VVIP,스마트기기/데이터쉐어링 스마트기기 월정액/ 데이터쉐어링 각 1회선 할인,공유데이터 90GB | 만 65세 이상 +45GB,쇼핑라운지 할인 쿠폰 (5천원권),,https://product.kt.com/wDic/productDetail.do?ItemCode=1692,2026-08-11T01:01:17.772266+00:00
MNO,KT,,1692_초이스 더블 유튜브 프리미엄+넷플릭스_만 75세 이상,1692_초이스 더블 유튜브 프리미엄+넷플릭스,official_code,초이스 더블 유튜브 프리미엄+넷플릭스,,KT-통합요금제,False,만 75세 이상,,,,,,True,100Kbps,,90.0,,90.0,quota,True,,300,True,,120000,90000,선택약정 25% 할인,,12,5,유튜브 프리미엄 | 넷플릭스 | 지니뮤직 | 밀리의서재,VVIP,스마트기기/데이터쉐어링 스마트기기 월정액/ 데이터쉐어링 각 1회선 할인,공유데이터 90GB | 만 75세 이상 +90GB,쇼핑라운지 할인 쿠폰 (5천원권),,https://product.kt.com/wDic/productDetail.do?ItemCode=1692,2026-08-11T01:01:17.772266+00:00
MNO,KT,,1692_초이스 더블 유튜브 프리미엄+디바이스_만 75세 이상,1692_초이스 더블 유튜브 프리미엄+디바이스,official_code,초이스 더블 유튜브 프리미엄+디바이스,,KT-통합요금제,False,만 75세 이상,,,,,,True,100Kbps,,90.0,,90.0,quota,True,,300,True,,120000,90000,선택약정 25% 할인,,12,4,유튜브 프리미엄 | 지니뮤직 | 밀리의서재,VVIP,디바이스 할인(최대 6천원) | 스마트기기/데이터쉐어링 스마트기기 월정액/ 데이터쉐어링 각 1회선 할인,공유데이터 90GB | 만 75세 이상 +90GB,쇼핑라운지 할인 쿠폰 (5천원권),,https://product.kt.com/wDic/productDetail.do?ItemCode=1692,2026-08-11T01:01:17.772266+00:00
MNO,KT,,1692_초이스 더블 디바이스_만 75세 이상,1692_초이스 더블 디바이스,official_code,초이스 더블 디바이스,,KT-통합요금제,False,만 75세 이상,,,,,,True,100Kbps,,90.0,,90.0,quota,True,,300,True,,120000,90000,선택약정 25% 할인,,13,5,지니뮤직 | 밀리의서재,VVIP,디바이스 할인 (1개 or 2개 선택 가능) 1개 선택 시 최대 12천원 할인 2개 선택 시 각 최대 6천원 할인 | 스마트기기/데이터쉐어링 스마트기기 월정액/ 데이터쉐어링 각 1회선 할인,공유데이터 90GB | 만 75세 이상 +90GB,쇼핑라운지 할인 쿠폰 (5천원권),,https://product.kt.com/wDic/productDetail.do?ItemCode=1692,2026-08-11T01:01:17.772266+00:00
MNO,KT,,1692_초이스 더블 유튜브 프리미엄+Google AI Plus_만 75세 이상,1692_초이스 더블 유튜브 프리미엄+Google AI Plus,official_code,초이스 더블 유튜브 프리미엄+Google AI Plus,,KT-통합요금제,False,만 75세 이상,,,,,,True,100Kbps,,90.0,,90.0,quota,True,,300,True,,120000,90000,선택약정 25% 할인,,12,5,유튜브 프리미엄 | Google AI | 지니뮤직 | 밀리의서재,VVIP,스마트기기/데이터쉐어링 스마트기기 월정액/ 데이터쉐어링 각 1회선 할인,공유데이터 90GB | 만 75세 이상 +90GB,쇼핑라운지 할인 쿠폰 (5천원권),,https://product.kt.com/wDic/productDetail.do?ItemCode=1692,2026-08-11T01:01:17.772266+00:00
MNO,KT,,1692_초이스 더블 디즈니플러스+폰케어_만 75세 이상,1692_초이스 더블 디즈니플러스+폰케어,official_code,초이스 더블 디즈니플러스+폰케어,,KT-통합요금제,False,만 75세 이상,,,,,,True,100Kbps,,90.0,,90.0,quota,True,,300,True,,120000,90000,선택약정 25% 할인,,12,4,디즈니+ | 지니뮤직 | 밀리의서재,VVIP,스마트기기/데이터쉐어링 스마트기기 월정액/ 데이터쉐어링 각 1회선 할인,공유데이터 90GB | 만 75세 이상 +90GB,쇼핑라운지 할인 쿠폰 (5천원권),,https://product.kt.com/wDic/productDetail.do?ItemCode=1692,2026-08-11T01:01:17.772266+00:00
MNO,KT,,1681_초이스130_유튜브프리미엄,1681_초이스130,official_code,초이스130 (유튜브 프리미엄),유튜브 프리미엄,KT-통합요금제,False,,,,,,,True,200Kbps,,100.0,,100.0,quota,True,,300,True,,130000,97500,선택약정 25% 할인,,9,4,유튜브 프리미엄 | 지니뮤직 | 밀리의서재,VVIP,스마트기기 또는 데이터 쉐어링 스마트기기 월정액 2회선 / 데이터 쉐어링 1회선 할인,공유데이터 100GB,쇼핑라운지 할인쿠폰 5천원권,,https://product.kt.com/wDic/productDetail.do?ItemCode=1681,2026-08-11T01:01:17.772266+00:00
MNO,KT,,1681_초이스130_넷플릭스,1681_초이스130,official_code,초이스130 (넷플릭스),넷플릭스,KT-통합요금제,False,,,,,,,True,200Kbps,,100.0,,100.0,quota,True,,300,True,,130000,97500,선택약정 25% 할인,,9,4,넷플릭스 | 지니뮤직 | 밀리의서재,VVIP,스마트기기 또는 데이터 쉐어링 스마트기기 월정액 2회선 / 데이터 쉐어링 1회선 할인,공유데이터 100GB,쇼핑라운지 할인쿠폰 5천원권,,https://product.kt.com/wDic/productDetail.do?ItemCode=1681,2026-08-11T01:01:17.772266+00:00
MNO,KT,,1681_초이스130_디즈니+,1681_초이스130,official_code,초이스130 (디즈니+),디즈니+,KT-통합요금제,False,,,,,,,True,200Kbps,,100.0,,100.0,quota,True,,300,True,,130000,97500,선택약정 25% 할인,,9,4,디즈니+ | 지니뮤직 | 밀리의서재,VVIP,스마트기기 또는 데이터 쉐어링 스마트기기 월정액 2회선 / 데이터 쉐어링 1회선 할인,공유데이터 100GB,쇼핑라운지 할인쿠폰 5천원권,,https://product.kt.com/wDic/productDetail.do?ItemCode=1681,2026-08-11T01:01:17.772266+00:00
MNO,KT,,1681_초이스130_티빙/지니/밀리,1681_초이스130,official_code,초이스130 (티빙/지니/밀리),티빙/지니/밀리,KT-통합요금제,False,,,,,,,True,200Kbps,,100.0,,100.0,quota,True,,300,True,,130000,97500,선택약정 25% 할인,,9,4,티빙 | 지니뮤직 | 밀리의서재,VVIP,스마트기기 또는 데이터 쉐어링 스마트기기 월정액 2회선 / 데이터 쉐어링 1회선 할인,공유데이터 100GB,쇼핑라운지 할인쿠폰 5천원권,,https://product.kt.com/wDic/productDetail.do?ItemCode=1681,2026-08-11T01:01:17.772266+00:00
MNO,KT,,1681_초이스130_GoogleAIPlus(400GB),1681_초이스130,official_code,초이스130 (GoogleAI Plus (400GB)),GoogleAI Plus (400GB),KT-통합요금제,False,,,,,,,True,200Kbps,,100.0,,100.0,quota,True,,300,True,,130000,97500,선택약정 25% 할인,,9,4,지니뮤직 | 밀리의서재,VVIP,스마트기기 또는 데이터 쉐어링 스마트기기 월정액 2회선 / 데이터 쉐어링 1회선 할인,공유데이터 100GB,쇼핑라운지 할인쿠폰 5천원권,,https://product.kt.com/wDic/productDetail.do?ItemCode=1681,2026-08-11T01:01:17.772266+00:00
MNO,KT,,1681_초이스130_폰케어,1681_초이스130,official_code,초이스130 (폰케어),폰케어,KT-통합요금제,False,,,,,,,True,200Kbps,,100.0,,100.0,quota,True,,300,True,,130000,97500,선택약정 25% 할인,,9,3,지니뮤직 | 밀리의서재,VVIP,스마트기기 또는 데이터 쉐어링 스마트기기 월정액 2회선 / 데이터 쉐어링 1회선 할인,공유데이터 100GB,쇼핑라운지 할인쿠폰 5천원권,,https://product.kt.com/wDic/productDetail.do?ItemCode=1681,2026-08-11T01:01:17.772266+00:00
MNO,KT,,1681_초이스130_삼성,1681_초이스130,official_code,초이스130 (삼성),삼성,KT-통합요금제,False,,,,,,,True,200Kbps,,100.0,,100.0,quota,True,,300,True,,130000,97500,선택약정 25% 할인,,9,4,삼성 디바이스 | 지니뮤직 | 밀리의서재,VVIP,스마트기기 또는 데이터 쉐어링 스마트기기 월정액 2회선 / 데이터 쉐어링 1회선 할인,공유데이터 100GB,쇼핑라운지 할인쿠폰 5천원권,,https://product.kt.com/wDic/productDetail.do?ItemCode=1681,2026-08-11T01:01:17.772266+00:00
MNO,KT,,1681_초이스130_디바이스,1681_초이스130,official_code,초이스130 (디바이스),디바이스,KT-통합요금제,False,,,,,,,True,200Kbps,,100.0,,100.0,quota,True,,300,True,,130000,97500,선택약정 25% 할인,,9,3,지니뮤직 | 밀리의서재,VVIP,디바이스 | 스마트기기 또는 데이터 쉐어링 스마트기기 월정액 2회선 / 데이터 쉐어링 1회선 할인,공유데이터 100GB,쇼핑라운지 할인쿠폰 5천원권,,https://product.kt.com/wDic/productDetail.do?ItemCode=1681,2026-08-11T01:01:17.772266+00:00
MNO,KT,,1681_초이스130_가전구독,1681_초이스130,official_code,초이스130 (가전구독),가전구독,KT-통합요금제,False,,,,,,,True,200Kbps,,100.0,,100.0,quota,True,,300,True,,130000,97500,선택약정 25% 할인,,9,4,가전구독 | 지니뮤직 | 밀리의서재,VVIP,스마트기기 또는 데이터 쉐어링 스마트기기 월정액 2회선 / 데이터 쉐어링 1회선 할인,공유데이터 100GB,쇼핑라운지 할인쿠폰 5천원권,,https://product.kt.com/wDic/productDetail.do?ItemCode=1681,2026-08-11T01:01:17.772266+00:00
MNO,KT,,1681_초이스130_위버스,1681_초이스130,official_code,초이스130 (위버스),위버스,KT-통합요금제,False,,,,,,,True,200Kbps,,100.0,,100.0,quota,True,,300,True,,130000,97500,선택약정 25% 할인,,9,4,위버스 | 지니뮤직 | 밀리의서재,VVIP,스마트기기 또는 데이터 쉐어링 스마트기기 월정액 2회선 / 데이터 쉐어링 1회선 할인,공유데이터 100GB,쇼핑라운지 할인쿠폰 5천원권,,https://product.kt.com/wDic/productDetail.do?ItemCode=1681,2026-08-11T01:01:17.772266+00:00
MNO,KT,,1681_초이스110_유튜브프리미엄,1681_초이스110,official_code,초이스110 (유튜브 프리미엄),유튜브 프리미엄,KT-통합요금제,False,,,,,,,True,100Kbps,,80.0,,80.0,quota,True,,300,True,,110000,82500,선택약정 25% 할인,,9,4,유튜브 프리미엄 | 지니뮤직 | 밀리의서재,VVIP,스마트기기 또는 데이터 쉐어링 스마트기기 월정액 / 데이터 쉐어링 각 1회선 할인,공유데이터 80GB,쇼핑라운지 할인쿠폰 5천원권,,https://product.kt.com/wDic/productDetail.do?ItemCode=1681,2026-08-11T01:01:17.772266+00:00
MNO,KT,,1681_초이스110_넷플릭스,1681_초이스110,official_code,초이스110 (넷플릭스),넷플릭스,KT-통합요금제,False,,,,,,,True,100Kbps,,80.0,,80.0,quota,True,,300,True,,110000,82500,선택약정 25% 할인,,9,4,넷플릭스 | 지니뮤직 | 밀리의서재,VVIP,스마트기기 또는 데이터 쉐어링 스마트기기 월정액 / 데이터 쉐어링 각 1회선 할인,공유데이터 80GB,쇼핑라운지 할인쿠폰 5천원권,,https://product.kt.com/wDic/productDetail.do?ItemCode=1681,2026-08-11T01:01:17.772266+00:00
MNO,KT,,1681_초이스110_디즈니+,1681_초이스110,official_code,초이스110 (디즈니+),디즈니+,KT-통합요금제,False,,,,,,,True,100Kbps,,80.0,,80.0,quota,True,,300,True,,110000,82500,선택약정 25% 할인,,9,4,디즈니+ | 지니뮤직 | 밀리의서재,VVIP,스마트기기 또는 데이터 쉐어링 스마트기기 월정액 / 데이터 쉐어링 각 1회선 할인,공유데이터 80GB,쇼핑라운지 할인쿠폰 5천원권,,https://product.kt.com/wDic/productDetail.do?ItemCode=1681,2026-08-11T01:01:17.772266+00:00
MNO,KT,,1681_초이스110_티빙/지니/밀리,1681_초이스110,official_code,초이스110 (티빙/지니/밀리),티빙/지니/밀리,KT-통합요금제,False,,,,,,,True,100Kbps,,80.0,,80.0,quota,True,,300,True,,110000,82500,선택약정 25% 할인,,9,4,티빙 | 지니뮤직 | 밀리의서재,VVIP,스마트기기 또는 데이터 쉐어링 스마트기기 월정액 / 데이터 쉐어링 각 1회선 할인,공유데이터 80GB,쇼핑라운지 할인쿠폰 5천원권,,https://product.kt.com/wDic/productDetail.do?ItemCode=1681,2026-08-11T01:01:17.772266+00:00
MNO,KT,,1681_초이스110_GoogleAIPlus(400GB),1681_초이스110,official_code,초이스110 (GoogleAI Plus (400GB)),GoogleAI Plus (400GB),KT-통합요금제,False,,,,,,,True,100Kbps,,80.0,,80.0,quota,True,,300,True,,110000,82500,선택약정 25% 할인,,9,4,지니뮤직 | 밀리의서재,VVIP,스마트기기 또는 데이터 쉐어링 스마트기기 월정액 / 데이터 쉐어링 각 1회선 할인,공유데이터 80GB,쇼핑라운지 할인쿠폰 5천원권,,https://product.kt.com/wDic/productDetail.do?ItemCode=1681,2026-08-11T01:01:17.772266+00:00
MNO,KT,,1681_초이스110_폰케어,1681_초이스110,official_code,초이스110 (폰케어),폰케어,KT-통합요금제,False,,,,,,,True,100Kbps,,80.0,,80.0,quota,True,,300,True,,110000,82500,선택약정 25% 할인,,9,3,지니뮤직 | 밀리의서재,VVIP,스마트기기 또는 데이터 쉐어링 스마트기기 월정액 / 데이터 쉐어링 각 1회선 할인,공유데이터 80GB,쇼핑라운지 할인쿠폰 5천원권,,https://product.kt.com/wDic/productDetail.do?ItemCode=1681,2026-08-11T01:01:17.772266+00:00
MNO,KT,,1681_초이스110_삼성,1681_초이스110,official_code,초이스110 (삼성),삼성,KT-통합요금제,False,,,,,,,True,100Kbps,,80.0,,80.0,quota,True,,300,True,,110000,82500,선택약정 25% 할인,,9,4,삼성 디바이스 | 지니뮤직 | 밀리의서재,VVIP,스마트기기 또는 데이터 쉐어링 스마트기기 월정액 / 데이터 쉐어링 각 1회선 할인,공유데이터 80GB,쇼핑라운지 할인쿠폰 5천원권,,https://product.kt.com/wDic/productDetail.do?ItemCode=1681,2026-08-11T01:01:17.772266+00:00
MNO,KT,,1681_초이스110_디바이스,1681_초이스110,official_code,초이스110 (디바이스),디바이스,KT-통합요금제,False,,,,,,,True,100Kbps,,80.0,,80.0,quota,True,,300,True,,110000,82500,선택약정 25% 할인,,9,3,지니뮤직 | 밀리의서재,VVIP,디바이스 | 스마트기기 또는 데이터 쉐어링 스마트기기 월정액 / 데이터 쉐어링 각 1회선 할인,공유데이터 80GB,쇼핑라운지 할인쿠폰 5천원권,,https://product.kt.com/wDic/productDetail.do?ItemCode=1681,2026-08-11T01:01:17.772266+00:00
MNO,KT,,1681_초이스110_가전구독,1681_초이스110,official_code,초이스110 (가전구독),가전구독,KT-통합요금제,False,,,,,,,True,100Kbps,,80.0,,80.0,quota,True,,300,True,,110000,82500,선택약정 25% 할인,,9,4,가전구독 | 지니뮤직 | 밀리의서재,VVIP,스마트기기 또는 데이터 쉐어링 스마트기기 월정액 / 데이터 쉐어링 각 1회선 할인,공유데이터 80GB,쇼핑라운지 할인쿠폰 5천원권,,https://product.kt.com/wDic/productDetail.do?ItemCode=1681,2026-08-11T01:01:17.772266+00:00
MNO,KT,,1681_초이스110_위버스,1681_초이스110,official_code,초이스110 (위버스),위버스,KT-통합요금제,False,,,,,,,True,100Kbps,,80.0,,80.0,quota,True,,300,True,,110000,82500,선택약정 25% 할인,,9,4,위버스 | 지니뮤직 | 밀리의서재,VVIP,스마트기기 또는 데이터 쉐어링 스마트기기 월정액 / 데이터 쉐어링 각 1회선 할인,공유데이터 80GB,쇼핑라운지 할인쿠폰 5천원권,,https://product.kt.com/wDic/productDetail.do?ItemCode=1681,2026-08-11T01:01:17.772266+00:00
MNO,KT,,1681_초이스90_유튜브프리미엄,1681_초이스90,official_code,초이스90 (유튜브 프리미엄),유튜브 프리미엄,KT-통합요금제,False,,,,,,,True,100Kbps,,60.0,,60.0,quota,True,,300,True,,90000,67500,선택약정 25% 할인,,4,1,유튜브 프리미엄,VIP,스마트기기 또는 데이터 쉐어링 데이터 쉐어링 1회선 할인,공유데이터 60GB,,,https://product.kt.com/wDic/productDetail.do?ItemCode=1681,2026-08-11T01:01:17.772266+00:00
MNO,KT,,1681_초이스90_넷플릭스,1681_초이스90,official_code,초이스90 (넷플릭스),넷플릭스,KT-통합요금제,False,,,,,,,True,100Kbps,,60.0,,60.0,quota,True,,300,True,,90000,67500,선택약정 25% 할인,,4,1,넷플릭스,VIP,스마트기기 또는 데이터 쉐어링 데이터 쉐어링 1회선 할인,공유데이터 60GB,,,https://product.kt.com/wDic/productDetail.do?ItemCode=1681,2026-08-11T01:01:17.772266+00:00
MNO,KT,,1681_초이스90_디즈니+,1681_초이스90,official_code,초이스90 (디즈니+),디즈니+,KT-통합요금제,False,,,,,,,True,100Kbps,,60.0,,60.0,quota,True,,300,True,,90000,67500,선택약정 25% 할인,,4,1,디즈니+,VIP,스마트기기 또는 데이터 쉐어링 데이터 쉐어링 1회선 할인,공유데이터 60GB,,,https://product.kt.com/wDic/productDetail.do?ItemCode=1681,2026-08-11T01:01:17.772266+00:00
MNO,KT,,1681_초이스90_티빙/지니/밀리,1681_초이스90,official_code,초이스90 (티빙/지니/밀리),티빙/지니/밀리,KT-통합요금제,False,,,,,,,True,100Kbps,,60.0,,60.0,quota,True,,300,True,,90000,67500,선택약정 25% 할인,,4,1,티빙,VIP,스마트기기 또는 데이터 쉐어링 데이터 쉐어링 1회선 할인,공유데이터 60GB,,,https://product.kt.com/wDic/productDetail.do?ItemCode=1681,2026-08-11T01:01:17.772266+00:00
MNO,KT,,1681_초이스90_GoogleAIPlus(400GB),1681_초이스90,official_code,초이스90 (GoogleAI Plus (400GB)),GoogleAI Plus (400GB),KT-통합요금제,False,,,,,,,True,100Kbps,,60.0,,60.0,quota,True,,300,True,,90000,67500,선택약정 25% 할인,,4,1,GoogleAI Plus (400GB),VIP,스마트기기 또는 데이터 쉐어링 데이터 쉐어링 1회선 할인,공유데이터 60GB,,,https://product.kt.com/wDic/productDetail.do?ItemCode=1681,2026-08-11T01:01:17.772266+00:00
MNO,KT,,1681_초이스90_폰케어,1681_초이스90,official_code,초이스90 (폰케어),폰케어,KT-통합요금제,False,,,,,,,True,100Kbps,,60.0,,60.0,quota,True,,300,True,,90000,67500,선택약정 25% 할인,,4,0,,VIP,스마트기기 또는 데이터 쉐어링 데이터 쉐어링 1회선 할인,공유데이터 60GB,,,https://product.kt.com/wDic/productDetail.do?ItemCode=1681,2026-08-11T01:01:17.772266+00:00
MNO,KT,,1681_초이스90_삼성,1681_초이스90,official_code,초이스90 (삼성),삼성,KT-통합요금제,False,,,,,,,True,100Kbps,,60.0,,60.0,quota,True,,300,True,,90000,67500,선택약정 25% 할인,,4,1,삼성 디바이스,VIP,스마트기기 또는 데이터 쉐어링 데이터 쉐어링 1회선 할인,공유데이터 60GB,,,https://product.kt.com/wDic/productDetail.do?ItemCode=1681,2026-08-11T01:01:17.772266+00:00
MNO,KT,,1681_초이스90_디바이스,1681_초이스90,official_code,초이스90 (디바이스),디바이스,KT-통합요금제,False,,,,,,,True,100Kbps,,60.0,,60.0,quota,True,,300,True,,90000,67500,선택약정 25% 할인,,4,0,,VIP,디바이스 | 스마트기기 또는 데이터 쉐어링 데이터 쉐어링 1회선 할인,공유데이터 60GB,,,https://product.kt.com/wDic/productDetail.do?ItemCode=1681,2026-08-11T01:01:17.772266+00:00
MNO,KT,,1681_초이스90_가전구독,1681_초이스90,official_code,초이스90 (가전구독),가전구독,KT-통합요금제,False,,,,,,,True,100Kbps,,60.0,,60.0,quota,True,,300,True,,90000,67500,선택약정 25% 할인,,4,1,가전구독,VIP,스마트기기 또는 데이터 쉐어링 데이터 쉐어링 1회선 할인,공유데이터 60GB,,,https://product.kt.com/wDic/productDetail.do?ItemCode=1681,2026-08-11T01:01:17.772266+00:00
MNO,KT,,1681_초이스90_위버스,1681_초이스90,official_code,초이스90 (위버스),위버스,KT-통합요금제,False,,,,,,,True,100Kbps,,60.0,,60.0,quota,True,,300,True,,90000,67500,선택약정 25% 할인,,4,1,위버스,VIP,스마트기기 또는 데이터 쉐어링 데이터 쉐어링 1회선 할인,공유데이터 60GB,,,https://product.kt.com/wDic/productDetail.do?ItemCode=1681,2026-08-11T01:01:17.772266+00:00
MNO,KT,,1681_초이스130_만 34세 이하_유튜브프리미엄,1681_초이스130,official_code,초이스130 (유튜브 프리미엄),유튜브 프리미엄,KT-통합요금제,False,만 34세 이하,,,,,,True,200Kbps,,100.0,100.0,200.0,quota,True,,300,True,,130000,97500,선택약정 25% 할인,,10,4,유튜브 프리미엄 | 지니뮤직 | 밀리의서재,VVIP,스마트기기 또는 데이터 쉐어링 스마트기기 월정액 2회선 / 데이터 쉐어링 1회선 할인,공유데이터 100GB | 만 34세 이하 +100GB,쇼핑라운지 할인쿠폰 5천원권,,https://product.kt.com/wDic/productDetail.do?ItemCode=1681,2026-08-11T01:01:17.772266+00:00
MNO,KT,,1681_초이스130_만 34세 이하_넷플릭스,1681_초이스130,official_code,초이스130 (넷플릭스),넷플릭스,KT-통합요금제,False,만 34세 이하,,,,,,True,200Kbps,,100.0,100.0,200.0,quota,True,,300,True,,130000,97500,선택약정 25% 할인,,10,4,넷플릭스 | 지니뮤직 | 밀리의서재,VVIP,스마트기기 또는 데이터 쉐어링 스마트기기 월정액 2회선 / 데이터 쉐어링 1회선 할인,공유데이터 100GB | 만 34세 이하 +100GB,쇼핑라운지 할인쿠폰 5천원권,,https://product.kt.com/wDic/productDetail.do?ItemCode=1681,2026-08-11T01:01:17.772266+00:00
MNO,KT,,1681_초이스130_만 34세 이하_디즈니+,1681_초이스130,official_code,초이스130 (디즈니+),디즈니+,KT-통합요금제,False,만 34세 이하,,,,,,True,200Kbps,,100.0,100.0,200.0,quota,True,,300,True,,130000,97500,선택약정 25% 할인,,10,4,디즈니+ | 지니뮤직 | 밀리의서재,VVIP,스마트기기 또는 데이터 쉐어링 스마트기기 월정액 2회선 / 데이터 쉐어링 1회선 할인,공유데이터 100GB | 만 34세 이하 +100GB,쇼핑라운지 할인쿠폰 5천원권,,https://product.kt.com/wDic/productDetail.do?ItemCode=1681,2026-08-11T01:01:17.772266+00:00
MNO,KT,,1681_초이스130_만 34세 이하_티빙/지니/밀리,1681_초이스130,official_code,초이스130 (티빙/지니/밀리),티빙/지니/밀리,KT-통합요금제,False,만 34세 이하,,,,,,True,200Kbps,,100.0,100.0,200.0,quota,True,,300,True,,130000,97500,선택약정 25% 할인,,10,4,티빙 | 지니뮤직 | 밀리의서재,VVIP,스마트기기 또는 데이터 쉐어링 스마트기기 월정액 2회선 / 데이터 쉐어링 1회선 할인,공유데이터 100GB | 만 34세 이하 +100GB,쇼핑라운지 할인쿠폰 5천원권,,https://product.kt.com/wDic/productDetail.do?ItemCode=1681,2026-08-11T01:01:17.772266+00:00
MNO,KT,,1681_초이스130_만 34세 이하_GoogleAIPlus(400GB),1681_초이스130,official_code,초이스130 (GoogleAI Plus (400GB)),GoogleAI Plus (400GB),KT-통합요금제,False,만 34세 이하,,,,,,True,200Kbps,,100.0,100.0,200.0,quota,True,,300,True,,130000,97500,선택약정 25% 할인,,10,4,지니뮤직 | 밀리의서재,VVIP,스마트기기 또는 데이터 쉐어링 스마트기기 월정액 2회선 / 데이터 쉐어링 1회선 할인,공유데이터 100GB | 만 34세 이하 +100GB,쇼핑라운지 할인쿠폰 5천원권,,https://product.kt.com/wDic/productDetail.do?ItemCode=1681,2026-08-11T01:01:17.772266+00:00
MNO,KT,,1681_초이스130_만 34세 이하_폰케어,1681_초이스130,official_code,초이스130 (폰케어),폰케어,KT-통합요금제,False,만 34세 이하,,,,,,True,200Kbps,,100.0,100.0,200.0,quota,True,,300,True,,130000,97500,선택약정 25% 할인,,10,3,지니뮤직 | 밀리의서재,VVIP,스마트기기 또는 데이터 쉐어링 스마트기기 월정액 2회선 / 데이터 쉐어링 1회선 할인,공유데이터 100GB | 만 34세 이하 +100GB,쇼핑라운지 할인쿠폰 5천원권,,https://product.kt.com/wDic/productDetail.do?ItemCode=1681,2026-08-11T01:01:17.772266+00:00
MNO,KT,,1681_초이스130_만 34세 이하_삼성,1681_초이스130,official_code,초이스130 (삼성),삼성,KT-통합요금제,False,만 34세 이하,,,,,,True,200Kbps,,100.0,100.0,200.0,quota,True,,300,True,,130000,97500,선택약정 25% 할인,,10,4,삼성 디바이스 | 지니뮤직 | 밀리의서재,VVIP,스마트기기 또는 데이터 쉐어링 스마트기기 월정액 2회선 / 데이터 쉐어링 1회선 할인,공유데이터 100GB | 만 34세 이하 +100GB,쇼핑라운지 할인쿠폰 5천원권,,https://product.kt.com/wDic/productDetail.do?ItemCode=1681,2026-08-11T01:01:17.772266+00:00
MNO,KT,,1681_초이스130_만 34세 이하_디바이스,1681_초이스130,official_code,초이스130 (디바이스),디바이스,KT-통합요금제,False,만 34세 이하,,,,,,True,200Kbps,,100.0,100.0,200.0,quota,True,,300,True,,130000,97500,선택약정 25% 할인,,10,3,지니뮤직 | 밀리의서재,VVIP,디바이스 | 스마트기기 또는 데이터 쉐어링 스마트기기 월정액 2회선 / 데이터 쉐어링 1회선 할인,공유데이터 100GB | 만 34세 이하 +100GB,쇼핑라운지 할인쿠폰 5천원권,,https://product.kt.com/wDic/productDetail.do?ItemCode=1681,2026-08-11T01:01:17.772266+00:00
MNO,KT,,1681_초이스130_만 34세 이하_가전구독,1681_초이스130,official_code,초이스130 (가전구독),가전구독,KT-통합요금제,False,만 34세 이하,,,,,,True,200Kbps,,100.0,100.0,200.0,quota,True,,300,True,,130000,97500,선택약정 25% 할인,,10,4,가전구독 | 지니뮤직 | 밀리의서재,VVIP,스마트기기 또는 데이터 쉐어링 스마트기기 월정액 2회선 / 데이터 쉐어링 1회선 할인,공유데이터 100GB | 만 34세 이하 +100GB,쇼핑라운지 할인쿠폰 5천원권,,https://product.kt.com/wDic/productDetail.do?ItemCode=1681,2026-08-11T01:01:17.772266+00:00
MNO,KT,,1681_초이스130_만 34세 이하_위버스,1681_초이스130,official_code,초이스130 (위버스),위버스,KT-통합요금제,False,만 34세 이하,,,,,,True,200Kbps,,100.0,100.0,200.0,quota,True,,300,True,,130000,97500,선택약정 25% 할인,,10,4,위버스 | 지니뮤직 | 밀리의서재,VVIP,스마트기기 또는 데이터 쉐어링 스마트기기 월정액 2회선 / 데이터 쉐어링 1회선 할인,공유데이터 100GB | 만 34세 이하 +100GB,쇼핑라운지 할인쿠폰 5천원권,,https://product.kt.com/wDic/productDetail.do?ItemCode=1681,2026-08-11T01:01:17.772266+00:00
MNO,KT,,1681_초이스110_만 34세 이하_유튜브프리미엄,1681_초이스110,official_code,초이스110 (유튜브 프리미엄),유튜브 프리미엄,KT-통합요금제,False,만 34세 이하,,,,,,True,100Kbps,,80.0,80.0,160.0,quota,True,,300,True,,110000,82500,선택약정 25% 할인,,10,4,유튜브 프리미엄 | 지니뮤직 | 밀리의서재,VVIP,스마트기기 또는 데이터 쉐어링 스마트기기 월정액 / 데이터 쉐어링 각 1회선 할인,공유데이터 80GB | 만 34세 이하 +80GB,쇼핑라운지 할인쿠폰 5천원권,,https://product.kt.com/wDic/productDetail.do?ItemCode=1681,2026-08-11T01:01:17.772266+00:00
MNO,KT,,1681_초이스110_만 34세 이하_넷플릭스,1681_초이스110,official_code,초이스110 (넷플릭스),넷플릭스,KT-통합요금제,False,만 34세 이하,,,,,,True,100Kbps,,80.0,80.0,160.0,quota,True,,300,True,,110000,82500,선택약정 25% 할인,,10,4,넷플릭스 | 지니뮤직 | 밀리의서재,VVIP,스마트기기 또는 데이터 쉐어링 스마트기기 월정액 / 데이터 쉐어링 각 1회선 할인,공유데이터 80GB | 만 34세 이하 +80GB,쇼핑라운지 할인쿠폰 5천원권,,https://product.kt.com/wDic/productDetail.do?ItemCode=1681,2026-08-11T01:01:17.772266+00:00
MNO,KT,,1681_초이스110_만 34세 이하_디즈니+,1681_초이스110,official_code,초이스110 (디즈니+),디즈니+,KT-통합요금제,False,만 34세 이하,,,,,,True,100Kbps,,80.0,80.0,160.0,quota,True,,300,True,,110000,82500,선택약정 25% 할인,,10,4,디즈니+ | 지니뮤직 | 밀리의서재,VVIP,스마트기기 또는 데이터 쉐어링 스마트기기 월정액 / 데이터 쉐어링 각 1회선 할인,공유데이터 80GB | 만 34세 이하 +80GB,쇼핑라운지 할인쿠폰 5천원권,,https://product.kt.com/wDic/productDetail.do?ItemCode=1681,2026-08-11T01:01:17.772266+00:00
MNO,KT,,1681_초이스110_만 34세 이하_티빙/지니/밀리,1681_초이스110,official_code,초이스110 (티빙/지니/밀리),티빙/지니/밀리,KT-통합요금제,False,만 34세 이하,,,,,,True,100Kbps,,80.0,80.0,160.0,quota,True,,300,True,,110000,82500,선택약정 25% 할인,,10,4,티빙 | 지니뮤직 | 밀리의서재,VVIP,스마트기기 또는 데이터 쉐어링 스마트기기 월정액 / 데이터 쉐어링 각 1회선 할인,공유데이터 80GB | 만 34세 이하 +80GB,쇼핑라운지 할인쿠폰 5천원권,,https://product.kt.com/wDic/productDetail.do?ItemCode=1681,2026-08-11T01:01:17.772266+00:00
MNO,KT,,1681_초이스110_만 34세 이하_GoogleAIPlus(400GB),1681_초이스110,official_code,초이스110 (GoogleAI Plus (400GB)),GoogleAI Plus (400GB),KT-통합요금제,False,만 34세 이하,,,,,,True,100Kbps,,80.0,80.0,160.0,quota,True,,300,True,,110000,82500,선택약정 25% 할인,,10,4,지니뮤직 | 밀리의서재,VVIP,스마트기기 또는 데이터 쉐어링 스마트기기 월정액 / 데이터 쉐어링 각 1회선 할인,공유데이터 80GB | 만 34세 이하 +80GB,쇼핑라운지 할인쿠폰 5천원권,,https://product.kt.com/wDic/productDetail.do?ItemCode=1681,2026-08-11T01:01:17.772266+00:00
MNO,KT,,1681_초이스110_만 34세 이하_폰케어,1681_초이스110,official_code,초이스110 (폰케어),폰케어,KT-통합요금제,False,만 34세 이하,,,,,,True,100Kbps,,80.0,80.0,160.0,quota,True,,300,True,,110000,82500,선택약정 25% 할인,,10,3,지니뮤직 | 밀리의서재,VVIP,스마트기기 또는 데이터 쉐어링 스마트기기 월정액 / 데이터 쉐어링 각 1회선 할인,공유데이터 80GB | 만 34세 이하 +80GB,쇼핑라운지 할인쿠폰 5천원권,,https://product.kt.com/wDic/productDetail.do?ItemCode=1681,2026-08-11T01:01:17.772266+00:00
MNO,KT,,1681_초이스110_만 34세 이하_삼성,1681_초이스110,official_code,초이스110 (삼성),삼성,KT-통합요금제,False,만 34세 이하,,,,,,True,100Kbps,,80.0,80.0,160.0,quota,True,,300,True,,110000,82500,선택약정 25% 할인,,10,4,삼성 디바이스 | 지니뮤직 | 밀리의서재,VVIP,스마트기기 또는 데이터 쉐어링 스마트기기 월정액 / 데이터 쉐어링 각 1회선 할인,공유데이터 80GB | 만 34세 이하 +80GB,쇼핑라운지 할인쿠폰 5천원권,,https://product.kt.com/wDic/productDetail.do?ItemCode=1681,2026-08-11T01:01:17.772266+00:00
MNO,KT,,1681_초이스110_만 34세 이하_디바이스,1681_초이스110,official_code,초이스110 (디바이스),디바이스,KT-통합요금제,False,만 34세 이하,,,,,,True,100Kbps,,80.0,80.0,160.0,quota,True,,300,True,,110000,82500,선택약정 25% 할인,,10,3,지니뮤직 | 밀리의서재,VVIP,디바이스 | 스마트기기 또는 데이터 쉐어링 스마트기기 월정액 / 데이터 쉐어링 각 1회선 할인,공유데이터 80GB | 만 34세 이하 +80GB,쇼핑라운지 할인쿠폰 5천원권,,https://product.kt.com/wDic/productDetail.do?ItemCode=1681,2026-08-11T01:01:17.772266+00:00
MNO,KT,,1681_초이스110_만 34세 이하_가전구독,1681_초이스110,official_code,초이스110 (가전구독),가전구독,KT-통합요금제,False,만 34세 이하,,,,,,True,100Kbps,,80.0,80.0,160.0,quota,True,,300,True,,110000,82500,선택약정 25% 할인,,10,4,가전구독 | 지니뮤직 | 밀리의서재,VVIP,스마트기기 또는 데이터 쉐어링 스마트기기 월정액 / 데이터 쉐어링 각 1회선 할인,공유데이터 80GB | 만 34세 이하 +80GB,쇼핑라운지 할인쿠폰 5천원권,,https://product.kt.com/wDic/productDetail.do?ItemCode=1681,2026-08-11T01:01:17.772266+00:00
MNO,KT,,1681_초이스110_만 34세 이하_위버스,1681_초이스110,official_code,초이스110 (위버스),위버스,KT-통합요금제,False,만 34세 이하,,,,,,True,100Kbps,,80.0,80.0,160.0,quota,True,,300,True,,110000,82500,선택약정 25% 할인,,10,4,위버스 | 지니뮤직 | 밀리의서재,VVIP,스마트기기 또는 데이터 쉐어링 스마트기기 월정액 / 데이터 쉐어링 각 1회선 할인,공유데이터 80GB | 만 34세 이하 +80GB,쇼핑라운지 할인쿠폰 5천원권,,https://product.kt.com/wDic/productDetail.do?ItemCode=1681,2026-08-11T01:01:17.772266+00:00
MNO,KT,,1681_초이스90_만 34세 이하_유튜브프리미엄,1681_초이스90,official_code,초이스90 (유튜브 프리미엄),유튜브 프리미엄,KT-통합요금제,False,만 34세 이하,,,,,,True,100Kbps,,60.0,60.0,120.0,quota,True,,300,True,,90000,67500,선택약정 25% 할인,,6,1,유튜브 프리미엄,VIP,스마트기기 또는 데이터 쉐어링 데이터 쉐어링 1회선 할인,공유데이터 60GB | 만 34세 이하 +60GB,,,https://product.kt.com/wDic/productDetail.do?ItemCode=1681,2026-08-11T01:01:17.772266+00:00
MNO,KT,,1681_초이스90_만 34세 이하_넷플릭스,1681_초이스90,official_code,초이스90 (넷플릭스),넷플릭스,KT-통합요금제,False,만 34세 이하,,,,,,True,100Kbps,,60.0,60.0,120.0,quota,True,,300,True,,90000,67500,선택약정 25% 할인,,6,1,넷플릭스,VIP,스마트기기 또는 데이터 쉐어링 데이터 쉐어링 1회선 할인,공유데이터 60GB | 만 34세 이하 +60GB,,,https://product.kt.com/wDic/productDetail.do?ItemCode=1681,2026-08-11T01:01:17.772266+00:00
MNO,KT,,1681_초이스90_만 34세 이하_디즈니+,1681_초이스90,official_code,초이스90 (디즈니+),디즈니+,KT-통합요금제,False,만 34세 이하,,,,,,True,100Kbps,,60.0,60.0,120.0,quota,True,,300,True,,90000,67500,선택약정 25% 할인,,6,1,디즈니+,VIP,스마트기기 또는 데이터 쉐어링 데이터 쉐어링 1회선 할인,공유데이터 60GB | 만 34세 이하 +60GB,,,https://product.kt.com/wDic/productDetail.do?ItemCode=1681,2026-08-11T01:01:17.772266+00:00
MNO,KT,,1681_초이스90_만 34세 이하_티빙/지니/밀리,1681_초이스90,official_code,초이스90 (티빙/지니/밀리),티빙/지니/밀리,KT-통합요금제,False,만 34세 이하,,,,,,True,100Kbps,,60.0,60.0,120.0,quota,True,,300,True,,90000,67500,선택약정 25% 할인,,6,1,티빙,VIP,스마트기기 또는 데이터 쉐어링 데이터 쉐어링 1회선 할인,공유데이터 60GB | 만 34세 이하 +60GB,,,https://product.kt.com/wDic/productDetail.do?ItemCode=1681,2026-08-11T01:01:17.772266+00:00
MNO,KT,,1681_초이스90_만 34세 이하_GoogleAIPlus(400GB),1681_초이스90,official_code,초이스90 (GoogleAI Plus (400GB)),GoogleAI Plus (400GB),KT-통합요금제,False,만 34세 이하,,,,,,True,100Kbps,,60.0,60.0,120.0,quota,True,,300,True,,90000,67500,선택약정 25% 할인,,6,1,GoogleAI Plus (400GB),VIP,스마트기기 또는 데이터 쉐어링 데이터 쉐어링 1회선 할인,공유데이터 60GB | 만 34세 이하 +60GB,,,https://product.kt.com/wDic/productDetail.do?ItemCode=1681,2026-08-11T01:01:17.772266+00:00
MNO,KT,,1681_초이스90_만 34세 이하_폰케어,1681_초이스90,official_code,초이스90 (폰케어),폰케어,KT-통합요금제,False,만 34세 이하,,,,,,True,100Kbps,,60.0,60.0,120.0,quota,True,,300,True,,90000,67500,선택약정 25% 할인,,6,0,,VIP,스마트기기 또는 데이터 쉐어링 데이터 쉐어링 1회선 할인,공유데이터 60GB | 만 34세 이하 +60GB,,,https://product.kt.com/wDic/productDetail.do?ItemCode=1681,2026-08-11T01:01:17.772266+00:00
MNO,KT,,1681_초이스90_만 34세 이하_삼성,1681_초이스90,official_code,초이스90 (삼성),삼성,KT-통합요금제,False,만 34세 이하,,,,,,True,100Kbps,,60.0,60.0,120.0,quota,True,,300,True,,90000,67500,선택약정 25% 할인,,6,1,삼성 디바이스,VIP,스마트기기 또는 데이터 쉐어링 데이터 쉐어링 1회선 할인,공유데이터 60GB | 만 34세 이하 +60GB,,,https://product.kt.com/wDic/productDetail.do?ItemCode=1681,2026-08-11T01:01:17.772266+00:00
MNO,KT,,1681_초이스90_만 34세 이하_디바이스,1681_초이스90,official_code,초이스90 (디바이스),디바이스,KT-통합요금제,False,만 34세 이하,,,,,,True,100Kbps,,60.0,60.0,120.0,quota,True,,300,True,,90000,67500,선택약정 25% 할인,,6,0,,VIP,디바이스 | 스마트기기 또는 데이터 쉐어링 데이터 쉐어링 1회선 할인,공유데이터 60GB | 만 34세 이하 +60GB,,,https://product.kt.com/wDic/productDetail.do?ItemCode=1681,2026-08-11T01:01:17.772266+00:00
MNO,KT,,1681_초이스90_만 34세 이하_가전구독,1681_초이스90,official_code,초이스90 (가전구독),가전구독,KT-통합요금제,False,만 34세 이하,,,,,,True,100Kbps,,60.0,60.0,120.0,quota,True,,300,True,,90000,67500,선택약정 25% 할인,,6,1,가전구독,VIP,스마트기기 또는 데이터 쉐어링 데이터 쉐어링 1회선 할인,공유데이터 60GB | 만 34세 이하 +60GB,,,https://product.kt.com/wDic/productDetail.do?ItemCode=1681,2026-08-11T01:01:17.772266+00:00
MNO,KT,,1681_초이스90_만 34세 이하_위버스,1681_초이스90,official_code,초이스90 (위버스),위버스,KT-통합요금제,False,만 34세 이하,,,,,,True,100Kbps,,60.0,60.0,120.0,quota,True,,300,True,,90000,67500,선택약정 25% 할인,,6,1,위버스,VIP,스마트기기 또는 데이터 쉐어링 데이터 쉐어링 1회선 할인,공유데이터 60GB | 만 34세 이하 +60GB,,,https://product.kt.com/wDic/productDetail.do?ItemCode=1681,2026-08-11T01:01:17.772266+00:00
MNO,KT,,1681_초이스130_만 18세 이하_유튜브프리미엄,1681_초이스130,official_code,초이스130 (유튜브 프리미엄),유튜브 프리미엄,KT-통합요금제,False,만 18세 이하,,,,,,True,200Kbps,,100.0,100.0,200.0,quota,True,,300,True,,130000,97500,선택약정 25% 할인,,11,4,유튜브 프리미엄 | 지니뮤직 | 밀리의서재,VVIP,스마트기기 또는 데이터 쉐어링 스마트기기 월정액 2회선 / 데이터 쉐어링 1회선 할인,공유데이터 100GB | 만 18세 이하 +100GB,쇼핑라운지 할인쿠폰 5천원권,,https://product.kt.com/wDic/productDetail.do?ItemCode=1681,2026-08-11T01:01:17.772266+00:00
MNO,KT,,1681_초이스130_만 18세 이하_넷플릭스,1681_초이스130,official_code,초이스130 (넷플릭스),넷플릭스,KT-통합요금제,False,만 18세 이하,,,,,,True,200Kbps,,100.0,100.0,200.0,quota,True,,300,True,,130000,97500,선택약정 25% 할인,,11,4,넷플릭스 | 지니뮤직 | 밀리의서재,VVIP,스마트기기 또는 데이터 쉐어링 스마트기기 월정액 2회선 / 데이터 쉐어링 1회선 할인,공유데이터 100GB | 만 18세 이하 +100GB,쇼핑라운지 할인쿠폰 5천원권,,https://product.kt.com/wDic/productDetail.do?ItemCode=1681,2026-08-11T01:01:17.772266+00:00
MNO,KT,,1681_초이스130_만 18세 이하_디즈니+,1681_초이스130,official_code,초이스130 (디즈니+),디즈니+,KT-통합요금제,False,만 18세 이하,,,,,,True,200Kbps,,100.0,100.0,200.0,quota,True,,300,True,,130000,97500,선택약정 25% 할인,,11,4,디즈니+ | 지니뮤직 | 밀리의서재,VVIP,스마트기기 또는 데이터 쉐어링 스마트기기 월정액 2회선 / 데이터 쉐어링 1회선 할인,공유데이터 100GB | 만 18세 이하 +100GB,쇼핑라운지 할인쿠폰 5천원권,,https://product.kt.com/wDic/productDetail.do?ItemCode=1681,2026-08-11T01:01:17.772266+00:00
MNO,KT,,1681_초이스130_만 18세 이하_티빙/지니/밀리,1681_초이스130,official_code,초이스130 (티빙/지니/밀리),티빙/지니/밀리,KT-통합요금제,False,만 18세 이하,,,,,,True,200Kbps,,100.0,100.0,200.0,quota,True,,300,True,,130000,97500,선택약정 25% 할인,,11,4,티빙 | 지니뮤직 | 밀리의서재,VVIP,스마트기기 또는 데이터 쉐어링 스마트기기 월정액 2회선 / 데이터 쉐어링 1회선 할인,공유데이터 100GB | 만 18세 이하 +100GB,쇼핑라운지 할인쿠폰 5천원권,,https://product.kt.com/wDic/productDetail.do?ItemCode=1681,2026-08-11T01:01:17.772266+00:00
MNO,KT,,1681_초이스130_만 18세 이하_GoogleAIPlus(400GB),1681_초이스130,official_code,초이스130 (GoogleAI Plus (400GB)),GoogleAI Plus (400GB),KT-통합요금제,False,만 18세 이하,,,,,,True,200Kbps,,100.0,100.0,200.0,quota,True,,300,True,,130000,97500,선택약정 25% 할인,,11,4,지니뮤직 | 밀리의서재,VVIP,스마트기기 또는 데이터 쉐어링 스마트기기 월정액 2회선 / 데이터 쉐어링 1회선 할인,공유데이터 100GB | 만 18세 이하 +100GB,쇼핑라운지 할인쿠폰 5천원권,,https://product.kt.com/wDic/productDetail.do?ItemCode=1681,2026-08-11T01:01:17.772266+00:00
MNO,KT,,1681_초이스130_만 18세 이하_폰케어,1681_초이스130,official_code,초이스130 (폰케어),폰케어,KT-통합요금제,False,만 18세 이하,,,,,,True,200Kbps,,100.0,100.0,200.0,quota,True,,300,True,,130000,97500,선택약정 25% 할인,,11,3,지니뮤직 | 밀리의서재,VVIP,스마트기기 또는 데이터 쉐어링 스마트기기 월정액 2회선 / 데이터 쉐어링 1회선 할인,공유데이터 100GB | 만 18세 이하 +100GB,쇼핑라운지 할인쿠폰 5천원권,,https://product.kt.com/wDic/productDetail.do?ItemCode=1681,2026-08-11T01:01:17.772266+00:00
MNO,KT,,1681_초이스130_만 18세 이하_삼성,1681_초이스130,official_code,초이스130 (삼성),삼성,KT-통합요금제,False,만 18세 이하,,,,,,True,200Kbps,,100.0,100.0,200.0,quota,True,,300,True,,130000,97500,선택약정 25% 할인,,11,4,삼성 디바이스 | 지니뮤직 | 밀리의서재,VVIP,스마트기기 또는 데이터 쉐어링 스마트기기 월정액 2회선 / 데이터 쉐어링 1회선 할인,공유데이터 100GB | 만 18세 이하 +100GB,쇼핑라운지 할인쿠폰 5천원권,,https://product.kt.com/wDic/productDetail.do?ItemCode=1681,2026-08-11T01:01:17.772266+00:00
MNO,KT,,1681_초이스130_만 18세 이하_디바이스,1681_초이스130,official_code,초이스130 (디바이스),디바이스,KT-통합요금제,False,만 18세 이하,,,,,,True,200Kbps,,100.0,100.0,200.0,quota,True,,300,True,,130000,97500,선택약정 25% 할인,,11,3,지니뮤직 | 밀리의서재,VVIP,디바이스 | 스마트기기 또는 데이터 쉐어링 스마트기기 월정액 2회선 / 데이터 쉐어링 1회선 할인,공유데이터 100GB | 만 18세 이하 +100GB,쇼핑라운지 할인쿠폰 5천원권,,https://product.kt.com/wDic/productDetail.do?ItemCode=1681,2026-08-11T01:01:17.772266+00:00
MNO,KT,,1681_초이스130_만 18세 이하_가전구독,1681_초이스130,official_code,초이스130 (가전구독),가전구독,KT-통합요금제,False,만 18세 이하,,,,,,True,200Kbps,,100.0,100.0,200.0,quota,True,,300,True,,130000,97500,선택약정 25% 할인,,11,4,가전구독 | 지니뮤직 | 밀리의서재,VVIP,스마트기기 또는 데이터 쉐어링 스마트기기 월정액 2회선 / 데이터 쉐어링 1회선 할인,공유데이터 100GB | 만 18세 이하 +100GB,쇼핑라운지 할인쿠폰 5천원권,,https://product.kt.com/wDic/productDetail.do?ItemCode=1681,2026-08-11T01:01:17.772266+00:00
MNO,KT,,1681_초이스130_만 18세 이하_위버스,1681_초이스130,official_code,초이스130 (위버스),위버스,KT-통합요금제,False,만 18세 이하,,,,,,True,200Kbps,,100.0,100.0,200.0,quota,True,,300,True,,130000,97500,선택약정 25% 할인,,11,4,위버스 | 지니뮤직 | 밀리의서재,VVIP,스마트기기 또는 데이터 쉐어링 스마트기기 월정액 2회선 / 데이터 쉐어링 1회선 할인,공유데이터 100GB | 만 18세 이하 +100GB,쇼핑라운지 할인쿠폰 5천원권,,https://product.kt.com/wDic/productDetail.do?ItemCode=1681,2026-08-11T01:01:17.772266+00:00
MNO,KT,,1681_초이스110_만 18세 이하_유튜브프리미엄,1681_초이스110,official_code,초이스110 (유튜브 프리미엄),유튜브 프리미엄,KT-통합요금제,False,만 18세 이하,,,,,,True,100Kbps,,80.0,80.0,160.0,quota,True,,300,True,,110000,82500,선택약정 25% 할인,,11,4,유튜브 프리미엄 | 지니뮤직 | 밀리의서재,VVIP,스마트기기 또는 데이터 쉐어링 스마트기기 월정액 / 데이터 쉐어링 각 1회선 할인,공유데이터 80GB | 만 18세 이하 +80GB,쇼핑라운지 할인쿠폰 5천원권,,https://product.kt.com/wDic/productDetail.do?ItemCode=1681,2026-08-11T01:01:17.772266+00:00
MNO,KT,,1681_초이스110_만 18세 이하_넷플릭스,1681_초이스110,official_code,초이스110 (넷플릭스),넷플릭스,KT-통합요금제,False,만 18세 이하,,,,,,True,100Kbps,,80.0,80.0,160.0,quota,True,,300,True,,110000,82500,선택약정 25% 할인,,11,4,넷플릭스 | 지니뮤직 | 밀리의서재,VVIP,스마트기기 또는 데이터 쉐어링 스마트기기 월정액 / 데이터 쉐어링 각 1회선 할인,공유데이터 80GB | 만 18세 이하 +80GB,쇼핑라운지 할인쿠폰 5천원권,,https://product.kt.com/wDic/productDetail.do?ItemCode=1681,2026-08-11T01:01:17.772266+00:00
MNO,KT,,1681_초이스110_만 18세 이하_디즈니+,1681_초이스110,official_code,초이스110 (디즈니+),디즈니+,KT-통합요금제,False,만 18세 이하,,,,,,True,100Kbps,,80.0,80.0,160.0,quota,True,,300,True,,110000,82500,선택약정 25% 할인,,11,4,디즈니+ | 지니뮤직 | 밀리의서재,VVIP,스마트기기 또는 데이터 쉐어링 스마트기기 월정액 / 데이터 쉐어링 각 1회선 할인,공유데이터 80GB | 만 18세 이하 +80GB,쇼핑라운지 할인쿠폰 5천원권,,https://product.kt.com/wDic/productDetail.do?ItemCode=1681,2026-08-11T01:01:17.772266+00:00
MNO,KT,,1681_초이스110_만 18세 이하_티빙/지니/밀리,1681_초이스110,official_code,초이스110 (티빙/지니/밀리),티빙/지니/밀리,KT-통합요금제,False,만 18세 이하,,,,,,True,100Kbps,,80.0,80.0,160.0,quota,True,,300,True,,110000,82500,선택약정 25% 할인,,11,4,티빙 | 지니뮤직 | 밀리의서재,VVIP,스마트기기 또는 데이터 쉐어링 스마트기기 월정액 / 데이터 쉐어링 각 1회선 할인,공유데이터 80GB | 만 18세 이하 +80GB,쇼핑라운지 할인쿠폰 5천원권,,https://product.kt.com/wDic/productDetail.do?ItemCode=1681,2026-08-11T01:01:17.772266+00:00
MNO,KT,,1681_초이스110_만 18세 이하_GoogleAIPlus(400GB),1681_초이스110,official_code,초이스110 (GoogleAI Plus (400GB)),GoogleAI Plus (400GB),KT-통합요금제,False,만 18세 이하,,,,,,True,100Kbps,,80.0,80.0,160.0,quota,True,,300,True,,110000,82500,선택약정 25% 할인,,11,4,지니뮤직 | 밀리의서재,VVIP,스마트기기 또는 데이터 쉐어링 스마트기기 월정액 / 데이터 쉐어링 각 1회선 할인,공유데이터 80GB | 만 18세 이하 +80GB,쇼핑라운지 할인쿠폰 5천원권,,https://product.kt.com/wDic/productDetail.do?ItemCode=1681,2026-08-11T01:01:17.772266+00:00
MNO,KT,,1681_초이스110_만 18세 이하_폰케어,1681_초이스110,official_code,초이스110 (폰케어),폰케어,KT-통합요금제,False,만 18세 이하,,,,,,True,100Kbps,,80.0,80.0,160.0,quota,True,,300,True,,110000,82500,선택약정 25% 할인,,11,3,지니뮤직 | 밀리의서재,VVIP,스마트기기 또는 데이터 쉐어링 스마트기기 월정액 / 데이터 쉐어링 각 1회선 할인,공유데이터 80GB | 만 18세 이하 +80GB,쇼핑라운지 할인쿠폰 5천원권,,https://product.kt.com/wDic/productDetail.do?ItemCode=1681,2026-08-11T01:01:17.772266+00:00
MNO,KT,,1681_초이스110_만 18세 이하_삼성,1681_초이스110,official_code,초이스110 (삼성),삼성,KT-통합요금제,False,만 18세 이하,,,,,,True,100Kbps,,80.0,80.0,160.0,quota,True,,300,True,,110000,82500,선택약정 25% 할인,,11,4,삼성 디바이스 | 지니뮤직 | 밀리의서재,VVIP,스마트기기 또는 데이터 쉐어링 스마트기기 월정액 / 데이터 쉐어링 각 1회선 할인,공유데이터 80GB | 만 18세 이하 +80GB,쇼핑라운지 할인쿠폰 5천원권,,https://product.kt.com/wDic/productDetail.do?ItemCode=1681,2026-08-11T01:01:17.772266+00:00
MNO,KT,,1681_초이스110_만 18세 이하_디바이스,1681_초이스110,official_code,초이스110 (디바이스),디바이스,KT-통합요금제,False,만 18세 이하,,,,,,True,100Kbps,,80.0,80.0,160.0,quota,True,,300,True,,110000,82500,선택약정 25% 할인,,11,3,지니뮤직 | 밀리의서재,VVIP,디바이스 | 스마트기기 또는 데이터 쉐어링 스마트기기 월정액 / 데이터 쉐어링 각 1회선 할인,공유데이터 80GB | 만 18세 이하 +80GB,쇼핑라운지 할인쿠폰 5천원권,,https://product.kt.com/wDic/productDetail.do?ItemCode=1681,2026-08-11T01:01:17.772266+00:00
MNO,KT,,1681_초이스110_만 18세 이하_가전구독,1681_초이스110,official_code,초이스110 (가전구독),가전구독,KT-통합요금제,False,만 18세 이하,,,,,,True,100Kbps,,80.0,80.0,160.0,quota,True,,300,True,,110000,82500,선택약정 25% 할인,,11,4,가전구독 | 지니뮤직 | 밀리의서재,VVIP,스마트기기 또는 데이터 쉐어링 스마트기기 월정액 / 데이터 쉐어링 각 1회선 할인,공유데이터 80GB | 만 18세 이하 +80GB,쇼핑라운지 할인쿠폰 5천원권,,https://product.kt.com/wDic/productDetail.do?ItemCode=1681,2026-08-11T01:01:17.772266+00:00
MNO,KT,,1681_초이스110_만 18세 이하_위버스,1681_초이스110,official_code,초이스110 (위버스),위버스,KT-통합요금제,False,만 18세 이하,,,,,,True,100Kbps,,80.0,80.0,160.0,quota,True,,300,True,,110000,82500,선택약정 25% 할인,,11,4,위버스 | 지니뮤직 | 밀리의서재,VVIP,스마트기기 또는 데이터 쉐어링 스마트기기 월정액 / 데이터 쉐어링 각 1회선 할인,공유데이터 80GB | 만 18세 이하 +80GB,쇼핑라운지 할인쿠폰 5천원권,,https://product.kt.com/wDic/productDetail.do?ItemCode=1681,2026-08-11T01:01:17.772266+00:00
MNO,KT,,1681_초이스90_만 18세 이하_유튜브프리미엄,1681_초이스90,official_code,초이스90 (유튜브 프리미엄),유튜브 프리미엄,KT-통합요금제,False,만 18세 이하,,,,,,True,100Kbps,,60.0,60.0,120.0,quota,True,,300,True,,90000,67500,선택약정 25% 할인,,6,1,유튜브 프리미엄,VIP,스마트기기 또는 데이터 쉐어링 데이터 쉐어링 1회선 할인,공유데이터 60GB | 만 18세 이하 +60GB,,,https://product.kt.com/wDic/productDetail.do?ItemCode=1681,2026-08-11T01:01:17.772266+00:00
MNO,KT,,1681_초이스90_만 18세 이하_넷플릭스,1681_초이스90,official_code,초이스90 (넷플릭스),넷플릭스,KT-통합요금제,False,만 18세 이하,,,,,,True,100Kbps,,60.0,60.0,120.0,quota,True,,300,True,,90000,67500,선택약정 25% 할인,,6,1,넷플릭스,VIP,스마트기기 또는 데이터 쉐어링 데이터 쉐어링 1회선 할인,공유데이터 60GB | 만 18세 이하 +60GB,,,https://product.kt.com/wDic/productDetail.do?ItemCode=1681,2026-08-11T01:01:17.772266+00:00
MNO,KT,,1681_초이스90_만 18세 이하_디즈니+,1681_초이스90,official_code,초이스90 (디즈니+),디즈니+,KT-통합요금제,False,만 18세 이하,,,,,,True,100Kbps,,60.0,60.0,120.0,quota,True,,300,True,,90000,67500,선택약정 25% 할인,,6,1,디즈니+,VIP,스마트기기 또는 데이터 쉐어링 데이터 쉐어링 1회선 할인,공유데이터 60GB | 만 18세 이하 +60GB,,,https://product.kt.com/wDic/productDetail.do?ItemCode=1681,2026-08-11T01:01:17.772266+00:00
MNO,KT,,1681_초이스90_만 18세 이하_티빙/지니/밀리,1681_초이스90,official_code,초이스90 (티빙/지니/밀리),티빙/지니/밀리,KT-통합요금제,False,만 18세 이하,,,,,,True,100Kbps,,60.0,60.0,120.0,quota,True,,300,True,,90000,67500,선택약정 25% 할인,,6,1,티빙,VIP,스마트기기 또는 데이터 쉐어링 데이터 쉐어링 1회선 할인,공유데이터 60GB | 만 18세 이하 +60GB,,,https://product.kt.com/wDic/productDetail.do?ItemCode=1681,2026-08-11T01:01:17.772266+00:00
MNO,KT,,1681_초이스90_만 18세 이하_GoogleAIPlus(400GB),1681_초이스90,official_code,초이스90 (GoogleAI Plus (400GB)),GoogleAI Plus (400GB),KT-통합요금제,False,만 18세 이하,,,,,,True,100Kbps,,60.0,60.0,120.0,quota,True,,300,True,,90000,67500,선택약정 25% 할인,,6,1,GoogleAI Plus (400GB),VIP,스마트기기 또는 데이터 쉐어링 데이터 쉐어링 1회선 할인,공유데이터 60GB | 만 18세 이하 +60GB,,,https://product.kt.com/wDic/productDetail.do?ItemCode=1681,2026-08-11T01:01:17.772266+00:00
MNO,KT,,1681_초이스90_만 18세 이하_폰케어,1681_초이스90,official_code,초이스90 (폰케어),폰케어,KT-통합요금제,False,만 18세 이하,,,,,,True,100Kbps,,60.0,60.0,120.0,quota,True,,300,True,,90000,67500,선택약정 25% 할인,,6,0,,VIP,스마트기기 또는 데이터 쉐어링 데이터 쉐어링 1회선 할인,공유데이터 60GB | 만 18세 이하 +60GB,,,https://product.kt.com/wDic/productDetail.do?ItemCode=1681,2026-08-11T01:01:17.772266+00:00
MNO,KT,,1681_초이스90_만 18세 이하_삼성,1681_초이스90,official_code,초이스90 (삼성),삼성,KT-통합요금제,False,만 18세 이하,,,,,,True,100Kbps,,60.0,60.0,120.0,quota,True,,300,True,,90000,67500,선택약정 25% 할인,,6,1,삼성 디바이스,VIP,스마트기기 또는 데이터 쉐어링 데이터 쉐어링 1회선 할인,공유데이터 60GB | 만 18세 이하 +60GB,,,https://product.kt.com/wDic/productDetail.do?ItemCode=1681,2026-08-11T01:01:17.772266+00:00
MNO,KT,,1681_초이스90_만 18세 이하_디바이스,1681_초이스90,official_code,초이스90 (디바이스),디바이스,KT-통합요금제,False,만 18세 이하,,,,,,True,100Kbps,,60.0,60.0,120.0,quota,True,,300,True,,90000,67500,선택약정 25% 할인,,6,0,,VIP,디바이스 | 스마트기기 또는 데이터 쉐어링 데이터 쉐어링 1회선 할인,공유데이터 60GB | 만 18세 이하 +60GB,,,https://product.kt.com/wDic/productDetail.do?ItemCode=1681,2026-08-11T01:01:17.772266+00:00
MNO,KT,,1681_초이스90_만 18세 이하_가전구독,1681_초이스90,official_code,초이스90 (가전구독),가전구독,KT-통합요금제,False,만 18세 이하,,,,,,True,100Kbps,,60.0,60.0,120.0,quota,True,,300,True,,90000,67500,선택약정 25% 할인,,6,1,가전구독,VIP,스마트기기 또는 데이터 쉐어링 데이터 쉐어링 1회선 할인,공유데이터 60GB | 만 18세 이하 +60GB,,,https://product.kt.com/wDic/productDetail.do?ItemCode=1681,2026-08-11T01:01:17.772266+00:00
MNO,KT,,1681_초이스90_만 18세 이하_위버스,1681_초이스90,official_code,초이스90 (위버스),위버스,KT-통합요금제,False,만 18세 이하,,,,,,True,100Kbps,,60.0,60.0,120.0,quota,True,,300,True,,90000,67500,선택약정 25% 할인,,6,1,위버스,VIP,스마트기기 또는 데이터 쉐어링 데이터 쉐어링 1회선 할인,공유데이터 60GB | 만 18세 이하 +60GB,,,https://product.kt.com/wDic/productDetail.do?ItemCode=1681,2026-08-11T01:01:17.772266+00:00
MNO,KT,,1681_초이스130_만 65세 이상_유튜브프리미엄,1681_초이스130,official_code,초이스130 (유튜브 프리미엄),유튜브 프리미엄,KT-통합요금제,False,만 65세 이상,,,,,,True,200Kbps,,100.0,50.0,150.0,quota,True,,300,True,,130000,97500,선택약정 25% 할인,,11,4,유튜브 프리미엄 | 지니뮤직 | 밀리의서재,VVIP,스마트기기 또는 데이터 쉐어링 스마트기기 월정액 2회선 / 데이터 쉐어링 1회선 할인,공유데이터 100GB | 만 65세 이상 +50GB,쇼핑라운지 할인쿠폰 5천원권,,https://product.kt.com/wDic/productDetail.do?ItemCode=1681,2026-08-11T01:01:17.772266+00:00
MNO,KT,,1681_초이스130_만 65세 이상_넷플릭스,1681_초이스130,official_code,초이스130 (넷플릭스),넷플릭스,KT-통합요금제,False,만 65세 이상,,,,,,True,200Kbps,,100.0,50.0,150.0,quota,True,,300,True,,130000,97500,선택약정 25% 할인,,11,4,넷플릭스 | 지니뮤직 | 밀리의서재,VVIP,스마트기기 또는 데이터 쉐어링 스마트기기 월정액 2회선 / 데이터 쉐어링 1회선 할인,공유데이터 100GB | 만 65세 이상 +50GB,쇼핑라운지 할인쿠폰 5천원권,,https://product.kt.com/wDic/productDetail.do?ItemCode=1681,2026-08-11T01:01:17.772266+00:00
MNO,KT,,1681_초이스130_만 65세 이상_디즈니+,1681_초이스130,official_code,초이스130 (디즈니+),디즈니+,KT-통합요금제,False,만 65세 이상,,,,,,True,200Kbps,,100.0,50.0,150.0,quota,True,,300,True,,130000,97500,선택약정 25% 할인,,11,4,디즈니+ | 지니뮤직 | 밀리의서재,VVIP,스마트기기 또는 데이터 쉐어링 스마트기기 월정액 2회선 / 데이터 쉐어링 1회선 할인,공유데이터 100GB | 만 65세 이상 +50GB,쇼핑라운지 할인쿠폰 5천원권,,https://product.kt.com/wDic/productDetail.do?ItemCode=1681,2026-08-11T01:01:17.772266+00:00
MNO,KT,,1681_초이스130_만 65세 이상_티빙/지니/밀리,1681_초이스130,official_code,초이스130 (티빙/지니/밀리),티빙/지니/밀리,KT-통합요금제,False,만 65세 이상,,,,,,True,200Kbps,,100.0,50.0,150.0,quota,True,,300,True,,130000,97500,선택약정 25% 할인,,11,4,티빙 | 지니뮤직 | 밀리의서재,VVIP,스마트기기 또는 데이터 쉐어링 스마트기기 월정액 2회선 / 데이터 쉐어링 1회선 할인,공유데이터 100GB | 만 65세 이상 +50GB,쇼핑라운지 할인쿠폰 5천원권,,https://product.kt.com/wDic/productDetail.do?ItemCode=1681,2026-08-11T01:01:17.772266+00:00
MNO,KT,,1681_초이스130_만 65세 이상_GoogleAIPlus(400GB),1681_초이스130,official_code,초이스130 (GoogleAI Plus (400GB)),GoogleAI Plus (400GB),KT-통합요금제,False,만 65세 이상,,,,,,True,200Kbps,,100.0,50.0,150.0,quota,True,,300,True,,130000,97500,선택약정 25% 할인,,11,4,지니뮤직 | 밀리의서재,VVIP,스마트기기 또는 데이터 쉐어링 스마트기기 월정액 2회선 / 데이터 쉐어링 1회선 할인,공유데이터 100GB | 만 65세 이상 +50GB,쇼핑라운지 할인쿠폰 5천원권,,https://product.kt.com/wDic/productDetail.do?ItemCode=1681,2026-08-11T01:01:17.772266+00:00
MNO,KT,,1681_초이스130_만 65세 이상_폰케어,1681_초이스130,official_code,초이스130 (폰케어),폰케어,KT-통합요금제,False,만 65세 이상,,,,,,True,200Kbps,,100.0,50.0,150.0,quota,True,,300,True,,130000,97500,선택약정 25% 할인,,11,3,지니뮤직 | 밀리의서재,VVIP,스마트기기 또는 데이터 쉐어링 스마트기기 월정액 2회선 / 데이터 쉐어링 1회선 할인,공유데이터 100GB | 만 65세 이상 +50GB,쇼핑라운지 할인쿠폰 5천원권,,https://product.kt.com/wDic/productDetail.do?ItemCode=1681,2026-08-11T01:01:17.772266+00:00
MNO,KT,,1681_초이스130_만 65세 이상_삼성,1681_초이스130,official_code,초이스130 (삼성),삼성,KT-통합요금제,False,만 65세 이상,,,,,,True,200Kbps,,100.0,50.0,150.0,quota,True,,300,True,,130000,97500,선택약정 25% 할인,,11,4,삼성 디바이스 | 지니뮤직 | 밀리의서재,VVIP,스마트기기 또는 데이터 쉐어링 스마트기기 월정액 2회선 / 데이터 쉐어링 1회선 할인,공유데이터 100GB | 만 65세 이상 +50GB,쇼핑라운지 할인쿠폰 5천원권,,https://product.kt.com/wDic/productDetail.do?ItemCode=1681,2026-08-11T01:01:17.772266+00:00
MNO,KT,,1681_초이스130_만 65세 이상_디바이스,1681_초이스130,official_code,초이스130 (디바이스),디바이스,KT-통합요금제,False,만 65세 이상,,,,,,True,200Kbps,,100.0,50.0,150.0,quota,True,,300,True,,130000,97500,선택약정 25% 할인,,11,3,지니뮤직 | 밀리의서재,VVIP,디바이스 | 스마트기기 또는 데이터 쉐어링 스마트기기 월정액 2회선 / 데이터 쉐어링 1회선 할인,공유데이터 100GB | 만 65세 이상 +50GB,쇼핑라운지 할인쿠폰 5천원권,,https://product.kt.com/wDic/productDetail.do?ItemCode=1681,2026-08-11T01:01:17.772266+00:00
MNO,KT,,1681_초이스130_만 65세 이상_가전구독,1681_초이스130,official_code,초이스130 (가전구독),가전구독,KT-통합요금제,False,만 65세 이상,,,,,,True,200Kbps,,100.0,50.0,150.0,quota,True,,300,True,,130000,97500,선택약정 25% 할인,,11,4,가전구독 | 지니뮤직 | 밀리의서재,VVIP,스마트기기 또는 데이터 쉐어링 스마트기기 월정액 2회선 / 데이터 쉐어링 1회선 할인,공유데이터 100GB | 만 65세 이상 +50GB,쇼핑라운지 할인쿠폰 5천원권,,https://product.kt.com/wDic/productDetail.do?ItemCode=1681,2026-08-11T01:01:17.772266+00:00
MNO,KT,,1681_초이스130_만 65세 이상_위버스,1681_초이스130,official_code,초이스130 (위버스),위버스,KT-통합요금제,False,만 65세 이상,,,,,,True,200Kbps,,100.0,50.0,150.0,quota,True,,300,True,,130000,97500,선택약정 25% 할인,,11,4,위버스 | 지니뮤직 | 밀리의서재,VVIP,스마트기기 또는 데이터 쉐어링 스마트기기 월정액 2회선 / 데이터 쉐어링 1회선 할인,공유데이터 100GB | 만 65세 이상 +50GB,쇼핑라운지 할인쿠폰 5천원권,,https://product.kt.com/wDic/productDetail.do?ItemCode=1681,2026-08-11T01:01:17.772266+00:00
MNO,KT,,1681_초이스110_만 65세 이상_유튜브프리미엄,1681_초이스110,official_code,초이스110 (유튜브 프리미엄),유튜브 프리미엄,KT-통합요금제,False,만 65세 이상,,,,,,True,100Kbps,,80.0,40.0,120.0,quota,True,,300,True,,110000,82500,선택약정 25% 할인,,11,4,유튜브 프리미엄 | 지니뮤직 | 밀리의서재,VVIP,스마트기기 또는 데이터 쉐어링 스마트기기 월정액 / 데이터 쉐어링 각 1회선 할인,공유데이터 80GB | 만 65세 이상 +40GB,쇼핑라운지 할인쿠폰 5천원권,,https://product.kt.com/wDic/productDetail.do?ItemCode=1681,2026-08-11T01:01:17.772266+00:00
MNO,KT,,1681_초이스110_만 65세 이상_넷플릭스,1681_초이스110,official_code,초이스110 (넷플릭스),넷플릭스,KT-통합요금제,False,만 65세 이상,,,,,,True,100Kbps,,80.0,40.0,120.0,quota,True,,300,True,,110000,82500,선택약정 25% 할인,,11,4,넷플릭스 | 지니뮤직 | 밀리의서재,VVIP,스마트기기 또는 데이터 쉐어링 스마트기기 월정액 / 데이터 쉐어링 각 1회선 할인,공유데이터 80GB | 만 65세 이상 +40GB,쇼핑라운지 할인쿠폰 5천원권,,https://product.kt.com/wDic/productDetail.do?ItemCode=1681,2026-08-11T01:01:17.772266+00:00
MNO,KT,,1681_초이스110_만 65세 이상_디즈니+,1681_초이스110,official_code,초이스110 (디즈니+),디즈니+,KT-통합요금제,False,만 65세 이상,,,,,,True,100Kbps,,80.0,40.0,120.0,quota,True,,300,True,,110000,82500,선택약정 25% 할인,,11,4,디즈니+ | 지니뮤직 | 밀리의서재,VVIP,스마트기기 또는 데이터 쉐어링 스마트기기 월정액 / 데이터 쉐어링 각 1회선 할인,공유데이터 80GB | 만 65세 이상 +40GB,쇼핑라운지 할인쿠폰 5천원권,,https://product.kt.com/wDic/productDetail.do?ItemCode=1681,2026-08-11T01:01:17.772266+00:00
MNO,KT,,1681_초이스110_만 65세 이상_티빙/지니/밀리,1681_초이스110,official_code,초이스110 (티빙/지니/밀리),티빙/지니/밀리,KT-통합요금제,False,만 65세 이상,,,,,,True,100Kbps,,80.0,40.0,120.0,quota,True,,300,True,,110000,82500,선택약정 25% 할인,,11,4,티빙 | 지니뮤직 | 밀리의서재,VVIP,스마트기기 또는 데이터 쉐어링 스마트기기 월정액 / 데이터 쉐어링 각 1회선 할인,공유데이터 80GB | 만 65세 이상 +40GB,쇼핑라운지 할인쿠폰 5천원권,,https://product.kt.com/wDic/productDetail.do?ItemCode=1681,2026-08-11T01:01:17.772266+00:00
MNO,KT,,1681_초이스110_만 65세 이상_GoogleAIPlus(400GB),1681_초이스110,official_code,초이스110 (GoogleAI Plus (400GB)),GoogleAI Plus (400GB),KT-통합요금제,False,만 65세 이상,,,,,,True,100Kbps,,80.0,40.0,120.0,quota,True,,300,True,,110000,82500,선택약정 25% 할인,,11,4,지니뮤직 | 밀리의서재,VVIP,스마트기기 또는 데이터 쉐어링 스마트기기 월정액 / 데이터 쉐어링 각 1회선 할인,공유데이터 80GB | 만 65세 이상 +40GB,쇼핑라운지 할인쿠폰 5천원권,,https://product.kt.com/wDic/productDetail.do?ItemCode=1681,2026-08-11T01:01:17.772266+00:00
MNO,KT,,1681_초이스110_만 65세 이상_폰케어,1681_초이스110,official_code,초이스110 (폰케어),폰케어,KT-통합요금제,False,만 65세 이상,,,,,,True,100Kbps,,80.0,40.0,120.0,quota,True,,300,True,,110000,82500,선택약정 25% 할인,,11,3,지니뮤직 | 밀리의서재,VVIP,스마트기기 또는 데이터 쉐어링 스마트기기 월정액 / 데이터 쉐어링 각 1회선 할인,공유데이터 80GB | 만 65세 이상 +40GB,쇼핑라운지 할인쿠폰 5천원권,,https://product.kt.com/wDic/productDetail.do?ItemCode=1681,2026-08-11T01:01:17.772266+00:00
MNO,KT,,1681_초이스110_만 65세 이상_삼성,1681_초이스110,official_code,초이스110 (삼성),삼성,KT-통합요금제,False,만 65세 이상,,,,,,True,100Kbps,,80.0,40.0,120.0,quota,True,,300,True,,110000,82500,선택약정 25% 할인,,11,4,삼성 디바이스 | 지니뮤직 | 밀리의서재,VVIP,스마트기기 또는 데이터 쉐어링 스마트기기 월정액 / 데이터 쉐어링 각 1회선 할인,공유데이터 80GB | 만 65세 이상 +40GB,쇼핑라운지 할인쿠폰 5천원권,,https://product.kt.com/wDic/productDetail.do?ItemCode=1681,2026-08-11T01:01:17.772266+00:00
MNO,KT,,1681_초이스110_만 65세 이상_디바이스,1681_초이스110,official_code,초이스110 (디바이스),디바이스,KT-통합요금제,False,만 65세 이상,,,,,,True,100Kbps,,80.0,40.0,120.0,quota,True,,300,True,,110000,82500,선택약정 25% 할인,,11,3,지니뮤직 | 밀리의서재,VVIP,디바이스 | 스마트기기 또는 데이터 쉐어링 스마트기기 월정액 / 데이터 쉐어링 각 1회선 할인,공유데이터 80GB | 만 65세 이상 +40GB,쇼핑라운지 할인쿠폰 5천원권,,https://product.kt.com/wDic/productDetail.do?ItemCode=1681,2026-08-11T01:01:17.772266+00:00
MNO,KT,,1681_초이스110_만 65세 이상_가전구독,1681_초이스110,official_code,초이스110 (가전구독),가전구독,KT-통합요금제,False,만 65세 이상,,,,,,True,100Kbps,,80.0,40.0,120.0,quota,True,,300,True,,110000,82500,선택약정 25% 할인,,11,4,가전구독 | 지니뮤직 | 밀리의서재,VVIP,스마트기기 또는 데이터 쉐어링 스마트기기 월정액 / 데이터 쉐어링 각 1회선 할인,공유데이터 80GB | 만 65세 이상 +40GB,쇼핑라운지 할인쿠폰 5천원권,,https://product.kt.com/wDic/productDetail.do?ItemCode=1681,2026-08-11T01:01:17.772266+00:00
MNO,KT,,1681_초이스110_만 65세 이상_위버스,1681_초이스110,official_code,초이스110 (위버스),위버스,KT-통합요금제,False,만 65세 이상,,,,,,True,100Kbps,,80.0,40.0,120.0,quota,True,,300,True,,110000,82500,선택약정 25% 할인,,11,4,위버스 | 지니뮤직 | 밀리의서재,VVIP,스마트기기 또는 데이터 쉐어링 스마트기기 월정액 / 데이터 쉐어링 각 1회선 할인,공유데이터 80GB | 만 65세 이상 +40GB,쇼핑라운지 할인쿠폰 5천원권,,https://product.kt.com/wDic/productDetail.do?ItemCode=1681,2026-08-11T01:01:17.772266+00:00
MNO,KT,,1681_초이스90_만 65세 이상_유튜브프리미엄,1681_초이스90,official_code,초이스90 (유튜브 프리미엄),유튜브 프리미엄,KT-통합요금제,False,만 65세 이상,,,,,,True,100Kbps,,60.0,30.0,90.0,quota,True,,300,True,,90000,67500,선택약정 25% 할인,,6,1,유튜브 프리미엄,VIP,스마트기기 또는 데이터 쉐어링 데이터 쉐어링 1회선 할인,공유데이터 60GB | 만 65세 이상 +30GB,,,https://product.kt.com/wDic/productDetail.do?ItemCode=1681,2026-08-11T01:01:17.772266+00:00
MNO,KT,,1681_초이스90_만 65세 이상_넷플릭스,1681_초이스90,official_code,초이스90 (넷플릭스),넷플릭스,KT-통합요금제,False,만 65세 이상,,,,,,True,100Kbps,,60.0,30.0,90.0,quota,True,,300,True,,90000,67500,선택약정 25% 할인,,6,1,넷플릭스,VIP,스마트기기 또는 데이터 쉐어링 데이터 쉐어링 1회선 할인,공유데이터 60GB | 만 65세 이상 +30GB,,,https://product.kt.com/wDic/productDetail.do?ItemCode=1681,2026-08-11T01:01:17.772266+00:00
MNO,KT,,1681_초이스90_만 65세 이상_디즈니+,1681_초이스90,official_code,초이스90 (디즈니+),디즈니+,KT-통합요금제,False,만 65세 이상,,,,,,True,100Kbps,,60.0,30.0,90.0,quota,True,,300,True,,90000,67500,선택약정 25% 할인,,6,1,디즈니+,VIP,스마트기기 또는 데이터 쉐어링 데이터 쉐어링 1회선 할인,공유데이터 60GB | 만 65세 이상 +30GB,,,https://product.kt.com/wDic/productDetail.do?ItemCode=1681,2026-08-11T01:01:17.772266+00:00
MNO,KT,,1681_초이스90_만 65세 이상_티빙/지니/밀리,1681_초이스90,official_code,초이스90 (티빙/지니/밀리),티빙/지니/밀리,KT-통합요금제,False,만 65세 이상,,,,,,True,100Kbps,,60.0,30.0,90.0,quota,True,,300,True,,90000,67500,선택약정 25% 할인,,6,1,티빙,VIP,스마트기기 또는 데이터 쉐어링 데이터 쉐어링 1회선 할인,공유데이터 60GB | 만 65세 이상 +30GB,,,https://product.kt.com/wDic/productDetail.do?ItemCode=1681,2026-08-11T01:01:17.772266+00:00
MNO,KT,,1681_초이스90_만 65세 이상_GoogleAIPlus(400GB),1681_초이스90,official_code,초이스90 (GoogleAI Plus (400GB)),GoogleAI Plus (400GB),KT-통합요금제,False,만 65세 이상,,,,,,True,100Kbps,,60.0,30.0,90.0,quota,True,,300,True,,90000,67500,선택약정 25% 할인,,6,1,GoogleAI Plus (400GB),VIP,스마트기기 또는 데이터 쉐어링 데이터 쉐어링 1회선 할인,공유데이터 60GB | 만 65세 이상 +30GB,,,https://product.kt.com/wDic/productDetail.do?ItemCode=1681,2026-08-11T01:01:17.772266+00:00
MNO,KT,,1681_초이스90_만 65세 이상_폰케어,1681_초이스90,official_code,초이스90 (폰케어),폰케어,KT-통합요금제,False,만 65세 이상,,,,,,True,100Kbps,,60.0,30.0,90.0,quota,True,,300,True,,90000,67500,선택약정 25% 할인,,6,0,,VIP,스마트기기 또는 데이터 쉐어링 데이터 쉐어링 1회선 할인,공유데이터 60GB | 만 65세 이상 +30GB,,,https://product.kt.com/wDic/productDetail.do?ItemCode=1681,2026-08-11T01:01:17.772266+00:00
MNO,KT,,1681_초이스90_만 65세 이상_삼성,1681_초이스90,official_code,초이스90 (삼성),삼성,KT-통합요금제,False,만 65세 이상,,,,,,True,100Kbps,,60.0,30.0,90.0,quota,True,,300,True,,90000,67500,선택약정 25% 할인,,6,1,삼성 디바이스,VIP,스마트기기 또는 데이터 쉐어링 데이터 쉐어링 1회선 할인,공유데이터 60GB | 만 65세 이상 +30GB,,,https://product.kt.com/wDic/productDetail.do?ItemCode=1681,2026-08-11T01:01:17.772266+00:00
MNO,KT,,1681_초이스90_만 65세 이상_디바이스,1681_초이스90,official_code,초이스90 (디바이스),디바이스,KT-통합요금제,False,만 65세 이상,,,,,,True,100Kbps,,60.0,30.0,90.0,quota,True,,300,True,,90000,67500,선택약정 25% 할인,,6,0,,VIP,디바이스 | 스마트기기 또는 데이터 쉐어링 데이터 쉐어링 1회선 할인,공유데이터 60GB | 만 65세 이상 +30GB,,,https://product.kt.com/wDic/productDetail.do?ItemCode=1681,2026-08-11T01:01:17.772266+00:00
MNO,KT,,1681_초이스90_만 65세 이상_가전구독,1681_초이스90,official_code,초이스90 (가전구독),가전구독,KT-통합요금제,False,만 65세 이상,,,,,,True,100Kbps,,60.0,30.0,90.0,quota,True,,300,True,,90000,67500,선택약정 25% 할인,,6,1,가전구독,VIP,스마트기기 또는 데이터 쉐어링 데이터 쉐어링 1회선 할인,공유데이터 60GB | 만 65세 이상 +30GB,,,https://product.kt.com/wDic/productDetail.do?ItemCode=1681,2026-08-11T01:01:17.772266+00:00
MNO,KT,,1681_초이스90_만 65세 이상_위버스,1681_초이스90,official_code,초이스90 (위버스),위버스,KT-통합요금제,False,만 65세 이상,,,,,,True,100Kbps,,60.0,30.0,90.0,quota,True,,300,True,,90000,67500,선택약정 25% 할인,,6,1,위버스,VIP,스마트기기 또는 데이터 쉐어링 데이터 쉐어링 1회선 할인,공유데이터 60GB | 만 65세 이상 +30GB,,,https://product.kt.com/wDic/productDetail.do?ItemCode=1681,2026-08-11T01:01:17.772266+00:00
MNO,KT,,1681_초이스130_만 75세 이상_유튜브프리미엄,1681_초이스130,official_code,초이스130 (유튜브 프리미엄),유튜브 프리미엄,KT-통합요금제,False,만 75세 이상,,,,,,True,200Kbps,,100.0,100.0,200.0,quota,True,,300,True,,130000,97500,선택약정 25% 할인,,11,4,유튜브 프리미엄 | 지니뮤직 | 밀리의서재,VVIP,스마트기기 또는 데이터 쉐어링 스마트기기 월정액 2회선 / 데이터 쉐어링 1회선 할인,공유데이터 100GB | 만 75세 이상 +100GB,쇼핑라운지 할인쿠폰 5천원권,,https://product.kt.com/wDic/productDetail.do?ItemCode=1681,2026-08-11T01:01:17.772266+00:00
MNO,KT,,1681_초이스130_만 75세 이상_넷플릭스,1681_초이스130,official_code,초이스130 (넷플릭스),넷플릭스,KT-통합요금제,False,만 75세 이상,,,,,,True,200Kbps,,100.0,100.0,200.0,quota,True,,300,True,,130000,97500,선택약정 25% 할인,,11,4,넷플릭스 | 지니뮤직 | 밀리의서재,VVIP,스마트기기 또는 데이터 쉐어링 스마트기기 월정액 2회선 / 데이터 쉐어링 1회선 할인,공유데이터 100GB | 만 75세 이상 +100GB,쇼핑라운지 할인쿠폰 5천원권,,https://product.kt.com/wDic/productDetail.do?ItemCode=1681,2026-08-11T01:01:17.772266+00:00
MNO,KT,,1681_초이스130_만 75세 이상_디즈니+,1681_초이스130,official_code,초이스130 (디즈니+),디즈니+,KT-통합요금제,False,만 75세 이상,,,,,,True,200Kbps,,100.0,100.0,200.0,quota,True,,300,True,,130000,97500,선택약정 25% 할인,,11,4,디즈니+ | 지니뮤직 | 밀리의서재,VVIP,스마트기기 또는 데이터 쉐어링 스마트기기 월정액 2회선 / 데이터 쉐어링 1회선 할인,공유데이터 100GB | 만 75세 이상 +100GB,쇼핑라운지 할인쿠폰 5천원권,,https://product.kt.com/wDic/productDetail.do?ItemCode=1681,2026-08-11T01:01:17.772266+00:00
MNO,KT,,1681_초이스130_만 75세 이상_티빙/지니/밀리,1681_초이스130,official_code,초이스130 (티빙/지니/밀리),티빙/지니/밀리,KT-통합요금제,False,만 75세 이상,,,,,,True,200Kbps,,100.0,100.0,200.0,quota,True,,300,True,,130000,97500,선택약정 25% 할인,,11,4,티빙 | 지니뮤직 | 밀리의서재,VVIP,스마트기기 또는 데이터 쉐어링 스마트기기 월정액 2회선 / 데이터 쉐어링 1회선 할인,공유데이터 100GB | 만 75세 이상 +100GB,쇼핑라운지 할인쿠폰 5천원권,,https://product.kt.com/wDic/productDetail.do?ItemCode=1681,2026-08-11T01:01:17.772266+00:00
MNO,KT,,1681_초이스130_만 75세 이상_GoogleAIPlus(400GB),1681_초이스130,official_code,초이스130 (GoogleAI Plus (400GB)),GoogleAI Plus (400GB),KT-통합요금제,False,만 75세 이상,,,,,,True,200Kbps,,100.0,100.0,200.0,quota,True,,300,True,,130000,97500,선택약정 25% 할인,,11,4,지니뮤직 | 밀리의서재,VVIP,스마트기기 또는 데이터 쉐어링 스마트기기 월정액 2회선 / 데이터 쉐어링 1회선 할인,공유데이터 100GB | 만 75세 이상 +100GB,쇼핑라운지 할인쿠폰 5천원권,,https://product.kt.com/wDic/productDetail.do?ItemCode=1681,2026-08-11T01:01:17.772266+00:00
MNO,KT,,1681_초이스130_만 75세 이상_폰케어,1681_초이스130,official_code,초이스130 (폰케어),폰케어,KT-통합요금제,False,만 75세 이상,,,,,,True,200Kbps,,100.0,100.0,200.0,quota,True,,300,True,,130000,97500,선택약정 25% 할인,,11,3,지니뮤직 | 밀리의서재,VVIP,스마트기기 또는 데이터 쉐어링 스마트기기 월정액 2회선 / 데이터 쉐어링 1회선 할인,공유데이터 100GB | 만 75세 이상 +100GB,쇼핑라운지 할인쿠폰 5천원권,,https://product.kt.com/wDic/productDetail.do?ItemCode=1681,2026-08-11T01:01:17.772266+00:00
MNO,KT,,1681_초이스130_만 75세 이상_삼성,1681_초이스130,official_code,초이스130 (삼성),삼성,KT-통합요금제,False,만 75세 이상,,,,,,True,200Kbps,,100.0,100.0,200.0,quota,True,,300,True,,130000,97500,선택약정 25% 할인,,11,4,삼성 디바이스 | 지니뮤직 | 밀리의서재,VVIP,스마트기기 또는 데이터 쉐어링 스마트기기 월정액 2회선 / 데이터 쉐어링 1회선 할인,공유데이터 100GB | 만 75세 이상 +100GB,쇼핑라운지 할인쿠폰 5천원권,,https://product.kt.com/wDic/productDetail.do?ItemCode=1681,2026-08-11T01:01:17.772266+00:00
MNO,KT,,1681_초이스130_만 75세 이상_디바이스,1681_초이스130,official_code,초이스130 (디바이스),디바이스,KT-통합요금제,False,만 75세 이상,,,,,,True,200Kbps,,100.0,100.0,200.0,quota,True,,300,True,,130000,97500,선택약정 25% 할인,,11,3,지니뮤직 | 밀리의서재,VVIP,디바이스 | 스마트기기 또는 데이터 쉐어링 스마트기기 월정액 2회선 / 데이터 쉐어링 1회선 할인,공유데이터 100GB | 만 75세 이상 +100GB,쇼핑라운지 할인쿠폰 5천원권,,https://product.kt.com/wDic/productDetail.do?ItemCode=1681,2026-08-11T01:01:17.772266+00:00
MNO,KT,,1681_초이스130_만 75세 이상_가전구독,1681_초이스130,official_code,초이스130 (가전구독),가전구독,KT-통합요금제,False,만 75세 이상,,,,,,True,200Kbps,,100.0,100.0,200.0,quota,True,,300,True,,130000,97500,선택약정 25% 할인,,11,4,가전구독 | 지니뮤직 | 밀리의서재,VVIP,스마트기기 또는 데이터 쉐어링 스마트기기 월정액 2회선 / 데이터 쉐어링 1회선 할인,공유데이터 100GB | 만 75세 이상 +100GB,쇼핑라운지 할인쿠폰 5천원권,,https://product.kt.com/wDic/productDetail.do?ItemCode=1681,2026-08-11T01:01:17.772266+00:00
MNO,KT,,1681_초이스130_만 75세 이상_위버스,1681_초이스130,official_code,초이스130 (위버스),위버스,KT-통합요금제,False,만 75세 이상,,,,,,True,200Kbps,,100.0,100.0,200.0,quota,True,,300,True,,130000,97500,선택약정 25% 할인,,11,4,위버스 | 지니뮤직 | 밀리의서재,VVIP,스마트기기 또는 데이터 쉐어링 스마트기기 월정액 2회선 / 데이터 쉐어링 1회선 할인,공유데이터 100GB | 만 75세 이상 +100GB,쇼핑라운지 할인쿠폰 5천원권,,https://product.kt.com/wDic/productDetail.do?ItemCode=1681,2026-08-11T01:01:17.772266+00:00
MNO,KT,,1681_초이스110_만 75세 이상_유튜브프리미엄,1681_초이스110,official_code,초이스110 (유튜브 프리미엄),유튜브 프리미엄,KT-통합요금제,False,만 75세 이상,,,,,,True,100Kbps,,80.0,80.0,160.0,quota,True,,300,True,,110000,82500,선택약정 25% 할인,,11,4,유튜브 프리미엄 | 지니뮤직 | 밀리의서재,VVIP,스마트기기 또는 데이터 쉐어링 스마트기기 월정액 / 데이터 쉐어링 각 1회선 할인,공유데이터 80GB | 만 75세 이상 +80GB,쇼핑라운지 할인쿠폰 5천원권,,https://product.kt.com/wDic/productDetail.do?ItemCode=1681,2026-08-11T01:01:17.772266+00:00
MNO,KT,,1681_초이스110_만 75세 이상_넷플릭스,1681_초이스110,official_code,초이스110 (넷플릭스),넷플릭스,KT-통합요금제,False,만 75세 이상,,,,,,True,100Kbps,,80.0,80.0,160.0,quota,True,,300,True,,110000,82500,선택약정 25% 할인,,11,4,넷플릭스 | 지니뮤직 | 밀리의서재,VVIP,스마트기기 또는 데이터 쉐어링 스마트기기 월정액 / 데이터 쉐어링 각 1회선 할인,공유데이터 80GB | 만 75세 이상 +80GB,쇼핑라운지 할인쿠폰 5천원권,,https://product.kt.com/wDic/productDetail.do?ItemCode=1681,2026-08-11T01:01:17.772266+00:00
MNO,KT,,1681_초이스110_만 75세 이상_디즈니+,1681_초이스110,official_code,초이스110 (디즈니+),디즈니+,KT-통합요금제,False,만 75세 이상,,,,,,True,100Kbps,,80.0,80.0,160.0,quota,True,,300,True,,110000,82500,선택약정 25% 할인,,11,4,디즈니+ | 지니뮤직 | 밀리의서재,VVIP,스마트기기 또는 데이터 쉐어링 스마트기기 월정액 / 데이터 쉐어링 각 1회선 할인,공유데이터 80GB | 만 75세 이상 +80GB,쇼핑라운지 할인쿠폰 5천원권,,https://product.kt.com/wDic/productDetail.do?ItemCode=1681,2026-08-11T01:01:17.772266+00:00
MNO,KT,,1681_초이스110_만 75세 이상_티빙/지니/밀리,1681_초이스110,official_code,초이스110 (티빙/지니/밀리),티빙/지니/밀리,KT-통합요금제,False,만 75세 이상,,,,,,True,100Kbps,,80.0,80.0,160.0,quota,True,,300,True,,110000,82500,선택약정 25% 할인,,11,4,티빙 | 지니뮤직 | 밀리의서재,VVIP,스마트기기 또는 데이터 쉐어링 스마트기기 월정액 / 데이터 쉐어링 각 1회선 할인,공유데이터 80GB | 만 75세 이상 +80GB,쇼핑라운지 할인쿠폰 5천원권,,https://product.kt.com/wDic/productDetail.do?ItemCode=1681,2026-08-11T01:01:17.772266+00:00
MNO,KT,,1681_초이스110_만 75세 이상_GoogleAIPlus(400GB),1681_초이스110,official_code,초이스110 (GoogleAI Plus (400GB)),GoogleAI Plus (400GB),KT-통합요금제,False,만 75세 이상,,,,,,True,100Kbps,,80.0,80.0,160.0,quota,True,,300,True,,110000,82500,선택약정 25% 할인,,11,4,지니뮤직 | 밀리의서재,VVIP,스마트기기 또는 데이터 쉐어링 스마트기기 월정액 / 데이터 쉐어링 각 1회선 할인,공유데이터 80GB | 만 75세 이상 +80GB,쇼핑라운지 할인쿠폰 5천원권,,https://product.kt.com/wDic/productDetail.do?ItemCode=1681,2026-08-11T01:01:17.772266+00:00
MNO,KT,,1681_초이스110_만 75세 이상_폰케어,1681_초이스110,official_code,초이스110 (폰케어),폰케어,KT-통합요금제,False,만 75세 이상,,,,,,True,100Kbps,,80.0,80.0,160.0,quota,True,,300,True,,110000,82500,선택약정 25% 할인,,11,3,지니뮤직 | 밀리의서재,VVIP,스마트기기 또는 데이터 쉐어링 스마트기기 월정액 / 데이터 쉐어링 각 1회선 할인,공유데이터 80GB | 만 75세 이상 +80GB,쇼핑라운지 할인쿠폰 5천원권,,https://product.kt.com/wDic/productDetail.do?ItemCode=1681,2026-08-11T01:01:17.772266+00:00
MNO,KT,,1681_초이스110_만 75세 이상_삼성,1681_초이스110,official_code,초이스110 (삼성),삼성,KT-통합요금제,False,만 75세 이상,,,,,,True,100Kbps,,80.0,80.0,160.0,quota,True,,300,True,,110000,82500,선택약정 25% 할인,,11,4,삼성 디바이스 | 지니뮤직 | 밀리의서재,VVIP,스마트기기 또는 데이터 쉐어링 스마트기기 월정액 / 데이터 쉐어링 각 1회선 할인,공유데이터 80GB | 만 75세 이상 +80GB,쇼핑라운지 할인쿠폰 5천원권,,https://product.kt.com/wDic/productDetail.do?ItemCode=1681,2026-08-11T01:01:17.772266+00:00
MNO,KT,,1681_초이스110_만 75세 이상_디바이스,1681_초이스110,official_code,초이스110 (디바이스),디바이스,KT-통합요금제,False,만 75세 이상,,,,,,True,100Kbps,,80.0,80.0,160.0,quota,True,,300,True,,110000,82500,선택약정 25% 할인,,11,3,지니뮤직 | 밀리의서재,VVIP,디바이스 | 스마트기기 또는 데이터 쉐어링 스마트기기 월정액 / 데이터 쉐어링 각 1회선 할인,공유데이터 80GB | 만 75세 이상 +80GB,쇼핑라운지 할인쿠폰 5천원권,,https://product.kt.com/wDic/productDetail.do?ItemCode=1681,2026-08-11T01:01:17.772266+00:00
MNO,KT,,1681_초이스110_만 75세 이상_가전구독,1681_초이스110,official_code,초이스110 (가전구독),가전구독,KT-통합요금제,False,만 75세 이상,,,,,,True,100Kbps,,80.0,80.0,160.0,quota,True,,300,True,,110000,82500,선택약정 25% 할인,,11,4,가전구독 | 지니뮤직 | 밀리의서재,VVIP,스마트기기 또는 데이터 쉐어링 스마트기기 월정액 / 데이터 쉐어링 각 1회선 할인,공유데이터 80GB | 만 75세 이상 +80GB,쇼핑라운지 할인쿠폰 5천원권,,https://product.kt.com/wDic/productDetail.do?ItemCode=1681,2026-08-11T01:01:17.772266+00:00
MNO,KT,,1681_초이스110_만 75세 이상_위버스,1681_초이스110,official_code,초이스110 (위버스),위버스,KT-통합요금제,False,만 75세 이상,,,,,,True,100Kbps,,80.0,80.0,160.0,quota,True,,300,True,,110000,82500,선택약정 25% 할인,,11,4,위버스 | 지니뮤직 | 밀리의서재,VVIP,스마트기기 또는 데이터 쉐어링 스마트기기 월정액 / 데이터 쉐어링 각 1회선 할인,공유데이터 80GB | 만 75세 이상 +80GB,쇼핑라운지 할인쿠폰 5천원권,,https://product.kt.com/wDic/productDetail.do?ItemCode=1681,2026-08-11T01:01:17.772266+00:00
MNO,KT,,1681_초이스90_만 75세 이상_유튜브프리미엄,1681_초이스90,official_code,초이스90 (유튜브 프리미엄),유튜브 프리미엄,KT-통합요금제,False,만 75세 이상,,,,,,True,100Kbps,,60.0,60.0,120.0,quota,True,,300,True,,90000,67500,선택약정 25% 할인,,6,1,유튜브 프리미엄,VIP,스마트기기 또는 데이터 쉐어링 데이터 쉐어링 1회선 할인,공유데이터 60GB | 만 75세 이상 +60GB,,,https://product.kt.com/wDic/productDetail.do?ItemCode=1681,2026-08-11T01:01:17.772266+00:00
MNO,KT,,1681_초이스90_만 75세 이상_넷플릭스,1681_초이스90,official_code,초이스90 (넷플릭스),넷플릭스,KT-통합요금제,False,만 75세 이상,,,,,,True,100Kbps,,60.0,60.0,120.0,quota,True,,300,True,,90000,67500,선택약정 25% 할인,,6,1,넷플릭스,VIP,스마트기기 또는 데이터 쉐어링 데이터 쉐어링 1회선 할인,공유데이터 60GB | 만 75세 이상 +60GB,,,https://product.kt.com/wDic/productDetail.do?ItemCode=1681,2026-08-11T01:01:17.772266+00:00
MNO,KT,,1681_초이스90_만 75세 이상_디즈니+,1681_초이스90,official_code,초이스90 (디즈니+),디즈니+,KT-통합요금제,False,만 75세 이상,,,,,,True,100Kbps,,60.0,60.0,120.0,quota,True,,300,True,,90000,67500,선택약정 25% 할인,,6,1,디즈니+,VIP,스마트기기 또는 데이터 쉐어링 데이터 쉐어링 1회선 할인,공유데이터 60GB | 만 75세 이상 +60GB,,,https://product.kt.com/wDic/productDetail.do?ItemCode=1681,2026-08-11T01:01:17.772266+00:00
MNO,KT,,1681_초이스90_만 75세 이상_티빙/지니/밀리,1681_초이스90,official_code,초이스90 (티빙/지니/밀리),티빙/지니/밀리,KT-통합요금제,False,만 75세 이상,,,,,,True,100Kbps,,60.0,60.0,120.0,quota,True,,300,True,,90000,67500,선택약정 25% 할인,,6,1,티빙,VIP,스마트기기 또는 데이터 쉐어링 데이터 쉐어링 1회선 할인,공유데이터 60GB | 만 75세 이상 +60GB,,,https://product.kt.com/wDic/productDetail.do?ItemCode=1681,2026-08-11T01:01:17.772266+00:00
MNO,KT,,1681_초이스90_만 75세 이상_GoogleAIPlus(400GB),1681_초이스90,official_code,초이스90 (GoogleAI Plus (400GB)),GoogleAI Plus (400GB),KT-통합요금제,False,만 75세 이상,,,,,,True,100Kbps,,60.0,60.0,120.0,quota,True,,300,True,,90000,67500,선택약정 25% 할인,,6,1,GoogleAI Plus (400GB),VIP,스마트기기 또는 데이터 쉐어링 데이터 쉐어링 1회선 할인,공유데이터 60GB | 만 75세 이상 +60GB,,,https://product.kt.com/wDic/productDetail.do?ItemCode=1681,2026-08-11T01:01:17.772266+00:00
MNO,KT,,1681_초이스90_만 75세 이상_폰케어,1681_초이스90,official_code,초이스90 (폰케어),폰케어,KT-통합요금제,False,만 75세 이상,,,,,,True,100Kbps,,60.0,60.0,120.0,quota,True,,300,True,,90000,67500,선택약정 25% 할인,,6,0,,VIP,스마트기기 또는 데이터 쉐어링 데이터 쉐어링 1회선 할인,공유데이터 60GB | 만 75세 이상 +60GB,,,https://product.kt.com/wDic/productDetail.do?ItemCode=1681,2026-08-11T01:01:17.772266+00:00
MNO,KT,,1681_초이스90_만 75세 이상_삼성,1681_초이스90,official_code,초이스90 (삼성),삼성,KT-통합요금제,False,만 75세 이상,,,,,,True,100Kbps,,60.0,60.0,120.0,quota,True,,300,True,,90000,67500,선택약정 25% 할인,,6,1,삼성 디바이스,VIP,스마트기기 또는 데이터 쉐어링 데이터 쉐어링 1회선 할인,공유데이터 60GB | 만 75세 이상 +60GB,,,https://product.kt.com/wDic/productDetail.do?ItemCode=1681,2026-08-11T01:01:17.772266+00:00
MNO,KT,,1681_초이스90_만 75세 이상_디바이스,1681_초이스90,official_code,초이스90 (디바이스),디바이스,KT-통합요금제,False,만 75세 이상,,,,,,True,100Kbps,,60.0,60.0,120.0,quota,True,,300,True,,90000,67500,선택약정 25% 할인,,6,0,,VIP,디바이스 | 스마트기기 또는 데이터 쉐어링 데이터 쉐어링 1회선 할인,공유데이터 60GB | 만 75세 이상 +60GB,,,https://product.kt.com/wDic/productDetail.do?ItemCode=1681,2026-08-11T01:01:17.772266+00:00
MNO,KT,,1681_초이스90_만 75세 이상_가전구독,1681_초이스90,official_code,초이스90 (가전구독),가전구독,KT-통합요금제,False,만 75세 이상,,,,,,True,100Kbps,,60.0,60.0,120.0,quota,True,,300,True,,90000,67500,선택약정 25% 할인,,6,1,가전구독,VIP,스마트기기 또는 데이터 쉐어링 데이터 쉐어링 1회선 할인,공유데이터 60GB | 만 75세 이상 +60GB,,,https://product.kt.com/wDic/productDetail.do?ItemCode=1681,2026-08-11T01:01:17.772266+00:00
MNO,KT,,1681_초이스90_만 75세 이상_위버스,1681_초이스90,official_code,초이스90 (위버스),위버스,KT-통합요금제,False,만 75세 이상,,,,,,True,100Kbps,,60.0,60.0,120.0,quota,True,,300,True,,90000,67500,선택약정 25% 할인,,6,1,위버스,VIP,스마트기기 또는 데이터 쉐어링 데이터 쉐어링 1회선 할인,공유데이터 60GB | 만 75세 이상 +60GB,,,https://product.kt.com/wDic/productDetail.do?ItemCode=1681,2026-08-11T01:01:17.772266+00:00
MNO,KT,,1693_베이직100,1693_베이직100,official_code,베이직100,,KT-통합요금제,False,,,,,,,True,100Kbps,,70.0,,70.0,quota,True,,300,True,,100000,75000,선택약정 25% 할인,,4,0,,VVIP,스마트기기 또는 데이터 쉐어링 스마트기기 월정액 or 데이터 쉐어링 1회선 무료,공유데이터 70GB,,,https://product.kt.com/wDic/productDetail.do?ItemCode=1693,2026-08-11T01:01:17.772266+00:00
MNO,KT,,1693_베이직80,1693_베이직80,official_code,베이직80,,KT-통합요금제,False,,,,,,,True,100Kbps,,50.0,,50.0,quota,True,,300,True,,80000,60000,선택약정 25% 할인,,2,0,,VIP,,공유데이터 50GB,,,https://product.kt.com/wDic/productDetail.do?ItemCode=1693,2026-08-11T01:01:17.772266+00:00
MNO,KT,,1693_베이직110GB,1693_베이직110GB,official_code,베이직110GB,,KT-통합요금제,False,,,,110.0,,110.0,False,5Mbps,,,,,undisclosed,True,,300,True,,69000,51750,선택약정 25% 할인,,0,0,,,,,,,https://product.kt.com/wDic/productDetail.do?ItemCode=1693,2026-08-11T01:01:17.772266+00:00
MNO,KT,,1693_베이직90GB,1693_베이직90GB,official_code,베이직90GB,,KT-통합요금제,False,,,,90.0,,90.0,False,1Mbps,,,,,undisclosed,True,,300,True,,67000,50250,선택약정 25% 할인,,0,0,,,,,,,https://product.kt.com/wDic/productDetail.do?ItemCode=1693,2026-08-11T01:01:17.772266+00:00
MNO,KT,,1693_베이직70GB,1693_베이직70GB,official_code,베이직70GB,,KT-통합요금제,False,,,,70.0,,70.0,False,1Mbps,,,,,undisclosed,True,,300,True,,65000,48750,선택약정 25% 할인,,0,0,,,,,,,https://product.kt.com/wDic/productDetail.do?ItemCode=1693,2026-08-11T01:01:17.772266+00:00
MNO,KT,,1693_베이직50GB,1693_베이직50GB,official_code,베이직50GB,,KT-통합요금제,False,,,,50.0,,50.0,False,1Mbps,,,,,undisclosed,True,,300,True,,63000,47250,선택약정 25% 할인,,0,0,,,,,,,https://product.kt.com/wDic/productDetail.do?ItemCode=1693,2026-08-11T01:01:17.772266+00:00
MNO,KT,,1693_베이직30GB,1693_베이직30GB,official_code,베이직30GB,,KT-통합요금제,False,,,,30.0,,30.0,False,1Mbps,,,,,undisclosed,True,,300,True,,61000,45750,선택약정 25% 할인,,0,0,,,,,,,https://product.kt.com/wDic/productDetail.do?ItemCode=1693,2026-08-11T01:01:17.772266+00:00
MNO,KT,,1693_베이직21GB,1693_베이직21GB,official_code,베이직21GB,,KT-통합요금제,False,,,,21.0,,21.0,False,1Mbps,,,,,undisclosed,True,,300,True,,58000,43500,선택약정 25% 할인,,0,0,,,,,,,https://product.kt.com/wDic/productDetail.do?ItemCode=1693,2026-08-11T01:01:17.772266+00:00
MNO,KT,,1693_베이직14GB,1693_베이직14GB,official_code,베이직14GB,,KT-통합요금제,False,,,,14.0,,14.0,False,1Mbps,,,,,undisclosed,True,,300,True,,55000,41250,선택약정 25% 할인,,0,0,,,,,,,https://product.kt.com/wDic/productDetail.do?ItemCode=1693,2026-08-11T01:01:17.772266+00:00
MNO,KT,,1693_베이직10GB,1693_베이직10GB,official_code,베이직10GB,,KT-통합요금제,False,,,,10.0,,10.0,False,400Kbps,,,,,undisclosed,True,,300,True,,50000,37500,선택약정 25% 할인,,0,0,,,,,,,https://product.kt.com/wDic/productDetail.do?ItemCode=1693,2026-08-11T01:01:17.772266+00:00
MNO,KT,,1693_베이직7GB,1693_베이직7GB,official_code,베이직7GB,,KT-통합요금제,False,,,,7.0,,7.0,False,400Kbps,,,,,undisclosed,True,,300,True,,45000,33750,선택약정 25% 할인,,0,0,,,,,,,https://product.kt.com/wDic/productDetail.do?ItemCode=1693,2026-08-11T01:01:17.772266+00:00
MNO,KT,,1693_베이직4GB,1693_베이직4GB,official_code,베이직4GB,,KT-통합요금제,False,,,,4.0,,4.0,False,400Kbps,,,,,undisclosed,True,,300,True,,37000,27750,선택약정 25% 할인,,0,0,,,,,,,https://product.kt.com/wDic/productDetail.do?ItemCode=1693,2026-08-11T01:01:17.772266+00:00
MNO,KT,,1693_베이직1.4GB,1693_베이직1.4GB,official_code,베이직1.4GB,,KT-통합요금제,False,,,,1.4,,1.4,False,400Kbps,,,,,undisclosed,True,,50,True,,33000,24750,선택약정 25% 할인,,0,0,,,,,,,https://product.kt.com/wDic/productDetail.do?ItemCode=1693,2026-08-11T01:01:17.772266+00:00
MNO,KT,,1693_베이직600MB,1693_베이직600MB,official_code,베이직600MB,,KT-통합요금제,False,,,,0.586,,0.586,False,400Kbps,,,,,undisclosed,False,180,,False,180,28900,21675,선택약정 25% 할인,,0,0,,,,,,,https://product.kt.com/wDic/productDetail.do?ItemCode=1693,2026-08-11T01:01:17.772266+00:00
MNO,KT,,1693_베이직100_만 34세 이하,1693_베이직100,official_code,베이직100,,KT-통합요금제,False,만 34세 이하,,,,,,True,100Kbps,,70.0,70.0,140.0,quota,True,,300,True,,100000,75000,선택약정 25% 할인,,5,0,,VVIP,스마트기기 또는 데이터 쉐어링 스마트기기 월정액 or 데이터 쉐어링 1회선 무료,공유데이터 70GB | 만 34세 이하 공유데이터 70GB,,,https://product.kt.com/wDic/productDetail.do?ItemCode=1693,2026-08-11T01:01:17.772266+00:00
MNO,KT,,1693_베이직80_만 34세 이하,1693_베이직80,official_code,베이직80,,KT-통합요금제,False,만 34세 이하,,,,,,True,100Kbps,,50.0,50.0,100.0,quota,True,,300,True,,80000,60000,선택약정 25% 할인,,4,0,,VIP,,공유데이터 50GB | 만 34세 이하 공유데이터 50GB,,,https://product.kt.com/wDic/productDetail.do?ItemCode=1693,2026-08-11T01:01:17.772266+00:00
MNO,KT,,1693_베이직110GB_만 34세 이하,1693_베이직110GB,official_code,베이직110GB,,KT-통합요금제,False,만 34세 이하,,,110.0,110.0,220.0,False,5Mbps,,,,,undisclosed,True,,300,True,,69000,51750,선택약정 25% 할인,,1,0,,,,만 34세 이하 기본데이터 110GB,,,https://product.kt.com/wDic/productDetail.do?ItemCode=1693,2026-08-11T01:01:17.772266+00:00
MNO,KT,,1693_베이직90GB_만 34세 이하,1693_베이직90GB,official_code,베이직90GB,,KT-통합요금제,False,만 34세 이하,,,90.0,90.0,180.0,False,1Mbps,,,,,undisclosed,True,,300,True,,67000,50250,선택약정 25% 할인,,1,0,,,,만 34세 이하 기본데이터 90GB,,,https://product.kt.com/wDic/productDetail.do?ItemCode=1693,2026-08-11T01:01:17.772266+00:00
MNO,KT,,1693_베이직70GB_만 34세 이하,1693_베이직70GB,official_code,베이직70GB,,KT-통합요금제,False,만 34세 이하,,,70.0,70.0,140.0,False,1Mbps,,,,,undisclosed,True,,300,True,,65000,48750,선택약정 25% 할인,,1,0,,,,만 34세 이하 기본데이터 70GB,,,https://product.kt.com/wDic/productDetail.do?ItemCode=1693,2026-08-11T01:01:17.772266+00:00
MNO,KT,,1693_베이직50GB_만 34세 이하,1693_베이직50GB,official_code,베이직50GB,,KT-통합요금제,False,만 34세 이하,,,50.0,50.0,100.0,False,1Mbps,,,,,undisclosed,True,,300,True,,63000,47250,선택약정 25% 할인,,1,0,,,,만 34세 이하 기본데이터 50GB,,,https://product.kt.com/wDic/productDetail.do?ItemCode=1693,2026-08-11T01:01:17.772266+00:00
MNO,KT,,1693_베이직30GB_만 34세 이하,1693_베이직30GB,official_code,베이직30GB,,KT-통합요금제,False,만 34세 이하,,,30.0,30.0,60.0,False,1Mbps,,,,,undisclosed,True,,300,True,,61000,45750,선택약정 25% 할인,,1,0,,,,만 34세 이하 기본데이터 30GB,,,https://product.kt.com/wDic/productDetail.do?ItemCode=1693,2026-08-11T01:01:17.772266+00:00
MNO,KT,,1693_베이직21GB_만 34세 이하,1693_베이직21GB,official_code,베이직21GB,,KT-통합요금제,False,만 34세 이하,,,21.0,21.0,42.0,False,1Mbps,,,,,undisclosed,True,,300,True,,58000,43500,선택약정 25% 할인,,1,0,,,,만 34세 이하 기본데이터 21GB,,,https://product.kt.com/wDic/productDetail.do?ItemCode=1693,2026-08-11T01:01:17.772266+00:00
MNO,KT,,1693_베이직14GB_만 34세 이하,1693_베이직14GB,official_code,베이직14GB,,KT-통합요금제,False,만 34세 이하,,,14.0,14.0,28.0,False,1Mbps,,,,,undisclosed,True,,300,True,,55000,41250,선택약정 25% 할인,,1,0,,,,만 34세 이하 기본데이터 14GB,,,https://product.kt.com/wDic/productDetail.do?ItemCode=1693,2026-08-11T01:01:17.772266+00:00
MNO,KT,,1693_베이직10GB_만 34세 이하,1693_베이직10GB,official_code,베이직10GB,,KT-통합요금제,False,만 34세 이하,,,10.0,10.0,20.0,False,400Kbps,,,,,undisclosed,True,,300,True,,50000,37500,선택약정 25% 할인,,1,0,,,,만 34세 이하 기본데이터 10GB,,,https://product.kt.com/wDic/productDetail.do?ItemCode=1693,2026-08-11T01:01:17.772266+00:00
MNO,KT,,1693_베이직7GB_만 34세 이하,1693_베이직7GB,official_code,베이직7GB,,KT-통합요금제,False,만 34세 이하,,,7.0,7.0,14.0,False,400Kbps,,,,,undisclosed,True,,300,True,,45000,33750,선택약정 25% 할인,,1,0,,,,만 34세 이하 기본데이터 7GB,,,https://product.kt.com/wDic/productDetail.do?ItemCode=1693,2026-08-11T01:01:17.772266+00:00
MNO,KT,,1693_베이직4GB_만 34세 이하,1693_베이직4GB,official_code,베이직4GB,,KT-통합요금제,False,만 34세 이하,,,4.0,4.0,8.0,False,400Kbps,,,,,undisclosed,True,,300,True,,37000,27750,선택약정 25% 할인,,1,0,,,,만 34세 이하 기본데이터 4GB,,,https://product.kt.com/wDic/productDetail.do?ItemCode=1693,2026-08-11T01:01:17.772266+00:00
MNO,KT,,1693_베이직1.4GB_만 34세 이하,1693_베이직1.4GB,official_code,베이직1.4GB,,KT-통합요금제,False,만 34세 이하,,,1.4,1.4,2.8,False,400Kbps,,,,,undisclosed,True,,50,True,,33000,24750,선택약정 25% 할인,,1,0,,,,만 34세 이하 기본데이터 1.4GB,,,https://product.kt.com/wDic/productDetail.do?ItemCode=1693,2026-08-11T01:01:17.772266+00:00
MNO,KT,,1693_베이직100_만 18세 이하,1693_베이직100,official_code,베이직100,,KT-통합요금제,False,만 18세 이하,,,,,,True,100Kbps,,70.0,70.0,140.0,quota,True,,300,True,,100000,75000,선택약정 25% 할인,,6,0,,VVIP,스마트기기 또는 데이터 쉐어링 스마트기기 월정액 or 데이터 쉐어링 1회선 무료,공유데이터 70GB | 만 18세 이하 공유데이터 70GB,,,https://product.kt.com/wDic/productDetail.do?ItemCode=1693,2026-08-11T01:01:17.772266+00:00
MNO,KT,,1693_베이직80_만 18세 이하,1693_베이직80,official_code,베이직80,,KT-통합요금제,False,만 18세 이하,,,,,,True,100Kbps,,50.0,50.0,100.0,quota,True,,300,True,,80000,60000,선택약정 25% 할인,,4,0,,VIP,,공유데이터 50GB | 만 18세 이하 공유데이터 50GB,,,https://product.kt.com/wDic/productDetail.do?ItemCode=1693,2026-08-11T01:01:17.772266+00:00
MNO,KT,,1693_베이직110GB_만 18세 이하,1693_베이직110GB,official_code,베이직110GB,,KT-통합요금제,False,만 18세 이하,,,110.0,110.0,220.0,False,5Mbps,,,,,undisclosed,True,,300,True,,69000,51750,선택약정 25% 할인,,2,0,,,,만 18세 이하 기본데이터 110GB,,,https://product.kt.com/wDic/productDetail.do?ItemCode=1693,2026-08-11T01:01:17.772266+00:00
MNO,KT,,1693_베이직90GB_만 18세 이하,1693_베이직90GB,official_code,베이직90GB,,KT-통합요금제,False,만 18세 이하,,,90.0,90.0,180.0,False,1Mbps,,,,,undisclosed,True,,300,True,,67000,50250,선택약정 25% 할인,,2,0,,,,만 18세 이하 기본데이터 90GB,,,https://product.kt.com/wDic/productDetail.do?ItemCode=1693,2026-08-11T01:01:17.772266+00:00
MNO,KT,,1693_베이직70GB_만 18세 이하,1693_베이직70GB,official_code,베이직70GB,,KT-통합요금제,False,만 18세 이하,,,70.0,70.0,140.0,False,1Mbps,,,,,undisclosed,True,,300,True,,65000,48750,선택약정 25% 할인,,2,0,,,,만 18세 이하 기본데이터 70GB,,,https://product.kt.com/wDic/productDetail.do?ItemCode=1693,2026-08-11T01:01:17.772266+00:00
MNO,KT,,1693_베이직50GB_만 18세 이하,1693_베이직50GB,official_code,베이직50GB,,KT-통합요금제,False,만 18세 이하,,,50.0,50.0,100.0,False,1Mbps,,,,,undisclosed,True,,300,True,,63000,47250,선택약정 25% 할인,,2,0,,,,만 18세 이하 기본데이터 50GB,,,https://product.kt.com/wDic/productDetail.do?ItemCode=1693,2026-08-11T01:01:17.772266+00:00
MNO,KT,,1693_베이직30GB_만 18세 이하,1693_베이직30GB,official_code,베이직30GB,,KT-통합요금제,False,만 18세 이하,,,30.0,30.0,60.0,False,1Mbps,,,,,undisclosed,True,,300,True,,61000,45750,선택약정 25% 할인,,2,0,,,,만 18세 이하 기본데이터 30GB,,,https://product.kt.com/wDic/productDetail.do?ItemCode=1693,2026-08-11T01:01:17.772266+00:00
MNO,KT,,1693_베이직21GB_만 18세 이하,1693_베이직21GB,official_code,베이직21GB,,KT-통합요금제,False,만 18세 이하,,,21.0,21.0,42.0,False,1Mbps,,,,,undisclosed,True,,300,True,,58000,43500,선택약정 25% 할인,,2,0,,,,만 18세 이하 기본데이터 21GB,,,https://product.kt.com/wDic/productDetail.do?ItemCode=1693,2026-08-11T01:01:17.772266+00:00
MNO,KT,,1693_베이직14GB_만 18세 이하,1693_베이직14GB,official_code,베이직14GB,,KT-통합요금제,False,만 18세 이하,,,14.0,14.0,28.0,False,1Mbps,,,,,undisclosed,True,,300,True,,55000,41250,선택약정 25% 할인,,2,0,,,,만 18세 이하 기본데이터 14GB,,,https://product.kt.com/wDic/productDetail.do?ItemCode=1693,2026-08-11T01:01:17.772266+00:00
MNO,KT,,1693_베이직10GB_만 18세 이하,1693_베이직10GB,official_code,베이직10GB,,KT-통합요금제,False,만 18세 이하,,,10.0,10.0,20.0,False,400Kbps,,,,,undisclosed,True,,300,True,,50000,37500,선택약정 25% 할인,,2,0,,,,만 18세 이하 기본데이터 10GB +1Mbps,,,https://product.kt.com/wDic/productDetail.do?ItemCode=1693,2026-08-11T01:01:17.772266+00:00
MNO,KT,,1693_베이직7GB_만 18세 이하,1693_베이직7GB,official_code,베이직7GB,,KT-통합요금제,False,만 18세 이하,,,7.0,7.0,14.0,False,400Kbps,,,,,undisclosed,True,,300,True,,45000,33750,선택약정 25% 할인,,2,0,,,,만 18세 이하 기본데이터 7GB,,,https://product.kt.com/wDic/productDetail.do?ItemCode=1693,2026-08-11T01:01:17.772266+00:00
MNO,KT,,1693_베이직4GB_만 18세 이하,1693_베이직4GB,official_code,베이직4GB,,KT-통합요금제,False,만 18세 이하,,,4.0,4.0,8.0,False,400Kbps,,,,,undisclosed,True,,300,True,,37000,27750,선택약정 25% 할인,,2,0,,,,만 18세 이하 기본데이터 4GB,,,https://product.kt.com/wDic/productDetail.do?ItemCode=1693,2026-08-11T01:01:17.772266+00:00
MNO,KT,,1693_베이직1.4GB_만 18세 이하,1693_베이직1.4GB,official_code,베이직1.4GB,,KT-통합요금제,False,만 18세 이하,,,1.4,1.4,2.8,False,400Kbps,,,,,undisclosed,True,,50,True,,33000,24750,선택약정 25% 할인,,2,0,,,,만 18세 이하 기본데이터 1.4GB,,,https://product.kt.com/wDic/productDetail.do?ItemCode=1693,2026-08-11T01:01:17.772266+00:00
MNO,KT,,1693_베이직600MB_만 18세 이하,1693_베이직600MB,official_code,베이직600MB,,KT-통합요금제,False,만 18세 이하,,,0.586,0.391,0.977,False,400Kbps,,,,,undisclosed,False,180,,False,180,28900,21675,선택약정 25% 할인,,2,0,,,,만 18세 이하 기본데이터 400MB,,,https://product.kt.com/wDic/productDetail.do?ItemCode=1693,2026-08-11T01:01:17.772266+00:00
MNO,KT,,1693_베이직100_만 65세 이상,1693_베이직100,official_code,베이직100,,KT-통합요금제,False,만 65세 이상,,,,,,True,100Kbps,,70.0,35.0,105.0,quota,True,,300,True,,100000,75000,선택약정 25% 할인,,6,0,,VVIP,스마트기기 또는 데이터 쉐어링 스마트기기 월정액 or 데이터 쉐어링 1회선 무료,공유데이터 70GB | 만 65세 이상 공유데이터 35GB,,,https://product.kt.com/wDic/productDetail.do?ItemCode=1693,2026-08-11T01:01:17.772266+00:00
MNO,KT,,1693_베이직80_만 65세 이상,1693_베이직80,official_code,베이직80,,KT-통합요금제,False,만 65세 이상,,,,,,True,100Kbps,,50.0,25.0,75.0,quota,True,,300,True,,80000,60000,선택약정 25% 할인,,4,0,,VIP,,공유데이터 50GB | 만 65세 이상 공유데이터 25GB,,,https://product.kt.com/wDic/productDetail.do?ItemCode=1693,2026-08-11T01:01:17.772266+00:00
MNO,KT,,1693_베이직110GB_만 65세 이상,1693_베이직110GB,official_code,베이직110GB,,KT-통합요금제,False,만 65세 이상,,,110.0,55.0,165.0,False,5Mbps,,,,,undisclosed,True,,300,True,,69000,51750,선택약정 25% 할인,,2,0,,,,만 65세 이상 기본데이터 55GB,,,https://product.kt.com/wDic/productDetail.do?ItemCode=1693,2026-08-11T01:01:17.772266+00:00
MNO,KT,,1693_베이직90GB_만 65세 이상,1693_베이직90GB,official_code,베이직90GB,,KT-통합요금제,False,만 65세 이상,,,90.0,45.0,135.0,False,1Mbps,,,,,undisclosed,True,,300,True,,67000,50250,선택약정 25% 할인,,2,0,,,,만 65세 이상 기본데이터 45GB,,,https://product.kt.com/wDic/productDetail.do?ItemCode=1693,2026-08-11T01:01:17.772266+00:00
MNO,KT,,1693_베이직70GB_만 65세 이상,1693_베이직70GB,official_code,베이직70GB,,KT-통합요금제,False,만 65세 이상,,,70.0,35.0,105.0,False,1Mbps,,,,,undisclosed,True,,300,True,,65000,48750,선택약정 25% 할인,,2,0,,,,만 65세 이상 기본데이터 35GB,,,https://product.kt.com/wDic/productDetail.do?ItemCode=1693,2026-08-11T01:01:17.772266+00:00
MNO,KT,,1693_베이직50GB_만 65세 이상,1693_베이직50GB,official_code,베이직50GB,,KT-통합요금제,False,만 65세 이상,,,50.0,25.0,75.0,False,1Mbps,,,,,undisclosed,True,,300,True,,63000,47250,선택약정 25% 할인,,2,0,,,,만 65세 이상 기본데이터 25GB,,,https://product.kt.com/wDic/productDetail.do?ItemCode=1693,2026-08-11T01:01:17.772266+00:00
MNO,KT,,1693_베이직30GB_만 65세 이상,1693_베이직30GB,official_code,베이직30GB,,KT-통합요금제,False,만 65세 이상,,,30.0,15.0,45.0,False,1Mbps,,,,,undisclosed,True,,300,True,,61000,45750,선택약정 25% 할인,,2,0,,,,만 65세 이상 기본데이터 15GB,,,https://product.kt.com/wDic/productDetail.do?ItemCode=1693,2026-08-11T01:01:17.772266+00:00
MNO,KT,,1693_베이직21GB_만 65세 이상,1693_베이직21GB,official_code,베이직21GB,,KT-통합요금제,False,만 65세 이상,,,21.0,11.0,32.0,False,1Mbps,,,,,undisclosed,True,,300,True,,58000,43500,선택약정 25% 할인,,2,0,,,,만 65세 이상 기본데이터 11GB,,,https://product.kt.com/wDic/productDetail.do?ItemCode=1693,2026-08-11T01:01:17.772266+00:00
MNO,KT,,1693_베이직14GB_만 65세 이상,1693_베이직14GB,official_code,베이직14GB,,KT-통합요금제,False,만 65세 이상,,,14.0,7.0,21.0,False,1Mbps,,,,,undisclosed,True,,300,True,,55000,41250,선택약정 25% 할인,,2,0,,,,만 65세 이상 기본데이터 7GB,,,https://product.kt.com/wDic/productDetail.do?ItemCode=1693,2026-08-11T01:01:17.772266+00:00
MNO,KT,,1693_베이직10GB_만 65세 이상,1693_베이직10GB,official_code,베이직10GB,,KT-통합요금제,False,만 65세 이상,,,10.0,5.0,15.0,False,400Kbps,,,,,undisclosed,True,,300,True,,50000,37500,선택약정 25% 할인,,2,0,,,,만 65세 이상 기본데이터 5GB +1Mbps,,,https://product.kt.com/wDic/productDetail.do?ItemCode=1693,2026-08-11T01:01:17.772266+00:00
MNO,KT,,1693_베이직7GB_만 65세 이상,1693_베이직7GB,official_code,베이직7GB,,KT-통합요금제,False,만 65세 이상,,,7.0,4.0,11.0,False,400Kbps,,,,,undisclosed,True,,300,True,,45000,33750,선택약정 25% 할인,,2,0,,,,만 65세 이상 기본데이터 4GB +1Mbps,,,https://product.kt.com/wDic/productDetail.do?ItemCode=1693,2026-08-11T01:01:17.772266+00:00
MNO,KT,,1693_베이직4GB_만 65세 이상,1693_베이직4GB,official_code,베이직4GB,,KT-통합요금제,False,만 65세 이상,,,4.0,2.0,6.0,False,400Kbps,,,,,undisclosed,True,,300,True,,37000,27750,선택약정 25% 할인,,2,0,,,,만 65세 이상 기본데이터 2GB,,,https://product.kt.com/wDic/productDetail.do?ItemCode=1693,2026-08-11T01:01:17.772266+00:00
MNO,KT,,1693_베이직1.4GB_만 65세 이상,1693_베이직1.4GB,official_code,베이직1.4GB,,KT-통합요금제,False,만 65세 이상,,,1.4,0.684,2.084,False,400Kbps,,,,,undisclosed,True,,100,True,,33000,24750,선택약정 25% 할인,,3,0,,,,만 65세 이상 기본데이터 700MB,,,https://product.kt.com/wDic/productDetail.do?ItemCode=1693,2026-08-11T01:01:17.772266+00:00
MNO,KT,,1693_베이직600MB_만 65세 이상,1693_베이직600MB,official_code,베이직600MB,,KT-통합요금제,False,만 65세 이상,,,0.586,0.195,0.781,False,400Kbps,,,,,undisclosed,True,,100,False,180,28900,21675,선택약정 25% 할인,,4,0,,,,만 65세 이상 기본데이터 200MB,,,https://product.kt.com/wDic/productDetail.do?ItemCode=1693,2026-08-11T01:01:17.772266+00:00
MNO,KT,,1693_베이직100_만 75세 이상,1693_베이직100,official_code,베이직100,,KT-통합요금제,False,만 75세 이상,,,,,,True,100Kbps,,70.0,70.0,140.0,quota,True,,300,True,,100000,75000,선택약정 25% 할인,,6,0,,VVIP,스마트기기 또는 데이터 쉐어링 스마트기기 월정액 or 데이터 쉐어링 1회선 무료,공유데이터 70GB | 만 75세 이상 공유데이터 70GB,,,https://product.kt.com/wDic/productDetail.do?ItemCode=1693,2026-08-11T01:01:17.772266+00:00
MNO,KT,,1693_베이직80_만 75세 이상,1693_베이직80,official_code,베이직80,,KT-통합요금제,False,만 75세 이상,,,,,,True,100Kbps,,50.0,50.0,100.0,quota,True,,300,True,,80000,60000,선택약정 25% 할인,,4,0,,VIP,,공유데이터 50GB | 만 75세 이상 공유데이터 50GB,,,https://product.kt.com/wDic/productDetail.do?ItemCode=1693,2026-08-11T01:01:17.772266+00:00
MNO,KT,,1693_베이직110GB_만 75세 이상,1693_베이직110GB,official_code,베이직110GB,,KT-통합요금제,False,만 75세 이상,,,110.0,110.0,220.0,False,5Mbps,,,,,undisclosed,True,,300,True,,69000,51750,선택약정 25% 할인,,2,0,,,,만 75세 이상 기본데이터 110GB,,,https://product.kt.com/wDic/productDetail.do?ItemCode=1693,2026-08-11T01:01:17.772266+00:00
MNO,KT,,1693_베이직90GB_만 75세 이상,1693_베이직90GB,official_code,베이직90GB,,KT-통합요금제,False,만 75세 이상,,,90.0,90.0,180.0,False,1Mbps,,,,,undisclosed,True,,300,True,,67000,50250,선택약정 25% 할인,,2,0,,,,만 75세 이상 기본데이터 90GB,,,https://product.kt.com/wDic/productDetail.do?ItemCode=1693,2026-08-11T01:01:17.772266+00:00
MNO,KT,,1693_베이직70GB_만 75세 이상,1693_베이직70GB,official_code,베이직70GB,,KT-통합요금제,False,만 75세 이상,,,70.0,70.0,140.0,False,1Mbps,,,,,undisclosed,True,,300,True,,65000,48750,선택약정 25% 할인,,2,0,,,,만 75세 이상 기본데이터 70GB,,,https://product.kt.com/wDic/productDetail.do?ItemCode=1693,2026-08-11T01:01:17.772266+00:00
MNO,KT,,1693_베이직50GB_만 75세 이상,1693_베이직50GB,official_code,베이직50GB,,KT-통합요금제,False,만 75세 이상,,,50.0,50.0,100.0,False,1Mbps,,,,,undisclosed,True,,300,True,,63000,47250,선택약정 25% 할인,,2,0,,,,만 75세 이상 기본데이터 50GB,,,https://product.kt.com/wDic/productDetail.do?ItemCode=1693,2026-08-11T01:01:17.772266+00:00
MNO,KT,,1693_베이직30GB_만 75세 이상,1693_베이직30GB,official_code,베이직30GB,,KT-통합요금제,False,만 75세 이상,,,30.0,30.0,60.0,False,1Mbps,,,,,undisclosed,True,,300,True,,61000,45750,선택약정 25% 할인,,2,0,,,,만 75세 이상 기본데이터 30GB,,,https://product.kt.com/wDic/productDetail.do?ItemCode=1693,2026-08-11T01:01:17.772266+00:00
MNO,KT,,1693_베이직21GB_만 75세 이상,1693_베이직21GB,official_code,베이직21GB,,KT-통합요금제,False,만 75세 이상,,,21.0,21.0,42.0,False,1Mbps,,,,,undisclosed,True,,300,True,,58000,43500,선택약정 25% 할인,,2,0,,,,만 75세 이상 기본데이터 21GB,,,https://product.kt.com/wDic/productDetail.do?ItemCode=1693,2026-08-11T01:01:17.772266+00:00
MNO,KT,,1693_베이직14GB_만 75세 이상,1693_베이직14GB,official_code,베이직14GB,,KT-통합요금제,False,만 75세 이상,,,14.0,14.0,28.0,False,1Mbps,,,,,undisclosed,True,,300,True,,55000,41250,선택약정 25% 할인,,2,0,,,,만 75세 이상 기본데이터 14GB,,,https://product.kt.com/wDic/productDetail.do?ItemCode=1693,2026-08-11T01:01:17.772266+00:00
MNO,KT,,1693_베이직10GB_만 75세 이상,1693_베이직10GB,official_code,베이직10GB,,KT-통합요금제,False,만 75세 이상,,,10.0,10.0,20.0,False,400Kbps,,,,,undisclosed,True,,300,True,,50000,37500,선택약정 25% 할인,,2,0,,,,만 75세 이상 기본데이터 10GB +1Mbps,,,https://product.kt.com/wDic/productDetail.do?ItemCode=1693,2026-08-11T01:01:17.772266+00:00
MNO,KT,,1693_베이직7GB_만 75세 이상,1693_베이직7GB,official_code,베이직7GB,,KT-통합요금제,False,만 75세 이상,,,7.0,7.0,14.0,False,400Kbps,,,,,undisclosed,True,,300,True,,45000,33750,선택약정 25% 할인,,2,0,,,,만 75세 이상 기본데이터 7GB +1Mbps,,,https://product.kt.com/wDic/productDetail.do?ItemCode=1693,2026-08-11T01:01:17.772266+00:00
MNO,KT,,1693_베이직4GB_만 75세 이상,1693_베이직4GB,official_code,베이직4GB,,KT-통합요금제,False,만 75세 이상,,,4.0,4.0,8.0,False,400Kbps,,,,,undisclosed,True,,300,True,,37000,27750,선택약정 25% 할인,,2,0,,,,만 75세 이상 기본데이터 4GB,,,https://product.kt.com/wDic/productDetail.do?ItemCode=1693,2026-08-11T01:01:17.772266+00:00
MNO,KT,,1693_베이직1.4GB_만 75세 이상,1693_베이직1.4GB,official_code,베이직1.4GB,,KT-통합요금제,False,만 75세 이상,,,1.4,1.4,2.8,False,400Kbps,,,,,undisclosed,True,,100,True,,33000,24750,선택약정 25% 할인,,3,0,,,,만 75세 이상 기본데이터 1.4GB,,,https://product.kt.com/wDic/productDetail.do?ItemCode=1693,2026-08-11T01:01:17.772266+00:00
MNO,KT,,1693_베이직600MB_만 75세 이상,1693_베이직600MB,official_code,베이직600MB,,KT-통합요금제,False,만 75세 이상,,,0.586,0.391,0.977,False,400Kbps,,,,,undisclosed,True,,100,False,180,28900,21675,선택약정 25% 할인,,4,0,,,,만 75세 이상 기본데이터 400MB,,,https://product.kt.com/wDic/productDetail.do?ItemCode=1693,2026-08-11T01:01:17.772266+00:00
MNO,KT,,1694_베이직 21GB(이월),1694_베이직 21GB(이월),official_code,베이직 21GB(이월),,KT-통합요금제,False,,,,21.0,,21.0,False,,,,,,undisclosed,True,,300,True,,58000,43500,선택약정 25% 할인,,0,0,,,,,,,https://product.kt.com/wDic/productDetail.do?ItemCode=1694,2026-08-11T01:01:17.772266+00:00
MNO,KT,,1694_베이직 14GB(이월),1694_베이직 14GB(이월),official_code,베이직 14GB(이월),,KT-통합요금제,False,,,,14.0,,14.0,False,,,,,,undisclosed,True,,300,True,,55000,41250,선택약정 25% 할인,,0,0,,,,,,,https://product.kt.com/wDic/productDetail.do?ItemCode=1694,2026-08-11T01:01:17.772266+00:00
MNO,KT,,1694_베이직 10GB(이월),1694_베이직 10GB(이월),official_code,베이직 10GB(이월),,KT-통합요금제,False,,,,10.0,,10.0,False,,,,,,undisclosed,True,,300,True,,50000,37500,선택약정 25% 할인,,0,0,,,,,,,https://product.kt.com/wDic/productDetail.do?ItemCode=1694,2026-08-11T01:01:17.772266+00:00
MNO,KT,,1694_베이직 7GB(이월),1694_베이직 7GB(이월),official_code,베이직 7GB(이월),,KT-통합요금제,False,,,,7.0,,7.0,False,,,,,,undisclosed,True,,300,True,,45000,33750,선택약정 25% 할인,,0,0,,,,,,,https://product.kt.com/wDic/productDetail.do?ItemCode=1694,2026-08-11T01:01:17.772266+00:00
MNO,KT,,1694_베이직 4GB(이월),1694_베이직 4GB(이월),official_code,베이직 4GB(이월),,KT-통합요금제,False,,,,4.0,,4.0,False,,,,,,undisclosed,True,,300,True,,37000,27750,선택약정 25% 할인,,0,0,,,,,,,https://product.kt.com/wDic/productDetail.do?ItemCode=1694,2026-08-11T01:01:17.772266+00:00
MNO,KT,,1694_베이직 21GB(이월)_만 34세 이하,1694_베이직 21GB(이월),official_code,베이직 21GB(이월),,KT-통합요금제,False,만 34세 이하,,,21.0,21.0,42.0,False,,,,,,undisclosed,True,,300,True,,58000,43500,선택약정 25% 할인,,1,0,,,,만 34세 이하 기본데이터 21GB,,,https://product.kt.com/wDic/productDetail.do?ItemCode=1694,2026-08-11T01:01:17.772266+00:00
MNO,KT,,1694_베이직 14GB(이월)_만 34세 이하,1694_베이직 14GB(이월),official_code,베이직 14GB(이월),,KT-통합요금제,False,만 34세 이하,,,14.0,14.0,28.0,False,,,,,,undisclosed,True,,300,True,,55000,41250,선택약정 25% 할인,,1,0,,,,만 34세 이하 기본데이터 14GB,,,https://product.kt.com/wDic/productDetail.do?ItemCode=1694,2026-08-11T01:01:17.772266+00:00
MNO,KT,,1694_베이직 10GB(이월)_만 34세 이하,1694_베이직 10GB(이월),official_code,베이직 10GB(이월),,KT-통합요금제,False,만 34세 이하,,,10.0,10.0,20.0,False,,,,,,undisclosed,True,,300,True,,50000,37500,선택약정 25% 할인,,1,0,,,,만 34세 이하 기본데이터 10GB,,,https://product.kt.com/wDic/productDetail.do?ItemCode=1694,2026-08-11T01:01:17.772266+00:00
MNO,KT,,1694_베이직 7GB(이월)_만 34세 이하,1694_베이직 7GB(이월),official_code,베이직 7GB(이월),,KT-통합요금제,False,만 34세 이하,,,7.0,7.0,14.0,False,,,,,,undisclosed,True,,300,True,,45000,33750,선택약정 25% 할인,,1,0,,,,만 34세 이하 기본데이터 7GB,,,https://product.kt.com/wDic/productDetail.do?ItemCode=1694,2026-08-11T01:01:17.772266+00:00
MNO,KT,,1694_베이직 4GB(이월)_만 34세 이하,1694_베이직 4GB(이월),official_code,베이직 4GB(이월),,KT-통합요금제,False,만 34세 이하,,,4.0,4.0,8.0,False,,,,,,undisclosed,True,,300,True,,37000,27750,선택약정 25% 할인,,1,0,,,,만 34세 이하 기본데이터 4GB,,,https://product.kt.com/wDic/productDetail.do?ItemCode=1694,2026-08-11T01:01:17.772266+00:00
MNO,KT,,1694_베이직 21GB(이월)_만 18세 이하,1694_베이직 21GB(이월),official_code,베이직 21GB(이월),,KT-통합요금제,False,만 18세 이하,,,21.0,21.0,42.0,False,,,,,,undisclosed,True,,300,True,,58000,43500,선택약정 25% 할인,,2,0,,,,만 18세 이하 기본데이터 21GB,,,https://product.kt.com/wDic/productDetail.do?ItemCode=1694,2026-08-11T01:01:17.772266+00:00
MNO,KT,,1694_베이직 14GB(이월)_만 18세 이하,1694_베이직 14GB(이월),official_code,베이직 14GB(이월),,KT-통합요금제,False,만 18세 이하,,,14.0,14.0,28.0,False,,,,,,undisclosed,True,,300,True,,55000,41250,선택약정 25% 할인,,2,0,,,,만 18세 이하 기본데이터 14GB,,,https://product.kt.com/wDic/productDetail.do?ItemCode=1694,2026-08-11T01:01:17.772266+00:00
MNO,KT,,1694_베이직 10GB(이월)_만 18세 이하,1694_베이직 10GB(이월),official_code,베이직 10GB(이월),,KT-통합요금제,False,만 18세 이하,,,10.0,10.0,20.0,False,,,,,,undisclosed,True,,300,True,,50000,37500,선택약정 25% 할인,,2,0,,,,만 18세 이하 기본데이터 10GB,,,https://product.kt.com/wDic/productDetail.do?ItemCode=1694,2026-08-11T01:01:17.772266+00:00
MNO,KT,,1694_베이직 7GB(이월)_만 18세 이하,1694_베이직 7GB(이월),official_code,베이직 7GB(이월),,KT-통합요금제,False,만 18세 이하,,,7.0,7.0,14.0,False,,,,,,undisclosed,True,,300,True,,45000,33750,선택약정 25% 할인,,2,0,,,,만 18세 이하 기본데이터 7GB,,,https://product.kt.com/wDic/productDetail.do?ItemCode=1694,2026-08-11T01:01:17.772266+00:00
MNO,KT,,1694_베이직 4GB(이월)_만 18세 이하,1694_베이직 4GB(이월),official_code,베이직 4GB(이월),,KT-통합요금제,False,만 18세 이하,,,4.0,4.0,8.0,False,,,,,,undisclosed,True,,300,True,,37000,27750,선택약정 25% 할인,,2,0,,,,만 18세 이하 기본데이터 4GB,,,https://product.kt.com/wDic/productDetail.do?ItemCode=1694,2026-08-11T01:01:17.772266+00:00
MNO,KT,,1694_베이직 21GB(이월)_만 65세 이상,1694_베이직 21GB(이월),official_code,베이직 21GB(이월),,KT-통합요금제,False,만 65세 이상,,,21.0,11.0,32.0,False,,,,,,undisclosed,True,,300,True,,58000,43500,선택약정 25% 할인,,2,0,,,,만 65세 이상 기본데이터 11GB,,,https://product.kt.com/wDic/productDetail.do?ItemCode=1694,2026-08-11T01:01:17.772266+00:00
MNO,KT,,1694_베이직 14GB(이월)_만 65세 이상,1694_베이직 14GB(이월),official_code,베이직 14GB(이월),,KT-통합요금제,False,만 65세 이상,,,14.0,7.0,21.0,False,,,,,,undisclosed,True,,300,True,,55000,41250,선택약정 25% 할인,,2,0,,,,만 65세 이상 기본데이터 7GB,,,https://product.kt.com/wDic/productDetail.do?ItemCode=1694,2026-08-11T01:01:17.772266+00:00
MNO,KT,,1694_베이직 10GB(이월)_만 65세 이상,1694_베이직 10GB(이월),official_code,베이직 10GB(이월),,KT-통합요금제,False,만 65세 이상,,,10.0,5.0,15.0,False,,,,,,undisclosed,True,,300,True,,50000,37500,선택약정 25% 할인,,2,0,,,,만 65세 이상 기본데이터 5GB,,,https://product.kt.com/wDic/productDetail.do?ItemCode=1694,2026-08-11T01:01:17.772266+00:00
MNO,KT,,1694_베이직 7GB(이월)_만 65세 이상,1694_베이직 7GB(이월),official_code,베이직 7GB(이월),,KT-통합요금제,False,만 65세 이상,,,7.0,4.0,11.0,False,,,,,,undisclosed,True,,300,True,,45000,33750,선택약정 25% 할인,,2,0,,,,만 65세 이상 기본데이터 4GB,,,https://product.kt.com/wDic/productDetail.do?ItemCode=1694,2026-08-11T01:01:17.772266+00:00
MNO,KT,,1694_베이직 4GB(이월)_만 65세 이상,1694_베이직 4GB(이월),official_code,베이직 4GB(이월),,KT-통합요금제,False,만 65세 이상,,,4.0,2.0,6.0,False,,,,,,undisclosed,True,,300,True,,37000,27750,선택약정 25% 할인,,2,0,,,,만 65세 이상 기본데이터 2GB,,,https://product.kt.com/wDic/productDetail.do?ItemCode=1694,2026-08-11T01:01:17.772266+00:00
MNO,KT,,1694_베이직 21GB(이월)_만 75세 이상,1694_베이직 21GB(이월),official_code,베이직 21GB(이월),,KT-통합요금제,False,만 75세 이상,,,21.0,21.0,42.0,False,,,,,,undisclosed,True,,300,True,,58000,43500,선택약정 25% 할인,,2,0,,,,만 75세 이상 기본데이터 21GB,,,https://product.kt.com/wDic/productDetail.do?ItemCode=1694,2026-08-11T01:01:17.772266+00:00
MNO,KT,,1694_베이직 14GB(이월)_만 75세 이상,1694_베이직 14GB(이월),official_code,베이직 14GB(이월),,KT-통합요금제,False,만 75세 이상,,,14.0,14.0,28.0,False,,,,,,undisclosed,True,,300,True,,55000,41250,선택약정 25% 할인,,2,0,,,,만 75세 이상 기본데이터 14GB,,,https://product.kt.com/wDic/productDetail.do?ItemCode=1694,2026-08-11T01:01:17.772266+00:00
MNO,KT,,1694_베이직 10GB(이월)_만 75세 이상,1694_베이직 10GB(이월),official_code,베이직 10GB(이월),,KT-통합요금제,False,만 75세 이상,,,10.0,10.0,20.0,False,,,,,,undisclosed,True,,300,True,,50000,37500,선택약정 25% 할인,,2,0,,,,만 75세 이상 기본데이터 10GB,,,https://product.kt.com/wDic/productDetail.do?ItemCode=1694,2026-08-11T01:01:17.772266+00:00
MNO,KT,,1694_베이직 7GB(이월)_만 75세 이상,1694_베이직 7GB(이월),official_code,베이직 7GB(이월),,KT-통합요금제,False,만 75세 이상,,,7.0,7.0,14.0,False,,,,,,undisclosed,True,,300,True,,45000,33750,선택약정 25% 할인,,2,0,,,,만 75세 이상 기본데이터 7GB,,,https://product.kt.com/wDic/productDetail.do?ItemCode=1694,2026-08-11T01:01:17.772266+00:00
MNO,KT,,1694_베이직 4GB(이월)_만 75세 이상,1694_베이직 4GB(이월),official_code,베이직 4GB(이월),,KT-통합요금제,False,만 75세 이상,,,4.0,4.0,8.0,False,,,,,,undisclosed,True,,300,True,,37000,27750,선택약정 25% 할인,,2,0,,,,만 75세 이상 기본데이터 4GB,,,https://product.kt.com/wDic/productDetail.do?ItemCode=1694,2026-08-11T01:01:17.772266+00:00
MNO,KT,,1697_음성 18.7_만 18세 이하,1697_음성 18.7,official_code,음성 18.7,,KT-통합요금제,False,만 18세 이하,,,,0.586,0.586,False,,,,,,undisclosed,False,100,,False,100,18700,14025,선택약정 25% 할인,,2,0,,,,만 18세 이하 600MB (+이월),,,https://product.kt.com/wDic/productDetail.do?ItemCode=1697,2026-08-11T01:01:17.772266+00:00
MNO,KT,,1697_음성 18.7_만 65세 이상,1697_음성 18.7,official_code,음성 18.7,,KT-통합요금제,False,만 65세 이상,,,,0.293,0.293,False,,,,,,undisclosed,False,130,,False,150,18700,14025,선택약정 25% 할인,,4,0,,,,만 65세 이상 300MB (+이월),,,https://product.kt.com/wDic/productDetail.do?ItemCode=1697,2026-08-11T01:01:17.772266+00:00
MNO,KT,,1697_음성 18.7_만 75세 이상,1697_음성 18.7,official_code,음성 18.7,,KT-통합요금제,False,만 75세 이상,,,,0.293,0.293,False,,,,,,undisclosed,False,130,,False,150,18700,14025,선택약정 25% 할인,,4,0,,,,만 75세 이상 300MB (+이월),,,https://product.kt.com/wDic/productDetail.do?ItemCode=1697,2026-08-11T01:01:17.772266+00:00
MNO,KT,,1567_요고 69,1567_요고 69,official_code,요고 69,,KT-온라인전용(요고),True,,,,,,,True,,,,,,undisclosed,True,,300,True,,69000,,,,5,2,프로모션 혜택_초이스 OTT 2개 또는 디바이스 할인 | 프로모션 혜택_플러스 콘텐츠 1개,VIP,기본 혜택_스마트기기 2회선 최대 100% 할인,요고Y덤(만 34세 이하) 공유 데이터 2배,,,https://product.kt.com/wDic/productDetail.do?ItemCode=1567,2026-08-11T01:01:17.772266+00:00
MNO,KT,,1567_요고 61,1567_요고 61,official_code,요고 61,,KT-온라인전용(요고),True,,,,,,,True,,,,,,undisclosed,True,,300,True,,61000,,,,5,2,프로모션 혜택_초이스 OTT 1개 또는 디바이스 할인 | 프로모션 혜택_플러스 콘텐츠 1개,VIP,기본 혜택_스마트기기 1회선 최대 100% 할인,요고Y덤(만 34세 이하) 공유 데이터 2배,,,https://product.kt.com/wDic/productDetail.do?ItemCode=1567,2026-08-11T01:01:17.772266+00:00
MNO,KT,,1567_요고 55,1567_요고 55,official_code,요고 55,,KT-온라인전용(요고),True,,,,200.0,,200.0,False,5Mbps,,,,,undisclosed,True,,300,True,,55000,,,,5,2,프로모션 혜택_초이스 OTT 1개 또는 디바이스 할인 | 프로모션 혜택_플러스 콘텐츠 1개 50% 할인,VIP,기본 혜택_스마트기기 1회선 최대 50% 할인,요고Y덤(만 34세 이하) 기본 데이터 2배,,,https://product.kt.com/wDic/productDetail.do?ItemCode=1567,2026-08-11T01:01:17.772266+00:00
MNO,KT,,1567_요고 49,1567_요고 49,official_code,요고 49,,KT-온라인전용(요고),True,,,,120.0,,120.0,False,5Mbps,,,,,undisclosed,True,,300,True,,49000,,,,4,2,프로모션 혜택_초이스 OTT 1개 | 프로모션 혜택_플러스 콘텐츠 1개 50% 할인,VIP,,요고Y덤(만 34세 이하) 기본 데이터 2배,,,https://product.kt.com/wDic/productDetail.do?ItemCode=1567,2026-08-11T01:01:17.772266+00:00
MNO,KT,,1567_요고 46,1567_요고 46,official_code,요고 46,,KT-온라인전용(요고),True,,,,80.0,,80.0,False,1Mbps,,,,,undisclosed,True,,300,True,,46000,,,,4,2,프로모션 혜택_초이스 OTT 1개 | 프로모션 혜택_플러스 콘텐츠 1개 50% 할인,VIP,,요고Y덤(만 34세 이하) 기본 데이터 2배,,,https://product.kt.com/wDic/productDetail.do?ItemCode=1567,2026-08-11T01:01:17.772266+00:00
MNO,KT,,1567_요고 44,1567_요고 44,official_code,요고 44,,KT-온라인전용(요고),True,,,,40.0,,40.0,False,1Mbps,,,,,undisclosed,True,,300,True,,44000,,,,4,2,프로모션 혜택_초이스 OTT 1개 | 프로모션 혜택_플러스 콘텐츠 1개 50% 할인,VIP,,요고Y덤(만 34세 이하) 기본 데이터 2배,,,https://product.kt.com/wDic/productDetail.do?ItemCode=1567,2026-08-11T01:01:17.772266+00:00
MNO,KT,,1567_요고 42,1567_요고 42,official_code,요고 42,,KT-온라인전용(요고),True,,,,35.0,,35.0,False,1Mbps,,,,,undisclosed,True,,300,True,,42000,,,,4,2,프로모션 혜택_초이스 OTT 1개 | 프로모션 혜택_플러스 콘텐츠 1개 50% 할인,VIP,,요고Y덤(만 34세 이하) 기본 데이터 2배,,,https://product.kt.com/wDic/productDetail.do?ItemCode=1567,2026-08-11T01:01:17.772266+00:00
MNO,KT,,1567_요고 40,1567_요고 40,official_code,요고 40,,KT-온라인전용(요고),True,,,,30.0,,30.0,False,1Mbps,,,,,undisclosed,True,,300,True,,40000,,,,3,2,프로모션 혜택_초이스 OTT 1개 | 프로모션 혜택_플러스 콘텐츠 1개 50% 할인,,,요고Y덤(만 34세 이하) 기본 데이터 2배,,,https://product.kt.com/wDic/productDetail.do?ItemCode=1567,2026-08-11T01:01:17.772266+00:00
MNO,KT,,1567_요고 38,1567_요고 38,official_code,요고 38,,KT-온라인전용(요고),True,,,,25.0,,25.0,False,1Mbps,,,,,undisclosed,True,,300,True,,38000,,,,3,2,프로모션 혜택_초이스 OTT 1개 | 프로모션 혜택_플러스 콘텐츠 1개 50% 할인,,,요고Y덤(만 34세 이하) 기본 데이터 2배,,,https://product.kt.com/wDic/productDetail.do?ItemCode=1567,2026-08-11T01:01:17.772266+00:00
MNO,KT,,1567_요고 36,1567_요고 36,official_code,요고 36,,KT-온라인전용(요고),True,,,,20.0,,20.0,False,1Mbps,,,,,undisclosed,True,,300,True,,36000,,,,3,2,프로모션 혜택_초이스 OTT 1개 | 프로모션 혜택_플러스 콘텐츠 1개 50% 할인,,,요고Y덤(만 34세 이하) 기본 데이터 2배,,,https://product.kt.com/wDic/productDetail.do?ItemCode=1567,2026-08-11T01:01:17.772266+00:00
MNO,KT,,1567_요고 34,1567_요고 34,official_code,요고 34,,KT-온라인전용(요고),True,,,,15.0,,15.0,False,400Kbps,,,,,undisclosed,True,,300,True,,34000,,,,3,2,프로모션 혜택_초이스 OTT 1개 | 프로모션 혜택_플러스 콘텐츠 1개 50% 할인,,,요고Y덤(만 34세 이하) 기본 데이터 2배,,,https://product.kt.com/wDic/productDetail.do?ItemCode=1567,2026-08-11T01:01:17.772266+00:00
MNO,KT,,1567_요고 32,1567_요고 32,official_code,요고 32,,KT-온라인전용(요고),True,,,,10.0,,10.0,False,400Kbps,,,,,undisclosed,True,,300,True,,32000,,,,3,2,프로모션 혜택_초이스 OTT 1개 | 프로모션 혜택_플러스 콘텐츠 1개 50% 할인,,,요고Y덤(만 34세 이하) 기본 데이터 2배,,,https://product.kt.com/wDic/productDetail.do?ItemCode=1567,2026-08-11T01:01:17.772266+00:00
MNO,KT,,1567_요고 30,1567_요고 30,official_code,요고 30,,KT-온라인전용(요고),True,,,,8.0,,8.0,False,400Kbps,,,,,undisclosed,True,,300,True,,30000,,,,3,2,프로모션 혜택_초이스 OTT 1개 | 프로모션 혜택_플러스 콘텐츠 1개 50% 할인,,,요고Y덤(만 34세 이하) 기본 데이터 2배,,,https://product.kt.com/wDic/productDetail.do?ItemCode=1567,2026-08-11T01:01:17.772266+00:00
MNO,KT,,1695_키즈38,1695_키즈38,official_code,키즈38,,KT-키즈/외국인,False,만 12세 이하,,,5.0,,5.0,False,1Mbps,,,,,undisclosed,True,,300,True,,38000,28500,선택약정 25% 할인,,1,0,,,,,,,https://product.kt.com/wDic/productDetail.do?ItemCode=1695,2026-08-11T01:01:17.772266+00:00
MNO,KT,,1695_키즈28,1695_키즈28,official_code,키즈28,,KT-키즈/외국인,False,만 12세 이하,,,3.0,,3.0,False,400Kbps,,,,,undisclosed,True,,100,True,,28000,21000,선택약정 25% 할인,,1,0,,,,,,,https://product.kt.com/wDic/productDetail.do?ItemCode=1695,2026-08-11T01:01:17.772266+00:00
MNO,KT,,1695_키즈24,1695_키즈24,official_code,키즈24,,KT-키즈/외국인,False,만 12세 이하,,,1.5,,1.5,False,400Kbps,,,,,undisclosed,True,,50,True,,24000,18000,선택약정 25% 할인,,1,0,,,,,,,https://product.kt.com/wDic/productDetail.do?ItemCode=1695,2026-08-11T01:01:17.772266+00:00
MNO,KT,,1695_키즈20,1695_키즈20,official_code,키즈20,,KT-키즈/외국인,False,만 12세 이하,,,0.781,,0.781,False,400Kbps,,,,,undisclosed,True,,50,True,,20000,15000,선택약정 25% 할인,,1,0,,,,,,,https://product.kt.com/wDic/productDetail.do?ItemCode=1695,2026-08-11T01:01:17.772266+00:00
MNO,SKT,,NA00009818,NA00009818,official_code,베스트 Max(Google AI),,SKT-베스트,False,,,5G,,,,True,,,140.0,,140.0,quota,True,,300,True,,129000,96750,선택약정 25% 할인,,5,1,Google AI,VIP,스마트기기 2회선 이용요금 무료,만 34세 이하 공유/테더링 데이터 20.0GB 추가 제공,,,https://www.tworld.co.kr/web/product/callplan/NA00009818,2026-08-11T01:05:49.035714+00:00
MNO,SKT,,NA00009818_만 34세 이하,NA00009818,official_code,베스트 Max(Google AI),,SKT-베스트,False,만 34세 이하,,5G,,,,True,,,140.0,20.0,160.0,quota,True,,300,True,,129000,96750,선택약정 25% 할인,,5,1,Google AI,VIP,스마트기기 2회선 이용요금 무료,만 34세 이하 공유/테더링 데이터 20.0GB 추가 제공,,,https://www.tworld.co.kr/web/product/callplan/NA00009818,2026-08-11T01:05:49.035714+00:00
MNO,SKT,,NA00009811,NA00009811,official_code,베스트 Pro(Google AI),,SKT-베스트,False,,,5G,,,,True,,,120.0,,120.0,quota,True,,300,True,,119000,89250,선택약정 25% 할인,,5,1,Google AI,VIP,스마트기기 2회선 이용요금 무료,만 34세 이하 공유/테더링 데이터 20.0GB 추가 제공,,,https://www.tworld.co.kr/web/product/callplan/NA00009811,2026-08-11T01:05:49.035714+00:00
MNO,SKT,,NA00009811_만 34세 이하,NA00009811,official_code,베스트 Pro(Google AI),,SKT-베스트,False,만 34세 이하,,5G,,,,True,,,120.0,20.0,140.0,quota,True,,300,True,,119000,89250,선택약정 25% 할인,,5,1,Google AI,VIP,스마트기기 2회선 이용요금 무료,만 34세 이하 공유/테더링 데이터 20.0GB 추가 제공,,,https://www.tworld.co.kr/web/product/callplan/NA00009811,2026-08-11T01:05:49.035714+00:00
MNO,SKT,,NA00009814,NA00009814,official_code,베스트 Max(유튜브 프리미엄),,SKT-베스트,False,,,5G,,,,True,,,140.0,,140.0,quota,True,,300,True,,129000,96750,선택약정 25% 할인,,5,1,유튜브 프리미엄,VIP,스마트기기 2회선 이용요금 무료,만 34세 이하 공유/테더링 데이터 20.0GB 추가 제공,,,https://www.tworld.co.kr/web/product/callplan/NA00009814,2026-08-11T01:05:49.035714+00:00
MNO,SKT,,NA00009814_만 34세 이하,NA00009814,official_code,베스트 Max(유튜브 프리미엄),,SKT-베스트,False,만 34세 이하,,5G,,,,True,,,140.0,20.0,160.0,quota,True,,300,True,,129000,96750,선택약정 25% 할인,,5,1,유튜브 프리미엄,VIP,스마트기기 2회선 이용요금 무료,만 34세 이하 공유/테더링 데이터 20.0GB 추가 제공,,,https://www.tworld.co.kr/web/product/callplan/NA00009814,2026-08-11T01:05:49.035714+00:00
MNO,SKT,,NA00009807,NA00009807,official_code,베스트 Pro(유튜브 프리미엄),,SKT-베스트,False,,,5G,,,,True,,,120.0,,120.0,quota,True,,300,True,,119000,89250,선택약정 25% 할인,,5,1,유튜브 프리미엄,VIP,스마트기기 2회선 이용요금 무료,만 34세 이하 공유/테더링 데이터 20.0GB 추가 제공,,,https://www.tworld.co.kr/web/product/callplan/NA00009807,2026-08-11T01:05:49.035714+00:00
MNO,SKT,,NA00009807_만 34세 이하,NA00009807,official_code,베스트 Pro(유튜브 프리미엄),,SKT-베스트,False,만 34세 이하,,5G,,,,True,,,120.0,20.0,140.0,quota,True,,300,True,,119000,89250,선택약정 25% 할인,,5,1,유튜브 프리미엄,VIP,스마트기기 2회선 이용요금 무료,만 34세 이하 공유/테더링 데이터 20.0GB 추가 제공,,,https://www.tworld.co.kr/web/product/callplan/NA00009807,2026-08-11T01:05:49.035714+00:00
MNO,SKT,,NA00009815,NA00009815,official_code,베스트 Max(넷플릭스),,SKT-베스트,False,,,5G,,,,True,,,140.0,,140.0,quota,True,,300,True,,129000,96750,선택약정 25% 할인,,5,1,넷플릭스,VIP,스마트기기 2회선 이용요금 무료,만 34세 이하 공유/테더링 데이터 20.0GB 추가 제공,,,https://www.tworld.co.kr/web/product/callplan/NA00009815,2026-08-11T01:05:49.035714+00:00
MNO,SKT,,NA00009815_만 34세 이하,NA00009815,official_code,베스트 Max(넷플릭스),,SKT-베스트,False,만 34세 이하,,5G,,,,True,,,140.0,20.0,160.0,quota,True,,300,True,,129000,96750,선택약정 25% 할인,,5,1,넷플릭스,VIP,스마트기기 2회선 이용요금 무료,만 34세 이하 공유/테더링 데이터 20.0GB 추가 제공,,,https://www.tworld.co.kr/web/product/callplan/NA00009815,2026-08-11T01:05:49.035714+00:00
MNO,SKT,,NA00009808,NA00009808,official_code,베스트 Pro(넷플릭스),,SKT-베스트,False,,,5G,,,,True,,,120.0,,120.0,quota,True,,300,True,,119000,89250,선택약정 25% 할인,,5,1,넷플릭스,VIP,스마트기기 2회선 이용요금 무료,만 34세 이하 공유/테더링 데이터 20.0GB 추가 제공,,,https://www.tworld.co.kr/web/product/callplan/NA00009808,2026-08-11T01:05:49.035714+00:00
MNO,SKT,,NA00009808_만 34세 이하,NA00009808,official_code,베스트 Pro(넷플릭스),,SKT-베스트,False,만 34세 이하,,5G,,,,True,,,120.0,20.0,140.0,quota,True,,300,True,,119000,89250,선택약정 25% 할인,,5,1,넷플릭스,VIP,스마트기기 2회선 이용요금 무료,만 34세 이하 공유/테더링 데이터 20.0GB 추가 제공,,,https://www.tworld.co.kr/web/product/callplan/NA00009808,2026-08-11T01:05:49.035714+00:00
MNO,SKT,,NA00009817,NA00009817,official_code,베스트 Max(티빙&웨이브),,SKT-베스트,False,,,5G,,,,True,,,140.0,,140.0,quota,True,,300,True,,129000,96750,선택약정 25% 할인,,5,1,티빙,VIP,스마트기기 2회선 이용요금 무료,만 34세 이하 공유/테더링 데이터 20.0GB 추가 제공,,,https://www.tworld.co.kr/web/product/callplan/NA00009817,2026-08-11T01:05:49.035714+00:00
MNO,SKT,,NA00009817_만 34세 이하,NA00009817,official_code,베스트 Max(티빙&웨이브),,SKT-베스트,False,만 34세 이하,,5G,,,,True,,,140.0,20.0,160.0,quota,True,,300,True,,129000,96750,선택약정 25% 할인,,5,1,티빙,VIP,스마트기기 2회선 이용요금 무료,만 34세 이하 공유/테더링 데이터 20.0GB 추가 제공,,,https://www.tworld.co.kr/web/product/callplan/NA00009817,2026-08-11T01:05:49.035714+00:00
MNO,SKT,,NA00009810,NA00009810,official_code,베스트 Pro(티빙&웨이브),,SKT-베스트,False,,,5G,,,,True,,,120.0,,120.0,quota,True,,300,True,,119000,89250,선택약정 25% 할인,,5,1,티빙,VIP,스마트기기 2회선 이용요금 무료,만 34세 이하 공유/테더링 데이터 20.0GB 추가 제공,,,https://www.tworld.co.kr/web/product/callplan/NA00009810,2026-08-11T01:05:49.035714+00:00
MNO,SKT,,NA00009810_만 34세 이하,NA00009810,official_code,베스트 Pro(티빙&웨이브),,SKT-베스트,False,만 34세 이하,,5G,,,,True,,,120.0,20.0,140.0,quota,True,,300,True,,119000,89250,선택약정 25% 할인,,5,1,티빙,VIP,스마트기기 2회선 이용요금 무료,만 34세 이하 공유/테더링 데이터 20.0GB 추가 제공,,,https://www.tworld.co.kr/web/product/callplan/NA00009810,2026-08-11T01:05:49.035714+00:00
MNO,SKT,,NA00009816,NA00009816,official_code,베스트 Max(디즈니+),,SKT-베스트,False,,,5G,,,,True,,,140.0,,140.0,quota,True,,300,True,,129000,96750,선택약정 25% 할인,,5,1,디즈니+,VIP,스마트기기 2회선 이용요금 무료,만 34세 이하 공유/테더링 데이터 20.0GB 추가 제공,,,https://www.tworld.co.kr/web/product/callplan/NA00009816,2026-08-11T01:05:49.035714+00:00
MNO,SKT,,NA00009816_만 34세 이하,NA00009816,official_code,베스트 Max(디즈니+),,SKT-베스트,False,만 34세 이하,,5G,,,,True,,,140.0,20.0,160.0,quota,True,,300,True,,129000,96750,선택약정 25% 할인,,5,1,디즈니+,VIP,스마트기기 2회선 이용요금 무료,만 34세 이하 공유/테더링 데이터 20.0GB 추가 제공,,,https://www.tworld.co.kr/web/product/callplan/NA00009816,2026-08-11T01:05:49.035714+00:00
MNO,SKT,,NA00009809,NA00009809,official_code,베스트 Pro(디즈니+),,SKT-베스트,False,,,5G,,,,True,,,120.0,,120.0,quota,True,,300,True,,119000,89250,선택약정 25% 할인,,5,1,디즈니+,VIP,스마트기기 2회선 이용요금 무료,만 34세 이하 공유/테더링 데이터 20.0GB 추가 제공,,,https://www.tworld.co.kr/web/product/callplan/NA00009809,2026-08-11T01:05:49.035714+00:00
MNO,SKT,,NA00009809_만 34세 이하,NA00009809,official_code,베스트 Pro(디즈니+),,SKT-베스트,False,만 34세 이하,,5G,,,,True,,,120.0,20.0,140.0,quota,True,,300,True,,119000,89250,선택약정 25% 할인,,5,1,디즈니+,VIP,스마트기기 2회선 이용요금 무료,만 34세 이하 공유/테더링 데이터 20.0GB 추가 제공,,,https://www.tworld.co.kr/web/product/callplan/NA00009809,2026-08-11T01:05:49.035714+00:00
MNO,SKT,,NA00009801_YouTubePremium,NA00009801,official_code,베스트 109(유튜브 프리미엄) (YouTube Premium),YouTube Premium,SKT-베스트,False,,,5G,,,,True,,,100.0,,100.0,quota,True,,300,True,,109000,81750,선택약정 25% 할인,,5,1,유튜브 프리미엄,VIP,스마트기기 2회선 이용요금 무료,만 34세 이하 공유/테더링 데이터 20.0GB 추가 제공,,,https://www.tworld.co.kr/web/product/callplan/NA00009801,2026-08-11T01:05:49.035714+00:00
MNO,SKT,,NA00009801_YouTubePremiumLite&배달의민족,NA00009801,official_code,베스트 109(유튜브 프리미엄) (YouTube Premium Lite & 배달의민족),YouTube Premium Lite & 배달의민족,SKT-베스트,False,,,5G,,,,True,,,100.0,,100.0,quota,True,,300,True,,109000,81750,선택약정 25% 할인,,5,1,유튜브 프리미엄,VIP,스마트기기 2회선 이용요금 무료,만 34세 이하 공유/테더링 데이터 20.0GB 추가 제공,,,https://www.tworld.co.kr/web/product/callplan/NA00009801,2026-08-11T01:05:49.035714+00:00
MNO,SKT,,NA00009801_만 34세 이하_YouTubePremium,NA00009801,official_code,베스트 109(유튜브 프리미엄) (YouTube Premium),YouTube Premium,SKT-베스트,False,만 34세 이하,,5G,,,,True,,,100.0,20.0,120.0,quota,True,,300,True,,109000,81750,선택약정 25% 할인,,5,1,유튜브 프리미엄,VIP,스마트기기 2회선 이용요금 무료,만 34세 이하 공유/테더링 데이터 20.0GB 추가 제공,,,https://www.tworld.co.kr/web/product/callplan/NA00009801,2026-08-11T01:05:49.035714+00:00
MNO,SKT,,NA00009801_만 34세 이하_YouTubePremiumLite&배달의민족,NA00009801,official_code,베스트 109(유튜브 프리미엄) (YouTube Premium Lite & 배달의민족),YouTube Premium Lite & 배달의민족,SKT-베스트,False,만 34세 이하,,5G,,,,True,,,100.0,20.0,120.0,quota,True,,300,True,,109000,81750,선택약정 25% 할인,,5,1,유튜브 프리미엄,VIP,스마트기기 2회선 이용요금 무료,만 34세 이하 공유/테더링 데이터 20.0GB 추가 제공,,,https://www.tworld.co.kr/web/product/callplan/NA00009801,2026-08-11T01:05:49.035714+00:00
MNO,SKT,,NA00009802,NA00009802,official_code,베스트 109(넷플릭스),,SKT-베스트,False,,,5G,,,,True,,,100.0,,100.0,quota,True,,300,True,,109000,81750,선택약정 25% 할인,,5,1,넷플릭스,VIP,스마트기기 2회선 이용요금 무료,만 34세 이하 공유/테더링 데이터 20.0GB 추가 제공,,,https://www.tworld.co.kr/web/product/callplan/NA00009802,2026-08-11T01:05:49.035714+00:00
MNO,SKT,,NA00009802_만 34세 이하,NA00009802,official_code,베스트 109(넷플릭스),,SKT-베스트,False,만 34세 이하,,5G,,,,True,,,100.0,20.0,120.0,quota,True,,300,True,,109000,81750,선택약정 25% 할인,,5,1,넷플릭스,VIP,스마트기기 2회선 이용요금 무료,만 34세 이하 공유/테더링 데이터 20.0GB 추가 제공,,,https://www.tworld.co.kr/web/product/callplan/NA00009802,2026-08-11T01:05:49.035714+00:00
MNO,SKT,,NA00009797,NA00009797,official_code,베스트 99(넷플릭스),,SKT-베스트,False,,,5G,,,,True,,,80.0,,80.0,quota,False,,300,True,,99000,74250,선택약정 25% 할인,,5,1,넷플릭스,VIP,스마트기기 2회선 이용요금 무료,만 34세 이하 공유/테더링 데이터 20.0GB 추가 제공,,,https://www.tworld.co.kr/web/product/callplan/NA00009797,2026-08-11T01:05:49.035714+00:00
MNO,SKT,,NA00009797_만 34세 이하,NA00009797,official_code,베스트 99(넷플릭스),,SKT-베스트,False,만 34세 이하,,5G,,,,True,,,80.0,20.0,100.0,quota,False,,300,True,,99000,74250,선택약정 25% 할인,,5,1,넷플릭스,VIP,스마트기기 2회선 이용요금 무료,만 34세 이하 공유/테더링 데이터 20.0GB 추가 제공,,,https://www.tworld.co.kr/web/product/callplan/NA00009797,2026-08-11T01:05:49.035714+00:00
MNO,SKT,,NA00009793,NA00009793,official_code,베스트 89(넷플릭스),,SKT-베스트,False,,,5G,,,,True,,,60.0,,60.0,quota,True,,300,True,,89000,66750,선택약정 25% 할인,,5,1,넷플릭스,VIP,스마트기기 1회선 이용요금 무료,만 34세 이하 공유/테더링 데이터 20.0GB 추가 제공,,,https://www.tworld.co.kr/web/product/callplan/NA00009793,2026-08-11T01:05:49.035714+00:00
MNO,SKT,,NA00009793_만 34세 이하,NA00009793,official_code,베스트 89(넷플릭스),,SKT-베스트,False,만 34세 이하,,5G,,,,True,,,60.0,20.0,80.0,quota,True,,300,True,,89000,66750,선택약정 25% 할인,,5,1,넷플릭스,VIP,스마트기기 1회선 이용요금 무료,만 34세 이하 공유/테더링 데이터 20.0GB 추가 제공,,,https://www.tworld.co.kr/web/product/callplan/NA00009793,2026-08-11T01:05:49.035714+00:00
MNO,SKT,,NA00009803,NA00009803,official_code,베스트 109(디즈니+),,SKT-베스트,False,,,5G,,,,True,,,100.0,,100.0,quota,True,,300,True,,109000,81750,선택약정 25% 할인,,5,1,디즈니+,VIP,스마트기기 2회선 이용요금 무료,만 34세 이하 공유/테더링 데이터 20.0GB 추가 제공,,,https://www.tworld.co.kr/web/product/callplan/NA00009803,2026-08-11T01:05:49.035714+00:00
MNO,SKT,,NA00009803_만 34세 이하,NA00009803,official_code,베스트 109(디즈니+),,SKT-베스트,False,만 34세 이하,,5G,,,,True,,,100.0,20.0,120.0,quota,True,,300,True,,109000,81750,선택약정 25% 할인,,5,1,디즈니+,VIP,스마트기기 2회선 이용요금 무료,만 34세 이하 공유/테더링 데이터 20.0GB 추가 제공,,,https://www.tworld.co.kr/web/product/callplan/NA00009803,2026-08-11T01:05:49.035714+00:00
MNO,SKT,,NA00009798,NA00009798,official_code,베스트 99(디즈니+),,SKT-베스트,False,,,5G,,,,True,,,80.0,,80.0,quota,True,,300,True,,99000,74250,선택약정 25% 할인,,5,1,디즈니+,VIP,스마트기기 2회선 이용요금 무료,만 34세 이하 공유/테더링 데이터 20.0GB 추가 제공,,,https://www.tworld.co.kr/web/product/callplan/NA00009798,2026-08-11T01:05:49.035714+00:00
MNO,SKT,,NA00009798_만 34세 이하,NA00009798,official_code,베스트 99(디즈니+),,SKT-베스트,False,만 34세 이하,,5G,,,,True,,,80.0,20.0,100.0,quota,True,,300,True,,99000,74250,선택약정 25% 할인,,5,1,디즈니+,VIP,스마트기기 2회선 이용요금 무료,만 34세 이하 공유/테더링 데이터 20.0GB 추가 제공,,,https://www.tworld.co.kr/web/product/callplan/NA00009798,2026-08-11T01:05:49.035714+00:00
MNO,SKT,,NA00009794,NA00009794,official_code,베스트 89(디즈니+),,SKT-베스트,False,,,5G,,,,True,,,60.0,,60.0,quota,True,,300,True,,89000,66750,선택약정 25% 할인,,5,1,디즈니+,VIP,스마트기기 1회선 이용요금 무료,만 34세 이하 공유/테더링 데이터 20.0GB 추가 제공,,,https://www.tworld.co.kr/web/product/callplan/NA00009794,2026-08-11T01:05:49.035714+00:00
MNO,SKT,,NA00009794_만 34세 이하,NA00009794,official_code,베스트 89(디즈니+),,SKT-베스트,False,만 34세 이하,,5G,,,,True,,,60.0,20.0,80.0,quota,True,,300,True,,89000,66750,선택약정 25% 할인,,5,1,디즈니+,VIP,스마트기기 1회선 이용요금 무료,만 34세 이하 공유/테더링 데이터 20.0GB 추가 제공,,,https://www.tworld.co.kr/web/product/callplan/NA00009794,2026-08-11T01:05:49.035714+00:00
MNO,SKT,,NA00009804,NA00009804,official_code,베스트 109(티빙&웨이브),,SKT-베스트,False,,,5G,,,,True,,,100.0,,100.0,quota,True,,300,True,,109000,81750,선택약정 25% 할인,,5,1,티빙,VIP,스마트기기 2회선 이용요금 무료,만 34세 이하 공유/테더링 데이터 20.0GB 추가 제공,,,https://www.tworld.co.kr/web/product/callplan/NA00009804,2026-08-11T01:05:49.035714+00:00
MNO,SKT,,NA00009804_만 34세 이하,NA00009804,official_code,베스트 109(티빙&웨이브),,SKT-베스트,False,만 34세 이하,,5G,,,,True,,,100.0,20.0,120.0,quota,True,,300,True,,109000,81750,선택약정 25% 할인,,5,1,티빙,VIP,스마트기기 2회선 이용요금 무료,만 34세 이하 공유/테더링 데이터 20.0GB 추가 제공,,,https://www.tworld.co.kr/web/product/callplan/NA00009804,2026-08-11T01:05:49.035714+00:00
MNO,SKT,,NA00009799,NA00009799,official_code,베스트 99(티빙&웨이브),,SKT-베스트,False,,,5G,,,,True,,,80.0,,80.0,quota,True,,300,True,,99000,74250,선택약정 25% 할인,,5,1,티빙,VIP,스마트기기 2회선 이용요금 무료,만 34세 이하 공유/테더링 데이터 20.0GB 추가 제공,,,https://www.tworld.co.kr/web/product/callplan/NA00009799,2026-08-11T01:05:49.035714+00:00
MNO,SKT,,NA00009799_만 34세 이하,NA00009799,official_code,베스트 99(티빙&웨이브),,SKT-베스트,False,만 34세 이하,,5G,,,,True,,,80.0,20.0,100.0,quota,True,,300,True,,99000,74250,선택약정 25% 할인,,5,1,티빙,VIP,스마트기기 2회선 이용요금 무료,만 34세 이하 공유/테더링 데이터 20.0GB 추가 제공,,,https://www.tworld.co.kr/web/product/callplan/NA00009799,2026-08-11T01:05:49.035714+00:00
MNO,SKT,,NA00009795,NA00009795,official_code,베스트 89(티빙&웨이브),,SKT-베스트,False,,,5G,,,,True,,,60.0,,60.0,quota,True,,300,True,,89000,66750,선택약정 25% 할인,,5,1,티빙,VIP,스마트기기 1회선 이용요금 무료,만 34세 이하 공유/테더링 데이터 20.0GB 추가 제공,,,https://www.tworld.co.kr/web/product/callplan/NA00009795,2026-08-11T01:05:49.035714+00:00
MNO,SKT,,NA00009795_만 34세 이하,NA00009795,official_code,베스트 89(티빙&웨이브),,SKT-베스트,False,만 34세 이하,,5G,,,,True,,,60.0,20.0,80.0,quota,True,,300,True,,89000,66750,선택약정 25% 할인,,5,1,티빙,VIP,스마트기기 1회선 이용요금 무료,만 34세 이하 공유/테더링 데이터 20.0GB 추가 제공,,,https://www.tworld.co.kr/web/product/callplan/NA00009795,2026-08-11T01:05:49.035714+00:00
MNO,SKT,,NA00009813,NA00009813,official_code,베스트 Max(T 우주),,SKT-베스트,False,,,5G,,,,True,,,140.0,,140.0,quota,True,,300,True,,129000,96750,선택약정 25% 할인,,5,1,T 우주,VIP,스마트기기 2회선 이용요금 무료,만 34세 이하 공유/테더링 데이터 20.0GB 추가 제공,,,https://www.tworld.co.kr/web/product/callplan/NA00009813,2026-08-11T01:05:49.035714+00:00
MNO,SKT,,NA00009813_만 34세 이하,NA00009813,official_code,베스트 Max(T 우주),,SKT-베스트,False,만 34세 이하,,5G,,,,True,,,140.0,20.0,160.0,quota,True,,300,True,,129000,96750,선택약정 25% 할인,,5,1,T 우주,VIP,스마트기기 2회선 이용요금 무료,만 34세 이하 공유/테더링 데이터 20.0GB 추가 제공,,,https://www.tworld.co.kr/web/product/callplan/NA00009813,2026-08-11T01:05:49.035714+00:00
MNO,SKT,,NA00009806,NA00009806,official_code,베스트 Pro(T 우주),,SKT-베스트,False,,,5G,,,,True,,,120.0,,120.0,quota,True,,300,True,,119000,89250,선택약정 25% 할인,,5,1,T 우주,VIP,스마트기기 2회선 이용요금 무료,만 34세 이하 공유/테더링 데이터 20.0GB 추가 제공,,,https://www.tworld.co.kr/web/product/callplan/NA00009806,2026-08-11T01:05:49.035714+00:00
MNO,SKT,,NA00009806_만 34세 이하,NA00009806,official_code,베스트 Pro(T 우주),,SKT-베스트,False,만 34세 이하,,5G,,,,True,,,120.0,20.0,140.0,quota,True,,300,True,,119000,89250,선택약정 25% 할인,,5,1,T 우주,VIP,스마트기기 2회선 이용요금 무료,만 34세 이하 공유/테더링 데이터 20.0GB 추가 제공,,,https://www.tworld.co.kr/web/product/callplan/NA00009806,2026-08-11T01:05:49.035714+00:00
MNO,SKT,,NA00009800,NA00009800,official_code,베스트 109(T 우주),,SKT-베스트,False,,,5G,,,,True,,,100.0,,100.0,quota,True,,300,True,,109000,81750,선택약정 25% 할인,,5,1,T 우주,VIP,스마트기기 2회선 이용요금 무료,만 34세 이하 공유/테더링 데이터 20.0GB 추가 제공,,,https://www.tworld.co.kr/web/product/callplan/NA00009800,2026-08-11T01:05:49.035714+00:00
MNO,SKT,,NA00009800_만 34세 이하,NA00009800,official_code,베스트 109(T 우주),,SKT-베스트,False,만 34세 이하,,5G,,,,True,,,100.0,20.0,120.0,quota,True,,300,True,,109000,81750,선택약정 25% 할인,,5,1,T 우주,VIP,스마트기기 2회선 이용요금 무료,만 34세 이하 공유/테더링 데이터 20.0GB 추가 제공,,,https://www.tworld.co.kr/web/product/callplan/NA00009800,2026-08-11T01:05:49.035714+00:00
MNO,SKT,,NA00009796,NA00009796,official_code,베스트 99(T 우주),,SKT-베스트,False,,,5G,,,,True,,,80.0,,80.0,quota,True,,300,True,,99000,74250,선택약정 25% 할인,,5,1,T 우주,VIP,스마트기기 2회선 이용요금 무료,만 34세 이하 공유/테더링 데이터 20.0GB 추가 제공,,,https://www.tworld.co.kr/web/product/callplan/NA00009796,2026-08-11T01:05:49.035714+00:00
MNO,SKT,,NA00009796_만 34세 이하,NA00009796,official_code,베스트 99(T 우주),,SKT-베스트,False,만 34세 이하,,5G,,,,True,,,80.0,20.0,100.0,quota,True,,300,True,,99000,74250,선택약정 25% 할인,,5,1,T 우주,VIP,스마트기기 2회선 이용요금 무료,만 34세 이하 공유/테더링 데이터 20.0GB 추가 제공,,,https://www.tworld.co.kr/web/product/callplan/NA00009796,2026-08-11T01:05:49.035714+00:00
MNO,SKT,,NA00009792,NA00009792,official_code,베스트 89(T 우주),,SKT-베스트,False,,,5G,,,,True,,,60.0,,60.0,quota,True,,300,True,,89000,66750,선택약정 25% 할인,,5,1,T 우주,VIP,스마트기기 1회선 이용요금 무료,만 34세 이하 공유/테더링 데이터 20.0GB 추가 제공,,,https://www.tworld.co.kr/web/product/callplan/NA00009792,2026-08-11T01:05:49.035714+00:00
MNO,SKT,,NA00009792_만 34세 이하,NA00009792,official_code,베스트 89(T 우주),,SKT-베스트,False,만 34세 이하,,5G,,,,True,,,60.0,20.0,80.0,quota,True,,300,True,,89000,66750,선택약정 25% 할인,,5,1,T 우주,VIP,스마트기기 1회선 이용요금 무료,만 34세 이하 공유/테더링 데이터 20.0GB 추가 제공,,,https://www.tworld.co.kr/web/product/callplan/NA00009792,2026-08-11T01:05:49.035714+00:00
MNO,SKT,,NA00009819,NA00009819,official_code,베스트 Max(스마트기기),,SKT-베스트,False,,,5G,,,,True,,,140.0,,140.0,quota,True,,300,True,,129000,96750,선택약정 25% 할인,,5,0,,VIP,"스마트기기 할부금 24,000원 할인 | 스마트기기 2회선 이용요금 무료",만 34세 이하 공유/테더링 데이터 20.0GB 추가 제공,,,https://www.tworld.co.kr/web/product/callplan/NA00009819,2026-08-11T01:05:49.035714+00:00
MNO,SKT,,NA00009819_만 34세 이하,NA00009819,official_code,베스트 Max(스마트기기),,SKT-베스트,False,만 34세 이하,,5G,,,,True,,,140.0,20.0,160.0,quota,True,,300,True,,129000,96750,선택약정 25% 할인,,5,0,,VIP,"스마트기기 할부금 24,000원 할인 | 스마트기기 2회선 이용요금 무료",만 34세 이하 공유/테더링 데이터 20.0GB 추가 제공,,,https://www.tworld.co.kr/web/product/callplan/NA00009819,2026-08-11T01:05:49.035714+00:00
MNO,SKT,,NA00009812,NA00009812,official_code,베스트 Pro(스마트기기),,SKT-베스트,False,,,5G,,,,True,,,120.0,,120.0,quota,True,,300,True,,119000,89250,선택약정 25% 할인,,5,0,,VIP,"스마트기기 할부금 18,000원 할인 | 스마트기기 2회선 이용요금 무료",만 34세 이하 공유/테더링 데이터 20.0GB 추가 제공,,,https://www.tworld.co.kr/web/product/callplan/NA00009812,2026-08-11T01:05:49.035714+00:00
MNO,SKT,,NA00009812_만 34세 이하,NA00009812,official_code,베스트 Pro(스마트기기),,SKT-베스트,False,만 34세 이하,,5G,,,,True,,,120.0,20.0,140.0,quota,True,,300,True,,119000,89250,선택약정 25% 할인,,5,0,,VIP,"스마트기기 할부금 18,000원 할인 | 스마트기기 2회선 이용요금 무료",만 34세 이하 공유/테더링 데이터 20.0GB 추가 제공,,,https://www.tworld.co.kr/web/product/callplan/NA00009812,2026-08-11T01:05:49.035714+00:00
MNO,SKT,,NA00009805,NA00009805,official_code,베스트 109(스마트기기),,SKT-베스트,False,,,5G,,,,True,,,100.0,,100.0,quota,True,,300,True,,109000,81750,선택약정 25% 할인,,5,0,,VIP,"스마트기기 할부금 12,000원 할인 | 스마트기기 2회선 이용요금 무료",만 34세 이하 공유/테더링 데이터 20.0GB 추가 제공,,,https://www.tworld.co.kr/web/product/callplan/NA00009805,2026-08-11T01:05:49.035714+00:00
MNO,SKT,,NA00009805_만 34세 이하,NA00009805,official_code,베스트 109(스마트기기),,SKT-베스트,False,만 34세 이하,,5G,,,,True,,,100.0,20.0,120.0,quota,True,,300,True,,109000,81750,선택약정 25% 할인,,5,0,,VIP,"스마트기기 할부금 12,000원 할인 | 스마트기기 2회선 이용요금 무료",만 34세 이하 공유/테더링 데이터 20.0GB 추가 제공,,,https://www.tworld.co.kr/web/product/callplan/NA00009805,2026-08-11T01:05:49.035714+00:00
MNO,SKT,,NA00009791,NA00009791,official_code,라이트 79,,SKT-라이트,False,,,5G,250.0,,250.0,False,5Mbps,,54.0,,54.0,quota,True,,300,True,,79000,59250,선택약정 25% 할인,,3,0,,,스마트기기 1회선 이용요금 최대 50% 할인,만 34세 이하 기본 데이터 50.0GB 추가 제공,,,https://www.tworld.co.kr/web/product/callplan/NA00009791,2026-08-11T01:05:49.035714+00:00
MNO,SKT,,NA00009791_만 34세 이하,NA00009791,official_code,라이트 79,,SKT-라이트,False,만 34세 이하,,5G,250.0,50.0,300.0,False,5Mbps,,54.0,,54.0,quota,True,,300,True,,79000,59250,선택약정 25% 할인,,3,0,,,스마트기기 1회선 이용요금 최대 50% 할인,만 34세 이하 기본 데이터 50.0GB 추가 제공,,,https://www.tworld.co.kr/web/product/callplan/NA00009791,2026-08-11T01:05:49.035714+00:00
MNO,SKT,,NA00009790,NA00009790,official_code,라이트 69,,SKT-라이트,False,,,5G,110.0,,110.0,False,5Mbps,,48.0,,48.0,quota,True,,300,True,,69000,51750,선택약정 25% 할인,,2,0,,,,만 34세 이하 기본 데이터 50.0GB 추가 제공,,,https://www.tworld.co.kr/web/product/callplan/NA00009790,2026-08-11T01:05:49.035714+00:00
MNO,SKT,,NA00009790_만 34세 이하,NA00009790,official_code,라이트 69,,SKT-라이트,False,만 34세 이하,,5G,110.0,50.0,160.0,False,5Mbps,,48.0,,48.0,quota,True,,300,True,,69000,51750,선택약정 25% 할인,,2,0,,,,만 34세 이하 기본 데이터 50.0GB 추가 제공,,,https://www.tworld.co.kr/web/product/callplan/NA00009790,2026-08-11T01:05:49.035714+00:00
MNO,SKT,,NA00009789,NA00009789,official_code,라이트 59 75GB업,,SKT-라이트,False,,,5G,99.0,,99.0,False,1Mbps,,24.0,,24.0,quota,True,,300,True,,68000,51000,선택약정 25% 할인,,2,0,,,,만 34세 이하 기본 데이터 37.0GB 추가 제공,,,https://www.tworld.co.kr/web/product/callplan/NA00009789,2026-08-11T01:05:49.035714+00:00
MNO,SKT,,NA00009789_만 34세 이하,NA00009789,official_code,라이트 59 75GB업,,SKT-라이트,False,만 34세 이하,,5G,99.0,37.0,136.0,False,1Mbps,,24.0,,24.0,quota,True,,300,True,,68000,51000,선택약정 25% 할인,,2,0,,,,만 34세 이하 기본 데이터 37.0GB 추가 제공,,,https://www.tworld.co.kr/web/product/callplan/NA00009789,2026-08-11T01:05:49.035714+00:00
MNO,SKT,,NA00009788,NA00009788,official_code,라이트 59 50GB업,,SKT-라이트,False,,,5G,74.0,,74.0,False,1Mbps,,24.0,,24.0,quota,True,,300,True,,66000,49500,선택약정 25% 할인,,2,0,,,,만 34세 이하 기본 데이터 22.0GB 추가 제공,,,https://www.tworld.co.kr/web/product/callplan/NA00009788,2026-08-11T01:05:49.035714+00:00
MNO,SKT,,NA00009788_만 34세 이하,NA00009788,official_code,라이트 59 50GB업,,SKT-라이트,False,만 34세 이하,,5G,74.0,22.0,96.0,False,1Mbps,,24.0,,24.0,quota,True,,300,True,,66000,49500,선택약정 25% 할인,,2,0,,,,만 34세 이하 기본 데이터 22.0GB 추가 제공,,,https://www.tworld.co.kr/web/product/callplan/NA00009788,2026-08-11T01:05:49.035714+00:00
MNO,SKT,,NA00009787,NA00009787,official_code,라이트 59 30GB업,,SKT-라이트,False,,,5G,54.0,,54.0,False,1Mbps,,24.0,,24.0,quota,True,,300,True,,64000,48000,선택약정 25% 할인,,2,0,,,,만 34세 이하 기본 데이터 18.0GB 추가 제공,,,https://www.tworld.co.kr/web/product/callplan/NA00009787,2026-08-11T01:05:49.035714+00:00
MNO,SKT,,NA00009787_만 34세 이하,NA00009787,official_code,라이트 59 30GB업,,SKT-라이트,False,만 34세 이하,,5G,54.0,18.0,72.0,False,1Mbps,,24.0,,24.0,quota,True,,300,True,,64000,48000,선택약정 25% 할인,,2,0,,,,만 34세 이하 기본 데이터 18.0GB 추가 제공,,,https://www.tworld.co.kr/web/product/callplan/NA00009787,2026-08-11T01:05:49.035714+00:00
MNO,SKT,,NA00009786,NA00009786,official_code,라이트 59 13GB업,,SKT-라이트,False,,,5G,37.0,,37.0,False,1Mbps,,24.0,,24.0,quota,True,,300,True,,62000,46499,선택약정 25% 할인,,2,0,,,,만 34세 이하 기본 데이터 14.0GB 추가 제공,,,https://www.tworld.co.kr/web/product/callplan/NA00009786,2026-08-11T01:05:49.035714+00:00
MNO,SKT,,NA00009786_만 34세 이하,NA00009786,official_code,라이트 59 13GB업,,SKT-라이트,False,만 34세 이하,,5G,37.0,14.0,51.0,False,1Mbps,,24.0,,24.0,quota,True,,300,True,,62000,46499,선택약정 25% 할인,,2,0,,,,만 34세 이하 기본 데이터 14.0GB 추가 제공,,,https://www.tworld.co.kr/web/product/callplan/NA00009786,2026-08-11T01:05:49.035714+00:00
MNO,SKT,,NA00009785,NA00009785,official_code,라이트 59,,SKT-라이트,False,,,5G,24.0,,24.0,False,1Mbps,,0.0,,0.0,quota,True,,300,True,,59000,44250,선택약정 25% 할인,,2,0,,,,만 34세 이하 기본 데이터 12.0GB 추가 제공,,,https://www.tworld.co.kr/web/product/callplan/NA00009785,2026-08-11T01:05:49.035714+00:00
MNO,SKT,,NA00009785_만 34세 이하,NA00009785,official_code,라이트 59,,SKT-라이트,False,만 34세 이하,,5G,24.0,12.0,36.0,False,1Mbps,,0.0,,0.0,quota,True,,300,True,,59000,44250,선택약정 25% 할인,,2,0,,,,만 34세 이하 기본 데이터 12.0GB 추가 제공,,,https://www.tworld.co.kr/web/product/callplan/NA00009785,2026-08-11T01:05:49.035714+00:00
MNO,SKT,,NA00009784,NA00009784,official_code,라이트 55,,SKT-라이트,False,,,5G,15.0,,15.0,False,1Mbps,,0.0,,0.0,quota,True,,300,True,,55000,41250,선택약정 25% 할인,,2,0,,,,만 34세 이하 기본 데이터 6.0GB 추가 제공,,,https://www.tworld.co.kr/web/product/callplan/NA00009784,2026-08-11T01:05:49.035714+00:00
MNO,SKT,,NA00009784_만 34세 이하,NA00009784,official_code,라이트 55,,SKT-라이트,False,만 34세 이하,,5G,15.0,6.0,21.0,False,1Mbps,,0.0,,0.0,quota,True,,300,True,,55000,41250,선택약정 25% 할인,,2,0,,,,만 34세 이하 기본 데이터 6.0GB 추가 제공,,,https://www.tworld.co.kr/web/product/callplan/NA00009784,2026-08-11T01:05:49.035714+00:00
MNO,SKT,,NA00009783,NA00009783,official_code,라이트 49,,SKT-라이트,False,,,5G,11.0,,11.0,False,400Kbps,,0.0,,0.0,quota,True,,300,True,,49000,36750,선택약정 25% 할인,,2,0,,,,만 34세 이하 기본 데이터 4.0GB 추가 제공,,,https://www.tworld.co.kr/web/product/callplan/NA00009783,2026-08-11T01:05:49.035714+00:00
MNO,SKT,,NA00009783_만 34세 이하,NA00009783,official_code,라이트 49,,SKT-라이트,False,만 34세 이하,,5G,11.0,4.0,15.0,False,400Kbps,,0.0,,0.0,quota,True,,300,True,,49000,36750,선택약정 25% 할인,,2,0,,,,만 34세 이하 기본 데이터 4.0GB 추가 제공,,,https://www.tworld.co.kr/web/product/callplan/NA00009783,2026-08-11T01:05:49.035714+00:00
MNO,SKT,,NA00009782,NA00009782,official_code,라이트 45,,SKT-라이트,False,,,5G,8.0,,8.0,False,400Kbps,,0.0,,0.0,quota,True,,300,True,,45000,33750,선택약정 25% 할인,,4,0,,,,만 18세 이하 기본 데이터 2.5GB 추가 제공 | 만 34세 이하 기본 데이터 2.0GB 추가 제공 | 만 65세 이상 기본 데이터 2.5GB 추가 제공,,,https://www.tworld.co.kr/web/product/callplan/NA00009782,2026-08-11T01:05:49.035714+00:00
MNO,SKT,,NA00009782_만 18세 이하,NA00009782,official_code,라이트 45,,SKT-라이트,False,만 18세 이하,,5G,8.0,2.5,10.5,False,400Kbps,,0.0,,0.0,quota,True,,300,True,,45000,33750,선택약정 25% 할인,,4,0,,,,만 18세 이하 기본 데이터 2.5GB 추가 제공 | 만 34세 이하 기본 데이터 2.0GB 추가 제공 | 만 65세 이상 기본 데이터 2.5GB 추가 제공,,,https://www.tworld.co.kr/web/product/callplan/NA00009782,2026-08-11T01:05:49.035714+00:00
MNO,SKT,,NA00009782_만 34세 이하,NA00009782,official_code,라이트 45,,SKT-라이트,False,만 34세 이하,,5G,8.0,2.0,10.0,False,400Kbps,,0.0,,0.0,quota,True,,300,True,,45000,33750,선택약정 25% 할인,,4,0,,,,만 18세 이하 기본 데이터 2.5GB 추가 제공 | 만 34세 이하 기본 데이터 2.0GB 추가 제공 | 만 65세 이상 기본 데이터 2.5GB 추가 제공,,,https://www.tworld.co.kr/web/product/callplan/NA00009782,2026-08-11T01:05:49.035714+00:00
MNO,SKT,,NA00009782_만 65세 이상,NA00009782,official_code,라이트 45,,SKT-라이트,False,만 65세 이상,,5G,8.0,2.5,10.5,False,400Kbps,,0.0,,0.0,quota,True,,300,True,,45000,33750,선택약정 25% 할인,,4,0,,,,만 18세 이하 기본 데이터 2.5GB 추가 제공 | 만 34세 이하 기본 데이터 2.0GB 추가 제공 | 만 65세 이상 기본 데이터 2.5GB 추가 제공,,,https://www.tworld.co.kr/web/product/callplan/NA00009782,2026-08-11T01:05:49.035714+00:00
MNO,SKT,,NA00009781,NA00009781,official_code,라이트 39,,SKT-라이트,False,,,5G,6.0,,6.0,False,400Kbps,,0.0,,0.0,quota,True,,300,True,,39000,29250,선택약정 25% 할인,,4,0,,,,만 18세 이하 기본 데이터 1.5GB 추가 제공 | 만 34세 이하 기본 데이터 1.0GB 추가 제공 | 만 65세 이상 기본 데이터 1.5GB 추가 제공,,,https://www.tworld.co.kr/web/product/callplan/NA00009781,2026-08-11T01:05:49.035714+00:00
MNO,SKT,,NA00009781_만 18세 이하,NA00009781,official_code,라이트 39,,SKT-라이트,False,만 18세 이하,,5G,6.0,1.5,7.5,False,400Kbps,,0.0,,0.0,quota,True,,300,True,,39000,29250,선택약정 25% 할인,,4,0,,,,만 18세 이하 기본 데이터 1.5GB 추가 제공 | 만 34세 이하 기본 데이터 1.0GB 추가 제공 | 만 65세 이상 기본 데이터 1.5GB 추가 제공,,,https://www.tworld.co.kr/web/product/callplan/NA00009781,2026-08-11T01:05:49.035714+00:00
MNO,SKT,,NA00009781_만 34세 이하,NA00009781,official_code,라이트 39,,SKT-라이트,False,만 34세 이하,,5G,6.0,1.0,7.0,False,400Kbps,,0.0,,0.0,quota,True,,300,True,,39000,29250,선택약정 25% 할인,,4,0,,,,만 18세 이하 기본 데이터 1.5GB 추가 제공 | 만 34세 이하 기본 데이터 1.0GB 추가 제공 | 만 65세 이상 기본 데이터 1.5GB 추가 제공,,,https://www.tworld.co.kr/web/product/callplan/NA00009781,2026-08-11T01:05:49.035714+00:00
MNO,SKT,,NA00009781_만 65세 이상,NA00009781,official_code,라이트 39,,SKT-라이트,False,만 65세 이상,,5G,6.0,1.5,7.5,False,400Kbps,,0.0,,0.0,quota,True,,300,True,,39000,29250,선택약정 25% 할인,,4,0,,,,만 18세 이하 기본 데이터 1.5GB 추가 제공 | 만 34세 이하 기본 데이터 1.0GB 추가 제공 | 만 65세 이상 기본 데이터 1.5GB 추가 제공,,,https://www.tworld.co.kr/web/product/callplan/NA00009781,2026-08-11T01:05:49.035714+00:00
MNO,SKT,,NA00007492,NA00007492,official_code,ZEM플랜 퍼펙트,,SKT-전용,False,만 12세 이하,,5G,6.0,,6.0,False,1Mbps,,0.0,,0.0,quota,True,,300,False,,36000,27000,선택약정 25% 할인,,0,0,,,,,,,https://www.tworld.co.kr/web/product/callplan/NA00007492,2026-08-11T01:05:49.035714+00:00
MNO,SKT,,NA00007493,NA00007493,official_code,ZEM플랜 베스트,,SKT-전용,False,만 12세 이하,,5G,3.0,,3.0,False,400Kbps,,0.0,,0.0,quota,True,,100,False,,26000,19500,선택약정 25% 할인,,0,0,,,,,,,https://www.tworld.co.kr/web/product/callplan/NA00007493,2026-08-11T01:05:49.035714+00:00
MNO,SKT,,NA00008234,NA00008234,official_code,5G 시니어 B형,,SKT-전용,False,만 70세 이상,,5G,9.0,,9.0,False,1Mbps,,0.0,,0.0,quota,True,,400,False,,44000,33000,선택약정 25% 할인,,0,0,,,,,,,https://www.tworld.co.kr/web/product/callplan/NA00008234,2026-08-11T01:05:49.035714+00:00
MNO,SKT,,NA00008235,NA00008235,official_code,5G 시니어 C형,,SKT-전용,False,만 80세 이상,,5G,8.0,,8.0,False,1Mbps,,0.0,,0.0,quota,True,,400,False,,42000,31500,선택약정 25% 할인,,0,0,,,,,,,https://www.tworld.co.kr/web/product/callplan/NA00008235,2026-08-11T01:05:49.035714+00:00
MNO,SKT,,NA00006534,NA00006534,official_code,T플랜 세이브,,SKT-전용,False,,,5G,1.5,,1.5,False,400Kbps,,0.0,,0.0,quota,True,,100,False,,33000,24750,선택약정 25% 할인,,3,0,,,,만 18세 이하 기본 데이터 1.0GB 추가 제공 | 만 34세 이하 기본 데이터 0.488GB 추가 제공 | 만 65세 이상 기본 데이터 1.0GB 추가 제공,,,https://www.tworld.co.kr/web/product/callplan/NA00006534,2026-08-11T01:05:49.035714+00:00
MNO,SKT,,NA00006534_만 18세 이하,NA00006534,official_code,T플랜 세이브,,SKT-전용,False,만 18세 이하,,5G,1.5,1.0,2.5,False,400Kbps,,0.0,,0.0,quota,True,,100,False,,33000,24750,선택약정 25% 할인,,3,0,,,,만 18세 이하 기본 데이터 1.0GB 추가 제공 | 만 34세 이하 기본 데이터 0.488GB 추가 제공 | 만 65세 이상 기본 데이터 1.0GB 추가 제공,,,https://www.tworld.co.kr/web/product/callplan/NA00006534,2026-08-11T01:05:49.035714+00:00
MNO,SKT,,NA00006534_만 34세 이하,NA00006534,official_code,T플랜 세이브,,SKT-전용,False,만 34세 이하,,5G,1.5,0.488,1.988,False,400Kbps,,0.0,,0.0,quota,True,,100,False,,33000,24750,선택약정 25% 할인,,3,0,,,,만 18세 이하 기본 데이터 1.0GB 추가 제공 | 만 34세 이하 기본 데이터 0.488GB 추가 제공 | 만 65세 이상 기본 데이터 1.0GB 추가 제공,,,https://www.tworld.co.kr/web/product/callplan/NA00006534,2026-08-11T01:05:49.035714+00:00
MNO,SKT,,NA00006534_만 65세 이상,NA00006534,official_code,T플랜 세이브,,SKT-전용,False,만 65세 이상,,5G,1.5,1.0,2.5,False,400Kbps,,0.0,,0.0,quota,True,,100,False,,33000,24750,선택약정 25% 할인,,3,0,,,,만 18세 이하 기본 데이터 1.0GB 추가 제공 | 만 34세 이하 기본 데이터 0.488GB 추가 제공 | 만 65세 이상 기본 데이터 1.0GB 추가 제공,,,https://www.tworld.co.kr/web/product/callplan/NA00006534,2026-08-11T01:05:49.035714+00:00
MNO,SKT,,NA00005628,NA00005628,official_code,주말엔 팅 3.0G,,SKT-전용,False,만 18세 이하,,LTE,3.0,,3.0,False,400Kbps,,0.0,,0.0,quota,True,,50,False,,41000,30750,선택약정 25% 할인,,0,0,,,,,,,https://www.tworld.co.kr/web/product/callplan/NA00005628,2026-08-11T01:05:49.035714+00:00
MNO,SKT,,NA00005627,NA00005627,official_code,주말엔 팅 세이브,,SKT-전용,False,만 18세 이하,,LTE,0.781,,0.781,False,400Kbps,,0.0,,0.0,quota,True,,50,False,,31000,23250,선택약정 25% 할인,,0,0,,,,,,,https://www.tworld.co.kr/web/product/callplan/NA00005627,2026-08-11T01:05:49.035714+00:00
MNO,SKT,,NA00004891,NA00004891,official_code,ZEM플랜 스마트,,SKT-전용,False,만 12세 이하,,5G,1.5,,1.5,False,400Kbps,,,,,undisclosed,False,2,60,False,,19800,14850,선택약정 25% 할인,,0,0,,,,,,,https://www.tworld.co.kr/web/product/callplan/NA00004891,2026-08-11T01:05:49.035714+00:00
MNO,SKT,,NA00004934,NA00004934,official_code,T끼리 어르신,,SKT-전용,False,만 65세 이상,,LTE,0.391,,0.391,False,400Kbps,,0.0,,0.0,quota,False,,,False,,19800,14850,선택약정 25% 할인,,0,0,,,,,,,https://www.tworld.co.kr/web/product/callplan/NA00004934,2026-08-11T01:05:49.035714+00:00
MNO,SKT,,NA00005479,NA00005479,official_code,뉴 T끼리 맞춤형(100분+250MB),,SKT-전용,False,,,5G,0.244,,0.244,False,400Kbps,,0.0,,0.0,quota,False,,,False,,27830,20872,선택약정 25% 할인,,2,0,,,,만 65세 이상 기본 데이터 0.342GB 추가 제공,,,https://www.tworld.co.kr/web/product/callplan/NA00005479,2026-08-11T01:05:49.035714+00:00
MNO,SKT,,NA00005479_만 65세 이상,NA00005479,official_code,뉴 T끼리 맞춤형(100분+250MB),,SKT-전용,False,만 65세 이상,,5G,0.244,0.342,0.586,False,400Kbps,,0.0,,0.0,quota,True,,,False,,27830,20872,선택약정 25% 할인,,2,0,,,,만 65세 이상 기본 데이터 0.342GB 추가 제공,,,https://www.tworld.co.kr/web/product/callplan/NA00005479,2026-08-11T01:05:49.035714+00:00
MNO,LGU+,,LPZ1006729,LPZ1006729,official_code,데이터플랜9GB(키즈+1GB),,LGU+-키즈,False,만 12세 이하,,5G,10.0,,10.0,False,1Mbps,,,,,undisclosed,True,,300,True,,47000,35250,선택약정 25% 할인,,1,0,,,,데이터 추가 제공,,,https://www.lguplus.com/mobile/plan/mplan/5g-all/5g-youth/LPZ1006729,2026-08-11T01:10:46.117340+00:00
MNO,LGU+,,LPZ1006734,LPZ1006734,official_code,데이터플랜5GB(키즈+1GB),,LGU+-키즈,False,만 12세 이하,,5G,6.0,,6.0,False,1Mbps,,,,,undisclosed,True,,300,True,,37000,27750,선택약정 25% 할인,,1,0,,,,데이터 추가 제공,,,https://www.lguplus.com/mobile/plan/mplan/5g-all/5g-youth/LPZ1006734,2026-08-11T01:10:46.117340+00:00
MNO,LGU+,,LPZ1006736,LPZ1006736,official_code,데이터플랜750MB(키즈+2.5GB),,LGU+-키즈,False,만 12세 이하,,5G,3.3,,3.3,False,400Kbps,,,,,undisclosed,True,,100,True,,29000,21750,선택약정 25% 할인,,1,0,,,,데이터 추가 제공,,,https://www.lguplus.com/mobile/plan/mplan/5g-all/5g-youth/LPZ1006736,2026-08-11T01:10:46.117340+00:00
MNO,LGU+,,LPZ1006737,LPZ1006737,official_code,데이터플랜300MB(키즈+0.7GB),,LGU+-키즈,False,만 12세 이하,,5G,1.0,,1.0,False,400Kbps,,,,,undisclosed,False,125,,True,,28000,21000,선택약정 25% 할인,,1,0,,,,데이터 추가 제공,,,https://www.lguplus.com/mobile/plan/mplan/5g-all/5g-youth/LPZ1006737,2026-08-11T01:10:46.117340+00:00
MNO,LGU+,,LPZ1007768,LPZ1007768,official_code,데이터플랜1.5GB(키즈+3.5GB),,LGU+-키즈,False,만 12세 이하,,5G,5.0,,5.0,False,400Kbps,,,,,undisclosed,True,,110,True,,33000,24750,선택약정 25% 할인,,1,0,,,,데이터 추가 제공,,,https://www.lguplus.com/mobile/plan/mplan/5g-all/5g-youth/LPZ1007768,2026-08-11T01:10:46.117340+00:00
MNO,LGU+,,LPZ1006740,LPZ1006740,official_code,데이터플랜9GB(청소년+2GB),,LGU+-청소년,False,만 18세 이하,,5G,11.0,,11.0,False,1Mbps,,,,,undisclosed,True,,300,True,,47000,35250,선택약정 25% 할인,,1,0,,,,데이터 추가 제공,,,https://www.lguplus.com/mobile/plan/mplan/5g-all/5g-youth/LPZ1006740,2026-08-11T01:10:46.117340+00:00
MNO,LGU+,,LPZ1006741,LPZ1006741,official_code,데이터플랜5GB(청소년+2GB),,LGU+-청소년,False,만 18세 이하,,5G,7.0,,7.0,False,400Kbps,,,,,undisclosed,True,,300,True,,37000,27750,선택약정 25% 할인,,1,0,,,,데이터 추가 제공,,,https://www.lguplus.com/mobile/plan/mplan/5g-all/5g-youth/LPZ1006741,2026-08-11T01:10:46.117340+00:00
MNO,LGU+,,LPZ1006742,LPZ1006742,official_code,데이터플랜1.5GB(청소년+1GB),,LGU+-청소년,False,만 18세 이하,,5G,2.5,,2.5,False,400Kbps,,,,,undisclosed,True,,110,True,,33000,24750,선택약정 25% 할인,,1,0,,,,데이터 추가 제공,,,https://www.lguplus.com/mobile/plan/mplan/5g-all/5g-youth/LPZ1006742,2026-08-11T01:10:46.117340+00:00
MNO,LGU+,,LPZ1007769,LPZ1007769,official_code,데이터플랜750MB(청소년+0.5GB),,LGU+-청소년,False,만 18세 이하,,5G,1.25,,1.25,False,400Kbps,,,,,undisclosed,False,125,,True,,29000,21750,선택약정 25% 할인,,1,0,,,,데이터 추가 제공,,,https://www.lguplus.com/mobile/plan/mplan/5g-all/5g-youth/LPZ1007769,2026-08-11T01:10:46.117340+00:00
MNO,LGU+,,LPZ1007770,LPZ1007770,official_code,데이터플랜300MB(청소년+0.7GB),,LGU+-청소년,False,만 18세 이하,,5G,1.0,,1.0,False,400Kbps,,,,,undisclosed,False,125,,True,,28000,21000,선택약정 25% 할인,,1,0,,,,데이터 추가 제공,,,https://www.lguplus.com/mobile/plan/mplan/5g-all/5g-youth/LPZ1007770,2026-08-11T01:10:46.117340+00:00
MNO,LGU+,,LPZ1007663,LPZ1007663,official_code,데이터플랜1.5GB(유쓰+0.5GB),,LGU+-청년(유쓰),False,만 34세 이하,,5G,2.0,,2.0,False,400Kbps,,,,,undisclosed,True,,110,True,,33000,24750,선택약정 25% 할인,,1,0,,,,데이터 추가 제공,,,https://www.lguplus.com/mobile/plan/mplan/5g-all/5g-young/LPZ1007663,2026-08-11T01:10:46.117340+00:00
MNO,LGU+,,LPZ1007699,LPZ1007699,official_code,데이터플랜150GB(유쓰+60GB),,LGU+-청년(유쓰),False,만 34세 이하,,5G,210.0,,210.0,False,5Mbps,,60.0,,60.0,quota,True,,300,True,,75000,56250,선택약정 25% 할인,,2,0,,VIP,,데이터 추가 제공,,,https://www.lguplus.com/mobile/plan/mplan/5g-all/5g-young/LPZ1007699,2026-08-11T01:10:46.117340+00:00
MNO,LGU+,,LPZ1007700,LPZ1007700,official_code,데이터플랜125GB(유쓰+60GB),,LGU+-청년(유쓰),False,만 34세 이하,,5G,185.0,,185.0,False,5Mbps,,55.0,,55.0,quota,True,,300,True,,70000,52500,선택약정 25% 할인,,1,0,,,,데이터 추가 제공,,,https://www.lguplus.com/mobile/plan/mplan/5g-all/5g-young/LPZ1007700,2026-08-11T01:10:46.117340+00:00
MNO,LGU+,,LPZ1007701,LPZ1007701,official_code,데이터플랜95GB(유쓰+40GB),,LGU+-청년(유쓰),False,만 34세 이하,,5G,135.0,,135.0,False,3Mbps,,50.0,,50.0,quota,True,,300,True,,68000,51000,선택약정 25% 할인,,1,0,,,,데이터 추가 제공,,,https://www.lguplus.com/mobile/plan/mplan/5g-all/5g-young/LPZ1007701,2026-08-11T01:10:46.117340+00:00
MNO,LGU+,,LPZ1007702,LPZ1007702,official_code,데이터플랜80GB(유쓰+30GB),,LGU+-청년(유쓰),False,만 34세 이하,,5G,110.0,,110.0,False,1Mbps,,45.0,,45.0,quota,True,,300,True,,66000,49500,선택약정 25% 할인,,1,0,,,,데이터 추가 제공,,,https://www.lguplus.com/mobile/plan/mplan/5g-all/5g-young/LPZ1007702,2026-08-11T01:10:46.117340+00:00
MNO,LGU+,,LPZ1007703,LPZ1007703,official_code,데이터플랜50GB(유쓰+20GB),,LGU+-청년(유쓰),False,만 34세 이하,,5G,70.0,,70.0,False,1Mbps,,40.0,,40.0,quota,True,,300,True,,63000,47250,선택약정 25% 할인,,1,0,,,,데이터 추가 제공,,,https://www.lguplus.com/mobile/plan/mplan/5g-all/5g-young/LPZ1007703,2026-08-11T01:10:46.117340+00:00
MNO,LGU+,,LPZ1007704,LPZ1007704,official_code,데이터플랜31GB(유쓰+10GB),,LGU+-청년(유쓰),False,만 34세 이하,,5G,41.0,,41.0,False,1Mbps,,,,,undisclosed,True,,300,True,,61000,45750,선택약정 25% 할인,,1,0,,,,데이터 추가 제공,,,https://www.lguplus.com/mobile/plan/mplan/5g-all/5g-young/LPZ1007704,2026-08-11T01:10:46.117340+00:00
MNO,LGU+,,LPZ1007705,LPZ1007705,official_code,데이터플랜24GB(유쓰+12GB),,LGU+-청년(유쓰),False,만 34세 이하,,5G,36.0,,36.0,False,1Mbps,,,,,undisclosed,True,,300,True,,59000,44250,선택약정 25% 할인,,1,0,,,,데이터 추가 제공,,,https://www.lguplus.com/mobile/plan/mplan/5g-all/5g-young/LPZ1007705,2026-08-11T01:10:46.117340+00:00
MNO,LGU+,,LPZ1007706,LPZ1007706,official_code,데이터플랜14GB(유쓰+12GB),,LGU+-청년(유쓰),False,만 34세 이하,,5G,26.0,,26.0,False,1Mbps,,,,,undisclosed,True,,300,True,,55000,41250,선택약정 25% 할인,,1,0,,,,데이터 추가 제공,,,https://www.lguplus.com/mobile/plan/mplan/5g-all/5g-young/LPZ1007706,2026-08-11T01:10:46.117340+00:00
MNO,LGU+,,LPZ1007707,LPZ1007707,official_code,데이터플랜9GB(유쓰+6GB),,LGU+-청년(유쓰),False,만 34세 이하,,5G,15.0,,15.0,False,400Kbps,,,,,undisclosed,True,,300,True,,47000,35250,선택약정 25% 할인,,1,0,,,,데이터 추가 제공,,,https://www.lguplus.com/mobile/plan/mplan/5g-all/5g-young/LPZ1007707,2026-08-11T01:10:46.117340+00:00
MNO,LGU+,,LPZ1007708,LPZ1007708,official_code,데이터플랜5GB(유쓰+4GB),,LGU+-청년(유쓰),False,만 34세 이하,,5G,9.0,,9.0,False,400Kbps,,,,,undisclosed,True,,300,True,,37000,27750,선택약정 25% 할인,,1,0,,,,데이터 추가 제공,,,https://www.lguplus.com/mobile/plan/mplan/5g-all/5g-young/LPZ1007708,2026-08-11T01:10:46.117340+00:00
MNO,LGU+,,LPZ1006743,LPZ1006743,official_code,데이터플랜9GB(시니어+3GB),,LGU+-시니어,False,만 65세 이상,,5G,12.0,,12.0,False,1Mbps,,,,,undisclosed,True,,400,True,,47000,35250,선택약정 25% 할인,,1,0,,,,데이터 추가 제공,,,https://www.lguplus.com/mobile/plan/mplan/5g-all/5g-senior/LPZ1006743,2026-08-11T01:10:46.117340+00:00
MNO,LGU+,,LPZ1006744,LPZ1006744,official_code,데이터플랜5GB(시니어+3GB),,LGU+-시니어,False,만 65세 이상,,5G,8.0,,8.0,False,400Kbps,,,,,undisclosed,True,,400,True,,37000,27750,선택약정 25% 할인,,1,0,,,,데이터 추가 제공,,,https://www.lguplus.com/mobile/plan/mplan/5g-all/5g-senior/LPZ1006744,2026-08-11T01:10:46.117340+00:00
MNO,LGU+,,LPZ1006745,LPZ1006745,official_code,데이터플랜750MB(시니어+0.5GB),,LGU+-시니어,False,만 65세 이상,,5G,1.25,,1.25,False,,,,,,undisclosed,True,,100,True,,29000,21750,선택약정 25% 할인,,1,0,,,,데이터 추가 제공,,,https://www.lguplus.com/mobile/plan/mplan/5g-all/5g-senior/LPZ1006745,2026-08-11T01:10:46.117340+00:00
MNO,LGU+,,LPZ1006746,LPZ1006746,official_code,데이터플랜1.5GB(시니어+1GB),,LGU+-시니어,False,만 65세 이상,,5G,2.5,,2.5,False,400Kbps,,,,,undisclosed,True,,110,True,,33000,24750,선택약정 25% 할인,,1,0,,,,데이터 추가 제공,,,https://www.lguplus.com/mobile/plan/mplan/5g-all/5g-senior/LPZ1006746,2026-08-11T01:10:46.117340+00:00
MNO,LGU+,,LPZ1007662,LPZ1007662,official_code,데이터플랜300MB(시니어+0.7GB),,LGU+-시니어,False,만 65세 이상,,5G,1.0,,1.0,False,400Kbps,,,,,undisclosed,True,,100,True,,28000,21000,선택약정 25% 할인,,1,0,,,,데이터 추가 제공,,,https://www.lguplus.com/mobile/plan/mplan/5g-all/5g-senior/LPZ1007662,2026-08-11T01:10:46.117340+00:00
MNO,LGU+,,LPZ0002291,LPZ0002291,official_code,LTE 시니어 16.5 요금제(New 시니어 A),,LGU+-LTE,False,만 65세 이상,,LTE,0.293,,0.293,False,400Kbps,,,,,undisclosed,False,100,,False,150,16500,12375,선택약정 25% 할인,,0,0,,,,,,,https://www.lguplus.com/mobile/plan/mplan/lte-all/lte-senior/LPZ0002291,2026-08-11T01:10:46.117340+00:00
MNO,LGU+,,LPZ0002473,LPZ0002473,official_code,LTE 키즈 22(만 12세 이하),,LGU+-LTE,False,만 12세 이하,,LTE,0.684,,0.684,False,400Kbps,,,,,undisclosed,False,60,,True,,22000,16500,선택약정 25% 할인,,0,0,,,,,,,https://www.lguplus.com/mobile/plan/mplan/lte-all/lte-youth/LPZ0002473,2026-08-11T01:10:46.117340+00:00
MNO,LGU+,,LPZ0002506,LPZ0002506,official_code,현역병사 데이터 33,,LGU+-LTE,False,현역병사,,LTE,2.0,,2.0,False,3Mbps,,,,,undisclosed,True,,110,True,,33000,24750,선택약정 25% 할인,,0,0,,,,,,,https://www.lguplus.com/mobile/plan/mplan/lte-all/lte-soldier/LPZ0002506,2026-08-11T01:10:46.117340+00:00
MNO,LGU+,,LPZ0000596,LPZ0000596,official_code,LTE 다이렉트 22,,LGU+-온라인가입전용(너겟),True,,,LTE,1.8,,1.8,False,400Kbps,,,,,undisclosed,True,,100,True,,22000,,,,0,0,,,,,,,https://www.lguplus.com/mobile/plan/mplan/direct/nerget/LPZ0000596,2026-08-11T01:10:46.117340+00:00
MNO,LGU+,,LPZ1004890,LPZ1004890,official_code,너겟46,,LGU+-온라인가입전용(너겟),True,,,5G,81.0,,81.0,False,3Mbps,,50.0,,50.0,quota,True,,300,True,,46000,,,,0,0,,,,,,,https://www.lguplus.com/mobile/plan/mplan/direct/nerget/LPZ1004890,2026-08-11T01:10:46.117340+00:00
MNO,LGU+,,LPZ1004893,LPZ1004893,official_code,너겟43,,LGU+-온라인가입전용(너겟),True,,,5G,40.0,,40.0,False,1Mbps,,,,,undisclosed,True,,300,True,,43000,,,,0,0,,,,,,,https://www.lguplus.com/mobile/plan/mplan/direct/nerget/LPZ1004893,2026-08-11T01:10:46.117340+00:00
MNO,LGU+,,LPZ1004897,LPZ1004897,official_code,너겟39,,LGU+-온라인가입전용(너겟),True,,,5G,27.0,,27.0,False,1Mbps,,,,,undisclosed,True,,300,True,,39000,,,,0,0,,,,,,,https://www.lguplus.com/mobile/plan/mplan/direct/nerget/LPZ1004897,2026-08-11T01:10:46.117340+00:00
MNO,LGU+,,LPZ1004900,LPZ1004900,official_code,너겟36,,LGU+-온라인가입전용(너겟),True,,,5G,20.0,,20.0,False,1Mbps,,,,,undisclosed,True,,300,True,,36000,,,,0,0,,,,,,,https://www.lguplus.com/mobile/plan/mplan/direct/nerget/LPZ1004900,2026-08-11T01:10:46.117340+00:00
MNO,LGU+,,LPZ1004903,LPZ1004903,official_code,너겟33,,LGU+-온라인가입전용(너겟),True,,,5G,12.0,,12.0,False,400Kbps,,,,,undisclosed,True,,300,True,,33000,,,,0,0,,,,,,,https://www.lguplus.com/mobile/plan/mplan/direct/nerget/LPZ1004903,2026-08-11T01:10:46.117340+00:00
MNO,LGU+,,LPZ1004907,LPZ1004907,official_code,너겟26,,LGU+-온라인가입전용(너겟),True,,,5G,6.0,,6.0,False,400Kbps,,,,,undisclosed,True,,300,True,,26000,,,,0,0,,,,,,,https://www.lguplus.com/mobile/plan/mplan/direct/nerget/LPZ1004907,2026-08-11T01:10:46.117340+00:00
MNO,LGU+,,LPZ1007509,LPZ1007509,official_code,너겟49,,LGU+-온라인가입전용(너겟),True,,,5G,120.0,,120.0,False,5Mbps,,60.0,,60.0,quota,True,,300,True,,49000,,,,0,0,,,,,,,https://www.lguplus.com/mobile/plan/mplan/direct/nerget/LPZ1007509,2026-08-11T01:10:46.117340+00:00
MNO,LGU+,,Z202500388_디즈니+&티빙,Z202500388,official_code,너겟65 (디즈니+ & 티빙),디즈니+ & 티빙,LGU+-온라인가입전용(너겟),True,,,5G,,,,True,,,80.0,,80.0,quota,True,,300,True,,65000,,,,4,1,디즈니+,VIP,"1대 월정액 할인 (최대 11,000원)",테더링+쉐어링 80GB,,,https://www.lguplus.com/mobile/plan/mplan/direct/nerget/Z202500388,2026-08-11T01:10:46.117340+00:00
MNO,LGU+,,Z202500388_데일리,Z202500388,official_code,너겟65 (데일리),데일리,LGU+-온라인가입전용(너겟),True,,,5G,,,,True,,,80.0,,80.0,quota,True,,300,True,,65000,,,,4,1,데일리플러스,VIP,"1대 월정액 할인 (최대 11,000원)",테더링+쉐어링 80GB,,,https://www.lguplus.com/mobile/plan/mplan/direct/nerget/Z202500388,2026-08-11T01:10:46.117340+00:00
MNO,LGU+,,Z202500388_AI구독,Z202500388,official_code,너겟65 (AI 구독),AI 구독,LGU+-온라인가입전용(너겟),True,,,5G,,,,True,,,80.0,,80.0,quota,True,,300,True,,65000,,,,4,1,Google AI,VIP,"1대 월정액 할인 (최대 11,000원)",테더링+쉐어링 80GB,,,https://www.lguplus.com/mobile/plan/mplan/direct/nerget/Z202500388,2026-08-11T01:10:46.117340+00:00
MNO,LGU+,,Z202500388_구글원,Z202500388,official_code,너겟65 (구글 원),구글 원,LGU+-온라인가입전용(너겟),True,,,5G,,,,True,,,80.0,,80.0,quota,True,,300,True,,65000,,,,4,1,구글 원,VIP,"1대 월정액 할인 (최대 11,000원)",테더링+쉐어링 80GB,,,https://www.lguplus.com/mobile/plan/mplan/direct/nerget/Z202500388,2026-08-11T01:10:46.117340+00:00
MNO,LGU+,,Z202500388_올인원,Z202500388,official_code,너겟65 (올인원),올인원,LGU+-온라인가입전용(너겟),True,,,5G,,,,True,,,80.0,,80.0,quota,True,,300,True,,65000,,,,4,0,,VIP,"1대 월정액 할인 (최대 11,000원)",테더링+쉐어링 80GB,,,https://www.lguplus.com/mobile/plan/mplan/direct/nerget/Z202500388,2026-08-11T01:10:46.117340+00:00
MNO,LGU+,,Z202500388_소호,Z202500388,official_code,너겟65 (소호),소호,LGU+-온라인가입전용(너겟),True,,,5G,,,,True,,,80.0,,80.0,quota,True,,300,True,,65000,,,,4,0,,VIP,"1대 월정액 할인 (최대 11,000원)",테더링+쉐어링 80GB,,,https://www.lguplus.com/mobile/plan/mplan/direct/nerget/Z202500388,2026-08-11T01:10:46.117340+00:00
MNO,LGU+,,Z202500388_넷플릭스,Z202500388,official_code,너겟65 (넷플릭스),넷플릭스,LGU+-온라인가입전용(너겟),True,,,5G,,,,True,,,80.0,,80.0,quota,True,,300,True,,65000,,,,4,1,넷플릭스,VIP,"1대 월정액 할인 (최대 11,000원)",테더링+쉐어링 80GB,,,https://www.lguplus.com/mobile/plan/mplan/direct/nerget/Z202500388,2026-08-11T01:10:46.117340+00:00
MNO,LGU+,,Z202500388_이마트24,Z202500388,official_code,너겟65 (이마트24),이마트24,LGU+-온라인가입전용(너겟),True,,,5G,,,,True,,,80.0,,80.0,quota,True,,300,True,,65000,,,,4,0,,VIP,"1대 월정액 할인 (최대 11,000원)",테더링+쉐어링 80GB,,,https://www.lguplus.com/mobile/plan/mplan/direct/nerget/Z202500388,2026-08-11T01:10:46.117340+00:00
MNO,LGU+,,Z202500388_삼성디바이스,Z202500388,official_code,너겟65 (삼성디바이스),삼성디바이스,LGU+-온라인가입전용(너겟),True,,,5G,,,,True,,,80.0,,80.0,quota,True,,300,True,,65000,,,,4,0,,VIP,"삼성디바이스 | 1대 월정액 할인 (최대 11,000원)",테더링+쉐어링 80GB,,,https://www.lguplus.com/mobile/plan/mplan/direct/nerget/Z202500388,2026-08-11T01:10:46.117340+00:00
MNO,LGU+,,Z202500388_애플디바이스,Z202500388,official_code,너겟65 (애플디바이스),애플디바이스,LGU+-온라인가입전용(너겟),True,,,5G,,,,True,,,80.0,,80.0,quota,True,,300,True,,65000,,,,4,0,,VIP,"애플디바이스 | 1대 월정액 할인 (최대 11,000원)",테더링+쉐어링 80GB,,,https://www.lguplus.com/mobile/plan/mplan/direct/nerget/Z202500388,2026-08-11T01:10:46.117340+00:00
MNO,LGU+,,Z202500388_액션캠,Z202500388,official_code,너겟65 (액션캠),액션캠,LGU+-온라인가입전용(너겟),True,,,5G,,,,True,,,80.0,,80.0,quota,True,,300,True,,65000,,,,4,0,,VIP,"액션캠 | 1대 월정액 할인 (최대 11,000원)",테더링+쉐어링 80GB,,,https://www.lguplus.com/mobile/plan/mplan/direct/nerget/Z202500388,2026-08-11T01:10:46.117340+00:00
MNO,LGU+,,Z202500388_마니아디바이스,Z202500388,official_code,너겟65 (마니아디바이스),마니아디바이스,LGU+-온라인가입전용(너겟),True,,,5G,,,,True,,,80.0,,80.0,quota,True,,300,True,,65000,,,,4,0,,VIP,"마니아디바이스 | 1대 월정액 할인 (최대 11,000원)",테더링+쉐어링 80GB,,,https://www.lguplus.com/mobile/plan/mplan/direct/nerget/Z202500388,2026-08-11T01:10:46.117340+00:00
MNO,LGU+,,Z202502881_데일리,Z202502881,official_code,너겟59 (데일리),데일리,LGU+-온라인가입전용(너겟),True,,,5G,,,,True,,,70.0,,70.0,quota,True,,300,True,,59000,,,,3,1,데일리플러스,VIP,,테더링+쉐어링 70GB,,,https://www.lguplus.com/mobile/plan/mplan/direct/nerget/Z202502881,2026-08-11T01:10:46.117340+00:00
MNO,LGU+,,Z202502881_AI구독,Z202502881,official_code,너겟59 (AI 구독),AI 구독,LGU+-온라인가입전용(너겟),True,,,5G,,,,True,,,70.0,,70.0,quota,True,,300,True,,59000,,,,3,1,Google AI,VIP,,테더링+쉐어링 70GB,,,https://www.lguplus.com/mobile/plan/mplan/direct/nerget/Z202502881,2026-08-11T01:10:46.117340+00:00
MNO,LGU+,,Z202502881_구글원,Z202502881,official_code,너겟59 (구글 원),구글 원,LGU+-온라인가입전용(너겟),True,,,5G,,,,True,,,70.0,,70.0,quota,True,,300,True,,59000,,,,3,1,구글 원,VIP,,테더링+쉐어링 70GB,,,https://www.lguplus.com/mobile/plan/mplan/direct/nerget/Z202502881,2026-08-11T01:10:46.117340+00:00
MNO,LGU+,,Z202502881_올인원,Z202502881,official_code,너겟59 (올인원),올인원,LGU+-온라인가입전용(너겟),True,,,5G,,,,True,,,70.0,,70.0,quota,True,,300,True,,59000,,,,3,0,,VIP,,테더링+쉐어링 70GB,,,https://www.lguplus.com/mobile/plan/mplan/direct/nerget/Z202502881,2026-08-11T01:10:46.117340+00:00
MNO,LGU+,,Z202502881_소호,Z202502881,official_code,너겟59 (소호),소호,LGU+-온라인가입전용(너겟),True,,,5G,,,,True,,,70.0,,70.0,quota,True,,300,True,,59000,,,,3,0,,VIP,,테더링+쉐어링 70GB,,,https://www.lguplus.com/mobile/plan/mplan/direct/nerget/Z202502881,2026-08-11T01:10:46.117340+00:00
MNO,LGU+,,Z202502881_넷플릭스,Z202502881,official_code,너겟59 (넷플릭스),넷플릭스,LGU+-온라인가입전용(너겟),True,,,5G,,,,True,,,70.0,,70.0,quota,True,,300,True,,59000,,,,3,1,넷플릭스,VIP,,테더링+쉐어링 70GB,,,https://www.lguplus.com/mobile/plan/mplan/direct/nerget/Z202502881,2026-08-11T01:10:46.117340+00:00
MNO,LGU+,,Z202502881_삼성디바이스,Z202502881,official_code,너겟59 (삼성디바이스),삼성디바이스,LGU+-온라인가입전용(너겟),True,,,5G,,,,True,,,70.0,,70.0,quota,True,,300,True,,59000,,,,3,0,,VIP,삼성디바이스,테더링+쉐어링 70GB,,,https://www.lguplus.com/mobile/plan/mplan/direct/nerget/Z202502881,2026-08-11T01:10:46.117340+00:00
MNO,LGU+,,Z202502881_애플디바이스,Z202502881,official_code,너겟59 (애플디바이스),애플디바이스,LGU+-온라인가입전용(너겟),True,,,5G,,,,True,,,70.0,,70.0,quota,True,,300,True,,59000,,,,3,0,,VIP,애플디바이스,테더링+쉐어링 70GB,,,https://www.lguplus.com/mobile/plan/mplan/direct/nerget/Z202502881,2026-08-11T01:10:46.117340+00:00
MNO,LGU+,,Z202502881_마니아디바이스,Z202502881,official_code,너겟59 (마니아디바이스),마니아디바이스,LGU+-온라인가입전용(너겟),True,,,5G,,,,True,,,70.0,,70.0,quota,True,,300,True,,59000,,,,3,0,,VIP,마니아디바이스,테더링+쉐어링 70GB,,,https://www.lguplus.com/mobile/plan/mplan/direct/nerget/Z202502881,2026-08-11T01:10:46.117340+00:00
MNO,LGU+,,Z202505200_디즈니+&티빙,Z202505200,official_code,너겟69 (디즈니+ & 티빙),디즈니+ & 티빙,LGU+-온라인가입전용(너겟),True,,,5G,,,,True,,,100.0,,100.0,quota,True,,300,True,,69000,,,,9,4,디즈니+ | 구글 원 | 지니뮤직 | 밀리의서재,VIP,"2대 월정액 할인 (최대 22,000원)",테더링+쉐어링 100GB,,,https://www.lguplus.com/mobile/plan/mplan/direct/nerget/Z202505200,2026-08-11T01:10:46.117340+00:00
MNO,LGU+,,Z202505200_데일리,Z202505200,official_code,너겟69 (데일리),데일리,LGU+-온라인가입전용(너겟),True,,,5G,,,,True,,,100.0,,100.0,quota,True,,300,True,,69000,,,,9,4,데일리플러스 | 구글 원 | 지니뮤직 | 밀리의서재,VIP,"2대 월정액 할인 (최대 22,000원)",테더링+쉐어링 100GB,,,https://www.lguplus.com/mobile/plan/mplan/direct/nerget/Z202505200,2026-08-11T01:10:46.117340+00:00
MNO,LGU+,,Z202505200_AI구독,Z202505200,official_code,너겟69 (AI 구독),AI 구독,LGU+-온라인가입전용(너겟),True,,,5G,,,,True,,,100.0,,100.0,quota,True,,300,True,,69000,,,,9,4,Google AI | 구글 원 | 지니뮤직 | 밀리의서재,VIP,"2대 월정액 할인 (최대 22,000원)",테더링+쉐어링 100GB,,,https://www.lguplus.com/mobile/plan/mplan/direct/nerget/Z202505200,2026-08-11T01:10:46.117340+00:00
MNO,LGU+,,Z202505200_구글원,Z202505200,official_code,너겟69 (구글 원),구글 원,LGU+-온라인가입전용(너겟),True,,,5G,,,,True,,,100.0,,100.0,quota,True,,300,True,,69000,,,,9,4,구글 원 | 지니뮤직 | 밀리의서재,VIP,"2대 월정액 할인 (최대 22,000원)",테더링+쉐어링 100GB,,,https://www.lguplus.com/mobile/plan/mplan/direct/nerget/Z202505200,2026-08-11T01:10:46.117340+00:00
MNO,LGU+,,Z202505200_올인원,Z202505200,official_code,너겟69 (올인원),올인원,LGU+-온라인가입전용(너겟),True,,,5G,,,,True,,,100.0,,100.0,quota,True,,300,True,,69000,,,,9,3,구글 원 | 지니뮤직 | 밀리의서재,VIP,"2대 월정액 할인 (최대 22,000원)",테더링+쉐어링 100GB,,,https://www.lguplus.com/mobile/plan/mplan/direct/nerget/Z202505200,2026-08-11T01:10:46.117340+00:00
MNO,LGU+,,Z202505200_소호,Z202505200,official_code,너겟69 (소호),소호,LGU+-온라인가입전용(너겟),True,,,5G,,,,True,,,100.0,,100.0,quota,True,,300,True,,69000,,,,9,3,구글 원 | 지니뮤직 | 밀리의서재,VIP,"2대 월정액 할인 (최대 22,000원)",테더링+쉐어링 100GB,,,https://www.lguplus.com/mobile/plan/mplan/direct/nerget/Z202505200,2026-08-11T01:10:46.117340+00:00
MNO,LGU+,,Z202505200_넷플릭스,Z202505200,official_code,너겟69 (넷플릭스),넷플릭스,LGU+-온라인가입전용(너겟),True,,,5G,,,,True,,,100.0,,100.0,quota,True,,300,True,,69000,,,,9,4,넷플릭스 | 구글 원 | 지니뮤직 | 밀리의서재,VIP,"2대 월정액 할인 (최대 22,000원)",테더링+쉐어링 100GB,,,https://www.lguplus.com/mobile/plan/mplan/direct/nerget/Z202505200,2026-08-11T01:10:46.117340+00:00
MNO,LGU+,,Z202505200_이마트24,Z202505200,official_code,너겟69 (이마트24),이마트24,LGU+-온라인가입전용(너겟),True,,,5G,,,,True,,,100.0,,100.0,quota,True,,300,True,,69000,,,,9,3,구글 원 | 지니뮤직 | 밀리의서재,VIP,"2대 월정액 할인 (최대 22,000원)",테더링+쉐어링 100GB,,,https://www.lguplus.com/mobile/plan/mplan/direct/nerget/Z202505200,2026-08-11T01:10:46.117340+00:00
MNO,LGU+,,Z202505200_삼성디바이스,Z202505200,official_code,너겟69 (삼성디바이스),삼성디바이스,LGU+-온라인가입전용(너겟),True,,,5G,,,,True,,,100.0,,100.0,quota,True,,300,True,,69000,,,,9,3,구글 원 | 지니뮤직 | 밀리의서재,VIP,"삼성디바이스 | 2대 월정액 할인 (최대 22,000원)",테더링+쉐어링 100GB,,,https://www.lguplus.com/mobile/plan/mplan/direct/nerget/Z202505200,2026-08-11T01:10:46.117340+00:00
MNO,LGU+,,Z202505200_애플디바이스,Z202505200,official_code,너겟69 (애플디바이스),애플디바이스,LGU+-온라인가입전용(너겟),True,,,5G,,,,True,,,100.0,,100.0,quota,True,,300,True,,69000,,,,9,3,구글 원 | 지니뮤직 | 밀리의서재,VIP,"애플디바이스 | 2대 월정액 할인 (최대 22,000원)",테더링+쉐어링 100GB,,,https://www.lguplus.com/mobile/plan/mplan/direct/nerget/Z202505200,2026-08-11T01:10:46.117340+00:00
MNO,LGU+,,Z202505200_액션캠,Z202505200,official_code,너겟69 (액션캠),액션캠,LGU+-온라인가입전용(너겟),True,,,5G,,,,True,,,100.0,,100.0,quota,True,,300,True,,69000,,,,9,3,구글 원 | 지니뮤직 | 밀리의서재,VIP,"액션캠 | 2대 월정액 할인 (최대 22,000원)",테더링+쉐어링 100GB,,,https://www.lguplus.com/mobile/plan/mplan/direct/nerget/Z202505200,2026-08-11T01:10:46.117340+00:00
MNO,LGU+,,Z202505200_마니아디바이스,Z202505200,official_code,너겟69 (마니아디바이스),마니아디바이스,LGU+-온라인가입전용(너겟),True,,,5G,,,,True,,,100.0,,100.0,quota,True,,300,True,,69000,,,,9,3,구글 원 | 지니뮤직 | 밀리의서재,VIP,"마니아디바이스 | 2대 월정액 할인 (최대 22,000원)",테더링+쉐어링 100GB,,,https://www.lguplus.com/mobile/plan/mplan/direct/nerget/Z202505200,2026-08-11T01:10:46.117340+00:00
MNO,LGU+,,Z202607508_구글원,Z202607508,official_code,너겟75 (구글원),구글원,LGU+-온라인가입전용(너겟),True,,,5G,,,,True,,,100.0,,100.0,quota,True,,300,True,,75000,,,,6,1,구글 원,VIP,"삼성디바이스 | 2대 월정액 할인 (최대 33,000원)",테더링+쉐어링 100GB | 참 쉬운 가족 데이터 50GB,,,https://www.lguplus.com/mobile/plan/mplan/direct/nerget/Z202607508,2026-08-11T01:10:46.117340+00:00
MNO,LGU+,,Z202607508_모아진,Z202607508,official_code,너겟75 (모아진),모아진,LGU+-온라인가입전용(너겟),True,,,5G,,,,True,,,100.0,,100.0,quota,True,,300,True,,75000,,,,6,0,,VIP,"삼성디바이스 | 2대 월정액 할인 (최대 33,000원)",테더링+쉐어링 100GB | 참 쉬운 가족 데이터 50GB,,,https://www.lguplus.com/mobile/plan/mplan/direct/nerget/Z202607508,2026-08-11T01:10:46.117340+00:00
MNO,LGU+,,Z202607508_교보문고sam,Z202607508,official_code,너겟75 (교보문고 sam),교보문고 sam,LGU+-온라인가입전용(너겟),True,,,5G,,,,True,,,100.0,,100.0,quota,True,,300,True,,75000,,,,6,0,,VIP,"삼성디바이스 | 2대 월정액 할인 (최대 33,000원)",테더링+쉐어링 100GB | 참 쉬운 가족 데이터 50GB,,,https://www.lguplus.com/mobile/plan/mplan/direct/nerget/Z202607508,2026-08-11T01:10:46.117340+00:00
MNO,LGU+,,Z202607508_지니뮤직,Z202607508,official_code,너겟75 (지니뮤직),지니뮤직,LGU+-온라인가입전용(너겟),True,,,5G,,,,True,,,100.0,,100.0,quota,True,,300,True,,75000,,,,6,1,지니뮤직,VIP,"삼성디바이스 | 2대 월정액 할인 (최대 33,000원)",테더링+쉐어링 100GB | 참 쉬운 가족 데이터 50GB,,,https://www.lguplus.com/mobile/plan/mplan/direct/nerget/Z202607508,2026-08-11T01:10:46.117340+00:00
MNO,LGU+,,Z202607508_밀리의서재,Z202607508,official_code,너겟75 (밀리의 서재),밀리의 서재,LGU+-온라인가입전용(너겟),True,,,5G,,,,True,,,100.0,,100.0,quota,True,,300,True,,75000,,,,6,1,밀리의서재,VIP,"삼성디바이스 | 2대 월정액 할인 (최대 33,000원)",테더링+쉐어링 100GB | 참 쉬운 가족 데이터 50GB,,,https://www.lguplus.com/mobile/plan/mplan/direct/nerget/Z202607508,2026-08-11T01:10:46.117340+00:00
MNO,LGU+,,LPZ1006509_구글원,LPZ1006509,official_code,플러스플랜95 (구글원),구글원,LGU+-통합,False,,,5G,,,,True,,,80.0,,80.0,quota,True,,300,True,,95000,71250,선택약정 25% 할인,,3,1,구글 원,,"1대 월정액 할인 (최대 11,000원)",테더링+쉐어링 80GB,,,https://www.lguplus.com/mobile/plan/mplan/5g-all/5g-unlimited/LPZ1006509,2026-08-11T01:10:46.117340+00:00
MNO,LGU+,,LPZ1006509_모아진,LPZ1006509,official_code,플러스플랜95 (모아진),모아진,LGU+-통합,False,,,5G,,,,True,,,80.0,,80.0,quota,True,,300,True,,95000,71250,선택약정 25% 할인,,3,0,,,"1대 월정액 할인 (최대 11,000원)",테더링+쉐어링 80GB,,,https://www.lguplus.com/mobile/plan/mplan/5g-all/5g-unlimited/LPZ1006509,2026-08-11T01:10:46.117340+00:00
MNO,LGU+,,LPZ1006509_교보문고sam,LPZ1006509,official_code,플러스플랜95 (교보문고 sam),교보문고 sam,LGU+-통합,False,,,5G,,,,True,,,80.0,,80.0,quota,True,,300,True,,95000,71250,선택약정 25% 할인,,3,0,,,"1대 월정액 할인 (최대 11,000원)",테더링+쉐어링 80GB,,,https://www.lguplus.com/mobile/plan/mplan/5g-all/5g-unlimited/LPZ1006509,2026-08-11T01:10:46.117340+00:00
MNO,LGU+,,LPZ1006509_지니뮤직,LPZ1006509,official_code,플러스플랜95 (지니뮤직),지니뮤직,LGU+-통합,False,,,5G,,,,True,,,80.0,,80.0,quota,True,,300,True,,95000,71250,선택약정 25% 할인,,3,1,지니뮤직,,"1대 월정액 할인 (최대 11,000원)",테더링+쉐어링 80GB,,,https://www.lguplus.com/mobile/plan/mplan/5g-all/5g-unlimited/LPZ1006509,2026-08-11T01:10:46.117340+00:00
MNO,LGU+,,LPZ1006509_밀리의서재,LPZ1006509,official_code,플러스플랜95 (밀리의 서재),밀리의 서재,LGU+-통합,False,,,5G,,,,True,,,80.0,,80.0,quota,True,,300,True,,95000,71250,선택약정 25% 할인,,3,1,밀리의서재,,"1대 월정액 할인 (최대 11,000원)",테더링+쉐어링 80GB,,,https://www.lguplus.com/mobile/plan/mplan/5g-all/5g-unlimited/LPZ1006509,2026-08-11T01:10:46.117340+00:00
MNO,LGU+,,Z202205251_디즈니+,Z202205251,official_code,플러스플랜115 (디즈니+),디즈니+,LGU+-통합,False,,,5G,,,,True,,,100.0,,100.0,quota,True,,300,True,,115000,86250,선택약정 25% 할인,,10,4,디즈니+ | 구글 원 | 지니뮤직 | 밀리의서재,VVIP,"2대 월정액 할인(최대 33,000원)",테더링+쉐어링 100GB | 참 쉬운 가족 데이터 50GB,,,https://www.lguplus.com/mobile/plan/mplan/5g-all/5g-unlimited/Z202205251,2026-08-11T01:10:46.117340+00:00
MNO,LGU+,,Z202205251_유튜브프리미엄,Z202205251,official_code,플러스플랜115 (유튜브 프리미엄),유튜브 프리미엄,LGU+-통합,False,,,5G,,,,True,,,100.0,,100.0,quota,True,,300,True,,115000,86250,선택약정 25% 할인,,10,4,유튜브 프리미엄 | 구글 원 | 지니뮤직 | 밀리의서재,VVIP,"2대 월정액 할인(최대 33,000원)",테더링+쉐어링 100GB | 참 쉬운 가족 데이터 50GB,,,https://www.lguplus.com/mobile/plan/mplan/5g-all/5g-unlimited/Z202205251,2026-08-11T01:10:46.117340+00:00
MNO,LGU+,,Z202205251_우리집지킴이Easy2+,Z202205251,official_code,플러스플랜115 (우리집지킴이Easy2+),우리집지킴이Easy2+,LGU+-통합,False,,,5G,,,,True,,,100.0,,100.0,quota,True,,300,True,,115000,86250,선택약정 25% 할인,,10,3,구글 원 | 지니뮤직 | 밀리의서재,VVIP,"2대 월정액 할인(최대 33,000원)",테더링+쉐어링 100GB | 참 쉬운 가족 데이터 50GB,,,https://www.lguplus.com/mobile/plan/mplan/5g-all/5g-unlimited/Z202205251,2026-08-11T01:10:46.117340+00:00
MNO,LGU+,,Z202205251_데일리,Z202205251,official_code,플러스플랜115 (데일리),데일리,LGU+-통합,False,,,5G,,,,True,,,100.0,,100.0,quota,True,,300,True,,115000,86250,선택약정 25% 할인,,10,4,데일리플러스 | 구글 원 | 지니뮤직 | 밀리의서재,VVIP,"2대 월정액 할인(최대 33,000원)",테더링+쉐어링 100GB | 참 쉬운 가족 데이터 50GB,,,https://www.lguplus.com/mobile/plan/mplan/5g-all/5g-unlimited/Z202205251,2026-08-11T01:10:46.117340+00:00
MNO,LGU+,,Z202205251_삼성디바이스,Z202205251,official_code,플러스플랜115 (삼성디바이스),삼성디바이스,LGU+-통합,False,,,5G,,,,True,,,100.0,,100.0,quota,True,,300,True,,115000,86250,선택약정 25% 할인,,10,3,구글 원 | 지니뮤직 | 밀리의서재,VVIP,"삼성디바이스 | 2대 월정액 할인(최대 33,000원)",테더링+쉐어링 100GB | 참 쉬운 가족 데이터 50GB,,,https://www.lguplus.com/mobile/plan/mplan/5g-all/5g-unlimited/Z202205251,2026-08-11T01:10:46.117340+00:00
MNO,LGU+,,Z202205251_우리집돌봄이Kids,Z202205251,official_code,플러스플랜115 (우리집돌봄이Kids),우리집돌봄이Kids,LGU+-통합,False,,,5G,,,,True,,,100.0,,100.0,quota,True,,300,True,,115000,86250,선택약정 25% 할인,,10,3,구글 원 | 지니뮤직 | 밀리의서재,VVIP,"2대 월정액 할인(최대 33,000원)",테더링+쉐어링 100GB | 참 쉬운 가족 데이터 50GB,,,https://www.lguplus.com/mobile/plan/mplan/5g-all/5g-unlimited/Z202205251,2026-08-11T01:10:46.117340+00:00
MNO,LGU+,,Z202205251_우리집지킴이도어캠,Z202205251,official_code,플러스플랜115 (우리집지킴이도어캠),우리집지킴이도어캠,LGU+-통합,False,,,5G,,,,True,,,100.0,,100.0,quota,True,,300,True,,115000,86250,선택약정 25% 할인,,10,3,구글 원 | 지니뮤직 | 밀리의서재,VVIP,"2대 월정액 할인(최대 33,000원)",테더링+쉐어링 100GB | 참 쉬운 가족 데이터 50GB,,,https://www.lguplus.com/mobile/plan/mplan/5g-all/5g-unlimited/Z202205251,2026-08-11T01:10:46.117340+00:00
MNO,LGU+,,Z202205251_애플디바이스,Z202205251,official_code,플러스플랜115 (애플디바이스),애플디바이스,LGU+-통합,False,,,5G,,,,True,,,100.0,,100.0,quota,True,,300,True,,115000,86250,선택약정 25% 할인,,10,3,구글 원 | 지니뮤직 | 밀리의서재,VVIP,"애플디바이스 | 2대 월정액 할인(최대 33,000원)",테더링+쉐어링 100GB | 참 쉬운 가족 데이터 50GB,,,https://www.lguplus.com/mobile/plan/mplan/5g-all/5g-unlimited/Z202205251,2026-08-11T01:10:46.117340+00:00
MNO,LGU+,,Z202205251_티빙,Z202205251,official_code,플러스플랜115 (티빙),티빙,LGU+-통합,False,,,5G,,,,True,,,100.0,,100.0,quota,True,,300,True,,115000,86250,선택약정 25% 할인,,10,4,티빙 | 구글 원 | 지니뮤직 | 밀리의서재,VVIP,"2대 월정액 할인(최대 33,000원)",테더링+쉐어링 100GB | 참 쉬운 가족 데이터 50GB,,,https://www.lguplus.com/mobile/plan/mplan/5g-all/5g-unlimited/Z202205251,2026-08-11T01:10:46.117340+00:00
MNO,LGU+,,Z202205251_마니아디바이스,Z202205251,official_code,플러스플랜115 (마니아디바이스),마니아디바이스,LGU+-통합,False,,,5G,,,,True,,,100.0,,100.0,quota,True,,300,True,,115000,86250,선택약정 25% 할인,,10,3,구글 원 | 지니뮤직 | 밀리의서재,VVIP,"마니아디바이스 | 2대 월정액 할인(최대 33,000원)",테더링+쉐어링 100GB | 참 쉬운 가족 데이터 50GB,,,https://www.lguplus.com/mobile/plan/mplan/5g-all/5g-unlimited/Z202205251,2026-08-11T01:10:46.117340+00:00
MNO,LGU+,,Z202205251_AI구독,Z202205251,official_code,플러스플랜115 (AI 구독),AI 구독,LGU+-통합,False,,,5G,,,,True,,,100.0,,100.0,quota,True,,300,True,,115000,86250,선택약정 25% 할인,,10,4,Google AI | 구글 원 | 지니뮤직 | 밀리의서재,VVIP,"2대 월정액 할인(최대 33,000원)",테더링+쉐어링 100GB | 참 쉬운 가족 데이터 50GB,,,https://www.lguplus.com/mobile/plan/mplan/5g-all/5g-unlimited/Z202205251,2026-08-11T01:10:46.117340+00:00
MNO,LGU+,,Z202205251_구글원,Z202205251,official_code,플러스플랜115 (구글 원),구글 원,LGU+-통합,False,,,5G,,,,True,,,100.0,,100.0,quota,True,,300,True,,115000,86250,선택약정 25% 할인,,10,4,구글 원 | 지니뮤직 | 밀리의서재,VVIP,"2대 월정액 할인(최대 33,000원)",테더링+쉐어링 100GB | 참 쉬운 가족 데이터 50GB,,,https://www.lguplus.com/mobile/plan/mplan/5g-all/5g-unlimited/Z202205251,2026-08-11T01:10:46.117340+00:00
MNO,LGU+,,Z202205251_넷플릭스,Z202205251,official_code,플러스플랜115 (넷플릭스),넷플릭스,LGU+-통합,False,,,5G,,,,True,,,100.0,,100.0,quota,True,,300,True,,115000,86250,선택약정 25% 할인,,10,4,넷플릭스 | 구글 원 | 지니뮤직 | 밀리의서재,VVIP,"2대 월정액 할인(최대 33,000원)",테더링+쉐어링 100GB | 참 쉬운 가족 데이터 50GB,,,https://www.lguplus.com/mobile/plan/mplan/5g-all/5g-unlimited/Z202205251,2026-08-11T01:10:46.117340+00:00
MNO,LGU+,,Z202205251_구글원+보상패스,Z202205251,official_code,플러스플랜115 (구글원+보상패스),구글원+보상패스,LGU+-통합,False,,,5G,,,,True,,,100.0,,100.0,quota,True,,300,True,,115000,86250,선택약정 25% 할인,,10,4,구글 원 | 지니뮤직 | 밀리의서재,VVIP,"2대 월정액 할인(최대 33,000원)",테더링+쉐어링 100GB | 참 쉬운 가족 데이터 50GB,,,https://www.lguplus.com/mobile/plan/mplan/5g-all/5g-unlimited/Z202205251,2026-08-11T01:10:46.117340+00:00
MNO,LGU+,,Z202205252_디즈니+,Z202205252,official_code,플러스플랜105 (디즈니+),디즈니+,LGU+-통합,False,,,5G,,,,True,,,100.0,,100.0,quota,True,,300,True,,105000,78750,선택약정 25% 할인,,9,4,디즈니+ | 구글 원 | 지니뮤직 | 밀리의서재,VVIP,"2대 월정액 할인 (1대당 최대 11,000원)",테더링+쉐어링 100GB,,,https://www.lguplus.com/mobile/plan/mplan/5g-all/5g-unlimited/Z202205252,2026-08-11T01:10:46.117340+00:00
MNO,LGU+,,Z202205252_유튜브프리미엄,Z202205252,official_code,플러스플랜105 (유튜브 프리미엄),유튜브 프리미엄,LGU+-통합,False,,,5G,,,,True,,,100.0,,100.0,quota,True,,300,True,,105000,78750,선택약정 25% 할인,,9,4,유튜브 프리미엄 | 구글 원 | 지니뮤직 | 밀리의서재,VVIP,"2대 월정액 할인 (1대당 최대 11,000원)",테더링+쉐어링 100GB,,,https://www.lguplus.com/mobile/plan/mplan/5g-all/5g-unlimited/Z202205252,2026-08-11T01:10:46.117340+00:00
MNO,LGU+,,Z202205252_우리집지킴이Easy2+,Z202205252,official_code,플러스플랜105 (우리집지킴이Easy2+),우리집지킴이Easy2+,LGU+-통합,False,,,5G,,,,True,,,100.0,,100.0,quota,True,,300,True,,105000,78750,선택약정 25% 할인,,9,3,구글 원 | 지니뮤직 | 밀리의서재,VVIP,"2대 월정액 할인 (1대당 최대 11,000원)",테더링+쉐어링 100GB,,,https://www.lguplus.com/mobile/plan/mplan/5g-all/5g-unlimited/Z202205252,2026-08-11T01:10:46.117340+00:00
MNO,LGU+,,Z202205252_데일리,Z202205252,official_code,플러스플랜105 (데일리),데일리,LGU+-통합,False,,,5G,,,,True,,,100.0,,100.0,quota,True,,300,True,,105000,78750,선택약정 25% 할인,,9,4,데일리플러스 | 구글 원 | 지니뮤직 | 밀리의서재,VVIP,"2대 월정액 할인 (1대당 최대 11,000원)",테더링+쉐어링 100GB,,,https://www.lguplus.com/mobile/plan/mplan/5g-all/5g-unlimited/Z202205252,2026-08-11T01:10:46.117340+00:00
MNO,LGU+,,Z202205252_삼성디바이스,Z202205252,official_code,플러스플랜105 (삼성디바이스),삼성디바이스,LGU+-통합,False,,,5G,,,,True,,,100.0,,100.0,quota,True,,300,True,,105000,78750,선택약정 25% 할인,,9,3,구글 원 | 지니뮤직 | 밀리의서재,VVIP,"삼성디바이스 | 2대 월정액 할인 (1대당 최대 11,000원)",테더링+쉐어링 100GB,,,https://www.lguplus.com/mobile/plan/mplan/5g-all/5g-unlimited/Z202205252,2026-08-11T01:10:46.117340+00:00
MNO,LGU+,,Z202205252_우리집돌봄이Kids,Z202205252,official_code,플러스플랜105 (우리집돌봄이Kids),우리집돌봄이Kids,LGU+-통합,False,,,5G,,,,True,,,100.0,,100.0,quota,True,,300,True,,105000,78750,선택약정 25% 할인,,9,3,구글 원 | 지니뮤직 | 밀리의서재,VVIP,"2대 월정액 할인 (1대당 최대 11,000원)",테더링+쉐어링 100GB,,,https://www.lguplus.com/mobile/plan/mplan/5g-all/5g-unlimited/Z202205252,2026-08-11T01:10:46.117340+00:00
MNO,LGU+,,Z202205252_애플디바이스,Z202205252,official_code,플러스플랜105 (애플디바이스),애플디바이스,LGU+-통합,False,,,5G,,,,True,,,100.0,,100.0,quota,True,,300,True,,105000,78750,선택약정 25% 할인,,9,3,구글 원 | 지니뮤직 | 밀리의서재,VVIP,"애플디바이스 | 2대 월정액 할인 (1대당 최대 11,000원)",테더링+쉐어링 100GB,,,https://www.lguplus.com/mobile/plan/mplan/5g-all/5g-unlimited/Z202205252,2026-08-11T01:10:46.117340+00:00
MNO,LGU+,,Z202205252_티빙,Z202205252,official_code,플러스플랜105 (티빙),티빙,LGU+-통합,False,,,5G,,,,True,,,100.0,,100.0,quota,True,,300,True,,105000,78750,선택약정 25% 할인,,9,4,티빙 | 구글 원 | 지니뮤직 | 밀리의서재,VVIP,"2대 월정액 할인 (1대당 최대 11,000원)",테더링+쉐어링 100GB,,,https://www.lguplus.com/mobile/plan/mplan/5g-all/5g-unlimited/Z202205252,2026-08-11T01:10:46.117340+00:00
MNO,LGU+,,Z202205252_마니아디바이스,Z202205252,official_code,플러스플랜105 (마니아디바이스),마니아디바이스,LGU+-통합,False,,,5G,,,,True,,,100.0,,100.0,quota,True,,300,True,,105000,78750,선택약정 25% 할인,,9,3,구글 원 | 지니뮤직 | 밀리의서재,VVIP,"마니아디바이스 | 2대 월정액 할인 (1대당 최대 11,000원)",테더링+쉐어링 100GB,,,https://www.lguplus.com/mobile/plan/mplan/5g-all/5g-unlimited/Z202205252,2026-08-11T01:10:46.117340+00:00
MNO,LGU+,,Z202205252_AI구독,Z202205252,official_code,플러스플랜105 (AI 구독),AI 구독,LGU+-통합,False,,,5G,,,,True,,,100.0,,100.0,quota,True,,300,True,,105000,78750,선택약정 25% 할인,,9,4,Google AI | 구글 원 | 지니뮤직 | 밀리의서재,VVIP,"2대 월정액 할인 (1대당 최대 11,000원)",테더링+쉐어링 100GB,,,https://www.lguplus.com/mobile/plan/mplan/5g-all/5g-unlimited/Z202205252,2026-08-11T01:10:46.117340+00:00
MNO,LGU+,,Z202205252_구글원,Z202205252,official_code,플러스플랜105 (구글 원),구글 원,LGU+-통합,False,,,5G,,,,True,,,100.0,,100.0,quota,True,,300,True,,105000,78750,선택약정 25% 할인,,9,4,구글 원 | 지니뮤직 | 밀리의서재,VVIP,"2대 월정액 할인 (1대당 최대 11,000원)",테더링+쉐어링 100GB,,,https://www.lguplus.com/mobile/plan/mplan/5g-all/5g-unlimited/Z202205252,2026-08-11T01:10:46.117340+00:00
MNO,LGU+,,Z202205252_넷플릭스,Z202205252,official_code,플러스플랜105 (넷플릭스),넷플릭스,LGU+-통합,False,,,5G,,,,True,,,100.0,,100.0,quota,True,,300,True,,105000,78750,선택약정 25% 할인,,9,4,넷플릭스 | 구글 원 | 지니뮤직 | 밀리의서재,VVIP,"2대 월정액 할인 (1대당 최대 11,000원)",테더링+쉐어링 100GB,,,https://www.lguplus.com/mobile/plan/mplan/5g-all/5g-unlimited/Z202205252,2026-08-11T01:10:46.117340+00:00
MNO,LGU+,,Z202205252_구글원+보상패스,Z202205252,official_code,플러스플랜105 (구글원+보상패스),구글원+보상패스,LGU+-통합,False,,,5G,,,,True,,,100.0,,100.0,quota,True,,300,True,,105000,78750,선택약정 25% 할인,,9,4,구글 원 | 지니뮤직 | 밀리의서재,VVIP,"2대 월정액 할인 (1대당 최대 11,000원)",테더링+쉐어링 100GB,,,https://www.lguplus.com/mobile/plan/mplan/5g-all/5g-unlimited/Z202205252,2026-08-11T01:10:46.117340+00:00
MNO,LGU+,,Z202205253_디즈니+,Z202205253,official_code,플러스플랜130 (디즈니+),디즈니+,LGU+-통합,False,,,5G,,,,True,,,120.0,,120.0,quota,True,,300,True,,130000,97500,선택약정 25% 할인,,9,4,디즈니+ | 구글 원 | 지니뮤직 | 밀리의서재,,"2대 월정액 할인(최대 33,000원)",테더링+쉐어링 120GB | 참 쉬운 가족 데이터 60GB,,,https://www.lguplus.com/mobile/plan/mplan/5g-all/5g-unlimited/Z202205253,2026-08-11T01:10:46.117340+00:00
MNO,LGU+,,Z202205253_유튜브프리미엄,Z202205253,official_code,플러스플랜130 (유튜브 프리미엄),유튜브 프리미엄,LGU+-통합,False,,,5G,,,,True,,,120.0,,120.0,quota,True,,300,True,,130000,97500,선택약정 25% 할인,,9,4,유튜브 프리미엄 | 구글 원 | 지니뮤직 | 밀리의서재,,"2대 월정액 할인(최대 33,000원)",테더링+쉐어링 120GB | 참 쉬운 가족 데이터 60GB,,,https://www.lguplus.com/mobile/plan/mplan/5g-all/5g-unlimited/Z202205253,2026-08-11T01:10:46.117340+00:00
MNO,LGU+,,Z202205253_우리집지킴이Easy2+,Z202205253,official_code,플러스플랜130 (우리집지킴이Easy2+),우리집지킴이Easy2+,LGU+-통합,False,,,5G,,,,True,,,120.0,,120.0,quota,True,,300,True,,130000,97500,선택약정 25% 할인,,9,3,구글 원 | 지니뮤직 | 밀리의서재,,"2대 월정액 할인(최대 33,000원)",테더링+쉐어링 120GB | 참 쉬운 가족 데이터 60GB,,,https://www.lguplus.com/mobile/plan/mplan/5g-all/5g-unlimited/Z202205253,2026-08-11T01:10:46.117340+00:00
MNO,LGU+,,Z202205253_데일리,Z202205253,official_code,플러스플랜130 (데일리),데일리,LGU+-통합,False,,,5G,,,,True,,,120.0,,120.0,quota,True,,300,True,,130000,97500,선택약정 25% 할인,,9,4,데일리플러스 | 구글 원 | 지니뮤직 | 밀리의서재,,"2대 월정액 할인(최대 33,000원)",테더링+쉐어링 120GB | 참 쉬운 가족 데이터 60GB,,,https://www.lguplus.com/mobile/plan/mplan/5g-all/5g-unlimited/Z202205253,2026-08-11T01:10:46.117340+00:00
MNO,LGU+,,Z202205253_삼성디바이스,Z202205253,official_code,플러스플랜130 (삼성디바이스),삼성디바이스,LGU+-통합,False,,,5G,,,,True,,,120.0,,120.0,quota,True,,300,True,,130000,97500,선택약정 25% 할인,,9,3,구글 원 | 지니뮤직 | 밀리의서재,,"삼성디바이스 | 2대 월정액 할인(최대 33,000원)",테더링+쉐어링 120GB | 참 쉬운 가족 데이터 60GB,,,https://www.lguplus.com/mobile/plan/mplan/5g-all/5g-unlimited/Z202205253,2026-08-11T01:10:46.117340+00:00
MNO,LGU+,,Z202205253_우리집돌봄이Kids,Z202205253,official_code,플러스플랜130 (우리집돌봄이Kids),우리집돌봄이Kids,LGU+-통합,False,,,5G,,,,True,,,120.0,,120.0,quota,True,,300,True,,130000,97500,선택약정 25% 할인,,9,3,구글 원 | 지니뮤직 | 밀리의서재,,"2대 월정액 할인(최대 33,000원)",테더링+쉐어링 120GB | 참 쉬운 가족 데이터 60GB,,,https://www.lguplus.com/mobile/plan/mplan/5g-all/5g-unlimited/Z202205253,2026-08-11T01:10:46.117340+00:00
MNO,LGU+,,Z202205253_우리집지킴이도어캠,Z202205253,official_code,플러스플랜130 (우리집지킴이도어캠),우리집지킴이도어캠,LGU+-통합,False,,,5G,,,,True,,,120.0,,120.0,quota,True,,300,True,,130000,97500,선택약정 25% 할인,,9,3,구글 원 | 지니뮤직 | 밀리의서재,,"2대 월정액 할인(최대 33,000원)",테더링+쉐어링 120GB | 참 쉬운 가족 데이터 60GB,,,https://www.lguplus.com/mobile/plan/mplan/5g-all/5g-unlimited/Z202205253,2026-08-11T01:10:46.117340+00:00
MNO,LGU+,,Z202205253_애플디바이스,Z202205253,official_code,플러스플랜130 (애플디바이스),애플디바이스,LGU+-통합,False,,,5G,,,,True,,,120.0,,120.0,quota,True,,300,True,,130000,97500,선택약정 25% 할인,,9,3,구글 원 | 지니뮤직 | 밀리의서재,,"애플디바이스 | 2대 월정액 할인(최대 33,000원)",테더링+쉐어링 120GB | 참 쉬운 가족 데이터 60GB,,,https://www.lguplus.com/mobile/plan/mplan/5g-all/5g-unlimited/Z202205253,2026-08-11T01:10:46.117340+00:00
MNO,LGU+,,Z202205253_티빙,Z202205253,official_code,플러스플랜130 (티빙),티빙,LGU+-통합,False,,,5G,,,,True,,,120.0,,120.0,quota,True,,300,True,,130000,97500,선택약정 25% 할인,,9,4,티빙 | 구글 원 | 지니뮤직 | 밀리의서재,,"2대 월정액 할인(최대 33,000원)",테더링+쉐어링 120GB | 참 쉬운 가족 데이터 60GB,,,https://www.lguplus.com/mobile/plan/mplan/5g-all/5g-unlimited/Z202205253,2026-08-11T01:10:46.117340+00:00
MNO,LGU+,,Z202205253_마니아디바이스,Z202205253,official_code,플러스플랜130 (마니아디바이스),마니아디바이스,LGU+-통합,False,,,5G,,,,True,,,120.0,,120.0,quota,True,,300,True,,130000,97500,선택약정 25% 할인,,9,3,구글 원 | 지니뮤직 | 밀리의서재,,"마니아디바이스 | 2대 월정액 할인(최대 33,000원)",테더링+쉐어링 120GB | 참 쉬운 가족 데이터 60GB,,,https://www.lguplus.com/mobile/plan/mplan/5g-all/5g-unlimited/Z202205253,2026-08-11T01:10:46.117340+00:00
MNO,LGU+,,Z202205253_AI구독,Z202205253,official_code,플러스플랜130 (AI 구독),AI 구독,LGU+-통합,False,,,5G,,,,True,,,120.0,,120.0,quota,True,,300,True,,130000,97500,선택약정 25% 할인,,9,4,Google AI | 구글 원 | 지니뮤직 | 밀리의서재,,"2대 월정액 할인(최대 33,000원)",테더링+쉐어링 120GB | 참 쉬운 가족 데이터 60GB,,,https://www.lguplus.com/mobile/plan/mplan/5g-all/5g-unlimited/Z202205253,2026-08-11T01:10:46.117340+00:00
MNO,LGU+,,Z202205253_구글원,Z202205253,official_code,플러스플랜130 (구글 원),구글 원,LGU+-통합,False,,,5G,,,,True,,,120.0,,120.0,quota,True,,300,True,,130000,97500,선택약정 25% 할인,,9,4,구글 원 | 지니뮤직 | 밀리의서재,,"2대 월정액 할인(최대 33,000원)",테더링+쉐어링 120GB | 참 쉬운 가족 데이터 60GB,,,https://www.lguplus.com/mobile/plan/mplan/5g-all/5g-unlimited/Z202205253,2026-08-11T01:10:46.117340+00:00
MNO,LGU+,,Z202205253_넷플릭스,Z202205253,official_code,플러스플랜130 (넷플릭스),넷플릭스,LGU+-통합,False,,,5G,,,,True,,,120.0,,120.0,quota,True,,300,True,,130000,97500,선택약정 25% 할인,,9,4,넷플릭스 | 구글 원 | 지니뮤직 | 밀리의서재,,"2대 월정액 할인(최대 33,000원)",테더링+쉐어링 120GB | 참 쉬운 가족 데이터 60GB,,,https://www.lguplus.com/mobile/plan/mplan/5g-all/5g-unlimited/Z202205253,2026-08-11T01:10:46.117340+00:00
MNO,LGU+,,Z202205253_구글원+보상패스,Z202205253,official_code,플러스플랜130 (구글원+보상패스),구글원+보상패스,LGU+-통합,False,,,5G,,,,True,,,120.0,,120.0,quota,True,,300,True,,130000,97500,선택약정 25% 할인,,9,4,구글 원 | 지니뮤직 | 밀리의서재,,"2대 월정액 할인(최대 33,000원)",테더링+쉐어링 120GB | 참 쉬운 가족 데이터 60GB,,,https://www.lguplus.com/mobile/plan/mplan/5g-all/5g-unlimited/Z202205253,2026-08-11T01:10:46.117340+00:00
MNO,LGU+,,Z202605251,Z202605251,official_code,데이터플랜MAX,,LGU+-통합,False,,,5G,,,,True,,,70.0,,70.0,quota,True,,300,True,,85000,63750,선택약정 25% 할인,,2,0,,VIP,,테더링+쉐어링 70GB,,,https://www.lguplus.com/mobile/plan/mplan/5g-all/5g-unlimited/Z202605251,2026-08-11T01:10:46.117340+00:00
MNO,LGU+,,Z202605252,Z202605252,official_code,데이터플랜150GB,,LGU+-통합,False,,,5G,150.0,,150.0,False,5Mbps,,60.0,,60.0,quota,True,,300,True,,75000,56250,선택약정 25% 할인,,1,0,,VIP,,,,,https://www.lguplus.com/mobile/plan/mplan/5g-all/5g-unlimited/Z202605252,2026-08-11T01:10:46.117340+00:00
MNO,LGU+,,Z202605253,Z202605253,official_code,데이터플랜125GB,,LGU+-통합,False,,,5G,125.0,,125.0,False,5Mbps,,55.0,,55.0,quota,True,,300,True,,70000,52500,선택약정 25% 할인,,0,0,,,,,,,https://www.lguplus.com/mobile/plan/mplan/5g-all/5g-unlimited/Z202605253,2026-08-11T01:10:46.117340+00:00
MNO,LGU+,,Z202605254,Z202605254,official_code,데이터플랜95GB,,LGU+-통합,False,,,5G,95.0,,95.0,False,3Mbps,,50.0,,50.0,quota,True,,300,True,,68000,51000,선택약정 25% 할인,,0,0,,,,,,,https://www.lguplus.com/mobile/plan/mplan/5g-all/5g-unlimited/Z202605254,2026-08-11T01:10:46.117340+00:00
MNO,LGU+,,Z202605255,Z202605255,official_code,데이터플랜80GB,,LGU+-통합,False,,,5G,80.0,,80.0,False,1Mbps,,45.0,,45.0,quota,True,,300,True,,66000,49500,선택약정 25% 할인,,0,0,,,,,,,https://www.lguplus.com/mobile/plan/mplan/5g-all/5g-unlimited/Z202605255,2026-08-11T01:10:46.117340+00:00
MNO,LGU+,,Z202605256,Z202605256,official_code,데이터플랜50GB,,LGU+-통합,False,,,5G,50.0,,50.0,False,1Mbps,,40.0,,40.0,quota,True,,300,True,,63000,47250,선택약정 25% 할인,,0,0,,,,,,,https://www.lguplus.com/mobile/plan/mplan/5g-all/5g-unlimited/Z202605256,2026-08-11T01:10:46.117340+00:00
MNO,LGU+,,Z202605257,Z202605257,official_code,데이터플랜31GB,,LGU+-통합,False,,,5G,31.0,,31.0,False,1Mbps,,,,,undisclosed,True,,300,True,,61000,45750,선택약정 25% 할인,,0,0,,,,,,,https://www.lguplus.com/mobile/plan/mplan/5g-all/5g-unlimited/Z202605257,2026-08-11T01:10:46.117340+00:00
MNO,LGU+,,Z202605258,Z202605258,official_code,데이터플랜24GB,,LGU+-통합,False,,,5G,24.0,,24.0,False,1Mbps,,,,,undisclosed,True,,300,True,,59000,44250,선택약정 25% 할인,,0,0,,,,,,,https://www.lguplus.com/mobile/plan/mplan/5g-all/5g-unlimited/Z202605258,2026-08-11T01:10:46.117340+00:00
MNO,LGU+,,Z202605259,Z202605259,official_code,데이터플랜14GB,,LGU+-통합,False,,,5G,14.0,,14.0,False,1Mbps,,,,,undisclosed,True,,300,True,,55000,41250,선택약정 25% 할인,,0,0,,,,,,,https://www.lguplus.com/mobile/plan/mplan/5g-all/5g-unlimited/Z202605259,2026-08-11T01:10:46.117340+00:00
MNO,LGU+,,Z202605260,Z202605260,official_code,데이터플랜5GB,,LGU+-통합,False,,,5G,5.0,,5.0,False,400Kbps,,,,,undisclosed,True,,300,True,,37000,27750,선택약정 25% 할인,,0,0,,,,,,,https://www.lguplus.com/mobile/plan/mplan/5g-all/5g-unlimited/Z202605260,2026-08-11T01:10:46.117340+00:00
MNO,LGU+,,Z202605261,Z202605261,official_code,데이터플랜750MB,,LGU+-통합,False,,,5G,0.732,,0.732,False,400Kbps,,,,,undisclosed,False,125,,False,150,29000,21750,선택약정 25% 할인,,0,0,,,,,,,https://www.lguplus.com/mobile/plan/mplan/5g-all/5g-unlimited/Z202605261,2026-08-11T01:10:46.117340+00:00
MNO,LGU+,,Z202605262,Z202605262,official_code,데이터플랜300MB,,LGU+-통합,False,,,5G,0.293,,0.293,False,400Kbps,,,,,undisclosed,False,125,,False,150,28000,21000,선택약정 25% 할인,,0,0,,,,,,,https://www.lguplus.com/mobile/plan/mplan/5g-all/5g-unlimited/Z202605262,2026-08-11T01:10:46.117340+00:00
MNO,LGU+,,Z202606000,Z202606000,official_code,데이터플랜9GB,,LGU+-통합,False,,,5G,9.0,,9.0,False,400Kbps,,,,,undisclosed,True,,300,True,,47000,35250,선택약정 25% 할인,,0,0,,,,,,,https://www.lguplus.com/mobile/plan/mplan/5g-all/5g-unlimited/Z202606000,2026-08-11T01:10:46.117340+00:00
MNO,LGU+,,Z202606002,Z202606002,official_code,데이터플랜1.5GB,,LGU+-통합,False,,,5G,1.5,,1.5,False,400Kbps,,,,,undisclosed,True,,110,True,,33000,24750,선택약정 25% 할인,,0,0,,,,,,,https://www.lguplus.com/mobile/plan/mplan/5g-all/5g-unlimited/Z202606002,2026-08-11T01:10:46.117340+00:00
MNO,LGU+,,36334,36334,official_code,너겟49,,moyo,True,,이미 LG U+ 요금제를 쓰고 있다면 이 요금제를 가입할 수 없어요,5G,120.0,,120.0,False,5Mbps,,,,,undisclosed,True,,,True,,7000,7000,모요 프로모션 페이백/할인,,2,0,,,,,네이버페이 매달 3.4만원 페이백 (6개월) | 네이버페이 매달 8천원 페이백 (12개월),136902,https://www.moyoplan.com/plans/36334,2026-08-11T01:43:06.687727+00:00
MVNO,LGU+,U+유모바일,26257,26257,official_code,[평생할인] 7GB+/통화기본,,moyo,True,,,LTE,7.0,,7.0,False,1Mbps,,,,,undisclosed,True,,,True,,15900,0,모요 프로모션 페이백/할인,8,3,0,,,,"우리결합시, 데이터 5GB 추가 증정",네이버페이 매달 1.6만원 페이백 (8개월) | 12만원 혜택(매월 이마트24 5천원),38285,https://www.moyoplan.com/plans/26257,2026-08-11T01:43:06.687727+00:00
MVNO,KT,쉐이크모바일,26613,26613,official_code,[모요only] [모요핫딜] 쉐이크 LTE 100GB+Npay 매월 5천원,,moyo,True,,,LTE,100.0,,100.0,False,5Mbps,,,,,undisclosed,True,,,True,,42300,11800,모요 프로모션 페이백/할인,7,3,0,,,,,"네이버페이 매달 5천원 페이백 (평생) | 매월 1천원 요금할인 (팝테일 가입·인증) | 마트상품권, 네이버페이 최대 2만원",76233,https://www.moyoplan.com/plans/26613,2026-08-11T01:43:06.687727+00:00
MVNO,KT,KT엠모바일,36971,36971,official_code,5G 모두다 맘껏 안심 20GB+,,moyo,True,,,5G,20.0,,20.0,False,400Kbps,,,,,undisclosed,True,,,True,,19900,0,모요 프로모션 페이백/할인,8,4,0,,,,,네이버페이 매달 2만원 페이백 (8개월) | M마켓포인트 8.8만원(1.1만 X 8개월) | 쿠팡유심 개통 시 쿠팡캐시 2만원 | 3대 마트 + 네이버페이 포인트 2만원,7486,https://www.moyoplan.com/plans/36971,2026-08-11T01:43:06.687727+00:00
MVNO,KT,KT엠모바일,36967,36967,official_code,모두다 맘껏 10GB+(밀리의 서재 FREE),,moyo,True,,,LTE,10.0,,10.0,False,1Mbps,,,,,undisclosed,True,,,True,,19000,0,모요 프로모션 페이백/할인,8,3,1,밀리의서재,,,LTE 데이터 추가제공 10GB(24개월),네이버페이 매달 2만원 페이백 (8개월),4212,https://www.moyoplan.com/plans/36967,2026-08-11T01:43:06.687727+00:00
MVNO,LGU+,U+유모바일,26259,26259,official_code,[평생할인] 15GB+/통화기본,,moyo,True,,,LTE,15.0,,15.0,False,1Mbps,,,,,undisclosed,True,,,True,,20900,900,모요 프로모션 페이백/할인,8,3,0,,,,"우리결합시, 데이터 10GB 추가 증정",네이버페이 매달 2만원 페이백 (8개월) | 12만원 혜택(매월 이마트24 5천원),4790,https://www.moyoplan.com/plans/26259,2026-08-11T01:43:06.687727+00:00
MVNO,KT,KT엠모바일,36978,36978,official_code,5G 데이터 충분 10GB/200분,,moyo,True,,,5G,10.0,,10.0,False,,,,,,undisclosed,False,200,,False,100,9400,0,모요 프로모션 페이백/할인,7,4,0,,,,,네이버페이 매달 1만원 페이백 (7개월) | M마켓포인트 10.5만원(1.5만 X 7개월) | 쿠팡유심 개통 시 쿠팡캐시 2만원 | 3대 마트 + 네이버페이 포인트 2만원,1520,https://www.moyoplan.com/plans/36978,2026-08-11T01:43:06.687727+00:00
MVNO,KT,KT스카이라이프,23450,23450,official_code,통화 충분 15GB,,moyo,True,,,LTE,15.0,,15.0,False,,,,,,within_data,True,,30,True,,16900,0,모요 프로모션 페이백/할인,6,1,0,,,,,네이버페이 매달 2만원 페이백 (6개월 간),39847,https://www.moyoplan.com/plans/23450,2026-08-11T01:43:06.687727+00:00
MVNO,KT,핀다이렉트,37103,37103,official_code,[모요only] [K] 핀다이렉트Z 100GB+(네이버페이) _모요핫딜,,moyo,True,,신규 가입을 받지 않는 통신사입니다. 사용 중인 번호 그대로 통신사만 이동할 분들만 가입이 가능해요.,LTE,100.0,,100.0,False,5Mbps,,,,,unsupported,True,,,True,,42000,11700,모요 프로모션 페이백/할인,7,4,0,,,,KT 데이터 결합 (추가데이터 20GB),"네이버페이 매달 5천원 페이백 (평생) | 네이버페이, 마트 상품권 2만원 | 데이터 로밍 3일 무료 쿠폰",53857,https://www.moyoplan.com/plans/37103,2026-08-11T01:43:06.687727+00:00
MVNO,KT,핀다이렉트,30954,30954,official_code,[모요only] [K] 핀다이렉트Z 100GB+(네이버페이) _PIN,,moyo,True,,신규 가입을 받지 않는 통신사입니다. 사용 중인 번호 그대로 통신사만 이동할 분들만 가입이 가능해요.,LTE,100.0,,100.0,False,5Mbps,,,,,unsupported,True,,,True,,42000,11700,모요 프로모션 페이백/할인,7,4,0,,,,KT 데이터 결합 (추가데이터 20GB),"네이버페이 매달 5천원 페이백 (평생) | 네이버페이, 마트 상품권 2만원 | 데이터 로밍 3일 무료 쿠폰",51732,https://www.moyoplan.com/plans/30954,2026-08-11T01:43:06.687727+00:00
MNO,LGU+,,29062,29062,official_code,데일리 너겟59,,moyo,True,,이미 LG U+ 요금제를 쓰고 있다면 이 요금제를 가입할 수 없어요,5G,,,,True,,,,,,undisclosed,True,,,True,,34000,19000,모요 프로모션 페이백/할인,6,4,1,밀리의서재,VIP,,,네이버페이 매달 2.5만원 페이백 (12개월) | 네이버페이 매달 1.5만원 페이백 (6개월),265035,https://www.moyoplan.com/plans/29062,2026-08-11T01:43:06.687727+00:00
MVNO,LGU+,U+유모바일,35498,35498,official_code,[평생할인] 5G 15GB+/300분,,moyo,True,,,5G,15.0,,15.0,False,1Mbps,,,,,undisclosed,False,300,,False,300,16900,900,모요 프로모션 페이백/할인,10,1,0,,,,,네이버페이 매달 1.6만원 페이백 (10개월),19522,https://www.moyoplan.com/plans/35498,2026-08-11T01:43:06.687727+00:00
MVNO,KT,쉐이크모바일,36163,36163,official_code,[모요only] 쉐이크only LTE 100GB+밀리의서재,,moyo,True,,,LTE,100.0,,100.0,False,5Mbps,,,,,undisclosed,True,,,True,,45100,11900,모요 프로모션 할인,7,2,1,밀리의서재,,,,매월 1천원 요금할인 (팝테일 가입·인증),43776,https://www.moyoplan.com/plans/36163,2026-08-11T01:43:06.687727+00:00
MVNO,LGU+,LG헬로모바일,6836,6836,official_code,The 착한 데이터 유심 11GB,,moyo,True,,,LTE,11.0,,11.0,False,3Mbps,2.0,,,,undisclosed,True,,,True,,32990,2990,모요 프로모션 페이백/할인,7,4,1,구글 AI프로+도미노피자 할인쿠폰,,,"헬로모바일 결합시, 추가 데이터 20GB 증정",네이버페이 매달 3만원 페이백(7개월) | 갤럭시 자급제 이벤트 신세계상품권 10만원,8266,https://www.moyoplan.com/plans/6836,2026-08-11T01:43:06.687727+00:00
MVNO,LGU+,LG헬로모바일,6801,6801,official_code,슬림 유심 1GB 100분,,moyo,True,,,LTE,1.0,,1.0,False,,,,,,undisclosed,False,100,,False,50,2700,0,모요 프로모션 페이백/할인,7,4,2,구글 AI프로+도미노피자 할인쿠폰 | 토스미·오픽미 AI 모의고사,,,,네이버페이 매달 3천원 페이백(7개월) | 프레딧 쿠폰 2만원(5천원*4개월),1453,https://www.moyoplan.com/plans/6801,2026-08-11T01:43:06.687727+00:00
MVNO,LGU+,KG모바일,26315,26315,official_code,[모빌카드 스페셜] 유심 5G 125GB+,,moyo,True,,,5G,125.0,,125.0,False,5Mbps,,,,,unsupported,True,,,True,,51150,8900,모요 프로모션 할인,7,1,0,,,,,일반 유심/배송비 무료,7944,https://www.moyoplan.com/plans/26315,2026-08-11T01:43:06.687727+00:00
MVNO,LGU+,U+유모바일,37109,37109,official_code,[Npay 12만 기본제공] 17GB+/통화기본,,moyo,True,,,LTE,17.0,,17.0,False,1Mbps,,,,,undisclosed,True,,,True,,19900,14900,모요 프로모션 페이백/할인,24,2,0,,,,,네이버페이 매달 5천원 페이백 (24개월) | 매달 hy 금액권 1만원(12만),1941,https://www.moyoplan.com/plans/37109,2026-08-11T01:43:06.687727+00:00
MVNO,LGU+,LG헬로모바일,6804,6804,official_code,슬림 유심 500MB 50분,,moyo,True,,,LTE,0.488,,0.488,False,,,,,,undisclosed,False,50,,False,50,1700,0,모요 프로모션 페이백/할인,7,4,2,구글 AI프로+도미노피자 할인쿠폰 | 토스미·오픽미 AI 모의고사,,,,네이버페이 매달 2천원 페이백(7개월) | 프레딧 쿠폰 2만원(5천원*4개월),1950,https://www.moyoplan.com/plans/6804,2026-08-11T01:43:06.687727+00:00
MVNO,LGU+,LG헬로모바일,6830,6830,official_code,DATA 걱정없는 유심 7GB,,moyo,True,,,LTE,7.0,,7.0,False,1Mbps,,,,,undisclosed,True,,,True,,15900,0,모요 프로모션 페이백/할인,7,3,1,구글 AI프로+도미노피자 할인쿠폰,,,,네이버페이 매달 2만원 페이백(7개월) | 갤럭시 자급제 이벤트 신세계상품권 10만원,17234,https://www.moyoplan.com/plans/6830,2026-08-11T01:43:06.687727+00:00
MVNO,LGU+,LG헬로모바일,36647,36647,official_code,DATA 걱정없는 유심 100GB,,moyo,True,,,LTE,100.0,,100.0,False,5Mbps,,,,,undisclosed,True,,,True,,38200,8200,모요 프로모션 페이백/할인,7,4,1,구글 AI프로+도미노피자 할인쿠폰,,,"헬로모바일 결합시, 추가 데이터 20GB 증정",네이버페이 매달 3만원 페이백(7개월) | 갤럭시 자급제 이벤트 신세계상품권 10만원,5313,https://www.moyoplan.com/plans/36647,2026-08-11T01:43:06.687727+00:00
MVNO,KT,티플러스,23576,23576,official_code,KT 100GB+ (CU 매월 20%+올리브영 매월 5천원 상품권!),,moyo,True,,,LTE,100.0,,100.0,False,5Mbps,,,,,unsupported,True,,,True,,48400,11900,모요 프로모션 할인,7,4,0,,,,,"마트 상품권/네이버페이 1만원 증정 | CU 오프라인 점포 결제시 20% 할인 제공 | 올리브영 12개월간 매월 5,000원 상품권",14445,https://www.moyoplan.com/plans/23576,2026-08-11T01:43:06.687727+00:00
MVNO,KT,고고모바일,27840,27840,official_code,[모요only] 고고딜 무제한 11GB+3M(Npay 5000P)_12개월,,moyo,True,,,LTE,11.0,,11.0,False,3Mbps,2.0,,,,undisclosed,True,,,True,,39600,18000,모요 프로모션 페이백/할인,12,4,0,,,,추가데이터 20GB 제공,"네이버페이 매달 5천원 페이백(12개월) | 마트상품권, 네이버페이 최대 2만원 | KT유심&배송비 무료",8395,https://www.moyoplan.com/plans/27840,2026-08-11T01:43:06.687727+00:00
MVNO,LGU+,LG헬로모바일,6790,6790,official_code,보편 안심 유심 15GB 100분,,moyo,True,,,LTE,15.0,,15.0,False,3Mbps,,,,,undisclosed,False,100,,False,100,28820,0,모요 프로모션 페이백/할인,7,4,1,구글 AI프로+도미노피자 할인쿠폰,,,"헬로모바일 결합시, 추가 데이터 10GB 증정",네이버페이 매달 3만원 페이백(7개월) | 갤럭시 자급제 이벤트 신세계상품권 10만원,3093,https://www.moyoplan.com/plans/6790,2026-08-11T01:43:06.687727+00:00
MVNO,LGU+,LG헬로모바일,6803,6803,official_code,슬림 유심 2GB 200분,,moyo,True,,,LTE,2.0,,2.0,False,,,,,,undisclosed,False,200,,False,150,3700,0,모요 프로모션 페이백/할인,7,4,2,구글 AI프로+도미노피자 할인쿠폰 | 토스미·오픽미 AI 모의고사,,,,네이버페이 매달 4천원 페이백(7개월) | 프레딧 쿠폰 2만원(5천원*4개월),222,https://www.moyoplan.com/plans/6803,2026-08-11T01:43:06.687727+00:00
MVNO,KT,티플러스,23284,23284,official_code,KT 100GB+ (밀리의서재+올리브영 매월 5천원 상품권!),,moyo,True,,,LTE,100.0,,100.0,False,5Mbps,,,,,unsupported,True,,,True,,48400,11900,모요 프로모션 할인,7,4,1,밀리의서재,,,,"마트 상품권/네이버페이 1만원 증정 | 올리브영 12개월간 매월 5,000원 상품권",21613,https://www.moyoplan.com/plans/23284,2026-08-11T01:43:06.687727+00:00
MVNO,LGU+,이야기모바일,27680,27680,official_code,[모요핫딜] 희망더하기 11GB,,moyo,True,,,LTE,11.0,,11.0,False,3Mbps,2.0,,,,unsupported,True,,,True,,39600,11500,모요 프로모션 페이백/할인,7,2,0,,,,,"네이버페이 매달 5천원 페이백 (7개월) | 네이버페이 5,000원",6491,https://www.moyoplan.com/plans/27680,2026-08-11T01:43:06.687727+00:00
MVNO,LGU+,찬스모바일,37124,37124,official_code,[모요핫딜]5G 음성기본 125GB+5Mbps,,moyo,True,,,5G,125.0,,125.0,False,5Mbps,,,,,undisclosed,True,,,True,,51700,14000,모요 프로모션 페이백/할인,7,2,0,,,,,네이버페이 매달 5천원 페이백 (7개월 간) | 유심/배송비 무료,1010,https://www.moyoplan.com/plans/37124,2026-08-11T01:43:06.687727+00:00
MVNO,KT,핀다이렉트,37403,37403,official_code,[모요only] [K] 핀다이렉트Z 100GB+(네이버페이) _PAY,,moyo,True,,신규 가입을 받지 않는 통신사입니다. 사용 중인 번호 그대로 통신사만 이동할 분들만 가입이 가능해요.,LTE,100.0,,100.0,False,5Mbps,,,,,unsupported,True,,,True,,36900,6900,모요 프로모션 페이백/할인,7,5,0,,,,KT 데이터 결합 (추가데이터 20GB),"네이버페이 매달 3만원 페이백 (7개월) | 네이버페이 매달 5천원 페이백 (평생) | 네이버페이, 마트 상품권 2만원 | 데이터 로밍 3일 무료 쿠폰",1174,https://www.moyoplan.com/plans/37403,2026-08-11T01:43:06.687727+00:00
MVNO,KT,KT스카이라이프,12428,12428,official_code,슬림 1GB/100분,,moyo,True,,,LTE,1.0,,1.0,False,,,,,,within_data,False,100,30,False,100,2900,2900,,,0,0,,,,,,14995,https://www.moyoplan.com/plans/12428,2026-08-11T01:43:06.687727+00:00
MVNO,LGU+,찬스모바일,37123,37123,official_code,[모요핫딜]5G 음성기본 150GB+5Mbps,,moyo,True,,,5G,150.0,,150.0,False,5Mbps,,,,,undisclosed,True,,,True,,60500,14500,모요 프로모션 페이백/할인,7,2,0,,,,,네이버페이 매달 5천원 페이백 (7개월 간) | 유심/배송비 무료,1465,https://www.moyoplan.com/plans/37123,2026-08-11T01:43:06.687727+00:00
MVNO,LGU+,찬스모바일,34378,34378,official_code,[모요only] [CH]100GB+5Mbps,,moyo,True,,,LTE,100.0,,100.0,False,5Mbps,,,,,undisclosed,True,,,True,,48400,12900,모요 프로모션 할인,7,1,0,,,,,유심/배송비 무료,7565,https://www.moyoplan.com/plans/34378,2026-08-11T01:43:06.687727+00:00
MVNO,LGU+,KG모바일,26312,26312,official_code,[모빌카드 스페셜] 유심 5G 150GB+,,moyo,True,,,5G,150.0,,150.0,False,5Mbps,,,,,unsupported,True,,,True,,56100,11900,모요 프로모션 할인,7,1,0,,,,,일반 유심/배송비 무료,3647,https://www.moyoplan.com/plans/26312,2026-08-11T01:43:06.687727+00:00
MVNO,KT,고고모바일,27842,27842,official_code,[모요only] [모요핫딜]무제한 100GB+5M(Npay 5000P),,moyo,True,,,LTE,100.0,,100.0,False,5Mbps,,,,,undisclosed,True,,,True,,44000,14000,모요 프로모션 페이백/할인,7,4,0,,,,추가데이터 20GB 제공,"네이버페이 매달 5천원 페이백(7개월) | 마트상품권, 네이버페이 최대 2만원 | KT유심&배송비 무료",19436,https://www.moyoplan.com/plans/27842,2026-08-11T01:43:06.687727+00:00
MVNO,KT,이지모바일,31929,31929,official_code,EG 무제한 100GB+5M(밀리의 서재),,moyo,True,,,LTE,100.0,,100.0,False,5Mbps,,,,,undisclosed,True,,,True,,44000,14900,모요 프로모션 할인,7,2,1,밀리의서재,,,,일반유심/배송비 무료,38363,https://www.moyoplan.com/plans/31929,2026-08-11T01:43:06.687727+00:00
MVNO,LGU+,인스모바일,36694,36694,official_code,인스 유심 스피드(5G) 125GB+,,moyo,True,,,5G,125.0,,125.0,False,3Mbps,,,,,undisclosed,True,,,True,,50050,10450,모요 프로모션 할인,7,0,0,,,,,,1360,https://www.moyoplan.com/plans/36694,2026-08-11T01:43:06.687727+00:00
MVNO,LGU+,LG헬로모바일,18885,18885,official_code,DATA 걱정없는 유심 15GB,,moyo,True,,,LTE,15.0,,15.0,False,1Mbps,,,,,undisclosed,True,,,True,,20950,950,모요 프로모션 페이백/할인,7,3,1,구글 AI프로+도미노피자 할인쿠폰,,,,네이버페이 매달 2만원 페이백(7개월) | 갤럭시 자급제 이벤트 신세계상품권 10만원,10220,https://www.moyoplan.com/plans/18885,2026-08-11T01:43:06.687727+00:00
MVNO,LGU+,인스모바일,23209,23209,official_code,인스 유심 스피드(5G) 150GB+,,moyo,True,,,5G,150.0,,150.0,False,5Mbps,,,,,undisclosed,True,,,True,,56040,12370,모요 프로모션 할인,7,0,0,,,,,,3068,https://www.moyoplan.com/plans/23209,2026-08-11T01:43:06.687727+00:00
MVNO,LGU+,U+유모바일,26297,26297,official_code,[평생할인] 5G 15GB/200분,,moyo,True,,,5G,15.0,,15.0,False,,,,,,within_data,False,200,,False,100,13900,13900,,,0,0,,,,,,4989,https://www.moyoplan.com/plans/26297,2026-08-11T01:43:06.687727+00:00
MVNO,LGU+,LG헬로모바일,23093,23093,official_code,보편 안심 유심 15GB 300분,,moyo,True,,,LTE,15.0,,15.0,False,3Mbps,,,,,undisclosed,False,300,,False,300,31900,1900,모요 프로모션 페이백/할인,7,4,1,구글 AI프로+도미노피자 할인쿠폰,,,"헬로모바일 결합시, 추가 데이터 10GB 증정",네이버페이 매달 3만원 페이백(7개월) | 갤럭시 자급제 이벤트 신세계상품권 10만원,562,https://www.moyoplan.com/plans/23093,2026-08-11T01:43:06.687727+00:00
MVNO,LGU+,LG헬로모바일,32400,32400,official_code,쿠폰팩 유심 7GB,,moyo,True,,,LTE,7.0,,7.0,False,1Mbps,,,,,unsupported,True,,,True,,18330,0,모요 프로모션 페이백/할인,7,3,0,,,,,네이버페이 매달 2만원 페이백(7개월) | 갤럭시 자급제 이벤트 신세계상품권 10만원 | 쿠폰팩 24개월(5천원*24개월),2445,https://www.moyoplan.com/plans/32400,2026-08-11T01:43:06.687727+00:00
MVNO,LGU+,LG헬로모바일,11964,11964,official_code,The 착한 데이터 유심 9GB 3000분,,moyo,True,,,LTE,9.0,,9.0,False,,,,,,undisclosed,False,3000,,False,1000,16900,0,모요 프로모션 페이백/할인,7,5,2,구글 AI프로+도미노피자 할인쿠폰 | 토스미·오픽미 AI 모의고사,,,,네이버페이 매달 2만원 페이백(7개월) | 네이버페이 매달 5천원 페이백(7개월) | 갤럭시 자급제 이벤트 신세계상품권 10만원,223,https://www.moyoplan.com/plans/11964,2026-08-11T01:43:06.687727+00:00
MVNO,LGU+,U+유모바일,28450,28450,official_code,데이터 플러스 7GB(평생+10GB 추가 제공 프로모션),,moyo,True,,,LTE,17.0,,17.0,False,1Mbps,,5.0,,5.0,quota,True,,300,True,,17500,17500,,,1,0,,,,"우리결합시, 데이터 5GB 추가 증정",,4571,https://www.moyoplan.com/plans/28450,2026-08-11T01:43:06.687727+00:00
MVNO,LGU+,마블링,22864,22864,official_code,[모요only] 마블링 프라임 100GB+5Mbps,,moyo,True,,신규가입 시 본인확인 해피콜과 본인입증서류 제출을 요청 드릴 수 있습니다.,LTE,100.0,,100.0,False,5Mbps,,,,,undisclosed,True,,,True,,46190,11000,모요 프로모션 할인,7,1,0,,,,,일반유심/배송비 무료,15482,https://www.moyoplan.com/plans/22864,2026-08-11T01:43:06.687727+00:00
MVNO,KT,쉐이크모바일,32578,32578,official_code,"[모요only] 쉐이크 5G 110GB+_네이버페이 매 월 5,000원",,moyo,True,,,5G,110.0,,110.0,False,5Mbps,,40.0,,40.0,quota,True,,300,True,,45600,14000,모요 프로모션 페이백/할인,7,4,0,,,,데이터쿠폰 20GB,"네이버페이 매달 5천원 페이백 (평생) | 매월 1천원 요금할인 (팝테일 가입·인증) | 마트상품권, 네이버페이 최대 2만원",4095,https://www.moyoplan.com/plans/32578,2026-08-11T01:43:06.687727+00:00
MVNO,KT,고고모바일,27837,27837,official_code,[모요only] 고고딜 무제한 7GB+1M(Npay 5000P)_12개월,,moyo,True,,,LTE,7.0,,7.0,False,1Mbps,,,,,undisclosed,True,,,True,,24200,7000,모요 프로모션 페이백/할인,12,4,0,,,,추가데이터 5GB 제공,"네이버페이 매달 5천원 페이백(12개월) | 마트상품권, 네이버페이 최대 2만원 | KT유심&배송비 무료",620,https://www.moyoplan.com/plans/27837,2026-08-11T01:43:06.687727+00:00
MVNO,LGU+,이지모바일,35207,35207,official_code,이지 무제한 5GB+1,,moyo,True,,,LTE,5.0,,5.0,False,1Mbps,,5.0,,5.0,quota,True,,300,True,,17600,10,모요 프로모션 할인,6,1,0,,,,,일반유심/배송비 무료,13598,https://www.moyoplan.com/plans/35207,2026-08-11T01:43:06.687727+00:00
MVNO,KT,티플러스,26836,26836,official_code,가성비플러스(15GB/350분),,moyo,True,,,LTE,15.0,,15.0,False,,,,,,unsupported,False,350,,False,100,22000,10,모요 프로모션 할인,8,2,0,,,,,마트 상품권/네이버페이 1만원 증정,33870,https://www.moyoplan.com/plans/26836,2026-08-11T01:43:06.687727+00:00
MVNO,LGU+,찬스모바일,26871,26871,official_code,[CHM] 5G 음성기본 150GB+5Mbps,,moyo,True,,,5G,150.0,,150.0,False,5Mbps,,,,,undisclosed,True,,,True,,57200,12350,모요 프로모션 할인,7,1,0,,,,,유심/배송비 무료,4353,https://www.moyoplan.com/plans/26871,2026-08-11T01:43:06.687727+00:00
MVNO,KT,핀다이렉트,28102,28102,official_code,[모요only] [K] 핀다이렉트Z Max (100GB) _PIN,,moyo,True,,신규 가입을 받지 않는 통신사입니다. 사용 중인 번호 그대로 통신사만 이동할 분들만 가입이 가능해요.,LTE,100.0,,100.0,False,5Mbps,,,,,unsupported,True,,,True,,42900,15800,모요 프로모션 할인,7,3,0,,,,KT 데이터 결합 (추가데이터 20GB),"네이버페이, 마트 상품권 2만원 | 데이터 로밍 3일 무료 쿠폰",81949,https://www.moyoplan.com/plans/28102,2026-08-11T01:43:06.687727+00:00
MVNO,KT,티플러스,34319,34319,official_code,5G 가성비플러스(15GB/350분),,moyo,True,,,5G,15.0,,15.0,False,,,,,,unsupported,False,350,,False,100,22000,10,모요 프로모션 할인,8,2,0,,,,,마트 상품권/네이버페이 1만원 증정,13380,https://www.moyoplan.com/plans/34319,2026-08-11T01:43:06.687727+00:00
MVNO,LGU+,U+유모바일,26296,26296,official_code,[평생할인] 5G 10GB/200분,,moyo,True,,,5G,10.0,,10.0,False,,,,,,within_data,False,200,,False,100,9900,9900,,,0,0,,,,,,2792,https://www.moyoplan.com/plans/26296,2026-08-11T01:43:06.687727+00:00
MVNO,KT,KT엠모바일,37134,37134,official_code,통화 맘껏 15GB,,moyo,True,,,LTE,15.0,,15.0,False,,,,,,undisclosed,True,,,True,,12400,12400,,,2,0,,,,,M마켓 포인트 12만원 (1.5만 X 8개월) | 삼성 자급제 이벤트 M마켓 포인트 10만원,1167,https://www.moyoplan.com/plans/37134,2026-08-11T01:43:06.687727+00:00
MVNO,KT,고고모바일,37118,37118,official_code,[모요only] 고고딜 무제한 100GB+5M(Npay 5000P)_12개월,,moyo,True,,,LTE,100.0,,100.0,False,5Mbps,,,,,undisclosed,True,,,True,,48400,20000,모요 프로모션 페이백/할인,12,4,0,,,,추가데이터 20GB 제공,"네이버페이 매달 5천원 페이백(12개월) | 마트상품권, 네이버페이 최대 2만원 | KT유심&배송비 무료",469,https://www.moyoplan.com/plans/37118,2026-08-11T01:43:06.687727+00:00
MVNO,LGU+,LG헬로모바일,6789,6789,official_code,보편 안심 유심 10GB 200분,,moyo,True,,,LTE,10.0,,10.0,False,1Mbps,,,,,undisclosed,False,200,,False,100,18900,0,모요 프로모션 페이백/할인,7,3,1,구글 AI프로+도미노피자 할인쿠폰,,,,네이버페이 매달 2만원 페이백(7개월) | 갤럭시 자급제 이벤트 신세계상품권 10만원,448,https://www.moyoplan.com/plans/6789,2026-08-11T01:43:06.687727+00:00
MVNO,LGU+,찬스모바일,34377,34377,official_code,[모요only] 알찬 음성기본 11GB+일 2GB+3Mbps,,moyo,True,,,LTE,11.0,,11.0,False,3Mbps,2.0,,,,undisclosed,True,,,True,,39600,7800,모요 프로모션 할인,7,1,0,,,,,유심/배송비 무료,46312,https://www.moyoplan.com/plans/34377,2026-08-11T01:43:06.687727+00:00
MVNO,LGU+,LG헬로모바일,23092,23092,official_code,보편 안심 유심 15GB 180분,,moyo,True,,,LTE,15.0,,15.0,False,3Mbps,,,,,undisclosed,False,180,,False,100,30800,800,모요 프로모션 페이백/할인,7,4,1,구글 AI프로+도미노피자 할인쿠폰,,,"헬로모바일 결합시, 추가 데이터 10GB 증정",네이버페이 매달 3만원 페이백(7개월) | 갤럭시 자급제 이벤트 신세계상품권 10만원,461,https://www.moyoplan.com/plans/23092,2026-08-11T01:43:06.687727+00:00
MVNO,LGU+,마블링,28127,28127,official_code,[모요only] 마블링 프라임 11GB+매일2GB+3Mbps,,moyo,True,,신규가입 시 본인확인 해피콜과 본인입증서류 제출을 요청 드릴 수 있습니다.,LTE,11.0,,11.0,False,3Mbps,2.0,,,,undisclosed,True,,,True,,36890,6900,모요 프로모션 할인,7,1,0,,,,,일반유심/배송비 무료,88948,https://www.moyoplan.com/plans/28127,2026-08-11T01:43:06.687727+00:00
MVNO,LGU+,모나,36605,36605,official_code,5G_모나기본125G안심5,,moyo,True,,,5G,125.0,,125.0,False,5Mbps,,,,,undisclosed,True,,,True,,57200,22900,모요 프로모션 할인,24,2,0,,,,,NFC 유심 무료 제공 | 4대 편의점 최대 10.1%적립,3436,https://www.moyoplan.com/plans/36605,2026-08-11T01:43:06.687727+00:00
MVNO,LGU+,찬스모바일,34786,34786,official_code,음성기본 5GB+,,moyo,True,,,LTE,5.0,,5.0,False,1Mbps,,,,,undisclosed,True,,,True,,16500,10,모요 프로모션 할인,6,1,0,,,,,유심/배송비 무료,1928,https://www.moyoplan.com/plans/34786,2026-08-11T01:43:06.687727+00:00
MVNO,LGU+,모나,36606,36606,official_code,5G_모나기본150G안심5,,moyo,True,,,5G,150.0,,150.0,False,5Mbps,,,,,undisclosed,True,,,True,,62700,22990,모요 프로모션 할인,24,2,0,,,,,NFC 유심 무료 제공 | 4대 편의점 최대 10.1%적립,1358,https://www.moyoplan.com/plans/36606,2026-08-11T01:43:06.687727+00:00
MVNO,LGU+,LG헬로모바일,32403,32403,official_code,쿠폰팩 유심 11GB,,moyo,True,,,LTE,11.0,,11.0,False,3Mbps,2.0,,,,unsupported,True,,,True,,35730,5730,모요 프로모션 페이백/할인,7,3,0,,,,,네이버페이 매달 3만원 페이백(7개월) | 갤럭시 자급제 이벤트 신세계상품권 10만원 | 쿠폰팩 24개월(5천원*24개월),7625,https://www.moyoplan.com/plans/32403,2026-08-11T01:43:06.687727+00:00
MVNO,LGU+,U+유모바일,26276,26276,official_code,[평생할인] 1GB/60분,,moyo,True,,,LTE,1.0,,1.0,False,,,,,,within_data,False,60,,False,100,3900,3900,,,0,0,,,,,,1138,https://www.moyoplan.com/plans/26276,2026-08-11T01:43:06.687727+00:00
MVNO,LGU+,찬스모바일,27251,27251,official_code,11GB+일2GB+3Mbps,,moyo,True,,,LTE,11.0,,11.0,False,3Mbps,2.0,,,,undisclosed,True,,,True,,44000,7800,모요 프로모션 할인,7,1,0,,,,,유심/배송비 무료,6074,https://www.moyoplan.com/plans/27251,2026-08-11T01:43:06.687727+00:00
MVNO,LGU+,LG헬로모바일,32399,32399,official_code,쿠폰팩 유심 일5GB,,moyo,True,,,LTE,,,,False,5Mbps,5.0,,,,unsupported,True,,,True,,41390,11390,모요 프로모션 페이백/할인,7,3,0,,,,,네이버페이 매달 3만원 페이백(7개월) | 갤럭시 자급제 이벤트 신세계상품권 10만원 | 쿠폰팩 24개월(5천원*24개월),286,https://www.moyoplan.com/plans/32399,2026-08-11T01:43:06.687727+00:00
MVNO,LGU+,찬스모바일,37104,37104,official_code,5G 음성기본 맥스150GB+,,moyo,True,,,5G,150.0,,150.0,False,5Mbps,,,,,undisclosed,True,,,True,,59400,12000,모요 프로모션 페이백/할인,7,2,0,,,,,네이버페이 매달 5천원 페이백 (7개월 간) | 유심/배송비 무료,622,https://www.moyoplan.com/plans/37104,2026-08-11T01:43:06.687727+00:00
MVNO,LGU+,LG헬로모바일,10394,10394,official_code,5G 스탠다드 유심 150GB,,moyo,True,,,5G,150.0,,150.0,False,5Mbps,,,,,undisclosed,True,,,True,,49900,19900,모요 프로모션 페이백/할인,7,4,1,구글 AI프로+도미노피자 할인쿠폰,,,"헬로모바일 결합시, 추가 데이터 20GB 증정",네이버페이 매달 3만원 페이백(7개월) | 갤럭시 자급제 이벤트 신세계상품권 10만원,165,https://www.moyoplan.com/plans/10394,2026-08-11T01:43:06.687727+00:00
MVNO,LGU+,찬스모바일,36256,36256,official_code,5G 음성기본 150GB+5Mbps_24개월,,moyo,True,,,5G,150.0,,150.0,False,5Mbps,,,,,undisclosed,True,,,True,,62700,22350,모요 프로모션 할인,24,1,0,,,,,유심/배송비 무료,1068,https://www.moyoplan.com/plans/36256,2026-08-11T01:43:06.687727+00:00
MVNO,LGU+,LG헬로모바일,32404,32404,official_code,쿠폰팩 유심 15GB 100분,,moyo,True,,,LTE,15.0,,15.0,False,3Mbps,,,,,unsupported,False,100,,False,100,31220,1220,모요 프로모션 페이백/할인,7,3,0,,,,,네이버페이 매달 3만원 페이백(7개월) | 갤럭시 자급제 이벤트 신세계상품권 10만원 | 쿠폰팩 24개월(5천원*24개월),319,https://www.moyoplan.com/plans/32404,2026-08-11T01:43:06.687727+00:00
MVNO,KT,KT엠모바일,37137,37137,official_code,데이터 충분 15GB/100분,,moyo,True,,,LTE,15.0,,15.0,False,,,,,,undisclosed,False,100,,False,100,11400,11400,,,2,0,,,,,M마켓 포인트 12만원 (1.5만 X 8개월) | 삼성 자급제 이벤트 M마켓 포인트 10만원,264,https://www.moyoplan.com/plans/37137,2026-08-11T01:43:06.687727+00:00
MVNO,LGU+,이지모바일,30890,30890,official_code,이지 오래쓰는 데이터 6G/200분,,moyo,True,,,LTE,6.0,,6.0,False,,,,,,undisclosed,False,200,,False,100,14300,10,모요 프로모션 할인,12,1,0,,,,,일반유심/배송비 무료,423,https://www.moyoplan.com/plans/30890,2026-08-11T01:43:06.687727+00:00
MVNO,LGU+,시월모바일,37406,37406,official_code,[모요only] 두해5G 통화기본150GB+ 유심비ZERO(일반),,moyo,True,,,5G,150.0,,150.0,False,5Mbps,,,,,undisclosed,True,,,True,,57200,22300,모요 프로모션 할인,24,1,0,,,,,유심/배송비 무료!,152,https://www.moyoplan.com/plans/37406,2026-08-11T01:43:06.687727+00:00
MVNO,KT,KT엠모바일,37138,37138,official_code,데이터 충분 20GB/100분,,moyo,True,,,LTE,20.0,,20.0,False,,,,,,undisclosed,False,100,,False,100,13400,13400,,,2,0,,,,,M마켓 포인트 12만원 (1.5만 X 8개월) | 삼성 자급제 이벤트 M마켓 포인트 10만원,204,https://www.moyoplan.com/plans/37138,2026-08-11T01:43:06.687727+00:00
MVNO,LGU+,이지모바일,30853,30853,official_code,이지 데이터 10GB+1/100분,,moyo,True,,,LTE,10.0,,10.0,False,1Mbps,,10.0,,10.0,quota,False,100,,False,100,19800,10,모요 프로모션 할인,6,1,0,,,,,일반유심/배송비 무료,3558,https://www.moyoplan.com/plans/30853,2026-08-11T01:43:06.687727+00:00
MVNO,LGU+,LG헬로모바일,18705,18705,official_code,5G 유심 중간요금제 95GB,,moyo,True,,,5G,95.0,,95.0,False,3Mbps,,,,,undisclosed,True,,,True,,44000,14000,모요 프로모션 페이백/할인,7,4,1,구글 AI프로+도미노피자 할인쿠폰,,,"헬로모바일 결합시, 추가 데이터 10GB 증정",네이버페이 매달 3만원 페이백(7개월) | 갤럭시 자급제 이벤트 신세계상품권 10만원,142,https://www.moyoplan.com/plans/18705,2026-08-11T01:43:06.687727+00:00
MVNO,KT,이지모바일,33045,33045,official_code,EG 12무제한 11G+3(CU할인),,moyo,True,,,LTE,11.0,,11.0,False,3Mbps,2.0,11.0,,11.0,quota,True,,300,True,,39600,20900,모요 프로모션 할인,12,1,0,,,,,일반유심/배송비 무료,9553,https://www.moyoplan.com/plans/33045,2026-08-11T01:43:06.687727+00:00
MVNO,LGU+,KG모바일,36263,36263,official_code,[일반] 유심 5G 150GB+_24개월,,moyo,True,,,5G,150.0,,150.0,False,5Mbps,,,,,unsupported,True,,,True,,56100,23000,모요 프로모션 할인,24,1,0,,,,,일반 유심/배송비 무료,2007,https://www.moyoplan.com/plans/36263,2026-08-11T01:43:06.687727+00:00
MVNO,LGU+,LG헬로모바일,12438,12438,official_code,5G 유심 6GB 200분,,moyo,True,,,5G,6.0,,6.0,False,,,,,,undisclosed,False,200,,False,100,7900,2900,모요 프로모션 페이백/할인,7,4,2,구글 AI프로+도미노피자 할인쿠폰 | 토스미·오픽미 AI 모의고사,,,,네이버페이 매달 5천원 페이백(7개월) | 프레딧 쿠폰 2만원(5천원*4개월),78,https://www.moyoplan.com/plans/12438,2026-08-11T01:43:06.687727+00:00
MVNO,LGU+,LG헬로모바일,14987,14987,official_code,CU 유심 1.5GB 150분,,moyo,True,,,LTE,1.5,,1.5,False,,,,,,undisclosed,False,150,,False,150,5900,900,모요 프로모션 페이백/할인,7,4,2,구글 AI프로+도미노피자 할인쿠폰 | 토스미·오픽미 AI 모의고사,,,,네이버페이 매달 5천원 페이백(7개월) | 프레딧 쿠폰 2만원(5천원*4개월),34,https://www.moyoplan.com/plans/14987,2026-08-11T01:43:06.687727+00:00
MVNO,KT,KT엠모바일,37144,37144,official_code,5G 데이터 충분 20GB/200분,,moyo,True,,,5G,20.0,,20.0,False,,,,,,undisclosed,False,200,,False,100,14400,14400,,,2,0,,,,,M마켓 포인트 12만원 (1.5만 X 8개월) | 삼성 자급제 이벤트 M마켓 포인트 10만원,229,https://www.moyoplan.com/plans/37144,2026-08-11T01:43:06.687727+00:00
MVNO,LGU+,LG헬로모바일,15001,15001,official_code,프레딧 유심 1.5GB 150분,,moyo,True,,,LTE,1.5,,1.5,False,,,,,,undisclosed,False,150,,False,150,5900,900,모요 프로모션 페이백/할인,7,4,2,구글 AI프로+도미노피자 할인쿠폰 | 토스미·오픽미 AI 모의고사,,,,네이버페이 매달 5천원 페이백(7개월) | 프레딧 쿠폰 2만원(5천원*4개월),10,https://www.moyoplan.com/plans/15001,2026-08-11T01:43:06.687727+00:00
MVNO,KT,KT엠모바일,37143,37143,official_code,5G 데이터 충분 15GB/200분,,moyo,True,,,5G,15.0,,15.0,False,,,,,,undisclosed,False,200,,False,100,12400,12400,,,2,0,,,,,M마켓 포인트 12만원 (1.5만 X 8개월) | 삼성 자급제 이벤트 M마켓 포인트 10만원,233,https://www.moyoplan.com/plans/37143,2026-08-11T01:43:06.687727+00:00
MVNO,LGU+,U+유모바일,31035,31035,official_code,[평생할인] 10GB/100분,,moyo,True,,,LTE,10.0,,10.0,False,,,8.0,,8.0,quota,False,100,,False,100,9900,9900,,,0,0,,,,,,486,https://www.moyoplan.com/plans/31035,2026-08-11T01:43:06.687727+00:00
MVNO,LGU+,KG모바일,36691,36691,official_code,[일반] 유심 5G 95GB+_24개월,,moyo,True,,,5G,95.0,,95.0,False,3Mbps,,,,,unsupported,True,,,True,,49500,22800,모요 프로모션 할인,24,1,0,,,,,일반 유심/배송비 무료,182,https://www.moyoplan.com/plans/36691,2026-08-11T01:43:06.687727+00:00
MVNO,KT,이지모바일,31928,31928,official_code,EG 무제한 71G+3M,,moyo,True,,,LTE,11.0,,11.0,False,3Mbps,2.0,11.0,,11.0,quota,True,,300,True,,37400,13900,모요 프로모션 할인,7,1,0,,,,,일반유심/배송비 무료,2258,https://www.moyoplan.com/plans/31928,2026-08-11T01:43:06.687727+00:00
MVNO,LGU+,U+유모바일,31029,31029,official_code,데이터 플러스 10GB(평생 +10GB 추가 제공 프로모션),,moyo,True,,,LTE,20.0,,20.0,False,1Mbps,,10.0,,10.0,quota,True,,300,True,,19900,19900,,,2,0,,,,"우리결합시, 데이터 10GB 추가 증정",매달 hy 금액권 1만원(12만),1655,https://www.moyoplan.com/plans/31029,2026-08-11T01:43:06.687727+00:00
MVNO,LGU+,U+유모바일,31028,31028,official_code,데이터 플러스 15GB(평생 +10GB 추가 제공 프로모션),,moyo,True,,,LTE,25.0,,25.0,False,1Mbps,,15.0,,15.0,quota,True,,300,True,,21900,21900,,,2,0,,,,"우리결합시, 데이터 10GB 추가 증정",매달 hy 금액권 1만원(12만),1858,https://www.moyoplan.com/plans/31028,2026-08-11T01:43:06.687727+00:00
MVNO,LGU+,모나,31927,31927,official_code,모나기본4.5G안심1+,,moyo,True,,,LTE,4.5,,4.5,False,1Mbps,,,,,unsupported,True,,,True,,29700,10,모요 프로모션 할인,7,2,0,,,,,NFC 유심 무료 제공 | 4대 편의점 최대 10.1%적립,4185,https://www.moyoplan.com/plans/31927,2026-08-11T01:43:06.687727+00:00
MVNO,KT,KT엠모바일,37135,37135,official_code,통화 맘껏 20GB,,moyo,True,,,LTE,20.0,,20.0,False,,,,,,undisclosed,True,,,True,,14400,14400,,,2,0,,,,,M마켓 포인트 12만원 (1.5만 X 8개월) | 삼성 자급제 이벤트 M마켓 포인트 10만원,346,https://www.moyoplan.com/plans/37135,2026-08-11T01:43:06.687727+00:00
MVNO,LGU+,U+유모바일,26260,26260,official_code,[평생할인] 71GB+/통화기본,,moyo,True,,,LTE,11.0,,11.0,False,3Mbps,2.0,,,,within_data,True,,300,True,,32990,32990,,,2,0,,,,"우리결합시, 데이터 20GB 추가 증정",12만원 혜택(매월 이마트24 5천원),17129,https://www.moyoplan.com/plans/26260,2026-08-11T01:43:06.687727+00:00
MVNO,LGU+,U+유모바일,26275,26275,official_code,[평생할인] 500MB/60분,,moyo,True,,,LTE,0.488,,0.488,False,,,,,,within_data,False,60,,False,50,3300,3300,,,0,0,,,,,,1405,https://www.moyoplan.com/plans/26275,2026-08-11T01:43:06.687727+00:00
MVNO,LGU+,이야기모바일,29288,29288,official_code,이야기 완전 FREE 71GB,,moyo,True,,,LTE,11.0,,11.0,False,3Mbps,2.0,,,,unsupported,True,,,True,,39600,7950,모요 프로모션 할인,7,0,0,,,,,,36155,https://www.moyoplan.com/plans/29288,2026-08-11T01:43:06.687727+00:00
MVNO,LGU+,시월모바일,37405,37405,official_code,[모요only] 두해5G 통화기본125GB+ 유심비ZERO(일반),,moyo,True,,,5G,125.0,,125.0,False,5Mbps,,,,,undisclosed,True,,,True,,52800,22300,모요 프로모션 할인,24,1,0,,,,,유심/배송비 무료!,118,https://www.moyoplan.com/plans/37405,2026-08-11T01:43:06.687727+00:00
MVNO,LGU+,LG헬로모바일,10364,10364,official_code,DATA 걱정없는 유심 일5GB,,moyo,True,,,LTE,,,,False,5Mbps,5.0,,,,undisclosed,True,,,True,,38990,8990,모요 프로모션 페이백/할인,7,4,1,구글 AI프로+도미노피자 할인쿠폰,,,"헬로모바일 결합시, 추가 데이터 20GB 증정",네이버페이 매달 3만원 페이백(7개월) | 갤럭시 자급제 이벤트 신세계상품권 10만원,548,https://www.moyoplan.com/plans/10364,2026-08-11T01:43:06.687727+00:00
MVNO,LGU+,이야기모바일,36176,36176,official_code,이야기 스페셜 무제한 11GB+,,moyo,True,,,LTE,11.0,,11.0,False,3Mbps,2.0,,,,unsupported,True,,,True,,41800,22000,모요 프로모션 할인,12,1,0,,,,,"네이버페이 5,000원",2935,https://www.moyoplan.com/plans/36176,2026-08-11T01:43:06.687727+00:00
MVNO,SKT,이야기모바일,29290,29290,official_code,이야기 완전 무제한 100GB+,,moyo,True,,,LTE,100.0,,100.0,False,5Mbps,,,,,unsupported,True,,,True,,49500,17600,모요 프로모션 할인,7,1,0,,,,,"네이버페이 5,000원",2676,https://www.moyoplan.com/plans/29290,2026-08-11T01:43:06.687727+00:00
MVNO,LGU+,찬스모바일,35496,35496,official_code,[CHM]5G 찬스 300분/15GB+,,moyo,True,,,5G,15.0,,15.0,False,1Mbps,,,,,undisclosed,False,300,,False,300,27500,800,모요 프로모션 할인,6,1,0,,,,,유심/배송비 무료,1055,https://www.moyoplan.com/plans/35496,2026-08-11T01:43:06.687727+00:00
MVNO,LGU+,U+유모바일,37110,37110,official_code,[Npay 12만 기본제공] 71GB+/통화기본,,moyo,True,,,LTE,11.0,,11.0,False,3Mbps,2.0,,,,undisclosed,True,,,True,,35390,30390,모요 프로모션 페이백/할인,24,1,0,,,,,네이버페이 매달 5천원 페이백 (24개월),429,https://www.moyoplan.com/plans/37110,2026-08-11T01:43:06.687727+00:00
MVNO,LGU+,U+유모바일,35499,35499,official_code,[평생할인] 5G 15GB/300분,,moyo,True,,,5G,15.0,,15.0,False,,,,,,within_data,False,300,,False,300,14400,14400,,,0,0,,,,,,561,https://www.moyoplan.com/plans/35499,2026-08-11T01:43:06.687727+00:00
MVNO,LGU+,이지모바일,30952,30952,official_code,이지 무제한 4.5GB+1,,moyo,True,,,LTE,4.5,,4.5,False,1Mbps,,4.5,,4.5,quota,True,,300,True,,16500,10,모요 프로모션 할인,6,1,0,,,,,일반유심/배송비 무료,10890,https://www.moyoplan.com/plans/30952,2026-08-11T01:43:06.687727+00:00
MVNO,LGU+,LG헬로모바일,10390,10390,official_code,5G 유심 통화 맘편히 3GB,,moyo,True,,,5G,3.0,,3.0,False,,,,,,undisclosed,True,,,True,,7990,2990,모요 프로모션 페이백/할인,7,4,2,구글 AI프로+도미노피자 할인쿠폰 | 토스미·오픽미 AI 모의고사,,,,네이버페이 매달 5천원 페이백(7개월) | 프레딧 쿠폰 2만원(5천원*4개월),109,https://www.moyoplan.com/plans/10390,2026-08-11T01:43:06.687727+00:00
MVNO,LGU+,KG모바일,27292,27292,official_code,"[모요 전용] 통화, 데이터 마음대로 11GB+",,moyo,True,,,LTE,11.0,,11.0,False,3Mbps,2.0,,,,unsupported,True,,300,True,,34960,10000,모요 프로모션 할인,7,1,0,,,,,"네이버페이 10,000원",8803,https://www.moyoplan.com/plans/27292,2026-08-11T01:43:06.687727+00:00
MVNO,LGU+,KG모바일,36690,36690,official_code,[일반] 유심 5G 125GB+_24개월,,moyo,True,,,5G,125.0,,125.0,False,5Mbps,,,,,unsupported,True,,,True,,51150,22900,모요 프로모션 할인,24,1,0,,,,,일반 유심/배송비 무료,399,https://www.moyoplan.com/plans/36690,2026-08-11T01:43:06.687727+00:00
MVNO,KT,티플러스,26835,26835,official_code,가성비플러스(10GB/350분),,moyo,True,,,LTE,10.0,,10.0,False,,,,,,unsupported,False,350,,False,100,15400,10,모요 프로모션 할인,10,2,0,,,,,마트 상품권/네이버페이 1만원 증정,7345,https://www.moyoplan.com/plans/26835,2026-08-11T01:43:06.687727+00:00
MVNO,LGU+,모나,36336,36336,official_code,모나210분4.5G,,moyo,True,,,5G,4.5,,4.5,False,,,,,,within_data,False,210,,False,100,20900,10,모요 프로모션 할인,18,2,0,,,,,NFC 유심 무료 제공 | 4대 편의점 최대 10.1%적립,1725,https://www.moyoplan.com/plans/36336,2026-08-11T01:43:06.687727+00:00
MVNO,LGU+,KG모바일,31120,31120,official_code,"[KG모바일 스페셜2] 통화, 데이터 마음대로 100GB+",,moyo,True,,,LTE,100.0,,100.0,False,5Mbps,,,,,unsupported,True,,,True,,47300,16900,모요 프로모션 할인,7,2,0,,,,,"네이버페이 10,000원 | 일반 유심/배송비 무료",17220,https://www.moyoplan.com/plans/31120,2026-08-11T01:43:06.687727+00:00
MVNO,LGU+,이야기모바일,18145,18145,official_code,이야기 라이트 4.5GB+,,moyo,True,,,LTE,4.5,,4.5,False,1Mbps,,,,,unsupported,True,,,True,,18700,10,모요 프로모션 할인,6,1,0,,,,,"네이버페이 5,000원",10550,https://www.moyoplan.com/plans/18145,2026-08-11T01:43:06.687727+00:00
MVNO,LGU+,인스모바일,36693,36693,official_code,인스 유심 스피드(5G) 95GB+,,moyo,True,,,5G,95.0,,95.0,False,3Mbps,,,,,undisclosed,True,,,True,,47740,10340,모요 프로모션 할인,7,0,0,,,,,,299,https://www.moyoplan.com/plans/36693,2026-08-11T01:43:06.687727+00:00
MVNO,LGU+,LG헬로모바일,32401,32401,official_code,쿠폰팩 유심 10GB,,moyo,True,,,LTE,10.0,,10.0,False,1Mbps,,,,,unsupported,True,,,True,,21300,1300,모요 프로모션 페이백/할인,7,3,0,,,,,네이버페이 매달 2만원 페이백(7개월) | 갤럭시 자급제 이벤트 신세계상품권 10만원 | 쿠폰팩 24개월(5천원*24개월),153,https://www.moyoplan.com/plans/32401,2026-08-11T01:43:06.687727+00:00
MVNO,LGU+,인스모바일,27457,27457,official_code,인스 유심 스트롱 100GB+,,moyo,True,,,LTE,100.0,,100.0,False,5Mbps,,,,,undisclosed,True,,,True,,47000,14550,모요 프로모션 할인,7,0,0,,,,,,14891,https://www.moyoplan.com/plans/27457,2026-08-11T01:43:06.687727+00:00
MVNO,LGU+,티플러스,36648,36648,official_code,5G 티플온 125GB+,,moyo,True,,,5G,125.0,,125.0,False,5Mbps,,,,,unsupported,True,,,True,,55000,13900,모요 프로모션 할인,7,0,0,,,,,,1522,https://www.moyoplan.com/plans/36648,2026-08-11T01:43:06.687727+00:00
MVNO,SKT,이야기모바일,13977,13977,official_code,함께이야기해S(300분+20GB),,moyo,True,,,LTE,20.0,,20.0,False,,,,,,unsupported,False,300,,False,200,19800,11000,모요 프로모션 할인,12,1,0,,,,,"네이버페이 5,000원",184,https://www.moyoplan.com/plans/13977,2026-08-11T01:43:06.687727+00:00
MVNO,LGU+,모나,36991,36991,official_code,[모요only] 5G_신한카드_기본150G안심5,,moyo,True,,,5G,150.0,,150.0,False,5Mbps,,,,,undisclosed,True,,,True,,62700,22900,모요 프로모션 할인,24,1,0,,,,,NFC 유심 무료 제공,771,https://www.moyoplan.com/plans/36991,2026-08-11T01:43:06.687727+00:00
MVNO,LGU+,LG헬로모바일,18702,18702,official_code,5G 유심 중간요금제 31GB,,moyo,True,,,5G,31.0,,31.0,False,1Mbps,,,,,undisclosed,True,,,True,,39600,9600,모요 프로모션 페이백/할인,7,4,1,구글 AI프로+도미노피자 할인쿠폰,,,"헬로모바일 결합시, 추가 데이터 10GB 증정",네이버페이 매달 3만원 페이백(7개월) | 갤럭시 자급제 이벤트 신세계상품권 10만원,189,https://www.moyoplan.com/plans/18702,2026-08-11T01:43:06.687727+00:00
MVNO,LGU+,모나,35526,35526,official_code,5G_모나300분15G안심1,,moyo,True,,,5G,15.0,,15.0,False,1Mbps,,,,,unsupported,False,300,,False,300,42350,5500,모요 프로모션 할인,12,2,0,,,,,NFC 유심 무료 제공 | 4대 편의점 최대 10.1%적립,1236,https://www.moyoplan.com/plans/35526,2026-08-11T01:43:06.687727+00:00
MVNO,LGU+,모나,36990,36990,official_code,[모요only] 5G_신한카드_기본125G안심5,,moyo,True,,,5G,125.0,,125.0,False,5Mbps,,,,,undisclosed,True,,,True,,57200,22800,모요 프로모션 할인,24,1,0,,,,,NFC 유심 무료 제공,884,https://www.moyoplan.com/plans/36990,2026-08-11T01:43:06.687727+00:00
MVNO,KT,KT엠모바일,37140,37140,official_code,모두다 맘껏 안심 20GB+,,moyo,True,,,LTE,20.0,,20.0,False,400Kbps,,,,,undisclosed,True,,,True,,16400,16400,,,2,0,,,,,M마켓 포인트 16만원 (2만 X 8개월) | 삼성 자급제 이벤트 M마켓 포인트 10만원,509,https://www.moyoplan.com/plans/37140,2026-08-11T01:43:06.687727+00:00
MVNO,LGU+,인스모바일,23975,23975,official_code,인스 유심 스트롱 11GB+,,moyo,True,,,LTE,11.0,,11.0,False,3Mbps,2.0,,,,undisclosed,True,,,True,,39000,8750,모요 프로모션 할인,7,0,0,,,,,,51207,https://www.moyoplan.com/plans/23975,2026-08-11T01:43:06.687727+00:00
MVNO,LGU+,시월모바일,34892,34892,official_code,[모요only] 두해 통화기본11GB+매일2GB,,moyo,True,,,LTE,11.0,,11.0,False,3Mbps,2.0,,,,undisclosed,True,,,True,,39600,22300,모요 프로모션 할인,24,1,0,,,,,유심/배송비 무료!,71,https://www.moyoplan.com/plans/34892,2026-08-11T01:43:06.687727+00:00
MVNO,LGU+,U+유모바일,31034,31034,official_code,[평생할인] 100GB+/통화기본,,moyo,True,,,LTE,100.0,,100.0,False,5Mbps,,11.0,,11.0,quota,True,,300,True,,38200,38200,,,2,0,,,,"우리결합시, 데이터 20GB 추가 증정",12만원 혜택(매월 이마트24 5천원),24655,https://www.moyoplan.com/plans/31034,2026-08-11T01:43:06.687727+00:00
MVNO,LGU+,이야기모바일,37146,37146,official_code,5G 이야기 완전 무제한 125GB+,,moyo,True,,,5G,125.0,,125.0,False,5Mbps,,,,,unsupported,True,,,True,,46200,13200,모요 프로모션 할인,7,2,0,,,,,"네이버페이 5,000원 | 링키드 포인트 15,000P 지급",147,https://www.moyoplan.com/plans/37146,2026-08-11T01:43:06.687727+00:00
MVNO,LGU+,찬스모바일,37421,37421,official_code,CHM_5G 음성기본 맥스150GB+,,moyo,True,,,5G,150.0,,150.0,False,5Mbps,,,,,undisclosed,True,,,True,,62700,21400,모요 프로모션 할인,12,0,0,,,,,,40,https://www.moyoplan.com/plans/37421,2026-08-11T01:43:06.687727+00:00
MVNO,KT,KT엠모바일,37133,37133,official_code,통화 맘껏 10GB,,moyo,True,,,LTE,10.0,,10.0,False,,,,,,undisclosed,True,,,True,,10400,10400,,,2,0,,,,,M마켓 포인트 12만원 (1.5만 X 8개월) | 삼성 자급제 이벤트 M마켓 포인트 10만원,289,https://www.moyoplan.com/plans/37133,2026-08-11T01:43:06.687727+00:00
MVNO,LGU+,이야기모바일,15079,15079,official_code,5G이야기 스페셜 150GB+,,moyo,True,,,5G,150.0,,150.0,False,5Mbps,,,,,unsupported,True,,,True,,48400,25850,모요 프로모션 할인,24,1,0,,,,,"네이버페이 5,000원",403,https://www.moyoplan.com/plans/15079,2026-08-11T01:43:06.687727+00:00
MVNO,KT,고고모바일,31772,31772,official_code,[모요only] 5G 200분/20GB,,moyo,True,,,5G,20.0,,20.0,False,,,,,,within_data,False,200,,False,100,29700,100,모요 프로모션 할인,7,2,0,,,,,"3대 마트 상품권, 네이버페이 2만원 | KT유심&배송비 무료",8037,https://www.moyoplan.com/plans/31772,2026-08-11T01:43:06.687727+00:00
MVNO,KT,핀다이렉트,35834,35834,official_code,[모요only] [K] 핀다이렉트Z Max (100GB)(12) _PIN,,moyo,True,,신규 가입을 받지 않는 통신사입니다. 사용 중인 번호 그대로 통신사만 이동할 분들만 가입이 가능해요.,LTE,100.0,,100.0,False,5Mbps,,,,,unsupported,True,,,True,,42900,24000,모요 프로모션 할인,12,3,0,,,,KT 데이터 결합 (추가데이터 20GB),"네이버페이, 마트 상품권 2만원 | 데이터 로밍 3일 무료 쿠폰",26964,https://www.moyoplan.com/plans/35834,2026-08-11T01:43:06.687727+00:00
MVNO,LGU+,슈가모바일,24543,24543,official_code,Sugar 통화마음대로 5GB+,,moyo,True,,번호이동은(쓰던 번호 그대로 개통) 현재 통신사를 90일 이상 사용한 경우에만 가능해요.,LTE,5.0,,5.0,False,1Mbps,,,,,undisclosed,True,,,True,,19500,10,모요 프로모션 할인,6,1,0,,,,,개통완료 시 유심/배송비 무료 1개,2837,https://www.moyoplan.com/plans/24543,2026-08-11T01:43:06.687727+00:00
MVNO,KT,KT엠모바일,36965,36965,official_code,모두다 맘껏 15GB+(밀리의 서재 FREE),,moyo,True,,,LTE,15.0,,15.0,False,1Mbps,,,,,within_data,True,,300,True,,21500,21500,,,5,1,밀리의서재,,,LTE 데이터 추가제공 10GB(24개월) | 아무나SOLO 결합 데이터 10GB 추가 제공,M마켓 포인트 18만원 (2만원 X 9개월) | 3대 마트 + 네이버페이 포인트 2만원,5459,https://www.moyoplan.com/plans/36965,2026-08-11T01:43:06.687727+00:00
MVNO,LGU+,LG헬로모바일,32402,32402,official_code,쿠폰팩 유심 15GB,,moyo,True,,,LTE,15.0,,15.0,False,1Mbps,,,,,unsupported,True,,,True,,23350,3350,모요 프로모션 페이백/할인,7,3,0,,,,,네이버페이 매달 2만원 페이백(7개월) | 갤럭시 자급제 이벤트 신세계상품권 10만원 | 쿠폰팩 24개월(5천원*24개월),1580,https://www.moyoplan.com/plans/32402,2026-08-11T01:43:06.687727+00:00
MVNO,KT,티플러스,33129,33129,official_code,5G 가성비플러스(30GB/350분),,moyo,True,,,5G,30.0,,30.0,False,,,,,,unsupported,False,350,,False,100,39600,4900,모요 프로모션 할인,7,2,0,,,,,마트 상품권/네이버페이 1만원 증정,1938,https://www.moyoplan.com/plans/33129,2026-08-11T01:43:06.687727+00:00
MVNO,LGU+,이야기모바일,11741,11741,official_code,[모요only] 모두이야기해 6GB+,,moyo,True,,,LTE,6.0,,6.0,False,1Mbps,,,,,unsupported,False,200,,False,100,12100,0,모요 프로모션 페이백/할인,6,1,0,,,,,네이버페이 매달 5천원 페이백 (6개월),638,https://www.moyoplan.com/plans/11741,2026-08-11T01:43:06.687727+00:00
MVNO,KT,티플러스,36614,36614,official_code,티플 일5G＋(밀리의서재),,moyo,True,,,LTE,,,,False,5Mbps,5.0,,,,unsupported,True,,,True,,55000,13500,모요 프로모션 할인,7,2,1,밀리의서재,,,,마트 상품권/네이버페이 1만원 증정,1465,https://www.moyoplan.com/plans/36614,2026-08-11T01:43:06.687727+00:00
MVNO,LGU+,LG헬로모바일,11197,11197,official_code,보편 안심 유심 1GB 100분,,moyo,True,,,LTE,1.0,,1.0,False,1Mbps,,,,,undisclosed,False,100,,False,100,7900,2900,모요 프로모션 페이백/할인,7,4,2,구글 AI프로+도미노피자 할인쿠폰 | 토스미·오픽미 AI 모의고사,,,,네이버페이 매달 5천원 페이백(7개월) | 프레딧 쿠폰 2만원(5천원*4개월),164,https://www.moyoplan.com/plans/11197,2026-08-11T01:43:06.687727+00:00
MVNO,KT,고고모바일,24201,24201,official_code,[모요only] 5G 200분/15GB,,moyo,True,,,5G,15.0,,15.0,False,,,,,,within_data,False,200,,False,100,26400,10,모요 프로모션 할인,7,2,0,,,,,"3대 마트 상품권, 네이버페이 2만원 | KT유심&배송비 무료",36503,https://www.moyoplan.com/plans/24201,2026-08-11T01:43:06.687727+00:00
MVNO,LGU+,U+유모바일,26294,26294,official_code,[평생할인] 5G 10GB/통화기본,,moyo,True,,,5G,10.0,,10.0,False,,,,,,within_data,True,,50,True,,12500,12500,,,1,0,,,,,매달 hy 금액권 1만원(12만),1685,https://www.moyoplan.com/plans/26294,2026-08-11T01:43:06.687727+00:00
MVNO,LGU+,찬스모바일,34808,34808,official_code,음성기본 11GB+일 2GB+_24개월,,moyo,True,,,LTE,11.0,,11.0,False,3Mbps,2.0,11.0,,11.0,quota,True,,300,True,,38500,25410,모요 프로모션 할인,24,0,0,,,,,,160,https://www.moyoplan.com/plans/34808,2026-08-11T01:43:06.687727+00:00
MVNO,LGU+,LG헬로모바일,18704,18704,official_code,5G 유심 중간요금제 80GB,,moyo,True,,,5G,80.0,,80.0,False,1Mbps,,,,,undisclosed,True,,,True,,42680,12680,모요 프로모션 페이백/할인,7,4,1,구글 AI프로+도미노피자 할인쿠폰,,,"헬로모바일 결합시, 추가 데이터 10GB 증정",네이버페이 매달 3만원 페이백(7개월) | 갤럭시 자급제 이벤트 신세계상품권 10만원,62,https://www.moyoplan.com/plans/18704,2026-08-11T01:43:06.687727+00:00
MVNO,LGU+,슈가모바일,35515,35515,official_code,5G Sugar 세이브+(300분/15GB),,moyo,True,,번호이동은(쓰던 번호 그대로 개통) 현재 통신사를 90일 이상 사용한 경우에만 가능해요.,5G,15.0,,15.0,False,1Mbps,,,,,undisclosed,False,300,,False,300,32540,990,모요 프로모션 할인,6,1,0,,,,,개통완료 시 유심/배송비 무료 1개,3320,https://www.moyoplan.com/plans/35515,2026-08-11T01:43:06.687727+00:00
MVNO,KT,이지모바일,37096,37096,official_code,[모요only] [5G]EG 무제한 110GB+5M,,moyo,True,,,5G,110.0,,110.0,False,1Mbps,,,,,undisclosed,True,,,True,,51700,16900,모요 프로모션 할인,7,0,0,,,,,,1071,https://www.moyoplan.com/plans/37096,2026-08-11T01:43:06.687727+00:00
MVNO,KT,티플러스,31007,31007,official_code,5G 가성비플러스(10GB/350분)_평생요금,,moyo,True,,,5G,10.0,,10.0,False,,,,,,unsupported,False,350,,False,100,3900,3900,,,2,0,,,,,마트 상품권/네이버페이 1만원 증정,1152,https://www.moyoplan.com/plans/31007,2026-08-11T01:43:06.687727+00:00
MVNO,LGU+,U+유모바일,26271,26271,official_code,[평생할인] 1.5GB/통화기본,,moyo,True,,,LTE,1.5,,1.5,False,,,,,,within_data,True,,50,True,,5900,5900,,,1,0,,,,,매달 hy 금액권 1만원(12만),2262,https://www.moyoplan.com/plans/26271,2026-08-11T01:43:06.687727+00:00
MVNO,LGU+,이지모바일,33071,33071,official_code,이지 데이터 7GB,,moyo,True,,,LTE,7.0,,7.0,False,,,,,,unsupported,False,300,,False,100,17050,10,모요 프로모션 할인,6,1,0,,,,,일반유심/배송비 무료,1053,https://www.moyoplan.com/plans/33071,2026-08-11T01:43:06.687727+00:00
MVNO,LGU+,KG모바일,36209,36209,official_code,[일반] 데이터 마음대로 (5GB+/100분)_12개월,,moyo,True,,,LTE,5.0,,5.0,False,1Mbps,,,,,unsupported,False,100,,False,100,17200,100,모요 프로모션 할인,12,0,0,,,,,,2434,https://www.moyoplan.com/plans/36209,2026-08-11T01:43:06.687727+00:00
MVNO,LGU+,시월모바일,37404,37404,official_code,[모요only] 두해5G 통화기본95GB+ 유심비ZERO(일반),,moyo,True,,,5G,95.0,,95.0,False,3Mbps,,,,,undisclosed,True,,,True,,50600,22200,모요 프로모션 할인,24,1,0,,,,,유심/배송비 무료!,60,https://www.moyoplan.com/plans/37404,2026-08-11T01:43:06.687727+00:00
MVNO,KT,KT스카이라이프,13784,13784,official_code,통화 충분 6.5GB,,moyo,True,,,LTE,6.5,,6.5,False,,,,,,within_data,True,,30,True,,10900,10900,,,2,0,,,,,"S-머니3만원(5천원X6개월) | 3대마트상품권, 네이버페이 2만원",453,https://www.moyoplan.com/plans/13784,2026-08-11T01:43:06.687727+00:00
MVNO,LGU+,이지모바일,36674,36674,official_code,오래쓰는 All 무제한,,moyo,True,,,LTE,11.0,,11.0,False,3Mbps,2.0,11.0,,11.0,quota,True,,300,True,,39600,22440,모요 프로모션 할인,12,0,0,,,,,,128,https://www.moyoplan.com/plans/36674,2026-08-11T01:43:06.687727+00:00
MVNO,KT,이지모바일,33046,33046,official_code,EG 12무제한 100G+5(CU할인),,moyo,True,,,LTE,100.0,,100.0,False,5Mbps,,100.0,,100.0,quota,True,,300,True,,44550,26800,모요 프로모션 할인,12,1,0,,,,,일반유심/배송비 무료,443,https://www.moyoplan.com/plans/33046,2026-08-11T01:43:06.687727+00:00
MVNO,KT,티플러스,35812,35812,official_code,완전마음껏 100GB＋＋(CU 20%)_12개월할인,,moyo,True,,,LTE,100.0,,100.0,False,5Mbps,,,,,unsupported,True,,,True,,48400,23900,모요 프로모션 할인,12,3,0,,,,,마트 상품권/네이버페이 1만원 증정 | CU 오프라인 점포 결제시 20% 할인 제공,162,https://www.moyoplan.com/plans/35812,2026-08-11T01:43:06.687727+00:00
MVNO,KT,KT엠모바일,37136,37136,official_code,통화 맘껏 25GB,,moyo,True,,,LTE,25.0,,25.0,False,,,,,,undisclosed,True,,,True,,16400,16400,,,2,0,,,,,M마켓 포인트 16만원 (2만 X 8개월) | 삼성 자급제 이벤트 M마켓 포인트 10만원,169,https://www.moyoplan.com/plans/37136,2026-08-11T01:43:06.687727+00:00
MVNO,LGU+,티플러스,36649,36649,official_code,5G 티플온 150GB+_평생 할인,,moyo,True,,,5G,150.0,,150.0,False,5Mbps,,,,,unsupported,True,,,True,,27400,27400,,,0,0,,,,,,4737,https://www.moyoplan.com/plans/36649,2026-08-11T01:43:06.687727+00:00
MVNO,KT,KT스카이라이프,6073,6073,official_code,스마트 데이터 충분 10GB+,,moyo,True,,,LTE,10.0,,10.0,False,200Kbps,,,,,undisclosed,False,0,,False,0,10800,10800,,,0,0,,,,,,285,https://www.moyoplan.com/plans/6073,2026-08-11T01:43:06.687727+00:00
MVNO,KT,티플러스,33127,33127,official_code,5G 가성비플러스(20GB/350분),,moyo,True,,,5G,20.0,,20.0,False,,,,,,unsupported,False,350,,False,100,29700,100,모요 프로모션 할인,7,2,0,,,,,마트 상품권/네이버페이 1만원 증정,4454,https://www.moyoplan.com/plans/33127,2026-08-11T01:43:06.687727+00:00
MVNO,LGU+,티플러스,35512,35512,official_code,5G 티플 10GB＋(300분),,moyo,True,,,5G,10.0,,10.0,False,1Mbps,,,,,unsupported,False,300,,False,100,24200,10,모요 프로모션 할인,6,0,0,,,,,,1027,https://www.moyoplan.com/plans/35512,2026-08-11T01:43:06.687727+00:00
MVNO,LGU+,KG모바일,26316,26316,official_code,[모빌카드 스페셜] 유심 5G 95GB+,,moyo,True,,,5G,95.0,,95.0,False,3Mbps,,,,,unsupported,True,,,True,,49500,14000,모요 프로모션 할인,7,1,0,,,,,일반 유심/배송비 무료,706,https://www.moyoplan.com/plans/26316,2026-08-11T01:43:06.687727+00:00
MVNO,KT,KT엠모바일,37142,37142,official_code,모두다 맘껏 안심 30GB+,,moyo,True,,,LTE,30.0,,30.0,False,400Kbps,,,,,undisclosed,True,,,True,,20400,20400,,,2,0,,,,,M마켓 포인트 16만원 (2만 X 8개월) | 삼성 자급제 이벤트 M마켓 포인트 10만원,243,https://www.moyoplan.com/plans/37142,2026-08-11T01:43:06.687727+00:00
MVNO,LGU+,시월모바일,34866,34866,official_code,두해 통화기본15GB+,,moyo,True,,,LTE,15.0,,15.0,False,1Mbps,,,,,unsupported,True,,300,True,,31980,13280,모요 프로모션 할인,24,1,0,,,,,유심/배송비 무료!,399,https://www.moyoplan.com/plans/34866,2026-08-11T01:43:06.687727+00:00
MVNO,KT,핀다이렉트,37422,37422,official_code,[모요only] [K] 핀다이렉트 Speed 10GB/200분,,moyo,True,,신규 가입을 받지 않는 통신사입니다. 사용 중인 번호 그대로 통신사만 이동할 분들만 가입이 가능해요.,5G,10.0,,10.0,False,,,,,,undisclosed,False,200,,False,100,9900,10,모요 프로모션 할인,7,0,0,,,,,,8084,https://www.moyoplan.com/plans/37422,2026-08-11T01:43:06.687727+00:00
MVNO,KT,고고모바일,27771,27771,official_code,[모요only] 무제한 11GB+3M(매월 네이버페이5000P),,moyo,True,,,LTE,11.0,,11.0,False,3Mbps,2.0,,,,undisclosed,True,,,True,,40700,14000,모요 프로모션 페이백/할인,7,3,0,,,,,"네이버페이 매달 5천원 페이백(7개월) | 네이버페이 매월 5,000P 제공 | 마트상품권, 네이버페이 최대 2만원",224,https://www.moyoplan.com/plans/27771,2026-08-11T01:43:06.687727+00:00
MVNO,LGU+,슈가모바일,33514,33514,official_code,5G Sugar 실속(500분/10GB),,moyo,True,,번호이동은(쓰던 번호 그대로 개통) 현재 통신사를 90일 이상 사용한 경우에만 가능해요.,5G,10.0,,10.0,False,,,,,,undisclosed,False,500,,False,100,5500,5500,,,1,0,,,,,개통완료 시 유심/배송비 무료 1개,406,https://www.moyoplan.com/plans/33514,2026-08-11T01:43:06.687727+00:00
MVNO,LGU+,모나,36680,36680,official_code,5G_모나300분15G,,moyo,True,,,5G,15.0,,15.0,False,,,,,,unsupported,False,300,,False,300,36300,10,모요 프로모션 할인,6,2,0,,,,,NFC 유심 무료 제공 | 4대 편의점 최대 10.1%적립,1537,https://www.moyoplan.com/plans/36680,2026-08-11T01:43:06.687727+00:00
MVNO,KT,티플러스,37418,37418,official_code,완전마음껏 100GB++(CU 20%)_24개월할인,,moyo,True,,,LTE,100.0,,100.0,False,5Mbps,,,,,unsupported,True,,,True,,48400,27900,모요 프로모션 할인,24,1,0,,,,,CU 오프라인 점포 결제시 20% 할인 제공,70,https://www.moyoplan.com/plans/37418,2026-08-11T01:43:06.687727+00:00
MVNO,LGU+,이지모바일,34032,34032,official_code,이지 오래쓰는 데이터 10GB+1/100분,,moyo,True,,,LTE,10.0,,10.0,False,1Mbps,,,,,undisclosed,False,100,,False,100,19800,2750,모요 프로모션 할인,12,1,0,,,,,일반유심/배송비 무료,311,https://www.moyoplan.com/plans/34032,2026-08-11T01:43:06.687727+00:00
MVNO,LGU+,LG헬로모바일,36266,36266,official_code,[혜택형] 5G 유심 중간요금제 125GB,,moyo,True,,,5G,125.0,,125.0,False,5Mbps,,,,,undisclosed,True,,,True,,43000,28000,모요 프로모션 페이백/할인,24,3,0,,,,,네이버페이 매달 1.5만원 페이백(24개월) | 갤럭시 자급제 이벤트 신세계상품권 10만원 | 프레딧 쿠폰 2만원(5천원*4개월),451,https://www.moyoplan.com/plans/36266,2026-08-11T01:43:06.687727+00:00
MVNO,KT,쉐이크모바일,27836,27836,official_code,[모요only] 쉐이크 LTE 100GB+_밀리의서재,,moyo,True,,,LTE,100.0,,100.0,False,5Mbps,,,,,within_data,True,,300,True,,45100,23500,모요 프로모션 할인,12,5,1,밀리의서재,,,SOLO결합(+20GB) | 데이터쿠폰 20GB,"매월 1천원 요금할인 (팝테일 가입·인증) | 마트상품권, 네이버페이 최대 2만원",11989,https://www.moyoplan.com/plans/27836,2026-08-11T01:43:06.687727+00:00
MVNO,LGU+,찬스모바일,31761,31761,official_code,음성기본 4.5GB+,,moyo,True,,,LTE,4.5,,4.5,False,1Mbps,,4.5,,4.5,quota,True,,300,True,,16390,10,모요 프로모션 할인,6,1,0,,,,,유심/배송비 무료,8238,https://www.moyoplan.com/plans/31761,2026-08-11T01:43:06.687727+00:00
MVNO,SKT,이야기모바일,12283,12283,official_code,내맘대로S(200+5GB),,moyo,True,,,LTE,5.0,,5.0,False,,,,,,unsupported,False,200,,False,200,4800,10,모요 프로모션 할인,12,1,0,,,,,"네이버페이 5,000원",555,https://www.moyoplan.com/plans/12283,2026-08-11T01:43:06.687727+00:00
MVNO,KT,KT스카이라이프,12429,12429,official_code,슬림 1.5GB/150분,,moyo,True,,,LTE,1.5,,1.5,False,,,,,,within_data,False,150,30,False,150,3900,3900,,,0,0,,,,,,994,https://www.moyoplan.com/plans/12429,2026-08-11T01:43:06.687727+00:00
MVNO,KT,고고모바일,24012,24012,official_code,[모요only] LTE 무제한 100GB+5M(CU20%할인),,moyo,True,,,LTE,100.0,,100.0,False,5Mbps,,,,,within_data,True,,300,True,,43450,15300,모요 프로모션 할인,7,4,0,,,,추가데이터 20GB 제공,"3대 마트 상품권, 네이버페이 2만원 | CU 20% 오프라인 결제할인 | KT유심&배송비 무료",2808,https://www.moyoplan.com/plans/24012,2026-08-11T01:43:06.687727+00:00
MVNO,LGU+,U+유모바일,26290,26290,official_code,[평생할인] 5G 2GB/통화기본,,moyo,True,,,5G,2.0,,2.0,False,,,,,,within_data,True,,50,True,,6000,6000,,,0,0,,,,,,1183,https://www.moyoplan.com/plans/26290,2026-08-11T01:43:06.687727+00:00
MVNO,LGU+,마블링,35324,35324,official_code,[모요only] 마블링 무제한 11GB+,,moyo,True,,신규가입 시 본인확인 해피콜과 본인입증서류 제출을 요청 드릴 수 있습니다.,LTE,11.0,,11.0,False,3Mbps,2.0,11.0,,11.0,quota,True,,300,True,,38900,18900,모요 프로모션 할인,12,1,0,,,,,일반유심/배송비 무료,16800,https://www.moyoplan.com/plans/35324,2026-08-11T01:43:06.687727+00:00
MVNO,LGU+,찬스모바일,36255,36255,official_code,5G 음성기본 125GB+5Mbps_24개월,,moyo,True,,,5G,125.0,,125.0,False,5Mbps,,,,,undisclosed,True,,,True,,55000,22750,모요 프로모션 할인,24,1,0,,,,,유심/배송비 무료,203,https://www.moyoplan.com/plans/36255,2026-08-11T01:43:06.687727+00:00
MVNO,SKT,이야기모바일,20321,20321,official_code,함께이야기해S(100분+15GB),,moyo,True,,,LTE,15.0,,15.0,False,,,,,,unsupported,False,100,,False,150,14850,7700,모요 프로모션 할인,12,1,0,,,,,"네이버페이 5,000원",433,https://www.moyoplan.com/plans/20321,2026-08-11T01:43:06.687727+00:00
MVNO,KT,핀다이렉트,35833,35833,official_code,[모요only] [K] 핀다이렉트Z + 밀리의서재(12) _PIN,,moyo,True,,신규 가입을 받지 않는 통신사입니다. 사용 중인 번호 그대로 통신사만 이동할 분들만 가입이 가능해요.,LTE,11.0,,11.0,False,3Mbps,2.0,,,,unsupported,True,,,True,,39600,22000,모요 프로모션 할인,12,2,1,밀리의서재,,,,"네이버페이, 마트 상품권 2만원",674,https://www.moyoplan.com/plans/35833,2026-08-11T01:43:06.687727+00:00
MVNO,LGU+,모나,26356,26356,official_code,모나500분6G,,moyo,True,,,LTE,6.0,,6.0,False,,,,,,within_data,False,500,,False,200,29700,10,모요 프로모션 할인,12,2,0,,,,,NFC 유심 무료 제공 | 4대 편의점 최대 10.1%적립,1129,https://www.moyoplan.com/plans/26356,2026-08-11T01:43:06.687727+00:00
MVNO,KT,핀다이렉트,30953,30953,official_code,[모요only] [K] 핀다이렉트Z 11GB+(네이버페이) _PIN,,moyo,True,,신규 가입을 받지 않는 통신사입니다. 사용 중인 번호 그대로 통신사만 이동할 분들만 가입이 가능해요.,LTE,11.0,,11.0,False,3Mbps,2.0,,,,unsupported,True,,,True,,39000,13000,모요 프로모션 페이백/할인,7,3,0,,,,,"네이버페이 매달 5천원 페이백 (평생) | 네이버페이 5,000P 매월 평생 제공 | 네이버페이, 마트 상품권 2만원",189,https://www.moyoplan.com/plans/30953,2026-08-11T01:43:06.687727+00:00
MVNO,LGU+,모나,37158,37158,official_code,5G_신한카드_기본95G안심3,,moyo,True,,,5G,95.0,,95.0,False,3Mbps,,,,,undisclosed,True,,,True,,55000,22550,모요 프로모션 할인,24,0,0,,,,,,43,https://www.moyoplan.com/plans/37158,2026-08-11T01:43:06.687727+00:00
MVNO,LGU+,티플러스,23771,23771,official_code,티플 가성비(300분/6GB)_평생요금,,moyo,True,,,LTE,6.0,,6.0,False,,,,,,undisclosed,False,300,,False,300,1900,1900,,,0,0,,,,,,55848,https://www.moyoplan.com/plans/23771,2026-08-11T01:43:06.687727+00:00
MVNO,LGU+,모나,36651,36651,official_code,코나아이데이터10G(+10G)+1M,,moyo,True,,,LTE,20.0,,20.0,False,1Mbps,,,,,unsupported,True,,,True,,16990,16990,,,3,0,,,,추가 데이터 10G 24개월 제공,NFC 유심 무료 제공 | 4대 편의점 최대 10.1%적립,615,https://www.moyoplan.com/plans/36651,2026-08-11T01:43:06.687727+00:00
MVNO,LGU+,티플러스,35513,35513,official_code,5G 티플 5GB＋(통화기본),,moyo,True,,,5G,5.0,,5.0,False,1Mbps,,,,,unsupported,True,,,False,100,18150,10,모요 프로모션 할인,7,0,0,,,,,,1688,https://www.moyoplan.com/plans/35513,2026-08-11T01:43:06.687727+00:00
MVNO,KT,쉐이크모바일,29223,29223,official_code,"[모요only] 쉐이크 LTE 100GB+_다이소 매 월 5,000원",,moyo,True,,,LTE,100.0,,100.0,False,5Mbps,,,,,within_data,True,,300,True,,47300,25500,모요 프로모션 할인,12,5,0,,,,SOLO결합(+20GB) | 데이터쿠폰 20GB,"매월 1천원 요금할인 (팝테일 가입·인증) | 마트상품권, 네이버페이 최대 2만원 | 다이소 매월 5,000원 제공",362,https://www.moyoplan.com/plans/29223,2026-08-11T01:43:06.687727+00:00
MVNO,KT,KT엠모바일,36966,36966,official_code,모두다 맘껏 11GB+(밀리의 서재 FREE),,moyo,True,,,LTE,11.0,,11.0,False,3Mbps,2.0,,,,undisclosed,True,,,True,,33100,33100,,,2,1,밀리의서재,,,,M마켓 포인트 16만원 (2만 X 8개월),5228,https://www.moyoplan.com/plans/36966,2026-08-11T01:43:06.687727+00:00
MVNO,LGU+,U+유모바일,26280,26280,official_code,[평생할인] 9GB/3000분,,moyo,True,,,LTE,9.0,,9.0,False,,,,,,within_data,False,3000,,False,1000,12500,12500,,,0,0,,,,,,55,https://www.moyoplan.com/plans/26280,2026-08-11T01:43:06.687727+00:00
MVNO,KT,KT엠모바일,36972,36972,official_code,5G 모두다 맘껏 안심 10GB+,,moyo,True,,,5G,10.0,,10.0,False,400Kbps,,,,,undisclosed,True,,,True,,14900,14900,,,2,0,,,,,M마켓 포인트 12만원 (1.5만 X 8개월) | 삼성 자급제 이벤트 M마켓 포인트 10만원,1388,https://www.moyoplan.com/plans/36972,2026-08-11T01:43:06.687727+00:00
MVNO,LGU+,스마텔,28094,28094,official_code,스마트 15GB+ (24개월),,moyo,True,,신규 가입을 받지 않는 통신사입니다. 사용 중인 번호 그대로 통신사만 이동할 분들만 가입이 가능해요.,LTE,15.0,,15.0,False,1Mbps,,,,,undisclosed,True,,,True,,25410,16000,모요 프로모션 할인,24,0,0,,,,,,257,https://www.moyoplan.com/plans/28094,2026-08-11T01:43:06.687727+00:00
MVNO,KT,KT엠모바일,36969,36969,official_code,모두다 맘껏 100GB+(CU 20%할인),,moyo,True,,,LTE,100.0,,100.0,False,5Mbps,,,,,undisclosed,True,,,True,,38200,38200,,,2,0,,,,,M마켓 포인트 16만원 (2만 X 8개월) | 삼성 자급제 이벤트 M마켓 포인트 10만원,6980,https://www.moyoplan.com/plans/36969,2026-08-11T01:43:06.687727+00:00
MVNO,LGU+,이야기모바일,36627,36627,official_code,NH콕 이야기 15GB+,,moyo,True,,,LTE,15.0,,15.0,False,3Mbps,,,,,unsupported,False,100,,False,100,29700,15400,모요 프로모션 할인,12,1,0,,,,,"네이버페이 5,000원",18387,https://www.moyoplan.com/plans/36627,2026-08-11T01:43:06.687727+00:00
MVNO,LGU+,이야기모바일,17602,17602,official_code,5G 이야기스페셜 125GB+,,moyo,True,,,5G,125.0,,125.0,False,5Mbps,,,,,unsupported,True,,,True,,46200,24750,모요 프로모션 할인,24,1,0,,,,,"네이버페이 5,000원",589,https://www.moyoplan.com/plans/17602,2026-08-11T01:43:06.687727+00:00
MVNO,KT,KT스카이라이프,23913,23913,official_code,통화 충분 20GB,,moyo,True,,,LTE,20.0,,20.0,False,,,,,,within_data,True,,30,True,,20100,20100,,,2,0,,,,,"S-머니3만원(5천원X6개월) | 3대마트상품권, 네이버페이 2만원",355,https://www.moyoplan.com/plans/23913,2026-08-11T01:43:06.687727+00:00
MVNO,KT,쉐이크모바일,31865,31865,official_code,[모요only] 쉐이크핫딜 LTE 100GB+_모아진 전자 구독,,moyo,True,,,LTE,100.0,,100.0,False,5Mbps,,,,,undisclosed,True,,,True,,49500,15900,모요 프로모션 할인,7,2,1,모아진(전자잡지) 무료 구독권,,,,매월 1천원 요금할인 (팝테일 가입·인증),341,https://www.moyoplan.com/plans/31865,2026-08-11T01:43:06.687727+00:00
MVNO,KT,KT엠모바일,36970,36970,official_code,5G 통화 맘껏 3GB,,moyo,True,,,5G,3.0,,3.0,False,,,,,,undisclosed,True,,,True,,6400,6400,,,2,0,,,,,삼성 자급제 이벤트 M마켓 포인트 10만원 | M마켓 포인트 6만원 (1만원 X 6개월),1364,https://www.moyoplan.com/plans/36970,2026-08-11T01:43:06.687727+00:00
MVNO,KT,티플러스,35806,35806,official_code,완전마음껏 100GB＋＋(밀리의서재)_12개월할인,,moyo,True,,,LTE,100.0,,100.0,False,5Mbps,,,,,unsupported,True,,,True,,48400,23900,모요 프로모션 할인,12,3,1,밀리의서재,,,,마트 상품권/네이버페이 1만원 증정,134,https://www.moyoplan.com/plans/35806,2026-08-11T01:43:06.687727+00:00
MVNO,LGU+,티플러스,26804,26804,official_code,가성비플러스(10GB/350분),,moyo,True,,,LTE,10.0,,10.0,False,,,,,,unsupported,False,350,,False,100,15400,10,모요 프로모션 할인,10,0,0,,,,,,7345,https://www.moyoplan.com/plans/26804,2026-08-11T01:43:06.687727+00:00
MVNO,LGU+,찬스모바일,26888,26888,official_code,[CHM] 음성 100분 6GB,,moyo,True,,,LTE,6.0,,6.0,False,,,6.0,,6.0,quota,False,100,0,False,100,3850,10,모요 프로모션 할인,6,1,0,,,,,유심/배송비 무료,4145,https://www.moyoplan.com/plans/26888,2026-08-11T01:43:06.687727+00:00
MVNO,LGU+,스마텔,37115,37115,official_code,5G 스마트 125GB+(24개월),,moyo,True,,신규 가입을 받지 않는 통신사입니다. 사용 중인 번호 그대로 통신사만 이동할 분들만 가입이 가능해요.,5G,125.0,,125.0,False,5Mbps,,,,,undisclosed,True,,,True,,52800,26000,모요 프로모션 할인,24,0,0,,,,,,18,https://www.moyoplan.com/plans/37115,2026-08-11T01:43:06.687727+00:00
MVNO,LGU+,시월모바일,34879,34879,official_code,두해 통화기본11GB+매일2GB,,moyo,True,,,LTE,11.0,,11.0,False,3Mbps,2.0,,,,undisclosed,True,,,True,,39610,25860,모요 프로모션 할인,24,1,0,,,,,유심/배송비 무료!,536,https://www.moyoplan.com/plans/34879,2026-08-11T01:43:06.687727+00:00
MVNO,LGU+,슈가모바일,23968,23968,official_code,슈가칩 100GB++,,moyo,True,,번호이동은(쓰던 번호 그대로 개통) 현재 통신사를 90일 이상 사용한 경우에만 가능해요.,LTE,100.0,,100.0,False,5Mbps,,,,,undisclosed,True,,,True,,49000,16500,모요 프로모션 할인,7,1,0,,,,,개통완료 시 유심/배송비 무료 1개,493,https://www.moyoplan.com/plans/23968,2026-08-11T01:43:06.687727+00:00
MVNO,SKT,티플러스,20739,20739,official_code,티플 12GB(12GB/300분),,moyo,True,,,LTE,12.0,,12.0,False,,,,,,unsupported,False,300,,False,100,18700,10,모요 프로모션 할인,6,0,0,,,,,,273,https://www.moyoplan.com/plans/20739,2026-08-11T01:43:06.687727+00:00
MVNO,KT,티플러스,37417,37417,official_code,완전마음껏 100GB＋＋(밀리의서재)_24개월할인,,moyo,True,,,LTE,100.0,,100.0,False,5Mbps,,,,,unsupported,True,,,True,,48400,27900,모요 프로모션 할인,24,1,1,밀리의서재,,,,,70,https://www.moyoplan.com/plans/37417,2026-08-11T01:43:06.687727+00:00
MVNO,KT,핀다이렉트,37423,37423,official_code,[모요only] [K] 핀다이렉트 Speed 20GB/200분,,moyo,True,,신규 가입을 받지 않는 통신사입니다. 사용 중인 번호 그대로 통신사만 이동할 분들만 가입이 가능해요.,5G,20.0,,20.0,False,,,,,,undisclosed,False,200,,False,100,7900,7900,,,0,0,,,,,,1658,https://www.moyoplan.com/plans/37423,2026-08-11T01:43:06.687727+00:00
MVNO,LGU+,LG헬로모바일,10388,10388,official_code,5G 스페셜 유심 180GB,,moyo,True,,,5G,180.0,,180.0,False,10Mbps,,,,,undisclosed,True,,,True,,55000,25000,모요 프로모션 페이백/할인,7,4,1,구글 AI프로+도미노피자 할인쿠폰,,,"헬로모바일 결합시, 추가 데이터 20GB 증정",네이버페이 매달 3만원 페이백(7개월) | 갤럭시 자급제 이벤트 신세계상품권 10만원,198,https://www.moyoplan.com/plans/10388,2026-08-11T01:43:06.687727+00:00
MVNO,KT,KT엠모바일,36948,36948,official_code,모두다 맘껏 7GB+(밀리의 서재 FREE),,moyo,True,,,LTE,7.0,,7.0,False,1Mbps,,,,,within_data,True,,300,True,,16300,16300,,,5,1,밀리의서재,,,LTE 데이터 추가제공 10GB(24개월) | 아무나SOLO 결합 데이터 5GB 추가 제공,M마켓 포인트 18만원 (2만원 X 9개월) | 3대 마트 + 네이버페이 포인트 2만원,3815,https://www.moyoplan.com/plans/36948,2026-08-11T01:43:06.687727+00:00
MVNO,LGU+,이야기모바일,37419,37419,official_code,요금걱정 제로 이야기 4.5GB+,,moyo,True,,,LTE,4.5,,4.5,False,1Mbps,,,,,unsupported,True,,,True,,9900,990,모요 프로모션 할인,12,0,0,,,,,,107,https://www.moyoplan.com/plans/37419,2026-08-11T01:43:06.687727+00:00
MVNO,LGU+,모나,36652,36652,official_code,코나아이데이터15G+(+10G)1M,,moyo,True,,,LTE,25.0,,25.0,False,1Mbps,,,,,unsupported,True,,,True,,17990,17990,,,3,0,,,,추가 데이터 10G 24개월 제공,NFC 유심 무료 제공 | 4대 편의점 최대 10.1%적립,659,https://www.moyoplan.com/plans/36652,2026-08-11T01:43:06.687727+00:00
MVNO,LGU+,이지모바일,35872,35872,official_code,이지 오래쓰는 무제한 4.5GB+1,,moyo,True,,,LTE,4.5,,4.5,False,1Mbps,,,,,unsupported,True,,,True,,16500,2300,모요 프로모션 할인,12,0,0,,,,,,5908,https://www.moyoplan.com/plans/35872,2026-08-11T01:43:06.687727+00:00
MVNO,KT,고고모바일,18751,18751,official_code,[모요only] 무제한 100GB+5Mbps(밀리의서재 Free),,moyo,True,,,LTE,100.0,,100.0,False,5Mbps,,,,,within_data,True,,300,True,,43450,15300,모요 프로모션 할인,7,4,1,밀리의서재,,,추가데이터 20GB 제공,"3대 마트 상품권, 네이버페이 2만원 | KT유심&배송비 무료",5101,https://www.moyoplan.com/plans/18751,2026-08-11T01:43:06.687727+00:00
MVNO,KT,티플러스,35808,35808,official_code,완전마음껏 100GB＋＋(밀리의서재)_18개월할인,,moyo,True,,,LTE,100.0,,100.0,False,5Mbps,,,,,unsupported,True,,,True,,48400,26500,모요 프로모션 할인,18,3,1,밀리의서재,,,,마트 상품권/네이버페이 1만원 증정,72,https://www.moyoplan.com/plans/35808,2026-08-11T01:43:06.687727+00:00
MVNO,LGU+,슈가모바일,28696,28696,official_code,Sugar 실속(300분/15GB),,moyo,True,,번호이동은(쓰던 번호 그대로 개통) 현재 통신사를 90일 이상 사용한 경우에만 가능해요.,LTE,15.0,,15.0,False,,,,,,undisclosed,False,300,,False,200,7700,7700,,,1,0,,,,,개통완료 시 유심/배송비 무료 1개,555,https://www.moyoplan.com/plans/28696,2026-08-11T01:43:06.687727+00:00
MVNO,SKT,티플러스,26798,26798,official_code,가성비플러스(15GB/350분),,moyo,True,,,LTE,15.0,,15.0,False,,,,,,unsupported,False,350,,False,100,22000,10,모요 프로모션 할인,6,1,0,,,,,쇼핑엔티 홈쇼핑 3천원 쿠폰 12개월 증정,33870,https://www.moyoplan.com/plans/26798,2026-08-11T01:43:06.687727+00:00
MVNO,LGU+,슈가모바일,24109,24109,official_code,Sugar(120분/7GB),,moyo,True,,번호이동은(쓰던 번호 그대로 개통) 현재 통신사를 90일 이상 사용한 경우에만 가능해요.,LTE,7.0,,7.0,False,,,,,,undisclosed,False,120,,False,100,3000,3000,,,1,0,,,,,개통완료 시 유심/배송비 무료 1개,632,https://www.moyoplan.com/plans/24109,2026-08-11T01:43:06.687727+00:00
MVNO,LGU+,LG헬로모바일,23094,23094,official_code,5G 라이트 유심 14GB,,moyo,True,,,5G,14.0,,14.0,False,1Mbps,,,,,undisclosed,True,,,True,,36300,6300,모요 프로모션 페이백/할인,7,4,1,구글 AI프로+도미노피자 할인쿠폰,,,"헬로모바일 결합시, 추가 데이터 5GB 증정",네이버페이 매달 3만원 페이백(7개월) | 갤럭시 자급제 이벤트 신세계상품권 10만원,40,https://www.moyoplan.com/plans/23094,2026-08-11T01:43:06.687727+00:00
MVNO,LGU+,KG모바일,13909,13909,official_code,"[모빌카드 스페셜] 통화, 데이터 마음대로 11GB+",,moyo,True,,,LTE,11.0,,11.0,False,3Mbps,2.0,,,,unsupported,True,,300,True,,41800,10000,모요 프로모션 할인,7,2,0,,,,,"네이버페이 10,000원 | 일반 유심/배송비 무료",7197,https://www.moyoplan.com/plans/13909,2026-08-11T01:43:06.687727+00:00
MVNO,KT,쉐이크모바일,27851,27851,official_code,[모요only] 쉐이크 5G 110GB+_밀리의서재,,moyo,True,,,5G,110.0,,110.0,False,5Mbps,,40.0,,40.0,quota,True,,300,True,,48400,18000,모요 프로모션 할인,7,4,1,밀리의서재,,,데이터쿠폰 20GB,"매월 1천원 요금할인 (팝테일 가입·인증) | 마트상품권, 네이버페이 최대 2만원",5184,https://www.moyoplan.com/plans/27851,2026-08-11T01:43:06.687727+00:00
MVNO,LGU+,티플러스,35491,35491,official_code,5G 티플 가성비(300분/15GB),,moyo,True,,,5G,15.0,,15.0,False,,,,,,unsupported,False,300,,False,300,24200,10,모요 프로모션 할인,7,0,0,,,,,,2392,https://www.moyoplan.com/plans/35491,2026-08-11T01:43:06.687727+00:00
MVNO,KT,KT엠모바일,37139,37139,official_code,데이터 충분 25GB/100분,,moyo,True,,,LTE,25.0,,25.0,False,,,,,,undisclosed,False,100,,False,100,15400,15400,,,2,0,,,,,M마켓 포인트 12만원 (1.5만 X 8개월) | 삼성 자급제 이벤트 M마켓 포인트 10만원,75,https://www.moyoplan.com/plans/37139,2026-08-11T01:43:06.687727+00:00
MVNO,SKT,이야기모바일,13987,13987,official_code,5G 함께이야기해S (200분+15GB),,moyo,True,,,5G,15.0,,15.0,False,,,,,,unsupported,False,200,,False,100,14900,14900,,,1,0,,,,,"네이버페이 5,000원",459,https://www.moyoplan.com/plans/13987,2026-08-11T01:43:06.687727+00:00
MVNO,LGU+,이야기모바일,26178,26178,official_code,이야기 데이터 스페셜 (20GB),,moyo,True,,,LTE,20.0,,20.0,False,,,,,,unsupported,False,0,,False,0,13750,12100,모요 프로모션 할인,12,1,0,,,,,"네이버페이 5,000원",73,https://www.moyoplan.com/plans/26178,2026-08-11T01:43:06.687727+00:00
MVNO,LGU+,KG모바일,27296,27296,official_code,[평생할인] 데이터 마음대로 (10GB+/300분),,moyo,True,,,LTE,10.0,,10.0,False,1Mbps,,,,,unsupported,False,300,,False,100,5900,5900,,,1,0,,,,,일반 유심/배송비 무료,2099,https://www.moyoplan.com/plans/27296,2026-08-11T01:43:06.687727+00:00
MVNO,SKT,핀다이렉트,36239,36239,official_code,[모요only] [S] 핀다이렉트Z Max _PIN,,moyo,True,,신규 가입을 받지 않는 통신사입니다. 사용 중인 번호 그대로 통신사만 이동할 분들만 가입이 가능해요.,LTE,100.0,,100.0,False,5Mbps,,,,,unsupported,True,,300,True,,42900,18000,모요 프로모션 할인,7,1,0,,,,SKT 데이터 결합 (추가데이터 20GB),,5627,https://www.moyoplan.com/plans/36239,2026-08-11T01:43:06.687727+00:00
MVNO,LGU+,이야기모바일,20572,20572,official_code,이야기 10GB 100분,,moyo,True,,,LTE,10.0,,10.0,False,,,,,,unsupported,False,100,,False,100,19250,10,모요 프로모션 할인,6,1,0,,,,,"네이버페이 5,000원",359,https://www.moyoplan.com/plans/20572,2026-08-11T01:43:06.687727+00:00
MVNO,LGU+,인스모바일,14271,14271,official_code,인스 유심 스피드(5G) 음성200분+7GB,,moyo,True,,,5G,7.0,,7.0,False,,,,,,undisclosed,False,200,,False,100,28600,10,모요 프로모션 할인,6,0,0,,,,,,235,https://www.moyoplan.com/plans/14271,2026-08-11T01:43:06.687727+00:00
MVNO,LGU+,찬스모바일,24033,24033,official_code,5G 음성기본 95GB+3Mbps_24개월,,moyo,True,,,5G,95.0,,95.0,False,3Mbps,,,,,undisclosed,True,,,True,,49500,23320,모요 프로모션 할인,24,1,0,,,,,유심/배송비 무료,455,https://www.moyoplan.com/plans/24033,2026-08-11T01:43:06.687727+00:00
MVNO,LGU+,이야기모바일,37147,37147,official_code,5G 이야기 완전 무제한 95GB+,,moyo,True,,,5G,95.0,,95.0,False,3Mbps,,,,,unsupported,True,,,True,,44000,12100,모요 프로모션 할인,7,2,0,,,,,"네이버페이 5,000원 | 링키드 포인트 15,000P 지급",61,https://www.moyoplan.com/plans/37147,2026-08-11T01:43:06.687727+00:00
MVNO,KT,고고모바일,27772,27772,official_code,[모요only] 무제한 100GB+5M(매월 네이버페이5000P),,moyo,True,,,LTE,100.0,,100.0,False,5Mbps,,,,,undisclosed,True,,,True,,47300,16000,모요 프로모션 페이백/할인,7,3,0,,,,,"네이버페이 매달 5천원 페이백(7개월) | 네이버페이 매월 5,000P 제공 | 마트상품권, 네이버페이 최대 2만원",280,https://www.moyoplan.com/plans/27772,2026-08-11T01:43:06.687727+00:00
MVNO,LGU+,인스모바일,23976,23976,official_code,인스 유심 스트롱,,moyo,True,,,LTE,,,,False,5Mbps,5.0,,,,undisclosed,True,,,True,,47000,14550,모요 프로모션 할인,7,0,0,,,,,,335,https://www.moyoplan.com/plans/23976,2026-08-11T01:43:06.687727+00:00
MVNO,LGU+,KG모바일,35503,35503,official_code,[일반] 실속 5G 15GB+/300분,,moyo,True,,,5G,15.0,,15.0,False,1Mbps,,,,,unsupported,False,300,,False,300,25300,10000,모요 프로모션 할인,12,0,0,,,,,,452,https://www.moyoplan.com/plans/35503,2026-08-11T01:43:06.687727+00:00
MVNO,KT,KT스카이라이프,6074,6074,official_code,스마트 데이터 충분 20GB+,,moyo,True,,,LTE,20.0,,20.0,False,200Kbps,,,,,undisclosed,False,0,,False,0,14100,14100,,,0,0,,,,,,598,https://www.moyoplan.com/plans/6074,2026-08-11T01:43:06.687727+00:00
MVNO,KT,더원모바일,37149,37149,official_code,ONE 5G 15GB 100분,,moyo,True,,,5G,15.0,,15.0,False,,,,,,undisclosed,False,100,,False,100,18700,110,모요 프로모션 할인,7,1,0,,,,,"3대 마트 상품권, 네이버페이 2만원",182,https://www.moyoplan.com/plans/37149,2026-08-11T01:43:06.687727+00:00
MVNO,LGU+,이야기모바일,37148,37148,official_code,5G 이야기 완전 무제한 150GB+,,moyo,True,,,5G,150.0,,150.0,False,5Mbps,,,,,unsupported,True,,,True,,48400,15400,모요 프로모션 할인,7,2,0,,,,,"네이버페이 5,000원 | 링키드 포인트 15,000P 지급",63,https://www.moyoplan.com/plans/37148,2026-08-11T01:43:06.687727+00:00
MVNO,LGU+,슈가모바일,32633,32633,official_code,Sugar 세이브+(300분/10GB),,moyo,True,,번호이동은(쓰던 번호 그대로 개통) 현재 통신사를 90일 이상 사용한 경우에만 가능해요.,LTE,10.0,,10.0,False,1Mbps,,,,,unsupported,False,300,,False,100,7800,7800,,,1,0,,,,,개통완료 시 유심/배송비 무료 1개,1259,https://www.moyoplan.com/plans/32633,2026-08-11T01:43:06.687727+00:00
MVNO,SKT,이야기모바일,29285,29285,official_code,이야기 완전 무제한 11GB+,,moyo,True,,,LTE,11.0,,11.0,False,3Mbps,2.0,,,,unsupported,True,,,True,,39600,14300,모요 프로모션 할인,7,1,0,,,,,"네이버페이 5,000원",794,https://www.moyoplan.com/plans/29285,2026-08-11T01:43:06.687727+00:00
MVNO,LGU+,U+유모바일,26277,26277,official_code,[평생할인] 1.5GB/150분,,moyo,True,,,LTE,1.5,,1.5,False,,,,,,within_data,False,150,,False,100,4900,4900,,,0,0,,,,,,407,https://www.moyoplan.com/plans/26277,2026-08-11T01:43:06.687727+00:00
MVNO,LGU+,U+유모바일,24722,24722,official_code,빽다방 100잔 5G 10GB,,moyo,True,,,5G,10.0,,10.0,False,,,,,,within_data,True,,50,True,,14000,14000,,,1,0,,,,,빽다방 100잔 (25개월간 매월 4잔),213,https://www.moyoplan.com/plans/24722,2026-08-11T01:43:06.687727+00:00
MVNO,LGU+,찬스모바일,29088,29088,official_code,[CHM] 알찬 실속 데이터7G,,moyo,True,,,LTE,7.0,,7.0,False,,,7.0,,7.0,quota,False,250,0,False,100,12100,10,모요 프로모션 할인,6,1,0,,,,,유심/배송비 무료,2032,https://www.moyoplan.com/plans/29088,2026-08-11T01:43:06.687727+00:00
MVNO,KT,이지모바일,33042,33042,official_code,EG 무제한 7GB+1M(밀리의 서재),,moyo,True,,,LTE,7.0,,7.0,False,1Mbps,,7.0,,7.0,quota,True,,300,True,,22000,5900,모요 프로모션 할인,12,3,1,밀리의서재,,,데이터 10GB 추가 증정,일반유심/배송비 무료,53510,https://www.moyoplan.com/plans/33042,2026-08-11T01:43:06.687727+00:00
MVNO,LGU+,모나,36335,36335,official_code,모나120분4.5G,,moyo,True,,,5G,4.5,,4.5,False,,,,,,within_data,False,120,,False,100,9900,10,모요 프로모션 할인,12,2,0,,,,,NFC 유심 무료 제공 | 4대 편의점 최대 10.1%적립,1103,https://www.moyoplan.com/plans/36335,2026-08-11T01:43:06.687727+00:00
MVNO,KT,이지모바일,33044,33044,official_code,EG 12무제한 15G+1(CU할인),,moyo,True,,,LTE,15.0,,15.0,False,1Mbps,,15.0,,15.0,quota,True,,300,True,,26950,9700,모요 프로모션 할인,12,1,0,,,,,일반유심/배송비 무료,9834,https://www.moyoplan.com/plans/33044,2026-08-11T01:43:06.687727+00:00
MVNO,LGU+,LG헬로모바일,6835,6835,official_code,The 착한 데이터 유심 1.3GB,,moyo,True,,,LTE,1.3,,1.3,False,,,,,,undisclosed,True,,,True,,6300,1300,모요 프로모션 페이백/할인,7,4,2,구글 AI프로+도미노피자 할인쿠폰 | 토스미·오픽미 AI 모의고사,,,,네이버페이 매달 5천원 페이백(7개월) | 프레딧 쿠폰 2만원(5천원*4개월),134,https://www.moyoplan.com/plans/6835,2026-08-11T01:43:06.687727+00:00
MVNO,LGU+,이야기모바일,36253,36253,official_code,5G 이야기 스탠다드 95GB+,,moyo,True,,,5G,95.0,,95.0,False,3Mbps,,,,,unsupported,True,,,True,,44000,24200,모요 프로모션 할인,24,1,0,,,,,"네이버페이 5,000원",166,https://www.moyoplan.com/plans/36253,2026-08-11T01:43:06.687727+00:00
MVNO,KT,쉐이크모바일,34698,34698,official_code,"[모요only] 쉐이크 LTE 15GB+_네이버페이 매 월 5,000원",,moyo,True,,,LTE,15.0,,15.0,False,1Mbps,,,,,undisclosed,True,,,True,,24700,14000,모요 프로모션 페이백/할인,12,4,0,,,,데이터쿠폰 20GB,"네이버페이 매달 5천원 페이백 (평생) | 매월 1천원 요금할인 (팝테일 가입·인증) | 마트상품권, 네이버페이 최대 2만원",157,https://www.moyoplan.com/plans/34698,2026-08-11T01:43:06.687727+00:00
MVNO,LGU+,슈가모바일,31061,31061,official_code,5G Sugar 실속(300분/15GB),,moyo,True,,번호이동은(쓰던 번호 그대로 개통) 현재 통신사를 90일 이상 사용한 경우에만 가능해요.,5G,15.0,,15.0,False,,,,,,undisclosed,False,300,,False,200,7700,7700,,,1,0,,,,,개통완료 시 유심/배송비 무료 1개,582,https://www.moyoplan.com/plans/31061,2026-08-11T01:43:06.687727+00:00
MVNO,LGU+,이지모바일,35494,35494,official_code,이지 오래쓰는 무제한 5G+1,,moyo,True,,,5G,5.0,,5.0,False,1Mbps,,,,,undisclosed,True,,,True,,16500,2500,모요 프로모션 할인,12,1,0,,,,,일반유심/배송비 무료,520,https://www.moyoplan.com/plans/35494,2026-08-11T01:43:06.687727+00:00
MVNO,LGU+,찬스모바일,34816,34816,official_code,음성기본,,moyo,True,,,LTE,,,,False,5Mbps,5.0,,,,undisclosed,True,,,True,,48400,28490,모요 프로모션 할인,24,1,0,,,,,유심/배송비 무료,187,https://www.moyoplan.com/plans/34816,2026-08-11T01:43:06.687727+00:00
MVNO,LGU+,KG모바일,20100,20100,official_code,"[일반] 통화, 데이터 마음대로 Pro_24개월",,moyo,True,,,LTE,,,,False,5Mbps,5.0,,,,unsupported,True,,,True,,47300,29000,모요 프로모션 할인,24,1,0,,,,,일반 유심/배송비 무료,174,https://www.moyoplan.com/plans/20100,2026-08-11T01:43:06.687727+00:00
MVNO,KT,KT스카이라이프,10271,10271,official_code,통화 충분 10GB,,moyo,True,,,LTE,10.0,,10.0,False,,,,,,within_data,True,,30,True,,13900,13900,,,2,0,,,,,"S-머니3만원(5천원X6개월) | 3대마트상품권, 네이버페이 2만원",360,https://www.moyoplan.com/plans/10271,2026-08-11T01:43:06.687727+00:00
MVNO,KT,스마텔,25317,25317,official_code,스위트 100GB+(밀리의서재),,moyo,True,,신규 가입을 받지 않는 통신사입니다. 사용 중인 번호 그대로 통신사만 이동할 분들만 가입이 가능해요.,LTE,100.0,,100.0,False,5Mbps,,100.0,,100.0,quota,True,,300,True,,47300,26000,모요 프로모션 할인,12,0,0,,,,,,329,https://www.moyoplan.com/plans/25317,2026-08-11T01:43:06.687727+00:00
MVNO,KT,KT엠모바일,36968,36968,official_code,모두다 맘껏 100GB+(밀리의 서재 FREE),,moyo,True,,,LTE,100.0,,100.0,False,5Mbps,,,,,undisclosed,True,,,True,,38300,38300,,,2,1,밀리의서재,,,,M마켓 포인트 16만원 (2만 X 8개월),4180,https://www.moyoplan.com/plans/36968,2026-08-11T01:43:06.687727+00:00
MVNO,LGU+,슈가모바일,35911,35911,official_code,Sugar 7GB+1Mbps(R),,moyo,True,,번호이동은(쓰던 번호 그대로 개통) 현재 통신사를 90일 이상 사용한 경우에만 가능해요.,LTE,7.0,,7.0,False,1Mbps,,,,,undisclosed,False,1000,,False,200,24200,500,모요 프로모션 할인,6,1,0,,,,,개통완료 시 유심/배송비 무료 1개,1483,https://www.moyoplan.com/plans/35911,2026-08-11T01:43:06.687727+00:00
MVNO,LGU+,슈가모바일,23191,23191,official_code,슈가칩 매일5GB++,,moyo,True,,번호이동은(쓰던 번호 그대로 개통) 현재 통신사를 90일 이상 사용한 경우에만 가능해요.,LTE,,,,False,5Mbps,5.0,,,,undisclosed,True,,,True,,48000,16500,모요 프로모션 할인,7,1,0,,,,,개통완료 시 유심/배송비 무료 1개,157,https://www.moyoplan.com/plans/23191,2026-08-11T01:43:06.687727+00:00
MVNO,SKT,스마텔,25340,25340,official_code,스마일플러스(350분+7GB),,moyo,True,,,LTE,7.0,,7.0,False,,,,,,undisclosed,False,350,,False,100,17600,3900,모요 프로모션 할인,12,0,0,,,,,,1398,https://www.moyoplan.com/plans/25340,2026-08-11T01:43:06.687727+00:00
MVNO,KT,이야기모바일,36168,36168,official_code,이야기 K 데이터 11GB+(모아진),,moyo,True,,,LTE,11.0,,11.0,False,3Mbps,2.0,,,,unsupported,True,,,True,,40590,25400,모요 프로모션 할인,24,2,0,,,,,"네이버페이, 3대 마트 상품권 2만원 | 네이버페이 5,000원",215,https://www.moyoplan.com/plans/36168,2026-08-11T01:43:06.687727+00:00
MVNO,LGU+,이야기모바일,33623,33623,official_code,이야기스페셜 100GB+(24개월),,moyo,True,,,LTE,100.0,,100.0,False,5Mbps,,,,,unsupported,True,,,True,,46200,29600,모요 프로모션 할인,24,1,0,,,,,"네이버페이 5,000원",516,https://www.moyoplan.com/plans/33623,2026-08-11T01:43:06.687727+00:00
MVNO,KT,KT스카이라이프,12430,12430,official_code,슬림 2GB/200분,,moyo,True,,,LTE,2.0,,2.0,False,,,,,,within_data,False,200,30,False,200,4900,4900,,,0,0,,,,,,670,https://www.moyoplan.com/plans/12430,2026-08-11T01:43:06.687727+00:00
MVNO,LGU+,KG모바일,36213,36213,official_code,[평생할인] 데이터 마음대로 (5GB+/100분),,moyo,True,,,LTE,5.0,,5.0,False,1Mbps,,,,,unsupported,False,100,,False,100,2700,2700,,,1,0,,,,,일반 유심/배송비 무료,2726,https://www.moyoplan.com/plans/36213,2026-08-11T01:43:06.687727+00:00
MVNO,LGU+,U+유모바일,26292,26292,official_code,[평생할인] 5G 4GB/통화기본,,moyo,True,,,5G,4.0,,4.0,False,,,,,,within_data,True,,53,True,,7800,7800,,,0,0,,,,,,2095,https://www.moyoplan.com/plans/26292,2026-08-11T01:43:06.687727+00:00
MVNO,KT,더원모바일,33946,33946,official_code,TOP 15GB 100분 (밀리의서재),,moyo,True,,,LTE,15.0,,15.0,False,3Mbps,,,,,undisclosed,False,100,,False,100,33000,11000,모요 프로모션 할인,7,3,1,밀리의서재,,,솔로결합(+10GB),"3대 마트 상품권, 네이버페이 2만원",247,https://www.moyoplan.com/plans/33946,2026-08-11T01:43:06.687727+00:00
MVNO,LGU+,U+유모바일,26273,26273,official_code,[평생할인] 4GB/통화기본,,moyo,True,,,LTE,4.0,,4.0,False,,,,,,within_data,True,,50,True,,7500,7500,,,1,0,,,,,매달 hy 금액권 1만원(12만),1298,https://www.moyoplan.com/plans/26273,2026-08-11T01:43:06.687727+00:00
MVNO,LGU+,슈가모바일,35912,35912,official_code,Sugar 10GB+1Mbps(R),,moyo,True,,번호이동은(쓰던 번호 그대로 개통) 현재 통신사를 90일 이상 사용한 경우에만 가능해요.,LTE,10.0,,10.0,False,1Mbps,,,,,undisclosed,False,1000,,False,200,8000,8000,,,1,0,,,,,개통완료 시 유심/배송비 무료 1개,453,https://www.moyoplan.com/plans/35912,2026-08-11T01:43:06.687727+00:00
MVNO,LGU+,U+유모바일,30011,30011,official_code,[올리브영 12만원] 9GB/3000분,,moyo,True,,,LTE,9.0,,9.0,False,,,,,,within_data,False,3000,,False,1000,13500,13500,,,1,0,,,,,올리브영 12만원 혜택,67,https://www.moyoplan.com/plans/30011,2026-08-11T01:43:06.687727+00:00
MVNO,LGU+,이지모바일,30850,30850,official_code,이지 데이터 6G,,moyo,True,,,LTE,6.0,,6.0,False,,,,,,undisclosed,False,200,,False,100,14300,10,모요 프로모션 할인,6,1,0,,,,,일반유심/배송비 무료,1138,https://www.moyoplan.com/plans/30850,2026-08-11T01:43:06.687727+00:00
MVNO,LGU+,인스모바일,14274,14274,official_code,데이터 안심 100분+5GB+(USIM),,moyo,True,,,LTE,5.0,,5.0,False,1Mbps,,,,,undisclosed,False,100,,False,100,23100,10,모요 프로모션 할인,6,0,0,,,,,,50,https://www.moyoplan.com/plans/14274,2026-08-11T01:43:06.687727+00:00
MVNO,LGU+,이지모바일,36676,36676,official_code,오래쓰는 ALL FREE,,moyo,True,,,LTE,,,,False,5Mbps,5.0,,,,undisclosed,True,,,True,,46200,27610,모요 프로모션 할인,12,0,0,,,,,,45,https://www.moyoplan.com/plans/36676,2026-08-11T01:43:06.687727+00:00
MVNO,SKT,고고모바일,37432,37432,official_code,LTE 300분/15GB_모요,,moyo,True,,,LTE,15.0,,15.0,False,,,,,,undisclosed,False,300,,False,100,21230,2200,모요 프로모션 할인,7,0,0,,,,,,10,https://www.moyoplan.com/plans/37432,2026-08-11T01:43:06.687727+00:00
MVNO,KT,KT스카이라이프,12431,12431,official_code,슬림 3GB/300분,,moyo,True,,,LTE,3.0,,3.0,False,,,,,,within_data,False,300,30,False,300,5900,5900,,,2,0,,,,,"S-머니3만원(5천원X6개월) | 3대마트상품권, 네이버페이 2만원",1127,https://www.moyoplan.com/plans/12431,2026-08-11T01:43:06.687727+00:00
MVNO,KT,티플러스,35809,35809,official_code,완전마음껏 100GB＋＋(CU 20%)_18개월할인,,moyo,True,,,LTE,100.0,,100.0,False,5Mbps,,,,,unsupported,True,,,True,,48400,26500,모요 프로모션 할인,18,3,0,,,,,마트 상품권/네이버페이 1만원 증정 | CU 오프라인 점포 결제시 20% 할인 제공,38,https://www.moyoplan.com/plans/35809,2026-08-11T01:43:06.687727+00:00
MVNO,LGU+,슈가모바일,36682,36682,official_code,5G 슈가통화마음대로 125GB++,,moyo,True,,번호이동은(쓰던 번호 그대로 개통) 현재 통신사를 90일 이상 사용한 경우에만 가능해요.,5G,125.0,,125.0,False,5Mbps,,,,,undisclosed,True,,,True,,51700,16500,모요 프로모션 할인,7,1,0,,,,,개통완료 시 유심/배송비 무료 1개,62,https://www.moyoplan.com/plans/36682,2026-08-11T01:43:06.687727+00:00
MVNO,LGU+,모나,27745,27745,official_code,모나기본100G안심5,,moyo,True,,,LTE,100.0,,100.0,False,5Mbps,,,,,undisclosed,True,,,True,,48400,29700,모요 프로모션 할인,24,2,0,,,,,NFC 유심 무료 제공 | 4대 편의점 최대 10.1%적립,3375,https://www.moyoplan.com/plans/27745,2026-08-11T01:43:06.687727+00:00
MVNO,LGU+,티플러스,35493,35493,official_code,5G 데이터마음껏 15G(300분),,moyo,True,,,5G,15.0,,15.0,False,1Mbps,,,,,unsupported,False,300,,False,300,30800,900,모요 프로모션 할인,6,0,0,,,,,,1989,https://www.moyoplan.com/plans/35493,2026-08-11T01:43:06.687727+00:00
MVNO,LGU+,이지모바일,36675,36675,official_code,오래쓰는 무한100GB+,,moyo,True,,,LTE,100.0,,100.0,False,5Mbps,,11.0,,11.0,quota,True,,300,True,,46200,27610,모요 프로모션 할인,12,0,0,,,,,,90,https://www.moyoplan.com/plans/36675,2026-08-11T01:43:06.687727+00:00
MVNO,LGU+,인스모바일,11074,11074,official_code,데이터 안심 10GB+(USIM),,moyo,True,,,LTE,10.0,,10.0,False,1Mbps,,,,,within_data,False,100,,False,100,31900,10,모요 프로모션 할인,6,0,0,,,,,,1130,https://www.moyoplan.com/plans/11074,2026-08-11T01:43:06.687727+00:00
MVNO,LGU+,KG모바일,29931,29931,official_code,"[KG모바일 스페셜] 통화, 데이터 마음대로 11GB+",,moyo,True,,,LTE,11.0,,11.0,False,3Mbps,2.0,,,,unsupported,True,,300,True,,41800,10000,모요 프로모션 할인,7,2,0,,,,,"GS25 편의점 상품권 10,000원 | 일반 유심/배송비 무료",2972,https://www.moyoplan.com/plans/29931,2026-08-11T01:43:06.687727+00:00
MVNO,LGU+,모나,36337,36337,official_code,모나300분11G,,moyo,True,,,LTE,11.0,,11.0,False,,,,,,within_data,False,300,,False,200,33000,10,모요 프로모션 할인,7,2,0,,,,,NFC 유심 무료 제공 | 4대 편의점 최대 10.1%적립,469,https://www.moyoplan.com/plans/36337,2026-08-11T01:43:06.687727+00:00
MVNO,KT,KT엠모바일,36963,36963,official_code,모두다 맘껏 안심 4.5GB+,,moyo,True,,,LTE,4.5,,4.5,False,400Kbps,,,,,undisclosed,True,,,True,,7400,7400,,,2,0,,,,,삼성 자급제 이벤트 M마켓 포인트 10만원 | M마켓 포인트 6만원 (1만원 X 6개월),700,https://www.moyoplan.com/plans/36963,2026-08-11T01:43:06.687727+00:00
MVNO,SKT,티플러스,29034,29034,official_code,티플 올리브영 100GB+(매월 5000P),,moyo,True,,,LTE,100.0,,100.0,False,5Mbps,,,,,unsupported,True,,,True,,51700,15900,모요 프로모션 할인,7,1,0,,,,,"올리브영 12개월간 매월 5,000원 상품권",1018,https://www.moyoplan.com/plans/29034,2026-08-11T01:43:06.687727+00:00
MVNO,KT,이야기모바일,34897,34897,official_code,이야기K 데이터 11GB+(후후안심),,moyo,True,,,LTE,11.0,,11.0,False,3Mbps,2.0,,,,unsupported,True,,,True,,40590,25900,모요 프로모션 할인,24,2,0,,,,,"네이버페이, 3대 마트 상품권 2만원 | 네이버페이 5,000원",18,https://www.moyoplan.com/plans/34897,2026-08-11T01:43:06.687727+00:00
MVNO,SKT,티플러스,31048,31048,official_code,티플 11GB+(이디야커피),,moyo,True,,,LTE,11.0,,11.0,False,3Mbps,2.0,,,,unsupported,True,,,True,,48400,11900,모요 프로모션 할인,7,1,0,,,,,"12개월간 이디야 모바일권 5,000원권 증정",286,https://www.moyoplan.com/plans/31048,2026-08-11T01:43:06.687727+00:00
MVNO,LGU+,슈가모바일,23502,23502,official_code,슈가칩2 15GB+100분,,moyo,True,,번호이동은(쓰던 번호 그대로 개통) 현재 통신사를 90일 이상 사용한 경우에만 가능해요.,LTE,15.0,,15.0,False,3Mbps,,,,,undisclosed,False,100,,False,100,34490,10900,모요 프로모션 할인,7,1,0,,,,,개통완료 시 유심/배송비 무료 1개,345,https://www.moyoplan.com/plans/23502,2026-08-11T01:43:06.687727+00:00
MVNO,SKT,고고모바일,37430,37430,official_code,LTE 100분/10GB_모요,,moyo,True,,,LTE,10.0,,10.0,False,,,,,,undisclosed,False,100,,False,100,15180,10,모요 프로모션 할인,7,0,0,,,,,,10,https://www.moyoplan.com/plans/37430,2026-08-11T01:43:06.687727+00:00
MVNO,KT,티플러스,34348,34348,official_code,5G 가성비플러스(5GB/350분),,moyo,True,,,5G,5.0,,5.0,False,,,,,,unsupported,False,350,,False,100,8800,10,모요 프로모션 할인,6,2,0,,,,,마트 상품권/네이버페이 1만원 증정,2650,https://www.moyoplan.com/plans/34348,2026-08-11T01:43:06.687727+00:00
MVNO,LGU+,핀다이렉트,18993,18993,official_code,[L] DIGITAL DETOX 7GB 챌린지,,moyo,True,,,LTE,7.0,,7.0,False,,,,,,unsupported,False,100,,False,100,17600,10,모요 프로모션 할인,12,1,0,,,,,데이터 로밍 3일 무료 쿠폰,1608,https://www.moyoplan.com/plans/18993,2026-08-11T01:43:06.687727+00:00
MVNO,KT,고고모바일,24200,24200,official_code,[모요only] 5G 200분/10GB,,moyo,True,,,5G,10.0,,10.0,False,,,,,,within_data,False,200,,False,100,18700,10,모요 프로모션 할인,7,2,0,,,,,"3대 마트 상품권, 네이버페이 2만원 | KT유심&배송비 무료",2221,https://www.moyoplan.com/plans/24200,2026-08-11T01:43:06.687727+00:00
MVNO,KT,KT스카이라이프,13785,13785,official_code,모두 충분 1.5GB+,,moyo,True,,,LTE,1.5,,1.5,False,400Kbps,,,,,within_data,True,,30,True,,6900,6900,,,2,0,,,,,S-머니3만원(5천원X6개월) | [모요 단독] N페이 1만원,2058,https://www.moyoplan.com/plans/13785,2026-08-11T01:43:06.687727+00:00
MVNO,KT,티플러스,30994,30994,official_code,가성비플러스(6GB/350분)_평생요금,,moyo,True,,,LTE,6.0,,6.0,False,,,,,,unsupported,False,350,,False,100,1900,1900,,,2,0,,,,,마트 상품권/네이버페이 1만원 증정,4405,https://www.moyoplan.com/plans/30994,2026-08-11T01:43:06.687727+00:00
MVNO,SKT,스마텔,29022,29022,official_code,5G 음성무제한 15GB,,moyo,True,,,5G,15.0,,15.0,False,,,15.0,,15.0,quota,True,,30,False,200,12900,12900,,,0,0,,,,,,1505,https://www.moyoplan.com/plans/29022,2026-08-11T01:43:06.687727+00:00
MVNO,LGU+,LG헬로모바일,10392,10392,official_code,5G 유심 통화 맘편히 9GB,,moyo,True,,,5G,9.0,,9.0,False,,,,,,undisclosed,True,,,True,,14500,9500,모요 프로모션 페이백/할인,7,4,2,구글 AI프로+도미노피자 할인쿠폰 | 토스미·오픽미 AI 모의고사,,,,네이버페이 매달 5천원 페이백(7개월) | 프레딧 쿠폰 2만원(5천원*4개월),92,https://www.moyoplan.com/plans/10392,2026-08-11T01:43:06.687727+00:00
MVNO,LGU+,시월모바일,34881,34881,official_code,두해 통화기본100GB+,,moyo,True,,,LTE,100.0,,100.0,False,5Mbps,,,,,undisclosed,True,,,True,,47350,29090,모요 프로모션 할인,24,1,0,,,,,유심/배송비 무료!,415,https://www.moyoplan.com/plans/34881,2026-08-11T01:43:06.687727+00:00
MVNO,KT,쉐이크모바일,37111,37111,official_code,"[모요only] 쉐이크 LTE 100GB+_다이소 매 월 5,000원",,moyo,True,,,LTE,100.0,,100.0,False,5Mbps,,,,,undisclosed,True,,,True,,49500,17900,모요 프로모션 할인,7,2,0,,,,,"매월 1천원 요금할인 (팝테일 가입·인증) | 마트상품권, 네이버페이 최대 2만원",589,https://www.moyoplan.com/plans/37111,2026-08-11T01:43:06.687727+00:00
MVNO,KT,더원모바일,33935,33935,official_code,ONE 5G 15GB 300분,,moyo,True,,,5G,15.0,,15.0,False,,,,,,undisclosed,False,300,,False,200,22000,2200,모요 프로모션 할인,7,1,0,,,,,"3대 마트 상품권, 네이버페이 2만원",8050,https://www.moyoplan.com/plans/33935,2026-08-11T01:43:06.687727+00:00
MVNO,KT,티플러스,37427,37427,official_code,5G 티플 110G＋(밀리의서재),,moyo,True,,,5G,110.0,,110.0,False,5Mbps,,,,,unsupported,True,,,True,,58300,18000,모요 프로모션 할인,7,1,1,밀리의서재,,,,,10,https://www.moyoplan.com/plans/37427,2026-08-11T01:43:06.687727+00:00
MVNO,LGU+,KG모바일,26357,26357,official_code,"[평생할인] 통화, 데이터 마음대로 11GB+",,moyo,True,,,LTE,11.0,,11.0,False,3Mbps,2.0,,,,unsupported,True,,,True,,28900,28900,,,1,0,,,,,일반 유심/배송비 무료,990,https://www.moyoplan.com/plans/26357,2026-08-11T01:43:06.687727+00:00
MVNO,SKT,스마텔,25304,25304,official_code,USIM 스마일 (500분/10GB),,moyo,True,,,LTE,10.0,,10.0,False,,,,,,undisclosed,False,500,,False,100,20900,6900,모요 프로모션 할인,12,0,0,,,,,,1106,https://www.moyoplan.com/plans/25304,2026-08-11T01:43:06.687727+00:00
MVNO,KT,이지모바일,33041,33041,official_code,EG 무제한 15G+3/100분(밀리의 서재),,moyo,True,,,LTE,15.0,,15.0,False,3Mbps,,15.0,,15.0,quota,False,100,,False,100,29700,12900,모요 프로모션 할인,7,2,1,밀리의서재,,,,일반유심/배송비 무료,6357,https://www.moyoplan.com/plans/33041,2026-08-11T01:43:06.687727+00:00
MVNO,LGU+,슈가모바일,29321,29321,official_code,Sugar 15GB+1Mbps,,moyo,True,,번호이동은(쓰던 번호 그대로 개통) 현재 통신사를 90일 이상 사용한 경우에만 가능해요.,LTE,15.0,,15.0,False,1Mbps,,,,,undisclosed,True,,,True,,25950,15500,모요 프로모션 할인,24,1,0,,,,,개통완료 시 유심/배송비 무료 1개,230,https://www.moyoplan.com/plans/29321,2026-08-11T01:43:06.687727+00:00
MVNO,LGU+,티플러스,23997,23997,official_code,티플 마음껏 매일5G＋_24개월요금,,moyo,True,,,LTE,,,,False,5Mbps,5.0,,,,undisclosed,True,,,True,,41800,29500,모요 프로모션 할인,24,0,0,,,,,,442,https://www.moyoplan.com/plans/23997,2026-08-11T01:43:06.687727+00:00
MVNO,LGU+,U+유모바일,26291,26291,official_code,[평생할인] 5G 3GB/통화기본,,moyo,True,,,5G,3.0,,3.0,False,,,,,,unsupported,True,,50,True,,6900,6900,,,0,0,,,,,,880,https://www.moyoplan.com/plans/26291,2026-08-11T01:43:06.687727+00:00
MVNO,LGU+,KG모바일,31831,31831,official_code,"[모요 전용] 통화, 데이터 마음대로 100GB+",,moyo,True,,,LTE,100.0,,100.0,False,5Mbps,,,,,unsupported,True,,300,True,,41900,16900,모요 프로모션 할인,7,1,0,,,,,"네이버페이 10,000원",2243,https://www.moyoplan.com/plans/31831,2026-08-11T01:43:06.687727+00:00
MVNO,LGU+,슈가모바일,23962,23962,official_code,슈가칩2 11GB+매일2GB+,,moyo,True,,번호이동은(쓰던 번호 그대로 개통) 현재 통신사를 90일 이상 사용한 경우에만 가능해요.,LTE,11.0,,11.0,False,3Mbps,2.0,,,,undisclosed,True,,,True,,40900,9900,모요 프로모션 할인,7,1,0,,,,,개통완료 시 유심/배송비 무료 1개,737,https://www.moyoplan.com/plans/23962,2026-08-11T01:43:06.687727+00:00
MVNO,KT,티플러스,31008,31008,official_code,5G 가성비플러스(15GB/350분)_평생요금,,moyo,True,,,5G,15.0,,15.0,False,,,,,,unsupported,False,350,,False,100,6900,6900,,,2,0,,,,,마트 상품권/네이버페이 1만원 증정,1451,https://www.moyoplan.com/plans/31008,2026-08-11T01:43:06.687727+00:00
MVNO,KT,KT엠모바일,37141,37141,official_code,모두다 맘껏 안심 25GB+,,moyo,True,,,LTE,25.0,,25.0,False,400Kbps,,,,,undisclosed,True,,,True,,18400,18400,,,2,0,,,,,M마켓 포인트 16만원 (2만 X 8개월) | 삼성 자급제 이벤트 M마켓 포인트 10만원,35,https://www.moyoplan.com/plans/37141,2026-08-11T01:43:06.687727+00:00
MVNO,LGU+,KG모바일,27743,27743,official_code,"[일반] 통화, 데이터 마음대로 100GB+_24개월",,moyo,True,,,LTE,100.0,,100.0,False,5Mbps,,,,,unsupported,True,,,True,,47300,29000,모요 프로모션 할인,24,1,0,,,,,일반 유심/배송비 무료,1878,https://www.moyoplan.com/plans/27743,2026-08-11T01:43:06.687727+00:00
MVNO,LGU+,티플러스,23998,23998,official_code,The 완전마음껏15G＋_24개월 할인,,moyo,True,,,LTE,15.0,,15.0,False,1Mbps,,,,,undisclosed,True,,,True,,31460,14500,모요 프로모션 할인,24,0,0,,,,,,258,https://www.moyoplan.com/plans/23998,2026-08-11T01:43:06.687727+00:00
MVNO,LGU+,스마텔,36252,36252,official_code,5G 스마트 95GB+(24개월),,moyo,True,,신규 가입을 받지 않는 통신사입니다. 사용 중인 번호 그대로 통신사만 이동할 분들만 가입이 가능해요.,5G,95.0,,95.0,False,3Mbps,,,,,undisclosed,True,,,True,,49500,26000,모요 프로모션 할인,24,0,0,,,,,,24,https://www.moyoplan.com/plans/36252,2026-08-11T01:43:06.687727+00:00
MVNO,LGU+,모나,35525,35525,official_code,5G_LOCAL_기본95G안심3,,moyo,True,,,5G,95.0,,95.0,False,3Mbps,,,,,undisclosed,True,,,True,,55000,24800,모요 프로모션 할인,24,2,0,,,,,NFC 유심 무료 제공 | 4대 편의점 최대 10.1%적립,285,https://www.moyoplan.com/plans/35525,2026-08-11T01:43:06.687727+00:00
MVNO,KT,더원모바일,33817,33817,official_code,TOP 11GB 기본 (밀리의서재),,moyo,True,,,LTE,11.0,,11.0,False,3Mbps,2.0,,,,undisclosed,True,,,True,,38500,9900,모요 프로모션 할인,4,0,0,,,,,,57,https://www.moyoplan.com/plans/33817,2026-08-11T01:43:06.687727+00:00
MVNO,SKT,고고모바일,37433,37433,official_code,LTE 200분/20GB_모요,,moyo,True,,,LTE,20.0,,20.0,False,,,,,,undisclosed,False,200,,False,100,25190,3850,모요 프로모션 할인,7,0,0,,,,,,10,https://www.moyoplan.com/plans/37433,2026-08-11T01:43:06.687727+00:00
MVNO,LGU+,이야기모바일,30365,30365,official_code,이야기 6GB 100분,,moyo,True,,,LTE,6.0,,6.0,False,,,,,,unsupported,False,100,,False,100,11000,10,모요 프로모션 할인,6,1,0,,,,,"네이버페이 5,000원",397,https://www.moyoplan.com/plans/30365,2026-08-11T01:43:06.687727+00:00
MVNO,LGU+,이지모바일,33070,33070,official_code,이지 데이터 5GB,,moyo,True,,,LTE,5.0,,5.0,False,,,,,,unsupported,False,300,,False,100,15950,10,모요 프로모션 할인,6,1,0,,,,,일반유심/배송비 무료,17,https://www.moyoplan.com/plans/33070,2026-08-11T01:43:06.687727+00:00
MVNO,LGU+,마블링,35325,35325,official_code,[모요only] 마블링 무제한 100GB+,,moyo,True,,신규가입 시 본인확인 해피콜과 본인입증서류 제출을 요청 드릴 수 있습니다.,LTE,100.0,,100.0,False,5Mbps,,11.0,,11.0,quota,True,,300,True,,46190,24590,모요 프로모션 할인,12,1,0,,,,,일반유심/배송비 무료,3580,https://www.moyoplan.com/plans/35325,2026-08-11T01:43:06.687727+00:00
MVNO,KT,고고모바일,24197,24197,official_code,[모요only] LTE 200분/ 10GB,,moyo,True,,,LTE,10.0,,10.0,False,,,,,,within_data,False,200,,False,100,18480,10,모요 프로모션 할인,7,2,0,,,,,"3대 마트 상품권, 네이버페이 2만원 | KT유심&배송비 무료",3832,https://www.moyoplan.com/plans/24197,2026-08-11T01:43:06.687727+00:00
MVNO,LGU+,이야기모바일,36639,36639,official_code,이야기 라이트 100분6GB+,,moyo,True,,,LTE,6.0,,6.0,False,1Mbps,,,,,unsupported,False,100,,False,100,24200,10,모요 프로모션 할인,6,2,0,,,,,"네이버페이 5,000원 | 네이버페이 5천원",329,https://www.moyoplan.com/plans/36639,2026-08-11T01:43:06.687727+00:00
MVNO,KT,고고모바일,18764,18764,official_code,[모요only] LTE 무제한 11GB+3M(밀리의서재 Free),,moyo,True,,,LTE,11.0,,11.0,False,3Mbps,2.0,,,,within_data,True,,300,True,,38500,15100,모요 프로모션 할인,7,4,1,밀리의서재,,,추가데이터 20GB 제공,"3대 마트 상품권, 네이버페이 2만원 | KT유심&배송비 무료",1751,https://www.moyoplan.com/plans/18764,2026-08-11T01:43:06.687727+00:00
MVNO,KT,더원모바일,33531,33531,official_code,TOP 100GB 기본 (밀리의서재),,moyo,True,,,LTE,100.0,,100.0,False,5Mbps,,,,,within_data,True,,300,True,,46200,25960,모요 프로모션 할인,12,3,1,밀리의서재,,,솔로결합(+20GB),"3대 마트 상품권, 네이버페이 2만원",414,https://www.moyoplan.com/plans/33531,2026-08-11T01:43:06.687727+00:00
MVNO,LGU+,U+유모바일,26268,26268,official_code,[평생할인] 15GB+/100분,,moyo,True,,,LTE,15.0,,15.0,False,3Mbps,,,,,within_data,False,100,,False,100,25250,25250,,,1,0,,,,"우리결합시, 데이터 10GB 추가 증정",,1474,https://www.moyoplan.com/plans/26268,2026-08-11T01:43:06.687727+00:00
MVNO,KT,티플러스,34304,34304,official_code,가성비플러스(30GB/350분),,moyo,True,,,LTE,30.0,,30.0,False,,,,,,unsupported,False,350,,False,100,39600,4900,모요 프로모션 할인,7,2,0,,,,,마트 상품권/네이버페이 1만원 증정,732,https://www.moyoplan.com/plans/34304,2026-08-11T01:43:06.687727+00:00
MVNO,LGU+,찬스모바일,29087,29087,official_code,[CHM] 음성 100분 5GB+,,moyo,True,,,LTE,5.0,,5.0,False,1Mbps,,5.0,,5.0,quota,False,100,0,False,100,15400,10,모요 프로모션 할인,6,1,0,,,,,유심/배송비 무료,863,https://www.moyoplan.com/plans/29087,2026-08-11T01:43:06.687727+00:00
MVNO,SKT,스마텔,25252,25252,official_code,USIM 스마일 (200분/10GB),,moyo,True,,,LTE,10.0,,10.0,False,,,,,,undisclosed,False,200,,False,100,17600,5900,모요 프로모션 할인,12,0,0,,,,,,1546,https://www.moyoplan.com/plans/25252,2026-08-11T01:43:06.687727+00:00
MVNO,KT,KT스카이라이프,21270,21270,official_code,모두 충분 11GB+(CU),,moyo,True,,,LTE,11.0,,11.0,False,3Mbps,2.0,,,,within_data,True,,300,True,,33000,33000,,,3,0,,,,,"S-머니6만원(1만원X6개월) | CU 연간 6만원 할인 평생 제공 | 3대마트상품권, 네이버페이 2만원",1616,https://www.moyoplan.com/plans/21270,2026-08-11T01:43:06.687727+00:00
MVNO,KT,이야기모바일,25700,25700,official_code,이야기K 데이터 11GB+(밀리의서재),,moyo,True,,,LTE,11.0,,11.0,False,3Mbps,2.0,,,,unsupported,True,,,True,,40590,15200,모요 프로모션 할인,7,2,0,,,,,"네이버페이, 3대 마트 상품권 2만원 | 네이버페이 5,000원",283,https://www.moyoplan.com/plans/25700,2026-08-11T01:43:06.687727+00:00
MVNO,LGU+,KG모바일,36688,36688,official_code,[평생할인] 유심 5G 125GB+,,moyo,True,,,5G,125.0,,125.0,False,5Mbps,,,,,unsupported,True,,300,True,,29600,29600,,,1,0,,,,,일반 유심/배송비 무료,998,https://www.moyoplan.com/plans/36688,2026-08-11T01:43:06.687727+00:00
MVNO,LGU+,모나,23406,23406,official_code,NA알뜰11G+일2G+3Mbps,,moyo,True,,,LTE,11.0,,11.0,False,3Mbps,2.0,,,,undisclosed,True,,,True,,39600,25900,모요 프로모션 할인,24,2,0,,,,,NFC 유심 무료 제공 | 4대 편의점 최대 10.1%적립,809,https://www.moyoplan.com/plans/23406,2026-08-11T01:43:06.687727+00:00
MVNO,SKT,티플러스,31049,31049,official_code,티플 100GB+(이디야커피),,moyo,True,,,LTE,100.0,,100.0,False,5Mbps,,,,,unsupported,True,,,True,,55000,14900,모요 프로모션 할인,7,1,0,,,,,"12개월간 이디야 모바일권 5,000원권 증정",878,https://www.moyoplan.com/plans/31049,2026-08-11T01:43:06.687727+00:00
MVNO,SKT,이야기모바일,10898,10898,official_code,내맘대로S(100+10GB),,moyo,True,,,LTE,10.0,,10.0,False,,,,,,unsupported,False,100,,False,100,14300,10,모요 프로모션 할인,7,1,0,,,,,"네이버페이 5,000원",1579,https://www.moyoplan.com/plans/10898,2026-08-11T01:43:06.687727+00:00
MVNO,LGU+,U+유모바일,26272,26272,official_code,[평생할인] 2.5GB/통화기본,,moyo,True,,,LTE,2.5,,2.5,False,,,,,,within_data,True,,50,True,,6900,6900,,,0,0,,,,,,304,https://www.moyoplan.com/plans/26272,2026-08-11T01:43:06.687727+00:00
MVNO,LGU+,슈가모바일,23170,23170,official_code,5G Sugar 통화마음대로 125GB++,,moyo,True,,번호이동은(쓰던 번호 그대로 개통) 현재 통신사를 90일 이상 사용한 경우에만 가능해요.,5G,125.0,,125.0,False,5Mbps,,,,,undisclosed,True,,,True,,47000,29000,모요 프로모션 할인,24,1,0,,,,,개통완료 시 유심/배송비 무료 1개,209,https://www.moyoplan.com/plans/23170,2026-08-11T01:43:06.687727+00:00
MVNO,KT,티플러스,31823,31823,official_code,가성비플러스(5GB/350분),,moyo,True,,,LTE,5.0,,5.0,False,,,,,,unsupported,False,350,,False,100,8800,10,모요 프로모션 할인,6,4,0,,,,,3대마트 상품권/네이버페이 1만원 증정 | 마트 상품권/네이버페이 1만원 증정,3055,https://www.moyoplan.com/plans/31823,2026-08-11T01:43:06.687727+00:00
MVNO,KT,KT엠모바일,36977,36977,official_code,5G 모두다 맘껏 110GB+(밀리의 서재 FREE),,moyo,True,,,5G,110.0,,110.0,False,5Mbps,,,,,undisclosed,True,,,True,,41500,41500,,,2,1,밀리의서재,,,,M마켓 포인트 16만원 (2만 X 8개월),1604,https://www.moyoplan.com/plans/36977,2026-08-11T01:43:06.687727+00:00
MVNO,SKT,티플러스,26796,26796,official_code,가성비플러스(6GB/350분),,moyo,True,,,LTE,6.0,,6.0,False,,,,,,unsupported,False,350,,False,100,9900,10,모요 프로모션 할인,9,1,0,,,,,쇼핑엔티 홈쇼핑 3천원 쿠폰 12개월 증정,5911,https://www.moyoplan.com/plans/26796,2026-08-11T01:43:06.687727+00:00
MVNO,SKT,티플러스,23770,23770,official_code,티플 가성비(300분/6GB)_평생요금,,moyo,True,,,LTE,6.0,,6.0,False,,,,,,unsupported,False,300,,False,300,1900,1900,,,1,0,,,,,쇼핑엔티 홈쇼핑 3천원 쿠폰 12개월 증정,55848,https://www.moyoplan.com/plans/23770,2026-08-11T01:43:06.687727+00:00
MVNO,SKT,이야기모바일,20322,20322,official_code,함께이야기해S(300분+15GB),,moyo,True,,,LTE,15.0,,15.0,False,,,,,,unsupported,False,300,,False,150,20350,13200,모요 프로모션 할인,12,1,0,,,,,"네이버페이 5,000원",53,https://www.moyoplan.com/plans/20322,2026-08-11T01:43:06.687727+00:00
MVNO,KT,티플러스,26837,26837,official_code,가성비플러스(20GB/350분),,moyo,True,,,LTE,20.0,,20.0,False,,,,,,unsupported,False,350,,False,100,29700,100,모요 프로모션 할인,7,2,0,,,,,마트 상품권/네이버페이 1만원 증정,3734,https://www.moyoplan.com/plans/26837,2026-08-11T01:43:06.687727+00:00
MVNO,LGU+,이지모바일,36993,36993,official_code,이지 데이터 15G+1/300분,,moyo,True,,,5G,15.0,,15.0,False,1Mbps,,,,,unsupported,False,300,,False,300,26400,6400,모요 프로모션 할인,6,0,0,,,,,,141,https://www.moyoplan.com/plans/36993,2026-08-11T01:43:06.687727+00:00
MVNO,KT,쉐이크모바일,35907,35907,official_code,[모요only] 쉐이크 LTE 100GB+_웨이브,,moyo,True,,,LTE,100.0,,100.0,False,5Mbps,,,,,undisclosed,True,,,True,,49500,17900,모요 프로모션 할인,7,2,1,웨이브,,,,매월 1천원 요금할인 (팝테일 가입·인증),227,https://www.moyoplan.com/plans/35907,2026-08-11T01:43:06.687727+00:00
MVNO,LGU+,인스모바일,11078,11078,official_code,올프리 4.5GB+(USIM),,moyo,True,,,LTE,4.5,,4.5,False,1Mbps,,,,,within_data,True,,300,True,,22000,10,모요 프로모션 할인,6,0,0,,,,,,1893,https://www.moyoplan.com/plans/11078,2026-08-11T01:43:06.687727+00:00
MVNO,LGU+,티플러스,33038,33038,official_code,5G 가성비플러스(10GB/350분),,moyo,True,,,5G,10.0,,10.0,False,,,,,,unsupported,False,350,,False,100,15400,10,모요 프로모션 할인,10,0,0,,,,,,785,https://www.moyoplan.com/plans/33038,2026-08-11T01:43:06.687727+00:00
MVNO,LGU+,KG모바일,20101,20101,official_code,"[일반] 통화, 데이터 마음대로 11GB+_24개월",,moyo,True,,,LTE,11.0,,11.0,False,3Mbps,2.0,,,,unsupported,True,,,True,,41800,26200,모요 프로모션 할인,24,1,0,,,,,일반 유심/배송비 무료,396,https://www.moyoplan.com/plans/20101,2026-08-11T01:43:06.687727+00:00
MVNO,KT,쉐이크모바일,26611,26611,official_code,"[모요only] 쉐이크 LTE 7GB+_네이버페이 매 월 5,000원",,moyo,True,,,LTE,7.0,,7.0,False,1Mbps,,,,,undisclosed,True,,,True,,20300,10000,모요 프로모션 페이백/할인,12,3,0,,,,,"네이버페이 매달 5천원 페이백 (평생) | 네이버페이 매월 5,000P 제공 | 매월 1천원 요금할인 (팝테일 가입·인증)",138,https://www.moyoplan.com/plans/26611,2026-08-11T01:43:06.687727+00:00
MVNO,LGU+,티플러스,35504,35504,official_code,The 완전마음껏 100G+(다이소 매월 5000P),,moyo,True,,,LTE,100.0,,100.0,False,5Mbps,,,,,unsupported,True,,,True,,52800,30900,모요 프로모션 할인,24,1,0,,,,,"12개월 간 다이소 상품권 5,000원 쿠폰",134,https://www.moyoplan.com/plans/35504,2026-08-11T01:43:06.687727+00:00
MVNO,SKT,고고모바일,36196,36196,official_code,고고 LTE 300분/5GB_모요,,moyo,True,,,LTE,5.0,,5.0,False,,,,,,within_data,False,300,,False,300,12100,10,모요 프로모션 할인,7,0,0,,,,,,882,https://www.moyoplan.com/plans/36196,2026-08-11T01:43:06.687727+00:00
MVNO,LGU+,KG모바일,36210,36210,official_code,[일반] 데이터 마음대로 (6GB+/200분)_12개월,,moyo,True,,,LTE,6.0,,6.0,False,1Mbps,,,,,unsupported,False,200,,False,100,18900,900,모요 프로모션 할인,12,0,0,,,,,,621,https://www.moyoplan.com/plans/36210,2026-08-11T01:43:06.687727+00:00
MVNO,LGU+,찬스모바일,36269,36269,official_code,5G 음성기본 95GB+3Mbps,,moyo,True,,,5G,95.0,,95.0,False,3Mbps,,5.0,,5.0,quota,True,,300,True,,50600,14900,모요 프로모션 할인,7,1,0,,,,,유심/배송비 무료,474,https://www.moyoplan.com/plans/36269,2026-08-11T01:43:06.687727+00:00
MVNO,KT,고고모바일,27770,27770,official_code,[모요only] 무제한 7GB+1M(매월 네이버페이5000P),,moyo,True,,,LTE,7.0,,7.0,False,1Mbps,,,,,undisclosed,True,,,True,,24200,4900,모요 프로모션 페이백/할인,7,3,0,,,,,"네이버페이 매달 5천원 페이백(7개월) | 네이버페이 매월 5,000P 제공 | 마트상품권, 네이버페이 최대 2만원",295,https://www.moyoplan.com/plans/27770,2026-08-11T01:43:06.687727+00:00
MVNO,SKT,스마텔,25295,25295,official_code,스마일플러스 (100분+6GB),,moyo,True,,,LTE,6.0,,6.0,False,,,,,,unsupported,False,100,,False,100,9900,3300,모요 프로모션 할인,12,0,0,,,,,,381,https://www.moyoplan.com/plans/25295,2026-08-11T01:43:06.687727+00:00
MVNO,LGU+,KG모바일,35483,35483,official_code,"[평생할인] 통화, 데이터 마음대로 100GB+",,moyo,True,,,LTE,100.0,,100.0,False,5Mbps,,,,,unsupported,True,,,True,,32400,32400,,,1,0,,,,,일반 유심/배송비 무료,966,https://www.moyoplan.com/plans/35483,2026-08-11T01:43:06.687727+00:00
MVNO,KT,스마텔,25355,25355,official_code,스위트 11GB+(밀리의서재),,moyo,True,,신규 가입을 받지 않는 통신사입니다. 사용 중인 번호 그대로 통신사만 이동할 분들만 가입이 가능해요.,LTE,11.0,,11.0,False,3Mbps,2.0,11.0,,11.0,quota,True,,300,True,,41800,22500,모요 프로모션 할인,12,0,0,,,,,,183,https://www.moyoplan.com/plans/25355,2026-08-11T01:43:06.687727+00:00
MVNO,KT,KT스카이라이프,23106,23106,official_code,모두 충분 11GB+(후후안심),,moyo,True,,,LTE,11.0,,11.0,False,3Mbps,2.0,,,,within_data,True,,300,True,,33000,33000,,,2,0,,,,,"S-머니6만원(1만원X6개월) | 3대마트상품권, 네이버페이 2만원",724,https://www.moyoplan.com/plans/23106,2026-08-11T01:43:06.687727+00:00
MVNO,KT,KT스카이라이프,23117,23117,official_code,모두 충분 7GB+(후후안심),,moyo,True,,,LTE,7.0,,7.0,False,1Mbps,,,,,within_data,True,,300,True,,16200,16200,,,2,0,,,,,"S-머니3만원(5천원X6개월) | 3대마트상품권, 네이버페이 2만원",2740,https://www.moyoplan.com/plans/23117,2026-08-11T01:43:06.687727+00:00
MVNO,KT,KT엠모바일,37131,37131,official_code,통화 맘껏 2.5GB,,moyo,True,,,LTE,2.5,,2.5,False,,,,,,undisclosed,True,,,True,,5400,5400,,,2,0,,,,,삼성 자급제 이벤트 M마켓 포인트 10만원 | M마켓 포인트 6만원 (1만원 X 6개월),138,https://www.moyoplan.com/plans/37131,2026-08-11T01:43:06.687727+00:00
MVNO,KT,티플러스,26838,26838,official_code,가성비플러스(6GB/350분),,moyo,True,,,LTE,6.0,,6.0,False,,,,,,unsupported,False,350,,False,100,9900,10,모요 프로모션 할인,6,4,0,,,,,3대마트 상품권/네이버페이 1만원 증정 | 마트 상품권/네이버페이 1만원 증정,5911,https://www.moyoplan.com/plans/26838,2026-08-11T01:43:06.687727+00:00
MVNO,LGU+,티플러스,34904,34904,official_code,The 마음껏 매일5G＋(스타벅스 매월 5000P),,moyo,True,,,LTE,,,,False,5Mbps,5.0,,,,unsupported,True,,,True,,46200,30900,모요 프로모션 할인,24,1,0,,,,,"스타벅스 교환권 5,000P x 12개월 제공",59,https://www.moyoplan.com/plans/34904,2026-08-11T01:43:06.687727+00:00
MVNO,LGU+,슈가모바일,27454,27454,official_code,Sugar 통화마음대로 11GB+매일2GB+,,moyo,True,,번호이동은(쓰던 번호 그대로 개통) 현재 통신사를 90일 이상 사용한 경우에만 가능해요.,LTE,11.0,,11.0,False,3Mbps,2.0,,,,undisclosed,True,,,True,,39000,26800,모요 프로모션 할인,24,1,0,,,,,개통완료 시 유심/배송비 무료 1개,371,https://www.moyoplan.com/plans/27454,2026-08-11T01:43:06.687727+00:00
MVNO,KT,핀다이렉트,35835,35835,official_code,[모요only] [K] 핀다이렉트Z Light(12) _PIN,,moyo,True,,신규 가입을 받지 않는 통신사입니다. 사용 중인 번호 그대로 통신사만 이동할 분들만 가입이 가능해요.,LTE,15.0,,15.0,False,3Mbps,,,,,unsupported,False,100,,False,100,30800,17000,모요 프로모션 할인,12,3,0,,,,KT 데이터 결합 (추가데이터 10GB),"네이버페이, 마트 상품권 2만원 | 데이터 로밍 3일 무료 쿠폰",2663,https://www.moyoplan.com/plans/35835,2026-08-11T01:43:06.687727+00:00
MVNO,LGU+,찬스모바일,27200,27200,official_code,알찬5G 실속8G,,moyo,True,,,5G,8.0,,8.0,False,,,8.0,,8.0,quota,False,150,0,False,100,7700,10,모요 프로모션 할인,6,1,0,,,,,유심/배송비 무료,1881,https://www.moyoplan.com/plans/27200,2026-08-11T01:43:06.687727+00:00
MVNO,LGU+,시월모바일,34864,34864,official_code,두해 통화기본7GB+,,moyo,True,,,LTE,7.0,,7.0,False,1Mbps,,,,,unsupported,True,,300,True,,22050,10940,모요 프로모션 할인,24,1,0,,,,,유심/배송비 무료!,624,https://www.moyoplan.com/plans/34864,2026-08-11T01:43:06.687727+00:00
MVNO,KT,이지모바일,35793,35793,official_code,[5G]EG 12무제한 110G+5(모아진),,moyo,True,,,5G,110.0,,110.0,False,5Mbps,,40.0,,40.0,quota,True,,300,True,,48400,29000,모요 프로모션 할인,12,1,1,모아진(전세계 매거진) 무료 구독,,,,,133,https://www.moyoplan.com/plans/35793,2026-08-11T01:43:06.687727+00:00
MVNO,LGU+,티플러스,17287,17287,official_code,티플 데이터마음껏5G(100분),,moyo,True,,,LTE,5.0,,5.0,False,1Mbps,,,,,undisclosed,False,100,,False,100,11550,10,모요 프로모션 할인,10,0,0,,,,,,2624,https://www.moyoplan.com/plans/17287,2026-08-11T01:43:06.687727+00:00
MVNO,SKT,핀다이렉트,36242,36242,official_code,[모요only] [S] DIGITAL DETOX 7GB 챌린지 _PIN,,moyo,True,,신규 가입을 받지 않는 통신사입니다. 사용 중인 번호 그대로 통신사만 이동할 분들만 가입이 가능해요.,LTE,7.0,,7.0,False,,,,,,unsupported,False,100,,False,100,17600,10,모요 프로모션 할인,7,0,0,,,,,,963,https://www.moyoplan.com/plans/36242,2026-08-11T01:43:06.687727+00:00
MVNO,LGU+,이야기모바일,35497,35497,official_code,5G 함께이야기해(300분+15GB),,moyo,True,,,5G,15.0,,15.0,False,,,,,,unsupported,False,300,,False,100,18700,3300,모요 프로모션 할인,6,1,0,,,,,"네이버페이 5,000원",239,https://www.moyoplan.com/plans/35497,2026-08-11T01:43:06.687727+00:00
MVNO,LGU+,이지모바일,30912,30912,official_code,이지 더 오래쓰는 무제한 11G+3,,moyo,True,,,LTE,11.0,,11.0,False,3Mbps,2.0,,,,undisclosed,True,,,True,,39600,26620,모요 프로모션 할인,24,1,0,,,,,일반유심/배송비 무료,255,https://www.moyoplan.com/plans/30912,2026-08-11T01:43:06.687727+00:00
MVNO,KT,티플러스,33126,33126,official_code,5G 가성비플러스(6GB/350분),,moyo,True,,,5G,6.0,,6.0,False,,,,,,unsupported,False,350,,False,100,9900,10,모요 프로모션 할인,6,2,0,,,,,마트 상품권/네이버페이 1만원 증정,2281,https://www.moyoplan.com/plans/33126,2026-08-11T01:43:06.687727+00:00
MVNO,LGU+,KG모바일,29934,29934,official_code,"[KG모바일 스페셜] 통화, 데이터 마음대로 100GB+",,moyo,True,,,LTE,100.0,,100.0,False,5Mbps,,,,,unsupported,True,,300,True,,47300,16900,모요 프로모션 할인,7,2,0,,,,,"GS25 편의점 상품권 10,000원 | 일반 유심/배송비 무료",864,https://www.moyoplan.com/plans/29934,2026-08-11T01:43:06.687727+00:00
MVNO,KT,KT스카이라이프,23107,23107,official_code,모두 충분 15GB+(후후안심),,moyo,True,,,LTE,15.0,,15.0,False,1Mbps,,,,,within_data,True,,300,True,,20900,20900,,,2,0,,,,,"S-머니3만원(5천원X6개월) | 3대마트상품권, 네이버페이 2만원",902,https://www.moyoplan.com/plans/23107,2026-08-11T01:43:06.687727+00:00
MVNO,LGU+,티플러스,24023,24023,official_code,티플포유(5G/100분)_12개월할인,,moyo,True,,,5G,5.0,,5.0,False,,,,,,within_data,False,100,,False,100,8800,10,모요 프로모션 할인,12,0,0,,,,,,2028,https://www.moyoplan.com/plans/24023,2026-08-11T01:43:06.687727+00:00
MVNO,KT,고고모바일,24013,24013,official_code,[모요only] LTE 무제한 11GB+3M(CU20%할인),,moyo,True,,,LTE,11.0,,11.0,False,3Mbps,2.0,,,,within_data,True,,300,True,,38500,15100,모요 프로모션 할인,7,4,0,,,,추가데이터 20GB 제공,"3대 마트 상품권, 네이버페이 2만원 | CU 20% 오프라인 결제할인 | KT유심&배송비 무료",1348,https://www.moyoplan.com/plans/24013,2026-08-11T01:43:06.687727+00:00
MVNO,LGU+,KG모바일,27294,27294,official_code,[평생할인] 데이터 마음대로 (5GB+/200분),,moyo,True,,,LTE,5.0,,5.0,False,1Mbps,,,,,unsupported,False,200,,False,100,2900,2900,,,1,0,,,,,일반 유심/배송비 무료,1509,https://www.moyoplan.com/plans/27294,2026-08-11T01:43:06.687727+00:00
MVNO,LGU+,인스모바일,11073,11073,official_code,데이터 안심 6GB+(USIM),,moyo,True,,,LTE,6.0,,6.0,False,1Mbps,,,,,undisclosed,False,200,,False,100,27500,10,모요 프로모션 할인,6,0,0,,,,,,35,https://www.moyoplan.com/plans/11073,2026-08-11T01:43:06.687727+00:00
MVNO,LGU+,이지모바일,30865,30865,official_code,이지 무한 71GB+3,,moyo,True,,,LTE,11.0,,11.0,False,3Mbps,2.0,11.0,,11.0,quota,True,,300,True,,39600,15400,모요 프로모션 할인,7,1,0,,,,,일반유심/배송비 무료,293,https://www.moyoplan.com/plans/30865,2026-08-11T01:43:06.687727+00:00
MVNO,LGU+,KG모바일,29058,29058,official_code,[일반] 데이터 마음대로 (4.5GB+/200분)_12개월,,moyo,True,,,LTE,4.5,,4.5,False,1Mbps,,,,,unsupported,False,200,,False,0,17600,100,모요 프로모션 할인,12,1,0,,,,,일반 유심/배송비 무료,770,https://www.moyoplan.com/plans/29058,2026-08-11T01:43:06.687727+00:00
MVNO,LGU+,티플러스,31336,31336,official_code,The 완전마음껏11G+(컬쳐랜드 문화상품권 매월 5000P),,moyo,True,,,LTE,11.0,,11.0,False,3Mbps,2.0,,,,unsupported,True,,,True,,39600,27900,모요 프로모션 할인,24,1,0,,,,,컬쳐랜드 모바일상품권 5천원 증정(12개월),1377,https://www.moyoplan.com/plans/31336,2026-08-11T01:43:06.687727+00:00
MVNO,LGU+,티플러스,35509,35509,official_code,5G 티플온 95GB+_24개월 할인,,moyo,True,,,5G,95.0,,95.0,False,3Mbps,,,,,unsupported,True,,,True,,52800,24900,모요 프로모션 할인,24,0,0,,,,,,513,https://www.moyoplan.com/plans/35509,2026-08-11T01:43:06.687727+00:00
MVNO,LGU+,슈가모바일,36683,36683,official_code,5G 슈가통화마음대로 150GB++,,moyo,True,,번호이동은(쓰던 번호 그대로 개통) 현재 통신사를 90일 이상 사용한 경우에만 가능해요.,5G,150.0,,150.0,False,5Mbps,,,,,undisclosed,True,,,True,,55000,17900,모요 프로모션 할인,7,1,0,,,,,개통완료 시 유심/배송비 무료 1개,61,https://www.moyoplan.com/plans/36683,2026-08-11T01:43:06.687727+00:00
MVNO,LGU+,U+유모바일,26255,26255,official_code,[평생할인] 1GB+/통화기본,,moyo,True,,,LTE,1.0,,1.0,False,1Mbps,,,,,within_data,True,,110,True,,9900,9900,,,2,0,,,,,12만원 혜택(매월 이마트24 5천원) | 매달 hy 금액권 1만원(12만),3463,https://www.moyoplan.com/plans/26255,2026-08-11T01:43:06.687727+00:00
MVNO,KT,KT스카이라이프,18584,18584,official_code,모두 충분 100GB+(밀리의서재),,moyo,True,,,LTE,100.0,,100.0,False,5Mbps,,,,,within_data,True,,300,True,,38300,38300,,,3,1,밀리의서재,,,,"S-머니6만원(1만원X6개월) | 3대마트상품권, 네이버페이 2만원",1545,https://www.moyoplan.com/plans/18584,2026-08-11T01:43:06.687727+00:00
MVNO,SKT,티플러스,26797,26797,official_code,가성비플러스(10GB/350분),,moyo,True,,,LTE,10.0,,10.0,False,,,,,,unsupported,False,350,,False,100,15400,10,모요 프로모션 할인,7,1,0,,,,,쇼핑엔티 홈쇼핑 3천원 쿠폰 12개월 증정,7345,https://www.moyoplan.com/plans/26797,2026-08-11T01:43:06.687727+00:00
MVNO,LGU+,U+유모바일,26263,26263,official_code,[평생할인] 1GB+/100분,,moyo,True,,,LTE,1.0,,1.0,False,1Mbps,,,,,within_data,False,100,,False,100,7900,7900,,,0,0,,,,,,222,https://www.moyoplan.com/plans/26263,2026-08-11T01:43:06.687727+00:00
MVNO,LGU+,티플러스,31783,31783,official_code,The 완전마음껏11G+(카톡 이모티콘+예스24e북),,moyo,True,,,LTE,11.0,,11.0,False,3Mbps,2.0,,,,unsupported,True,,,True,,39600,27900,모요 프로모션 할인,24,2,1,예스24 크레마클럽 구독권 (12개월),,,,카카오이모티콘 플러스 매월 무료 제공,839,https://www.moyoplan.com/plans/31783,2026-08-11T01:43:06.687727+00:00
MVNO,LGU+,U+유모바일,24714,24714,official_code,교보문고 북 플러스알파 15GB+,,moyo,True,,,LTE,15.0,,15.0,False,1Mbps,,,,,within_data,True,,300,True,,22400,22400,,,3,0,,,,"우리결합시, 데이터 10GB 추가 증정",교보문고 sam무제한 이용권 제공 (24개월) | 교보문고 e교환권 1천원권 제공 (24개월),214,https://www.moyoplan.com/plans/24714,2026-08-11T01:43:06.687727+00:00
MVNO,KT,더원모바일,33936,33936,official_code,ONE 5G 20GB 300분,,moyo,True,,,5G,20.0,,20.0,False,,,,,,undisclosed,False,300,,False,200,29700,3300,모요 프로모션 할인,7,1,0,,,,,"3대 마트 상품권, 네이버페이 2만원",4741,https://www.moyoplan.com/plans/33936,2026-08-11T01:43:06.687727+00:00
MVNO,LGU+,찬스모바일,31330,31330,official_code,음성 200분 6GB+,,moyo,True,,,LTE,6.0,,6.0,False,1Mbps,,6.0,,6.0,quota,False,200,0,False,100,17600,10,모요 프로모션 할인,6,1,0,,,,,유심/배송비 무료,600,https://www.moyoplan.com/plans/31330,2026-08-11T01:43:06.687727+00:00
MVNO,LGU+,LG헬로모바일,10365,10365,official_code,슬림 안심 유심 1GB 100분,,moyo,True,,,LTE,1.0,,1.0,False,400Kbps,,,,,undisclosed,False,100,,False,50,8800,3800,모요 프로모션 페이백/할인,7,4,2,구글 AI프로+도미노피자 할인쿠폰 | 토스미·오픽미 AI 모의고사,,,,네이버페이 매달 5천원 페이백(7개월) | 프레딧 쿠폰 2만원(5천원*4개월),82,https://www.moyoplan.com/plans/10365,2026-08-11T01:43:06.687727+00:00
MVNO,SKT,이야기모바일,10899,10899,official_code,내맘대로S(200+10GB),,moyo,True,,,LTE,10.0,,10.0,False,,,,,,unsupported,False,200,,False,200,15400,11000,모요 프로모션 할인,12,1,0,,,,,"네이버페이 5,000원",21,https://www.moyoplan.com/plans/10899,2026-08-11T01:43:06.687727+00:00
MVNO,LGU+,티플러스,33088,33088,official_code,The 완전마음껏11G＋(올리브영 매월 5000P),,moyo,True,,,LTE,11.0,,11.0,False,3Mbps,2.0,,,,unsupported,True,,,True,,39600,27900,모요 프로모션 할인,24,1,0,,,,,"올리브영 12개월간 매월 5,000원 상품권",1732,https://www.moyoplan.com/plans/33088,2026-08-11T01:43:06.687727+00:00
MVNO,SKT,이야기모바일,13988,13988,official_code,5G 함께이야기해S (200분+20GB),,moyo,True,,,5G,20.0,,20.0,False,,,,,,unsupported,False,200,,False,100,18700,18700,,,1,0,,,,,"네이버페이 5,000원",216,https://www.moyoplan.com/plans/13988,2026-08-11T01:43:06.687727+00:00
MVNO,LGU+,찬스모바일,26875,26875,official_code,[CHM] 음성 200분 5GB,,moyo,True,,,LTE,5.0,,5.0,False,,,5.0,,5.0,quota,False,200,0,False,100,5500,10,모요 프로모션 할인,6,1,0,,,,,유심/배송비 무료,964,https://www.moyoplan.com/plans/26875,2026-08-11T01:43:06.687727+00:00
MVNO,KT,티플러스,36341,36341,official_code,5G 가성비플러스(30GB/350분)_12개월할인,,moyo,True,,,5G,30.0,,30.0,False,,,,,,unsupported,False,350,,False,100,39600,8900,모요 프로모션 할인,12,4,0,,,,,3대마트 상품권/네이버페이 1만원 증정 | 마트 상품권/네이버페이 1만원 증정,435,https://www.moyoplan.com/plans/36341,2026-08-11T01:43:06.687727+00:00
MVNO,KT,KT스카이라이프,10766,10766,official_code,통화 충분 1.5GB,,moyo,True,,,LTE,1.5,,1.5,False,,,,,,within_data,True,,0,True,,6600,6600,,,2,0,,,,,"S-머니3만원(5천원X6개월) | 3대마트상품권, 네이버페이 2만원",767,https://www.moyoplan.com/plans/10766,2026-08-11T01:43:06.687727+00:00
MVNO,LGU+,티플러스,26805,26805,official_code,가성비플러스(6GB/350분),,moyo,True,,,LTE,6.0,,6.0,False,,,,,,unsupported,False,350,,False,100,9900,10,모요 프로모션 할인,12,0,0,,,,,,5911,https://www.moyoplan.com/plans/26805,2026-08-11T01:43:06.687727+00:00
MVNO,SKT,핀다이렉트,36238,36238,official_code,[모요only] [S] 핀다이렉트Z _PIN,,moyo,True,,신규 가입을 받지 않는 통신사입니다. 사용 중인 번호 그대로 통신사만 이동할 분들만 가입이 가능해요.,LTE,11.0,,11.0,False,3Mbps,2.0,,,,unsupported,True,,300,True,,39600,15000,모요 프로모션 할인,7,1,0,,,,SKT 데이터 결합 (추가데이터 20GB),,1834,https://www.moyoplan.com/plans/36238,2026-08-11T01:43:06.687727+00:00
MVNO,LGU+,모나,35519,35519,official_code,모나500분8G,,moyo,True,,,LTE,8.0,,8.0,False,,,,,,unsupported,False,500,,False,200,33000,550,모요 프로모션 할인,12,2,0,,,,,NFC 유심 무료 제공 | 4대 편의점 최대 10.1%적립,87,https://www.moyoplan.com/plans/35519,2026-08-11T01:43:06.687727+00:00
MVNO,LGU+,이지모바일,30866,30866,official_code,이지 무한 100GB+5,,moyo,True,,,LTE,100.0,,100.0,False,5Mbps,,,,,undisclosed,True,,,True,,46200,19800,모요 프로모션 할인,7,1,0,,,,,일반유심/배송비 무료,357,https://www.moyoplan.com/plans/30866,2026-08-11T01:43:06.687727+00:00
MVNO,LGU+,U+유모바일,37113,37113,official_code,[Npay 12만 기본제공] 5G 150GB+/통화기본,,moyo,True,,,5G,150.0,,150.0,False,5Mbps,,,,,undisclosed,True,,,True,,49700,44700,모요 프로모션 페이백/할인,24,1,0,,,,,네이버페이 매달 5천원 페이백 (24개월),50,https://www.moyoplan.com/plans/37113,2026-08-11T01:43:06.687727+00:00
MVNO,SKT,티플러스,23097,23097,official_code,티플 5GB(5GB/300분),,moyo,True,,,LTE,5.0,,5.0,False,,,,,,undisclosed,False,300,,False,100,11000,10,모요 프로모션 할인,10,1,0,,,,,쇼핑엔티 홈쇼핑 3천원 쿠폰 12개월 증정,912,https://www.moyoplan.com/plans/23097,2026-08-11T01:43:06.687727+00:00
MVNO,KT,쉐이크모바일,23370,23370,official_code,[모요only] 쉐이크 LTE 15GB+/100분_CU,,moyo,True,,,LTE,15.0,,15.0,False,3Mbps,,,,,within_data,False,100,,False,100,33000,19000,모요 프로모션 할인,12,5,0,,,,SOLO결합(+10GB) | 데이터쿠폰 20GB,"매월 1천원 요금할인 (팝테일 가입·인증) | 마트상품권, 네이버페이 최대 2만원 | CU 20% 오프라인 결제할인",135,https://www.moyoplan.com/plans/23370,2026-08-11T01:43:06.687727+00:00
MVNO,KT,KT스카이라이프,31003,31003,official_code,모두 충분 11GB+(모아진),,moyo,True,,,LTE,11.0,,11.0,False,3Mbps,2.0,,,,within_data,True,,300,True,,33000,33000,,,2,0,,,,,"S-머니6만원(1만원X6개월) | 3대마트상품권, 네이버페이 2만원",612,https://www.moyoplan.com/plans/31003,2026-08-11T01:43:06.687727+00:00
MVNO,LGU+,마블링,36597,36597,official_code,[모요only] 마블링 프라임 15GB+1Mbps,,moyo,True,,신규가입 시 본인확인 해피콜과 본인입증서류 제출을 요청 드릴 수 있습니다.,LTE,15.0,,15.0,False,1Mbps,,,,,undisclosed,True,,,True,,25840,9600,모요 프로모션 할인,7,1,0,,,,,일반유심/배송비 무료,15765,https://www.moyoplan.com/plans/36597,2026-08-11T01:43:06.687727+00:00
MVNO,KT,더원모바일,33931,33931,official_code,ONE 5G 12GB 100분,,moyo,True,,,5G,12.0,,12.0,False,,,,,,undisclosed,False,100,,False,100,17600,110,모요 프로모션 할인,7,1,0,,,,,"3대 마트 상품권, 네이버페이 2만원",603,https://www.moyoplan.com/plans/33931,2026-08-11T01:43:06.687727+00:00
MVNO,KT,고고모바일,34918,34918,official_code,[모요only] 100분/15GB+3M(밀리의서재 Free),,moyo,True,,,LTE,15.0,,15.0,False,3Mbps,,,,,within_data,False,100,,False,100,29700,12400,모요 프로모션 할인,7,4,1,밀리의서재,,,추가데이터 10GB 제공,"3대 마트 상품권, 네이버페이 2만원 | KT유심&배송비 무료",1174,https://www.moyoplan.com/plans/34918,2026-08-11T01:43:06.687727+00:00
MVNO,LGU+,KG모바일,26729,26729,official_code,"[모빌카드 스페셜] 통화, 데이터 마음대로 100GB+",,moyo,True,,,LTE,100.0,,100.0,False,5Mbps,,,,,unsupported,True,,300,True,,47300,16900,모요 프로모션 할인,7,2,0,,,,,"네이버페이 10,000원 | 일반 유심/배송비 무료",2029,https://www.moyoplan.com/plans/26729,2026-08-11T01:43:06.687727+00:00
MVNO,LGU+,시월모바일,34880,34880,official_code,두해 통화기본매일5GB+,,moyo,True,,,LTE,,,,False,5Mbps,5.0,,,,undisclosed,True,,,True,,46250,29090,모요 프로모션 할인,24,1,0,,,,,유심/배송비 무료!,62,https://www.moyoplan.com/plans/34880,2026-08-11T01:43:06.687727+00:00
MVNO,LGU+,이지모바일,30913,30913,official_code,이지 더 오래쓰는 무제한 100G+5,,moyo,True,,,LTE,100.0,,100.0,False,5Mbps,,,,,undisclosed,True,,,True,,46200,29480,모요 프로모션 할인,24,1,0,,,,,일반유심/배송비 무료,856,https://www.moyoplan.com/plans/30913,2026-08-11T01:43:06.687727+00:00
MVNO,LGU+,티플러스,26860,26860,official_code,The 완전마음껏 15GB＋_평생요금,,moyo,True,,,LTE,15.0,,15.0,False,1Mbps,,,,,unsupported,True,,,True,,16900,16900,,,0,0,,,,,,769,https://www.moyoplan.com/plans/26860,2026-08-11T01:43:06.687727+00:00
MVNO,LGU+,인스모바일,24530,24530,official_code,실속 300분+5GB(USIM),,moyo,True,,,LTE,5.0,,5.0,False,,,,,,within_data,False,300,,False,100,20910,10,모요 프로모션 할인,6,0,0,,,,,,195,https://www.moyoplan.com/plans/24530,2026-08-11T01:43:06.687727+00:00
MVNO,KT,KT스카이라이프,21269,21269,official_code,모두 충분 100GB+(CU),,moyo,True,,,LTE,100.0,,100.0,False,5Mbps,,,,,within_data,True,,300,True,,38200,38200,,,3,0,,,,,"S-머니6만원(1만원X6개월) | CU 연간 6만원 할인 평생 제공 | 3대마트상품권, 네이버페이 2만원",6228,https://www.moyoplan.com/plans/21269,2026-08-11T01:43:06.687727+00:00
MVNO,LGU+,인스모바일,24528,24528,official_code,실속 200분+3GB(USIM),,moyo,True,,,LTE,3.0,,3.0,False,,,,,,undisclosed,False,200,,False,50,16500,10,모요 프로모션 할인,6,0,0,,,,,,88,https://www.moyoplan.com/plans/24528,2026-08-11T01:43:06.687727+00:00
MVNO,KT,티플러스,24432,24432,official_code,완전마음껏 100GB＋＋(네이버페이 매월 5000P),,moyo,True,,,LTE,100.0,,100.0,False,5Mbps,,,,,unsupported,True,,,True,,50000,19500,모요 프로모션 페이백/할인,7,3,0,,,,,네이버페이 매달 5천원 페이백 (평생) | 마트 상품권/네이버페이 1만원 증정,247,https://www.moyoplan.com/plans/24432,2026-08-11T01:43:06.687727+00:00
MVNO,LGU+,모나,36338,36338,official_code,모나300분4.5G안심1,,moyo,True,,,LTE,4.5,,4.5,False,1Mbps,,,,,within_data,False,300,,False,200,27500,1000,모요 프로모션 할인,12,2,0,,,,,NFC 유심 무료 제공 | 4대 편의점 최대 10.1%적립,399,https://www.moyoplan.com/plans/36338,2026-08-11T01:43:06.687727+00:00
MVNO,LGU+,KG모바일,13910,13910,official_code,"[모빌카드 스페셜] 통화, 데이터 마음대로 Pro",,moyo,True,,,LTE,,,,False,5Mbps,5.0,,,,unsupported,True,,,True,,47300,16900,모요 프로모션 할인,7,2,0,,,,,"네이버페이 10,000원 | 일반 유심/배송비 무료",342,https://www.moyoplan.com/plans/13910,2026-08-11T01:43:06.687727+00:00
MVNO,KT,고고모바일,17399,17399,official_code,무제한일 5GB + 5Mbps,,moyo,True,,,LTE,,,,False,5Mbps,5.0,,,,unsupported,True,,,True,,42020,42020,,,3,0,,,,추가데이터 20GB 제공,"마트상품권, 네이버페이 최대 2만원 | KT유심&배송비 무료",47,https://www.moyoplan.com/plans/17399,2026-08-11T01:43:06.687727+00:00
MVNO,LGU+,LG헬로모바일,11420,11420,official_code,보편 유심 3.5GB 150분,,moyo,True,,,LTE,3.5,,3.5,False,,,,,,undisclosed,False,150,,False,100,8500,3500,모요 프로모션 페이백/할인,7,4,2,구글 AI프로+도미노피자 할인쿠폰 | 토스미·오픽미 AI 모의고사,,,,네이버페이 매달 5천원 페이백(7개월) | 프레딧 쿠폰 2만원(5천원*4개월),10,https://www.moyoplan.com/plans/11420,2026-08-11T01:43:06.687727+00:00
MVNO,SKT,고고모바일,35831,35831,official_code,고고 LTE 11GB+매일2GB+3M_모요,,moyo,True,,,LTE,11.0,,11.0,False,3Mbps,2.0,11.0,,11.0,quota,True,,300,True,,38500,12900,모요 프로모션 할인,7,0,0,,,,,,1657,https://www.moyoplan.com/plans/35831,2026-08-11T01:43:06.687727+00:00
MVNO,LGU+,티플러스,19978,19978,official_code,티플 데이터마음껏10G(100분),,moyo,True,,,LTE,10.0,,10.0,False,1Mbps,,,,,undisclosed,False,100,,False,100,17500,10,모요 프로모션 할인,7,0,0,,,,,,3349,https://www.moyoplan.com/plans/19978,2026-08-11T01:43:06.687727+00:00
MVNO,LGU+,이야기모바일,20569,20569,official_code,이야기 6GB 350분,,moyo,True,,,LTE,6.0,,6.0,False,,,,,,unsupported,False,350,,False,100,5500,3300,모요 프로모션 할인,24,0,0,,,,,,12,https://www.moyoplan.com/plans/20569,2026-08-11T01:43:06.687727+00:00
MVNO,KT,KT스카이라이프,9577,9577,official_code,데이터 충분 15GB+/100분,,moyo,True,,,LTE,15.0,,15.0,False,3Mbps,,,,,within_data,False,100,0,False,100,25300,25300,,,2,0,,,,,"S-머니3만원(5천원X6개월) | 3대마트상품권, 네이버페이 2만원",536,https://www.moyoplan.com/plans/9577,2026-08-11T01:43:06.687727+00:00
MVNO,LGU+,모나,23405,23405,official_code,NA수다300데이터15GB+,,moyo,True,,,LTE,15.0,,15.0,False,3Mbps,,,,,undisclosed,False,300,,False,300,34100,21900,모요 프로모션 할인,24,2,0,,,,,NFC 유심 무료 제공 | 4대 편의점 최대 10.1%적립,115,https://www.moyoplan.com/plans/23405,2026-08-11T01:43:06.687727+00:00
MVNO,LGU+,이지모바일,30914,30914,official_code,이지 더 오래쓰는 무제한 일5G+5,,moyo,True,,,LTE,,,,False,5Mbps,5.0,,,,undisclosed,True,,,True,,46200,29480,모요 프로모션 할인,24,1,0,,,,,일반유심/배송비 무료,117,https://www.moyoplan.com/plans/30914,2026-08-11T01:43:06.687727+00:00
MVNO,SKT,이야기모바일,29086,29086,official_code,5G 함께이야기해S 무한 15GB,,moyo,True,,,5G,15.0,,15.0,False,,,,,,unsupported,True,,,True,,18700,18700,,,1,0,,,,,"네이버페이 5,000원",531,https://www.moyoplan.com/plans/29086,2026-08-11T01:43:06.687727+00:00
MVNO,SKT,티플러스,27412,27412,official_code,티플 CGV 100GB＋,,moyo,True,,,LTE,100.0,,100.0,False,5Mbps,,,,,unsupported,True,,,True,,59400,15500,모요 프로모션 할인,7,2,0,,,,,CGV 2D영화 8천원 관람권 2매 | CGV 스몰세트 교환권,896,https://www.moyoplan.com/plans/27412,2026-08-11T01:43:06.687727+00:00
MVNO,LGU+,슈가모바일,36681,36681,official_code,5G 슈가통화마음대로 95GB+,,moyo,True,,번호이동은(쓰던 번호 그대로 개통) 현재 통신사를 90일 이상 사용한 경우에만 가능해요.,5G,95.0,,95.0,False,3Mbps,,,,,undisclosed,True,,,True,,50050,16000,모요 프로모션 할인,7,1,0,,,,,개통완료 시 유심/배송비 무료 1개,22,https://www.moyoplan.com/plans/36681,2026-08-11T01:43:06.687727+00:00
MVNO,LGU+,스마텔,32616,32616,official_code,데이터충분히(10G+200분),,moyo,True,,신규 가입을 받지 않는 통신사입니다. 사용 중인 번호 그대로 통신사만 이동할 분들만 가입이 가능해요.,LTE,10.0,,10.0,False,,,10.0,,10.0,quota,False,200,,False,100,15400,10,모요 프로모션 할인,8,0,0,,,,,,982,https://www.moyoplan.com/plans/32616,2026-08-11T01:43:06.687727+00:00
MVNO,SKT,이야기모바일,29081,29081,official_code,함께이야기해S 무한 20GB,,moyo,True,,,LTE,20.0,,20.0,False,,,,,,unsupported,True,,,True,,23100,18800,모요 프로모션 할인,12,1,0,,,,,"네이버페이 5,000원",136,https://www.moyoplan.com/plans/29081,2026-08-11T01:43:06.687727+00:00
MVNO,KT,이야기모바일,25701,25701,official_code,이야기K 데이터 11GB+(CU할인),,moyo,True,,,LTE,11.0,,11.0,False,3Mbps,2.0,,,,unsupported,True,,,True,,40590,15200,모요 프로모션 할인,7,2,0,,,,,"네이버페이, 3대 마트 상품권 2만원 | 네이버페이 5,000원",440,https://www.moyoplan.com/plans/25701,2026-08-11T01:43:06.687727+00:00
MVNO,SKT,티플러스,26799,26799,official_code,가성비플러스(20GB/350분),,moyo,True,,,LTE,20.0,,20.0,False,,,,,,unsupported,False,350,,False,100,29700,1900,모요 프로모션 할인,6,0,0,,,,,,3734,https://www.moyoplan.com/plans/26799,2026-08-11T01:43:06.687727+00:00
MVNO,LGU+,U+유모바일,37117,37117,official_code,[Npay 12만 기본제공] 5G 95GB+/통화기본,,moyo,True,,,5G,95.0,,95.0,False,3Mbps,,,,,undisclosed,True,,,True,,43300,38300,모요 프로모션 페이백/할인,24,1,0,,,,,네이버페이 매달 5천원 페이백 (24개월),39,https://www.moyoplan.com/plans/37117,2026-08-11T01:43:06.687727+00:00
MVNO,LGU+,티플러스,28167,28167,official_code,티플 100G+_평생할인!,,moyo,True,,,LTE,100.0,,100.0,False,5Mbps,,,,,unsupported,True,,,True,,29900,29900,,,0,0,,,,,,5610,https://www.moyoplan.com/plans/28167,2026-08-11T01:43:06.687727+00:00
MVNO,KT,KT스카이라이프,23449,23449,official_code,모두 충분 15GB+(CU),,moyo,True,,,LTE,15.0,,15.0,False,1Mbps,,,,,within_data,True,,300,True,,21900,21900,,,3,0,,,,,"S-머니3만원(5천원X6개월) | CU 연간 6만원 할인 평생 제공 | 3대마트상품권, 네이버페이 2만원",431,https://www.moyoplan.com/plans/23449,2026-08-11T01:43:06.687727+00:00
MVNO,LGU+,스마텔,28097,28097,official_code,스마트 11GB+ (24개월),,moyo,True,,신규 가입을 받지 않는 통신사입니다. 사용 중인 번호 그대로 통신사만 이동할 분들만 가입이 가능해요.,LTE,11.0,,11.0,False,3Mbps,2.0,,,,undisclosed,True,,,True,,40700,28000,모요 프로모션 할인,24,0,0,,,,,,43,https://www.moyoplan.com/plans/28097,2026-08-11T01:43:06.687727+00:00
MVNO,LGU+,KG모바일,36211,36211,official_code,[평생할인] 데이터 마음대로 (4.5GB+/200분),,moyo,True,,,LTE,4.5,,4.5,False,1Mbps,,,,,unsupported,False,200,,False,100,2800,2800,,,1,0,,,,,일반 유심/배송비 무료,897,https://www.moyoplan.com/plans/36211,2026-08-11T01:43:06.687727+00:00
MVNO,LGU+,U+유모바일,28448,28448,official_code,데이터 플러스 15GB+/100분(평생 +10GB 추가 제공 프로모션),,moyo,True,,,LTE,25.0,,25.0,False,3Mbps,,15.0,,15.0,quota,False,100,100,False,100,26900,26900,,,2,0,,,,"우리결합시, 데이터 10GB 추가 증정",매달 hy 금액권 1만원(12만),276,https://www.moyoplan.com/plans/28448,2026-08-11T01:43:06.687727+00:00
MVNO,LGU+,LG헬로모바일,36265,36265,official_code,[혜택형] 5G 유심 중간요금제 95GB,,moyo,True,,,5G,95.0,,95.0,False,3Mbps,,,,,undisclosed,True,,,True,,44000,29000,모요 프로모션 페이백/할인,24,3,0,,,,,네이버페이 매달 1.5만원 페이백(24개월) | 갤럭시 자급제 이벤트 신세계상품권 10만원 | 프레딧 쿠폰 2만원(5천원*4개월),91,https://www.moyoplan.com/plans/36265,2026-08-11T01:43:06.687727+00:00
MVNO,LGU+,인스모바일,11084,11084,official_code,데이터 안심 5GB+(USIM),,moyo,True,,,LTE,5.0,,5.0,False,1Mbps,,,,,within_data,False,200,,False,100,25300,10,모요 프로모션 할인,6,0,0,,,,,,119,https://www.moyoplan.com/plans/11084,2026-08-11T01:43:06.687727+00:00
MVNO,LGU+,KG모바일,36306,36306,official_code,[평생할인] 데이터 마음대로 (10GB+/200분),,moyo,True,,,LTE,10.0,,10.0,False,1Mbps,,,,,unsupported,False,200,,False,100,5800,5800,,,1,0,,,,,일반 유심/배송비 무료,371,https://www.moyoplan.com/plans/36306,2026-08-11T01:43:06.687727+00:00
MVNO,LGU+,인스모바일,14275,14275,official_code,인스 유심 스피드(5G) 음성200분+5GB,,moyo,True,,,5G,5.0,,5.0,False,,,,,,undisclosed,False,200,,False,100,25300,10,모요 프로모션 할인,6,0,0,,,,,,64,https://www.moyoplan.com/plans/14275,2026-08-11T01:43:06.687727+00:00
MVNO,KT,더원모바일,33811,33811,official_code,TOP 7GB 기본 (밀리의서재),,moyo,True,,,LTE,7.0,,7.0,False,1Mbps,,,,,undisclosed,True,,,True,,22000,550,모요 프로모션 할인,4,0,0,,,,,,2605,https://www.moyoplan.com/plans/33811,2026-08-11T01:43:06.687727+00:00
MVNO,LGU+,LG헬로모바일,10385,10385,official_code,보편 유심 5GB 200분,,moyo,True,,,LTE,5.0,,5.0,False,,,,,,undisclosed,False,200,,False,100,9900,4900,모요 프로모션 페이백/할인,7,4,2,구글 AI프로+도미노피자 할인쿠폰 | 토스미·오픽미 AI 모의고사,,,,네이버페이 매달 5천원 페이백(7개월) | 프레딧 쿠폰 2만원(5천원*4개월),13,https://www.moyoplan.com/plans/10385,2026-08-11T01:43:06.687727+00:00
MVNO,LGU+,이지모바일,33073,33073,official_code,이지 데이터 10GB,,moyo,True,,,LTE,10.0,,10.0,False,,,,,,unsupported,False,300,,False,100,19800,10,모요 프로모션 할인,6,1,0,,,,,일반유심/배송비 무료,90,https://www.moyoplan.com/plans/33073,2026-08-11T01:43:06.687727+00:00
MVNO,LGU+,이야기모바일,15076,15076,official_code,이야기 라이트 100분10GB+,,moyo,True,,,LTE,10.0,,10.0,False,1Mbps,,,,,unsupported,False,100,,False,100,14300,9900,모요 프로모션 할인,24,2,0,,,,,"네이버페이 3만원 | 네이버페이 5,000원",62,https://www.moyoplan.com/plans/15076,2026-08-11T01:43:06.687727+00:00
MVNO,LGU+,티플러스,26992,26992,official_code,The 마음껏 매일5G+(다이소 매월 5000P),,moyo,True,,,LTE,,,,False,5Mbps,5.0,,,,unsupported,True,,,True,,46200,30900,모요 프로모션 할인,24,1,0,,,,,"12개월 간 다이소 상품권 5,000원 쿠폰",101,https://www.moyoplan.com/plans/26992,2026-08-11T01:43:06.687727+00:00
MVNO,SKT,티플러스,26801,26801,official_code,통화안심 10GB,,moyo,True,,,LTE,10.0,,10.0,False,,,,,,unsupported,True,,,False,100,19800,900,모요 프로모션 할인,6,0,0,,,,,,3343,https://www.moyoplan.com/plans/26801,2026-08-11T01:43:06.687727+00:00
MVNO,LGU+,시월모바일,27775,27775,official_code,시월 무제한 11GB+매일2GB+3Mbps,,moyo,True,,,LTE,,,,True,3Mbps,2.0,,,,undisclosed,True,,,True,,39680,12730,모요 프로모션 할인,7,1,0,,,,,유심/배송비 무료!,380,https://www.moyoplan.com/plans/27775,2026-08-11T01:43:06.687727+00:00
MVNO,LGU+,슈가모바일,28699,28699,official_code,MANIA 통화무제한 100GB++,,moyo,True,,번호이동은(쓰던 번호 그대로 개통) 현재 통신사를 90일 이상 사용한 경우에만 가능해요.,LTE,100.0,,100.0,False,5Mbps,,,,,undisclosed,True,,,True,,50900,30900,모요 프로모션 할인,24,1,0,,,,,개통완료 시 유심/배송비 무료 1개,262,https://www.moyoplan.com/plans/28699,2026-08-11T01:43:06.687727+00:00
MVNO,LGU+,티플러스,26991,26991,official_code,The 완전마음껏11G+(다이소 매월 5000P),,moyo,True,,,LTE,11.0,,11.0,False,3Mbps,2.0,,,,unsupported,True,,,True,,39600,27900,모요 프로모션 할인,24,1,0,,,,,"12개월 간 다이소 상품권 5,000원 쿠폰",2445,https://www.moyoplan.com/plans/26991,2026-08-11T01:43:06.687727+00:00
MVNO,LGU+,U+유모바일,30009,30009,official_code,[올리브영 12만원] 15GB+/300분,,moyo,True,,,LTE,15.0,,15.0,False,3Mbps,,,,,within_data,False,300,,False,300,28450,28450,,,1,0,,,,,올리브영 12만원 혜택,194,https://www.moyoplan.com/plans/30009,2026-08-11T01:43:06.687727+00:00
MVNO,KT,이지모바일,30877,30877,official_code,EG 5G스탠다드 지니 110G+(지니뮤직),,moyo,True,,,5G,110.0,,110.0,False,5Mbps,,10.0,,10.0,quota,True,,300,True,,55000,33900,모요 프로모션 할인,12,2,1,지니뮤직,,,,일반유심/배송비 무료,148,https://www.moyoplan.com/plans/30877,2026-08-11T01:43:06.687727+00:00
MVNO,LGU+,티플러스,34903,34903,official_code,The 완전마음껏11G＋(스타벅스 매월 5000P),,moyo,True,,,LTE,11.0,,11.0,False,3Mbps,2.0,,,,unsupported,True,,,True,,39600,27900,모요 프로모션 할인,24,1,0,,,,,"스타벅스 교환권 5,000P x 12개월 제공",616,https://www.moyoplan.com/plans/34903,2026-08-11T01:43:06.687727+00:00
MVNO,SKT,티플러스,24004,24004,official_code,티플 위드유 100GB＋(G car),,moyo,True,,,LTE,100.0,,100.0,False,5Mbps,,10.0,,10.0,quota,True,,,True,,48400,14800,모요 프로모션 할인,7,1,0,,,,,롯데렌터카 연간 패스 이용권,1737,https://www.moyoplan.com/plans/24004,2026-08-11T01:43:06.687727+00:00
MVNO,LGU+,LG헬로모바일,11200,11200,official_code,DATA 걱정없는 유심 1GB,,moyo,True,,,LTE,1.0,,1.0,False,1Mbps,,,,,undisclosed,True,,,True,,11550,2500,모요 프로모션 페이백/할인,7,4,2,구글 AI프로+도미노피자 할인쿠폰 | 토스미·오픽미 AI 모의고사,,,,네이버페이 매달 5천원 페이백(7개월) | 프레딧 쿠폰 2만원(5천원*4개월),827,https://www.moyoplan.com/plans/11200,2026-08-11T01:43:06.687727+00:00
MVNO,LGU+,슈가모바일,27453,27453,official_code,Sugar 데이터안심 매일5GB++,,moyo,True,,번호이동은(쓰던 번호 그대로 개통) 현재 통신사를 90일 이상 사용한 경우에만 가능해요.,LTE,,,,False,5Mbps,5.0,,,,undisclosed,True,,,True,,49000,30900,모요 프로모션 할인,24,1,0,,,,,개통완료 시 유심/배송비 무료 1개,56,https://www.moyoplan.com/plans/27453,2026-08-11T01:43:06.687727+00:00
MVNO,LGU+,티플러스,33037,33037,official_code,5G 가성비플러스(6GB/350분),,moyo,True,,,5G,6.0,,6.0,False,,,,,,unsupported,False,350,,False,100,9900,10,모요 프로모션 할인,12,0,0,,,,,,2281,https://www.moyoplan.com/plans/33037,2026-08-11T01:43:06.687727+00:00
MVNO,LGU+,인스모바일,13286,13286,official_code,[평생할인]실속 300분+5GB(USIM),,moyo,True,,,LTE,5.0,,5.0,False,,,,,,undisclosed,False,300,,False,100,2200,2200,,,0,0,,,,,,221,https://www.moyoplan.com/plans/13286,2026-08-11T01:43:06.687727+00:00
MVNO,LGU+,찬스모바일,34753,34753,official_code,[5G] 100분5G,,moyo,True,,,5G,5.0,,5.0,False,,,5.0,,5.0,quota,False,100,0,False,50,7700,10,모요 프로모션 할인,6,0,0,,,,,,589,https://www.moyoplan.com/plans/34753,2026-08-11T01:43:06.687727+00:00
MVNO,KT,더원모바일,33515,33515,official_code,TOP 7GB 기본 (밀리의서재),,moyo,True,,,LTE,7.0,,7.0,False,1Mbps,,,,,undisclosed,True,,,True,,22000,6930,모요 프로모션 할인,12,2,1,밀리의서재,,,솔로결합(+5GB),,3664,https://www.moyoplan.com/plans/33515,2026-08-11T01:43:06.687727+00:00
MVNO,KT,더원모바일,33937,33937,official_code,TOP 7GB 기본 (밀리의서재),,moyo,True,,,LTE,7.0,,7.0,False,1Mbps,,,,,undisclosed,True,,,True,,22000,2750,모요 프로모션 할인,7,2,1,밀리의서재,,,솔로결합(+5GB),,3664,https://www.moyoplan.com/plans/33937,2026-08-11T01:43:06.687727+00:00
MVNO,SKT,스마텔,25282,25282,official_code,스마일플러스 (200분+5GB),,moyo,True,,,LTE,5.0,,5.0,False,,,,,,unsupported,False,200,,False,100,9900,3300,모요 프로모션 할인,12,0,0,,,,,,186,https://www.moyoplan.com/plans/25282,2026-08-11T01:43:06.687727+00:00
MVNO,LGU+,찬스모바일,35495,35495,official_code,[CHM]5G 찬스 300분/15GB,,moyo,True,,,5G,15.0,,15.0,False,,,,,,undisclosed,False,300,,False,300,16500,3800,모요 프로모션 할인,6,1,0,,,,,유심/배송비 무료,114,https://www.moyoplan.com/plans/35495,2026-08-11T01:43:06.687727+00:00
MVNO,KT,핀다이렉트,28100,28100,official_code,[모요only] [K] 핀다이렉트Z + 밀리의서재 _PIN,,moyo,True,,신규 가입을 받지 않는 통신사입니다. 사용 중인 번호 그대로 통신사만 이동할 분들만 가입이 가능해요.,LTE,11.0,,11.0,False,3Mbps,2.0,,,,unsupported,True,,,True,,39600,17000,모요 프로모션 할인,7,2,1,밀리의서재,,,,"네이버페이, 마트 상품권 2만원",2103,https://www.moyoplan.com/plans/28100,2026-08-11T01:43:06.687727+00:00
MVNO,LGU+,슈가모바일,23171,23171,official_code,5G Sugar 통화마음대로 150GB++,,moyo,True,,번호이동은(쓰던 번호 그대로 개통) 현재 통신사를 90일 이상 사용한 경우에만 가능해요.,5G,150.0,,150.0,False,5Mbps,,,,,undisclosed,True,,,True,,50700,30500,모요 프로모션 할인,24,1,0,,,,,개통완료 시 유심/배송비 무료 1개,576,https://www.moyoplan.com/plans/23171,2026-08-11T01:43:06.687727+00:00
MVNO,LGU+,이야기모바일,29236,29236,official_code,이야기 데이터 FREE 15GB,,moyo,True,,,LTE,15.0,,15.0,False,3Mbps,,,,,unsupported,False,100,,False,100,38500,9500,모요 프로모션 할인,7,1,0,,,,,"네이버페이 5,000원",14646,https://www.moyoplan.com/plans/29236,2026-08-11T01:43:06.687727+00:00
MVNO,LGU+,모나,36164,36164,official_code,코나아이데이터11G+일2G,,moyo,True,,,LTE,11.0,,11.0,False,3Mbps,2.0,,,,undisclosed,True,,,True,,28500,28500,,,2,0,,,,,NFC 유심 무료 제공 | 4대 편의점 최대 10.1%적립,2214,https://www.moyoplan.com/plans/36164,2026-08-11T01:43:06.687727+00:00
MVNO,KT,KT스카이라이프,29400,29400,official_code,모두 충분 15GB+(올리브영_5000),,moyo,True,,,LTE,15.0,,15.0,False,1Mbps,,,,,within_data,True,,300,True,,23700,23700,,,2,0,,,,,"S-머니3만원(5천원X6개월) | 3대마트상품권, 네이버페이 2만원",53,https://www.moyoplan.com/plans/29400,2026-08-11T01:43:06.687727+00:00
MVNO,KT,티플러스,32240,32240,official_code,가성비플러스(20GB/350분)_평생요금,,moyo,True,,,LTE,20.0,,20.0,False,,,,,,unsupported,False,350,,False,100,7900,7900,,,2,0,,,,,마트 상품권/네이버페이 1만원 증정,775,https://www.moyoplan.com/plans/32240,2026-08-11T01:43:06.687727+00:00
MVNO,KT,KT스카이라이프,21271,21271,official_code,데이터 충분 15GB+/100분(CU),,moyo,True,,,LTE,15.0,,15.0,False,3Mbps,,,,,within_data,False,100,0,False,100,25300,25300,,,3,0,,,,,"S-머니3만원(5천원X6개월) | CU 연간 6만원 할인 평생 제공 | 3대마트상품권, 네이버페이 2만원",520,https://www.moyoplan.com/plans/21271,2026-08-11T01:43:06.687727+00:00
MVNO,LGU+,슈가모바일,23124,23124,official_code,5G Sugar 통화마음대로 95GB+,,moyo,True,,번호이동은(쓰던 번호 그대로 개통) 현재 통신사를 90일 이상 사용한 경우에만 가능해요.,5G,95.0,,95.0,False,3Mbps,,,,,undisclosed,True,,,True,,45500,28500,모요 프로모션 할인,24,1,0,,,,,개통완료 시 유심/배송비 무료 1개,323,https://www.moyoplan.com/plans/23124,2026-08-11T01:43:06.687727+00:00
MVNO,KT,핀다이렉트,30955,30955,official_code,[모요only] [K] 핀다이렉트Z 7GB+(네이버페이) _PIN,,moyo,True,,신규 가입을 받지 않는 통신사입니다. 사용 중인 번호 그대로 통신사만 이동할 분들만 가입이 가능해요.,LTE,7.0,,7.0,False,1Mbps,,,,,unsupported,True,,,True,,21400,7000,모요 프로모션 페이백/할인,7,3,0,,,,,"네이버페이 매달 5천원 페이백 (평생) | 네이버페이 5,000P 매월 평생 제공 | 네이버페이, 마트 상품권 2만원",33,https://www.moyoplan.com/plans/30955,2026-08-11T01:43:06.687727+00:00
MVNO,LGU+,티플러스,35505,35505,official_code,The 완전마음껏 100G+(컬쳐랜드 문화상품권 매월 5000P),,moyo,True,,,LTE,100.0,,100.0,False,5Mbps,,,,,unsupported,True,,,True,,52800,30900,모요 프로모션 할인,24,1,0,,,,,컬쳐랜드 모바일상품권 5천원 증정(12개월),102,https://www.moyoplan.com/plans/35505,2026-08-11T01:43:06.687727+00:00
MVNO,SKT,티플러스,27411,27411,official_code,티플 CGV 11GB＋,,moyo,True,,,LTE,11.0,,11.0,False,3Mbps,2.0,,,,unsupported,True,,,True,,51700,11900,모요 프로모션 할인,7,2,0,,,,,CGV 2D영화 8천원 관람권 2매 | CGV 스몰세트 교환권,490,https://www.moyoplan.com/plans/27411,2026-08-11T01:43:06.687727+00:00
MVNO,KT,KT스카이라이프,16396,16396,official_code,모두 충분 15GB+(밀리의서재),,moyo,True,,,LTE,15.0,,15.0,False,1Mbps,,,,,within_data,True,,300,True,,21500,21500,,,3,1,밀리의서재,,,,"S-머니3만원(5천원X6개월) | 3대마트상품권, 네이버페이 2만원",889,https://www.moyoplan.com/plans/16396,2026-08-11T01:43:06.687727+00:00
MVNO,KT,더원모바일,37151,37151,official_code,ONE 5G 10GB 200분,,moyo,True,,,5G,10.0,,10.0,False,,,,,,undisclosed,False,200,,False,100,19800,110,모요 프로모션 할인,7,1,0,,,,,"3대 마트 상품권, 네이버페이 2만원",19,https://www.moyoplan.com/plans/37151,2026-08-11T01:43:06.687727+00:00
MVNO,SKT,티플러스,24005,24005,official_code,티플 위드유 11GB＋(G car),,moyo,True,,,LTE,11.0,,11.0,False,3Mbps,2.0,,,,unsupported,True,,,True,,39600,9900,모요 프로모션 할인,7,1,0,,,,,롯데렌터카 연간 패스 이용권,1722,https://www.moyoplan.com/plans/24005,2026-08-11T01:43:06.687727+00:00
MVNO,SKT,핀다이렉트,19030,19030,official_code,[S] 핀다이렉트Z Light,,moyo,True,,신규 가입을 받지 않는 통신사입니다. 사용 중인 번호 그대로 통신사만 이동할 분들만 가입이 가능해요.,LTE,15.0,,15.0,False,3Mbps,,,,,unsupported,False,100,,False,100,28600,13000,모요 프로모션 할인,7,1,0,,,,SKT 데이터 결합 (추가데이터 10GB),,3517,https://www.moyoplan.com/plans/19030,2026-08-11T01:43:06.687727+00:00
MVNO,KT,더원모바일,36246,36246,official_code,TOP 11GB 기본 (쿠팡캐시),,moyo,True,,,LTE,11.0,,11.0,False,3Mbps,2.0,,,,within_data,True,,300,True,,40700,24090,모요 프로모션 할인,12,3,0,,,,솔로결합(+20GB),"3대 마트 상품권, 네이버페이 2만원 | 쿠팡캐시 5,000원",87,https://www.moyoplan.com/plans/36246,2026-08-11T01:43:06.687727+00:00
MVNO,LGU+,찬스모바일,34750,34750,official_code,음성 300분 15GB+3Mbps_24개월,,moyo,True,,,LTE,15.0,,15.0,False,3Mbps,,15.0,,15.0,quota,False,300,0,False,300,36300,20900,모요 프로모션 할인,24,0,0,,,,,,346,https://www.moyoplan.com/plans/34750,2026-08-11T01:43:06.687727+00:00
MVNO,LGU+,티플러스,27424,27424,official_code,티플 11G＋_24개월 할인,,moyo,True,,,LTE,11.0,,11.0,False,3Mbps,2.0,,,,unsupported,True,,,True,,39600,26500,모요 프로모션 할인,24,0,0,,,,,,90,https://www.moyoplan.com/plans/27424,2026-08-11T01:43:06.687727+00:00
MVNO,KT,이야기모바일,36171,36171,official_code,이야기 K 데이터 100GB+(밀리의서재),,moyo,True,,,LTE,100.0,,100.0,False,5Mbps,,,,,unsupported,True,,,True,,49200,29900,모요 프로모션 할인,18,2,0,,,,,"네이버페이, 3대 마트 상품권 2만원 | 네이버페이 5,000원",54,https://www.moyoplan.com/plans/36171,2026-08-11T01:43:06.687727+00:00
MVNO,LGU+,마블링,30830,30830,official_code,[모요only] 마블링 프라임 7GB+1Mbps,,moyo,True,,신규가입 시 본인확인 해피콜과 본인입증서류 제출을 요청 드릴 수 있습니다.,LTE,7.0,,7.0,False,1Mbps,,,,,undisclosed,True,,,True,,24190,3700,모요 프로모션 할인,7,1,0,,,,,일반유심/배송비 무료,56558,https://www.moyoplan.com/plans/30830,2026-08-11T01:43:06.687727+00:00
MVNO,LGU+,U+유모바일,26295,26295,official_code,[평생할인] 5G 5GB/200분,,moyo,True,,,5G,5.0,,5.0,False,,,,,,within_data,False,200,,False,100,7900,7900,,,0,0,,,,,,1065,https://www.moyoplan.com/plans/26295,2026-08-11T01:43:06.687727+00:00
MVNO,LGU+,U+유모바일,31036,31036,official_code,[평생할인] 일 5GB+/통화기본,,moyo,True,,,LTE,,,,False,5Mbps,5.0,,,,undisclosed,True,,,True,,38200,38200,,,1,0,,,,"우리결합시, 데이터 20GB 추가 증정",,308,https://www.moyoplan.com/plans/31036,2026-08-11T01:43:06.687727+00:00
MVNO,LGU+,인스모바일,13287,13287,official_code,[평생할인]실속 300분+3GB(USIM),,moyo,True,,,LTE,3.0,,3.0,False,,,,,,undisclosed,False,300,,False,100,2640,2640,,,0,0,,,,,,296,https://www.moyoplan.com/plans/13287,2026-08-11T01:43:06.687727+00:00
MVNO,KT,고고모바일,37093,37093,official_code,[모요only] 5G 200분/10GB_12개월,,moyo,True,,,5G,10.0,,10.0,False,,,,,,within_data,False,200,,False,100,18700,4400,모요 프로모션 할인,12,2,0,,,,,"3대 마트 상품권, 네이버페이 2만원 | KT유심&배송비 무료",34,https://www.moyoplan.com/plans/37093,2026-08-11T01:43:06.687727+00:00
MVNO,LGU+,KG모바일,20103,20103,official_code,[일반] 데이터 마음대로 (15GB+/100분)_24개월,,moyo,True,,,LTE,15.0,,15.0,False,3Mbps,,,,,unsupported,False,100,,False,100,33000,19900,모요 프로모션 할인,24,1,0,,,,,일반 유심/배송비 무료,74,https://www.moyoplan.com/plans/20103,2026-08-11T01:43:06.687727+00:00
MVNO,KT,스마텔,31739,31739,official_code,USIM 스위트 심플(200분+7GB),,moyo,True,,신규 가입을 받지 않는 통신사입니다. 사용 중인 번호 그대로 통신사만 이동할 분들만 가입이 가능해요.,LTE,7.0,,7.0,False,,,,,,unsupported,False,200,,False,100,12100,90,모요 프로모션 할인,7,0,0,,,,,,552,https://www.moyoplan.com/plans/31739,2026-08-11T01:43:06.687727+00:00
MVNO,KT,KT스카이라이프,18583,18583,official_code,모두 충분 11GB+(밀리의서재),,moyo,True,,,LTE,11.0,,11.0,False,3Mbps,2.0,,,,within_data,True,,300,True,,33100,33100,,,3,1,밀리의서재,,,,"S-머니6만원(1만원X6개월) | 3대마트상품권, 네이버페이 2만원",893,https://www.moyoplan.com/plans/18583,2026-08-11T01:43:06.687727+00:00
MVNO,LGU+,인스모바일,23974,23974,official_code,인스유심 스트롱 15GB+,,moyo,True,,,LTE,15.0,,15.0,False,3Mbps,,,,,undisclosed,False,100,,False,100,29600,7820,모요 프로모션 할인,7,0,0,,,,,,17496,https://www.moyoplan.com/plans/23974,2026-08-11T01:43:06.687727+00:00
MVNO,LGU+,모나,37128,37128,official_code,모나400분4.5G,,moyo,True,,,5G,4.5,,4.5,False,,,,,,unsupported,False,400,,False,200,25300,10,모요 프로모션 할인,15,0,0,,,,,,79,https://www.moyoplan.com/plans/37128,2026-08-11T01:43:06.687727+00:00
MVNO,LGU+,티플러스,31784,31784,official_code,The 마음껏 매일5G+(카톡 이모티콘+예스24e북),,moyo,True,,,LTE,,,,False,5Mbps,5.0,,,,unsupported,True,,,True,,46200,30900,모요 프로모션 할인,24,2,1,예스24 크레마클럽 구독권 (12개월),,,,카카오이모티콘 플러스 매월 무료 제공,63,https://www.moyoplan.com/plans/31784,2026-08-11T01:43:06.687727+00:00
MVNO,KT,더원모바일,33940,33940,official_code,TOP 7GB 기본 (네이버페이),,moyo,True,,,LTE,7.0,,7.0,False,1Mbps,,,,,undisclosed,True,,,True,,26400,4950,모요 프로모션 할인,7,2,0,,,,솔로결합(+5GB),"네이버페이 매월 5,000P 제공",136,https://www.moyoplan.com/plans/33940,2026-08-11T01:43:06.687727+00:00
MVNO,SKT,핀다이렉트,36241,36241,official_code,[모요only] [S] DIGITAL DETOX 5GB 챌린지 _PIN,,moyo,True,,신규 가입을 받지 않는 통신사입니다. 사용 중인 번호 그대로 통신사만 이동할 분들만 가입이 가능해요.,LTE,5.0,,5.0,False,,,,,,unsupported,False,100,,False,100,13200,10,모요 프로모션 할인,12,0,0,,,,,,1820,https://www.moyoplan.com/plans/36241,2026-08-11T01:43:06.687727+00:00
MVNO,LGU+,KG모바일,26360,26360,official_code,[평생할인] 데이터 마음대로 (15GB+/100분),,moyo,True,,,LTE,15.0,,15.0,False,3Mbps,,,,,unsupported,False,100,,False,100,22100,22100,,,1,0,,,,,일반 유심/배송비 무료,285,https://www.moyoplan.com/plans/26360,2026-08-11T01:43:06.687727+00:00
MVNO,KT,고고모바일,37092,37092,official_code,[모요only] LTE 200분/ 10GB_12개월,,moyo,True,,,LTE,10.0,,10.0,False,,,,,,within_data,False,200,,False,100,18480,4400,모요 프로모션 할인,12,2,0,,,,,"3대 마트 상품권, 네이버페이 2만원 | KT유심&배송비 무료",43,https://www.moyoplan.com/plans/37092,2026-08-11T01:43:06.687727+00:00
MVNO,SKT,고고모바일,35832,35832,official_code,고고 LTE 무제한 100GB+5M_모요,,moyo,True,,,LTE,100.0,,100.0,False,5Mbps,,30.0,,30.0,quota,True,,300,True,,47300,15900,모요 프로모션 할인,7,0,0,,,,,,4121,https://www.moyoplan.com/plans/35832,2026-08-11T01:43:06.687727+00:00
MVNO,LGU+,티플러스,35507,35507,official_code,The 완전마음껏 100G+(올리브영 매월 5000P),,moyo,True,,,LTE,100.0,,100.0,False,5Mbps,,,,,unsupported,True,,,True,,52800,30900,모요 프로모션 할인,24,1,0,,,,,"올리브영 12개월간 매월 5,000원 상품권",155,https://www.moyoplan.com/plans/35507,2026-08-11T01:43:06.687727+00:00
MVNO,LGU+,티플러스,31339,31339,official_code,The 마음껏 매일5G+(컬쳐랜드 문화상품권 매월 5000P),,moyo,True,,,LTE,,,,False,5Mbps,5.0,,,,unsupported,True,,,True,,46200,30900,모요 프로모션 할인,24,1,0,,,,,컬쳐랜드 모바일상품권 5천원 증정(12개월),67,https://www.moyoplan.com/plans/31339,2026-08-11T01:43:06.687727+00:00
MVNO,LGU+,티플러스,36254,36254,official_code,티플 7G+_24개월할인,,moyo,True,,,LTE,7.0,,7.0,False,1Mbps,,,,,unsupported,True,,,True,,22000,13500,모요 프로모션 할인,24,0,0,,,,,,71,https://www.moyoplan.com/plans/36254,2026-08-11T01:43:06.687727+00:00
MVNO,LGU+,슈가모바일,27456,27456,official_code,슈가칩3 7GB+,,moyo,True,,번호이동은(쓰던 번호 그대로 개통) 현재 통신사를 90일 이상 사용한 경우에만 가능해요.,LTE,7.0,,7.0,False,1Mbps,,,,,undisclosed,True,,,True,,22980,13200,모요 프로모션 할인,24,1,0,,,,,개통완료 시 유심/배송비 무료 1개,42,https://www.moyoplan.com/plans/27456,2026-08-11T01:43:06.687727+00:00
MVNO,LGU+,KG모바일,29933,29933,official_code,"[KG모바일 스페셜] 통화, 데이터 마음대로 Pro",,moyo,True,,,LTE,,,,False,5Mbps,5.0,,,,unsupported,True,,,True,,47300,16900,모요 프로모션 할인,7,2,0,,,,,"GS25 편의점 상품권 10,000원 | 일반 유심/배송비 무료",412,https://www.moyoplan.com/plans/29933,2026-08-11T01:43:06.687727+00:00
MVNO,KT,KT엠모바일,37132,37132,official_code,모두다 맘껏 안심 2.5GB+,,moyo,True,,,LTE,2.5,,2.5,False,400Kbps,,,,,undisclosed,True,,,True,,6400,6400,,,2,0,,,,,삼성 자급제 이벤트 M마켓 포인트 10만원 | M마켓 포인트 6만원 (1만원 X 6개월),88,https://www.moyoplan.com/plans/37132,2026-08-11T01:43:06.687727+00:00
MVNO,SKT,티플러스,35279,35279,official_code,티플북 11G+(도서문화상품권 매월 5000P),,moyo,True,,,LTE,11.0,,11.0,False,3Mbps,2.0,,,,unsupported,True,,,True,,48400,12900,모요 프로모션 할인,7,1,0,,,,,북앤라이프 5000P 도서문화상품권,95,https://www.moyoplan.com/plans/35279,2026-08-11T01:43:06.687727+00:00
MVNO,LGU+,KG모바일,36215,36215,official_code,[평생할인] 데이터 마음대로 (10GB+/100분),,moyo,True,,,LTE,10.0,,10.0,False,1Mbps,,,,,unsupported,False,100,,False,100,5600,5600,,,1,0,,,,,일반 유심/배송비 무료,1038,https://www.moyoplan.com/plans/36215,2026-08-11T01:43:06.687727+00:00
MVNO,KT,KT스카이라이프,33082,33082,official_code,모두 충분 100GB+(지니뮤직),,moyo,True,,,LTE,100.0,,100.0,False,5Mbps,,,,,within_data,True,,300,True,,42200,42200,,,2,0,,,,,"S-머니6만원(1만원X6개월) | 3대마트상품권, 네이버페이 2만원",202,https://www.moyoplan.com/plans/33082,2026-08-11T01:43:06.687727+00:00
MVNO,KT,고고모바일,31771,31771,official_code,[모요only] 5G 200분/12GB,,moyo,True,,,5G,12.0,,12.0,False,,,,,,within_data,False,200,,False,100,22000,10,모요 프로모션 할인,7,2,0,,,,,"3대 마트 상품권, 네이버페이 2만원 | KT유심&배송비 무료",1465,https://www.moyoplan.com/plans/31771,2026-08-11T01:43:06.687727+00:00
MVNO,KT,더원모바일,33961,33961,official_code,TOP 5G 110GB 기본 (밀리의서재),,moyo,True,,,5G,110.0,,110.0,False,5Mbps,,,,,undisclosed,True,,,True,,47300,22000,모요 프로모션 할인,7,3,1,밀리의서재,,,솔로결합(+20GB),"3대 마트 상품권, 네이버페이 2만원",389,https://www.moyoplan.com/plans/33961,2026-08-11T01:43:06.687727+00:00
MVNO,KT,더원모바일,34917,34917,official_code,ONE 5G 30GB 기본,,moyo,True,,,5G,30.0,,30.0,False,,,,,,undisclosed,True,,,True,,34100,15400,모요 프로모션 할인,9,1,0,,,,,"3대 마트 상품권, 네이버페이 2만원",37191,https://www.moyoplan.com/plans/34917,2026-08-11T01:43:06.687727+00:00
MVNO,LGU+,티플러스,35508,35508,official_code,The 완전마음껏 100G+(스타벅스 매월 5000P),,moyo,True,,,LTE,100.0,,100.0,False,5Mbps,,,,,unsupported,True,,,True,,52800,30900,모요 프로모션 할인,24,1,0,,,,,"스타벅스 교환권 5,000P x 12개월 제공",87,https://www.moyoplan.com/plans/35508,2026-08-11T01:43:06.687727+00:00
MVNO,KT,핀다이렉트,28101,28101,official_code,[모요only] [K] 핀다이렉트Z Max _PIN,,moyo,True,,신규 가입을 받지 않는 통신사입니다. 사용 중인 번호 그대로 통신사만 이동할 분들만 가입이 가능해요.,LTE,,,,False,5Mbps,5.0,,,,unsupported,True,,,True,,42900,20000,모요 프로모션 할인,7,3,0,,,,KT 데이터 결합 (추가데이터 20GB),"네이버페이, 마트 상품권 2만원 | 데이터 로밍 3일 무료 쿠폰",76,https://www.moyoplan.com/plans/28101,2026-08-11T01:43:06.687727+00:00
MVNO,LGU+,KG모바일,35502,35502,official_code,[일반] 실속 5G 15GB/300분,,moyo,True,,,5G,15.0,,15.0,False,,,,,,unsupported,False,300,,False,300,22000,8500,모요 프로모션 할인,12,0,0,,,,,,119,https://www.moyoplan.com/plans/35502,2026-08-11T01:43:06.687727+00:00
MVNO,KT,고고모바일,24193,24193,official_code,5G200분/7GB,,moyo,True,,,5G,7.0,,7.0,False,,,,,,within_data,False,200,,False,100,13420,13420,,,2,0,,,,,"3대 마트 상품권, 네이버페이 2만원 | KT유심&배송비 무료",57,https://www.moyoplan.com/plans/24193,2026-08-11T01:43:06.687727+00:00
MVNO,SKT,이야기모바일,13976,13976,official_code,함께이야기해S(100분+20GB),,moyo,True,,,LTE,20.0,,20.0,False,,,,,,unsupported,False,100,,False,200,23100,15400,모요 프로모션 할인,12,1,0,,,,,"네이버페이 5,000원",28,https://www.moyoplan.com/plans/13976,2026-08-11T01:43:06.687727+00:00
MVNO,KT,티플러스,36339,36339,official_code,가성비플러스(30GB/350분)_12개월할인,,moyo,True,,,LTE,30.0,,30.0,False,,,,,,unsupported,False,350,,False,100,39600,8900,모요 프로모션 할인,12,2,0,,,,,마트 상품권/네이버페이 1만원 증정,269,https://www.moyoplan.com/plans/36339,2026-08-11T01:43:06.687727+00:00
MVNO,LGU+,이지모바일,36673,36673,official_code,오래쓰는 데이터 7G+1,,moyo,True,,,LTE,7.0,,7.0,False,1Mbps,,7.0,,7.0,quota,True,,300,True,,18700,12100,모요 프로모션 할인,12,0,0,,,,,,13,https://www.moyoplan.com/plans/36673,2026-08-11T01:43:06.687727+00:00
MVNO,SKT,티플러스,20591,20591,official_code,티플 15GB(15GB/300분)_평생요금,,moyo,True,,,LTE,15.0,,15.0,False,,,,,,within_data,False,300,,False,100,6900,6900,,,1,0,,,,,쇼핑엔티 홈쇼핑 3천원 쿠폰 12개월 증정,866,https://www.moyoplan.com/plans/20591,2026-08-11T01:43:06.687727+00:00
MVNO,LGU+,이지모바일,30910,30910,official_code,이지 더 오래쓰는 무제한 10G+1,,moyo,True,,,LTE,10.0,,10.0,False,1Mbps,,,,,undisclosed,True,,,True,,24200,13750,모요 프로모션 할인,24,1,0,,,,,일반유심/배송비 무료,142,https://www.moyoplan.com/plans/30910,2026-08-11T01:43:06.687727+00:00
MVNO,KT,이야기모바일,25699,25699,official_code,이야기K 데이터 15GB+(CU할인),,moyo,True,,,LTE,15.0,,15.0,False,3Mbps,,,,,unsupported,False,100,,False,100,33000,13200,모요 프로모션 할인,7,2,0,,,,,"네이버페이, 3대 마트 상품권 2만원 | 네이버페이 5,000원",2446,https://www.moyoplan.com/plans/25699,2026-08-11T01:43:06.687727+00:00
MVNO,KT,핀다이렉트,35836,35836,official_code,[모요only] [K] 핀다이렉트Z Mini + 밀리의서재(12) _PIN,,moyo,True,,신규 가입을 받지 않는 통신사입니다. 사용 중인 번호 그대로 통신사만 이동할 분들만 가입이 가능해요.,LTE,7.0,,7.0,False,1Mbps,,,,,unsupported,True,,,True,,22000,11000,모요 프로모션 할인,12,2,1,밀리의서재,,,,"네이버페이, 마트 상품권 2만원",126,https://www.moyoplan.com/plans/35836,2026-08-11T01:43:06.687727+00:00
MVNO,LGU+,이야기모바일,26179,26179,official_code,이야기 데이터 심플(10GB),,moyo,True,,,LTE,10.0,,10.0,False,,,,,,unsupported,False,0,,False,0,9900,8800,모요 프로모션 할인,12,1,0,,,,,"네이버페이 5,000원",45,https://www.moyoplan.com/plans/26179,2026-08-11T01:43:06.687727+00:00
MVNO,KT,KT스카이라이프,32420,32420,official_code,모두 충분 15GB+(모아진),,moyo,True,,,LTE,15.0,,15.0,False,1Mbps,,,,,within_data,True,,300,True,,21400,21400,,,2,0,,,,,"S-머니3만원(5천원X6개월) | 3대마트상품권, 네이버페이 2만원",174,https://www.moyoplan.com/plans/32420,2026-08-11T01:43:06.687727+00:00
MVNO,LGU+,U+유모바일,26278,26278,official_code,[평생할인] 2.5GB/200분,,moyo,True,,,LTE,2.5,,2.5,False,,,,,,within_data,False,200,,False,100,6500,6500,,,0,0,,,,,,207,https://www.moyoplan.com/plans/26278,2026-08-11T01:43:06.687727+00:00
MVNO,KT,KT스카이라이프,32516,32516,official_code,모두 충분 7GB+(모아진),,moyo,True,,,LTE,7.0,,7.0,False,1Mbps,,,,,within_data,True,,300,True,,16200,16200,,,2,0,,,,,"S-머니3만원(5천원X6개월) | 3대마트상품권, 네이버페이 2만원",1191,https://www.moyoplan.com/plans/32516,2026-08-11T01:43:06.687727+00:00
MVNO,SKT,스마텔,25236,25236,official_code,스마일 11GB+,,moyo,True,,,LTE,11.0,,11.0,False,3Mbps,2.0,11.0,,11.0,quota,True,,300,True,,40700,16000,모요 프로모션 할인,7,0,0,,,,,,496,https://www.moyoplan.com/plans/25236,2026-08-11T01:43:06.687727+00:00
MVNO,LGU+,인스모바일,23034,23034,official_code,[24개월] 인스 유심 스트롱 11GB+,,moyo,True,,,LTE,11.0,,11.0,False,3Mbps,2.0,11.0,,11.0,quota,True,,300,True,,39000,25800,모요 프로모션 할인,24,0,0,,,,,,100,https://www.moyoplan.com/plans/23034,2026-08-11T01:43:06.687727+00:00
MVNO,LGU+,스마텔,25223,25223,official_code,USIM 심플 (100분 + 6GB),,moyo,True,,신규 가입을 받지 않는 통신사입니다. 사용 중인 번호 그대로 통신사만 이동할 분들만 가입이 가능해요.,LTE,6.0,,6.0,False,,,6.0,,6.0,quota,False,100,,False,100,9900,10,모요 프로모션 할인,10,0,0,,,,,,618,https://www.moyoplan.com/plans/25223,2026-08-11T01:43:06.687727+00:00
MVNO,KT,더원모바일,35531,35531,official_code,TOP 11GB 기본 (CU할인),,moyo,True,,,LTE,11.0,,11.0,False,3Mbps,2.0,,,,undisclosed,True,,,True,,38500,17600,모요 프로모션 할인,7,3,0,,,,솔로결합(+20GB),"3대 마트 상품권, 네이버페이 2만원 | CU 20% 오프라인 결제할인",10,https://www.moyoplan.com/plans/35531,2026-08-11T01:43:06.687727+00:00
MVNO,LGU+,티플러스,35860,35860,official_code,티플온 11G＋,,moyo,True,,,LTE,11.0,,11.0,False,3Mbps,2.0,,,,unsupported,True,,,True,,48400,9400,모요 프로모션 할인,7,0,0,,,,,,2688,https://www.moyoplan.com/plans/35860,2026-08-11T01:43:06.687727+00:00
MVNO,KT,KT스카이라이프,14983,14983,official_code,5G 통화 충분 20GB,,moyo,True,,,5G,20.0,,20.0,False,,,,,,within_data,True,,30,True,,25900,25900,,,2,0,,,,,"S-머니3만원(5천원X6개월) | 3대마트상품권, 네이버페이 2만원",210,https://www.moyoplan.com/plans/14983,2026-08-11T01:43:06.687727+00:00
MVNO,LGU+,스마텔,28095,28095,official_code,스마트 100분/15GB+ (24개월),,moyo,True,,신규 가입을 받지 않는 통신사입니다. 사용 중인 번호 그대로 통신사만 이동할 분들만 가입이 가능해요.,LTE,15.0,,15.0,False,3Mbps,,,,,undisclosed,False,100,,False,100,39860,21000,모요 프로모션 할인,24,0,0,,,,,,27,https://www.moyoplan.com/plans/28095,2026-08-11T01:43:06.687727+00:00
MVNO,KT,핀다이렉트,37424,37424,official_code,[모요only] [K] 핀다이렉트 Speed 30GB/200분,,moyo,True,,신규 가입을 받지 않는 통신사입니다. 사용 중인 번호 그대로 통신사만 이동할 분들만 가입이 가능해요.,5G,30.0,,30.0,False,,,,,,undisclosed,False,200,,False,100,29700,14000,모요 프로모션 할인,7,0,0,,,,,,145,https://www.moyoplan.com/plans/37424,2026-08-11T01:43:06.687727+00:00
MVNO,LGU+,시월모바일,34867,34867,official_code,두해 100분15GB+,,moyo,True,,,LTE,15.0,,15.0,False,3Mbps,,,,,unsupported,False,100,,False,100,31990,19560,모요 프로모션 할인,24,1,0,,,,,유심/배송비 무료!,68,https://www.moyoplan.com/plans/34867,2026-08-11T01:43:06.687727+00:00
MVNO,LGU+,티플러스,35861,35861,official_code,티플온 100G＋,,moyo,True,,,LTE,100.0,,100.0,False,5Mbps,,,,,unsupported,True,,,True,,55000,16900,모요 프로모션 할인,7,0,0,,,,,,1039,https://www.moyoplan.com/plans/35861,2026-08-11T01:43:06.687727+00:00
MVNO,LGU+,U+유모바일,26266,26266,official_code,[평생할인] 5GB+/100분,,moyo,True,,,LTE,5.0,,5.0,False,1Mbps,,,,,within_data,False,100,,False,100,11500,11500,,,0,0,,,,,,80,https://www.moyoplan.com/plans/26266,2026-08-11T01:43:06.687727+00:00
MVNO,SKT,티플러스,29033,29033,official_code,티플 올리브영 11GB+(매월 5000P),,moyo,True,,,LTE,11.0,,11.0,False,3Mbps,2.0,,,,unsupported,True,,,True,,42900,12900,모요 프로모션 할인,7,1,0,,,,,"올리브영 12개월간 매월 5,000원 상품권",360,https://www.moyoplan.com/plans/29033,2026-08-11T01:43:06.687727+00:00
MVNO,LGU+,인스모바일,15372,15372,official_code,[평생할인]인스 유심 음성 100분+1GB,,moyo,True,,,LTE,1.0,,1.0,False,,,,,,undisclosed,False,100,,False,50,3300,3300,,,0,0,,,,,,763,https://www.moyoplan.com/plans/15372,2026-08-11T01:43:06.687727+00:00
MVNO,KT,KT스카이라이프,23447,23447,official_code,데이터 충분 15GB+/300분(CU),,moyo,True,,,LTE,15.0,,15.0,False,3Mbps,,,,,within_data,False,300,0,False,300,27500,27500,,,3,0,,,,,"S-머니3만원(5천원X6개월) | CU 연간 6만원 할인 평생 제공 | 3대마트상품권, 네이버페이 2만원",125,https://www.moyoplan.com/plans/23447,2026-08-11T01:43:06.687727+00:00
MVNO,LGU+,이지모바일,33069,33069,official_code,이지 데이터 4.5GB,,moyo,True,,,LTE,4.5,,4.5,False,,,,,,unsupported,False,350,,False,100,15400,10,모요 프로모션 할인,6,1,0,,,,,일반유심/배송비 무료,254,https://www.moyoplan.com/plans/33069,2026-08-11T01:43:06.687727+00:00
MVNO,KT,KT스카이라이프,18589,18589,official_code,모두 충분 7GB+(밀리의서재),,moyo,True,,,LTE,7.0,,7.0,False,1Mbps,,,,,within_data,True,,300,True,,16300,16300,,,3,1,밀리의서재,,,,S-머니6만원(1만원X6개월) | [모요 단독] N페이 1만원,4365,https://www.moyoplan.com/plans/18589,2026-08-11T01:43:06.687727+00:00
MVNO,LGU+,모나,23408,23408,official_code,NA알뜰매일5GB+5Mbps,,moyo,True,,,LTE,,,,False,5Mbps,5.0,,,,undisclosed,True,,,True,,46200,29700,모요 프로모션 할인,24,2,0,,,,,NFC 유심 무료 제공 | 4대 편의점 최대 10.1%적립,303,https://www.moyoplan.com/plans/23408,2026-08-11T01:43:06.687727+00:00
MVNO,SKT,이야기모바일,13986,13986,official_code,5G 함께이야기해S (200분+10GB),,moyo,True,,,5G,10.0,,10.0,False,,,,,,unsupported,False,200,,False,100,11000,11000,,,1,0,,,,,"네이버페이 5,000원",163,https://www.moyoplan.com/plans/13986,2026-08-11T01:43:06.687727+00:00
MVNO,LGU+,모나,35520,35520,official_code,모나400분11G,,moyo,True,,,LTE,11.0,,11.0,False,,,,,,unsupported,False,398,,False,200,35200,1980,모요 프로모션 할인,12,2,0,,,,,NFC 유심 무료 제공 | 4대 편의점 최대 10.1%적립,81,https://www.moyoplan.com/plans/35520,2026-08-11T01:43:06.687727+00:00
MVNO,LGU+,이지모바일,36992,36992,official_code,이지 데이터 15G/300분,,moyo,True,,,5G,15.0,,15.0,False,,,,,,unsupported,False,300,,False,300,23650,8400,모요 프로모션 할인,6,0,0,,,,,,41,https://www.moyoplan.com/plans/36992,2026-08-11T01:43:06.687727+00:00
MVNO,LGU+,스마텔,25336,25336,official_code,5G 심플(350분+7GB),,moyo,True,,신규 가입을 받지 않는 통신사입니다. 사용 중인 번호 그대로 통신사만 이동할 분들만 가입이 가능해요.,5G,7.0,,7.0,False,,,,,,unsupported,False,350,,False,100,17600,100,모요 프로모션 할인,6,0,0,,,,,,490,https://www.moyoplan.com/plans/25336,2026-08-11T01:43:06.687727+00:00
MVNO,LGU+,KG모바일,26358,26358,official_code,"[평생할인] 통화, 데이터 마음대로 7GB+",,moyo,True,,,LTE,7.0,,7.0,False,1Mbps,,,,,unsupported,True,,,True,,14900,14900,,,1,0,,,,,일반 유심/배송비 무료,343,https://www.moyoplan.com/plans/26358,2026-08-11T01:43:06.687727+00:00
MVNO,SKT,이야기모바일,16288,16288,official_code,이야기 스페셜S 100GB+,,moyo,True,,,LTE,100.0,,100.0,False,5Mbps,,,,,unsupported,True,,,True,,49500,20900,모요 프로모션 할인,7,1,0,,,,,"네이버페이 5,000원",1166,https://www.moyoplan.com/plans/16288,2026-08-11T01:43:06.687727+00:00
MVNO,LGU+,인스모바일,18612,18612,official_code,[12개월]인스 유심 스트롱 11GB+,,moyo,True,,,LTE,11.0,,11.0,False,3Mbps,2.0,11.0,,11.0,quota,True,,300,True,,37900,24700,모요 프로모션 할인,12,0,0,,,,,,33,https://www.moyoplan.com/plans/18612,2026-08-11T01:43:06.687727+00:00
MVNO,SKT,스마텔,25227,25227,official_code,후후 스마일 11GB+,,moyo,True,,,LTE,11.0,,11.0,False,3Mbps,2.0,11.0,,11.0,quota,True,,300,True,,41030,16330,모요 프로모션 할인,7,0,0,,,,,,213,https://www.moyoplan.com/plans/25227,2026-08-11T01:43:06.687727+00:00
MVNO,LGU+,슈가모바일,23505,23505,official_code,슈가칩 15GB+300분,,moyo,True,,번호이동은(쓰던 번호 그대로 개통) 현재 통신사를 90일 이상 사용한 경우에만 가능해요.,LTE,15.0,,15.0,False,3Mbps,,,,,undisclosed,False,300,,False,300,34000,12900,모요 프로모션 할인,7,1,0,,,,,개통완료 시 유심/배송비 무료 1개,175,https://www.moyoplan.com/plans/23505,2026-08-11T01:43:06.687727+00:00
MVNO,LGU+,이지모바일,33072,33072,official_code,이지 데이터 8GB,,moyo,True,,,LTE,8.0,,8.0,False,,,,,,unsupported,False,300,,False,100,18700,10,모요 프로모션 할인,6,1,0,,,,,일반유심/배송비 무료,48,https://www.moyoplan.com/plans/33072,2026-08-11T01:43:06.687727+00:00
MVNO,LGU+,이지모바일,30868,30868,official_code,이지 무한 일5GB+5,,moyo,True,,,LTE,,,,False,5Mbps,5.0,,,,undisclosed,True,,,True,,46200,19800,모요 프로모션 할인,7,1,0,,,,,일반유심/배송비 무료,97,https://www.moyoplan.com/plans/30868,2026-08-11T01:43:06.687727+00:00
MVNO,LGU+,시월모바일,33130,33130,official_code,시월 무제한 매일5GB+5Mbps,,moyo,True,,,LTE,,,,True,5Mbps,5.0,,,,undisclosed,True,,,True,,44010,17060,모요 프로모션 할인,7,1,0,,,,,유심/배송비 무료!,112,https://www.moyoplan.com/plans/33130,2026-08-11T01:43:06.687727+00:00
MVNO,KT,더원모바일,33943,33943,official_code,TOP 15GB 기본 (밀리의서재),,moyo,True,,,LTE,15.0,,15.0,False,1Mbps,,,,,undisclosed,True,,,True,,29700,9900,모요 프로모션 할인,7,2,1,밀리의서재,,,솔로결합(+10GB),,164,https://www.moyoplan.com/plans/33943,2026-08-11T01:43:06.687727+00:00
MVNO,LGU+,스마텔,28098,28098,official_code,스마트,,moyo,True,,신규 가입을 받지 않는 통신사입니다. 사용 중인 번호 그대로 통신사만 이동할 분들만 가입이 가능해요.,LTE,,,,False,5Mbps,5.0,,,,undisclosed,True,,,True,,47300,31000,모요 프로모션 할인,24,0,0,,,,,,28,https://www.moyoplan.com/plans/28098,2026-08-11T01:43:06.687727+00:00
MVNO,LGU+,티플러스,33036,33036,official_code,5G 가성비플러스(5GB/350분)_평생요금,,moyo,True,,,5G,5.0,,5.0,False,,,,,,unsupported,False,350,,False,100,1490,1490,,,0,0,,,,,,1593,https://www.moyoplan.com/plans/33036,2026-08-11T01:43:06.687727+00:00
MVNO,KT,쉐이크모바일,31433,31433,official_code,[모요only] 쉐이크 5G 200GB+_밀리의서재,,moyo,True,,,5G,200.0,,200.0,False,10Mbps,,50.0,,50.0,quota,True,,300,True,,55000,32500,모요 프로모션 할인,12,4,1,밀리의서재,,,데이터쿠폰 20GB,"매월 1천원 요금할인 (팝테일 가입·인증) | 마트상품권, 네이버페이 최대 2만원",648,https://www.moyoplan.com/plans/31433,2026-08-11T01:43:06.687727+00:00
MVNO,SKT,스마텔,29027,29027,official_code,LTE 음성무제한 8GB,,moyo,True,,,LTE,8.0,,8.0,False,,,8.0,,8.0,quota,True,,30,False,200,18700,300,모요 프로모션 할인,7,0,0,,,,,,546,https://www.moyoplan.com/plans/29027,2026-08-11T01:43:06.687727+00:00
MVNO,KT,이야기모바일,36174,36174,official_code,이야기 K 데이터 100GB+(CU할인),,moyo,True,,,LTE,100.0,,100.0,False,5Mbps,,,,,unsupported,True,,,True,,49200,19900,모요 프로모션 할인,7,2,0,,,,,"네이버페이, 3대 마트 상품권 2만원 | 네이버페이 5,000원",22,https://www.moyoplan.com/plans/36174,2026-08-11T01:43:06.687727+00:00
MVNO,KT,이야기모바일,36167,36167,official_code,이야기 K 데이터 100GB+(모아진),,moyo,True,,,LTE,100.0,,100.0,False,5Mbps,,,,,unsupported,True,,,True,,49200,19900,모요 프로모션 할인,7,2,0,,,,,"네이버페이, 3대 마트 상품권 2만원 | 네이버페이 5,000원",29,https://www.moyoplan.com/plans/36167,2026-08-11T01:43:06.687727+00:00
MVNO,LGU+,KG모바일,36264,36264,official_code,[평생할인] 유심 5G 150GB+,,moyo,True,,,5G,150.0,,150.0,False,5Mbps,,,,,unsupported,True,,300,True,,31500,31500,,,1,0,,,,,일반 유심/배송비 무료,3593,https://www.moyoplan.com/plans/36264,2026-08-11T01:43:06.687727+00:00
MVNO,SKT,이야기모바일,29289,29289,official_code,이야기 완전 무제한 7GB+,,moyo,True,,,LTE,7.0,,7.0,False,1Mbps,,,,,unsupported,True,,,True,,24200,3500,모요 프로모션 할인,7,1,0,,,,,"네이버페이 5,000원",596,https://www.moyoplan.com/plans/29289,2026-08-11T01:43:06.687727+00:00
MVNO,LGU+,시월모바일,27746,27746,official_code,시월 100분15GB+3Mbps,,moyo,True,,,LTE,15.0,,15.0,False,3Mbps,,11.0,,11.0,quota,False,100,,False,100,28760,10060,모요 프로모션 할인,7,1,0,,,,,유심/배송비 무료!,792,https://www.moyoplan.com/plans/27746,2026-08-11T01:43:06.687727+00:00
MVNO,KT,더원모바일,35822,35822,official_code,TOP 100GB 기본 (CU할인),,moyo,True,,,LTE,100.0,,100.0,False,5Mbps,,,,,within_data,True,,300,True,,46200,25960,모요 프로모션 할인,12,3,0,,,,솔로결합(+20GB),"3대 마트 상품권, 네이버페이 2만원 | CU 20% 오프라인 결제할인",349,https://www.moyoplan.com/plans/35822,2026-08-11T01:43:06.687727+00:00
MVNO,LGU+,이야기모바일,36166,36166,official_code,NH콕 이야기 7GB+,,moyo,True,,,LTE,7.0,,7.0,False,1Mbps,,,,,unsupported,True,,,True,,20900,11000,모요 프로모션 할인,12,1,0,,,,,"네이버페이 5,000원",2376,https://www.moyoplan.com/plans/36166,2026-08-11T01:43:06.687727+00:00
MVNO,LGU+,U+유모바일,26274,26274,official_code,[평생할인] 6GB/통화기본,,moyo,True,,,LTE,6.0,,6.0,False,,,,,,within_data,True,,50,True,,9500,9500,,,0,0,,,,,,182,https://www.moyoplan.com/plans/26274,2026-08-11T01:43:06.687727+00:00
MVNO,LGU+,찬스모바일,33551,33551,official_code,실속 10GB+1Mbps,,moyo,True,,,LTE,10.0,,10.0,False,1Mbps,,10.0,,10.0,quota,False,200,0,False,100,14300,2900,모요 프로모션 할인,12,1,0,,,,,유심/배송비 무료,559,https://www.moyoplan.com/plans/33551,2026-08-11T01:43:06.687727+00:00
MVNO,LGU+,슈가모바일,27452,27452,official_code,Sugar 데이터많이 15GB+100분,,moyo,True,,번호이동은(쓰던 번호 그대로 개통) 현재 통신사를 90일 이상 사용한 경우에만 가능해요.,LTE,15.0,,15.0,False,3Mbps,,,,,undisclosed,False,100,,False,100,32000,20000,모요 프로모션 할인,24,1,0,,,,,개통완료 시 유심/배송비 무료 1개,107,https://www.moyoplan.com/plans/27452,2026-08-11T01:43:06.687727+00:00
MVNO,KT,고고모바일,20022,20022,official_code,5G무제한 110GB+5M(밀리의서재 매월 무료),,moyo,True,,,5G,110.0,,110.0,False,5Mbps,,40.0,,40.0,quota,True,,,True,,48730,48730,,,4,1,밀리의서재,,,추가데이터 20GB 제공,"3대 마트 상품권, 네이버페이 2만원 | KT유심&배송비 무료",78,https://www.moyoplan.com/plans/20022,2026-08-11T01:43:06.687727+00:00
MVNO,LGU+,찬스모바일,34752,34752,official_code,모두무제한 15GB+_24개월,,moyo,True,,,LTE,15.0,,15.0,False,1Mbps,,,,,undisclosed,True,,,True,,25850,9600,모요 프로모션 할인,7,0,0,,,,,,16521,https://www.moyoplan.com/plans/34752,2026-08-11T01:43:06.687727+00:00
MVNO,KT,더원모바일,33533,33533,official_code,TOP 100GB 기본 (다이소),,moyo,True,,,LTE,100.0,,100.0,False,5Mbps,,,,,within_data,True,,300,True,,46200,28050,모요 프로모션 할인,12,3,0,,,,솔로결합(+20GB),"3대 마트 상품권, 네이버페이 2만원 | 다이소 매월 5,000원 제공",45,https://www.moyoplan.com/plans/33533,2026-08-11T01:43:06.687727+00:00
MVNO,SKT,이야기모바일,13973,13973,official_code,함께이야기해S(300분+10GB),,moyo,True,,,LTE,10.0,,10.0,False,,,,,,unsupported,False,300,,False,100,15400,9900,모요 프로모션 할인,12,1,0,,,,,"네이버페이 5,000원",20,https://www.moyoplan.com/plans/13973,2026-08-11T01:43:06.687727+00:00
MVNO,KT,더원모바일,33898,33898,official_code,TOP 7GB 기본 (네이버페이),,moyo,True,,,LTE,7.0,,7.0,False,1Mbps,,,,,undisclosed,True,,,True,,26400,8910,모요 프로모션 할인,12,2,0,,,,솔로결합(+5GB),"네이버페이 매월 5,000P 제공",136,https://www.moyoplan.com/plans/33898,2026-08-11T01:43:06.687727+00:00
MVNO,LGU+,시월모바일,34878,34878,official_code,두해 300분15GB+,,moyo,True,,,LTE,15.0,,15.0,False,3Mbps,,,,,unsupported,False,300,,False,300,34200,21550,모요 프로모션 할인,24,1,0,,,,,유심/배송비 무료!,39,https://www.moyoplan.com/plans/34878,2026-08-11T01:43:06.687727+00:00
MVNO,KT,더원모바일,33952,33952,official_code,TOP 11GB 기본 (밀리의서재),,moyo,True,,,LTE,11.0,,11.0,False,3Mbps,2.0,,,,undisclosed,True,,,True,,38500,17600,모요 프로모션 할인,7,3,1,밀리의서재,,,솔로결합(+20GB),"3대 마트 상품권, 네이버페이 2만원",107,https://www.moyoplan.com/plans/33952,2026-08-11T01:43:06.687727+00:00
MVNO,SKT,이야기모바일,20323,20323,official_code,함께이야기해S(200분+10GB),,moyo,True,,,LTE,10.0,,10.0,False,,,,,,unsupported,False,200,,False,100,14850,8800,모요 프로모션 할인,12,1,0,,,,,"네이버페이 5,000원",74,https://www.moyoplan.com/plans/20323,2026-08-11T01:43:06.687727+00:00
MVNO,LGU+,시월모바일,27774,27774,official_code,시월 무제한 100GB+5Mbps,,moyo,True,,,LTE,,,,True,5Mbps,,,,,undisclosed,True,,,True,,46210,17060,모요 프로모션 할인,7,1,0,,,,,유심/배송비 무료!,534,https://www.moyoplan.com/plans/27774,2026-08-11T01:43:06.687727+00:00
MVNO,KT,쉐이크모바일,21322,21322,official_code,[모요only] 쉐이크 LTE 7GB+_밀리의서재,,moyo,True,,,LTE,7.0,,7.0,False,1Mbps,,,,,within_data,True,,300,True,,23100,13000,모요 프로모션 할인,12,6,1,밀리의서재,,,SOLO결합(+5GB) | 데이터 매월 10GB 추가 증정(24개월) | 데이터쿠폰 20GB,"매월 1천원 요금할인 (팝테일 가입·인증) | 마트상품권, 네이버페이 최대 2만원",428,https://www.moyoplan.com/plans/21322,2026-08-11T01:43:06.687727+00:00
MVNO,KT,더원모바일,33532,33532,official_code,TOP 100GB 기본 (올리브영),,moyo,True,,,LTE,100.0,,100.0,False,5Mbps,,,,,within_data,True,,300,True,,46200,28050,모요 프로모션 할인,12,3,0,,,,솔로결합(+20GB),"3대 마트 상품권, 네이버페이 2만원 | 올리브영 매월 5,000원 제공",83,https://www.moyoplan.com/plans/33532,2026-08-11T01:43:06.687727+00:00
MVNO,LGU+,슈가모바일,36686,36686,official_code,슈가안심차단100분1G,,moyo,True,,번호이동은(쓰던 번호 그대로 개통) 현재 통신사를 90일 이상 사용한 경우에만 가능해요.,LTE,1.0,,1.0,False,,,,,,within_data,False,100,,False,50,3300,3300,,,1,0,,,,,개통완료 시 유심/배송비 무료 1개,76,https://www.moyoplan.com/plans/36686,2026-08-11T01:43:06.687727+00:00
MVNO,LGU+,시월모바일,34865,34865,official_code,두해 통화기본10GB+,,moyo,True,,,LTE,10.0,,10.0,False,1Mbps,,,,,unsupported,True,,300,True,,25370,12170,모요 프로모션 할인,24,1,0,,,,,유심/배송비 무료!,55,https://www.moyoplan.com/plans/34865,2026-08-11T01:43:06.687727+00:00
MVNO,KT,고고모바일,17460,17460,official_code,"무제한11GB+3Mbps(배달의민족 매월 5,000포인트)",,moyo,True,,,LTE,11.0,,11.0,False,3Mbps,2.0,11.0,,11.0,quota,True,,,True,,39160,39160,,,4,0,,,,추가데이터 20GB 제공,"3대 마트 상품권, 네이버페이 2만원 | 배달의 민족 5천원 쿠폰제공 | KT유심&배송비 무료",18,https://www.moyoplan.com/plans/17460,2026-08-11T01:43:06.687727+00:00
MVNO,KT,고고모바일,20018,20018,official_code,무제한11GB+3M(네이버페이 매월 5000P),,moyo,True,,,LTE,11.0,,11.0,False,3Mbps,2.0,11.0,,11.0,quota,True,,300,True,,39160,39160,,,4,0,,,,추가데이터 20GB 제공,"네이버페이 매월 5,000P 제공 | 3대 마트 상품권, 네이버페이 2만원 | KT유심&배송비 무료",18,https://www.moyoplan.com/plans/20018,2026-08-11T01:43:06.687727+00:00
MVNO,KT,고고모바일,30940,30940,official_code,무제한 11GB+3M(다이소 매월 5000원),,moyo,True,,,LTE,11.0,,11.0,False,3Mbps,2.0,,,,within_data,True,,300,True,,39160,39160,,,4,0,,,,추가데이터 20GB 제공,"3대 마트 상품권, 네이버페이 2만원 | 다이소상품권 매월 5,000원 제공 | KT유심&배송비 무료",21,https://www.moyoplan.com/plans/30940,2026-08-11T01:43:06.687727+00:00
MVNO,LGU+,핀다이렉트,29959,29959,official_code,[L] 핀다이렉트 Speed 10GB/200분,,moyo,True,,,5G,10.0,,10.0,False,,,,,,within_data,False,200,,False,100,9900,10,모요 프로모션 할인,7,0,0,,,,,,3373,https://www.moyoplan.com/plans/29959,2026-08-11T01:43:06.687727+00:00
MVNO,LGU+,LG헬로모바일,36267,36267,official_code,[혜택형] 5G 스탠다드 유심 150GB,,moyo,True,,,5G,150.0,,150.0,False,5Mbps,,,,,undisclosed,True,,,True,,49900,34900,모요 프로모션 페이백/할인,24,3,0,,,,,네이버페이 매달 1.5만원 페이백(24개월) | 갤럭시 자급제 이벤트 신세계상품권 10만원 | 프레딧 쿠폰 2만원(5천원*4개월),97,https://www.moyoplan.com/plans/36267,2026-08-11T01:43:06.687727+00:00
MVNO,KT,더원모바일,33517,33517,official_code,TOP 7GB 기본 (다이소),,moyo,True,,,LTE,7.0,,7.0,False,1Mbps,,,,,undisclosed,True,,,True,,26400,8910,모요 프로모션 할인,12,2,0,,,,솔로결합(+5GB),"3대 마트 상품권, 네이버페이 2만원",79,https://www.moyoplan.com/plans/33517,2026-08-11T01:43:06.687727+00:00
MVNO,KT,더원모바일,33516,33516,official_code,TOP 7GB 기본 (올리브영),,moyo,True,,,LTE,7.0,,7.0,False,1Mbps,,,,,undisclosed,True,,,True,,26400,8910,모요 프로모션 할인,12,2,0,,,,솔로결합(+5GB),"3대 마트 상품권, 네이버페이 2만원",38,https://www.moyoplan.com/plans/33516,2026-08-11T01:43:06.687727+00:00
MVNO,KT,더원모바일,36244,36244,official_code,TOP 7GB 기본 (쿠팡캐시),,moyo,True,,,LTE,7.0,,7.0,False,1Mbps,,,,,undisclosed,True,,,True,,26400,8910,모요 프로모션 할인,12,2,0,,,,솔로결합(+5GB),"3대 마트 상품권, 네이버페이 2만원",50,https://www.moyoplan.com/plans/36244,2026-08-11T01:43:06.687727+00:00
MVNO,LGU+,시월모바일,27747,27747,official_code,시월 300분15GB+3Mbps,,moyo,True,,,LTE,15.0,,15.0,False,3Mbps,,,,,within_data,False,300,,False,300,30750,12050,모요 프로모션 할인,7,1,0,,,,,유심/배송비 무료!,236,https://www.moyoplan.com/plans/27747,2026-08-11T01:43:06.687727+00:00
MVNO,SKT,이야기모바일,16287,16287,official_code,이야기 스탠다드S 11GB+,,moyo,True,,,LTE,11.0,,11.0,False,3Mbps,2.0,,,,unsupported,True,,,True,,39600,17600,모요 프로모션 할인,7,1,0,,,,,"네이버페이 5,000원",393,https://www.moyoplan.com/plans/16287,2026-08-11T01:43:06.687727+00:00
MVNO,KT,이야기모바일,25698,25698,official_code,이야기K 데이터 15GB+(밀리의서재),,moyo,True,,,LTE,15.0,,15.0,False,3Mbps,,,,,unsupported,False,100,,False,100,33000,13200,모요 프로모션 할인,7,2,0,,,,,"네이버페이, 3대 마트 상품권 2만원 | 네이버페이 5,000원",596,https://www.moyoplan.com/plans/25698,2026-08-11T01:43:06.687727+00:00
MVNO,LGU+,KG모바일,20104,20104,official_code,"[일반] 통화, 데이터 마음대로 7GB+_24개월",,moyo,True,,,LTE,7.0,,7.0,False,1Mbps,,,,,unsupported,True,,,True,,24200,13500,모요 프로모션 할인,24,1,0,,,,,일반 유심/배송비 무료,28,https://www.moyoplan.com/plans/20104,2026-08-11T01:43:06.687727+00:00
MVNO,SKT,티플러스,35280,35280,official_code,티플북 100G+(도서문화상품권 매월 5000P),,moyo,True,,,LTE,100.0,,100.0,False,5Mbps,,,,,unsupported,True,,,True,,55000,15900,모요 프로모션 할인,7,1,0,,,,,북앤라이프 5000P 도서문화상품권,257,https://www.moyoplan.com/plans/35280,2026-08-11T01:43:06.687727+00:00
MVNO,SKT,고고모바일,36197,36197,official_code,고고 LTE 200분/10GB_모요,,moyo,True,,,LTE,10.0,,10.0,False,,,,,,within_data,False,200,,False,200,18700,10,모요 프로모션 할인,7,0,0,,,,,,788,https://www.moyoplan.com/plans/36197,2026-08-11T01:43:06.687727+00:00
MVNO,LGU+,티플러스,35506,35506,official_code,The 완전마음껏 100G+(카톡 이모티콘+예스24e북),,moyo,True,,,LTE,100.0,,100.0,False,5Mbps,,,,,unsupported,True,,,True,,52800,30900,모요 프로모션 할인,24,2,1,예스24 크레마클럽 구독권 (12개월),,,,카카오이모티콘 플러스 매월 무료 제공,123,https://www.moyoplan.com/plans/35506,2026-08-11T01:43:06.687727+00:00
MVNO,LGU+,티플러스,26990,26990,official_code,The 데이터마음껏15G+(300분)(다이소 매월 5000P),,moyo,True,,,LTE,15.0,,15.0,False,3Mbps,,,,,unsupported,False,300,,False,300,33000,23500,모요 프로모션 할인,24,1,0,,,,,"12개월 간 다이소 상품권 5,000원 쿠폰",55,https://www.moyoplan.com/plans/26990,2026-08-11T01:43:06.687727+00:00
MVNO,KT,KT스카이라이프,25839,25839,official_code,모두 충분 11GB+(멜론뮤직),,moyo,True,,,LTE,11.0,,11.0,False,3Mbps,2.0,,,,within_data,True,,300,True,,36300,36300,,,2,0,,,,,"S-머니6만원(1만원X6개월) | 3대마트상품권, 네이버페이 2만원",127,https://www.moyoplan.com/plans/25839,2026-08-11T01:43:06.687727+00:00
MVNO,KT,KT엠모바일,36976,36976,official_code,5G 모두다 맘껏 200GB+(밀리의 서재 FREE),,moyo,True,,,5G,200.0,,200.0,False,10Mbps,,,,,undisclosed,True,,,True,,47700,47700,,,2,1,밀리의서재,,,,M마켓 포인트 16만원 (2만 X 8개월),1532,https://www.moyoplan.com/plans/36976,2026-08-11T01:43:06.687727+00:00
MVNO,LGU+,모나,23403,23403,official_code,NA알뜰7GB+1Mbps,,moyo,True,,,LTE,7.0,,7.0,False,1Mbps,,,,,undisclosed,True,,,True,,22000,12990,모요 프로모션 할인,12,2,0,,,,,NFC 유심 무료 제공 | 4대 편의점 최대 10.1%적립,28,https://www.moyoplan.com/plans/23403,2026-08-11T01:43:06.687727+00:00
MVNO,KT,핀다이렉트,28103,28103,official_code,[모요only] [K] 핀다이렉트Z Light _PIN,,moyo,True,,신규 가입을 받지 않는 통신사입니다. 사용 중인 번호 그대로 통신사만 이동할 분들만 가입이 가능해요.,LTE,15.0,,15.0,False,3Mbps,,,,,unsupported,False,100,,False,100,28600,15000,모요 프로모션 할인,7,3,0,,,,KT 데이터 결합 (추가데이터 10GB),"네이버페이, 마트 상품권 2만원 | 데이터 로밍 3일 무료 쿠폰",3782,https://www.moyoplan.com/plans/28103,2026-08-11T01:43:06.687727+00:00
MVNO,LGU+,모나,22834,22834,official_code,수다맘껏데이터71G+,,moyo,True,,,LTE,11.0,,11.0,False,3Mbps,2.0,,,,within_data,True,,300,True,,39600,22770,모요 프로모션 할인,12,2,0,,,,,NFC 유심 무료 제공 | 4대 편의점 최대 10.1%적립,295,https://www.moyoplan.com/plans/22834,2026-08-11T01:43:06.687727+00:00
MVNO,LGU+,이야기모바일,29287,29287,official_code,이야기 완전 FREE 7GB,,moyo,True,,,LTE,7.0,,7.0,False,1Mbps,,,,,unsupported,True,,,True,,24200,3700,모요 프로모션 페이백/할인,7,2,0,,,,,"네이버페이 매달 2천원 페이백 (7개월) | 네이버페이 5,000원",20353,https://www.moyoplan.com/plans/29287,2026-08-11T01:43:06.687727+00:00
MVNO,KT,더원모바일,33948,33948,official_code,TOP 15GB 100분 (다이소),,moyo,True,,,LTE,15.0,,15.0,False,3Mbps,,,,,undisclosed,False,100,,False,100,35200,13200,모요 프로모션 할인,7,3,0,,,,솔로결합(+10GB),"3대 마트 상품권, 네이버페이 2만원 | 다이소 매월 5,000원 제공",17,https://www.moyoplan.com/plans/33948,2026-08-11T01:43:06.687727+00:00
MVNO,KT,더원모바일,33947,33947,official_code,TOP 15GB 100분 (올리브영),,moyo,True,,,LTE,15.0,,15.0,False,3Mbps,,,,,undisclosed,False,100,,False,100,35200,13200,모요 프로모션 할인,7,3,0,,,,솔로결합(+10GB),"3대 마트 상품권, 네이버페이 2만원 | 올리브영 매월 5,000원 제공",16,https://www.moyoplan.com/plans/33947,2026-08-11T01:43:06.687727+00:00
MVNO,LGU+,U+유모바일,26267,26267,official_code,[평생할인] 5GB+/200분,,moyo,True,,,LTE,5.0,,5.0,False,1Mbps,,,,,within_data,False,200,,False,100,12500,12500,,,0,0,,,,,,42,https://www.moyoplan.com/plans/26267,2026-08-11T01:43:06.687727+00:00
MVNO,KT,더원모바일,34916,34916,official_code,ONE 5G 20GB 기본,,moyo,True,,,5G,20.0,,20.0,False,,,,,,undisclosed,True,,,True,,25300,11000,모요 프로모션 할인,9,1,0,,,,,"3대 마트 상품권, 네이버페이 2만원",6964,https://www.moyoplan.com/plans/34916,2026-08-11T01:43:06.687727+00:00
MVNO,LGU+,U+유모바일,26287,26287,official_code,[평생할인] 5G 125GB+/통화기본,,moyo,True,,,5G,125.0,,125.0,False,5Mbps,,5.0,,5.0,quota,True,,300,True,,42100,42100,,,1,0,,,,"우리결합시, 데이터 20GB 추가 증정",,282,https://www.moyoplan.com/plans/26287,2026-08-11T01:43:06.687727+00:00
MVNO,KT,KT스카이라이프,14984,14984,official_code,5G 통화 충분 30GB,,moyo,True,,,5G,30.0,,30.0,False,,,,,,within_data,True,,30,True,,29900,29900,,,2,0,,,,,"S-머니3만원(5천원X6개월) | 3대마트상품권, 네이버페이 2만원",764,https://www.moyoplan.com/plans/14984,2026-08-11T01:43:06.687727+00:00
MVNO,LGU+,KG모바일,36212,36212,official_code,[평생할인] 데이터 마음대로 (4.5GB+/100분),,moyo,True,,,LTE,4.5,,4.5,False,1Mbps,,,,,unsupported,False,100,,False,100,2700,2700,,,1,0,,,,,일반 유심/배송비 무료,915,https://www.moyoplan.com/plans/36212,2026-08-11T01:43:06.687727+00:00
MVNO,KT,더원모바일,33956,33956,official_code,TOP 11GB 기본 (멜론),,moyo,True,,,LTE,11.0,,11.0,False,3Mbps,2.0,,,,undisclosed,True,,,True,,41800,18700,모요 프로모션 할인,7,3,0,,,,솔로결합(+20GB),"멜론 모바일 스트리밍 클럽 이용권 증정 | 3대 마트 상품권, 네이버페이 2만원",18,https://www.moyoplan.com/plans/33956,2026-08-11T01:43:06.687727+00:00
MVNO,KT,KT스카이라이프,29977,29977,official_code,모두 충분 15GB+(다이소_5000),,moyo,True,,,LTE,15.0,,15.0,False,1Mbps,,,,,within_data,True,,1,True,,23700,23700,,,2,0,,,,,"S-머니3만원(5천원X6개월) | 3대마트상품권, 네이버페이 2만원",50,https://www.moyoplan.com/plans/29977,2026-08-11T01:43:06.687727+00:00
MVNO,SKT,티플러스,35888,35888,official_code,티플 11G＋(CU멤버십＋매월 5000P),,moyo,True,,,LTE,11.0,,11.0,False,3Mbps,2.0,,,,unsupported,True,,,True,,48400,14900,모요 프로모션 할인,7,3,0,,,,,"CU 5,000P 모바일상품권 12개월 제공 | CU편의점 20% 할인 12개월 제공 | 12개월간 CU 카테고리 20% 할인권 제공",485,https://www.moyoplan.com/plans/35888,2026-08-11T01:43:06.687727+00:00
MVNO,LGU+,슈가모바일,23966,23966,official_code,Sugar(180분/9GB),,moyo,True,,번호이동은(쓰던 번호 그대로 개통) 현재 통신사를 90일 이상 사용한 경우에만 가능해요.,LTE,9.0,,9.0,False,,,,,,undisclosed,False,180,,False,150,4400,4400,,,1,0,,,,,개통완료 시 유심/배송비 무료 1개,113,https://www.moyoplan.com/plans/23966,2026-08-11T01:43:06.687727+00:00
MVNO,KT,KT스카이라이프,18587,18587,official_code,모두 충분 100GB+(웨이브),,moyo,True,,,LTE,100.0,,100.0,False,5Mbps,,,,,within_data,True,,300,True,,41700,41700,,,2,0,,,,,"S-머니6만원(1만원X6개월) | 3대마트상품권, 네이버페이 2만원",414,https://www.moyoplan.com/plans/18587,2026-08-11T01:43:06.687727+00:00
MVNO,KT,KT스카이라이프,10769,10769,official_code,모두 충분 11.0GB+(지니뮤직),,moyo,True,,,LTE,11.0,,11.0,False,3Mbps,2.0,,,,within_data,True,,300,True,,35800,35800,,,2,0,,,,,"S-머니6만원(1만원X6개월) | 3대마트상품권, 네이버페이 2만원",193,https://www.moyoplan.com/plans/10769,2026-08-11T01:43:06.687727+00:00
MVNO,KT,KT스카이라이프,31458,31458,official_code,모두 충분 100GB+(모아진),,moyo,True,,,LTE,100.0,,100.0,False,5Mbps,,,,,within_data,True,,300,True,,38200,38200,,,2,0,,,,,"S-머니6만원(1만원X6개월) | 3대마트상품권, 네이버페이 2만원",1956,https://www.moyoplan.com/plans/31458,2026-08-11T01:43:06.687727+00:00
MVNO,SKT,이야기모바일,29286,29286,official_code,이야기 데이터 무제한 15GB+,,moyo,True,,,LTE,15.0,,15.0,False,3Mbps,,,,,unsupported,False,100,,False,100,31900,15400,모요 프로모션 할인,7,1,0,,,,,"네이버페이 5,000원",926,https://www.moyoplan.com/plans/29286,2026-08-11T01:43:06.687727+00:00
MVNO,LGU+,이야기모바일,15068,15068,official_code,이야기 스탠다드 11GB+,,moyo,True,,,LTE,11.0,,11.0,False,3Mbps,2.0,,,,unsupported,True,,,True,,39600,18000,모요 프로모션 할인,7,1,0,,,,,"네이버페이 5,000원",131,https://www.moyoplan.com/plans/15068,2026-08-11T01:43:06.687727+00:00
MVNO,SKT,티플러스,34906,34906,official_code,통화안심 5GB_평생요금,,moyo,True,,,LTE,5.0,,5.0,False,,,,,,unsupported,True,,,False,100,2900,2900,,,0,0,,,,,,1138,https://www.moyoplan.com/plans/34906,2026-08-11T01:43:06.687727+00:00
MVNO,LGU+,이지모바일,30871,30871,official_code,[5G]이지 평생 2.5GB,,moyo,True,,,5G,2.5,,2.5,False,,,2.5,,2.5,quota,False,200,,False,100,2750,2750,,,1,0,,,,,일반유심/배송비 무료,145,https://www.moyoplan.com/plans/30871,2026-08-11T01:43:06.687727+00:00
MVNO,LGU+,슈가모바일,27455,27455,official_code,Sugar 데이터많이 15GB+300분,,moyo,True,,번호이동은(쓰던 번호 그대로 개통) 현재 통신사를 90일 이상 사용한 경우에만 가능해요.,LTE,15.0,,15.0,False,3Mbps,,,,,undisclosed,False,300,,False,300,33000,22000,모요 프로모션 할인,24,1,0,,,,,개통완료 시 유심/배송비 무료 1개,77,https://www.moyoplan.com/plans/27455,2026-08-11T01:43:06.687727+00:00
MVNO,KT,고고모바일,20025,20025,official_code,무제한11GB+3Mbps(지니뮤직 매월 무료),,moyo,True,,,LTE,11.0,,11.0,False,3Mbps,2.0,11.0,,11.0,quota,True,,300,True,,39600,39600,,,4,1,지니뮤직,,,추가데이터 20GB 제공,"3대 마트 상품권, 네이버페이 2만원 | KT유심&배송비 무료",16,https://www.moyoplan.com/plans/20025,2026-08-11T01:43:06.687727+00:00
MVNO,SKT,이야기모바일,12278,12278,official_code,내맘대로S(300+6GB),,moyo,True,,,LTE,6.0,,6.0,False,,,,,,unsupported,False,300,,False,300,13200,300,모요 프로모션 할인,7,1,0,,,,,"네이버페이 5,000원",973,https://www.moyoplan.com/plans/12278,2026-08-11T01:43:06.687727+00:00
MVNO,LGU+,스마텔,28092,28092,official_code,스마트 7GB+ (24개월),,moyo,True,,신규 가입을 받지 않는 통신사입니다. 사용 중인 번호 그대로 통신사만 이동할 분들만 가입이 가능해요.,LTE,7.0,,7.0,False,1Mbps,,,,,undisclosed,True,,,True,,24200,14000,모요 프로모션 할인,24,0,0,,,,,,20,https://www.moyoplan.com/plans/28092,2026-08-11T01:43:06.687727+00:00
MVNO,LGU+,KG모바일,26359,26359,official_code,[평생할인] 데이터 마음대로 (15GB+/300분),,moyo,True,,,LTE,15.0,,15.0,False,3Mbps,,,,,unsupported,False,300,,False,300,24100,24100,,,1,0,,,,,일반 유심/배송비 무료,342,https://www.moyoplan.com/plans/26359,2026-08-11T01:43:06.687727+00:00
MVNO,LGU+,U+유모바일,26284,26284,official_code,[평생할인] 5G 50GB+/통화기본,,moyo,True,,,5G,50.0,,50.0,False,1Mbps,,5.0,,5.0,quota,True,,300,True,,37850,37850,,,1,0,,,,"우리결합시, 데이터 10GB 추가 증정",,290,https://www.moyoplan.com/plans/26284,2026-08-11T01:43:06.687727+00:00
MVNO,LGU+,U+유모바일,24717,24717,official_code,교보문고 북 플러스알파 1GB+,,moyo,True,,,LTE,1.0,,1.0,False,1Mbps,,,,,within_data,True,,300,True,,11400,11400,,,2,0,,,,,교보문고 sam무제한 이용권 제공 (24개월) | 교보문고 e교환권 1천원권 제공 (24개월),100,https://www.moyoplan.com/plans/24717,2026-08-11T01:43:06.687727+00:00
MVNO,SKT,이야기모바일,29084,29084,official_code,5G 함께이야기해S 무한 20GB,,moyo,True,,,5G,20.0,,20.0,False,,,,,,unsupported,True,,,True,,19900,19900,,,1,0,,,,,"네이버페이 5,000원",328,https://www.moyoplan.com/plans/29084,2026-08-11T01:43:06.687727+00:00
MVNO,KT,더원모바일,33521,33521,official_code,TOP 15GB 100분 (밀리의서재),,moyo,True,,,LTE,15.0,,15.0,False,3Mbps,,,,,within_data,False,100,,False,100,33000,19800,모요 프로모션 할인,12,3,1,밀리의서재,,,솔로결합(+10GB),"3대 마트 상품권, 네이버페이 2만원",247,https://www.moyoplan.com/plans/33521,2026-08-11T01:43:06.687727+00:00
MVNO,KT,티플러스,33128,33128,official_code,5G 가성비플러스(25GB/350분),,moyo,True,,,5G,25.0,,25.0,False,,,,,,unsupported,False,350,,False,100,34100,2900,모요 프로모션 할인,7,4,0,,,,,3대마트 상품권/네이버페이 1만원 증정 | 마트 상품권/네이버페이 1만원 증정,465,https://www.moyoplan.com/plans/33128,2026-08-11T01:43:06.687727+00:00
MVNO,KT,위너스텔,20264,20264,official_code,안심무한330,,moyo,True,,,LTE,15.0,,15.0,False,3Mbps,,,,,unsupported,False,100,0,False,100,28600,28600,,,0,0,,,,,,19,https://www.moyoplan.com/plans/20264,2026-08-11T01:43:06.687727+00:00
MVNO,KT,더원모바일,33939,33939,official_code,TOP 7GB 기본 (다이소),,moyo,True,,,LTE,7.0,,7.0,False,1Mbps,,,,,undisclosed,True,,,True,,26400,4950,모요 프로모션 할인,7,2,0,,,,솔로결합(+5GB),"3대 마트 상품권, 네이버페이 2만원",79,https://www.moyoplan.com/plans/33939,2026-08-11T01:43:06.687727+00:00
MVNO,LGU+,KG모바일,20102,20102,official_code,[일반] 데이터 마음대로 (15GB+/300분)_24개월,,moyo,True,,,LTE,15.0,,15.0,False,3Mbps,,,,,unsupported,False,300,,False,300,35200,21800,모요 프로모션 할인,24,1,0,,,,,일반 유심/배송비 무료,56,https://www.moyoplan.com/plans/20102,2026-08-11T01:43:06.687727+00:00
MVNO,LGU+,티플러스,33089,33089,official_code,The 마음껏 매일5G＋(올리브영 매월 5000P),,moyo,True,,,LTE,,,,False,5Mbps,5.0,,,,unsupported,True,,,True,,46200,30900,모요 프로모션 할인,24,1,0,,,,,"올리브영 12개월간 매월 5,000원 상품권",71,https://www.moyoplan.com/plans/33089,2026-08-11T01:43:06.687727+00:00
MVNO,LGU+,인스모바일,23032,23032,official_code,[24개월] 인스 유심 올프리 7GB+,,moyo,True,,,LTE,7.0,,7.0,False,1Mbps,,,,,within_data,True,,300,True,,25300,12650,모요 프로모션 할인,24,0,0,,,,,,33,https://www.moyoplan.com/plans/23032,2026-08-11T01:43:06.687727+00:00
MVNO,KT,이지모바일,30900,30900,official_code,EG CU 무제한 11G+3(CU할인),,moyo,True,,,LTE,11.0,,11.0,False,3Mbps,2.0,11.0,,11.0,quota,True,,300,True,,37400,20000,모요 프로모션 할인,7,1,0,,,,,일반유심/배송비 무료,83,https://www.moyoplan.com/plans/30900,2026-08-11T01:43:06.687727+00:00
MVNO,KT,티플러스,25358,25358,official_code,KT 11GB+ (밀리의서재+올리브영 매월 5천원 상품권!),,moyo,True,,,LTE,11.0,,11.0,False,3Mbps,2.0,,,,unsupported,True,,,True,,45100,16900,모요 프로모션 할인,7,6,1,밀리의서재,,,,"3대마트 상품권/네이버페이 1만원 증정 | 마트 상품권/네이버페이 1만원 증정 | 올리브영 12개월간 매월 5,000원 상품권",389,https://www.moyoplan.com/plans/25358,2026-08-11T01:43:06.687727+00:00
MVNO,LGU+,티플러스,27423,27423,official_code,티플 15G＋(300분)_24개월 할인,,moyo,True,,,LTE,15.0,,15.0,False,3Mbps,,,,,unsupported,False,300,,False,300,33000,21900,모요 프로모션 할인,24,0,0,,,,,,62,https://www.moyoplan.com/plans/27423,2026-08-11T01:43:06.687727+00:00
MVNO,SKT,티플러스,24006,24006,official_code,티플 위드유 15GB＋(300분)(G car),,moyo,True,,,LTE,15.0,,15.0,False,3Mbps,,,,,within_data,False,300,,False,300,37400,10900,모요 프로모션 할인,7,1,0,,,,,롯데렌터카 연간 패스 이용권,272,https://www.moyoplan.com/plans/24006,2026-08-11T01:43:06.687727+00:00
MVNO,LGU+,KG모바일,31333,31333,official_code,[일반] 데이터 마음대로 (10GB+/200분)_12개월,,moyo,True,,,LTE,10.0,,10.0,False,1Mbps,,,,,unsupported,False,200,,False,100,26400,3100,모요 프로모션 할인,12,0,0,,,,,,264,https://www.moyoplan.com/plans/31333,2026-08-11T01:43:06.687727+00:00
MVNO,LGU+,스마텔,37116,37116,official_code,5G 스마트 125GB+,,moyo,True,,신규 가입을 받지 않는 통신사입니다. 사용 중인 번호 그대로 통신사만 이동할 분들만 가입이 가능해요.,5G,125.0,,125.0,False,5Mbps,,5.0,,5.0,quota,True,,300,True,,52800,20000,모요 프로모션 할인,7,0,0,,,,,,21,https://www.moyoplan.com/plans/37116,2026-08-11T01:43:06.687727+00:00
MVNO,LGU+,모나,35522,35522,official_code,모나300분6G안심1,,moyo,True,,,LTE,6.0,,6.0,False,1Mbps,,,,,unsupported,False,300,,False,200,29700,2400,모요 프로모션 할인,12,2,0,,,,,NFC 유심 무료 제공 | 4대 편의점 최대 10.1%적립,152,https://www.moyoplan.com/plans/35522,2026-08-11T01:43:06.687727+00:00
MVNO,KT,고고모바일,30942,30942,official_code,무제한 7GB+1M(다이소 매월 5000원),,moyo,True,,,LTE,7.0,,7.0,False,1Mbps,,,,,within_data,True,,300,True,,21560,21560,,,5,0,,,,데이터 매월 10GB 추가 증정 (24개월간) | 추가데이터 5GB 제공,"3대 마트 상품권, 네이버페이 2만원 | 다이소상품권 매월 5,000원 제공 | KT유심&배송비 무료",24,https://www.moyoplan.com/plans/30942,2026-08-11T01:43:06.687727+00:00
MVNO,KT,이지모바일,30860,30860,official_code,EG 무제한 일5G+5,,moyo,True,,,LTE,,,,False,5Mbps,5.0,,,,undisclosed,True,,,True,,45100,22000,모요 프로모션 할인,7,1,0,,,,,일반유심/배송비 무료,342,https://www.moyoplan.com/plans/30860,2026-08-11T01:43:06.687727+00:00
MVNO,KT,티플러스,30364,30364,official_code,데이터통화안심 10GB+,,moyo,True,,,LTE,10.0,,10.0,False,400Kbps,,,,,unsupported,True,,,False,100,12900,12900,,,2,0,,,,,마트 상품권/네이버페이 1만원 증정,109,https://www.moyoplan.com/plans/30364,2026-08-11T01:43:06.687727+00:00
MVNO,KT,더원모바일,33900,33900,official_code,TOP 100GB 기본 (네이버페이),,moyo,True,,,LTE,100.0,,100.0,False,5Mbps,,,,,within_data,True,,300,True,,46200,28050,모요 프로모션 할인,12,3,0,,,,솔로결합(+20GB),"네이버페이 매월 5,000P 제공 | 3대 마트 상품권, 네이버페이 2만원",122,https://www.moyoplan.com/plans/33900,2026-08-11T01:43:06.687727+00:00
MVNO,SKT,스마텔,29035,29035,official_code,5G 음성무제한 20GB,,moyo,True,,,5G,20.0,,20.0,False,,,20.0,,20.0,quota,True,,30,False,200,19600,19600,,,0,0,,,,,,222,https://www.moyoplan.com/plans/29035,2026-08-11T01:43:06.687727+00:00
MVNO,LGU+,KG모바일,36689,36689,official_code,[평생할인] 유심 5G 95GB+,,moyo,True,,,5G,95.0,,95.0,False,3Mbps,,,,,unsupported,True,,300,True,,29300,29300,,,1,0,,,,,일반 유심/배송비 무료,240,https://www.moyoplan.com/plans/36689,2026-08-11T01:43:06.687727+00:00
MVNO,LGU+,마블링,14479,14479,official_code,마블링 스탠다드 1GB,,moyo,True,,신규가입 시 본인확인 해피콜과 본인입증서류 제출을 요청 드릴 수 있습니다.,LTE,1.0,,1.0,False,,,,,,within_data,False,100,,False,50,3300,110,모요 프로모션 할인,6,0,0,,,,,,1801,https://www.moyoplan.com/plans/14479,2026-08-11T01:43:06.687727+00:00
MVNO,KT,더원모바일,34382,34382,official_code,ONE 5G 5GB 100분,,moyo,True,,,5G,5.0,,5.0,False,,,,,,undisclosed,False,100,,False,100,12100,110,모요 프로모션 할인,6,1,0,,,,,"3대 마트 상품권, 네이버페이 2만원",84,https://www.moyoplan.com/plans/34382,2026-08-11T01:43:06.687727+00:00
MVNO,LGU+,KG모바일,13892,13892,official_code,"[일반] 통화, 데이터 마음대로 11GB+",,moyo,True,,,LTE,11.0,,11.0,False,3Mbps,2.0,,,,unsupported,True,,300,True,,41800,28600,모요 프로모션 할인,12,0,0,,,,,,141,https://www.moyoplan.com/plans/13892,2026-08-11T01:43:06.687727+00:00
MVNO,LGU+,스마텔,25280,25280,official_code,USIM 심플 (200분 + 5GB),,moyo,True,,신규 가입을 받지 않는 통신사입니다. 사용 중인 번호 그대로 통신사만 이동할 분들만 가입이 가능해요.,LTE,5.0,,5.0,False,,,5.0,,5.0,quota,False,200,,False,100,9900,10,모요 프로모션 할인,10,0,0,,,,,,256,https://www.moyoplan.com/plans/25280,2026-08-11T01:43:06.687727+00:00
MVNO,KT,더원모바일,36243,36243,official_code,TOP 7GB 기본 (쿠팡캐시),,moyo,True,,,LTE,7.0,,7.0,False,1Mbps,,,,,undisclosed,True,,,True,,26400,4950,모요 프로모션 할인,7,2,0,,,,솔로결합(+5GB),"3대 마트 상품권, 네이버페이 2만원",50,https://www.moyoplan.com/plans/36243,2026-08-11T01:43:06.687727+00:00
MVNO,SKT,이야기모바일,10701,10701,official_code,이야기 300분+9GB(5G),,moyo,True,,,5G,9.0,,9.0,False,,,,,,unsupported,False,300,,False,50,11000,11000,,,1,0,,,,,"네이버페이 5,000원",16,https://www.moyoplan.com/plans/10701,2026-08-11T01:43:06.687727+00:00
MVNO,LGU+,U+유모바일,26288,26288,official_code,[평생할인] 5G 150GB+/통화기본,,moyo,True,,,5G,150.0,,150.0,False,5Mbps,,20.0,,20.0,quota,True,,300,True,,47300,47300,,,1,0,,,,"우리결합시, 데이터 20GB 추가 증정",,226,https://www.moyoplan.com/plans/26288,2026-08-11T01:43:06.687727+00:00
MVNO,SKT,스마텔,29020,29020,official_code,5G 음성무제한 8GB,,moyo,True,,,5G,8.0,,8.0,False,,,8.0,,8.0,quota,True,,30,False,200,8500,8500,,,0,0,,,,,,372,https://www.moyoplan.com/plans/29020,2026-08-11T01:43:06.687727+00:00
MVNO,LGU+,모나,23404,23404,official_code,NA수다100데이터15GB+,,moyo,True,,,LTE,15.0,,15.0,False,3Mbps,,,,,undisclosed,False,100,,False,100,31900,19900,모요 프로모션 할인,24,2,0,,,,,NFC 유심 무료 제공 | 4대 편의점 최대 10.1%적립,195,https://www.moyoplan.com/plans/23404,2026-08-11T01:43:06.687727+00:00
MVNO,KT,이지모바일,33043,33043,official_code,EG 12무제한 10G+1(CU할인),,moyo,True,,,LTE,10.0,,10.0,False,1Mbps,,10.0,,10.0,quota,True,,300,True,,24860,9900,모요 프로모션 할인,12,1,0,,,,,일반유심/배송비 무료,226,https://www.moyoplan.com/plans/33043,2026-08-11T01:43:06.687727+00:00
MVNO,LGU+,KG모바일,26361,26361,official_code,"[평생할인] 통화, 데이터 마음대로 Pro",,moyo,True,,,LTE,,,,False,5Mbps,5.0,,,,unsupported,True,,,True,,32400,32400,,,1,0,,,,,일반 유심/배송비 무료,333,https://www.moyoplan.com/plans/26361,2026-08-11T01:43:06.687727+00:00
MVNO,SKT,스마텔,25233,25233,official_code,스마일 100GB+,,moyo,True,,,LTE,100.0,,100.0,False,5Mbps,,30.0,,30.0,quota,True,,300,True,,47300,19000,모요 프로모션 할인,7,0,0,,,,,,1801,https://www.moyoplan.com/plans/25233,2026-08-11T01:43:06.687727+00:00
MVNO,LGU+,스마텔,25271,25271,official_code,USIM 스마트(100분/10GB+),,moyo,True,,신규 가입을 받지 않는 통신사입니다. 사용 중인 번호 그대로 통신사만 이동할 분들만 가입이 가능해요.,LTE,10.0,,10.0,False,1Mbps,,,,,unsupported,False,100,,False,100,19800,6600,모요 프로모션 할인,12,0,0,,,,,,39,https://www.moyoplan.com/plans/25271,2026-08-11T01:43:06.687727+00:00
MVNO,SKT,스마텔,29026,29026,official_code,5G 음성무제한 11GB,,moyo,True,,,5G,11.0,,11.0,False,,,11.0,,11.0,quota,True,,30,False,200,10800,10800,,,0,0,,,,,,412,https://www.moyoplan.com/plans/29026,2026-08-11T01:43:06.687727+00:00
MVNO,LGU+,모나,35523,35523,official_code,편의점_데이터11G+일2G,,moyo,True,,,LTE,11.0,,11.0,False,3Mbps,2.0,,,,unsupported,True,,300,True,,44000,27900,모요 프로모션 할인,24,3,0,,,,,편의점 상품권(택 1) 매월 제공 | NFC 유심 무료 제공 | 4대 편의점 최대 10.1%적립,88,https://www.moyoplan.com/plans/35523,2026-08-11T01:43:06.687727+00:00
MVNO,LGU+,LG헬로모바일,11198,11198,official_code,슬림 안심 유심 2.5GB 200분,,moyo,True,,,LTE,2.5,,2.5,False,1Mbps,,,,,undisclosed,False,200,,False,100,10500,5500,모요 프로모션 페이백/할인,7,4,2,구글 AI프로+도미노피자 할인쿠폰 | 토스미·오픽미 AI 모의고사,,,,네이버페이 매달 5천원 페이백(7개월) | 프레딧 쿠폰 2만원(5천원*4개월),17,https://www.moyoplan.com/plans/11198,2026-08-11T01:43:06.687727+00:00
MVNO,LGU+,찬스모바일,33513,33513,official_code,실속데이터 100분 10GB,,moyo,True,,,LTE,10.0,,10.0,False,,,,,,undisclosed,False,100,,False,100,13200,500,모요 프로모션 할인,6,1,0,,,,,유심/배송비 무료,169,https://www.moyoplan.com/plans/33513,2026-08-11T01:43:06.687727+00:00
MVNO,LGU+,인스모바일,27688,27688,official_code,[24개월] 인스 유심 스트롱 100GB+,,moyo,True,,,LTE,100.0,,100.0,False,5Mbps,,11.0,,11.0,quota,True,,300,True,,47000,28520,모요 프로모션 할인,24,0,0,,,,,,140,https://www.moyoplan.com/plans/27688,2026-08-11T01:43:06.687727+00:00
MVNO,KT,KT스카이라이프,14757,14757,official_code,모두 충분 11.0GB+(기프티쇼),,moyo,True,,,LTE,11.0,,11.0,False,3Mbps,2.0,,,,within_data,True,,300,True,,36000,36000,,,2,0,,,,,"S-머니6만원(1만원X6개월) | 3대마트상품권, 네이버페이 2만원",132,https://www.moyoplan.com/plans/14757,2026-08-11T01:43:06.687727+00:00
MVNO,KT,티플러스,23782,23782,official_code,티플 10GB(10GB/0분),,moyo,True,,,LTE,10.0,,10.0,False,,,,,,unsupported,False,0,,False,0,7500,7500,,,2,0,,,,,마트 상품권/네이버페이 1만원 증정,271,https://www.moyoplan.com/plans/23782,2026-08-11T01:43:06.687727+00:00
MVNO,KT,고고모바일,24195,24195,official_code,5G200분/15GB,,moyo,True,,,5G,15.0,,15.0,False,,,,,,within_data,False,200,,False,100,20790,20790,,,2,0,,,,,"3대 마트 상품권, 네이버페이 2만원 | KT유심&배송비 무료",77,https://www.moyoplan.com/plans/24195,2026-08-11T01:43:06.687727+00:00
MVNO,SKT,스마텔,29021,29021,official_code,LTE 음성무제한 20GB,,moyo,True,,,LTE,20.0,,20.0,False,,,20.0,,20.0,quota,True,,30,False,200,25300,7800,모요 프로모션 할인,7,0,0,,,,,,459,https://www.moyoplan.com/plans/29021,2026-08-11T01:43:06.687727+00:00
MVNO,SKT,티플러스,27677,27677,official_code,티플 CGV 15GB＋(100분),,moyo,True,,,LTE,15.0,,15.0,False,3Mbps,,,,,unsupported,False,100,,False,100,42900,10500,모요 프로모션 할인,7,2,0,,,,,CGV 2D영화 8천원 관람권 2매 | CGV 스몰세트 교환권,246,https://www.moyoplan.com/plans/27677,2026-08-11T01:43:06.687727+00:00
MVNO,LGU+,티플러스,31781,31781,official_code,The 완전마음껏15G+(100분)(카톡 이모티콘+예스24e북),,moyo,True,,,LTE,15.0,,15.0,False,3Mbps,,,,,unsupported,False,100,,False,100,35090,21500,모요 프로모션 할인,24,2,1,예스24 크레마클럽 구독권 (12개월),,,,카카오이모티콘 플러스 매월 무료 제공,76,https://www.moyoplan.com/plans/31781,2026-08-11T01:43:06.687727+00:00
MVNO,SKT,티플러스,31045,31045,official_code,티플 15GB+(100분)(이디야커피),,moyo,True,,,LTE,15.0,,15.0,False,3Mbps,,,,,unsupported,False,100,,False,100,37400,10500,모요 프로모션 할인,7,1,0,,,,,"12개월간 이디야 모바일권 5,000원권 증정",74,https://www.moyoplan.com/plans/31045,2026-08-11T01:43:06.687727+00:00
MVNO,LGU+,핀다이렉트,18985,18985,official_code,[L] 핀다이렉트e Xtra 1GB,,moyo,True,,,5G,1.0,,1.0,False,,,,,,unsupported,False,50,,False,50,6600,110,모요 프로모션 할인,7,0,0,,,,,,1121,https://www.moyoplan.com/plans/18985,2026-08-11T01:43:06.687727+00:00
MVNO,SKT,스마텔,25338,25338,official_code,5G 스마일플러스(350분+7GB),,moyo,True,,,5G,7.0,,7.0,False,,,7.0,,7.0,quota,False,350,,False,100,17600,4400,모요 프로모션 할인,5,0,0,,,,,,118,https://www.moyoplan.com/plans/25338,2026-08-11T01:43:06.687727+00:00
MVNO,KT,KT스카이라이프,31460,31460,official_code,모두 충분 11GB+(다이소_5000),,moyo,True,,,LTE,11.0,,11.0,False,3Mbps,2.0,,,,within_data,True,,300,True,,36300,36300,,,2,0,,,,,"S-머니6만원(1만원X6개월) | 3대마트상품권, 네이버페이 2만원",62,https://www.moyoplan.com/plans/31460,2026-08-11T01:43:06.687727+00:00
MVNO,LGU+,찬스모바일,33512,33512,official_code,실속데이터 250분 10GB,,moyo,True,,,LTE,10.0,,10.0,False,,,,,,undisclosed,False,250,,False,100,14300,5500,모요 프로모션 할인,12,1,0,,,,,유심/배송비 무료,32,https://www.moyoplan.com/plans/33512,2026-08-11T01:43:06.687727+00:00
MVNO,LGU+,티플러스,17273,17273,official_code,티플포유(1G/100분),,moyo,True,,,LTE,1.0,,1.0,False,,,,,,within_data,False,100,,False,100,3300,3300,,,0,0,,,,,,212,https://www.moyoplan.com/plans/17273,2026-08-11T01:43:06.687727+00:00
MVNO,LGU+,인스모바일,23033,23033,official_code,[24개월] 인스 유심 스트롱 15GB+,,moyo,True,,,LTE,15.0,,15.0,False,3Mbps,,11.0,,11.0,quota,False,100,,False,100,34000,17500,모요 프로모션 할인,24,0,0,,,,,,1274,https://www.moyoplan.com/plans/23033,2026-08-11T01:43:06.687727+00:00
MVNO,KT,스마텔,31945,31945,official_code,[모요only] CU 스위트 무제한 100GB+,,moyo,True,,신규 가입을 받지 않는 통신사입니다. 사용 중인 번호 그대로 통신사만 이동할 분들만 가입이 가능해요.,LTE,100.0,,100.0,False,5Mbps,,,,,within_data,False,9997,300,True,,46200,26000,모요 프로모션 할인,12,0,0,,,,,,87,https://www.moyoplan.com/plans/31945,2026-08-11T01:43:06.687727+00:00
MVNO,KT,KT스카이라이프,31461,31461,official_code,모두 충분 11GB+(올리브영_5000),,moyo,True,,,LTE,11.0,,11.0,False,3Mbps,2.0,,,,within_data,True,,300,True,,36300,36300,,,2,0,,,,,"S-머니6만원(1만원X6개월) | 3대마트상품권, 네이버페이 2만원",65,https://www.moyoplan.com/plans/31461,2026-08-11T01:43:06.687727+00:00
MVNO,KT,더원모바일,33955,33955,official_code,TOP 11GB 기본 (네이버페이),,moyo,True,,,LTE,11.0,,11.0,False,3Mbps,2.0,,,,undisclosed,True,,,True,,40700,18700,모요 프로모션 할인,7,3,0,,,,솔로결합(+20GB),"네이버페이 매월 5,000P 제공 | 3대 마트 상품권, 네이버페이 2만원",10,https://www.moyoplan.com/plans/33955,2026-08-11T01:43:06.687727+00:00
MVNO,KT,더원모바일,33954,33954,official_code,TOP 11GB 기본 (다이소),,moyo,True,,,LTE,11.0,,11.0,False,3Mbps,2.0,,,,undisclosed,True,,,True,,40700,18700,모요 프로모션 할인,7,3,0,,,,솔로결합(+20GB),"3대 마트 상품권, 네이버페이 2만원 | 다이소 매월 5,000원 제공",10,https://www.moyoplan.com/plans/33954,2026-08-11T01:43:06.687727+00:00
MVNO,LGU+,슈가모바일,31063,31063,official_code,5G Sugar 실속(300분/6GB),,moyo,True,,번호이동은(쓰던 번호 그대로 개통) 현재 통신사를 90일 이상 사용한 경우에만 가능해요.,5G,6.0,,6.0,False,,,,,,undisclosed,False,300,,False,200,2800,2800,,,1,0,,,,,개통완료 시 유심/배송비 무료 1개,346,https://www.moyoplan.com/plans/31063,2026-08-11T01:43:06.687727+00:00
MVNO,KT,KT스카이라이프,32515,32515,official_code,모두 충분 15GB+(Pay_5000),,moyo,True,,,LTE,15.0,,15.0,False,1Mbps,,,,,within_data,True,,300,True,,23700,23700,,,2,0,,,,,"S-머니3만원(5천원X6개월) | 3대마트상품권, 네이버페이 2만원",66,https://www.moyoplan.com/plans/32515,2026-08-11T01:43:06.687727+00:00
MVNO,KT,더원모바일,33953,33953,official_code,TOP 11GB 기본 (올리브영),,moyo,True,,,LTE,11.0,,11.0,False,3Mbps,2.0,,,,undisclosed,True,,,True,,40700,18700,모요 프로모션 할인,7,3,0,,,,솔로결합(+20GB),"3대 마트 상품권, 네이버페이 2만원 | 올리브영 매월 5,000원 제공",10,https://www.moyoplan.com/plans/33953,2026-08-11T01:43:06.687727+00:00
MVNO,LGU+,인스모바일,23035,23035,official_code,[24개월] 인스 유심 스트롱,,moyo,True,,,LTE,,,,False,5Mbps,5.0,,,,undisclosed,True,,,True,,47000,28520,모요 프로모션 할인,24,0,0,,,,,,32,https://www.moyoplan.com/plans/23035,2026-08-11T01:43:06.687727+00:00
MVNO,KT,더원모바일,36245,36245,official_code,TOP 11GB 기본 (쿠팡캐시),,moyo,True,,,LTE,11.0,,11.0,False,3Mbps,2.0,,,,undisclosed,True,,,True,,40700,18700,모요 프로모션 할인,7,3,0,,,,솔로결합(+20GB),"3대 마트 상품권, 네이버페이 2만원 | 쿠팡캐시 5,000원",87,https://www.moyoplan.com/plans/36245,2026-08-11T01:43:06.687727+00:00
MVNO,SKT,이야기모바일,13978,13978,official_code,함께이야기해S(500분+20GB),,moyo,True,,,LTE,20.0,,20.0,False,,,,,,unsupported,False,500,,False,200,19800,19800,,,1,0,,,,,"네이버페이 5,000원",22,https://www.moyoplan.com/plans/13978,2026-08-11T01:43:06.687727+00:00
MVNO,SKT,이야기모바일,13972,13972,official_code,함께이야기해S(100분+10GB),,moyo,True,,,LTE,10.0,,10.0,False,,,,,,unsupported,False,100,,False,100,14300,8800,모요 프로모션 할인,12,1,0,,,,,"네이버페이 5,000원",32,https://www.moyoplan.com/plans/13972,2026-08-11T01:43:06.687727+00:00
MVNO,KT,더원모바일,33957,33957,official_code,TOP 100GB 기본 (밀리의서재),,moyo,True,,,LTE,100.0,,100.0,False,5Mbps,,,,,undisclosed,True,,,True,,46200,19800,모요 프로모션 할인,7,3,1,밀리의서재,,,솔로결합(+20GB),"3대 마트 상품권, 네이버페이 2만원",414,https://www.moyoplan.com/plans/33957,2026-08-11T01:43:06.687727+00:00
MVNO,LGU+,KG모바일,13901,13901,official_code,[일반] 데이터 마음대로 (15GB+/100분),,moyo,True,,,LTE,15.0,,15.0,False,3Mbps,,,,,unsupported,False,100,,False,100,33000,20900,모요 프로모션 할인,12,0,0,,,,,,130,https://www.moyoplan.com/plans/13901,2026-08-11T01:43:06.687727+00:00
MVNO,KT,더원모바일,36248,36248,official_code,TOP 100GB 기본 (쿠팡캐시),,moyo,True,,,LTE,100.0,,100.0,False,5Mbps,,,,,within_data,True,,300,True,,46200,28050,모요 프로모션 할인,12,3,0,,,,솔로결합(+20GB),"3대 마트 상품권, 네이버페이 2만원 | 쿠팡캐시 5,000원",73,https://www.moyoplan.com/plans/36248,2026-08-11T01:43:06.687727+00:00
MVNO,LGU+,찬스모바일,34381,34381,official_code,[모요only] 알찬 100분 15GB+3Mbps,,moyo,True,,,LTE,15.0,,15.0,False,3Mbps,,,,,within_data,False,100,,False,100,28600,11900,모요 프로모션 할인,7,1,0,,,,,유심/배송비 무료,3985,https://www.moyoplan.com/plans/34381,2026-08-11T01:43:06.687727+00:00
MVNO,KT,KT스카이라이프,33083,33083,official_code,모두 충분 15GB+(지니뮤직),,moyo,True,,,LTE,15.0,,15.0,False,1Mbps,,,,,within_data,True,,300,True,,24200,24200,,,2,0,,,,,"S-머니3만원(5천원X6개월) | 3대마트상품권, 네이버페이 2만원",72,https://www.moyoplan.com/plans/33083,2026-08-11T01:43:06.687727+00:00
MVNO,LGU+,LG헬로모바일,6802,6802,official_code,슬림 유심 1GB 50분,,moyo,True,,,LTE,1.0,,1.0,False,,,,,,undisclosed,False,50,,False,0,4450,4450,,,3,2,구글 AI프로+도미노피자 할인쿠폰 | 토스미·오픽미 AI 모의고사,,,,프레딧 쿠폰 2만원(5천원*4개월),35,https://www.moyoplan.com/plans/6802,2026-08-11T01:43:06.687727+00:00
MVNO,LGU+,스마텔,32615,32615,official_code,데이터충분히(10G+100분),,moyo,True,,신규 가입을 받지 않는 통신사입니다. 사용 중인 번호 그대로 통신사만 이동할 분들만 가입이 가능해요.,LTE,10.0,,10.0,False,,,10.0,,10.0,quota,False,100,,False,100,13200,10,모요 프로모션 할인,8,0,0,,,,,,922,https://www.moyoplan.com/plans/32615,2026-08-11T01:43:06.687727+00:00
MVNO,SKT,이야기모바일,29082,29082,official_code,함께이야기해S 무한 10GB,,moyo,True,,,LTE,10.0,,10.0,False,,,,,,unsupported,True,,,True,,16500,13000,모요 프로모션 할인,12,1,0,,,,,"네이버페이 5,000원",87,https://www.moyoplan.com/plans/29082,2026-08-11T01:43:06.687727+00:00
MVNO,SKT,티플러스,35889,35889,official_code,티플 100G＋(CU멤버십＋매월 5000P),,moyo,True,,,LTE,100.0,,100.0,False,5Mbps,,,,,unsupported,True,,,True,,55000,17900,모요 프로모션 할인,7,3,0,,,,,"CU 5,000P 모바일상품권 12개월 제공 | CU편의점 20% 할인 12개월 제공 | 12개월간 CU 카테고리 20% 할인권 제공",1018,https://www.moyoplan.com/plans/35889,2026-08-11T01:43:06.687727+00:00
MVNO,LGU+,인스모바일,23137,23137,official_code,[평생할인]실속 150분+1GB(USIM),,moyo,True,,,LTE,1.0,,1.0,False,,,,,,within_data,False,150,0,False,50,2530,2530,,,0,0,,,,,,301,https://www.moyoplan.com/plans/23137,2026-08-11T01:43:06.687727+00:00
MVNO,LGU+,인스모바일,15371,15371,official_code,[평생할인]인스 유심 음성 60분+500MB,,moyo,True,,,LTE,0.488,,0.488,False,,,,,,undisclosed,False,60,,False,50,3280,3280,,,0,0,,,,,,125,https://www.moyoplan.com/plans/15371,2026-08-11T01:43:06.687727+00:00
MVNO,SKT,티플러스,35277,35277,official_code,티플북 15G+(100분)(도서문화상품권 매월 5000P),,moyo,True,,,LTE,15.0,,15.0,False,3Mbps,,,,,unsupported,False,100,,False,100,39600,10900,모요 프로모션 할인,7,1,0,,,,,북앤라이프 5000P 도서문화상품권,72,https://www.moyoplan.com/plans/35277,2026-08-11T01:43:06.687727+00:00
MVNO,LGU+,이야기모바일,20076,20076,official_code,[모요only] 내맘대로 (50분+1GB),,moyo,True,,,LTE,1.0,,1.0,False,,,,,,unsupported,False,50,,False,50,4620,4620,,,1,0,,,,,"네이버페이 5,000원",54,https://www.moyoplan.com/plans/20076,2026-08-11T01:43:06.687727+00:00
MVNO,KT,더원모바일,35532,35532,official_code,TOP 100GB 기본 (CU할인),,moyo,True,,,LTE,100.0,,100.0,False,5Mbps,,,,,undisclosed,True,,,True,,46200,19800,모요 프로모션 할인,7,3,0,,,,솔로결합(+20GB),"3대 마트 상품권, 네이버페이 2만원 | CU 20% 오프라인 결제할인",349,https://www.moyoplan.com/plans/35532,2026-08-11T01:43:06.687727+00:00
MVNO,SKT,아이즈모바일,35441,35441,official_code,[S]올리브영100GB+,,moyo,True,,,LTE,100.0,,100.0,False,5Mbps,,,,,undisclosed,True,,,True,,55000,10900,모요 프로모션 할인,7,2,0,,,,SOLO결합 데이터 20GB 지급,"올리브영 상품권 매달 7,000원 지급",2047,https://www.moyoplan.com/plans/35441,2026-08-11T01:43:06.687727+00:00
MVNO,KT,더원모바일,33962,33962,official_code,TOP 5G 110GB 기본 (올리브영),,moyo,True,,,5G,110.0,,110.0,False,5Mbps,,,,,undisclosed,True,,,True,,47300,22000,모요 프로모션 할인,7,3,0,,,,솔로결합(+20GB),"3대 마트 상품권, 네이버페이 2만원 | 올리브영 매월 5,000원 제공",143,https://www.moyoplan.com/plans/33962,2026-08-11T01:43:06.687727+00:00
MVNO,LGU+,KG모바일,26320,26320,official_code,[일반] 유심 5G 95GB+,,moyo,True,,,5G,95.0,,95.0,False,3Mbps,,,,,unsupported,True,,300,True,,49500,29000,모요 프로모션 할인,12,0,0,,,,,,35,https://www.moyoplan.com/plans/26320,2026-08-11T01:43:06.687727+00:00
MVNO,KT,스마텔,31745,31745,official_code,USIM 스위트 5G망(100분/10GB),,moyo,True,,신규 가입을 받지 않는 통신사입니다. 사용 중인 번호 그대로 통신사만 이동할 분들만 가입이 가능해요.,5G,10.0,,10.0,False,,,,,,unsupported,False,100,,False,100,15400,90,모요 프로모션 할인,6,0,0,,,,,,273,https://www.moyoplan.com/plans/31745,2026-08-11T01:43:06.687727+00:00
MVNO,KT,고고모바일,18747,18747,official_code,[모요only] 무제한 15GB+1M(밀리의서재 Free),,moyo,True,,,LTE,15.0,,15.0,False,1Mbps,,,,,within_data,True,,300,True,,26400,13000,모요 프로모션 할인,7,5,1,밀리의서재,,,추가데이터 10GB 제공 | 데이터 매월 10GB 추가 증정 (24개월간),"3대 마트 상품권, 네이버페이 2만원 | KT유심&배송비 무료",2335,https://www.moyoplan.com/plans/18747,2026-08-11T01:43:06.687727+00:00
MVNO,KT,더원모바일,33963,33963,official_code,TOP 5G 110GB 기본 (다이소),,moyo,True,,,5G,110.0,,110.0,False,5Mbps,,,,,undisclosed,True,,,True,,47300,22000,모요 프로모션 할인,7,3,0,,,,솔로결합(+20GB),"3대 마트 상품권, 네이버페이 2만원 | 다이소 매월 5,000원 제공",163,https://www.moyoplan.com/plans/33963,2026-08-11T01:43:06.687727+00:00
MVNO,KT,스마텔,31741,31741,official_code,USIM 스위트 (100분/10GB),,moyo,True,,신규 가입을 받지 않는 통신사입니다. 사용 중인 번호 그대로 통신사만 이동할 분들만 가입이 가능해요.,LTE,10.0,,10.0,False,,,,,,unsupported,False,100,,False,100,15400,90,모요 프로모션 할인,6,0,0,,,,,,237,https://www.moyoplan.com/plans/31741,2026-08-11T01:43:06.687727+00:00
MVNO,KT,KT엠모바일,36974,36974,official_code,5G 모두다 맘껏 70GB+(밀리의 서재 FREE),,moyo,True,,,5G,70.0,,70.0,False,1Mbps,,,,,undisclosed,True,,,True,,39100,39100,,,2,1,밀리의서재,,,,M마켓 포인트 16만원 (2만 X 8개월),345,https://www.moyoplan.com/plans/36974,2026-08-11T01:43:06.687727+00:00
MVNO,LGU+,이야기모바일,15069,15069,official_code,이야기 스페셜 매일5GB+,,moyo,True,,,LTE,,,,False,5Mbps,5.0,,,,unsupported,True,,,True,,46200,23000,모요 프로모션 할인,7,1,0,,,,,"네이버페이 5,000원",54,https://www.moyoplan.com/plans/15069,2026-08-11T01:43:06.687727+00:00
MVNO,LGU+,LG헬로모바일,11201,11201,official_code,보편 안심 유심 5GB 100분,,moyo,True,,,LTE,5.0,,5.0,False,1Mbps,,,,,undisclosed,False,100,,False,100,13500,8500,모요 프로모션 페이백/할인,7,4,2,구글 AI프로+도미노피자 할인쿠폰 | 토스미·오픽미 AI 모의고사,,,,네이버페이 매달 5천원 페이백(7개월) | 프레딧 쿠폰 2만원(5천원*4개월),12,https://www.moyoplan.com/plans/11201,2026-08-11T01:43:06.687727+00:00
MVNO,KT,KT스카이라이프,18624,18624,official_code,5G 모두 충분 110GB+(밀리의서재),,moyo,True,,,5G,110.0,,110.0,False,5Mbps,,,,,within_data,True,,300,True,,42900,42900,,,3,1,밀리의서재,,,,"S-머니6만원(1만원X6개월) | 3대마트상품권, 네이버페이 2만원",414,https://www.moyoplan.com/plans/18624,2026-08-11T01:43:06.687727+00:00
MVNO,KT,KT스카이라이프,26823,26823,official_code,모두 충분 10GB+,,moyo,True,,,LTE,10.0,,10.0,False,400Kbps,,,,,within_data,True,,30,True,,17900,17900,,,2,0,,,,,"S-머니3만원(5천원X6개월) | 3대마트상품권, 네이버페이 2만원",64,https://www.moyoplan.com/plans/26823,2026-08-11T01:43:06.687727+00:00
MVNO,LGU+,티플러스,31779,31779,official_code,The 완전마음껏7G+(카톡 이모티콘+예스24e북),,moyo,True,,,LTE,7.0,,7.0,False,1Mbps,,,,,unsupported,True,,,True,,22000,14900,모요 프로모션 할인,24,2,1,예스24 크레마클럽 구독권 (12개월),,,,카카오이모티콘 플러스 매월 무료 제공,63,https://www.moyoplan.com/plans/31779,2026-08-11T01:43:06.687727+00:00
MVNO,SKT,이야기모바일,13980,13980,official_code,함께이야기해S(100분+30GB),,moyo,True,,,LTE,30.0,,30.0,False,,,,,,unsupported,False,100,,False,300,19800,19800,,,1,0,,,,,"네이버페이 5,000원",151,https://www.moyoplan.com/plans/13980,2026-08-11T01:43:06.687727+00:00
MVNO,LGU+,티플러스,35857,35857,official_code,티플온 15G＋,,moyo,True,,,LTE,15.0,,15.0,False,1Mbps,,,,,unsupported,True,,,True,,35200,11900,모요 프로모션 할인,7,0,0,,,,,,285,https://www.moyoplan.com/plans/35857,2026-08-11T01:43:06.687727+00:00
MVNO,KT,이지모바일,30902,30902,official_code,EG CU 무제한 100G+5(CU할인),,moyo,True,,,LTE,100.0,,100.0,False,5Mbps,,100.0,,100.0,quota,True,,300,True,,44000,20500,모요 프로모션 할인,7,1,0,,,,,일반유심/배송비 무료,486,https://www.moyoplan.com/plans/30902,2026-08-11T01:43:06.687727+00:00
MVNO,LGU+,티플러스,31338,31338,official_code,The 완전마음껏15G+(300분)(컬쳐랜드 문화상품권 매월 5000P),,moyo,True,,,LTE,15.0,,15.0,False,3Mbps,,,,,unsupported,False,300,,False,300,33000,23500,모요 프로모션 할인,24,1,0,,,,,컬쳐랜드 모바일상품권 5천원 증정(12개월),24,https://www.moyoplan.com/plans/31338,2026-08-11T01:43:06.687727+00:00
MVNO,KT,KT스카이라이프,31822,31822,official_code,데이터 충분 15GB+/100분(모아진),,moyo,True,,,LTE,15.0,,15.0,False,3Mbps,,,,,within_data,False,100,0,False,100,25300,25300,,,2,0,,,,,"S-머니3만원(5천원X6개월) | 3대마트상품권, 네이버페이 2만원",290,https://www.moyoplan.com/plans/31822,2026-08-11T01:43:06.687727+00:00
MVNO,KT,KT스카이라이프,18602,18602,official_code,모두 충분 11GB+(웨이브),,moyo,True,,,LTE,11.0,,11.0,False,3Mbps,2.0,,,,within_data,True,,300,True,,36600,36600,,,2,0,,,,,"S-머니6만원(1만원X6개월) | 3대마트상품권, 네이버페이 2만원",73,https://www.moyoplan.com/plans/18602,2026-08-11T01:43:06.687727+00:00
MVNO,KT,더원모바일,33535,33535,official_code,TOP 5G 110GB 기본 (올리브영),,moyo,True,,,5G,110.0,,110.0,False,5Mbps,,40.0,,40.0,quota,True,,300,True,,47300,32890,모요 프로모션 할인,12,3,0,,,,솔로결합(+20GB),"3대 마트 상품권, 네이버페이 2만원 | 올리브영 매월 5,000원 제공",143,https://www.moyoplan.com/plans/33535,2026-08-11T01:43:06.687727+00:00
MVNO,LGU+,LG헬로모바일,6793,6793,official_code,보편 안심 유심 5GB 200분,,moyo,True,,,LTE,5.0,,5.0,False,1Mbps,,,,,undisclosed,False,200,,False,100,13900,8900,모요 프로모션 페이백/할인,7,4,2,구글 AI프로+도미노피자 할인쿠폰 | 토스미·오픽미 AI 모의고사,,,,네이버페이 매달 5천원 페이백(7개월) | 프레딧 쿠폰 2만원(5천원*4개월),14,https://www.moyoplan.com/plans/6793,2026-08-11T01:43:06.687727+00:00
MVNO,KT,고고모바일,19822,19822,official_code,[모요only] 5G 무제한 110GB+5Mbps(밀리의서재)(모요Only),,moyo,True,,,5G,110.0,,110.0,False,5Mbps,,40.0,,40.0,quota,True,,300,True,,49500,33000,모요 프로모션 할인,12,2,0,,,,,"3대 마트 상품권, 네이버페이 2만원 | KT유심&배송비 무료",240,https://www.moyoplan.com/plans/19822,2026-08-11T01:43:06.687727+00:00
MVNO,LGU+,티플러스,31782,31782,official_code,The 완전마음껏15G+(300분)(카톡 이모티콘+예스24e북),,moyo,True,,,LTE,15.0,,15.0,False,3Mbps,,,,,unsupported,False,300,,False,300,33000,23500,모요 프로모션 할인,24,2,1,예스24 크레마클럽 구독권 (12개월),,,,카카오이모티콘 플러스 매월 무료 제공,29,https://www.moyoplan.com/plans/31782,2026-08-11T01:43:06.687727+00:00
MVNO,LGU+,티플러스,33086,33086,official_code,The 데이터마음껏15G＋(100분)(올리브영 매월 5000P),,moyo,True,,,LTE,15.0,,15.0,False,3Mbps,,,,,unsupported,False,100,,False,100,35090,21500,모요 프로모션 할인,24,1,0,,,,,"올리브영 12개월간 매월 5,000원 상품권",74,https://www.moyoplan.com/plans/33086,2026-08-11T01:43:06.687727+00:00
MVNO,KT,더원모바일,33938,33938,official_code,TOP 7GB 기본 (올리브영),,moyo,True,,,LTE,7.0,,7.0,False,1Mbps,,,,,undisclosed,True,,,True,,26400,4950,모요 프로모션 할인,7,2,0,,,,솔로결합(+5GB),"3대 마트 상품권, 네이버페이 2만원",38,https://www.moyoplan.com/plans/33938,2026-08-11T01:43:06.687727+00:00
MVNO,LGU+,핀다이렉트,18991,18991,official_code,[L] DIGITAL DETOX 5GB 챌린지,,moyo,True,,,LTE,5.0,,5.0,False,,,,,,unsupported,False,100,,False,100,13200,550,모요 프로모션 할인,12,1,0,,,,,데이터 로밍 3일 무료 쿠폰,174,https://www.moyoplan.com/plans/18991,2026-08-11T01:43:06.687727+00:00
MVNO,LGU+,티플러스,26989,26989,official_code,The 데이터마음껏15G+(100분)(다이소 매월 5000P),,moyo,True,,,LTE,15.0,,15.0,False,3Mbps,,,,,unsupported,False,100,,False,100,35090,21500,모요 프로모션 할인,24,1,0,,,,,"12개월 간 다이소 상품권 5,000원 쿠폰",99,https://www.moyoplan.com/plans/26989,2026-08-11T01:43:06.687727+00:00
MVNO,LGU+,KG모바일,26319,26319,official_code,[일반] 유심 5G 125GB+,,moyo,True,,,5G,125.0,,125.0,False,5Mbps,,,,,unsupported,True,,300,True,,51150,30000,모요 프로모션 할인,12,0,0,,,,,,39,https://www.moyoplan.com/plans/26319,2026-08-11T01:43:06.687727+00:00
MVNO,SKT,이야기모바일,13974,13974,official_code,함께이야기해S(500분+10GB),,moyo,True,,,LTE,10.0,,10.0,False,,,,,,unsupported,False,500,,False,100,16500,13200,모요 프로모션 할인,12,1,0,,,,,"네이버페이 5,000원",18,https://www.moyoplan.com/plans/13974,2026-08-11T01:43:06.687727+00:00
MVNO,KT,고고모바일,24187,24187,official_code,[모요only] LTE 무제한 15GB+1M(CU20%할인),,moyo,True,,,LTE,15.0,,15.0,False,1Mbps,,,,,within_data,True,,300,True,,26400,13000,모요 프로모션 할인,7,5,0,,,,추가데이터 10GB 제공 | 데이터 매월 10GB 추가 증정 (24개월간),"3대 마트 상품권, 네이버페이 2만원 | CU 20% 오프라인 결제할인 | KT유심&배송비 무료",386,https://www.moyoplan.com/plans/24187,2026-08-11T01:43:06.687727+00:00
MVNO,LGU+,티플러스,34901,34901,official_code,The 데이터마음껏15G＋(100분)(스타벅스 매월 5000P),,moyo,True,,,LTE,15.0,,15.0,False,3Mbps,,,,,unsupported,False,100,,False,100,35090,21500,모요 프로모션 할인,24,1,0,,,,,"스타벅스 교환권 5,000P x 12개월 제공",42,https://www.moyoplan.com/plans/34901,2026-08-11T01:43:06.687727+00:00
MVNO,LGU+,티플러스,35862,35862,official_code,티플온 일5G＋,,moyo,True,,,LTE,,,,False,5Mbps,5.0,,,,unsupported,True,,,True,,55000,16900,모요 프로모션 할인,7,0,0,,,,,,394,https://www.moyoplan.com/plans/35862,2026-08-11T01:43:06.687727+00:00
MVNO,LGU+,U+유모바일,26256,26256,official_code,[평생할인] 4.5GB+/통화기본,,moyo,True,,,LTE,4.5,,4.5,False,1Mbps,,,,,within_data,True,,300,True,,13900,13900,,,1,0,,,,,매달 hy 금액권 1만원(12만),4654,https://www.moyoplan.com/plans/26256,2026-08-11T01:43:06.687727+00:00
MVNO,LGU+,티플러스,31337,31337,official_code,The 완전마음껏15G+(100분)(컬쳐랜드 문화상품권 매월 5000P),,moyo,True,,,LTE,15.0,,15.0,False,3Mbps,,,,,unsupported,False,100,,False,100,35090,21500,모요 프로모션 할인,24,1,0,,,,,컬쳐랜드 모바일상품권 5천원 증정(12개월),52,https://www.moyoplan.com/plans/31337,2026-08-11T01:43:06.687727+00:00
MVNO,SKT,티플러스,31047,31047,official_code,티플 15GB+(300분)(이디야커피),,moyo,True,,,LTE,15.0,,15.0,False,3Mbps,,,,,unsupported,False,300,,False,300,40700,11900,모요 프로모션 할인,7,1,0,,,,,"12개월간 이디야 모바일권 5,000원권 증정",49,https://www.moyoplan.com/plans/31047,2026-08-11T01:43:06.687727+00:00
MVNO,KT,KT스카이라이프,14985,14985,official_code,5G 모두 충분 110GB+,,moyo,True,,,5G,110.0,,110.0,False,5Mbps,,,,,within_data,True,,300,True,,42900,42900,,,2,0,,,,,"S-머니6만원(1만원X6개월) | 3대마트상품권, 네이버페이 2만원",473,https://www.moyoplan.com/plans/14985,2026-08-11T01:43:06.687727+00:00
MVNO,KT,더원모바일,33944,33944,official_code,TOP 15GB 기본 (후후),,moyo,True,,,LTE,15.0,,15.0,False,1Mbps,,,,,undisclosed,True,,,True,,30800,9900,모요 프로모션 할인,7,3,0,,,,솔로결합(+10GB) | 데이터 10GB 추가 제공(24개월간),"3대 마트 상품권, 네이버페이 2만원",50,https://www.moyoplan.com/plans/33944,2026-08-11T01:43:06.687727+00:00
MVNO,LGU+,마블링,35323,35323,official_code,[모요only] 마블링 100분 15GB+,,moyo,True,,신규가입 시 본인확인 해피콜과 본인입증서류 제출을 요청 드릴 수 있습니다.,LTE,15.0,,15.0,False,3Mbps,,,,,within_data,False,100,,False,100,32890,17600,모요 프로모션 할인,12,1,0,,,,,일반유심/배송비 무료,5830,https://www.moyoplan.com/plans/35323,2026-08-11T01:43:06.687727+00:00
MVNO,LGU+,KG모바일,27295,27295,official_code,[평생할인] 데이터 마음대로 (1GB+/300분),,moyo,True,,,LTE,1.0,,1.0,False,1Mbps,,,,,unsupported,False,300,,False,100,4510,4510,,,1,0,,,,,일반 유심/배송비 무료,489,https://www.moyoplan.com/plans/27295,2026-08-11T01:43:06.687727+00:00
MVNO,KT,더원모바일,36247,36247,official_code,TOP 100GB 기본 (쿠팡캐시),,moyo,True,,,LTE,100.0,,100.0,False,5Mbps,,,,,undisclosed,True,,,True,,46200,22000,모요 프로모션 할인,7,3,0,,,,솔로결합(+20GB),"3대 마트 상품권, 네이버페이 2만원 | 쿠팡캐시 5,000원",73,https://www.moyoplan.com/plans/36247,2026-08-11T01:43:06.687727+00:00
MVNO,KT,KT스카이라이프,13427,13427,official_code,웨어러블 Watch,,moyo,True,,,LTE,0.244,,0.244,False,200Kbps,,,,,within_data,False,50,0,False,250,6600,6600,,,0,0,,,,,,500,https://www.moyoplan.com/plans/13427,2026-08-11T01:43:06.687727+00:00
MVNO,KT,더원모바일,33950,33950,official_code,TOP 15GB 300분 (올리브영),,moyo,True,,,LTE,15.0,,15.0,False,3Mbps,,,,,undisclosed,False,300,,False,300,38500,15400,모요 프로모션 할인,7,3,0,,,,솔로결합(+10GB),"3대 마트 상품권, 네이버페이 2만원 | 올리브영 매월 5,000원 제공",14,https://www.moyoplan.com/plans/33950,2026-08-11T01:43:06.687727+00:00
MVNO,KT,더원모바일,33949,33949,official_code,TOP 15GB 300분 (CU할인),,moyo,True,,,LTE,15.0,,15.0,False,3Mbps,,,,,undisclosed,False,300,,False,300,37400,14300,모요 프로모션 할인,7,3,0,,,,솔로결합(+10GB),"3대 마트 상품권, 네이버페이 2만원 | CU 20% 오프라인 결제할인",13,https://www.moyoplan.com/plans/33949,2026-08-11T01:43:06.687727+00:00
MVNO,LGU+,U+유모바일,35871,35871,official_code,[티머니 12만원] 1GB+/통화기본,,moyo,True,,,LTE,1.0,,1.0,False,1Mbps,,,,,within_data,True,,110,True,,10900,10900,,,1,0,,,,,티머니 12만원 혜택(매월 1만원),238,https://www.moyoplan.com/plans/35871,2026-08-11T01:43:06.687727+00:00
MVNO,KT,스마텔,31746,31746,official_code,USIM 스위트 5G망(500분/10GB),,moyo,True,,신규 가입을 받지 않는 통신사입니다. 사용 중인 번호 그대로 통신사만 이동할 분들만 가입이 가능해요.,5G,10.0,,10.0,False,,,,,,unsupported,False,500,,False,100,20900,900,모요 프로모션 할인,6,0,0,,,,,,117,https://www.moyoplan.com/plans/31746,2026-08-11T01:43:06.687727+00:00
MVNO,LGU+,U+유모바일,26269,26269,official_code,[평생할인] 15GB+/180분,,moyo,True,,,LTE,15.0,,15.0,False,3Mbps,,,,,within_data,False,180,,False,100,26900,26900,,,1,0,,,,"우리결합시, 데이터 10GB 추가 증정",,124,https://www.moyoplan.com/plans/26269,2026-08-11T01:43:06.687727+00:00
MVNO,KT,KT스카이라이프,10586,10586,official_code,모두 충분 11GB+(왓챠),,moyo,True,,,LTE,11.0,,11.0,False,3Mbps,2.0,,,,within_data,True,,300,True,,35900,35900,,,2,0,,,,,"S-머니6만원(1만원X6개월) | 3대마트상품권, 네이버페이 2만원",57,https://www.moyoplan.com/plans/10586,2026-08-11T01:43:06.687727+00:00
MVNO,KT,KT스카이라이프,29401,29401,official_code,모두 충분 7GB+(올리브영_5000),,moyo,True,,,LTE,7.0,,7.0,False,1Mbps,,,,,within_data,True,,300,True,,18500,18500,,,2,0,,,,,"S-머니3만원(5천원X6개월) | 3대마트상품권, 네이버페이 2만원",584,https://www.moyoplan.com/plans/29401,2026-08-11T01:43:06.687727+00:00
MVNO,LGU+,핀다이렉트,31396,31396,official_code,[L] 핀다이렉트Z 11GB+,,moyo,True,,,LTE,11.0,,11.0,False,3Mbps,2.0,,,,unsupported,True,,300,True,,39600,16000,모요 프로모션 할인,7,1,0,,,,,데이터 로밍 3일 무료 쿠폰,624,https://www.moyoplan.com/plans/31396,2026-08-11T01:43:06.687727+00:00
MVNO,LGU+,KG모바일,13904,13904,official_code,[모빌카드 스페셜] 데이터 마음대로 (15GB+/100분),,moyo,True,,,LTE,15.0,,15.0,False,3Mbps,,,,,unsupported,False,100,,False,100,33000,13000,모요 프로모션 할인,7,2,0,,,,,"네이버페이 5,000원 | 일반 유심/배송비 무료",130,https://www.moyoplan.com/plans/13904,2026-08-11T01:43:06.687727+00:00
MVNO,KT,KT스카이라이프,32419,32419,official_code,모두 충분 10GB+(모아진),,moyo,True,,,LTE,10.0,,10.0,False,1Mbps,,,,,within_data,True,,300,True,,18900,18900,,,2,0,,,,,"S-머니3만원(5천원X6개월) | 3대마트상품권, 네이버페이 2만원",86,https://www.moyoplan.com/plans/32419,2026-08-11T01:43:06.687727+00:00
MVNO,KT,더원모바일,33958,33958,official_code,TOP 100GB 기본 (올리브영),,moyo,True,,,LTE,100.0,,100.0,False,5Mbps,,,,,undisclosed,True,,,True,,46200,22000,모요 프로모션 할인,7,3,0,,,,솔로결합(+20GB),"3대 마트 상품권, 네이버페이 2만원 | 올리브영 매월 5,000원 제공",83,https://www.moyoplan.com/plans/33958,2026-08-11T01:43:06.687727+00:00
MVNO,KT,KT스카이라이프,31457,31457,official_code,모두 충분 100GB+(다이소_5000),,moyo,True,,,LTE,100.0,,100.0,False,5Mbps,,,,,within_data,True,,300,True,,41700,41700,,,2,0,,,,,"S-머니6만원(1만원X6개월) | 3대마트상품권, 네이버페이 2만원",236,https://www.moyoplan.com/plans/31457,2026-08-11T01:43:06.687727+00:00
MVNO,SKT,고고모바일,35829,35829,official_code,고고 LTE 100분+15GB+3M_모요,,moyo,True,,,LTE,15.0,,15.0,False,3Mbps,,,,,within_data,False,100,,False,100,30800,11700,모요 프로모션 할인,7,0,0,,,,,,351,https://www.moyoplan.com/plans/35829,2026-08-11T01:43:06.687727+00:00
MVNO,KT,더원모바일,33959,33959,official_code,TOP 100GB 기본 (다이소),,moyo,True,,,LTE,100.0,,100.0,False,5Mbps,,,,,undisclosed,True,,,True,,46200,22000,모요 프로모션 할인,7,3,0,,,,솔로결합(+20GB),"3대 마트 상품권, 네이버페이 2만원 | 다이소 매월 5,000원 제공",45,https://www.moyoplan.com/plans/33959,2026-08-11T01:43:06.687727+00:00
MVNO,LGU+,슈가모바일,26995,26995,official_code,Sugar 매니아 10GB+1Mbps,,moyo,True,,번호이동은(쓰던 번호 그대로 개통) 현재 통신사를 90일 이상 사용한 경우에만 가능해요.,LTE,10.0,,10.0,False,1Mbps,,,,,undisclosed,True,,,True,,24960,14500,모요 프로모션 할인,24,1,0,,,,,개통완료 시 유심/배송비 무료 1개,20,https://www.moyoplan.com/plans/26995,2026-08-11T01:43:06.687727+00:00
MVNO,KT,더원모바일,33960,33960,official_code,TOP 100GB 기본 (네이버페이),,moyo,True,,,LTE,100.0,,100.0,False,5Mbps,,,,,undisclosed,True,,,True,,46200,22000,모요 프로모션 할인,7,3,0,,,,솔로결합(+20GB),"네이버페이 매월 5,000P 제공 | 3대 마트 상품권, 네이버페이 2만원",122,https://www.moyoplan.com/plans/33960,2026-08-11T01:43:06.687727+00:00
MVNO,KT,KT스카이라이프,33080,33080,official_code,데이터 충분 15GB+/100분(지니뮤직),,moyo,True,,,LTE,15.0,,15.0,False,3Mbps,,,,,within_data,False,100,0,False,100,28800,28800,,,2,0,,,,,"S-머니3만원(5천원X6개월) | 3대마트상품권, 네이버페이 2만원",61,https://www.moyoplan.com/plans/33080,2026-08-11T01:43:06.687727+00:00
MVNO,KT,KT스카이라이프,10584,10584,official_code,모두 충분 일5GB+(왓챠),,moyo,True,,,LTE,,,,False,5Mbps,5.0,,,,undisclosed,True,,,True,,41100,41100,,,2,0,,,,,"S-머니6만원(1만원X6개월) | 3대마트상품권, 네이버페이 2만원",71,https://www.moyoplan.com/plans/10584,2026-08-11T01:43:06.687727+00:00
MVNO,SKT,스마텔,29018,29018,official_code,LTE 음성무제한 15GB,,moyo,True,,,LTE,15.0,,15.0,False,,,15.0,,15.0,quota,True,,30,False,200,23100,8200,모요 프로모션 할인,7,0,0,,,,,,391,https://www.moyoplan.com/plans/29018,2026-08-11T01:43:06.687727+00:00
MVNO,KT,KT스카이라이프,18588,18588,official_code,모두 충분 100GB+(Pay_5000),,moyo,True,,,LTE,100.0,,100.0,False,5Mbps,,,,,within_data,True,,300,True,,41700,41700,,,2,0,,,,,"S-머니6만원(1만원X6개월) | 3대마트상품권, 네이버페이 2만원",323,https://www.moyoplan.com/plans/18588,2026-08-11T01:43:06.687727+00:00
MVNO,KT,KT스카이라이프,18585,18585,official_code,모두 충분 7GB+(Pay_5000),,moyo,True,,,LTE,7.0,,7.0,False,1Mbps,,,,,within_data,True,,300,True,,18500,18500,,,2,0,,,,,"S-머니3만원(5천원X6개월) | 3대마트상품권, 네이버페이 2만원",296,https://www.moyoplan.com/plans/18585,2026-08-11T01:43:06.687727+00:00
MVNO,LGU+,U+유모바일,26279,26279,official_code,[평생할인] 5GB/300분,,moyo,True,,,LTE,5.0,,5.0,False,,,3.0,,3.0,quota,False,300,,False,100,10120,10120,,,0,0,,,,,,26,https://www.moyoplan.com/plans/26279,2026-08-11T01:43:06.687727+00:00
MVNO,SKT,이야기모바일,20325,20325,official_code,함께이야기해S(200분+20GB),,moyo,True,,,LTE,20.0,,20.0,False,,,,,,unsupported,False,200,,False,200,19250,9900,모요 프로모션 할인,12,1,0,,,,,"네이버페이 5,000원",93,https://www.moyoplan.com/plans/20325,2026-08-11T01:43:06.687727+00:00
MVNO,LGU+,KG모바일,13891,13891,official_code,"[일반] 통화, 데이터 마음대로 7GB+",,moyo,True,,,LTE,7.0,,7.0,False,1Mbps,,,,,unsupported,True,,300,True,,24200,13200,모요 프로모션 할인,12,0,0,,,,,,28,https://www.moyoplan.com/plans/13891,2026-08-11T01:43:06.687727+00:00
MVNO,KT,이지모바일,35791,35791,official_code,EG 무제한 11GB+3(모아진),,moyo,True,,,LTE,11.0,,11.0,False,3Mbps,2.0,11.0,,11.0,quota,True,,300,True,,40700,18810,모요 프로모션 할인,7,1,1,모아진(전세계 매거진) 무료 구독,,,,,77,https://www.moyoplan.com/plans/35791,2026-08-11T01:43:06.687727+00:00
MVNO,LGU+,슈가모바일,36687,36687,official_code,슈가안심차단150분500M,,moyo,True,,번호이동은(쓰던 번호 그대로 개통) 현재 통신사를 90일 이상 사용한 경우에만 가능해요.,LTE,0.488,,0.488,False,,,,,,within_data,False,150,,False,50,3300,3300,,,1,0,,,,,개통완료 시 유심/배송비 무료 1개,10,https://www.moyoplan.com/plans/36687,2026-08-11T01:43:06.687727+00:00
MVNO,LGU+,슈가모바일,36684,36684,official_code,슈가안심차단200분100M,,moyo,True,,번호이동은(쓰던 번호 그대로 개통) 현재 통신사를 90일 이상 사용한 경우에만 가능해요.,LTE,0.098,,0.098,False,,,,,,within_data,False,200,,False,50,3300,3300,,,1,0,,,,,개통완료 시 유심/배송비 무료 1개,10,https://www.moyoplan.com/plans/36684,2026-08-11T01:43:06.687727+00:00
MVNO,SKT,이야기모바일,8404,8404,official_code,내맘대로S(100+6GB),,moyo,True,,,LTE,6.0,,6.0,False,,,,,,unsupported,False,100,,False,100,4900,10,모요 프로모션 할인,12,1,0,,,,,"네이버페이 5,000원",143,https://www.moyoplan.com/plans/8404,2026-08-11T01:43:06.687727+00:00
MVNO,KT,스마텔,31743,31743,official_code,USIM 스위트 (500분/10GB),,moyo,True,,신규 가입을 받지 않는 통신사입니다. 사용 중인 번호 그대로 통신사만 이동할 분들만 가입이 가능해요.,LTE,10.0,,10.0,False,,,,,,unsupported,False,500,,False,100,20900,900,모요 프로모션 할인,6,0,0,,,,,,88,https://www.moyoplan.com/plans/31743,2026-08-11T01:43:06.687727+00:00
MVNO,KT,이지모바일,30863,30863,official_code,EG 5G평생 2.5GB,,moyo,True,,,5G,2.5,,2.5,False,,,2.5,,2.5,quota,False,100,,False,100,3850,3850,,,1,0,,,,,일반유심/배송비 무료,115,https://www.moyoplan.com/plans/30863,2026-08-11T01:43:06.687727+00:00
MVNO,LGU+,U+유모바일,26258,26258,official_code,[평생할인] 10GB+/통화기본,,moyo,True,,,LTE,10.0,,10.0,False,1Mbps,,,,,within_data,True,,300,True,,18900,18900,,,3,0,,,,"우리결합시, 데이터 10GB 추가 증정",12만원 혜택(매월 이마트24 5천원) | 매달 hy 금액권 1만원(12만),2127,https://www.moyoplan.com/plans/26258,2026-08-11T01:43:06.687727+00:00
MVNO,LGU+,스마텔,28096,28096,official_code,스마트 300분/15GB+ (24개월),,moyo,True,,신규 가입을 받지 않는 통신사입니다. 사용 중인 번호 그대로 통신사만 이동할 분들만 가입이 가능해요.,LTE,15.0,,15.0,False,3Mbps,,,,,undisclosed,False,300,,False,300,34100,23000,모요 프로모션 할인,24,0,0,,,,,,21,https://www.moyoplan.com/plans/28096,2026-08-11T01:43:06.687727+00:00
MVNO,LGU+,이지모바일,30861,30861,official_code,이지 15G(100)+,,moyo,True,,,LTE,15.0,,15.0,False,3Mbps,,15.0,,15.0,quota,False,100,,False,100,28600,14300,모요 프로모션 할인,7,1,0,,,,,일반유심/배송비 무료,62,https://www.moyoplan.com/plans/30861,2026-08-11T01:43:06.687727+00:00
MVNO,LGU+,이지모바일,32020,32020,official_code,이지 더 오래쓰는 무제한 7G+1,,moyo,True,,,LTE,7.0,,7.0,False,1Mbps,,,,,undisclosed,True,,,True,,20900,13420,모요 프로모션 할인,24,1,0,,,,,일반유심/배송비 무료,149,https://www.moyoplan.com/plans/32020,2026-08-11T01:43:06.687727+00:00
MVNO,SKT,고고모바일,37431,37431,official_code,LTE 300분/10GB_모요,,moyo,True,,,LTE,10.0,,10.0,False,,,,,,undisclosed,False,300,,False,100,16500,1100,모요 프로모션 할인,7,0,0,,,,,,10,https://www.moyoplan.com/plans/37431,2026-08-11T01:43:06.687727+00:00
MVNO,LGU+,KG모바일,22901,22901,official_code,[일반] 실속 (7GB/100분),,moyo,True,,,LTE,7.0,,7.0,False,,,,,,unsupported,False,100,,False,100,13200,2000,모요 프로모션 할인,6,0,0,,,,,,81,https://www.moyoplan.com/plans/22901,2026-08-11T01:43:06.687727+00:00
MVNO,SKT,티플러스,29031,29031,official_code,티플 올리브영 15GB+(100분)(매월 5000P),,moyo,True,,,LTE,15.0,,15.0,False,3Mbps,,,,,unsupported,False,100,,False,100,35200,10500,모요 프로모션 할인,7,1,0,,,,,"올리브영 12개월간 매월 5,000원 상품권",279,https://www.moyoplan.com/plans/29031,2026-08-11T01:43:06.687727+00:00
MVNO,KT,티플러스,35893,35893,official_code,티플 100G＋(웨이브),,moyo,True,,,LTE,100.0,,100.0,False,5Mbps,,,,,unsupported,True,,,True,,57200,20900,모요 프로모션 할인,7,5,1,웨이브,,,,3대마트 상품권/네이버페이 1만원 증정 | 마트 상품권/네이버페이 1만원 증정,162,https://www.moyoplan.com/plans/35893,2026-08-11T01:43:06.687727+00:00
MVNO,LGU+,KG모바일,16772,16772,official_code,[일반] 평생 반값 할인 (1GB/50분),,moyo,True,,,LTE,1.0,,1.0,False,,,,,,unsupported,False,50,,False,0,3300,3300,,,1,0,,,,,일반 유심/배송비 무료,83,https://www.moyoplan.com/plans/16772,2026-08-11T01:43:06.687727+00:00
MVNO,KT,KT스카이라이프,32513,32513,official_code,데이터 충분 15GB+/100분(웨이브),,moyo,True,,,LTE,15.0,,15.0,False,3Mbps,,,,,within_data,False,100,0,False,100,29300,29300,,,2,0,,,,,"S-머니3만원(5천원X6개월) | 3대마트상품권, 네이버페이 2만원",49,https://www.moyoplan.com/plans/32513,2026-08-11T01:43:06.687727+00:00
MVNO,KT,더원모바일,37150,37150,official_code,ONE 5G 5GB 200분,,moyo,True,,,5G,5.0,,5.0,False,,,,,,undisclosed,False,200,,False,100,17600,110,모요 프로모션 할인,6,1,0,,,,,"3대 마트 상품권, 네이버페이 2만원",10,https://www.moyoplan.com/plans/37150,2026-08-11T01:43:06.687727+00:00
MVNO,LGU+,U+유모바일,24716,24716,official_code,교보문고 북 플러스알파 4.5GB+,,moyo,True,,,LTE,4.5,,4.5,False,1Mbps,,,,,within_data,True,,300,True,,15400,15400,,,2,0,,,,,교보문고 sam무제한 이용권 제공 (24개월) | 교보문고 e교환권 1천원권 제공 (24개월),237,https://www.moyoplan.com/plans/24716,2026-08-11T01:43:06.687727+00:00
MVNO,KT,더원모바일,37152,37152,official_code,ONE 5G 10GB 300분,,moyo,True,,,5G,10.0,,10.0,False,,,,,,undisclosed,False,300,,False,200,18700,990,모요 프로모션 할인,7,1,0,,,,,"3대 마트 상품권, 네이버페이 2만원",22,https://www.moyoplan.com/plans/37152,2026-08-11T01:43:06.687727+00:00
MVNO,LGU+,인스모바일,26176,26176,official_code,[평생할인]데이터 안심 10GB+(USIM),,moyo,True,,,LTE,10.0,,10.0,False,1Mbps,,,,,within_data,False,100,,False,100,8250,8250,,,0,0,,,,,,269,https://www.moyoplan.com/plans/26176,2026-08-11T01:43:06.687727+00:00
MVNO,LGU+,스마텔,25234,25234,official_code,스마트 데이터전용 10GB,,moyo,True,,신규 가입을 받지 않는 통신사입니다. 사용 중인 번호 그대로 통신사만 이동할 분들만 가입이 가능해요.,LTE,10.0,,10.0,False,,,,,,undisclosed,False,0,,False,0,11000,4400,모요 프로모션 할인,6,0,0,,,,,,121,https://www.moyoplan.com/plans/25234,2026-08-11T01:43:06.687727+00:00
MVNO,LGU+,이야기모바일,35518,35518,official_code,요금걱정 제로 이야기 7GB+,,moyo,True,,,LTE,7.0,,7.0,False,1Mbps,,,,,unsupported,True,,,True,,24200,16000,모요 프로모션 할인,24,1,0,,,,,"네이버페이 5,000원",27,https://www.moyoplan.com/plans/35518,2026-08-11T01:43:06.687727+00:00
MVNO,LGU+,티플러스,24000,24000,official_code,티플 완전마음껏11G＋_평생요금,,moyo,True,,,LTE,11.0,,11.0,False,3Mbps,2.0,11.0,,11.0,quota,True,,,True,,27900,27900,,,0,0,,,,,,374,https://www.moyoplan.com/plans/24000,2026-08-11T01:43:06.687727+00:00
MVNO,LGU+,U+유모바일,26293,26293,official_code,[평생할인] 5G 5GB/통화기본,,moyo,True,,,5G,5.0,,5.0,False,,,3.0,,3.0,quota,True,,50,True,,9900,9900,,,0,0,,,,,,150,https://www.moyoplan.com/plans/26293,2026-08-11T01:43:06.687727+00:00
MVNO,SKT,티플러스,29032,29032,official_code,티플 올리브영 15GB+(300분)(매월 5000P),,moyo,True,,,LTE,15.0,,15.0,False,3Mbps,,,,,unsupported,False,300,,False,300,38500,11900,모요 프로모션 할인,7,1,0,,,,,"올리브영 12개월간 매월 5,000원 상품권",124,https://www.moyoplan.com/plans/29032,2026-08-11T01:43:06.687727+00:00
MVNO,LGU+,이야기모바일,27847,27847,official_code,이야기 스페셜 100GB+,,moyo,True,,,LTE,100.0,,100.0,False,5Mbps,,,,,unsupported,True,,,True,,46200,23000,모요 프로모션 할인,7,1,0,,,,,"네이버페이 5,000원",178,https://www.moyoplan.com/plans/27847,2026-08-11T01:43:06.687727+00:00
MVNO,SKT,이야기모바일,16284,16284,official_code,이야기 라이트S 7GB+,,moyo,True,,,LTE,7.0,,7.0,False,1Mbps,,,,,unsupported,True,,,True,,24200,8800,모요 프로모션 할인,7,1,0,,,,,"네이버페이 5,000원",167,https://www.moyoplan.com/plans/16284,2026-08-11T01:43:06.687727+00:00
MVNO,LGU+,에이모바일,37221,37221,official_code,A 스페셜 100GB+,,moyo,True,,,LTE,100.0,,100.0,False,5Mbps,,,,,undisclosed,True,,,True,,46200,11000,모요 프로모션 할인,7,2,1,조선일보 종이신문 1개월 무료 구독 이벤트,,,,네이버페이 2만원 지급 이벤트,27972,https://www.moyoplan.com/plans/37221,2026-08-11T01:43:06.687727+00:00
MVNO,KT,KT스카이라이프,18586,18586,official_code,모두 충분 11GB+(Pay_5000),,moyo,True,,,LTE,11.0,,11.0,False,3Mbps,2.0,,,,within_data,True,,300,True,,35300,35300,,,2,0,,,,,"S-머니6만원(1만원X6개월) | 3대마트상품권, 네이버페이 2만원",232,https://www.moyoplan.com/plans/18586,2026-08-11T01:43:06.687727+00:00
MVNO,LGU+,이야기모바일,15066,15066,official_code,이야기 스탠다드 100분15GB+,,moyo,True,,,LTE,15.0,,15.0,False,3Mbps,,,,,unsupported,False,100,,False,100,27500,27500,,,1,0,,,,,"네이버페이 5,000원",43,https://www.moyoplan.com/plans/15066,2026-08-11T01:43:06.687727+00:00
MVNO,LGU+,이지모바일,30859,30859,official_code,이지 무한 15GB+1,,moyo,True,,,LTE,15.0,,15.0,False,1Mbps,,15.0,,15.0,quota,True,,300,True,,25850,14000,모요 프로모션 할인,7,1,0,,,,,일반유심/배송비 무료,47,https://www.moyoplan.com/plans/30859,2026-08-11T01:43:06.687727+00:00
MVNO,KT,이지모바일,30870,30870,official_code,EG 5G 심플 90GB+,,moyo,True,,,5G,90.0,,90.0,False,1Mbps,,40.0,,40.0,quota,True,,300,True,,49500,31900,모요 프로모션 할인,12,1,0,,,,,일반유심/배송비 무료,25,https://www.moyoplan.com/plans/30870,2026-08-11T01:43:06.687727+00:00
MVNO,LGU+,인스모바일,18613,18613,official_code,[12개월]인스 유심 스트롱,,moyo,True,,,LTE,,,,False,5Mbps,5.0,,,,undisclosed,True,,,True,,44800,29950,모요 프로모션 할인,12,0,0,,,,,,16,https://www.moyoplan.com/plans/18613,2026-08-11T01:43:06.687727+00:00
MVNO,LGU+,스마텔,28093,28093,official_code,스마트 10GB+ (24개월),,moyo,True,,신규 가입을 받지 않는 통신사입니다. 사용 중인 번호 그대로 통신사만 이동할 분들만 가입이 가능해요.,LTE,10.0,,10.0,False,1Mbps,,,,,undisclosed,True,,,True,,22990,15000,모요 프로모션 할인,24,0,0,,,,,,13,https://www.moyoplan.com/plans/28093,2026-08-11T01:43:06.687727+00:00
MVNO,LGU+,U+유모바일,24715,24715,official_code,교보문고 북 플러스알파 10GB+,,moyo,True,,,LTE,10.0,,10.0,False,1Mbps,,,,,undisclosed,True,,,True,,20400,20400,,,2,0,,,,,교보문고 sam무제한 이용권 제공 (24개월) | 교보문고 e교환권 1천원권 제공 (24개월),38,https://www.moyoplan.com/plans/24715,2026-08-11T01:43:06.687727+00:00
MVNO,LGU+,마블링,35322,35322,official_code,[모요only] 마블링 무제한 7GB+,,moyo,True,,신규가입 시 본인확인 해피콜과 본인입증서류 제출을 요청 드릴 수 있습니다.,LTE,7.0,,7.0,False,1Mbps,,,,,within_data,True,,300,True,,19790,11000,모요 프로모션 할인,12,1,0,,,,,일반유심/배송비 무료,2566,https://www.moyoplan.com/plans/35322,2026-08-11T01:43:06.687727+00:00
MVNO,KT,이야기모바일,36173,36173,official_code,이야기 K 데이터 100GB+(N pay 5000P),,moyo,True,,,LTE,100.0,,100.0,False,5Mbps,,,,,unsupported,True,,,True,,49200,23000,모요 프로모션 할인,7,2,0,,,,,"네이버페이, 3대 마트 상품권 2만원 | 네이버페이 5,000원",26,https://www.moyoplan.com/plans/36173,2026-08-11T01:43:06.687727+00:00
MVNO,LGU+,마블링,13798,13798,official_code,마블링 스탠다드 1GB+1Mbps,,moyo,True,,신규가입 시 본인확인 해피콜과 본인입증서류 제출을 요청 드릴 수 있습니다.,LTE,1.0,,1.0,False,1Mbps,,,,,within_data,False,100,,False,100,9900,110,모요 프로모션 할인,6,0,0,,,,,,857,https://www.moyoplan.com/plans/13798,2026-08-11T01:43:06.687727+00:00
MVNO,SKT,이야기모바일,29083,29083,official_code,5G 함께이야기해S 무한 10GB,,moyo,True,,,5G,10.0,,10.0,False,,,,,,unsupported,True,,,True,,14300,14300,,,1,0,,,,,"네이버페이 5,000원",247,https://www.moyoplan.com/plans/29083,2026-08-11T01:43:06.687727+00:00
MVNO,SKT,스마텔,29028,29028,official_code,LTE 음성무제한 11GB,,moyo,True,,,LTE,11.0,,11.0,False,,,11.0,,11.0,quota,True,,30,False,200,19800,4500,모요 프로모션 할인,7,0,0,,,,,,222,https://www.moyoplan.com/plans/29028,2026-08-11T01:43:06.687727+00:00
MVNO,LGU+,KG모바일,13899,13899,official_code,[모빌카드 스페셜] 데이터 마음대로 (15GB+/300분),,moyo,True,,,LTE,15.0,,15.0,False,3Mbps,,,,,unsupported,False,300,,False,300,35200,14000,모요 프로모션 할인,7,2,0,,,,,"네이버페이 5,000원 | 일반 유심/배송비 무료",49,https://www.moyoplan.com/plans/13899,2026-08-11T01:43:06.687727+00:00
MVNO,KT,KT스카이라이프,16267,16267,official_code,5G 모두 충분 70GB+,,moyo,True,,,5G,70.0,,70.0,False,1Mbps,,,,,within_data,True,,300,True,,39100,39100,,,2,0,,,,,"S-머니6만원(1만원X6개월) | 3대마트상품권, 네이버페이 2만원",95,https://www.moyoplan.com/plans/16267,2026-08-11T01:43:06.687727+00:00
MVNO,KT,티플러스,23741,23741,official_code,완전마음껏 11GB＋＋(네이버페이 매월 5000P),,moyo,True,,,LTE,11.0,,11.0,False,3Mbps,2.0,,,,unsupported,True,,,True,,35900,17500,모요 프로모션 페이백/할인,7,3,0,,,,,네이버페이 매달 5천원 페이백 (평생) | 마트 상품권/네이버페이 1만원 증정,51,https://www.moyoplan.com/plans/23741,2026-08-11T01:43:06.687727+00:00
MVNO,SKT,아이즈모바일,35469,35469,official_code,[S]이디야 딥블루 100GB+,,moyo,True,,,LTE,100.0,,100.0,False,5Mbps,,,,,undisclosed,True,,,True,,55000,10900,모요 프로모션 할인,7,2,0,,,,SOLO결합 데이터 20GB 지급,"매월 이디야 9,000원 모바일 카드 지급",678,https://www.moyoplan.com/plans/35469,2026-08-11T01:43:06.687727+00:00
MVNO,LGU+,KG모바일,16769,16769,official_code,[일반] 평생 반값 할인 (1.5GB/100분),,moyo,True,,,LTE,1.5,,1.5,False,,,,,,unsupported,False,100,,False,0,4400,4400,,,1,0,,,,,일반 유심/배송비 무료,13,https://www.moyoplan.com/plans/16769,2026-08-11T01:43:06.687727+00:00
MVNO,KT,더원모바일,33951,33951,official_code,TOP 15GB 300분 (다이소),,moyo,True,,,LTE,15.0,,15.0,False,3Mbps,,,,,undisclosed,False,300,,False,300,38500,15400,모요 프로모션 할인,7,3,0,,,,솔로결합(+10GB),"3대 마트 상품권, 네이버페이 2만원 | 다이소 매월 5,000원 제공",16,https://www.moyoplan.com/plans/33951,2026-08-11T01:43:06.687727+00:00
MVNO,SKT,티플러스,20738,20738,official_code,티플 8GB(8GB/300분)_평생요금,,moyo,True,,,LTE,8.0,,8.0,False,,,,,,within_data,False,300,,False,100,3900,3900,,,0,0,,,,,,353,https://www.moyoplan.com/plans/20738,2026-08-11T01:43:06.687727+00:00
MVNO,LGU+,스마텔,25309,25309,official_code,스마트 데이터전용 20GB,,moyo,True,,신규 가입을 받지 않는 통신사입니다. 사용 중인 번호 그대로 통신사만 이동할 분들만 가입이 가능해요.,LTE,20.0,,20.0,False,,,,,,undisclosed,False,0,,False,0,15400,7700,모요 프로모션 할인,6,0,0,,,,,,152,https://www.moyoplan.com/plans/25309,2026-08-11T01:43:06.687727+00:00
MVNO,KT,고고모바일,17407,17407,official_code,5G무제한 70GB+1Mbps,,moyo,True,,,5G,70.0,,70.0,False,1Mbps,,40.0,,40.0,quota,True,,300,True,,42900,42900,,,3,0,,,,추가데이터 10GB 제공,"3대 마트 상품권, 네이버페이 2만원 | KT유심&배송비 무료",25,https://www.moyoplan.com/plans/17407,2026-08-11T01:43:06.687727+00:00
MVNO,LGU+,KG모바일,13903,13903,official_code,"[일반] 통화, 데이터 마음대로 Pro",,moyo,True,,,LTE,,,,False,5Mbps,5.0,,,,unsupported,True,,,True,,47300,34650,모요 프로모션 할인,12,1,0,,,,,일반 유심/배송비 무료,101,https://www.moyoplan.com/plans/13903,2026-08-11T01:43:06.687727+00:00
MVNO,KT,KT스카이라이프,32512,32512,official_code,데이터 충분 15GB+/100분(Pay_5000),,moyo,True,,,LTE,15.0,,15.0,False,3Mbps,,,,,within_data,False,100,0,False,100,27800,27800,,,2,0,,,,,"S-머니3만원(5천원X6개월) | 3대마트상품권, 네이버페이 2만원",79,https://www.moyoplan.com/plans/32512,2026-08-11T01:43:06.687727+00:00
MVNO,SKT,이야기모바일,12274,12274,official_code,내맘대로S(100+1GB),,moyo,True,,,LTE,1.0,,1.0,False,,,,,,unsupported,False,100,,False,100,5500,80,모요 프로모션 할인,4,1,0,,,,,"네이버페이 5,000원",2960,https://www.moyoplan.com/plans/12274,2026-08-11T01:43:06.687727+00:00
MVNO,KT,이지모바일,35792,35792,official_code,EG 무제한 100GB+5(모아진),,moyo,True,,,LTE,100.0,,100.0,False,5Mbps,,100.0,,100.0,quota,True,,300,True,,45100,20900,모요 프로모션 할인,7,1,1,모아진(전세계 매거진) 무료 구독,,,,,276,https://www.moyoplan.com/plans/35792,2026-08-11T01:43:06.687727+00:00
MVNO,LGU+,스마텔,25222,25222,official_code,USIM 스마트 (200분/5GB+),,moyo,True,,신규 가입을 받지 않는 통신사입니다. 사용 중인 번호 그대로 통신사만 이동할 분들만 가입이 가능해요.,LTE,5.0,,5.0,False,1Mbps,,,,,unsupported,False,200,,False,100,15400,3300,모요 프로모션 할인,12,0,0,,,,,,42,https://www.moyoplan.com/plans/25222,2026-08-11T01:43:06.687727+00:00
MVNO,LGU+,이지모바일,34743,34743,official_code,[5G]이지 무제한 95GB+3M,,moyo,True,,,5G,95.0,,95.0,False,3Mbps,,5.0,,5.0,quota,True,,300,True,,51000,19900,모요 프로모션 할인,7,1,0,,,,,일반유심/배송비 무료,207,https://www.moyoplan.com/plans/34743,2026-08-11T01:43:06.687727+00:00
MVNO,LGU+,아이즈모바일,27355,27355,official_code,[L]5G 데이터125GB+5Mbps,,moyo,True,,,5G,125.0,,125.0,False,5Mbps,,,,,undisclosed,True,,,True,,59400,22400,모요 프로모션 할인,24,0,0,,,,,,585,https://www.moyoplan.com/plans/27355,2026-08-11T01:43:06.687727+00:00
MVNO,KT,KT스카이라이프,23983,23983,official_code,모두 충분 7GB+(Pay_3000),,moyo,True,,,LTE,7.0,,7.0,False,1Mbps,,,,,within_data,True,,300,True,,17600,17600,,,2,0,,,,,"S-머니3만원(5천원X6개월) | 3대마트상품권, 네이버페이 2만원",517,https://www.moyoplan.com/plans/23983,2026-08-11T01:43:06.687727+00:00
MVNO,LGU+,이지모바일,30882,30882,official_code,[5G]이지 무제한 125GB+5M,,moyo,True,,,5G,125.0,,125.0,False,5Mbps,,5.0,,5.0,quota,True,,300,True,,52500,20500,모요 프로모션 할인,7,1,0,,,,,일반유심/배송비 무료,198,https://www.moyoplan.com/plans/30882,2026-08-11T01:43:06.687727+00:00
MVNO,LGU+,슈가모바일,36685,36685,official_code,슈가안심차단50분1.5G,,moyo,True,,번호이동은(쓰던 번호 그대로 개통) 현재 통신사를 90일 이상 사용한 경우에만 가능해요.,5G,1.5,,1.5,False,,,,,,within_data,False,50,,False,50,3300,3300,,,1,0,,,,,개통완료 시 유심/배송비 무료 1개,25,https://www.moyoplan.com/plans/36685,2026-08-11T01:43:06.687727+00:00
MVNO,KT,더원모바일,36250,36250,official_code,TOP 5G 200GB 기본 (쿠팡캐시),,moyo,True,,,5G,200.0,,200.0,False,10Mbps,,50.0,,50.0,quota,True,,300,True,,55000,38060,모요 프로모션 할인,12,3,0,,,,솔로결합(+20GB),"3대 마트 상품권, 네이버페이 2만원 | 쿠팡캐시 5,000원",748,https://www.moyoplan.com/plans/36250,2026-08-11T01:43:06.687727+00:00
MVNO,KT,KT스카이라이프,18642,18642,official_code,모두 충분 11GB+(배달의 민족),,moyo,True,,,LTE,11.0,,11.0,False,3Mbps,2.0,,,,within_data,True,,300,True,,36300,36300,,,2,0,,,,,"S-머니6만원(1만원X6개월) | 3대마트상품권, 네이버페이 2만원",312,https://www.moyoplan.com/plans/18642,2026-08-11T01:43:06.687727+00:00
MVNO,SKT,에이모바일,37237,37237,official_code,A 넥스트 100GB+,,moyo,True,,,LTE,100.0,,100.0,False,5Mbps,,,,,undisclosed,True,,,True,,45100,10900,모요 프로모션 할인,7,2,1,조선일보 종이신문 1개월 무료 구독 이벤트,,,,네이버페이 1만원 지급 이벤트,1788,https://www.moyoplan.com/plans/37237,2026-08-11T01:43:06.687727+00:00
MVNO,SKT,티플러스,35886,35886,official_code,티플 15G＋(100분)(CU멤버십＋매월 5000P),,moyo,True,,,LTE,15.0,,15.0,False,3Mbps,,,,,unsupported,False,100,,False,100,39600,12900,모요 프로모션 할인,7,3,0,,,,,"CU 5,000P 모바일상품권 12개월 제공 | CU편의점 20% 할인 12개월 제공 | 12개월간 CU 카테고리 20% 할인권 제공",58,https://www.moyoplan.com/plans/35886,2026-08-11T01:43:06.687727+00:00
MVNO,KT,아이즈모바일,35426,35426,official_code,[K]롯시&밀리 100GB+,,moyo,True,,,LTE,100.0,,100.0,False,5Mbps,,,,,undisclosed,True,,,True,,55000,9900,모요 프로모션 할인,7,3,1,밀리의서재,,,SOLO결합 데이터 20GB 지급,매월 롯데시네마 관람권 지급,5712,https://www.moyoplan.com/plans/35426,2026-08-11T01:43:06.687727+00:00
MVNO,KT,아이즈모바일,35431,35431,official_code,[K]CU&롯시 100GB+,,moyo,True,,,LTE,100.0,,100.0,False,5Mbps,,,,,undisclosed,True,,,True,,55000,9900,모요 프로모션 할인,7,3,0,,,,SOLO결합 데이터 20GB 지급,매월 롯데시네마 관람권 지급 | 매월 CU 결제 5천원 할인 혜택,1608,https://www.moyoplan.com/plans/35431,2026-08-11T01:43:06.687727+00:00
MVNO,KT,KT스카이라이프,10767,10767,official_code,통화 충분 2.5GB,,moyo,True,,,LTE,2.5,,2.5,False,,,,,,within_data,True,,0,True,,7700,7700,,,2,0,,,,,"S-머니3만원(5천원X6개월) | 3대마트상품권, 네이버페이 2만원",449,https://www.moyoplan.com/plans/10767,2026-08-11T01:43:06.687727+00:00
MVNO,KT,티플러스,23577,23577,official_code,KT 11GB+ (CU 매월 20%+올리브영 매월 5천원 상품권!),,moyo,True,,,LTE,11.0,,11.0,False,3Mbps,2.0,,,,unsupported,True,,,True,,44000,16900,모요 프로모션 할인,7,6,0,,,,,"3대마트 상품권/네이버페이 1만원 증정 | 마트 상품권/네이버페이 1만원 증정 | CU 오프라인 점포 결제시 20% 할인 제공 | 올리브영 12개월간 매월 5,000원 상품권",476,https://www.moyoplan.com/plans/23577,2026-08-11T01:43:06.687727+00:00
MVNO,LGU+,핀다이렉트,31397,31397,official_code,[L] 핀다이렉트Z 100GB+,,moyo,True,,,LTE,100.0,,100.0,False,5Mbps,,,,,unsupported,True,,300,True,,44000,20000,모요 프로모션 할인,7,1,0,,,,,데이터 로밍 3일 무료 쿠폰,759,https://www.moyoplan.com/plans/31397,2026-08-11T01:43:06.687727+00:00
MVNO,KT,더원모바일,33520,33520,official_code,TOP 15GB 기본 (밀리의서재),,moyo,True,,,LTE,15.0,,15.0,False,1Mbps,,,,,within_data,True,,300,True,,29700,19800,모요 프로모션 할인,12,3,1,밀리의서재,,,솔로결합(+10GB),"3대 마트 상품권, 네이버페이 2만원",164,https://www.moyoplan.com/plans/33520,2026-08-11T01:43:06.687727+00:00
MVNO,LGU+,이야기모바일,8140,8140,official_code,내맘대로 (50분+500MB),,moyo,True,,,LTE,0.488,,0.488,False,,,,,,unsupported,False,50,,False,50,4950,3300,모요 프로모션 할인,12,1,0,,,,,"네이버페이 5,000원",30,https://www.moyoplan.com/plans/8140,2026-08-11T01:43:06.687727+00:00
MVNO,LGU+,KG모바일,29930,29930,official_code,[KG모바일 스페셜] 데이터 마음대로 (15GB+/100분),,moyo,True,,,LTE,15.0,,15.0,False,3Mbps,,,,,unsupported,False,100,,False,100,33000,13000,모요 프로모션 할인,7,2,0,,,,,"GS25 편의점 상품권 5,000원 | 일반 유심/배송비 무료",86,https://www.moyoplan.com/plans/29930,2026-08-11T01:43:06.687727+00:00
MVNO,KT,KT엠모바일,36975,36975,official_code,5G 모두다 맘껏 50GB+,,moyo,True,,,5G,50.0,,50.0,False,1Mbps,,,,,undisclosed,True,,,True,,37900,37900,,,2,0,,,,,M마켓 포인트 16만원 (2만 X 8개월) | 삼성 자급제 이벤트 M마켓 포인트 10만원,760,https://www.moyoplan.com/plans/36975,2026-08-11T01:43:06.687727+00:00
MVNO,LGU+,에이모바일,37223,37223,official_code,A 5G 스페셜 에센셜,,moyo,True,,,5G,125.0,,125.0,False,5Mbps,,,,,undisclosed,True,,,True,,50200,10500,모요 프로모션 할인,7,1,1,조선일보 종이신문 1개월 무료 구독 이벤트,,,,,25082,https://www.moyoplan.com/plans/37223,2026-08-11T01:43:06.687727+00:00
MVNO,LGU+,스마텔,36251,36251,official_code,스마트 5G망 150GB+,,moyo,True,,신규 가입을 받지 않는 통신사입니다. 사용 중인 번호 그대로 통신사만 이동할 분들만 가입이 가능해요.,5G,150.0,,150.0,False,5Mbps,,10.0,,10.0,quota,True,,300,True,,55000,31000,모요 프로모션 할인,24,0,0,,,,,,292,https://www.moyoplan.com/plans/36251,2026-08-11T01:43:06.687727+00:00
MVNO,LGU+,인스모바일,15306,15306,official_code,인스 유심 올프리 7GB+,,moyo,True,,,LTE,7.0,,7.0,False,1Mbps,,,,,undisclosed,True,,,True,,28490,5610,모요 프로모션 할인,7,0,0,,,,,,198,https://www.moyoplan.com/plans/15306,2026-08-11T01:43:06.687727+00:00
MVNO,KT,쉐이크모바일,30988,30988,official_code,[모요only] 쉐이크 LTE 7GB+_올리브영 5000원,,moyo,True,,,LTE,7.0,,7.0,False,1Mbps,,,,,within_data,True,,300,True,,25300,15000,모요 프로모션 할인,12,6,0,,,,SOLO결합(+5GB) | 데이터 매월 10GB 추가 증정(24개월) | 데이터쿠폰 20GB,"매월 1천원 요금할인 (팝테일 가입·인증) | 마트상품권, 네이버페이 최대 2만원 | 올리브영 매월 5,000원 제공",25,https://www.moyoplan.com/plans/30988,2026-08-11T01:43:06.687727+00:00
MVNO,KT,KT스카이라이프,9629,9629,official_code,데이터 충분 15GB+/300분,,moyo,True,,,LTE,15.0,,15.0,False,3Mbps,,,,,within_data,False,300,0,False,300,27500,27500,,,2,0,,,,,"S-머니3만원(5천원X6개월) | 3대마트상품권, 네이버페이 2만원",118,https://www.moyoplan.com/plans/9629,2026-08-11T01:43:06.687727+00:00
MVNO,SKT,티플러스,23775,23775,official_code,티플 10GB(10GB/200분),,moyo,True,,,LTE,10.0,,10.0,False,,,,,,within_data,False,200,,False,100,8500,8500,,,0,0,,,,,,163,https://www.moyoplan.com/plans/23775,2026-08-11T01:43:06.687727+00:00
MVNO,LGU+,티플러스,26987,26987,official_code,The 완전마음껏7G+(다이소 매월 5000P),,moyo,True,,,LTE,7.0,,7.0,False,1Mbps,,,,,unsupported,True,,,True,,22000,14900,모요 프로모션 할인,24,1,0,,,,,"12개월 간 다이소 상품권 5,000원 쿠폰",105,https://www.moyoplan.com/plans/26987,2026-08-11T01:43:06.687727+00:00
MVNO,KT,티플러스,23781,23781,official_code,티플 10GB(10GB/200분),,moyo,True,,,LTE,10.0,,10.0,False,,,,,,unsupported,False,200,,False,100,8500,8500,,,2,0,,,,,마트 상품권/네이버페이 1만원 증정,163,https://www.moyoplan.com/plans/23781,2026-08-11T01:43:06.687727+00:00
MVNO,LGU+,KG모바일,28152,28152,official_code,[모요 전용] 데이터 마음대로 (15GB+/100분),,moyo,True,,,LTE,15.0,,15.0,False,3Mbps,,,,,unsupported,False,100,,False,100,29610,13000,모요 프로모션 할인,7,1,0,,,,,"네이버페이 10,000원",296,https://www.moyoplan.com/plans/28152,2026-08-11T01:43:06.687727+00:00
MVNO,SKT,스마텔,25215,25215,official_code,후후 스마일 100GB+,,moyo,True,,,LTE,100.0,,100.0,False,5Mbps,,30.0,,30.0,quota,True,,300,True,,47630,19330,모요 프로모션 할인,7,0,0,,,,,,626,https://www.moyoplan.com/plans/25215,2026-08-11T01:43:06.687727+00:00
MVNO,LGU+,티플러스,23778,23778,official_code,티플 10GB(10GB/200분),,moyo,True,,,LTE,10.0,,10.0,False,,,,,,within_data,False,200,,False,100,8500,8500,,,0,0,,,,,,163,https://www.moyoplan.com/plans/23778,2026-08-11T01:43:06.687727+00:00
MVNO,KT,티플러스,35840,35840,official_code,티플 100G＋(올리브영 매월 5000P),,moyo,True,,,LTE,100.0,,100.0,False,5Mbps,,,,,unsupported,True,,,True,,55000,23000,모요 프로모션 할인,7,3,0,,,,,"마트 상품권/네이버페이 1만원 증정 | 올리브영 5,000P x 매월 제공",95,https://www.moyoplan.com/plans/35840,2026-08-11T01:43:06.687727+00:00
MVNO,LGU+,아이즈모바일,36984,36984,official_code,5G 스텐다드(150GB+5Mbps),,moyo,True,,,5G,150.0,,150.0,False,5Mbps,,,,,undisclosed,True,,,True,,57000,11900,모요 프로모션 할인,7,0,0,,,,,,1152,https://www.moyoplan.com/plans/36984,2026-08-11T01:43:06.687727+00:00
MVNO,KT,고고모바일,18238,18238,official_code,고고100분/1GB-데이터소진후 자동차단,,moyo,True,,,LTE,1.0,,1.0,False,,,,,,within_data,False,100,,False,100,5500,5500,,,2,0,,,,,"3대 마트 상품권, 네이버페이 2만원 | KT유심&배송비 무료",244,https://www.moyoplan.com/plans/18238,2026-08-11T01:43:06.687727+00:00
MVNO,SKT,티플러스,27678,27678,official_code,티플 CGV 15GB＋(300분),,moyo,True,,,LTE,15.0,,15.0,False,3Mbps,,,,,unsupported,False,300,,False,300,46200,11900,모요 프로모션 할인,7,2,0,,,,,CGV 2D영화 8천원 관람권 2매 | CGV 스몰세트 교환권,108,https://www.moyoplan.com/plans/27678,2026-08-11T01:43:06.687727+00:00
MVNO,LGU+,KG모바일,13897,13897,official_code,[일반] 데이터 마음대로 (15GB+/300분),,moyo,True,,,LTE,15.0,,15.0,False,3Mbps,,,,,unsupported,False,300,,False,300,35200,23100,모요 프로모션 할인,12,0,0,,,,,,10,https://www.moyoplan.com/plans/13897,2026-08-11T01:43:06.687727+00:00
MVNO,SKT,아이즈모바일,35403,35403,official_code,[S]아이즈특판100GB+,,moyo,True,,,LTE,100.0,,100.0,False,5Mbps,,30.0,,30.0,quota,True,,300,True,,45100,10900,모요 프로모션 할인,7,1,0,,,,SOLO결합 데이터 20GB 지급,,5464,https://www.moyoplan.com/plans/35403,2026-08-11T01:43:06.687727+00:00
MVNO,SKT,티플러스,20743,20743,official_code,5G 티플 15GB(15GB/300분),,moyo,True,,,5G,15.0,,15.0,False,,,,,,unsupported,False,300,,False,100,22000,8800,모요 프로모션 할인,4,0,0,,,,,,98,https://www.moyoplan.com/plans/20743,2026-08-11T01:43:06.687727+00:00
MVNO,KT,티플러스,34303,34303,official_code,가성비플러스(25GB/350분),,moyo,True,,,LTE,25.0,,25.0,False,,,,,,unsupported,False,350,,False,100,34100,2900,모요 프로모션 할인,7,2,0,,,,,마트 상품권/네이버페이 1만원 증정,215,https://www.moyoplan.com/plans/34303,2026-08-11T01:43:06.687727+00:00
MVNO,KT,고고모바일,17404,17404,official_code,5G무제한 50GB+1Mbps,,moyo,True,,,5G,50.0,,50.0,False,1Mbps,,40.0,,40.0,quota,True,,300,True,,41580,41580,,,3,0,,,,추가데이터 10GB 제공,"3대 마트 상품권, 네이버페이 2만원 | KT유심&배송비 무료",53,https://www.moyoplan.com/plans/17404,2026-08-11T01:43:06.687727+00:00
MVNO,KT,더원모바일,33538,33538,official_code,TOP 5G 200GB 기본 (지니뮤직),,moyo,True,,,5G,200.0,,200.0,False,10Mbps,,50.0,,50.0,quota,True,,300,True,,55000,38060,모요 프로모션 할인,12,3,1,지니뮤직,,,솔로결합(+20GB),"3대 마트 상품권, 네이버페이 2만원",544,https://www.moyoplan.com/plans/33538,2026-08-11T01:43:06.687727+00:00
MVNO,LGU+,U+유모바일,26286,26286,official_code,[평생할인] 5G 95GB+/통화기본,,moyo,True,,,5G,95.0,,95.0,False,3Mbps,,5.0,,5.0,quota,True,,300,True,,40900,40900,,,1,0,,,,"우리결합시, 데이터 10GB 추가 증정",,166,https://www.moyoplan.com/plans/26286,2026-08-11T01:43:06.687727+00:00
MVNO,LGU+,U+유모바일,30010,30010,official_code,[올리브영 12만원] 6GB/통화기본,,moyo,True,,,LTE,6.0,,6.0,False,,,,,,within_data,True,,50,True,,10500,10500,,,1,0,,,,,올리브영 12만원 혜택,141,https://www.moyoplan.com/plans/30010,2026-08-11T01:43:06.687727+00:00
MVNO,SKT,티플러스,23773,23773,official_code,티플 10GB(10GB/0분),,moyo,True,,,LTE,10.0,,10.0,False,,,,,,undisclosed,False,0,,False,0,7500,7500,,,0,0,,,,,,271,https://www.moyoplan.com/plans/23773,2026-08-11T01:43:06.687727+00:00
MVNO,LGU+,티플러스,33084,33084,official_code,The 완전마음껏7G＋(올리브영 매월 5000P),,moyo,True,,,LTE,7.0,,7.0,False,1Mbps,,,,,unsupported,True,,,True,,22000,14900,모요 프로모션 할인,24,1,0,,,,,"올리브영 12개월간 매월 5,000원 상품권",89,https://www.moyoplan.com/plans/33084,2026-08-11T01:43:06.687727+00:00
MVNO,KT,이지모바일,30875,30875,official_code,EG 5G프리미엄 200G+,,moyo,True,,,5G,200.0,,200.0,False,10Mbps,,20.0,,20.0,quota,True,,300,True,,58300,29900,모요 프로모션 할인,7,1,0,,,,,일반유심/배송비 무료,1284,https://www.moyoplan.com/plans/30875,2026-08-11T01:43:06.687727+00:00
MVNO,LGU+,KG모바일,23743,23743,official_code,[일반] 실속 (7GB/300분),,moyo,True,,,LTE,7.0,,7.0,False,,,,,,unsupported,False,300,,False,100,14300,2700,모요 프로모션 할인,6,0,0,,,,,,94,https://www.moyoplan.com/plans/23743,2026-08-11T01:43:06.687727+00:00
MVNO,LGU+,티플러스,33087,33087,official_code,The 데이터마음껏15G＋(300분)(올리브영 매월 5000P),,moyo,True,,,LTE,15.0,,15.0,False,3Mbps,,,,,unsupported,False,300,,False,300,33000,23500,모요 프로모션 할인,24,1,0,,,,,"올리브영 12개월간 매월 5,000원 상품권",33,https://www.moyoplan.com/plans/33087,2026-08-11T01:43:06.687727+00:00
MVNO,LGU+,U+유모바일,26289,26289,official_code,[평생할인] 5G 180GB+/통화기본,,moyo,True,,,5G,180.0,,180.0,False,10Mbps,,20.0,,20.0,quota,True,,300,True,,50500,50500,,,1,0,,,,"우리결합시, 데이터 20GB 추가 증정",,258,https://www.moyoplan.com/plans/26289,2026-08-11T01:43:06.687727+00:00
MVNO,KT,KT스카이라이프,10903,10903,official_code,모두 충분 7GB+(지니뮤직),,moyo,True,,,LTE,7.0,,7.0,False,1Mbps,,,,,within_data,True,,300,True,,19000,19000,,,2,0,,,,,"S-머니3만원(5천원X6개월) | 3대마트상품권, 네이버페이 2만원",269,https://www.moyoplan.com/plans/10903,2026-08-11T01:43:06.687727+00:00
MVNO,LGU+,티플러스,34899,34899,official_code,The 완전마음껏7G＋(스타벅스 매월 5000P),,moyo,True,,,LTE,7.0,,7.0,False,1Mbps,,,,,unsupported,True,,,True,,22000,14900,모요 프로모션 할인,24,1,0,,,,,"스타벅스 교환권 5,000P x 12개월 제공",32,https://www.moyoplan.com/plans/34899,2026-08-11T01:43:06.687727+00:00
MVNO,LGU+,티플러스,34902,34902,official_code,The 데이터마음껏15G＋(300분)(스타벅스 매월 5000P),,moyo,True,,,LTE,15.0,,15.0,False,3Mbps,,,,,unsupported,False,300,,False,300,33000,23500,모요 프로모션 할인,24,1,0,,,,,"스타벅스 교환권 5,000P x 12개월 제공",23,https://www.moyoplan.com/plans/34902,2026-08-11T01:43:06.687727+00:00
MVNO,LGU+,스마텔,34357,34357,official_code,[모요only] [모요핫딜] 스마트 100GB+,,moyo,True,,신규 가입을 받지 않는 통신사입니다. 사용 중인 번호 그대로 통신사만 이동할 분들만 가입이 가능해요.,LTE,100.0,,100.0,False,5Mbps,,11.0,,11.0,quota,True,,300,True,,47300,21500,모요 프로모션 할인,7,0,0,,,,,,2755,https://www.moyoplan.com/plans/34357,2026-08-11T01:43:06.687727+00:00
MVNO,LGU+,티플러스,31334,31334,official_code,The 완전마음껏7G+(컬쳐랜드 문화상품권 매월 5000P),,moyo,True,,,LTE,7.0,,7.0,False,1Mbps,,,,,unsupported,True,,,True,,22000,14900,모요 프로모션 할인,24,1,0,,,,,컬쳐랜드 모바일상품권 5천원 증정(12개월),59,https://www.moyoplan.com/plans/31334,2026-08-11T01:43:06.687727+00:00
MVNO,KT,이지모바일,33005,33005,official_code,EG 무제한 71G+3(밀리의 서재),,moyo,True,,,LTE,11.0,,11.0,False,3Mbps,2.0,11.0,,11.0,quota,True,,300,True,,37400,20000,모요 프로모션 할인,7,2,1,밀리의서재,,,,일반유심/배송비 무료,129,https://www.moyoplan.com/plans/33005,2026-08-11T01:43:06.687727+00:00
MVNO,LGU+,아이즈모바일,36692,36692,official_code,[L]5G 무한125GB+5Mbps,,moyo,True,,,5G,125.0,,125.0,False,5Mbps,,,,,undisclosed,True,,,True,,64900,8900,모요 프로모션 할인,7,0,0,,,,,,5487,https://www.moyoplan.com/plans/36692,2026-08-11T01:43:06.687727+00:00
MVNO,KT,아이즈모바일,35386,35386,official_code,[K]무한11GB+ Npay,,moyo,True,,,LTE,11.0,,11.0,False,3Mbps,2.0,,,,undisclosed,True,,,True,,48400,10900,모요 프로모션 할인,7,2,0,,,,SOLO결합 데이터 20GB 지급,"네이버페이 매달 5,000원 지급",2379,https://www.moyoplan.com/plans/35386,2026-08-11T01:43:06.687727+00:00
MVNO,KT,더원모바일,33534,33534,official_code,TOP 5G 110GB 기본 (밀리의서재),,moyo,True,,,5G,110.0,,110.0,False,5Mbps,,40.0,,40.0,quota,True,,300,True,,47300,32890,모요 프로모션 할인,12,3,1,밀리의서재,,,솔로결합(+20GB),"3대 마트 상품권, 네이버페이 2만원",389,https://www.moyoplan.com/plans/33534,2026-08-11T01:43:06.687727+00:00
MVNO,KT,KT스카이라이프,29978,29978,official_code,모두 충분 7GB+(다이소_5000),,moyo,True,,,LTE,7.0,,7.0,False,1Mbps,,,,,within_data,True,,300,True,,18500,18500,,,2,0,,,,,"S-머니3만원(5천원X6개월) | 3대마트상품권, 네이버페이 2만원",216,https://www.moyoplan.com/plans/29978,2026-08-11T01:43:06.687727+00:00
MVNO,SKT,이야기모바일,29948,29948,official_code,이야기 라이트S 300분 15GB+,,moyo,True,,,LTE,15.0,,15.0,False,1Mbps,,,,,unsupported,False,300,,False,300,29150,29150,,,1,0,,,,,"네이버페이 5,000원",21,https://www.moyoplan.com/plans/29948,2026-08-11T01:43:06.687727+00:00
MVNO,LGU+,에이모바일,37219,37219,official_code,요금폭탄방지,,moyo,True,,,LTE,,,,False,5Mbps,5.0,,,,undisclosed,True,,,True,,49500,11000,모요 프로모션 할인,7,2,1,조선일보 종이신문 1개월 무료 구독 이벤트,,,,네이버페이 2만원 지급 이벤트,6384,https://www.moyoplan.com/plans/37219,2026-08-11T01:43:06.687727+00:00
MVNO,LGU+,티플러스,23777,23777,official_code,티플 10GB(10GB/0분),,moyo,True,,,LTE,10.0,,10.0,False,,,,,,undisclosed,False,0,,False,0,7500,7500,,,0,0,,,,,,271,https://www.moyoplan.com/plans/23777,2026-08-11T01:43:06.687727+00:00
MVNO,SKT,티플러스,24007,24007,official_code,티플 위드유 15GB＋(100분)(G car),,moyo,True,,,LTE,15.0,,15.0,False,3Mbps,,,,,unsupported,False,100,,False,100,31900,8800,모요 프로모션 할인,7,1,0,,,,,롯데렌터카 연간 패스 이용권,1190,https://www.moyoplan.com/plans/24007,2026-08-11T01:43:06.687727+00:00
MVNO,LGU+,KG모바일,36214,36214,official_code,[평생할인] 데이터 마음대로 (6GB+/200분),,moyo,True,,,LTE,6.0,,6.0,False,1Mbps,,,,,unsupported,False,200,,False,100,3600,3600,,,1,0,,,,,일반 유심/배송비 무료,564,https://www.moyoplan.com/plans/36214,2026-08-11T01:43:06.687727+00:00
MVNO,LGU+,인스모바일,20384,20384,official_code,[12개월]인스 유심 스트롱 15GB+,,moyo,True,,,LTE,15.0,,15.0,False,3Mbps,,,,,within_data,False,100,0,False,100,29050,18600,모요 프로모션 할인,12,0,0,,,,,,98,https://www.moyoplan.com/plans/20384,2026-08-11T01:43:06.687727+00:00
MVNO,LGU+,LG헬로모바일,11421,11421,official_code,보편 유심 5GB 100분,,moyo,True,,,LTE,5.0,,5.0,False,,,,,,within_data,False,100,,False,50,9500,9500,,,4,2,토스미·오픽미 AI 모의고사 | 구글 AI프로+도미노피자 할인쿠폰,,,,유심비 지원(신세계상품권 1만원) | 프레딧 쿠폰 2만원(5천원*4개월),13,https://www.moyoplan.com/plans/11421,2026-08-11T01:43:06.687727+00:00
MVNO,LGU+,모나,35524,35524,official_code,캐시_데이터11G+일2G,,moyo,True,,,LTE,11.0,,11.0,False,3Mbps,2.0,,,,unsupported,True,,300,True,,44000,28900,모요 프로모션 할인,24,3,0,,,,,캐시 상품권(택 1) 매월 제공 | NFC 유심 무료 제공 | 4대 편의점 최대 10.1%적립,134,https://www.moyoplan.com/plans/35524,2026-08-11T01:43:06.687727+00:00
MVNO,KT,이지모바일,32417,32417,official_code,EG 무제한 100G+5(매월 Npay5000P),,moyo,True,,,LTE,100.0,,100.0,False,5Mbps,,100.0,,100.0,quota,True,,300,True,,47850,23000,모요 프로모션 할인,7,2,0,,,,,"네이버페이 매달 5,000P | 일반유심/배송비 무료",172,https://www.moyoplan.com/plans/32417,2026-08-11T01:43:06.687727+00:00
MVNO,KT,이지모바일,30867,30867,official_code,EG 5G 심플 50GB+,,moyo,True,,,5G,50.0,,50.0,False,1Mbps,,40.0,,40.0,quota,True,,300,True,,45100,29700,모요 프로모션 할인,12,1,0,,,,,일반유심/배송비 무료,131,https://www.moyoplan.com/plans/30867,2026-08-11T01:43:06.687727+00:00
MVNO,LGU+,인스모바일,18615,18615,official_code,[12개월]인스 유심 올프리 7GB+,,moyo,True,,,LTE,7.0,,7.0,False,1Mbps,,,,,within_data,True,,300,True,,25850,12650,모요 프로모션 할인,12,0,0,,,,,,27,https://www.moyoplan.com/plans/18615,2026-08-11T01:43:06.687727+00:00
MVNO,LGU+,아이즈모바일,36986,36986,official_code,[L]5G 데이터150GB+,,moyo,True,,,5G,150.0,,150.0,False,5Mbps,,,,,undisclosed,True,,,True,,63000,22500,모요 프로모션 할인,24,0,0,,,,,,797,https://www.moyoplan.com/plans/36986,2026-08-11T01:43:06.687727+00:00
MVNO,KT,고고모바일,24191,24191,official_code,LTE200분/ 10GB,,moyo,True,,,LTE,10.0,,10.0,False,,,,,,within_data,False,200,,False,100,16170,16170,,,2,0,,,,,"3대 마트 상품권, 네이버페이 2만원 | KT유심&배송비 무료",15,https://www.moyoplan.com/plans/24191,2026-08-11T01:43:06.687727+00:00
MVNO,LGU+,이지모바일,36602,36602,official_code,[5G]이지 무제한 150GB+5M,,moyo,True,,,5G,150.0,,150.0,False,5Mbps,,20.0,,20.0,quota,True,,300,True,,66000,26400,모요 프로모션 할인,7,0,0,,,,,,123,https://www.moyoplan.com/plans/36602,2026-08-11T01:43:06.687727+00:00
MVNO,KT,KT스카이라이프,9628,9628,official_code,데이터 충분 5GB+/100분,,moyo,True,,,LTE,5.0,,5.0,False,1Mbps,,,,,within_data,False,100,0,False,100,14300,14300,,,2,0,,,,,"S-머니3만원(5천원X6개월) | 3대마트상품권, 네이버페이 2만원",82,https://www.moyoplan.com/plans/9628,2026-08-11T01:43:06.687727+00:00
MVNO,KT,쉐이크모바일,29220,29220,official_code,"[모요only] 쉐이크 LTE 7GB+_다이소 매 월 5,000원",,moyo,True,,,LTE,7.0,,7.0,False,1Mbps,,,,,within_data,True,,300,True,,25300,15000,모요 프로모션 할인,12,6,0,,,,SOLO결합(+5GB) | 데이터 매월 10GB 추가 증정(24개월) | 데이터쿠폰 20GB,"매월 1천원 요금할인 (팝테일 가입·인증) | 마트상품권, 네이버페이 최대 2만원 | 다이소 매월 5,000원 제공",25,https://www.moyoplan.com/plans/29220,2026-08-11T01:43:06.687727+00:00
MVNO,LGU+,모나,37126,37126,official_code,5G_모나데이터180G안심10,,moyo,True,,,5G,180.0,,180.0,False,10Mbps,,,,,unsupported,True,,,True,,66000,39500,모요 프로모션 할인,12,0,0,,,,,,11,https://www.moyoplan.com/plans/37126,2026-08-11T01:43:06.687727+00:00
MVNO,SKT,이야기모바일,13975,13975,official_code,함께이야기해S(1000분+10GB),,moyo,True,,,LTE,10.0,,10.0,False,,,,,,unsupported,False,1000,,False,100,19800,14300,모요 프로모션 할인,12,1,0,,,,,"네이버페이 5,000원",16,https://www.moyoplan.com/plans/13975,2026-08-11T01:43:06.687727+00:00
MVNO,SKT,이야기모바일,12279,12279,official_code,내맘대로S(300+10GB),,moyo,True,,,LTE,10.0,,10.0,False,,,,,,unsupported,False,300,,False,300,16500,14300,모요 프로모션 할인,12,1,0,,,,,"네이버페이 5,000원",10,https://www.moyoplan.com/plans/12279,2026-08-11T01:43:06.687727+00:00
MVNO,LGU+,찬스모바일,34373,34373,official_code,[모요only] 알찬 음성기본7GB+,,moyo,True,,,LTE,7.0,,7.0,False,1Mbps,,,,,within_data,True,,300,True,,19800,7000,모요 프로모션 할인,7,1,0,,,,,유심/배송비 무료,11674,https://www.moyoplan.com/plans/34373,2026-08-11T01:43:06.687727+00:00
MVNO,KT,티플러스,37428,37428,official_code,5G 티플 200G＋(밀리의서재),,moyo,True,,,5G,200.0,,200.0,False,10Mbps,,,,,unsupported,True,,,True,,69300,25000,모요 프로모션 할인,7,1,1,밀리의서재,,,,,10,https://www.moyoplan.com/plans/37428,2026-08-11T01:43:06.687727+00:00
MVNO,SKT,이야기모바일,16285,16285,official_code,이야기 스탠다드S 100분15GB+,,moyo,True,,,LTE,15.0,,15.0,False,3Mbps,,,,,unsupported,False,100,,False,100,31900,15400,모요 프로모션 할인,7,1,0,,,,,"네이버페이 5,000원",138,https://www.moyoplan.com/plans/16285,2026-08-11T01:43:06.687727+00:00
MNO,LGU+,,28701,28701,official_code,디즈니+티빙 너겟65,,moyo,True,,이미 LG U+ 요금제를 쓰고 있다면 이 요금제를 가입할 수 없어요,5G,,,,True,,,,,,undisclosed,True,,,True,,65000,65000,,,2,1,디즈니+,VIP,,,,2833,https://www.moyoplan.com/plans/28701,2026-08-11T01:43:06.687727+00:00
MVNO,SKT,고고모바일,37429,37429,official_code,LTE 200분/5GB_모요,,moyo,True,,,LTE,5.0,,5.0,False,,,,,,undisclosed,False,200,,False,100,11220,880,모요 프로모션 할인,7,0,0,,,,,,10,https://www.moyoplan.com/plans/37429,2026-08-11T01:43:06.687727+00:00
MVNO,KT,스마텔,31738,31738,official_code,USIM 스위트 심플(100분+5GB),,moyo,True,,신규 가입을 받지 않는 통신사입니다. 사용 중인 번호 그대로 통신사만 이동할 분들만 가입이 가능해요.,LTE,5.0,,5.0,False,,,,,,unsupported,False,100,,False,100,9900,90,모요 프로모션 할인,7,0,0,,,,,,209,https://www.moyoplan.com/plans/31738,2026-08-11T01:43:06.687727+00:00
MVNO,SKT,스마텔,29023,29023,official_code,5G 음성무제한 25GB,,moyo,True,,,5G,25.0,,25.0,False,,,25.0,,25.0,quota,True,,30,False,200,21800,21800,,,0,0,,,,,,227,https://www.moyoplan.com/plans/29023,2026-08-11T01:43:06.687727+00:00
MVNO,LGU+,이지모바일,30862,30862,official_code,이지 15G(300)+,,moyo,True,,,LTE,15.0,,15.0,False,3Mbps,,15.0,,15.0,quota,False,300,,False,300,31900,16500,모요 프로모션 할인,7,1,0,,,,,일반유심/배송비 무료,36,https://www.moyoplan.com/plans/30862,2026-08-11T01:43:06.687727+00:00
MVNO,KT,아이즈모바일,35430,35430,official_code,[K]CU&롯시 11GB+일2GB,,moyo,True,,,LTE,11.0,,11.0,False,3Mbps,2.0,,,,undisclosed,True,,,True,,48400,8800,모요 프로모션 할인,7,3,0,,,,SOLO결합 데이터 20GB 지급,매월 롯데시네마 관람권 지급 | 매월 CU 결제 5천원 할인 혜택,739,https://www.moyoplan.com/plans/35430,2026-08-11T01:43:06.687727+00:00
MVNO,KT,고고모바일,37094,37094,official_code,[모요only] 5G 200분/12GB_12개월,,moyo,True,,,5G,12.0,,12.0,False,,,,,,within_data,False,200,,False,100,22000,6600,모요 프로모션 할인,12,2,0,,,,,"3대 마트 상품권, 네이버페이 2만원 | KT유심&배송비 무료",20,https://www.moyoplan.com/plans/37094,2026-08-11T01:43:06.687727+00:00
MVNO,KT,고고모바일,17408,17408,official_code,5G무제한 90GB+1Mbps,,moyo,True,,,5G,90.0,,90.0,False,1Mbps,,40.0,,40.0,quota,True,,300,True,,44000,44000,,,3,0,,,,추가데이터 10GB 제공,"3대 마트 상품권, 네이버페이 2만원 | KT유심&배송비 무료",10,https://www.moyoplan.com/plans/17408,2026-08-11T01:43:06.687727+00:00
MVNO,KT,KT스카이라이프,31459,31459,official_code,모두 충분 100GB+(올리브영_5000),,moyo,True,,,LTE,100.0,,100.0,False,5Mbps,,,,,within_data,True,,300,True,,41700,41700,,,2,0,,,,,"S-머니6만원(1만원X6개월) | 3대마트상품권, 네이버페이 2만원",270,https://www.moyoplan.com/plans/31459,2026-08-11T01:43:06.687727+00:00
MVNO,KT,티플러스,36609,36609,official_code,티플 100G＋(컬쳐랜드),,moyo,True,,,LTE,100.0,,100.0,False,5Mbps,,,,,unsupported,True,,,True,,55000,20900,모요 프로모션 할인,7,5,0,,,,,"3대마트 상품권/네이버페이 1만원 증정 | 마트 상품권/네이버페이 1만원 증정 | 컬쳐랜드 모바일 문화상품권 5,000P 제공",85,https://www.moyoplan.com/plans/36609,2026-08-11T01:43:06.687727+00:00
MVNO,KT,에이모바일,37174,37174,official_code,A 올라잇,,moyo,True,,,LTE,,,,False,5Mbps,5.0,,,,undisclosed,True,,,True,,46200,11499,모요 프로모션 할인,7,1,1,조선일보 종이신문 1개월 무료 구독 이벤트,,,,,694,https://www.moyoplan.com/plans/37174,2026-08-11T01:43:06.687727+00:00
MVNO,LGU+,LG헬로모바일,11419,11419,official_code,보편 안심 유심 3GB 200분,,moyo,True,,,LTE,3.0,,3.0,False,400Kbps,,,,,undisclosed,False,200,,False,100,12500,7500,모요 프로모션 페이백/할인,7,4,2,구글 AI프로+도미노피자 할인쿠폰 | 토스미·오픽미 AI 모의고사,,,,네이버페이 매달 5천원 페이백(7개월) | 프레딧 쿠폰 2만원(5천원*4개월),11,https://www.moyoplan.com/plans/11419,2026-08-11T01:43:06.687727+00:00
MVNO,KT,KT스카이라이프,13786,13786,official_code,모두 충분 4.5GB+,,moyo,True,,,LTE,4.5,,4.5,False,400Kbps,,,,,within_data,True,,30,True,,13200,13200,,,2,0,,,,,"S-머니3만원(5천원X6개월) | 3대마트상품권, 네이버페이 2만원",57,https://www.moyoplan.com/plans/13786,2026-08-11T01:43:06.687727+00:00
MVNO,SKT,모빙,37269,37269,official_code,[S] 데이터 100GB+,,moyo,True,,,LTE,100.0,,100.0,False,5Mbps,,,,,unsupported,True,,,True,,53900,12500,모요 프로모션 할인,7,0,0,,,,,,4950,https://www.moyoplan.com/plans/37269,2026-08-11T01:43:06.687727+00:00
MVNO,KT,에이모바일,37175,37175,official_code,A 올라잇 100GB+ 밀리의서재,,moyo,True,,,LTE,100.0,,100.0,False,5Mbps,,,,,undisclosed,True,,,True,,46200,11499,모요 프로모션 할인,7,1,1,조선일보 종이신문 1개월 무료 구독 이벤트,,,,,1644,https://www.moyoplan.com/plans/37175,2026-08-11T01:43:06.687727+00:00
MVNO,SKT,이야기모바일,10700,10700,official_code,이야기 300분+7GB(5G),,moyo,True,,,5G,7.0,,7.0,False,,,,,,unsupported,False,300,,False,50,9900,9900,,,1,0,,,,,"네이버페이 5,000원",117,https://www.moyoplan.com/plans/10700,2026-08-11T01:43:06.687727+00:00
MVNO,KT,이지모바일,35790,35790,official_code,EG 데이터 15GB+3/100분(모아진),,moyo,True,,,LTE,15.0,,15.0,False,3Mbps,,15.0,,15.0,quota,False,100,,False,100,33000,16500,모요 프로모션 할인,7,1,1,모아진(전세계 매거진) 무료 구독,,,,,44,https://www.moyoplan.com/plans/35790,2026-08-11T01:43:06.687727+00:00
MVNO,KT,이지모바일,35801,35801,official_code,EG 무제한 11GB+3(올영5000원),,moyo,True,,,LTE,11.0,,11.0,False,3Mbps,2.0,11.0,,11.0,quota,True,,300,True,,41800,21000,모요 프로모션 할인,7,1,0,,,,,"올리브영 상품권 매월 5,000원 제공",17,https://www.moyoplan.com/plans/35801,2026-08-11T01:43:06.687727+00:00
MVNO,KT,이지모바일,32414,32414,official_code,EG 무제한 11G+3(매월 배민5000P),,moyo,True,,,LTE,11.0,,11.0,False,3Mbps,2.0,11.0,,11.0,quota,True,,300,True,,41250,21000,모요 프로모션 할인,7,1,0,,,,,일반유심/배송비 무료,19,https://www.moyoplan.com/plans/32414,2026-08-11T01:43:06.687727+00:00
MVNO,KT,고고모바일,18745,18745,official_code,[모요only] 무제한 7GB+1M(밀리의서재 Free),,moyo,True,,,LTE,7.0,,7.0,False,1Mbps,,,,,within_data,True,,300,True,,20900,7600,모요 프로모션 할인,7,5,1,밀리의서재,,,데이터 매월 10GB 추가 증정 (24개월간) | 추가데이터 5GB 제공,"3대 마트 상품권, 네이버페이 2만원 | KT유심&배송비 무료",1828,https://www.moyoplan.com/plans/18745,2026-08-11T01:43:06.687727+00:00
MVNO,LGU+,KG모바일,29932,29932,official_code,"[KG모바일 스페셜] 통화, 데이터 마음대로 7GB+",,moyo,True,,,LTE,7.0,,7.0,False,1Mbps,,,,,unsupported,True,,300,True,,24200,7000,모요 프로모션 할인,7,2,0,,,,,"GS25 편의점 상품권 5,000원 | 일반 유심/배송비 무료",165,https://www.moyoplan.com/plans/29932,2026-08-11T01:43:06.687727+00:00
MVNO,SKT,티플러스,23776,23776,official_code,티플 10GB(10GB/300분)_평생요금,,moyo,True,,,LTE,10.0,,10.0,False,,,,,,within_data,False,300,,False,100,4900,4900,,,0,0,,,,,,267,https://www.moyoplan.com/plans/23776,2026-08-11T01:43:06.687727+00:00
MVNO,KT,KT스카이라이프,18625,18625,official_code,5G 모두 충분 200GB+(밀리의서재),,moyo,True,,,5G,200.0,,200.0,False,10Mbps,,,,,within_data,True,,300,True,,49200,49200,,,3,1,밀리의서재,,,,"S-머니6만원(1만원X6개월) | 3대마트상품권, 네이버페이 2만원",469,https://www.moyoplan.com/plans/18625,2026-08-11T01:43:06.687727+00:00
MVNO,SKT,티플러스,23774,23774,official_code,티플 10GB(10GB/100분),,moyo,True,,,LTE,10.0,,10.0,False,,,,,,within_data,False,100,,False,100,7990,7990,,,0,0,,,,,,184,https://www.moyoplan.com/plans/23774,2026-08-11T01:43:06.687727+00:00
MVNO,KT,쉐이크모바일,27734,27734,official_code,[모요only] 쉐이크 LTE 7GB+_지니뮤직,,moyo,True,,,LTE,7.0,,7.0,False,1Mbps,,,,,within_data,True,,300,True,,25300,16000,모요 프로모션 할인,12,6,1,지니뮤직,,,SOLO결합(+5GB) | 데이터 매월 10GB 추가 증정(24개월) | 데이터쿠폰 20GB,"매월 1천원 요금할인 (팝테일 가입·인증) | 마트상품권, 네이버페이 최대 2만원",57,https://www.moyoplan.com/plans/27734,2026-08-11T01:43:06.687727+00:00
MVNO,KT,KT스카이라이프,23448,23448,official_code,모두 충분 10GB+(CU),,moyo,True,,,LTE,10.0,,10.0,False,1Mbps,,,,,within_data,True,,300,True,,19400,19400,,,3,0,,,,,"S-머니3만원(5천원X6개월) | CU 연간 6만원 할인 평생 제공 | 3대마트상품권, 네이버페이 2만원",483,https://www.moyoplan.com/plans/23448,2026-08-11T01:43:06.687727+00:00
MVNO,LGU+,찬스모바일,34755,34755,official_code,[5G] 300분9G,,moyo,True,,,5G,9.0,,9.0,False,,,9.0,,9.0,quota,False,300,0,False,100,8800,4950,모요 프로모션 할인,12,0,0,,,,,,24,https://www.moyoplan.com/plans/34755,2026-08-11T01:43:06.687727+00:00
MVNO,LGU+,찬스모바일,34754,34754,official_code,[5G] 250분9G,,moyo,True,,,5G,9.0,,9.0,False,,,9.0,,9.0,quota,False,250,0,False,50,7700,4950,모요 프로모션 할인,12,0,0,,,,,,27,https://www.moyoplan.com/plans/34754,2026-08-11T01:43:06.687727+00:00
MVNO,KT,티플러스,23783,23783,official_code,티플 10GB(10GB/100분),,moyo,True,,,LTE,10.0,,10.0,False,,,,,,unsupported,False,100,,False,100,7990,7990,,,2,0,,,,,마트 상품권/네이버페이 1만원 증정,184,https://www.moyoplan.com/plans/23783,2026-08-11T01:43:06.687727+00:00
MVNO,LGU+,인스모바일,13288,13288,official_code,[평생할인]실속 200분+2GB(USIM),,moyo,True,,,LTE,2.0,,2.0,False,,,,,,within_data,False,200,0,False,50,2530,2530,,,0,0,,,,,,88,https://www.moyoplan.com/plans/13288,2026-08-11T01:43:06.687727+00:00
MVNO,SKT,스마텔,25244,25244,official_code,USIM 알뜰 15GB+,,moyo,True,,,LTE,15.0,,15.0,False,3Mbps,,15.0,,15.0,quota,False,100,,False,100,27500,27500,,,0,0,,,,,,80,https://www.moyoplan.com/plans/25244,2026-08-11T01:43:06.687727+00:00
MVNO,SKT,아이즈모바일,35436,35436,official_code,아이즈(100분/5GB),,moyo,True,,,LTE,5.0,,5.0,False,,,,,,undisclosed,False,100,,False,50,660,660,,,0,0,,,,,,5227,https://www.moyoplan.com/plans/35436,2026-08-11T01:43:06.687727+00:00
MVNO,KT,고고모바일,23376,23376,official_code,[모요only] 5G 무제한 90GB+1Mbps,,moyo,True,,,5G,90.0,,90.0,False,1Mbps,,40.0,,40.0,quota,True,,300,True,,44000,32000,모요 프로모션 할인,12,3,0,,,,추가데이터 10GB 제공,"3대 마트 상품권, 네이버페이 2만원 | KT유심&배송비 무료",23,https://www.moyoplan.com/plans/23376,2026-08-11T01:43:06.687727+00:00
MVNO,SKT,모빙,37251,37251,official_code,[S] 데이터 10GB,,moyo,True,,,LTE,10.0,,10.0,False,,,,,,unsupported,True,,,False,200,26400,10,모요 프로모션 할인,7,0,0,,,,,,5742,https://www.moyoplan.com/plans/37251,2026-08-11T01:43:06.687727+00:00
MVNO,SKT,티플러스,35278,35278,official_code,티플북 15G+(300분)(도서문화상품권 매월 5000P),,moyo,True,,,LTE,15.0,,15.0,False,3Mbps,,,,,unsupported,False,300,,False,300,41800,13900,모요 프로모션 할인,7,1,0,,,,,북앤라이프 5000P 도서문화상품권,16,https://www.moyoplan.com/plans/35278,2026-08-11T01:43:06.687727+00:00
MVNO,KT,티플러스,24431,24431,official_code,완전마음껏 7GB＋＋(네이버페이 매월 5000P),,moyo,True,,,LTE,7.0,,7.0,False,1Mbps,,,,,unsupported,True,,,True,,22500,8500,모요 프로모션 페이백/할인,7,4,0,,,,개통시 매월 10GB 데이터 추가 지급,네이버페이 매달 5천원 페이백 (평생) | 마트 상품권/네이버페이 1만원 증정,834,https://www.moyoplan.com/plans/24431,2026-08-11T01:43:06.687727+00:00
MVNO,KT,이야기모바일,26748,26748,official_code,이야기K 데이터 11GB+(배달의 민족 5000P),,moyo,True,,,LTE,11.0,,11.0,False,3Mbps,2.0,,,,unsupported,True,,,True,,40700,22000,모요 프로모션 할인,7,2,0,,,,,"네이버페이, 3대 마트 상품권 2만원 | 네이버페이 5,000원",16,https://www.moyoplan.com/plans/26748,2026-08-11T01:43:06.687727+00:00
MVNO,SKT,이야기모바일,20326,20326,official_code,함께이야기해S(200분+30GB),,moyo,True,,,LTE,30.0,,30.0,False,,,,,,unsupported,False,200,,False,300,23500,23500,,,1,0,,,,,"네이버페이 5,000원",75,https://www.moyoplan.com/plans/20326,2026-08-11T01:43:06.687727+00:00
MVNO,SKT,이야기모바일,12275,12275,official_code,내맘대로S(150+1GB),,moyo,True,,,LTE,1.0,,1.0,False,,,,,,unsupported,False,150,,False,50,3500,2500,모요 프로모션 할인,24,1,0,,,,,"네이버페이 5,000원",144,https://www.moyoplan.com/plans/12275,2026-08-11T01:43:06.687727+00:00
MVNO,KT,이야기모바일,16843,16843,official_code,이야기K 데이터 11GB+(왓차_베이직),,moyo,True,,,LTE,11.0,,11.0,False,3Mbps,2.0,,,,unsupported,True,,,True,,40590,22000,모요 프로모션 할인,7,2,0,,,,,"네이버페이, 3대 마트 상품권 2만원 | 네이버페이 5,000원",17,https://www.moyoplan.com/plans/16843,2026-08-11T01:43:06.687727+00:00
MVNO,KT,이야기모바일,36169,36169,official_code,이야기 K 데이터 11GB+(다이소 5000P),,moyo,True,,,LTE,11.0,,11.0,False,3Mbps,2.0,,,,unsupported,True,,,True,,40590,22000,모요 프로모션 할인,7,2,0,,,,,"네이버페이, 3대 마트 상품권 2만원 | 네이버페이 5,000원",17,https://www.moyoplan.com/plans/36169,2026-08-11T01:43:06.687727+00:00
MVNO,KT,이야기모바일,26752,26752,official_code,이야기K 데이터 11GB+(N Pay 5000P),,moyo,True,,,LTE,11.0,,11.0,False,3Mbps,2.0,,,,unsupported,True,,,True,,40300,22000,모요 프로모션 할인,7,2,0,,,,,"네이버페이, 3대 마트 상품권 2만원 | 네이버페이 5,000원",25,https://www.moyoplan.com/plans/26752,2026-08-11T01:43:06.687727+00:00
MVNO,LGU+,모나,29999,29999,official_code,더중앙+모나_11G+일2G,,moyo,True,,,LTE,11.0,,11.0,False,3Mbps,2.0,,,,within_data,True,,300,True,,39600,18040,모요 프로모션 할인,7,3,1,더중앙플러스 구독권 매월 제공,,,,NFC 유심 무료 제공 | 4대 편의점 최대 10.1%적립,315,https://www.moyoplan.com/plans/29999,2026-08-11T01:43:06.687727+00:00
MVNO,LGU+,KG모바일,13907,13907,official_code,[일반] 유심 5G 150GB+,,moyo,True,,,5G,150.0,,150.0,False,5Mbps,,,,,unsupported,True,,300,True,,56100,33000,모요 프로모션 할인,12,0,0,,,,,,72,https://www.moyoplan.com/plans/13907,2026-08-11T01:43:06.687727+00:00
MVNO,SKT,모빙,37265,37265,official_code,[S] 5G 모빙 300분15GB,,moyo,True,,,5G,15.0,,15.0,False,,,,,,unsupported,False,300,,False,100,11000,11000,,,0,0,,,,,,400,https://www.moyoplan.com/plans/37265,2026-08-11T01:43:06.687727+00:00
MVNO,SKT,이야기모바일,29085,29085,official_code,함께이야기해S 무한 30GB,,moyo,True,,,LTE,30.0,,30.0,False,,,,,,unsupported,True,,,True,,29700,25400,모요 프로모션 할인,12,1,0,,,,,"네이버페이 5,000원",192,https://www.moyoplan.com/plans/29085,2026-08-11T01:43:06.687727+00:00
MVNO,KT,스마텔,25347,25347,official_code,스위트 15GB+(후후) (+10GB 24개월간 추가 제공),,moyo,True,,신규 가입을 받지 않는 통신사입니다. 사용 중인 번호 그대로 통신사만 이동할 분들만 가입이 가능해요.,LTE,15.0,,15.0,False,1Mbps,,15.0,,15.0,quota,True,,300,True,,30800,23100,모요 프로모션 할인,36,0,0,,,,,,22,https://www.moyoplan.com/plans/25347,2026-08-11T01:43:06.687727+00:00
MVNO,SKT,이야기모바일,16286,16286,official_code,이야기 스탠다드S 300분15GB+,,moyo,True,,,LTE,15.0,,15.0,False,3Mbps,,,,,unsupported,False,300,,False,300,36300,17600,모요 프로모션 할인,7,1,0,,,,,"네이버페이 5,000원",61,https://www.moyoplan.com/plans/16286,2026-08-11T01:43:06.687727+00:00
MVNO,LGU+,에이모바일,37216,37216,official_code,A 스페셜 11GB+ (24개월),,moyo,True,,,LTE,11.0,,11.0,False,3Mbps,2.0,,,,undisclosed,True,,,True,,36300,22440,모요 프로모션 할인,24,1,1,조선일보 종이신문 1개월 무료 구독 이벤트,,,,,1108,https://www.moyoplan.com/plans/37216,2026-08-11T01:43:06.687727+00:00
MVNO,SKT,이야기모바일,8405,8405,official_code,내맘대로S(200+6GB),,moyo,True,,,LTE,6.0,,6.0,False,,,,,,unsupported,False,200,,False,200,12100,200,모요 프로모션 할인,7,1,0,,,,,"네이버페이 5,000원",43,https://www.moyoplan.com/plans/8405,2026-08-11T01:43:06.687727+00:00
MVNO,KT,고고모바일,34224,34224,official_code,[모요only] 무제한 100GB+5M(올리브영 5000원),,moyo,True,,,LTE,100.0,,100.0,False,5Mbps,,,,,within_data,True,,300,True,,47300,23000,모요 프로모션 할인,7,4,0,,,,추가데이터 20GB 제공,"3대 마트 상품권, 네이버페이 2만원 | 올리브영 상품권 매월 5,000원 제공 | KT유심&배송비 무료",104,https://www.moyoplan.com/plans/34224,2026-08-11T01:43:06.687727+00:00
MVNO,LGU+,티플러스,23999,23999,official_code,티플 완전마음껏7G＋_평생요금,,moyo,True,,,LTE,7.0,,7.0,False,1Mbps,,,,,within_data,True,,,True,,14900,14900,,,0,0,,,,,,133,https://www.moyoplan.com/plans/23999,2026-08-11T01:43:06.687727+00:00
MVNO,SKT,이야기모바일,13979,13979,official_code,함께이야기해S(1000분+20GB),,moyo,True,,,LTE,20.0,,20.0,False,,,,,,unsupported,False,1000,,False,200,29700,23500,모요 프로모션 할인,12,1,0,,,,,"네이버페이 5,000원",10,https://www.moyoplan.com/plans/13979,2026-08-11T01:43:06.687727+00:00
MVNO,LGU+,U+유모바일,24723,24723,official_code,빽다방 100잔 5G 5GB,,moyo,True,,,5G,5.0,,5.0,False,,,,,,within_data,True,,50,True,,12400,12400,,,1,0,,,,,빽다방 100잔 (25개월간 매월 4잔),30,https://www.moyoplan.com/plans/24723,2026-08-11T01:43:06.687727+00:00
MVNO,LGU+,KG모바일,22900,22900,official_code,[일반] 실속 (10GB/100분),,moyo,True,,,LTE,10.0,,10.0,False,,,,,,unsupported,False,100,,False,100,17600,4100,모요 프로모션 할인,6,0,0,,,,,,26,https://www.moyoplan.com/plans/22900,2026-08-11T01:43:06.687727+00:00
MVNO,KT,스마텔,31744,31744,official_code,USIM 스위트 5G망(300분/10GB),,moyo,True,,신규 가입을 받지 않는 통신사입니다. 사용 중인 번호 그대로 통신사만 이동할 분들만 가입이 가능해요.,5G,10.0,,10.0,False,,,,,,unsupported,False,300,,False,100,18700,500,모요 프로모션 할인,6,0,0,,,,,,89,https://www.moyoplan.com/plans/31744,2026-08-11T01:43:06.687727+00:00
MVNO,LGU+,이야기모바일,20077,20077,official_code,[모요only] 내맘대로 (100분+1GB),,moyo,True,,,LTE,1.0,,1.0,False,,,,,,unsupported,False,100,,False,50,5390,5390,,,1,0,,,,,"네이버페이 5,000원",24,https://www.moyoplan.com/plans/20077,2026-08-11T01:43:06.687727+00:00
MVNO,LGU+,에이모바일,37220,37220,official_code,A 스페셜 11GB+,,moyo,True,,,LTE,11.0,,11.0,False,3Mbps,2.0,,,,undisclosed,True,,,True,,36300,7000,모요 프로모션 할인,7,2,1,조선일보 종이신문 1개월 무료 구독 이벤트,,,,네이버페이 2만원 지급 이벤트,26948,https://www.moyoplan.com/plans/37220,2026-08-11T01:43:06.687727+00:00
MVNO,KT,KT스카이라이프,26824,26824,official_code,모두 충분 10GB+(밀리의서재),,moyo,True,,,LTE,10.0,,10.0,False,1Mbps,,,,,within_data,True,,300,True,,19000,19000,,,3,1,밀리의서재,,,,"S-머니3만원(5천원X6개월) | 3대마트상품권, 네이버페이 2만원",115,https://www.moyoplan.com/plans/26824,2026-08-11T01:43:06.687727+00:00
MVNO,LGU+,KG모바일,29929,29929,official_code,[KG모바일 스페셜] 데이터 마음대로 (15GB+/300분),,moyo,True,,,LTE,15.0,,15.0,False,3Mbps,,,,,unsupported,False,300,,False,300,35200,14000,모요 프로모션 할인,7,2,0,,,,,"GS25 편의점 상품권 5,000원 | 일반 유심/배송비 무료",130,https://www.moyoplan.com/plans/29929,2026-08-11T01:43:06.687727+00:00
MVNO,LGU+,LG헬로모바일,10391,10391,official_code,5G 유심 통화 맘편히 6GB,,moyo,True,,,5G,6.0,,6.0,False,,,,,,undisclosed,True,,,True,,11950,6950,모요 프로모션 페이백/할인,7,4,2,구글 AI프로+도미노피자 할인쿠폰 | 토스미·오픽미 AI 모의고사,,,,네이버페이 매달 5천원 페이백(7개월) | 프레딧 쿠폰 2만원(5천원*4개월),76,https://www.moyoplan.com/plans/10391,2026-08-11T01:43:06.687727+00:00
MVNO,SKT,모빙,37267,37267,official_code,[S] 5G 모빙 500분15GB,,moyo,True,,,5G,15.0,,15.0,False,,,,,,unsupported,False,500,,False,100,12000,12000,,,0,0,,,,,,206,https://www.moyoplan.com/plans/37267,2026-08-11T01:43:06.687727+00:00
MVNO,LGU+,LG헬로모바일,6828,6828,official_code,DATA 걱정없는 유심 4.5GB,,moyo,True,,,LTE,4.5,,4.5,False,1Mbps,,,,,undisclosed,True,,,True,,14500,9500,모요 프로모션 페이백/할인,7,4,2,구글 AI프로+도미노피자 할인쿠폰 | 토스미·오픽미 AI 모의고사,,,,네이버페이 매달 5천원 페이백(7개월) | 프레딧 쿠폰 2만원(5천원*4개월),67,https://www.moyoplan.com/plans/6828,2026-08-11T01:43:06.687727+00:00
MVNO,LGU+,U+유모바일,26265,26265,official_code,[평생할인] 3GB+/100분,,moyo,True,,,LTE,3.0,,3.0,False,1Mbps,,,,,within_data,False,100,,False,100,9500,9500,,,0,0,,,,,,66,https://www.moyoplan.com/plans/26265,2026-08-11T01:43:06.687727+00:00
MVNO,KT,고고모바일,17463,17463,official_code,5G무제한 30GB+1Mbps,,moyo,True,,,5G,30.0,,30.0,False,1Mbps,,10.0,,10.0,quota,True,,300,True,,40040,40040,,,3,0,,,,추가데이터 10GB 제공,"3대 마트 상품권, 네이버페이 2만원 | KT유심&배송비 무료",43,https://www.moyoplan.com/plans/17463,2026-08-11T01:43:06.687727+00:00
MVNO,LGU+,티플러스,35863,35863,official_code,티플온 15G＋(100분),,moyo,True,,,LTE,15.0,,15.0,False,3Mbps,,,,,unsupported,False,100,,False,100,39600,8800,모요 프로모션 할인,7,0,0,,,,,,1247,https://www.moyoplan.com/plans/35863,2026-08-11T01:43:06.687727+00:00
MVNO,KT,이지모바일,30878,30878,official_code,EG 5G프리미엄 지니 200G+(지니뮤직),,moyo,True,,,5G,200.0,,200.0,False,10Mbps,,20.0,,20.0,quota,True,,300,True,,61600,40900,모요 프로모션 할인,12,2,1,지니뮤직,,,,일반유심/배송비 무료,169,https://www.moyoplan.com/plans/30878,2026-08-11T01:43:06.687727+00:00
MVNO,LGU+,에이모바일,37217,37217,official_code,A 스페셜 100GB+ (24개월),,moyo,True,,,LTE,100.0,,100.0,False,5Mbps,,,,,undisclosed,True,,,True,,47960,24640,모요 프로모션 할인,24,1,1,조선일보 종이신문 1개월 무료 구독 이벤트,,,,,1660,https://www.moyoplan.com/plans/37217,2026-08-11T01:43:06.687727+00:00
MVNO,LGU+,아이즈모바일,29004,29004,official_code,[L]아이즈11GB+일2GB,,moyo,True,,,LTE,11.0,,11.0,False,3Mbps,2.0,,,,undisclosed,True,,,True,,48400,7500,모요 프로모션 할인,7,0,0,,,,,,8134,https://www.moyoplan.com/plans/29004,2026-08-11T01:43:06.687727+00:00
MVNO,LGU+,인스모바일,11080,11080,official_code,실속 150분+1GB(USIM),,moyo,True,,,LTE,1.0,,1.0,False,,,,,,undisclosed,False,150,,False,50,8800,1100,모요 프로모션 할인,6,0,0,,,,,,78,https://www.moyoplan.com/plans/11080,2026-08-11T01:43:06.687727+00:00
MVNO,KT,KT스카이라이프,11793,11793,official_code,모두 충분 11GB+(요기요),,moyo,True,,,LTE,11.0,,11.0,False,3Mbps,2.0,,,,within_data,True,,300,True,,36300,36300,,,2,0,,,,,"S-머니6만원(1만원X6개월) | 3대마트상품권, 네이버페이 2만원",178,https://www.moyoplan.com/plans/11793,2026-08-11T01:43:06.687727+00:00
MVNO,KT,아이즈모바일,35425,35425,official_code,[K]롯시&밀리 11GB+일2GB,,moyo,True,,,LTE,11.0,,11.0,False,3Mbps,2.0,,,,undisclosed,True,,,True,,48400,8800,모요 프로모션 할인,7,3,1,밀리의서재,,,SOLO결합 데이터 20GB 지급,매월 롯데시네마 관람권 지급,2524,https://www.moyoplan.com/plans/35425,2026-08-11T01:43:06.687727+00:00
MVNO,KT,스마텔,25286,25286,official_code,스위트 11GB+,,moyo,True,,신규 가입을 받지 않는 통신사입니다. 사용 중인 번호 그대로 통신사만 이동할 분들만 가입이 가능해요.,LTE,11.0,,11.0,False,3Mbps,2.0,11.0,,11.0,quota,True,,300,True,,40700,35200,모요 프로모션 할인,36,0,0,,,,,,17,https://www.moyoplan.com/plans/25286,2026-08-11T01:43:06.687727+00:00
MVNO,LGU+,U+유모바일,26264,26264,official_code,[평생할인] 2.5GB+/200분,,moyo,True,,,LTE,2.5,,2.5,False,1Mbps,,,,,within_data,False,200,,False,100,9500,9500,,,0,0,,,,,,31,https://www.moyoplan.com/plans/26264,2026-08-11T01:43:06.687727+00:00
MVNO,LGU+,티플러스,31780,31780,official_code,The 완전마음껏10G+(카톡 이모티콘+예스24e북),,moyo,True,,,LTE,10.0,,10.0,False,1Mbps,,,,,unsupported,True,,,True,,27830,17500,모요 프로모션 할인,24,2,1,예스24 크레마클럽 구독권 (12개월),,,,카카오이모티콘 플러스 매월 무료 제공,23,https://www.moyoplan.com/plans/31780,2026-08-11T01:43:06.687727+00:00
MVNO,LGU+,아이즈모바일,36323,36323,official_code,[L]5G 데이터안심(100분/10GB+),,moyo,True,,,5G,10.0,,10.0,False,1Mbps,,,,,undisclosed,False,100,,False,100,19800,10,모요 프로모션 할인,7,0,0,,,,,,1274,https://www.moyoplan.com/plans/36323,2026-08-11T01:43:06.687727+00:00
MVNO,LGU+,티플러스,24021,24021,official_code,티플포유(6G/500분),,moyo,True,,,LTE,6.0,,6.0,False,,,,,,within_data,False,500,,False,100,12100,10,모요 프로모션 할인,9,0,0,,,,,,222,https://www.moyoplan.com/plans/24021,2026-08-11T01:43:06.687727+00:00
MVNO,KT,스마텔,25345,25345,official_code,스위트 11GB+(후후),,moyo,True,,신규 가입을 받지 않는 통신사입니다. 사용 중인 번호 그대로 통신사만 이동할 분들만 가입이 가능해요.,LTE,11.0,,11.0,False,3Mbps,2.0,11.0,,11.0,quota,True,,300,True,,40700,35200,모요 프로모션 할인,36,0,0,,,,,,10,https://www.moyoplan.com/plans/25345,2026-08-11T01:43:06.687727+00:00
MVNO,SKT,티플러스,29029,29029,official_code,티플 올리브영 7GB+(매월 5000P),,moyo,True,,,LTE,7.0,,7.0,False,1Mbps,,,,,unsupported,True,,,True,,28600,5900,모요 프로모션 할인,7,1,0,,,,,"올리브영 12개월간 매월 5,000원 상품권",411,https://www.moyoplan.com/plans/29029,2026-08-11T01:43:06.687727+00:00
MVNO,KT,스마텔,31920,31920,official_code,스위트 100GB+(올영 3000),,moyo,True,,신규 가입을 받지 않는 통신사입니다. 사용 중인 번호 그대로 통신사만 이동할 분들만 가입이 가능해요.,LTE,100.0,,100.0,False,5Mbps,,100.0,,100.0,quota,True,,300,True,,47630,24500,모요 프로모션 할인,7,0,0,,,,,,72,https://www.moyoplan.com/plans/31920,2026-08-11T01:43:06.687727+00:00
MVNO,LGU+,티플러스,33085,33085,official_code,The 완전마음껏10G＋(올리브영 매월 5000P),,moyo,True,,,LTE,10.0,,10.0,False,1Mbps,,,,,unsupported,True,,,True,,27830,17500,모요 프로모션 할인,24,1,0,,,,,"올리브영 12개월간 매월 5,000원 상품권",26,https://www.moyoplan.com/plans/33085,2026-08-11T01:43:06.687727+00:00
MVNO,KT,KT스카이라이프,16269,16269,official_code,5G 모두 충분 200GB+,,moyo,True,,,5G,200.0,,200.0,False,10Mbps,,,,,within_data,True,,300,True,,49200,49200,,,2,0,,,,,"S-머니6만원(1만원X6개월) | 3대마트상품권, 네이버페이 2만원",725,https://www.moyoplan.com/plans/16269,2026-08-11T01:43:06.687727+00:00
MVNO,LGU+,티플러스,31335,31335,official_code,The 완전마음껏10G+(컬쳐랜드 문화상품권 매월 5000P),,moyo,True,,,LTE,10.0,,10.0,False,1Mbps,,,,,unsupported,True,,,True,,27830,17500,모요 프로모션 할인,24,1,0,,,,,컬쳐랜드 모바일상품권 5천원 증정(12개월),39,https://www.moyoplan.com/plans/31335,2026-08-11T01:43:06.687727+00:00
MVNO,KT,더원모바일,33942,33942,official_code,TOP 10GB 기본 (CU할인),,moyo,True,,,LTE,10.0,,10.0,False,1Mbps,,,,,undisclosed,True,,,True,,28600,7700,모요 프로모션 할인,7,2,0,,,,솔로결합(+10GB),"3대 마트 상품권, 네이버페이 2만원",36,https://www.moyoplan.com/plans/33942,2026-08-11T01:43:06.687727+00:00
MVNO,LGU+,아이즈모바일,36985,36985,official_code,[L]5G 아이즈95GB+3Mbps,,moyo,True,,,5G,95.0,,95.0,False,3Mbps,,,,,undisclosed,True,,,True,,53900,8500,모요 프로모션 할인,7,0,0,,,,,,1371,https://www.moyoplan.com/plans/36985,2026-08-11T01:43:06.687727+00:00
MVNO,KT,KT스카이라이프,32514,32514,official_code,모두 충분 10GB+(Pay_5000),,moyo,True,,,LTE,10.0,,10.0,False,1Mbps,,,,,within_data,True,,300,True,,21200,21200,,,2,0,,,,,"S-머니3만원(5천원X6개월) | 3대마트상품권, 네이버페이 2만원",11,https://www.moyoplan.com/plans/32514,2026-08-11T01:43:06.687727+00:00
MVNO,KT,아이즈모바일,35446,35446,official_code,[K]울트라(100분/20GB),,moyo,True,,,LTE,20.0,,20.0,False,,,,,,undisclosed,False,100,,False,100,28600,10,모요 프로모션 할인,7,0,0,,,,,,1493,https://www.moyoplan.com/plans/35446,2026-08-11T01:43:06.687727+00:00
MVNO,LGU+,마블링,30833,30833,official_code,[모요only] 프라임,,moyo,True,,신규가입 시 본인확인 해피콜과 본인입증서류 제출을 요청 드릴 수 있습니다.,LTE,,,,False,5Mbps,5.0,,,,undisclosed,True,,,True,,43900,23000,모요 프로모션 할인,7,1,0,,,,,일반유심/배송비 무료,55,https://www.moyoplan.com/plans/30833,2026-08-11T01:43:06.687727+00:00
MVNO,LGU+,아이즈모바일,13852,13852,official_code,[L]그란데(100분/6GB),,moyo,True,,,LTE,6.0,,6.0,False,,,,,,undisclosed,False,100,,False,100,15100,10,모요 프로모션 할인,18,0,0,,,,,,311,https://www.moyoplan.com/plans/13852,2026-08-11T01:43:06.687727+00:00
MVNO,KT,에이모바일,37182,37182,official_code,A 스탠다드 25GB/300분,,moyo,True,,,LTE,25.0,,25.0,False,,,,,,undisclosed,False,300,,False,100,28490,100,모요 프로모션 할인,7,1,1,조선일보 종이신문 1개월 무료 구독 이벤트,,,,,6664,https://www.moyoplan.com/plans/37182,2026-08-11T01:43:06.687727+00:00
MVNO,SKT,티플러스,17268,17268,official_code,The 완전마음껏 100GB＋,,moyo,True,,,LTE,100.0,,100.0,False,5Mbps,,10.0,,10.0,quota,True,,300,True,,48400,23000,모요 프로모션 할인,7,0,0,,,,,,186,https://www.moyoplan.com/plans/17268,2026-08-11T01:43:06.687727+00:00
MVNO,LGU+,모나,35521,35521,official_code,교보sam_11G+일2G,,moyo,True,,,LTE,11.0,,11.0,False,3Mbps,2.0,,,,unsupported,True,,300,True,,41800,18480,모요 프로모션 할인,7,2,0,,,,,NFC 유심 무료 제공 | 4대 편의점 최대 10.1%적립,60,https://www.moyoplan.com/plans/35521,2026-08-11T01:43:06.687727+00:00
MVNO,LGU+,아이즈모바일,28116,28116,official_code,세이브머니유심(100분/5GB),,moyo,True,,,LTE,5.0,,5.0,False,,,,,,undisclosed,False,100,,False,50,660,660,,,0,0,,,,,,457,https://www.moyoplan.com/plans/28116,2026-08-11T01:43:06.687727+00:00
MNO,LGU+,,28703,28703,official_code,애플디바이스 너겟59,,moyo,True,,이미 LG U+ 요금제를 쓰고 있다면 이 요금제를 가입할 수 없어요,5G,,,,True,,,,,,undisclosed,True,,,True,,59000,59000,,,3,0,,VIP,,,네이버페이 24만원 (매월 2만원씩) | 에어팟4,3473,https://www.moyoplan.com/plans/28703,2026-08-11T01:43:06.687727+00:00
MVNO,KT,이야기모바일,26742,26742,official_code,이야기K 데이터 15GB+(N Pay 5000P),,moyo,True,,,LTE,15.0,,15.0,False,3Mbps,,,,,unsupported,False,300,,False,300,31500,18300,모요 프로모션 할인,7,3,0,,,,,"네이버페이, 3대 마트 상품권 2만원 | 네이버페이 5,000원 | 링키드 포인트 15,000P 지급",54,https://www.moyoplan.com/plans/26742,2026-08-11T01:43:06.687727+00:00
MVNO,LGU+,슈가모바일,36638,36638,official_code,Sugar 통화마음대로 4.5GB+,,moyo,True,,번호이동은(쓰던 번호 그대로 개통) 현재 통신사를 90일 이상 사용한 경우에만 가능해요.,LTE,4.5,,4.5,False,1Mbps,,,,,undisclosed,True,,,True,,7500,7500,,,1,0,,,,,개통완료 시 유심/배송비 무료 1개,787,https://www.moyoplan.com/plans/36638,2026-08-11T01:43:06.687727+00:00
MVNO,KT,이야기모바일,36172,36172,official_code,이야기 K 데이터 100GB+(다이소 5000P),,moyo,True,,,LTE,100.0,,100.0,False,5Mbps,,,,,unsupported,True,,,True,,49200,27200,모요 프로모션 할인,7,2,0,,,,,"네이버페이, 3대 마트 상품권 2만원 | 네이버페이 5,000원",23,https://www.moyoplan.com/plans/36172,2026-08-11T01:43:06.687727+00:00
MVNO,LGU+,LG헬로모바일,11203,11203,official_code,DATA 걱정없는 유심 5GB,,moyo,True,,,LTE,5.0,,5.0,False,1Mbps,,,,,undisclosed,True,,,True,,15400,10400,모요 프로모션 페이백/할인,7,4,2,구글 AI프로+도미노피자 할인쿠폰 | 토스미·오픽미 AI 모의고사,,,,네이버페이 매달 5천원 페이백(7개월) | 프레딧 쿠폰 2만원(5천원*4개월),41,https://www.moyoplan.com/plans/11203,2026-08-11T01:43:06.687727+00:00
MVNO,LGU+,에이모바일,37218,37218,official_code,A 스페셜,,moyo,True,,,LTE,,,,False,5Mbps,5.0,,,,undisclosed,True,,,True,,47960,24640,모요 프로모션 할인,24,1,1,조선일보 종이신문 1개월 무료 구독 이벤트,,,,,810,https://www.moyoplan.com/plans/37218,2026-08-11T01:43:06.687727+00:00
MVNO,KT,이야기모바일,16840,16840,official_code,이야기K 데이터 11GB+(멜론),,moyo,True,,,LTE,11.0,,11.0,False,3Mbps,2.0,,,,unsupported,True,,,True,,40590,22000,모요 프로모션 할인,7,2,0,,,,,"네이버페이, 3대 마트 상품권 2만원 | 네이버페이 5,000원",106,https://www.moyoplan.com/plans/16840,2026-08-11T01:43:06.687727+00:00
MVNO,KT,이야기모바일,36170,36170,official_code,이야기 K 데이터 100GB+(배달의 민족 5000P),,moyo,True,,,LTE,100.0,,100.0,False,5Mbps,,,,,unsupported,True,,,True,,49200,27200,모요 프로모션 할인,7,2,0,,,,,"네이버페이, 3대 마트 상품권 2만원 | 네이버페이 5,000원",19,https://www.moyoplan.com/plans/36170,2026-08-11T01:43:06.687727+00:00
MVNO,SKT,모빙,37250,37250,official_code,모빙 300분15GB,,moyo,True,,,LTE,15.0,,15.0,False,,,,,,unsupported,False,300,,False,300,28600,10,모요 프로모션 할인,7,0,0,,,,,,5902,https://www.moyoplan.com/plans/37250,2026-08-11T01:43:06.687727+00:00
MVNO,LGU+,에이모바일,37202,37202,official_code,A 스페셜 4.5GB+,,moyo,True,,,LTE,4.5,,4.5,False,1Mbps,,,,,undisclosed,True,,,True,,11000,10,모요 프로모션 할인,7,2,1,조선일보 종이신문 1개월 무료 구독 이벤트,,,,네이버페이 5천원 지급 이벤트,3878,https://www.moyoplan.com/plans/37202,2026-08-11T01:43:06.687727+00:00
MVNO,SKT,티플러스,27407,27407,official_code,티플 CGV 7GB＋,,moyo,True,,,LTE,7.0,,7.0,False,1Mbps,,,,,unsupported,True,,,True,,35200,5900,모요 프로모션 할인,7,2,0,,,,,CGV 2D영화 8천원 관람권 2매 | CGV 스몰세트 교환권,355,https://www.moyoplan.com/plans/27407,2026-08-11T01:43:06.687727+00:00
MVNO,SKT,티플러스,24009,24009,official_code,티플 위드유 7GB＋(G car),,moyo,True,,,LTE,7.0,,7.0,False,1Mbps,,,,,within_data,True,,,True,,25300,4900,모요 프로모션 할인,7,1,0,,,,,롯데렌터카 연간 패스 이용권,1052,https://www.moyoplan.com/plans/24009,2026-08-11T01:43:06.687727+00:00
MVNO,KT,더원모바일,33536,33536,official_code,TOP 5G 110GB 기본 (다이소),,moyo,True,,,5G,110.0,,110.0,False,5Mbps,,40.0,,40.0,quota,True,,300,True,,47300,32890,모요 프로모션 할인,12,3,0,,,,솔로결합(+20GB),"3대 마트 상품권, 네이버페이 2만원 | 다이소 매월 5,000원 제공",163,https://www.moyoplan.com/plans/33536,2026-08-11T01:43:06.687727+00:00
MVNO,LGU+,이지모바일,32018,32018,official_code,이지 무한 7G+1,,moyo,True,,,LTE,7.0,,7.0,False,1Mbps,,7.0,,7.0,quota,True,,300,True,,20900,9500,모요 프로모션 할인,7,1,0,,,,,일반유심/배송비 무료,78,https://www.moyoplan.com/plans/32018,2026-08-11T01:43:06.687727+00:00
MVNO,SKT,티플러스,35887,35887,official_code,티플 15G＋(300분)(CU멤버십＋매월 5000P),,moyo,True,,,LTE,15.0,,15.0,False,3Mbps,,,,,unsupported,False,300,,False,300,41800,15900,모요 프로모션 할인,7,3,0,,,,,"CU 5,000P 모바일상품권 12개월 제공 | CU편의점 20% 할인 12개월 제공 | 12개월간 CU 카테고리 20% 할인권 제공",83,https://www.moyoplan.com/plans/35887,2026-08-11T01:43:06.687727+00:00
MVNO,LGU+,핀다이렉트,31398,31398,official_code,[L] 핀다이렉트Z 일5GB+,,moyo,True,,신규 가입을 받지 않는 통신사입니다. 사용 중인 번호 그대로 통신사만 이동할 분들만 가입이 가능해요.,LTE,,,,False,5Mbps,5.0,,,,unsupported,True,,,True,,44000,20000,모요 프로모션 할인,7,1,0,,,,,데이터 로밍 3일 무료 쿠폰,151,https://www.moyoplan.com/plans/31398,2026-08-11T01:43:06.687727+00:00
MVNO,LGU+,모빙,37391,37391,official_code,[L] 5G 데이터 150GB+_2y_plus,,moyo,True,,,5G,150.0,,150.0,False,5Mbps,,,,,unsupported,True,,,True,,60500,23900,모요 프로모션 할인,24,0,0,,,,,,33,https://www.moyoplan.com/plans/37391,2026-08-11T01:43:06.687727+00:00
MVNO,KT,아이즈모바일,31937,31937,official_code,[K]울트라(500분/20GB),,moyo,True,,,LTE,20.0,,20.0,False,,,,,,undisclosed,False,500,,False,300,6900,6900,,,0,0,,,,,,1816,https://www.moyoplan.com/plans/31937,2026-08-11T01:43:06.687727+00:00
MVNO,KT,이지모바일,32415,32415,official_code,EG 무제한 11G+3(매월 NPAY5000P),,moyo,True,,,LTE,11.0,,11.0,False,3Mbps,2.0,11.0,,11.0,quota,True,,300,True,,41250,21000,모요 프로모션 할인,7,2,0,,,,,"네이버페이 매달 5,000P | 일반유심/배송비 무료",55,https://www.moyoplan.com/plans/32415,2026-08-11T01:43:06.687727+00:00
MVNO,LGU+,이야기모바일,8166,8166,official_code,내맘대로 차단형 (50분+500MB),,moyo,True,,,LTE,0.488,,0.488,False,,,,,,unsupported,False,50,,False,50,4950,4950,,,1,0,,,,,"네이버페이 5,000원",12,https://www.moyoplan.com/plans/8166,2026-08-11T01:43:06.687727+00:00
MVNO,LGU+,모빙,37356,37356,official_code,실속 500분10GB,,moyo,True,,,LTE,10.0,,10.0,False,,,,,,unsupported,False,500,,False,100,22000,500,모요 프로모션 할인,12,0,0,,,,,,149,https://www.moyoplan.com/plans/37356,2026-08-11T01:43:06.687727+00:00
MVNO,KT,KT스카이라이프,18596,18596,official_code,5G 모두 충분 70GB+(밀리의서재),,moyo,True,,,5G,70.0,,70.0,False,1Mbps,,,,,within_data,True,,300,True,,39100,39100,,,3,1,밀리의서재,,,,"S-머니6만원(1만원X6개월) | 3대마트상품권, 네이버페이 2만원",104,https://www.moyoplan.com/plans/18596,2026-08-11T01:43:06.687727+00:00
MVNO,SKT,이야기모바일,13981,13981,official_code,함께이야기해S(300분+30GB),,moyo,True,,,LTE,30.0,,30.0,False,,,,,,unsupported,False,300,,False,300,33000,24200,모요 프로모션 할인,12,1,0,,,,,"네이버페이 5,000원",16,https://www.moyoplan.com/plans/13981,2026-08-11T01:43:06.687727+00:00
MVNO,KT,이야기모바일,16846,16846,official_code,이야기K 안심 데이터 100G+(왓차_프리미엄),,moyo,True,,,LTE,100.0,,100.0,False,5Mbps,,,,,unsupported,True,,,True,,49500,27500,모요 프로모션 할인,7,2,0,,,,,"네이버페이, 3대 마트 상품권 2만원 | 네이버페이 5,000원",41,https://www.moyoplan.com/plans/16846,2026-08-11T01:43:06.687727+00:00
MVNO,KT,고고모바일,24194,24194,official_code,5G200분/10GB,,moyo,True,,,5G,10.0,,10.0,False,,,,,,within_data,False,200,,False,100,16170,16170,,,2,0,,,,,"3대 마트 상품권, 네이버페이 2만원 | KT유심&배송비 무료",36,https://www.moyoplan.com/plans/24194,2026-08-11T01:43:06.687727+00:00
MVNO,LGU+,인스모바일,11317,11317,official_code,[평생할인]인스 유심 스트롱 11GB+,,moyo,True,,,LTE,11.0,,11.0,False,3Mbps,2.0,11.0,,11.0,quota,True,,300,True,,30200,30200,,,0,0,,,,,,130,https://www.moyoplan.com/plans/11317,2026-08-11T01:43:06.687727+00:00
MVNO,LGU+,찬스모바일,26896,26896,official_code,모두무제한 15GB+,,moyo,True,,,LTE,15.0,,15.0,False,1Mbps,,15.0,,15.0,quota,True,,300,True,,37400,13400,모요 프로모션 할인,7,1,0,,,,,유심/배송비 무료,57,https://www.moyoplan.com/plans/26896,2026-08-11T01:43:06.687727+00:00
MVNO,KT,아이즈모바일,35448,35448,official_code,[K]울트라(500분/15GB),,moyo,True,,,LTE,15.0,,15.0,False,,,,,,undisclosed,False,500,,False,300,27500,10,모요 프로모션 할인,7,0,0,,,,,,1489,https://www.moyoplan.com/plans/35448,2026-08-11T01:43:06.687727+00:00
MVNO,KT,고고모바일,24186,24186,official_code,LTE무제한 15GB+1M(CU20%할인),,moyo,True,,,LTE,15.0,,15.0,False,1Mbps,,,,,within_data,True,,300,True,,24310,24310,,,5,0,,,,추가데이터 10GB 제공 | 데이터 매월 10GB 추가 증정 (24개월간),"3대 마트 상품권, 네이버페이 2만원 | CU 20% 오프라인 결제할인 | KT유심&배송비 무료",18,https://www.moyoplan.com/plans/24186,2026-08-11T01:43:06.687727+00:00
MVNO,LGU+,아이즈모바일,19643,19643,official_code,[L]무한11GB+,,moyo,True,,,LTE,11.0,,11.0,False,3Mbps,2.0,,,,undisclosed,True,,,True,,25500,25500,,,0,0,,,,,,4948,https://www.moyoplan.com/plans/19643,2026-08-11T01:43:06.687727+00:00
MVNO,KT,이지모바일,30894,30894,official_code,EG CU 무제한 15G+1(CU할인),,moyo,True,,,LTE,15.0,,15.0,False,1Mbps,,15.0,,15.0,quota,True,,300,True,,25850,17000,모요 프로모션 할인,7,2,0,,,,데이터 10GB 추가 증정,일반유심/배송비 무료,50,https://www.moyoplan.com/plans/30894,2026-08-11T01:43:06.687727+00:00
MVNO,LGU+,스마텔,25323,25323,official_code,USIM스마트 심플(100분+2.5GB),,moyo,True,,신규 가입을 받지 않는 통신사입니다. 사용 중인 번호 그대로 통신사만 이동할 분들만 가입이 가능해요.,LTE,2.5,,2.5,False,,,2.5,,2.5,quota,False,100,,False,100,7500,2800,모요 프로모션 할인,12,0,0,,,,,,12,https://www.moyoplan.com/plans/25323,2026-08-11T01:43:06.687727+00:00
MVNO,KT,에이모바일,37183,37183,official_code,A 스탠다드 10GB/200분,,moyo,True,,,LTE,10.0,,10.0,False,,,,,,undisclosed,False,200,,False,100,17600,10,모요 프로모션 할인,12,2,1,조선일보 종이신문 1개월 무료 구독 이벤트,,,,네이버페이 5천원 지급 이벤트,5290,https://www.moyoplan.com/plans/37183,2026-08-11T01:43:06.687727+00:00
MVNO,KT,티플러스,23574,23574,official_code,KT 15GB+(300분) (CU 매월 20%+올리브영 매월 5천원 상품권!),,moyo,True,,,LTE,15.0,,15.0,False,3Mbps,,,,,unsupported,False,300,,False,300,39600,16900,모요 프로모션 할인,7,4,0,,,,,"마트 상품권/네이버페이 1만원 증정 | CU 오프라인 점포 결제시 20% 할인 제공 | 올리브영 12개월간 매월 5,000원 상품권",76,https://www.moyoplan.com/plans/23574,2026-08-11T01:43:06.687727+00:00
MVNO,SKT,모빙,37275,37275,official_code,[S] 5G 모빙 500분20GB,,moyo,True,,,5G,20.0,,20.0,False,,,,,,unsupported,False,500,,False,100,16000,16000,,,0,0,,,,,,178,https://www.moyoplan.com/plans/37275,2026-08-11T01:43:06.687727+00:00
MVNO,KT,더원모바일,35823,35823,official_code,TOP 5G 200GB 기본 (올리브영),,moyo,True,,,5G,200.0,,200.0,False,10Mbps,,50.0,,50.0,quota,True,,300,True,,55000,38060,모요 프로모션 할인,12,3,0,,,,솔로결합(+20GB),"3대 마트 상품권, 네이버페이 2만원 | 올리브영 매월 5,000원 제공",448,https://www.moyoplan.com/plans/35823,2026-08-11T01:43:06.687727+00:00
MVNO,LGU+,아이즈모바일,34718,34718,official_code,[L]5G 데이터95GB+3Mbps,,moyo,True,,,5G,95.0,,95.0,False,3Mbps,,,,,undisclosed,True,,,True,,56100,22300,모요 프로모션 할인,24,0,0,,,,,,1418,https://www.moyoplan.com/plans/34718,2026-08-11T01:43:06.687727+00:00
MVNO,KT,스마텔,25308,25308,official_code,스위트 100GB+,,moyo,True,,신규 가입을 받지 않는 통신사입니다. 사용 중인 번호 그대로 통신사만 이동할 분들만 가입이 가능해요.,LTE,100.0,,100.0,False,5Mbps,,100.0,,100.0,quota,True,,300,True,,46200,41800,모요 프로모션 할인,36,0,0,,,,,,59,https://www.moyoplan.com/plans/25308,2026-08-11T01:43:06.687727+00:00
MVNO,KT,더원모바일,35824,35824,official_code,TOP 5G 200GB 기본 (다이소),,moyo,True,,,5G,200.0,,200.0,False,10Mbps,,50.0,,50.0,quota,True,,300,True,,55000,38060,모요 프로모션 할인,12,3,0,,,,솔로결합(+20GB),"3대 마트 상품권, 네이버페이 2만원 | 다이소 매월 5,000원 제공",391,https://www.moyoplan.com/plans/35824,2026-08-11T01:43:06.687727+00:00
MVNO,SKT,이야기모바일,29949,29949,official_code,이야기 라이트S 100분 15GB+,,moyo,True,,,LTE,15.0,,15.0,False,1Mbps,,,,,unsupported,False,100,,False,100,26400,26400,,,1,0,,,,,"네이버페이 5,000원",24,https://www.moyoplan.com/plans/29949,2026-08-11T01:43:06.687727+00:00
MVNO,LGU+,아이즈모바일,36321,36321,official_code,[L]5G 데이터안심(기본제공/4.5GB+),,moyo,True,,,5G,4.5,,4.5,False,1Mbps,,,,,undisclosed,True,,,True,,17600,10,모요 프로모션 할인,7,0,0,,,,,,2382,https://www.moyoplan.com/plans/36321,2026-08-11T01:43:06.687727+00:00
MVNO,LGU+,LG헬로모바일,11199,11199,official_code,슬림 안심 유심 2.5GB 250분,,moyo,True,,,LTE,2.5,,2.5,False,1Mbps,,,,,undisclosed,False,250,,False,250,13200,8200,모요 프로모션 페이백/할인,7,4,2,구글 AI프로+도미노피자 할인쿠폰 | 토스미·오픽미 AI 모의고사,,,,네이버페이 매달 5천원 페이백(7개월) | 프레딧 쿠폰 2만원(5천원*4개월),10,https://www.moyoplan.com/plans/11199,2026-08-11T01:43:06.687727+00:00
MVNO,LGU+,슈가모바일,23539,23539,official_code,Sugar 7GB+1M,,moyo,True,,번호이동은(쓰던 번호 그대로 개통) 현재 통신사를 90일 이상 사용한 경우에만 가능해요.,LTE,7.0,,7.0,False,1Mbps,,,,,undisclosed,True,,,True,,21980,8800,모요 프로모션 할인,7,1,0,,,,,개통완료 시 유심/배송비 무료 1개,108,https://www.moyoplan.com/plans/23539,2026-08-11T01:43:06.687727+00:00
MVNO,KT,이야기모바일,16842,16842,official_code,이야기K 데이터 11GB+(지니뮤직),,moyo,True,,,LTE,11.0,,11.0,False,3Mbps,2.0,,,,unsupported,True,,,True,,40590,22000,모요 프로모션 할인,7,2,0,,,,,"네이버페이, 3대 마트 상품권 2만원 | 네이버페이 5,000원",63,https://www.moyoplan.com/plans/16842,2026-08-11T01:43:06.687727+00:00
MVNO,SKT,에이모바일,37238,37238,official_code,A 스마트 20GB/100분,,moyo,True,,,LTE,20.0,,20.0,False,,,,,,undisclosed,False,100,,False,100,23100,10,모요 프로모션 할인,7,2,1,조선일보 종이신문 1개월 무료 구독 이벤트,,,,네이버페이 5천원 지급 이벤트,6500,https://www.moyoplan.com/plans/37238,2026-08-11T01:43:06.687727+00:00
MVNO,LGU+,이야기모바일,20571,20571,official_code,이야기 9GB 350분,,moyo,True,,,LTE,9.0,,9.0,False,,,,,,unsupported,False,350,,False,100,14300,5500,모요 프로모션 할인,6,1,0,,,,,"네이버페이 5,000원",10,https://www.moyoplan.com/plans/20571,2026-08-11T01:43:06.687727+00:00
MVNO,KT,고고모바일,24205,24205,official_code,LTE무제한 100GB+5M(CU20%할인),,moyo,True,,,LTE,100.0,,100.0,False,5Mbps,,,,,within_data,True,,300,True,,42020,42020,,,4,0,,,,추가데이터 20GB 제공,"3대 마트 상품권, 네이버페이 2만원 | CU 20% 오프라인 결제할인 | KT유심&배송비 무료",160,https://www.moyoplan.com/plans/24205,2026-08-11T01:43:06.687727+00:00
MVNO,SKT,모빙,37272,37272,official_code,[S] 5G 모빙 300분20GB,,moyo,True,,,5G,20.0,,20.0,False,,,,,,unsupported,False,300,,False,100,15000,15000,,,0,0,,,,,,360,https://www.moyoplan.com/plans/37272,2026-08-11T01:43:06.687727+00:00
MVNO,SKT,에이모바일,37231,37231,official_code,A 스마트 10GB,,moyo,True,,,LTE,10.0,,10.0,False,,,,,,undisclosed,True,,,True,,14300,10,모요 프로모션 할인,7,2,1,조선일보 종이신문 1개월 무료 구독 이벤트,,,,네이버페이 5천원 지급 이벤트,17700,https://www.moyoplan.com/plans/37231,2026-08-11T01:43:06.687727+00:00
MVNO,KT,에이모바일,37176,37176,official_code,A 스탠다드 20GB/300분,,moyo,True,,,LTE,20.0,,20.0,False,,,,,,undisclosed,False,300,,False,100,24970,10,모요 프로모션 할인,7,2,1,조선일보 종이신문 1개월 무료 구독 이벤트,,,,네이버페이 5천원 지급 이벤트,10904,https://www.moyoplan.com/plans/37176,2026-08-11T01:43:06.687727+00:00
MVNO,SKT,이야기모바일,12282,12282,official_code,내맘대로S(200+2GB),,moyo,True,,,LTE,2.0,,2.0,False,,,,,,unsupported,False,200,,False,50,4100,3300,모요 프로모션 할인,24,1,0,,,,,"네이버페이 5,000원",51,https://www.moyoplan.com/plans/12282,2026-08-11T01:43:06.687727+00:00
MVNO,LGU+,모빙,37353,37353,official_code,[L] 5G 300분15GB,,moyo,True,,,5G,15.0,,15.0,False,,,,,,unsupported,False,300,,False,300,24200,10,모요 프로모션 할인,6,0,0,,,,,,2760,https://www.moyoplan.com/plans/37353,2026-08-11T01:43:06.687727+00:00
MVNO,KT,이지모바일,30897,30897,official_code,EG CU 데이터 15G+3/100분(CU할인),,moyo,True,,,LTE,15.0,,15.0,False,3Mbps,,15.0,,15.0,quota,False,100,,False,100,29700,18000,모요 프로모션 할인,7,1,0,,,,,일반유심/배송비 무료,37,https://www.moyoplan.com/plans/30897,2026-08-11T01:43:06.687727+00:00
MVNO,LGU+,시월모바일,31354,31354,official_code,쿠폰팩 통화기본100GB+,,moyo,True,,,LTE,100.0,,100.0,False,5Mbps,,11.0,,11.0,quota,True,,300,True,,48410,23000,모요 프로모션 할인,7,2,0,,,,,24개월간 월 5000원씩(네이버페이 가능) | 유심/배송비 무료!,79,https://www.moyoplan.com/plans/31354,2026-08-11T01:43:06.687727+00:00
MVNO,LGU+,모빙,37392,37392,official_code,[L] 5G 데이터 95GB+_2y_plus,,moyo,True,,,5G,95.0,,95.0,False,3Mbps,,,,,unsupported,True,,,True,,55300,24000,모요 프로모션 할인,24,0,0,,,,,,62,https://www.moyoplan.com/plans/37392,2026-08-11T01:43:06.687727+00:00
MVNO,SKT,스마텔,25316,25316,official_code,스마일 15GB+,,moyo,True,,,LTE,15.0,,15.0,False,3Mbps,,15.0,,15.0,quota,False,100,,False,100,33000,15000,모요 프로모션 할인,7,0,0,,,,,,128,https://www.moyoplan.com/plans/25316,2026-08-11T01:43:06.687727+00:00
MVNO,LGU+,티플러스,23772,23772,official_code,티플 10GB(10GB/100분),,moyo,True,,,LTE,10.0,,10.0,False,,,,,,within_data,False,100,,False,100,7990,7990,,,0,0,,,,,,184,https://www.moyoplan.com/plans/23772,2026-08-11T01:43:06.687727+00:00
MVNO,LGU+,모빙,37378,37378,official_code,[L] 데이터 11GB+,,moyo,True,,,LTE,11.0,,11.0,False,3Mbps,2.0,,,,unsupported,True,,,True,,48400,12000,모요 프로모션 할인,7,0,0,,,,,,246,https://www.moyoplan.com/plans/37378,2026-08-11T01:43:06.687727+00:00
MVNO,LGU+,아이즈모바일,36221,36221,official_code,[L]100GB+5Mbps,,moyo,True,,,LTE,100.0,,100.0,False,5Mbps,,11.0,,11.0,quota,True,,300,True,,61600,12500,모요 프로모션 할인,7,0,0,,,,,,6404,https://www.moyoplan.com/plans/36221,2026-08-11T01:43:06.687727+00:00
MVNO,SKT,스마텔,29025,29025,official_code,5G 음성무제한 5GB,,moyo,True,,,5G,5.0,,5.0,False,,,,,,unsupported,True,,30,False,200,5800,5800,,,0,0,,,,,,349,https://www.moyoplan.com/plans/29025,2026-08-11T01:43:06.687727+00:00
MVNO,LGU+,스마텔,37114,37114,official_code,5G 스마트 95GB+,,moyo,True,,신규 가입을 받지 않는 통신사입니다. 사용 중인 번호 그대로 통신사만 이동할 분들만 가입이 가능해요.,5G,95.0,,95.0,False,3Mbps,,5.0,,5.0,quota,True,,,True,,49500,22000,모요 프로모션 할인,7,0,0,,,,,,10,https://www.moyoplan.com/plans/37114,2026-08-11T01:43:06.687727+00:00
MVNO,KT,스마텔,25350,25350,official_code,CU 스위트 무제한 11GB+,,moyo,True,,신규 가입을 받지 않는 통신사입니다. 사용 중인 번호 그대로 통신사만 이동할 분들만 가입이 가능해요.,LTE,11.0,,11.0,False,3Mbps,2.0,11.0,,11.0,quota,True,,300,True,,40700,21000,모요 프로모션 할인,7,0,0,,,,,,24,https://www.moyoplan.com/plans/25350,2026-08-11T01:43:06.687727+00:00
MVNO,LGU+,슈가모바일,33024,33024,official_code,Sugar 실속(500분/5GB),,moyo,True,,번호이동은(쓰던 번호 그대로 개통) 현재 통신사를 90일 이상 사용한 경우에만 가능해요.,LTE,5.0,,5.0,False,,,,,,undisclosed,False,500,,False,100,4000,4000,,,1,0,,,,,개통완료 시 유심/배송비 무료 1개,84,https://www.moyoplan.com/plans/33024,2026-08-11T01:43:06.687727+00:00
MVNO,KT,스마텔,25242,25242,official_code,스위트 15GB+,,moyo,True,,신규 가입을 받지 않는 통신사입니다. 사용 중인 번호 그대로 통신사만 이동할 분들만 가입이 가능해요.,LTE,15.0,,15.0,False,3Mbps,,15.0,,15.0,quota,False,100,,False,100,33000,27500,모요 프로모션 할인,36,0,0,,,,,,14,https://www.moyoplan.com/plans/25242,2026-08-11T01:43:06.687727+00:00
MVNO,LGU+,KG모바일,20306,20306,official_code,"[일반] 통화, 데이터 마음대로 10GB+",,moyo,True,,,LTE,10.0,,10.0,False,1Mbps,,,,,unsupported,True,,300,True,,26400,16500,모요 프로모션 할인,12,0,0,,,,,,10,https://www.moyoplan.com/plans/20306,2026-08-11T01:43:06.687727+00:00
MVNO,LGU+,이야기모바일,8165,8165,official_code,내맘대로 차단형 (0분+500MB),,moyo,True,,,LTE,0.488,,0.488,False,,,,,,unsupported,False,0,,False,0,3300,3300,,,1,0,,,,,"네이버페이 5,000원",60,https://www.moyoplan.com/plans/8165,2026-08-11T01:43:06.687727+00:00
MVNO,LGU+,스마텔,25261,25261,official_code,5G스마트플러스(100분 + 3GB),,moyo,True,,신규 가입을 받지 않는 통신사입니다. 사용 중인 번호 그대로 통신사만 이동할 분들만 가입이 가능해요.,5G,3.0,,3.0,False,,,3.0,,3.0,quota,False,100,,False,100,9000,3000,모요 프로모션 할인,12,0,0,,,,,,19,https://www.moyoplan.com/plans/25261,2026-08-11T01:43:06.687727+00:00
MVNO,SKT,모빙,37252,37252,official_code,[S] 데이터 7GB,,moyo,True,,,LTE,7.0,,7.0,False,,,,,,unsupported,True,,,False,200,22000,10,모요 프로모션 할인,7,0,0,,,,,,1573,https://www.moyoplan.com/plans/37252,2026-08-11T01:43:06.687727+00:00
MVNO,LGU+,모빙,37393,37393,official_code,홈결합 스페셜A,,moyo,True,,,LTE,11.0,,11.0,False,3Mbps,2.0,,,,unsupported,True,,,True,,46000,24900,모요 프로모션 할인,12,0,0,,,,,,33,https://www.moyoplan.com/plans/37393,2026-08-11T01:43:06.687727+00:00
MVNO,KT,고고모바일,20015,20015,official_code,무제한15GB+1M(밀리의서재 매월 무료),,moyo,True,,,LTE,15.0,,15.0,False,1Mbps,,,,,within_data,True,,300,True,,23870,23870,,,5,1,밀리의서재,,,추가데이터 10GB 제공 | 데이터 매월 10GB 추가 증정 (24개월간),"3대 마트 상품권, 네이버페이 2만원 | KT유심&배송비 무료",56,https://www.moyoplan.com/plans/20015,2026-08-11T01:43:06.687727+00:00
MVNO,KT,더원모바일,33941,33941,official_code,TOP 10GB 기본 (밀리의서재),,moyo,True,,,LTE,10.0,,10.0,False,1Mbps,,,,,undisclosed,True,,,True,,27500,7700,모요 프로모션 할인,7,2,1,밀리의서재,,,솔로결합(+10GB),,62,https://www.moyoplan.com/plans/33941,2026-08-11T01:43:06.687727+00:00
MVNO,KT,티플러스,24434,24434,official_code,KT 15GB+ (밀리의서재+올리브영 매월 5천원 상품권!),,moyo,True,,,LTE,15.0,,15.0,False,1Mbps,,,,,unsupported,True,,,True,,30800,14900,모요 프로모션 할인,7,7,1,밀리의서재,,,개통시 매월 10GB 데이터 추가 지급,"3대마트 상품권/네이버페이 1만원 증정 | 마트 상품권/네이버페이 1만원 증정 | 올리브영 12개월간 매월 5,000원 상품권",209,https://www.moyoplan.com/plans/24434,2026-08-11T01:43:06.687727+00:00
MVNO,LGU+,스마텔,30992,30992,official_code,우주LTE데이터(11GB+),,moyo,True,,신규 가입을 받지 않는 통신사입니다. 사용 중인 번호 그대로 통신사만 이동할 분들만 가입이 가능해요.,LTE,11.0,,11.0,False,3Mbps,2.0,11.0,,11.0,quota,True,,300,True,,35000,35000,,,0,0,,,,,,27,https://www.moyoplan.com/plans/30992,2026-08-11T01:43:06.687727+00:00
MVNO,KT,KT엠모바일,36973,36973,official_code,5G 모두다 맘껏 90GB+(밀리의 서재 FREE),,moyo,True,,,5G,90.0,,90.0,False,1Mbps,,,,,undisclosed,True,,,True,,40300,40300,,,2,1,밀리의서재,,,,M마켓 포인트 16만원 (2만 X 8개월),208,https://www.moyoplan.com/plans/36973,2026-08-11T01:43:06.687727+00:00
MVNO,LGU+,아이즈모바일,27375,27375,official_code,세이브머니유심(태블릿/스마트기기 20GB),,moyo,True,,,LTE,20.0,,20.0,False,,,,,,undisclosed,False,0,,False,0,12100,12100,,,0,0,,,,,,181,https://www.moyoplan.com/plans/27375,2026-08-11T01:43:06.687727+00:00
MVNO,LGU+,슈가모바일,26213,26213,official_code,Sugar 10GB+1Mbps,,moyo,True,,번호이동은(쓰던 번호 그대로 개통) 현재 통신사를 90일 이상 사용한 경우에만 가능해요.,LTE,10.0,,10.0,False,1Mbps,,,,,undisclosed,True,,,True,,23970,11900,모요 프로모션 할인,7,1,0,,,,,개통완료 시 유심/배송비 무료 1개,18,https://www.moyoplan.com/plans/26213,2026-08-11T01:43:06.687727+00:00
MVNO,KT,고고모바일,30941,30941,official_code,무제한 15GB+1M(다이소 매월 5000원),,moyo,True,,,LTE,15.0,,15.0,False,1Mbps,,,,,within_data,True,,300,True,,25960,25960,,,5,0,,,,추가데이터 10GB 제공 | 데이터 매월 10GB 추가 증정 (24개월간),"3대 마트 상품권, 네이버페이 2만원 | 다이소상품권 매월 5,000원 제공 | KT유심&배송비 무료",13,https://www.moyoplan.com/plans/30941,2026-08-11T01:43:06.687727+00:00
MVNO,SKT,아이즈모바일,35468,35468,official_code,[S]이디야 블루 11GB+,,moyo,True,,,LTE,11.0,,11.0,False,3Mbps,2.0,,,,undisclosed,True,,,True,,48400,9900,모요 프로모션 할인,7,2,0,,,,SOLO결합 데이터 20GB 지급,"매월 이디야 9,000원 모바일 카드 지급",162,https://www.moyoplan.com/plans/35468,2026-08-11T01:43:06.687727+00:00
MVNO,SKT,스마텔,29019,29019,official_code,LTE 음성무제한 25GB,,moyo,True,,,LTE,25.0,,25.0,False,,,25.0,,25.0,quota,True,,30,False,200,29700,12600,모요 프로모션 할인,7,0,0,,,,,,74,https://www.moyoplan.com/plans/29019,2026-08-11T01:43:06.687727+00:00
MVNO,SKT,티플러스,33904,33904,official_code,5G 통화안심 15GB,,moyo,True,,,5G,15.0,,15.0,False,,,,,,unsupported,True,,,False,100,24200,10900,모요 프로모션 할인,4,0,0,,,,,,162,https://www.moyoplan.com/plans/33904,2026-08-11T01:43:06.687727+00:00
MVNO,SKT,스마텔,25302,25302,official_code,후후 스마일 15GB+,,moyo,True,,,LTE,15.0,,15.0,False,3Mbps,,15.0,,15.0,quota,False,100,,False,100,33330,15330,모요 프로모션 할인,7,0,0,,,,,,50,https://www.moyoplan.com/plans/25302,2026-08-11T01:43:06.687727+00:00
MVNO,LGU+,스마텔,25322,25322,official_code,USIM스마트 심플(100분+3.5GB),,moyo,True,,신규 가입을 받지 않는 통신사입니다. 사용 중인 번호 그대로 통신사만 이동할 분들만 가입이 가능해요.,LTE,3.5,,3.5,False,,,3.5,,3.5,quota,False,100,,False,100,10500,3300,모요 프로모션 할인,12,0,0,,,,,,10,https://www.moyoplan.com/plans/25322,2026-08-11T01:43:06.687727+00:00
MVNO,LGU+,스마텔,25262,25262,official_code,5G 스마트플러스 (200분+3GB),,moyo,True,,신규 가입을 받지 않는 통신사입니다. 사용 중인 번호 그대로 통신사만 이동할 분들만 가입이 가능해요.,5G,3.0,,3.0,False,,,3.0,,3.0,quota,False,200,,False,100,11000,3300,모요 프로모션 할인,12,0,0,,,,,,10,https://www.moyoplan.com/plans/25262,2026-08-11T01:43:06.687727+00:00
MVNO,LGU+,시월모바일,31478,31478,official_code,쿠폰팩 통화기본매일5GB+,,moyo,True,,,LTE,,,,False,5Mbps,5.0,,,,undisclosed,True,,,True,,48410,23000,모요 프로모션 할인,7,2,0,,,,,24개월간 월 5000원씩(네이버페이 가능) | 유심/배송비 무료!,47,https://www.moyoplan.com/plans/31478,2026-08-11T01:43:06.687727+00:00
MVNO,LGU+,스마텔,25297,25297,official_code,USIM 스마트 4.5GB+,,moyo,True,,신규 가입을 받지 않는 통신사입니다. 사용 중인 번호 그대로 통신사만 이동할 분들만 가입이 가능해요.,LTE,4.5,,4.5,False,1Mbps,,,,,unsupported,True,,300,True,,16500,5500,모요 프로모션 할인,12,0,0,,,,,,772,https://www.moyoplan.com/plans/25297,2026-08-11T01:43:06.687727+00:00
MVNO,KT,KT스카이라이프,6065,6065,official_code,모두 충분 2.5GB+,,moyo,True,,,LTE,2.5,,2.5,False,400Kbps,,,,,within_data,True,,0,True,,11800,11800,,,2,0,,,,,"S-머니3만원(5천원X6개월) | 3대마트상품권, 네이버페이 2만원",57,https://www.moyoplan.com/plans/6065,2026-08-11T01:43:06.687727+00:00
MVNO,KT,고고모바일,34223,34223,official_code,[모요only] 무제한 100GB+5M(다이소 5000원),,moyo,True,,,LTE,100.0,,100.0,False,5Mbps,,,,,within_data,True,,300,True,,47300,23000,모요 프로모션 할인,7,4,0,,,,추가데이터 20GB 제공,"3대 마트 상품권, 네이버페이 2만원 | 다이소상품권 매월 5,000원 제공 | KT유심&배송비 무료",116,https://www.moyoplan.com/plans/34223,2026-08-11T01:43:06.687727+00:00
MVNO,KT,이지모바일,35802,35802,official_code,[5G]EG 무제한 110GB+5(올영5000원),,moyo,True,,,5G,110.0,,110.0,False,5Mbps,,40.0,,40.0,quota,True,,300,True,,49500,25500,모요 프로모션 할인,7,1,0,,,,,"올리브영 상품권 매월 5,000원 제공",215,https://www.moyoplan.com/plans/35802,2026-08-11T01:43:06.687727+00:00
MVNO,KT,더원모바일,35825,35825,official_code,TOP 5G 200GB 기본 (네이버페이),,moyo,True,,,5G,200.0,,200.0,False,10Mbps,,50.0,,50.0,quota,True,,300,True,,55000,38060,모요 프로모션 할인,12,3,0,,,,솔로결합(+20GB),"네이버페이 매월 5,000P 제공 | 3대 마트 상품권, 네이버페이 2만원",1532,https://www.moyoplan.com/plans/35825,2026-08-11T01:43:06.687727+00:00
MVNO,KT,아이즈모바일,35411,35411,official_code,[K]무한100GB+ Npay,,moyo,True,,,LTE,100.0,,100.0,False,5Mbps,,100.0,,100.0,quota,True,,300,True,,55000,13500,모요 프로모션 할인,7,2,0,,,,SOLO결합 데이터 20GB 지급,"네이버페이 매달 5,000원 지급",2870,https://www.moyoplan.com/plans/35411,2026-08-11T01:43:06.687727+00:00
MVNO,SKT,핀다이렉트,36240,36240,official_code,[모요only] [S] 핀다이렉트Z Mini _PIN,,moyo,True,,신규 가입을 받지 않는 통신사입니다. 사용 중인 번호 그대로 통신사만 이동할 분들만 가입이 가능해요.,LTE,7.0,,7.0,False,1Mbps,,,,,unsupported,True,,300,True,,22000,8000,모요 프로모션 할인,7,1,0,,,,SKT 데이터 결합 (추가데이터 5GB),,568,https://www.moyoplan.com/plans/36240,2026-08-11T01:43:06.687727+00:00
MVNO,KT,티플러스,24328,24328,official_code,KT 15GB+ (CU 매월 20%+올리브영 매월 5천원 상품권!),,moyo,True,,,LTE,15.0,,15.0,False,1Mbps,,,,,unsupported,True,,,True,,31900,14900,모요 프로모션 할인,7,7,0,,,,개통시 매월 10GB 데이터 추가 지급,"3대마트 상품권/네이버페이 1만원 증정 | 마트 상품권/네이버페이 1만원 증정 | CU 오프라인 점포 결제시 20% 할인 제공 | 올리브영 12개월간 매월 5,000원 상품권",73,https://www.moyoplan.com/plans/24328,2026-08-11T01:43:06.687727+00:00
MVNO,LGU+,시월모바일,31349,31349,official_code,쿠폰팩 통화기본11GB+매일2GB,,moyo,True,,,LTE,11.0,,11.0,False,3Mbps,2.0,11.0,,11.0,quota,True,,300,True,,41890,20000,모요 프로모션 할인,7,2,0,,,,,24개월간 월 5000원씩(네이버페이 가능) | 유심/배송비 무료!,85,https://www.moyoplan.com/plans/31349,2026-08-11T01:43:06.687727+00:00
MVNO,SKT,이야기모바일,29953,29953,official_code,이야기 라이트S 100분 10GB+,,moyo,True,,,LTE,10.0,,10.0,False,1Mbps,,,,,unsupported,False,100,,False,100,23100,23100,,,1,0,,,,,"네이버페이 5,000원",33,https://www.moyoplan.com/plans/29953,2026-08-11T01:43:06.687727+00:00
MVNO,LGU+,이야기모바일,34909,34909,official_code,이야기 라이트 10GB+(24개월),,moyo,True,,,LTE,10.0,,10.0,False,1Mbps,,,,,unsupported,True,,,True,,26400,19000,모요 프로모션 할인,24,1,0,,,,,"네이버페이 5,000원",10,https://www.moyoplan.com/plans/34909,2026-08-11T01:43:06.687727+00:00
MVNO,SKT,티플러스,27258,27258,official_code,티플 SNOW 11GB+ [12개월간 SNOW앱 무료],,moyo,True,,,LTE,11.0,,11.0,False,3Mbps,2.0,,,,unsupported,True,,,True,,39600,20000,모요 프로모션 할인,7,1,1,SNOW 앱 VIP 월 구독권,,,,,22,https://www.moyoplan.com/plans/27258,2026-08-11T01:43:06.687727+00:00
MVNO,KT,티플러스,24433,24433,official_code,데이터마음껏 15GB＋＋(300분)(네이버페이 매월 5000P),,moyo,True,,,LTE,15.0,,15.0,False,3Mbps,,,,,unsupported,False,300,,False,300,34600,15500,모요 프로모션 페이백/할인,7,3,0,,,,,네이버페이 매달 5천원 페이백 (평생) | 마트 상품권/네이버페이 1만원 증정,30,https://www.moyoplan.com/plans/24433,2026-08-11T01:43:06.687727+00:00
MVNO,KT,더원모바일,35535,35535,official_code,TOP 5G 200GB 기본 (네이버페이),,moyo,True,,,5G,200.0,,200.0,False,10Mbps,,50.0,,50.0,quota,True,,300,True,,55000,29700,모요 프로모션 할인,7,3,0,,,,솔로결합(+20GB),"네이버페이 매월 5,000P 제공 | 3대 마트 상품권, 네이버페이 2만원",1532,https://www.moyoplan.com/plans/35535,2026-08-11T01:43:06.687727+00:00
MVNO,SKT,티플러스,29903,29903,official_code,티플 위드유 11GB+(G car+세차클링),,moyo,True,,,LTE,11.0,,11.0,False,3Mbps,2.0,,,,unsupported,True,,,True,,39600,20000,모요 프로모션 할인,7,2,0,,,,,롯데렌터카 연간 패스 이용권 | 세차 클링 출장 세차 할인 쿠폰,17,https://www.moyoplan.com/plans/29903,2026-08-11T01:43:06.687727+00:00
MVNO,LGU+,모빙,37395,37395,official_code,[L] 데이터11GB+_2y_plus,,moyo,True,,,LTE,11.0,,11.0,False,3Mbps,2.0,,,,unsupported,True,,,True,,46000,25500,모요 프로모션 할인,24,0,0,,,,,,540,https://www.moyoplan.com/plans/37395,2026-08-11T01:43:06.687727+00:00
MVNO,LGU+,티플러스,35855,35855,official_code,티플온 7G＋,,moyo,True,,,LTE,7.0,,7.0,False,1Mbps,,,,,unsupported,True,,,True,,29700,4900,모요 프로모션 할인,7,0,0,,,,,,912,https://www.moyoplan.com/plans/35855,2026-08-11T01:43:06.687727+00:00
MVNO,KT,위너스텔,20261,20261,official_code,[KT]WELL 250분+600MB,,moyo,True,,,LTE,0.586,,0.586,False,,,,,,unsupported,False,250,,False,50,4400,4400,,,0,0,,,,,,21,https://www.moyoplan.com/plans/20261,2026-08-11T01:43:06.687727+00:00
MVNO,KT,스마텔,31742,31742,official_code,USIM 스위트 (300분/10GB),,moyo,True,,신규 가입을 받지 않는 통신사입니다. 사용 중인 번호 그대로 통신사만 이동할 분들만 가입이 가능해요.,LTE,10.0,,10.0,False,,,,,,unsupported,False,300,,False,100,18700,500,모요 프로모션 할인,6,0,0,,,,,,68,https://www.moyoplan.com/plans/31742,2026-08-11T01:43:06.687727+00:00
MVNO,KT,티플러스,36608,36608,official_code,티플 100G＋(쿠팡캐시),,moyo,True,,,LTE,100.0,,100.0,False,5Mbps,,,,,unsupported,True,,,True,,55000,20900,모요 프로모션 할인,7,3,0,,,,,"쿠팡캐시 5,000P x 매월 제공 | 마트 상품권/네이버페이 1만원 증정",138,https://www.moyoplan.com/plans/36608,2026-08-11T01:43:06.687727+00:00
MVNO,SKT,아이즈모바일,35432,35432,official_code,[S]음성자유/7GB,,moyo,True,,,LTE,7.0,,7.0,False,,,,,,undisclosed,True,,,False,100,25300,3400,모요 프로모션 할인,12,0,0,,,,,,876,https://www.moyoplan.com/plans/35432,2026-08-11T01:43:06.687727+00:00
MVNO,KT,이지모바일,30869,30869,official_code,EG 5G 심플 70GB+,,moyo,True,,,5G,70.0,,70.0,False,1Mbps,,40.0,,40.0,quota,True,,300,True,,47300,30800,모요 프로모션 할인,12,1,0,,,,,일반유심/배송비 무료,34,https://www.moyoplan.com/plans/30869,2026-08-11T01:43:06.687727+00:00
MVNO,LGU+,KG모바일,22902,22902,official_code,[일반] 실속 (5GB/100분),,moyo,True,,,LTE,5.0,,5.0,False,,,,,,unsupported,False,100,,False,100,9900,1200,모요 프로모션 할인,6,0,0,,,,,,103,https://www.moyoplan.com/plans/22902,2026-08-11T01:43:06.687727+00:00
MVNO,SKT,티플러스,27259,27259,official_code,티플 SNOW 100GB+ [12개월간 SNOW앱 무료],,moyo,True,,,LTE,100.0,,100.0,False,5Mbps,,,,,unsupported,True,,,True,,48400,23000,모요 프로모션 할인,7,1,1,SNOW 앱 VIP 월 구독권,,,,,47,https://www.moyoplan.com/plans/27259,2026-08-11T01:43:06.687727+00:00
MVNO,KT,에이모바일,37173,37173,official_code,A 올라잇 11GB+ 밀리의서재,,moyo,True,,,LTE,11.0,,11.0,False,3Mbps,2.0,,,,undisclosed,True,,,True,,39600,8800,모요 프로모션 할인,7,1,1,조선일보 종이신문 1개월 무료 구독 이벤트,,,,,3018,https://www.moyoplan.com/plans/37173,2026-08-11T01:43:06.687727+00:00
MVNO,KT,아이즈모바일,35445,35445,official_code,[K]울트라(300분/15GB),,moyo,True,,,LTE,15.0,,15.0,False,,,15.0,,15.0,quota,False,300,,False,200,25300,10,모요 프로모션 할인,10,0,0,,,,,,3649,https://www.moyoplan.com/plans/35445,2026-08-11T01:43:06.687727+00:00
MVNO,LGU+,모빙,37380,37380,official_code,[L] 데이터 15GB+_2y_plus,,moyo,True,,,LTE,15.0,,15.0,False,1Mbps,,,,,unsupported,True,,,True,,33000,13500,모요 프로모션 할인,24,0,0,,,,,,122,https://www.moyoplan.com/plans/37380,2026-08-11T01:43:06.687727+00:00
MVNO,KT,이지모바일,30911,30911,official_code,EG 무제한 100G+5(웨이브),,moyo,True,,,LTE,100.0,,100.0,False,5Mbps,,100.0,,100.0,quota,True,,300,True,,46200,24100,모요 프로모션 할인,7,1,0,,,,,일반유심/배송비 무료,84,https://www.moyoplan.com/plans/30911,2026-08-11T01:43:06.687727+00:00
MVNO,LGU+,마블링,30951,30951,official_code,[모요only] 프라임 15GB+3Mbps 300분,,moyo,True,,신규가입 시 본인확인 해피콜과 본인입증서류 제출을 요청 드릴 수 있습니다.,LTE,15.0,,15.0,False,3Mbps,,,,,within_data,False,300,,False,300,29900,16000,모요 프로모션 할인,7,1,0,,,,,일반유심/배송비 무료,85,https://www.moyoplan.com/plans/30951,2026-08-11T01:43:06.687727+00:00
MVNO,LGU+,아이즈모바일,13955,13955,official_code,세이브머니유심(100분/10GB+),,moyo,True,,,LTE,10.0,,10.0,False,1Mbps,,,,,undisclosed,False,100,,False,100,4700,4700,,,0,0,,,,,,2708,https://www.moyoplan.com/plans/13955,2026-08-11T01:43:06.687727+00:00
MVNO,KT,이지모바일,33039,33039,official_code,EG 무제한 7G+1(NPAY3000),,moyo,True,,,LTE,7.0,,7.0,False,1Mbps,,7.0,,7.0,quota,True,,300,True,,23100,8600,모요 프로모션 할인,7,3,0,,,,데이터 10GB 추가 증정,"네이버페이 매달 3,000P | 일반유심/배송비 무료",1016,https://www.moyoplan.com/plans/33039,2026-08-11T01:43:06.687727+00:00
MVNO,SKT,아이즈모바일,35390,35390,official_code,[S]음성자유/5GB,,moyo,True,,,LTE,5.0,,5.0,False,,,,,,undisclosed,True,,,False,100,2300,2300,,,0,0,,,,,,5485,https://www.moyoplan.com/plans/35390,2026-08-11T01:43:06.687727+00:00
MVNO,LGU+,티플러스,35864,35864,official_code,티플온 15G＋(300분),,moyo,True,,,LTE,15.0,,15.0,False,3Mbps,,,,,unsupported,False,300,,False,300,41800,13900,모요 프로모션 할인,7,0,0,,,,,,53,https://www.moyoplan.com/plans/35864,2026-08-11T01:43:06.687727+00:00
MVNO,KT,이지모바일,30864,30864,official_code,[5G]EG 데이터 5GB/100분,,moyo,True,,,5G,5.0,,5.0,False,,,5.0,,5.0,quota,False,100,,False,100,27000,2250,모요 프로모션 할인,7,1,0,,,,,일반유심/배송비 무료,154,https://www.moyoplan.com/plans/30864,2026-08-11T01:43:06.687727+00:00
MVNO,SKT,이야기모바일,12152,12152,official_code,5G 이야기 무한 110GB,,moyo,True,,,5G,110.0,,110.0,False,5Mbps,,,,,unsupported,True,,,True,,47300,44000,모요 프로모션 할인,7,1,0,,,,,"네이버페이 5,000원",254,https://www.moyoplan.com/plans/12152,2026-08-11T01:43:06.687727+00:00
MVNO,LGU+,아이즈모바일,36325,36325,official_code,[L]5G 데이터안심(100분/5GB+),,moyo,True,,,5G,5.0,,5.0,False,1Mbps,,,,,undisclosed,False,100,,False,100,15400,10,모요 프로모션 할인,10,0,0,,,,,,192,https://www.moyoplan.com/plans/36325,2026-08-11T01:43:06.687727+00:00
MVNO,KT,스마텔,25313,25313,official_code,스위트3 10GB+(밀리의서재) (+10GB 24개월간 추가 제공),,moyo,True,,신규 가입을 받지 않는 통신사입니다. 사용 중인 번호 그대로 통신사만 이동할 분들만 가입이 가능해요.,LTE,10.0,,10.0,False,1Mbps,,,,,unsupported,True,,300,True,,28600,17000,모요 프로모션 할인,12,0,0,,,,,,20,https://www.moyoplan.com/plans/25313,2026-08-11T01:43:06.687727+00:00
MVNO,LGU+,티플러스,34900,34900,official_code,The 완전마음껏10G＋(스타벅스 매월 5000P),,moyo,True,,,LTE,10.0,,10.0,False,1Mbps,,,,,unsupported,True,,,True,,27830,17500,모요 프로모션 할인,24,1,0,,,,,"스타벅스 교환권 5,000P x 12개월 제공",24,https://www.moyoplan.com/plans/34900,2026-08-11T01:43:06.687727+00:00
MVNO,SKT,에이모바일,37236,37236,official_code,A 넥스트 71GB+,,moyo,True,,,LTE,11.0,,11.0,False,3Mbps,2.0,,,,undisclosed,True,,,True,,36300,8800,모요 프로모션 할인,7,2,1,조선일보 종이신문 1개월 무료 구독 이벤트,,,,네이버페이 1만원 지급 이벤트,3706,https://www.moyoplan.com/plans/37236,2026-08-11T01:43:06.687727+00:00
MVNO,LGU+,티플러스,26988,26988,official_code,The 완전마음껏10G+(다이소 매월 5000P),,moyo,True,,,LTE,10.0,,10.0,False,1Mbps,,,,,unsupported,True,,,True,,27830,17500,모요 프로모션 할인,24,1,0,,,,,"12개월 간 다이소 상품권 5,000원 쿠폰",58,https://www.moyoplan.com/plans/26988,2026-08-11T01:43:06.687727+00:00
MVNO,KT,이야기모바일,25697,25697,official_code,이야기K 데이터 7GB+(밀리의서재),,moyo,True,,,LTE,7.0,,7.0,False,1Mbps,,,,,unsupported,True,,,True,,24200,9900,모요 프로모션 할인,7,3,0,,,,,"네이버페이, 3대 마트 상품권 2만원 | 네이버페이 5,000원 | 링키드 포인트 15,000P 지급",950,https://www.moyoplan.com/plans/25697,2026-08-11T01:43:06.687727+00:00
MVNO,LGU+,KG모바일,23742,23742,official_code,[일반] 실속 (10GB/300분),,moyo,True,,,LTE,10.0,,10.0,False,,,,,,unsupported,False,300,,False,100,18700,4400,모요 프로모션 할인,6,0,0,,,,,,20,https://www.moyoplan.com/plans/23742,2026-08-11T01:43:06.687727+00:00
MVNO,SKT,이야기모바일,12280,12280,official_code,내맘대로S(350+4GB),,moyo,True,,,LTE,4.0,,4.0,False,,,,,,unsupported,False,350,,False,100,11000,5500,모요 프로모션 할인,12,1,0,,,,,"네이버페이 5,000원",23,https://www.moyoplan.com/plans/12280,2026-08-11T01:43:06.687727+00:00
MVNO,KT,이야기모바일,16838,16838,official_code,이야기K 데이터 15GB+(멜론),,moyo,True,,,LTE,15.0,,15.0,False,3Mbps,,,,,unsupported,False,100,,False,100,33000,19800,모요 프로모션 할인,7,2,0,,,,,"네이버페이, 3대 마트 상품권 2만원 | 네이버페이 5,000원",46,https://www.moyoplan.com/plans/16838,2026-08-11T01:43:06.687727+00:00
MVNO,SKT,이야기모바일,12276,12276,official_code,내맘대로S(300+1GB),,moyo,True,,,LTE,1.0,,1.0,False,,,,,,unsupported,False,300,,False,300,4100,3300,모요 프로모션 할인,24,1,0,,,,,"네이버페이 5,000원",78,https://www.moyoplan.com/plans/12276,2026-08-11T01:43:06.687727+00:00
MVNO,LGU+,스마텔,27858,27858,official_code,스마트,,moyo,True,,신규 가입을 받지 않는 통신사입니다. 사용 중인 번호 그대로 통신사만 이동할 분들만 가입이 가능해요.,LTE,,,,False,5Mbps,5.0,,,,undisclosed,True,,,True,,47300,23000,모요 프로모션 할인,7,0,0,,,,,,39,https://www.moyoplan.com/plans/27858,2026-08-11T01:43:06.687727+00:00
MVNO,SKT,아이즈모바일,35479,35479,official_code,[S]아이즈팩 100GB+,,moyo,True,,,LTE,100.0,,100.0,False,5Mbps,,30.0,,30.0,quota,True,,300,True,,53900,11500,모요 프로모션 할인,7,2,0,,,,SOLO결합 데이터 20GB 지급,아이즈팩 이용권,921,https://www.moyoplan.com/plans/35479,2026-08-11T01:43:06.687727+00:00
MVNO,KT,이야기모바일,16837,16837,official_code,이야기K 데이터 15GB+(지니뮤직),,moyo,True,,,LTE,15.0,,15.0,False,3Mbps,,,,,unsupported,False,100,,False,100,33000,19800,모요 프로모션 할인,7,2,0,,,,,"네이버페이, 3대 마트 상품권 2만원 | 네이버페이 5,000원",29,https://www.moyoplan.com/plans/16837,2026-08-11T01:43:06.687727+00:00
MVNO,LGU+,이야기모바일,15067,15067,official_code,이야기 스탠다드 300분15GB+,,moyo,True,,,LTE,15.0,,15.0,False,3Mbps,,,,,unsupported,False,300,,False,300,33000,20900,모요 프로모션 할인,7,1,0,,,,,"네이버페이 5,000원",14,https://www.moyoplan.com/plans/15067,2026-08-11T01:43:06.687727+00:00
MVNO,LGU+,마블링,27777,27777,official_code,[모요only] 프라임 15GB+3Mbps 100분,,moyo,True,,신규가입 시 본인확인 해피콜과 본인입증서류 제출을 요청 드릴 수 있습니다.,LTE,15.0,,15.0,False,3Mbps,,,,,within_data,False,100,,False,100,27900,15000,모요 프로모션 할인,7,1,0,,,,,일반유심/배송비 무료,4190,https://www.moyoplan.com/plans/27777,2026-08-11T01:43:06.687727+00:00
MVNO,SKT,아이즈모바일,35416,35416,official_code,[S]울트라(100분/15GB),,moyo,True,,,LTE,15.0,,15.0,False,,,15.0,,15.0,quota,False,100,,False,100,5500,5500,,,0,0,,,,,,1063,https://www.moyoplan.com/plans/35416,2026-08-11T01:43:06.687727+00:00
MVNO,LGU+,모나,33903,33903,official_code,모나300분10G안심1,,moyo,True,,,LTE,10.0,,10.0,False,1Mbps,,,,,unsupported,False,300,,False,200,38500,1980,모요 프로모션 할인,7,2,0,,,,,NFC 유심 무료 제공 | 4대 편의점 최대 10.1%적립,398,https://www.moyoplan.com/plans/33903,2026-08-11T01:43:06.687727+00:00
MVNO,KT,고고모바일,24192,24192,official_code,LTE200분/5GB+1M,,moyo,True,,,LTE,5.0,,5.0,False,1Mbps,,,,,within_data,False,200,,False,100,11660,11660,,,2,0,,,,,"3대 마트 상품권, 네이버페이 2만원 | KT유심&배송비 무료",33,https://www.moyoplan.com/plans/24192,2026-08-11T01:43:06.687727+00:00
MVNO,LGU+,인스모바일,11321,11321,official_code,[평생할인]인스 유심 스트롱 15GB+,,moyo,True,,,LTE,15.0,,15.0,False,3Mbps,,,,,within_data,False,100,0,False,100,24100,24100,,,0,0,,,,,,111,https://www.moyoplan.com/plans/11321,2026-08-11T01:43:06.687727+00:00
MVNO,KT,스마텔,25229,25229,official_code,5G 스위트 110GB,,moyo,True,,신규 가입을 받지 않는 통신사입니다. 사용 중인 번호 그대로 통신사만 이동할 분들만 가입이 가능해요.,5G,110.0,,110.0,False,5Mbps,,10.0,,10.0,quota,True,,300,True,,47300,44000,모요 프로모션 할인,36,0,0,,,,,,35,https://www.moyoplan.com/plans/25229,2026-08-11T01:43:06.687727+00:00
MVNO,LGU+,핀다이렉트,36982,36982,official_code,[L] 핀다이렉트Z Speed 125GB+,,moyo,True,,,5G,125.0,,125.0,False,5Mbps,,,,,unsupported,True,,300,True,,46200,23000,모요 프로모션 할인,7,0,0,,,,,,86,https://www.moyoplan.com/plans/36982,2026-08-11T01:43:06.687727+00:00
MVNO,SKT,이야기모바일,13982,13982,official_code,함께이야기해S(500분+30GB),,moyo,True,,,LTE,30.0,,30.0,False,,,,,,unsupported,False,500,,False,300,27500,27500,,,1,0,,,,,"네이버페이 5,000원",34,https://www.moyoplan.com/plans/13982,2026-08-11T01:43:06.687727+00:00
MVNO,LGU+,인스모바일,27487,27487,official_code,[평생할인]인스 유심 스트롱 100GB+,,moyo,True,,,LTE,100.0,,100.0,False,5Mbps,,11.0,,11.0,quota,True,,300,True,,35450,35450,,,0,0,,,,,,359,https://www.moyoplan.com/plans/27487,2026-08-11T01:43:06.687727+00:00
MVNO,KT,스마텔,31925,31925,official_code,스위트 100GB+(다이소 3000),,moyo,True,,신규 가입을 받지 않는 통신사입니다. 사용 중인 번호 그대로 통신사만 이동할 분들만 가입이 가능해요.,LTE,100.0,,100.0,False,5Mbps,,100.0,,100.0,quota,True,,300,True,,47630,24500,모요 프로모션 할인,7,0,0,,,,,,49,https://www.moyoplan.com/plans/31925,2026-08-11T01:43:06.687727+00:00
MVNO,KT,KT스카이라이프,29976,29976,official_code,모두 충분 10GB+(다이소_5000),,moyo,True,,,LTE,10.0,,10.0,False,1Mbps,,,,,within_data,True,,300,True,,21200,21200,,,2,0,,,,,"S-머니3만원(5천원X6개월) | 3대마트상품권, 네이버페이 2만원",249,https://www.moyoplan.com/plans/29976,2026-08-11T01:43:06.687727+00:00
MVNO,KT,KT스카이라이프,16266,16266,official_code,5G 모두 충분 50GB+,,moyo,True,,,5G,50.0,,50.0,False,1Mbps,,,,,within_data,True,,300,True,,37900,37900,,,2,0,,,,,"S-머니6만원(1만원X6개월) | 3대마트상품권, 네이버페이 2만원",233,https://www.moyoplan.com/plans/16266,2026-08-11T01:43:06.687727+00:00
MVNO,KT,고고모바일,19143,19143,official_code,고고100분/5GB+1Mbps,,moyo,True,,,LTE,5.0,,5.0,False,1Mbps,,,,,within_data,False,100,,False,100,10890,10890,,,2,0,,,,,"3대 마트 상품권, 네이버페이 2만원 | KT유심&배송비 무료",81,https://www.moyoplan.com/plans/19143,2026-08-11T01:43:06.687727+00:00
MVNO,LGU+,시월모바일,27750,27750,official_code,시월 무제한 15GB+1Mbps,,moyo,True,,,LTE,,,,True,1Mbps,,,,,undisclosed,True,,,True,,30840,9940,모요 프로모션 할인,7,1,0,,,,,유심/배송비 무료!,3155,https://www.moyoplan.com/plans/27750,2026-08-11T01:43:06.687727+00:00
MVNO,KT,스마텔,25341,25341,official_code,스위트 7GB+(후후) (+10GB 24개월간 추가 제공),,moyo,True,,신규 가입을 받지 않는 통신사입니다. 사용 중인 번호 그대로 통신사만 이동할 분들만 가입이 가능해요.,LTE,7.0,,7.0,False,1Mbps,,,,,unsupported,True,,300,True,,24200,18700,모요 프로모션 할인,36,0,0,,,,,,17,https://www.moyoplan.com/plans/25341,2026-08-11T01:43:06.687727+00:00
MVNO,KT,아이즈모바일,35378,35378,official_code,[K]벤티(200분/10GB),,moyo,True,,,LTE,10.0,,10.0,False,,,10.0,,10.0,quota,False,200,,False,100,1980,1980,,,0,0,,,,,,965,https://www.moyoplan.com/plans/35378,2026-08-11T01:43:06.687727+00:00
MVNO,LGU+,KG모바일,19255,19255,official_code,"[모빌카드 스페셜] 통화, 데이터 마음대로 7GB+",,moyo,True,,,LTE,7.0,,7.0,False,1Mbps,,,,,unsupported,True,,300,True,,24200,7000,모요 프로모션 할인,7,2,0,,,,,"네이버페이 5,000원 | 일반 유심/배송비 무료",355,https://www.moyoplan.com/plans/19255,2026-08-11T01:43:06.687727+00:00
MVNO,SKT,아이즈모바일,35440,35440,official_code,[S]올리브영11GB+,,moyo,True,,,LTE,11.0,,11.0,False,3Mbps,2.0,,,,undisclosed,True,,,True,,48400,9900,모요 프로모션 할인,7,2,0,,,,SOLO결합 데이터 20GB 지급,"올리브영 상품권 매달 7,000원 지급",669,https://www.moyoplan.com/plans/35440,2026-08-11T01:43:06.687727+00:00
MVNO,KT,더원모바일,35530,35530,official_code,TOP 10GB 기본 (네이버페이),,moyo,True,,,LTE,10.0,,10.0,False,1Mbps,,,,,undisclosed,True,,,True,,28600,9900,모요 프로모션 할인,7,2,0,,,,솔로결합(+10GB),"네이버페이 매월 5,000P 제공",30,https://www.moyoplan.com/plans/35530,2026-08-11T01:43:06.687727+00:00
MVNO,KT,아이즈모바일,35442,35442,official_code,아이즈 100분 10GB,,moyo,True,,,LTE,10.0,,10.0,False,,,,,,undisclosed,False,100,,False,100,14300,10,모요 프로모션 할인,7,1,0,,,,,8월 한정 Npay 1만원 지급,817,https://www.moyoplan.com/plans/35442,2026-08-11T01:43:06.687727+00:00
MVNO,KT,모빙,37319,37319,official_code,[K] 후후 안심 11GB+,,moyo,True,,,LTE,11.0,,11.0,False,3Mbps,2.0,,,,unsupported,True,,,True,,48400,13970,모요 프로모션 할인,7,0,0,,,,,,108,https://www.moyoplan.com/plans/37319,2026-08-11T01:43:06.687727+00:00
MVNO,LGU+,시월모바일,27776,27776,official_code,시월 무제한 7GB+1Mbps,,moyo,True,,,LTE,,,,True,1Mbps,,,,,undisclosed,True,,,True,,19810,6060,모요 프로모션 할인,7,1,0,,,,,유심/배송비 무료!,509,https://www.moyoplan.com/plans/27776,2026-08-11T01:43:06.687727+00:00
MVNO,SKT,아이즈모바일,35330,35330,official_code,아이즈 (10GB/400분),,moyo,True,,,LTE,10.0,,10.0,False,,,10.0,,10.0,quota,False,400,,False,400,25300,2900,모요 프로모션 할인,12,0,0,,,,,,1263,https://www.moyoplan.com/plans/35330,2026-08-11T01:43:06.687727+00:00
MVNO,SKT,모빙,37255,37255,official_code,[S] 200분10GB,,moyo,True,,,LTE,10.0,,10.0,False,,,,,,unsupported,False,200,,False,200,21000,1990,모요 프로모션 할인,12,0,0,,,,,,712,https://www.moyoplan.com/plans/37255,2026-08-11T01:43:06.687727+00:00
MVNO,SKT,에이모바일,37224,37224,official_code,A 5G 스마트 15GB/300분,,moyo,True,,,5G,15.0,,15.0,False,,,,,,undisclosed,False,300,,False,100,19470,990,모요 프로모션 할인,7,1,1,조선일보 종이신문 1개월 무료 구독 이벤트,,,,,1520,https://www.moyoplan.com/plans/37224,2026-08-11T01:43:06.687727+00:00
MVNO,SKT,모빙,37264,37264,official_code,[S] 데이터 11GB+,,moyo,True,,,LTE,11.0,,11.0,False,3Mbps,2.0,,,,unsupported,True,,,True,,46200,9900,모요 프로모션 할인,7,0,0,,,,,,2030,https://www.moyoplan.com/plans/37264,2026-08-11T01:43:06.687727+00:00
MVNO,SKT,스마텔,25232,25232,official_code,USIM 알뜰데이터2 15GB+,,moyo,True,,,LTE,15.0,,15.0,False,3Mbps,,15.0,,15.0,quota,False,300,,False,300,34100,16000,모요 프로모션 할인,7,0,0,,,,,,65,https://www.moyoplan.com/plans/25232,2026-08-11T01:43:06.687727+00:00
MVNO,SKT,아이즈모바일,35467,35467,official_code,[S]OK캐쉬백 100GB+,,moyo,True,,,LTE,100.0,,100.0,False,5Mbps,,,,,undisclosed,True,,,True,,55000,30900,모요 프로모션 할인,12,1,0,,,,SOLO결합 데이터 20GB 지급,,168,https://www.moyoplan.com/plans/35467,2026-08-11T01:43:06.687727+00:00
MVNO,LGU+,아이즈모바일,27420,27420,official_code,[L]스페셜300분/15GB+,,moyo,True,,,LTE,15.0,,15.0,False,3Mbps,,,,,undisclosed,False,300,,False,300,34100,10500,모요 프로모션 할인,7,0,0,,,,,,239,https://www.moyoplan.com/plans/27420,2026-08-11T01:43:06.687727+00:00
MVNO,KT,모빙,37296,37296,official_code,5G 쏙쏙 300분15GB,,moyo,True,,,5G,15.0,,15.0,False,,,,,,unsupported,False,300,,False,100,31900,550,모요 프로모션 할인,7,0,0,,,,,,566,https://www.moyoplan.com/plans/37296,2026-08-11T01:43:06.687727+00:00
MVNO,SKT,에이모바일,37225,37225,official_code,A 5G 스마트 20GB/300분,,moyo,True,,,5G,20.0,,20.0,False,,,,,,undisclosed,False,300,,False,100,24200,1650,모요 프로모션 할인,7,1,1,조선일보 종이신문 1개월 무료 구독 이벤트,,,,,2046,https://www.moyoplan.com/plans/37225,2026-08-11T01:43:06.687727+00:00
MVNO,LGU+,LG헬로모바일,11202,11202,official_code,보편 안심 유심 6GB 200분,,moyo,True,,,LTE,6.0,,6.0,False,1Mbps,,,,,undisclosed,False,200,,False,100,15200,10200,모요 프로모션 페이백/할인,7,4,2,구글 AI프로+도미노피자 할인쿠폰 | 토스미·오픽미 AI 모의고사,,,,네이버페이 매달 5천원 페이백(7개월) | 프레딧 쿠폰 2만원(5천원*4개월),11,https://www.moyoplan.com/plans/11202,2026-08-11T01:43:06.687727+00:00
MVNO,SKT,스마텔,25268,25268,official_code,USIM 스마일 5G망 (500분/10GB),,moyo,True,,,5G,10.0,,10.0,False,,,10.0,,10.0,quota,False,500,,False,100,20900,9900,모요 프로모션 할인,5,0,0,,,,,,22,https://www.moyoplan.com/plans/25268,2026-08-11T01:43:06.687727+00:00
MVNO,SKT,티플러스,31043,31043,official_code,티플 7GB+(이디야커피),,moyo,True,,,LTE,7.0,,7.0,False,1Mbps,,,,,unsupported,True,,,True,,29700,5900,모요 프로모션 할인,7,1,0,,,,,"12개월간 이디야 모바일권 5,000원권 증정",108,https://www.moyoplan.com/plans/31043,2026-08-11T01:43:06.687727+00:00
MVNO,SKT,모빙,37254,37254,official_code,[S] 300분5GB,,moyo,True,,,LTE,5.0,,5.0,False,,,,,,unsupported,False,300,,False,300,20000,990,모요 프로모션 할인,12,0,0,,,,,,1490,https://www.moyoplan.com/plans/37254,2026-08-11T01:43:06.687727+00:00
MVNO,LGU+,마블링,15034,15034,official_code,마블링 프라임(5G) 125GB+5Mbps,,moyo,True,,신규가입 시 본인확인 해피콜과 본인입증서류 제출을 요청 드릴 수 있습니다.,5G,125.0,,125.0,False,5Mbps,,5.0,,5.0,quota,True,,300,True,,46900,28900,모요 프로모션 할인,7,0,0,,,,,,35,https://www.moyoplan.com/plans/15034,2026-08-11T01:43:06.687727+00:00
MVNO,KT,이지모바일,33040,33040,official_code,EG 무제한 10G+1(밀리의 서재),,moyo,True,,,LTE,10.0,,10.0,False,1Mbps,,10.0,,10.0,quota,True,,300,True,,24200,9900,모요 프로모션 할인,7,3,1,밀리의서재,,,데이터 10GB 추가 증정,일반유심/배송비 무료,426,https://www.moyoplan.com/plans/33040,2026-08-11T01:43:06.687727+00:00
MVNO,KT,이지모바일,30898,30898,official_code,EG CU 데이터 15G+3/300분(CU할인),,moyo,True,,,LTE,15.0,,15.0,False,3Mbps,,15.0,,15.0,quota,False,300,,False,300,33000,19000,모요 프로모션 할인,7,1,0,,,,,일반유심/배송비 무료,20,https://www.moyoplan.com/plans/30898,2026-08-11T01:43:06.687727+00:00
MVNO,LGU+,아이즈모바일,36220,36220,official_code,[L]5G 울트라(300분/15GB),,moyo,True,,,5G,15.0,,15.0,False,,,,,,undisclosed,False,300,,False,300,25300,990,모요 프로모션 할인,6,0,0,,,,,,317,https://www.moyoplan.com/plans/36220,2026-08-11T01:43:06.687727+00:00
MVNO,SKT,아이즈모바일,35350,35350,official_code,[S]그란데(100분/6GB),,moyo,True,,,LTE,6.0,,6.0,False,,,6.0,,6.0,quota,False,100,,False,100,15100,10,모요 프로모션 할인,12,0,0,,,,,,2037,https://www.moyoplan.com/plans/35350,2026-08-11T01:43:06.687727+00:00
MVNO,SKT,아이즈모바일,35482,35482,official_code,[S]울트라(500분/20GB),,moyo,True,,,LTE,20.0,,20.0,False,,,,,,undisclosed,False,500,,False,100,9900,9900,,,0,0,,,,,,296,https://www.moyoplan.com/plans/35482,2026-08-11T01:43:06.687727+00:00
MVNO,LGU+,이야기모바일,20568,20568,official_code,내맘대로 (100분+3.5GB),,moyo,True,,,LTE,3.5,,3.5,False,,,,,,unsupported,False,100,,False,0,6600,6600,,,1,0,,,,,"네이버페이 5,000원",22,https://www.moyoplan.com/plans/20568,2026-08-11T01:43:06.687727+00:00
MVNO,SKT,모빙,37256,37256,official_code,[S] 100분1GB,,moyo,True,,,LTE,1.0,,1.0,False,,,,,,unsupported,False,100,,False,100,2800,2800,,,0,0,,,,,,1574,https://www.moyoplan.com/plans/37256,2026-08-11T01:43:06.687727+00:00
MVNO,SKT,티플러스,33160,33160,official_code,5G 통화안심 10GB,,moyo,True,,,5G,10.0,,10.0,False,,,,,,unsupported,True,,,False,100,19800,7900,모요 프로모션 할인,4,0,0,,,,,,99,https://www.moyoplan.com/plans/33160,2026-08-11T01:43:06.687727+00:00
MVNO,LGU+,모빙,37397,37397,official_code,[L] 데이터 100GB+_24개월,,moyo,True,,,LTE,100.0,,100.0,False,5Mbps,,,,,unsupported,True,,,True,,53900,28900,모요 프로모션 할인,24,0,0,,,,,,273,https://www.moyoplan.com/plans/37397,2026-08-11T01:43:06.687727+00:00
MVNO,KT,이지모바일,35788,35788,official_code,EG 무제한 7GB+1(모아진),,moyo,True,,,LTE,7.0,,7.0,False,1Mbps,,7.0,,7.0,quota,True,,300,True,,22000,11330,모요 프로모션 할인,7,1,1,모아진(전세계 매거진) 무료 구독,,,,,46,https://www.moyoplan.com/plans/35788,2026-08-11T01:43:06.687727+00:00
MVNO,LGU+,모빙,37354,37354,official_code,실속 200분6GB+,,moyo,True,,,LTE,6.0,,6.0,False,1Mbps,,,,,unsupported,False,200,,False,100,16000,10,모요 프로모션 할인,6,0,0,,,,,,2508,https://www.moyoplan.com/plans/37354,2026-08-11T01:43:06.687727+00:00
MVNO,KT,KT스카이라이프,10768,10768,official_code,통화 충분 4.5GB,,moyo,True,,,LTE,4.5,,4.5,False,,,,,,within_data,True,,0,True,,8850,8850,,,2,0,,,,,"S-머니3만원(5천원X6개월) | 3대마트상품권, 네이버페이 2만원",205,https://www.moyoplan.com/plans/10768,2026-08-11T01:43:06.687727+00:00
MVNO,SKT,에이모바일,37229,37229,official_code,A 스마트 5GB/100분,,moyo,True,,,LTE,5.0,,5.0,False,,,,,,undisclosed,False,100,,False,100,8800,330,모요 프로모션 할인,12,1,1,조선일보 종이신문 1개월 무료 구독 이벤트,,,,,554,https://www.moyoplan.com/plans/37229,2026-08-11T01:43:06.687727+00:00
MVNO,LGU+,찬스모바일,26866,26866,official_code,음성기본,,moyo,True,,,LTE,,,,False,5Mbps,5.0,,,,undisclosed,True,,,True,,46200,21000,모요 프로모션 할인,7,1,0,,,,,유심/배송비 무료,64,https://www.moyoplan.com/plans/26866,2026-08-11T01:43:06.687727+00:00
MVNO,KT,이지모바일,30851,30851,official_code,EG 무제한 15GB+1(밀리의 서재),,moyo,True,,,LTE,15.0,,15.0,False,1Mbps,,15.0,,15.0,quota,True,,300,True,,25850,17000,모요 프로모션 할인,7,3,1,밀리의서재,,,데이터 10GB 추가 증정,일반유심/배송비 무료,59,https://www.moyoplan.com/plans/30851,2026-08-11T01:43:06.687727+00:00
MVNO,KT,더원모바일,33964,33964,official_code,TOP 5G 200GB 기본 (밀리의서재),,moyo,True,,,5G,200.0,,200.0,False,10Mbps,,50.0,,50.0,quota,True,,300,True,,55000,29700,모요 프로모션 할인,7,3,1,밀리의서재,,,솔로결합(+20GB),"3대 마트 상품권, 네이버페이 2만원",830,https://www.moyoplan.com/plans/33964,2026-08-11T01:43:06.687727+00:00
MVNO,LGU+,모나,37125,37125,official_code,5G_모나데이터50G안심1,,moyo,True,,,5G,50.0,,50.0,False,1Mbps,,,,,unsupported,True,,,True,,50600,29900,모요 프로모션 할인,12,0,0,,,,,,10,https://www.moyoplan.com/plans/37125,2026-08-11T01:43:06.687727+00:00
MVNO,KT,스마텔,25352,25352,official_code,5G 스위트 110GB+(지니뮤직),,moyo,True,,신규 가입을 받지 않는 통신사입니다. 사용 중인 번호 그대로 통신사만 이동할 분들만 가입이 가능해요.,5G,110.0,,110.0,False,5Mbps,,10.0,,10.0,quota,True,,300,True,,49500,47300,모요 프로모션 할인,36,0,0,,,,,,35,https://www.moyoplan.com/plans/25352,2026-08-11T01:43:06.687727+00:00
MVNO,SKT,에이모바일,37227,37227,official_code,A 스마트 15GB,,moyo,True,,,LTE,15.0,,15.0,False,,,,,,undisclosed,True,,,True,,21340,1100,모요 프로모션 할인,7,1,1,조선일보 종이신문 1개월 무료 구독 이벤트,,,,,6998,https://www.moyoplan.com/plans/37227,2026-08-11T01:43:06.687727+00:00
MVNO,LGU+,KG모바일,23744,23744,official_code,[일반] 실속 (5GB/300분),,moyo,True,,,LTE,5.0,,5.0,False,,,,,,unsupported,False,300,,False,100,12100,1600,모요 프로모션 할인,6,0,0,,,,,,70,https://www.moyoplan.com/plans/23744,2026-08-11T01:43:06.687727+00:00
MVNO,SKT,스마텔,25334,25334,official_code,USIM 스마일 5G망 (200분/10GB),,moyo,True,,,5G,10.0,,10.0,False,,,10.0,,10.0,quota,False,200,,False,100,17600,8800,모요 프로모션 할인,5,0,0,,,,,,90,https://www.moyoplan.com/plans/25334,2026-08-11T01:43:06.687727+00:00
MVNO,LGU+,모빙,37398,37398,official_code,[L] 데이터 매일5GB+_24개월,,moyo,True,,,LTE,,,,False,5Mbps,5.0,,,,unsupported,True,,,True,,53900,28900,모요 프로모션 할인,24,0,0,,,,,,108,https://www.moyoplan.com/plans/37398,2026-08-11T01:43:06.687727+00:00
MVNO,LGU+,인스모바일,15373,15373,official_code,[평생할인]인스 유심 음성 120분+1.5GB,,moyo,True,,,LTE,1.5,,1.5,False,,,,,,within_data,False,120,0,False,100,2430,2430,,,0,0,,,,,,60,https://www.moyoplan.com/plans/15373,2026-08-11T01:43:06.687727+00:00
MVNO,KT,이야기모바일,16836,16836,official_code,이야기K 데이터 7GB+(지니뮤직),,moyo,True,,,LTE,7.0,,7.0,False,1Mbps,,,,,unsupported,True,,,True,,24200,12000,모요 프로모션 할인,7,2,0,,,,,"네이버페이, 3대 마트 상품권 2만원 | 네이버페이 5,000원",52,https://www.moyoplan.com/plans/16836,2026-08-11T01:43:06.687727+00:00
MVNO,KT,모빙,37323,37323,official_code,[K] 데이터 15GB+,,moyo,True,,,LTE,15.0,,15.0,False,1Mbps,,,,,unsupported,True,,,True,,33000,15400,모요 프로모션 할인,24,0,0,,,,,,23,https://www.moyoplan.com/plans/37323,2026-08-11T01:43:06.687727+00:00
MVNO,KT,스마텔,25320,25320,official_code,스위트3 15GB+(밀리의서재) (+10GB 24개월간 추가 제공),,moyo,True,,신규 가입을 받지 않는 통신사입니다. 사용 중인 번호 그대로 통신사만 이동할 분들만 가입이 가능해요.,LTE,15.0,,15.0,False,1Mbps,,,,,unsupported,True,,300,True,,30800,17000,모요 프로모션 할인,7,0,0,,,,,,24,https://www.moyoplan.com/plans/25320,2026-08-11T01:43:06.687727+00:00
MVNO,KT,스마텔,25349,25349,official_code,CU 스위트 무제한 15GB+ (+10GB 24개월간 추가 제공),,moyo,True,,신규 가입을 받지 않는 통신사입니다. 사용 중인 번호 그대로 통신사만 이동할 분들만 가입이 가능해요.,LTE,15.0,,15.0,False,1Mbps,,15.0,,15.0,quota,True,,300,True,,30800,17000,모요 프로모션 할인,7,0,0,,,,,,14,https://www.moyoplan.com/plans/25349,2026-08-11T01:43:06.687727+00:00
MVNO,LGU+,스마텔,27856,27856,official_code,후후 스마트 11GB+,,moyo,True,,신규 가입을 받지 않는 통신사입니다. 사용 중인 번호 그대로 통신사만 이동할 분들만 가입이 가능해요.,LTE,11.0,,11.0,False,3Mbps,2.0,,,,unsupported,True,,,True,,41030,20330,모요 프로모션 할인,7,0,0,,,,,,11,https://www.moyoplan.com/plans/27856,2026-08-11T01:43:06.687727+00:00
MVNO,KT,스마텔,31921,31921,official_code,스위트 100GB+(올영 5000),,moyo,True,,신규 가입을 받지 않는 통신사입니다. 사용 중인 번호 그대로 통신사만 이동할 분들만 가입이 가능해요.,LTE,100.0,,100.0,False,5Mbps,,100.0,,100.0,quota,True,,300,True,,48510,25380,모요 프로모션 할인,7,0,0,,,,,,40,https://www.moyoplan.com/plans/31921,2026-08-11T01:43:06.687727+00:00
MVNO,SKT,아이즈모바일,35466,35466,official_code,[S]OK캐쉬백 11GB+,,moyo,True,,,LTE,11.0,,11.0,False,3Mbps,2.0,,,,undisclosed,True,,,True,,48400,26900,모요 프로모션 할인,12,1,0,,,,SOLO결합 데이터 20GB 지급,,30,https://www.moyoplan.com/plans/35466,2026-08-11T01:43:06.687727+00:00
MVNO,SKT,아이즈모바일,35418,35418,official_code,[S]울트라(200분/20GB),,moyo,True,,,LTE,20.0,,20.0,False,,,15.0,,15.0,quota,False,200,,False,100,29700,2900,모요 프로모션 할인,7,0,0,,,,,,1711,https://www.moyoplan.com/plans/35418,2026-08-11T01:43:06.687727+00:00
MVNO,LGU+,에이모바일,37212,37212,official_code,A 갓성비 20GB/100분 (기본 10GB+추가 10GB 제공),,moyo,True,,,LTE,10.0,,10.0,False,,,,,,undisclosed,False,100,,False,100,19800,10,모요 프로모션 할인,7,2,1,조선일보 종이신문 1개월 무료 구독 이벤트,,,,네이버페이 5천원 지급 이벤트,5167,https://www.moyoplan.com/plans/37212,2026-08-11T01:43:06.687727+00:00
MVNO,KT,고고모바일,24190,24190,official_code,5G100분/1GB-데이터소진후 자동차단,,moyo,True,,,5G,1.0,,1.0,False,,,,,,within_data,False,100,,False,100,7260,7260,,,2,0,,,,,"3대 마트 상품권, 네이버페이 2만원 | KT유심&배송비 무료",183,https://www.moyoplan.com/plans/24190,2026-08-11T01:43:06.687727+00:00
MVNO,LGU+,아이즈모바일,36324,36324,official_code,[L]5G 데이터안심(200분/6GB+),,moyo,True,,,5G,6.0,,6.0,False,1Mbps,,,,,undisclosed,False,200,,False,100,16500,10,모요 프로모션 할인,7,0,0,,,,,,635,https://www.moyoplan.com/plans/36324,2026-08-11T01:43:06.687727+00:00
MVNO,SKT,모빙,37270,37270,official_code,[S] 5G 데이터 15GB,,moyo,True,,,5G,15.0,,15.0,False,,,,,,unsupported,True,,,False,100,13000,13000,,,0,0,,,,,,1078,https://www.moyoplan.com/plans/37270,2026-08-11T01:43:06.687727+00:00
MVNO,KT,더원모바일,35533,35533,official_code,TOP 5G 200GB 기본 (올리브영),,moyo,True,,,5G,200.0,,200.0,False,10Mbps,,50.0,,50.0,quota,True,,300,True,,55000,29700,모요 프로모션 할인,7,3,0,,,,솔로결합(+20GB),"3대 마트 상품권, 네이버페이 2만원 | 올리브영 매월 5,000원 제공",448,https://www.moyoplan.com/plans/35533,2026-08-11T01:43:06.687727+00:00
MVNO,KT,티플러스,23780,23780,official_code,티플 10GB(10GB/300분),,moyo,True,,,LTE,10.0,,10.0,False,,,,,,unsupported,False,300,,False,100,8990,8990,,,4,0,,,,,3대마트 상품권/네이버페이 1만원 증정 | 마트 상품권/네이버페이 1만원 증정,71,https://www.moyoplan.com/plans/23780,2026-08-11T01:43:06.687727+00:00
MVNO,KT,스마텔,25264,25264,official_code,스위트 11GB+(지니뮤직),,moyo,True,,신규 가입을 받지 않는 통신사입니다. 사용 중인 번호 그대로 통신사만 이동할 분들만 가입이 가능해요.,LTE,11.0,,11.0,False,3Mbps,2.0,11.0,,11.0,quota,True,,300,True,,44000,38500,모요 프로모션 할인,36,0,0,,,,,,11,https://www.moyoplan.com/plans/25264,2026-08-11T01:43:06.687727+00:00
MVNO,KT,스마텔,25276,25276,official_code,스위트 11GB+(왓챠),,moyo,True,,신규 가입을 받지 않는 통신사입니다. 사용 중인 번호 그대로 통신사만 이동할 분들만 가입이 가능해요.,LTE,11.0,,11.0,False,3Mbps,2.0,11.0,,11.0,quota,True,,300,True,,44000,38500,모요 프로모션 할인,36,0,0,,,,,,10,https://www.moyoplan.com/plans/25276,2026-08-11T01:43:06.687727+00:00
MVNO,KT,스마텔,25287,25287,official_code,스위트 11GB+(멜론),,moyo,True,,신규 가입을 받지 않는 통신사입니다. 사용 중인 번호 그대로 통신사만 이동할 분들만 가입이 가능해요.,LTE,11.0,,11.0,False,3Mbps,2.0,11.0,,11.0,quota,True,,300,True,,44000,38500,모요 프로모션 할인,36,0,0,,,,,,10,https://www.moyoplan.com/plans/25287,2026-08-11T01:43:06.687727+00:00
MVNO,LGU+,이야기모바일,15071,15071,official_code,이야기 라이트 100분5GB+,,moyo,True,,,LTE,5.0,,5.0,False,1Mbps,,,,,unsupported,False,100,,False,100,11000,8800,모요 프로모션 할인,24,2,0,,,,,"네이버페이 3만원 | 네이버페이 5,000원",44,https://www.moyoplan.com/plans/15071,2026-08-11T01:43:06.687727+00:00
MVNO,KT,스마텔,25318,25318,official_code,스위트 11GB+(네이버페이),,moyo,True,,신규 가입을 받지 않는 통신사입니다. 사용 중인 번호 그대로 통신사만 이동할 분들만 가입이 가능해요.,LTE,11.0,,11.0,False,3Mbps,2.0,11.0,,11.0,quota,True,,300,True,,44000,38500,모요 프로모션 할인,36,0,0,,,,,,20,https://www.moyoplan.com/plans/25318,2026-08-11T01:43:06.687727+00:00
MVNO,SKT,에이모바일,37228,37228,official_code,A 스마트 20GB,,moyo,True,,,LTE,20.0,,20.0,False,,,,,,undisclosed,True,,,True,,25520,2200,모요 프로모션 할인,7,1,1,조선일보 종이신문 1개월 무료 구독 이벤트,,,,,4710,https://www.moyoplan.com/plans/37228,2026-08-11T01:43:06.687727+00:00
MVNO,LGU+,찬스모바일,26864,26864,official_code,음성 300분 15GB+3Mbps,,moyo,True,,,LTE,15.0,,15.0,False,3Mbps,,15.0,,15.0,quota,False,300,0,False,300,33000,16800,모요 프로모션 할인,7,1,0,,,,,유심/배송비 무료,46,https://www.moyoplan.com/plans/26864,2026-08-11T01:43:06.687727+00:00
MVNO,LGU+,시월모바일,27749,27749,official_code,시월 무제한 10GB+1Mbps,,moyo,True,,,LTE,,,,True,1Mbps,,,,,undisclosed,True,,,True,,22140,7840,모요 프로모션 할인,7,1,0,,,,,유심/배송비 무료!,129,https://www.moyoplan.com/plans/27749,2026-08-11T01:43:06.687727+00:00
MVNO,SKT,아이즈모바일,35417,35417,official_code,[S]울트라(300분/15GB),,moyo,True,,,LTE,15.0,,15.0,False,,,15.0,,15.0,quota,False,300,,False,100,25300,3300,모요 프로모션 할인,7,0,0,,,,,,1231,https://www.moyoplan.com/plans/35417,2026-08-11T01:43:06.687727+00:00
MVNO,KT,KT스카이라이프,16268,16268,official_code,5G 모두 충분 90GB+,,moyo,True,,,5G,90.0,,90.0,False,1Mbps,,,,,undisclosed,True,,,True,,40300,40300,,,2,0,,,,,"S-머니6만원(1만원X6개월) | 3대마트상품권, 네이버페이 2만원",38,https://www.moyoplan.com/plans/16268,2026-08-11T01:43:06.687727+00:00
MVNO,KT,에이모바일,37172,37172,official_code,A 올라잇 11GB+ 네이버페이,,moyo,True,,,LTE,11.0,,11.0,False,3Mbps,2.0,,,,undisclosed,True,,,True,,42900,9900,모요 프로모션 할인,7,1,1,조선일보 종이신문 1개월 무료 구독 이벤트,,,,,780,https://www.moyoplan.com/plans/37172,2026-08-11T01:43:06.687727+00:00
MVNO,LGU+,스마텔,30991,30991,official_code,우주LTE데이터(15GB+),,moyo,True,,신규 가입을 받지 않는 통신사입니다. 사용 중인 번호 그대로 통신사만 이동할 분들만 가입이 가능해요.,LTE,15.0,,15.0,False,3Mbps,,15.0,,15.0,quota,False,100,,False,100,27000,27000,,,0,0,,,,,,13,https://www.moyoplan.com/plans/30991,2026-08-11T01:43:06.687727+00:00
MVNO,KT,KT스카이라이프,18597,18597,official_code,5G 모두 충분 90GB+(밀리의서재),,moyo,True,,,5G,90.0,,90.0,False,1Mbps,,,,,within_data,True,,300,True,,40300,40300,,,3,1,밀리의서재,,,,"S-머니6만원(1만원X6개월) | 3대마트상품권, 네이버페이 2만원",31,https://www.moyoplan.com/plans/18597,2026-08-11T01:43:06.687727+00:00
MVNO,KT,스마텔,25357,25357,official_code,스위트 7GB+(밀리의서재) (+10GB 24개월간 추가 제공),,moyo,True,,신규 가입을 받지 않는 통신사입니다. 사용 중인 번호 그대로 통신사만 이동할 분들만 가입이 가능해요.,LTE,7.0,,7.0,False,1Mbps,,7.0,,7.0,quota,True,,300,True,,25300,13000,모요 프로모션 할인,12,0,0,,,,,,126,https://www.moyoplan.com/plans/25357,2026-08-11T01:43:06.687727+00:00
MVNO,KT,모빙,37294,37294,official_code,[K] 5G 200분15GB,,moyo,True,,,5G,15.0,,15.0,False,,,,,,unsupported,False,200,,False,100,34100,110,모요 프로모션 할인,7,0,0,,,,,,708,https://www.moyoplan.com/plans/37294,2026-08-11T01:43:06.687727+00:00
MVNO,LGU+,핀다이렉트,36981,36981,official_code,[L] 핀다이렉트Z Speed 95GB+,,moyo,True,,,5G,95.0,,95.0,False,3Mbps,,,,,unsupported,True,,300,True,,45100,22000,모요 프로모션 할인,7,0,0,,,,,,92,https://www.moyoplan.com/plans/36981,2026-08-11T01:43:06.687727+00:00
MVNO,LGU+,모빙,37384,37384,official_code,[L] 5G 데이터 125GB+,,moyo,True,,,5G,125.0,,125.0,False,5Mbps,,,,,unsupported,True,,,True,,53900,17000,모요 프로모션 할인,7,0,0,,,,,,842,https://www.moyoplan.com/plans/37384,2026-08-11T01:43:06.687727+00:00
MVNO,LGU+,아이즈모바일,34850,34850,official_code,[L]벤티(100분/10GB),,moyo,True,,,LTE,10.0,,10.0,False,,,,,,undisclosed,False,100,,False,100,18200,10,모요 프로모션 할인,7,0,0,,,,,,63,https://www.moyoplan.com/plans/34850,2026-08-11T01:43:06.687727+00:00
MVNO,LGU+,에이모바일,37222,37222,official_code,A 5G 스페셜 슈퍼,,moyo,True,,,5G,95.0,,95.0,False,3Mbps,,,,,undisclosed,True,,,True,,48420,9900,모요 프로모션 할인,7,1,1,조선일보 종이신문 1개월 무료 구독 이벤트,,,,,10988,https://www.moyoplan.com/plans/37222,2026-08-11T01:43:06.687727+00:00
MVNO,KT,스마텔,25245,25245,official_code,스위트2 15GB+(네이버페이),,moyo,True,,신규 가입을 받지 않는 통신사입니다. 사용 중인 번호 그대로 통신사만 이동할 분들만 가입이 가능해요.,LTE,15.0,,15.0,False,3Mbps,,15.0,,15.0,quota,False,300,,False,300,38500,31900,모요 프로모션 할인,36,0,0,,,,,,10,https://www.moyoplan.com/plans/25245,2026-08-11T01:43:06.687727+00:00
MVNO,SKT,아이즈모바일,35470,35470,official_code,[S]이디야 화이트 20GB,,moyo,True,,,LTE,20.0,,20.0,False,,,10.0,,10.0,quota,False,200,,False,100,16400,16400,,,1,0,,,,,"매월 이디야 6,000원 모바일 카드 지급",58,https://www.moyoplan.com/plans/35470,2026-08-11T01:43:06.687727+00:00
MVNO,LGU+,모빙,37352,37352,official_code,[L] 5G 100분10GB,,moyo,True,,,5G,10.0,,10.0,False,,,,,,unsupported,False,100,,False,100,22000,10,모요 프로모션 할인,7,0,0,,,,,,1060,https://www.moyoplan.com/plans/37352,2026-08-11T01:43:06.687727+00:00
MVNO,KT,아이즈모바일,35444,35444,official_code,[K]울트라(100분/15GB),,moyo,True,,,LTE,15.0,,15.0,False,,,15.0,,15.0,quota,False,100,,False,100,4500,4500,,,0,0,,,,,,1455,https://www.moyoplan.com/plans/35444,2026-08-11T01:43:06.687727+00:00
MVNO,KT,핀다이렉트,28104,28104,official_code,[모요only] [K] 핀다이렉트Z Mini + 밀리의서재 _PIN,,moyo,True,,신규 가입을 받지 않는 통신사입니다. 사용 중인 번호 그대로 통신사만 이동할 분들만 가입이 가능해요.,LTE,7.0,,7.0,False,1Mbps,,,,,unsupported,True,,,True,,22000,8800,모요 프로모션 할인,7,2,1,밀리의서재,,,,"네이버페이, 마트 상품권 2만원",766,https://www.moyoplan.com/plans/28104,2026-08-11T01:43:06.687727+00:00
MVNO,SKT,모빙,37271,37271,official_code,모빙 300분20GB,,moyo,True,,,LTE,20.0,,20.0,False,,,,,,unsupported,False,300,,False,300,13000,13000,,,0,0,,,,,,206,https://www.moyoplan.com/plans/37271,2026-08-11T01:43:06.687727+00:00
MVNO,LGU+,티플러스,16806,16806,official_code,티플 데이터마음껏1G(100분),,moyo,True,,,LTE,1.0,,1.0,False,1Mbps,,,,,unsupported,False,100,,False,100,6600,6600,,,0,0,,,,,,88,https://www.moyoplan.com/plans/16806,2026-08-11T01:43:06.687727+00:00
MVNO,KT,KT스카이라이프,33081,33081,official_code,모두 충분 10GB+(지니뮤직),,moyo,True,,,LTE,10.0,,10.0,False,1Mbps,,,,,within_data,True,,300,True,,21700,21700,,,2,0,,,,,"S-머니3만원(5천원X6개월) | 3대마트상품권, 네이버페이 2만원",23,https://www.moyoplan.com/plans/33081,2026-08-11T01:43:06.687727+00:00
MVNO,SKT,아이즈모바일,35326,35326,official_code,아이즈 (10GB/200분),,moyo,True,,,LTE,10.0,,10.0,False,,,10.0,,10.0,quota,False,200,,False,200,3600,3600,,,0,0,,,,,,1540,https://www.moyoplan.com/plans/35326,2026-08-11T01:43:06.687727+00:00
MVNO,SKT,아이즈모바일,35340,35340,official_code,아이즈우정(300분/5G),,moyo,True,,,5G,5.0,,5.0,False,,,,,,undisclosed,False,300,,False,100,8500,90,모요 프로모션 할인,12,0,0,,,,,,1430,https://www.moyoplan.com/plans/35340,2026-08-11T01:43:06.687727+00:00
MVNO,KT,스마텔,25306,25306,official_code,스위트 100GB+(왓챠),,moyo,True,,신규 가입을 받지 않는 통신사입니다. 사용 중인 번호 그대로 통신사만 이동할 분들만 가입이 가능해요.,LTE,100.0,,100.0,False,5Mbps,,100.0,,100.0,quota,True,,300,True,,49500,44000,모요 프로모션 할인,36,0,0,,,,,,31,https://www.moyoplan.com/plans/25306,2026-08-11T01:43:06.687727+00:00
MVNO,KT,모빙,37297,37297,official_code,[K] 5G 200분20GB,,moyo,True,,,5G,20.0,,20.0,False,,,,,,unsupported,False,200,,False,100,41800,3300,모요 프로모션 할인,7,0,0,,,,,,190,https://www.moyoplan.com/plans/37297,2026-08-11T01:43:06.687727+00:00
MVNO,KT,스마텔,25346,25346,official_code,CU 스위트 100분/15GB+,,moyo,True,,신규 가입을 받지 않는 통신사입니다. 사용 중인 번호 그대로 통신사만 이동할 분들만 가입이 가능해요.,LTE,15.0,,15.0,False,3Mbps,,,,,unsupported,False,100,,False,100,33000,18000,모요 프로모션 할인,7,0,0,,,,,,10,https://www.moyoplan.com/plans/25346,2026-08-11T01:43:06.687727+00:00
MVNO,SKT,모빙,37415,37415,official_code,[S] 컬쳐랜드 11GB+,,moyo,True,,,LTE,11.0,,11.0,False,3Mbps,2.0,,,,unsupported,True,,,True,,55000,16000,모요 프로모션 할인,7,0,0,,,,,,1045,https://www.moyoplan.com/plans/37415,2026-08-11T01:43:06.687727+00:00
MVNO,KT,고고모바일,34221,34221,official_code,[모요only] 무제한 11GB+3M(다이소 5000원),,moyo,True,,,LTE,11.0,,11.0,False,3Mbps,2.0,,,,within_data,True,,300,True,,40700,22500,모요 프로모션 할인,7,4,0,,,,추가데이터 20GB 제공,"3대 마트 상품권, 네이버페이 2만원 | 다이소상품권 매월 5,000원 제공 | KT유심&배송비 무료",16,https://www.moyoplan.com/plans/34221,2026-08-11T01:43:06.687727+00:00
MVNO,KT,고고모바일,24189,24189,official_code,LTE200분/ 7GB,,moyo,True,,,LTE,7.0,,7.0,False,,,,,,within_data,False,200,,False,100,13420,13420,,,2,0,,,,,"3대 마트 상품권, 네이버페이 2만원 | KT유심&배송비 무료",22,https://www.moyoplan.com/plans/24189,2026-08-11T01:43:06.687727+00:00
MVNO,LGU+,에이모바일,37214,37214,official_code,A 스페셜 15GB+/100분,,moyo,True,,,LTE,15.0,,15.0,False,3Mbps,,,,,undisclosed,False,100,,False,100,28600,5000,모요 프로모션 할인,7,1,1,조선일보 종이신문 1개월 무료 구독 이벤트,,,,,373,https://www.moyoplan.com/plans/37214,2026-08-11T01:43:06.687727+00:00
MVNO,SKT,티플러스,23401,23401,official_code,5G 티플 12GB(12GB/300분),,moyo,True,,,5G,12.0,,12.0,False,,,,,,unsupported,False,300,,False,100,18700,7000,모요 프로모션 할인,4,0,0,,,,,,21,https://www.moyoplan.com/plans/23401,2026-08-11T01:43:06.687727+00:00
MVNO,KT,스마텔,25353,25353,official_code,스위트 15GB+(멜론),,moyo,True,,신규 가입을 받지 않는 통신사입니다. 사용 중인 번호 그대로 통신사만 이동할 분들만 가입이 가능해요.,LTE,15.0,,15.0,False,3Mbps,,15.0,,15.0,quota,False,100,,False,100,36300,30800,모요 프로모션 할인,36,0,0,,,,,,10,https://www.moyoplan.com/plans/25353,2026-08-11T01:43:06.687727+00:00
MVNO,KT,이지모바일,30906,30906,official_code,EG 무제한 71G+3(멜론),,moyo,True,,,LTE,11.0,,11.0,False,3Mbps,2.0,11.0,,11.0,quota,True,,300,True,,39600,22100,모요 프로모션 할인,7,2,0,,,,,멜론 이용권 제공 | 일반유심/배송비 무료,86,https://www.moyoplan.com/plans/30906,2026-08-11T01:43:06.687727+00:00
MVNO,LGU+,티플러스,23683,23683,official_code,티플 데이터마음껏15G＋(100분),,moyo,True,,,LTE,15.0,,15.0,False,3Mbps,,,,,within_data,False,100,,False,100,27500,27500,,,0,0,,,,,,16,https://www.moyoplan.com/plans/23683,2026-08-11T01:43:06.687727+00:00
MVNO,KT,스마텔,25241,25241,official_code,스위트 100GB+(왓챠 프리미엄),,moyo,True,,신규 가입을 받지 않는 통신사입니다. 사용 중인 번호 그대로 통신사만 이동할 분들만 가입이 가능해요.,LTE,100.0,,100.0,False,5Mbps,,100.0,,100.0,quota,True,,300,True,,53900,48400,모요 프로모션 할인,36,0,0,,,,,,28,https://www.moyoplan.com/plans/25241,2026-08-11T01:43:06.687727+00:00
MVNO,SKT,모빙,37249,37249,official_code,모빙 200분7GB,,moyo,True,,,LTE,7.0,,7.0,False,,,,,,unsupported,False,200,,False,200,17600,10,모요 프로모션 할인,7,0,0,,,,,,415,https://www.moyoplan.com/plans/37249,2026-08-11T01:43:06.687727+00:00
MVNO,KT,고고모바일,34222,34222,official_code,[모요only] 무제한 11GB+3M(올리브영 5000원),,moyo,True,,,LTE,11.0,,11.0,False,3Mbps,2.0,,,,within_data,True,,300,True,,40700,22500,모요 프로모션 할인,7,4,0,,,,추가데이터 20GB 제공,"3대 마트 상품권, 네이버페이 2만원 | 올리브영 상품권 매월 5,000원 제공 | KT유심&배송비 무료",25,https://www.moyoplan.com/plans/34222,2026-08-11T01:43:06.687727+00:00
MVNO,KT,스마텔,25292,25292,official_code,스위트 15GB+(지니뮤직),,moyo,True,,신규 가입을 받지 않는 통신사입니다. 사용 중인 번호 그대로 통신사만 이동할 분들만 가입이 가능해요.,LTE,15.0,,15.0,False,3Mbps,,15.0,,15.0,quota,False,100,,False,100,36300,30800,모요 프로모션 할인,36,0,0,,,,,,10,https://www.moyoplan.com/plans/25292,2026-08-11T01:43:06.687727+00:00
MVNO,LGU+,핀다이렉트,31399,31399,official_code,[L] 핀다이렉트Z 15GB+/100분,,moyo,True,,,LTE,15.0,,15.0,False,3Mbps,,,,,unsupported,False,100,,False,100,31900,15000,모요 프로모션 할인,7,1,0,,,,,데이터 로밍 3일 무료 쿠폰,138,https://www.moyoplan.com/plans/31399,2026-08-11T01:43:06.687727+00:00
MVNO,SKT,티플러스,33163,33163,official_code,5G 통화안심 20GB,,moyo,True,,,5G,20.0,,20.0,False,,,,,,unsupported,True,,,False,100,28600,13900,모요 프로모션 할인,4,0,0,,,,,,56,https://www.moyoplan.com/plans/33163,2026-08-11T01:43:06.687727+00:00
MVNO,LGU+,티플러스,34863,34863,official_code,티플 데이터마음껏5G(100분)_24개월 할인,,moyo,True,,,LTE,5.0,,5.0,False,1Mbps,,,,,unsupported,False,100,,False,100,11550,6600,모요 프로모션 할인,24,0,0,,,,,,77,https://www.moyoplan.com/plans/34863,2026-08-11T01:43:06.687727+00:00
MVNO,LGU+,아이즈모바일,36219,36219,official_code,[L]무한100GB+,,moyo,True,,,LTE,100.0,,100.0,False,5Mbps,,11.0,,11.0,quota,True,,300,True,,28500,28500,,,0,0,,,,,,3762,https://www.moyoplan.com/plans/36219,2026-08-11T01:43:06.687727+00:00
MVNO,KT,스마텔,25240,25240,official_code,스위트 15GB+(네이버페이),,moyo,True,,신규 가입을 받지 않는 통신사입니다. 사용 중인 번호 그대로 통신사만 이동할 분들만 가입이 가능해요.,LTE,15.0,,15.0,False,3Mbps,,15.0,,15.0,quota,False,100,,False,100,36300,30800,모요 프로모션 할인,36,0,0,,,,,,22,https://www.moyoplan.com/plans/25240,2026-08-11T01:43:06.687727+00:00
MVNO,LGU+,스마텔,27860,27860,official_code,스마트 11GB+,,moyo,True,,신규 가입을 받지 않는 통신사입니다. 사용 중인 번호 그대로 통신사만 이동할 분들만 가입이 가능해요.,LTE,11.0,,11.0,False,3Mbps,2.0,,,,unsupported,True,,300,True,,40700,20000,모요 프로모션 할인,7,0,0,,,,,,47,https://www.moyoplan.com/plans/27860,2026-08-11T01:43:06.687727+00:00
MVNO,KT,고고모바일,30945,30945,official_code,무제한 15GB+1M(올리브영 매월 5000원),,moyo,True,,,LTE,15.0,,15.0,False,1Mbps,,,,,within_data,True,,300,True,,25960,25960,,,5,0,,,,추가데이터 10GB 제공 | 데이터 매월 10GB 추가 증정 (24개월간),"3대 마트 상품권, 네이버페이 2만원 | 올리브영 상품권 매월 5,000원 제공 | KT유심&배송비 무료",12,https://www.moyoplan.com/plans/30945,2026-08-11T01:43:06.687727+00:00
MVNO,SKT,아이즈모바일,35354,35354,official_code,[S]벤티(300분/7GB),,moyo,True,,,LTE,7.0,,7.0,False,,,7.0,,7.0,quota,False,300,,False,100,18500,100,모요 프로모션 할인,7,0,0,,,,,,1130,https://www.moyoplan.com/plans/35354,2026-08-11T01:43:06.687727+00:00
MVNO,KT,모빙,37299,37299,official_code,5G 쏙쏙 300분20GB,,moyo,True,,,5G,20.0,,20.0,False,,,,,,unsupported,False,300,,False,100,41800,4400,모요 프로모션 할인,7,0,0,,,,,,154,https://www.moyoplan.com/plans/37299,2026-08-11T01:43:06.687727+00:00
MVNO,KT,쉐이크모바일,31004,31004,official_code,[모요only] 쉐이크 LTE 11GB+_모아진 전자 구독,,moyo,True,,,LTE,11.0,,11.0,False,3Mbps,2.0,11.0,,11.0,quota,True,,300,True,,40700,21000,모요 프로모션 할인,7,5,1,모아진(전자잡지) 무료 구독권,,,SOLO결합(+20GB) | 데이터쿠폰 20GB,"매월 1천원 요금할인 (팝테일 가입·인증) | 마트상품권, 네이버페이 최대 2만원",38,https://www.moyoplan.com/plans/31004,2026-08-11T01:43:06.687727+00:00
MVNO,SKT,스마텔,25250,25250,official_code,스마일프리미엄2 7GB+,,moyo,True,,,LTE,7.0,,7.0,False,1Mbps,,7.0,,7.0,quota,True,,300,True,,19800,19800,,,0,0,,,,,,85,https://www.moyoplan.com/plans/25250,2026-08-11T01:43:06.687727+00:00
MVNO,KT,쉐이크모바일,23368,23368,official_code,[모요only] 쉐이크 LTE 11GB+_CU,,moyo,True,,,LTE,11.0,,11.0,False,3Mbps,2.0,11.0,,11.0,quota,True,,300,True,,40700,21000,모요 프로모션 할인,7,5,0,,,,SOLO결합(+20GB) | 데이터쿠폰 20GB,"매월 1천원 요금할인 (팝테일 가입·인증) | 마트상품권, 네이버페이 최대 2만원 | CU 20% 오프라인 결제할인",63,https://www.moyoplan.com/plans/23368,2026-08-11T01:43:06.687727+00:00
MVNO,KT,KT스카이라이프,13787,13787,official_code,모두 충분 6GB+,,moyo,True,,,LTE,6.0,,6.0,False,400Kbps,,,,,within_data,True,,30,True,,14900,14900,,,2,0,,,,,"S-머니3만원(5천원X6개월) | 3대마트상품권, 네이버페이 2만원",53,https://www.moyoplan.com/plans/13787,2026-08-11T01:43:06.687727+00:00
MVNO,KT,위너스텔,20918,20918,official_code,WELL ON 비디오,,moyo,True,,,LTE,100.0,,100.0,False,5Mbps,,,,,unsupported,True,,300,True,,42900,42900,,,0,0,,,,,,21,https://www.moyoplan.com/plans/20918,2026-08-11T01:43:06.687727+00:00
MVNO,KT,모빙,37290,37290,official_code,쏙쏙 300분7GB,,moyo,True,,,LTE,7.0,,7.0,False,,,,,,unsupported,False,300,,False,100,9900,110,모요 프로모션 할인,5,0,0,,,,,,142,https://www.moyoplan.com/plans/37290,2026-08-11T01:43:06.687727+00:00
MVNO,LGU+,모빙,37388,37388,official_code,[L] 100분15GB+_2y_plus,,moyo,True,,,LTE,15.0,,15.0,False,3Mbps,,,,,unsupported,False,100,,False,100,39000,19000,모요 프로모션 할인,24,0,0,,,,,,146,https://www.moyoplan.com/plans/37388,2026-08-11T01:43:06.687727+00:00
MVNO,KT,고고모바일,30944,30944,official_code,무제한 11GB+3M(올리브영 매월 5000원),,moyo,True,,,LTE,11.0,,11.0,False,3Mbps,2.0,,,,within_data,True,,300,True,,39160,39160,,,4,0,,,,추가데이터 20GB 제공,"3대 마트 상품권, 네이버페이 2만원 | 올리브영 상품권 매월 5,000원 제공 | KT유심&배송비 무료",19,https://www.moyoplan.com/plans/30944,2026-08-11T01:43:06.687727+00:00
MVNO,LGU+,이야기모바일,20075,20075,official_code,[모요only] 내맘대로 (0분+1GB),,moyo,True,,,LTE,1.0,,1.0,False,,,,,,unsupported,False,0,,False,0,4400,4400,,,1,0,,,,,"네이버페이 5,000원",53,https://www.moyoplan.com/plans/20075,2026-08-11T01:43:06.687727+00:00
MVNO,SKT,티플러스,20742,20742,official_code,5G 티플 10GB(10GB/300분)_평생요금,,moyo,True,,,5G,10.0,,10.0,False,,,,,,within_data,False,300,,False,100,8990,8990,,,0,0,,,,,,199,https://www.moyoplan.com/plans/20742,2026-08-11T01:43:06.687727+00:00
MVNO,KT,아이즈모바일,35447,35447,official_code,[K]울트라(300분/20GB),,moyo,True,,,LTE,20.0,,20.0,False,,,20.0,,20.0,quota,False,300,,False,200,30800,100,모요 프로모션 할인,7,0,0,,,,,,1338,https://www.moyoplan.com/plans/35447,2026-08-11T01:43:06.687727+00:00
MVNO,KT,아이즈모바일,37420,37420,official_code,[K]5G 네이버페이 110GB+,,moyo,True,,,5G,110.0,,110.0,False,5Mbps,,,,,undisclosed,True,,,True,,58300,19000,모요 프로모션 할인,7,0,0,,,,,,61,https://www.moyoplan.com/plans/37420,2026-08-11T01:43:06.687727+00:00
MVNO,SKT,에이모바일,37235,37235,official_code,A 넥스트 15GB+/300분,,moyo,True,,,LTE,15.0,,15.0,False,3Mbps,,,,,undisclosed,False,300,,False,300,29900,10900,모요 프로모션 할인,7,2,1,조선일보 종이신문 1개월 무료 구독 이벤트,,,,네이버페이 1만원 지급 이벤트,142,https://www.moyoplan.com/plans/37235,2026-08-11T01:43:06.687727+00:00
MVNO,SKT,이야기모바일,13984,13984,official_code,5G 함께이야기해S (200분+3GB),,moyo,True,,,5G,3.0,,3.0,False,,,,,,unsupported,False,200,,False,100,6600,6600,,,1,0,,,,,"네이버페이 5,000원",29,https://www.moyoplan.com/plans/13984,2026-08-11T01:43:06.687727+00:00
MVNO,KT,고고모바일,23375,23375,official_code,[모요only] 5G 무제한 70GB+1Mbps,,moyo,True,,,5G,70.0,,70.0,False,1Mbps,,40.0,,40.0,quota,True,,300,True,,42900,31000,모요 프로모션 할인,12,3,0,,,,추가데이터 10GB 제공,"3대 마트 상품권, 네이버페이 2만원 | KT유심&배송비 무료",39,https://www.moyoplan.com/plans/23375,2026-08-11T01:43:06.687727+00:00
MVNO,KT,위너스텔,36206,36206,official_code,WELL60분+500MB,,moyo,True,,,LTE,0.488,,0.488,False,,,,,,unsupported,False,60,,False,60,3850,3850,,,0,0,,,,,,25,https://www.moyoplan.com/plans/36206,2026-08-11T01:43:06.687727+00:00
MVNO,LGU+,모빙,37385,37385,official_code,[L] 데이터 100GB+,,moyo,True,,,LTE,100.0,,100.0,False,5Mbps,,,,,unsupported,True,,,True,,53900,18000,모요 프로모션 할인,7,0,0,,,,,,371,https://www.moyoplan.com/plans/37385,2026-08-11T01:43:06.687727+00:00
MVNO,SKT,이야기모바일,13985,13985,official_code,5G 함께이야기해S (200분+6GB),,moyo,True,,,5G,6.0,,6.0,False,,,,,,unsupported,False,200,,False,100,8800,8800,,,1,0,,,,,"네이버페이 5,000원",49,https://www.moyoplan.com/plans/13985,2026-08-11T01:43:06.687727+00:00
MVNO,KT,고고모바일,20002,20002,official_code,LTE300분/5GB-데이터소진후 자동차단,,moyo,True,,,LTE,5.0,,5.0,False,,,,,,within_data,False,300,,False,300,13640,13640,,,2,0,,,,,"3대 마트 상품권, 네이버페이 2만원 | KT유심&배송비 무료",10,https://www.moyoplan.com/plans/20002,2026-08-11T01:43:06.687727+00:00
MVNO,KT,스마텔,31924,31924,official_code,스위트 11GB+(다이소 3000),,moyo,True,,신규 가입을 받지 않는 통신사입니다. 사용 중인 번호 그대로 통신사만 이동할 분들만 가입이 가능해요.,LTE,11.0,,11.0,False,3Mbps,2.0,11.0,,11.0,quota,True,,300,True,,42130,22500,모요 프로모션 할인,7,0,0,,,,,,10,https://www.moyoplan.com/plans/31924,2026-08-11T01:43:06.687727+00:00
MVNO,LGU+,티플러스,17274,17274,official_code,티플포유(1.8G/50분),,moyo,True,,,LTE,1.8,,1.8,False,,,,,,within_data,False,50,,False,50,3300,3300,,,0,0,,,,,,37,https://www.moyoplan.com/plans/17274,2026-08-11T01:43:06.687727+00:00
MVNO,LGU+,이야기모바일,26741,26741,official_code,내맘대로(100분+6GB)(5G),,moyo,True,,,5G,6.0,,6.0,False,,,,,,unsupported,False,100,,False,100,8800,8800,,,1,0,,,,,"네이버페이 5,000원",11,https://www.moyoplan.com/plans/26741,2026-08-11T01:43:06.687727+00:00
MVNO,KT,모빙,37339,37339,official_code,[K] 페이포인트 11GB+,,moyo,True,,,LTE,11.0,,11.0,False,3Mbps,2.0,,,,unsupported,True,,,True,,52800,27940,모요 프로모션 할인,24,0,0,,,,,,10,https://www.moyoplan.com/plans/37339,2026-08-11T01:43:06.687727+00:00
MVNO,LGU+,아이즈모바일,35787,35787,official_code,[L]5G 데이터안심(300분/15GB+),,moyo,True,,,5G,15.0,,15.0,False,1Mbps,,,,,undisclosed,False,300,,False,300,33000,2900,모요 프로모션 할인,7,0,0,,,,,,911,https://www.moyoplan.com/plans/35787,2026-08-11T01:43:06.687727+00:00
MVNO,SKT,스마텔,25314,25314,official_code,스마일플러스(200분+1GB),,moyo,True,,,LTE,1.0,,1.0,False,,,1.0,,1.0,quota,False,200,,False,100,6000,1820,모요 프로모션 할인,5,0,0,,,,,,214,https://www.moyoplan.com/plans/25314,2026-08-11T01:43:06.687727+00:00
MVNO,KT,아이즈모바일,35385,35385,official_code,[K]무한100분/15GB+ Npay,,moyo,True,,,LTE,15.0,,15.0,False,3Mbps,,,,,undisclosed,False,100,,False,100,38500,12000,모요 프로모션 할인,7,2,0,,,,SOLO결합 데이터 10GB 지급,"네이버페이 매달 5,000원 지급",119,https://www.moyoplan.com/plans/35385,2026-08-11T01:43:06.687727+00:00
MVNO,LGU+,시월모바일,31350,31350,official_code,쿠폰팩 100분15GB+,,moyo,True,,,LTE,15.0,,15.0,False,3Mbps,,,,,within_data,False,100,,False,100,33060,17000,모요 프로모션 할인,7,2,0,,,,,24개월간 월 5000원씩(네이버페이 가능) | 유심/배송비 무료!,33,https://www.moyoplan.com/plans/31350,2026-08-11T01:43:06.687727+00:00
MVNO,LGU+,모빙,37382,37382,official_code,[L] 5G 데이터 95GB+,,moyo,True,,,5G,95.0,,95.0,False,3Mbps,,,,,unsupported,True,,,True,,51700,16000,모요 프로모션 할인,7,0,0,,,,,,18,https://www.moyoplan.com/plans/37382,2026-08-11T01:43:06.687727+00:00
MVNO,SKT,티플러스,29904,29904,official_code,티플 위드유 100GB+(G car+세차클링),,moyo,True,,,LTE,100.0,,100.0,False,5Mbps,,,,,unsupported,True,,,True,,48400,23000,모요 프로모션 할인,7,2,0,,,,,롯데렌터카 연간 패스 이용권 | 세차 클링 출장 세차 할인 쿠폰,49,https://www.moyoplan.com/plans/29904,2026-08-11T01:43:06.687727+00:00
MVNO,SKT,티플러스,29902,29902,official_code,티플 위드유 15GB+(100분)(G car+세차클링),,moyo,True,,,LTE,15.0,,15.0,False,3Mbps,,,,,unsupported,False,100,,False,100,31900,17000,모요 프로모션 할인,7,2,0,,,,,롯데렌터카 연간 패스 이용권 | 세차 클링 출장 세차 할인 쿠폰,15,https://www.moyoplan.com/plans/29902,2026-08-11T01:43:06.687727+00:00
MVNO,LGU+,이야기모바일,8169,8169,official_code,내맘대로 차단형 (50분+1GB),,moyo,True,,,LTE,1.0,,1.0,False,,,,,,unsupported,False,50,,False,50,7920,7920,,,1,0,,,,,"네이버페이 5,000원",22,https://www.moyoplan.com/plans/8169,2026-08-11T01:43:06.687727+00:00
MVNO,SKT,티플러스,27260,27260,official_code,티플 SNOW 15GB+(100분) [12개월간 SNOW앱 무료],,moyo,True,,,LTE,15.0,,15.0,False,3Mbps,,,,,unsupported,False,100,,False,100,31900,17000,모요 프로모션 할인,7,1,1,SNOW 앱 VIP 월 구독권,,,,,16,https://www.moyoplan.com/plans/27260,2026-08-11T01:43:06.687727+00:00
MVNO,SKT,아이즈모바일,35329,35329,official_code,아이즈 (10GB/300분),,moyo,True,,,LTE,10.0,,10.0,False,,,10.0,,10.0,quota,False,300,,False,300,3900,3900,,,0,0,,,,,,869,https://www.moyoplan.com/plans/35329,2026-08-11T01:43:06.687727+00:00
MVNO,LGU+,에이모바일,37213,37213,official_code,A 갓성비 15GB/300분,,moyo,True,,,LTE,15.0,,15.0,False,,,,,,undisclosed,False,300,,False,300,18000,5460,모요 프로모션 할인,6,1,1,조선일보 종이신문 1개월 무료 구독 이벤트,,,,,166,https://www.moyoplan.com/plans/37213,2026-08-11T01:43:06.687727+00:00
MVNO,LGU+,이야기모바일,15059,15059,official_code,이야기 라이트 1GB+,,moyo,True,,,LTE,1.0,,1.0,False,1Mbps,,,,,unsupported,True,,,True,,8800,8800,,,1,0,,,,,"네이버페이 5,000원",254,https://www.moyoplan.com/plans/15059,2026-08-11T01:43:06.687727+00:00
MVNO,LGU+,인스모바일,11090,11090,official_code,실속 300분+3GB(USIM),,moyo,True,,,LTE,3.0,,3.0,False,,,,,,undisclosed,False,300,,False,100,17600,1100,모요 프로모션 할인,6,0,0,,,,,,10,https://www.moyoplan.com/plans/11090,2026-08-11T01:43:06.687727+00:00
MVNO,LGU+,인스모바일,11088,11088,official_code,실속 200분+2GB(USIM),,moyo,True,,,LTE,2.0,,2.0,False,,,,,,undisclosed,False,200,,False,50,12100,1100,모요 프로모션 할인,6,0,0,,,,,,12,https://www.moyoplan.com/plans/11088,2026-08-11T01:43:06.687727+00:00
MVNO,LGU+,아이즈모바일,20060,20060,official_code,세이브머니유심(100분/5GB+),,moyo,True,,,LTE,5.0,,5.0,False,1Mbps,,,,,undisclosed,False,100,,False,100,3500,3500,,,0,0,,,,,,210,https://www.moyoplan.com/plans/20060,2026-08-11T01:43:06.687727+00:00
MVNO,SKT,티플러스,18523,18523,official_code,The 완전마음껏 11GB＋,,moyo,True,,,LTE,11.0,,11.0,False,3Mbps,2.0,,,,unsupported,True,,,True,,39600,20000,모요 프로모션 할인,7,0,0,,,,,,120,https://www.moyoplan.com/plans/18523,2026-08-11T01:43:06.687727+00:00
MVNO,SKT,스마텔,25230,25230,official_code,USIM 안심데이터 11GB,,moyo,True,,,LTE,11.0,,11.0,False,3Mbps,2.0,11.0,,11.0,quota,True,,300,True,,36600,36600,,,0,0,,,,,,124,https://www.moyoplan.com/plans/25230,2026-08-11T01:43:06.687727+00:00
MVNO,KT,고고모바일,24010,24010,official_code,LTE무제한 11GB+3M(CU20%할인),,moyo,True,,,LTE,11.0,,11.0,False,3Mbps,2.0,11.0,,11.0,quota,True,,300,True,,36850,36850,,,4,0,,,,추가데이터 20GB 제공,"3대 마트 상품권, 네이버페이 2만원 | CU 20% 오프라인 결제할인 | KT유심&배송비 무료",34,https://www.moyoplan.com/plans/24010,2026-08-11T01:43:06.687727+00:00
MVNO,LGU+,모빙,37386,37386,official_code,실속 데이터 매일5GB+,,moyo,True,,,LTE,,,,False,5Mbps,5.0,,,,unsupported,True,,,True,,51700,18000,모요 프로모션 할인,7,0,0,,,,,,156,https://www.moyoplan.com/plans/37386,2026-08-11T01:43:06.687727+00:00
MVNO,LGU+,인스모바일,11318,11318,official_code,[평생할인]인스 유심 올프리 7GB+,,moyo,True,,,LTE,7.0,,7.0,False,1Mbps,,,,,within_data,True,,300,True,,15400,15400,,,0,0,,,,,,78,https://www.moyoplan.com/plans/11318,2026-08-11T01:43:06.687727+00:00
MVNO,KT,스마텔,25265,25265,official_code,스위트2 15GB+(지니뮤직),,moyo,True,,신규 가입을 받지 않는 통신사입니다. 사용 중인 번호 그대로 통신사만 이동할 분들만 가입이 가능해요.,LTE,15.0,,15.0,False,3Mbps,,15.0,,15.0,quota,False,300,,False,300,38500,33000,모요 프로모션 할인,36,0,0,,,,,,10,https://www.moyoplan.com/plans/25265,2026-08-11T01:43:06.687727+00:00
MVNO,LGU+,스마텔,27852,27852,official_code,후후 스마트,,moyo,True,,신규 가입을 받지 않는 통신사입니다. 사용 중인 번호 그대로 통신사만 이동할 분들만 가입이 가능해요.,LTE,,,,False,5Mbps,5.0,,,,undisclosed,True,,,True,,47630,23330,모요 프로모션 할인,7,0,0,,,,,,21,https://www.moyoplan.com/plans/27852,2026-08-11T01:43:06.687727+00:00
MVNO,SKT,이야기모바일,16406,16406,official_code,이야기 무한 10GB+,,moyo,True,,,LTE,10.0,,10.0,False,1Mbps,,,,,unsupported,True,,,True,,37400,12100,모요 프로모션 할인,7,1,0,,,,,"네이버페이 5,000원",31,https://www.moyoplan.com/plans/16406,2026-08-11T01:43:06.687727+00:00
MVNO,LGU+,모빙,37351,37351,official_code,[L] 5G 데이터 4.5GB+,,moyo,True,,,5G,4.5,,4.5,False,1Mbps,,,,,unsupported,True,,,False,100,18000,10,모요 프로모션 할인,6,0,0,,,,,,1056,https://www.moyoplan.com/plans/37351,2026-08-11T01:43:06.687727+00:00
MVNO,LGU+,모빙,37387,37387,official_code,[L] 5G 데이터 150GB+,,moyo,True,,,5G,150.0,,150.0,False,5Mbps,,,,,unsupported,True,,,True,,63800,18000,모요 프로모션 할인,7,0,0,,,,,,13,https://www.moyoplan.com/plans/37387,2026-08-11T01:43:06.687727+00:00
MVNO,LGU+,에이모바일,37207,37207,official_code,A 스페셜 15GB+,,moyo,True,,,LTE,15.0,,15.0,False,1Mbps,,,,,undisclosed,True,,,True,,28600,5000,모요 프로모션 할인,7,1,1,조선일보 종이신문 1개월 무료 구독 이벤트,,,,,166,https://www.moyoplan.com/plans/37207,2026-08-11T01:43:06.687727+00:00
MVNO,KT,모빙,37340,37340,official_code,[K] 요기요 11GB+,,moyo,True,,,LTE,11.0,,11.0,False,3Mbps,2.0,,,,unsupported,True,,,True,,52800,28050,모요 프로모션 할인,24,0,0,,,,,,26,https://www.moyoplan.com/plans/37340,2026-08-11T01:43:06.687727+00:00
MVNO,LGU+,에이모바일,37215,37215,official_code,A 스페셜 15GB+/300분,,moyo,True,,,LTE,15.0,,15.0,False,3Mbps,,,,,undisclosed,False,300,,False,300,30800,5999,모요 프로모션 할인,7,1,1,조선일보 종이신문 1개월 무료 구독 이벤트,,,,,142,https://www.moyoplan.com/plans/37215,2026-08-11T01:43:06.687727+00:00
MVNO,KT,스마텔,31749,31749,official_code,스위트 300분 15GB+(밀리의서재),,moyo,True,,신규 가입을 받지 않는 통신사입니다. 사용 중인 번호 그대로 통신사만 이동할 분들만 가입이 가능해요.,LTE,15.0,,15.0,False,1Mbps,,,,,unsupported,False,300,,False,300,34100,19000,모요 프로모션 할인,7,0,0,,,,,,11,https://www.moyoplan.com/plans/31749,2026-08-11T01:43:06.687727+00:00
MVNO,KT,모빙,37329,37329,official_code,[K] 모아진 100GB+,,moyo,True,,,LTE,100.0,,100.0,False,5Mbps,,,,,unsupported,True,,,True,,57200,18700,모요 프로모션 할인,7,0,0,,,,,,56,https://www.moyoplan.com/plans/37329,2026-08-11T01:43:06.687727+00:00
MVNO,SKT,에이모바일,37243,37243,official_code,A 넥스트 100GB+(네이버페이 1만x7개월),,moyo,True,,,LTE,100.0,,100.0,False,5Mbps,,,,,undisclosed,True,,,True,,45100,18900,모요 프로모션 할인,7,3,1,조선일보 종이신문 1개월 무료 구독 이벤트,,,,네이버페이 1만원x7개월 지급 이벤트 | 네이버페이 1만원 지급 이벤트,223,https://www.moyoplan.com/plans/37243,2026-08-11T01:43:06.687727+00:00
MVNO,KT,아이즈모바일,23036,23036,official_code,[K]무한15GB+ 밀리의서재,,moyo,True,,,LTE,15.0,,15.0,False,1Mbps,,,,,undisclosed,True,,,True,,18900,18900,,,2,1,밀리의서재,,,SOLO결합 데이터 10GB 지급,,32,https://www.moyoplan.com/plans/23036,2026-08-11T01:43:06.687727+00:00
MVNO,KT,모빙,37333,37333,official_code,[K] 데이터 100GB+,,moyo,True,,,LTE,100.0,,100.0,False,5Mbps,,,,,unsupported,True,,,True,,50600,18700,모요 프로모션 할인,7,0,0,,,,,,56,https://www.moyoplan.com/plans/37333,2026-08-11T01:43:06.687727+00:00
MVNO,LGU+,이지모바일,30856,30856,official_code,이지 무한 10G+1,,moyo,True,,,LTE,10.0,,10.0,False,1Mbps,,10.0,,10.0,quota,True,,300,True,,24200,13200,모요 프로모션 할인,7,1,0,,,,,일반유심/배송비 무료,15,https://www.moyoplan.com/plans/30856,2026-08-11T01:43:06.687727+00:00
MVNO,LGU+,KG모바일,26317,26317,official_code,[모빌카드 스페셜] 유심 5G 50GB+,,moyo,True,,,5G,50.0,,50.0,False,1Mbps,,,,,unsupported,True,,300,True,,46750,25520,모요 프로모션 할인,7,1,0,,,,,일반 유심/배송비 무료,193,https://www.moyoplan.com/plans/26317,2026-08-11T01:43:06.687727+00:00
MVNO,LGU+,모나,22824,22824,official_code,수다맘껏데이터150G+,,moyo,True,,,LTE,,,,False,5Mbps,5.0,,,,undisclosed,True,,,True,,46200,23100,모요 프로모션 할인,7,2,0,,,,,NFC 유심 무료 제공 | 4대 편의점 최대 10.1%적립,37,https://www.moyoplan.com/plans/22824,2026-08-11T01:43:06.687727+00:00
MVNO,KT,모빙,37325,37325,official_code,[K] 모아진 11GB+,,moyo,True,,,LTE,11.0,,11.0,False,3Mbps,2.0,,,,unsupported,True,,,True,,52800,16500,모요 프로모션 할인,7,0,0,,,,,,10,https://www.moyoplan.com/plans/37325,2026-08-11T01:43:06.687727+00:00
MVNO,SKT,에이모바일,37233,37233,official_code,A 5G 스마트 10GB/200분,,moyo,True,,,5G,10.0,,10.0,False,,,,,,undisclosed,False,200,,False,100,13200,110,모요 프로모션 할인,7,1,1,조선일보 종이신문 1개월 무료 구독 이벤트,,,,,1166,https://www.moyoplan.com/plans/37233,2026-08-11T01:43:06.687727+00:00
MVNO,KT,에이모바일,37178,37178,official_code,A 올라잇 11GB+ 밀리의서재(+추가 네이버페이 1만x7개월),,moyo,True,,,LTE,11.0,,11.0,False,3Mbps,2.0,,,,undisclosed,True,,,True,,39600,16800,모요 프로모션 할인,7,2,1,조선일보 종이신문 1개월 무료 구독 이벤트,,,,네이버페이 1만원x7개월 지급 이벤트,116,https://www.moyoplan.com/plans/37178,2026-08-11T01:43:06.687727+00:00
MVNO,KT,쉐이크모바일,23369,23369,official_code,[모요only] 쉐이크 LTE 15GB+_CU,,moyo,True,,,LTE,15.0,,15.0,False,1Mbps,,,,,within_data,True,,300,True,,27500,17000,모요 프로모션 할인,7,6,0,,,,SOLO결합(+10GB) | 데이터 매월 10GB 추가 증정(24개월) | 데이터쿠폰 20GB,"매월 1천원 요금할인 (팝테일 가입·인증) | 마트상품권, 네이버페이 최대 2만원 | CU 20% 오프라인 결제할인",93,https://www.moyoplan.com/plans/23369,2026-08-11T01:43:06.687727+00:00
MVNO,KT,더원모바일,35528,35528,official_code,TOP 10GB 기본 (올리브영),,moyo,True,,,LTE,10.0,,10.0,False,1Mbps,,,,,undisclosed,True,,,True,,28600,9900,모요 프로모션 할인,7,2,0,,,,솔로결합(+10GB),"3대 마트 상품권, 네이버페이 2만원",10,https://www.moyoplan.com/plans/35528,2026-08-11T01:43:06.687727+00:00
MVNO,KT,더원모바일,35529,35529,official_code,TOP 10GB 기본 (다이소),,moyo,True,,,LTE,10.0,,10.0,False,1Mbps,,,,,undisclosed,True,,,True,,28600,9900,모요 프로모션 할인,7,2,0,,,,솔로결합(+10GB),"3대 마트 상품권, 네이버페이 2만원",10,https://www.moyoplan.com/plans/35529,2026-08-11T01:43:06.687727+00:00
MVNO,SKT,모빙,37253,37253,official_code,[S] 200분5GB,,moyo,True,,,LTE,5.0,,5.0,False,,,,,,unsupported,False,200,,False,100,16500,990,모요 프로모션 할인,12,0,0,,,,,,898,https://www.moyoplan.com/plans/37253,2026-08-11T01:43:06.687727+00:00
MVNO,SKT,에이모바일,37242,37242,official_code,A 넥스트 71GB+(네이버페이 1만x7개월),,moyo,True,,,LTE,11.0,,11.0,False,3Mbps,2.0,,,,undisclosed,True,,,True,,36300,16800,모요 프로모션 할인,7,3,1,조선일보 종이신문 1개월 무료 구독 이벤트,,,,네이버페이 1만원x7개월 지급 이벤트 | 네이버페이 1만원 지급 이벤트,152,https://www.moyoplan.com/plans/37242,2026-08-11T01:43:06.687727+00:00
MVNO,LGU+,모빙,37376,37376,official_code,[L] 데이터7GB+_2y_plus,,moyo,True,,,LTE,7.0,,7.0,False,1Mbps,,,,,unsupported,True,,,True,,42000,12000,모요 프로모션 할인,24,0,0,,,,,,70,https://www.moyoplan.com/plans/37376,2026-08-11T01:43:06.687727+00:00
MVNO,SKT,스마텔,25226,25226,official_code,후후 스마일 7GB+,,moyo,True,,,LTE,7.0,,7.0,False,1Mbps,,7.0,,7.0,quota,True,,300,True,,24530,10330,모요 프로모션 할인,7,0,0,,,,,,38,https://www.moyoplan.com/plans/25226,2026-08-11T01:43:06.687727+00:00
MVNO,KT,모빙,37295,37295,official_code,쏙쏙 200분10GB,,moyo,True,,,LTE,10.0,,10.0,False,,,,,,unsupported,False,200,,False,200,20900,110,모요 프로모션 할인,5,0,0,,,,,,658,https://www.moyoplan.com/plans/37295,2026-08-11T01:43:06.687727+00:00
MVNO,KT,모빙,37330,37330,official_code,[K] 데이터 일5GB+,,moyo,True,,,LTE,,,,False,5Mbps,5.0,,,,unsupported,True,,,True,,51700,18700,모요 프로모션 할인,7,0,0,,,,,,72,https://www.moyoplan.com/plans/37330,2026-08-11T01:43:06.687727+00:00
MVNO,SKT,이야기모바일,29950,29950,official_code,이야기 라이트S 100분 20GB+,,moyo,True,,,LTE,20.0,,20.0,False,1Mbps,,,,,unsupported,False,100,,False,100,30800,30800,,,1,0,,,,,"네이버페이 5,000원",12,https://www.moyoplan.com/plans/29950,2026-08-11T01:43:06.687727+00:00
MVNO,LGU+,모빙,37367,37367,official_code,[L] 5G 300분15GB+,,moyo,True,,,5G,15.0,,15.0,False,1Mbps,,,,,unsupported,False,300,,False,300,33000,5500,모요 프로모션 할인,6,0,0,,,,,,3234,https://www.moyoplan.com/plans/37367,2026-08-11T01:43:06.687727+00:00
MVNO,KT,아이즈모바일,35424,35424,official_code,[K]롯시&밀리 100분/15GB+,,moyo,True,,,LTE,15.0,,15.0,False,3Mbps,,,,,undisclosed,False,100,,False,100,38500,9900,모요 프로모션 할인,7,3,1,밀리의서재,,,SOLO결합 데이터 10GB 지급,매월 롯데시네마 관람권 지급,217,https://www.moyoplan.com/plans/35424,2026-08-11T01:43:06.687727+00:00
MVNO,LGU+,인스모바일,15305,15305,official_code,인스 유심 스피드(5G) 180GB+,,moyo,True,,,5G,180.0,,180.0,False,10Mbps,,,,,undisclosed,True,,,True,,63600,31480,모요 프로모션 할인,7,0,0,,,,,,54,https://www.moyoplan.com/plans/15305,2026-08-11T01:43:06.687727+00:00
MVNO,KT,티플러스,23286,23286,official_code,KT 7GB+ (밀리의서재+올리브영 매월 5천원 상품권!),,moyo,True,,,LTE,7.0,,7.0,False,1Mbps,,,,,unsupported,True,,,True,,30800,8900,모요 프로모션 할인,7,7,1,밀리의서재,,,개통시 매월 10GB 데이터 추가 지급,"3대마트 상품권/네이버페이 1만원 증정 | 마트 상품권/네이버페이 1만원 증정 | 올리브영 12개월간 매월 5,000원 상품권",967,https://www.moyoplan.com/plans/23286,2026-08-11T01:43:06.687727+00:00
MVNO,KT,고고모바일,30946,30946,official_code,무제한 7GB+1M(올리브영 매월 5000원),,moyo,True,,,LTE,7.0,,7.0,False,1Mbps,,,,,within_data,True,,300,True,,21560,21560,,,5,0,,,,데이터 매월 10GB 추가 증정 (24개월간) | 추가데이터 5GB 제공,"3대 마트 상품권, 네이버페이 2만원 | 올리브영 상품권 매월 5,000원 제공 | KT유심&배송비 무료",23,https://www.moyoplan.com/plans/30946,2026-08-11T01:43:06.687727+00:00
MVNO,LGU+,티플러스,23779,23779,official_code,티플 10GB(10GB/300분),,moyo,True,,,LTE,10.0,,10.0,False,,,10.0,,10.0,quota,False,300,,False,100,8990,8990,,,0,0,,,,,,71,https://www.moyoplan.com/plans/23779,2026-08-11T01:43:06.687727+00:00
MVNO,KT,이지모바일,35789,35789,official_code,EG 무제한 10GB+1(모아진),,moyo,True,,,LTE,10.0,,10.0,False,1Mbps,,10.0,,10.0,quota,True,,300,True,,25300,13860,모요 프로모션 할인,7,1,1,모아진(전세계 매거진) 무료 구독,,,,,10,https://www.moyoplan.com/plans/35789,2026-08-11T01:43:06.687727+00:00
MVNO,LGU+,티플러스,26736,26736,official_code,티플포유(2G/100분),,moyo,True,,,LTE,2.0,,2.0,False,,,,,,within_data,False,100,,False,100,4400,4400,,,0,0,,,,,,10,https://www.moyoplan.com/plans/26736,2026-08-11T01:43:06.687727+00:00
MVNO,KT,아이즈모바일,35429,35429,official_code,[K]CU&롯시 300분/15GB+,,moyo,True,,,LTE,15.0,,15.0,False,3Mbps,,,,,undisclosed,False,300,,False,300,41800,11000,모요 프로모션 할인,7,3,0,,,,SOLO결합 데이터 10GB 지급,매월 롯데시네마 관람권 지급 | 매월 CU 결제 5천원 할인 혜택,76,https://www.moyoplan.com/plans/35429,2026-08-11T01:43:06.687727+00:00
MVNO,LGU+,아이즈모바일,18307,18307,official_code,[L]벤티(200분/10GB),,moyo,True,,,LTE,10.0,,10.0,False,,,,,,undisclosed,False,200,,False,100,23200,90,모요 프로모션 할인,7,0,0,,,,,,197,https://www.moyoplan.com/plans/18307,2026-08-11T01:43:06.687727+00:00
MVNO,KT,에이모바일,37181,37181,official_code,A 올라잇 100GB+ 밀리의서재(+추가 네이버페이 1만x7개월),,moyo,True,,,LTE,100.0,,100.0,False,5Mbps,,,,,undisclosed,True,,,True,,46200,19500,모요 프로모션 할인,7,2,1,조선일보 종이신문 1개월 무료 구독 이벤트,,,,네이버페이 1만원x7개월 지급 이벤트,190,https://www.moyoplan.com/plans/37181,2026-08-11T01:43:06.687727+00:00
MVNO,LGU+,아이즈모바일,19642,19642,official_code,[L]무한100분/15GB+,,moyo,True,,,LTE,15.0,,15.0,False,3Mbps,,11.0,,11.0,quota,False,100,,False,100,18900,18900,,,0,0,,,,,,1940,https://www.moyoplan.com/plans/19642,2026-08-11T01:43:06.687727+00:00
MVNO,KT,스마텔,31922,31922,official_code,스위트 11GB+(다이소 5000),,moyo,True,,신규 가입을 받지 않는 통신사입니다. 사용 중인 번호 그대로 통신사만 이동할 분들만 가입이 가능해요.,LTE,11.0,,11.0,False,3Mbps,2.0,11.0,,11.0,quota,True,,300,True,,43010,23380,모요 프로모션 할인,7,0,0,,,,,,10,https://www.moyoplan.com/plans/31922,2026-08-11T01:43:06.687727+00:00
MVNO,LGU+,핀다이렉트,36983,36983,official_code,[L] 핀다이렉트Z Speed 150GB+,,moyo,True,,,5G,150.0,,150.0,False,5Mbps,,,,,unsupported,True,,300,True,,51700,24000,모요 프로모션 할인,7,0,0,,,,,,503,https://www.moyoplan.com/plans/36983,2026-08-11T01:43:06.687727+00:00
MVNO,LGU+,인스모바일,24527,24527,official_code,실속 150분+3GB(USIM),,moyo,True,,,LTE,3.0,,3.0,False,,,,,,undisclosed,False,150,,False,50,15400,1210,모요 프로모션 할인,6,0,0,,,,,,10,https://www.moyoplan.com/plans/24527,2026-08-11T01:43:06.687727+00:00
MVNO,LGU+,에이모바일,37210,37210,official_code,A 스페셜 15GB+/100분 (24개월),,moyo,True,,,LTE,15.0,,15.0,False,3Mbps,,,,,undisclosed,False,100,,False,100,28600,21010,모요 프로모션 할인,24,1,1,조선일보 종이신문 1개월 무료 구독 이벤트,,,,,38,https://www.moyoplan.com/plans/37210,2026-08-11T01:43:06.687727+00:00
MVNO,KT,모빙,37342,37342,official_code,[K] 페이포인트 100GB+,,moyo,True,,,LTE,100.0,,100.0,False,5Mbps,,,,,unsupported,True,,,True,,57200,30910,모요 프로모션 할인,24,0,0,,,,,,45,https://www.moyoplan.com/plans/37342,2026-08-11T01:43:06.687727+00:00
MVNO,SKT,아이즈모바일,35474,35474,official_code,[S]이디야 블루 15GB+/300분,,moyo,True,,,LTE,15.0,,15.0,False,3Mbps,,,,,undisclosed,False,300,,False,300,41800,10900,모요 프로모션 할인,7,2,0,,,,SOLO결합 데이터 10GB 지급,"매월 이디야 6,000원 모바일 카드 지급",42,https://www.moyoplan.com/plans/35474,2026-08-11T01:43:06.687727+00:00
MVNO,SKT,티플러스,17966,17966,official_code,티플 드림(2GB/200분),,moyo,True,,,LTE,2.0,,2.0,False,,,,,,within_data,False,200,,False,200,6600,6600,,,0,0,,,,,,28,https://www.moyoplan.com/plans/17966,2026-08-11T01:43:06.687727+00:00
MVNO,KT,스마텔,25344,25344,official_code,CU 스위트 300분/15GB+,,moyo,True,,신규 가입을 받지 않는 통신사입니다. 사용 중인 번호 그대로 통신사만 이동할 분들만 가입이 가능해요.,LTE,15.0,,15.0,False,3Mbps,,15.0,,15.0,quota,False,300,,False,300,34100,19000,모요 프로모션 할인,7,0,0,,,,,,10,https://www.moyoplan.com/plans/25344,2026-08-11T01:43:06.687727+00:00
MVNO,KT,쉐이크모바일,35826,35826,official_code,[모요only] 쉐이크 5G 90GB+_밀리의서재,,moyo,True,,,5G,90.0,,90.0,False,1Mbps,,40.0,,40.0,quota,True,,300,True,,47300,21000,모요 프로모션 할인,7,4,1,밀리의서재,,,데이터쿠폰 20GB,"매월 1천원 요금할인 (팝테일 가입·인증) | 마트상품권, 네이버페이 최대 2만원",120,https://www.moyoplan.com/plans/35826,2026-08-11T01:43:06.687727+00:00
MVNO,LGU+,에이모바일,37201,37201,official_code,A 갓성비 7GB/100분 6,,moyo,True,,,LTE,7.0,,7.0,False,,,,,,undisclosed,False,100,,False,100,10450,330,모요 프로모션 할인,6,1,1,조선일보 종이신문 1개월 무료 구독 이벤트,,,,,360,https://www.moyoplan.com/plans/37201,2026-08-11T01:43:06.687727+00:00
MVNO,LGU+,모빙,37379,37379,official_code,[L] 100분15GB+,,moyo,True,,,LTE,15.0,,15.0,False,3Mbps,,,,,unsupported,False,100,,False,100,36300,12000,모요 프로모션 할인,7,0,0,,,,,,44,https://www.moyoplan.com/plans/37379,2026-08-11T01:43:06.687727+00:00
MVNO,KT,모빙,37341,37341,official_code,[K] 다이소 100GB+,,moyo,True,,,LTE,100.0,,100.0,False,5Mbps,,,,,unsupported,True,,,True,,60500,30910,모요 프로모션 할인,24,0,0,,,,,,45,https://www.moyoplan.com/plans/37341,2026-08-11T01:43:06.687727+00:00
MVNO,KT,고고모바일,20014,20014,official_code,무제한10GB+1M(밀리의서재 매월 무료),,moyo,True,,,LTE,10.0,,10.0,False,1Mbps,,,,,within_data,True,,300,True,,21890,21890,,,5,1,밀리의서재,,,추가데이터 10GB 제공 | 데이터 매월 10GB 추가 증정 (24개월간),"3대 마트 상품권, 네이버페이 2만원 | KT유심&배송비 무료",25,https://www.moyoplan.com/plans/20014,2026-08-11T01:43:06.687727+00:00
MVNO,LGU+,이야기모바일,15070,15070,official_code,이야기 라이트 100분1GB+,,moyo,True,,,LTE,1.0,,1.0,False,1Mbps,,,,,unsupported,False,100,,False,100,9900,5500,모요 프로모션 할인,12,1,0,,,,,"네이버페이 5,000원",38,https://www.moyoplan.com/plans/15070,2026-08-11T01:43:06.687727+00:00
MVNO,KT,모빙,37334,37334,official_code,[K] 웨이브베이직 100GB+,,moyo,True,,,LTE,100.0,,100.0,False,5Mbps,,,,,unsupported,True,,,True,,56100,19800,모요 프로모션 할인,7,0,0,,,,,,52,https://www.moyoplan.com/plans/37334,2026-08-11T01:43:06.687727+00:00
MVNO,LGU+,시월모바일,31355,31355,official_code,쿠폰팩 통화기본15GB+,,moyo,True,,,LTE,15.0,,15.0,False,1Mbps,,,,,within_data,True,,300,True,,33060,17000,모요 프로모션 할인,7,2,0,,,,,24개월간 월 5000원씩(네이버페이 가능) | 유심/배송비 무료!,22,https://www.moyoplan.com/plans/31355,2026-08-11T01:43:06.687727+00:00
MVNO,KT,모빙,37335,37335,official_code,[K] 밀리의 서재 100GB+,,moyo,True,,,LTE,100.0,,100.0,False,5Mbps,,,,,unsupported,True,,,True,,50600,19800,모요 프로모션 할인,7,0,0,,,,,,52,https://www.moyoplan.com/plans/37335,2026-08-11T01:43:06.687727+00:00
MVNO,SKT,스마텔,25319,25319,official_code,스마일플러스(100분+1.5GB),,moyo,True,,,LTE,1.5,,1.5,False,,,1.5,,1.5,quota,False,100,,False,100,6000,1600,모요 프로모션 할인,5,0,0,,,,,,21,https://www.moyoplan.com/plans/25319,2026-08-11T01:43:06.687727+00:00
MVNO,KT,고고모바일,34216,34216,official_code,[모요only] 무제한 7GB+1M(올리브영 5000원),,moyo,True,,,LTE,7.0,,7.0,False,1Mbps,,,,,within_data,True,,300,True,,24200,13500,모요 프로모션 할인,7,5,0,,,,데이터 매월 10GB 추가 증정 (24개월간) | 추가데이터 5GB 제공,"3대 마트 상품권, 네이버페이 2만원 | 올리브영 상품권 매월 5,000원 제공 | KT유심&배송비 무료",27,https://www.moyoplan.com/plans/34216,2026-08-11T01:43:06.687727+00:00
MVNO,KT,에이모바일,37180,37180,official_code,A 올라잇,,moyo,True,,,LTE,,,,False,5Mbps,5.0,,,,undisclosed,True,,,True,,46200,19500,모요 프로모션 할인,7,2,1,조선일보 종이신문 1개월 무료 구독 이벤트,,,,네이버페이 1만원x7개월 지급 이벤트,64,https://www.moyoplan.com/plans/37180,2026-08-11T01:43:06.687727+00:00
MVNO,LGU+,에이모바일,37203,37203,official_code,A 스페셜 7GB+,,moyo,True,,,LTE,7.0,,7.0,False,1Mbps,,,,,undisclosed,True,,,True,,22000,1000,모요 프로모션 할인,7,1,1,조선일보 종이신문 1개월 무료 구독 이벤트,,,,,271,https://www.moyoplan.com/plans/37203,2026-08-11T01:43:06.687727+00:00
MVNO,KT,고고모바일,23373,23373,official_code,[모요only] 5G 무제한 30GB+1Mbps,,moyo,True,,,5G,30.0,,30.0,False,1Mbps,,10.0,,10.0,quota,True,,300,True,,40040,29000,모요 프로모션 할인,12,3,0,,,,추가데이터 10GB 제공,"3대 마트 상품권, 네이버페이 2만원 | KT유심&배송비 무료",114,https://www.moyoplan.com/plans/23373,2026-08-11T01:43:06.687727+00:00
MVNO,KT,고고모바일,34215,34215,official_code,[모요only] 무제한 7GB+1M(다이소 5000원),,moyo,True,,,LTE,7.0,,7.0,False,1Mbps,,,,,within_data,True,,300,True,,24200,13500,모요 프로모션 할인,7,5,0,,,,데이터 매월 10GB 추가 증정 (24개월간) | 추가데이터 5GB 제공,"3대 마트 상품권, 네이버페이 2만원 | 다이소상품권 매월 5,000원 제공 | KT유심&배송비 무료",38,https://www.moyoplan.com/plans/34215,2026-08-11T01:43:06.687727+00:00
MVNO,LGU+,스마텔,25325,25325,official_code,USIM스마트 심플(200분+4GB),,moyo,True,,신규 가입을 받지 않는 통신사입니다. 사용 중인 번호 그대로 통신사만 이동할 분들만 가입이 가능해요.,LTE,4.0,,4.0,False,,,4.0,,4.0,quota,False,200,,False,100,14000,4500,모요 프로모션 할인,12,0,0,,,,,,10,https://www.moyoplan.com/plans/25325,2026-08-11T01:43:06.687727+00:00
MVNO,SKT,티플러스,35276,35276,official_code,티플북 10G+(도서문화상품권 매월 5000P),,moyo,True,,,LTE,10.0,,10.0,False,1Mbps,,,,,unsupported,True,,,True,,33000,10900,모요 프로모션 할인,7,1,0,,,,,북앤라이프 5000P 도서문화상품권,14,https://www.moyoplan.com/plans/35276,2026-08-11T01:43:06.687727+00:00
MVNO,KT,고고모바일,20019,20019,official_code,무제한7GB+1M(지니뮤직 매월 무료),,moyo,True,,,LTE,7.0,,7.0,False,1Mbps,,,,,within_data,True,,300,True,,22000,22000,,,5,1,지니뮤직,,,데이터 매월 10GB 추가 증정 (24개월간) | 추가데이터 5GB 제공,"3대 마트 상품권, 네이버페이 2만원 | KT유심&배송비 무료",23,https://www.moyoplan.com/plans/20019,2026-08-11T01:43:06.687727+00:00
MVNO,SKT,이야기모바일,17599,17599,official_code,5G 함께이야기해S (500분+30GB),,moyo,True,,,5G,30.0,,30.0,False,,,,,,unsupported,False,500,,False,200,28600,28600,,,1,0,,,,,"네이버페이 5,000원",102,https://www.moyoplan.com/plans/17599,2026-08-11T01:43:06.687727+00:00
MVNO,LGU+,스마텔,27857,27857,official_code,후후 스마트 15GB+,,moyo,True,,신규 가입을 받지 않는 통신사입니다. 사용 중인 번호 그대로 통신사만 이동할 분들만 가입이 가능해요.,LTE,15.0,,15.0,False,3Mbps,,,,,unsupported,False,100,,False,100,33330,17330,모요 프로모션 할인,7,0,0,,,,,,13,https://www.moyoplan.com/plans/27857,2026-08-11T01:43:06.687727+00:00
MVNO,KT,모빙,37293,37293,official_code,[K] 5G 300분6GB,,moyo,True,,,5G,6.0,,6.0,False,,,,,,unsupported,False,300,,False,300,19800,110,모요 프로모션 할인,5,0,0,,,,,,230,https://www.moyoplan.com/plans/37293,2026-08-11T01:43:06.687727+00:00
MVNO,SKT,고고모바일,35830,35830,official_code,고고 LTE 300분+15GB+3M_모요,,moyo,True,,,LTE,15.0,,15.0,False,3Mbps,,,,,within_data,False,300,,False,300,35200,18000,모요 프로모션 할인,7,0,0,,,,,,14,https://www.moyoplan.com/plans/35830,2026-08-11T01:43:06.687727+00:00
MVNO,LGU+,아이즈모바일,16497,16497,official_code,[L]매일5GB+,,moyo,True,,,LTE,,,,False,5Mbps,5.0,,,,undisclosed,True,,,True,,28500,28500,,,0,0,,,,,,2793,https://www.moyoplan.com/plans/16497,2026-08-11T01:43:06.687727+00:00
MVNO,SKT,모빙,37276,37276,official_code,[S] 5G 데이터 20GB,,moyo,True,,,5G,20.0,,20.0,False,,,,,,unsupported,True,,,False,100,17000,17000,,,0,0,,,,,,552,https://www.moyoplan.com/plans/37276,2026-08-11T01:43:06.687727+00:00
MVNO,LGU+,모나,30000,30000,official_code,카카오이모티콘+_100G+5M,,moyo,True,,,LTE,100.0,,100.0,False,5Mbps,,11.0,,11.0,quota,True,,300,True,,48400,24970,모요 프로모션 할인,7,4,2,이모티콘플러스 구독권 매월 제공 | 더중앙플러스 구독권 매월 제공,,,,NFC 유심 무료 제공 | 4대 편의점 최대 10.1%적립,116,https://www.moyoplan.com/plans/30000,2026-08-11T01:43:06.687727+00:00
MVNO,LGU+,스마텔,27859,27859,official_code,스마트2 15GB+,,moyo,True,,신규 가입을 받지 않는 통신사입니다. 사용 중인 번호 그대로 통신사만 이동할 분들만 가입이 가능해요.,LTE,15.0,,15.0,False,3Mbps,,,,,unsupported,False,300,,False,300,34100,18000,모요 프로모션 할인,7,0,0,,,,,,10,https://www.moyoplan.com/plans/27859,2026-08-11T01:43:06.687727+00:00
MVNO,LGU+,스마텔,27855,27855,official_code,스마트 7GB+,,moyo,True,,신규 가입을 받지 않는 통신사입니다. 사용 중인 번호 그대로 통신사만 이동할 분들만 가입이 가능해요.,LTE,7.0,,7.0,False,1Mbps,,,,,unsupported,True,,300,True,,24200,12000,모요 프로모션 할인,7,0,0,,,,,,24,https://www.moyoplan.com/plans/27855,2026-08-11T01:43:06.687727+00:00
MVNO,LGU+,아이즈모바일,16500,16500,official_code,[L]무한7GB+,,moyo,True,,,LTE,7.0,,7.0,False,1Mbps,,7.0,,7.0,quota,True,,300,True,,12900,12900,,,0,0,,,,,,128,https://www.moyoplan.com/plans/16500,2026-08-11T01:43:06.687727+00:00
MVNO,LGU+,스마텔,27854,27854,official_code,스마트 15GB+,,moyo,True,,신규 가입을 받지 않는 통신사입니다. 사용 중인 번호 그대로 통신사만 이동할 분들만 가입이 가능해요.,LTE,15.0,,15.0,False,3Mbps,,,,,unsupported,False,100,,False,100,33000,17000,모요 프로모션 할인,7,0,0,,,,,,19,https://www.moyoplan.com/plans/27854,2026-08-11T01:43:06.687727+00:00
MVNO,KT,이지모바일,30892,30892,official_code,EG CU 무제한 10G+1(CU할인),,moyo,True,,,LTE,10.0,,10.0,False,1Mbps,,10.0,,10.0,quota,True,,300,True,,24200,16000,모요 프로모션 할인,7,2,0,,,,데이터 10GB 추가 증정,일반유심/배송비 무료,10,https://www.moyoplan.com/plans/30892,2026-08-11T01:43:06.687727+00:00
MVNO,KT,이지모바일,30849,30849,official_code,EG 무제한 10GB+1(밀리의 서재),,moyo,True,,,LTE,10.0,,10.0,False,1Mbps,,10.0,,10.0,quota,True,,300,True,,24200,16000,모요 프로모션 할인,7,3,1,밀리의서재,,,데이터 10GB 추가 증정,일반유심/배송비 무료,13,https://www.moyoplan.com/plans/30849,2026-08-11T01:43:06.687727+00:00
MVNO,KT,아이즈모바일,35427,35427,official_code,[K]CU&롯시 15GB+,,moyo,True,,,LTE,15.0,,15.0,False,1Mbps,,,,,undisclosed,True,,,True,,35200,9000,모요 프로모션 할인,7,2,0,,,,,매월 롯데시네마 관람권 지급 | 매월 CU 결제 5천원 할인 혜택,77,https://www.moyoplan.com/plans/35427,2026-08-11T01:43:06.687727+00:00
MVNO,KT,티플러스,23287,23287,official_code,The 완전마음껏 15GB＋,,moyo,True,,,LTE,15.0,,15.0,False,1Mbps,,,,,unsupported,True,,,True,,29700,17000,모요 프로모션 할인,7,5,0,,,,개통시 매월 10GB 데이터 추가 지급,3대마트 상품권/네이버페이 1만원 증정 | 마트 상품권/네이버페이 1만원 증정,70,https://www.moyoplan.com/plans/23287,2026-08-11T01:43:06.687727+00:00
MVNO,KT,아이즈모바일,35428,35428,official_code,[K]CU&롯시 100분/15GB+,,moyo,True,,,LTE,15.0,,15.0,False,3Mbps,,,,,undisclosed,False,100,,False,100,39600,9900,모요 프로모션 할인,7,3,0,,,,SOLO결합 데이터 10GB 지급,매월 롯데시네마 관람권 지급 | 매월 CU 결제 5천원 할인 혜택,125,https://www.moyoplan.com/plans/35428,2026-08-11T01:43:06.687727+00:00
MVNO,LGU+,모빙,37399,37399,official_code,[L] 라운지프리 11GB+,,moyo,True,,,LTE,11.0,,11.0,False,3Mbps,2.0,,,,unsupported,True,,,True,,46000,30000,모요 프로모션 할인,24,0,0,,,,,,10,https://www.moyoplan.com/plans/37399,2026-08-11T01:43:06.687727+00:00
MVNO,KT,티플러스,36613,36613,official_code,티플 7G＋(CU),,moyo,True,,,LTE,7.0,,7.0,False,1Mbps,,,,,unsupported,True,,,True,,29700,8900,모요 프로모션 할인,7,6,0,,,,,"3대마트 상품권/네이버페이 1만원 증정 | 마트 상품권/네이버페이 1만원 증정 | CU 오프라인 점포 결제시 20% 할인 제공 | 올리브영 12개월간 매월 5,000원 상품권",250,https://www.moyoplan.com/plans/36613,2026-08-11T01:43:06.687727+00:00
MVNO,LGU+,이야기모바일,15073,15073,official_code,이야기 라이트 250분2.5GB+,,moyo,True,,,LTE,2.5,,2.5,False,1Mbps,,,,,unsupported,False,250,,False,250,13200,13200,,,1,0,,,,,"네이버페이 5,000원",10,https://www.moyoplan.com/plans/15073,2026-08-11T01:43:06.687727+00:00
MVNO,LGU+,모빙,37360,37360,official_code,[L] 200분2GB,,moyo,True,,,LTE,2.0,,2.0,False,,,,,,unsupported,False,200,,False,200,3300,3300,,,0,0,,,,,,108,https://www.moyoplan.com/plans/37360,2026-08-11T01:43:06.687727+00:00
MVNO,SKT,모빙,37416,37416,official_code,[S] 컬쳐랜드 100GB+,,moyo,True,,,LTE,100.0,,100.0,False,5Mbps,,,,,unsupported,True,,,True,,67100,19900,모요 프로모션 할인,7,0,0,,,,,,45,https://www.moyoplan.com/plans/37416,2026-08-11T01:43:06.687727+00:00
MVNO,KT,모빙,37336,37336,official_code,[K] 300분15GB+,,moyo,True,,,LTE,15.0,,15.0,False,3Mbps,,,,,unsupported,False,300,,False,300,44000,21450,모요 프로모션 할인,24,0,0,,,,,,18,https://www.moyoplan.com/plans/37336,2026-08-11T01:43:06.687727+00:00
MVNO,KT,티플러스,35892,35892,official_code,티플 11G＋(웨이브),,moyo,True,,,LTE,11.0,,11.0,False,3Mbps,2.0,,,,unsupported,True,,,True,,50600,22500,모요 프로모션 할인,7,5,1,웨이브,,,,3대마트 상품권/네이버페이 1만원 증정 | 마트 상품권/네이버페이 1만원 증정,24,https://www.moyoplan.com/plans/35892,2026-08-11T01:43:06.687727+00:00
MVNO,SKT,모빙,37414,37414,official_code,[S] 컬쳐랜드 100분15GB+,,moyo,True,,,LTE,15.0,,15.0,False,3Mbps,,,,,unsupported,False,100,,False,100,41800,13000,모요 프로모션 할인,7,0,0,,,,,,10,https://www.moyoplan.com/plans/37414,2026-08-11T01:43:06.687727+00:00
MVNO,LGU+,모빙,37357,37357,official_code,실속 100분10GB+,,moyo,True,,,LTE,10.0,,10.0,False,1Mbps,,,,,unsupported,False,100,,False,100,22000,1000,모요 프로모션 할인,6,0,0,,,,,,2904,https://www.moyoplan.com/plans/37357,2026-08-11T01:43:06.687727+00:00
MVNO,KT,스마텔,25315,25315,official_code,5G 스위트 200GB+(지니뮤직),,moyo,True,,신규 가입을 받지 않는 통신사입니다. 사용 중인 번호 그대로 통신사만 이동할 분들만 가입이 가능해요.,5G,200.0,,200.0,False,10Mbps,,20.0,,20.0,quota,True,,300,True,,56100,53900,모요 프로모션 할인,36,0,0,,,,,,73,https://www.moyoplan.com/plans/25315,2026-08-11T01:43:06.687727+00:00
MVNO,LGU+,시월모바일,31351,31351,official_code,쿠폰팩 통화기본7GB+,,moyo,True,,,LTE,7.0,,7.0,False,1Mbps,,,,,within_data,True,,300,True,,22010,12000,모요 프로모션 할인,7,2,0,,,,,24개월간 월 5000원씩(네이버페이 가능) | 유심/배송비 무료!,22,https://www.moyoplan.com/plans/31351,2026-08-11T01:43:06.687727+00:00
MVNO,KT,스마텔,25279,25279,official_code,스위트 7GB+(지니뮤직) (+10GB 24개월간 추가 제공),,moyo,True,,신규 가입을 받지 않는 통신사입니다. 사용 중인 번호 그대로 통신사만 이동할 분들만 가입이 가능해요.,LTE,7.0,,7.0,False,1Mbps,,7.0,,7.0,quota,True,,300,True,,27500,22000,모요 프로모션 할인,36,0,0,,,,,,20,https://www.moyoplan.com/plans/25279,2026-08-11T01:43:06.687727+00:00
MVNO,KT,스마텔,31919,31919,official_code,스위트 7GB+(올영 3000),,moyo,True,,신규 가입을 받지 않는 통신사입니다. 사용 중인 번호 그대로 통신사만 이동할 분들만 가입이 가능해요.,LTE,7.0,,7.0,False,1Mbps,,7.0,,7.0,quota,True,,300,True,,25630,13500,모요 프로모션 할인,7,0,0,,,,,,10,https://www.moyoplan.com/plans/31919,2026-08-11T01:43:06.687727+00:00
MVNO,LGU+,에이모바일,37209,37209,official_code,A 스페셜 15GB+ (24개월),,moyo,True,,,LTE,15.0,,15.0,False,1Mbps,,,,,undisclosed,True,,,True,,28600,20020,모요 프로모션 할인,24,1,1,조선일보 종이신문 1개월 무료 구독 이벤트,,,,,30,https://www.moyoplan.com/plans/37209,2026-08-11T01:43:06.687727+00:00
MVNO,LGU+,핀다이렉트,31400,31400,official_code,[L] 핀다이렉트Z 7GB+,,moyo,True,,,LTE,7.0,,7.0,False,1Mbps,,,,,unsupported,True,,300,True,,22000,12000,모요 프로모션 할인,7,1,0,,,,,데이터 로밍 3일 무료 쿠폰,32,https://www.moyoplan.com/plans/31400,2026-08-11T01:43:06.687727+00:00
MVNO,LGU+,시월모바일,31352,31352,official_code,쿠폰팩 300분15GB+,,moyo,True,,,LTE,15.0,,15.0,False,3Mbps,,,,,within_data,False,300,,False,300,35270,18000,모요 프로모션 할인,7,2,0,,,,,24개월간 월 5000원씩(네이버페이 가능) | 유심/배송비 무료!,24,https://www.moyoplan.com/plans/31352,2026-08-11T01:43:06.687727+00:00
MVNO,KT,스마텔,31923,31923,official_code,스위트 7GB+(다이소 3000),,moyo,True,,신규 가입을 받지 않는 통신사입니다. 사용 중인 번호 그대로 통신사만 이동할 분들만 가입이 가능해요.,LTE,7.0,,7.0,False,1Mbps,,7.0,,7.0,quota,True,,300,True,,25630,13500,모요 프로모션 할인,7,0,0,,,,,,10,https://www.moyoplan.com/plans/31923,2026-08-11T01:43:06.687727+00:00
MVNO,SKT,티플러스,35275,35275,official_code,티플북 7G+(도서문화상품권 매월 5000P),,moyo,True,,,LTE,7.0,,7.0,False,1Mbps,,,,,unsupported,True,,,True,,29700,6900,모요 프로모션 할인,7,1,0,,,,,북앤라이프 5000P 도서문화상품권,79,https://www.moyoplan.com/plans/35275,2026-08-11T01:43:06.687727+00:00
MVNO,LGU+,이야기모바일,20078,20078,official_code,[모요only] 내맘대로 (200분+1GB),,moyo,True,,,LTE,1.0,,1.0,False,,,,,,unsupported,False,200,,False,50,6050,6050,,,1,0,,,,,"네이버페이 5,000원",10,https://www.moyoplan.com/plans/20078,2026-08-11T01:43:06.687727+00:00
MVNO,SKT,이야기모바일,13983,13983,official_code,함께이야기해S(1000분+30GB),,moyo,True,,,LTE,30.0,,30.0,False,,,,,,unsupported,False,1000,,False,300,38500,33000,모요 프로모션 할인,12,1,0,,,,,"네이버페이 5,000원",10,https://www.moyoplan.com/plans/13983,2026-08-11T01:43:06.687727+00:00
MVNO,LGU+,모빙,37355,37355,official_code,실속 100분4.5GB,,moyo,True,,,LTE,4.5,,4.5,False,,,,,,unsupported,False,100,,False,100,14300,100,모요 프로모션 할인,12,0,0,,,,,,906,https://www.moyoplan.com/plans/37355,2026-08-11T01:43:06.687727+00:00
MVNO,SKT,티플러스,29901,29901,official_code,티플 위드유 15GB+(300분) (G car+세차클링),,moyo,True,,,LTE,15.0,,15.0,False,3Mbps,,,,,unsupported,False,300,,False,300,37400,18000,모요 프로모션 할인,7,2,0,,,,,롯데렌터카 연간 패스 이용권 | 세차 클링 출장 세차 할인 쿠폰,11,https://www.moyoplan.com/plans/29901,2026-08-11T01:43:06.687727+00:00
MVNO,SKT,티플러스,29898,29898,official_code,티플 위드유 7GB+ (G car+세차클링),,moyo,True,,,LTE,7.0,,7.0,False,1Mbps,,,,,unsupported,True,,,True,,25300,12000,모요 프로모션 할인,7,2,0,,,,,롯데렌터카 연간 패스 이용권 | 세차 클링 출장 세차 할인 쿠폰,10,https://www.moyoplan.com/plans/29898,2026-08-11T01:43:06.687727+00:00
MVNO,KT,위너스텔,36328,36328,official_code,"7GB+1Mbps(다이소쿠폰 5,000P)",,moyo,True,,,LTE,7.0,,7.0,False,1Mbps,,,,,within_data,True,,300,True,,19800,19800,,,0,0,,,,,,14,https://www.moyoplan.com/plans/36328,2026-08-11T01:43:06.687727+00:00
MVNO,SKT,티플러스,23402,23402,official_code,5G 티플 8GB(8GB/300분),,moyo,True,,,5G,8.0,,8.0,False,,,,,,unsupported,False,300,,False,100,14300,5000,모요 프로모션 할인,4,0,0,,,,,,47,https://www.moyoplan.com/plans/23402,2026-08-11T01:43:06.687727+00:00
MVNO,KT,스마텔,31773,31773,official_code,스위트 100분 15GB+(밀리의서재),,moyo,True,,신규 가입을 받지 않는 통신사입니다. 사용 중인 번호 그대로 통신사만 이동할 분들만 가입이 가능해요.,LTE,15.0,,15.0,False,3Mbps,,,,,unsupported,False,100,,False,100,33000,18000,모요 프로모션 할인,7,0,0,,,,,,19,https://www.moyoplan.com/plans/31773,2026-08-11T01:43:06.687727+00:00
MVNO,KT,고고모바일,34220,34220,official_code,[모요only] 무제한 15GB+1M(올리브영 5000원),,moyo,True,,,LTE,15.0,,15.0,False,1Mbps,,,,,within_data,True,,300,True,,28600,18500,모요 프로모션 할인,7,5,0,,,,추가데이터 10GB 제공 | 데이터 매월 10GB 추가 증정 (24개월간),"3대 마트 상품권, 네이버페이 2만원 | 올리브영 상품권 매월 5,000원 제공 | KT유심&배송비 무료",17,https://www.moyoplan.com/plans/34220,2026-08-11T01:43:06.687727+00:00
MVNO,SKT,티플러스,27254,27254,official_code,티플 SNOW 7GB+ [12개월간 SNOW앱 무료],,moyo,True,,,LTE,7.0,,7.0,False,1Mbps,,,,,unsupported,True,,,True,,25300,12000,모요 프로모션 할인,7,1,1,SNOW 앱 VIP 월 구독권,,,,,10,https://www.moyoplan.com/plans/27254,2026-08-11T01:43:06.687727+00:00
MVNO,SKT,티플러스,17267,17267,official_code,The 데이터마음껏 15GB＋(300분),,moyo,True,,,LTE,15.0,,15.0,False,3Mbps,,,,,unsupported,False,300,,False,300,37400,18000,모요 프로모션 할인,7,0,0,,,,,,18,https://www.moyoplan.com/plans/17267,2026-08-11T01:43:06.687727+00:00
MVNO,KT,고고모바일,34219,34219,official_code,[모요only] 무제한 15GB+1M(다이소 5000원),,moyo,True,,,LTE,15.0,,15.0,False,1Mbps,,,,,within_data,True,,300,True,,28600,18500,모요 프로모션 할인,7,5,0,,,,추가데이터 10GB 제공 | 데이터 매월 10GB 추가 증정 (24개월간),"3대 마트 상품권, 네이버페이 2만원 | 다이소상품권 매월 5,000원 제공 | KT유심&배송비 무료",25,https://www.moyoplan.com/plans/34219,2026-08-11T01:43:06.687727+00:00
MVNO,SKT,티플러스,27261,27261,official_code,티플 SNOW 15GB+(300분) [12개월간 SNOW앱 무료],,moyo,True,,,LTE,15.0,,15.0,False,3Mbps,,,,,unsupported,False,300,,False,300,35200,18000,모요 프로모션 할인,7,1,1,SNOW 앱 VIP 월 구독권,,,,,15,https://www.moyoplan.com/plans/27261,2026-08-11T01:43:06.687727+00:00
MVNO,SKT,아이즈모바일,35473,35473,official_code,[S]이디야 블루 15GB+/100분,,moyo,True,,,LTE,15.0,,15.0,False,3Mbps,,,,,undisclosed,False,100,,False,100,37400,7700,모요 프로모션 할인,7,2,0,,,,SOLO결합 데이터 10GB 지급,"매월 이디야 6,000원 모바일 카드 지급",474,https://www.moyoplan.com/plans/35473,2026-08-11T01:43:06.687727+00:00
MVNO,KT,위너스텔,36180,36180,official_code,7GB+1Mbps(밀리의서재 무료구독),,moyo,True,,,LTE,7.0,,7.0,False,1Mbps,,,,,within_data,True,,300,True,,19800,19800,,,0,0,,,,,,35,https://www.moyoplan.com/plans/36180,2026-08-11T01:43:06.687727+00:00
MVNO,KT,쉐이크모바일,34697,34697,official_code,[모요only] 쉐이크 LTE 7GB+_모아진 전자 구독,,moyo,True,,,LTE,7.0,,7.0,False,1Mbps,,,,,within_data,True,,300,True,,23100,12000,모요 프로모션 할인,7,3,0,,,,데이터쿠폰 20GB,"매월 1천원 요금할인 (팝테일 가입·인증) | 마트상품권, 네이버페이 최대 2만원",45,https://www.moyoplan.com/plans/34697,2026-08-11T01:43:06.687727+00:00
MVNO,SKT,티플러스,18525,18525,official_code,The 완전마음껏 7GB＋,,moyo,True,,,LTE,7.0,,7.0,False,1Mbps,,,,,unsupported,True,,,True,,25300,12000,모요 프로모션 할인,7,0,0,,,,,,19,https://www.moyoplan.com/plans/18525,2026-08-11T01:43:06.687727+00:00
MVNO,LGU+,모빙,37365,37365,official_code,실속 300분7GB,,moyo,True,,,LTE,7.0,,7.0,False,,,,,,unsupported,False,300,,False,300,4400,4400,,,0,0,,,,,,568,https://www.moyoplan.com/plans/37365,2026-08-11T01:43:06.687727+00:00
MVNO,KT,아이즈모바일,35421,35421,official_code,[K]롯시&밀리 7GB+,,moyo,True,,,LTE,7.0,,7.0,False,1Mbps,,,,,undisclosed,True,,,True,,28600,7000,모요 프로모션 할인,7,2,1,밀리의서재,,,,매월 롯데시네마 관람권 지급,629,https://www.moyoplan.com/plans/35421,2026-08-11T01:43:06.687727+00:00
MVNO,KT,에이모바일,37179,37179,official_code,A 올라잇 11GB+ 네이버페이(+추가 네이버페이 1만x7개월),,moyo,True,,,LTE,11.0,,11.0,False,3Mbps,2.0,,,,undisclosed,True,,,True,,42900,17900,모요 프로모션 할인,7,2,1,조선일보 종이신문 1개월 무료 구독 이벤트,,,,네이버페이 1만원x7개월 지급 이벤트,50,https://www.moyoplan.com/plans/37179,2026-08-11T01:43:06.687727+00:00
MVNO,KT,더원모바일,33519,33519,official_code,TOP 10GB 기본 (CU할인),,moyo,True,,,LTE,10.0,,10.0,False,1Mbps,,7.0,,7.0,quota,True,,300,True,,28600,18040,모요 프로모션 할인,12,4,0,,,,솔로결합(+10GB) | 데이터 10GB 추가 제공(24개월간),"3대 마트 상품권, 네이버페이 2만원 | CU 20% 오프라인 결제할인",36,https://www.moyoplan.com/plans/33519,2026-08-11T01:43:06.687727+00:00
MVNO,KT,더원모바일,33518,33518,official_code,TOP 10GB 기본 (밀리의서재),,moyo,True,,,LTE,10.0,,10.0,False,1Mbps,,,,,within_data,True,,300,True,,27500,18040,모요 프로모션 할인,12,4,1,밀리의서재,,,솔로결합(+10GB) | 데이터 10GB 추가 제공(24개월간),"3대 마트 상품권, 네이버페이 2만원",62,https://www.moyoplan.com/plans/33518,2026-08-11T01:43:06.687727+00:00
MVNO,LGU+,KG모바일,13905,13905,official_code,[일반] 유심 5G 180GB+,,moyo,True,,,5G,180.0,,180.0,False,10Mbps,,,,,unsupported,True,,300,True,,59400,48180,모요 프로모션 할인,12,0,0,,,,,,127,https://www.moyoplan.com/plans/13905,2026-08-11T01:43:06.687727+00:00
MVNO,SKT,아이즈모바일,35478,35478,official_code,[S]아이즈팩 11GB+,,moyo,True,,,LTE,11.0,,11.0,False,3Mbps,2.0,11.0,,11.0,quota,True,,300,True,,45100,9500,모요 프로모션 할인,7,2,0,,,,SOLO결합 데이터 20GB 지급,아이즈팩 이용권,810,https://www.moyoplan.com/plans/35478,2026-08-11T01:43:06.687727+00:00
MVNO,SKT,아이즈모바일,35438,35438,official_code,[S]올리브영100분/15GB+,,moyo,True,,,LTE,15.0,,15.0,False,3Mbps,,,,,undisclosed,False,100,,False,100,37400,7700,모요 프로모션 할인,7,2,0,,,,SOLO결합 데이터 10GB 지급,"올리브영 상품권 매달 7,000원 지급",306,https://www.moyoplan.com/plans/35438,2026-08-11T01:43:06.687727+00:00
MVNO,LGU+,아이즈모바일,36322,36322,official_code,[L]5G 데이터안심(기본제공/5GB+),,moyo,True,,,5G,5.0,,5.0,False,1Mbps,,,,,undisclosed,True,,,True,,18700,90,모요 프로모션 할인,7,0,0,,,,,,1221,https://www.moyoplan.com/plans/36322,2026-08-11T01:43:06.687727+00:00
MVNO,KT,더원모바일,36249,36249,official_code,TOP 5G 200GB 기본 (쿠팡캐시),,moyo,True,,,5G,200.0,,200.0,False,10Mbps,,50.0,,50.0,quota,True,,300,True,,55000,29700,모요 프로모션 할인,7,3,0,,,,솔로결합(+20GB),"3대 마트 상품권, 네이버페이 2만원 | 쿠팡캐시 5,000원",748,https://www.moyoplan.com/plans/36249,2026-08-11T01:43:06.687727+00:00
MVNO,LGU+,에이모바일,37211,37211,official_code,A 스페셜 15GB+/300분 (24개월),,moyo,True,,,LTE,15.0,,15.0,False,3Mbps,,,,,undisclosed,False,300,,False,300,30800,22000,모요 프로모션 할인,24,1,1,조선일보 종이신문 1개월 무료 구독 이벤트,,,,,32,https://www.moyoplan.com/plans/37211,2026-08-11T01:43:06.687727+00:00
MVNO,LGU+,이야기모바일,15075,15075,official_code,이야기 라이트 200분6GB+,,moyo,True,,,LTE,6.0,,6.0,False,1Mbps,,,,,unsupported,False,200,,False,100,12100,9900,모요 프로모션 할인,24,2,0,,,,,"네이버페이 3만원 | 네이버페이 5,000원",11,https://www.moyoplan.com/plans/15075,2026-08-11T01:43:06.687727+00:00
MVNO,LGU+,모빙,37377,37377,official_code,[L] 데이터 15GB+,,moyo,True,,,LTE,15.0,,15.0,False,1Mbps,,,,,unsupported,True,,,True,,33000,12000,모요 프로모션 할인,7,0,0,,,,,,18,https://www.moyoplan.com/plans/37377,2026-08-11T01:43:06.687727+00:00
MVNO,KT,티플러스,26861,26861,official_code,The 데이터마음껏 15GB+(100분),,moyo,True,,,LTE,15.0,,15.0,False,3Mbps,,,,,unsupported,False,100,,False,100,36300,18000,모요 프로모션 할인,7,4,0,,,,,3대마트 상품권/네이버페이 1만원 증정 | 마트 상품권/네이버페이 1만원 증정,29,https://www.moyoplan.com/plans/26861,2026-08-11T01:43:06.687727+00:00
MVNO,SKT,에이모바일,37232,37232,official_code,A 스마트 10GB/100분,,moyo,True,,,LTE,10.0,,10.0,False,,,,,,undisclosed,False,100,,False,100,12100,110,모요 프로모션 할인,7,1,1,조선일보 종이신문 1개월 무료 구독 이벤트,,,,,464,https://www.moyoplan.com/plans/37232,2026-08-11T01:43:06.687727+00:00
MVNO,LGU+,마블링,13796,13796,official_code,마블링 프라임(5G) 150GB+5Mbps,,moyo,True,,신규가입 시 본인확인 해피콜과 본인입증서류 제출을 요청 드릴 수 있습니다.,5G,150.0,,150.0,False,5Mbps,,10.0,,10.0,quota,True,,300,True,,48900,30900,모요 프로모션 할인,7,0,0,,,,,,48,https://www.moyoplan.com/plans/13796,2026-08-11T01:43:06.687727+00:00
MVNO,LGU+,에이모바일,37205,37205,official_code,A 갓성비 10GB/100분 6,,moyo,True,,,LTE,10.0,,10.0,False,,,,,,undisclosed,False,100,,False,100,13200,110,모요 프로모션 할인,6,2,1,조선일보 종이신문 1개월 무료 구독 이벤트,,,,네이버페이 5천원 지급 이벤트,516,https://www.moyoplan.com/plans/37205,2026-08-11T01:43:06.687727+00:00
MVNO,LGU+,이야기모바일,20079,20079,official_code,[모요only] 내맘대로 (300분+1GB),,moyo,True,,,LTE,1.0,,1.0,False,,,,,,unsupported,False,300,,False,50,6600,6600,,,1,0,,,,,"네이버페이 5,000원",10,https://www.moyoplan.com/plans/20079,2026-08-11T01:43:06.687727+00:00
MVNO,LGU+,모빙,37400,37400,official_code,[L] 라운지프리 100GB+,,moyo,True,,,LTE,100.0,,100.0,False,5Mbps,,,,,unsupported,True,,,True,,54000,33000,모요 프로모션 할인,24,0,0,,,,,,131,https://www.moyoplan.com/plans/37400,2026-08-11T01:43:06.687727+00:00
MVNO,KT,위너스텔,20408,20408,official_code,5G 가성비,,moyo,True,,,5G,2.0,,2.0,False,,,,,,unsupported,False,50,,False,50,7700,7700,,,0,0,,,,,,10,https://www.moyoplan.com/plans/20408,2026-08-11T01:43:06.687727+00:00
MVNO,KT,위너스텔,21356,21356,official_code,조은 88,,moyo,True,,,LTE,1.0,,1.0,False,,,,,,unsupported,False,120,,False,120,7700,7700,,,0,0,,,,,,10,https://www.moyoplan.com/plans/21356,2026-08-11T01:43:06.687727+00:00
MVNO,KT,고고모바일,20001,20001,official_code,5G100분/3GB-데이터소진후 자동차단,,moyo,True,,,5G,3.0,,3.0,False,,,,,,within_data,False,100,,False,100,9020,9020,,,2,0,,,,,"3대 마트 상품권, 네이버페이 2만원 | KT유심&배송비 무료",18,https://www.moyoplan.com/plans/20001,2026-08-11T01:43:06.687727+00:00
MVNO,KT,쉐이크모바일,26373,26373,official_code,[모요only] 쉐이크 LTE 15GB+/100분_밀리의서재,,moyo,True,,,LTE,15.0,,15.0,False,3Mbps,,,,,within_data,False,100,,False,100,33000,18000,모요 프로모션 할인,7,5,1,밀리의서재,,,SOLO결합(+10GB) | 데이터쿠폰 20GB,"매월 1천원 요금할인 (팝테일 가입·인증) | 마트상품권, 네이버페이 최대 2만원",88,https://www.moyoplan.com/plans/26373,2026-08-11T01:43:06.687727+00:00
MVNO,KT,쉐이크모바일,22790,22790,official_code,[모요only] 쉐이크 LTE 11GB+_밀리의서재,,moyo,True,,,LTE,11.0,,11.0,False,3Mbps,2.0,11.0,,11.0,quota,True,,300,True,,40700,21000,모요 프로모션 할인,7,5,1,밀리의서재,,,SOLO결합(+20GB) | 데이터쿠폰 20GB,"매월 1천원 요금할인 (팝테일 가입·인증) | 마트상품권, 네이버페이 최대 2만원",141,https://www.moyoplan.com/plans/22790,2026-08-11T01:43:06.687727+00:00
MVNO,LGU+,아이즈모바일,27344,27344,official_code,세이브머니유심(태블릿/스마트기기 10GB),,moyo,True,,,LTE,10.0,,10.0,False,,,,,,undisclosed,False,0,,False,0,8800,8800,,,0,0,,,,,,243,https://www.moyoplan.com/plans/27344,2026-08-11T01:43:06.687727+00:00
MVNO,LGU+,아이즈모바일,26996,26996,official_code,세이브머니유심(200분/5GB+),,moyo,True,,,LTE,5.0,,5.0,False,1Mbps,,,,,undisclosed,False,200,,False,100,3900,3900,,,0,0,,,,,,662,https://www.moyoplan.com/plans/26996,2026-08-11T01:43:06.687727+00:00
MVNO,LGU+,아이즈모바일,19928,19928,official_code,[L]무한15GB+1Mbps,,moyo,True,,,LTE,15.0,,15.0,False,1Mbps,,11.0,,11.0,quota,True,,300,True,,19000,19000,,,0,0,,,,,,154,https://www.moyoplan.com/plans/19928,2026-08-11T01:43:06.687727+00:00
MVNO,SKT,아이즈모바일,35464,35464,official_code,[S]OK캐쉬백 100분/15GB+,,moyo,True,,,LTE,15.0,,15.0,False,3Mbps,,,,,undisclosed,False,100,,False,100,37400,21900,모요 프로모션 할인,12,1,0,,,,SOLO결합 데이터 10GB 지급,,17,https://www.moyoplan.com/plans/35464,2026-08-11T01:43:06.687727+00:00
MVNO,SKT,아이즈모바일,35402,35402,official_code,[S]아이즈특판11GB+일2GB,,moyo,True,,,LTE,11.0,,11.0,False,3Mbps,2.0,11.0,,11.0,quota,True,,300,True,,36300,9900,모요 프로모션 할인,7,0,0,,,,,,518,https://www.moyoplan.com/plans/35402,2026-08-11T01:43:06.687727+00:00
MVNO,KT,티플러스,23560,23560,official_code,완전마음껏 11GB＋＋(배달의민족 매월 5000P),,moyo,True,,,LTE,11.0,,11.0,False,3Mbps,2.0,,,,unsupported,True,,,True,,40900,22500,모요 프로모션 할인,7,3,0,,,,,"마트 상품권/네이버페이 1만원 증정 | 매월 배달의민족 2,500P 쿠폰 2매 제공",13,https://www.moyoplan.com/plans/23560,2026-08-11T01:43:06.687727+00:00
MVNO,SKT,모빙,37258,37258,official_code,[S] 데이터 1GB,,moyo,True,,,LTE,1.0,,1.0,False,,,,,,unsupported,True,,,False,100,13000,3300,모요 프로모션 할인,24,0,0,,,,,,1116,https://www.moyoplan.com/plans/37258,2026-08-11T01:43:06.687727+00:00
MVNO,SKT,티플러스,29030,29030,official_code,티플 올리브영 10GB+(매월 5000P),,moyo,True,,,LTE,10.0,,10.0,False,1Mbps,,,,,unsupported,True,,,True,,30800,9900,모요 프로모션 할인,7,1,0,,,,,"올리브영 12개월간 매월 5,000원 상품권",44,https://www.moyoplan.com/plans/29030,2026-08-11T01:43:06.687727+00:00
MVNO,KT,핀다이렉트,29956,29956,official_code,[K] DIGITAL DETOX 3GB 챌린지,,moyo,True,,신규 가입을 받지 않는 통신사입니다. 사용 중인 번호 그대로 통신사만 이동할 분들만 가입이 가능해요.,LTE,3.0,,3.0,False,,,,,,unsupported,False,100,,False,100,8800,330,모요 프로모션 할인,7,2,0,,,,,"네이버페이, 3대 마트 상품권 2만원 | 데이터 로밍 3일 무료 쿠폰",172,https://www.moyoplan.com/plans/29956,2026-08-11T01:43:06.687727+00:00
MVNO,KT,아이즈모바일,23040,23040,official_code,[K]무한7GB+ 밀리의서재,,moyo,True,,,LTE,7.0,,7.0,False,1Mbps,,,,,undisclosed,True,,,True,,14000,14000,,,2,1,밀리의서재,,,SOLO결합 데이터 5GB 지급,,38,https://www.moyoplan.com/plans/23040,2026-08-11T01:43:06.687727+00:00
MVNO,KT,고고모바일,18746,18746,official_code,[모요only] 무제한 10GB+1M(밀리의서재 Free),,moyo,True,,,LTE,10.0,,10.0,False,1Mbps,,,,,within_data,True,,300,True,,24200,12900,모요 프로모션 할인,7,5,1,밀리의서재,,,추가데이터 10GB 제공 | 데이터 매월 10GB 추가 증정 (24개월간),"3대 마트 상품권, 네이버페이 2만원 | KT유심&배송비 무료",61,https://www.moyoplan.com/plans/18746,2026-08-11T01:43:06.687727+00:00
MVNO,SKT,스마텔,25356,25356,official_code,스마일 7GB+,,moyo,True,,,LTE,7.0,,7.0,False,1Mbps,,7.0,,7.0,quota,True,,300,True,,24200,10000,모요 프로모션 할인,7,0,0,,,,,,113,https://www.moyoplan.com/plans/25356,2026-08-11T01:43:06.687727+00:00
MVNO,SKT,고고모바일,35827,35827,official_code,고고 LTE 무제한 7GB+1M_모요,,moyo,True,,,LTE,7.0,,7.0,False,1Mbps,,,,,within_data,True,,300,True,,23100,7900,모요 프로모션 할인,7,0,0,,,,,,234,https://www.moyoplan.com/plans/35827,2026-08-11T01:43:06.687727+00:00
MVNO,KT,티플러스,23749,23749,official_code,완전마음껏 11GB＋＋(멜론 매월 6900P),,moyo,True,,,LTE,11.0,,11.0,False,3Mbps,2.0,,,,unsupported,True,,,True,,44800,22500,모요 프로모션 할인,7,3,0,,,,,"멜론 캐쉬 6,900P 매월 제공 | 마트 상품권/네이버페이 1만원 증정",31,https://www.moyoplan.com/plans/23749,2026-08-11T01:43:06.687727+00:00
MVNO,LGU+,이지모바일,30845,30845,official_code,이지톡 1G,,moyo,True,,,LTE,1.0,,1.0,False,,,1.0,,1.0,quota,False,100,,False,100,9900,3300,모요 프로모션 할인,6,1,0,,,,,일반유심/배송비 무료,261,https://www.moyoplan.com/plans/30845,2026-08-11T01:43:06.687727+00:00
MVNO,LGU+,KG모바일,29935,29935,official_code,"[KG모바일 스페셜] 통화, 데이터 마음대로 10GB+",,moyo,True,,,LTE,10.0,,10.0,False,1Mbps,,,,,unsupported,True,,300,True,,26400,9500,모요 프로모션 할인,7,2,0,,,,,"GS25 편의점 상품권 5,000원 | 일반 유심/배송비 무료",55,https://www.moyoplan.com/plans/29935,2026-08-11T01:43:06.687727+00:00
MVNO,KT,티플러스,23748,23748,official_code,완전마음껏 11GB＋＋(왓챠 베이직 매월 무료),,moyo,True,,,LTE,11.0,,11.0,False,3Mbps,2.0,,,,unsupported,True,,,True,,44400,22500,모요 프로모션 할인,7,3,0,,,,,왓챠 베이직 무료 이용권 제공 | 마트 상품권/네이버페이 1만원 증정,38,https://www.moyoplan.com/plans/23748,2026-08-11T01:43:06.687727+00:00
MVNO,LGU+,인스모바일,11320,11320,official_code,[평생할인]데이터 안심 5GB+(USIM),,moyo,True,,,LTE,5.0,,5.0,False,1Mbps,,,,,within_data,False,200,,False,100,6930,6930,,,0,0,,,,,,102,https://www.moyoplan.com/plans/11320,2026-08-11T01:43:06.687727+00:00
MVNO,KT,모빙,37306,37306,official_code,쏙쏙 100분(10GB),,moyo,True,,,LTE,10.0,,10.0,False,,,,,,unsupported,False,100,,False,100,8000,8000,,,0,0,,,,,,23,https://www.moyoplan.com/plans/37306,2026-08-11T01:43:06.687727+00:00
MVNO,SKT,아이즈모바일,35379,35379,official_code,[S]무한11GB+,,moyo,True,,,LTE,11.0,,11.0,False,3Mbps,2.0,11.0,,11.0,quota,True,,300,True,,27900,27900,,,1,0,,,,SOLO결합 데이터 20GB 지급,,608,https://www.moyoplan.com/plans/35379,2026-08-11T01:43:06.687727+00:00
MVNO,LGU+,KG모바일,16771,16771,official_code,[일반] 평생 반값 할인 (3GB/300분),,moyo,True,,,LTE,3.0,,3.0,False,,,,,,unsupported,False,300,,False,0,6600,6600,,,1,0,,,,,일반 유심/배송비 무료,10,https://www.moyoplan.com/plans/16771,2026-08-11T01:43:06.687727+00:00
MVNO,SKT,이야기모바일,17600,17600,official_code,5G 함께이야기해S (500분+50GB),,moyo,True,,,5G,50.0,,50.0,False,,,,,,unsupported,False,500,,False,200,49500,37400,모요 프로모션 할인,12,1,0,,,,,"네이버페이 5,000원",26,https://www.moyoplan.com/plans/17600,2026-08-11T01:43:06.687727+00:00
MVNO,SKT,티플러스,18524,18524,official_code,The 데이터마음껏 15GB＋(100분),,moyo,True,,,LTE,15.0,,15.0,False,3Mbps,,,,,unsupported,False,100,,False,100,31900,17000,모요 프로모션 할인,7,0,0,,,,,,39,https://www.moyoplan.com/plans/18524,2026-08-11T01:43:06.687727+00:00
MVNO,LGU+,모나,29960,29960,official_code,더중앙+모나_100G+5M,,moyo,True,,,LTE,100.0,,100.0,False,5Mbps,,11.0,,11.0,quota,True,,300,True,,48400,23100,모요 프로모션 할인,7,3,1,더중앙플러스 구독권 매월 제공,,,,NFC 유심 무료 제공 | 4대 편의점 최대 10.1%적립,167,https://www.moyoplan.com/plans/29960,2026-08-11T01:43:06.687727+00:00
MVNO,SKT,이야기모바일,10699,10699,official_code,이야기 300분+5GB (5G),,moyo,True,,,5G,5.0,,5.0,False,,,,,,unsupported,False,300,,False,50,7700,7700,,,1,0,,,,,"네이버페이 5,000원",62,https://www.moyoplan.com/plans/10699,2026-08-11T01:43:06.687727+00:00
MVNO,LGU+,모빙,37389,37389,official_code,홈결합 100분15GB+,,moyo,True,,,LTE,15.0,,15.0,False,3Mbps,,,,,unsupported,False,100,,False,100,39000,22000,모요 프로모션 할인,12,0,0,,,,,,10,https://www.moyoplan.com/plans/37389,2026-08-11T01:43:06.687727+00:00
MVNO,LGU+,아이즈모바일,29006,29006,official_code,[L]아이즈7GB+,,moyo,True,,,LTE,7.0,,7.0,False,1Mbps,,,,,undisclosed,True,,,True,,27500,5500,모요 프로모션 할인,7,0,0,,,,,,277,https://www.moyoplan.com/plans/29006,2026-08-11T01:43:06.687727+00:00
MVNO,LGU+,리브모바일,20054,20054,official_code,청년도약 LTE 71GB+,,moyo,True,,가입 시 KB국민은행 입출금 계좌가 필요한 통신사에요.,LTE,11.0,,11.0,False,3Mbps,2.0,,,,within_data,True,,300,True,,34300,26400,모요 프로모션 할인,36,0,0,,,,,,845,https://www.moyoplan.com/plans/20054,2026-08-11T01:43:06.687727+00:00
MVNO,SKT,모빙,37263,37263,official_code,모빙 500분 7GB,,moyo,True,,,LTE,7.0,,7.0,False,,,,,,unsupported,False,500,,False,500,5500,5500,,,0,0,,,,,,530,https://www.moyoplan.com/plans/37263,2026-08-11T01:43:06.687727+00:00
MVNO,LGU+,이야기모바일,15080,15080,official_code,5G 이야기 프리미엄 180GB+,,moyo,True,,,5G,180.0,,180.0,False,10Mbps,,,,,unsupported,True,,,True,,62700,46200,모요 프로모션 할인,7,1,0,,,,,"네이버페이 5,000원",35,https://www.moyoplan.com/plans/15080,2026-08-11T01:43:06.687727+00:00
MVNO,LGU+,KG모바일,26321,26321,official_code,[일반] 유심 5G 50GB+,,moyo,True,,,5G,50.0,,50.0,False,1Mbps,,,,,unsupported,True,,300,True,,46750,35530,모요 프로모션 할인,12,0,0,,,,,,26,https://www.moyoplan.com/plans/26321,2026-08-11T01:43:06.687727+00:00
MVNO,SKT,아이즈모바일,35327,35327,official_code,아이즈 (10GB/100분),,moyo,True,,,LTE,10.0,,10.0,False,,,10.0,,10.0,quota,False,100,,False,100,21900,900,모요 프로모션 할인,7,0,0,,,,,,1057,https://www.moyoplan.com/plans/35327,2026-08-11T01:43:06.687727+00:00
MVNO,KT,더원모바일,33965,33965,official_code,TOP 5G 200GB 기본 (지니뮤직),,moyo,True,,,5G,200.0,,200.0,False,10Mbps,,50.0,,50.0,quota,True,,300,True,,55000,29700,모요 프로모션 할인,7,3,1,지니뮤직,,,솔로결합(+20GB),"3대 마트 상품권, 네이버페이 2만원",544,https://www.moyoplan.com/plans/33965,2026-08-11T01:43:06.687727+00:00
MVNO,KT,모빙,37344,37344,official_code,[K] 5G 데이터 110GB+,,moyo,True,,,5G,110.0,,110.0,False,5Mbps,,,,,unsupported,True,,,True,,66000,34100,모요 프로모션 할인,12,0,0,,,,,,10,https://www.moyoplan.com/plans/37344,2026-08-11T01:43:06.687727+00:00
MVNO,SKT,아이즈모바일,35400,35400,official_code,[S]아이즈특판100분/15GB+,,moyo,True,,,LTE,15.0,,15.0,False,3Mbps,,15.0,,15.0,quota,False,100,,False,100,26400,7700,모요 프로모션 할인,7,1,0,,,,SOLO결합 데이터 10GB 지급,,1223,https://www.moyoplan.com/plans/35400,2026-08-11T01:43:06.687727+00:00
MVNO,LGU+,모빙,37362,37362,official_code,[L] 5G 100분5GB,,moyo,True,,,5G,5.0,,5.0,False,,,,,,unsupported,False,100,,False,100,3900,3900,,,0,0,,,,,,10,https://www.moyoplan.com/plans/37362,2026-08-11T01:43:06.687727+00:00
MVNO,SKT,스마텔,25284,25284,official_code,후후 스마일 (200분/5GB+),,moyo,True,,,LTE,5.0,,5.0,False,1Mbps,,5.0,,5.0,quota,False,200,,False,100,15400,15400,,,0,0,,,,,,21,https://www.moyoplan.com/plans/25284,2026-08-11T01:43:06.687727+00:00
MVNO,LGU+,모빙,37350,37350,official_code,[L] 데이터 10GB+_2y_plus,,moyo,True,,,LTE,10.0,,10.0,False,1Mbps,,,,,unsupported,True,,,True,,30800,13000,모요 프로모션 할인,24,0,0,,,,,,76,https://www.moyoplan.com/plans/37350,2026-08-11T01:43:06.687727+00:00
MVNO,SKT,이야기모바일,29952,29952,official_code,이야기 라이트S 100분 7GB+,,moyo,True,,,LTE,7.0,,7.0,False,1Mbps,,,,,unsupported,False,100,,False,100,19800,19800,,,1,0,,,,,"네이버페이 5,000원",26,https://www.moyoplan.com/plans/29952,2026-08-11T01:43:06.687727+00:00
MVNO,SKT,티플러스,24008,24008,official_code,티플 위드유 10GB＋(G car),,moyo,True,,,LTE,10.0,,10.0,False,1Mbps,,,,,unsupported,True,,,True,,29700,7900,모요 프로모션 할인,7,1,0,,,,,롯데렌터카 연간 패스 이용권,234,https://www.moyoplan.com/plans/24008,2026-08-11T01:43:06.687727+00:00
MVNO,SKT,모빙,37410,37410,official_code,[S] 100분15GB+,,moyo,True,,,LTE,15.0,,15.0,False,3Mbps,,,,,unsupported,False,100,,False,100,36300,9900,모요 프로모션 할인,7,0,0,,,,,,321,https://www.moyoplan.com/plans/37410,2026-08-11T01:43:06.687727+00:00
MVNO,SKT,아이즈모바일,35443,35443,official_code,[S]올리브영7GB+,,moyo,True,,,LTE,7.0,,7.0,False,1Mbps,,,,,undisclosed,True,,,True,,27500,5500,모요 프로모션 할인,7,2,0,,,,SOLO결합 데이터 5GB 지급,"올리브영 상품권 매달 7,000원 지급",168,https://www.moyoplan.com/plans/35443,2026-08-11T01:43:06.687727+00:00
MVNO,KT,고고모바일,17446,17446,official_code,고고200분/2GB-데이터소진후 자동차단,,moyo,True,,,LTE,2.0,,2.0,False,,,,,,within_data,False,200,,False,200,8800,8800,,,2,0,,,,,"3대 마트 상품권, 네이버페이 2만원 | KT유심&배송비 무료",13,https://www.moyoplan.com/plans/17446,2026-08-11T01:43:06.687727+00:00
MVNO,LGU+,에이모바일,37200,37200,official_code,A 갓성비 6GB/200분 6,,moyo,True,,,LTE,6.0,,6.0,False,,,,,,undisclosed,False,200,,False,100,10450,220,모요 프로모션 할인,6,1,1,조선일보 종이신문 1개월 무료 구독 이벤트,,,,,66,https://www.moyoplan.com/plans/37200,2026-08-11T01:43:06.687727+00:00
MVNO,KT,모빙,37328,37328,official_code,[K] 웨이브베이직 11GB+,,moyo,True,,,LTE,11.0,,11.0,False,3Mbps,2.0,,,,unsupported,True,,,True,,53900,18700,모요 프로모션 할인,7,0,0,,,,,,10,https://www.moyoplan.com/plans/37328,2026-08-11T01:43:06.687727+00:00
MVNO,KT,모빙,37327,37327,official_code,[K] 다이소 11GB+,,moyo,True,,,LTE,11.0,,11.0,False,3Mbps,2.0,,,,unsupported,True,,,True,,52800,18700,모요 프로모션 할인,7,0,0,,,,,,53,https://www.moyoplan.com/plans/37327,2026-08-11T01:43:06.687727+00:00
MVNO,LGU+,아이즈모바일,18425,18425,official_code,세이브머니유심(기본제공/4.5GB+),,moyo,True,,,LTE,4.5,,4.5,False,1Mbps,,,,,undisclosed,True,,,True,,5500,5500,,,0,0,,,,,,4279,https://www.moyoplan.com/plans/18425,2026-08-11T01:43:06.687727+00:00
MVNO,KT,모빙,37332,37332,official_code,[K] 지니뮤직 11GB+,,moyo,True,,,LTE,11.0,,11.0,False,3Mbps,2.0,,,,unsupported,True,,,True,,53900,18700,모요 프로모션 할인,7,0,0,,,,,,42,https://www.moyoplan.com/plans/37332,2026-08-11T01:43:06.687727+00:00
MVNO,LGU+,에이모바일,37185,37185,official_code,A 5G 갓성비 10GB/200분,,moyo,True,,,5G,10.0,,10.0,False,,,,,,undisclosed,False,200,,False,100,12100,3300,모요 프로모션 할인,6,1,1,조선일보 종이신문 1개월 무료 구독 이벤트,,,,,434,https://www.moyoplan.com/plans/37185,2026-08-11T01:43:06.687727+00:00
MVNO,KT,모빙,37289,37289,official_code,쏙쏙 300분5GB,,moyo,True,,,LTE,5.0,,5.0,False,,,,,,unsupported,False,300,,False,100,14300,110,모요 프로모션 할인,5,0,0,,,,,,90,https://www.moyoplan.com/plans/37289,2026-08-11T01:43:06.687727+00:00
MVNO,LGU+,아이즈모바일,19641,19641,official_code,[L]무한300분/15GB+,,moyo,True,,,LTE,15.0,,15.0,False,3Mbps,,11.0,,11.0,quota,False,300,,False,300,20900,20900,,,0,0,,,,,,956,https://www.moyoplan.com/plans/19641,2026-08-11T01:43:06.687727+00:00
MVNO,LGU+,마블링,15033,15033,official_code,마블링 프라임(5G) 95GB+3Mbps,,moyo,True,,신규가입 시 본인확인 해피콜과 본인입증서류 제출을 요청 드릴 수 있습니다.,5G,95.0,,95.0,False,3Mbps,,5.0,,5.0,quota,True,,300,True,,44900,26900,모요 프로모션 할인,7,0,0,,,,,,10,https://www.moyoplan.com/plans/15033,2026-08-11T01:43:06.687727+00:00
MVNO,LGU+,스마텔,30968,30968,official_code,USIM 스마트 15GB+,,moyo,True,,신규 가입을 받지 않는 통신사입니다. 사용 중인 번호 그대로 통신사만 이동할 분들만 가입이 가능해요.,LTE,15.0,,15.0,False,3Mbps,,15.0,,15.0,quota,False,100,,False,100,29700,18500,모요 프로모션 할인,7,0,0,,,,,,10,https://www.moyoplan.com/plans/30968,2026-08-11T01:43:06.687727+00:00
MNO,KT,,22812,22812,official_code,요고 49,,moyo,True,,이미 KT 요금제를 쓰고 있다면 이 요금제를 가입할 수 없어요,5G,120.0,,120.0,False,5Mbps,,40.0,,40.0,quota,True,,300,True,,49000,49000,,,0,0,,,,,,553,https://www.moyoplan.com/plans/22812,2026-08-11T01:43:06.687727+00:00
MVNO,LGU+,스마텔,27853,27853,official_code,후후 스마트 7GB+,,moyo,True,,신규 가입을 받지 않는 통신사입니다. 사용 중인 번호 그대로 통신사만 이동할 분들만 가입이 가능해요.,LTE,7.0,,7.0,False,1Mbps,,,,,unsupported,True,,,True,,24530,12330,모요 프로모션 할인,7,0,0,,,,,,10,https://www.moyoplan.com/plans/27853,2026-08-11T01:43:06.687727+00:00
MVNO,KT,모빙,37316,37316,official_code,[K] 데이터 10GB+,,moyo,True,,,LTE,10.0,,10.0,False,1Mbps,,,,,unsupported,True,,,True,,30800,13200,모요 프로모션 할인,24,0,0,,,,,,10,https://www.moyoplan.com/plans/37316,2026-08-11T01:43:06.687727+00:00
MVNO,LGU+,핀다이렉트,18989,18989,official_code,[L] DIGITAL DETOX 3GB 챌린지,,moyo,True,,,LTE,3.0,,3.0,False,,,,,,unsupported,False,100,,False,100,8800,330,모요 프로모션 할인,7,1,0,,,,,데이터 로밍 3일 무료 쿠폰,65,https://www.moyoplan.com/plans/18989,2026-08-11T01:43:06.687727+00:00
MVNO,SKT,아이즈모바일,35481,35481,official_code,[S]음성자유/10GB,,moyo,True,,,LTE,10.0,,10.0,False,,,10.0,,10.0,quota,True,,30,False,500,27500,2200,모요 프로모션 할인,7,0,0,,,,,,2530,https://www.moyoplan.com/plans/35481,2026-08-11T01:43:06.687727+00:00
MVNO,KT,더원모바일,35818,35818,official_code,TOP 10GB 기본 (올리브영),,moyo,True,,,LTE,10.0,,10.0,False,1Mbps,,,,,within_data,True,,300,True,,28600,19030,모요 프로모션 할인,12,4,0,,,,솔로결합(+10GB) | 데이터 10GB 추가 제공(24개월간),"3대 마트 상품권, 네이버페이 2만원 | 올리브영 매월 5,000원 제공",10,https://www.moyoplan.com/plans/35818,2026-08-11T01:43:06.687727+00:00
MVNO,KT,더원모바일,35820,35820,official_code,TOP 10GB 기본 (네이버페이),,moyo,True,,,LTE,10.0,,10.0,False,1Mbps,,,,,within_data,True,,300,True,,28600,19030,모요 프로모션 할인,12,4,0,,,,솔로결합(+10GB) | 데이터 10GB 추가 제공(24개월간),"네이버페이 매월 5,000P 제공 | 3대 마트 상품권, 네이버페이 2만원",30,https://www.moyoplan.com/plans/35820,2026-08-11T01:43:06.687727+00:00
MVNO,KT,고고모바일,23374,23374,official_code,[모요only] 5G 무제한 50GB+1Mbps,,moyo,True,,,5G,50.0,,50.0,False,1Mbps,,40.0,,40.0,quota,True,,300,True,,41580,30000,모요 프로모션 할인,12,3,0,,,,추가데이터 10GB 제공,"3대 마트 상품권, 네이버페이 2만원 | KT유심&배송비 무료",114,https://www.moyoplan.com/plans/23374,2026-08-11T01:43:06.687727+00:00
MVNO,KT,더원모바일,35819,35819,official_code,TOP 10GB 기본 (다이소),,moyo,True,,,LTE,10.0,,10.0,False,1Mbps,,,,,within_data,True,,300,True,,28600,19030,모요 프로모션 할인,12,4,0,,,,솔로결합(+10GB) | 데이터 10GB 추가 제공(24개월간),"3대 마트 상품권, 네이버페이 2만원 | 다이소 매월 5,000원 제공",10,https://www.moyoplan.com/plans/35819,2026-08-11T01:43:06.687727+00:00
MVNO,LGU+,KG모바일,26322,26322,official_code,[일반] 유심 5G 31GB+,,moyo,True,,,5G,31.0,,31.0,False,1Mbps,,,,,unsupported,True,,300,True,,45650,34320,모요 프로모션 할인,12,0,0,,,,,,16,https://www.moyoplan.com/plans/26322,2026-08-11T01:43:06.687727+00:00
MVNO,KT,스마텔,25221,25221,official_code,스위트 10GB+ (+10GB 24개월간 추가 제공),,moyo,True,,신규 가입을 받지 않는 통신사입니다. 사용 중인 번호 그대로 통신사만 이동할 분들만 가입이 가능해요.,LTE,10.0,,10.0,False,1Mbps,,,,,unsupported,True,,300,True,,28600,22000,모요 프로모션 할인,36,0,0,,,,,,10,https://www.moyoplan.com/plans/25221,2026-08-11T01:43:06.687727+00:00
MVNO,KT,스마텔,25307,25307,official_code,스위트 11GB+(왓챠 프리미엄),,moyo,True,,신규 가입을 받지 않는 통신사입니다. 사용 중인 번호 그대로 통신사만 이동할 분들만 가입이 가능해요.,LTE,11.0,,11.0,False,3Mbps,2.0,11.0,,11.0,quota,True,,300,True,,48400,42900,모요 프로모션 할인,36,0,0,,,,,,10,https://www.moyoplan.com/plans/25307,2026-08-11T01:43:06.687727+00:00
MVNO,SKT,이야기모바일,29951,29951,official_code,이야기 라이트S 100분 11GB+,,moyo,True,,,LTE,11.0,,11.0,False,1Mbps,,,,,unsupported,False,100,,False,100,23650,23650,,,1,0,,,,,"네이버페이 5,000원",10,https://www.moyoplan.com/plans/29951,2026-08-11T01:43:06.687727+00:00
MVNO,KT,아이즈모바일,35459,35459,official_code,[K]올리브영 100GB+,,moyo,True,,,LTE,100.0,,100.0,False,5Mbps,,100.0,,100.0,quota,True,,300,True,,53900,20000,모요 프로모션 할인,7,2,0,,,,SOLO결합 데이터 20GB 지급,"올리브영 상품권 매달 5,000원 지급",118,https://www.moyoplan.com/plans/35459,2026-08-11T01:43:06.687727+00:00
MVNO,KT,모빙,37345,37345,official_code,[K] 5G 지니뮤직 110GB+,,moyo,True,,,5G,110.0,,110.0,False,5Mbps,,,,,unsupported,True,,,True,,66000,37400,모요 프로모션 할인,12,0,0,,,,,,34,https://www.moyoplan.com/plans/37345,2026-08-11T01:43:06.687727+00:00
MVNO,LGU+,모빙,37381,37381,official_code,실속 300분15GB+,,moyo,True,,,LTE,15.0,,15.0,False,3Mbps,,,,,unsupported,False,300,,False,300,40000,14000,모요 프로모션 할인,7,0,0,,,,,,42,https://www.moyoplan.com/plans/37381,2026-08-11T01:43:06.687727+00:00
MVNO,KT,모빙,37317,37317,official_code,[K] CU편의점 15GB+,,moyo,True,,,LTE,15.0,,15.0,False,1Mbps,,,,,unsupported,True,,,True,,36300,13200,모요 프로모션 할인,7,0,0,,,,,,10,https://www.moyoplan.com/plans/37317,2026-08-11T01:43:06.687727+00:00
MVNO,KT,아이즈모바일,35423,35423,official_code,[K]롯시&밀리 15GB+,,moyo,True,,,LTE,15.0,,15.0,False,1Mbps,,,,,undisclosed,True,,,True,,34100,9900,모요 프로모션 할인,7,2,1,밀리의서재,,,,매월 롯데시네마 관람권 지급,105,https://www.moyoplan.com/plans/35423,2026-08-11T01:43:06.687727+00:00
MVNO,LGU+,이지모바일,34741,34741,official_code,EG-5G 24레귤러 50G+,,moyo,True,,,5G,50.0,,50.0,False,1Mbps,,5.0,,5.0,quota,True,,300,True,,47250,32400,모요 프로모션 할인,7,1,0,,,,,일반유심/배송비 무료,17,https://www.moyoplan.com/plans/34741,2026-08-11T01:43:06.687727+00:00
MVNO,KT,모빙,37315,37315,official_code,[K] 다이소 15GB+,,moyo,True,,,LTE,15.0,,15.0,False,1Mbps,,,,,unsupported,True,,,True,,34100,13200,모요 프로모션 할인,7,0,0,,,,,,14,https://www.moyoplan.com/plans/37315,2026-08-11T01:43:06.687727+00:00
MVNO,LGU+,모빙,37390,37390,official_code,[L] 라운지프리 100분15GB+,,moyo,True,,,LTE,15.0,,15.0,False,3Mbps,,,,,unsupported,False,100,,False,100,39000,23000,모요 프로모션 할인,24,0,0,,,,,,10,https://www.moyoplan.com/plans/37390,2026-08-11T01:43:06.687727+00:00
MVNO,SKT,티플러스,17960,17960,official_code,티플 드림(2GB/100분),,moyo,True,,,LTE,2.0,,2.0,False,,,,,,within_data,False,100,,False,100,5500,5500,,,0,0,,,,,,18,https://www.moyoplan.com/plans/17960,2026-08-11T01:43:06.687727+00:00
MVNO,KT,모빙,37318,37318,official_code,[K] 밀리의서재 15GB+,,moyo,True,,,LTE,15.0,,15.0,False,1Mbps,,,,,unsupported,True,,,True,,31900,13200,모요 프로모션 할인,7,0,0,,,,,,40,https://www.moyoplan.com/plans/37318,2026-08-11T01:43:06.687727+00:00
MVNO,KT,고고모바일,18750,18750,official_code,[모요only] 데이터 무제한 300분/15GB+3Mbps,,moyo,True,,,LTE,15.0,,15.0,False,3Mbps,,,,,within_data,False,300,,False,300,33000,19000,모요 프로모션 할인,7,3,0,,,,추가데이터 10GB 제공,"3대 마트 상품권, 네이버페이 2만원 | KT유심&배송비 무료",85,https://www.moyoplan.com/plans/18750,2026-08-11T01:43:06.687727+00:00
MVNO,LGU+,티플러스,17276,17276,official_code,티플포유(2G/200분),,moyo,True,,,LTE,2.0,,2.0,False,,,,,,within_data,False,200,,False,100,5500,5500,,,0,0,,,,,,12,https://www.moyoplan.com/plans/17276,2026-08-11T01:43:06.687727+00:00
MVNO,LGU+,에이모바일,37206,37206,official_code,A 스페셜 10GB+,,moyo,True,,,LTE,10.0,,10.0,False,1Mbps,,,,,undisclosed,True,,,True,,26400,3000,모요 프로모션 할인,7,1,1,조선일보 종이신문 1개월 무료 구독 이벤트,,,,,108,https://www.moyoplan.com/plans/37206,2026-08-11T01:43:06.687727+00:00
MVNO,SKT,아이즈모바일,35401,35401,official_code,[S]아이즈특판300분/15GB+,,moyo,True,,,LTE,15.0,,15.0,False,3Mbps,,15.0,,15.0,quota,False,300,,False,300,29900,10900,모요 프로모션 할인,7,1,0,,,,SOLO결합 데이터 10GB 지급,,152,https://www.moyoplan.com/plans/35401,2026-08-11T01:43:06.687727+00:00
MVNO,SKT,모빙,37262,37262,official_code,[S] 5G 300분6GB,,moyo,True,,,5G,6.0,,6.0,False,,,,,,unsupported,False,300,,False,300,5000,5000,,,0,0,,,,,,440,https://www.moyoplan.com/plans/37262,2026-08-11T01:43:06.687727+00:00
MVNO,KT,KT스카이라이프,29399,29399,official_code,모두 충분 10GB+(올리브영_5000),,moyo,True,,,LTE,10.0,,10.0,False,1Mbps,,,,,within_data,True,,300,True,,21200,21200,,,2,0,,,,,"S-머니3만원(5천원X6개월) | 3대마트상품권, 네이버페이 2만원",173,https://www.moyoplan.com/plans/29399,2026-08-11T01:43:06.687727+00:00
MVNO,LGU+,모빙,37369,37369,official_code,[L] 300분9GB,,moyo,True,,,LTE,9.0,,9.0,False,,,,,,unsupported,False,300,,False,100,6300,6300,,,0,0,,,,,,21,https://www.moyoplan.com/plans/37369,2026-08-11T01:43:06.687727+00:00
MVNO,LGU+,모나,22833,22833,official_code,수다맘껏데이터7G+,,moyo,True,,,LTE,7.0,,7.0,False,1Mbps,,,,,within_data,True,,300,True,,22000,12100,모요 프로모션 할인,7,2,0,,,,,NFC 유심 무료 제공 | 4대 편의점 최대 10.1%적립,27,https://www.moyoplan.com/plans/22833,2026-08-11T01:43:06.687727+00:00
MVNO,LGU+,모빙,37370,37370,official_code,실속 250분10GB,,moyo,True,,,LTE,10.0,,10.0,False,,,,,,unsupported,False,250,,False,100,6600,6600,,,0,0,,,,,,23,https://www.moyoplan.com/plans/37370,2026-08-11T01:43:06.687727+00:00
MVNO,LGU+,아이즈모바일,29003,29003,official_code,[L]아이즈15GB+1Mbps,,moyo,True,,,LTE,15.0,,15.0,False,1Mbps,,11.0,,11.0,quota,True,,300,True,,29700,12000,모요 프로모션 할인,7,0,0,,,,,,106,https://www.moyoplan.com/plans/29003,2026-08-11T01:43:06.687727+00:00
MVNO,LGU+,모빙,37401,37401,official_code,5G 홈결합 150GB+,,moyo,True,,,5G,150.0,,150.0,False,5Mbps,,,,,unsupported,True,,,True,,60500,38000,모요 프로모션 할인,12,0,0,,,,,,22,https://www.moyoplan.com/plans/37401,2026-08-11T01:43:06.687727+00:00
MVNO,SKT,이야기모바일,12277,12277,official_code,내맘대로S(300+3GB),,moyo,True,,,LTE,3.0,,3.0,False,,,,,,unsupported,False,300,,False,300,9900,4000,모요 프로모션 할인,4,1,0,,,,,"네이버페이 5,000원",22,https://www.moyoplan.com/plans/12277,2026-08-11T01:43:06.687727+00:00
MVNO,KT,쉐이크모바일,22789,22789,official_code,[모요only] 쉐이크 LTE 7GB+_밀리의서재,,moyo,True,,,LTE,7.0,,7.0,False,1Mbps,,,,,within_data,True,,300,True,,18700,12000,모요 프로모션 할인,7,6,1,밀리의서재,,,SOLO결합(+5GB) | 데이터 매월 10GB 추가 증정(24개월) | 데이터쿠폰 20GB,"매월 1천원 요금할인 (팝테일 가입·인증) | 마트상품권, 네이버페이 최대 2만원",431,https://www.moyoplan.com/plans/22789,2026-08-11T01:43:06.687727+00:00
MVNO,SKT,스마텔,25248,25248,official_code,후후 플러스 (200분+1GB),,moyo,True,,,LTE,1.0,,1.0,False,,,1.0,,1.0,quota,False,200,,False,100,6330,2150,모요 프로모션 할인,5,0,0,,,,,,69,https://www.moyoplan.com/plans/25248,2026-08-11T01:43:06.687727+00:00
MVNO,LGU+,모빙,37372,37372,official_code,[L] 5G 300분10GB,,moyo,True,,,5G,10.0,,10.0,False,,,,,,unsupported,False,300,,False,100,6900,6900,,,0,0,,,,,,152,https://www.moyoplan.com/plans/37372,2026-08-11T01:43:06.687727+00:00
MVNO,LGU+,티플러스,23680,23680,official_code,티플 데이터마음껏15G＋(300분),,moyo,True,,,LTE,15.0,,15.0,False,3Mbps,,,,,within_data,False,300,,False,300,29700,29700,,,0,0,,,,,,21,https://www.moyoplan.com/plans/23680,2026-08-11T01:43:06.687727+00:00
MVNO,KT,모빙,37300,37300,official_code,5G 쏙쏙 500분15GB,,moyo,True,,,5G,15.0,,15.0,False,,,,,,unsupported,False,500,,False,500,34100,4400,모요 프로모션 할인,7,0,0,,,,,,150,https://www.moyoplan.com/plans/37300,2026-08-11T01:43:06.687727+00:00
MVNO,LGU+,이야기모바일,26180,26180,official_code,내맘대로(200분+6GB)(5G),,moyo,True,,,5G,6.0,,6.0,False,,,,,,unsupported,False,200,,False,200,14300,14300,,,1,0,,,,,"네이버페이 5,000원",10,https://www.moyoplan.com/plans/26180,2026-08-11T01:43:06.687727+00:00
MVNO,KT,쉐이크모바일,23371,23371,official_code,[모요only] 쉐이크 LTE 15GB+/300분_CU,,moyo,True,,,LTE,15.0,,15.0,False,3Mbps,,,,,within_data,False,300,,False,300,34100,19000,모요 프로모션 할인,7,5,0,,,,SOLO결합(+10GB) | 데이터쿠폰 20GB,"매월 1천원 요금할인 (팝테일 가입·인증) | 마트상품권, 네이버페이 최대 2만원 | CU 20% 오프라인 결제할인",24,https://www.moyoplan.com/plans/23371,2026-08-11T01:43:06.687727+00:00
MVNO,SKT,모빙,37257,37257,official_code,[S] 300분1GB,,moyo,True,,,LTE,1.0,,1.0,False,,,,,,unsupported,False,300,,False,300,3000,3000,,,0,0,,,,,,392,https://www.moyoplan.com/plans/37257,2026-08-11T01:43:06.687727+00:00
MVNO,LGU+,모빙,37364,37364,official_code,[L] 5G 300분5GB,,moyo,True,,,5G,5.0,,5.0,False,,,,,,unsupported,False,300,,False,100,4100,4100,,,0,0,,,,,,32,https://www.moyoplan.com/plans/37364,2026-08-11T01:43:06.687727+00:00
MVNO,SKT,모빙,37247,37247,official_code,[S] 500분10GB,,moyo,True,,,LTE,10.0,,10.0,False,,,,,,unsupported,False,500,,False,500,28600,100,모요 프로모션 할인,7,0,0,,,,,,1848,https://www.moyoplan.com/plans/37247,2026-08-11T01:43:06.687727+00:00
MVNO,LGU+,리브모바일,20269,20269,official_code,LTE 71GB+,,moyo,True,,가입 시 KB국민은행 입출금 계좌가 필요한 통신사에요.,LTE,11.0,,11.0,False,3Mbps,2.0,,,,within_data,True,,300,True,,34300,29900,모요 프로모션 할인,12,0,0,,,,,,193,https://www.moyoplan.com/plans/20269,2026-08-11T01:43:06.687727+00:00
MVNO,KT,고고모바일,30943,30943,official_code,무제한 10GB+1M(다이소 매월 5000원),,moyo,True,,,LTE,10.0,,10.0,False,1Mbps,,,,,within_data,True,,300,True,,24090,24090,,,5,0,,,,추가데이터 10GB 제공 | 데이터 매월 10GB 추가 증정 (24개월간),"3대 마트 상품권, 네이버페이 2만원 | 다이소상품권 매월 5,000원 제공 | KT유심&배송비 무료",10,https://www.moyoplan.com/plans/30943,2026-08-11T01:43:06.687727+00:00
MVNO,LGU+,인스모바일,20876,20876,official_code,[평생할인]올프리 1GB+(USIM),,moyo,True,,,LTE,1.0,,1.0,False,1Mbps,,,,,within_data,True,,110,True,,8140,8140,,,0,0,,,,,,340,https://www.moyoplan.com/plans/20876,2026-08-11T01:43:06.687727+00:00
MVNO,KT,고고모바일,30947,30947,official_code,무제한 10GB+1M(올리브영 매월 5000원),,moyo,True,,,LTE,10.0,,10.0,False,1Mbps,,,,,within_data,True,,300,True,,24090,24090,,,5,0,,,,추가데이터 10GB 제공 | 데이터 매월 10GB 추가 증정 (24개월간),"3대 마트 상품권, 네이버페이 2만원 | 올리브영 상품권 매월 5,000원 제공 | KT유심&배송비 무료",10,https://www.moyoplan.com/plans/30947,2026-08-11T01:43:06.687727+00:00
MVNO,LGU+,KG모바일,26730,26730,official_code,"[모빌카드 스페셜] 통화, 데이터 마음대로 10GB+",,moyo,True,,,LTE,10.0,,10.0,False,1Mbps,,,,,unsupported,True,,300,True,,26400,9500,모요 프로모션 할인,7,2,0,,,,,"네이버페이 5,000원 | 일반 유심/배송비 무료",139,https://www.moyoplan.com/plans/26730,2026-08-11T01:43:06.687727+00:00
MVNO,SKT,에이모바일,37230,37230,official_code,A 넥스트 7GB+,,moyo,True,,,LTE,7.0,,7.0,False,1Mbps,,,,,undisclosed,True,,,True,,18900,4500,모요 프로모션 할인,7,2,1,조선일보 종이신문 1개월 무료 구독 이벤트,,,,네이버페이 1만원 지급 이벤트,824,https://www.moyoplan.com/plans/37230,2026-08-11T01:43:06.687727+00:00
MVNO,SKT,이야기모바일,8217,8217,official_code,5G 이야기 무한 200GB,,moyo,True,,,5G,200.0,,200.0,False,5Mbps,,,,,unsupported,True,,,True,,53100,49800,모요 프로모션 할인,7,1,0,,,,,"네이버페이 5,000원",92,https://www.moyoplan.com/plans/8217,2026-08-11T01:43:06.687727+00:00
MVNO,KT,모빙,37321,37321,official_code,[K] 다이소 100분15GB+,,moyo,True,,,LTE,15.0,,15.0,False,3Mbps,,,,,unsupported,False,100,,False,100,41800,14410,모요 프로모션 할인,7,0,0,,,,,,10,https://www.moyoplan.com/plans/37321,2026-08-11T01:43:06.687727+00:00
MVNO,KT,모빙,37322,37322,official_code,[K] 모아진 100분15GB+,,moyo,True,,,LTE,15.0,,15.0,False,3Mbps,,,,,unsupported,False,100,,False,100,37400,14410,모요 프로모션 할인,7,0,0,,,,,,10,https://www.moyoplan.com/plans/37322,2026-08-11T01:43:06.687727+00:00
MVNO,KT,모빙,37320,37320,official_code,[K] 페이포인트 100분15GB+,,moyo,True,,,LTE,15.0,,15.0,False,3Mbps,,,,,unsupported,False,100,,False,100,41800,14410,모요 프로모션 할인,7,0,0,,,,,,12,https://www.moyoplan.com/plans/37320,2026-08-11T01:43:06.687727+00:00
MVNO,SKT,티플러스,17964,17964,official_code,The 데이터마음껏 5GB＋(200분),,moyo,True,,,LTE,5.0,,5.0,False,1Mbps,,,,,within_data,False,200,,False,100,19800,19800,,,0,0,,,,,,14,https://www.moyoplan.com/plans/17964,2026-08-11T01:43:06.687727+00:00
MVNO,LGU+,에이모바일,37196,37196,official_code,A 갓성비 유독 5GB+ 7,,moyo,True,,,LTE,5.0,,5.0,False,1Mbps,,,,,undisclosed,False,100,,False,100,11000,330,모요 프로모션 할인,7,1,1,조선일보 종이신문 1개월 무료 구독 이벤트,,,,,306,https://www.moyoplan.com/plans/37196,2026-08-11T01:43:06.687727+00:00
MVNO,KT,모빙,37305,37305,official_code,쏙쏙 500분10GB,,moyo,True,,,LTE,10.0,,10.0,False,,,,,,unsupported,False,500,,False,500,7700,7700,,,0,0,,,,,,64,https://www.moyoplan.com/plans/37305,2026-08-11T01:43:06.687727+00:00
MVNO,LGU+,인스모바일,11319,11319,official_code,[평생할인]인스 유심 올프리 6GB+,,moyo,True,,,LTE,6.0,,6.0,False,1Mbps,,,,,undisclosed,True,,,True,,13750,13750,,,0,0,,,,,,35,https://www.moyoplan.com/plans/11319,2026-08-11T01:43:06.687727+00:00
MVNO,LGU+,모빙,37366,37366,official_code,실속 100분5GB+,,moyo,True,,,LTE,5.0,,5.0,False,1Mbps,,,,,unsupported,False,100,,False,100,14000,5000,모요 프로모션 할인,24,0,0,,,,,,43,https://www.moyoplan.com/plans/37366,2026-08-11T01:43:06.687727+00:00
MVNO,KT,쉐이크모바일,27850,27850,official_code,[모요only] 쉐이크 5G 70GB+_밀리의서재,,moyo,True,,,5G,70.0,,70.0,False,1Mbps,,40.0,,40.0,quota,True,,300,True,,45100,20000,모요 프로모션 할인,7,4,1,밀리의서재,,,데이터쿠폰 20GB,"매월 1천원 요금할인 (팝테일 가입·인증) | 마트상품권, 네이버페이 최대 2만원",405,https://www.moyoplan.com/plans/27850,2026-08-11T01:43:06.687727+00:00
MVNO,LGU+,이야기모바일,15064,15064,official_code,이야기 베이직 2.5GB+,,moyo,True,,,LTE,2.5,,2.5,False,400Kbps,,,,,unsupported,True,,,True,,26400,26400,,,1,0,,,,,"네이버페이 5,000원",10,https://www.moyoplan.com/plans/15064,2026-08-11T01:43:06.687727+00:00
MVNO,SKT,아이즈모바일,35359,35359,official_code,[S]벤티(200분/10GB),,moyo,True,,,LTE,10.0,,10.0,False,,,10.0,,10.0,quota,False,200,,False,100,9900,9900,,,0,0,,,,,,36,https://www.moyoplan.com/plans/35359,2026-08-11T01:43:06.687727+00:00
MVNO,SKT,티플러스,35884,35884,official_code,티플 7G＋(CU멤버십＋매월 5000P),,moyo,True,,,LTE,7.0,,7.0,False,1Mbps,,,,,unsupported,True,,,True,,29700,8900,모요 프로모션 할인,7,3,0,,,,,"CU 5,000P 모바일상품권 12개월 제공 | CU편의점 20% 할인 12개월 제공 | 12개월간 CU 카테고리 20% 할인권 제공",71,https://www.moyoplan.com/plans/35884,2026-08-11T01:43:06.687727+00:00
MVNO,LGU+,모나,37127,37127,official_code,5G_모나데이터12G안심1,,moyo,True,,,5G,12.0,,12.0,False,1Mbps,,,,,unsupported,True,,,True,,47300,25900,모요 프로모션 할인,12,0,0,,,,,,10,https://www.moyoplan.com/plans/37127,2026-08-11T01:43:06.687727+00:00
MVNO,SKT,티플러스,33165,33165,official_code,5G 통화안심 30GB,,moyo,True,,,5G,30.0,,30.0,False,,,,,,unsupported,True,,,False,100,39600,21900,모요 프로모션 할인,4,0,0,,,,,,50,https://www.moyoplan.com/plans/33165,2026-08-11T01:43:06.687727+00:00
MVNO,SKT,티플러스,26803,26803,official_code,데이터안심 10GB＋(100분),,moyo,True,,,LTE,10.0,,10.0,False,400Kbps,,,,,unsupported,False,100,,False,100,19250,11000,모요 프로모션 할인,7,0,0,,,,,,17,https://www.moyoplan.com/plans/26803,2026-08-11T01:43:06.687727+00:00
MVNO,SKT,모빙,37260,37260,official_code,[S] 데이터 5GB,,moyo,True,,,LTE,5.0,,5.0,False,,,,,,unsupported,True,,,False,200,4800,4800,,,0,0,,,,,,726,https://www.moyoplan.com/plans/37260,2026-08-11T01:43:06.687727+00:00
MVNO,KT,더원모바일,35534,35534,official_code,TOP 5G 200GB 기본 (다이소),,moyo,True,,,5G,200.0,,200.0,False,10Mbps,,50.0,,50.0,quota,True,,300,True,,55000,29700,모요 프로모션 할인,7,3,0,,,,솔로결합(+20GB),"3대 마트 상품권, 네이버페이 2만원 | 다이소 매월 5,000원 제공",391,https://www.moyoplan.com/plans/35534,2026-08-11T01:43:06.687727+00:00
MVNO,LGU+,이야기모바일,17601,17601,official_code,5G 이야기 라이트 80GB+,,moyo,True,,,5G,80.0,,80.0,False,1Mbps,,,,,unsupported,True,,,True,,47300,34100,모요 프로모션 할인,7,1,0,,,,,"네이버페이 5,000원",10,https://www.moyoplan.com/plans/17601,2026-08-11T01:43:06.687727+00:00
MVNO,LGU+,스마텔,25247,25247,official_code,5G 스마트플러스(200분 + 5GB),,moyo,True,,신규 가입을 받지 않는 통신사입니다. 사용 중인 번호 그대로 통신사만 이동할 분들만 가입이 가능해요.,5G,5.0,,5.0,False,,,5.0,,5.0,quota,False,200,,False,100,13000,7200,모요 프로모션 할인,12,0,0,,,,,,10,https://www.moyoplan.com/plans/25247,2026-08-11T01:43:06.687727+00:00
MVNO,SKT,아이즈모바일,35465,35465,official_code,[S]OK캐쉬백 300분/15GB+,,moyo,True,,,LTE,15.0,,15.0,False,3Mbps,,,,,undisclosed,False,300,,False,300,41800,24500,모요 프로모션 할인,12,1,0,,,,SOLO결합 데이터 10GB 지급,,13,https://www.moyoplan.com/plans/35465,2026-08-11T01:43:06.687727+00:00
MVNO,LGU+,에이모바일,37198,37198,official_code,A 스페셜 7GB+ (24개월),,moyo,True,,,LTE,7.0,,7.0,False,1Mbps,,,,,undisclosed,True,,,True,,22000,16060,모요 프로모션 할인,24,1,1,조선일보 종이신문 1개월 무료 구독 이벤트,,,,,10,https://www.moyoplan.com/plans/37198,2026-08-11T01:43:06.687727+00:00
MVNO,LGU+,찬스모바일,26892,26892,official_code,음성기본 10GB+,,moyo,True,,,LTE,10.0,,10.0,False,1Mbps,,10.0,,10.0,quota,True,,300,True,,24200,12500,모요 프로모션 할인,7,1,0,,,,,유심/배송비 무료,16,https://www.moyoplan.com/plans/26892,2026-08-11T01:43:06.687727+00:00
MVNO,KT,스마텔,25266,25266,official_code,5G 스위트 70GB+,,moyo,True,,신규 가입을 받지 않는 통신사입니다. 사용 중인 번호 그대로 통신사만 이동할 분들만 가입이 가능해요.,5G,70.0,,70.0,False,1Mbps,,40.0,,40.0,quota,True,,300,True,,48400,42900,모요 프로모션 할인,36,0,0,,,,,,13,https://www.moyoplan.com/plans/25266,2026-08-11T01:43:06.687727+00:00
MVNO,KT,아이즈모바일,35373,35373,official_code,[K]벤티(300분/7GB),,moyo,True,,,LTE,7.0,,7.0,False,,,,,,undisclosed,False,300,,False,100,18500,18500,,,0,0,,,,,,805,https://www.moyoplan.com/plans/35373,2026-08-11T01:43:06.687727+00:00
MVNO,KT,모빙,37347,37347,official_code,[K] 5G 밀리의서재 200GB+,,moyo,True,,,5G,200.0,,200.0,False,10Mbps,,,,,unsupported,True,,,True,,70400,40700,모요 프로모션 할인,12,0,0,,,,,,118,https://www.moyoplan.com/plans/37347,2026-08-11T01:43:06.687727+00:00
MVNO,LGU+,모빙,37359,37359,official_code,실속 100분3GB,,moyo,True,,,LTE,3.0,,3.0,False,,,,,,unsupported,False,100,,False,100,3300,3300,,,0,0,,,,,,1014,https://www.moyoplan.com/plans/37359,2026-08-11T01:43:06.687727+00:00
MVNO,LGU+,이야기모바일,15065,15065,official_code,이야기 라이트 3.5GB+,,moyo,True,,,LTE,3.5,,3.5,False,1Mbps,,,,,unsupported,True,,,True,,31900,31900,,,1,0,,,,,"네이버페이 5,000원",10,https://www.moyoplan.com/plans/15065,2026-08-11T01:43:06.687727+00:00
MVNO,SKT,티플러스,35885,35885,official_code,티플 10G＋(CU멤버십＋매월 5000P),,moyo,True,,,LTE,10.0,,10.0,False,1Mbps,,,,,unsupported,True,,,True,,33000,12900,모요 프로모션 할인,7,3,0,,,,,"CU 5,000P 모바일상품권 12개월 제공 | CU편의점 20% 할인 12개월 제공 | 12개월간 CU 카테고리 20% 할인권 제공",20,https://www.moyoplan.com/plans/35885,2026-08-11T01:43:06.687727+00:00
MVNO,SKT,아이즈모바일,35471,35471,official_code,[S]이디야 화이트 7GB+,,moyo,True,,,LTE,7.0,,7.0,False,1Mbps,,,,,undisclosed,True,,,True,,28600,5500,모요 프로모션 할인,7,2,0,,,,SOLO결합 데이터 5GB 지급,"매월 이디야 6,000원 모바일 카드 지급",123,https://www.moyoplan.com/plans/35471,2026-08-11T01:43:06.687727+00:00
MVNO,KT,모빙,37346,37346,official_code,[K] 5G 데이터 200GB+,,moyo,True,,,5G,200.0,,200.0,False,10Mbps,,,,,unsupported,True,,,True,,70400,40700,모요 프로모션 할인,12,0,0,,,,,,118,https://www.moyoplan.com/plans/37346,2026-08-11T01:43:06.687727+00:00
MVNO,SKT,이야기모바일,16297,16297,official_code,5G 이야기 무한 74GB,,moyo,True,,,5G,74.0,,74.0,False,1Mbps,,,,,unsupported,True,,,True,,46200,40700,모요 프로모션 할인,7,1,0,,,,,"네이버페이 5,000원",13,https://www.moyoplan.com/plans/16297,2026-08-11T01:43:06.687727+00:00
MVNO,SKT,스마텔,25231,25231,official_code,스마일 플러스 (100분 + 2.2GB),,moyo,True,,,LTE,2.2,,2.2,False,,,2.2,,2.2,quota,False,100,,False,100,4400,2200,모요 프로모션 할인,5,0,0,,,,,,10,https://www.moyoplan.com/plans/25231,2026-08-11T01:43:06.687727+00:00
MVNO,LGU+,이지모바일,34742,34742,official_code,EG-5G 24플러스 80G+,,moyo,True,,,5G,80.0,,80.0,False,1Mbps,,5.0,,5.0,quota,True,,300,True,,49500,34100,모요 프로모션 할인,7,1,0,,,,,일반유심/배송비 무료,10,https://www.moyoplan.com/plans/34742,2026-08-11T01:43:06.687727+00:00
MVNO,SKT,티플러스,17961,17961,official_code,티플 드림(1GB/200분),,moyo,True,,,LTE,1.0,,1.0,False,,,,,,within_data,False,200,,False,200,4950,4950,,,0,0,,,,,,71,https://www.moyoplan.com/plans/17961,2026-08-11T01:43:06.687727+00:00
MVNO,KT,리브모바일,11720,11720,official_code,LTE 무제한 11GB+,,moyo,True,,가입 시 KB국민은행 입출금 계좌가 필요한 통신사에요. | 리브엠이 안내하는 요금은 특정 조건 및 국민은행 실적에 따라 더 비싸질 수 있어요. 꼭 자사몰의 안내를 확인하고 신청해 주세요.,LTE,11.0,,11.0,False,3Mbps,2.0,,,,within_data,True,,200,True,,35500,31100,모요 프로모션 할인,12,0,0,,,,,,236,https://www.moyoplan.com/plans/11720,2026-08-11T01:43:06.687727+00:00
MVNO,LGU+,핀다이렉트,18987,18987,official_code,[L] 핀다이렉트e Xtra 2GB,,moyo,True,,,5G,2.0,,2.0,False,,,,,,unsupported,False,100,,False,100,8800,220,모요 프로모션 할인,7,0,0,,,,,,50,https://www.moyoplan.com/plans/18987,2026-08-11T01:43:06.687727+00:00
MVNO,LGU+,모빙,37394,37394,official_code,[L] 라운지프리 300분15GB+,,moyo,True,,,LTE,15.0,,15.0,False,3Mbps,,,,,unsupported,False,300,,False,300,41000,25000,모요 프로모션 할인,24,0,0,,,,,,10,https://www.moyoplan.com/plans/37394,2026-08-11T01:43:06.687727+00:00
MVNO,LGU+,아이즈모바일,26377,26377,official_code,세이브머니유심(기본제공/5GB+),,moyo,True,,,LTE,5.0,,5.0,False,1Mbps,,,,,undisclosed,True,,,True,,5900,5900,,,0,0,,,,,,1288,https://www.moyoplan.com/plans/26377,2026-08-11T01:43:06.687727+00:00
MVNO,SKT,스마텔,25258,25258,official_code,스마일 1GB+,,moyo,True,,,LTE,1.0,,1.0,False,1Mbps,,1.0,,1.0,quota,True,,100,True,,16940,10340,모요 프로모션 할인,7,0,0,,,,,,75,https://www.moyoplan.com/plans/25258,2026-08-11T01:43:06.687727+00:00
MVNO,LGU+,아이즈모바일,20061,20061,official_code,세이브머니유심(200분/6GB+),,moyo,True,,,LTE,6.0,,6.0,False,1Mbps,,,,,undisclosed,False,200,,False,100,4400,4400,,,0,0,,,,,,24,https://www.moyoplan.com/plans/20061,2026-08-11T01:43:06.687727+00:00
MVNO,LGU+,인스모바일,15332,15332,official_code,인스 유심 스피드(5G) 9GB+,,moyo,True,,,5G,9.0,,9.0,False,1Mbps,,,,,undisclosed,True,,,True,,43400,17000,모요 프로모션 할인,7,0,0,,,,,,16,https://www.moyoplan.com/plans/15332,2026-08-11T01:43:06.687727+00:00
MVNO,LGU+,인스모바일,24529,24529,official_code,실속 300분+4GB(USIM),,moyo,True,,,LTE,4.0,,4.0,False,,,,,,undisclosed,False,300,,False,100,19800,2200,모요 프로모션 할인,6,0,0,,,,,,11,https://www.moyoplan.com/plans/24529,2026-08-11T01:43:06.687727+00:00
MVNO,LGU+,모빙,37363,37363,official_code,실속 200분5GB,,moyo,True,,,LTE,5.0,,5.0,False,,,,,,unsupported,False,200,,False,100,4000,4000,,,0,0,,,,,,10,https://www.moyoplan.com/plans/37363,2026-08-11T01:43:06.687727+00:00
MVNO,LGU+,인스모바일,15323,15323,official_code,인스 유심 올프리 6GB+,,moyo,True,,,LTE,6.0,,6.0,False,1Mbps,,,,,undisclosed,True,,,True,,27500,5390,모요 프로모션 할인,7,0,0,,,,,,15,https://www.moyoplan.com/plans/15323,2026-08-11T01:43:06.687727+00:00
MVNO,LGU+,아이즈모바일,27231,27231,official_code,[L]벤티(300분/9GB),,moyo,True,,,LTE,9.0,,9.0,False,,,,,,undisclosed,False,300,,False,100,22200,900,모요 프로모션 할인,6,1,0,,,,,8월 한정 Npay 2만원 지급,15,https://www.moyoplan.com/plans/27231,2026-08-11T01:43:06.687727+00:00
MVNO,KT,아이즈모바일,33124,33124,official_code,[K]다이소 100GB+,,moyo,True,,,LTE,100.0,,100.0,False,5Mbps,,100.0,,100.0,quota,True,,300,True,,53900,20000,모요 프로모션 할인,7,2,0,,,,SOLO결합 데이터 20GB 지급,"다이소 상품권 매달 5,000원 지급",81,https://www.moyoplan.com/plans/33124,2026-08-11T01:43:06.687727+00:00
MVNO,SKT,이야기모바일,16298,16298,official_code,5G 이야기 무한 99GB,,moyo,True,,,5G,99.0,,99.0,False,1Mbps,,,,,unsupported,True,,,True,,47300,41800,모요 프로모션 할인,7,1,0,,,,,"네이버페이 5,000원",23,https://www.moyoplan.com/plans/16298,2026-08-11T01:43:06.687727+00:00
MVNO,KT,에이모바일,37162,37162,official_code,A 올라잇 1GB/150분,,moyo,True,,,LTE,1.0,,1.0,False,,,,,,undisclosed,False,150,,False,100,7700,110,모요 프로모션 할인,7,1,1,조선일보 종이신문 1개월 무료 구독 이벤트,,,,,1248,https://www.moyoplan.com/plans/37162,2026-08-11T01:43:06.687727+00:00
MVNO,KT,리브모바일,23484,23484,official_code,보이스피싱예방LTE 15GB+(안심직거래),,moyo,True,,가입 시 KB국민은행 입출금 계좌가 필요한 통신사에요. | 리브엠이 안내하는 요금은 특정 조건 및 국민은행 실적에 따라 더 비싸질 수 있어요. 꼭 자사몰의 안내를 확인하고 신청해 주세요.,LTE,15.0,,15.0,False,1Mbps,,,,,within_data,True,,300,True,,24000,19600,모요 프로모션 할인,12,0,0,,,,,,38,https://www.moyoplan.com/plans/23484,2026-08-11T01:43:06.687727+00:00
MVNO,LGU+,이야기모바일,15072,15072,official_code,이야기 라이트 200분2.5GB+,,moyo,True,,,LTE,2.5,,2.5,False,1Mbps,,,,,unsupported,False,200,,False,100,12100,3300,모요 프로모션 할인,6,1,0,,,,,"네이버페이 5,000원",10,https://www.moyoplan.com/plans/15072,2026-08-11T01:43:06.687727+00:00
MVNO,SKT,티플러스,31044,31044,official_code,티플 10GB+(이디야커피),,moyo,True,,,LTE,10.0,,10.0,False,1Mbps,,,,,unsupported,True,,,True,,33000,9900,모요 프로모션 할인,7,1,0,,,,,"12개월간 이디야 모바일권 5,000원권 증정",24,https://www.moyoplan.com/plans/31044,2026-08-11T01:43:06.687727+00:00
MVNO,LGU+,이지모바일,32019,32019,official_code,[5G]이지 무제한 180G+10,,moyo,True,,,5G,180.0,,180.0,False,10Mbps,,20.0,,20.0,quota,True,,300,True,,56100,45100,모요 프로모션 할인,7,1,0,,,,,일반유심/배송비 무료,44,https://www.moyoplan.com/plans/32019,2026-08-11T01:43:06.687727+00:00
MVNO,SKT,아이즈모바일,35462,35462,official_code,[S]OK캐쉬백 7GB+,,moyo,True,,,LTE,7.0,,7.0,False,1Mbps,,,,,undisclosed,True,,,True,,28600,16900,모요 프로모션 할인,12,1,0,,,,SOLO결합 데이터 5GB 지급,,10,https://www.moyoplan.com/plans/35462,2026-08-11T01:43:06.687727+00:00
MVNO,SKT,에이모바일,37226,37226,official_code,A 스마트 13GB,,moyo,True,,,LTE,13.0,,13.0,False,,,,,,undisclosed,True,,,True,,17160,990,모요 프로모션 할인,7,1,1,조선일보 종이신문 1개월 무료 구독 이벤트,,,,,2896,https://www.moyoplan.com/plans/37226,2026-08-11T01:43:06.687727+00:00
MVNO,LGU+,모빙,37358,37358,official_code,[L] 5G 데이터 5GB+,,moyo,True,,,5G,5.0,,5.0,False,1Mbps,,,,,unsupported,True,,,False,100,20000,1000,모요 프로모션 할인,6,0,0,,,,,,210,https://www.moyoplan.com/plans/37358,2026-08-11T01:43:06.687727+00:00
MNO,KT,,22817,22817,official_code,요고 38,,moyo,True,,이미 KT 요금제를 쓰고 있다면 이 요금제를 가입할 수 없어요,5G,25.0,,25.0,False,1Mbps,,,,,within_data,True,,300,True,,38000,38000,,,0,0,,,,,,88,https://www.moyoplan.com/plans/22817,2026-08-11T01:43:06.687727+00:00
MVNO,KT,모빙,37302,37302,official_code,[K] 300분3GB,,moyo,True,,,LTE,3.0,,3.0,False,,,,,,unsupported,False,300,,False,300,5500,5500,,,0,0,,,,,,50,https://www.moyoplan.com/plans/37302,2026-08-11T01:43:06.687727+00:00
MVNO,LGU+,스마텔,25289,25289,official_code,5G 스마트 150GB,,moyo,True,,신규 가입을 받지 않는 통신사입니다. 사용 중인 번호 그대로 통신사만 이동할 분들만 가입이 가능해요.,5G,150.0,,150.0,False,5Mbps,,10.0,,10.0,quota,True,,300,True,,49000,49000,,,0,0,,,,,,41,https://www.moyoplan.com/plans/25289,2026-08-11T01:43:06.687727+00:00
MVNO,SKT,이야기모바일,21233,21233,official_code,5G 이야기 무한 15GB,,moyo,True,,,5G,15.0,,15.0,False,1Mbps,,,,,unsupported,True,,,True,,36300,34500,모요 프로모션 할인,7,1,0,,,,,"네이버페이 5,000원",86,https://www.moyoplan.com/plans/21233,2026-08-11T01:43:06.687727+00:00
MVNO,LGU+,에이모바일,37191,37191,official_code,A 5G 갓성비 5GB/100분,,moyo,True,,,5G,5.0,,5.0,False,,,,,,undisclosed,False,100,,False,50,7700,1100,모요 프로모션 할인,6,1,1,조선일보 종이신문 1개월 무료 구독 이벤트,,,,,10,https://www.moyoplan.com/plans/37191,2026-08-11T01:43:06.687727+00:00
MVNO,KT,스마텔,25219,25219,official_code,5G 스위트 50GB+,,moyo,True,,신규 가입을 받지 않는 통신사입니다. 사용 중인 번호 그대로 통신사만 이동할 분들만 가입이 가능해요.,5G,50.0,,50.0,False,1Mbps,,40.0,,40.0,quota,True,,300,True,,47300,41800,모요 프로모션 할인,36,0,0,,,,,,10,https://www.moyoplan.com/plans/25219,2026-08-11T01:43:06.687727+00:00
MVNO,SKT,아이즈모바일,35384,35384,official_code,[S]무한100GB+,,moyo,True,,,LTE,100.0,,100.0,False,5Mbps,,30.0,,30.0,quota,True,,300,True,,33000,33000,,,1,0,,,,SOLO결합 데이터 20GB 지급,,982,https://www.moyoplan.com/plans/35384,2026-08-11T01:43:06.687727+00:00
MVNO,KT,모빙,37309,37309,official_code,5G 쏙쏙 500분20GB,,moyo,True,,,5G,20.0,,20.0,False,,,,,,unsupported,False,500,,False,500,45100,8800,모요 프로모션 할인,7,0,0,,,,,,84,https://www.moyoplan.com/plans/37309,2026-08-11T01:43:06.687727+00:00
MVNO,SKT,티플러스,27408,27408,official_code,티플 CGV 10GB＋,,moyo,True,,,LTE,10.0,,10.0,False,1Mbps,,,,,unsupported,True,,,True,,37400,9900,모요 프로모션 할인,7,2,0,,,,,CGV 2D영화 8천원 관람권 2매 | CGV 스몰세트 교환권,87,https://www.moyoplan.com/plans/27408,2026-08-11T01:43:06.687727+00:00
MVNO,LGU+,모빙,37383,37383,official_code,[L] 라운지프리 7GB+,,moyo,True,,,LTE,7.0,,7.0,False,1Mbps,,,,,unsupported,True,,,True,,28000,17000,모요 프로모션 할인,24,0,0,,,,,,10,https://www.moyoplan.com/plans/37383,2026-08-11T01:43:06.687727+00:00
MVNO,LGU+,이야기모바일,34769,34769,official_code,5G 이야기 라이트 50GB+,,moyo,True,,,5G,50.0,,50.0,False,1Mbps,,,,,unsupported,True,,,True,,45100,31900,모요 프로모션 할인,7,1,0,,,,,"네이버페이 5,000원",19,https://www.moyoplan.com/plans/34769,2026-08-11T01:43:06.687727+00:00
MVNO,LGU+,찬스모바일,36947,36947,official_code,5G 음성기본 180GB+,,moyo,True,,,5G,180.0,,180.0,False,10Mbps,,10.0,,10.0,quota,True,,300,True,,66000,38600,모요 프로모션 할인,7,0,0,,,,,,29,https://www.moyoplan.com/plans/36947,2026-08-11T01:43:06.687727+00:00
MVNO,SKT,에이모바일,37240,37240,official_code,A 넥스트 15GB+/100분(네이버페이 1만x7개월),,moyo,True,,,LTE,15.0,,15.0,False,3Mbps,,,,,undisclosed,False,100,,False,100,26400,15700,모요 프로모션 할인,7,3,1,조선일보 종이신문 1개월 무료 구독 이벤트,,,,네이버페이 1만원x7개월 지급 이벤트 | 네이버페이 1만원 지급 이벤트,56,https://www.moyoplan.com/plans/37240,2026-08-11T01:43:06.687727+00:00
MVNO,KT,고고모바일,34217,34217,official_code,[모요only] 무제한 10GB+1M(다이소 5000원),,moyo,True,,,LTE,10.0,,10.0,False,1Mbps,,,,,within_data,True,,300,True,,27500,17500,모요 프로모션 할인,7,5,0,,,,추가데이터 10GB 제공 | 데이터 매월 10GB 추가 증정 (24개월간),"3대 마트 상품권, 네이버페이 2만원 | 다이소상품권 매월 5,000원 제공 | KT유심&배송비 무료",10,https://www.moyoplan.com/plans/34217,2026-08-11T01:43:06.687727+00:00
MVNO,KT,고고모바일,34218,34218,official_code,[모요only] 무제한 10GB+1M(올리브영 5000원),,moyo,True,,,LTE,10.0,,10.0,False,1Mbps,,,,,within_data,True,,300,True,,27500,17500,모요 프로모션 할인,7,5,0,,,,추가데이터 10GB 제공 | 데이터 매월 10GB 추가 증정 (24개월간),"3대 마트 상품권, 네이버페이 2만원 | 올리브영 상품권 매월 5,000원 제공 | KT유심&배송비 무료",10,https://www.moyoplan.com/plans/34218,2026-08-11T01:43:06.687727+00:00
MVNO,SKT,아이즈모바일,35381,35381,official_code,[S]무한100분/15GB+,,moyo,True,,,LTE,15.0,,15.0,False,3Mbps,,15.0,,15.0,quota,False,100,,False,100,21000,21000,,,1,0,,,,SOLO결합 데이터 10GB 지급,,212,https://www.moyoplan.com/plans/35381,2026-08-11T01:43:06.687727+00:00
MVNO,SKT,핀다이렉트,18990,18990,official_code,[S] DIGITAL DETOX 3GB 챌린지,,moyo,True,,신규 가입을 받지 않는 통신사입니다. 사용 중인 번호 그대로 통신사만 이동할 분들만 가입이 가능해요.,LTE,3.0,,3.0,False,,,,,,unsupported,False,100,,False,100,8800,330,모요 프로모션 할인,7,0,0,,,,,,100,https://www.moyoplan.com/plans/18990,2026-08-11T01:43:06.687727+00:00
MVNO,SKT,모빙,37409,37409,official_code,[S] 데이터 7GB+,,moyo,True,,,LTE,7.0,,7.0,False,1Mbps,,,,,unsupported,True,,,True,,26400,5900,모요 프로모션 할인,7,0,0,,,,,,110,https://www.moyoplan.com/plans/37409,2026-08-11T01:43:06.687727+00:00
MVNO,LGU+,이야기모바일,15062,15062,official_code,이야기 라이트 6GB+,,moyo,True,,,LTE,6.0,,6.0,False,1Mbps,,,,,unsupported,True,,,True,,22000,22000,,,1,0,,,,,"네이버페이 5,000원",10,https://www.moyoplan.com/plans/15062,2026-08-11T01:43:06.687727+00:00
MVNO,LGU+,LG헬로모바일,6826,6826,official_code,DATA 걱정없는 유심 2.5GB,,moyo,True,,,LTE,2.5,,2.5,False,400Kbps,,,,,within_data,True,,110,True,,25100,25100,,,5,2,토스미·오픽미 AI 모의고사 | 구글 AI프로+도미노피자 할인쿠폰,,,,가입사은품 신세계상품권 16만원 | 유심비 지원(신세계상품권 1만원) | 프레딧 쿠폰 2만원(5천원*4개월),11,https://www.moyoplan.com/plans/6826,2026-08-11T01:43:06.687727+00:00
MVNO,SKT,이야기모바일,13768,13768,official_code,5G 이야기 무한 24GB,,moyo,True,,,5G,24.0,,24.0,False,1Mbps,,,,,unsupported,True,,,True,,44000,37400,모요 프로모션 할인,7,1,0,,,,,"네이버페이 5,000원",13,https://www.moyoplan.com/plans/13768,2026-08-11T01:43:06.687727+00:00
MVNO,KT,아이즈모바일,35422,35422,official_code,[K]롯시&밀리 10GB+,,moyo,True,,,LTE,10.0,,10.0,False,1Mbps,,,,,undisclosed,True,,,True,,31900,8000,모요 프로모션 할인,7,2,1,밀리의서재,,,,매월 롯데시네마 관람권 지급,107,https://www.moyoplan.com/plans/35422,2026-08-11T01:43:06.687727+00:00
MVNO,LGU+,에이모바일,37184,37184,official_code,A 갓성비 1GB/100분,,moyo,True,,,LTE,1.0,,1.0,False,,,,,,undisclosed,False,100,,False,50,3960,550,모요 프로모션 할인,6,1,1,조선일보 종이신문 1개월 무료 구독 이벤트,,,,,546,https://www.moyoplan.com/plans/37184,2026-08-11T01:43:06.687727+00:00
MVNO,KT,모빙,37324,37324,official_code,[K] CU편의점 300분15GB+,,moyo,True,,,LTE,15.0,,15.0,False,3Mbps,,,,,unsupported,False,300,,False,300,45100,16500,모요 프로모션 할인,7,0,0,,,,,,10,https://www.moyoplan.com/plans/37324,2026-08-11T01:43:06.687727+00:00
MVNO,SKT,모빙,37259,37259,official_code,[S] 200분3GB,,moyo,True,,,LTE,3.0,,3.0,False,,,,,,unsupported,False,200,,False,200,3500,3500,,,0,0,,,,,,106,https://www.moyoplan.com/plans/37259,2026-08-11T01:43:06.687727+00:00
MVNO,LGU+,인스모바일,23208,23208,official_code,인스 유심 스피드(5G) 12GB+,,moyo,True,,,5G,12.0,,12.0,False,1Mbps,,,,,undisclosed,True,,,True,,50600,17050,모요 프로모션 할인,7,0,0,,,,,,15,https://www.moyoplan.com/plans/23208,2026-08-11T01:43:06.687727+00:00
MVNO,LGU+,모빙,37349,37349,official_code,5G 실속 200분3GB,,moyo,True,,,5G,3.0,,3.0,False,,,,,,unsupported,False,200,,False,200,3500,3500,,,0,0,,,,,,76,https://www.moyoplan.com/plans/37349,2026-08-11T01:43:06.687727+00:00
MVNO,KT,아이즈모바일,37408,37408,official_code,[K]5G 네이버페이 200GB+,,moyo,True,,,5G,200.0,,200.0,False,10Mbps,,,,,undisclosed,True,,,True,,66000,25000,모요 프로모션 할인,7,0,0,,,,,,214,https://www.moyoplan.com/plans/37408,2026-08-11T01:43:06.687727+00:00
MVNO,LGU+,KG모바일,26318,26318,official_code,[모빌카드 스페셜] 유심 5G 31GB+,,moyo,True,,,5G,31.0,,31.0,False,1Mbps,,,,,unsupported,True,,300,True,,45650,27170,모요 프로모션 할인,7,1,0,,,,,일반 유심/배송비 무료,17,https://www.moyoplan.com/plans/26318,2026-08-11T01:43:06.687727+00:00
MVNO,SKT,이야기모바일,16296,16296,official_code,5G 이야기 무한 54GB,,moyo,True,,,5G,54.0,,54.0,False,1Mbps,,,,,unsupported,True,,,True,,45100,39600,모요 프로모션 할인,7,1,0,,,,,"네이버페이 5,000원",33,https://www.moyoplan.com/plans/16296,2026-08-11T01:43:06.687727+00:00
MVNO,KT,아이즈모바일,35410,35410,official_code,[K]무한7GB+ Npay,,moyo,True,,,LTE,7.0,,7.0,False,1Mbps,,,,,undisclosed,True,,,True,,26400,7500,모요 프로모션 할인,7,3,0,,,,SOLO결합 데이터 5GB 지급 | 개통시 매월 10GB 데이터 추가 지급,"네이버페이 매달 5,000원 지급",427,https://www.moyoplan.com/plans/35410,2026-08-11T01:43:06.687727+00:00
MVNO,SKT,아이즈모바일,35477,35477,official_code,[S]아이즈팩 100분/15GB+,,moyo,True,,,LTE,15.0,,15.0,False,3Mbps,,11.0,,11.0,quota,False,100,,False,100,35200,7700,모요 프로모션 할인,7,2,0,,,,SOLO결합 데이터 10GB 지급,아이즈팩 이용권,379,https://www.moyoplan.com/plans/35477,2026-08-11T01:43:06.687727+00:00
MVNO,SKT,스마텔,25214,25214,official_code,후후 스마일 (200분/3GB+),,moyo,True,,,LTE,3.0,,3.0,False,1Mbps,,3.0,,3.0,quota,False,200,,False,100,13200,13200,,,0,0,,,,,,15,https://www.moyoplan.com/plans/25214,2026-08-11T01:43:06.687727+00:00
MVNO,LGU+,아이즈모바일,29007,29007,official_code,[L]아이즈100분/15GB+,,moyo,True,,,LTE,15.0,,15.0,False,3Mbps,,11.0,,11.0,quota,False,100,,False,100,37400,9000,모요 프로모션 할인,7,0,0,,,,,,854,https://www.moyoplan.com/plans/29007,2026-08-11T01:43:06.687727+00:00
MVNO,KT,모빙,37343,37343,official_code,[K] 5G 데이터 90GB+,,moyo,True,,,5G,90.0,,90.0,False,1Mbps,,,,,unsupported,True,,,True,,60500,34100,모요 프로모션 할인,12,0,0,,,,,,10,https://www.moyoplan.com/plans/37343,2026-08-11T01:43:06.687727+00:00
MVNO,LGU+,이지모바일,30873,30873,official_code,[5G]이지 무제한 14G+1,,moyo,True,,,5G,14.0,,14.0,False,1Mbps,,14.0,,14.0,quota,True,,300,True,,37400,26950,모요 프로모션 할인,7,1,0,,,,,일반유심/배송비 무료,10,https://www.moyoplan.com/plans/30873,2026-08-11T01:43:06.687727+00:00
MVNO,LGU+,이야기모바일,15077,15077,official_code,5G 이야기 라이트 9GB+,,moyo,True,,,5G,9.0,,9.0,False,1Mbps,,,,,unsupported,True,,,True,,40700,28600,모요 프로모션 할인,7,1,0,,,,,"네이버페이 5,000원",10,https://www.moyoplan.com/plans/15077,2026-08-11T01:43:06.687727+00:00
MVNO,KT,모빙,37292,37292,official_code,[K] 500분5GB,,moyo,True,,,LTE,5.0,,5.0,False,,,,,,unsupported,False,500,,False,500,29700,110,모요 프로모션 할인,7,0,0,,,,,,224,https://www.moyoplan.com/plans/37292,2026-08-11T01:43:06.687727+00:00
MVNO,SKT,스마텔,25310,25310,official_code,스마일 플러스(50분+1.8GB),,moyo,True,,,LTE,1.8,,1.8,False,,,1.8,,1.8,quota,False,50,,False,50,3300,1760,모요 프로모션 할인,5,0,0,,,,,,56,https://www.moyoplan.com/plans/25310,2026-08-11T01:43:06.687727+00:00
MNO,KT,,22810,22810,official_code,요고 61,,moyo,True,,이미 KT 요금제를 쓰고 있다면 이 요금제를 가입할 수 없어요,5G,,,,True,,,,,,undisclosed,True,,,True,,61000,61000,,,0,0,,,,,,1207,https://www.moyoplan.com/plans/22810,2026-08-11T01:43:06.687727+00:00
MVNO,KT,KT스카이라이프,29398,29398,official_code,5G 모두 충분 14GB+,,moyo,True,,,5G,14.0,,14.0,False,1Mbps,,,,,within_data,True,,300,True,,32000,32000,,,2,0,,,,,"S-머니6만원(1만원X6개월) | 3대마트상품권, 네이버페이 2만원",32,https://www.moyoplan.com/plans/29398,2026-08-11T01:43:06.687727+00:00
MVNO,LGU+,찬스모바일,26889,26889,official_code,5G 음성기본 50GB+,,moyo,True,,,5G,50.0,,50.0,False,1Mbps,,5.0,,5.0,quota,True,,300,True,,47300,27900,모요 프로모션 할인,7,1,0,,,,,유심/배송비 무료,41,https://www.moyoplan.com/plans/26889,2026-08-11T01:43:06.687727+00:00
MVNO,LGU+,이야기모바일,24240,24240,official_code,5G 이야기 라이트 12GB+,,moyo,True,,,5G,12.0,,12.0,False,1Mbps,,,,,unsupported,True,,,True,,41800,29700,모요 프로모션 할인,7,1,0,,,,,"네이버페이 5,000원",10,https://www.moyoplan.com/plans/24240,2026-08-11T01:43:06.687727+00:00
MVNO,KT,스마텔,25311,25311,official_code,5G 스위트 10GB,,moyo,True,,신규 가입을 받지 않는 통신사입니다. 사용 중인 번호 그대로 통신사만 이동할 분들만 가입이 가능해요.,5G,10.0,,10.0,False,1Mbps,,,,,unsupported,True,,300,True,,36300,36300,,,0,0,,,,,,12,https://www.moyoplan.com/plans/25311,2026-08-11T01:43:06.687727+00:00
MVNO,LGU+,KG모바일,26313,26313,official_code,[모빌카드 스페셜] 유심 5G 180GB+,,moyo,True,,,5G,180.0,,180.0,False,10Mbps,,,,,unsupported,True,,300,True,,59400,37950,모요 프로모션 할인,7,1,0,,,,,일반 유심/배송비 무료,183,https://www.moyoplan.com/plans/26313,2026-08-11T01:43:06.687727+00:00
MVNO,LGU+,모빙,37368,37368,official_code,[L] 100분1GB+,,moyo,True,,,LTE,1.0,,1.0,False,1Mbps,,,,,unsupported,False,100,,False,100,5500,5500,,,0,0,,,,,,378,https://www.moyoplan.com/plans/37368,2026-08-11T01:43:06.687727+00:00
MVNO,LGU+,모빙,37361,37361,official_code,[L] 400분4GB,,moyo,True,,,LTE,4.0,,4.0,False,,,,,,unsupported,False,400,,False,100,3800,3800,,,0,0,,,,,,22,https://www.moyoplan.com/plans/37361,2026-08-11T01:43:06.687727+00:00
MVNO,SKT,스마텔,25291,25291,official_code,후후 플러스 (100분+1.5GB),,moyo,True,,,LTE,1.5,,1.5,False,,,1.5,,1.5,quota,False,100,,False,100,6330,1930,모요 프로모션 할인,5,0,0,,,,,,10,https://www.moyoplan.com/plans/25291,2026-08-11T01:43:06.687727+00:00
MVNO,LGU+,에이모바일,37204,37204,official_code,A 갓성비 6GB/300분 6,,moyo,True,,,LTE,6.0,,6.0,False,,,,,,undisclosed,False,300,,False,100,11550,110,모요 프로모션 할인,6,1,1,조선일보 종이신문 1개월 무료 구독 이벤트,,,,,106,https://www.moyoplan.com/plans/37204,2026-08-11T01:43:06.687727+00:00
MVNO,LGU+,에이모바일,37199,37199,official_code,A 갓성비 5GB/230분 6,,moyo,True,,,LTE,5.0,,5.0,False,,,,,,undisclosed,False,230,,False,100,9900,110,모요 프로모션 할인,6,1,1,조선일보 종이신문 1개월 무료 구독 이벤트,,,,,126,https://www.moyoplan.com/plans/37199,2026-08-11T01:43:06.687727+00:00
MVNO,KT,모빙,37291,37291,official_code,[K] 100분3GB,,moyo,True,,,LTE,3.0,,3.0,False,,,,,,unsupported,False,100,,False,100,16500,110,모요 프로모션 할인,5,0,0,,,,,,518,https://www.moyoplan.com/plans/37291,2026-08-11T01:43:06.687727+00:00
MVNO,KT,모빙,37286,37286,official_code,[K] 250분2.5GB,,moyo,True,,,LTE,2.5,,2.5,False,,,,,,unsupported,False,250,,False,250,13200,110,모요 프로모션 할인,5,0,0,,,,,,176,https://www.moyoplan.com/plans/37286,2026-08-11T01:43:06.687727+00:00
MVNO,SKT,이야기모바일,13753,13753,official_code,5G 이야기 무한 11GB,,moyo,True,,,5G,11.0,,11.0,False,400Kbps,,,,,unsupported,True,,,True,,34100,31500,모요 프로모션 할인,7,1,0,,,,,"네이버페이 5,000원",13,https://www.moyoplan.com/plans/13753,2026-08-11T01:43:06.687727+00:00
MVNO,SKT,모빙,37284,37284,official_code,[S] 5G 데이터 110GB+,,moyo,True,,,5G,110.0,,110.0,False,5Mbps,,,,,unsupported,True,,,True,,53900,42400,모요 프로모션 할인,24,0,0,,,,,,310,https://www.moyoplan.com/plans/37284,2026-08-11T01:43:06.687727+00:00
MVNO,KT,스마텔,25272,25272,official_code,5G 스위트 90GB+,,moyo,True,,신규 가입을 받지 않는 통신사입니다. 사용 중인 번호 그대로 통신사만 이동할 분들만 가입이 가능해요.,5G,90.0,,90.0,False,1Mbps,,40.0,,40.0,quota,True,,300,True,,49500,44000,모요 프로모션 할인,36,0,0,,,,,,10,https://www.moyoplan.com/plans/25272,2026-08-11T01:43:06.687727+00:00
MVNO,LGU+,스마텔,25321,25321,official_code,USIM스마트 심플(200분 + 1GB),,moyo,True,,신규 가입을 받지 않는 통신사입니다. 사용 중인 번호 그대로 통신사만 이동할 분들만 가입이 가능해요.,LTE,1.0,,1.0,False,,,1.0,,1.0,quota,False,200,,False,100,5500,1900,모요 프로모션 할인,6,0,0,,,,,,81,https://www.moyoplan.com/plans/25321,2026-08-11T01:43:06.687727+00:00
MVNO,SKT,고고모바일,35828,35828,official_code,고고 LTE 무제한 10GB+1M_모요,,moyo,True,,,LTE,10.0,,10.0,False,1Mbps,,,,,within_data,True,,300,True,,28600,16000,모요 프로모션 할인,7,0,0,,,,,,10,https://www.moyoplan.com/plans/35828,2026-08-11T01:43:06.687727+00:00
MVNO,KT,스마텔,32944,32944,official_code,[모요only] [모요핫딜]CU 스위트 무제한 10GB+,,moyo,True,,신규 가입을 받지 않는 통신사입니다. 사용 중인 번호 그대로 통신사만 이동할 분들만 가입이 가능해요.,LTE,10.0,,10.0,False,1Mbps,,,,,within_data,True,,300,True,,28600,16000,모요 프로모션 할인,7,0,0,,,,,,108,https://www.moyoplan.com/plans/32944,2026-08-11T01:43:06.687727+00:00
MVNO,LGU+,스마텔,25293,25293,official_code,USIM 심플 (100분 + 3GB),,moyo,True,,신규 가입을 받지 않는 통신사입니다. 사용 중인 번호 그대로 통신사만 이동할 분들만 가입이 가능해요.,LTE,3.0,,3.0,False,,,,,,unsupported,False,100,,False,100,5500,1900,모요 프로모션 할인,6,0,0,,,,,,34,https://www.moyoplan.com/plans/25293,2026-08-11T01:43:06.687727+00:00
MVNO,LGU+,스마텔,25274,25274,official_code,USIM 심플 (100분+2.2GB),,moyo,True,,신규 가입을 받지 않는 통신사입니다. 사용 중인 번호 그대로 통신사만 이동할 분들만 가입이 가능해요.,LTE,2.2,,2.2,False,,,2.2,,2.2,quota,False,100,,False,100,4400,1900,모요 프로모션 할인,6,0,0,,,,,,11,https://www.moyoplan.com/plans/25274,2026-08-11T01:43:06.687727+00:00
MVNO,LGU+,스마텔,25260,25260,official_code,USIM 심플 (500분 + 2GB),,moyo,True,,신규 가입을 받지 않는 통신사입니다. 사용 중인 번호 그대로 통신사만 이동할 분들만 가입이 가능해요.,LTE,2.0,,2.0,False,,,,,,unsupported,False,500,,False,100,7700,1900,모요 프로모션 할인,6,0,0,,,,,,10,https://www.moyoplan.com/plans/25260,2026-08-11T01:43:06.687727+00:00
MVNO,LGU+,스마텔,25299,25299,official_code,USIM 심플 (50분 + 1.8GB),,moyo,True,,신규 가입을 받지 않는 통신사입니다. 사용 중인 번호 그대로 통신사만 이동할 분들만 가입이 가능해요.,LTE,1.8,,1.8,False,,,1.8,,1.8,quota,False,50,,False,50,3300,1900,모요 프로모션 할인,6,0,0,,,,,,22,https://www.moyoplan.com/plans/25299,2026-08-11T01:43:06.687727+00:00
MVNO,LGU+,스마텔,25285,25285,official_code,USIM 심플 (200분 + 1.5GB),,moyo,True,,신규 가입을 받지 않는 통신사입니다. 사용 중인 번호 그대로 통신사만 이동할 분들만 가입이 가능해요.,LTE,1.5,,1.5,False,,,,,,unsupported,False,200,,False,100,4400,1900,모요 프로모션 할인,6,0,0,,,,,,12,https://www.moyoplan.com/plans/25285,2026-08-11T01:43:06.687727+00:00
MVNO,LGU+,스마텔,25324,25324,official_code,USIM스마트 심플(100분+1.5GB),,moyo,True,,신규 가입을 받지 않는 통신사입니다. 사용 중인 번호 그대로 통신사만 이동할 분들만 가입이 가능해요.,LTE,1.5,,1.5,False,,,1.5,,1.5,quota,False,100,,False,100,5500,1900,모요 프로모션 할인,6,0,0,,,,,,10,https://www.moyoplan.com/plans/25324,2026-08-11T01:43:06.687727+00:00
MVNO,KT,스마텔,25255,25255,official_code,스위트 7GB+ (+10GB 24개월간 추가 제공),,moyo,True,,신규 가입을 받지 않는 통신사입니다. 사용 중인 번호 그대로 통신사만 이동할 분들만 가입이 가능해요.,LTE,7.0,,7.0,False,1Mbps,,7.0,,7.0,quota,True,,300,True,,24200,18700,모요 프로모션 할인,36,0,0,,,,,,21,https://www.moyoplan.com/plans/25255,2026-08-11T01:43:06.687727+00:00
MVNO,KT,모빙,37303,37303,official_code,쏙쏙 100분(6GB),,moyo,True,,,LTE,6.0,,6.0,False,,,,,,unsupported,False,100,,False,100,6400,6400,,,0,0,,,,,,10,https://www.moyoplan.com/plans/37303,2026-08-11T01:43:06.687727+00:00
MVNO,LGU+,모나,31477,31477,official_code,모나기본10G안심1,,moyo,True,,,LTE,10.0,,10.0,False,1Mbps,,,,,unsupported,True,,300,True,,44000,9900,모요 프로모션 할인,7,2,0,,,,,NFC 유심 무료 제공 | 4대 편의점 최대 10.1%적립,70,https://www.moyoplan.com/plans/31477,2026-08-11T01:43:06.687727+00:00
MVNO,KT,아이즈모바일,23037,23037,official_code,[K]무한10GB+ 밀리의서재,,moyo,True,,,LTE,10.0,,10.0,False,1Mbps,,,,,undisclosed,True,,,True,,17000,17000,,,2,1,밀리의서재,,,SOLO결합 데이터 10GB 지급,,20,https://www.moyoplan.com/plans/23037,2026-08-11T01:43:06.687727+00:00
MVNO,LGU+,리브모바일,20853,20853,official_code,보이스피싱예방 LTE 15GB+(100분/100건),,moyo,True,,가입 시 KB국민은행 입출금 계좌가 필요한 통신사에요.,LTE,15.0,,15.0,False,3Mbps,,,,,within_data,False,100,,False,100,26900,20200,모요 프로모션 할인,12,0,0,,,,,,92,https://www.moyoplan.com/plans/20853,2026-08-11T01:43:06.687727+00:00
MVNO,SKT,티플러스,17959,17959,official_code,티플 드림(3GB/100분),,moyo,True,,,LTE,3.0,,3.0,False,,,,,,within_data,False,100,,False,100,6600,1900,모요 프로모션 할인,4,0,0,,,,,,68,https://www.moyoplan.com/plans/17959,2026-08-11T01:43:06.687727+00:00
MVNO,LGU+,시월모바일,31356,31356,official_code,쿠폰팩 통화기본10GB+,,moyo,True,,,LTE,10.0,,10.0,False,1Mbps,,,,,within_data,True,,300,True,,24250,16000,모요 프로모션 할인,7,2,0,,,,,24개월간 월 5000원씩(네이버페이 가능) | 유심/배송비 무료!,10,https://www.moyoplan.com/plans/31356,2026-08-11T01:43:06.687727+00:00
MVNO,KT,모빙,37348,37348,official_code,5G 200GB+ 지니뮤직,,moyo,True,,,5G,200.0,,200.0,False,10Mbps,,,,,unsupported,True,,,True,,73700,44000,모요 프로모션 할인,12,0,0,,,,,,66,https://www.moyoplan.com/plans/37348,2026-08-11T01:43:06.687727+00:00
MVNO,LGU+,이야기모바일,8167,8167,official_code,내맘대로 차단형 (100분+500MB),,moyo,True,,,LTE,0.488,,0.488,False,,,,,,unsupported,False,100,,False,50,6930,6930,,,1,0,,,,,"네이버페이 5,000원",10,https://www.moyoplan.com/plans/8167,2026-08-11T01:43:06.687727+00:00
MVNO,SKT,티플러스,18532,18532,official_code,The 통화마음껏 1.5GB,,moyo,True,,,LTE,1.5,,1.5,False,,,,,,within_data,True,,,True,,20900,20900,,,0,0,,,,,,13,https://www.moyoplan.com/plans/18532,2026-08-11T01:43:06.687727+00:00
MVNO,SKT,티플러스,29899,29899,official_code,티플 위드유 10GB+ (G car+세차클링),,moyo,True,,,LTE,10.0,,10.0,False,1Mbps,,,,,unsupported,True,,,True,,29700,16000,모요 프로모션 할인,7,2,0,,,,,롯데렌터카 연간 패스 이용권 | 세차 클링 출장 세차 할인 쿠폰,10,https://www.moyoplan.com/plans/29899,2026-08-11T01:43:06.687727+00:00
MVNO,LGU+,아이즈모바일,37246,37246,official_code,[L]아이즈특판 일5GB+,,moyo,True,,,LTE,,,,False,5Mbps,5.0,,,,undisclosed,True,,,True,,46200,46200,,,0,0,,,,,,10,https://www.moyoplan.com/plans/37246,2026-08-11T01:43:06.687727+00:00
MVNO,SKT,티플러스,34214,34214,official_code,티플 SNOW 10GB+ [12개월간 SNOW앱 무료],,moyo,True,,,LTE,10.0,,10.0,False,1Mbps,,,,,unsupported,True,,,True,,27500,16000,모요 프로모션 할인,7,0,0,,,,,,10,https://www.moyoplan.com/plans/34214,2026-08-11T01:43:06.687727+00:00
MVNO,KT,스마텔,25257,25257,official_code,5G 스위트 30GB+,,moyo,True,,신규 가입을 받지 않는 통신사입니다. 사용 중인 번호 그대로 통신사만 이동할 분들만 가입이 가능해요.,5G,30.0,,30.0,False,1Mbps,,10.0,,10.0,quota,True,,300,True,,45100,39600,모요 프로모션 할인,36,0,0,,,,,,23,https://www.moyoplan.com/plans/25257,2026-08-11T01:43:06.687727+00:00
MVNO,KT,티플러스,21275,21275,official_code,완전마음껏 10GB＋,,moyo,True,,,LTE,10.0,,10.0,False,1Mbps,,,,,unsupported,True,,,True,,26400,16000,모요 프로모션 할인,7,5,0,,,,개통시 매월 10GB 데이터 추가 지급,3대마트 상품권/네이버페이 1만원 증정 | 마트 상품권/네이버페이 1만원 증정,18,https://www.moyoplan.com/plans/21275,2026-08-11T01:43:06.687727+00:00
MVNO,SKT,티플러스,18960,18960,official_code,The 완전마음껏 10GB＋,,moyo,True,,,LTE,10.0,,10.0,False,1Mbps,,,,,unsupported,True,,,True,,29700,16000,모요 프로모션 할인,7,0,0,,,,,,16,https://www.moyoplan.com/plans/18960,2026-08-11T01:43:06.687727+00:00
MVNO,SKT,아이즈모바일,35383,35383,official_code,[S]무한300분/15GB+,,moyo,True,,,LTE,15.0,,15.0,False,3Mbps,,15.0,,15.0,quota,False,300,,False,300,24000,24000,,,1,0,,,,SOLO결합 데이터 10GB 지급,,122,https://www.moyoplan.com/plans/35383,2026-08-11T01:43:06.687727+00:00
MVNO,KT,티플러스,24435,24435,official_code,KT 10GB+ (밀리의서재+올리브영 매월 5천원 상품권!),,moyo,True,,,LTE,10.0,,10.0,False,1Mbps,,,,,unsupported,True,,,True,,27500,12900,모요 프로모션 할인,7,5,1,밀리의서재,,,개통시 매월 10GB 데이터 추가 지급,"마트 상품권/네이버페이 1만원 증정 | 올리브영 12개월간 매월 5,000원 상품권",44,https://www.moyoplan.com/plans/24435,2026-08-11T01:43:06.687727+00:00
MVNO,LGU+,티플러스,33035,33035,official_code,5G 가성비플러스(3GB/350분),,moyo,True,,,5G,3.0,,3.0,False,,,,,,unsupported,False,350,,False,100,7700,1900,모요 프로모션 할인,6,0,0,,,,,,21,https://www.moyoplan.com/plans/33035,2026-08-11T01:43:06.687727+00:00
MVNO,KT,쉐이크모바일,24443,24443,official_code,[모요only] 쉐이크 LTE 10GB+_CU,,moyo,True,,,LTE,10.0,,10.0,False,1Mbps,,,,,within_data,True,,300,True,,25300,16000,모요 프로모션 할인,7,6,0,,,,SOLO결합(+10GB) | 데이터 매월 10GB 추가 증정(24개월) | 데이터쿠폰 20GB,"매월 1천원 요금할인 (팝테일 가입·인증) | 마트상품권, 네이버페이 최대 2만원 | CU 20% 오프라인 결제할인",23,https://www.moyoplan.com/plans/24443,2026-08-11T01:43:06.687727+00:00
MVNO,KT,아이즈모바일,35452,35452,official_code,[K]다이소 11GB+일2GB,,moyo,True,,,LTE,11.0,,11.0,False,3Mbps,2.0,11.0,,11.0,quota,True,,300,True,,47300,19000,모요 프로모션 할인,7,2,0,,,,SOLO결합 데이터 20GB 지급,"다이소 상품권 매달 5,000원 지급",27,https://www.moyoplan.com/plans/35452,2026-08-11T01:43:06.687727+00:00
MVNO,LGU+,스마텔,25331,25331,official_code,5G 심플(300분+5GB),,moyo,True,,신규 가입을 받지 않는 통신사입니다. 사용 중인 번호 그대로 통신사만 이동할 분들만 가입이 가능해요.,5G,5.0,,5.0,False,,,5.0,,5.0,quota,False,300,,False,100,15400,2600,모요 프로모션 할인,7,0,0,,,,,,17,https://www.moyoplan.com/plans/25331,2026-08-11T01:43:06.687727+00:00
MVNO,LGU+,인스모바일,11082,11082,official_code,실속 150분+2GB(USIM),,moyo,True,,,LTE,2.0,,2.0,False,,,,,,within_data,False,150,0,False,50,11000,1650,모요 프로모션 할인,6,0,0,,,,,,10,https://www.moyoplan.com/plans/11082,2026-08-11T01:43:06.687727+00:00
MVNO,SKT,아이즈모바일,35475,35475,official_code,[S]아이즈팩 7GB+,,moyo,True,,,LTE,7.0,,7.0,False,1Mbps,,7.0,,7.0,quota,True,,300,True,,27500,5900,모요 프로모션 할인,7,2,0,,,,SOLO결합 데이터 5GB 지급,아이즈팩 이용권,83,https://www.moyoplan.com/plans/35475,2026-08-11T01:43:06.687727+00:00
MVNO,SKT,아이즈모바일,35351,35351,official_code,[S]그란데(200분/6GB),,moyo,True,,,LTE,6.0,,6.0,False,,,6.0,,6.0,quota,False,200,,False,100,6600,6600,,,0,0,,,,,,16,https://www.moyoplan.com/plans/35351,2026-08-11T01:43:06.687727+00:00
MVNO,SKT,이야기모바일,8402,8402,official_code,내맘대로S(100+3GB),,moyo,True,,,LTE,3.0,,3.0,False,,,,,,unsupported,False,100,,False,100,7700,3000,모요 프로모션 할인,4,1,0,,,,,"네이버페이 5,000원",28,https://www.moyoplan.com/plans/8402,2026-08-11T01:43:06.687727+00:00
MVNO,KT,모빙,37298,37298,official_code,[K] 5G 200분3GB,,moyo,True,,,5G,3.0,,3.0,False,,,,,,unsupported,False,200,,False,200,4400,4400,,,0,0,,,,,,17,https://www.moyoplan.com/plans/37298,2026-08-11T01:43:06.687727+00:00
MNO,KT,,22818,22818,official_code,요고 36,,moyo,True,,이미 KT 요금제를 쓰고 있다면 이 요금제를 가입할 수 없어요,5G,20.0,,20.0,False,1Mbps,,,,,within_data,True,,300,True,,36000,36000,,,0,0,,,,,,155,https://www.moyoplan.com/plans/22818,2026-08-11T01:43:06.687727+00:00
MVNO,SKT,이야기모바일,8136,8136,official_code,안심무약정1+700MB,,moyo,True,,,LTE,0.684,,0.684,False,,,,,,unsupported,False,100,,False,100,11110,11110,,,1,0,,,,,"네이버페이 5,000원",17,https://www.moyoplan.com/plans/8136,2026-08-11T01:43:06.687727+00:00
MVNO,SKT,아이즈모바일,35398,35398,official_code,[S]아이즈특판7GB+1Mbps,,moyo,True,,,LTE,7.0,,7.0,False,1Mbps,,7.0,,7.0,quota,True,,300,True,,18900,5500,모요 프로모션 할인,7,1,0,,,,SOLO결합 데이터 5GB 지급,,236,https://www.moyoplan.com/plans/35398,2026-08-11T01:43:06.687727+00:00
MVNO,LGU+,스마텔,25225,25225,official_code,후후 심플 (500분 + 1GB),,moyo,True,,신규 가입을 받지 않는 통신사입니다. 사용 중인 번호 그대로 통신사만 이동할 분들만 가입이 가능해요.,LTE,1.0,,1.0,False,,,1.0,,1.0,quota,False,500,,False,100,6930,2230,모요 프로모션 할인,6,0,0,,,,,,30,https://www.moyoplan.com/plans/25225,2026-08-11T01:43:06.687727+00:00
MNO,KT,,22819,22819,official_code,요고 34,,moyo,True,,이미 KT 요금제를 쓰고 있다면 이 요금제를 가입할 수 없어요,5G,15.0,,15.0,False,400Kbps,,,,,within_data,True,,300,True,,34000,34000,,,0,0,,,,,,112,https://www.moyoplan.com/plans/22819,2026-08-11T01:43:06.687727+00:00
MVNO,KT,아이즈모바일,35435,35435,official_code,[K]CU&롯시 10GB+,,moyo,True,,,LTE,10.0,,10.0,False,1Mbps,,,,,undisclosed,True,,,True,,33000,8000,모요 프로모션 할인,7,2,0,,,,,매월 롯데시네마 관람권 지급 | 매월 CU 결제 5천원 할인 혜택,61,https://www.moyoplan.com/plans/35435,2026-08-11T01:43:06.687727+00:00
MNO,KT,,22820,22820,official_code,요고 32,,moyo,True,,이미 KT 요금제를 쓰고 있다면 이 요금제를 가입할 수 없어요,5G,10.0,,10.0,False,400Kbps,,,,,within_data,True,,300,True,,32000,32000,,,0,0,,,,,,58,https://www.moyoplan.com/plans/22820,2026-08-11T01:43:06.687727+00:00
MVNO,KT,쉐이크모바일,35906,35906,official_code,[모요only] 쉐이크 LTE 7GB+_웨이브(OTT),,moyo,True,,,LTE,7.0,,7.0,False,1Mbps,,,,,within_data,True,,300,True,,25300,14000,모요 프로모션 할인,7,6,1,웨이브,,,SOLO결합(+5GB) | 데이터 매월 10GB 추가 증정(24개월) | 데이터쿠폰 20GB,"매월 1천원 요금할인 (팝테일 가입·인증) | 마트상품권, 네이버페이 최대 2만원",91,https://www.moyoplan.com/plans/35906,2026-08-11T01:43:06.687727+00:00
MVNO,KT,에이모바일,37165,37165,official_code,A 올라잇 5GB/200분,,moyo,True,,,LTE,5.0,,5.0,False,,,,,,undisclosed,False,200,,False,100,11000,550,모요 프로모션 할인,7,1,1,조선일보 종이신문 1개월 무료 구독 이벤트,,,,,60,https://www.moyoplan.com/plans/37165,2026-08-11T01:43:06.687727+00:00
MVNO,SKT,에이모바일,37234,37234,official_code,A 넥스트 15GB+/100분,,moyo,True,,,LTE,15.0,,15.0,False,3Mbps,,,,,undisclosed,False,100,,False,100,26400,17001,모요 프로모션 할인,7,2,1,조선일보 종이신문 1개월 무료 구독 이벤트,,,,네이버페이 1만원 지급 이벤트,64,https://www.moyoplan.com/plans/37234,2026-08-11T01:43:06.687727+00:00
MVNO,LGU+,아이즈모바일,19921,19921,official_code,[L]그란데(300분/5GB),,moyo,True,,,LTE,5.0,,5.0,False,,,5.0,,5.0,quota,False,300,,False,100,14900,5000,모요 프로모션 할인,24,0,0,,,,,,31,https://www.moyoplan.com/plans/19921,2026-08-11T01:43:06.687727+00:00
MVNO,LGU+,모빙,37402,37402,official_code,[L] 5G 데이터 180GB+,,moyo,True,,,5G,180.0,,180.0,False,10Mbps,,,,,unsupported,True,,,True,,63400,42000,모요 프로모션 할인,24,0,0,,,,,,10,https://www.moyoplan.com/plans/37402,2026-08-11T01:43:06.687727+00:00
MVNO,LGU+,이야기모바일,27849,27849,official_code,이야기 라이트 10GB+,,moyo,True,,,LTE,10.0,,10.0,False,1Mbps,,,,,unsupported,True,,,True,,26400,16000,모요 프로모션 할인,7,1,0,,,,,"네이버페이 5,000원",10,https://www.moyoplan.com/plans/27849,2026-08-11T01:43:06.687727+00:00
MVNO,SKT,이야기모바일,15848,15848,official_code,이야기 무한 1GB+,,moyo,True,,,LTE,1.0,,1.0,False,1Mbps,,,,,unsupported,True,,,True,,14300,9900,모요 프로모션 할인,7,1,0,,,,,"네이버페이 5,000원",151,https://www.moyoplan.com/plans/15848,2026-08-11T01:43:06.687727+00:00
MVNO,LGU+,KG모바일,26314,26314,official_code,[모빌카드 스페셜] 유심 5G 12GB+,,moyo,True,,,5G,12.0,,12.0,False,1Mbps,,,,,unsupported,True,,300,True,,41800,22550,모요 프로모션 할인,7,1,0,,,,,일반 유심/배송비 무료,24,https://www.moyoplan.com/plans/26314,2026-08-11T01:43:06.687727+00:00
MVNO,LGU+,모빙,37374,37374,official_code,[L] 데이터 7GB+,,moyo,True,,,LTE,7.0,,7.0,False,1Mbps,,,,,unsupported,True,,,True,,26400,8000,모요 프로모션 할인,7,0,0,,,,,,58,https://www.moyoplan.com/plans/37374,2026-08-11T01:43:06.687727+00:00
MVNO,LGU+,리브모바일,20274,20274,official_code,LTE 15GB+(100분/100건),,moyo,True,,가입 시 KB국민은행 입출금 계좌가 필요한 통신사에요.,LTE,15.0,,15.0,False,3Mbps,,,,,within_data,False,100,100,False,100,26900,22500,모요 프로모션 할인,12,0,0,,,,,,31,https://www.moyoplan.com/plans/20274,2026-08-11T01:43:06.687727+00:00
MVNO,LGU+,KG모바일,13914,13914,official_code,[일반] 유심 5G 12GB+,,moyo,True,,,5G,12.0,,12.0,False,1Mbps,,,,,unsupported,True,,300,True,,41800,30800,모요 프로모션 할인,12,0,0,,,,,,13,https://www.moyoplan.com/plans/13914,2026-08-11T01:43:06.687727+00:00
MVNO,KT,모빙,37338,37338,official_code,모두다 막힘없이 일5GB+ 왓챠,,moyo,True,,,LTE,,,,False,5Mbps,5.0,,,,unsupported,True,,,True,,58300,25300,모요 프로모션 할인,7,0,0,,,,,,42,https://www.moyoplan.com/plans/37338,2026-08-11T01:43:06.687727+00:00
MVNO,KT,에이모바일,37166,37166,official_code,A 올라잇 7GB+ 밀리의서재,,moyo,True,,,LTE,7.0,,7.0,False,1Mbps,,,,,undisclosed,True,,,True,,19800,12000,모요 프로모션 할인,7,1,1,조선일보 종이신문 1개월 무료 구독 이벤트,,,,,134,https://www.moyoplan.com/plans/37166,2026-08-11T01:43:06.687727+00:00
MVNO,LGU+,찬스모바일,36268,36268,official_code,5G 음성기본 스탠다드31+,,moyo,True,,,5G,31.0,,31.0,False,1Mbps,,31.0,,31.0,quota,True,,300,True,,44000,27150,모요 프로모션 할인,7,0,0,,,,,,32,https://www.moyoplan.com/plans/36268,2026-08-11T01:43:06.687727+00:00
MVNO,LGU+,인스모바일,24548,24548,official_code,[평생할인] 올프리 5GB+(USIM),,moyo,True,,,LTE,5.0,,5.0,False,1Mbps,,,,,within_data,True,,300,True,,8580,8580,,,0,0,,,,,,376,https://www.moyoplan.com/plans/24548,2026-08-11T01:43:06.687727+00:00
MVNO,KT,모빙,37326,37326,official_code,쏙쏙 시니어 8GB+,,moyo,True,,,LTE,8.0,,8.0,False,1Mbps,,,,,unsupported,True,,,True,,22000,16500,모요 프로모션 할인,24,0,0,,,,,,10,https://www.moyoplan.com/plans/37326,2026-08-11T01:43:06.687727+00:00
MVNO,SKT,모빙,37412,37412,official_code,[S] 데이터 10GB+,,moyo,True,,,LTE,10.0,,10.0,False,1Mbps,,,,,unsupported,True,,,True,,33000,11000,모요 프로모션 할인,7,0,0,,,,,,72,https://www.moyoplan.com/plans/37412,2026-08-11T01:43:06.687727+00:00
MVNO,KT,모빙,37307,37307,official_code,[K] 지니뮤직 7GB+,,moyo,True,,,LTE,7.0,,7.0,False,1Mbps,,,,,unsupported,True,,,True,,28600,8800,모요 프로모션 할인,7,0,0,,,,,,82,https://www.moyoplan.com/plans/37307,2026-08-11T01:43:06.687727+00:00
MVNO,SKT,티플러스,24339,24339,official_code,5G 티플 5GB(5GB/300분),,moyo,True,,,5G,5.0,,5.0,False,,,,,,unsupported,False,300,,False,100,11000,2900,모요 프로모션 할인,4,0,0,,,,,,44,https://www.moyoplan.com/plans/24339,2026-08-11T01:43:06.687727+00:00
MVNO,LGU+,리브모바일,20544,20544,official_code,LTE 100GB+,,moyo,True,,가입 시 KB국민은행 입출금 계좌가 필요한 통신사에요.,LTE,100.0,,100.0,False,5Mbps,,11.0,,11.0,quota,True,,300,True,,41400,37000,모요 프로모션 할인,12,1,0,,,,,24만 KB포인트리,494,https://www.moyoplan.com/plans/20544,2026-08-11T01:43:06.687727+00:00
MVNO,SKT,모빙,37261,37261,official_code,[S] 데이터 3GB,,moyo,True,,,LTE,3.0,,3.0,False,,,,,,unsupported,True,,,False,100,4800,4800,,,0,0,,,,,,258,https://www.moyoplan.com/plans/37261,2026-08-11T01:43:06.687727+00:00
MVNO,LGU+,시월모바일,27733,27733,official_code,시월5G 무제한 180GB+10Mbps,,moyo,True,,,5G,180.0,,180.0,False,10Mbps,,20.0,,20.0,quota,True,,300,True,,60190,41490,모요 프로모션 할인,7,1,0,,,,,유심/배송비 무료!,140,https://www.moyoplan.com/plans/27733,2026-08-11T01:43:06.687727+00:00
MVNO,KT,에이모바일,37168,37168,official_code,A 올라잇 15GB+/100분 밀리의서재,,moyo,True,,,LTE,15.0,,15.0,False,3Mbps,,,,,undisclosed,False,100,,False,100,35200,18000,모요 프로모션 할인,7,1,1,조선일보 종이신문 1개월 무료 구독 이벤트,,,,,38,https://www.moyoplan.com/plans/37168,2026-08-11T01:43:06.687727+00:00
MVNO,SKT,이야기모바일,12273,12273,official_code,내맘대로S(500+500MB),,moyo,True,,,LTE,0.488,,0.488,False,,,,,,unsupported,False,500,,False,500,11000,7700,모요 프로모션 할인,12,1,0,,,,,"네이버페이 5,000원",10,https://www.moyoplan.com/plans/12273,2026-08-11T01:43:06.687727+00:00
MVNO,KT,리브모바일,19590,19590,official_code,LTE 무제한 일 5GB+(블라이스),,moyo,True,,가입 시 KB국민은행 입출금 계좌가 필요한 통신사에요. | 리브엠이 안내하는 요금은 특정 조건 및 국민은행 실적에 따라 더 비싸질 수 있어요. 꼭 자사몰의 안내를 확인하고 신청해 주세요.,LTE,,,,False,5Mbps,5.0,,,,undisclosed,True,,,True,,41000,36600,모요 프로모션 할인,12,0,0,,,,,,137,https://www.moyoplan.com/plans/19590,2026-08-11T01:43:06.687727+00:00
MVNO,SKT,티플러스,33164,33164,official_code,5G 통화안심 25GB,,moyo,True,,,5G,25.0,,25.0,False,,,,,,unsupported,True,,,False,100,34100,18900,모요 프로모션 할인,4,0,0,,,,,,21,https://www.moyoplan.com/plans/33164,2026-08-11T01:43:06.687727+00:00
MVNO,KT,리브모바일,11717,11717,official_code,LTE 실속 15GB+(100분) / 11월에 개통하면 최대 11.9만원 혜택,,moyo,True,,가입 시 KB국민은행 입출금 계좌가 필요한 통신사에요. | 리브엠이 안내하는 요금은 특정 조건 및 국민은행 실적에 따라 더 비싸질 수 있어요. 꼭 자사몰의 안내를 확인하고 신청해 주세요.,LTE,15.0,,15.0,False,3Mbps,,,,,within_data,False,100,100,False,100,28500,24100,모요 프로모션 할인,12,0,0,,,,,,42,https://www.moyoplan.com/plans/11717,2026-08-11T01:43:06.687727+00:00
MVNO,KT,모빙,37313,37313,official_code,[K] 다이소 10GB+,,moyo,True,,,LTE,10.0,,10.0,False,1Mbps,,,,,unsupported,True,,,True,,30800,11000,모요 프로모션 할인,7,0,0,,,,,,10,https://www.moyoplan.com/plans/37313,2026-08-11T01:43:06.687727+00:00
MVNO,KT,모빙,37314,37314,official_code,[K] 밀리의서재 10GB+,,moyo,True,,,LTE,10.0,,10.0,False,1Mbps,,,,,unsupported,True,,,True,,28600,11000,모요 프로모션 할인,7,0,0,,,,,,59,https://www.moyoplan.com/plans/37314,2026-08-11T01:43:06.687727+00:00
MVNO,KT,모빙,37312,37312,official_code,[K] CU편의점 10GB+,,moyo,True,,,LTE,10.0,,10.0,False,1Mbps,,,,,unsupported,True,,,True,,29700,11000,모요 프로모션 할인,7,0,0,,,,,,59,https://www.moyoplan.com/plans/37312,2026-08-11T01:43:06.687727+00:00
MVNO,KT,모빙,37288,37288,official_code,[K] 밀리의 서재 7GB+,,moyo,True,,,LTE,7.0,,7.0,False,1Mbps,,,,,unsupported,True,,,True,,26400,8800,모요 프로모션 할인,7,0,0,,,,,,111,https://www.moyoplan.com/plans/37288,2026-08-11T01:43:06.687727+00:00
MVNO,KT,모빙,37308,37308,official_code,[K] 페이포인트 7GB+,,moyo,True,,,LTE,7.0,,7.0,False,1Mbps,,,,,unsupported,True,,,True,,40700,8800,모요 프로모션 할인,7,0,0,,,,,,82,https://www.moyoplan.com/plans/37308,2026-08-11T01:43:06.687727+00:00
MVNO,SKT,스마텔,29024,29024,official_code,LTE 음성무제한 5GB,,moyo,True,,,LTE,5.0,,5.0,False,,,,,,undisclosed,True,,,False,200,16500,2200,모요 프로모션 할인,10,0,0,,,,,,533,https://www.moyoplan.com/plans/29024,2026-08-11T01:43:06.687727+00:00
MVNO,KT,에이모바일,37163,37163,official_code,A 올라잇 2.5GB/200분,,moyo,True,,,LTE,2.5,,2.5,False,,,,,,undisclosed,False,200,,False,200,7700,220,모요 프로모션 할인,7,1,1,조선일보 종이신문 1개월 무료 구독 이벤트,,,,,128,https://www.moyoplan.com/plans/37163,2026-08-11T01:43:06.687727+00:00
MVNO,SKT,아이즈모바일,35380,35380,official_code,[S]무한7GB+,,moyo,True,,,LTE,7.0,,7.0,False,1Mbps,,7.0,,7.0,quota,True,,300,True,,15900,15900,,,1,0,,,,SOLO결합 데이터 5GB 지급,,130,https://www.moyoplan.com/plans/35380,2026-08-11T01:43:06.687727+00:00
MVNO,LGU+,티플러스,35856,35856,official_code,티플온 10G＋,,moyo,True,,,LTE,10.0,,10.0,False,1Mbps,,,,,unsupported,False,9996,,True,,33000,9900,모요 프로모션 할인,7,0,0,,,,,,14,https://www.moyoplan.com/plans/35856,2026-08-11T01:43:06.687727+00:00
MVNO,LGU+,인스모바일,11079,11079,official_code,올프리 1GB+(USIM),,moyo,True,,,LTE,1.0,,1.0,False,1Mbps,,,,,undisclosed,True,,,True,,18700,9570,모요 프로모션 할인,6,0,0,,,,,,62,https://www.moyoplan.com/plans/11079,2026-08-11T01:43:06.687727+00:00
MVNO,KT,에이모바일,37167,37167,official_code,A 올라잇 15GB+ 밀리의서재,,moyo,True,,,LTE,15.0,,15.0,False,1Mbps,,,,,undisclosed,True,,,True,,24200,17001,모요 프로모션 할인,7,1,1,조선일보 종이신문 1개월 무료 구독 이벤트,,,,,44,https://www.moyoplan.com/plans/37167,2026-08-11T01:43:06.687727+00:00
MVNO,SKT,모빙,37282,37282,official_code,[S] 밀리패스 100GB+,,moyo,True,,,LTE,100.0,,100.0,False,5Mbps,,,,,unsupported,True,,,True,,61600,29000,모요 프로모션 할인,7,0,0,,,,,,10,https://www.moyoplan.com/plans/37282,2026-08-11T01:43:06.687727+00:00
MVNO,LGU+,스마텔,25275,25275,official_code,USIM 심플 (500분 + 1GB),,moyo,True,,신규 가입을 받지 않는 통신사입니다. 사용 중인 번호 그대로 통신사만 이동할 분들만 가입이 가능해요.,LTE,1.0,,1.0,False,,,1.0,,1.0,quota,False,500,,False,100,6600,1900,모요 프로모션 할인,6,0,0,,,,,,57,https://www.moyoplan.com/plans/25275,2026-08-11T01:43:06.687727+00:00
MNO,KT,,22814,22814,official_code,요고 44,,moyo,True,,이미 KT 요금제를 쓰고 있다면 이 요금제를 가입할 수 없어요,5G,40.0,,40.0,False,1Mbps,,,,,within_data,True,,300,True,,44000,44000,,,0,0,,,,,,69,https://www.moyoplan.com/plans/22814,2026-08-11T01:43:06.687727+00:00
MVNO,SKT,이야기모바일,8403,8403,official_code,내맘대로S(200+3GB),,moyo,True,,,LTE,3.0,,3.0,False,,,,,,unsupported,False,200,,False,200,8800,3500,모요 프로모션 할인,4,1,0,,,,,"네이버페이 5,000원",14,https://www.moyoplan.com/plans/8403,2026-08-11T01:43:06.687727+00:00
MVNO,SKT,스마텔,25305,25305,official_code,5G 스마일 플러스 (300분+5GB),,moyo,True,,,5G,5.0,,5.0,False,,,5.0,,5.0,quota,False,300,,False,100,15000,5100,모요 프로모션 할인,5,0,0,,,,,,19,https://www.moyoplan.com/plans/25305,2026-08-11T01:43:06.687727+00:00
MVNO,KT,리브모바일,23483,23483,official_code,보이스피싱예방LTE7GB+(안심직거래),,moyo,True,,가입 시 KB국민은행 입출금 계좌가 필요한 통신사에요. | 리브엠이 안내하는 요금은 특정 조건 및 국민은행 실적에 따라 더 비싸질 수 있어요. 꼭 자사몰의 안내를 확인하고 신청해 주세요.,LTE,7.0,,7.0,False,1Mbps,,,,,within_data,True,,300,True,,19500,15100,모요 프로모션 할인,12,0,0,,,,,,40,https://www.moyoplan.com/plans/23483,2026-08-11T01:43:06.687727+00:00
MNO,KT,,22809,22809,official_code,요고 69,,moyo,True,,이미 KT 요금제를 쓰고 있다면 이 요금제를 가입할 수 없어요,5G,,,,True,,,,,,undisclosed,True,,,True,,69000,69000,,,0,0,,,,,,456,https://www.moyoplan.com/plans/22809,2026-08-11T01:43:06.687727+00:00
MVNO,KT,리브모바일,11719,11719,official_code,LTE 무제한 7GB+,,moyo,True,,가입 시 KB국민은행 입출금 계좌가 필요한 통신사에요. | 리브엠이 안내하는 요금은 특정 조건 및 국민은행 실적에 따라 더 비싸질 수 있어요. 꼭 자사몰의 안내를 확인하고 신청해 주세요.,LTE,7.0,,7.0,False,1Mbps,,,,,within_data,True,,300,True,,19500,15100,모요 프로모션 할인,12,0,0,,,,,,171,https://www.moyoplan.com/plans/11719,2026-08-11T01:43:06.687727+00:00
MVNO,LGU+,리브모바일,20270,20270,official_code,LTE 150GB+,,moyo,True,,가입 시 KB국민은행 입출금 계좌가 필요한 통신사에요.,LTE,,,,False,5Mbps,5.0,,,,undisclosed,True,,,True,,41400,37000,모요 프로모션 할인,12,1,0,,,,,24만 KB포인트리,127,https://www.moyoplan.com/plans/20270,2026-08-11T01:43:06.687727+00:00
MVNO,KT,모빙,37301,37301,official_code,쏙쏙 250분(5GB),,moyo,True,,,LTE,5.0,,5.0,False,,,,,,unsupported,False,250,,False,250,5200,5200,,,0,0,,,,,,12,https://www.moyoplan.com/plans/37301,2026-08-11T01:43:06.687727+00:00
MVNO,LGU+,에이모바일,37186,37186,official_code,A 갓성비 10GB+/200분,,moyo,True,,,LTE,10.0,,10.0,False,1Mbps,,,,,undisclosed,False,200,,False,100,25300,8800,모요 프로모션 할인,7,1,1,조선일보 종이신문 1개월 무료 구독 이벤트,,,,,10,https://www.moyoplan.com/plans/37186,2026-08-11T01:43:06.687727+00:00
MVNO,LGU+,에이모바일,37208,37208,official_code,A 스페셜 10GB+ (24개월),,moyo,True,,,LTE,10.0,,10.0,False,1Mbps,,,,,undisclosed,True,,,True,,26400,19030,모요 프로모션 할인,24,1,1,조선일보 종이신문 1개월 무료 구독 이벤트,,,,,26,https://www.moyoplan.com/plans/37208,2026-08-11T01:43:06.687727+00:00
MVNO,LGU+,핀다이렉트,30956,30956,official_code,[L] 핀다이렉트Z Speed 50GB+,,moyo,True,,,5G,50.0,,50.0,False,1Mbps,,,,,unsupported,True,,300,True,,42900,32000,모요 프로모션 할인,7,1,0,,,,,데이터 로밍 3일 무료 쿠폰,15,https://www.moyoplan.com/plans/30956,2026-08-11T01:43:06.687727+00:00
MVNO,KT,에이모바일,37164,37164,official_code,A 올라잇 4.5GB/100분,,moyo,True,,,LTE,4.5,,4.5,False,,,,,,undisclosed,False,100,,False,100,9350,330,모요 프로모션 할인,7,1,1,조선일보 종이신문 1개월 무료 구독 이벤트,,,,,64,https://www.moyoplan.com/plans/37164,2026-08-11T01:43:06.687727+00:00
MVNO,LGU+,KG모바일,22903,22903,official_code,[일반] 데이터 마음대로 (1GB+/100분),,moyo,True,,,LTE,1.0,,1.0,False,1Mbps,,,,,unsupported,False,100,,False,100,15400,4840,모요 프로모션 할인,6,0,0,,,,,,19,https://www.moyoplan.com/plans/22903,2026-08-11T01:43:06.687727+00:00
MVNO,LGU+,시월모바일,29581,29581,official_code,시월5G 무제한 50GB+1Mbps,,moyo,True,,,5G,50.0,,50.0,False,1Mbps,,5.0,,5.0,quota,True,,300,True,,41200,29100,모요 프로모션 할인,7,1,0,,,,,유심/배송비 무료!,26,https://www.moyoplan.com/plans/29581,2026-08-11T01:43:06.687727+00:00
MVNO,SKT,에이모바일,37241,37241,official_code,A 넥스트 15GB+/300분(네이버페이 1만x7개월),,moyo,True,,,LTE,15.0,,15.0,False,3Mbps,,,,,undisclosed,False,300,,False,300,29900,18900,모요 프로모션 할인,7,3,1,조선일보 종이신문 1개월 무료 구독 이벤트,,,,네이버페이 1만원x7개월 지급 이벤트 | 네이버페이 1만원 지급 이벤트,22,https://www.moyoplan.com/plans/37241,2026-08-11T01:43:06.687727+00:00
MVNO,SKT,스마텔,25251,25251,official_code,후후 플러스 (100분+2.2GB),,moyo,True,,,LTE,2.2,,2.2,False,,,2.2,,2.2,quota,False,100,,False,100,4730,2530,모요 프로모션 할인,5,0,0,,,,,,10,https://www.moyoplan.com/plans/25251,2026-08-11T01:43:06.687727+00:00
MVNO,KT,고고모바일,20004,20004,official_code,LTE200분/3GB-데이터소진후 자동차단,,moyo,True,,,LTE,3.0,,3.0,False,,,,,,within_data,False,200,,False,200,9900,9900,,,2,0,,,,,"3대 마트 상품권, 네이버페이 2만원 | KT유심&배송비 무료",10,https://www.moyoplan.com/plans/20004,2026-08-11T01:43:06.687727+00:00
MVNO,KT,아이즈모바일,35458,35458,official_code,[K]올리브영 11GB+일2GB,,moyo,True,,,LTE,11.0,,11.0,False,3Mbps,2.0,11.0,,11.0,quota,True,,300,True,,47300,19000,모요 프로모션 할인,7,2,0,,,,SOLO결합 데이터 20GB 지급,"올리브영 상품권 매달 5,000원 지급",26,https://www.moyoplan.com/plans/35458,2026-08-11T01:43:06.687727+00:00
MVNO,LGU+,리브모바일,20275,20275,official_code,LTE 15GB+(300분/300건),,moyo,True,,가입 시 KB국민은행 입출금 계좌가 필요한 통신사에요.,LTE,15.0,,15.0,False,3Mbps,,,,,within_data,False,300,300,False,300,28900,24500,모요 프로모션 할인,12,0,0,,,,,,23,https://www.moyoplan.com/plans/20275,2026-08-11T01:43:06.687727+00:00
MVNO,KT,모빙,37287,37287,official_code,쏙쏙 매일30분3GB,,moyo,True,,,LTE,3.0,,3.0,False,,,,,,unsupported,False,900,,False,100,5500,5500,,,0,0,,,,,,13,https://www.moyoplan.com/plans/37287,2026-08-11T01:43:06.687727+00:00
MVNO,KT,아이즈모바일,35455,35455,official_code,[K]올리브영 15GB+,,moyo,True,,,LTE,15.0,,15.0,False,1Mbps,,,,,undisclosed,True,,,True,,30800,30800,,,3,0,,,,SOLO결합 데이터 10GB 지급 | 개통시 매월 10GB 데이터 추가 지급,"올리브영 상품권 매달 5,000원 지급",10,https://www.moyoplan.com/plans/35455,2026-08-11T01:43:06.687727+00:00
MVNO,SKT,에이모바일,37239,37239,official_code,A 넥스트 10GB+,,moyo,True,,,LTE,10.0,,10.0,False,1Mbps,,,,,undisclosed,True,,,True,,20900,12000,모요 프로모션 할인,7,2,1,조선일보 종이신문 1개월 무료 구독 이벤트,,,,네이버페이 1만원 지급 이벤트,10,https://www.moyoplan.com/plans/37239,2026-08-11T01:43:06.687727+00:00
MVNO,KT,아이즈모바일,35460,35460,official_code,[K]다이소 15GB+,,moyo,True,,,LTE,15.0,,15.0,False,1Mbps,,,,,undisclosed,True,,,True,,30800,30800,,,3,0,,,,SOLO결합 데이터 10GB 지급 | 개통시 매월 10GB 데이터 추가 지급,"다이소 상품권 매달 5,000원 지급",15,https://www.moyoplan.com/plans/35460,2026-08-11T01:43:06.687727+00:00
MVNO,LGU+,찬스모바일,26890,26890,official_code,5G 음성기본 80GB+,,moyo,True,,,5G,80.0,,80.0,False,1Mbps,,5.0,,5.0,quota,True,,300,True,,45100,30830,모요 프로모션 할인,7,1,0,,,,,유심/배송비 무료,12,https://www.moyoplan.com/plans/26890,2026-08-11T01:43:06.687727+00:00
MVNO,SKT,에이모바일,37244,37244,official_code,A 넥스트 7GB+(네이버페이 1만x7개월),,moyo,True,,,LTE,7.0,,7.0,False,1Mbps,,,,,undisclosed,True,,,True,,18900,12499,모요 프로모션 할인,7,3,1,조선일보 종이신문 1개월 무료 구독 이벤트,,,,네이버페이 1만원x7개월 지급 이벤트 | 네이버페이 1만원 지급 이벤트,62,https://www.moyoplan.com/plans/37244,2026-08-11T01:43:06.687727+00:00
MVNO,LGU+,시월모바일,29580,29580,official_code,시월5G 무제한 80GB+1Mbps,,moyo,True,,,5G,80.0,,80.0,False,1Mbps,,5.0,,5.0,quota,True,,300,True,,43000,30900,모요 프로모션 할인,7,1,0,,,,,유심/배송비 무료!,10,https://www.moyoplan.com/plans/29580,2026-08-11T01:43:06.687727+00:00
MVNO,KT,리브모바일,19579,19579,official_code,LTE 무제한 11GB+(NPay),,moyo,True,,가입 시 KB국민은행 입출금 계좌가 필요한 통신사에요. | 리브엠이 안내하는 요금은 특정 조건 및 국민은행 실적에 따라 더 비싸질 수 있어요. 꼭 자사몰의 안내를 확인하고 신청해 주세요.,LTE,11.0,,11.0,False,3Mbps,2.0,,,,within_data,True,,300,True,,39500,35100,모요 프로모션 할인,12,0,0,,,,,,34,https://www.moyoplan.com/plans/19579,2026-08-11T01:43:06.687727+00:00
MVNO,SKT,아이즈모바일,36294,36294,official_code,[S]스페셜100분/15GB+,,moyo,True,,,LTE,15.0,,15.0,False,3Mbps,,15.0,,15.0,quota,False,100,,False,100,30300,30300,,,0,0,,,,,,1245,https://www.moyoplan.com/plans/36294,2026-08-11T01:43:06.687727+00:00
MVNO,LGU+,리브모바일,20854,20854,official_code,보이스피싱예방LTE15GB+(300분/300건),,moyo,True,,가입 시 KB국민은행 입출금 계좌가 필요한 통신사에요.,LTE,15.0,,15.0,False,3Mbps,,,,,within_data,False,300,,False,300,28900,22200,모요 프로모션 할인,12,0,0,,,,,,42,https://www.moyoplan.com/plans/20854,2026-08-11T01:43:06.687727+00:00
MVNO,KT,에이모바일,37170,37170,official_code,A 올라잇 15GB+/300분,,moyo,True,,,LTE,15.0,,15.0,False,3Mbps,,,,,undisclosed,False,300,,False,300,37400,19000,모요 프로모션 할인,7,1,1,조선일보 종이신문 1개월 무료 구독 이벤트,,,,,32,https://www.moyoplan.com/plans/37170,2026-08-11T01:43:06.687727+00:00
MVNO,SKT,스마텔,25238,25238,official_code,후후 플러스 (50분+1.8GB),,moyo,True,,,LTE,1.8,,1.8,False,,,1.8,,1.8,quota,False,50,,False,50,3630,2090,모요 프로모션 할인,5,0,0,,,,,,17,https://www.moyoplan.com/plans/25238,2026-08-11T01:43:06.687727+00:00
MVNO,KT,모빙,37337,37337,official_code,모두다 막힘없이 11GB+ 왓챠,,moyo,True,,,LTE,11.0,,11.0,False,3Mbps,2.0,,,,unsupported,True,,,True,,49500,23980,모요 프로모션 할인,7,0,0,,,,,,10,https://www.moyoplan.com/plans/37337,2026-08-11T01:43:06.687727+00:00
MVNO,LGU+,모빙,37371,37371,official_code,[L] 5G 데이터 1GB+,,moyo,True,,,5G,1.0,,1.0,False,1Mbps,,,,,unsupported,True,,,False,100,6600,6600,,,0,0,,,,,,96,https://www.moyoplan.com/plans/37371,2026-08-11T01:43:06.687727+00:00
MVNO,KT,아이즈모바일,35456,35456,official_code,[K]올리브영 100분/15GB+,,moyo,True,,,LTE,15.0,,15.0,False,3Mbps,,,,,undisclosed,False,100,,False,100,37400,37400,,,2,0,,,,SOLO결합 데이터 10GB 지급,"올리브영 상품권 매달 5,000원 지급",10,https://www.moyoplan.com/plans/35456,2026-08-11T01:43:06.687727+00:00
MNO,KT,,22811,22811,official_code,요고 55,,moyo,True,,이미 KT 요금제를 쓰고 있다면 이 요금제를 가입할 수 없어요,5G,200.0,,200.0,False,5Mbps,,40.0,,40.0,quota,True,,300,True,,55000,55000,,,0,0,,,,,,137,https://www.moyoplan.com/plans/22811,2026-08-11T01:43:06.687727+00:00
MNO,KT,,34905,34905,official_code,요고 30,,moyo,True,,이미 KT 요금제를 쓰고 있다면 이 요금제를 가입할 수 없어요,5G,8.0,,8.0,False,400Kbps,,,,,within_data,True,,300,True,,30000,30000,,,0,0,,,,,,111,https://www.moyoplan.com/plans/34905,2026-08-11T01:43:06.687727+00:00
MVNO,SKT,모빙,37411,37411,official_code,[S] 컬쳐랜드 7GB+,,moyo,True,,,LTE,7.0,,7.0,False,1Mbps,,,,,unsupported,True,,,True,,31900,9900,모요 프로모션 할인,7,0,0,,,,,,10,https://www.moyoplan.com/plans/37411,2026-08-11T01:43:06.687727+00:00
MVNO,KT,아이즈모바일,35450,35450,official_code,[K]다이소 100분/15GB+,,moyo,True,,,LTE,15.0,,15.0,False,3Mbps,,,,,undisclosed,False,100,,False,100,37400,37400,,,2,0,,,,SOLO결합 데이터 10GB 지급,"다이소 상품권 매달 5,000원 지급",10,https://www.moyoplan.com/plans/35450,2026-08-11T01:43:06.687727+00:00
MVNO,KT,스마텔,31740,31740,official_code,USIM 스위트 음성 무제한 5GB,,moyo,True,,신규 가입을 받지 않는 통신사입니다. 사용 중인 번호 그대로 통신사만 이동할 분들만 가입이 가능해요.,LTE,5.0,,5.0,False,,,,,,unsupported,True,,,True,,13200,7000,모요 프로모션 할인,36,0,0,,,,,,83,https://www.moyoplan.com/plans/31740,2026-08-11T01:43:06.687727+00:00
MVNO,SKT,스마텔,25273,25273,official_code,5G 스마일 24GB+,,moyo,True,,,5G,24.0,,24.0,False,1Mbps,,,,,undisclosed,True,,,True,,39600,39600,,,0,0,,,,,,26,https://www.moyoplan.com/plans/25273,2026-08-11T01:43:06.687727+00:00
MVNO,SKT,모빙,37281,37281,official_code,[S] 밀리패스 11GB+,,moyo,True,,,LTE,11.0,,11.0,False,3Mbps,2.0,,,,unsupported,True,,,True,,49500,26000,모요 프로모션 할인,7,0,0,,,,,,10,https://www.moyoplan.com/plans/37281,2026-08-11T01:43:06.687727+00:00
MVNO,SKT,스마텔,25288,25288,official_code,스마일플러스(200분+1.5GB),,moyo,True,,,LTE,1.5,,1.5,False,,,,,,unsupported,False,200,,False,100,4400,2200,모요 프로모션 할인,5,0,0,,,,,,10,https://www.moyoplan.com/plans/25288,2026-08-11T01:43:06.687727+00:00
MVNO,SKT,아이즈모바일,35342,35342,official_code,[S]톨(300분/2GB),,moyo,True,,,LTE,2.0,,2.0,False,,,2.0,,2.0,quota,False,300,,False,100,3900,3900,,,0,0,,,,,,31,https://www.moyoplan.com/plans/35342,2026-08-11T01:43:06.687727+00:00
MNO,KT,,22815,22815,official_code,요고 42,,moyo,True,,이미 KT 요금제를 쓰고 있다면 이 요금제를 가입할 수 없어요,5G,35.0,,35.0,False,1Mbps,,,,,within_data,True,,300,True,,42000,42000,,,0,0,,,,,,76,https://www.moyoplan.com/plans/22815,2026-08-11T01:43:06.687727+00:00
MVNO,KT,아이즈모바일,35364,35364,official_code,[K]톨(100분/3GB),,moyo,True,,,LTE,3.0,,3.0,False,,,3.0,,3.0,quota,False,100,,False,100,4430,4430,,,0,0,,,,,,56,https://www.moyoplan.com/plans/35364,2026-08-11T01:43:06.687727+00:00
MVNO,SKT,아이즈모바일,35463,35463,official_code,[S]OK캐쉬백 10GB+,,moyo,True,,,LTE,10.0,,10.0,False,1Mbps,,,,,undisclosed,True,,,True,,31900,19900,모요 프로모션 할인,12,1,0,,,,SOLO결합 데이터 10GB 지급,,10,https://www.moyoplan.com/plans/35463,2026-08-11T01:43:06.687727+00:00
MVNO,SKT,스마텔,25228,25228,official_code,5G 스마일 플러스 (200분+5GB),,moyo,True,,,5G,5.0,,5.0,False,,,5.0,,5.0,quota,False,200,,False,100,13000,4750,모요 프로모션 할인,5,0,0,,,,,,22,https://www.moyoplan.com/plans/25228,2026-08-11T01:43:06.687727+00:00
MVNO,KT,리브모바일,19578,19578,official_code,LTE 무제한 11GB+ (지니뮤직),,moyo,True,,가입 시 KB국민은행 입출금 계좌가 필요한 통신사에요. | 리브엠이 안내하는 요금은 특정 조건 및 국민은행 실적에 따라 더 비싸질 수 있어요. 꼭 자사몰의 안내를 확인하고 신청해 주세요.,LTE,11.0,,11.0,False,3Mbps,2.0,,,,within_data,True,,300,True,,40000,35600,모요 프로모션 할인,12,0,0,,,,,,35,https://www.moyoplan.com/plans/19578,2026-08-11T01:43:06.687727+00:00
MVNO,KT,에이모바일,37161,37161,official_code,더 빠른 110GB+,,moyo,True,,,5G,110.0,,110.0,False,5Mbps,,,,,undisclosed,True,,,True,,49500,34100,모요 프로모션 할인,7,1,1,조선일보 종이신문 1개월 무료 구독 이벤트,,,,,10,https://www.moyoplan.com/plans/37161,2026-08-11T01:43:06.687727+00:00
MVNO,SKT,스마텔,25269,25269,official_code,5G 스마일 플러스 (100분+3GB),,moyo,True,,,5G,3.0,,3.0,False,,,3.0,,3.0,quota,False,100,,False,100,9000,2950,모요 프로모션 할인,5,0,0,,,,,,37,https://www.moyoplan.com/plans/25269,2026-08-11T01:43:06.687727+00:00
MVNO,KT,모빙,37311,37311,official_code,[K] 다이소 7GB+,,moyo,True,,,LTE,7.0,,7.0,False,1Mbps,,,,,unsupported,True,,,True,,27500,9900,모요 프로모션 할인,7,0,0,,,,,,32,https://www.moyoplan.com/plans/37311,2026-08-11T01:43:06.687727+00:00
MVNO,KT,리브모바일,11718,11718,official_code,LTE 실속 15GB+(300분),,moyo,True,,가입 시 KB국민은행 입출금 계좌가 필요한 통신사에요. | 리브엠이 안내하는 요금은 특정 조건 및 국민은행 실적에 따라 더 비싸질 수 있어요. 꼭 자사몰의 안내를 확인하고 신청해 주세요.,LTE,15.0,,15.0,False,3Mbps,,,,,within_data,False,300,300,False,300,30500,26100,모요 프로모션 할인,12,0,0,,,,,,20,https://www.moyoplan.com/plans/11718,2026-08-11T01:43:06.687727+00:00
MVNO,KT,에이모바일,37169,37169,official_code,A 올라잇 15GB+/100분 네이버페이,,moyo,True,,,LTE,15.0,,15.0,False,3Mbps,,,,,undisclosed,False,100,,False,100,38500,19500,모요 프로모션 할인,7,1,1,조선일보 종이신문 1개월 무료 구독 이벤트,,,,,10,https://www.moyoplan.com/plans/37169,2026-08-11T01:43:06.687727+00:00
MVNO,SKT,스마텔,25213,25213,official_code,후후 스마일 10GB+,,moyo,True,,,LTE,10.0,,10.0,False,1Mbps,,10.0,,10.0,quota,True,,300,True,,32230,14330,모요 프로모션 할인,7,0,0,,,,,,13,https://www.moyoplan.com/plans/25213,2026-08-11T01:43:06.687727+00:00
MNO,KT,,22813,22813,official_code,요고 46,,moyo,True,,이미 KT 요금제를 쓰고 있다면 이 요금제를 가입할 수 없어요,5G,80.0,,80.0,False,1Mbps,,40.0,,40.0,quota,True,,300,True,,46000,46000,,,0,0,,,,,,82,https://www.moyoplan.com/plans/22813,2026-08-11T01:43:06.687727+00:00
MVNO,KT,에이모바일,37171,37171,official_code,A 올라잇 15GB+/300분 네이버페이,,moyo,True,,,LTE,15.0,,15.0,False,3Mbps,,,,,undisclosed,False,300,,False,300,40700,20500,모요 프로모션 할인,7,1,1,조선일보 종이신문 1개월 무료 구독 이벤트,,,,,10,https://www.moyoplan.com/plans/37171,2026-08-11T01:43:06.687727+00:00
MVNO,LGU+,이야기모바일,8168,8168,official_code,내맘대로 차단형 (200분+500MB),,moyo,True,,,LTE,0.488,,0.488,False,,,,,,unsupported,False,200,,False,50,8580,8580,,,1,0,,,,,"네이버페이 5,000원",10,https://www.moyoplan.com/plans/8168,2026-08-11T01:43:06.687727+00:00
MVNO,LGU+,스마텔,25267,25267,official_code,후후 심플 (100분 + 3GB),,moyo,True,,신규 가입을 받지 않는 통신사입니다. 사용 중인 번호 그대로 통신사만 이동할 분들만 가입이 가능해요.,LTE,3.0,,3.0,False,,,3.0,,3.0,quota,False,100,,False,100,5830,2230,모요 프로모션 할인,6,0,0,,,,,,15,https://www.moyoplan.com/plans/25267,2026-08-11T01:43:06.687727+00:00
MVNO,LGU+,스마텔,25212,25212,official_code,후후 심플 (100분 + 2.2GB),,moyo,True,,신규 가입을 받지 않는 통신사입니다. 사용 중인 번호 그대로 통신사만 이동할 분들만 가입이 가능해요.,LTE,2.2,,2.2,False,,,2.2,,2.2,quota,False,100,,False,100,4730,2230,모요 프로모션 할인,6,0,0,,,,,,10,https://www.moyoplan.com/plans/25212,2026-08-11T01:43:06.687727+00:00
MVNO,LGU+,스마텔,25294,25294,official_code,후후 심플 (50분 + 1.8GB),,moyo,True,,신규 가입을 받지 않는 통신사입니다. 사용 중인 번호 그대로 통신사만 이동할 분들만 가입이 가능해요.,LTE,1.8,,1.8,False,,,1.8,,1.8,quota,False,50,,False,50,3630,2230,모요 프로모션 할인,6,0,0,,,,,,12,https://www.moyoplan.com/plans/25294,2026-08-11T01:43:06.687727+00:00
MVNO,LGU+,스마텔,25224,25224,official_code,후후 심플 (200분 + 1.5GB),,moyo,True,,신규 가입을 받지 않는 통신사입니다. 사용 중인 번호 그대로 통신사만 이동할 분들만 가입이 가능해요.,LTE,1.5,,1.5,False,,,1.5,,1.5,quota,False,200,,False,100,4730,2230,모요 프로모션 할인,6,0,0,,,,,,10,https://www.moyoplan.com/plans/25224,2026-08-11T01:43:06.687727+00:00
MVNO,SKT,아이즈모바일,35389,35389,official_code,[S]음성자유/3GB,,moyo,True,,,LTE,3.0,,3.0,False,,,3.0,,3.0,quota,True,,30,False,100,3900,3900,,,0,0,,,,,,294,https://www.moyoplan.com/plans/35389,2026-08-11T01:43:06.687727+00:00
MVNO,KT,아이즈모바일,35369,35369,official_code,[K]그란데(100분/6GB),,moyo,True,,,LTE,6.0,,6.0,False,,,,,,undisclosed,False,100,,False,100,15100,15100,,,0,0,,,,,,186,https://www.moyoplan.com/plans/35369,2026-08-11T01:43:06.687727+00:00
MVNO,KT,아이즈모바일,35449,35449,official_code,[K]다이소 300분/15GB+,,moyo,True,,,LTE,15.0,,15.0,False,3Mbps,,,,,undisclosed,False,300,,False,300,39600,39600,,,2,0,,,,SOLO결합 데이터 10GB 지급,"다이소 상품권 매달 5,000원 지급",14,https://www.moyoplan.com/plans/35449,2026-08-11T01:43:06.687727+00:00
MVNO,KT,아이즈모바일,35457,35457,official_code,[K]올리브영 300분/15GB+,,moyo,True,,,LTE,15.0,,15.0,False,3Mbps,,,,,undisclosed,False,300,,False,300,39600,39600,,,2,0,,,,SOLO결합 데이터 10GB 지급,"올리브영 상품권 매달 5,000원 지급",10,https://www.moyoplan.com/plans/35457,2026-08-11T01:43:06.687727+00:00
MVNO,KT,아이즈모바일,35368,35368,official_code,[K]그란데(300분/5GB),,moyo,True,,,LTE,5.0,,5.0,False,,,,,,undisclosed,False,300,,False,100,14900,14900,,,0,0,,,,,,131,https://www.moyoplan.com/plans/35368,2026-08-11T01:43:06.687727+00:00
MVNO,SKT,모빙,37285,37285,official_code,5G U모빙 200GB+,,moyo,True,,,5G,200.0,,200.0,False,5Mbps,,,,,unsupported,True,,,True,,60100,47700,모요 프로모션 할인,24,0,0,,,,,,144,https://www.moyoplan.com/plans/37285,2026-08-11T01:43:06.687727+00:00
MVNO,SKT,모빙,37413,37413,official_code,[S] 컬쳐랜드 10GB+,,moyo,True,,,LTE,10.0,,10.0,False,1Mbps,,,,,unsupported,True,,,True,,47300,13000,모요 프로모션 할인,7,0,0,,,,,,10,https://www.moyoplan.com/plans/37413,2026-08-11T01:43:06.687727+00:00
MVNO,KT,모빙,37304,37304,official_code,쏙쏙 매일30분5GB,,moyo,True,,,LTE,5.0,,5.0,False,,,,,,unsupported,False,900,,False,100,6600,6600,,,0,0,,,,,,25,https://www.moyoplan.com/plans/37304,2026-08-11T01:43:06.687727+00:00
MVNO,LGU+,티플러스,16808,16808,official_code,티플 데이터마음껏3G(100분),,moyo,True,,,LTE,3.0,,3.0,False,1Mbps,,,,,unsupported,False,100,,False,100,8800,8800,,,0,0,,,,,,19,https://www.moyoplan.com/plans/16808,2026-08-11T01:43:06.687727+00:00
MVNO,KT,고고모바일,20003,20003,official_code,LTE200분/4GB-데이터소진후 자동차단,,moyo,True,,,LTE,4.0,,4.0,False,,,,,,within_data,False,200,,False,200,11000,11000,,,2,0,,,,,"3대 마트 상품권, 네이버페이 2만원 | KT유심&배송비 무료",10,https://www.moyoplan.com/plans/20003,2026-08-11T01:43:06.687727+00:00
MVNO,KT,에이모바일,37159,37159,official_code,A 5G 스페셜,,moyo,True,,,5G,200.0,,200.0,False,10Mbps,,,,,undisclosed,True,,,True,,55000,39600,모요 프로모션 할인,7,1,1,조선일보 종이신문 1개월 무료 구독 이벤트,,,,,436,https://www.moyoplan.com/plans/37159,2026-08-11T01:43:06.687727+00:00
MVNO,SKT,아이즈모바일,35439,35439,official_code,[S]올리브영10GB+1Mbps,,moyo,True,,,LTE,10.0,,10.0,False,1Mbps,,,,,undisclosed,True,,,True,,33000,9500,모요 프로모션 할인,7,2,0,,,,SOLO결합 데이터 10GB 지급,"올리브영 상품권 매달 7,000원 지급",20,https://www.moyoplan.com/plans/35439,2026-08-11T01:43:06.687727+00:00
MVNO,SKT,아이즈모바일,35472,35472,official_code,[S]이디야 화이트 10GB+,,moyo,True,,,LTE,10.0,,10.0,False,1Mbps,,,,,undisclosed,True,,,True,,31900,9500,모요 프로모션 할인,7,2,0,,,,SOLO결합 데이터 10GB 지급,"매월 이디야 6,000원 모바일 카드 지급",32,https://www.moyoplan.com/plans/35472,2026-08-11T01:43:06.687727+00:00
MVNO,KT,아이즈모바일,35406,35406,official_code,[K]아이즈특판100분/15GB+,,moyo,True,,,LTE,15.0,,15.0,False,3Mbps,,15.0,,15.0,quota,False,100,,False,100,28600,28600,,,1,0,,,,SOLO결합 데이터 10GB 지급,,19,https://www.moyoplan.com/plans/35406,2026-08-11T01:43:06.687727+00:00
MVNO,SKT,스마텔,25296,25296,official_code,후후 플러스 (100분+3GB),,moyo,True,,,LTE,3.0,,3.0,False,,,3.0,,3.0,quota,False,100,,False,100,5830,3190,모요 프로모션 할인,5,0,0,,,,,,15,https://www.moyoplan.com/plans/25296,2026-08-11T01:43:06.687727+00:00
MVNO,KT,리브모바일,19576,19576,official_code,LTE 실속 15GB+(100분),,moyo,True,,가입 시 KB국민은행 입출금 계좌가 필요한 통신사에요. | 리브엠이 안내하는 요금은 특정 조건 및 국민은행 실적에 따라 더 비싸질 수 있어요. 꼭 자사몰의 안내를 확인하고 신청해 주세요.,LTE,15.0,,15.0,False,3Mbps,,,,,within_data,False,100,100,False,100,31900,27500,모요 프로모션 할인,12,0,0,,,,,,11,https://www.moyoplan.com/plans/19576,2026-08-11T01:43:06.687727+00:00
MVNO,LGU+,리브모바일,34361,34361,official_code,"더블업 LTE 17GB+ (7+10 24개월) / 평생가 17,000원",,moyo,True,,가입 시 KB국민은행 입출금 계좌가 필요한 통신사에요.,LTE,17.0,,17.0,False,1Mbps,,7.0,,7.0,quota,True,,300,True,,17000,17000,,,1,0,,,,추가 데이터 10GB,,509,https://www.moyoplan.com/plans/34361,2026-08-11T01:43:06.687727+00:00
MVNO,KT,아이즈모바일,35453,35453,official_code,[K]올리브영 7GB+,,moyo,True,,,LTE,7.0,,7.0,False,1Mbps,,,,,undisclosed,True,,,True,,25300,25300,,,3,0,,,,SOLO결합 데이터 5GB 지급 | 개통시 매월 10GB 데이터 추가 지급,"올리브영 상품권 매달 5,000원 지급",50,https://www.moyoplan.com/plans/35453,2026-08-11T01:43:06.687727+00:00
MVNO,KT,아이즈모바일,35408,35408,official_code,[K]아이즈특판11GB+일2GB,,moyo,True,,,LTE,11.0,,11.0,False,3Mbps,2.0,11.0,,11.0,quota,True,,200,True,,37400,37400,,,0,0,,,,,,13,https://www.moyoplan.com/plans/35408,2026-08-11T01:43:06.687727+00:00
MVNO,SKT,스마텔,25239,25239,official_code,5G 스마일 플러스 (200분+3GB),,moyo,True,,,5G,3.0,,3.0,False,,,3.0,,3.0,quota,False,200,,False,100,11000,3300,모요 프로모션 할인,5,0,0,,,,,,10,https://www.moyoplan.com/plans/25239,2026-08-11T01:43:06.687727+00:00
MVNO,KT,아이즈모바일,35451,35451,official_code,[K]다이소 7GB+,,moyo,True,,,LTE,7.0,,7.0,False,1Mbps,,,,,undisclosed,True,,,True,,25300,25300,,,3,0,,,,SOLO결합 데이터 5GB 지급 | 개통시 매월 10GB 데이터 추가 지급,"다이소 상품권 매달 5,000원 지급",30,https://www.moyoplan.com/plans/35451,2026-08-11T01:43:06.687727+00:00
MVNO,LGU+,티플러스,23682,23682,official_code,티플 완전마음껏6G＋,,moyo,True,,,LTE,6.0,,6.0,False,1Mbps,,,,,within_data,True,,,True,,16500,16500,,,0,0,,,,,,12,https://www.moyoplan.com/plans/23682,2026-08-11T01:43:06.687727+00:00
MVNO,SKT,스마텔,25263,25263,official_code,후후 플러스 (500분+1GB),,moyo,True,,,LTE,1.0,,1.0,False,,,1.0,,1.0,quota,False,500,,False,100,6930,3300,모요 프로모션 할인,5,0,0,,,,,,20,https://www.moyoplan.com/plans/25263,2026-08-11T01:43:06.687727+00:00
MVNO,LGU+,아이즈모바일,27376,27376,official_code,세이브머니유심(태블릿/스마트기기 25GB+),,moyo,True,,,LTE,25.0,,25.0,False,3Mbps,2.0,,,,undisclosed,False,0,,False,0,36300,36300,,,0,0,,,,,,100,https://www.moyoplan.com/plans/27376,2026-08-11T01:43:06.687727+00:00
MVNO,LGU+,스마텔,25254,25254,official_code,USIM 스마트 7GB+,,moyo,True,,신규 가입을 받지 않는 통신사입니다. 사용 중인 번호 그대로 통신사만 이동할 분들만 가입이 가능해요.,LTE,7.0,,7.0,False,1Mbps,,7.0,,7.0,quota,True,,300,True,,19800,14000,모요 프로모션 할인,7,0,0,,,,,,13,https://www.moyoplan.com/plans/25254,2026-08-11T01:43:06.687727+00:00
MVNO,SKT,아이즈모바일,36292,36292,official_code,[S]스페셜11GB+,,moyo,True,,,LTE,11.0,,11.0,False,3Mbps,2.0,11.0,,11.0,quota,True,,300,True,,38600,38600,,,0,0,,,,,,6120,https://www.moyoplan.com/plans/36292,2026-08-11T01:43:06.687727+00:00
MVNO,SKT,티플러스,17963,17963,official_code,The 데이터마음껏 3GB＋(200분),,moyo,True,,,LTE,3.0,,3.0,False,1Mbps,,,,,within_data,False,200,,False,100,17600,17600,,,0,0,,,,,,20,https://www.moyoplan.com/plans/17963,2026-08-11T01:43:06.687727+00:00
MVNO,LGU+,스마텔,25259,25259,official_code,5G 스마트 12GB,,moyo,True,,신규 가입을 받지 않는 통신사입니다. 사용 중인 번호 그대로 통신사만 이동할 분들만 가입이 가능해요.,5G,12.0,,12.0,False,1Mbps,,12.0,,12.0,quota,True,,300,True,,36300,36300,,,0,0,,,,,,15,https://www.moyoplan.com/plans/25259,2026-08-11T01:43:06.687727+00:00
MVNO,LGU+,모빙,37375,37375,official_code,[L] 데이터 10GB+,,moyo,True,,,LTE,10.0,,10.0,False,1Mbps,,,,,unsupported,True,,,True,,30800,9900,모요 프로모션 할인,7,0,0,,,,,,10,https://www.moyoplan.com/plans/37375,2026-08-11T01:43:06.687727+00:00
MVNO,SKT,아이즈모바일,35345,35345,official_code,[S]톨(200분/3GB),,moyo,True,,,LTE,3.0,,3.0,False,,,3.0,,3.0,quota,False,200,,False,100,4350,4350,,,0,0,,,,,,17,https://www.moyoplan.com/plans/35345,2026-08-11T01:43:06.687727+00:00
MVNO,LGU+,시월모바일,27752,27752,official_code,시월5G 무제한 31GB+1Mbps,,moyo,True,,,5G,31.0,,31.0,False,1Mbps,,11.0,,11.0,quota,False,300,300,False,300,40000,27900,모요 프로모션 할인,7,1,0,,,,,유심/배송비 무료!,28,https://www.moyoplan.com/plans/27752,2026-08-11T01:43:06.687727+00:00
MVNO,LGU+,찬스모바일,26867,26867,official_code,5G 음성기본 9GB+1Mbps,,moyo,True,,,5G,9.0,,9.0,False,1Mbps,,9.0,,9.0,quota,True,,300,True,,38500,24550,모요 프로모션 할인,7,1,0,,,,,유심/배송비 무료,10,https://www.moyoplan.com/plans/26867,2026-08-11T01:43:06.687727+00:00
MNO,KT,,22816,22816,official_code,요고 40,,moyo,True,,이미 KT 요금제를 쓰고 있다면 이 요금제를 가입할 수 없어요,5G,30.0,,30.0,False,1Mbps,,,,,within_data,True,,300,True,,40000,40000,,,0,0,,,,,,114,https://www.moyoplan.com/plans/22816,2026-08-11T01:43:06.687727+00:00
MVNO,KT,리브모바일,13524,13524,official_code,5G무제한 110GB+,,moyo,True,,가입 시 KB국민은행 입출금 계좌가 필요한 통신사에요. | 리브엠이 안내하는 요금은 특정 조건 및 국민은행 실적에 따라 더 비싸질 수 있어요. 꼭 자사몰의 안내를 확인하고 신청해 주세요.,5G,110.0,,110.0,False,5Mbps,,10.0,,10.0,quota,True,,300,True,,47500,43100,모요 프로모션 할인,12,0,0,,,,,,103,https://www.moyoplan.com/plans/13524,2026-08-11T01:43:06.687727+00:00
MVNO,LGU+,찬스모바일,26868,26868,official_code,5G 음성기본 12GB+1Mbps,,moyo,True,,,5G,12.0,,12.0,False,1Mbps,,12.0,,12.0,quota,True,,300,True,,42301,27000,모요 프로모션 할인,7,1,0,,,,,유심/배송비 무료,13,https://www.moyoplan.com/plans/26868,2026-08-11T01:43:06.687727+00:00
MVNO,LGU+,찬스모바일,26904,26904,official_code,음성 100분 1GB+,,moyo,True,,,LTE,1.0,,1.0,False,1Mbps,,1.0,,1.0,quota,False,100,0,False,100,12210,5940,모요 프로모션 할인,6,1,0,,,,,유심/배송비 무료,27,https://www.moyoplan.com/plans/26904,2026-08-11T01:43:06.687727+00:00
MVNO,SKT,모빙,37248,37248,official_code,[S] 300분15GB+,,moyo,True,,,LTE,15.0,,15.0,False,3Mbps,,,,,unsupported,False,300,,False,300,40700,18000,모요 프로모션 할인,8,0,0,,,,,,10,https://www.moyoplan.com/plans/37248,2026-08-11T01:43:06.687727+00:00
MVNO,SKT,티플러스,17965,17965,official_code,티플 드림(3GB/200분),,moyo,True,,,LTE,3.0,,3.0,False,,,,,,within_data,False,200,,False,200,7700,2000,모요 프로모션 할인,4,0,0,,,,,,40,https://www.moyoplan.com/plans/17965,2026-08-11T01:43:06.687727+00:00
MVNO,KT,아이즈모바일,35407,35407,official_code,[K]아이즈특판300분/15GB+,,moyo,True,,,LTE,15.0,,15.0,False,3Mbps,,15.0,,15.0,quota,False,300,,False,300,30800,30800,,,1,0,,,,SOLO결합 데이터 10GB 지급,,16,https://www.moyoplan.com/plans/35407,2026-08-11T01:43:06.687727+00:00
MVNO,SKT,스마텔,25278,25278,official_code,후후 플러스 (200분+1.5GB),,moyo,True,,,LTE,1.5,,1.5,False,,,1.5,,1.5,quota,False,200,,False,100,4730,2530,모요 프로모션 할인,5,0,0,,,,,,10,https://www.moyoplan.com/plans/25278,2026-08-11T01:43:06.687727+00:00
MVNO,KT,아이즈모바일,35404,35404,official_code,[K]아이즈특판7GB+,,moyo,True,,,LTE,7.0,,7.0,False,1Mbps,,7.0,,7.0,quota,True,,300,True,,19800,19800,,,1,0,,,,SOLO결합 데이터 5GB 지급,,15,https://www.moyoplan.com/plans/35404,2026-08-11T01:43:06.687727+00:00
MVNO,SKT,스마텔,25220,25220,official_code,스마일플러스(100분+3GB),,moyo,True,,,LTE,3.0,,3.0,False,,,,,,unsupported,False,100,,False,100,5500,2860,모요 프로모션 할인,5,0,0,,,,,,33,https://www.moyoplan.com/plans/25220,2026-08-11T01:43:06.687727+00:00
MVNO,KT,리브모바일,19577,19577,official_code,LTE 실속 15GB+(300분)NPay,,moyo,True,,가입 시 KB국민은행 입출금 계좌가 필요한 통신사에요. | 리브엠이 안내하는 요금은 특정 조건 및 국민은행 실적에 따라 더 비싸질 수 있어요. 꼭 자사몰의 안내를 확인하고 신청해 주세요.,LTE,15.0,,15.0,False,3Mbps,,,,,within_data,False,300,300,False,300,33900,29500,모요 프로모션 할인,12,0,0,,,,,,11,https://www.moyoplan.com/plans/19577,2026-08-11T01:43:06.687727+00:00
MVNO,LGU+,에이모바일,37188,37188,official_code,A 5G 스페셜,,moyo,True,,,5G,180.0,,180.0,False,10Mbps,,,,,undisclosed,True,,,True,,58300,34980,모요 프로모션 할인,7,1,1,조선일보 종이신문 1개월 무료 구독 이벤트,,,,,436,https://www.moyoplan.com/plans/37188,2026-08-11T01:43:06.687727+00:00
MVNO,LGU+,리브모바일,8437,8437,official_code,5G 든든 2GB,,moyo,True,,가입 시 KB국민은행 입출금 계좌가 필요한 통신사에요.,5G,2.0,,2.0,False,,,,,,within_data,True,,50,True,,11900,7500,모요 프로모션 할인,12,0,0,,,,,,69,https://www.moyoplan.com/plans/8437,2026-08-11T01:43:06.687727+00:00
MVNO,SKT,스마텔,25303,25303,official_code,스마일플러스 (500분+2GB),,moyo,True,,,LTE,2.0,,2.0,False,,,,,,unsupported,False,500,,False,100,7700,3850,모요 프로모션 할인,5,0,0,,,,,,10,https://www.moyoplan.com/plans/25303,2026-08-11T01:43:06.687727+00:00
MVNO,SKT,아이즈모바일,36295,36295,official_code,[S]스페셜100GB+,,moyo,True,,,LTE,100.0,,100.0,False,5Mbps,,30.0,,30.0,quota,True,,300,True,,53000,53000,,,0,0,,,,,,9469,https://www.moyoplan.com/plans/36295,2026-08-11T01:43:06.687727+00:00
MVNO,KT,고고모바일,20000,20000,official_code,5G200분/6GB-데이터소진후 자동차단,,moyo,True,,,5G,6.0,,6.0,False,,,,,,within_data,False,200,,False,200,13200,13200,,,2,0,,,,,"3대 마트 상품권, 네이버페이 2만원 | KT유심&배송비 무료",10,https://www.moyoplan.com/plans/20000,2026-08-11T01:43:06.687727+00:00
MVNO,LGU+,인스모바일,11076,11076,official_code,데이터 안심 1GB+(USIM),,moyo,True,,,LTE,1.0,,1.0,False,1Mbps,,,,,within_data,False,100,,False,100,31900,4400,모요 프로모션 할인,6,0,0,,,,,,38,https://www.moyoplan.com/plans/11076,2026-08-11T01:43:06.687727+00:00
MVNO,KT,아이즈모바일,33125,33125,official_code,[K]다이소 10GB+,,moyo,True,,,LTE,10.0,,10.0,False,1Mbps,,,,,undisclosed,True,,,True,,28600,28600,,,3,0,,,,SOLO결합 데이터 10GB 지급 | 개통시 매월 10GB 데이터 추가 지급,"다이소 상품권 매달 5,000원 지급",10,https://www.moyoplan.com/plans/33125,2026-08-11T01:43:06.687727+00:00
MVNO,KT,아이즈모바일,35454,35454,official_code,[K]올리브영 10GB+,,moyo,True,,,LTE,10.0,,10.0,False,1Mbps,,,,,undisclosed,True,,,True,,28600,28600,,,3,0,,,,SOLO결합 데이터 10GB 지급 | 개통시 매월 10GB 데이터 추가 지급,"올리브영 상품권 매달 5,000원 지급",10,https://www.moyoplan.com/plans/35454,2026-08-11T01:43:06.687727+00:00
MVNO,SKT,스마텔,25351,25351,official_code,스마일 10GB+,,moyo,True,,,LTE,10.0,,10.0,False,1Mbps,,10.0,,10.0,quota,True,,300,True,,31900,14000,모요 프로모션 할인,7,0,0,,,,,,20,https://www.moyoplan.com/plans/25351,2026-08-11T01:43:06.687727+00:00
MVNO,SKT,스마텔,25216,25216,official_code,후후 플러스 (500분+2GB),,moyo,True,,,LTE,2.0,,2.0,False,,,,,,undisclosed,False,500,,False,100,8030,4180,모요 프로모션 할인,5,0,0,,,,,,10,https://www.moyoplan.com/plans/25216,2026-08-11T01:43:06.687727+00:00
MVNO,LGU+,리브모바일,8432,8432,official_code,LTE 든든 7GB,,moyo,True,,가입 시 KB국민은행 입출금 계좌가 필요한 통신사에요.,LTE,7.0,,7.0,False,,,,,,within_data,True,,300,True,,20900,16500,모요 프로모션 할인,12,0,0,,,,,,15,https://www.moyoplan.com/plans/8432,2026-08-11T01:43:06.687727+00:00
MVNO,LGU+,모빙,37373,37373,official_code,[L] 5G 데이터 3GB+,,moyo,True,,,5G,3.0,,3.0,False,1Mbps,,,,,unsupported,True,,,False,100,7700,7700,,,0,0,,,,,,43,https://www.moyoplan.com/plans/37373,2026-08-11T01:43:06.687727+00:00
MVNO,KT,리브모바일,13520,13520,official_code,LTE 무제한 7GB+(지니뮤직),,moyo,True,,가입 시 KB국민은행 입출금 계좌가 필요한 통신사에요. | 리브엠이 안내하는 요금은 특정 조건 및 국민은행 실적에 따라 더 비싸질 수 있어요. 꼭 자사몰의 안내를 확인하고 신청해 주세요.,LTE,7.0,,7.0,False,1Mbps,,,,,within_data,True,,300,True,,23900,19500,모요 프로모션 할인,12,0,0,,,,,,16,https://www.moyoplan.com/plans/13520,2026-08-11T01:43:06.687727+00:00
MVNO,SKT,모빙,37283,37283,official_code,5G 모빙 데이터 24GB+,,moyo,True,,,5G,24.0,,24.0,False,1Mbps,,,,,unsupported,True,,,True,,49500,36600,모요 프로모션 할인,24,0,0,,,,,,44,https://www.moyoplan.com/plans/37283,2026-08-11T01:43:06.687727+00:00
MVNO,SKT,스마텔,25237,25237,official_code,스마일플러스 (500분+1GB),,moyo,True,,,LTE,1.0,,1.0,False,,,,,,unsupported,False,500,,False,100,6600,2970,모요 프로모션 할인,5,0,0,,,,,,74,https://www.moyoplan.com/plans/25237,2026-08-11T01:43:06.687727+00:00
MVNO,LGU+,아이즈모바일,18208,18208,official_code,세이브머니유심(기본제공/1GB+),,moyo,True,,,LTE,1.0,,1.0,False,1Mbps,,1.0,,1.0,quota,True,,110,True,,8030,8030,,,0,0,,,,,,322,https://www.moyoplan.com/plans/18208,2026-08-11T01:43:06.687727+00:00
MVNO,SKT,아이즈모바일,35394,35394,official_code,[S]글로벌로밍100GB+,,moyo,True,,,LTE,100.0,,100.0,False,5Mbps,,30.0,,30.0,quota,True,,300,True,,57200,57200,,,2,0,,,,SOLO결합 데이터 20GB 지급,해외 130개국 로밍걱정 끝,91,https://www.moyoplan.com/plans/35394,2026-08-11T01:43:06.687727+00:00
MVNO,KT,아이즈모바일,35409,35409,official_code,[K]아이즈특판100GB+,,moyo,True,,,LTE,100.0,,100.0,False,5Mbps,,100.0,,100.0,quota,True,,300,True,,45100,45100,,,1,0,,,,SOLO결합 데이터 20GB 지급,,63,https://www.moyoplan.com/plans/35409,2026-08-11T01:43:06.687727+00:00
MVNO,KT,에이모바일,37177,37177,official_code,A 올라잇 10GB+ 밀리의서재,,moyo,True,,,LTE,10.0,,10.0,False,1Mbps,,,,,undisclosed,True,,,True,,23100,16001,모요 프로모션 할인,7,1,1,조선일보 종이신문 1개월 무료 구독 이벤트,,,,,10,https://www.moyoplan.com/plans/37177,2026-08-11T01:43:06.687727+00:00
MVNO,LGU+,에이모바일,37190,37190,official_code,A 5G 스페셜 레귤러,,moyo,True,,,5G,50.0,,50.0,False,1Mbps,,,,,undisclosed,True,,,True,,43200,27800,모요 프로모션 할인,7,1,1,조선일보 종이신문 1개월 무료 구독 이벤트,,,,,120,https://www.moyoplan.com/plans/37190,2026-08-11T01:43:06.687727+00:00
MVNO,LGU+,리브모바일,34362,34362,official_code,"더블업 LTE 20GB+ (10+10 24개월) / 평생가 20,000원",,moyo,True,,가입 시 KB국민은행 입출금 계좌가 필요한 통신사에요.,LTE,20.0,,20.0,False,1Mbps,,10.0,,10.0,quota,True,,300,True,,20000,20000,,,1,0,,,,추가 데이터 10GB,,317,https://www.moyoplan.com/plans/34362,2026-08-11T01:43:06.687727+00:00
MVNO,SKT,아이즈모바일,35346,35346,official_code,[S]톨(500분/3GB),,moyo,True,,,LTE,3.0,,3.0,False,,,3.0,,3.0,quota,False,500,,False,100,5100,5100,,,0,0,,,,,,30,https://www.moyoplan.com/plans/35346,2026-08-11T01:43:06.687727+00:00
MVNO,LGU+,아이즈모바일,19929,19929,official_code,[L]무한10GB+1Mbps,,moyo,True,,,LTE,10.0,,10.0,False,1Mbps,,11.0,,11.0,quota,True,,300,True,,18000,18000,,,0,0,,,,,,51,https://www.moyoplan.com/plans/19929,2026-08-11T01:43:06.687727+00:00
MVNO,LGU+,스마텔,32617,32617,official_code,데이터충분히(10G+300분),,moyo,True,,신규 가입을 받지 않는 통신사입니다. 사용 중인 번호 그대로 통신사만 이동할 분들만 가입이 가능해요.,LTE,10.0,,10.0,False,,,10.0,,10.0,quota,False,300,,False,100,17600,500,모요 프로모션 할인,8,0,0,,,,,,164,https://www.moyoplan.com/plans/32617,2026-08-11T01:43:06.687727+00:00
MVNO,LGU+,리브모바일,8438,8438,official_code,5G 든든 4GB,,moyo,True,,가입 시 KB국민은행 입출금 계좌가 필요한 통신사에요.,5G,4.0,,4.0,False,,,,,,within_data,True,,50,True,,14900,10500,모요 프로모션 할인,12,0,0,,,,,,29,https://www.moyoplan.com/plans/8438,2026-08-11T01:43:06.687727+00:00
MVNO,SKT,아이즈모바일,35387,35387,official_code,[S]무한10GB+,,moyo,True,,,LTE,10.0,,10.0,False,1Mbps,,10.0,,10.0,quota,True,,300,True,,18900,18900,,,1,0,,,,SOLO결합 데이터 10GB 지급,,64,https://www.moyoplan.com/plans/35387,2026-08-11T01:43:06.687727+00:00
MVNO,LGU+,스마텔,25838,25838,official_code,스마트 프로 10GB+,,moyo,True,,신규 가입을 받지 않는 통신사입니다. 사용 중인 번호 그대로 통신사만 이동할 분들만 가입이 가능해요.,LTE,10.0,,10.0,False,1Mbps,,10.0,,10.0,quota,True,,300,True,,29040,16000,모요 프로모션 할인,7,0,0,,,,,,10,https://www.moyoplan.com/plans/25838,2026-08-11T01:43:06.687727+00:00
MVNO,KT,아이즈모바일,35420,35420,official_code,[K]무한100GB+ Wavve,,moyo,True,,,LTE,100.0,,100.0,False,5Mbps,,100.0,,100.0,quota,True,,300,True,,55000,55000,,,2,1,웨이브,,,SOLO결합 데이터 20GB 지급,,55,https://www.moyoplan.com/plans/35420,2026-08-11T01:43:06.687727+00:00
MVNO,LGU+,에이모바일,37197,37197,official_code,A 갓성비 6GB/200분 9,,moyo,True,,,LTE,6.0,,6.0,False,,,,,,undisclosed,False,200,,False,100,9900,1100,모요 프로모션 할인,9,1,1,조선일보 종이신문 1개월 무료 구독 이벤트,,,,,10,https://www.moyoplan.com/plans/37197,2026-08-11T01:43:06.687727+00:00
MVNO,LGU+,이야기모바일,8171,8171,official_code,내맘대로 차단형 (200분+1GB),,moyo,True,,,LTE,1.0,,1.0,False,,,,,,unsupported,False,200,,False,50,11000,11000,,,1,0,,,,,"네이버페이 5,000원",10,https://www.moyoplan.com/plans/8171,2026-08-11T01:43:06.687727+00:00
MVNO,KT,에이모바일,37160,37160,official_code,5G 슬림,,moyo,True,,,5G,10.0,,10.0,False,1Mbps,,,,,undisclosed,True,,,True,,39600,24200,모요 프로모션 할인,7,1,1,조선일보 종이신문 1개월 무료 구독 이벤트,,,,,10,https://www.moyoplan.com/plans/37160,2026-08-11T01:43:06.687727+00:00
MVNO,LGU+,리브모바일,36960,36960,official_code,LTE 71GB+(청년미래),,moyo,True,,가입 시 KB국민은행 입출금 계좌가 필요한 통신사에요.,LTE,11.0,,11.0,False,3Mbps,2.0,,,,within_data,True,,300,True,,33000,33000,,,1,0,,,,,25.2만 KB포인트리,59,https://www.moyoplan.com/plans/36960,2026-08-11T01:43:06.687727+00:00
MVNO,LGU+,에이모바일,37189,37189,official_code,A 5G 스페셜 플러스,,moyo,True,,,5G,80.0,,80.0,False,1Mbps,,,,,undisclosed,True,,,True,,46200,29700,모요 프로모션 할인,7,1,1,조선일보 종이신문 1개월 무료 구독 이벤트,,,,,10,https://www.moyoplan.com/plans/37189,2026-08-11T01:43:06.687727+00:00
MVNO,SKT,아이즈모바일,36293,36293,official_code,[S]스페셜7GB+,,moyo,True,,,LTE,7.0,,7.0,False,1Mbps,,7.0,,7.0,quota,True,,300,True,,23600,23600,,,0,0,,,,,,259,https://www.moyoplan.com/plans/36293,2026-08-11T01:43:06.687727+00:00
MVNO,LGU+,모빙,37396,37396,official_code,5G 홈결합 12GB+,,moyo,True,,,5G,12.0,,12.0,False,1Mbps,,,,,unsupported,True,,,True,,46500,27000,모요 프로모션 할인,12,0,0,,,,,,10,https://www.moyoplan.com/plans/37396,2026-08-11T01:43:06.687727+00:00
MVNO,KT,리브모바일,13525,13525,official_code,5G무제한 200GB+,,moyo,True,,가입 시 KB국민은행 입출금 계좌가 필요한 통신사에요. | 리브엠이 안내하는 요금은 특정 조건 및 국민은행 실적에 따라 더 비싸질 수 있어요. 꼭 자사몰의 안내를 확인하고 신청해 주세요.,5G,200.0,,200.0,False,10Mbps,,20.0,,20.0,quota,True,,300,True,,54900,50500,모요 프로모션 할인,12,0,0,,,,,,141,https://www.moyoplan.com/plans/13525,2026-08-11T01:43:06.687727+00:00
MVNO,LGU+,아이즈모바일,20123,20123,official_code,[L]벤티(300분/8GB),,moyo,True,,,LTE,8.0,,8.0,False,,,8.0,,8.0,quota,False,300,,False,100,20300,20300,,,0,0,,,,,,10,https://www.moyoplan.com/plans/20123,2026-08-11T01:43:06.687727+00:00
MVNO,LGU+,리브모바일,34363,34363,official_code,"더블업 LTE 25GB+ (15+10 24개월) / 평생가 22,000원",,moyo,True,,가입 시 KB국민은행 입출금 계좌가 필요한 통신사에요.,LTE,25.0,,25.0,False,1Mbps,,15.0,,15.0,quota,True,,300,True,,22000,22000,,,1,0,,,,추가 데이터 10GB,,176,https://www.moyoplan.com/plans/34363,2026-08-11T01:43:06.687727+00:00
MVNO,LGU+,스마텔,25290,25290,official_code,후후 심플 (200분 + 5GB),,moyo,True,,신규 가입을 받지 않는 통신사입니다. 사용 중인 번호 그대로 통신사만 이동할 분들만 가입이 가능해요.,LTE,5.0,,5.0,False,,,5.0,,5.0,quota,False,200,,False,100,10230,6230,모요 프로모션 할인,6,0,0,,,,,,10,https://www.moyoplan.com/plans/25290,2026-08-11T01:43:06.687727+00:00
MVNO,LGU+,에이모바일,37194,37194,official_code,A 갓성비 7GB/100분 9,,moyo,True,,,LTE,7.0,,7.0,False,,,,,,undisclosed,False,100,,False,100,9900,2200,모요 프로모션 할인,9,1,1,조선일보 종이신문 1개월 무료 구독 이벤트,,,,,120,https://www.moyoplan.com/plans/37194,2026-08-11T01:43:06.687727+00:00
MVNO,KT,아이즈모바일,35413,35413,official_code,[K]글로벌로밍100분/15GB+,,moyo,True,,,LTE,15.0,,15.0,False,3Mbps,,15.0,,15.0,quota,False,100,,False,100,39600,39600,,,2,0,,,,SOLO결합 데이터 10GB 지급,해외 130개국 로밍걱정 끝,31,https://www.moyoplan.com/plans/35413,2026-08-11T01:43:06.687727+00:00
MVNO,LGU+,아이즈모바일,37245,37245,official_code,[L]아이즈특판11GB+일2GB,,moyo,True,,,LTE,11.0,,11.0,False,3Mbps,,,,,undisclosed,True,,,True,,37400,37400,,,0,0,,,,,,10,https://www.moyoplan.com/plans/37245,2026-08-11T01:43:06.687727+00:00
MVNO,KT,위너스텔,36208,36208,official_code,WELL200분+10GB,,moyo,True,,,LTE,10.0,,10.0,False,,,,,,within_data,False,200,,False,50,16500,16500,,,0,0,,,,,,12,https://www.moyoplan.com/plans/36208,2026-08-11T01:43:06.687727+00:00
MVNO,KT,아이즈모바일,35405,35405,official_code,[K]아이즈특판10GB+,,moyo,True,,,LTE,10.0,,10.0,False,1Mbps,,10.0,,10.0,quota,True,,300,True,,22000,22000,,,1,0,,,,SOLO결합 데이터 10GB 지급,,14,https://www.moyoplan.com/plans/35405,2026-08-11T01:43:06.687727+00:00
MVNO,KT,아이즈모바일,35415,35415,official_code,[K]글로벌로밍100GB+,,moyo,True,,,LTE,100.0,,100.0,False,5Mbps,,100.0,,100.0,quota,True,,300,True,,57200,57200,,,2,0,,,,SOLO결합 데이터 20GB 지급,해외 130개국 로밍걱정 끝,58,https://www.moyoplan.com/plans/35415,2026-08-11T01:43:06.687727+00:00
MVNO,SKT,티플러스,26802,26802,official_code,데이터안심 5GB＋(100분),,moyo,True,,,LTE,5.0,,5.0,False,400Kbps,,,,,unsupported,False,100,,False,100,13200,7700,모요 프로모션 할인,7,0,0,,,,,,30,https://www.moyoplan.com/plans/26802,2026-08-11T01:43:06.687727+00:00
MVNO,KT,모빙,37331,37331,official_code,쏙쏙 청소년 300분 1GB+,,moyo,True,,,LTE,1.0,,1.0,False,1Mbps,,,,,unsupported,False,300,,False,300,18700,18700,,,0,0,,,,,,68,https://www.moyoplan.com/plans/37331,2026-08-11T01:43:06.687727+00:00
MVNO,SKT,아이즈모바일,35391,35391,official_code,[S]글로벌로밍7GB+,,moyo,True,,,LTE,7.0,,7.0,False,1Mbps,,7.0,,7.0,quota,True,,300,True,,29700,29700,,,2,0,,,,SOLO결합 데이터 5GB 지급,해외 130개국 로밍걱정 끝,21,https://www.moyoplan.com/plans/35391,2026-08-11T01:43:06.687727+00:00
MVNO,LGU+,에이모바일,37187,37187,official_code,A 5G 라이트,,moyo,True,,,5G,9.0,,9.0,False,1Mbps,,,,,undisclosed,True,,,True,,38500,23100,모요 프로모션 할인,7,1,1,조선일보 종이신문 1개월 무료 구독 이벤트,,,,,10,https://www.moyoplan.com/plans/37187,2026-08-11T01:43:06.687727+00:00
MVNO,LGU+,리브모바일,36957,36957,official_code,LTE 71GB+(라이더),,moyo,True,,가입 시 KB국민은행 입출금 계좌가 필요한 통신사에요.,LTE,11.0,,11.0,False,3Mbps,2.0,,,,within_data,True,,300,True,,32990,32990,,,1,0,,,,,24만 GS주유쿠폰,85,https://www.moyoplan.com/plans/36957,2026-08-11T01:43:06.687727+00:00
MVNO,LGU+,아이즈모바일,20057,20057,official_code,아이즈(100분/1GB+),,moyo,True,,,LTE,1.0,,1.0,False,1Mbps,,1.0,,1.0,quota,False,100,,False,100,8200,8200,,,0,0,,,,,,19,https://www.moyoplan.com/plans/20057,2026-08-11T01:43:06.687727+00:00
MVNO,KT,아이즈모바일,35412,35412,official_code,[K]글로벌로밍7GB+,,moyo,True,,,LTE,7.0,,7.0,False,1Mbps,,7.0,,7.0,quota,True,,300,True,,30800,30800,,,2,0,,,,SOLO결합 데이터 5GB 지급,해외 130개국 로밍걱정 끝,12,https://www.moyoplan.com/plans/35412,2026-08-11T01:43:06.687727+00:00
MVNO,KT,모빙,37310,37310,official_code,쏙쏙 시니어 4GB+,,moyo,True,,,LTE,4.0,,4.0,False,1Mbps,,,,,unsupported,True,,,True,,11000,9900,모요 프로모션 할인,24,0,0,,,,,,318,https://www.moyoplan.com/plans/37310,2026-08-11T01:43:06.687727+00:00
MVNO,KT,아이즈모바일,35419,35419,official_code,[K]무한11GB+ Wavve,,moyo,True,,,LTE,11.0,,11.0,False,3Mbps,2.0,11.0,,11.0,quota,True,,300,True,,48400,48400,,,2,1,웨이브,,,SOLO결합 데이터 20GB 지급,,10,https://www.moyoplan.com/plans/35419,2026-08-11T01:43:06.687727+00:00
MVNO,SKT,아이즈모바일,35393,35393,official_code,[S]글로벌로밍11GB+,,moyo,True,,,LTE,11.0,,11.0,False,3Mbps,2.0,11.0,,11.0,quota,True,,300,True,,48400,48400,,,2,0,,,,SOLO결합 데이터 20GB 지급,해외 130개국 로밍걱정 끝,38,https://www.moyoplan.com/plans/35393,2026-08-11T01:43:06.687727+00:00
MVNO,SKT,아이즈모바일,35480,35480,official_code,[S]스페셜10GB+,,moyo,True,,,LTE,10.0,,10.0,False,1Mbps,,10.0,,10.0,quota,True,,300,True,,27500,27500,,,0,0,,,,,,32,https://www.moyoplan.com/plans/35480,2026-08-11T01:43:06.687727+00:00
MVNO,SKT,아이즈모바일,35392,35392,official_code,[S]글로벌로밍100분/15GB+,,moyo,True,,,LTE,15.0,,15.0,False,3Mbps,,15.0,,15.0,quota,False,100,,False,100,38500,38500,,,2,0,,,,SOLO결합 데이터 10GB 지급,해외 130개국 로밍걱정 끝,28,https://www.moyoplan.com/plans/35392,2026-08-11T01:43:06.687727+00:00
MVNO,SKT,아이즈모바일,35399,35399,official_code,[S]아이즈특판10GB+1Mbps,,moyo,True,,,LTE,10.0,,10.0,False,1Mbps,,10.0,,10.0,quota,True,,300,True,,20900,9500,모요 프로모션 할인,7,1,0,,,,SOLO결합 데이터 10GB 지급,,49,https://www.moyoplan.com/plans/35399,2026-08-11T01:43:06.687727+00:00
MVNO,SKT,아이즈모바일,35476,35476,official_code,[S]아이즈팩 10GB+,,moyo,True,,,LTE,10.0,,10.0,False,1Mbps,,10.0,,10.0,quota,True,,300,True,,30800,9500,모요 프로모션 할인,7,2,0,,,,SOLO결합 데이터 10GB 지급,아이즈팩 이용권,35,https://www.moyoplan.com/plans/35476,2026-08-11T01:43:06.687727+00:00
MVNO,LGU+,리브모바일,18774,18774,official_code,5G 무제한 31GB+(LGU+망),,moyo,True,,가입 시 KB국민은행 입출금 계좌가 필요한 통신사에요.,5G,31.0,,31.0,False,1Mbps,,,,,within_data,True,,300,True,,40900,36500,모요 프로모션 할인,12,0,0,,,,,,19,https://www.moyoplan.com/plans/18774,2026-08-11T01:43:06.687727+00:00
MVNO,LGU+,리브모바일,18775,18775,official_code,5G 무제한 50GB+(LGU+망),,moyo,True,,가입 시 KB국민은행 입출금 계좌가 필요한 통신사에요.,5G,50.0,,50.0,False,1Mbps,,5.0,,5.0,quota,True,,300,True,,42400,38000,모요 프로모션 할인,12,0,0,,,,,,29,https://www.moyoplan.com/plans/18775,2026-08-11T01:43:06.687727+00:00
MVNO,LGU+,아이즈모바일,29002,29002,official_code,[L]아이즈10GB+1Mbps,,moyo,True,,,LTE,10.0,,10.0,False,1Mbps,,10.0,,10.0,quota,True,,300,True,,27500,9500,모요 프로모션 할인,7,0,0,,,,,,85,https://www.moyoplan.com/plans/29002,2026-08-11T01:43:06.687727+00:00
MVNO,LGU+,아이즈모바일,16502,16502,official_code,세이브머니유심(250분/2.5GB+),,moyo,True,,,LTE,2.5,,2.5,False,1Mbps,,2.5,,2.5,quota,False,250,,False,250,12100,12100,,,0,0,,,,,,15,https://www.moyoplan.com/plans/16502,2026-08-11T01:43:06.687727+00:00
MVNO,KT,리브모바일,17625,17625,official_code,5G 무제한 50GB+,,moyo,True,,가입 시 KB국민은행 입출금 계좌가 필요한 통신사에요. | 리브엠이 안내하는 요금은 특정 조건 및 국민은행 실적에 따라 더 비싸질 수 있어요. 꼭 자사몰의 안내를 확인하고 신청해 주세요.,5G,50.0,,50.0,False,1Mbps,,40.0,,40.0,quota,True,,300,True,,43900,39500,모요 프로모션 할인,12,0,0,,,,,,27,https://www.moyoplan.com/plans/17625,2026-08-11T01:43:06.687727+00:00
MVNO,LGU+,리브모바일,8440,8440,official_code,5G 든든 8GB,,moyo,True,,가입 시 KB국민은행 입출금 계좌가 필요한 통신사에요.,5G,8.0,,8.0,False,,,,,,within_data,True,,300,True,,24900,20500,모요 프로모션 할인,12,0,0,,,,,,10,https://www.moyoplan.com/plans/8440,2026-08-11T01:43:06.687727+00:00
MVNO,SKT,아이즈모바일,35328,35328,official_code,아이즈포스트(500분/5G),,moyo,True,,,5G,5.0,,5.0,False,,,5.0,,5.0,quota,False,500,,False,500,9900,9900,,,0,0,,,,,,474,https://www.moyoplan.com/plans/35328,2026-08-11T01:43:06.687727+00:00
MVNO,LGU+,리브모바일,34915,34915,official_code,LTE 71GB+(평생),,moyo,True,,가입 시 KB국민은행 입출금 계좌가 필요한 통신사에요.,LTE,11.0,,11.0,False,3Mbps,2.0,,,,within_data,True,,300,True,,33000,33000,,,1,0,,,,,19.2만 KB포인트리,256,https://www.moyoplan.com/plans/34915,2026-08-11T01:43:06.687727+00:00
MVNO,SKT,아이즈모바일,35352,35352,official_code,[S]그란데(500분/6GB),,moyo,True,,,LTE,6.0,,6.0,False,,,6.0,,6.0,quota,False,500,,False,100,18300,18300,,,0,0,,,,,,759,https://www.moyoplan.com/plans/35352,2026-08-11T01:43:06.687727+00:00
MVNO,LGU+,에이모바일,37192,37192,official_code,A 갓성비 5GB/230분 9,,moyo,True,,,LTE,5.0,,5.0,False,,,,,,undisclosed,False,230,,False,100,9350,990,모요 프로모션 할인,9,1,1,조선일보 종이신문 1개월 무료 구독 이벤트,,,,,68,https://www.moyoplan.com/plans/37192,2026-08-11T01:43:06.687727+00:00
MVNO,LGU+,인스모바일,11083,11083,official_code,데이터 안심 2.5GB+(USIM),,moyo,True,,,LTE,2.5,,2.5,False,1Mbps,,,,,within_data,False,200,,False,100,16500,5280,모요 프로모션 할인,6,0,0,,,,,,10,https://www.moyoplan.com/plans/11083,2026-08-11T01:43:06.687727+00:00
MVNO,KT,위너스텔,36327,36327,official_code,"7GB+1Mbps(네이버페이 5,000P)",,moyo,True,,,LTE,7.0,,7.0,False,1Mbps,,,,,within_data,True,,300,True,,19800,19800,,,0,0,,,,,,22,https://www.moyoplan.com/plans/36327,2026-08-11T01:43:06.687727+00:00
MVNO,KT,아이즈모바일,35414,35414,official_code,[K]글로벌로밍11GB+,,moyo,True,,,LTE,11.0,,11.0,False,3Mbps,2.0,11.0,,11.0,quota,True,,200,True,,50600,50600,,,2,0,,,,SOLO결합 데이터 20GB 지급,해외 130개국 로밍걱정 끝,34,https://www.moyoplan.com/plans/35414,2026-08-11T01:43:06.687727+00:00
MVNO,LGU+,리브모바일,36959,36959,official_code,LTE 15GB+(100분)(청년미래),,moyo,True,,가입 시 KB국민은행 입출금 계좌가 필요한 통신사에요.,LTE,15.0,,15.0,False,3Mbps,,,,,within_data,False,100,300,False,100,25300,25300,,,1,0,,,,,18만KB포인트리,41,https://www.moyoplan.com/plans/36959,2026-08-11T01:43:06.687727+00:00
MVNO,KT,리브모바일,17624,17624,official_code,5G 무제한 30GB+,,moyo,True,,가입 시 KB국민은행 입출금 계좌가 필요한 통신사에요. | 리브엠이 안내하는 요금은 특정 조건 및 국민은행 실적에 따라 더 비싸질 수 있어요. 꼭 자사몰의 안내를 확인하고 신청해 주세요.,5G,30.0,,30.0,False,1Mbps,,,,,within_data,True,,300,True,,42400,38000,모요 프로모션 할인,12,0,0,,,,,,37,https://www.moyoplan.com/plans/17624,2026-08-11T01:43:06.687727+00:00
MVNO,LGU+,리브모바일,8431,8431,official_code,LTE 든든 5GB,,moyo,True,,가입 시 KB국민은행 입출금 계좌가 필요한 통신사에요.,LTE,5.0,,5.0,False,,,,,,within_data,True,,50,True,,14900,10500,모요 프로모션 할인,12,0,0,,,,,,37,https://www.moyoplan.com/plans/8431,2026-08-11T01:43:06.687727+00:00
MVNO,LGU+,인스모바일,14273,14273,official_code,데이터 안심 250분+2.5GB+(USIM),,moyo,True,,,LTE,2.5,,2.5,False,1Mbps,,,,,within_data,False,250,,False,250,17600,6050,모요 프로모션 할인,6,0,0,,,,,,10,https://www.moyoplan.com/plans/14273,2026-08-11T01:43:06.687727+00:00
MVNO,LGU+,리브모바일,35273,35273,official_code,LTE 7GB+(평생),,moyo,True,,가입 시 KB국민은행 입출금 계좌가 필요한 통신사에요.,LTE,7.0,,7.0,False,1Mbps,,,,,within_data,True,,300,True,,15400,15400,,,0,0,,,,,,244,https://www.moyoplan.com/plans/35273,2026-08-11T01:43:06.687727+00:00
MVNO,KT,티플러스,30363,30363,official_code,데이터통화안심 5GB+,,moyo,True,,,LTE,5.0,,5.0,False,400Kbps,,,,,unsupported,True,,,False,100,15400,9900,모요 프로모션 할인,6,2,0,,,,,마트 상품권/네이버페이 1만원 증정,34,https://www.moyoplan.com/plans/30363,2026-08-11T01:43:06.687727+00:00
MVNO,LGU+,아이즈모바일,36222,36222,official_code,아이즈 6GB+,,moyo,True,,,LTE,6.0,,6.0,False,1Mbps,,6.0,,6.0,quota,True,,300,True,,16800,16800,,,0,0,,,,,,23,https://www.moyoplan.com/plans/36222,2026-08-11T01:43:06.687727+00:00
MVNO,LGU+,리브모바일,35850,35850,official_code,LTE 71GB+(혜택형),,moyo,True,,가입 시 KB국민은행 입출금 계좌가 필요한 통신사에요.,LTE,11.0,,11.0,False,3Mbps,2.0,,,,within_data,True,,300,True,,33000,33000,,,1,0,,,,,12만 Npay (4만*3회),332,https://www.moyoplan.com/plans/35850,2026-08-11T01:43:06.687727+00:00
MVNO,SKT,티플러스,33159,33159,official_code,5G 통화안심 6GB,,moyo,True,,,5G,6.0,,6.0,False,,,,,,unsupported,True,,,False,100,14300,4900,모요 프로모션 할인,4,0,0,,,,,,57,https://www.moyoplan.com/plans/33159,2026-08-11T01:43:06.687727+00:00
MVNO,LGU+,리브모바일,8439,8439,official_code,5G 든든 6GB,,moyo,True,,가입 시 KB국민은행 입출금 계좌가 필요한 통신사에요.,5G,6.0,,6.0,False,,,,,,within_data,True,,300,True,,19900,15500,모요 프로모션 할인,12,0,0,,,,,,15,https://www.moyoplan.com/plans/8439,2026-08-11T01:43:06.687727+00:00
MVNO,LGU+,리브모바일,8441,8441,official_code,5G 든든무제한 12GB+,,moyo,True,,가입 시 KB국민은행 입출금 계좌가 필요한 통신사에요.,5G,12.0,,12.0,False,1Mbps,,,,,within_data,True,,300,True,,34900,30500,모요 프로모션 할인,12,0,0,,,,,,14,https://www.moyoplan.com/plans/8441,2026-08-11T01:43:06.687727+00:00
MVNO,LGU+,에이모바일,37195,37195,official_code,A 갓성비 10GB/100분 9,,moyo,True,,,LTE,10.0,,10.0,False,,,,,,undisclosed,False,100,,False,100,12100,2750,모요 프로모션 할인,9,2,1,조선일보 종이신문 1개월 무료 구독 이벤트,,,,네이버페이 5천원 지급 이벤트,68,https://www.moyoplan.com/plans/37195,2026-08-11T01:43:06.687727+00:00
MVNO,LGU+,리브모바일,24242,24242,official_code,ESG LTE 3GB+(100분),,moyo,True,,가입 시 KB국민은행 입출금 계좌가 필요한 통신사에요.,LTE,3.0,,3.0,False,1Mbps,,,,,within_data,False,100,0,False,100,10900,7600,모요 프로모션 할인,12,0,0,,,,,,104,https://www.moyoplan.com/plans/24242,2026-08-11T01:43:06.687727+00:00
MVNO,LGU+,에이모바일,37193,37193,official_code,A 갓성비 6GB/300분 9,,moyo,True,,,LTE,6.0,,6.0,False,,,,,,undisclosed,False,300,,False,100,11000,1100,모요 프로모션 할인,9,1,1,조선일보 종이신문 1개월 무료 구독 이벤트,,,,,50,https://www.moyoplan.com/plans/37193,2026-08-11T01:43:06.687727+00:00
MVNO,KT,리브모바일,23485,23485,official_code,5G무제한 14GB+(KT망),,moyo,True,,가입 시 KB국민은행 입출금 계좌가 필요한 통신사에요. | 리브엠이 안내하는 요금은 특정 조건 및 국민은행 실적에 따라 더 비싸질 수 있어요. 꼭 자사몰의 안내를 확인하고 신청해 주세요.,5G,14.0,,14.0,False,1Mbps,,,,,within_data,True,,300,True,,37500,33100,모요 프로모션 할인,12,0,0,,,,,,10,https://www.moyoplan.com/plans/23485,2026-08-11T01:43:06.687727+00:00
MVNO,KT,위너스텔,36207,36207,official_code,WELL200분+5GB,,moyo,True,,,LTE,5.0,,5.0,False,,,,,,within_data,False,200,,False,50,11000,11000,,,0,0,,,,,,10,https://www.moyoplan.com/plans/36207,2026-08-11T01:43:06.687727+00:00
MVNO,KT,리브모바일,36954,36954,official_code,LTE 15GB+(CU),,moyo,True,,가입 시 KB국민은행 입출금 계좌가 필요한 통신사에요. | 리브엠이 안내하는 요금은 특정 조건 및 국민은행 실적에 따라 더 비싸질 수 있어요. 꼭 자사몰의 안내를 확인하고 신청해 주세요.,LTE,15.0,,15.0,False,1Mbps,,,,,within_data,True,,300,True,,28900,28900,,,0,0,,,,,,10,https://www.moyoplan.com/plans/36954,2026-08-11T01:43:06.687727+00:00
MVNO,KT,리브모바일,36950,36950,official_code,LTE 15GB+(밀리의서재),,moyo,True,,가입 시 KB국민은행 입출금 계좌가 필요한 통신사에요. | 리브엠이 안내하는 요금은 특정 조건 및 국민은행 실적에 따라 더 비싸질 수 있어요. 꼭 자사몰의 안내를 확인하고 신청해 주세요.,LTE,15.0,,15.0,False,1Mbps,,,,,within_data,True,,300,True,,28900,28900,,,1,0,,,,,14.7만 KB포인트리,10,https://www.moyoplan.com/plans/36950,2026-08-11T01:43:06.687727+00:00
MVNO,LGU+,리브모바일,36997,36997,official_code,홈쇼핑 스페셜 7GB+,,moyo,True,,가입 시 KB국민은행 입출금 계좌가 필요한 통신사에요. | 리브엠이 안내하는 요금은 특정 조건 및 국민은행 실적에 따라 더 비싸질 수 있어요. 꼭 자사몰의 안내를 확인하고 신청해 주세요.,LTE,7.0,,7.0,False,1Mbps,,,,,within_data,True,,300,True,,19900,19900,,,0,0,,,,,,126,https://www.moyoplan.com/plans/36997,2026-08-11T01:43:06.687727+00:00
MNO,SKT,,14831,14831,official_code,다이렉트5G 48,,moyo,True,,이미 SKT 요금제를 쓰고 있다면 이 요금제를 가입할 수 없어요,5G,110.0,,110.0,False,5Mbps,,48.0,,48.0,quota,True,,300,True,,48000,48000,,,3,1,티빙,,,,네이버웹툰 쿠키 30개 (12개월) | 첫 달 요금 네이버페이로 전액 환급,870,https://www.moyoplan.com/plans/14831,2026-08-11T01:43:06.687727+00:00
MVNO,SKT,리브모바일,12573,12573,official_code,LTE 무제한 11GB+,,moyo,True,,가입 시 KB국민은행 입출금 계좌가 필요한 통신사에요. | 리브엠이 안내하는 요금은 특정 조건 및 국민은행 실적에 따라 더 비싸질 수 있어요. 꼭 자사몰의 안내를 확인하고 신청해 주세요.,LTE,11.0,,11.0,False,3Mbps,2.0,11.0,,11.0,quota,True,,300,True,,38500,38500,,,0,0,,,,,,236,https://www.moyoplan.com/plans/12573,2026-08-11T01:43:06.687727+00:00
MVNO,LGU+,리브모바일,35852,35852,official_code,LTE 71GB+(초알뜰),,moyo,True,,가입 시 KB국민은행 입출금 계좌가 필요한 통신사에요.,LTE,11.0,,11.0,False,3Mbps,2.0,,,,within_data,True,,300,True,,39900,39900,,,2,0,,,,,초알뜰 요금제 개통시 KB포인트리 21만 | 21만 Npay,327,https://www.moyoplan.com/plans/35852,2026-08-11T01:43:06.687727+00:00
MVNO,LGU+,리브모바일,36329,36329,official_code,5G 든든무제한 150GB+,,moyo,True,,가입 시 KB국민은행 입출금 계좌가 필요한 통신사에요.,5G,150.0,,150.0,False,5Mbps,,5.0,,5.0,quota,True,,300,True,,48900,48900,,,1,0,,,,,43.2만 KB포인트리,114,https://www.moyoplan.com/plans/36329,2026-08-11T01:43:06.687727+00:00
MNO,SKT,,15409,15409,official_code,0 청년 다이렉트 48,,moyo,True,,이미 SKT 요금제를 쓰고 있다면 이 요금제를 가입할 수 없어요,5G,160.0,,160.0,False,5Mbps,,50.0,,50.0,quota,True,,300,True,,48000,48000,,,6,1,티빙,,,,네이버웹툰 쿠키 30개 (12개월) | CGV 영화관람권 50% 할인 (월 1장) | 첫 달 요금 네이버페이로 전액 환급 | 로밍 50% 할인 | 커피 전문점 50% 할인 (월 1잔),1395,https://www.moyoplan.com/plans/15409,2026-08-11T01:43:06.687727+00:00
MVNO,KT,리브모바일,36952,36952,official_code,LTE 150GB+(밀리의서재),,moyo,True,,가입 시 KB국민은행 입출금 계좌가 필요한 통신사에요. | 리브엠이 안내하는 요금은 특정 조건 및 국민은행 실적에 따라 더 비싸질 수 있어요. 꼭 자사몰의 안내를 확인하고 신청해 주세요.,LTE,,,,False,5Mbps,5.0,,,,undisclosed,True,,,True,,49900,49900,,,1,0,,,,,18.5만 KB포인트리,24,https://www.moyoplan.com/plans/36952,2026-08-11T01:43:06.687727+00:00
MVNO,KT,리브모바일,36956,36956,official_code,LTE 150GB+(CU),,moyo,True,,가입 시 KB국민은행 입출금 계좌가 필요한 통신사에요. | 리브엠이 안내하는 요금은 특정 조건 및 국민은행 실적에 따라 더 비싸질 수 있어요. 꼭 자사몰의 안내를 확인하고 신청해 주세요.,LTE,,,,False,5Mbps,5.0,,,,undisclosed,True,,,True,,49900,49900,,,1,0,,,,,18.5만 KB포인트리,21,https://www.moyoplan.com/plans/36956,2026-08-11T01:43:06.687727+00:00
MVNO,KT,리브모바일,36955,36955,official_code,LTE 71GB+(CU),,moyo,True,,가입 시 KB국민은행 입출금 계좌가 필요한 통신사에요. | 리브엠이 안내하는 요금은 특정 조건 및 국민은행 실적에 따라 더 비싸질 수 있어요. 꼭 자사몰의 안내를 확인하고 신청해 주세요.,LTE,11.0,,11.0,False,3Mbps,2.0,,,,within_data,True,,300,True,,39900,39900,,,0,0,,,,,,10,https://www.moyoplan.com/plans/36955,2026-08-11T01:43:06.687727+00:00
MVNO,KT,리브모바일,36951,36951,official_code,LTE 71GB+(밀리의서재),,moyo,True,,가입 시 KB국민은행 입출금 계좌가 필요한 통신사에요. | 리브엠이 안내하는 요금은 특정 조건 및 국민은행 실적에 따라 더 비싸질 수 있어요. 꼭 자사몰의 안내를 확인하고 신청해 주세요.,LTE,11.0,,11.0,False,3Mbps,2.0,,,,within_data,True,,300,True,,39900,39900,,,1,0,,,,,16.8만 KB포인트리,17,https://www.moyoplan.com/plans/36951,2026-08-11T01:43:06.687727+00:00
MVNO,LGU+,리브모바일,36988,36988,official_code,홈쇼핑 스페셜 71GB+,,moyo,True,,가입 시 KB국민은행 입출금 계좌가 필요한 통신사에요.,LTE,11.0,,11.0,False,3Mbps,2.0,,,,within_data,True,,300,True,,39900,39900,,,1,0,,,,,20만 신세계상품권,35,https://www.moyoplan.com/plans/36988,2026-08-11T01:43:06.687727+00:00
MVNO,LGU+,리브모바일,35851,35851,official_code,5G 95GB+(혜택형),,moyo,True,,가입 시 KB국민은행 입출금 계좌가 필요한 통신사에요.,5G,95.0,,95.0,False,3Mbps,,5.0,,5.0,quota,True,,300,True,,40900,40900,,,1,0,,,,,16만 Npay (4만*4회),230,https://www.moyoplan.com/plans/35851,2026-08-11T01:43:06.687727+00:00
MVNO,LGU+,리브모바일,35274,35274,official_code,5G 95GB+(평생),,moyo,True,,가입 시 KB국민은행 입출금 계좌가 필요한 통신사에요.,5G,95.0,,95.0,False,3Mbps,,5.0,,5.0,quota,True,,300,True,,40900,40900,,,1,0,,,,,33.6만 KB포인트리,180,https://www.moyoplan.com/plans/35274,2026-08-11T01:43:06.687727+00:00
MVNO,KT,리브모바일,36949,36949,official_code,LTE 7GB+(밀리의서재),,moyo,True,,가입 시 KB국민은행 입출금 계좌가 필요한 통신사에요. | 리브엠이 안내하는 요금은 특정 조건 및 국민은행 실적에 따라 더 비싸질 수 있어요. 꼭 자사몰의 안내를 확인하고 신청해 주세요.,LTE,7.0,,7.0,False,1Mbps,,,,,within_data,True,,300,True,,22900,22900,,,1,0,,,,,13.3만 KB포인트리,14,https://www.moyoplan.com/plans/36949,2026-08-11T01:43:06.687727+00:00
MVNO,KT,리브모바일,36953,36953,official_code,LTE 7GB+(CU),,moyo,True,,가입 시 KB국민은행 입출금 계좌가 필요한 통신사에요. | 리브엠이 안내하는 요금은 특정 조건 및 국민은행 실적에 따라 더 비싸질 수 있어요. 꼭 자사몰의 안내를 확인하고 신청해 주세요.,LTE,7.0,,7.0,False,1Mbps,,,,,within_data,True,,300,True,,22900,22900,,,0,0,,,,,,10,https://www.moyoplan.com/plans/36953,2026-08-11T01:43:06.687727+00:00
MVNO,SKT,리브모바일,12568,12568,official_code,LTE 실속 10GB(100분),,moyo,True,,가입 시 KB국민은행 입출금 계좌가 필요한 통신사에요. | 리브엠이 안내하는 요금은 특정 조건 및 국민은행 실적에 따라 더 비싸질 수 있어요. 꼭 자사몰의 안내를 확인하고 신청해 주세요.,LTE,10.0,,10.0,False,,,,,,within_data,False,100,100,False,100,19800,19800,,,0,0,,,,,,21,https://www.moyoplan.com/plans/12568,2026-08-11T01:43:06.687727+00:00
MVNO,SKT,리브모바일,12576,12576,official_code,5G 무제한 110GB+,,moyo,True,,가입 시 KB국민은행 입출금 계좌가 필요한 통신사에요. | 리브엠이 안내하는 요금은 특정 조건 및 국민은행 실적에 따라 더 비싸질 수 있어요. 꼭 자사몰의 안내를 확인하고 신청해 주세요.,5G,110.0,,110.0,False,5Mbps,,48.0,,48.0,quota,True,,300,True,,49500,49500,,,0,0,,,,,,162,https://www.moyoplan.com/plans/12576,2026-08-11T01:43:06.687727+00:00
MVNO,LGU+,리브모바일,36958,36958,official_code,5G 95GB+(라이더),,moyo,True,,가입 시 KB국민은행 입출금 계좌가 필요한 통신사에요.,5G,95.0,,95.0,False,3Mbps,,5.0,,5.0,quota,True,,300,True,,40900,40900,,,1,0,,,,,48만 GS주유쿠폰,50,https://www.moyoplan.com/plans/36958,2026-08-11T01:43:06.687727+00:00
MVNO,SKT,리브모바일,12570,12570,official_code,LTE 실속 5GB+(200분),,moyo,True,,가입 시 KB국민은행 입출금 계좌가 필요한 통신사에요. | 리브엠이 안내하는 요금은 특정 조건 및 국민은행 실적에 따라 더 비싸질 수 있어요. 꼭 자사몰의 안내를 확인하고 신청해 주세요.,LTE,5.0,,5.0,False,1Mbps,,,,,within_data,False,200,200,False,100,17600,17600,,,0,0,,,,,,16,https://www.moyoplan.com/plans/12570,2026-08-11T01:43:06.687727+00:00
MVNO,SKT,리브모바일,19591,19591,official_code,LTE 실속 15GB+ (100분)(SKT망),,moyo,True,,가입 시 KB국민은행 입출금 계좌가 필요한 통신사에요. | 리브엠이 안내하는 요금은 특정 조건 및 국민은행 실적에 따라 더 비싸질 수 있어요. 꼭 자사몰의 안내를 확인하고 신청해 주세요.,LTE,15.0,,15.0,False,3Mbps,,,,,within_data,False,100,100,False,100,29700,29700,,,0,0,,,,,,85,https://www.moyoplan.com/plans/19591,2026-08-11T01:43:06.687727+00:00
MVNO,SKT,리브모바일,12574,12574,official_code,LTE 무제한 100GB+,,moyo,True,,가입 시 KB국민은행 입출금 계좌가 필요한 통신사에요. | 리브엠이 안내하는 요금은 특정 조건 및 국민은행 실적에 따라 더 비싸질 수 있어요. 꼭 자사몰의 안내를 확인하고 신청해 주세요.,LTE,100.0,,100.0,False,5Mbps,,30.0,,30.0,quota,True,,300,True,,47300,47300,,,0,0,,,,,,293,https://www.moyoplan.com/plans/12574,2026-08-11T01:43:06.687727+00:00
MVNO,LGU+,리브모바일,35853,35853,official_code,5G 95GB+(초알뜰),,moyo,True,,가입 시 KB국민은행 입출금 계좌가 필요한 통신사에요.,5G,95.0,,95.0,False,3Mbps,,5.0,,5.0,quota,True,,300,True,,49900,49900,,,2,0,,,,,초알뜰 요금제 개통시 KB포인트리 21.9만 | 21.9만 Npay,86,https://www.moyoplan.com/plans/35853,2026-08-11T01:43:06.687727+00:00
MNO,SKT,,21757,21757,official_code,0청년 다이렉트62(넷플릭스),,moyo,True,,이미 SKT 요금제를 쓰고 있다면 이 요금제를 가입할 수 없어요,5G,,,,True,,,,,,undisclosed,True,,,True,,62000,62000,,,2,1,티빙,,,,네이버웹툰 쿠키 30개 (12개월),420,https://www.moyoplan.com/plans/21757,2026-08-11T01:43:06.687727+00:00
MVNO,LGU+,리브모바일,36961,36961,official_code,5G 95GB+(청년미래),,moyo,True,,가입 시 KB국민은행 입출금 계좌가 필요한 통신사에요.,5G,95.0,,95.0,False,3Mbps,,5.0,,5.0,quota,True,,300,True,,40900,40900,,,1,0,,,,,57.6만 KB포인트리,67,https://www.moyoplan.com/plans/36961,2026-08-11T01:43:06.687727+00:00
MNO,SKT,,27317,27317,official_code,0 청년 다이렉트 69(T우주),,moyo,True,,이미 SKT 요금제를 쓰고 있다면 이 요금제를 가입할 수 없어요,5G,,,,True,,,,,,undisclosed,True,,,True,,69000,69000,,,2,1,티빙,,,,네이버웹툰 쿠키 30개 (12개월),220,https://www.moyoplan.com/plans/27317,2026-08-11T01:43:06.687727+00:00
MNO,SKT,,27327,27327,official_code,다이렉트5G 69(디즈니+),,moyo,True,,이미 SKT 요금제를 쓰고 있다면 이 요금제를 가입할 수 없어요,5G,,,,True,,,,,,undisclosed,True,,,True,,69000,69000,,,2,1,티빙,,,,네이버웹툰 쿠키 30개 (12개월),96,https://www.moyoplan.com/plans/27327,2026-08-11T01:43:06.687727+00:00
MVNO,SKT,리브모바일,12567,12567,official_code,LTE 실속 5GB(200분),,moyo,True,,가입 시 KB국민은행 입출금 계좌가 필요한 통신사에요. | 리브엠이 안내하는 요금은 특정 조건 및 국민은행 실적에 따라 더 비싸질 수 있어요. 꼭 자사몰의 안내를 확인하고 신청해 주세요.,LTE,5.0,,5.0,False,,,,,,within_data,False,200,200,False,100,14300,14300,,,0,0,,,,,,11,https://www.moyoplan.com/plans/12567,2026-08-11T01:43:06.687727+00:00
MNO,SKT,,15411,15411,official_code,0 청년 다이렉트 34,,moyo,True,,이미 SKT 요금제를 쓰고 있다면 이 요금제를 가입할 수 없어요,5G,15.0,,15.0,False,400Kbps,,,,,unsupported,True,,300,True,,34000,34000,,,6,1,티빙,,,,네이버웹툰 쿠키 30개 (6개월) | CGV 영화관람권 50% 할인 (월 1장) | 네이버페이 월 2만 원 x 3개월 | 로밍 50% 할인 | 커피 전문점 50% 할인 (월 1잔),255,https://www.moyoplan.com/plans/15411,2026-08-11T01:43:06.687727+00:00
MVNO,SKT,리브모바일,21266,21266,official_code,5G 무제한 15GB+,,moyo,True,,가입 시 KB국민은행 입출금 계좌가 필요한 통신사에요. | 리브엠이 안내하는 요금은 특정 조건 및 국민은행 실적에 따라 더 비싸질 수 있어요. 꼭 자사몰의 안내를 확인하고 신청해 주세요.,5G,15.0,,15.0,False,1Mbps,,,,,within_data,True,,300,True,,39600,39600,,,0,0,,,,,,76,https://www.moyoplan.com/plans/21266,2026-08-11T01:43:06.687727+00:00
MVNO,SKT,리브모바일,12572,12572,official_code,LTE 무제한 7GB+,,moyo,True,,가입 시 KB국민은행 입출금 계좌가 필요한 통신사에요. | 리브엠이 안내하는 요금은 특정 조건 및 국민은행 실적에 따라 더 비싸질 수 있어요. 꼭 자사몰의 안내를 확인하고 신청해 주세요.,LTE,7.0,,7.0,False,1Mbps,,,,,within_data,True,,300,True,,22000,22000,,,0,0,,,,,,171,https://www.moyoplan.com/plans/12572,2026-08-11T01:43:06.687727+00:00
MVNO,SKT,리브모바일,12565,12565,official_code,LTE 실속 2GB(200분),,moyo,True,,가입 시 KB국민은행 입출금 계좌가 필요한 통신사에요. | 리브엠이 안내하는 요금은 특정 조건 및 국민은행 실적에 따라 더 비싸질 수 있어요. 꼭 자사몰의 안내를 확인하고 신청해 주세요.,LTE,2.0,,2.0,False,,,,,,within_data,False,200,200,False,100,11000,11000,,,0,0,,,,,,25,https://www.moyoplan.com/plans/12565,2026-08-11T01:43:06.687727+00:00
MNO,SKT,,27328,27328,official_code,다이렉트5G 76(넷플릭스),,moyo,True,,이미 SKT 요금제를 쓰고 있다면 이 요금제를 가입할 수 없어요,5G,,,,True,,,,,,undisclosed,True,,,True,,76000,76000,,,2,1,티빙,,,,네이버웹툰 쿠키 30개 (12개월),103,https://www.moyoplan.com/plans/27328,2026-08-11T01:43:06.687727+00:00
MNO,SKT,,27318,27318,official_code,다이렉트5G 69(T 우주),,moyo,True,,이미 SKT 요금제를 쓰고 있다면 이 요금제를 가입할 수 없어요,5G,,,,True,,,,,,undisclosed,True,,,True,,69000,69000,,,2,1,티빙,,,,네이버웹툰 쿠키 30개 (12개월),133,https://www.moyoplan.com/plans/27318,2026-08-11T01:43:06.687727+00:00
MVNO,LGU+,리브모바일,36989,36989,official_code,홈쇼핑 스페셜 5G 95GB+,,moyo,True,,가입 시 KB국민은행 입출금 계좌가 필요한 통신사에요.,5G,95.0,,95.0,False,3Mbps,,,,,within_data,True,,300,True,,49900,49900,,,1,0,,,,,24만 신세계상품권,43,https://www.moyoplan.com/plans/36989,2026-08-11T01:43:06.687727+00:00
MNO,SKT,,31867,31867,official_code,다이렉트5G 38,,moyo,True,,이미 SKT 요금제를 쓰고 있다면 이 요금제를 가입할 수 없어요,5G,15.0,,15.0,False,1Mbps,,,,,unsupported,True,,300,True,,38000,38000,,,3,1,티빙,,,,네이버웹툰 쿠키 30개 (6개월) | 네이버페이 월 2만 원 x 3개월,214,https://www.moyoplan.com/plans/31867,2026-08-11T01:43:06.687727+00:00
MVNO,SKT,리브모바일,12577,12577,official_code,5G 무제한 200GB+,,moyo,True,,가입 시 KB국민은행 입출금 계좌가 필요한 통신사에요. | 리브엠이 안내하는 요금은 특정 조건 및 국민은행 실적에 따라 더 비싸질 수 있어요. 꼭 자사몰의 안내를 확인하고 신청해 주세요.,5G,200.0,,200.0,False,5Mbps,,40.0,,40.0,quota,True,,300,True,,53900,53900,,,0,0,,,,,,59,https://www.moyoplan.com/plans/12577,2026-08-11T01:43:06.687727+00:00
MNO,SKT,,14830,14830,official_code,다이렉트5G 55,,moyo,True,,이미 SKT 요금제를 쓰고 있다면 이 요금제를 가입할 수 없어요,5G,250.0,,250.0,False,5Mbps,,,,,unsupported,True,,300,True,,55000,55000,,,4,1,티빙,,스마트기기 이용 요금 50% 할인 (1회선),,네이버웹툰 쿠키 30개 (12개월) | 첫 달 요금 네이버페이로 전액 환급,142,https://www.moyoplan.com/plans/14830,2026-08-11T01:43:06.687727+00:00
MNO,SKT,,27326,27326,official_code,0 청년 다이렉트 69(디즈니+),,moyo,True,,이미 SKT 요금제를 쓰고 있다면 이 요금제를 가입할 수 없어요,5G,,,,True,,,,,,undisclosed,True,,,True,,69000,69000,,,2,1,티빙,,,,네이버웹툰 쿠키 30개 (12개월),173,https://www.moyoplan.com/plans/27326,2026-08-11T01:43:06.687727+00:00
MVNO,SKT,리브모바일,12566,12566,official_code,LTE 실속 3GB(200분),,moyo,True,,가입 시 KB국민은행 입출금 계좌가 필요한 통신사에요. | 리브엠이 안내하는 요금은 특정 조건 및 국민은행 실적에 따라 더 비싸질 수 있어요. 꼭 자사몰의 안내를 확인하고 신청해 주세요.,LTE,3.0,,3.0,False,,,,,,within_data,False,200,200,False,100,12100,12100,,,0,0,,,,,,13,https://www.moyoplan.com/plans/12566,2026-08-11T01:43:06.687727+00:00
MNO,SKT,,14829,14829,official_code,다이렉트5G 62,,moyo,True,,이미 SKT 요금제를 쓰고 있다면 이 요금제를 가입할 수 없어요,5G,,,,True,,,,,,undisclosed,True,,,True,,62000,62000,,,2,1,티빙,,,,네이버웹툰 쿠키 30개 (12개월),895,https://www.moyoplan.com/plans/14829,2026-08-11T01:43:06.687727+00:00
MNO,SKT,,27331,27331,official_code,다이렉트5G 76(유튜브 프리미엄),,moyo,True,,이미 SKT 요금제를 쓰고 있다면 이 요금제를 가입할 수 없어요,5G,,,,True,,,,,,undisclosed,True,,,True,,76000,76000,,,2,1,티빙,,,,네이버웹툰 쿠키 30개 (12개월),644,https://www.moyoplan.com/plans/27331,2026-08-11T01:43:06.687727+00:00
MNO,SKT,,21760,21760,official_code,다이렉트5G 69(넷플릭스),,moyo,True,,이미 SKT 요금제를 쓰고 있다면 이 요금제를 가입할 수 없어요,5G,,,,True,,,,,,undisclosed,True,,,True,,69000,69000,,,2,1,티빙,,,,네이버웹툰 쿠키 30개 (12개월),112,https://www.moyoplan.com/plans/21760,2026-08-11T01:43:06.687727+00:00
MNO,SKT,,15408,15408,official_code,0 청년 다이렉트 55,,moyo,True,,이미 SKT 요금제를 쓰고 있다면 이 요금제를 가입할 수 없어요,5G,300.0,,300.0,False,5Mbps,,60.0,,60.0,quota,True,,300,True,,55000,55000,,,6,1,티빙,,,,네이버웹툰 쿠키 30개 (12개월) | CGV 영화관람권 50% 할인 (월 1장) | 첫 달 요금 네이버페이로 전액 환급 | 로밍 50% 할인 | 커피 전문점 50% 할인 (월 1잔),309,https://www.moyoplan.com/plans/15408,2026-08-11T01:43:06.687727+00:00
MNO,SKT,,21759,21759,official_code,다이렉트5G 62(넷플릭스),,moyo,True,,이미 SKT 요금제를 쓰고 있다면 이 요금제를 가입할 수 없어요,5G,,,,True,,,,,,undisclosed,True,,,True,,62000,62000,,,2,1,티빙,,,,네이버웹툰 쿠키 30개 (12개월),453,https://www.moyoplan.com/plans/21759,2026-08-11T01:43:06.687727+00:00
MNO,SKT,,27329,27329,official_code,다이렉트5G 76(디즈니+),,moyo,True,,이미 SKT 요금제를 쓰고 있다면 이 요금제를 가입할 수 없어요,5G,,,,True,,,,,,undisclosed,True,,,True,,76000,76000,,,2,1,티빙,,,,네이버웹툰 쿠키 30개 (12개월),68,https://www.moyoplan.com/plans/27329,2026-08-11T01:43:06.687727+00:00
MNO,SKT,,15407,15407,official_code,0 청년 다이렉트 62,,moyo,True,,이미 SKT 요금제를 쓰고 있다면 이 요금제를 가입할 수 없어요,5G,,,,True,,,,,,undisclosed,True,,,True,,62000,62000,,,2,1,티빙,,,,네이버웹툰 쿠키 30개 (12개월),422,https://www.moyoplan.com/plans/15407,2026-08-11T01:43:06.687727+00:00
MVNO,SKT,리브모바일,12569,12569,official_code,LTE 실속 3GB+(200분),,moyo,True,,가입 시 KB국민은행 입출금 계좌가 필요한 통신사에요. | 리브엠이 안내하는 요금은 특정 조건 및 국민은행 실적에 따라 더 비싸질 수 있어요. 꼭 자사몰의 안내를 확인하고 신청해 주세요.,LTE,3.0,,3.0,False,1Mbps,,,,,within_data,False,200,200,False,100,15400,15400,,,0,0,,,,,,22,https://www.moyoplan.com/plans/12569,2026-08-11T01:43:06.687727+00:00
MNO,SKT,,15412,15412,official_code,0 청년 다이렉트 30,,moyo,True,,이미 SKT 요금제를 쓰고 있다면 이 요금제를 가입할 수 없어요,5G,8.0,,8.0,False,400Kbps,,,,,unsupported,True,,300,True,,30000,30000,,,3,0,,,,,CGV 영화관람권 50% 할인 (월 1장) | 로밍 50% 할인 | 커피 전문점 50% 할인 (월 1잔),50,https://www.moyoplan.com/plans/15412,2026-08-11T01:43:06.687727+00:00
MNO,SKT,,14832,14832,official_code,다이렉트5G 42,,moyo,True,,이미 SKT 요금제를 쓰고 있다면 이 요금제를 가입할 수 없어요,5G,24.0,,24.0,False,1Mbps,,,,,unsupported,True,,300,True,,42000,42000,,,3,1,티빙,,,,네이버웹툰 쿠키 30개 (6개월) | 네이버페이 월 2만 원 x 3개월,83,https://www.moyoplan.com/plans/14832,2026-08-11T01:43:06.687727+00:00
MNO,SKT,,21758,21758,official_code,0청년 다이렉트69(넷플릭스),,moyo,True,,이미 SKT 요금제를 쓰고 있다면 이 요금제를 가입할 수 없어요,5G,,,,True,,,,,,undisclosed,True,,,True,,69000,69000,,,2,1,티빙,,,,네이버웹툰 쿠키 30개 (12개월),357,https://www.moyoplan.com/plans/21758,2026-08-11T01:43:06.687727+00:00
MVNO,SKT,리브모바일,12578,12578,official_code,5G 무제한 250GB+,,moyo,True,,가입 시 KB국민은행 입출금 계좌가 필요한 통신사에요. | 리브엠이 안내하는 요금은 특정 조건 및 국민은행 실적에 따라 더 비싸질 수 있어요. 꼭 자사몰의 안내를 확인하고 신청해 주세요.,5G,250.0,,250.0,False,5Mbps,,54.0,,54.0,quota,True,,300,True,,56100,56100,,,0,0,,,,,,123,https://www.moyoplan.com/plans/12578,2026-08-11T01:43:06.687727+00:00
MVNO,SKT,리브모바일,17626,17626,official_code,5G 무제한 24GB+,,moyo,True,,가입 시 KB국민은행 입출금 계좌가 필요한 통신사에요. | 리브엠이 안내하는 요금은 특정 조건 및 국민은행 실적에 따라 더 비싸질 수 있어요. 꼭 자사몰의 안내를 확인하고 신청해 주세요.,5G,24.0,,24.0,False,1Mbps,,,,,within_data,True,,300,True,,43400,43400,,,0,0,,,,,,13,https://www.moyoplan.com/plans/17626,2026-08-11T01:43:06.687727+00:00
MNO,SKT,,31866,31866,official_code,다이렉트5G 34,,moyo,True,,이미 SKT 요금제를 쓰고 있다면 이 요금제를 가입할 수 없어요,5G,11.0,,11.0,False,400Kbps,,,,,unsupported,True,,300,True,,34000,34000,,,3,1,티빙,,,,네이버웹툰 쿠키 30개 (6개월) | 네이버페이 월 2만 원 x 3개월,40,https://www.moyoplan.com/plans/31866,2026-08-11T01:43:06.687727+00:00
MVNO,SKT,리브모바일,17627,17627,official_code,5G 무제한 54GB+,,moyo,True,,가입 시 KB국민은행 입출금 계좌가 필요한 통신사에요. | 리브엠이 안내하는 요금은 특정 조건 및 국민은행 실적에 따라 더 비싸질 수 있어요. 꼭 자사몰의 안내를 확인하고 신청해 주세요.,5G,54.0,,54.0,False,1Mbps,,24.0,,24.0,quota,True,,300,True,,46400,46400,,,0,0,,,,,,20,https://www.moyoplan.com/plans/17627,2026-08-11T01:43:06.687727+00:00
MNO,SKT,,27330,27330,official_code,다이렉트5G 76(스마트 기기),,moyo,True,,이미 SKT 요금제를 쓰고 있다면 이 요금제를 가입할 수 없어요,5G,,,,True,,,,,,undisclosed,True,,,True,,76000,76000,,,2,1,티빙,,,,네이버웹툰 쿠키 30개 (12개월),143,https://www.moyoplan.com/plans/27330,2026-08-11T01:43:06.687727+00:00
MNO,SKT,,20278,20278,official_code,다이렉트5G 27,,moyo,True,,이미 SKT 요금제를 쓰고 있다면 이 요금제를 가입할 수 없어요,5G,6.0,,6.0,False,400Kbps,,,,,unsupported,True,,300,True,,27000,27000,,,0,0,,,,,,95,https://www.moyoplan.com/plans/20278,2026-08-11T01:43:06.687727+00:00
MNO,SKT,,27321,27321,official_code,다이렉트5G 76(T 우주),,moyo,True,,이미 SKT 요금제를 쓰고 있다면 이 요금제를 가입할 수 없어요,5G,,,,True,,,,,,undisclosed,True,,,True,,76000,76000,,,2,1,티빙,,,,네이버웹툰 쿠키 30개 (12개월),155,https://www.moyoplan.com/plans/27321,2026-08-11T01:43:06.687727+00:00
MNO,SKT,,14839,14839,official_code,다이렉트LTE 22,,moyo,True,,이미 SKT 요금제를 쓰고 있다면 이 요금제를 가입할 수 없어요,LTE,1.8,,1.8,False,,,,,,unsupported,True,,100,True,,22000,22000,,,0,0,,,,,,95,https://www.moyoplan.com/plans/14839,2026-08-11T01:43:06.687727+00:00
MNO,SKT,,15410,15410,official_code,0 청년 다이렉트 42,,moyo,True,,이미 SKT 요금제를 쓰고 있다면 이 요금제를 가입할 수 없어요,5G,36.0,,36.0,False,1Mbps,,,,,unsupported,True,,300,True,,42000,42000,,,6,1,티빙,,,,네이버웹툰 쿠키 30개 (6개월) | CGV 영화관람권 50% 할인 (월 1장) | 네이버페이 월 2만 원 x 3개월 | 로밍 50% 할인 | 커피 전문점 50% 할인 (월 1잔),123,https://www.moyoplan.com/plans/15410,2026-08-11T01:43:06.687727+00:00
MNO,SKT,,20279,20279,official_code,다이렉트5G 31,,moyo,True,,이미 SKT 요금제를 쓰고 있다면 이 요금제를 가입할 수 없어요,5G,8.0,,8.0,False,400Kbps,,,,,unsupported,True,,300,True,,31000,31000,,,0,0,,,,,,39,https://www.moyoplan.com/plans/20279,2026-08-11T01:43:06.687727+00:00
MVNO,LGU+,티플러스,37434,37434,official_code,티플 외국인 7GB＋3Mbps,,moyo,True,,,LTE,7.0,,7.0,False,3Mbps,,,,,unsupported,False,500,,False,500,29700,9900,모요 프로모션 할인,7,0,0,,,,,,10,https://www.moyoplan.com/plans/37434,2026-08-11T01:43:06.687727+00:00
MVNO,SKT,이야기모바일,12281,12281,official_code,내맘대로S(200+1GB),,moyo,True,,,LTE,1.0,,1.0,False,,,,,,unsupported,False,200,,False,200,3600,2600,모요 프로모션 할인,24,0,0,,,,,,10,https://www.moyoplan.com/plans/12281,2026-08-11T01:43:06.687727+00:00
MVNO,KT,프리티,34336,34336,official_code,더든든한500분20G,,moyo,True,,모요와 제휴되지 않은 통신사입니다. 요금제 가입 과정에 문제가 생겨도 모요에서 도와드릴 수 없어요.,LTE,20.0,,20.0,False,,,,,,unsupported,False,500,,False,100,4400,4400,,,0,0,,,,,,2103,https://www.moyoplan.com/plans/34336,2026-08-11T01:43:06.687727+00:00
MVNO,LGU+,프리티,33543,33543,official_code,5G 든든한200분7G,,moyo,True,,모요와 제휴되지 않은 통신사입니다. 요금제 가입 과정에 문제가 생겨도 모요에서 도와드릴 수 없어요.,5G,7.0,,7.0,False,,,,,,unsupported,False,200,,False,150,15400,110,모요 프로모션 할인,12,0,0,,,,,,473,https://www.moyoplan.com/plans/33543,2026-08-11T01:43:06.687727+00:00
MVNO,KT,프리티,33146,33146,official_code,더든든한200분20G,,moyo,True,,모요와 제휴되지 않은 통신사입니다. 요금제 가입 과정에 문제가 생겨도 모요에서 도와드릴 수 없어요.,LTE,20.0,,20.0,False,,,,,,unsupported,False,200,,False,100,22000,10,모요 프로모션 할인,7,0,0,,,,,,248,https://www.moyoplan.com/plans/33146,2026-08-11T01:43:06.687727+00:00
MVNO,KT,프리티,36331,36331,official_code,(5G)더든든한200분15G,,moyo,True,,모요와 제휴되지 않은 통신사입니다. 요금제 가입 과정에 문제가 생겨도 모요에서 도와드릴 수 없어요.,5G,15.0,,15.0,False,,,,,,unsupported,False,200,,False,100,3300,3300,,,0,0,,,,,,412,https://www.moyoplan.com/plans/36331,2026-08-11T01:43:06.687727+00:00
MVNO,KT,프리티,23271,23271,official_code,5G 든든한200분10G,,moyo,True,,모요와 제휴되지 않은 통신사입니다. 요금제 가입 과정에 문제가 생겨도 모요에서 도와드릴 수 없어요.,5G,10.0,,10.0,False,,,,,,unsupported,False,200,,False,200,2750,2750,,,0,0,,,,,,424,https://www.moyoplan.com/plans/23271,2026-08-11T01:43:06.687727+00:00
MVNO,KT,프리티,36332,36332,official_code,(5G)더든든한200분20G,,moyo,True,,모요와 제휴되지 않은 통신사입니다. 요금제 가입 과정에 문제가 생겨도 모요에서 도와드릴 수 없어요.,5G,20.0,,20.0,False,,,,,,unsupported,False,200,,False,100,5500,5500,,,0,0,,,,,,743,https://www.moyoplan.com/plans/36332,2026-08-11T01:43:06.687727+00:00
MVNO,KT,프리티,34676,34676,official_code,더든든한200분30G,,moyo,True,,모요와 제휴되지 않은 통신사입니다. 요금제 가입 과정에 문제가 생겨도 모요에서 도와드릴 수 없어요.,LTE,30.0,,30.0,False,,,,,,unsupported,False,200,,False,100,11000,11000,,,0,0,,,,,,249,https://www.moyoplan.com/plans/34676,2026-08-11T01:43:06.687727+00:00
MVNO,SKT,프리티,34887,34887,official_code,더든든한500분15G,,moyo,True,,모요와 제휴되지 않은 통신사입니다. 요금제 가입 과정에 문제가 생겨도 모요에서 도와드릴 수 없어요.,LTE,15.0,,15.0,False,,,,,,unsupported,False,500,,False,100,6060,6060,,,0,0,,,,,,1235,https://www.moyoplan.com/plans/34887,2026-08-11T01:43:06.687727+00:00
MVNO,SKT,프리티,34888,34888,official_code,음성기본데이터10G,,moyo,True,,모요와 제휴되지 않은 통신사입니다. 요금제 가입 과정에 문제가 생겨도 모요에서 도와드릴 수 없어요.,LTE,10.0,,10.0,False,,,,,,unsupported,False,0,,False,0,22000,10,모요 프로모션 할인,7,0,0,,,,,,3062,https://www.moyoplan.com/plans/34888,2026-08-11T01:43:06.687727+00:00
MVNO,LGU+,프리티,33920,33920,official_code,든든한 350분5G,,moyo,True,,모요와 제휴되지 않은 통신사입니다. 요금제 가입 과정에 문제가 생겨도 모요에서 도와드릴 수 없어요.,LTE,5.0,,5.0,False,,,,,,unsupported,False,350,,False,100,1650,1650,,,0,0,,,,,,174,https://www.moyoplan.com/plans/33920,2026-08-11T01:43:06.687727+00:00
MVNO,SKT,프리티,34889,34889,official_code,든든한350분5G,,moyo,True,,모요와 제휴되지 않은 통신사입니다. 요금제 가입 과정에 문제가 생겨도 모요에서 도와드릴 수 없어요.,LTE,5.0,,5.0,False,,,,,,unsupported,False,350,,False,100,7700,10,모요 프로모션 할인,7,0,0,,,,,,1709,https://www.moyoplan.com/plans/34889,2026-08-11T01:43:06.687727+00:00
MVNO,SKT,프리티,34245,34245,official_code,든든한 200분6G,,moyo,True,,모요와 제휴되지 않은 통신사입니다. 요금제 가입 과정에 문제가 생겨도 모요에서 도와드릴 수 없어요.,LTE,6.0,,6.0,False,,,,,,unsupported,False,200,,False,100,1980,1980,,,0,0,,,,,,4826,https://www.moyoplan.com/plans/34245,2026-08-11T01:43:06.687727+00:00
MVNO,KT,프리티,15945,15945,official_code,더든든한200분15G,,moyo,True,,모요와 제휴되지 않은 통신사입니다. 요금제 가입 과정에 문제가 생겨도 모요에서 도와드릴 수 없어요.,LTE,15.0,,15.0,False,,,,,,unsupported,False,200,,False,100,19800,10,모요 프로모션 할인,10,0,0,,,,,,2266,https://www.moyoplan.com/plans/15945,2026-08-11T01:43:06.687727+00:00
MVNO,SKT,프리티,34890,34890,official_code,더든든한500분20G,,moyo,True,,모요와 제휴되지 않은 통신사입니다. 요금제 가입 과정에 문제가 생겨도 모요에서 도와드릴 수 없어요.,LTE,20.0,,20.0,False,,,,,,unsupported,False,500,,False,100,8800,8800,,,0,0,,,,,,2103,https://www.moyoplan.com/plans/34890,2026-08-11T01:43:06.687727+00:00
MVNO,KT,프리티,19692,19692,official_code,5G 든든한200분5G,,moyo,True,,모요와 제휴되지 않은 통신사입니다. 요금제 가입 과정에 문제가 생겨도 모요에서 도와드릴 수 없어요.,5G,5.0,,5.0,False,,,,,,unsupported,False,200,,False,100,1650,1650,,,0,0,,,,,,376,https://www.moyoplan.com/plans/19692,2026-08-11T01:43:06.687727+00:00
MVNO,LGU+,프리티,33925,33925,official_code,더든든한500분20G,,moyo,True,,모요와 제휴되지 않은 통신사입니다. 요금제 가입 과정에 문제가 생겨도 모요에서 도와드릴 수 없어요.,LTE,20.0,,20.0,False,,,,,,unsupported,False,500,,False,100,9570,9570,,,0,0,,,,,,2103,https://www.moyoplan.com/plans/33925,2026-08-11T01:43:06.687727+00:00
MVNO,LGU+,프리티,34831,34831,official_code,데이터안심100분10G+1M,,moyo,True,,모요와 제휴되지 않은 통신사입니다. 요금제 가입 과정에 문제가 생겨도 모요에서 도와드릴 수 없어요.,LTE,10.0,,10.0,False,1Mbps,,,,,unsupported,False,100,,False,100,22000,110,모요 프로모션 할인,7,0,0,,,,,,365,https://www.moyoplan.com/plans/34831,2026-08-11T01:43:06.687727+00:00
MVNO,SKT,프리티,34886,34886,official_code,더든든한200분15G,,moyo,True,,모요와 제휴되지 않은 통신사입니다. 요금제 가입 과정에 문제가 생겨도 모요에서 도와드릴 수 없어요.,LTE,15.0,,15.0,False,,,,,,unsupported,False,200,,False,100,17900,1400,모요 프로모션 할인,7,0,0,,,,,,2266,https://www.moyoplan.com/plans/34886,2026-08-11T01:43:06.687727+00:00
MVNO,LGU+,토스모바일,37154,37154,official_code,페이스페이 71GB+,,moyo,True,,모요와 제휴되지 않은 통신사입니다. 요금제 가입 과정에 문제가 생겨도 모요에서 도와드릴 수 없어요. | 신규 가입을 받지 않는 통신사입니다. 사용 중인 번호 그대로 통신사만 이동할 분들만 가입이 가능해요.,LTE,11.0,,11.0,False,3Mbps,2.0,,,,undisclosed,True,,,True,,38800,9900,모요 프로모션 할인,7,0,0,,,,,,33,https://www.moyoplan.com/plans/37154,2026-08-11T01:43:06.687727+00:00
MVNO,SKT,프리티,34891,34891,official_code,더든든한500분30G,,moyo,True,,모요와 제휴되지 않은 통신사입니다. 요금제 가입 과정에 문제가 생겨도 모요에서 도와드릴 수 없어요.,LTE,30.0,,30.0,False,,,,,,unsupported,False,500,,False,100,12100,12100,,,0,0,,,,,,643,https://www.moyoplan.com/plans/34891,2026-08-11T01:43:06.687727+00:00
MVNO,SKT,프리티,33867,33867,official_code,하나은행 11G+,,moyo,True,,모요와 제휴되지 않은 통신사입니다. 요금제 가입 과정에 문제가 생겨도 모요에서 도와드릴 수 없어요.,LTE,11.0,,11.0,False,3Mbps,2.0,,,,unsupported,False,0,,False,0,38940,18040,모요 프로모션 할인,12,0,0,,,,,,418,https://www.moyoplan.com/plans/33867,2026-08-11T01:43:06.687727+00:00
MVNO,SKT,프리티,33837,33837,official_code,(5G)하나은행 500분20G,,moyo,True,,모요와 제휴되지 않은 통신사입니다. 요금제 가입 과정에 문제가 생겨도 모요에서 도와드릴 수 없어요.,5G,20.0,,20.0,False,,,,,,unsupported,False,500,,False,100,11110,8030,모요 프로모션 할인,12,0,0,,,,,,304,https://www.moyoplan.com/plans/33837,2026-08-11T01:43:06.687727+00:00
MVNO,LGU+,프리티,35514,35514,official_code,더든든한안심15G+1M,,moyo,True,,모요와 제휴되지 않은 통신사입니다. 요금제 가입 과정에 문제가 생겨도 모요에서 도와드릴 수 없어요.,5G,15.0,,15.0,False,1Mbps,,,,,unsupported,False,300,,False,300,25300,1100,모요 프로모션 할인,7,0,0,,,,,,358,https://www.moyoplan.com/plans/35514,2026-08-11T01:43:06.687727+00:00
MVNO,LGU+,프리티,27291,27291,official_code,(5G)더든든한500분15G,,moyo,True,,모요와 제휴되지 않은 통신사입니다. 요금제 가입 과정에 문제가 생겨도 모요에서 도와드릴 수 없어요.,5G,15.0,,15.0,False,,,,,,unsupported,False,500,,False,100,7490,7490,,,0,0,,,,,,393,https://www.moyoplan.com/plans/27291,2026-08-11T01:43:06.687727+00:00
MVNO,SKT,프리티,34884,34884,official_code,음성기본데이터7G,,moyo,True,,모요와 제휴되지 않은 통신사입니다. 요금제 가입 과정에 문제가 생겨도 모요에서 도와드릴 수 없어요.,LTE,7.0,,7.0,False,,,,,,unsupported,False,0,,False,200,3300,3300,,,0,0,,,,,,1372,https://www.moyoplan.com/plans/34884,2026-08-11T01:43:06.687727+00:00
MVNO,SKT,프리티,34247,34247,official_code,든든한200분10G,,moyo,True,,모요와 제휴되지 않은 통신사입니다. 요금제 가입 과정에 문제가 생겨도 모요에서 도와드릴 수 없어요.,LTE,10.0,,10.0,False,,,,,,unsupported,False,200,,False,100,3850,3850,,,0,0,,,,,,156,https://www.moyoplan.com/plans/34247,2026-08-11T01:43:06.687727+00:00
MVNO,SKT,SK7모바일,29878,29878,official_code,LTE 유심 (1GB/50분),,moyo,True,,모요와 제휴되지 않은 통신사입니다. 요금제 가입 과정에 문제가 생겨도 모요에서 도와드릴 수 없어요.,LTE,1.0,,1.0,False,,,,,,unsupported,False,50,,False,50,4400,3300,모요 프로모션 할인,12,0,0,,,,,,90,https://www.moyoplan.com/plans/29878,2026-08-11T01:43:06.687727+00:00
MVNO,LGU+,프리티,33542,33542,official_code,5G 든든한200분5G,,moyo,True,,모요와 제휴되지 않은 통신사입니다. 요금제 가입 과정에 문제가 생겨도 모요에서 도와드릴 수 없어요.,5G,5.0,,5.0,False,,,,,,unsupported,False,200,,False,100,14300,110,모요 프로모션 할인,12,0,0,,,,,,376,https://www.moyoplan.com/plans/33542,2026-08-11T01:43:06.687727+00:00
MVNO,SKT,프리티,36204,36204,official_code,프리티 해외여행 11G+,,moyo,True,,모요와 제휴되지 않은 통신사입니다. 요금제 가입 과정에 문제가 생겨도 모요에서 도와드릴 수 없어요.,LTE,11.0,,11.0,False,3Mbps,2.0,,,,unsupported,False,0,,False,0,42790,22990,모요 프로모션 할인,12,0,0,,,,,,53,https://www.moyoplan.com/plans/36204,2026-08-11T01:43:06.687727+00:00
MVNO,LGU+,프리티,16039,16039,official_code,이마트24_Short+,,moyo,True,,모요와 제휴되지 않은 통신사입니다. 요금제 가입 과정에 문제가 생겨도 모요에서 도와드릴 수 없어요.,LTE,1.0,,1.0,False,,,,,,undisclosed,False,50,,False,50,3300,3300,,,0,0,,,,,,48,https://www.moyoplan.com/plans/16039,2026-08-11T01:43:06.687727+00:00
MVNO,LGU+,토스모바일,37153,37153,official_code,페이스페이 100GB+,,moyo,True,,모요와 제휴되지 않은 통신사입니다. 요금제 가입 과정에 문제가 생겨도 모요에서 도와드릴 수 없어요. | 신규 가입을 받지 않는 통신사입니다. 사용 중인 번호 그대로 통신사만 이동할 분들만 가입이 가능해요.,LTE,100.0,,100.0,False,5Mbps,,,,,undisclosed,True,,,True,,43800,16000,모요 프로모션 할인,7,0,0,,,,,,31,https://www.moyoplan.com/plans/37153,2026-08-11T01:43:06.687727+00:00
MVNO,KT,프리티,31431,31431,official_code,다이소 100G+,,moyo,True,,모요와 제휴되지 않은 통신사입니다. 요금제 가입 과정에 문제가 생겨도 모요에서 도와드릴 수 없어요.,LTE,100.0,,100.0,False,5Mbps,,,,,unsupported,False,0,,False,0,55000,14300,모요 프로모션 할인,7,0,0,,,,,,42,https://www.moyoplan.com/plans/31431,2026-08-11T01:43:06.687727+00:00
MVNO,SKT,프리티,34674,34674,official_code,하나은행 100G+,,moyo,True,,모요와 제휴되지 않은 통신사입니다. 요금제 가입 과정에 문제가 생겨도 모요에서 도와드릴 수 없어요.,LTE,100.0,,100.0,False,5Mbps,,,,,unsupported,False,0,,False,0,46640,23100,모요 프로모션 할인,12,0,0,,,,,,341,https://www.moyoplan.com/plans/34674,2026-08-11T01:43:06.687727+00:00
MVNO,SKT,프리티,33845,33845,official_code,(5G)하나은행 200분30G,,moyo,True,,모요와 제휴되지 않은 통신사입니다. 요금제 가입 과정에 문제가 생겨도 모요에서 도와드릴 수 없어요.,5G,30.0,,30.0,False,,,,,,unsupported,False,200,,False,100,16280,13200,모요 프로모션 할인,12,0,0,,,,,,343,https://www.moyoplan.com/plans/33845,2026-08-11T01:43:06.687727+00:00
MVNO,SKT,프리티,34885,34885,official_code,든든한 500분10G,,moyo,True,,모요와 제휴되지 않은 통신사입니다. 요금제 가입 과정에 문제가 생겨도 모요에서 도와드릴 수 없어요.,LTE,10.0,,10.0,False,,,,,,unsupported,False,500,,False,200,4400,4400,,,0,0,,,,,,159,https://www.moyoplan.com/plans/34885,2026-08-11T01:43:06.687727+00:00
MVNO,SKT,프리티,34883,34883,official_code,음성기본데이터5G,,moyo,True,,모요와 제휴되지 않은 통신사입니다. 요금제 가입 과정에 문제가 생겨도 모요에서 도와드릴 수 없어요.,LTE,5.0,,5.0,False,,,,,,unsupported,False,0,,False,150,2750,2750,,,0,0,,,,,,802,https://www.moyoplan.com/plans/34883,2026-08-11T01:43:06.687727+00:00
MVNO,SKT,SK7모바일,29880,29880,official_code,LTE 유심 (500MB/60분),,moyo,True,,모요와 제휴되지 않은 통신사입니다. 요금제 가입 과정에 문제가 생겨도 모요에서 도와드릴 수 없어요.,LTE,0.488,,0.488,False,,,,,,unsupported,False,60,,False,50,3300,1900,모요 프로모션 할인,12,0,0,,,,,,295,https://www.moyoplan.com/plans/29880,2026-08-11T01:43:06.687727+00:00
MVNO,LGU+,프리티,15928,15928,official_code,(5G)더빠른125G+,,moyo,True,,모요와 제휴되지 않은 통신사입니다. 요금제 가입 과정에 문제가 생겨도 모요에서 도와드릴 수 없어요.,5G,125.0,,125.0,False,5Mbps,,,,,unsupported,False,0,,False,0,53900,28710,모요 프로모션 할인,24,0,0,,,,,,170,https://www.moyoplan.com/plans/15928,2026-08-11T01:43:06.687727+00:00
MVNO,SKT,프리티,33849,33849,official_code,하나은행 100분15G+,,moyo,True,,모요와 제휴되지 않은 통신사입니다. 요금제 가입 과정에 문제가 생겨도 모요에서 도와드릴 수 없어요.,LTE,15.0,,15.0,False,3Mbps,,,,,unsupported,False,100,,False,100,30800,12100,모요 프로모션 할인,12,0,0,,,,,,594,https://www.moyoplan.com/plans/33849,2026-08-11T01:43:06.687727+00:00
MVNO,SKT,프리티,35517,35517,official_code,프리티데이터팡팡,,moyo,True,,모요와 제휴되지 않은 통신사입니다. 요금제 가입 과정에 문제가 생겨도 모요에서 도와드릴 수 없어요.,LTE,100.0,,100.0,False,5Mbps,,,,,unsupported,False,0,,False,0,53000,15050,모요 프로모션 할인,7,0,0,,,,,,75,https://www.moyoplan.com/plans/35517,2026-08-11T01:43:06.687727+00:00
MVNO,KT,프리티,34677,34677,official_code,CGV 1+1 100G+,,moyo,True,,모요와 제휴되지 않은 통신사입니다. 요금제 가입 과정에 문제가 생겨도 모요에서 도와드릴 수 없어요.,LTE,100.0,,100.0,False,5Mbps,,,,,unsupported,False,0,,False,0,59840,14300,모요 프로모션 할인,7,0,0,,,,,,31,https://www.moyoplan.com/plans/34677,2026-08-11T01:43:06.687727+00:00
MVNO,KT,프리티,35916,35916,official_code,쿠팡캐시 100G+,,moyo,True,,모요와 제휴되지 않은 통신사입니다. 요금제 가입 과정에 문제가 생겨도 모요에서 도와드릴 수 없어요.,LTE,100.0,,100.0,False,5Mbps,,,,,unsupported,False,0,,False,0,55000,14300,모요 프로모션 할인,7,0,0,,,,,,42,https://www.moyoplan.com/plans/35916,2026-08-11T01:43:06.687727+00:00
MVNO,SKT,프리티,33854,33854,official_code,프리티데이터안심15G+,,moyo,True,,모요와 제휴되지 않은 통신사입니다. 요금제 가입 과정에 문제가 생겨도 모요에서 도와드릴 수 없어요.,LTE,15.0,,15.0,False,3Mbps,,,,,unsupported,False,100,,False,100,33000,10670,모요 프로모션 할인,7,0,0,,,,,,25,https://www.moyoplan.com/plans/33854,2026-08-11T01:43:06.687727+00:00
MVNO,LGU+,프리티,35206,35206,official_code,데이터안심4.5G+1Mbps,,moyo,True,,모요와 제휴되지 않은 통신사입니다. 요금제 가입 과정에 문제가 생겨도 모요에서 도와드릴 수 없어요.,5G,4.5,,4.5,False,1Mbps,,,,,unsupported,False,0,,False,0,20900,110,모요 프로모션 할인,7,0,0,,,,,,406,https://www.moyoplan.com/plans/35206,2026-08-11T01:43:06.687727+00:00
MVNO,SKT,프리티,36203,36203,official_code,프리티 해외여행 15G+,,moyo,True,,모요와 제휴되지 않은 통신사입니다. 요금제 가입 과정에 문제가 생겨도 모요에서 도와드릴 수 없어요.,LTE,15.0,,15.0,False,3Mbps,,,,,unsupported,False,100,,False,100,33000,17600,모요 프로모션 할인,12,0,0,,,,,,40,https://www.moyoplan.com/plans/36203,2026-08-11T01:43:06.687727+00:00
MVNO,LGU+,프리티,34256,34256,official_code,유심프리티데이터중심11G+,,moyo,True,,모요와 제휴되지 않은 통신사입니다. 요금제 가입 과정에 문제가 생겨도 모요에서 도와드릴 수 없어요.,LTE,11.0,,11.0,False,3Mbps,2.0,,,,unsupported,False,0,,False,0,42790,9900,모요 프로모션 할인,7,0,0,,,,,,237,https://www.moyoplan.com/plans/34256,2026-08-11T01:43:06.687727+00:00
MVNO,SKT,프리티,33858,33858,official_code,CGV 1+1쿠폰 11G+,,moyo,True,,모요와 제휴되지 않은 통신사입니다. 요금제 가입 과정에 문제가 생겨도 모요에서 도와드릴 수 없어요.,LTE,11.0,,11.0,False,3Mbps,2.0,,,,unsupported,False,0,,False,0,49830,13090,모요 프로모션 할인,7,0,0,,,,,,36,https://www.moyoplan.com/plans/33858,2026-08-11T01:43:06.687727+00:00
MVNO,LGU+,프리티,37145,37145,official_code,프리티데이터 15G+,,moyo,True,,모요와 제휴되지 않은 통신사입니다. 요금제 가입 과정에 문제가 생겨도 모요에서 도와드릴 수 없어요.,LTE,15.0,,15.0,False,3Mbps,,,,,unsupported,False,100,,False,100,33000,20790,모요 프로모션 할인,24,0,0,,,,,,10,https://www.moyoplan.com/plans/37145,2026-08-11T01:43:06.687727+00:00
MVNO,SKT,프리티,33843,33843,official_code,(5G)더든든한500분15G,,moyo,True,,모요와 제휴되지 않은 통신사입니다. 요금제 가입 과정에 문제가 생겨도 모요에서 도와드릴 수 없어요.,5G,15.0,,15.0,False,,,,,,unsupported,False,500,,False,100,14200,9800,모요 프로모션 할인,7,0,0,,,,,,393,https://www.moyoplan.com/plans/33843,2026-08-11T01:43:06.687727+00:00
MVNO,SKT,SK7모바일,29819,29819,official_code,LTE 유심 (15GB/300분),,moyo,True,,모요와 제휴되지 않은 통신사입니다. 요금제 가입 과정에 문제가 생겨도 모요에서 도와드릴 수 없어요.,LTE,15.0,,15.0,False,,,,,,unsupported,False,300,,False,100,13530,13530,,,0,0,,,,,,45,https://www.moyoplan.com/plans/29819,2026-08-11T01:43:06.687727+00:00
MVNO,SKT,프리티,33870,33870,official_code,CGV 1+1쿠폰 100G+,,moyo,True,,모요와 제휴되지 않은 통신사입니다. 요금제 가입 과정에 문제가 생겨도 모요에서 도와드릴 수 없어요.,LTE,100.0,,100.0,False,5Mbps,,,,,unsupported,False,0,,False,0,59950,16170,모요 프로모션 할인,7,0,0,,,,,,49,https://www.moyoplan.com/plans/33870,2026-08-11T01:43:06.687727+00:00
MVNO,SKT,프리티,33840,33840,official_code,하나은행 7G+1M,,moyo,True,,모요와 제휴되지 않은 통신사입니다. 요금제 가입 과정에 문제가 생겨도 모요에서 도와드릴 수 없어요.,LTE,7.0,,7.0,False,1Mbps,,,,,unsupported,False,0,,False,0,23100,7260,모요 프로모션 할인,12,0,0,,,,,,183,https://www.moyoplan.com/plans/33840,2026-08-11T01:43:06.687727+00:00
MVNO,SKT,SK7모바일,29825,29825,official_code,LTE 유심 (15GB/100분),,moyo,True,,모요와 제휴되지 않은 통신사입니다. 요금제 가입 과정에 문제가 생겨도 모요에서 도와드릴 수 없어요.,LTE,15.0,,15.0,False,,,,,,unsupported,False,100,,False,100,12900,12900,,,0,0,,,,,,51,https://www.moyoplan.com/plans/29825,2026-08-11T01:43:06.687727+00:00
MVNO,LGU+,프리티,36298,36298,official_code,프리티 편의점금액권 5000 15G+,,moyo,True,,모요와 제휴되지 않은 통신사입니다. 요금제 가입 과정에 문제가 생겨도 모요에서 도와드릴 수 없어요.,LTE,15.0,,15.0,False,3Mbps,,,,,unsupported,False,100,,False,100,37400,21340,모요 프로모션 할인,24,0,0,,,,,,10,https://www.moyoplan.com/plans/36298,2026-08-11T01:43:06.687727+00:00
MVNO,LGU+,프리티,33539,33539,official_code,든든한500분10G,,moyo,True,,모요와 제휴되지 않은 통신사입니다. 요금제 가입 과정에 문제가 생겨도 모요에서 도와드릴 수 없어요.,LTE,10.0,,10.0,False,,,,,,unsupported,False,500,,False,200,22000,110,모요 프로모션 할인,7,0,0,,,,,,116,https://www.moyoplan.com/plans/33539,2026-08-11T01:43:06.687727+00:00
MVNO,LGU+,토스모바일,37155,37155,official_code,페이스페이 100분/15GB+,,moyo,True,,모요와 제휴되지 않은 통신사입니다. 요금제 가입 과정에 문제가 생겨도 모요에서 도와드릴 수 없어요. | 신규 가입을 받지 않는 통신사입니다. 사용 중인 번호 그대로 통신사만 이동할 분들만 가입이 가능해요.,LTE,15.0,,15.0,False,3Mbps,,,,,undisclosed,False,100,,False,100,30800,13000,모요 프로모션 할인,7,0,0,,,,,,10,https://www.moyoplan.com/plans/37155,2026-08-11T01:43:06.687727+00:00
MVNO,SKT,SK7모바일,29879,29879,official_code,LTE 유심 (500MB/100분),,moyo,True,,모요와 제휴되지 않은 통신사입니다. 요금제 가입 과정에 문제가 생겨도 모요에서 도와드릴 수 없어요.,LTE,0.488,,0.488,False,,,,,,unsupported,False,100,,False,100,2900,2900,,,0,0,,,,,,116,https://www.moyoplan.com/plans/29879,2026-08-11T01:43:06.687727+00:00
MVNO,SKT,SK7모바일,37102,37102,official_code,5G 유심 (30GB/통화맘껏),,moyo,True,,모요와 제휴되지 않은 통신사입니다. 요금제 가입 과정에 문제가 생겨도 모요에서 도와드릴 수 없어요.,5G,30.0,,30.0,False,,,,,,unsupported,True,,,False,100,22000,22000,,,0,0,,,,,,130,https://www.moyoplan.com/plans/37102,2026-08-11T01:43:06.687727+00:00
MVNO,SKT,프리티,36205,36205,official_code,프리티 해외여행 100G+,,moyo,True,,모요와 제휴되지 않은 통신사입니다. 요금제 가입 과정에 문제가 생겨도 모요에서 도와드릴 수 없어요.,LTE,100.0,,100.0,False,5Mbps,,,,,unsupported,False,0,,False,0,53020,27940,모요 프로모션 할인,12,0,0,,,,,,74,https://www.moyoplan.com/plans/36205,2026-08-11T01:43:06.687727+00:00
MVNO,LGU+,프리티,30443,30443,official_code,프리티데이터중심11G,,moyo,True,,모요와 제휴되지 않은 통신사입니다. 요금제 가입 과정에 문제가 생겨도 모요에서 도와드릴 수 없어요.,LTE,11.0,,11.0,False,3Mbps,2.0,,,,unsupported,False,0,,False,0,39490,27390,모요 프로모션 할인,24,0,0,,,,,,28,https://www.moyoplan.com/plans/30443,2026-08-11T01:43:06.687727+00:00
MVNO,SKT,프리티,33831,33831,official_code,NH더드림 알뜰 2.2,,moyo,True,,모요와 제휴되지 않은 통신사입니다. 요금제 가입 과정에 문제가 생겨도 모요에서 도와드릴 수 없어요.,LTE,2.2,,2.2,False,,,,,,unsupported,False,330,,False,110,5100,2900,모요 프로모션 할인,24,0,0,,,,,,56,https://www.moyoplan.com/plans/33831,2026-08-11T01:43:06.687727+00:00
MVNO,SKT,프리티,33853,33853,official_code,CGV 1+1쿠폰 15G+,,moyo,True,,모요와 제휴되지 않은 통신사입니다. 요금제 가입 과정에 문제가 생겨도 모요에서 도와드릴 수 없어요.,LTE,15.0,,15.0,False,3Mbps,,,,,unsupported,False,100,,False,100,40040,11330,모요 프로모션 할인,7,0,0,,,,,,33,https://www.moyoplan.com/plans/33853,2026-08-11T01:43:06.687727+00:00
MVNO,SKT,SK7모바일,29822,29822,official_code,LTE 유심 (15GB/200분),,moyo,True,,모요와 제휴되지 않은 통신사입니다. 요금제 가입 과정에 문제가 생겨도 모요에서 도와드릴 수 없어요.,LTE,15.0,,15.0,False,,,,,,unsupported,False,200,,False,100,13200,13200,,,0,0,,,,,,46,https://www.moyoplan.com/plans/29822,2026-08-11T01:43:06.687727+00:00
MVNO,SKT,SK7모바일,29838,29838,official_code,5G 유심 (10GB/200분),,moyo,True,,모요와 제휴되지 않은 통신사입니다. 요금제 가입 과정에 문제가 생겨도 모요에서 도와드릴 수 없어요.,5G,10.0,,10.0,False,,,,,,unsupported,False,200,,False,100,9900,9900,,,0,0,,,,,,125,https://www.moyoplan.com/plans/29838,2026-08-11T01:43:06.687727+00:00
MVNO,SKT,프리티,33864,33864,official_code,후후 안전통화생활 11G+,,moyo,True,,모요와 제휴되지 않은 통신사입니다. 요금제 가입 과정에 문제가 생겨도 모요에서 도와드릴 수 없어요.,LTE,11.0,,11.0,False,3Mbps,2.0,,,,unsupported,False,0,,False,0,43560,15290,모요 프로모션 할인,7,0,0,,,,,,10,https://www.moyoplan.com/plans/33864,2026-08-11T01:43:06.687727+00:00
MVNO,KT,프리티,29579,29579,official_code,올리브영 7G+1M,,moyo,True,,모요와 제휴되지 않은 통신사입니다. 요금제 가입 과정에 문제가 생겨도 모요에서 도와드릴 수 없어요.,LTE,7.0,,7.0,False,1Mbps,,,,,unsupported,False,0,,False,0,27500,5500,모요 프로모션 할인,7,0,0,,,,,,16,https://www.moyoplan.com/plans/29579,2026-08-11T01:43:06.687727+00:00
MVNO,LGU+,프리티,30444,30444,official_code,프리티데이터매일5G+,,moyo,True,,모요와 제휴되지 않은 통신사입니다. 요금제 가입 과정에 문제가 생겨도 모요에서 도와드릴 수 없어요.,LTE,,,,False,5Mbps,5.0,,,,unsupported,False,0,,False,0,49500,30360,모요 프로모션 할인,24,0,0,,,,,,19,https://www.moyoplan.com/plans/30444,2026-08-11T01:43:06.687727+00:00
MVNO,KT,프리티,35914,35914,official_code,쿠팡캐시 7G+1M,,moyo,True,,모요와 제휴되지 않은 통신사입니다. 요금제 가입 과정에 문제가 생겨도 모요에서 도와드릴 수 없어요.,LTE,7.0,,7.0,False,1Mbps,,,,,unsupported,False,0,,False,0,27500,5500,모요 프로모션 할인,7,0,0,,,,,,10,https://www.moyoplan.com/plans/35914,2026-08-11T01:43:06.687727+00:00
MVNO,LGU+,프리티,36199,36199,official_code,프리티 해외여행 15G+,,moyo,True,,모요와 제휴되지 않은 통신사입니다. 요금제 가입 과정에 문제가 생겨도 모요에서 도와드릴 수 없어요.,LTE,15.0,,15.0,False,3Mbps,,,,,unsupported,False,100,,False,100,33000,18700,모요 프로모션 할인,12,0,0,,,,,,40,https://www.moyoplan.com/plans/36199,2026-08-11T01:43:06.687727+00:00
MVNO,LGU+,프리티,15741,15741,official_code,데이터안심15G+,,moyo,True,,모요와 제휴되지 않은 통신사입니다. 요금제 가입 과정에 문제가 생겨도 모요에서 도와드릴 수 없어요.,LTE,15.0,,15.0,False,3Mbps,,,,,unsupported,False,100,,False,100,33000,11990,모요 프로모션 할인,7,0,0,,,,,,40,https://www.moyoplan.com/plans/15741,2026-08-11T01:43:06.687727+00:00
MVNO,LGU+,프리티,34259,34259,official_code,데이터팡팡매일5G+,,moyo,True,,모요와 제휴되지 않은 통신사입니다. 요금제 가입 과정에 문제가 생겨도 모요에서 도와드릴 수 없어요.,LTE,,,,False,5Mbps,5.0,,,,unsupported,False,0,,False,0,52700,15300,모요 프로모션 할인,7,0,0,,,,,,87,https://www.moyoplan.com/plans/34259,2026-08-11T01:43:06.687727+00:00
MVNO,LGU+,토스모바일,37157,37157,official_code,페이스페이 7GB+,,moyo,True,,모요와 제휴되지 않은 통신사입니다. 요금제 가입 과정에 문제가 생겨도 모요에서 도와드릴 수 없어요. | 신규 가입을 받지 않는 통신사입니다. 사용 중인 번호 그대로 통신사만 이동할 분들만 가입이 가능해요.,LTE,7.0,,7.0,False,1Mbps,,,,,undisclosed,True,,,True,,20800,8000,모요 프로모션 할인,7,0,0,,,,,,10,https://www.moyoplan.com/plans/37157,2026-08-11T01:43:06.687727+00:00
MVNO,LGU+,프리티,36299,36299,official_code,프리티 편의점금액권 5000 11G+,,moyo,True,,모요와 제휴되지 않은 통신사입니다. 요금제 가입 과정에 문제가 생겨도 모요에서 도와드릴 수 없어요.,LTE,11.0,,11.0,False,3Mbps,2.0,,,,unsupported,False,0,,False,0,59290,27940,모요 프로모션 할인,24,0,0,,,,,,10,https://www.moyoplan.com/plans/36299,2026-08-11T01:43:06.687727+00:00
MVNO,SKT,프리티,33873,33873,official_code,후후 안전통화생활 100G+,,moyo,True,,모요와 제휴되지 않은 통신사입니다. 요금제 가입 과정에 문제가 생겨도 모요에서 도와드릴 수 없어요.,LTE,100.0,,100.0,False,5Mbps,,,,,unsupported,False,0,,False,0,53790,18350,모요 프로모션 할인,7,0,0,,,,,,10,https://www.moyoplan.com/plans/33873,2026-08-11T01:43:06.687727+00:00
MVNO,SKT,프리티,36302,36302,official_code,프리티 편의점금액권 15G+,,moyo,True,,모요와 제휴되지 않은 통신사입니다. 요금제 가입 과정에 문제가 생겨도 모요에서 도와드릴 수 없어요.,LTE,15.0,,15.0,False,3Mbps,,,,,unsupported,False,100,,False,100,37290,13420,모요 프로모션 할인,7,0,0,,,,,,10,https://www.moyoplan.com/plans/36302,2026-08-11T01:43:06.687727+00:00
MVNO,LGU+,프리티,30442,30442,official_code,데이터안심300분15G+,,moyo,True,,모요와 제휴되지 않은 통신사입니다. 요금제 가입 과정에 문제가 생겨도 모요에서 도와드릴 수 없어요.,LTE,15.0,,15.0,False,3Mbps,,,,,unsupported,False,300,,False,300,36300,22770,모요 프로모션 할인,24,0,0,,,,,,35,https://www.moyoplan.com/plans/30442,2026-08-11T01:43:06.687727+00:00
MVNO,SKT,SK7모바일,29877,29877,official_code,LTE 유심 (1GB/100분),,moyo,True,,모요와 제휴되지 않은 통신사입니다. 요금제 가입 과정에 문제가 생겨도 모요에서 도와드릴 수 없어요.,LTE,1.0,,1.0,False,,,,,,unsupported,False,100,,False,100,3900,3900,,,0,0,,,,,,144,https://www.moyoplan.com/plans/29877,2026-08-11T01:43:06.687727+00:00
MVNO,KT,프리티,31425,31425,official_code,다이소 7G+1M,,moyo,True,,모요와 제휴되지 않은 통신사입니다. 요금제 가입 과정에 문제가 생겨도 모요에서 도와드릴 수 없어요.,LTE,7.0,,7.0,False,1Mbps,,,,,unsupported,False,0,,False,0,27500,5500,모요 프로모션 할인,7,0,0,,,,,,14,https://www.moyoplan.com/plans/31425,2026-08-11T01:43:06.687727+00:00
MVNO,SKT,SK7모바일,35795,35795,official_code,5G 안심 (15GB+/2000분),,moyo,True,,모요와 제휴되지 않은 통신사입니다. 요금제 가입 과정에 문제가 생겨도 모요에서 도와드릴 수 없어요.,5G,15.0,,15.0,False,400Kbps,,,,,unsupported,False,2000,,False,2000,16900,16900,,,0,0,,,,,,120,https://www.moyoplan.com/plans/35795,2026-08-11T01:43:06.687727+00:00
MVNO,SKT,프리티,36202,36202,official_code,프리티 해외여행 7G+1M,,moyo,True,,모요와 제휴되지 않은 통신사입니다. 요금제 가입 과정에 문제가 생겨도 모요에서 도와드릴 수 없어요.,LTE,7.0,,7.0,False,1Mbps,,,,,unsupported,False,0,,False,0,25300,12100,모요 프로모션 할인,12,0,0,,,,,,22,https://www.moyoplan.com/plans/36202,2026-08-11T01:43:06.687727+00:00
MVNO,SKT,프리티,33842,33842,official_code,음성기본7G+1M,,moyo,True,,모요와 제휴되지 않은 통신사입니다. 요금제 가입 과정에 문제가 생겨도 모요에서 도와드릴 수 없어요.,LTE,7.0,,7.0,False,1Mbps,,,,,unsupported,False,0,,False,0,25300,5500,모요 프로모션 할인,7,0,0,,,,,,10,https://www.moyoplan.com/plans/33842,2026-08-11T01:43:06.687727+00:00
MVNO,LGU+,프리티,36200,36200,official_code,프리티 해외여행 11G+,,moyo,True,,모요와 제휴되지 않은 통신사입니다. 요금제 가입 과정에 문제가 생겨도 모요에서 도와드릴 수 없어요.,LTE,11.0,,11.0,False,3Mbps,2.0,,,,unsupported,False,0,,False,0,42790,22990,모요 프로모션 할인,12,0,0,,,,,,53,https://www.moyoplan.com/plans/36200,2026-08-11T01:43:06.687727+00:00
MVNO,LGU+,프리티,28473,28473,official_code,5G더빠른150G,,moyo,True,,모요와 제휴되지 않은 통신사입니다. 요금제 가입 과정에 문제가 생겨도 모요에서 도와드릴 수 없어요.,5G,150.0,,150.0,False,5Mbps,,,,,unsupported,False,0,,False,0,57900,29850,모요 프로모션 할인,24,0,0,,,,,,178,https://www.moyoplan.com/plans/28473,2026-08-11T01:43:06.687727+00:00
MVNO,SKT,프리티,33850,33850,official_code,(5G)더든든한500분20G,,moyo,True,,모요와 제휴되지 않은 통신사입니다. 요금제 가입 과정에 문제가 생겨도 모요에서 도와드릴 수 없어요.,5G,20.0,,20.0,False,,,,,,unsupported,False,500,,False,100,17600,13200,모요 프로모션 할인,7,0,0,,,,,,51,https://www.moyoplan.com/plans/33850,2026-08-11T01:43:06.687727+00:00
MVNO,SKT,프리티,33862,33862,official_code,예스24크레마클럽e북 구독 15G+,,moyo,True,,모요와 제휴되지 않은 통신사입니다. 요금제 가입 과정에 문제가 생겨도 모요에서 도와드릴 수 없어요.,LTE,15.0,,15.0,False,3Mbps,,,,,unsupported,False,100,,False,100,36520,14190,모요 프로모션 할인,7,0,0,,,,,,18,https://www.moyoplan.com/plans/33862,2026-08-11T01:43:06.687727+00:00
MVNO,SKT,SK7모바일,29812,29812,official_code,[셀프] LTE 유심 (15GB/2000분),,moyo,True,,모요와 제휴되지 않은 통신사입니다. 요금제 가입 과정에 문제가 생겨도 모요에서 도와드릴 수 없어요.,LTE,15.0,,15.0,False,,,,,,unsupported,False,2000,,False,2000,13900,13900,,,0,0,,,,,,53,https://www.moyoplan.com/plans/29812,2026-08-11T01:43:06.687727+00:00
MVNO,LGU+,프리티,36300,36300,official_code,프리티 편의점금액권 5000 100G+,,moyo,True,,모요와 제휴되지 않은 통신사입니다. 요금제 가입 과정에 문제가 생겨도 모요에서 도와드릴 수 없어요.,LTE,100.0,,100.0,False,5Mbps,,,,,unsupported,False,0,,False,0,62700,30910,모요 프로모션 할인,24,0,0,,,,,,16,https://www.moyoplan.com/plans/36300,2026-08-11T01:43:06.687727+00:00
MVNO,SKT,프리티,36303,36303,official_code,프리티 편의점금액권 11G+,,moyo,True,,모요와 제휴되지 않은 통신사입니다. 요금제 가입 과정에 문제가 생겨도 모요에서 도와드릴 수 없어요.,LTE,11.0,,11.0,False,3Mbps,2.0,,,,unsupported,False,0,,False,0,47080,16940,모요 프로모션 할인,7,0,0,,,,,,14,https://www.moyoplan.com/plans/36303,2026-08-11T01:43:06.687727+00:00
MVNO,SKT,SK7모바일,29784,29784,official_code,LTE 유심 (25GB/300분),,moyo,True,,모요와 제휴되지 않은 통신사입니다. 요금제 가입 과정에 문제가 생겨도 모요에서 도와드릴 수 없어요.,LTE,25.0,,25.0,False,,,,,,unsupported,False,300,,False,100,23100,23100,,,0,0,,,,,,12,https://www.moyoplan.com/plans/29784,2026-08-11T01:43:06.687727+00:00
MVNO,SKT,SK7모바일,29849,29849,official_code,LTE 유심 (10GB/100분),,moyo,True,,모요와 제휴되지 않은 통신사입니다. 요금제 가입 과정에 문제가 생겨도 모요에서 도와드릴 수 없어요.,LTE,10.0,,10.0,False,,,,,,unsupported,False,100,,False,100,10200,10200,,,0,0,,,,,,42,https://www.moyoplan.com/plans/29849,2026-08-11T01:43:06.687727+00:00
MVNO,LGU+,프리티,15735,15735,official_code,데이터안심무제한7G+,,moyo,True,,모요와 제휴되지 않은 통신사입니다. 요금제 가입 과정에 문제가 생겨도 모요에서 도와드릴 수 없어요.,LTE,7.0,,7.0,False,1Mbps,,,,,unsupported,False,0,,False,0,25300,5500,모요 프로모션 할인,7,0,0,,,,,,50,https://www.moyoplan.com/plans/15735,2026-08-11T01:43:06.687727+00:00
MVNO,SKT,SK7모바일,29785,29785,official_code,5G 유심 (20GB/1000분),,moyo,True,,모요와 제휴되지 않은 통신사입니다. 요금제 가입 과정에 문제가 생겨도 모요에서 도와드릴 수 없어요.,5G,20.0,,20.0,False,,,,,,unsupported,False,1000,,False,100,17900,17900,,,0,0,,,,,,108,https://www.moyoplan.com/plans/29785,2026-08-11T01:43:06.687727+00:00
MVNO,SKT,SK7모바일,29806,29806,official_code,LTE 유심 (15GB/2000분),,moyo,True,,모요와 제휴되지 않은 통신사입니다. 요금제 가입 과정에 문제가 생겨도 모요에서 도와드릴 수 없어요.,LTE,15.0,,15.0,False,,,,,,unsupported,False,2000,,False,2000,15000,15000,,,0,0,,,,,,22,https://www.moyoplan.com/plans/29806,2026-08-11T01:43:06.687727+00:00
MVNO,SKT,프리티,33865,33865,official_code,CGV 15G+,,moyo,True,,모요와 제휴되지 않은 통신사입니다. 요금제 가입 과정에 문제가 생겨도 모요에서 도와드릴 수 없어요.,LTE,15.0,,15.0,False,3Mbps,,,,,unsupported,False,100,,False,100,44000,15400,모요 프로모션 할인,7,0,0,,,,,,14,https://www.moyoplan.com/plans/33865,2026-08-11T01:43:06.687727+00:00
MVNO,SKT,SK7모바일,29855,29855,official_code,LTE 유심 (8GB/100분),,moyo,True,,모요와 제휴되지 않은 통신사입니다. 요금제 가입 과정에 문제가 생겨도 모요에서 도와드릴 수 없어요.,LTE,8.0,,8.0,False,,,,,,unsupported,False,100,,False,100,8900,8900,,,0,0,,,,,,10,https://www.moyoplan.com/plans/29855,2026-08-11T01:43:06.687727+00:00
MVNO,KT,프리티,20874,20874,official_code,보이스피싱 안심보상11G+,,moyo,True,,모요와 제휴되지 않은 통신사입니다. 요금제 가입 과정에 문제가 생겨도 모요에서 도와드릴 수 없어요.,LTE,11.0,,11.0,False,3Mbps,2.0,,,,unsupported,False,0,,False,0,42790,18040,모요 프로모션 할인,7,0,0,,,,,,10,https://www.moyoplan.com/plans/20874,2026-08-11T01:43:06.687727+00:00
MVNO,KT,프리티,21265,21265,official_code,USIM데이터11G(CU 멤버십)+,,moyo,True,,모요와 제휴되지 않은 통신사입니다. 요금제 가입 과정에 문제가 생겨도 모요에서 도와드릴 수 없어요.,LTE,11.0,,11.0,False,3Mbps,2.0,,,,unsupported,False,0,,False,0,42790,18040,모요 프로모션 할인,7,0,0,,,,,,10,https://www.moyoplan.com/plans/21265,2026-08-11T01:43:06.687727+00:00
MVNO,SKT,프리티,33872,33872,official_code,예스24크레마클럽e북 구독 11G+,,moyo,True,,모요와 제휴되지 않은 통신사입니다. 요금제 가입 과정에 문제가 생겨도 모요에서 도와드릴 수 없어요.,LTE,11.0,,11.0,False,3Mbps,2.0,,,,unsupported,False,0,,False,0,46310,18040,모요 프로모션 할인,7,0,0,,,,,,22,https://www.moyoplan.com/plans/33872,2026-08-11T01:43:06.687727+00:00
MVNO,LGU+,프리티,36201,36201,official_code,프리티 해외여행 100G+,,moyo,True,,모요와 제휴되지 않은 통신사입니다. 요금제 가입 과정에 문제가 생겨도 모요에서 도와드릴 수 없어요.,LTE,100.0,,100.0,False,5Mbps,,,,,unsupported,False,0,,False,0,52800,27940,모요 프로모션 할인,12,0,0,,,,,,74,https://www.moyoplan.com/plans/36201,2026-08-11T01:43:06.687727+00:00
MVNO,LGU+,프리티,34832,34832,official_code,(5G)더빠른95G+,,moyo,True,,모요와 제휴되지 않은 통신사입니다. 요금제 가입 과정에 문제가 생겨도 모요에서 도와드릴 수 없어요.,5G,95.0,,95.0,False,3Mbps,,,,,unsupported,False,0,,False,0,52800,28600,모요 프로모션 할인,24,0,0,,,,,,100,https://www.moyoplan.com/plans/34832,2026-08-11T01:43:06.687727+00:00
MVNO,SKT,프리티,36304,36304,official_code,프리티 편의점금액권 100G+,,moyo,True,,모요와 제휴되지 않은 통신사입니다. 요금제 가입 과정에 문제가 생겨도 모요에서 도와드릴 수 없어요.,LTE,100.0,,100.0,False,5Mbps,,,,,unsupported,False,0,,False,0,57310,20350,모요 프로모션 할인,7,0,0,,,,,,23,https://www.moyoplan.com/plans/36304,2026-08-11T01:43:06.687727+00:00
MVNO,LGU+,토스모바일,37156,37156,official_code,페이스페이 10GB+,,moyo,True,,모요와 제휴되지 않은 통신사입니다. 요금제 가입 과정에 문제가 생겨도 모요에서 도와드릴 수 없어요. | 신규 가입을 받지 않는 통신사입니다. 사용 중인 번호 그대로 통신사만 이동할 분들만 가입이 가능해요.,LTE,10.0,,10.0,False,1Mbps,,,,,undisclosed,True,,,True,,23800,9000,모요 프로모션 할인,7,0,0,,,,,,10,https://www.moyoplan.com/plans/37156,2026-08-11T01:43:06.687727+00:00
MVNO,KT,프리티,21264,21264,official_code,데이터안심15G(CU 멤버십)+,,moyo,True,,모요와 제휴되지 않은 통신사입니다. 요금제 가입 과정에 문제가 생겨도 모요에서 도와드릴 수 없어요.,LTE,15.0,,15.0,False,3Mbps,,,,,unsupported,False,100,,False,100,33000,15840,모요 프로모션 할인,7,0,0,,,,,,10,https://www.moyoplan.com/plans/21264,2026-08-11T01:43:06.687727+00:00
MVNO,KT,프리티,18730,18730,official_code,데이터안심15G(밀리의서재)+,,moyo,True,,모요와 제휴되지 않은 통신사입니다. 요금제 가입 과정에 문제가 생겨도 모요에서 도와드릴 수 없어요.,LTE,15.0,,15.0,False,3Mbps,,,,,unsupported,False,100,,False,100,33000,15840,모요 프로모션 할인,7,0,0,,,,,,12,https://www.moyoplan.com/plans/18730,2026-08-11T01:43:06.687727+00:00
MVNO,LGU+,프리티,30438,30438,official_code,프리티데이터7G+1M,,moyo,True,,모요와 제휴되지 않은 통신사입니다. 요금제 가입 과정에 문제가 생겨도 모요에서 도와드릴 수 없어요.,LTE,7.0,,7.0,False,1Mbps,,,,,unsupported,False,0,,False,0,20900,14190,모요 프로모션 할인,24,0,0,,,,,,10,https://www.moyoplan.com/plans/30438,2026-08-11T01:43:06.687727+00:00
MVNO,LGU+,프리티,30439,30439,official_code,프리티데이터10G+1M,,moyo,True,,모요와 제휴되지 않은 통신사입니다. 요금제 가입 과정에 문제가 생겨도 모요에서 도와드릴 수 없어요.,LTE,10.0,,10.0,False,1Mbps,,,,,unsupported,False,0,,False,0,24200,14520,모요 프로모션 할인,24,0,0,,,,,,13,https://www.moyoplan.com/plans/30439,2026-08-11T01:43:06.687727+00:00
MVNO,SKT,SK7모바일,35794,35794,official_code,5G 안심 (20GB+/2000분),,moyo,True,,모요와 제휴되지 않은 통신사입니다. 요금제 가입 과정에 문제가 생겨도 모요에서 도와드릴 수 없어요.,5G,20.0,,20.0,False,400Kbps,,,,,unsupported,False,2000,,False,2000,19900,19900,,,0,0,,,,,,74,https://www.moyoplan.com/plans/35794,2026-08-11T01:43:06.687727+00:00
MVNO,SKT,프리티,33860,33860,official_code,프리티구독1000분15G(스타벅스금액권),,moyo,True,,모요와 제휴되지 않은 통신사입니다. 요금제 가입 과정에 문제가 생겨도 모요에서 도와드릴 수 없어요.,LTE,15.0,,15.0,False,,,,,,unsupported,False,1000,,False,100,19800,18700,모요 프로모션 할인,12,0,0,,,,,,15,https://www.moyoplan.com/plans/33860,2026-08-11T01:43:06.687727+00:00
MVNO,LGU+,프리티,36297,36297,official_code,프리티 편의점금액권 5000 7G+1M,,moyo,True,,모요와 제휴되지 않은 통신사입니다. 요금제 가입 과정에 문제가 생겨도 모요에서 도와드릴 수 없어요.,LTE,7.0,,7.0,False,1Mbps,,,,,unsupported,False,0,,False,0,31900,14740,모요 프로모션 할인,24,0,0,,,,,,10,https://www.moyoplan.com/plans/36297,2026-08-11T01:43:06.687727+00:00
MVNO,SKT,SK7모바일,29797,29797,official_code,5G 유심 (15GB/1000분),,moyo,True,,모요와 제휴되지 않은 통신사입니다. 요금제 가입 과정에 문제가 생겨도 모요에서 도와드릴 수 없어요.,5G,15.0,,15.0,False,,,,,,unsupported,False,1000,,False,100,14900,14900,,,0,0,,,,,,56,https://www.moyoplan.com/plans/29797,2026-08-11T01:43:06.687727+00:00
MVNO,SKT,프리티,33841,33841,official_code,CGV 1+1쿠폰 7G+1M,,moyo,True,,모요와 제휴되지 않은 통신사입니다. 요금제 가입 과정에 문제가 생겨도 모요에서 도와드릴 수 없어요.,LTE,7.0,,7.0,False,1Mbps,,,,,unsupported,False,0,,False,0,32340,8250,모요 프로모션 할인,7,0,0,,,,,,14,https://www.moyoplan.com/plans/33841,2026-08-11T01:43:06.687727+00:00
MVNO,SKT,프리티,33877,33877,official_code,예스24크레마클럽e북 구독 100G+,,moyo,True,,모요와 제휴되지 않은 통신사입니다. 요금제 가입 과정에 문제가 생겨도 모요에서 도와드릴 수 없어요.,LTE,100.0,,100.0,False,5Mbps,,,,,unsupported,False,0,,False,0,56540,21100,모요 프로모션 할인,7,0,0,,,,,,12,https://www.moyoplan.com/plans/33877,2026-08-11T01:43:06.687727+00:00
MVNO,KT,프리티,19180,19180,official_code,데이터100G(밀리의서재)+,,moyo,True,,모요와 제휴되지 않은 통신사입니다. 요금제 가입 과정에 문제가 생겨도 모요에서 도와드릴 수 없어요.,LTE,100.0,,100.0,False,5Mbps,,,,,unsupported,False,0,,False,0,52800,20020,모요 프로모션 할인,7,0,0,,,,,,52,https://www.moyoplan.com/plans/19180,2026-08-11T01:43:06.687727+00:00
MVNO,SKT,SK7모바일,29840,29840,official_code,5G 유심 (7GB/1000분),,moyo,True,,모요와 제휴되지 않은 통신사입니다. 요금제 가입 과정에 문제가 생겨도 모요에서 도와드릴 수 없어요.,5G,7.0,,7.0,False,,,,,,unsupported,False,1000,,False,100,9900,9900,,,0,0,,,,,,177,https://www.moyoplan.com/plans/29840,2026-08-11T01:43:06.687727+00:00
MVNO,SKT,프리티,33911,33911,official_code,프리미엄데이터100분15G+,,moyo,True,,모요와 제휴되지 않은 통신사입니다. 요금제 가입 과정에 문제가 생겨도 모요에서 도와드릴 수 없어요.,LTE,15.0,,15.0,False,3Mbps,,,,,unsupported,False,100,,False,100,31900,22000,모요 프로모션 할인,24,0,0,,,,,,36,https://www.moyoplan.com/plans/33911,2026-08-11T01:43:06.687727+00:00
MVNO,KT,프리티,31310,31310,official_code,올리브영 100G+,,moyo,True,,모요와 제휴되지 않은 통신사입니다. 요금제 가입 과정에 문제가 생겨도 모요에서 도와드릴 수 없어요.,LTE,100.0,,100.0,False,5Mbps,,,,,unsupported,False,0,,False,0,55000,22000,모요 프로모션 할인,7,0,0,,,,,,29,https://www.moyoplan.com/plans/31310,2026-08-11T01:43:06.687727+00:00
MVNO,SKT,SK7모바일,29741,29741,official_code,5G 유심 (110GB+/통화맘껏),,moyo,True,,모요와 제휴되지 않은 통신사입니다. 요금제 가입 과정에 문제가 생겨도 모요에서 도와드릴 수 없어요.,5G,110.0,,110.0,False,5Mbps,,,,,unsupported,True,,,True,,41500,41500,,,0,0,,,,,,255,https://www.moyoplan.com/plans/29741,2026-08-11T01:43:06.687727+00:00
MVNO,SKT,SK7모바일,29798,29798,official_code,LTE 안심 (15GB+/1000분),,moyo,True,,모요와 제휴되지 않은 통신사입니다. 요금제 가입 과정에 문제가 생겨도 모요에서 도와드릴 수 없어요.,LTE,15.0,,15.0,False,400Kbps,,,,,unsupported,False,1000,,False,1000,15900,15900,,,0,0,,,,,,70,https://www.moyoplan.com/plans/29798,2026-08-11T01:43:06.687727+00:00
MVNO,SKT,SK7모바일,29839,29839,official_code,[셀프] LTE 유심 (8GB/2000분),,moyo,True,,모요와 제휴되지 않은 통신사입니다. 요금제 가입 과정에 문제가 생겨도 모요에서 도와드릴 수 없어요.,LTE,8.0,,8.0,False,,,,,,unsupported,False,2000,,False,2000,11000,11000,,,0,0,,,,,,12,https://www.moyoplan.com/plans/29839,2026-08-11T01:43:06.687727+00:00
MVNO,SKT,프리티,33844,33844,official_code,NH더드림 든든 9.9,,moyo,True,,모요와 제휴되지 않은 통신사입니다. 요금제 가입 과정에 문제가 생겨도 모요에서 도와드릴 수 없어요.,LTE,9.9,,9.9,False,,,,,,unsupported,False,2000,,False,200,12100,9900,모요 프로모션 할인,24,0,0,,,,,,27,https://www.moyoplan.com/plans/33844,2026-08-11T01:43:06.687727+00:00
MVNO,LGU+,프리티,36198,36198,official_code,프리티 해외여행 7G+1M,,moyo,True,,모요와 제휴되지 않은 통신사입니다. 요금제 가입 과정에 문제가 생겨도 모요에서 도와드릴 수 없어요.,LTE,7.0,,7.0,False,1Mbps,,,,,unsupported,False,0,,False,0,25300,12100,모요 프로모션 할인,12,0,0,,,,,,22,https://www.moyoplan.com/plans/36198,2026-08-11T01:43:06.687727+00:00
MVNO,KT,프리티,16228,16228,official_code,USIM데이터11G(밀리의서재)+,,moyo,True,,모요와 제휴되지 않은 통신사입니다. 요금제 가입 과정에 문제가 생겨도 모요에서 도와드릴 수 없어요.,LTE,11.0,,11.0,False,3Mbps,2.0,,,,unsupported,False,0,,False,0,42790,18040,모요 프로모션 할인,7,0,0,,,,,,24,https://www.moyoplan.com/plans/16228,2026-08-11T01:43:06.687727+00:00
MVNO,KT,프리티,21263,21263,official_code,데이터100G(CU 멤버십)+,,moyo,True,,모요와 제휴되지 않은 통신사입니다. 요금제 가입 과정에 문제가 생겨도 모요에서 도와드릴 수 없어요.,LTE,100.0,,100.0,False,5Mbps,,,,,unsupported,False,0,,False,0,52800,20020,모요 프로모션 할인,7,0,0,,,,,,29,https://www.moyoplan.com/plans/21263,2026-08-11T01:43:06.687727+00:00
MVNO,SKT,SK7모바일,29871,29871,official_code,5G 유심 (1GB/500분),,moyo,True,,모요와 제휴되지 않은 통신사입니다. 요금제 가입 과정에 문제가 생겨도 모요에서 도와드릴 수 없어요.,5G,1.0,,1.0,False,,,,,,unsupported,False,500,,False,100,5500,5500,,,0,0,,,,,,58,https://www.moyoplan.com/plans/29871,2026-08-11T01:43:06.687727+00:00
MVNO,SKT,SK7모바일,29833,29833,official_code,5G 유심 (9GB/1000분),,moyo,True,,모요와 제휴되지 않은 통신사입니다. 요금제 가입 과정에 문제가 생겨도 모요에서 도와드릴 수 없어요.,5G,9.0,,9.0,False,,,,,,unsupported,False,1000,,False,100,11900,11900,,,0,0,,,,,,11,https://www.moyoplan.com/plans/29833,2026-08-11T01:43:06.687727+00:00
MVNO,SKT,프리티,33875,33875,official_code,CGV 11G+,,moyo,True,,모요와 제휴되지 않은 통신사입니다. 요금제 가입 과정에 문제가 생겨도 모요에서 도와드릴 수 없어요.,LTE,11.0,,11.0,False,3Mbps,2.0,,,,unsupported,False,0,,False,0,53790,19030,모요 프로모션 할인,7,0,0,,,,,,23,https://www.moyoplan.com/plans/33875,2026-08-11T01:43:06.687727+00:00
MVNO,KT,프리티,20873,20873,official_code,보이스피싱 안심보상15G+1M,,moyo,True,,모요와 제휴되지 않은 통신사입니다. 요금제 가입 과정에 문제가 생겨도 모요에서 도와드릴 수 없어요.,LTE,15.0,,15.0,False,1Mbps,,,,,unsupported,False,0,,False,0,33550,14960,모요 프로모션 할인,7,0,0,,,,,,10,https://www.moyoplan.com/plans/20873,2026-08-11T01:43:06.687727+00:00
MVNO,SKT,SK7모바일,29748,29748,official_code,[셀프] LTE 유심 (100GB+),,moyo,True,,모요와 제휴되지 않은 통신사입니다. 요금제 가입 과정에 문제가 생겨도 모요에서 도와드릴 수 없어요.,LTE,100.0,,100.0,False,5Mbps,,,,,unsupported,True,,,True,,40900,40900,,,0,0,,,,,,367,https://www.moyoplan.com/plans/29748,2026-08-11T01:43:06.687727+00:00
MVNO,SKT,SK7모바일,29852,29852,official_code,5G 유심 (6GB/200분),,moyo,True,,모요와 제휴되지 않은 통신사입니다. 요금제 가입 과정에 문제가 생겨도 모요에서 도와드릴 수 없어요.,5G,6.0,,6.0,False,,,,,,unsupported,False,200,,False,100,7900,7900,,,0,0,,,,,,28,https://www.moyoplan.com/plans/29852,2026-08-11T01:43:06.687727+00:00
MVNO,SKT,SK7모바일,29834,29834,official_code,LTE 유심 (8GB/2000분),,moyo,True,,모요와 제휴되지 않은 통신사입니다. 요금제 가입 과정에 문제가 생겨도 모요에서 도와드릴 수 없어요.,LTE,8.0,,8.0,False,,,,,,unsupported,False,2000,,False,2000,12100,12100,,,0,0,,,,,,10,https://www.moyoplan.com/plans/29834,2026-08-11T01:43:06.687727+00:00
MVNO,SKT,프리티,35490,35490,official_code,프리티 글로벌통화 300 100G+,,moyo,True,,모요와 제휴되지 않은 통신사입니다. 요금제 가입 과정에 문제가 생겨도 모요에서 도와드릴 수 없어요.,LTE,100.0,,100.0,False,5Mbps,,,,,unsupported,False,0,,False,0,59400,41030,모요 프로모션 할인,24,0,0,,,,,,13,https://www.moyoplan.com/plans/35490,2026-08-11T01:43:06.687727+00:00
MVNO,SKT,프리티,33913,33913,official_code,프리미엄데이터100G+,,moyo,True,,모요와 제휴되지 않은 통신사입니다. 요금제 가입 과정에 문제가 생겨도 모요에서 도와드릴 수 없어요.,LTE,100.0,,100.0,False,5Mbps,,,,,unsupported,False,0,,False,0,48600,35950,모요 프로모션 할인,24,0,0,,,,,,65,https://www.moyoplan.com/plans/33913,2026-08-11T01:43:06.687727+00:00
MVNO,SKT,프리티,35489,35489,official_code,프리티 글로벌통화 300 11G+,,moyo,True,,모요와 제휴되지 않은 통신사입니다. 요금제 가입 과정에 문제가 생겨도 모요에서 도와드릴 수 없어요.,LTE,11.0,,11.0,False,3Mbps,2.0,,,,unsupported,False,0,,False,0,50490,35090,모요 프로모션 할인,24,0,0,,,,,,10,https://www.moyoplan.com/plans/35489,2026-08-11T01:43:06.687727+00:00
MVNO,SKT,SK7모바일,33624,33624,official_code,7 PICK (11GB+/통화맘껏),,moyo,True,,모요와 제휴되지 않은 통신사입니다. 요금제 가입 과정에 문제가 생겨도 모요에서 도와드릴 수 없어요.,LTE,11.0,,11.0,False,3Mbps,2.0,,,,unsupported,True,,,True,,35200,35200,,,0,0,,,,,,22,https://www.moyoplan.com/plans/33624,2026-08-11T01:43:06.687727+00:00
MVNO,SKT,SK7모바일,31298,31298,official_code,폰케어팩 (11GB+/통화맘껏),,moyo,True,,모요와 제휴되지 않은 통신사입니다. 요금제 가입 과정에 문제가 생겨도 모요에서 도와드릴 수 없어요.,LTE,11.0,,11.0,False,3Mbps,2.0,,,,unsupported,True,,,True,,34100,34100,,,0,0,,,,,,24,https://www.moyoplan.com/plans/31298,2026-08-11T01:43:06.687727+00:00
MVNO,LGU+,프리티,16038,16038,official_code,이마트24_Tall+,,moyo,True,,모요와 제휴되지 않은 통신사입니다. 요금제 가입 과정에 문제가 생겨도 모요에서 도와드릴 수 없어요.,LTE,2.0,,2.0,False,,,,,,unsupported,False,240,,False,240,5500,5500,,,0,0,,,,,,10,https://www.moyoplan.com/plans/16038,2026-08-11T01:43:06.687727+00:00
MVNO,SKT,프리티,36301,36301,official_code,프리티 편의점금액권 7G+1M,,moyo,True,,모요와 제휴되지 않은 통신사입니다. 요금제 가입 과정에 문제가 생겨도 모요에서 도와드릴 수 없어요.,LTE,7.0,,7.0,False,1Mbps,,,,,unsupported,False,0,,False,0,29590,9900,모요 프로모션 할인,7,0,0,,,,,,10,https://www.moyoplan.com/plans/36301,2026-08-11T01:43:06.687727+00:00
MVNO,SKT,SK7모바일,35797,35797,official_code,5G 안심 (8GB+/2000분),,moyo,True,,모요와 제휴되지 않은 통신사입니다. 요금제 가입 과정에 문제가 생겨도 모요에서 도와드릴 수 없어요.,5G,8.0,,8.0,False,400Kbps,,,,,unsupported,False,2000,,False,2000,12900,12900,,,0,0,,,,,,14,https://www.moyoplan.com/plans/35797,2026-08-11T01:43:06.687727+00:00
MVNO,SKT,SK7모바일,29766,29766,official_code,[셀프] LTE 유심 (11GB+),,moyo,True,,모요와 제휴되지 않은 통신사입니다. 요금제 가입 과정에 문제가 생겨도 모요에서 도와드릴 수 없어요.,LTE,11.0,,11.0,False,3Mbps,2.0,,,,unsupported,True,,,True,,33000,33000,,,0,0,,,,,,330,https://www.moyoplan.com/plans/29766,2026-08-11T01:43:06.687727+00:00
MVNO,SKT,SK7모바일,29832,29832,official_code,[셀프] LTE 유심 (10GB/2000분),,moyo,True,,모요와 제휴되지 않은 통신사입니다. 요금제 가입 과정에 문제가 생겨도 모요에서 도와드릴 수 없어요.,LTE,10.0,,10.0,False,,,,,,unsupported,False,2000,,False,2000,11900,11900,,,0,0,,,,,,37,https://www.moyoplan.com/plans/29832,2026-08-11T01:43:06.687727+00:00
MVNO,SKT,SK7모바일,33628,33628,official_code,7 PICK (100GB+/통화맘껏),,moyo,True,,모요와 제휴되지 않은 통신사입니다. 요금제 가입 과정에 문제가 생겨도 모요에서 도와드릴 수 없어요.,LTE,100.0,,100.0,False,5Mbps,,,,,unsupported,True,,,True,,43100,43100,,,0,0,,,,,,29,https://www.moyoplan.com/plans/33628,2026-08-11T01:43:06.687727+00:00
MVNO,SKT,SK7모바일,29829,29829,official_code,LTE 유심 (10GB/2000분),,moyo,True,,모요와 제휴되지 않은 통신사입니다. 요금제 가입 과정에 문제가 생겨도 모요에서 도와드릴 수 없어요.,LTE,10.0,,10.0,False,,,,,,unsupported,False,2000,,False,2000,13000,13000,,,0,0,,,,,,14,https://www.moyoplan.com/plans/29829,2026-08-11T01:43:06.687727+00:00
MVNO,SKT,SK7모바일,29830,29830,official_code,번개 유심 (10GB/2000분),,moyo,True,,모요와 제휴되지 않은 통신사입니다. 요금제 가입 과정에 문제가 생겨도 모요에서 도와드릴 수 없어요.,LTE,10.0,,10.0,False,,,,,,unsupported,False,2000,,False,2000,13000,13000,,,0,0,,,,,,12,https://www.moyoplan.com/plans/29830,2026-08-11T01:43:06.687727+00:00
MVNO,SKT,SK7모바일,29851,29851,official_code,[셀프] LTE 유심 (1GB+),,moyo,True,,모요와 제휴되지 않은 통신사입니다. 요금제 가입 과정에 문제가 생겨도 모요에서 도와드릴 수 없어요.,LTE,1.0,,1.0,False,1Mbps,,,,,unsupported,True,,,True,,9920,9920,,,0,0,,,,,,564,https://www.moyoplan.com/plans/29851,2026-08-11T01:43:06.687727+00:00
MVNO,KT,프리티,22854,22854,official_code,데이터안심15G(CU 멤버십)+1M,,moyo,True,,모요와 제휴되지 않은 통신사입니다. 요금제 가입 과정에 문제가 생겨도 모요에서 도와드릴 수 없어요.,LTE,15.0,,15.0,False,1Mbps,,,,,unsupported,False,0,,False,0,33550,15510,모요 프로모션 할인,7,0,0,,,,,,10,https://www.moyoplan.com/plans/22854,2026-08-11T01:43:06.687727+00:00
MVNO,KT,프리티,30367,30367,official_code,올리브영 11G+,,moyo,True,,모요와 제휴되지 않은 통신사입니다. 요금제 가입 과정에 문제가 생겨도 모요에서 도와드릴 수 없어요.,LTE,11.0,,11.0,False,3Mbps,2.0,,,,unsupported,False,0,,False,0,44990,20130,모요 프로모션 할인,7,0,0,,,,,,10,https://www.moyoplan.com/plans/30367,2026-08-11T01:43:06.687727+00:00
MVNO,KT,프리티,35915,35915,official_code,쿠팡캐시 11G+,,moyo,True,,모요와 제휴되지 않은 통신사입니다. 요금제 가입 과정에 문제가 생겨도 모요에서 도와드릴 수 없어요.,LTE,11.0,,11.0,False,3Mbps,2.0,,,,unsupported,False,0,,False,0,44990,20130,모요 프로모션 할인,7,0,0,,,,,,10,https://www.moyoplan.com/plans/35915,2026-08-11T01:43:06.687727+00:00
MVNO,LGU+,프리티,34258,34258,official_code,예스24크레마클럽e북 구독 11G+,,moyo,True,,모요와 제휴되지 않은 통신사입니다. 요금제 가입 과정에 문제가 생겨도 모요에서 도와드릴 수 없어요.,LTE,11.0,,11.0,False,3Mbps,2.0,,,,unsupported,False,0,,False,0,46310,18040,모요 프로모션 할인,7,0,0,,,,,,22,https://www.moyoplan.com/plans/34258,2026-08-11T01:43:06.687727+00:00
MVNO,KT,프리티,31309,31309,official_code,다이소 11G+,,moyo,True,,모요와 제휴되지 않은 통신사입니다. 요금제 가입 과정에 문제가 생겨도 모요에서 도와드릴 수 없어요.,LTE,11.0,,11.0,False,3Mbps,2.0,,,,unsupported,False,0,,False,0,44990,20130,모요 프로모션 할인,7,0,0,,,,,,10,https://www.moyoplan.com/plans/31309,2026-08-11T01:43:06.687727+00:00
MVNO,SKT,SK7모바일,29794,29794,official_code,LTE 유심 (15GB+/1000분),,moyo,True,,모요와 제휴되지 않은 통신사입니다. 요금제 가입 과정에 문제가 생겨도 모요에서 도와드릴 수 없어요.,LTE,15.0,,15.0,False,1Mbps,,,,,unsupported,False,1000,,False,100,21400,21400,,,0,0,,,,,,26,https://www.moyoplan.com/plans/29794,2026-08-11T01:43:06.687727+00:00
MVNO,SKT,SK7모바일,29875,29875,official_code,LTE 유심 (3GB/100분),,moyo,True,,모요와 제휴되지 않은 통신사입니다. 요금제 가입 과정에 문제가 생겨도 모요에서 도와드릴 수 없어요.,LTE,3.0,,3.0,False,,,,,,unsupported,False,100,,False,100,4900,4900,,,0,0,,,,,,32,https://www.moyoplan.com/plans/29875,2026-08-11T01:43:06.687727+00:00
MVNO,LGU+,프리티,30440,30440,official_code,데이터안심15G+1M,,moyo,True,,모요와 제휴되지 않은 통신사입니다. 요금제 가입 과정에 문제가 생겨도 모요에서 도와드릴 수 없어요.,LTE,15.0,,15.0,False,1Mbps,,,,,unsupported,False,0,,False,0,33000,13200,모요 프로모션 할인,7,0,0,,,,,,19,https://www.moyoplan.com/plans/30440,2026-08-11T01:43:06.687727+00:00
MVNO,SKT,SK7모바일,29873,29873,official_code,LTE 안심차단 (1GB/1000분),,moyo,True,,모요와 제휴되지 않은 통신사입니다. 요금제 가입 과정에 문제가 생겨도 모요에서 도와드릴 수 없어요.,LTE,1.0,,1.0,False,,,,,,unsupported,False,1000,,False,1000,5500,5500,,,0,0,,,,,,103,https://www.moyoplan.com/plans/29873,2026-08-11T01:43:06.687727+00:00
MVNO,SKT,SK7모바일,29814,29814,official_code,[셀프] LTE 유심 (7GB+),,moyo,True,,모요와 제휴되지 않은 통신사입니다. 요금제 가입 과정에 문제가 생겨도 모요에서 도와드릴 수 없어요.,LTE,7.0,,7.0,False,1Mbps,,,,,unsupported,True,,,True,,16900,16900,,,0,0,,,,,,195,https://www.moyoplan.com/plans/29814,2026-08-11T01:43:06.687727+00:00
MVNO,SKT,SK7모바일,29876,29876,official_code,LTE 유심 (1GB/200분),,moyo,True,,모요와 제휴되지 않은 통신사입니다. 요금제 가입 과정에 문제가 생겨도 모요에서 도와드릴 수 없어요.,LTE,1.0,,1.0,False,,,,,,unsupported,False,200,,False,100,4510,4510,,,0,0,,,,,,45,https://www.moyoplan.com/plans/29876,2026-08-11T01:43:06.687727+00:00
MVNO,SKT,프리티,33879,33879,official_code,CGV 100G+,,moyo,True,,모요와 제휴되지 않은 통신사입니다. 요금제 가입 과정에 문제가 생겨도 모요에서 도와드릴 수 없어요.,LTE,100.0,,100.0,False,5Mbps,,,,,unsupported,False,0,,False,0,64020,22330,모요 프로모션 할인,7,0,0,,,,,,13,https://www.moyoplan.com/plans/33879,2026-08-11T01:43:06.687727+00:00
MVNO,SKT,SK7모바일,29780,29780,official_code,LTE 유심 (15GB+/100분),,moyo,True,,모요와 제휴되지 않은 통신사입니다. 요금제 가입 과정에 문제가 생겨도 모요에서 도와드릴 수 없어요.,LTE,15.0,,15.0,False,3Mbps,,,,,unsupported,False,100,,False,100,25300,25300,,,0,0,,,,,,44,https://www.moyoplan.com/plans/29780,2026-08-11T01:43:06.687727+00:00
MVNO,SKT,SK7모바일,29781,29781,official_code,번개 유심 15GB+,,moyo,True,,모요와 제휴되지 않은 통신사입니다. 요금제 가입 과정에 문제가 생겨도 모요에서 도와드릴 수 없어요.,LTE,15.0,,15.0,False,3Mbps,,,,,unsupported,False,100,,False,100,25300,25300,,,0,0,,,,,,32,https://www.moyoplan.com/plans/29781,2026-08-11T01:43:06.687727+00:00
MVNO,SKT,프리티,33863,33863,official_code,(5G)더든든한200분30GB,,moyo,True,,모요와 제휴되지 않은 통신사입니다. 요금제 가입 과정에 문제가 생겨도 모요에서 도와드릴 수 없어요.,5G,30.0,,30.0,False,,,,,,unsupported,False,200,,False,100,20900,17600,모요 프로모션 할인,7,0,0,,,,,,78,https://www.moyoplan.com/plans/33863,2026-08-11T01:43:06.687727+00:00
MVNO,SKT,SK7모바일,29789,29789,official_code,[셀프] LTE 유심 (15GB+/100분),,moyo,True,,모요와 제휴되지 않은 통신사입니다. 요금제 가입 과정에 문제가 생겨도 모요에서 도와드릴 수 없어요.,LTE,15.0,,15.0,False,3Mbps,,,,,unsupported,False,100,,False,100,24200,24200,,,0,0,,,,,,193,https://www.moyoplan.com/plans/29789,2026-08-11T01:43:06.687727+00:00
MVNO,SKT,SK7모바일,33626,33626,official_code,7 PICK (15GB+/100분),,moyo,True,,모요와 제휴되지 않은 통신사입니다. 요금제 가입 과정에 문제가 생겨도 모요에서 도와드릴 수 없어요.,LTE,15.0,,15.0,False,3Mbps,,,,,unsupported,False,100,,False,100,26400,26400,,,0,0,,,,,,24,https://www.moyoplan.com/plans/33626,2026-08-11T01:43:06.687727+00:00
MVNO,KT,프리티,16697,16697,official_code,음성기본7G(밀리의서재)+1M,,moyo,True,,모요와 제휴되지 않은 통신사입니다. 요금제 가입 과정에 문제가 생겨도 모요에서 도와드릴 수 없어요.,LTE,7.0,,7.0,False,1Mbps,,,,,unsupported,False,0,,False,0,25300,10670,모요 프로모션 할인,7,0,0,,,,,,16,https://www.moyoplan.com/plans/16697,2026-08-11T01:43:06.687727+00:00
MVNO,SKT,SK7모바일,29815,29815,official_code,LTE 안심 (10GB+/1000분),,moyo,True,,모요와 제휴되지 않은 통신사입니다. 요금제 가입 과정에 문제가 생겨도 모요에서 도와드릴 수 없어요.,LTE,10.0,,10.0,False,400Kbps,,,,,unsupported,False,1000,,False,1000,12900,12900,,,0,0,,,,,,45,https://www.moyoplan.com/plans/29815,2026-08-11T01:43:06.687727+00:00
MVNO,LGU+,프리티,27791,27791,official_code,예스24크레마클럽e북 구독 15G+,,moyo,True,,모요와 제휴되지 않은 통신사입니다. 요금제 가입 과정에 문제가 생겨도 모요에서 도와드릴 수 없어요.,LTE,15.0,,15.0,False,3Mbps,,,,,unsupported,False,100,,False,100,36520,16500,모요 프로모션 할인,7,0,0,,,,,,18,https://www.moyoplan.com/plans/27791,2026-08-11T01:43:06.687727+00:00
MVNO,SKT,SK7모바일,31297,31297,official_code,폰케어팩 (100GB+/통화맘껏),,moyo,True,,모요와 제휴되지 않은 통신사입니다. 요금제 가입 과정에 문제가 생겨도 모요에서 도와드릴 수 없어요.,LTE,100.0,,100.0,False,5Mbps,,,,,unsupported,True,,,True,,42000,42000,,,0,0,,,,,,51,https://www.moyoplan.com/plans/31297,2026-08-11T01:43:06.687727+00:00
MVNO,SKT,SK7모바일,29788,29788,official_code,LTE 유심 (25GB/200분),,moyo,True,,모요와 제휴되지 않은 통신사입니다. 요금제 가입 과정에 문제가 생겨도 모요에서 도와드릴 수 없어요.,LTE,25.0,,25.0,False,,,,,,unsupported,False,200,,False,100,22000,22000,,,0,0,,,,,,12,https://www.moyoplan.com/plans/29788,2026-08-11T01:43:06.687727+00:00
MVNO,SKT,프리티,33848,33848,official_code,예스24크레마클럽e북 구독 7G+1M,,moyo,True,,모요와 제휴되지 않은 통신사입니다. 요금제 가입 과정에 문제가 생겨도 모요에서 도와드릴 수 없어요.,LTE,7.0,,7.0,False,1Mbps,,,,,unsupported,False,0,,False,0,28820,11000,모요 프로모션 할인,7,0,0,,,,,,10,https://www.moyoplan.com/plans/33848,2026-08-11T01:43:06.687727+00:00
MVNO,SKT,SK7모바일,29843,29843,official_code,LTE 유심 (1GB+/통화맘껏),,moyo,True,,모요와 제휴되지 않은 통신사입니다. 요금제 가입 과정에 문제가 생겨도 모요에서 도와드릴 수 없어요.,LTE,1.0,,1.0,False,1Mbps,,,,,unsupported,True,,,True,,11000,11000,,,0,0,,,,,,113,https://www.moyoplan.com/plans/29843,2026-08-11T01:43:06.687727+00:00
MVNO,SKT,SK7모바일,29745,29745,official_code,LTE 유심 (100GB+/통화맘껏),,moyo,True,,모요와 제휴되지 않은 통신사입니다. 요금제 가입 과정에 문제가 생겨도 모요에서 도와드릴 수 없어요.,LTE,100.0,,100.0,False,5Mbps,,,,,unsupported,True,,,True,,42000,42000,,,0,0,,,,,,74,https://www.moyoplan.com/plans/29745,2026-08-11T01:43:06.687727+00:00
MVNO,SKT,SK7모바일,29824,29824,official_code,10% 포인트 (10GB/2000분),,moyo,True,,모요와 제휴되지 않은 통신사입니다. 요금제 가입 과정에 문제가 생겨도 모요에서 도와드릴 수 없어요.,LTE,10.0,,10.0,False,,,,,,unsupported,False,2000,,False,2000,14190,14190,,,0,0,,,,,,10,https://www.moyoplan.com/plans/29824,2026-08-11T01:43:06.687727+00:00
MVNO,LGU+,프리티,27445,27445,official_code,후후 안전통화생활 15G+1M,,moyo,True,,모요와 제휴되지 않은 통신사입니다. 요금제 가입 과정에 문제가 생겨도 모요에서 도와드릴 수 없어요.,LTE,15.0,,15.0,False,1Mbps,,,,,unsupported,False,0,,False,0,33770,13970,모요 프로모션 할인,7,0,0,,,,,,10,https://www.moyoplan.com/plans/27445,2026-08-11T01:43:06.687727+00:00
MVNO,SKT,SK7모바일,29791,29791,official_code,LTE 유심 (25GB/100분),,moyo,True,,모요와 제휴되지 않은 통신사입니다. 요금제 가입 과정에 문제가 생겨도 모요에서 도와드릴 수 없어요.,LTE,25.0,,25.0,False,,,,,,unsupported,False,100,,False,100,20900,20900,,,0,0,,,,,,20,https://www.moyoplan.com/plans/29791,2026-08-11T01:43:06.687727+00:00
MVNO,SKT,SK7모바일,29763,29763,official_code,LTE 유심 (11GB+/통화맘껏),,moyo,True,,모요와 제휴되지 않은 통신사입니다. 요금제 가입 과정에 문제가 생겨도 모요에서 도와드릴 수 없어요.,LTE,11.0,,11.0,False,3Mbps,2.0,,,,unsupported,True,,,True,,34100,34100,,,0,0,,,,,,58,https://www.moyoplan.com/plans/29763,2026-08-11T01:43:06.687727+00:00
MVNO,SKT,SK7모바일,29764,29764,official_code,번개유심 (11GB+/통화맘껏),,moyo,True,,모요와 제휴되지 않은 통신사입니다. 요금제 가입 과정에 문제가 생겨도 모요에서 도와드릴 수 없어요.,LTE,11.0,,11.0,False,3Mbps,2.0,,,,unsupported,True,,,True,,34100,34100,,,0,0,,,,,,29,https://www.moyoplan.com/plans/29764,2026-08-11T01:43:06.687727+00:00
MVNO,SKT,SK7모바일,29864,29864,official_code,[셀프] LTE 유심 (4GB/2000분),,moyo,True,,모요와 제휴되지 않은 통신사입니다. 요금제 가입 과정에 문제가 생겨도 모요에서 도와드릴 수 없어요.,LTE,4.0,,4.0,False,,,,,,unsupported,False,2000,,False,2000,6600,6600,,,0,0,,,,,,29,https://www.moyoplan.com/plans/29864,2026-08-11T01:43:06.687727+00:00
MVNO,SKT,SK7모바일,29863,29863,official_code,LTE 안심차단 (3GB/1000분),,moyo,True,,모요와 제휴되지 않은 통신사입니다. 요금제 가입 과정에 문제가 생겨도 모요에서 도와드릴 수 없어요.,LTE,3.0,,3.0,False,,,,,,unsupported,False,1000,,False,1000,6600,6600,,,0,0,,,,,,27,https://www.moyoplan.com/plans/29863,2026-08-11T01:43:06.687727+00:00
MVNO,SKT,SK7모바일,29867,29867,official_code,LTE 유심 (2GB/2000분),,moyo,True,,모요와 제휴되지 않은 통신사입니다. 요금제 가입 과정에 문제가 생겨도 모요에서 도와드릴 수 없어요.,LTE,2.0,,2.0,False,,,,,,unsupported,False,2000,,False,2000,6600,6600,,,0,0,,,,,,14,https://www.moyoplan.com/plans/29867,2026-08-11T01:43:06.687727+00:00
MVNO,SKT,SK7모바일,29868,29868,official_code,번개 유심 (2GB/2000분),,moyo,True,,모요와 제휴되지 않은 통신사입니다. 요금제 가입 과정에 문제가 생겨도 모요에서 도와드릴 수 없어요.,LTE,2.0,,2.0,False,,,,,,unsupported,False,2000,,False,2000,6600,6600,,,0,0,,,,,,12,https://www.moyoplan.com/plans/29868,2026-08-11T01:43:06.687727+00:00
MVNO,SKT,SK7모바일,29779,29779,official_code,10% 포인트 (15GB+/100분),,moyo,True,,모요와 제휴되지 않은 통신사입니다. 요금제 가입 과정에 문제가 생겨도 모요에서 도와드릴 수 없어요.,LTE,15.0,,15.0,False,3Mbps,,,,,unsupported,False,100,,False,100,27500,27500,,,0,0,,,,,,14,https://www.moyoplan.com/plans/29779,2026-08-11T01:43:06.687727+00:00
MVNO,SKT,SK7모바일,29872,29872,official_code,[셀프] LTE 유심 (2GB/2000분),,moyo,True,,모요와 제휴되지 않은 통신사입니다. 요금제 가입 과정에 문제가 생겨도 모요에서 도와드릴 수 없어요.,LTE,2.0,,2.0,False,,,,,,unsupported,False,2000,,False,2000,5500,5500,,,0,0,,,,,,71,https://www.moyoplan.com/plans/29872,2026-08-11T01:43:06.687727+00:00
MVNO,LGU+,프리티,16083,16083,official_code,이마트24_Venti,,moyo,True,,모요와 제휴되지 않은 통신사입니다. 요금제 가입 과정에 문제가 생겨도 모요에서 도와드릴 수 없어요.,LTE,15.0,,15.0,False,3Mbps,,,,,undisclosed,False,100,,False,100,27500,27500,,,0,0,,,,,,10,https://www.moyoplan.com/plans/16083,2026-08-11T01:43:06.687727+00:00
MVNO,SKT,프리티,33846,33846,official_code,데이터안심10G+1M,,moyo,True,,모요와 제휴되지 않은 통신사입니다. 요금제 가입 과정에 문제가 생겨도 모요에서 도와드릴 수 없어요.,LTE,10.0,,10.0,False,1Mbps,,,,,unsupported,False,0,,False,0,29700,11550,모요 프로모션 할인,7,0,0,,,,,,17,https://www.moyoplan.com/plans/33846,2026-08-11T01:43:06.687727+00:00
MVNO,KT,프리티,34675,34675,official_code,모아진 구독 7G+1M,,moyo,True,,모요와 제휴되지 않은 통신사입니다. 요금제 가입 과정에 문제가 생겨도 모요에서 도와드릴 수 없어요.,LTE,7.0,,7.0,False,1Mbps,,,,,unsupported,False,0,,False,0,25300,10560,모요 프로모션 할인,7,0,0,,,,,,10,https://www.moyoplan.com/plans/34675,2026-08-11T01:43:06.687727+00:00
MVNO,SKT,SK7모바일,37101,37101,official_code,LTE 유심 (30GB+/통화맘껏),,moyo,True,,모요와 제휴되지 않은 통신사입니다. 요금제 가입 과정에 문제가 생겨도 모요에서 도와드릴 수 없어요.,LTE,30.0,,30.0,False,1Mbps,,,,,unsupported,True,,,False,100,27500,27500,,,0,0,,,,,,57,https://www.moyoplan.com/plans/37101,2026-08-11T01:43:06.687727+00:00
MVNO,SKT,프리티,33866,33866,official_code,(5G)더든든한500분30GB,,moyo,True,,모요와 제휴되지 않은 통신사입니다. 요금제 가입 과정에 문제가 생겨도 모요에서 도와드릴 수 없어요.,5G,30.0,,30.0,False,,,,,,unsupported,False,500,,False,100,22000,18700,모요 프로모션 할인,7,0,0,,,,,,57,https://www.moyoplan.com/plans/33866,2026-08-11T01:43:06.687727+00:00
MVNO,KT,프리티,26815,26815,official_code,CU+CGV 100G+,,moyo,True,,모요와 제휴되지 않은 통신사입니다. 요금제 가입 과정에 문제가 생겨도 모요에서 도와드릴 수 없어요.,LTE,100.0,,100.0,False,5Mbps,,,,,unsupported,False,0,,False,0,63800,26400,모요 프로모션 할인,7,0,0,,,,,,10,https://www.moyoplan.com/plans/26815,2026-08-11T01:43:06.687727+00:00
MVNO,SKT,SK7모바일,29808,29808,official_code,LTE 유심 (7GB+/통화맘껏),,moyo,True,,모요와 제휴되지 않은 통신사입니다. 요금제 가입 과정에 문제가 생겨도 모요에서 도와드릴 수 없어요.,LTE,7.0,,7.0,False,1Mbps,,,,,unsupported,True,,,True,,18000,18000,,,0,0,,,,,,38,https://www.moyoplan.com/plans/29808,2026-08-11T01:43:06.687727+00:00
MVNO,LGU+,프리티,16036,16036,official_code,이마트24_Star,,moyo,True,,모요와 제휴되지 않은 통신사입니다. 요금제 가입 과정에 문제가 생겨도 모요에서 도와드릴 수 없어요.,LTE,11.0,,11.0,False,3Mbps,2.0,,,,unsupported,False,0,,False,0,34100,34100,,,0,0,,,,,,10,https://www.moyoplan.com/plans/16036,2026-08-11T01:43:06.687727+00:00
MVNO,SKT,SK7모바일,31300,31300,official_code,폰케어팩 (7GB+/통화맘껏),,moyo,True,,모요와 제휴되지 않은 통신사입니다. 요금제 가입 과정에 문제가 생겨도 모요에서 도와드릴 수 없어요.,LTE,7.0,,7.0,False,1Mbps,,,,,unsupported,True,,,True,,18000,18000,,,0,0,,,,,,25,https://www.moyoplan.com/plans/31300,2026-08-11T01:43:06.687727+00:00
MVNO,SKT,SK7모바일,29809,29809,official_code,번개 유심 (7GB+/통화맘껏),,moyo,True,,모요와 제휴되지 않은 통신사입니다. 요금제 가입 과정에 문제가 생겨도 모요에서 도와드릴 수 없어요.,LTE,7.0,,7.0,False,1Mbps,,,,,unsupported,True,,,True,,18000,18000,,,0,0,,,,,,17,https://www.moyoplan.com/plans/29809,2026-08-11T01:43:06.687727+00:00
MVNO,KT,프리티,31308,31308,official_code,올리브영 15G+1M,,moyo,True,,모요와 제휴되지 않은 통신사입니다. 요금제 가입 과정에 문제가 생겨도 모요에서 도와드릴 수 없어요.,LTE,15.0,,15.0,False,1Mbps,,,,,unsupported,False,0,,False,0,35530,17270,모요 프로모션 할인,7,0,0,,,,,,10,https://www.moyoplan.com/plans/31308,2026-08-11T01:43:06.687727+00:00
MVNO,KT,프리티,31427,31427,official_code,다이소 15G+1M,,moyo,True,,모요와 제휴되지 않은 통신사입니다. 요금제 가입 과정에 문제가 생겨도 모요에서 도와드릴 수 없어요.,LTE,15.0,,15.0,False,1Mbps,,,,,unsupported,False,0,,False,0,35530,17270,모요 프로모션 할인,7,0,0,,,,,,10,https://www.moyoplan.com/plans/31427,2026-08-11T01:43:06.687727+00:00
MVNO,SKT,SK7모바일,29770,29770,official_code,LTE 유심 (15GB+/300분),,moyo,True,,모요와 제휴되지 않은 통신사입니다. 요금제 가입 과정에 문제가 생겨도 모요에서 도와드릴 수 없어요.,LTE,15.0,,15.0,False,3Mbps,,,,,unsupported,False,300,,False,300,28600,28600,,,0,0,,,,,,30,https://www.moyoplan.com/plans/29770,2026-08-11T01:43:06.687727+00:00
MVNO,SKT,SK7모바일,29836,29836,official_code,10% 포인트 (6GB/200분),,moyo,True,,모요와 제휴되지 않은 통신사입니다. 요금제 가입 과정에 문제가 생겨도 모요에서 도와드릴 수 없어요.,LTE,6.0,,6.0,False,,,,,,unsupported,False,200,,False,100,11770,11770,,,0,0,,,,,,10,https://www.moyoplan.com/plans/29836,2026-08-11T01:43:06.687727+00:00
MVNO,SKT,SK7모바일,29861,29861,official_code,5G 유심 (3GB/1000분),,moyo,True,,모요와 제휴되지 않은 통신사입니다. 요금제 가입 과정에 문제가 생겨도 모요에서 도와드릴 수 없어요.,5G,3.0,,3.0,False,,,,,,unsupported,False,1000,,False,100,6900,6900,,,0,0,,,,,,15,https://www.moyoplan.com/plans/29861,2026-08-11T01:43:06.687727+00:00
MVNO,SKT,SK7모바일,29866,29866,official_code,5G 유심 (3GB/200분),,moyo,True,,모요와 제휴되지 않은 통신사입니다. 요금제 가입 과정에 문제가 생겨도 모요에서 도와드릴 수 없어요.,5G,3.0,,3.0,False,,,,,,unsupported,False,200,,False,100,6900,6900,,,0,0,,,,,,10,https://www.moyoplan.com/plans/29866,2026-08-11T01:43:06.687727+00:00
MVNO,SKT,SK7모바일,29870,29870,official_code,LTE 유심 (3GB/200분),,moyo,True,,모요와 제휴되지 않은 통신사입니다. 요금제 가입 과정에 문제가 생겨도 모요에서 도와드릴 수 없어요.,LTE,3.0,,3.0,False,,,,,,unsupported,False,200,,False,100,6900,6900,,,0,0,,,,,,13,https://www.moyoplan.com/plans/29870,2026-08-11T01:43:06.687727+00:00
MVNO,SKT,SK7모바일,33625,33625,official_code,7 PICK (15GB+/300분),,moyo,True,,모요와 제휴되지 않은 통신사입니다. 요금제 가입 과정에 문제가 생겨도 모요에서 도와드릴 수 없어요.,LTE,15.0,,15.0,False,3Mbps,,,,,unsupported,False,300,,False,300,29700,29700,,,0,0,,,,,,16,https://www.moyoplan.com/plans/33625,2026-08-11T01:43:06.687727+00:00
MVNO,SKT,SK7모바일,29860,29860,official_code,LTE 유심 (5GB/100분),,moyo,True,,모요와 제휴되지 않은 통신사입니다. 요금제 가입 과정에 문제가 생겨도 모요에서 도와드릴 수 없어요.,LTE,5.0,,5.0,False,,,,,,unsupported,False,100,,False,100,7900,7900,,,0,0,,,,,,15,https://www.moyoplan.com/plans/29860,2026-08-11T01:43:06.687727+00:00
MVNO,SKT,SK7모바일,35796,35796,official_code,5G 안심 (10GB+/2000분),,moyo,True,,모요와 제휴되지 않은 통신사입니다. 요금제 가입 과정에 문제가 생겨도 모요에서 도와드릴 수 없어요.,5G,10.0,,10.0,False,400Kbps,,,,,unsupported,False,2000,,False,2000,13900,13900,,,0,0,,,,,,66,https://www.moyoplan.com/plans/35796,2026-08-11T01:43:06.687727+00:00
MVNO,SKT,SK7모바일,29760,29760,official_code,10% 포인트 (11GB+/통화맘껏),,moyo,True,,모요와 제휴되지 않은 통신사입니다. 요금제 가입 과정에 문제가 생겨도 모요에서 도와드릴 수 없어요.,LTE,11.0,,11.0,False,3Mbps,2.0,,,,unsupported,True,,,True,,37400,37400,,,0,0,,,,,,12,https://www.moyoplan.com/plans/29760,2026-08-11T01:43:06.687727+00:00
MVNO,KT,프리티,23988,23988,official_code,보이스피싱 안심보상7G+1M,,moyo,True,,모요와 제휴되지 않은 통신사입니다. 요금제 가입 과정에 문제가 생겨도 모요에서 도와드릴 수 없어요.,LTE,7.0,,7.0,False,1Mbps,,,,,unsupported,False,0,,False,0,25300,10560,모요 프로모션 할인,7,0,0,,,,,,13,https://www.moyoplan.com/plans/23988,2026-08-11T01:43:06.687727+00:00
MVNO,KT,프리티,28131,28131,official_code,예스24크레마클럽e북 구독 100G+,,moyo,True,,모요와 제휴되지 않은 통신사입니다. 요금제 가입 과정에 문제가 생겨도 모요에서 도와드릴 수 없어요.,LTE,100.0,,100.0,False,5Mbps,,,,,unsupported,False,0,,False,0,56320,23540,모요 프로모션 할인,7,0,0,,,,,,12,https://www.moyoplan.com/plans/28131,2026-08-11T01:43:06.687727+00:00
MVNO,LGU+,프리티,29927,29927,official_code,NH올원프리덤11G+,,moyo,True,,모요와 제휴되지 않은 통신사입니다. 요금제 가입 과정에 문제가 생겨도 모요에서 도와드릴 수 없어요.,LTE,11.0,,11.0,False,3Mbps,2.0,,,,unsupported,False,0,,False,0,35200,35200,,,0,0,,,,,,10,https://www.moyoplan.com/plans/29927,2026-08-11T01:43:06.687727+00:00
MVNO,SKT,SK7모바일,33627,33627,official_code,7 PICK (7GB+/통화맘껏),,moyo,True,,모요와 제휴되지 않은 통신사입니다. 요금제 가입 과정에 문제가 생겨도 모요에서 도와드릴 수 없어요.,LTE,7.0,,7.0,False,1Mbps,,,,,unsupported,True,,,True,,19100,19100,,,0,0,,,,,,11,https://www.moyoplan.com/plans/33627,2026-08-11T01:43:06.687727+00:00
MVNO,SKT,프리티,33868,33868,official_code,(5G)프리티구독1000분20G(스타벅스금액권),,moyo,True,,모요와 제휴되지 않은 통신사입니다. 요금제 가입 과정에 문제가 생겨도 모요에서 도와드릴 수 없어요.,5G,20.0,,20.0,False,,,,,,unsupported,False,1000,,False,200,22000,22000,,,0,0,,,,,,35,https://www.moyoplan.com/plans/33868,2026-08-11T01:43:06.687727+00:00
MVNO,SKT,SK7모바일,29844,29844,official_code,번개 유심 (1GB+/통화맘껏),,moyo,True,,모요와 제휴되지 않은 통신사입니다. 요금제 가입 과정에 문제가 생겨도 모요에서 도와드릴 수 없어요.,LTE,1.0,,1.0,False,1Mbps,,,,,unsupported,True,,,True,,11000,11000,,,0,0,,,,,,68,https://www.moyoplan.com/plans/29844,2026-08-11T01:43:06.687727+00:00
MVNO,LGU+,프리티,35894,35894,official_code,프리티구독7G+(대한항공 기프트카드),,moyo,True,,모요와 제휴되지 않은 통신사입니다. 요금제 가입 과정에 문제가 생겨도 모요에서 도와드릴 수 없어요.,LTE,7.0,,7.0,False,1Mbps,,,,,unsupported,False,0,,False,0,17600,17600,,,0,0,,,,,,10,https://www.moyoplan.com/plans/35894,2026-08-11T01:43:06.687727+00:00
MVNO,SKT,프리티,35898,35898,official_code,프리티구독7G+1M(대한항공 기프트카드),,moyo,True,,모요와 제휴되지 않은 통신사입니다. 요금제 가입 과정에 문제가 생겨도 모요에서 도와드릴 수 없어요.,LTE,7.0,,7.0,False,1Mbps,,,,,unsupported,False,0,,False,0,17600,17600,,,0,0,,,,,,13,https://www.moyoplan.com/plans/35898,2026-08-11T01:43:06.687727+00:00
MVNO,SKT,프리티,33910,33910,official_code,프리미엄데이터7G+1M,,moyo,True,,모요와 제휴되지 않은 통신사입니다. 요금제 가입 과정에 문제가 생겨도 모요에서 도와드릴 수 없어요.,LTE,7.0,,7.0,False,1Mbps,,,,,unsupported,False,0,,False,0,22000,17050,모요 프로모션 할인,24,0,0,,,,,,10,https://www.moyoplan.com/plans/33910,2026-08-11T01:43:06.687727+00:00
MVNO,SKT,SK7모바일,29740,29740,official_code,[Online] CMLink (100GB+),,moyo,True,,모요와 제휴되지 않은 통신사입니다. 요금제 가입 과정에 문제가 생겨도 모요에서 도와드릴 수 없어요.,LTE,100.0,,100.0,False,5Mbps,,,,,unsupported,True,,,True,,47850,47850,,,0,0,,,,,,24,https://www.moyoplan.com/plans/29740,2026-08-11T01:43:06.687727+00:00
MVNO,SKT,SK7모바일,29778,29778,official_code,[셀프] LTE 유심 (15GB+/300분),,moyo,True,,모요와 제휴되지 않은 통신사입니다. 요금제 가입 과정에 문제가 생겨도 모요에서 도와드릴 수 없어요.,LTE,15.0,,15.0,False,3Mbps,,,,,unsupported,False,300,,False,300,27500,27500,,,0,0,,,,,,72,https://www.moyoplan.com/plans/29778,2026-08-11T01:43:06.687727+00:00
MVNO,SKT,SK7모바일,29865,29865,official_code,10% 포인트 (2GB/200분),,moyo,True,,모요와 제휴되지 않은 통신사입니다. 요금제 가입 과정에 문제가 생겨도 모요에서 도와드릴 수 없어요.,LTE,2.0,,2.0,False,,,,,,unsupported,False,200,,False,100,7590,7590,,,0,0,,,,,,11,https://www.moyoplan.com/plans/29865,2026-08-11T01:43:06.687727+00:00
MVNO,KT,프리티,15948,15948,official_code,(5G)더빠른110G+,,moyo,True,,모요와 제휴되지 않은 통신사입니다. 요금제 가입 과정에 문제가 생겨도 모요에서 도와드릴 수 없어요.,5G,110.0,,110.0,False,5Mbps,,,,,unsupported,False,0,,False,0,49500,23100,모요 프로모션 할인,7,0,0,,,,,,169,https://www.moyoplan.com/plans/15948,2026-08-11T01:43:06.687727+00:00
MVNO,SKT,SK7모바일,29802,29802,official_code,10% 포인트 (7GB+/통화맘껏),,moyo,True,,모요와 제휴되지 않은 통신사입니다. 요금제 가입 과정에 문제가 생겨도 모요에서 도와드릴 수 없어요.,LTE,7.0,,7.0,False,1Mbps,,,,,unsupported,True,,,True,,19800,19800,,,0,0,,,,,,10,https://www.moyoplan.com/plans/29802,2026-08-11T01:43:06.687727+00:00
MVNO,SKT,SK7모바일,29857,29857,official_code,LTE 유심 (4GB/2000분),,moyo,True,,모요와 제휴되지 않은 통신사입니다. 요금제 가입 과정에 문제가 생겨도 모요에서 도와드릴 수 없어요.,LTE,4.0,,4.0,False,,,,,,unsupported,False,2000,,False,2000,7700,7700,,,0,0,,,,,,10,https://www.moyoplan.com/plans/29857,2026-08-11T01:43:06.687727+00:00
MVNO,SKT,SK7모바일,29858,29858,official_code,번개 유심 (4GB/2000분),,moyo,True,,모요와 제휴되지 않은 통신사입니다. 요금제 가입 과정에 문제가 생겨도 모요에서 도와드릴 수 없어요.,LTE,4.0,,4.0,False,,,,,,unsupported,False,2000,,False,2000,7700,7700,,,0,0,,,,,,10,https://www.moyoplan.com/plans/29858,2026-08-11T01:43:06.687727+00:00
MVNO,SKT,SK7모바일,29768,29768,official_code,[Online] CMLink (15GB+),,moyo,True,,모요와 제휴되지 않은 통신사입니다. 요금제 가입 과정에 문제가 생겨도 모요에서 도와드릴 수 없어요.,LTE,15.0,,15.0,False,3Mbps,,,,,unsupported,False,100,,False,100,30800,30800,,,0,0,,,,,,17,https://www.moyoplan.com/plans/29768,2026-08-11T01:43:06.687727+00:00
MVNO,LGU+,프리티,29926,29926,official_code,NH올원프리덤7G+,,moyo,True,,모요와 제휴되지 않은 통신사입니다. 요금제 가입 과정에 문제가 생겨도 모요에서 도와드릴 수 없어요.,LTE,7.0,,7.0,False,1Mbps,,,,,unsupported,False,0,,False,0,17600,17600,,,0,0,,,,,,10,https://www.moyoplan.com/plans/29926,2026-08-11T01:43:06.687727+00:00
MVNO,SKT,SK7모바일,29813,29813,official_code,LTE 유심 (8GB+/1000분),,moyo,True,,모요와 제휴되지 않은 통신사입니다. 요금제 가입 과정에 문제가 생겨도 모요에서 도와드릴 수 없어요.,LTE,8.0,,8.0,False,1Mbps,,,,,unsupported,False,1000,,False,100,16900,16900,,,0,0,,,,,,11,https://www.moyoplan.com/plans/29813,2026-08-11T01:43:06.687727+00:00
MVNO,KT,프리티,26813,26813,official_code,CU+CGV 15G+,,moyo,True,,모요와 제휴되지 않은 통신사입니다. 요금제 가입 과정에 문제가 생겨도 모요에서 도와드릴 수 없어요.,LTE,15.0,,15.0,False,3Mbps,,,,,unsupported,False,100,,False,100,44000,22000,모요 프로모션 할인,7,0,0,,,,,,11,https://www.moyoplan.com/plans/26813,2026-08-11T01:43:06.687727+00:00
MVNO,SKT,SK7모바일,29762,29762,official_code,5G 유심 (15GB+/통화맘껏),,moyo,True,,모요와 제휴되지 않은 통신사입니다. 요금제 가입 과정에 문제가 생겨도 모요에서 도와드릴 수 없어요.,5G,15.0,,15.0,False,1Mbps,,,,,unsupported,True,,,True,,32450,32450,,,0,0,,,,,,67,https://www.moyoplan.com/plans/29762,2026-08-11T01:43:06.687727+00:00
MVNO,LGU+,프리티,27195,27195,official_code,NH더드림 안심+,,moyo,True,,모요와 제휴되지 않은 통신사입니다. 요금제 가입 과정에 문제가 생겨도 모요에서 도와드릴 수 없어요.,LTE,1.0,,1.0,False,1Mbps,,,,,unsupported,False,0,,False,0,9900,7700,모요 프로모션 할인,24,0,0,,,,,,63,https://www.moyoplan.com/plans/27195,2026-08-11T01:43:06.687727+00:00
MVNO,SKT,프리티,34672,34672,official_code,NH프리덤11G+,,moyo,True,,모요와 제휴되지 않은 통신사입니다. 요금제 가입 과정에 문제가 생겨도 모요에서 도와드릴 수 없어요.,LTE,11.0,,11.0,False,3Mbps,2.0,,,,unsupported,False,0,,False,0,49390,20900,모요 프로모션 할인,7,0,0,,,,,,10,https://www.moyoplan.com/plans/34672,2026-08-11T01:43:06.687727+00:00
MVNO,KT,프리티,26814,26814,official_code,CU+CGV 11G+,,moyo,True,,모요와 제휴되지 않은 통신사입니다. 요금제 가입 과정에 문제가 생겨도 모요에서 도와드릴 수 없어요.,LTE,11.0,,11.0,False,3Mbps,2.0,,,,unsupported,False,0,,False,0,53790,24090,모요 프로모션 할인,7,0,0,,,,,,10,https://www.moyoplan.com/plans/26814,2026-08-11T01:43:06.687727+00:00
MVNO,SKT,프리티,33857,33857,official_code,(5G)더든든한500분25GB,,moyo,True,,모요와 제휴되지 않은 통신사입니다. 요금제 가입 과정에 문제가 생겨도 모요에서 도와드릴 수 없어요.,5G,25.0,,25.0,False,,,,,,unsupported,False,500,,False,100,19800,16500,모요 프로모션 할인,7,0,0,,,,,,17,https://www.moyoplan.com/plans/33857,2026-08-11T01:43:06.687727+00:00
MVNO,SKT,SK7모바일,29817,29817,official_code,번개 유심 (5GB+/200분),,moyo,True,,모요와 제휴되지 않은 통신사입니다. 요금제 가입 과정에 문제가 생겨도 모요에서 도와드릴 수 없어요.,LTE,5.0,,5.0,False,1Mbps,,,,,unsupported,False,200,,False,100,16060,16060,,,0,0,,,,,,10,https://www.moyoplan.com/plans/29817,2026-08-11T01:43:06.687727+00:00
MVNO,SKT,프리티,34302,34302,official_code,NH프리덤100G+5M,,moyo,True,,모요와 제휴되지 않은 통신사입니다. 요금제 가입 과정에 문제가 생겨도 모요에서 도와드릴 수 없어요.,LTE,100.0,,100.0,False,5Mbps,,,,,unsupported,False,0,,False,0,55000,24200,모요 프로모션 할인,7,0,0,,,,,,13,https://www.moyoplan.com/plans/34302,2026-08-11T01:43:06.687727+00:00
MVNO,LGU+,프리티,19283,19283,official_code,데이터안심10G+1M,,moyo,True,,모요와 제휴되지 않은 통신사입니다. 요금제 가입 과정에 문제가 생겨도 모요에서 도와드릴 수 없어요.,LTE,10.0,,10.0,False,1Mbps,,,,,unsupported,False,0,,False,0,30800,11000,모요 프로모션 할인,7,0,0,,,,,,18,https://www.moyoplan.com/plans/19283,2026-08-11T01:43:06.687727+00:00
MVNO,SKT,SK7모바일,29738,29738,official_code,[Online] 5G CMLink (110GB+),,moyo,True,,모요와 제휴되지 않은 통신사입니다. 요금제 가입 과정에 문제가 생겨도 모요에서 도와드릴 수 없어요.,5G,110.0,,110.0,False,5Mbps,,,,,unsupported,True,,,True,,50600,50600,,,0,0,,,,,,13,https://www.moyoplan.com/plans/29738,2026-08-11T01:43:06.687727+00:00
MVNO,SKT,SK7모바일,29811,29811,official_code,10% 포인트 (5GB+/200분),,moyo,True,,모요와 제휴되지 않은 통신사입니다. 요금제 가입 과정에 문제가 생겨도 모요에서 도와드릴 수 없어요.,LTE,5.0,,5.0,False,1Mbps,,,,,unsupported,False,200,,False,100,17600,17600,,,0,0,,,,,,10,https://www.moyoplan.com/plans/29811,2026-08-11T01:43:06.687727+00:00
MVNO,KT,프리티,28130,28130,official_code,예스24크레마클럽e북 구독 10G+,,moyo,True,,모요와 제휴되지 않은 통신사입니다. 요금제 가입 과정에 문제가 생겨도 모요에서 도와드릴 수 없어요.,LTE,10.0,,10.0,False,3Mbps,2.0,,,,unsupported,False,0,,False,0,46310,21560,모요 프로모션 할인,7,0,0,,,,,,12,https://www.moyoplan.com/plans/28130,2026-08-11T01:43:06.687727+00:00
MVNO,SKT,프리티,33856,33856,official_code,(5G)더든든한200분25GB,,moyo,True,,모요와 제휴되지 않은 통신사입니다. 요금제 가입 과정에 문제가 생겨도 모요에서 도와드릴 수 없어요.,5G,25.0,,25.0,False,,,,,,unsupported,False,200,,False,100,18700,15400,모요 프로모션 할인,7,0,0,,,,,,24,https://www.moyoplan.com/plans/33856,2026-08-11T01:43:06.687727+00:00
MVNO,SKT,SK7모바일,29759,29759,official_code,롯데시네마 (11GB+/통화맘껏),,moyo,True,,모요와 제휴되지 않은 통신사입니다. 요금제 가입 과정에 문제가 생겨도 모요에서 도와드릴 수 없어요.,LTE,11.0,,11.0,False,3Mbps,2.0,,,,unsupported,True,,,True,,37600,37600,,,0,0,,,,,,36,https://www.moyoplan.com/plans/29759,2026-08-11T01:43:06.687727+00:00
MVNO,SKT,SK7모바일,29854,29854,official_code,[셀프] LTE 유심 (6GB/2000분),,moyo,True,,모요와 제휴되지 않은 통신사입니다. 요금제 가입 과정에 문제가 생겨도 모요에서 도와드릴 수 없어요.,LTE,6.0,,6.0,False,,,,,,unsupported,False,2000,,False,2000,8800,8800,,,0,0,,,,,,11,https://www.moyoplan.com/plans/29854,2026-08-11T01:43:06.687727+00:00
MVNO,LGU+,프리티,27444,27444,official_code,후후 안전통화생활 10G+1M,,moyo,True,,모요와 제휴되지 않은 통신사입니다. 요금제 가입 과정에 문제가 생겨도 모요에서 도와드릴 수 없어요.,LTE,10.0,,10.0,False,1Mbps,,,,,unsupported,False,0,,False,0,31570,11770,모요 프로모션 할인,7,0,0,,,,,,10,https://www.moyoplan.com/plans/27444,2026-08-11T01:43:06.687727+00:00
MVNO,SKT,SK7모바일,33629,33629,official_code,7 PICK (10GB+/통화맘껏),,moyo,True,,모요와 제휴되지 않은 통신사입니다. 요금제 가입 과정에 문제가 생겨도 모요에서 도와드릴 수 없어요.,LTE,10.0,,10.0,False,1Mbps,,,,,unsupported,True,,,True,,21100,21100,,,0,0,,,,,,11,https://www.moyoplan.com/plans/33629,2026-08-11T01:43:06.687727+00:00
MVNO,LGU+,프리티,35895,35895,official_code,프리티구독15G+3M(대한항공 기프트카드),,moyo,True,,모요와 제휴되지 않은 통신사입니다. 요금제 가입 과정에 문제가 생겨도 모요에서 도와드릴 수 없어요.,LTE,15.0,,15.0,False,3Mbps,,,,,unsupported,False,100,,False,100,33000,27500,모요 프로모션 할인,7,0,0,,,,,,10,https://www.moyoplan.com/plans/35895,2026-08-11T01:43:06.687727+00:00
MVNO,SKT,SK7모바일,29807,29807,official_code,[Online] CMLink (1GB+),,moyo,True,,모요와 제휴되지 않은 통신사입니다. 요금제 가입 과정에 문제가 생겨도 모요에서 도와드릴 수 없어요.,LTE,1.0,,1.0,False,1Mbps,,,,,unsupported,True,,,True,,18400,18400,,,0,0,,,,,,28,https://www.moyoplan.com/plans/29807,2026-08-11T01:43:06.687727+00:00
MVNO,SKT,프리티,35899,35899,official_code,프리티구독15G+3M(대한항공 기프트카드),,moyo,True,,모요와 제휴되지 않은 통신사입니다. 요금제 가입 과정에 문제가 생겨도 모요에서 도와드릴 수 없어요.,LTE,15.0,,15.0,False,3Mbps,,,,,unsupported,False,100,,False,100,33000,27500,모요 프로모션 할인,7,0,0,,,,,,10,https://www.moyoplan.com/plans/35899,2026-08-11T01:43:06.687727+00:00
MVNO,SKT,SK7모바일,29786,29786,official_code,LTE 유심 (20GB+/1000분),,moyo,True,,모요와 제휴되지 않은 통신사입니다. 요금제 가입 과정에 문제가 생겨도 모요에서 도와드릴 수 없어요.,LTE,20.0,,20.0,False,1Mbps,,,,,unsupported,False,1000,,False,100,24750,24750,,,0,0,,,,,,30,https://www.moyoplan.com/plans/29786,2026-08-11T01:43:06.687727+00:00
MVNO,SKT,SK7모바일,29800,29800,official_code,번개 유심 (10GB+/통화맘껏),,moyo,True,,모요와 제휴되지 않은 통신사입니다. 요금제 가입 과정에 문제가 생겨도 모요에서 도와드릴 수 없어요.,LTE,10.0,,10.0,False,1Mbps,,,,,unsupported,True,,,True,,20000,20000,,,0,0,,,,,,16,https://www.moyoplan.com/plans/29800,2026-08-11T01:43:06.687727+00:00
MVNO,SKT,SK7모바일,29799,29799,official_code,LTE 유심 (10GB+/통화맘껏),,moyo,True,,모요와 제휴되지 않은 통신사입니다. 요금제 가입 과정에 문제가 생겨도 모요에서 도와드릴 수 없어요.,LTE,10.0,,10.0,False,1Mbps,,,,,unsupported,True,,,True,,20000,20000,,,0,0,,,,,,27,https://www.moyoplan.com/plans/29799,2026-08-11T01:43:06.687727+00:00
MVNO,SKT,SK7모바일,31299,31299,official_code,폰케어팩 (10GB+/통화맘껏),,moyo,True,,모요와 제휴되지 않은 통신사입니다. 요금제 가입 과정에 문제가 생겨도 모요에서 도와드릴 수 없어요.,LTE,10.0,,10.0,False,1Mbps,,,,,unsupported,True,,,True,,20000,20000,,,0,0,,,,,,15,https://www.moyoplan.com/plans/31299,2026-08-11T01:43:06.687727+00:00
MVNO,SKT,SK7모바일,29805,29805,official_code,LTE 유심 (10GB+/1000분),,moyo,True,,모요와 제휴되지 않은 통신사입니다. 요금제 가입 과정에 문제가 생겨도 모요에서 도와드릴 수 없어요.,LTE,10.0,,10.0,False,1Mbps,,,,,unsupported,False,1000,,False,100,18900,18900,,,0,0,,,,,,10,https://www.moyoplan.com/plans/29805,2026-08-11T01:43:06.687727+00:00
MVNO,SKT,프리티,33874,33874,official_code,프리티구독15G+3M(스타벅스금액권),,moyo,True,,모요와 제휴되지 않은 통신사입니다. 요금제 가입 과정에 문제가 생겨도 모요에서 도와드릴 수 없어요.,LTE,15.0,,15.0,False,3Mbps,,,,,unsupported,False,100,,False,100,41800,22000,모요 프로모션 할인,7,0,0,,,,,,11,https://www.moyoplan.com/plans/33874,2026-08-11T01:43:06.687727+00:00
MVNO,LGU+,프리티,29928,29928,official_code,NH올원프리덤100G+,,moyo,True,,모요와 제휴되지 않은 통신사입니다. 요금제 가입 과정에 문제가 생겨도 모요에서 도와드릴 수 없어요.,LTE,100.0,,100.0,False,5Mbps,,,,,unsupported,False,0,,False,0,42900,42900,,,0,0,,,,,,26,https://www.moyoplan.com/plans/29928,2026-08-11T01:43:06.687727+00:00
MVNO,SKT,SK7모바일,29804,29804,official_code,[셀프] LTE 유심 (10GB+),,moyo,True,,모요와 제휴되지 않은 통신사입니다. 요금제 가입 과정에 문제가 생겨도 모요에서 도와드릴 수 없어요.,LTE,10.0,,10.0,False,1Mbps,,,,,unsupported,True,,,True,,18900,18900,,,0,0,,,,,,85,https://www.moyoplan.com/plans/29804,2026-08-11T01:43:06.687727+00:00
MVNO,SKT,프리티,33880,33880,official_code,프리티구독100G+5M(스타벅스금액권),,moyo,True,,모요와 제휴되지 않은 통신사입니다. 요금제 가입 과정에 문제가 생겨도 모요에서 도와드릴 수 없어요.,LTE,100.0,,100.0,False,5Mbps,,,,,unsupported,False,0,,False,0,57200,28600,모요 프로모션 할인,7,0,0,,,,,,20,https://www.moyoplan.com/plans/33880,2026-08-11T01:43:06.687727+00:00
MVNO,LGU+,프리티,34261,34261,official_code,예스24크레마클럽e북 구독 일5G+,,moyo,True,,모요와 제휴되지 않은 통신사입니다. 요금제 가입 과정에 문제가 생겨도 모요에서 도와드릴 수 없어요.,LTE,,,,False,5Mbps,5.0,,,,unsupported,False,0,,False,0,56210,23210,모요 프로모션 할인,7,0,0,,,,,,10,https://www.moyoplan.com/plans/34261,2026-08-11T01:43:06.687727+00:00
MVNO,SKT,SK7모바일,29744,29744,official_code,5G 유심 (74GB+/통화맘껏),,moyo,True,,모요와 제휴되지 않은 통신사입니다. 요금제 가입 과정에 문제가 생겨도 모요에서 도와드릴 수 없어요.,5G,74.0,,74.0,False,1Mbps,,,,,unsupported,True,,,True,,39100,39100,,,0,0,,,,,,39,https://www.moyoplan.com/plans/29744,2026-08-11T01:43:06.687727+00:00
MVNO,LGU+,프리티,32942,32942,official_code,프리티구독15G+3M(스타벅스금액권),,moyo,True,,모요와 제휴되지 않은 통신사입니다. 요금제 가입 과정에 문제가 생겨도 모요에서 도와드릴 수 없어요.,LTE,15.0,,15.0,False,3Mbps,,,,,unsupported,False,100,,False,100,41800,25300,모요 프로모션 할인,7,0,0,,,,,,11,https://www.moyoplan.com/plans/32942,2026-08-11T01:43:06.687727+00:00
MVNO,SKT,SK7모바일,29790,29790,official_code,[Online] CMLink (7GB+),,moyo,True,,모요와 제휴되지 않은 통신사입니다. 요금제 가입 과정에 문제가 생겨도 모요에서 도와드릴 수 없어요.,LTE,7.0,,7.0,False,1Mbps,,,,,unsupported,True,,,True,,24200,24200,,,0,0,,,,,,10,https://www.moyoplan.com/plans/29790,2026-08-11T01:43:06.687727+00:00
MVNO,SKT,SK7모바일,29739,29739,official_code,5G 유심 (200GB+/통화맘껏),,moyo,True,,모요와 제휴되지 않은 통신사입니다. 요금제 가입 과정에 문제가 생겨도 모요에서 도와드릴 수 없어요.,5G,200.0,,200.0,False,5Mbps,,,,,unsupported,True,,,True,,47700,47700,,,0,0,,,,,,113,https://www.moyoplan.com/plans/29739,2026-08-11T01:43:06.687727+00:00
MVNO,SKT,SK7모바일,29758,29758,official_code,5G 유심 (24GB+/통화맘껏),,moyo,True,,모요와 제휴되지 않은 통신사입니다. 요금제 가입 과정에 문제가 생겨도 모요에서 도와드릴 수 없어요.,5G,24.0,,24.0,False,1Mbps,,,,,unsupported,True,,,True,,34900,34900,,,0,0,,,,,,24,https://www.moyoplan.com/plans/29758,2026-08-11T01:43:06.687727+00:00
MVNO,SKT,프리티,33852,33852,official_code,CGV 7G+1M,,moyo,True,,모요와 제휴되지 않은 통신사입니다. 요금제 가입 과정에 문제가 생겨도 모요에서 도와드릴 수 없어요.,LTE,7.0,,7.0,False,1Mbps,,,,,unsupported,False,0,,False,0,36300,12100,모요 프로모션 할인,7,0,0,,,,,,10,https://www.moyoplan.com/plans/33852,2026-08-11T01:43:06.687727+00:00
MVNO,SKT,SK7모바일,29846,29846,official_code,LTE 유심 (6GB/2000분),,moyo,True,,모요와 제휴되지 않은 통신사입니다. 요금제 가입 과정에 문제가 생겨도 모요에서 도와드릴 수 없어요.,LTE,6.0,,6.0,False,,,,,,unsupported,False,2000,,False,2000,9900,9900,,,0,0,,,,,,11,https://www.moyoplan.com/plans/29846,2026-08-11T01:43:06.687727+00:00
MVNO,SKT,SK7모바일,29847,29847,official_code,번개 유심 (6GB/2000분),,moyo,True,,모요와 제휴되지 않은 통신사입니다. 요금제 가입 과정에 문제가 생겨도 모요에서 도와드릴 수 없어요.,LTE,6.0,,6.0,False,,,,,,unsupported,False,2000,,False,2000,9900,9900,,,0,0,,,,,,10,https://www.moyoplan.com/plans/29847,2026-08-11T01:43:06.687727+00:00
MVNO,LGU+,프리티,16037,16037,official_code,이마트24_Grande+,,moyo,True,,모요와 제휴되지 않은 통신사입니다. 요금제 가입 과정에 문제가 생겨도 모요에서 도와드릴 수 없어요.,LTE,5.0,,5.0,False,,,,,,undisclosed,False,240,,False,240,9900,9900,,,0,0,,,,,,10,https://www.moyoplan.com/plans/16037,2026-08-11T01:43:06.687727+00:00
MVNO,SKT,프리티,34671,34671,official_code,NH프리덤7G+1M,,moyo,True,,모요와 제휴되지 않은 통신사입니다. 요금제 가입 과정에 문제가 생겨도 모요에서 도와드릴 수 없어요.,LTE,7.0,,7.0,False,1Mbps,,,,,unsupported,False,0,,False,0,29700,12100,모요 프로모션 할인,7,0,0,,,,,,15,https://www.moyoplan.com/plans/34671,2026-08-11T01:43:06.687727+00:00
MVNO,SKT,SK7모바일,29853,29853,official_code,LTE 안심차단 (5GB/1000분),,moyo,True,,모요와 제휴되지 않은 통신사입니다. 요금제 가입 과정에 문제가 생겨도 모요에서 도와드릴 수 없어요.,LTE,5.0,,5.0,False,,,,,,unsupported,False,1000,,False,1000,7900,7900,,,0,0,,,,,,32,https://www.moyoplan.com/plans/29853,2026-08-11T01:43:06.687727+00:00
MVNO,KT,프리티,35913,35913,official_code,CGV 1+1 7G+1M,,moyo,True,,모요와 제휴되지 않은 통신사입니다. 요금제 가입 과정에 문제가 생겨도 모요에서 도와드릴 수 없어요.,LTE,1.0,,1.0,False,1Mbps,,,,,unsupported,False,0,,False,0,32340,12980,모요 프로모션 할인,7,0,0,,,,,,25,https://www.moyoplan.com/plans/35913,2026-08-11T01:43:06.687727+00:00
MVNO,SKT,SK7모바일,29751,29751,official_code,FLO 유심 (11GB+/통화맘껏),,moyo,True,,모요와 제휴되지 않은 통신사입니다. 요금제 가입 과정에 문제가 생겨도 모요에서 도와드릴 수 없어요.,LTE,11.0,,11.0,False,3Mbps,2.0,,,,unsupported,True,,,True,,39300,39300,,,0,0,,,,,,12,https://www.moyoplan.com/plans/29751,2026-08-11T01:43:06.687727+00:00
MVNO,SKT,SK7모바일,29792,29792,official_code,10% 포인트 (10GB+/통화맘껏),,moyo,True,,모요와 제휴되지 않은 통신사입니다. 요금제 가입 과정에 문제가 생겨도 모요에서 도와드릴 수 없어요.,LTE,10.0,,10.0,False,1Mbps,,,,,unsupported,True,,,True,,22000,22000,,,0,0,,,,,,13,https://www.moyoplan.com/plans/29792,2026-08-11T01:43:06.687727+00:00
MVNO,SKT,SK7모바일,29749,29749,official_code,5G 유심 (37GB+/통화맘껏),,moyo,True,,모요와 제휴되지 않은 통신사입니다. 요금제 가입 과정에 문제가 생겨도 모요에서 도와드릴 수 없어요.,5G,37.0,,37.0,False,1Mbps,,,,,unsupported,True,,,True,,36700,36700,,,0,0,,,,,,30,https://www.moyoplan.com/plans/29749,2026-08-11T01:43:06.687727+00:00
MVNO,LGU+,프리티,27790,27790,official_code,예스24크레마클럽e북 구독 7G+1M,,moyo,True,,모요와 제휴되지 않은 통신사입니다. 요금제 가입 과정에 문제가 생겨도 모요에서 도와드릴 수 없어요.,LTE,7.0,,7.0,False,1Mbps,,,,,unsupported,False,0,,False,0,28820,12320,모요 프로모션 할인,7,0,0,,,,,,10,https://www.moyoplan.com/plans/27790,2026-08-11T01:43:06.687727+00:00
MVNO,SKT,SK7모바일,29837,29837,official_code,LTE 안심 (5GB+/1000분),,moyo,True,,모요와 제휴되지 않은 통신사입니다. 요금제 가입 과정에 문제가 생겨도 모요에서 도와드릴 수 없어요.,LTE,5.0,,5.0,False,400Kbps,,,,,unsupported,False,1000,,False,1000,10120,10120,,,0,0,,,,,,38,https://www.moyoplan.com/plans/29837,2026-08-11T01:43:06.687727+00:00
MVNO,SKT,SK7모바일,29793,29793,official_code,롯데시네마 (7GB+/통화맘껏),,moyo,True,,모요와 제휴되지 않은 통신사입니다. 요금제 가입 과정에 문제가 생겨도 모요에서 도와드릴 수 없어요.,LTE,7.0,,7.0,False,1Mbps,,,,,unsupported,True,,,True,,21600,21600,,,0,0,,,,,,18,https://www.moyoplan.com/plans/29793,2026-08-11T01:43:06.687727+00:00
MVNO,SKT,프리티,33883,33883,official_code,5G 더빠른200G+,,moyo,True,,모요와 제휴되지 않은 통신사입니다. 요금제 가입 과정에 문제가 생겨도 모요에서 도와드릴 수 없어요.,5G,200.0,,200.0,False,5Mbps,,,,,unsupported,False,0,,False,0,50750,50750,,,0,0,,,,,,40,https://www.moyoplan.com/plans/33883,2026-08-11T01:43:06.687727+00:00
MVNO,LGU+,프리티,32940,32940,official_code,프리티구독매일5G+5M(스타벅스금액권),,moyo,True,,모요와 제휴되지 않은 통신사입니다. 요금제 가입 과정에 문제가 생겨도 모요에서 도와드릴 수 없어요.,LTE,,,,False,5Mbps,5.0,,,,unsupported,False,0,,False,0,57200,31900,모요 프로모션 할인,7,0,0,,,,,,10,https://www.moyoplan.com/plans/32940,2026-08-11T01:43:06.687727+00:00
MVNO,KT,프리티,31432,31432,official_code,(5G)올리브영 200G+,,moyo,True,,모요와 제휴되지 않은 통신사입니다. 요금제 가입 과정에 문제가 생겨도 모요에서 도와드릴 수 없어요.,5G,200.0,,200.0,False,10Mbps,,,,,unsupported,False,0,,False,0,59400,33000,모요 프로모션 할인,7,0,0,,,,,,82,https://www.moyoplan.com/plans/31432,2026-08-11T01:43:06.687727+00:00
MVNO,KT,프리티,31926,31926,official_code,(5G)다이소 200G+,,moyo,True,,모요와 제휴되지 않은 통신사입니다. 요금제 가입 과정에 문제가 생겨도 모요에서 도와드릴 수 없어요.,5G,200.0,,200.0,False,10Mbps,,,,,unsupported,False,0,,False,0,59400,33000,모요 프로모션 할인,7,0,0,,,,,,63,https://www.moyoplan.com/plans/31926,2026-08-11T01:43:06.687727+00:00
MVNO,SKT,SK7모바일,29848,29848,official_code,5G 유심 (5GB/1000분),,moyo,True,,모요와 제휴되지 않은 통신사입니다. 요금제 가입 과정에 문제가 생겨도 모요에서 도와드릴 수 없어요.,5G,5.0,,5.0,False,,,,,,unsupported,False,1000,,False,100,8900,8900,,,0,0,,,,,,27,https://www.moyoplan.com/plans/29848,2026-08-11T01:43:06.687727+00:00
MVNO,LGU+,프리티,35897,35897,official_code,프리티구독매일5G+5M(대한항공 기프트카드),,moyo,True,,모요와 제휴되지 않은 통신사입니다. 요금제 가입 과정에 문제가 생겨도 모요에서 도와드릴 수 없어요.,LTE,,,,False,5Mbps,5.0,,,,unsupported,False,0,,False,0,44000,38500,모요 프로모션 할인,7,0,0,,,,,,10,https://www.moyoplan.com/plans/35897,2026-08-11T01:43:06.687727+00:00
MVNO,SKT,프리티,35901,35901,official_code,프리티구독 100G+5M(대한항공 기프트카드),,moyo,True,,모요와 제휴되지 않은 통신사입니다. 요금제 가입 과정에 문제가 생겨도 모요에서 도와드릴 수 없어요.,LTE,100.0,,100.0,False,5Mbps,,,,,unsupported,False,0,,False,0,44000,38500,모요 프로모션 할인,7,0,0,,,,,,11,https://www.moyoplan.com/plans/35901,2026-08-11T01:43:06.687727+00:00
MVNO,KT,프리티,15947,15947,official_code,(5G)더빠른200G+,,moyo,True,,모요와 제휴되지 않은 통신사입니다. 요금제 가입 과정에 문제가 생겨도 모요에서 도와드릴 수 없어요.,5G,200.0,,200.0,False,10Mbps,,,,,unsupported,False,0,,False,0,57200,30800,모요 프로모션 할인,7,0,0,,,,,,204,https://www.moyoplan.com/plans/15947,2026-08-11T01:43:06.687727+00:00
MVNO,SKT,SK7모바일,29743,29743,official_code,5G 유심 (99GB+/통화맘껏),,moyo,True,,모요와 제휴되지 않은 통신사입니다. 요금제 가입 과정에 문제가 생겨도 모요에서 도와드릴 수 없어요.,5G,99.0,,99.0,False,1Mbps,,,,,unsupported,True,,,True,,40900,40900,,,0,0,,,,,,15,https://www.moyoplan.com/plans/29743,2026-08-11T01:43:06.687727+00:00
MVNO,SKT,SK7모바일,29787,29787,official_code,[Online] CMLink (10GB+),,moyo,True,,모요와 제휴되지 않은 통신사입니다. 요금제 가입 과정에 문제가 생겨도 모요에서 도와드릴 수 없어요.,LTE,10.0,,10.0,False,1Mbps,,,,,unsupported,True,,,True,,24700,24700,,,0,0,,,,,,14,https://www.moyoplan.com/plans/29787,2026-08-11T01:43:06.687727+00:00
MVNO,SKT,프리티,33878,33878,official_code,프리티구독11G+3M(스타벅스금액권),,moyo,True,,모요와 제휴되지 않은 통신사입니다. 요금제 가입 과정에 문제가 생겨도 모요에서 도와드릴 수 없어요.,LTE,11.0,,11.0,False,3Mbps,2.0,,,,unsupported,False,0,,False,0,49500,25300,모요 프로모션 할인,7,0,0,,,,,,16,https://www.moyoplan.com/plans/33878,2026-08-11T01:43:06.687727+00:00
MVNO,SKT,프리티,35488,35488,official_code,프리티 글로벌통화 300 7G+,,moyo,True,,모요와 제휴되지 않은 통신사입니다. 요금제 가입 과정에 문제가 생겨도 모요에서 도와드릴 수 없어요.,LTE,7.0,,7.0,False,1Mbps,,,,,unsupported,False,0,,False,0,35200,22550,모요 프로모션 할인,24,0,0,,,,,,10,https://www.moyoplan.com/plans/35488,2026-08-11T01:43:06.687727+00:00
MVNO,SKT,SK7모바일,29841,29841,official_code,10% 포인트 (4GB/200분),,moyo,True,,모요와 제휴되지 않은 통신사입니다. 요금제 가입 과정에 문제가 생겨도 모요에서 도와드릴 수 없어요.,LTE,4.0,,4.0,False,,,,,,unsupported,False,200,,False,100,11220,11220,,,0,0,,,,,,10,https://www.moyoplan.com/plans/29841,2026-08-11T01:43:06.687727+00:00
MVNO,LGU+,프리티,32943,32943,official_code,프리티구독11G+3M(스타벅스금액권),,moyo,True,,모요와 제휴되지 않은 통신사입니다. 요금제 가입 과정에 문제가 생겨도 모요에서 도와드릴 수 없어요.,LTE,11.0,,11.0,False,3Mbps,2.0,,,,unsupported,False,0,,False,0,49500,26400,모요 프로모션 할인,7,0,0,,,,,,20,https://www.moyoplan.com/plans/32943,2026-08-11T01:43:06.687727+00:00
MVNO,SKT,SK7모바일,29746,29746,official_code,5G 유심 (54GB+/통화맘껏),,moyo,True,,모요와 제휴되지 않은 통신사입니다. 요금제 가입 과정에 문제가 생겨도 모요에서 도와드릴 수 없어요.,5G,54.0,,54.0,False,1Mbps,,,,,unsupported,True,,,True,,37900,37900,,,0,0,,,,,,45,https://www.moyoplan.com/plans/29746,2026-08-11T01:43:06.687727+00:00
MVNO,SKT,SK7모바일,35798,35798,official_code,5G 안심 (6GB+/2000분),,moyo,True,,모요와 제휴되지 않은 통신사입니다. 요금제 가입 과정에 문제가 생겨도 모요에서 도와드릴 수 없어요.,5G,6.0,,6.0,False,400Kbps,,,,,unsupported,False,2000,,False,2000,11900,11900,,,0,0,,,,,,26,https://www.moyoplan.com/plans/35798,2026-08-11T01:43:06.687727+00:00
MVNO,SKT,프리티,33851,33851,official_code,음성기본1G+1M,,moyo,True,,모요와 제휴되지 않은 통신사입니다. 요금제 가입 과정에 문제가 생겨도 모요에서 도와드릴 수 없어요.,LTE,1.0,,1.0,False,1Mbps,,,,,unsupported,False,0,,False,0,13750,13750,,,0,0,,,,,,28,https://www.moyoplan.com/plans/33851,2026-08-11T01:43:06.687727+00:00
MVNO,LGU+,프리티,35896,35896,official_code,프리티구독11G+3M(대한항공 기프트카드),,moyo,True,,모요와 제휴되지 않은 통신사입니다. 요금제 가입 과정에 문제가 생겨도 모요에서 도와드릴 수 없어요.,LTE,11.0,,11.0,False,3Mbps,2.0,,,,unsupported,False,0,,False,0,38500,33000,모요 프로모션 할인,7,0,0,,,,,,10,https://www.moyoplan.com/plans/35896,2026-08-11T01:43:06.687727+00:00
MVNO,SKT,프리티,35900,35900,official_code,프리티구독 11G+3M(대한항공 기프트카드),,moyo,True,,모요와 제휴되지 않은 통신사입니다. 요금제 가입 과정에 문제가 생겨도 모요에서 도와드릴 수 없어요.,LTE,11.0,,11.0,False,3Mbps,2.0,,,,unsupported,False,0,,False,0,38500,33000,모요 프로모션 할인,7,0,0,,,,,,10,https://www.moyoplan.com/plans/35900,2026-08-11T01:43:06.687727+00:00
MVNO,SKT,SK7모바일,29747,29747,official_code,[Online] CMLink (11GB+),,moyo,True,,모요와 제휴되지 않은 통신사입니다. 요금제 가입 과정에 문제가 생겨도 모요에서 도와드릴 수 없어요.,LTE,11.0,,11.0,False,3Mbps,2.0,,,,unsupported,True,,,True,,41200,41200,,,0,0,,,,,,10,https://www.moyoplan.com/plans/29747,2026-08-11T01:43:06.687727+00:00
MVNO,SKT,SK7모바일,29826,29826,official_code,LTE 유심 (3GB+/200분),,moyo,True,,모요와 제휴되지 않은 통신사입니다. 요금제 가입 과정에 문제가 생겨도 모요에서 도와드릴 수 없어요.,LTE,3.0,,3.0,False,1Mbps,,,,,unsupported,False,200,,False,100,13860,13860,,,0,0,,,,,,10,https://www.moyoplan.com/plans/29826,2026-08-11T01:43:06.687727+00:00
MVNO,SKT,SK7모바일,29827,29827,official_code,번개 유심 (3GB+/200분),,moyo,True,,모요와 제휴되지 않은 통신사입니다. 요금제 가입 과정에 문제가 생겨도 모요에서 도와드릴 수 없어요.,LTE,3.0,,3.0,False,1Mbps,,,,,unsupported,False,200,,False,100,13860,13860,,,0,0,,,,,,10,https://www.moyoplan.com/plans/29827,2026-08-11T01:43:06.687727+00:00
MVNO,LGU+,프리티,19626,19626,official_code,데이터안심무제한6G+,,moyo,True,,모요와 제휴되지 않은 통신사입니다. 요금제 가입 과정에 문제가 생겨도 모요에서 도와드릴 수 없어요.,LTE,6.0,,6.0,False,1Mbps,,,,,unsupported,False,0,,False,0,16940,16940,,,0,0,,,,,,10,https://www.moyoplan.com/plans/19626,2026-08-11T01:43:06.687727+00:00
MVNO,SKT,프리티,33882,33882,official_code,(5G)더빠른99G+1M,,moyo,True,,모요와 제휴되지 않은 통신사입니다. 요금제 가입 과정에 문제가 생겨도 모요에서 도와드릴 수 없어요.,5G,99.0,,99.0,False,1Mbps,,,,,unsupported,False,0,,False,0,45100,45100,,,0,0,,,,,,14,https://www.moyoplan.com/plans/33882,2026-08-11T01:43:06.687727+00:00
MVNO,SKT,프리티,33861,33861,official_code,프리티구독7G+1M(스타벅스금액권),,moyo,True,,모요와 제휴되지 않은 통신사입니다. 요금제 가입 과정에 문제가 생겨도 모요에서 도와드릴 수 없어요.,LTE,7.0,,7.0,False,1Mbps,,,,,unsupported,False,0,,False,0,34100,18700,모요 프로모션 할인,7,0,0,,,,,,10,https://www.moyoplan.com/plans/33861,2026-08-11T01:43:06.687727+00:00
MVNO,SKT,SK7모바일,29823,29823,official_code,10% 포인트 (3GB+/200분),,moyo,True,,모요와 제휴되지 않은 통신사입니다. 요금제 가입 과정에 문제가 생겨도 모요에서 도와드릴 수 없어요.,LTE,3.0,,3.0,False,1Mbps,,,,,unsupported,False,200,,False,100,15180,15180,,,0,0,,,,,,10,https://www.moyoplan.com/plans/29823,2026-08-11T01:43:06.687727+00:00
MVNO,SKT,SK7모바일,29821,29821,official_code,LTE 유심 (6GB+/1000분),,moyo,True,,모요와 제휴되지 않은 통신사입니다. 요금제 가입 과정에 문제가 생겨도 모요에서 도와드릴 수 없어요.,LTE,6.0,,6.0,False,1Mbps,,,,,unsupported,False,1000,,False,100,15400,15400,,,0,0,,,,,,10,https://www.moyoplan.com/plans/29821,2026-08-11T01:43:06.687727+00:00
MVNO,LGU+,프리티,32941,32941,official_code,프리티구독7G+1M(스타벅스금액권),,moyo,True,,모요와 제휴되지 않은 통신사입니다. 요금제 가입 과정에 문제가 생겨도 모요에서 도와드릴 수 없어요.,LTE,7.0,,7.0,False,1Mbps,,,,,unsupported,False,0,,False,0,34100,22000,모요 프로모션 할인,7,0,0,,,,,,10,https://www.moyoplan.com/plans/32941,2026-08-11T01:43:06.687727+00:00
MVNO,SKT,SK7모바일,29742,29742,official_code,[Online] 5G CMLink (24GB+),,moyo,True,,모요와 제휴되지 않은 통신사입니다. 요금제 가입 과정에 문제가 생겨도 모요에서 도와드릴 수 없어요.,5G,24.0,,24.0,False,1Mbps,,,,,unsupported,True,,,True,,44550,44550,,,0,0,,,,,,10,https://www.moyoplan.com/plans/29742,2026-08-11T01:43:06.687727+00:00
